common_id,name,address_pref,address_city,address_detail,contact,flood,landslide,storm_surge,earthquake,tsunami,large_fire,inland_flood,volcano,shelter_overlap,capacity,capacity_basis,notes,changed,new,address,gsi_common_id,latitude,longitude,coordinate_join_method
E3820100001201,愛光公園,愛媛県,松山市愛光町,395-1,,,1,1,1,1,,,,,1400,1.0,,,,愛媛県松山市愛光町395-1,E3820100001201,33.84643801,132.7497798,matched_by_id
E3820100002201,松山商業高等学校グラウンド,愛媛県,松山市旭町,71,(089)941-3751,,1,1,1,1,,,,1,13854,1.0,,,,愛媛県松山市旭町71,E3820100002201,33.84001712,132.7773883,matched_by_id
E3820100004201,安岡避難地,愛媛県,松山市安岡甲,64,,1,1,1,1,1,,,,,12500,1.0,,,,愛媛県松山市安岡甲64,E3820100004201,33.93346794,132.7747488,matched_by_id
E3820100006201,安城寺西公園,愛媛県,松山市安城寺町,1334-1,,,1,1,1,1,,,,,1400,1.0,,,,愛媛県松山市安城寺町1334-1,E3820100006201,33.88165353,132.7408482,matched_by_id
E3820100009201,久枝小学校グラウンド,愛媛県,松山市安城寺町,586-1,(089)925-4437,,1,1,1,1,,,,1,9311,1.0,,,,愛媛県松山市安城寺町586-1,E3820100009201,33.87019803,132.7395465,matched_by_id
E3820100010201,学校法人愛光学園グラウンド,愛媛県,松山市衣山,5-1610-1,(089)922-8980,1,,1,1,1,,,,1,47550,1.0,,,,愛媛県松山市衣山5-1610-1,E3820100010201,33.84520539,132.7350722,matched_by_id
E3820100014201,松山中央高等学校グラウンド,愛媛県,松山市井門町,1220,(089)957-1022,,1,1,1,1,,,,1,24186,1.0,,,,愛媛県松山市井門町1220,E3820100014201,33.80012386,132.7682185,matched_by_id
E3820100016201,三島公園,愛媛県,松山市井門町,934,,,1,1,1,1,,,,,2700,1.0,,,,愛媛県松山市井門町934,E3820100016201,33.79171139,132.783443,matched_by_id
E3820100021201,石井東小学校グラウンド,愛媛県,松山市越智,1-3-35,(089)957-7545,,1,1,1,1,,,,1,9180,1.0,,,,愛媛県松山市越智1-3-35,E3820100021201,33.80769579,132.7870463,matched_by_id
E3820100023201,越智公園,愛媛県,松山市越智３－２２１－１外,,,,1,1,1,1,,,,,2300,1.0,,,,愛媛県松山市越智３－２２１－１外,E3820100023201,33.81036808,132.7802465,matched_by_id
E3820100025201,立岩小学校グラウンド,愛媛県,松山市猿川原甲,49,(089)996-0221,1,1,1,1,1,,,,1,5813,1.0,,,,愛媛県松山市猿川原甲49,E3820100025201,33.97546757,132.8358154,matched_by_id
E3820100031201,旭中学校グラウンド,愛媛県,松山市下伊台町,1105-1,(089)977-4362,,1,1,1,1,,,,1,8976,1.0,,,,愛媛県松山市下伊台町1105-1,E3820100031201,33.87387799,132.8025546,matched_by_id
E3820100034201,伊台小学校グラウンド,愛媛県,松山市下伊台町,1438-1,(089)977-0201,,,1,1,1,,,,1,8070,1.0,,,,愛媛県松山市下伊台町1438-1,E3820100034201,33.878151434945,132.79856139254,matched_by_id
E3820100036201,伊台保育園グラウンド,愛媛県,松山市下伊台町,1493-1,(089)977-0335,1,1,1,1,1,,,,1,202,1.0,,,,愛媛県松山市下伊台町1493-1,E3820100036201,33.87786589,132.7991308,matched_by_id
E3820100037201,向陽第２公園,愛媛県,松山市下伊台町,489-102,,1,,1,1,1,,,,,1500,1.0,,,,愛媛県松山市下伊台町489-102,E3820100037201,33.87518635,132.8096238,matched_by_id
E3820100042201,北条公園（法橋運動広場）,愛媛県,松山市下難波甲,18-10,,,1,,1,1,,,,,21700,1.0,,,,愛媛県松山市下難波甲18-10,E3820100042201,33.9835598,132.7736915,matched_by_id
E3820100045201,日浦中学校グラウンド,愛媛県,松山市河中町,188-1,(089)977-5822,1,1,1,1,1,,,,1,3862,1.0,,,,愛媛県松山市河中町188-1,E3820100045201,33.90178287,132.8708725,matched_by_id
E3820100047201,日浦小学校グラウンド,愛媛県,松山市河中町甲,79-2,(089)977-2798,1,,1,1,1,,,,1,6565,1.0,,,,愛媛県松山市河中町甲79-2,E3820100047201,33.90115037,132.8720182,matched_by_id
E3820100050201,河野中須賀緑地,愛媛県,松山市河野中須賀,316-2,,,1,,1,,,,,,200,1.0,,,,愛媛県松山市河野中須賀316-2,E3820100050201,33.94512929,132.7678692,matched_by_id
E3820100051201,北条南中学校グラウンド,愛媛県,松山市河野別府,12,(089)994-0230,,,1,1,1,,,,1,22895,1.0,,,,愛媛県松山市河野別府12,E3820100051201,33.94629316,132.7804368,matched_by_id
E3820100055201,河野別府公園（北条文化の森公園）,愛媛県,松山市河野別府,921-1,,1,1,1,1,1,,,,,64500,1.0,,,,愛媛県松山市河野別府921-1,E3820100055201,33.957390973022,132.78120240704,matched_by_id
E3820100058201,会津公園,愛媛県,松山市会津町,11-6,,,1,,1,,,,,,2100,1.0,,,,愛媛県松山市会津町11-6,E3820100058201,33.86311106,132.7259963,matched_by_id
E3820100059201,すみれ公園,愛媛県,松山市会津町,16-16,,,1,,1,,,,,,600,1.0,,,,愛媛県松山市会津町16-16,E3820100059201,33.86366341,132.7281126,matched_by_id
E3820100060201,鴨川中学校グラウンド,愛媛県,松山市鴨川,2-7-19,(089)924-9041,,1,1,1,1,,,,1,6700,1.0,,,,愛媛県松山市鴨川2-7-19,E3820100060201,33.87348578,132.7505726,matched_by_id
E3820100061201,鴨川公園,愛媛県,松山市鴨川,3-1041-1,,1,1,1,1,1,,,,,2500,1.0,,,,愛媛県松山市鴨川3-1041-1,E3820100061201,33.87425029,132.7493929,matched_by_id
E3820100062201,萱町公園,愛媛県,松山市萱町,5-10-1,,,1,1,1,1,,,,,1400,1.0,,,,愛媛県松山市萱町5-10-1,E3820100062201,33.85042199,132.7566385,matched_by_id
E3820100064201,吉藤公園,愛媛県,松山市吉藤,2-481-1,,1,1,1,1,1,,,,,800,1.0,,,,愛媛県松山市吉藤2-481-1,E3820100064201,33.86936626,132.7590802,matched_by_id
E3820100066201,潮見小学校グラウンド,愛媛県,松山市吉藤,4-7-13,(089)978-0543,,1,1,1,1,,,,1,5234,1.0,,,,愛媛県松山市吉藤4-7-13,E3820100066201,33.87364451,132.7548337,matched_by_id
E3820100069201,松山少年鑑別所敷地内駐車場,愛媛県,松山市吉野町,3860,,1,1,1,1,1,,,,,970,1.0,,,,愛媛県松山市吉野町3860,E3820100069201,33.86059884887,132.73403318286,matched_by_id
E3820100071201,坂本幼稚園グラウンド,愛媛県,松山市久谷町,24,(089)963-1154,,1,1,1,1,,,,1,895,1.0,,,,愛媛県松山市久谷町24,E3820100071201,33.74942514,132.8250742,matched_by_id
E3820100072201,坂本小学校グラウンド,愛媛県,松山市久谷町,30,(089)963-1054,,1,1,1,1,,,,1,4500,1.0,,,,愛媛県松山市久谷町30,E3820100072201,33.74905182,132.8258733,matched_by_id
E3820100073201,山口公園,愛媛県,松山市久谷町６１５－１外,,,1,,1,1,1,,,,,2100,1.0,,,,愛媛県松山市久谷町６１５－１外,E3820100073201,33.73565066,132.8309003,matched_by_id
E3820100076201,奥久谷公園,愛媛県,松山市久谷町乙,1067-1,,1,1,1,1,1,,,,,8000,1.0,,,,愛媛県松山市久谷町乙1067-1,E3820100076201,33.72368989,132.8414387,matched_by_id
E3820100079201,窪田小学校グラウンド,愛媛県,松山市久米窪田町,307,(089)970-1533,,1,1,1,1,,,,1,8370,1.0,,,,愛媛県松山市久米窪田町307,E3820100079201,33.80127305,132.816471,matched_by_id
E3820100081201,北窪田公園,愛媛県,松山市久米窪田町,938-1,,,1,1,1,1,,,,,1800,1.0,,,,愛媛県松山市久米窪田町938-1,E3820100081201,33.80687401,132.8111239,matched_by_id
E3820100083201,久保公園,愛媛県,松山市久保,399-1,,,1,,1,,,,,,1900,1.0,,,,愛媛県松山市久保399-1,E3820100083201,33.93977683,132.7657698,matched_by_id
E3820100085201,学校法人松山聖陵学園松山聖陵高等学校グラウンド,愛媛県,松山市久万ノ台,1112,(089)924-8783,1,1,1,1,1,,,,1,13434,1.0,,,,愛媛県松山市久万ノ台1112,E3820100085201,33.85678964,132.7411481,matched_by_id
E3820100086201,松山盲学校グラウンド,愛媛県,松山市久万ノ台,112,(089)922-3655,,1,1,1,1,,,,1,5510,1.0,,,,愛媛県松山市久万ノ台112,E3820100086201,33.856428846184,132.74916703068,matched_by_id
E3820100087201,久万ノ台緑地,愛媛県,松山市久万ノ台,1421-1,,1,1,1,1,1,,,,,12000,1.0,,,,愛媛県松山市久万ノ台1421-1,E3820100087201,33.85777675,132.7373549,matched_by_id
E3820100088201,松山西中等教育学校グラウンド,愛媛県,松山市久万ノ台,1485-4,(089)922-8931,1,1,1,1,1,,,,1,21807,1.0,,,,愛媛県松山市久万ノ台1485-4,E3820100088201,33.85993135,132.7375535,matched_by_id
E3820100089201,松山大学久万ノ台グラウンド,愛媛県,松山市久万ノ台,1644,,1,1,1,1,1,,,,,46200,1.0,,,,愛媛県松山市久万ノ台1644,E3820100089201,33.86474775,132.7376076,matched_by_id
E3820100091201,久万ノ台公園,愛媛県,松山市久万ノ台乙１７４９－１外,,,1,1,1,1,1,,,,,11300,1.0,,,,愛媛県松山市久万ノ台乙１７４９－１外,E3820100091201,33.8604024,132.7388951,matched_by_id
E3820100092201,味酒小学校グラウンド,愛媛県,松山市宮西,2-2-21,(089)925-1447,,1,1,1,1,,,,1,5503,1.0,,,,愛媛県松山市宮西2-2-21,E3820100092201,33.84763794,132.7533506,matched_by_id
E3820100094201,河野小学校グラウンド,愛媛県,松山市宮内甲,9-1,(089)993-0160,,1,1,1,1,,,,1,7886,1.0,,,,愛媛県松山市宮内甲9-1,E3820100094201,33.95048211,132.7855949,matched_by_id
E3820100097201,椿公園,愛媛県,松山市居相,4-274-4,,,1,1,1,1,,,,,1000,1.0,,,,愛媛県松山市居相4-274-4,E3820100097201,33.80880115,132.7720277,matched_by_id
E3820100099201,空港通１，２公園,愛媛県,松山市空港通１－２４７外,,,,1,1,1,1,,,,,4000,1.0,,,,愛媛県松山市空港通１－２４７外,E3820100099201,33.8274808,132.7503708,matched_by_id
E3820100100201,済美平成中等教育学校グラウンド,愛媛県,松山市空港通,5-6-3,(089)965-1551,,1,1,1,1,,,,1,16025,1.0,,,,愛媛県松山市空港通5-6-3,E3820100100201,33.82679938,132.7331803,matched_by_id
E3820100103201,窪野公園,愛媛県,松山市窪野町甲,295-1,,1,,1,1,1,,,,,2400,1.0,,,,愛媛県松山市窪野町甲295-1,E3820100103201,33.74042768,132.8382987,matched_by_id
E3820100107201,松山東雲女子大学・短期大学グラウンド,愛媛県,松山市桑原,3-2-1,(089)931-6211,1,1,1,1,1,,,,1,3848,1.0,,,,愛媛県松山市桑原3-2-1,E3820100107201,33.83288688,132.7965033,matched_by_id
E3820100108201,桑原小学校グラウンド,愛媛県,松山市桑原,3-7-27,(089)945-5051,,1,1,1,1,,,,1,8105,1.0,,,,愛媛県松山市桑原3-7-27,E3820100108201,33.83471669,132.7946,matched_by_id
E3820100109201,桑原保育園グラウンド,愛媛県,松山市桑原,4-10-22,(089)931-0828,1,1,1,1,1,,,,1,707,1.0,,,,愛媛県松山市桑原4-10-22,E3820100109201,33.83247794,132.7945902,matched_by_id
E3820100110201,経石山公園,愛媛県,松山市桑原４－４０８外,,,1,1,1,1,1,,,,,1200,1.0,,,,愛媛県松山市桑原４－４０８外,E3820100110201,33.83061868,132.7940325,matched_by_id
E3820100112201,恵原公園,愛媛県,松山市恵原町甲,445-1,,1,1,1,1,1,,,,,2100,1.0,,,,愛媛県松山市恵原町甲445-1,E3820100112201,33.76592346,132.8092623,matched_by_id
E3820100116201,権現公園,愛媛県,松山市権現町甲１６２－１外,,,1,1,1,1,1,,,,,2000,1.0,,,,愛媛県松山市権現町甲１６２－１外,E3820100116201,33.90108433,132.7638115,matched_by_id
E3820100118201,怒和小学校グラウンド,愛媛県,松山市元怒和甲,8-2,(089)999-0234,1,,,1,,,,,1,2500,1.0,,,,愛媛県松山市元怒和甲8-2,E3820100118201,33.97296094,132.5490908,matched_by_id
E3820100119201,元怒和保育所グラウンド,愛媛県,松山市元怒和甲,925-1,(089)999-0001,1,,,1,1,,,,1,173,1.0,,,,愛媛県松山市元怒和甲925-1,E3820100119201,33.97541901,132.5427031,matched_by_id
E3820100120201,宮前公園,愛媛県,松山市古三津,1-1479-2,,,1,,1,,,,,,2900,1.0,,,,愛媛県松山市古三津1-1479-2,E3820100120201,33.85694053,132.7233844,matched_by_id
E3820100126201,古川公園,愛媛県,松山市古川西,2-1044-1,,,1,1,1,1,,,,,2500,1.0,,,,愛媛県松山市古川西2-1044-1,E3820100126201,33.80793499,132.7587037,matched_by_id
E3820100130201,古川南公園,愛媛県,松山市古川南３－７９２－２外,,,,1,1,1,1,,,,,1800,1.0,,,,愛媛県松山市古川南３－７９２－２外,E3820100130201,33.80495561,132.7638528,matched_by_id
E3820100131201,北古川公園,愛媛県,松山市古川北,1-135-1,,,1,1,1,1,,,,,1600,1.0,,,,愛媛県松山市古川北1-135-1,E3820100131201,33.81392043,132.7627644,matched_by_id
E3820100132201,つばき保育園グラウンド,愛媛県,松山市古川北,2-18-30,(089)956-7670,,1,1,1,1,,,,1,1714,1.0,,,,愛媛県松山市古川北2-18-30,E3820100132201,33.81282758,132.7627923,matched_by_id
E3820100133201,学校法人松山大学御幸キャンパスグラウンド,愛媛県,松山市御幸１－３２０－１外,,(089)926-7271,,,1,1,1,,,,1,30868,1.0,,,,愛媛県松山市御幸１－３２０－１外,E3820100133201,33.85501806,132.7655169,matched_by_id
E3820100136201,光洋台緑地Ｃ,愛媛県,松山市光洋台,1-68,,1,,1,1,1,,,,,300,1.0,,,,愛媛県松山市光洋台1-68,E3820100136201,33.92400512,132.764934,matched_by_id
E3820100137201,光洋台緑地Ａ,愛媛県,松山市光洋台,3-34,,1,,1,1,1,,,,,600,1.0,,,,愛媛県松山市光洋台3-34,E3820100137201,33.92071111,132.7621713,matched_by_id
E3820100138201,光洋台緑地Ｂ,愛媛県,松山市光洋台,7-58,,1,,1,1,1,,,,,2700,1.0,,,,愛媛県松山市光洋台7-58,E3820100138201,33.92309042,132.7617099,matched_by_id
E3820100139201,観月山公園,愛媛県,松山市港山町,2021,,1,,,1,1,,,,,2600,1.0,,,,愛媛県松山市港山町2021,E3820100139201,33.86871002,132.7154274,matched_by_id
E3820100143201,八白公園,愛媛県,松山市溝辺町甲,135,,1,1,1,1,1,,,,,3100,1.0,,,,愛媛県松山市溝辺町甲135,E3820100143201,33.84742287,132.8069588,matched_by_id
E3820100146201,神前公園,愛媛県,松山市溝辺町甲,437-4,,,1,1,1,1,,,,,2300,1.0,,,,愛媛県松山市溝辺町甲437-4,E3820100146201,33.85175897,132.8074828,matched_by_id
E3820100147201,湯山中学校グラウンド,愛媛県,松山市溝辺町甲,508-1,(089)977-0402,,,1,1,1,,,,1,8942,1.0,,,,愛媛県松山市溝辺町甲508-1,E3820100147201,33.85265926,132.8058222,matched_by_id
E3820100148201,小百合保育園グラウンド,愛媛県,松山市溝辺町甲,528,(089)977-0228,,1,1,1,1,,,,1,513,1.0,,,,愛媛県松山市溝辺町甲528,E3820100148201,33.85290874,132.8065088,matched_by_id
E3820100149201,溝辺公園,愛媛県,松山市溝辺町甲７２１－４外,,,1,,1,1,1,,,,,1800,1.0,,,,愛媛県松山市溝辺町甲７２１－４外,E3820100149201,33.85328465,132.8033225,matched_by_id
E3820100151201,たかい公園,愛媛県,松山市高井町１１０５外,,,,1,1,1,1,,,,,1800,1.0,,,,愛媛県松山市高井町１１０５外,E3820100151201,33.79525232,132.812292,matched_by_id
E3820100154201,西中学校グラウンド,愛媛県,松山市高岡町,409,(089)971-6226,,1,,1,1,,,,1,11564,1.0,,,,愛媛県松山市高岡町409,E3820100154201,33.82570951,132.7174712,matched_by_id
E3820100155201,高岡みなみ公園,愛媛県,松山市高岡町,46-1,,,1,1,1,1,,,,,1000,1.0,,,,愛媛県松山市高岡町46-1,E3820100155201,33.82597662,132.7243292,matched_by_id
E3820100157201,高岡中央公園,愛媛県,松山市高岡町５８２－５外,,,,1,1,1,1,,,,,1100,1.0,,,,愛媛県松山市高岡町５８２－５外,E3820100157201,33.83197286,132.7211807,matched_by_id
E3820100158201,生石小学校グラウンド,愛媛県,松山市高岡町,630-3,(089)972-1219,,1,1,1,1,,,,1,8981,1.0,,,,愛媛県松山市高岡町630-3,E3820100158201,33.83218201,132.71587,matched_by_id
E3820100159201,若宮公園,愛媛県,松山市高岡町,783-29,,,1,1,1,1,,,,,1400,1.0,,,,愛媛県松山市高岡町783-29,E3820100159201,33.83527803,132.7178298,matched_by_id
E3820100160201,高岡第一公園,愛媛県,松山市高岡町,835-1,,,1,1,1,1,,,,,2400,1.0,,,,愛媛県松山市高岡町835-1,E3820100160201,33.83175094,132.71394,matched_by_id
E3820100161201,生石保育園グラウンド,愛媛県,松山市高岡町,860-1,(089)972-0803,,1,,1,1,,,,1,248,1.0,,,,愛媛県松山市高岡町860-1,E3820100161201,33.83062292,132.7127646,matched_by_id
E3820100165201,ことひら公園,愛媛県,松山市高浜町４丁目乙,74,,1,,,1,1,,,,,500,1.0,,,,愛媛県松山市高浜町４丁目乙74,E3820100165201,33.88680659,132.7032121,matched_by_id
E3820100166201,高浜保育園グラウンド,愛媛県,松山市高浜町,6-1674,(089)951-0965,1,,,1,,,,,1,506,1.0,,,,愛媛県松山市高浜町6-1674,E3820100166201,33.89305823,132.7083056,matched_by_id
E3820100167201,高浜公園,愛媛県,松山市高浜町,6-2255-1,,1,,,1,,,,,,1000,1.0,,,,愛媛県松山市高浜町6-2255-1,E3820100167201,33.89521699,132.7076465,matched_by_id
E3820100168201,たかの夢公園,愛媛県,松山市高野町甲,76-4,,1,,1,1,1,,,,,1200,1.0,,,,愛媛県松山市高野町甲76-4,E3820100168201,33.85484919,132.8115722,matched_by_id
E3820100170201,八雲保育園グラウンド,愛媛県,松山市此花町,1-8,(089)941-9771,,1,1,1,1,,,,,1690,1.0,,,,愛媛県松山市此花町1-8,E3820100170201,33.84019015,132.7809061,matched_by_id
E3820100171201,今在家公園,愛媛県,松山市今在家３－３１３－１外,,,,1,1,1,1,,,,,2000,1.0,,,,愛媛県松山市今在家３－３１３－１外,E3820100171201,33.80460022,132.790841,matched_by_id
E3820100174201,三町三角公園,愛媛県,松山市三町,3-85-2,,,1,1,1,1,,,,,300,1.0,,,,愛媛県松山市三町3-85-2,E3820100174201,33.82392032,132.798015,matched_by_id
E3820100177201,八坂公園,愛媛県,松山市三番町,1-3-3,,,1,1,1,1,,,,,1400,1.0,,,,愛媛県松山市三番町1-3-3,E3820100177201,33.83718035,132.7729964,matched_by_id
E3820100178201,新玉公園,愛媛県,松山市三番町６－４－２１外,,,,1,1,1,1,,,,,1400,1.0,,,,愛媛県松山市三番町６－４－２１外,E3820100178201,33.8381426,132.7597269,matched_by_id
E3820100179201,山越保育園グラウンド,愛媛県,松山市山越,1-19-40,(089)925-9547,,1,1,1,1,,,,1,999,1.0,,,,愛媛県松山市山越1-19-40,E3820100179201,33.85633676,132.7554524,matched_by_id
E3820100180201,日分公園,愛媛県,松山市山越,1-531-12,,,1,1,1,1,,,,,1300,1.0,,,,愛媛県松山市山越1-531-12,E3820100180201,33.85676054,132.7583447,matched_by_id
E3820100181201,姫山小学校グラウンド,愛媛県,松山市山越,3-800,(089)927-0211,1,,1,1,1,,,,1,5488,1.0,,,,愛媛県松山市山越3-800,E3820100181201,33.86440788,132.7635238,matched_by_id
E3820100182201,愛媛大学山越運動場,愛媛県,松山市山越,4-11-10,,,1,1,1,1,,,,,60100,1.0,,,,愛媛県松山市山越4-11-10,E3820100182201,33.86216559,132.7544919,matched_by_id
E3820100183201,丁地公園,愛媛県,松山市山越,5-10-3,,,1,1,1,1,,,,,1600,1.0,,,,愛媛県松山市山越5-10-3,E3820100183201,33.86028398,132.7508023,matched_by_id
E3820100184201,山越公園,愛媛県,松山市山越,5-3-1,,,1,1,1,1,,,,,3100,1.0,,,,愛媛県松山市山越5-3-1,E3820100184201,33.860441,132.752969,matched_by_id
E3820100185201,高崎公園,愛媛県,松山市山越,6-13-1,,,1,1,1,1,,,,,3200,1.0,,,,愛媛県松山市山越6-13-1,E3820100185201,33.856821,132.750997,matched_by_id
E3820100186201,学校法人新田学園グラウンド,愛媛県,松山市山西町,663,(089)951-0188,,,,1,1,,,,1,34385,1.0,,,,愛媛県松山市山西町663,E3820100186201,33.85163489,132.7261571,matched_by_id
E3820100188201,山西公園,愛媛県,松山市山西町,909,,,1,,1,1,,,,,1200,1.0,,,,愛媛県松山市山西町909,E3820100188201,33.85410177,132.7227332,matched_by_id
E3820100189201,松山中央公園,愛媛県,松山市市坪西町６２５－１外,,,,1,1,1,1,1,,,,188202,1.0,,,,愛媛県松山市市坪西町６２５－１外,E3820100189201,33.80938,132.744676,matched_by_id
E3820100190201,椿中学校グラウンド,愛媛県,松山市市坪南,1-1-20,(089)957-8650,,1,1,1,1,,,,1,10021,1.0,,,,愛媛県松山市市坪南1-1-20,E3820100190201,33.80868393,132.7541525,matched_by_id
E3820100194201,枝松公園,愛媛県,松山市枝松４－２２９－１外,,,,1,1,1,1,,,,,2900,1.0,,,,愛媛県松山市枝松４－２２９－１外,E3820100194201,33.83129557,132.7860078,matched_by_id
E3820100195201,拓南中学校グラウンド,愛媛県,松山市枝松,5-4-39,(089)931-8518,,1,1,1,1,,,,1,10473,1.0,,,,愛媛県松山市枝松5-4-39,E3820100195201,33.82830368,132.783771,matched_by_id
E3820100196201,川附公園（福音公園）,愛媛県,松山市枝松,6-14-4,,,1,1,1,1,,,,,2500,1.0,,,,愛媛県松山市枝松6-14-4,E3820100196201,33.82445,132.784796,matched_by_id
E3820100197201,愛媛大学教育学部附属中学校グラウンド,愛媛県,松山市持田町,1-5-22,(089)913-7840,,1,1,1,1,,,,1,8000,1.0,,,,愛媛県松山市持田町1-5-22,E3820100197201,33.84190115,132.7825225,matched_by_id
E3820100197202,愛媛大学教育学部附属小学校グラウンド,愛媛県,松山市持田町,1-5-22,(089)913-7840,,1,1,1,1,,,,1,5000,1.0,,,,愛媛県松山市持田町1-5-22,E3820100197202,33.84350514,132.7837564,matched_by_id
E3820100198201,松山東高等学校グラウンド,愛媛県,松山市持田町,2-2-12,(089)943-0187,,1,1,1,1,,,,1,13405,1.0,,,,愛媛県松山市持田町2-2-12,E3820100198201,33.84220563,132.7788723,matched_by_id
E3820100199201,持田若宮公園,愛媛県,松山市持田町,3-250-1,,,1,1,1,1,,,,,900,1.0,,,,愛媛県松山市持田町3-250-1,E3820100199201,33.84437357,132.781522,matched_by_id
E3820100200201,泉団地緑地,愛媛県,松山市鹿峰１３６－２外,,,,1,1,1,1,,,,,600,1.0,,,,愛媛県松山市鹿峰１３６－２外,E3820100200201,33.93905791,132.7726577,matched_by_id
E3820100202201,粟井保育園グラウンド,愛媛県,松山市鹿峰,63-2,(089)994-0193,,1,1,1,1,,,,1,512,1.0,,,,愛媛県松山市鹿峰63-2,E3820100202201,33.936442475109,132.7735144472,matched_by_id
E3820100204201,三津浜中学校グラウンド,愛媛県,松山市若葉町,8-48,(089)951-0531,,1,,1,,,,,1,7193,1.0,,,,愛媛県松山市若葉町8-48,E3820100204201,33.85604567,132.7183327,matched_by_id
E3820100205201,三津住吉公園,愛媛県,松山市住吉２－９０－１外,,,,1,,1,,,,,,1300,1.0,,,,愛媛県松山市住吉２－９０－１外,E3820100205201,33.863645,132.716343,matched_by_id
E3820100206201,重信川緑地,愛媛県,松山市重信川河川敷,,,,1,1,1,1,1,,,,125500,1.0,,,,愛媛県松山市重信川河川敷,E3820100206201,33.78473989,132.8098342,matched_by_id
E3820100208201,祝谷公園,愛媛県,松山市祝谷４－８６９－１外,,,,,1,1,1,,,,,1900,1.0,,,,愛媛県松山市祝谷４－８６９－１外,E3820100208201,33.856577,132.777409,matched_by_id
E3820100211201,祝谷北公園,愛媛県,松山市祝谷６－１０９３－１外,,,1,,1,1,1,,,,,1400,1.0,,,,愛媛県松山市祝谷６－１０９３－１外,E3820100211201,33.86065722,132.776197,matched_by_id
E3820100215201,和気公民館勝岡分館グラウンド,愛媛県,松山市勝岡町,112,,,1,,1,,,,,1,1018,1.0,,,,愛媛県松山市勝岡町112,E3820100215201,33.89832845,132.7257726,matched_by_id
E3820100216201,太衛門公園,愛媛県,松山市勝岡町,181,,,1,,1,,,,,,5400,1.0,,,,愛媛県松山市勝岡町181,E3820100216201,33.8988622,132.7280714,matched_by_id
E3820100217201,六町公園,愛媛県,松山市勝岡町,238,,,1,,1,,,,,,2200,1.0,,,,愛媛県松山市勝岡町238,E3820100217201,33.90162053,132.7241929,matched_by_id
E3820100218201,内新田公園,愛媛県,松山市勝岡町,63,,,1,,1,,,,,,3300,1.0,,,,愛媛県松山市勝岡町63,E3820100218201,33.89736611,132.7303137,matched_by_id
E3820100221201,小栗公園,愛媛県,松山市小栗,6-202-1,,,1,1,1,1,,,,,2500,1.0,,,,愛媛県松山市小栗6-202-1,E3820100221201,33.82685381,132.7552119,matched_by_id
E3820100222201,素鵞小学校グラウンド,愛媛県,松山市小坂,1-4-48,(089)931-8796,,1,1,1,1,,,,1,7229,1.0,,,,愛媛県松山市小坂1-4-48,E3820100222201,33.83421725,132.7798746,matched_by_id
E3820100224201,小坂公園,愛媛県,松山市小坂,5-306-3,,,1,1,1,1,,,,,900,1.0,,,,愛媛県松山市小坂5-306-3,E3820100224201,33.82545125,132.7810031,matched_by_id
E3820100226201,小山田公園,愛媛県,松山市小山田甲３３１－１外,1,,1,,1,1,1,,,,,1000,1.0,,,,愛媛県松山市小山田甲３３１－１外1,E3820100226201,33.99163659,132.8439168,matched_by_id
E3820100233201,中島Ｂ＆Ｇ海洋センターグラウンド,愛媛県,松山市小浜甲,1101-1,(089)997-2211,1,,1,1,1,,,,1,3000,1.0,,,,愛媛県松山市小浜甲1101-1,E3820100233201,33.96620363,132.6286402,matched_by_id
E3820100238201,庄公園,愛媛県,松山市庄甲,291,,,1,1,1,1,,,,,1700,1.0,,,,愛媛県松山市庄甲291,E3820100238201,33.97190711,132.8023647,matched_by_id
E3820100242201,伊台本村公園,愛媛県,松山市上伊台町,181-3,,1,,1,1,1,,,,,1300,1.0,,,,愛媛県松山市上伊台町181-3,E3820100242201,33.886466,132.793357,matched_by_id
E3820100244201,道後中学校グラウンド,愛媛県,松山市上市,1-3-57,(089)921-4207,,1,1,1,1,,,,1,11285,1.0,,,,愛媛県松山市上市1-3-57,E3820100244201,33.84530121,132.7893687,matched_by_id
E3820100247201,県立総合運動公園,愛媛県,松山市上野町,,,1,1,1,1,1,1,,,,115794,1.0,,,,愛媛県松山市上野町,E3820100247201,33.76878309,132.7960291,matched_by_id
E3820100248201,上野町中組公園,愛媛県,松山市上野町,504-4,,1,1,1,1,1,,,,,1700,1.0,,,,愛媛県松山市上野町504-4,E3820100248201,33.77197594,132.8040489,matched_by_id
E3820100249201,上野団地公園,愛媛県,松山市上野町乙,107-17,,1,1,1,1,1,,,,,2100,1.0,,,,愛媛県松山市上野町乙107-17,E3820100249201,33.77503936,132.7983572,matched_by_id
E3820100250201,上野町今市公園,愛媛県,松山市上野町甲１４３４－２外,,,,1,1,1,1,,,,,1900,1.0,,,,愛媛県松山市上野町甲１４３４－２外,E3820100250201,33.77645413,132.809872,matched_by_id
E3820100251201,粟井小学校グラウンド,愛媛県,松山市常竹甲,100,(089)994-1016,,,1,1,1,,,,1,8276,1.0,,,,愛媛県松山市常竹甲100,E3820100251201,33.93409605,132.7760837,matched_by_id
E3820100253201,久谷中学校グラウンド,愛媛県,松山市浄瑠璃町,940,(089)963-1025,1,1,1,1,1,,,,1,9405,1.0,,,,愛媛県松山市浄瑠璃町940,E3820100253201,33.75860636,132.8188234,matched_by_id
E3820100254201,浄瑠璃公園,愛媛県,松山市浄瑠璃町甲,1040-4,,1,,1,1,1,,,,,3300,1.0,,,,愛媛県松山市浄瑠璃町甲1040-4,E3820100254201,33.75556962,132.8197648,matched_by_id
E3820100255201,湯山小学校グラウンド,愛媛県,松山市食場町甲,128,(089)977-0001,,,1,1,1,,,,1,5761,1.0,,,,愛媛県松山市食場町甲128,E3820100255201,33.86082877,132.8148064,matched_by_id
E3820100256201,湯山公園,愛媛県,松山市食場町甲３１６－２３外,,,1,,1,1,1,,,,,1400,1.0,,,,愛媛県松山市食場町甲３１６－２３外,E3820100256201,33.86265015,132.8152794,matched_by_id
E3820100257201,新浜公園,愛媛県,松山市新浜町１１４５－４外,,,1,1,,1,,,,,,2100,1.0,,,,愛媛県松山市新浜町１１４５－４外,E3820100257201,33.87362763,132.713874,matched_by_id
E3820100261201,浮穴小学校グラウンド,愛媛県,松山市森松町,832,(089)976-0143,,1,1,1,1,,,,1,11327,1.0,,,,愛媛県松山市森松町832,E3820100261201,33.79253482,132.7982332,matched_by_id
E3820100262201,森松本村公園,愛媛県,松山市森松町,847-1,,,1,1,1,1,,,,,2000,1.0,,,,愛媛県松山市森松町847-1,E3820100262201,33.79364941,132.7976668,matched_by_id
E3820100263201,南第二中学校グラウンド,愛媛県,松山市森松町,943,(089)957-5633,,1,1,1,1,,,,1,12660,1.0,,,,愛媛県松山市森松町943,E3820100263201,33.79595563,132.7923915,matched_by_id
E3820100264201,松山工業高等学校グラウンド,愛媛県,松山市真砂町,1,(089)931-8195,,1,1,1,1,,,,1,12273,1.0,,,,愛媛県松山市真砂町1,E3820100264201,33.83221767,132.7615597,matched_by_id
E3820100266201,三津浜幼稚園グラウンド,愛媛県,松山市神田町,1-41,(089)951-0831,,1,,1,,,,,1,1465,1.0,,,,愛媛県松山市神田町1-41,E3820100266201,33.8609669,132.7190167,matched_by_id
E3820100267201,針田公園,愛媛県,松山市針田町１０７－５外,,,,1,1,1,1,,,,,1100,1.0,,,,愛媛県松山市針田町１０７－５外,E3820100267201,33.82351598,132.7363038,matched_by_id
E3820100268201,たちばな小学校グラウンド,愛媛県,松山市針田町,209-1,(089)971-8410,,1,1,1,1,,,,1,12378,1.0,,,,愛媛県松山市針田町209-1,E3820100268201,33.82296491,132.7340215,matched_by_id
E3820100269201,西須賀公園,愛媛県,松山市須賀町,1-10,,,1,,1,,,,,,1400,1.0,,,,愛媛県松山市須賀町1-10,E3820100269201,33.85768218,132.7175721,matched_by_id
E3820100271201,小野公園,愛媛県,松山市水泥町,839,,,1,1,1,1,,,,,3100,1.0,,,,愛媛県松山市水泥町839,E3820100271201,33.8057847,132.8346795,matched_by_id
E3820100272201,五明幼稚園グラウンド,愛媛県,松山市菅沢町乙,45-4,(089)977-1630,1,,1,1,1,,,,1,474,1.0,,,,愛媛県松山市菅沢町乙45-4,E3820100272201,33.903311938887,132.81877092023,matched_by_id
E3820100272202,五明小学校グラウンド,愛媛県,松山市菅沢町乙,45-4,(089)977-2353,1,,1,1,1,,,,1,2630,1.0,,,,愛媛県松山市菅沢町乙45-4,E3820100272202,33.90319173,132.8188621,matched_by_id
E3820100277201,星ヶ岡公園（東山古墳公園）,愛媛県,松山市星岡町,,,,1,1,1,1,,,,,23100,1.0,,,,愛媛県松山市星岡町,E3820100277201,33.81483525775,132.7848807626,matched_by_id
E3820100278201,正円寺公園,愛媛県,松山市正円寺３－５４－４地内,,,1,1,1,1,1,,,,,2500,1.0,,,,愛媛県松山市正円寺３－５４－４地内,E3820100278201,33.8381456,132.8003325,matched_by_id
E3820100279201,三本柳公園（清住公園）,愛媛県,松山市清住,1-8-4,,,1,,1,,,,,,1400,1.0,,,,愛媛県松山市清住1-8-4,E3820100279201,33.85442282,132.71904,matched_by_id
E3820100281201,清水公園,愛媛県,松山市清水町,2-7-2,,,1,1,1,1,,,,,3100,1.0,,,,愛媛県松山市清水町2-7-2,E3820100281201,33.850132,132.762921,matched_by_id
E3820100282201,勝山中学校グラウンド,愛媛県,松山市清水町,3-148-2,(089)925-4005,,1,1,1,1,,,,1,9759,1.0,,,,愛媛県松山市清水町3-148-2,E3820100282201,33.85194334,132.7636833,matched_by_id
E3820100283201,清水小学校グラウンド,愛媛県,松山市清水町,3-15,(089)925-0205,,1,1,1,1,,,,1,6950,1.0,,,,愛媛県松山市清水町3-15,E3820100283201,33.85199769,132.7679934,matched_by_id
E3820100285201,西垣生公園,愛媛県,松山市西垣生町,1066-7,,,1,,1,1,,,,,700,1.0,,,,愛媛県松山市西垣生町1066-7,E3820100285201,33.81621887,132.7036237,matched_by_id
E3820100287201,住吉公園,愛媛県,松山市西垣生町,1369-1,,,1,,1,,,,,,1900,1.0,,,,愛媛県松山市西垣生町1369-1,E3820100287201,33.8105842,132.6992864,matched_by_id
E3820100288201,木の実幼稚園グラウンド,愛媛県,松山市西垣生町,1690-1,(089)973-1256,,1,,1,,,,,1,2890,1.0,,,,愛媛県松山市西垣生町1690-1,E3820100288201,33.81281531,132.6982064,matched_by_id
E3820100289201,大新田公園,愛媛県,松山市西垣生町,286,,,1,,1,,,,,,5400,1.0,,,,愛媛県松山市西垣生町286,E3820100289201,33.80868322,132.6996922,matched_by_id
E3820100290201,垣生中学校グラウンド,愛媛県,松山市西垣生町,418,(089)972-1226,,1,,1,1,,,,1,11143,1.0,,,,愛媛県松山市西垣生町418,E3820100290201,33.80917279,132.7060858,matched_by_id
E3820100291201,垣生小学校グラウンド,愛媛県,松山市西垣生町,730-1,(089)972-1239,,1,,1,1,,,,1,17779,1.0,,,,愛媛県松山市西垣生町730-1,E3820100291201,33.81365027,132.7058208,matched_by_id
E3820100293201,石井幼稚園グラウンド,愛媛県,松山市西石井,6-4-29,(089)956-0089,,1,1,1,1,,,,1,884,1.0,,,,愛媛県松山市西石井6-4-29,E3820100293201,33.81246776,132.7743209,matched_by_id
E3820100294201,石井保育園グラウンド,愛媛県,松山市西石井,6-4-34,(089)956-0849,,1,1,1,1,,,,1,1519,1.0,,,,愛媛県松山市西石井6-4-34,E3820100294201,33.81238886,132.7751928,matched_by_id
E3820100296201,西長戸東公園,愛媛県,松山市西長戸町１６３－２外,,,1,1,1,1,1,,,,,2400,1.0,,,,愛媛県松山市西長戸町１６３－２外,E3820100296201,33.86699572,132.7458287,matched_by_id
E3820100298201,みどり小学校グラウンド,愛媛県,松山市西長戸町,493-2,(089)926-0456,,1,1,1,1,,,,1,10473,1.0,,,,愛媛県松山市西長戸町493-2,E3820100298201,33.86630067,132.7399555,matched_by_id
E3820100299201,西長戸公園,愛媛県,松山市西長戸町,558,,1,1,1,1,1,,,,,2200,1.0,,,,愛媛県松山市西長戸町558,E3820100299201,33.86637535,132.7366967,matched_by_id
E3820100300201,西野公園,愛媛県,松山市西野町甲,441,,1,,1,1,1,,,,,1400,1.0,,,,愛媛県松山市西野町甲441,E3820100300201,33.76370423,132.8021323,matched_by_id
E3820100301201,青葉台公園,愛媛県,松山市青葉台,44,,1,1,1,1,1,,,,,2700,1.0,,,,愛媛県松山市青葉台44,E3820100301201,33.85773163,132.7342035,matched_by_id
E3820100302201,道後小学校グラウンド,愛媛県,松山市石手,4-10-5,(089)941-0228,,1,1,1,1,,,,1,4306,1.0,,,,愛媛県松山市石手4-10-5,E3820100302201,33.84498638,132.7917087,matched_by_id
E3820100303201,石手川緑地,愛媛県,松山市石手川河川敷,,,,1,1,1,1,1,,,,298400,1.0,,,,愛媛県松山市石手川河川敷,E3820100303201,33.82856506,132.7670261,matched_by_id
E3820100304201,すみれ野南公園,愛媛県,松山市石風呂町,230-1,,1,1,,1,1,,,,,600,1.0,,,,愛媛県松山市石風呂町230-1,E3820100304201,33.87317784,132.7181414,matched_by_id
E3820100305201,すみれ野北公園,愛媛県,松山市石風呂町,579,,1,1,1,1,1,,,,,3000,1.0,,,,愛媛県松山市石風呂町579,E3820100305201,33.87835315,132.715309,matched_by_id
E3820100306201,幸町公園,愛媛県,松山市千舟町,7-6-7,,,1,1,1,1,,,,,1200,1.0,,,,愛媛県松山市千舟町7-6-7,E3820100306201,33.83781724,132.7551114,matched_by_id
E3820100308201,新玉小学校グラウンド,愛媛県,松山市千舟町,8-89,(089)941-1449,,1,1,1,1,,,,1,8997,1.0,,,,愛媛県松山市千舟町8-89,E3820100308201,33.83620032,132.7538595,matched_by_id
E3820100312201,味栗公園,愛媛県,松山市浅海原甲２７９－１外,3,,1,,1,1,1,,,,,1700,1.0,,,,愛媛県松山市浅海原甲２７９－１外3,E3820100312201,34.00193294,132.7946356,matched_by_id
E3820100317201,浅海保育園グラウンド,愛媛県,松山市浅海本谷甲,719-1,(089)995-0032,1,1,,1,,,,,1,1211,1.0,,,,愛媛県松山市浅海本谷甲719-1,E3820100317201,34.00995715,132.8019187,matched_by_id
E3820100318201,浅海小学校グラウンド,愛媛県,松山市浅海本谷甲,728,(089)995-0343,1,1,,1,1,,,,1,6170,1.0,,,,愛媛県松山市浅海本谷甲728,E3820100318201,34.00966597,132.8033118,matched_by_id
E3820100321201,善応寺農村公園,愛媛県,松山市善応寺甲,388,,,1,1,1,1,,,,,1900,1.0,,,,愛媛県松山市善応寺甲388,E3820100321201,33.94961233,132.7930683,matched_by_id
E3820100322201,愛媛慈恵会地域交流ホームグラウンド,愛媛県,松山市束本,2-13-3,(089)921-1035,,1,1,1,1,,,,1,2000,1.0,,,,愛媛県松山市束本2-13-3,E3820100322201,33.82817703,132.7888691,matched_by_id
E3820100324201,太山寺小山公園,愛媛県,松山市太山寺町,1355,,,1,,1,,,,,,2900,1.0,,,,愛媛県松山市太山寺町1355,E3820100324201,33.88792183,132.7273044,matched_by_id
E3820100326201,太山寺本村公園,愛媛県,松山市太山寺町１５８７－１外,,,1,,1,1,1,,,,,1700,1.0,,,,愛媛県松山市太山寺町１５８７－１外,E3820100326201,33.88254669,132.7227447,matched_by_id
E3820100328201,清和公園,愛媛県,松山市太山寺町,2244,,1,,1,1,1,,,,,2100,1.0,,,,愛媛県松山市太山寺町2244,E3820100328201,33.89224797,132.7222806,matched_by_id
E3820100329201,北中学校グラウンド,愛媛県,松山市太山寺町,491-1,(089)978-3321,,1,,1,1,,,,1,13350,1.0,,,,愛媛県松山市太山寺町491-1,E3820100329201,33.88241632,132.7348915,matched_by_id
E3820100330201,和気小学校グラウンド,愛媛県,松山市太山寺町,671-3,(089)978-0057,,1,,1,,,,,1,9228,1.0,,,,愛媛県松山市太山寺町671-3,E3820100330201,33.88930744,132.7319359,matched_by_id
E3820100331201,大渕公園,愛媛県,松山市太山寺町乙,168-1,,1,,,1,1,,,,,1500,1.0,,,,愛媛県松山市太山寺町乙168-1,E3820100331201,33.88441267,132.7325347,matched_by_id
E3820100333201,三津大可賀公園,愛媛県,松山市大可賀,1-5,,,1,,1,1,,,,,13700,1.0,,,,愛媛県松山市大可賀1-5,E3820100333201,33.85462742,132.7147449,matched_by_id
E3820100334201,松山東雲中学・高等学校グラウンド,愛媛県,松山市大街道,3-2-24,(089)941-4136,1,,1,1,1,,,,1,4921,1.0,,,,愛媛県松山市大街道3-2-24,E3820100334201,33.84327615,132.7702944,matched_by_id
E3820100336201,久米小学校グラウンド,愛媛県,松山市鷹子町,15-1,(089)975-0601,,1,1,1,1,,,,1,10552,1.0,,,,愛媛県松山市鷹子町15-1,E3820100336201,33.81116986,132.8066113,matched_by_id
E3820100337201,浄土寺公園,愛媛県,松山市鷹子町３３３－１外,,,1,1,1,1,1,,,,,2500,1.0,,,,愛媛県松山市鷹子町３３３－１外,E3820100337201,33.81744505,132.8087473,matched_by_id
E3820100338201,久米保育園グラウンド,愛媛県,松山市鷹子町,4-4,(089)975-0201,,1,1,1,1,,,,1,417,1.0,,,,愛媛県松山市鷹子町4-4,E3820100338201,33.8099833,132.8063672,matched_by_id
E3820100343201,拓川市民運動広場,愛媛県,松山市拓川町,453-1,,,1,1,1,1,,,,,9607,1.0,,,,愛媛県松山市拓川町453-1,E3820100343201,33.82648217,132.7656567,matched_by_id
E3820100344201,たつみ公園,愛媛県,松山市辰巳町２８５８－８外,,,,1,,1,,,,,,1000,1.0,,,,愛媛県松山市辰巳町２８５８－８外,E3820100344201,33.86665302,132.7192298,matched_by_id
E3820100345201,谷町公園,愛媛県,松山市谷町甲,236,,1,1,1,1,1,,,,,6300,1.0,,,,愛媛県松山市谷町甲236,E3820100345201,33.88202939,132.7543172,matched_by_id
E3820100347201,愛媛大学附属高等学校グラウンド,愛媛県,松山市樽味,3-2-40,(089)946-9051,,1,1,1,1,,,,1,7700,1.0,,,,愛媛県松山市樽味3-2-40,E3820100347201,33.83825519,132.7941717,matched_by_id
E3820100348201,城西中学校グラウンド,愛媛県,松山市竹原,3-19-35,(089)932-5008,,1,1,1,1,,,,1,15283,1.0,,,,愛媛県松山市竹原3-19-35,E3820100348201,33.8343588,132.7471237,matched_by_id
E3820100349201,中須賀公園,愛媛県,松山市中須賀,1-11,,,1,,1,,,,,,2900,1.0,,,,愛媛県松山市中須賀1-11,E3820100349201,33.8646204,132.723813,matched_by_id
E3820100350201,中須賀保育園グラウンド,愛媛県,松山市中須賀,1-12-17,(089)952-9655,,1,,1,,,,,1,1135,1.0,,,,愛媛県松山市中須賀1-12-17,E3820100350201,33.86454994,132.7245173,matched_by_id
E3820100353201,正岡松尾公園,愛媛県,松山市中西外,686-1,,1,1,1,1,1,,,,,2200,1.0,,,,愛媛県松山市中西外686-1,E3820100353201,33.96179042,132.786323,matched_by_id
E3820100354201,河野別府公園（ゲートボール場）,愛媛県,松山市中西外９６６外,4,,1,1,1,1,1,,,,,5300,1.0,,,,愛媛県松山市中西外９６６外4,E3820100354201,33.95903592,132.7820238,matched_by_id
E3820100358201,中村公園,愛媛県,松山市中村,3-367-1,,,1,1,1,1,,,,,600,1.0,,,,愛媛県松山市中村3-367-1,E3820100358201,33.83161151,132.7757263,matched_by_id
E3820100359201,松山保育園グラウンド,愛媛県,松山市中村,3-5-29,(089)931-1468,,1,1,1,1,,,,1,872,1.0,,,,愛媛県松山市中村3-5-29,E3820100359201,33.83041343,132.7759057,matched_by_id
E3820100361201,中通みんなの広場,愛媛県,松山市中通甲３１２－１外,5,,,1,1,1,1,,,,,1300,1.0,,,,愛媛県松山市中通甲３１２－１外5,E3820100361201,33.9781234,132.7895622,matched_by_id
E3820100364201,難波小学校グラウンド,愛媛県,松山市中通甲,807-1,(089)993-0049,1,1,1,1,1,,,,1,7498,1.0,,,,愛媛県松山市中通甲807-1,E3820100364201,33.9830289,132.7947686,matched_by_id
E3820100366201,城山小学校跡グラウンド,愛媛県,松山市中島粟井甲,876,(089)997-0288,1,1,1,1,1,,,,1,2282,1.0,,,,愛媛県松山市中島粟井甲876,E3820100366201,33.99449384,132.6376181,matched_by_id
E3820100370201,松山北高等学校中島分校グラウンド,愛媛県,松山市中島大浦,3100-1,(089)997-0031,1,,,1,1,,,,1,13698,1.0,,,,愛媛県松山市中島大浦3100-1,E3820100370201,33.97321069,132.62638,matched_by_id
E3820100371201,中野公園,愛媛県,松山市中野町甲,307,,,1,1,1,1,,,,,4600,1.0,,,,愛媛県松山市中野町甲307,E3820100371201,33.77907841,132.8287139,matched_by_id
E3820100378201,聖カタリナ学園高等学校グラウンド,愛媛県,松山市朝生田町,4-9-9,(089)933-3291,,1,1,1,1,,,,1,8594,1.0,,,,愛媛県松山市朝生田町4-9-9,E3820100378201,33.823214,132.764785,matched_by_id
E3820100379201,朝生田公園,愛媛県,松山市朝生田町６－２外,,,,1,1,1,1,,,,,2500,1.0,,,,愛媛県松山市朝生田町６－２外,E3820100379201,33.8196643,132.7651795,matched_by_id
E3820100381201,松山総合公園,愛媛県,松山市朝日ケ丘,1,,1,,1,1,1,1,,,,24800,1.0,,,,愛媛県松山市朝日ケ丘1,E3820100381201,33.84386873,132.7395232,matched_by_id
E3820100382201,朝日ケ丘公園,愛媛県,松山市朝日ケ丘,2-1464,,1,1,1,1,1,,,,,3000,1.0,,,,愛媛県松山市朝日ケ丘2-1464,E3820100382201,33.84760635,132.7436076,matched_by_id
E3820100384201,長師グラウンド,愛媛県,松山市長師,156-1,,1,1,,1,,,,,1,1400,1.0,,,,愛媛県松山市長師156-1,E3820100384201,33.9571415,132.6252388,matched_by_id
E3820100385201,中島小学校グラウンド,愛媛県,松山市長師,564,(089)997-0092,1,,1,1,1,,,,1,7840,1.0,,,,愛媛県松山市長師564,E3820100385201,33.96266523,132.6258154,matched_by_id
E3820100386201,中島中学校グラウンド,愛媛県,松山市長師,817,(089)997-0204,1,,1,1,1,,,,1,,,,,,愛媛県松山市長師817,E3820100386201,33.96403979,132.6256057,matched_by_id
E3820100390201,津吉公園,愛媛県,松山市津吉町乙,15,,1,,1,1,1,,,,,3600,1.0,,,,愛媛県松山市津吉町乙15,E3820100390201,33.77145982,132.840148,matched_by_id
E3820100391201,津和地小学校グラウンド,愛媛県,松山市津和地,1588-1,(089)999-0757,1,,,1,,,,,1,3701,1.0,,,,愛媛県松山市津和地1588-1,E3820100391201,33.97546507,132.5081317,matched_by_id
E3820100392201,津和地保育所グラウンド,愛媛県,松山市津和地,420,(089)990-2028,1,,,1,,,,,1,219,1.0,,,,愛媛県松山市津和地420,E3820100392201,33.98211582,132.5126026,matched_by_id
E3820100396201,天山公園,愛媛県,松山市天山３－１３０－２外,,,,1,1,1,1,,,,,1400,1.0,,,,愛媛県松山市天山３－１３０－２外,E3820100396201,33.81976294,132.7745173,matched_by_id
E3820100397201,土居公園,愛媛県,松山市土居町１０２６－１外,,,,1,1,1,1,,,,,1900,1.0,,,,愛媛県松山市土居町１０２６－１外,E3820100397201,33.79857037,132.7902555,matched_by_id
E3820100398201,雄新中学校グラウンド,愛媛県,松山市土居田町,1,(089)931-8261,,1,1,1,1,,,,1,11417,1.0,,,,愛媛県松山市土居田町1,E3820100398201,33.82449068,132.7542923,matched_by_id
E3820100399201,双葉小学校グラウンド,愛媛県,松山市土居田町,123-3,(089)921-1171,,1,1,1,1,,,,1,9376,1.0,,,,愛媛県松山市土居田町123-3,E3820100399201,33.82343493,132.7534552,matched_by_id
E3820100400201,土居田公園,愛媛県,松山市土居田町,423,,,1,1,1,1,,,,,1000,1.0,,,,愛媛県松山市土居田町423,E3820100400201,33.82417373,132.7459932,matched_by_id
E3820100401201,土居田本村公園,愛媛県,松山市土居田町,581-2,,,1,1,1,1,,,,,1500,1.0,,,,愛媛県松山市土居田町581-2,E3820100401201,33.82033215,132.7437885,matched_by_id
E3820100403201,雄郡小学校グラウンド,愛媛県,松山市土橋町,1,(089)931-3197,,1,1,1,1,,,,1,6918,1.0,,,,愛媛県松山市土橋町1,E3820100403201,33.8318661,132.7581863,matched_by_id
E3820100407201,東雲公園,愛媛県,松山市東雲町,7-2,,,1,1,1,1,,,,,4800,1.0,,,,愛媛県松山市東雲町7-2,E3820100407201,33.845786239276,132.7736788,matched_by_id
E3820100410201,空港東第三公園,愛媛県,松山市東垣生町,628-1,,,1,,1,1,,,,,5800,1.0,,,,愛媛県松山市東垣生町628-1,E3820100410201,33.81561364,132.7143822,matched_by_id
E3820100411201,奥土居公園,愛媛県,松山市東垣生町,706-1,,,1,,1,1,,,,,3600,1.0,,,,愛媛県松山市東垣生町706-1,E3820100411201,33.81468887,132.7163005,matched_by_id
E3820100412201,東垣生公園,愛媛県,松山市東垣生町,758-2,,,1,,1,1,,,,,3000,1.0,,,,愛媛県松山市東垣生町758-2,E3820100412201,33.81623955,132.71493,matched_by_id
E3820100413201,八反地公園,愛媛県,松山市東垣生町,782,,,1,,1,1,,,,,700,1.0,,,,愛媛県松山市東垣生町782,E3820100413201,33.81547545,132.7170805,matched_by_id
E3820100414201,空港東第四公園,愛媛県,松山市東垣生町,869-1,,,1,,1,1,,,,,9200,1.0,,,,愛媛県松山市東垣生町869-1,E3820100414201,33.81786504,132.7150717,matched_by_id
E3820100415201,空港東第二公園,愛媛県,松山市東垣生町,928-1,,,1,,1,1,,,,,10200,1.0,,,,愛媛県松山市東垣生町928-1,E3820100415201,33.81686757,132.7149424,matched_by_id
E3820100416201,空港東公園,愛媛県,松山市東垣生町９５０－１外,,,,1,,1,1,,,,,7800,1.0,,,,愛媛県松山市東垣生町９５０－１外,E3820100416201,33.81683929,132.7112521,matched_by_id
E3820100417201,東山公園,愛媛県,松山市東山町４１０９－１外,,,1,1,,1,1,,,,,1300,1.0,,,,愛媛県松山市東山町４１０９－１外,E3820100417201,33.86360726,132.7313464,matched_by_id
E3820100420201,東山古墳公園（星ヶ岡西公園）,愛媛県,松山市東石井３丁目乙,20,,,,1,1,1,,,,,1100,1.0,,,,愛媛県松山市東石井３丁目乙20,E3820100420201,33.81538576,132.7808397,matched_by_id
E3820100422201,石井小学校グラウンド,愛媛県,松山市東石井,6-8-52,(089)956-1658,,1,1,1,1,,,,1,6930,1.0,,,,愛媛県松山市東石井6-8-52,E3820100422201,33.81100923,132.7761877,matched_by_id
E3820100423201,南中学校グラウンド,愛媛県,松山市東石井,7-2-52,(089)956-1373,,1,1,1,1,,,,1,11883,1.0,,,,愛媛県松山市東石井7-2-52,E3820100423201,33.80683037,132.7755132,matched_by_id
E3820100425201,東大栗公園,愛媛県,松山市東大栗町甲,1273-1,,1,,1,1,1,,,,,4500,1.0,,,,愛媛県松山市東大栗町甲1273-1,E3820100425201,33.90818781,132.7872221,matched_by_id
E3820100426201,政友公園,愛媛県,松山市東方町２２５８－１外,,,,1,1,1,1,,,,,3000,1.0,,,,愛媛県松山市東方町２２５８－１外,E3820100426201,33.77657594,132.8217886,matched_by_id
E3820100428201,荏原小学校グラウンド,愛媛県,松山市東方町甲,1245,(089)963-1003,,1,1,1,1,,,,1,7745,1.0,,,,愛媛県松山市東方町甲1245,E3820100428201,33.76866834,132.8182109,matched_by_id
E3820100429201,東方中央公園,愛媛県,松山市東方町甲１４８１－１外,,,1,1,1,1,1,,,,,1700,1.0,,,,愛媛県松山市東方町甲１４８１－１外,E3820100429201,33.7689447,132.8215749,matched_by_id
E3820100430201,荏原幼稚園グラウンド,愛媛県,松山市東方町甲,1493-3,(089)963-1103,,1,1,1,1,,,,1,824,1.0,,,,愛媛県松山市東方町甲1493-3,E3820100430201,33.76879372,132.8168902,matched_by_id
E3820100431201,ひがしの北公園,愛媛県,松山市東野３－甲２７８－１外,,,1,1,1,1,1,,,,,2000,1.0,,,,愛媛県松山市東野３－甲２７８－１外,E3820100431201,33.84354609,132.8029739,matched_by_id
E3820100432201,湯の山西公園,愛媛県,松山市湯の山１－１２－１外,,,1,1,1,1,1,,,,,1700,1.0,,,,愛媛県松山市湯の山１－１２－１外,E3820100432201,33.8682589,132.8138206,matched_by_id
E3820100433201,湯の山第２公園,愛媛県,松山市湯の山,2-10-1,,1,1,1,1,1,,,,,5900,1.0,,,,愛媛県松山市湯の山2-10-1,E3820100433201,33.86988877,132.8138142,matched_by_id
E3820100434201,湯の山北公園,愛媛県,松山市湯の山３－１１－１外,,,1,1,1,1,1,,,,,1500,1.0,,,,愛媛県松山市湯の山３－１１－１外,E3820100434201,33.87254175,132.8146527,matched_by_id
E3820100435201,湯の山第１公園,愛媛県,松山市湯の山,5-1-5,,1,1,1,1,1,,,,,2000,1.0,,,,愛媛県松山市湯の山5-1-5,E3820100435201,33.86904697,132.8171992,matched_by_id
E3820100436201,湯の山東公園,愛媛県,松山市湯の山,8-16,,1,1,1,1,1,,,,,1400,1.0,,,,愛媛県松山市湯の山8-16,E3820100436201,33.87142545,132.8169953,matched_by_id
E3820100437201,湯の山東第２公園,愛媛県,松山市湯の山東,1-7,,1,1,1,1,1,,,,,2700,1.0,,,,愛媛県松山市湯の山東1-7,E3820100437201,33.87120272,132.8185725,matched_by_id
E3820100438201,湯の山東第４公園,愛媛県,松山市湯の山東,2-8,,1,1,1,1,1,,,,,1000,1.0,,,,愛媛県松山市湯の山東2-8,E3820100438201,33.87253633,132.8213496,matched_by_id
E3820100439201,湯の山東第３公園,愛媛県,松山市湯の山東,5-6,,1,1,1,1,1,,,,,2700,1.0,,,,愛媛県松山市湯の山東5-6,E3820100439201,33.87039211,132.8191304,matched_by_id
E3820100440201,八坂小学校グラウンド,愛媛県,松山市湯渡町,4-20,(089)941-1448,,1,1,1,1,,,,1,7695,1.0,,,,愛媛県松山市湯渡町4-20,E3820100440201,33.83927572,132.7823088,matched_by_id
E3820100443201,道後公園,愛媛県,松山市道後公園地内,,,,,1,1,1,,,,,85600,1.0,,,,愛媛県松山市道後公園地内,E3820100443201,33.8485383,132.7866132,matched_by_id
E3820100448201,道後保育園グラウンド,愛媛県,松山市道後姫塚,123-1,(089)931-4379,1,,1,1,1,,,,1,734,1.0,,,,愛媛県松山市道後姫塚123-1,E3820100448201,33.84951193,132.7891894,matched_by_id
E3820100449201,湯月公園,愛媛県,松山市道後姫塚,140-1,,1,,1,1,1,,,,,17000,1.0,,,,愛媛県松山市道後姫塚140-1,E3820100449201,33.85047419,132.7906429,matched_by_id
E3820100450201,湯築小学校グラウンド,愛媛県,松山市道後北代,10-41,(089)925-5588,,1,1,1,1,,,,1,6920,1.0,,,,愛媛県松山市道後北代10-41,E3820100450201,33.8534425,132.7777068,matched_by_id
E3820100451201,内宮中学校グラウンド,愛媛県,松山市内宮町,569-1,(089)978-0046,,1,1,1,1,,,,1,3613,1.0,,,,愛媛県松山市内宮町569-1,E3820100451201,33.89363466,132.74979,matched_by_id
E3820100452201,内宮公園,愛媛県,松山市内宮町乙,926-3,,,1,,1,1,,,,,1200,1.0,,,,愛媛県松山市内宮町乙926-3,E3820100452201,33.89630432,132.7501593,matched_by_id
E3820100453201,内浜公園,愛媛県,松山市内浜町,12-3,,,1,,1,,,,,,3000,1.0,,,,愛媛県松山市内浜町12-3,E3820100453201,33.86581205,132.727683,matched_by_id
E3820100454201,南吉田公園,愛媛県,松山市南吉田町,1252-1,,,1,,1,1,,,,,1200,1.0,,,,愛媛県松山市南吉田町1252-1,E3820100454201,33.82668527,132.7054824,matched_by_id
E3820100455201,南吉田中央公園,愛媛県,松山市南吉田町,1366,,,1,,1,1,,,,,2800,1.0,,,,愛媛県松山市南吉田町1366,E3820100455201,33.826969,132.709387,matched_by_id
E3820100456201,空港南公園,愛媛県,松山市南吉田町,2267,,,1,,1,1,,,,,5300,1.0,,,,愛媛県松山市南吉田町2267,E3820100456201,33.82146225,132.7047234,matched_by_id
E3820100457201,空港南第二公園,愛媛県,松山市南吉田町,2428,,,1,,1,1,,,,,4900,1.0,,,,愛媛県松山市南吉田町2428,E3820100457201,33.82303543,132.7024703,matched_by_id
E3820100458201,南吉田第三公園,愛媛県,松山市南吉田町,2593-1,,,1,,1,1,,,,,1900,1.0,,,,愛媛県松山市南吉田町2593-1,E3820100458201,33.82351674,132.7092751,matched_by_id
E3820100459201,南吉田第二公園,愛媛県,松山市南吉田町,2653,,,1,,1,1,,,,,1300,1.0,,,,愛媛県松山市南吉田町2653,E3820100459201,33.82378413,132.7090444,matched_by_id
E3820100460201,鶴ケ丘公園,愛媛県,松山市南吉田町,527-3,,,1,,1,1,,,,,500,1.0,,,,愛媛県松山市南吉田町527-3,E3820100460201,33.82237868,132.7145923,matched_by_id
E3820100462201,南久米公園,愛媛県,松山市南久米町５９４外,,,,1,1,1,1,,,,,9400,1.0,,,,愛媛県松山市南久米町５９４外,E3820100462201,33.81253802,132.8028618,matched_by_id
E3820100463201,日尾公園,愛媛県,松山市南久米町乙,1-1,,1,1,1,1,1,,,,,25200,1.0,,,,愛媛県松山市南久米町乙1-1,E3820100463201,33.818826,132.80547,matched_by_id
E3820100464201,南江戸公園,愛媛県,松山市南江戸,4-972,,,1,1,1,1,,,,,17400,1.0,,,,愛媛県松山市南江戸4-972,E3820100464201,33.83748148,132.7424507,matched_by_id
E3820100467201,杖ノ淵公園,愛媛県,松山市南高井町１３５２外,,,,1,1,1,1,,,,,12100,1.0,,,,愛媛県松山市南高井町１３５２外,E3820100467201,33.79175088,132.8109859,matched_by_id
E3820100468201,浮穴保育園グラウンド,愛媛県,松山市南高井町,1608-2,(089)976-2202,,1,1,1,1,,,,1,1332,1.0,,,,愛媛県松山市南高井町1608-2,E3820100468201,33.79223645,132.7993685,matched_by_id
E3820100471201,南斎院公園,愛媛県,松山市南斎院町,232-3,,,1,1,1,1,,,,,1200,1.0,,,,愛媛県松山市南斎院町232-3,E3820100471201,33.8311156,132.7348739,matched_by_id
E3820100472201,松山商業高等学校第２グラウンド,愛媛県,松山市南斎院町乙１１－２外,,,1,1,1,1,1,,,,,18200,1.0,,,,愛媛県松山市南斎院町乙１１－２外,E3820100472201,33.8456354,132.7332534,matched_by_id
E3820100473201,南土居公園,愛媛県,松山市南土居町,239-1,,,1,1,1,1,,,,,1800,1.0,,,,愛媛県松山市南土居町239-1,E3820100473201,33.79624526,132.802746,matched_by_id
E3820100474201,梅西公園,愛媛県,松山市南梅本町,1048-4,,,1,1,1,1,,,,,300,1.0,,,,愛媛県松山市南梅本町1048-4,E3820100474201,33.79966975,132.832444,matched_by_id
E3820100475201,南梅本公園,愛媛県,松山市南梅本町２２５－５外,,,,1,1,1,1,,,,,2000,1.0,,,,愛媛県松山市南梅本町２２５－５外,E3820100475201,33.79969458,132.8395812,matched_by_id
E3820100477201,二神小学校グラウンド,愛媛県,松山市二神甲,227,(089)999-0131,1,1,,1,,,,,1,2052,1.0,,,,愛媛県松山市二神甲227,E3820100477201,33.93506128,132.5444245,matched_by_id
E3820100480201,番町小学校グラウンド,愛媛県,松山市二番町,4-6-1,(089)941-1446,,1,1,1,1,,,,1,6516,1.0,,,,愛媛県松山市二番町4-6-1,E3820100480201,33.83917905,132.7663793,matched_by_id
E3820100481201,むくのき公園,愛媛県,松山市馬木町,2055,,1,1,,1,1,,,,,1000,1.0,,,,愛媛県松山市馬木町2055,E3820100481201,33.89016837,132.7473782,matched_by_id
E3820100482201,なかのちょう公園,愛媛県,松山市馬木町,2142,,,1,,1,1,,,,,900,1.0,,,,愛媛県松山市馬木町2142,E3820100482201,33.8932231,132.7472173,matched_by_id
E3820100484201,おおつか公園,愛媛県,松山市馬木町,2185,,,1,,1,1,,,,,500,1.0,,,,愛媛県松山市馬木町2185,E3820100484201,33.89332107,132.7438914,matched_by_id
E3820100485201,ともくに公園,愛媛県,松山市馬木町,2250,,,1,,1,1,,,,,1200,1.0,,,,愛媛県松山市馬木町2250,E3820100485201,33.89153989,132.7458306,matched_by_id
E3820100486201,松山聾学校グラウンド,愛媛県,松山市馬木町,2325,(089)979-2211,1,1,,1,1,,,,1,12243,1.0,,,,愛媛県松山市馬木町2325,E3820100486201,33.88921748,132.7453131,matched_by_id
E3820100488201,高浜小学校グラウンド,愛媛県,松山市梅津寺町,1352-2,(089)951-0321,1,,1,1,1,,,,1,9952,1.0,,,,愛媛県松山市梅津寺町1352-2,E3820100488201,33.87587317,132.7089672,matched_by_id
E3820100489201,高浜中学校グラウンド,愛媛県,松山市梅津寺町乙,52,(089)951-0475,1,,1,1,1,,,,1,7690,1.0,,,,愛媛県松山市梅津寺町乙52,E3820100489201,33.87565469,132.7102154,matched_by_id
E3820100490201,三津浜小学校グラウンド,愛媛県,松山市梅田町,2-42,(089)951-0804,1,1,,1,1,,,,1,7615,1.0,,,,愛媛県松山市梅田町2-42,E3820100490201,33.85926984,132.7147698,matched_by_id
E3820100494201,興居島小学校釣島分校グラウンド,愛媛県,松山市泊町,1465,(089)961-2461,1,1,,1,,,,,1,2006,1.0,,,,愛媛県松山市泊町1465,E3820100494201,33.89461085,132.6376051,matched_by_id
E3820100495201,泊公園,愛媛県,松山市泊町,533-1,,1,1,,1,,,,,,1700,1.0,,,,愛媛県松山市泊町533-1,E3820100495201,33.87888914,132.6830188,matched_by_id
E3820100496201,泊小学校跡グラウンド,愛媛県,松山市泊町,618-1,(089)961-2010,1,,,1,,,,,1,602,1.0,,,,愛媛県松山市泊町618-1,E3820100496201,33.88116592,132.6801679,matched_by_id
E3820100498201,御手洗公園,愛媛県,松山市泊町９１－５地先,,,1,,,1,,,,,,1400,1.0,,,,愛媛県松山市泊町９１－５地先,E3820100498201,33.87312148,132.6696748,matched_by_id
E3820100499201,興居島中学校グラウンド,愛媛県,松山市泊町甲,425-3,(089)961-2010,1,1,,1,,,,,1,,,,,,愛媛県松山市泊町甲425-3,E3820100499201,33.89365984,132.6713688,matched_by_id
E3820100499202,興居島小学校グラウンド,愛媛県,松山市泊町甲,425-3,(089)961-2010,1,1,,1,,,,,1,2835,1.0,,,,愛媛県松山市泊町甲425-3,E3820100499202,33.89361531,132.6714975,matched_by_id
E3820100500201,白水台公園,愛媛県,松山市白水台,2-12-6,,1,1,1,1,1,,,,,2000,1.0,,,,愛媛県松山市白水台2-12-6,E3820100500201,33.8749606,132.7804135,matched_by_id
E3820100501201,白水台北公園,愛媛県,松山市白水台,4-22-7,,1,1,1,1,1,,,,,6200,1.0,,,,愛媛県松山市白水台4-22-7,E3820100501201,33.87856813,132.780215,matched_by_id
E3820100502201,白水台南公園,愛媛県,松山市白水台,5-2-13,,1,1,1,1,1,,,,,1100,1.0,,,,愛媛県松山市白水台5-2-13,E3820100502201,33.87170963,132.7786123,matched_by_id
E3820100503201,白水台西公園,愛媛県,松山市白水台,6-20,,1,1,1,1,1,,,,,1700,1.0,,,,愛媛県松山市白水台6-20,E3820100503201,33.87543783,132.7769913,matched_by_id
E3820100504201,畑寺公園,愛媛県,松山市畑寺１－５０８－１外,,,,,1,1,1,,,,,1900,1.0,,,,愛媛県松山市畑寺１－５０８－１外,E3820100504201,33.83211844,132.8000167,matched_by_id
E3820100505201,松山市畑寺福祉センターグラウンド,愛媛県,松山市畑寺,4-8-5,(089)905-9614,,,1,1,1,,,,1,2620,1.0,,,,愛媛県松山市畑寺4-8-5,E3820100505201,33.82551562,132.8039559,matched_by_id
E3820100507201,桑原中学校グラウンド,愛媛県,松山市畑寺町丙,238-28,(089)943-5152,1,,1,1,1,,,,1,13406,1.0,,,,愛媛県松山市畑寺町丙238-28,E3820100507201,33.83624435,132.805795,matched_by_id
E3820100509201,正岡小学校グラウンド,愛媛県,松山市八反地甲,160,(089)993-0043,,1,1,1,1,,,,1,5242,1.0,,,,愛媛県松山市八反地甲160,E3820100509201,33.97034254,132.7944248,matched_by_id
E3820100510201,国津保育園グラウンド,愛媛県,松山市八反地甲,1647,(089)993-0807,,1,1,1,1,,,,,917,1.0,,,,愛媛県松山市八反地甲1647,E3820100510201,33.97082539,132.7904171,matched_by_id
E3820100514201,尾儀原公園,愛媛県,松山市尾儀原甲４９－３外,1,,1,,1,1,1,,,,,600,1.0,,,,愛媛県松山市尾儀原甲４９－３外1,E3820100514201,33.97542176,132.8286785,matched_by_id
E3820100515201,朝美保育園グラウンド,愛媛県,松山市美沢,2-7-39,(089)925-1467,,1,1,1,1,,,,1,427,1.0,,,,愛媛県松山市美沢2-7-39,E3820100515201,33.85096337,132.7462402,matched_by_id
E3820100516201,姫原西公園,愛媛県,松山市姫原,3-392-4,,1,1,1,1,1,,,,,1200,1.0,,,,愛媛県松山市姫原3-392-4,E3820100516201,33.86487062,132.7561643,matched_by_id
E3820100517201,富久公園,愛媛県,松山市富久町３０２－５外,,,,1,1,1,1,,,,,2200,1.0,,,,愛媛県松山市富久町３０２－５外,E3820100517201,33.82343039,132.7279028,matched_by_id
E3820100520201,福音小学校グラウンド,愛媛県,松山市福音寺町,355-1,(089)970-1151,1,1,1,1,1,,,,1,10528,1.0,,,,愛媛県松山市福音寺町355-1,E3820100520201,33.82126506,132.7899311,matched_by_id
E3820100521201,北久米小学校グラウンド,愛媛県,松山市福音寺町,9,(089)976-8431,1,1,1,1,1,,,,1,9219,1.0,,,,愛媛県松山市福音寺町9,E3820100521201,33.82010828,132.7983449,matched_by_id
E3820100522201,中筋公園,愛媛県,松山市福角町,1553,,,1,1,1,1,,,,,1000,1.0,,,,愛媛県松山市福角町1553,E3820100522201,33.90203697,132.7547103,matched_by_id
E3820100523201,松尾公園,愛媛県,松山市福角町乙９２９外,,,1,,1,1,1,,,,,1500,1.0,,,,愛媛県松山市福角町乙９２９外,E3820100523201,33.89569478,132.7557199,matched_by_id
E3820100524201,堀江小学校グラウンド,愛媛県,松山市福角町甲,1409-2,(089)978-0015,,1,1,1,1,,,,1,9273,1.0,,,,愛媛県松山市福角町甲1409-2,E3820100524201,33.90170721,132.7578341,matched_by_id
E3820100526201,松尾西公園,愛媛県,松山市福角町甲,51-117,,1,1,1,1,1,,,,,1000,1.0,,,,愛媛県松山市福角町甲51-117,E3820100526201,33.89604606,132.7512268,matched_by_id
E3820100528201,東雲小学校グラウンド,愛媛県,松山市文京町,2-1,(089)924-6987,,1,1,1,1,,,,1,6241,1.0,,,,愛媛県松山市文京町2-1,E3820100528201,33.84931674,132.7747155,matched_by_id
E3820100529201,東中学校グラウンド,愛媛県,松山市文京町,2-2,(089)924-8588,,1,1,1,1,,,,1,7786,1.0,,,,愛媛県松山市文京町2-2,E3820100529201,33.85024931,132.774879,matched_by_id
E3820100531201,松山北高等学校グラウンド,愛媛県,松山市文京町,4-1,(089)925-2161,,1,1,1,1,,,,1,16491,1.0,,,,愛媛県松山市文京町4-1,E3820100531201,33.84975722,132.7689963,matched_by_id
E3820100532201,学校法人松山大学グラウンド,愛媛県,松山市文京町,4-2,(089)925-7111,,1,1,1,1,,,,1,20603,1.0,,,,愛媛県松山市文京町4-2,E3820100532201,33.85004235,132.7664536,matched_by_id
E3820100533201,小野小学校グラウンド,愛媛県,松山市平井町,3673,(089)975-0989,,1,1,1,1,,,,1,6600,1.0,,,,愛媛県松山市平井町3673,E3820100533201,33.80719829,132.8379784,matched_by_id
E3820100534201,小野中学校グラウンド,愛媛県,松山市平井町,3690,(089)975-0988,,1,1,1,1,,,,1,11315,1.0,,,,愛媛県松山市平井町3690,E3820100534201,33.80757748,132.8369197,matched_by_id
E3820100535201,平井保育園グラウンド,愛媛県,松山市平井町甲,118,(089)975-0126,,1,1,1,1,,,,1,1020,1.0,,,,愛媛県松山市平井町甲118,E3820100535201,33.80952295,132.8361545,matched_by_id
E3820100536201,平井公園,愛媛県,松山市平井町甲,2520,,,1,1,1,1,,,,,2400,1.0,,,,愛媛県松山市平井町甲2520,E3820100536201,33.81015908,132.8270114,matched_by_id
E3820100537201,東鷹の子公園,愛媛県,松山市平井町甲,3157-87,,,1,1,1,1,,,,,2500,1.0,,,,愛媛県松山市平井町甲3157-87,E3820100537201,33.80584884,132.8163416,matched_by_id
E3820100538201,五楽公園,愛媛県,松山市平井町甲,541-1,,1,1,1,1,1,,,,,1100,1.0,,,,愛媛県松山市平井町甲541-1,E3820100538201,33.81638113,132.8330034,matched_by_id
E3820100542201,平田公園,愛媛県,松山市平田町乙,393-1,,1,1,1,1,1,,,,,6000,1.0,,,,愛媛県松山市平田町乙393-1,E3820100542201,33.891258,132.751311,matched_by_id
E3820100543201,味生小学校グラウンド,愛媛県,松山市別府町,166-4,(089)951-0529,,1,1,1,1,,,,1,12625,1.0,,,,愛媛県松山市別府町166-4,E3820100543201,33.84389353,132.7251856,matched_by_id
E3820100545201,味生第二小学校グラウンド,愛媛県,松山市別府町,3-1,(089)952-4561,1,,1,1,1,,,,1,12546,1.0,,,,愛媛県松山市別府町3-1,E3820100545201,33.84435913,132.7287556,matched_by_id
E3820100546201,飯岡公園,愛媛県,松山市別府町,538-3,,,1,,1,1,,,,,2000,1.0,,,,愛媛県松山市別府町538-3,E3820100546201,33.84897051,132.7206981,matched_by_id
E3820100547201,別府清水山公園,愛媛県,松山市別府町７５５－２外,,,,1,,1,1,,,,,1500,1.0,,,,愛媛県松山市別府町７５５－２外,E3820100547201,33.84662545,132.7157177,matched_by_id
E3820100548201,福水公園,愛媛県,松山市別府町,927-1,,1,1,1,1,1,,,,,2900,1.0,,,,愛媛県松山市別府町927-1,E3820100548201,33.84619845,132.7282647,matched_by_id
E3820100549201,河野公園,愛媛県,松山市片山,228-3,,,1,,1,,,,,,2400,1.0,,,,愛媛県松山市片山228-3,E3820100549201,33.95134771,132.7695967,matched_by_id
E3820100551201,余土中学校グラウンド,愛媛県,松山市保免西,4-5-23,(089)972-0010,,1,1,1,1,,,,1,36262,1.0,,,,愛媛県松山市保免西4-5-23,E3820100551201,33.813759987112,132.74221284634,matched_by_id
E3820100552201,保免公園,愛媛県,松山市保免中,1-210-3,,,1,1,1,1,,,,,2300,1.0,,,,愛媛県松山市保免中1-210-3,E3820100552201,33.818464,132.748967,matched_by_id
E3820100555201,白山の杜公園,愛媛県,松山市北井門,1-101-1,,,1,1,1,1,,,,,2300,1.0,,,,愛媛県松山市北井門1-101-1,E3820100555201,33.80603524,132.7791906,matched_by_id
E3820100556201,北吉田公園,愛媛県,松山市北吉田町,1211,,,1,,1,1,,,,,3100,1.0,,,,愛媛県松山市北吉田町1211,E3820100556201,33.83838218,132.7088897,matched_by_id
E3820100559201,北久米八区公園,愛媛県,松山市北久米町１０６９－１外,,,,1,1,1,1,,,,,1300,1.0,,,,愛媛県松山市北久米町１０６９－１外,E3820100559201,33.81241452,132.7914261,matched_by_id
E3820100560201,北久米七区公園,愛媛県,松山市北久米町,644,,1,1,1,1,1,,,,,2300,1.0,,,,愛媛県松山市北久米町644,E3820100560201,33.81740187,132.7954547,matched_by_id
E3820100561201,学校法人松山学院　松山学院高等学校グラウンド,愛媛県,松山市北久米町,815,(089)976-4343,,,1,1,1,,,,1,18514,1.0,,,,愛媛県松山市北久米町815,E3820100561201,33.81591438,132.7895775,matched_by_id
E3820100562201,津田中学校グラウンド,愛媛県,松山市北斎院町,1106,(089)972-0019,,,1,1,1,,,,1,12216,1.0,,,,愛媛県松山市北斎院町1106,E3820100562201,33.83749793,132.7227946,matched_by_id
E3820100563201,北斎院公園,愛媛県,松山市北斎院町２４２－３外,,,,1,1,1,1,,,,,1600,1.0,,,,愛媛県松山市北斎院町２４２－３外,E3820100563201,33.8343658,132.7295908,matched_by_id
E3820100564201,中津公園,愛媛県,松山市北斎院町,469-1,,,1,1,1,1,,,,,2000,1.0,,,,愛媛県松山市北斎院町469-1,E3820100564201,33.83743269,132.7251053,matched_by_id
E3820100565201,味生保育園グラウンド,愛媛県,松山市北斎院町,759-1,(089)951-2016,,1,1,1,1,,,,1,803,1.0,,,,愛媛県松山市北斎院町759-1,E3820100565201,33.84283469,132.7250139,matched_by_id
E3820100566201,津田公園,愛媛県,松山市北斎院町,810-1,,1,1,1,1,1,,,,,1800,1.0,,,,愛媛県松山市北斎院町810-1,E3820100566201,33.84133588,132.718939,matched_by_id
E3820100567201,中津東公園,愛媛県,松山市北斎院町乙７－２外,,,1,,1,1,1,,,,,3900,1.0,,,,愛媛県松山市北斎院町乙７－２外,E3820100567201,33.83813697,132.7326574,matched_by_id
E3820100569201,風早タウン公園,愛媛県,松山市北条,20-152,,,1,1,1,1,,,,,2200,1.0,,,,愛媛県松山市北条20-152,E3820100569201,33.97923435,132.7832009,matched_by_id
E3820100571201,聖カタリナ大学グラウンド,愛媛県,松山市北条,690,(089)993-0702,,1,,1,1,,,,,719,1.0,,,,愛媛県松山市北条690,E3820100571201,33.975710335765,132.78108317116,matched_by_id
E3820100573201,新開浜公園,愛媛県,松山市北条辻,1278,,,1,,1,1,,,,,700,1.0,,,,愛媛県松山市北条辻1278,E3820100573201,33.96597713,132.7718928,matched_by_id
E3820100574201,東町浦公園,愛媛県,松山市北条辻,1443-11,,,1,,1,,,,,,2600,1.0,,,,愛媛県松山市北条辻1443-11,E3820100574201,33.97595654,132.7736867,matched_by_id
E3820100576201,北条北中学校グラウンド,愛媛県,松山市北条辻,365,(089)993-0038,,1,,1,1,,,,1,25020,1.0,,,,愛媛県松山市北条辻365,E3820100576201,33.97078105,132.7824409,matched_by_id
E3820100578201,北条高等学校グラウンド,愛媛県,松山市北条辻,600-1,(089)993-0333,,1,,1,1,,,,1,19118,1.0,,,,愛媛県松山市北条辻600-1,E3820100578201,33.9691084,132.7753432,matched_by_id
E3820100579201,北条小学校グラウンド,愛媛県,松山市北条辻,64,(089)993-0066,,1,,1,1,,,,1,9720,1.0,,,,愛媛県松山市北条辻64,E3820100579201,33.97494905,132.7782795,matched_by_id
E3820100581201,新開公園,愛媛県,松山市北条辻,961-1,,,1,,1,,,,,,2600,1.0,,,,愛媛県松山市北条辻961-1,E3820100581201,33.96406846,132.7746232,matched_by_id
E3820100583201,北土居公園,愛媛県,松山市北土居,4-319-2,,,1,1,1,1,,,,,1900,1.0,,,,愛媛県松山市北土居4-319-2,E3820100583201,33.80759582,132.7852675,matched_by_id
E3820100585201,向井公園,愛媛県,松山市北梅本町２１４５外,,,,1,1,1,1,,,,,1700,1.0,,,,愛媛県松山市北梅本町２１４５外,E3820100585201,33.80994392,132.8418878,matched_by_id
E3820100586201,北梅本小山公園,愛媛県,松山市北梅本町,2481-1,,,1,1,1,1,,,,,2600,1.0,,,,愛媛県松山市北梅本町2481-1,E3820100586201,33.81377705,132.8466084,matched_by_id
E3820100588201,小野谷公園,愛媛県,松山市北梅本町２７２０外,,,,,1,1,1,,,,,2000,1.0,,,,愛媛県松山市北梅本町２７２０外,E3820100588201,33.81924565,132.8488347,matched_by_id
E3820100591201,太尺寺公園,愛媛県,松山市北梅本町甲,25,,1,1,1,1,1,,,,,600,1.0,,,,愛媛県松山市北梅本町甲25,E3820100591201,33.8056515,132.857069,matched_by_id
E3820100592201,睦月小学校グラウンド,愛媛県,松山市睦月甲,1068-6,(089)998-0070,1,,,1,,,,,1,2109,1.0,,,,愛媛県松山市睦月甲1068-6,E3820100592201,33.95760524,132.6646239,matched_by_id
E3820100594201,堀江東公園,愛媛県,松山市堀江町１４６６外,,,,1,,1,,,,,,2400,1.0,,,,愛媛県松山市堀江町１４６６外,E3820100594201,33.90670536,132.7544255,matched_by_id
E3820100595201,堀江中央公園,愛媛県,松山市堀江町１５６９－１外,,,,1,,1,,,,,,2400,1.0,,,,愛媛県松山市堀江町１５６９－１外,E3820100595201,33.9044592,132.7501179,matched_by_id
E3820100596201,いつき公園,愛媛県,松山市堀江町,766-37,,,1,,1,,,,,,1100,1.0,,,,愛媛県松山市堀江町766-37,E3820100596201,33.9018568,132.7414758,matched_by_id
E3820100598201,堀江保育園グラウンド,愛媛県,松山市堀江町甲,1654-9,(089)978-0356,,1,,1,,,,,1,303,1.0,,,,愛媛県松山市堀江町甲1654-9,E3820100598201,33.90478898,132.7484575,matched_by_id
E3820100600201,大西第二区公園,愛媛県,松山市堀江町甲,519-2,,,1,,1,,,,,,1100,1.0,,,,愛媛県松山市堀江町甲519-2,E3820100600201,33.89947471,132.7420713,matched_by_id
E3820100602201,城山公園,愛媛県,松山市堀之内,,,,,1,1,1,1,,,,50700,1.0,,,,愛媛県松山市堀之内,E3820100602201,33.84199297,132.7618544,matched_by_id
E3820100605201,松山南高等学校グラウンド,愛媛県,松山市末広町,11-1,(089)941-5431,,1,1,1,1,,,,1,11687,1.0,,,,愛媛県松山市末広町11-1,E3820100605201,33.83286936,132.7629596,matched_by_id
E3820100606201,湧ケ淵公園,愛媛県,松山市末町乙２３１－１外,,,1,1,1,1,1,,,,,15300,1.0,,,,愛媛県松山市末町乙２３１－１外,E3820100606201,33.87167269,132.8279691,matched_by_id
E3820100609201,南味酒公園,愛媛県,松山市味酒町,1-11,,,1,1,1,1,,,,,1700,1.0,,,,愛媛県松山市味酒町1-11,E3820100609201,33.84249547,132.7554043,matched_by_id
E3820100611201,木屋町公園,愛媛県,松山市木屋町,3-4-3,,,1,1,1,1,,,,,1100,1.0,,,,愛媛県松山市木屋町3-4-3,E3820100611201,33.85212692,132.7600655,matched_by_id
E3820100612201,太郎丸公園,愛媛県,松山市問屋町,334-37,,1,1,1,1,1,,,,,1000,1.0,,,,愛媛県松山市問屋町334-37,E3820100612201,33.86334038,132.7491282,matched_by_id
E3820100614201,門田公園,愛媛県,松山市門田町,290-2,,1,,,1,,,,,,2600,1.0,,,,愛媛県松山市門田町290-2,E3820100614201,33.90428584,132.6884825,matched_by_id
E3820100617201,野忽那小学校グラウンド,愛媛県,松山市野忽那甲,1540-1,(089)998-0330,1,,,1,,,,,1,2994,1.0,,,,愛媛県松山市野忽那甲1540-1,E3820100617201,33.97540793,132.6893998,matched_by_id
E3820100619201,西ノ下公園（柳原末広第一公園）,愛媛県,松山市柳原,901,,,1,,1,,,,,,2200,1.0,,,,愛媛県松山市柳原901,E3820100619201,33.95962179,132.7732099,matched_by_id
E3820100621201,由良公園,愛媛県,松山市由良町１０３２－１外,,,1,,,1,,,,,,1600,1.0,,,,愛媛県松山市由良町１０３２－１外,E3820100621201,33.9039732,132.6808715,matched_by_id
E3820100623201,鷲ケ巣公園,愛媛県,松山市由良町４１８－１外,,,1,1,,1,,,,,,1200,1.0,,,,愛媛県松山市由良町４１８－１外,E3820100623201,33.89952967,132.6678842,matched_by_id
E3820100624201,もものはなこども園グラウンド,愛媛県,松山市由良町,479,(089)961-2332,1,1,,1,,,,,1,501,1.0,,,,愛媛県松山市由良町479,E3820100624201,33.9017054,132.6740224,matched_by_id
E3820100627201,余戸西さくら公園,愛媛県,松山市余戸西２－２２７９－１外,,,,1,,1,1,,,,,2200,1.0,,,,愛媛県松山市余戸西２－２２７９－１外,E3820100627201,33.81418775,132.7229739,matched_by_id
E3820100629201,さくら小学校グラウンド,愛媛県,松山市余戸中,4-11-1,(089)973-6686,,1,1,1,1,,,,1,9710,1.0,,,,愛媛県松山市余戸中4-11-1,E3820100629201,33.81837418,132.7292239,matched_by_id
E3820100630201,余戸中新開公園,愛媛県,松山市余戸中５－８９４－１外,,,,1,1,1,1,,,,,2000,1.0,,,,愛媛県松山市余戸中５－８９４－１外,E3820100630201,33.816296,132.73215,matched_by_id
E3820100631201,余土小学校グラウンド,愛媛県,松山市余戸東,1-14-17,(089)972-0322,,1,1,1,1,,,,1,5883,1.0,,,,愛媛県松山市余戸東1-14-17,E3820100631201,33.81519844,132.7370471,matched_by_id
E3820100632201,余戸東すみれ公園,愛媛県,松山市余戸東３－１０８２－２外,,,,1,1,1,1,,,,,2000,1.0,,,,愛媛県松山市余戸東３－１０８２－２外,E3820100632201,33.81181307,132.7332665,matched_by_id
E3820100633201,余土保育園グラウンド,愛媛県,松山市余戸東,4-1-19,(089)972-0801,,1,1,1,1,,,,1,1024,1.0,,,,愛媛県松山市余戸東4-1-19,E3820100633201,33.815938743553,132.73619834924,matched_by_id
E3820100635201,余戸東竹の宮公園,愛媛県,松山市余戸東５－２９９－５外,,,,1,1,1,1,,,,,1500,1.0,,,,愛媛県松山市余戸東５－２９９－５外,E3820100635201,33.81686232,132.7373637,matched_by_id
E3820100637201,余戸南であい公園,愛媛県,松山市余戸南４－１７１０－２外,,,,1,1,1,1,,,,,1900,1.0,,,,愛媛県松山市余戸南４－１７１０－２外,E3820100637201,33.80978919,132.7272087,matched_by_id
E3820100641201,久米中学校グラウンド,愛媛県,松山市来住町,689,(089)975-0501,,1,1,1,1,,,,1,14342,1.0,,,,愛媛県松山市来住町689,E3820100641201,33.80169403,132.801856,matched_by_id
E3820100642201,来住公園,愛媛県,松山市来住町,983-3,,,1,1,1,1,,,,,2900,1.0,,,,愛媛県松山市来住町983-3,E3820100642201,33.80561912,132.7998555,matched_by_id
E3820100648201,和気公園,愛媛県,松山市和気町,1-100,,,1,,1,,,,,,3400,1.0,,,,愛媛県松山市和気町1-100,E3820100648201,33.88982834,132.737183,matched_by_id
E3820100649201,和気松原公園,愛媛県,松山市和気町２－８０９－１外,,,,1,,1,,,,,,1600,1.0,,,,愛媛県松山市和気町２－８０９－１外,E3820100649201,33.90127706,132.7361248,matched_by_id
E3820100651201,和気浜公園,愛媛県,松山市和気町２－９８９－２外,,,,1,,1,,,,,,1800,1.0,,,,愛媛県松山市和気町２－９８９－２外,E3820100651201,33.89687791,132.7343143,matched_by_id
E3820100652201,石井北小学校グラウンド,愛媛県,松山市和泉南,1-3-32,(089)957-6300,,1,1,1,1,,,,1,6755,1.0,,,,愛媛県松山市和泉南1-3-32,E3820100652201,33.81857226,132.7672823,matched_by_id
E3820100654201,和泉南公園,愛媛県,松山市和泉南,4-404,,,1,1,1,1,,,,,1400,1.0,,,,愛媛県松山市和泉南4-404,E3820100654201,33.815376,132.759143,matched_by_id
E3820100655201,椿小学校グラウンド,愛媛県,松山市和泉南,6-1-47,(089)957-1430,,1,1,1,1,,,,1,9728,1.0,,,,愛媛県松山市和泉南6-1-47,E3820100655201,33.81063935,132.7600288,matched_by_id
E3820100656201,和泉公園,愛媛県,松山市和泉北,3-669-2,,,1,1,1,1,,,,,1300,1.0,,,,愛媛県松山市和泉北3-669-2,E3820100656201,33.81917315,132.7566055,matched_by_id
E3820100658201,宮前小学校グラウンド,愛媛県,松山市祓川,1-3-39,(089)951-0253,,1,,1,,,,,1,7774,1.0,,,,愛媛県松山市祓川1-3-39,E3820100658201,33.85889123,132.7202933,matched_by_id
E3820100659201,祓川公園,愛媛県,松山市祓川,2-2065-86,,,1,,1,,,,,,1100,1.0,,,,愛媛県松山市祓川2-2065-86,E3820100659201,33.86043552,132.7209856,matched_by_id
E3820100661201,西中港多目的広場,愛媛県,松山市饒甲,147-1,,1,,,1,1,,,,,2496,1.0,,,,愛媛県松山市饒甲147-1,E3820100661201,33.98420823,132.6051973,matched_by_id
E3820100672201,中島こども園グラウンド,愛媛県,松山市中島大浦,3021-1,(089)997-0101,1,1,,1,,,,,1,746,1.0,,,,愛媛県松山市中島大浦3021-1,E3820100672201,33.97391,132.627713,matched_by_id
E3820100673201,湯の山東第１公園,愛媛県,松山市湯の山東,1-8,,1,1,1,1,1,,,,,1800,1.0,,,,愛媛県松山市湯の山東1-8,E3820100673201,33.871712,132.818224,matched_by_id
E3820100674201,西石井公園,愛媛県,松山市西石井５－３１８－６外,,,,1,1,1,1,,,,,2500,1.0,,,,愛媛県松山市西石井５－３１８－６外,E3820100674201,33.81498,132.770491,matched_by_id
E3820100677201,津吉さくら公園,愛媛県,松山市津吉町,575-1,090-757-79934,1,1,1,1,1,,,,,2167,1.00,,,１,愛媛県松山市津吉町575-1,E3820100677201,33.771736,132.831415,matched_by_id
E3820200009201,吹揚小学校運動場,愛媛県今治市黄金町3-3,,,0898-22-0689,,1,,,,,1,,1,14074,,,,,愛媛県今治市黄金町3-3,E3820200009201,34.062362040236,133.00495713717,matched_by_id
E3820200164201,旧日吉小学校運動場,愛媛県今治市南宝来町1-6-1,,,0898-36-1611,,1,,,1,,,,1,15194,,,,,愛媛県今治市南宝来町1-6-1,E3820200164201,34.061959155636,132.99849360506,matched_by_id
E3820200156201,旧城東小学校運動場,愛媛県今治市東門町4-3-16,,,0898-36-1611,,1,,,,,,,1,15362,,,,,愛媛県今治市東門町4-3-16,E3820200156201,34.059755834434,133.01307179232,matched_by_id
E3820200197201,別宮小学校運動場,愛媛県今治市別宮町5-1-７,,,0898-32-0688,,1,,,,,1,,1,15074,,,,,愛媛県今治市別宮町5-1-７,E3820200197201,34.071105771022,132.99219370745,matched_by_id
E3820200198201,中央体育館駐車場,愛媛県今治市別宮町6-2-2,,,0898-24-2351,,1,,,,,1,,1,16280,,,,,愛媛県今治市別宮町6-2-2,E3820200198201,34.072045704711,132.99316708506,matched_by_id
E3820200001201,岡山理科大学今治キャンパスグラウンド,愛媛県今治市いこいの丘1-3,,,0898-52-9000,1,1,1,,1,,1,,1,16400,,,,,愛媛県今治市いこいの丘1-3,E3820200001201,34.069267460288,132.9803670484,matched_by_id
E3820200138201,常盤小学校運動場,愛媛県今治市中日吉町2-6-55,,,0898-22-0477,,1,1,,1,,1,,1,22758,,,,,愛媛県今治市中日吉町2-6-55,E3820200138201,34.059434287895,132.98966948318,matched_by_id
E3820200136201,日吉中学校運動場,愛媛県今治市中日吉町1-3-70,,,0898-22-0731,,1,1,,1,,1,,1,26478,,,,,愛媛県今治市中日吉町1-3-70,E3820200136201,34.061115815784,132.99280544853,matched_by_id
E3820200044201,今治北高等学校運動場,愛媛県今治市宮下町2-2-14,,,0898-32-2200,1,1,,,1,,,,1,29078,,,,,愛媛県今治市宮下町2-2-14,E3820200044201,34.065750192446,132.98874430012,matched_by_id
E3820200139201,今治西高等学校運動場,愛媛県今治市中日吉町3-5-47,,,0898-32-5030,,1,1,,1,,1,,1,33260,,,,,愛媛県今治市中日吉町3-5-47,E3820200139201,34.057704452805,132.9869488169,matched_by_id
E3820200110201,今治南高等学校運動場,愛媛県今治市常盤町7-2-17,,,0898-22-0017,,1,1,,1,,,,1,27632,,,,,愛媛県今治市常盤町7-2-17,E3820200110201,34.055079729477,132.989034662,matched_by_id
E3820200068201,近見小学校運動場,愛媛県今治市近見町1-5-1,,,0898-22-0258,1,1,1,,1,,1,,1,13690,,,,,愛媛県今治市近見町1-5-1,E3820200068201,34.089641261069,132.98556874107,matched_by_id
E3820200070201,近見中学校運動場,愛媛県今治市近見町4-2-57,,,0898-22-1094,1,1,1,,1,,1,,1,19044,,,,,愛媛県今治市近見町4-2-57,E3820200070201,34.086427661058,132.98198982073,matched_by_id
E3820200132201,来島海峡サービスエリア管理用駐車場,愛媛県今治市大浜町２丁目丙５１０－３他,,,0898-36-1558,1,1,1,,1,,,,,830,,,,,愛媛県今治市大浜町２丁目丙５１０－３他,E3820200132201,34.098895,132.980121,matched_by_id
E3820200216201,立花小学校運動場,愛媛県今治市立花町4-3-45,,,0898-22-0185,,1,1,,1,,1,,1,13748,,,,,愛媛県今治市立花町4-3-45,E3820200216201,34.047840846123,133.0014231943,matched_by_id
E3820200215201,立花中学校運動場,愛媛県今治市立花町2-8-7,,,0898-32-1095,,1,1,,1,,,,1,20302,,,,,愛媛県今治市立花町2-8-7,E3820200215201,34.049876124991,132.99733837216,matched_by_id
E3820200010201,今治工業高等学校運動場,愛媛県今治市河南町1-1-36,,,0898-22-0342,,1,1,,1,,1,,1,32562,,,,,愛媛県今治市河南町1-1-36,E3820200010201,34.051639237263,132.9956388548,matched_by_id
E3820200158201,鳥生小学校運動場,愛媛県今治市南高下町3-3-71,,,0898-33-1221,,1,,,,,1,,1,24856,,,,,愛媛県今治市南高下町3-3-71,E3820200158201,34.048546012585,133.01339672604,matched_by_id
E3820200051201,桜井小学校運動場,愛媛県今治市郷桜井1-8-26,,,0898-48-0217,1,1,,,1,,,,1,18382,,,,,愛媛県今治市郷桜井1-8-26,E3820200051201,34.016733481544,133.0344837863,matched_by_id
E3820200052201,桜井中学校運動場,愛媛県今治市郷桜井1-8-8,,,0898-48-0150,1,1,,,1,,,,1,16998,,,,,愛媛県今治市郷桜井1-8-8,E3820200052201,34.016773499385,133.0332070548,matched_by_id
E3820200086201,愛媛中央産業技術専門校運動場,愛媛県今治市桜井団地4-1-1,,,0898-48-0525,1,1,1,,1,,,,1,17380,,,,,愛媛県今治市桜井団地4-1-1,E3820200086201,34.02328567049,133.01439390494,matched_by_id
E3820200082201,今治東中等教育学校運動場,愛媛県今治市桜井2-9-1,,,0898-47-3630,1,1,1,,1,,1,,1,54200,,,,,愛媛県今治市桜井2-9-1,E3820200082201,34.02325917699,133.03499741402,matched_by_id
E3820200085201,今治特別支援学校運動場,愛媛県今治市桜井乙32-313,,,0898-47-0355,1,1,1,,1,,,,,21600,,,,,愛媛県今治市桜井乙32-313,E3820200085201,34.012080320851,133.0459025421,matched_by_id
E3820200073201,国分小学校運動場,愛媛県今治市古国分2-7-1,,,0898-47-2050,1,1,1,,1,,1,,1,20974,,,,,愛媛県今治市古国分2-7-1,E3820200073201,34.032955942882,133.03162716872,matched_by_id
E3820200107201,富田小学校運動場,愛媛県今治市上徳甲394-4,,,0898-48-6169,1,1,1,,1,,1,,1,13370,,,,,愛媛県今治市上徳甲394-4,E3820200107201,34.033904318073,133.01353430234,matched_by_id
E3820200096201,南中学校運動場,愛媛県今治市松木349-1,,,0898-48-2546,,1,1,,1,,,,1,14066,,,,,愛媛県今治市松木349-1,E3820200096201,34.031183380753,133.00078413913,matched_by_id
E3820200149201,バリクリーン（今治市クリーンセンター）駐車場,愛媛県今治市町谷甲394番地,,,0898-48-3601,1,1,1,,1,,1,,1,42800,,,,,愛媛県今治市町谷甲394番地,E3820200149201,34.020880874922,132.99863249675,matched_by_id
E3820200076201,清水小学校運動場,愛媛県今治市五十嵐甲13-3,,,0898-22-2556,,1,1,,1,,1,,1,17356,,,,,愛媛県今治市五十嵐甲13-3,E3820200076201,34.032769979085,132.98450628229,matched_by_id
E3820200202201,日高小学校運動場,愛媛県今治市別名446-2,,,0898-22-2548,,1,1,,1,,1,,1,15670,,,,,愛媛県今治市別名446-2,E3820200202201,34.045698887365,132.97629128928,matched_by_id
E3820200179201,イオン今治店駐車場,愛媛県今治市馬越町4-8-1,,,0898-25-3131,,1,1,,1,,1,,,24000,,,,,愛媛県今治市馬越町4-8-1,E3820200179201,34.05567545,132.9802971,matched_by_id
E3820200002201,イオンモール今治新都市駐車場,愛媛県今治市にぎわい広場1番地1,,,0898-34-3701,1,1,1,,1,,1,,,204874,,,,,愛媛県今治市にぎわい広場1番地1,E3820200002201,34.044118839969,132.96212991587,matched_by_id
E3820200087201,西中学校運動場,愛媛県今治市山路554-3,,,0898-22-0411,1,1,1,,1,,1,,1,18884,,,,,愛媛県今治市山路554-3,E3820200087201,34.057796396354,132.97655944091,matched_by_id
E3820200005201,乃万小学校運動場,愛媛県今治市延喜甲349,,,0898-32-2569,1,1,1,,1,,,,1,10084,,,,,愛媛県今治市延喜甲349,E3820200005201,34.064290819505,132.95758400433,matched_by_id
E3820200214201,今治明徳短期大学運動場,愛媛県今治市矢田甲688,,,0898-22-7279,1,1,1,,1,,,,1,19160,,,,,愛媛県今治市矢田甲688,E3820200214201,34.060418738563,132.96852310395,matched_by_id
E3820200134201,波止浜小学校運動場,愛媛県今治市地堀1-3-40,,,0898-41-9049,1,1,,,,,,,1,13484,,,,,愛媛県今治市地堀1-3-40,E3820200134201,34.105685249616,132.9652087498,matched_by_id
E3820200140201,北郷中学校運動場,愛媛県今治市中堀4-1-1,,,0898-41-9051,1,1,,,1,,,,1,24336,,,,,愛媛県今治市中堀4-1-1,E3820200140201,34.100827279917,132.95842273811,matched_by_id
E3820200145201,朝倉中学校運動場,愛媛県今治市朝倉北甲273,,,0898-56-2016,,1,1,,1,,,,1,32448,,,,,愛媛県今治市朝倉北甲273,E3820200145201,33.997503431234,133.01685474333,matched_by_id
E3820200146201,朝倉小学校運動場,愛媛県今治市朝倉北甲281,,,0898-56-2004,,1,1,,1,,,,1,6600,,,,,愛媛県今治市朝倉北甲281,E3820200146201,33.998718401493,133.01643244406,matched_by_id
E3820200056201,玉川中学校運動場,愛媛県今治市玉川町高野甲21,,,0898-55-2019,1,,1,,1,,,,1,15858,,,,,愛媛県今治市玉川町高野甲21,E3820200056201,34.018373504779,132.94351096202,matched_by_id
E3820200062201,鴨部小学校運動場,愛媛県今治市玉川町中村甲574-1,,,0898-55-2115,1,,1,,1,,,,1,10130,,,,,愛媛県今治市玉川町中村甲574-1,E3820200062201,34.022131802297,132.95620811919,matched_by_id
E3820200060201,九和小学校運動場,愛媛県今治市玉川町摺木甲71-1,,,0898-55-2117,1,1,1,,1,,,,1,14262,,,,,愛媛県今治市玉川町摺木甲71-1,E3820200060201,34.021196986018,132.93850650308,matched_by_id
E3820200063201,鈍川収蔵庫（旧鈍川小学校運動場）,愛媛県今治市玉川町鈍川丙226,,,0898-55-2211,1,,1,,1,,,,1,8336,,,,,愛媛県今治市玉川町鈍川丙226,E3820200063201,33.986093566997,132.95740403982,matched_by_id
E3820200059201,玉川総合公園運動場多目的広場,愛媛県今治市玉川町摺木甲108,,,0898-55-4656,1,,1,,1,,,,1,30204,,,,,愛媛県今治市玉川町摺木甲108,E3820200059201,34.02173087,132.9365953,matched_by_id
E3820200178201,波方小学校運動場,愛媛県今治市波方町養老甲803-1,,,0898-41-9122,,,1,,1,,,,1,18650,,,,,愛媛県今治市波方町養老甲803-1,E3820200178201,34.104581507225,132.94609660433,matched_by_id
E3820200170201,波方公園運動場多目的広場,愛媛県今治市波方町樋口乙730,,,0898-41-5598,,,1,,1,,1,,1,21400,,,,,愛媛県今治市波方町樋口乙730,E3820200170201,34.10386671,132.9491112,matched_by_id
E3820200167201,国立波方海上技術短期大学校運動場,愛媛県今治市波方町波方甲1634-1,,,0898-41-9640,,,1,,1,,,,1,7200,,,,,愛媛県今治市波方町波方甲1634-1,E3820200167201,34.118506751166,132.95638557219,matched_by_id
E3820200126201,大西中学校運動場,愛媛県今治市大西町九王甲 2280-1,,,0898-53-2038,,1,,,,,,,1,23918,,,,,愛媛県今治市大西町九王甲 2280-1,E3820200126201,34.066117792188,132.92667472217,matched_by_id
E3820200131201,大西小学校運動場,愛媛県今治市大西町大井浜103,,,0898-53-2037,,1,,,,,1,,1,9116,,,,,愛媛県今治市大西町大井浜103,E3820200131201,34.063453533318,132.92317725954,matched_by_id
E3820200123201,藤山健康文化公園,愛媛県今治市大西町宮脇乙579-1,,,0898-53-2313,,1,1,,1,,1,,1,22704,,,,,愛媛県今治市大西町宮脇乙579-1,E3820200123201,34.06088394,132.9299738,matched_by_id
E3820200025201,亀岡小学校運動場,愛媛県今治市菊間町種52,,,0898-54-2163,,1,,,,,,,1,7800,,,,,愛媛県今治市菊間町種52,E3820200025201,34.054804644484,132.87327556571,matched_by_id
E3820200031201,菊間中学校運動場,愛媛県今治市菊間町浜2628-1,,,0898-54-2069,,,1,,1,,,,1,30806,,,,,愛媛県今治市菊間町浜2628-1,E3820200031201,34.032019549215,132.85243636118,matched_by_id
E3820200028201,菊間小学校運動場,愛媛県今治市菊間町長坂2000-1,,,0898-54-2025,,1,1,,1,,,,1,14228,,,,,愛媛県今治市菊間町長坂2000-1,E3820200028201,34.032576013104,132.8459223543,matched_by_id
E3820200026201,菊間緑の広場公園運動場多目的広場,愛媛県今治市菊間町池原1463-2,,,0898-54-5730,,1,1,,1,,,,1,27106,,,,,愛媛県今治市菊間町池原1463-2,E3820200026201,34.03230634,132.862483,matched_by_id
E3820200038201,吉海小学校運動場,愛媛県今治市吉海町八幡157,,,0897-84-2609,,1,,,,,,,1,10962,,,,,愛媛県今治市吉海町八幡157,E3820200038201,34.144485743094,133.04085742817,matched_by_id
E3820200040201,旧吉海老人福祉センター駐車場,愛媛県今治市吉海町名1466,,,0897-84-4110,,1,1,,1,,,,1,800,,,,,愛媛県今治市吉海町名1466,E3820200040201,34.133331433259,133.04100998724,matched_by_id
E3820200036201,大島バスストップ入口,愛媛県今治市吉海町仁江６７８他,,,0898-36-1558,,1,1,,1,,,,,3640,,,,,愛媛県今治市吉海町仁江６７８他,E3820200036201,34.155986699201,133.06470115463,matched_by_id
E3820200050201,宮窪小学校運動場,愛媛県今治市宮窪町宮窪4765,,,0897-86-2117,,,1,,1,,,,1,11000,,,,,愛媛県今治市宮窪町宮窪4765,E3820200050201,34.172003719082,133.0723354313,matched_by_id
E3820200049201,宮窪石文化運動公園野球場,愛媛県今治市宮窪町宮窪3546,,,0897-86-2456,,1,1,,1,,,,1,30000,,,,,愛媛県今治市宮窪町宮窪3546,E3820200049201,34.159363535302,133.06967228616,matched_by_id
E3820200045201,村上海賊ミュージアム駐車場,愛媛県今治市宮窪町宮窪1285,,,0897-74-1065,,1,1,,1,,,,1,6000,,,,,愛媛県今治市宮窪町宮窪1285,E3820200045201,34.168617938568,133.08787284674,matched_by_id
E3820200191201,伯方中学校運動場,愛媛県今治市伯方町木浦甲4134-1,,,0897-72-1055,,,1,,1,,,,1,29868,,,,,愛媛県今治市伯方町木浦甲4134-1,E3820200191201,34.212595099939,133.10662003955,matched_by_id
E3820200188201,伯方小学校運動場,愛媛県今治市伯方町木浦甲3599-2,,,0897-72-0030,,,1,,1,,,,1,12800,,,,,愛媛県今治市伯方町木浦甲3599-2,E3820200188201,34.204716993703,133.11161472778,matched_by_id
E3820200192201,今治西高等学校伯方分校運動場,愛媛県今治市伯方町有津甲2358,,,0897-72-0034,,1,,,1,,,,1,23446,,,,,愛媛県今治市伯方町有津甲2358,E3820200192201,34.201596860859,133.10110472523,matched_by_id
E3820200098201,上浦小学校運動場,愛媛県今治市上浦町井口4497-1,,,0897-87-2011,,1,1,,1,,,,1,12520,,,,,愛媛県今治市上浦町井口4497-1,E3820200098201,34.263134541059,133.03224751251,matched_by_id
E3820200099201,大三島中学校運動場,愛媛県今治市上浦町井口5610,,,0897-87-3400,,1,,,1,,,,1,34744,,,,,愛媛県今治市上浦町井口5610,E3820200099201,34.264918105842,133.03653416539,matched_by_id
E3820200114201,大三島小学校運動場,愛媛県今治市大三島町宮浦5145,,,0897-82-0027,,,,,1,,,,1,13588,,,,,愛媛県今治市大三島町宮浦5145,E3820200114201,34.246546078624,133.0010880505,matched_by_id
E3820200013201,岡村小学校運動場,愛媛県今治市関前岡村甲415,,,0897-88-2531,,,1,,1,,,,1,2896,,,,,愛媛県今治市関前岡村甲415,E3820200013201,34.187788456096,132.88327913909,matched_by_id
E3820300092201,城北中学校,愛媛県宇和島市和霊町1344－1,,,0895-22-0281,1,,,1,,,,,1,10310,,,,,愛媛県宇和島市和霊町1344－1,E3820300092201,33.291006538104,132.60253841947,matched_by_id
E3820300004201,和霊公園,愛媛県宇和島市和霊公園,,,0895-24-1111,,1,,1,,,,,,11800,,,,,愛媛県宇和島市和霊公園,E3820300004201,33.170266195695,132.46493973313,matched_by_id
E3820300151201,遊子小学校,愛媛県宇和島市遊子3624,,,0895-62-0017,1,,,1,,,,,1,3769,,,,,愛媛県宇和島市遊子3624,E3820300151201,33.064237222221,132.48989001244,matched_by_id
E3820300190201,宇和津小学校,愛媛県宇和島市妙典寺前乙640,,,0895-22-0341,1,,1,1,1,,,,1,4600,,,,,愛媛県宇和島市妙典寺前乙640,E3820300190201,33.223435554755,132.52569352829,matched_by_id
E3820300134201,城南中学校,愛媛県宇和島市文京町3－2,,,0895-22-1274,1,1,,1,,,,,1,14130,,,,,愛媛県宇和島市文京町3－2,E3820300134201,33.200030519743,132.50553026367,matched_by_id
E3820300141201,旧九島小学校,愛媛県宇和島市百之浦1262－6,,,0895-22-3162,1,,,1,,,,,1,4632,,,,,愛媛県宇和島市百之浦1262－6,E3820300141201,33.212980305703,132.51500761366,matched_by_id
E3820300180201,日振島小学校,愛媛県宇和島市日振島2069,,,0895-65-0007,1,,,1,,,,,1,3347,,,,,愛媛県宇和島市日振島2069,E3820300180201,33.100099109061,132.47982230075,matched_by_id
E3820300177201,天赦公園,愛媛県宇和島市天赦公園,,,0895-25-2709,,1,,1,,,,,,26200,,,,,愛媛県宇和島市天赦公園,E3820300177201,33.120122551504,132.47410278526,matched_by_id
E3820300171201,下灘小学校,愛媛県宇和島市津島町鼡鳴135,,,0895-35-0010,1,,,1,,,,,1,4644,,,,,愛媛県宇和島市津島町鼡鳴135,E3820300171201,33.056737851658,132.42976974529,matched_by_id
E3820300170201,旧曽根小学校,愛媛県宇和島市津島町脇706,,,0895-24-1111,1,,1,1,,,,,1,2002,,,,,愛媛県宇和島市津島町脇706,E3820300170201,33.061981666191,132.41649541642,matched_by_id
E3820300173201,下灘公民館,愛媛県宇和島市津島町嵐586,,,0895-35-0001,1,,,1,,,,,1,758,,,,,愛媛県宇和島市津島町嵐586,E3820300173201,33.056325285999,132.45672968447,matched_by_id
E3820300157201,御槇小学校,愛媛県宇和島市津島町槙川1967,,,0895-36-0010,1,1,1,1,1,,,,1,8678,,,,,愛媛県宇和島市津島町槙川1967,E3820300157201,33.126317406736,132.52153132601,matched_by_id
E3820300029201,旧南部小学校,愛媛県宇和島市津島町北灘丁930－1,,,0895-24-1111,1,,,1,,,,,1,3233,,,,,愛媛県宇和島市津島町北灘丁930－1,E3820300029201,33.278719347642,132.533863774,matched_by_id
E3820300080201,北灘小学校,愛媛県宇和島市津島町北灘乙153,,,0895-32-2905,1,,,1,,,,,1,4540,,,,,愛媛県宇和島市津島町北灘乙153,E3820300080201,33.290942283587,132.60793717816,matched_by_id
E3820300032201,旧由良小学校平井分校,愛媛県宇和島市津島町平井366,,,0895-24-1111,1,,1,1,,,,,1,3522,,,,,愛媛県宇和島市津島町平井366,E3820300032201,33.279598935364,132.53937088103,matched_by_id
E3820300145201,旧由良小学校,愛媛県宇和島市津島町成408,,,0895-24-1111,1,,,1,,,,,1,2468,,,,,愛媛県宇和島市津島町成408,E3820300145201,33.21423670586,132.57449629007,matched_by_id
E3820300202201,旧由良小学校須下分校,愛媛県宇和島市津島町須下181－7,,,0895-24-1111,1,,1,1,,,,,1,2446,,,,,愛媛県宇和島市津島町須下181－7,E3820300202201,33.212609545587,132.56840931712,matched_by_id
E3820300163201,畑地小学校,愛媛県宇和島市津島町上畑地甲80,,,0895-32-2752,1,1,1,1,1,,,,1,5614,,,,,愛媛県宇和島市津島町上畑地甲80,E3820300163201,33.134934238051,132.52558074456,matched_by_id
E3820300132201,三島集会所,愛媛県宇和島市津島町上畑地甲6－1,,,0895-24-1111,1,,,1,1,,,,,210,,,,,愛媛県宇和島市津島町上畑地甲6－1,E3820300132201,33.223299082112,132.56059624834,matched_by_id
E3820300015201,津島中学校,愛媛県宇和島市津島町高田丙355,,,0895-32-2300,,,1,1,,,,,1,18703,,,,,愛媛県宇和島市津島町高田丙355,E3820300015201,33.270021123474,132.49144140986,matched_by_id
E3820300017201,宇和島東高等学校津島分校,愛媛県宇和島市津島町高田甲2469－1,,,0895-32-2304,1,,1,1,1,,,,1,8396,,,,,愛媛県宇和島市津島町高田甲2469－1,E3820300017201,33.272048034617,132.48798049043,matched_by_id
E3820300179201,清満小学校,愛媛県宇和島市津島町岩渕丙395,,,0895-32-2028,,1,1,1,1,,,,1,7126,,,,,愛媛県宇和島市津島町岩渕丙395,E3820300179201,33.077856102002,132.48744270094,matched_by_id
E3820300181201,津島支所（岩松公民館）,愛媛県宇和島市津島町岩松甲471,,,"(支)0895-32-2721
(公)0895-32-2725",,1,1,1,,,,,1,6086,,,,,愛媛県宇和島市津島町岩松甲471,E3820300181201,33.084911064971,132.47844798558,matched_by_id
E3820300059201,岩松小学校,愛媛県宇和島市津島町岩松503,,,0895-32-2508,,1,1,1,,,,,1,9806,,,,,愛媛県宇和島市津島町岩松503,E3820300059201,33.224403967857,132.36422884339,matched_by_id
E3820300021201,上槇小学校跡地,愛媛県宇和島市津島町下畑地乙140-1,,,0895-24-1111,1,,1,1,1,,,,,1808,,,,,愛媛県宇和島市津島町下畑地乙140-1,E3820300021201,33.288770143997,132.50420033706,matched_by_id
E3820300020201,旧浦知小学校,愛媛県宇和島市津島町浦知380,,,0895-24-1111,1,,1,1,,,,,1,2762,,,,,愛媛県宇和島市津島町浦知380,E3820300020201,33.288859827896,132.50381946338,matched_by_id
E3820300155201,愛宕公園,愛媛県宇和島市大超寺奥丙165－1,,,0895-24-1111,1,,,1,1,,,,,12400,,,,,愛媛県宇和島市大超寺奥丙165－1,E3820300155201,33.125318917336,132.52022298094,matched_by_id
E3820300022201,旧石応小学校,愛媛県宇和島市石応1616,,,0895-24-1111,1,,,1,,,,,1,4676,,,,,愛媛県宇和島市石応1616,E3820300022201,33.292339804133,132.52054342187,matched_by_id
E3820300019201,城東中学校,愛媛県宇和島市新田町3－3－1,,,0895-22-3043,1,1,,1,,,,,1,9030,,,,,愛媛県宇和島市新田町3－3－1,E3820300019201,33.292413686743,132.52160015621,matched_by_id
E3820300031201,旧蒋淵小学校,愛媛県宇和島市蒋淵983,,,0895-63-0004,1,1,,1,,,,,1,2988,,,,,愛媛県宇和島市蒋淵983,E3820300031201,33.2851416766,132.53354586,matched_by_id
E3820300039201,旧小池小学校,愛媛県宇和島市小池1679－3,,,0895-24-1111,1,,,1,,,,,1,5508,,,,,愛媛県宇和島市小池1679－3,E3820300039201,33.285966777534,132.54074187153,matched_by_id
E3820300026201,宇和島市役所,愛媛県宇和島市曙町１,,,0895-24-1111,1,1,,1,,,,,1,10154,,,,,愛媛県宇和島市曙町１,E3820300026201,33.280078793573,132.53934405893,matched_by_id
E3820300034201,石丸公園,愛媛県宇和島市祝森,,,0895-24-1111,1,1,,1,1,,,,,3800,,,,,愛媛県宇和島市祝森,E3820300034201,33.318971531402,132.51373571508,matched_by_id
E3820300053201,住吉小学校,愛媛県宇和島市住吉町807－2,,,0895-22-0098,1,,,1,,,,,1,7551,,,,,愛媛県宇和島市住吉町807－2,E3820300053201,33.204052532542,132.54282445462,matched_by_id
E3820300023201,二名小学校,愛媛県宇和島市三間町大内64,,,0895-58-2147,1,,1,1,1,,,,1,3459,,,,,愛媛県宇和島市三間町大内64,E3820300023201,33.275600152402,132.5412797437,matched_by_id
E3820300035201,成妙小学校,愛媛県宇和島市三間町成家759,,,0895-58-2037,1,,1,1,1,,,,1,4128,,,,,愛媛県宇和島市三間町成家759,E3820300035201,33.318608195677,132.51828411335,matched_by_id
E3820300038201,三間町運動公園,愛媛県宇和島市三間町黒井地1542,,,0895-58-4222,1,1,,1,1,,,,,12000,,,,,愛媛県宇和島市三間町黒井地1542,E3820300038201,33.318010868439,132.52036268737,matched_by_id
E3820300049201,北宇和高等学校三間分校,愛媛県宇和島市三間町戸雁764－3,,,0895-58-2031,1,1,1,1,1,,,,1,7089,,,,,愛媛県宇和島市三間町戸雁764－3,E3820300049201,33.267975553124,132.54302264159,matched_by_id
E3820300005201,三間中学校,愛媛県宇和島市三間町戸雁1046,,,0895-58-2006,1,1,1,1,1,,,,1,11188,,,,,愛媛県宇和島市三間町戸雁1046,E3820300005201,33.167221847922,132.45736292856,matched_by_id
E3820300058201,三間支所（三間公民館）,愛媛県宇和島市三間町宮野下835,,,0895-58-3311,1,1,1,1,1,,,,1,3425,,,,,愛媛県宇和島市三間町宮野下835,E3820300058201,33.202507862417,132.36010189846,matched_by_id
E3820300178201,三間小学校,愛媛県宇和島市三間町宮野下493,,,0895-58-2030,1,1,1,1,1,,,,1,5263,,,,,愛媛県宇和島市三間町宮野下493,E3820300178201,33.09647948655,132.63394734161,matched_by_id
E3820300067201,旧三浦小学校,愛媛県宇和島市三浦西新23－1,,,0895-29-0028,1,,,1,,,,,1,3917,,,,,愛媛県宇和島市三浦西新23－1,E3820300067201,33.255138674642,132.57241867507,matched_by_id
E3820300075201,高光小学校,愛媛県宇和島市高串2－121－1,,,0895-22-1861,1,,1,1,1,,,,1,4413,,,,,愛媛県宇和島市高串2－121－1,E3820300075201,33.169505388463,132.50601099899,matched_by_id
E3820300079201,嘉島小学校,愛媛県宇和島市戸島4110,,,0895-64-0027,1,1,,1,,,,,1,1473,,,,,愛媛県宇和島市戸島4110,E3820300079201,33.289486808663,132.60414898183,matched_by_id
E3820300089201,戸島小学校,愛媛県宇和島市戸島2335,,,0895-64-0024,1,,,1,,,,,1,4525,,,,,愛媛県宇和島市戸島2335,E3820300089201,33.289809667615,132.60244309691,matched_by_id
E3820300093201,番城小学校,愛媛県宇和島市宮下甲201,,,0895-27-0715,1,,1,1,1,,,,1,8668,,,,,愛媛県宇和島市宮下甲201,E3820300093201,33.30924593,132.59693711,matched_by_id
E3820300168201,宮下ふれあい広場,愛媛県宇和島市宮下乙605,,,0895-24-1111,1,1,,1,1,,,,,13891,,,,,愛媛県宇和島市宮下乙605,E3820300168201,33.083479202878,132.50589093444,matched_by_id
E3820300042201,君ヶ浦公園,愛媛県宇和島市吉田町立間尻甲114－1,,,0895-24-1111,1,,,1,1,,,,,2000,,,,,愛媛県宇和島市吉田町立間尻甲114－1,E3820300042201,33.292236749096,132.54650219932,matched_by_id
E3820300128201,味楽共選場,愛媛県宇和島市吉田町立間2－2222,,,0895-52-1120,,1,1,1,1,,,,,4000,,,,,愛媛県宇和島市吉田町立間2－2222,E3820300128201,33.230357842642,132.55559358219,matched_by_id
E3820300138201,中組集会所,愛媛県宇和島市吉田町立間1－653－1,,,0895-52-1841,,,1,1,1,,,,,135,,,,,愛媛県宇和島市吉田町立間1－653－1,E3820300138201,33.200564885206,132.40760311317,matched_by_id
E3820300153201,寺家郷蔵集会所,愛媛県宇和島市吉田町立間1－3730－2,,,0895-52-0182,,,1,1,1,,,,,99,,,,,愛媛県宇和島市吉田町立間1－3730－2,E3820300153201,33.055811607364,132.5549969363,matched_by_id
E3820300139201,大河内下集会所,愛媛県宇和島市吉田町立間1－1969－6,,,0895-52-2008,,,,1,1,,,,,125,,,,,愛媛県宇和島市吉田町立間1－1969－6,E3820300139201,33.212088444817,132.55777636369,matched_by_id
E3820300194201,吉田高校グランド,愛媛県宇和島市吉田町北小路甲10,,,0895-52-0565,,1,1,1,,,,,1,6556,,,,,愛媛県宇和島市吉田町北小路甲10,E3820300194201,33.215917405265,132.55906136373,matched_by_id
E3820300213201,玉津公民館,愛媛県宇和島市吉田町法花津7－360－1,,,0895-52-1001,1,,1,1,,,,,1,629,,,,,愛媛県宇和島市吉田町法花津7－360－1,E3820300213201,33.230161276214,132.56634641573,matched_by_id
E3820300024201,玉津共選場,愛媛県宇和島市吉田町法花津6－78－2,,,0895-52-1212,1,,1,1,,,,,,408,,,,,愛媛県宇和島市吉田町法花津6－78－2,E3820300024201,33.317913,132.505787,matched_by_id
E3820300102201,宮の浦集会所,愛媛県宇和島市吉田町法花津1－8－1,,,0895-52-1860,1,1,,1,,,,,,140,,,,,愛媛県宇和島市吉田町法花津1－8－1,E3820300102201,33.299109354942,132.59374854134,matched_by_id
E3820300158201,白浦コミュニティセンター,愛媛県宇和島市吉田町白浦2031－3,,,0895-24-1111,1,1,,1,,,,,,213,,,,,愛媛県宇和島市吉田町白浦2031－3,E3820300158201,33.124792932294,132.55073630534,matched_by_id
E3820300129201,吉田支所（吉田公民館）,愛媛県宇和島市吉田町東小路甲106,,,"(支)0895-52-1111
(公)0895-52-0076",1,1,,1,,,,,1,2379,,,,,愛媛県宇和島市吉田町東小路甲106,E3820300129201,33.180675907871,132.54311272282,matched_by_id
E3820300016201,吉田公園自由広場,愛媛県宇和島市吉田町鶴間新63,,,0895-24-1111,,,,1,,,,,,4000,,,,,愛媛県宇和島市吉田町鶴間新63,E3820300016201,33.274678849888,132.47941731241,matched_by_id
E3820300041201,ふれあい運動公園,愛媛県宇和島市吉田町鶴間1507,,,0895-52-4155,1,,,1,1,,,,1,1410,,,,,愛媛県宇和島市吉田町鶴間1507,E3820300041201,33.308190049415,132.5604002942,matched_by_id
E3820300044201,吉田児童公園,愛媛県宇和島市吉田町西小路7,,,0895-24-1111,,1,,1,,,,,,850,,,,,愛媛県宇和島市吉田町西小路7,E3820300044201,33.298142058669,132.55396027349,matched_by_id
E3820300018201,深浦集会所,愛媛県宇和島市吉田町深浦1－407－4,,,0895-52-2960,,1,,1,,,,,,131,,,,,愛媛県宇和島市吉田町深浦1－407－4,E3820300018201,33.293516407005,132.52901837597,matched_by_id
E3820300165201,魚棚児童遊園,愛媛県宇和島市吉田町魚棚35－1,,,0895-24-1111,,1,,1,,,,,,304,,,,,愛媛県宇和島市吉田町魚棚35－1,E3820300165201,33.120808978552,132.51648428334,matched_by_id
E3820300183201,喜佐方公民館,愛媛県宇和島市吉田町河内甲72－1,,,0895-52-0068,1,,,1,1,,,,1,446,,,,,愛媛県宇和島市吉田町河内甲72－1,E3820300183201,33.21619151858,132.56135345634,matched_by_id
E3820300013201,河内中集会所,愛媛県宇和島市吉田町河内甲579,,,0895-52-2515,1,1,1,1,1,,,,,172,,,,,愛媛県宇和島市吉田町河内甲579,E3820300013201,33.221822812477,132.57284262243,matched_by_id
E3820300110201,河内中住民レク広場,愛媛県宇和島市吉田町河内甲564,,,0895-24-1111,,,1,1,1,,,,,1200,,,,,愛媛県宇和島市吉田町河内甲564,E3820300110201,33.286883848771,132.64312976593,matched_by_id
E3820300186201,喜佐方小学校グランド,愛媛県宇和島市吉田町沖村甲2325－1,,,0895-52-0563,1,,1,1,1,,,,1,3950,,,,,愛媛県宇和島市吉田町沖村甲2325－1,E3820300186201,33.168670563629,132.29027402764,matched_by_id
E3820300033201,鳥首公民館（鳥首集会所）,愛媛県宇和島市吉田町沖村甲1882-3、1883-1,,,0895-52-2513,1,,1,1,1,,,,,145,,,,,愛媛県宇和島市吉田町沖村甲1882-3、1883-1,E3820300033201,33.310298567645,132.52873253656,matched_by_id
E3820300169201,奥南小学校グランド,愛媛県宇和島市吉田町奥浦甲65－1,,,0895-54-0013,1,,,1,,,,,1,2668,,,,,愛媛県宇和島市吉田町奥浦甲65－1,E3820300169201,33.08851603141,132.51439553384,matched_by_id
E3820300054201,船間集会所,愛媛県宇和島市吉田町奥浦甲3248－3,,,0895-24-1111,1,,,1,,,,,,142,,,,,愛媛県宇和島市吉田町奥浦甲3248－3,E3820300054201,33.200968847271,132.54988402873,matched_by_id
E3820300174201,奥南公民館,愛媛県宇和島市吉田町奥浦甲1－1,,,0895-54-0001,1,,,1,,,,,1,536,,,,,愛媛県宇和島市吉田町奥浦甲1－1,E3820300174201,33.141658511574,132.46843087682,matched_by_id
E3820300047201,天神小学校,愛媛県宇和島市丸穂町甲978,,,0895-22-0428,1,1,1,1,1,,,,1,8850,,,,,愛媛県宇和島市丸穂町甲978,E3820300047201,33.29486923235,132.54070201703,matched_by_id
E3820300208201,結出小学校,愛媛県宇和島市下波3731・3739・3740,,,0895-29-0040,1,,,1,,,,,1,3118,,,,,愛媛県宇和島市下波3731・3739・3740,E3820300208201,33.193958407404,132.45507601203,matched_by_id
E3820300212201,旧宇和海中学校,愛媛県宇和島市下波2952－1,,,0895-29-0311,1,,,1,,,,,1,13298,,,,,愛媛県宇和島市下波2952－1,E3820300212201,33.228217844101,132.56554136009,matched_by_id
E3820300001201,和霊小学校,愛媛県宇和島市伊吹町甲111,,,0895-22-0358,1,1,1,1,1,,,,1,6000,,,,,愛媛県宇和島市伊吹町甲111,E3820300001201,33.230814162349,132.57563222334,matched_by_id
E3820400030204,白浜小学校　体育館,愛媛県,八幡浜市向灘,3063,(0894)22-0135,,,,1,,,,,1,580,1.0,,,,愛媛県八幡浜市向灘3063,E3820400030204,33.465787753664,132.42413919776,matched_by_id
E3820400030203,白浜小学校　東校舎　（洪水・土砂災害・高潮は２階以上）,愛媛県,八幡浜市向灘,3063,(0894)22-0135,1,1,1,,,,,,1,434,1.0,,,,愛媛県八幡浜市向灘3063,E3820400030203,33.465483447736,132.42427330821,matched_by_id
E3820400030202,白浜小学校　西校舎　（洪水・土砂災害・高潮は２階以上）,愛媛県,八幡浜市向灘,3063,(0894)22-0135,1,1,1,1,,,,,1,712,1.0,,,,愛媛県八幡浜市向灘3063,E3820400030202,33.465514773395,132.42349010318,matched_by_id
E3820400030201,白浜小学校　グラウンド,愛媛県,八幡浜市向灘,3063,(0894)22-0135,,,,1,,1,,,1,7361,1.0,,,,愛媛県八幡浜市向灘3063,E3820400030201,33.465452122066,132.42382806151,matched_by_id
E3820400004201,白浜保育所　（洪水・土砂災害・高潮は２階以上）,愛媛県,八幡浜市裁判所通,1550-20,(0894)22-2454,1,1,1,1,,,,,1,479,1.0,,,,愛媛県八幡浜市裁判所通1550-20,E3820400105201,33.466306333926,132.42508149049,matched_by_name_address
E3820400101202,白浜地区公民館　（洪水・高潮は２階以上）,愛媛県,八幡浜市北浜一丁目,7-30,(0894)24-5640,1,1,1,1,,,,,1,287,1.0,,,,愛媛県八幡浜市北浜一丁目7-30,E3820400101202,33.463607473636,132.42289807504,matched_by_id
E3820400100201,八幡浜市民スポーツセンター,愛媛県,八幡浜市北浜一丁目,5-1,(0894)22-3110,1,1,,1,,,,,1,2051,1.0,,,,愛媛県八幡浜市北浜一丁目5-1,E3820400100201,33.46322511965,132.42172299709,matched_by_id
E3820400096201,八幡浜市役所八幡浜庁舎　（５階以上）,愛媛県,八幡浜市北浜一丁目,1-1,(0894)22-3111,1,1,1,1,1,,,,1,496,1.0,,,,愛媛県八幡浜市北浜一丁目1-1,E3820400096201,33.462909472903,132.42329125363,matched_by_id
E3820400028201,介護老人保健施設青葉荘　（４階以上）,愛媛県,八幡浜市向灘,229-14,(0894)22-5855,,,,,1,,,,,1120,1.0,,,,愛媛県八幡浜市向灘229-14,E3820400028201,33.466448334437,132.42398453359,matched_by_id
E3820400029201,特別養護老人ホームことぶき荘　（４階）,愛媛県,八幡浜市向灘,229-18,(0894)24-6655,,,,,1,,,,,374,1.0,,,,愛媛県八幡浜市向灘229-18,E3820400029201,33.466385683782,132.42457998399,matched_by_id
E3820400099201,愛媛県南予地方局八幡浜支局（７階）,愛媛県,八幡浜市北浜一丁目,3-37,(0894)22-4111,,,,,1,,,,,600,1.0,,,,愛媛県八幡浜市北浜一丁目3-37,E3820400099201,33.461657608384,132.42237790776,matched_by_id
E3820400008201,池上マンション　（４階以上）,愛媛県,八幡浜市琴平町,348-1,(0894)22-3111,,,,,1,,,,,353,1.0,,,,愛媛県八幡浜市琴平町348-1,E3820400110201,33.462083034235,132.42464703398,matched_by_name_address
E3820400101201,北浜多目的広場,愛媛県,八幡浜市北浜一丁目,7-30,(0894)23-1855,,,,1,,1,,,1,3600,1.0,,,,愛媛県八幡浜市北浜一丁目7-30,E3820400101201,33.464074637582,132.42321924273,matched_by_id
E3820400032203,松蔭小学校　体育館,愛媛県,八幡浜市広瀬,3-4-3,(0894)22-0212,,,,1,,,,,1,570,1.0,,,,愛媛県八幡浜市広瀬3-4-3,E3820400032203,33.454368166683,132.42661457602,matched_by_id
E3820400032202,松蔭小学校　本校舎　（洪水は３階以上、土砂災害・高潮は２階以上）,愛媛県,八幡浜市広瀬,3-4-3,(0894)22-0212,1,1,1,1,,,,,1,749,1.0,,,,愛媛県八幡浜市広瀬3-4-3,E3820400032202,33.454654609013,132.42700081413,matched_by_id
E3820400032201,松蔭小学校　グラウンド,愛媛県,八幡浜市広瀬,3-4-3,(0894)22-0212,,,,1,,1,,,1,8420,1.0,,,,愛媛県八幡浜市広瀬3-4-3,E3820400032201,33.454189139747,132.42709737364,matched_by_id
E3820400014202,みなと交流館,愛媛県,八幡浜市沖新田,1581-23,(0894)21-3710,,1,,1,,,,,1,266,1.0,,,,愛媛県八幡浜市沖新田1581-23,E3820400014202,33.458201209176,132.41827738529,matched_by_id
E3820400014201,沖新田緑地公園,愛媛県,八幡浜市沖新田,1581-23,(0894)22-3111,,,,1,,1,,,1,4400,1.0,,,,愛媛県八幡浜市沖新田1581-23,E3820400014201,33.458897142115,132.41761756188,matched_by_id
E3820400018201,栗野浦共同作業所,愛媛県,八幡浜市栗野浦,508-2,(0894)22-3111,1,1,1,1,1,,,,1,159,1.0,,,,愛媛県八幡浜市栗野浦508-2,E3820400018201,33.448530336889,132.41082767406,matched_by_id
E3820400005201,松蔭地区公民館　（洪水・高潮は２階以上）,愛媛県,八幡浜市中央,168-1,(0894)24-1130,1,1,1,1,,,,,1,320,1.0,,,,愛媛県八幡浜市中央168-1,E3820400106201,33.458606428588,132.42529594958,matched_by_name_address
E3820400019201,ふれあいセンター,愛媛県,八幡浜市栗野浦,573-1,(0894)24-2585,1,,1,1,,,,,1,141,1.0,,,,愛媛県八幡浜市栗野浦573-1,E3820400019201,33.452070720309,132.41574710986,matched_by_id
E3820400017201,八幡浜児童センター　（土砂災害は２階以上）,愛媛県,八幡浜市栗野浦,463-1,(0894)22-5171,1,1,1,1,,,,,1,290,1.0,,,,愛媛県八幡浜市栗野浦463-1,E3820400017201,33.451481333353,132.41556484493,matched_by_id
E3820400098201,八幡浜商工会館　（４階以上）,愛媛県,八幡浜市北浜一丁目,3-25,(0894)22-3411,,,,,1,,,,,350,1.0,,,,愛媛県八幡浜市北浜一丁目3-25,E3820400098201,33.461194858035,132.42276976634,matched_by_id
E3820400097201,北浜立体駐車場　（４階以上）,愛媛県,八幡浜市北浜一丁目,1590-24,(0894)23-2877,,,,,1,,,,,2533,1.0,,,,愛媛県八幡浜市北浜一丁目1590-24,E3820400097201,33.46208320379,132.42134014893,matched_by_id
E3820400009201,八幡浜ハーバープラザホテル　（４階以上）,愛媛県,八幡浜市仲之町,360,(0894)22-0022,,,,,1,,,,,350,1.0,,,,愛媛県八幡浜市仲之町360,E3820400009201,33.460206269827,132.42371923252,matched_by_id
E3820400003201,スーパーホテル八幡浜　（４階以上）,愛媛県,八幡浜市千代田,1460-123,(0894)20-9000,,,,,1,,,,,900,1.0,,,,愛媛県八幡浜市千代田1460-123,,,,unmatched
E3820400001201,八幡浜センチュリーホテルイトー　（４階以上）,愛媛県,八幡浜市天神通一丁目,1460-7,(0894)22-2200,,,,,1,,,,,170,1.0,,,,愛媛県八幡浜市天神通一丁目1460-7,,,,unmatched
E3820400006201,おるｄｅ新町　（４階以上）,愛媛県,八幡浜市新町三丁目,272-1,(0894)22-0222,,,,,1,,,,,377,1.0,,,,愛媛県八幡浜市新町三丁目272-1,,,,unmatched
,八幡浜港フェリーターミナルビル　（４階のみ）,愛媛県,八幡浜市出島,1581-26,(0894)22-5989,1,1,1,1,1,,,,1,520,1.0,,,,愛媛県八幡浜市出島1581-26,,,,unmatched
E3820400011201,八幡浜市民図書館　（津波は４階・その他は２階以上）,愛媛県,八幡浜市本町一丁目,60-1,(0894)22-0917,1,1,1,1,1,,,,1,550,1.0,,,,愛媛県八幡浜市本町一丁目60-1,,,,unmatched
E3820400007204,愛宕中学校　体育館,愛媛県,八幡浜市愛宕,325,(0894)22-3166,1,1,1,1,1,,,,1,594,1.0,,,,愛媛県八幡浜市愛宕325,,,,unmatched
E3820400007203,愛宕中学校　第１校舎,愛媛県,八幡浜市愛宕,325,(0894)22-3166,1,1,1,1,1,,,,1,382,1.0,,,,愛媛県八幡浜市愛宕325,E3820400108203,33.460838272308,132.42830149279,matched_by_name_address
E3820400007202,愛宕中学校　第２校舎,愛媛県,八幡浜市愛宕,325,(0894)22-3166,1,1,1,1,1,,,,1,682,1.0,,,,愛媛県八幡浜市愛宕325,,,,unmatched
E3820400007201,愛宕中学校　グラウンド,愛媛県,八幡浜市愛宕,325,(0894)22-3166,,,,1,1,1,,,1,9800,1.0,,,,愛媛県八幡浜市愛宕325,E3820400108201,33.460304586989,132.42847476359,matched_by_name_address
E3820400010202,愛宕保育所,愛媛県,八幡浜市愛宕,487-3,(0894)22-4623,1,1,1,,1,,,,1,448,1.0,,,,愛媛県八幡浜市愛宕487-3,E3820400109201,33.459489758584,132.42740348267,matched_by_name_address
E3820400010201,武道館,愛媛県,八幡浜市愛宕,487-3,(0894)24-5813,1,1,1,,1,,,,1,362,1.0,,,,愛媛県八幡浜市愛宕487-3,E3820400109202,33.459658436423,132.42734098714,matched_by_name_address
E3820400034203,江戸岡小学校　体育館　（２階）,愛媛県,八幡浜市江戸岡一丁目,7-1,(0894)22-1046,1,1,1,1,,,,,1,570,1.0,,,,愛媛県八幡浜市江戸岡一丁目7-1,E3820400034203,33.456823088291,132.43363689518,matched_by_id
E3820400034202,江戸岡小学校　校舎　（洪水は２階以上）,愛媛県,八幡浜市江戸岡一丁目,7-1,(0894)22-1046,1,1,1,1,,,,,1,679,1.0,,,,愛媛県八幡浜市江戸岡一丁目7-1,E3820400034202,33.457463088446,132.43382464981,matched_by_id
E3820400034201,江戸岡小学校　グラウンド,愛媛県,八幡浜市江戸岡一丁目,7-1,(0894)22-1046,,,,1,,1,,,1,4482,1.0,,,,愛媛県八幡浜市江戸岡一丁目7-1,E3820400034201,33.457105046984,132.43400704002,matched_by_id
E3820400002201,江戸岡地区公民館　（洪水は２階以上）,愛媛県,八幡浜市東新川,1253-4,(0894)24-5635,1,1,1,1,,,,,1,273,1.0,,,,愛媛県八幡浜市東新川1253-4,E3820400103201,33.45704722721,132.43033862571,matched_by_name_address
E3820400013201,神宮通福祉会館　（洪水・土砂災害は２階以上）,愛媛県,八幡浜市神宮通二丁目,792-1,(0894)24-6650,1,1,1,,,,,,1,105,1.0,,,,愛媛県八幡浜市神宮通二丁目792-1,,,,unmatched
E3820400033201,西宇和農業協同組合本店　（４階以上）,愛媛県,八幡浜市江戸岡一丁目,12-10,(0894)24-1111,,,,,1,,,,,641,1.0,,,,愛媛県八幡浜市江戸岡一丁目12-10,E3820400033201,33.458619162606,132.43644563915,matched_by_id
E3820400049201,四国電力㈱まつかやアパート　（４階以上）,愛媛県,八幡浜市松柏丙,827,(0894)22-3111,,,,,1,,,,,779,1.0,,,,愛媛県八幡浜市松柏丙827,E3820400049201,33.458765566861,132.43266861501,matched_by_id
E3820400012201,八幡浜市民文化活動センター　（洪水・高潮・津波は２階以上）,愛媛県,八幡浜市本町一丁目,62-1,(0894)21-3335,1,1,1,1,1,,,,1,625,1.0,,,,愛媛県八幡浜市本町一丁目62-1,,,,unmatched
E3820400021201,神山地区公民館,愛媛県,八幡浜市元城団地,48,(0894)23-0688,1,1,1,1,1,,,,1,355,1.0,,,,愛媛県八幡浜市元城団地48,E3820400021201,33.446961665999,132.43623216844,matched_by_id
E3820400023202,神山小学校　校舎,愛媛県,八幡浜市五反田,1-154,(0894)22-0365,1,1,1,1,1,,,,1,1510,1.0,,,,愛媛県八幡浜市五反田1-154,E3820400023202,33.44764109033,132.43760609974,matched_by_id
E3820400023203,神山小学校　体育館,愛媛県,八幡浜市五反田,1-154,(0894)22-0365,1,1,1,1,1,,,,1,704,1.0,,,,愛媛県八幡浜市五反田1-154,E3820400023203,33.447387881704,132.43730821344,matched_by_id
E3820400023201,神山小学校　グラウンド,愛媛県,八幡浜市五反田,1-154,(0894)22-0365,,,,1,1,1,,,1,4920,1.0,,,,愛媛県八幡浜市五反田1-154,E3820400023201,33.447710822964,132.4371238624,matched_by_id
E3820400024201,神山児童クラブ,愛媛県,八幡浜市五反田,1-173,(0894)22-3111,1,1,1,1,1,,,,1,196,1.0,,,,愛媛県八幡浜市五反田1-173,E3820400024201,33.447380541086,132.43710720886,matched_by_id
E3820400068204,八代中学校　体育館,愛媛県,八幡浜市八代,1-2-1,(0894)22-2360,1,,1,1,,,,,1,591,1.0,,,,愛媛県八幡浜市八代1-2-1,E3820400068204,33.450505952403,132.43151797072,matched_by_id
E3820400068203,八代中学校　本館,愛媛県,八幡浜市八代,1-2-1,(0894)22-2360,1,1,1,1,,,,,1,868,1.0,,,,愛媛県八幡浜市八代1-2-1,E3820400068203,33.450335869247,132.43081523196,matched_by_id
E3820400068202,八代中学校　木造校舎,愛媛県,八幡浜市八代,1-2-1,(0894)22-2360,1,1,1,1,,,,,1,364,1.0,,,,愛媛県八幡浜市八代1-2-1,E3820400068202,33.450794645416,132.43123848402,matched_by_id
E3820400068201,八代中学校　グラウンド,愛媛県,八幡浜市八代,1-2-1,(0894)22-2360,,,,1,,1,,,1,9614,1.0,,,,愛媛県八幡浜市八代1-2-1,E3820400068201,33.4498703768,132.43089569823,matched_by_id
E3820400026201,神山こども園　（土砂災害は２階以上）,愛媛県,八幡浜市五反田,1-881-2,(0894)22-1093,1,1,1,,1,,,,1,282,1.0,,,,愛媛県八幡浜市五反田1-881-2,E3820400026201,33.448439846876,132.4407703719,matched_by_id
E3820400022204,八幡浜工業高等学校　体育館,愛媛県,八幡浜市古町,2-3-1,(0894)22-2515,1,1,1,1,,,,,1,800,1.0,,,,愛媛県八幡浜市古町2-3-1,E3820400022204,33.45205591281,132.43085621043,matched_by_id
E3820400022203,八幡浜工業高等学校　本館　（土砂災害は２階、津波は４階以上）,愛媛県,八幡浜市古町,2-3-1,(0894)22-2515,1,1,1,1,1,,,,1,923,1.0,,,,愛媛県八幡浜市古町2-3-1,E3820400022203,33.452257323042,132.43127463503,matched_by_id
E3820400022202,八幡浜工業高等学校　武道場,愛媛県,八幡浜市古町,2-3-1,(0894)22-2515,1,1,1,1,,,,,1,198,1.0,,,,愛媛県八幡浜市古町2-3-1,E3820400022202,33.452217041033,132.43177030673,matched_by_id
E3820400022201,八幡浜工業高等学校　グラウンド,愛媛県,八幡浜市古町,2-3-1,(0894)22-2515,,,,1,,1,,,1,15273,1.0,,,,愛媛県八幡浜市古町2-3-1,E3820400022201,33.451572526344,132.43158040686,matched_by_id
E3820400027201,王子の森公園,愛媛県,八幡浜市五反田地内,,(0894)24-5924,,,,1,1,1,,,,16000,1.0,,,,愛媛県八幡浜市五反田地内,E3820400027201,33.448971145541,132.43339233903,matched_by_id
E3820400046204,松柏中学校　体育館,愛媛県,八幡浜市松柏甲,734-1,(0894)22-1208,,,1,1,1,,,,1,549,1.0,,,,愛媛県八幡浜市松柏甲734-1,E3820400046204,33.464931205488,132.44642038328,matched_by_id
E3820400046203,松柏中学校　本館　（洪水・土砂災害は２階以上）,愛媛県,八幡浜市松柏甲,734-1,(0894)22-1208,1,1,1,1,1,,,,1,620,1.0,,,,愛媛県八幡浜市松柏甲734-1,E3820400046203,33.464788001418,132.44585175497,matched_by_id
E3820400046202,松柏中学校　西教棟　（洪水は２階以上）,愛媛県,八幡浜市松柏甲,734-1,(0894)22-1208,1,,1,,1,,,,1,105,1.0,,,,愛媛県八幡浜市松柏甲734-1,E3820400046202,33.464340487171,132.44549770338,matched_by_id
E3820400046201,松柏中学校　グラウンド,愛媛県,八幡浜市松柏甲,734-1,(0894)22-1208,,,,1,1,1,,,1,6547,1.0,,,,愛媛県八幡浜市松柏甲734-1,E3820400046201,33.464416564756,132.44601268751,matched_by_id
E3820400047111,千丈地区公民館,愛媛県,八幡浜市松柏甲,792-3,(0894)24-5295,1,1,1,,1,,,,1,266,1.0,,,,愛媛県八幡浜市松柏甲792-3,,,,unmatched
E3820400048204,八幡浜高等学校　体育館,愛媛県,八幡浜市松柏丙,654,(0894)22-2570,,,1,1,1,,,,1,1134,1.0,,,,愛媛県八幡浜市松柏丙654,E3820400048204,33.462716227422,132.43912581789,matched_by_id
E3820400048203,八幡浜高等学校　格技場,愛媛県,八幡浜市松柏丙,654,(0894)22-2570,,,1,1,1,,,,1,378,1.0,,,,愛媛県八幡浜市松柏丙654,E3820400048203,33.462274207237,132.43847597303,matched_by_id
E3820400048202,八幡浜高等学校　いずしね館　（洪水・土砂災害は２階以上）,愛媛県,八幡浜市松柏丙,654,(0894)22-2570,1,1,1,1,1,,,,1,190,1.0,,,,愛媛県八幡浜市松柏丙654,E3820400048202,33.461856977493,132.43989829409,matched_by_id
E3820400048201,八幡浜高等学校　グラウンド,愛媛県,八幡浜市松柏丙,654,(0894)22-2570,,,,1,1,1,,,1,11598,1.0,,,,愛媛県八幡浜市松柏丙654,E3820400048201,33.461946483092,132.4390485708,matched_by_id
E3820400043201,保健福祉総合センター　（洪水・土砂災害は２階以上）,愛媛県,八幡浜市松柏乙,1101,(0894)24-6626,1,1,1,1,,,,,1,761,1.0,,,,愛媛県八幡浜市松柏乙1101,E3820400043201,33.460284,132.438311,matched_by_id
E3820400016203,千丈小学校　体育館　（土砂災害は２階以上）,愛媛県,八幡浜市郷,4-1,(0894)22-0644,,1,1,1,1,,,,1,495,1.0,,,,愛媛県八幡浜市郷4-1,E3820400016203,33.464619118799,132.45177968592,matched_by_id
E3820400016202,千丈小学校　校舎　（土砂災害は２階以上）,愛媛県,八幡浜市郷,4-1,(0894)22-0644,,1,1,1,1,,,,1,744,1.0,,,,愛媛県八幡浜市郷4-1,E3820400016202,33.464869726256,132.4513558969,matched_by_id
E3820400016201,千丈小学校　グラウンド,愛媛県,八幡浜市郷,4-1,(0894)22-0644,,,,1,1,1,,,1,6548,1.0,,,,愛媛県八幡浜市郷4-1,E3820400016201,33.46448038936,132.45124324412,matched_by_id
E3820400045201,千丈保育所（土砂災害は２階以上）,愛媛県,八幡浜市松柏甲,67-1,(0894)22-2494,,1,1,,1,,,,1,464,1.0,,,,愛媛県八幡浜市松柏甲67-1,E3820400045201,33.465031391251,132.45486823815,matched_by_id
E3820400035202,旧長谷小学校　校舎,愛媛県,八幡浜市高野地,716,(0894)22-3111,1,,1,,1,,,,1,199,1.0,,,,愛媛県八幡浜市高野地716,E3820400035202,33.478711892853,132.449386,matched_by_id
E3820400035201,旧長谷小学校　グラウンド,愛媛県,八幡浜市高野地,716,(0894)22-3111,,,,1,1,1,,,1,1386,1.0,,,,愛媛県八幡浜市高野地716,E3820400035201,33.478649608957,132.44949795537,matched_by_id
E3820400036201,千丈地区公民館高野地分館,愛媛県,八幡浜市高野地,852,(0894)24-0619,1,1,,1,1,,,,1,67,1.0,,,,愛媛県八幡浜市高野地852,E3820400036201,33.479161949574,132.45304350293,matched_by_id
E3820400058201,川之内地区公民館　（土砂災害は２階以上）,愛媛県,八幡浜市川之内,4-149-4,(0894)24-5624,1,1,,1,1,,,,1,225,1.0,,,,愛媛県八幡浜市川之内4-149-4,E3820400058201,33.467004644472,132.4786728292,matched_by_id
E3820400057202,旧川之内小学校　校舎・講堂,愛媛県,八幡浜市川之内,1-182,(0894)22-3111,1,,,,1,,,,1,331,1.0,,,,愛媛県八幡浜市川之内1-182,E3820400057202,33.467791720738,132.48002977289,matched_by_id
E3820400057201,旧川之内小学校　グラウンド,愛媛県,八幡浜市川之内,1-182,(0894)22-3111,,,,1,1,1,,,1,1650,1.0,,,,愛媛県八幡浜市川之内1-182,E3820400057201,33.467673402148,132.48012542022,matched_by_id
E3820400040203,双岩小学校　体育館,愛媛県,八幡浜市若山,3-167,(0894)22-4302,1,1,1,1,1,,,,1,452,1.0,,,,愛媛県八幡浜市若山3-167,E3820400040203,33.420689347606,132.4588705722,matched_by_id
E3820400040202,双岩小学校　校舎,愛媛県,八幡浜市若山,3-167,(0894)22-4302,1,1,1,1,1,,,,1,439,1.0,,,,愛媛県八幡浜市若山3-167,E3820400040202,33.420613231665,132.45814637576,matched_by_id
E3820400040201,双岩小学校　グラウンド,愛媛県,八幡浜市若山,3-167,(0894)22-4302,,,,1,1,1,,,1,5743,1.0,,,,愛媛県八幡浜市若山3-167,E3820400040201,33.421101268009,132.45853261386,matched_by_id
E3820400038202,旧双岩中学校　体育館（土砂災害は２階以上）,愛媛県,八幡浜市若山,1-330-1,(0894)22-3111,1,1,1,1,1,,,,1,540,1.0,,,,愛媛県八幡浜市若山1-330-1,E3820400038202,33.423869071699,132.46089511094,matched_by_id
E3820400038201,旧双岩中学校　校舎,愛媛県,八幡浜市若山,1-330-1,(0894)22-3111,1,1,1,1,1,,,,1,363,1.0,,,,愛媛県八幡浜市若山1-330-1,E3820400038201,33.423797435793,132.46062152562,matched_by_id
E3820400039201,双岩地区公民館　（土砂災害は２階以上）,愛媛県,八幡浜市若山,2-33-4,(0894)22-4360,1,1,1,1,1,,,,1,269,1.0,,,,愛媛県八幡浜市若山2-33-4,E3820400039201,33.42498,132.457929,matched_by_id
E3820400041201,双岩保育所,愛媛県,八幡浜市若山,4-23-3,(0894)22-4359,1,1,1,1,1,,,,1,217,1.0,,,,愛媛県八幡浜市若山4-23-3,E3820400041201,33.424470800596,132.45685566615,matched_by_id
E3820400042201,八幡浜市民スポーツパーク,愛媛県,八幡浜市若山地内,,(0894)22-5595,,,,1,1,1,,,,20655,1.0,,,,愛媛県八幡浜市若山地内,E3820400042201,33.426485425025,132.4483519108,matched_by_id
E3820400037201,舌田地区公民館　（土砂災害・高潮は２階以上）,愛媛県,八幡浜市合田,1229-1,(0894)22-1409,1,1,1,1,,,,,1,218,1.0,,,,愛媛県八幡浜市合田1229-1,E3820400037201,33.439082030931,132.41255399953,matched_by_id
E3820400053203,旧舌田小学校　体育館,愛媛県,八幡浜市舌間,2-544,(0894)22-3111,1,,1,,,,,,1,292,1.0,,,,愛媛県八幡浜市舌間2-544,E3820400053203,33.444880505394,132.41813510737,matched_by_id
E3820400053202,マンダリン（旧舌田小学校校舎）（土砂災害は２階以上）,愛媛県,八幡浜市舌間,2-544,(0894)22-3111,1,1,1,,,,,,1,880,1.0,,,,愛媛県八幡浜市舌間2-544,E3820400053202,33.444374698017,132.41795271716,matched_by_id
E3820400053201,旧舌田小学校　グラウンド,愛媛県,八幡浜市舌間,2-544,(0894)22-3111,,,,1,,1,,,1,4025,1.0,,,,愛媛県八幡浜市舌間2-544,E3820400053201,33.444562697564,132.41829603991,matched_by_id
E3820400054203,川上小学校　体育館　（土砂災害・高潮は２階以上）,愛媛県,八幡浜市川上町川名津甲,305,(0894)27-0120,1,1,1,1,,,,,1,436,1.0,,,,愛媛県八幡浜市川上町川名津甲305,E3820400054203,33.422536966395,132.40844493885,matched_by_id
E3820400054202,川上小学校　校舎（高潮は２階以上）,愛媛県,八幡浜市川上町川名津甲,305,(0894)27-0120,1,,1,,,,,,1,528,1.0,,,,愛媛県八幡浜市川上町川名津甲305,E3820400054202,33.422908582415,132.40758663197,matched_by_id
E3820400054201,川上小学校　グラウンド,愛媛県,八幡浜市川上町川名津甲,305,(0894)27-0120,,,,1,,1,,,1,4300,1.0,,,,愛媛県八幡浜市川上町川名津甲305,E3820400054201,33.422854854896,132.40808552284,matched_by_id
E3820400056201,川上地区公民館　（土砂災害・高潮は２階以上）,愛媛県,八幡浜市川上町川名津甲,90,(0894)27-0500,1,1,1,1,,,,,1,354,1.0,,,,愛媛県八幡浜市川上町川名津甲90,E3820400056201,33.422519057149,132.40729158897,matched_by_id
E3820400055201,川上保育所　（土砂災害は２階以上）,愛媛県,八幡浜市川上町川名津甲,69-1,(0894)27-0605,1,1,1,,,,,,1,267,1.0,,,,愛媛県八幡浜市川上町川名津甲69-1,E3820400055201,33.421796,132.406474,matched_by_id
E3820400052204,真穴小学校　校舎,愛媛県,八幡浜市真網代戊,162,(0894)28-0226,1,1,1,1,1,,,,1,686,1.0,,,,愛媛県八幡浜市真網代戊162,E3820400052204,33.403892693737,132.39143360333,matched_by_id
E3820400052203,旧真穴中学校　校舎,愛媛県,八幡浜市真網代戊,162,(0894)28-0410,1,1,1,,1,,,,1,268,1.0,,,,愛媛県八幡浜市真網代戊162,E3820400052203,33.403987,132.392042,matched_by_id
E3820400052202,真穴小学校　体育館,愛媛県,八幡浜市真網代戊,162,(0894)28-0410,1,1,1,1,1,,,,1,540,1.0,,,,愛媛県八幡浜市真網代戊162,E3820400052202,33.40326,132.39213,matched_by_id
E3820400052201,真穴小学校　グラウンド,愛媛県,八幡浜市真網代戊,162,(0894)28-0226,,,,1,1,1,,,1,4653,1.0,,,,愛媛県八幡浜市真網代戊162,E3820400052201,33.403599,132.391952,matched_by_id
E3820400050201,真穴保育所,愛媛県,八幡浜市真網代乙,184-3,(0894)28-0390,1,1,1,1,,,,,1,165,1.0,,,,愛媛県八幡浜市真網代乙184-3,E3820400050201,33.413715143077,132.39045790696,matched_by_id
E3820400020201,真穴地区公民館　（土砂災害・高潮は２階以上）,愛媛県,八幡浜市穴井,3-796-39,(0894)29-7018,1,1,1,1,,,,,1,283,1.0,,,,愛媛県八幡浜市穴井3-796-39,E3820400020201,33.398607964359,132.39695900574,matched_by_id
E3820400051201,真網代くじらリハビリテーション病院　（４階以上）,愛媛県,八幡浜市真網代甲,229-5,(0894)28-1123,,,,,1,,,,,280,1.0,,,,愛媛県八幡浜市真網代甲229-5,E3820400051201,33.425608827513,132.3921238317,matched_by_id
E3820400059201,大島開発総合センター（土砂災害・高潮は２階以上）,愛媛県,八幡浜市大島,2-101-1,(0894)28-0608,1,1,1,,,,,,1,165,1.0,,,,愛媛県八幡浜市大島2-101-1,E3820400059201,33.386100032094,132.34002049798,matched_by_id
E3820400060203,大島産業振興センター　（土砂災害・高潮は２階、津波は４階）,愛媛県,八幡浜市大島,3-298-5,(0894)28-0750,1,1,1,1,1,,,,1,586,1.0,,,,愛媛県八幡浜市大島3-298-5,E3820400060203,33.393974109743,132.34432614007,matched_by_id
E3820400060202,大島体育館,愛媛県,八幡浜市大島,3-298-5,(0894)22-3111,1,1,,,,,,,1,392,1.0,,,,愛媛県八幡浜市大島3-298-5,E3820400060202,33.39331285974,132.34412974881,matched_by_id
E3820400060201,旧大島小中学校　グラウンド,愛媛県,八幡浜市大島,3-298-5,(0894)22-3111,,,,1,,1,,,1,55,1.0,,,,愛媛県八幡浜市大島3-298-5,E3820400060201,33.393771041513,132.34452510632,matched_by_id
E3820400063203,旧青石中学校　体育館,愛媛県,八幡浜市日土町,2-96,(0894)22-3111,1,1,1,1,1,,,,1,594,1.0,,,,愛媛県八幡浜市日土町2-96,E3820400063203,33.492039765738,132.41491240353,matched_by_id
E3820400063202,旧青石中学校　校舎（洪水・土砂災害は２階以上）,愛媛県,八幡浜市日土町,2-96,(0894)22-3111,1,1,1,,1,,,,1,567,1.0,,,,愛媛県八幡浜市日土町2-96,E3820400063202,33.492093450402,132.41409164758,matched_by_id
E3820400063201,旧青石中学校　グラウンド,愛媛県,八幡浜市日土町,2-96,(0894)22-3111,,,,1,1,1,,,1,9409,1.0,,,,愛媛県八幡浜市日土町2-96,E3820400063201,33.492527400221,132.41431695313,matched_by_id
E3820400062204,日土小学校　体育館　（洪水・土砂災害は２階以上）,愛媛県,八幡浜市日土町,2-851,(0894)26-0010,1,1,1,1,1,,,,1,522,1.0,,,,愛媛県八幡浜市日土町2-851,E3820400062204,33.500471496577,132.42736027349,matched_by_id
E3820400062203,日土小学校　東校舎,愛媛県,八幡浜市日土町,2-851,(0894)26-0010,,,1,1,1,,,,1,138,1.0,,,,愛媛県八幡浜市日土町2-851,E3820400062203,33.500650696287,132.42788679108,matched_by_id
E3820400062202,日土小学校　西・中校舎,愛媛県,八幡浜市日土町,2-851,(0894)26-0010,,,1,1,1,,,,1,441,1.0,,,,愛媛県八幡浜市日土町2-851,E3820400062202,33.500915245639,132.42813913335,matched_by_id
E3820400062201,日土小学校　グラウンド,愛媛県,八幡浜市日土町,2-851,(0894)26-0010,,,,1,1,1,,,1,2683,1.0,,,,愛媛県八幡浜市日土町2-851,E3820400062201,33.500813702413,132.42783502448,matched_by_id
E3820400067201,日土保育所,愛媛県,八幡浜市日土町,8-125-3,(0894)26-0032,1,1,1,1,1,,,,1,130,1.0,,,,愛媛県八幡浜市日土町8-125-3,E3820400067201,33.50226188726,132.43571660796,matched_by_id
E3820400064201,下河原共同作業所,愛媛県,八幡浜市日土町,4-505,(0894)22-3111,,,1,1,1,,,,1,190,1.0,,,,愛媛県八幡浜市日土町4-505,E3820400064201,33.490722116494,132.41279486273,matched_by_id
E3820400061201,ＪＡにしうわ日土出張所（日土地区公民館）（洪水は３階、土砂災害は２階以上）,愛媛県,八幡浜市日土町,2-262-2,(0894)26-0934,1,1,1,,1,,,,1,386,1.0,,,,愛媛県八幡浜市日土町2-262-2,E3820400061201,33.495694890096,132.42373607141,matched_by_id
E3820400065201,日土東地区複合施設,愛媛県,八幡浜市日土町,6-2125-1,(0894)26-0931,1,1,1,1,1,,,,1,1022,1.0,,,,愛媛県八幡浜市日土町6-2125-1,E3820400065201,33.50831414484,132.45856231593,matched_by_id
E3820400066203,旧日土東小学校　木造校舎,愛媛県,八幡浜市日土町,6-961,(0894)22-3111,1,,1,,1,,,,1,323,1.0,,,,愛媛県八幡浜市日土町6-961,E3820400066203,33.508663028967,132.4584657564,matched_by_id
E3820400066202,旧日土東小学校　ＲＣ校舎　（土砂災害は２階以上）,愛媛県,八幡浜市日土町,6-961,(0894)22-3111,1,1,1,,1,,,,1,201,1.0,,,,愛媛県八幡浜市日土町6-961,E3820400066202,33.50845727696,132.45829409503,matched_by_id
E3820400066201,旧日土東小学校　グラウンド,愛媛県,八幡浜市日土町,6-961,(0894)22-3111,,,,1,1,1,,,1,4200,1.0,,,,愛媛県八幡浜市日土町6-961,E3820400066201,33.508922678337,132.45860453387,matched_by_id
E3820400075203,喜須来小学校　体育館,愛媛県,八幡浜市保内町喜木,2-224,(0894)36-0303,,1,1,1,1,,,,1,837,1.0,,,,愛媛県八幡浜市保内町喜木2-224,E3820400075203,33.486852734221,132.41098578692,matched_by_id
E3820400075202,喜須来小学校　校舎　（洪水は３階、土砂災害は２階以上）,愛媛県,八幡浜市保内町喜木,2-224,(0894)36-0303,1,1,1,1,1,,,,1,609,1.0,,,,愛媛県八幡浜市保内町喜木2-224,E3820400075202,33.487085381463,132.41169389009,matched_by_id
E3820400075201,喜須来小学校　グラウンド,愛媛県,八幡浜市保内町喜木,2-224,(0894)36-0303,,,1,1,1,1,,,1,4525,1.0,,,,愛媛県八幡浜市保内町喜木2-224,E3820400075201,33.486785624324,132.41159196615,matched_by_id
E3820400088201,喜須来地区公民館,愛媛県,八幡浜市保内町須川,78-1,(0894)36-2836,1,1,1,,1,,,,1,347,1.0,,,,愛媛県八幡浜市保内町須川78-1,E3820400088201,33.483753,132.414273,matched_by_id
E3820400073201,旧喜須来保育所　（洪水・土砂災害は２階以上）,愛媛県,八幡浜市保内町喜木,2-132-1,(0894)22-3111,,1,1,,1,,,,1,361,1.0,,,,愛媛県八幡浜市保内町喜木2-132-1,E3820400073201,33.487154617532,132.40828192916,matched_by_id
E3820400072201,保内中央体育館,愛媛県,八幡浜市保内町喜木,1-31-3,(0894)22-3111,,1,1,1,,,,,1,798,1.0,,,,愛媛県八幡浜市保内町喜木1-31-3,E3820400072201,33.480653716257,132.4035493441,matched_by_id
E3820400071202,㈱あわしま堂神越ハイツ女子寮　（４階）,愛媛県,八幡浜市保内町喜木,1-25-1,(0894)37-2176,,,,,1,,,,,490,1.0,,,,愛媛県八幡浜市保内町喜木1-25-1,E3820400071202,33.480722994546,132.4042562177,matched_by_id
E3820400071201,㈱あわしま堂神越ハイツ男子寮　（４階）,愛媛県,八幡浜市保内町喜木,1-25-1,(0894)22-3111,,,,,1,,,,,270,1.0,,,,愛媛県八幡浜市保内町喜木1-25-1,E3820400071201,33.480658027618,132.40457899464,matched_by_id
E3820400074201,四国電力㈱保内アパート　（屋上）,愛媛県,八幡浜市保内町喜木,2-200,(0894)22-3111,,,,,1,,,,,485,1.0,,,,愛媛県八幡浜市保内町喜木2-200,E3820400074201,33.487259395619,132.40891551256,matched_by_id
E3820400015201,神越グラウンド,愛媛県,八幡浜市喜木,1-18,(0894)36-1020,,,,1,,1,,,,5658,1.0,,,,愛媛県八幡浜市喜木1-18,E3820400015201,33.479893638296,132.40494143535,matched_by_id
E3820400092203,保内中学校　体育館（洪水・高潮は２階以上）,愛媛県,八幡浜市保内町川之石,1-243-1,(0894)36-2345,1,1,1,1,,,,,1,1353,1.0,,,,愛媛県八幡浜市保内町川之石1-243-1,E3820400092203,33.479998104704,132.39729578965,matched_by_id
E3820400092202,保内中学校　校舎　（津波は屋上、その他は２階以上）,愛媛県,八幡浜市保内町川之石,1-243-1,(0894)36-2345,1,1,1,1,1,,,,1,1404,1.0,,,,愛媛県八幡浜市保内町川之石1-243-1,E3820400092202,33.480387371886,132.39684249632,matched_by_id
E3820400092201,保内中学校　グラウンド,愛媛県,八幡浜市保内町川之石,1-243-1,(0894)36-2345,,,,1,,1,,,1,21599,1.0,,,,愛媛県八幡浜市保内町川之石1-243-1,E3820400092201,33.479322445653,132.39675130252,matched_by_id
E3820400095203,川之石小学校　体育館（高潮は２階以上）,愛媛県,八幡浜市保内町川之石,3-300,(0894)36-0124,1,1,1,1,,,,,1,472,1.0,,,,愛媛県八幡浜市保内町川之石3-300,E3820400095203,33.476306162836,132.3944218587,matched_by_id
E3820400095202,川之石小学校　校舎　（高潮は２階以上、津波は屋上）,愛媛県,八幡浜市保内町川之石,3-300,(0894)36-0124,1,1,1,1,1,,,,1,756,1.0,,,,愛媛県八幡浜市保内町川之石3-300,E3820400095202,33.476028710908,132.39387468934,matched_by_id
E3820400095201,川之石小学校　グラウンド,愛媛県,八幡浜市保内町川之石,3-300,(0894)36-0124,,,,1,,1,,,1,4490,1.0,,,,愛媛県八幡浜市保内町川之石3-300,E3820400095201,33.476346403411,132.39382104516,matched_by_id
E3820400089205,川之石高等学校　体育館,愛媛県,八幡浜市保内町川之石,1-112,(0894)36-0550,,,,1,,,,,1,643,1.0,,,,愛媛県八幡浜市保内町川之石1-112,E3820400089205,33.479067481117,132.39940035139,matched_by_id
E3820400089204,川之石高等学校　北教棟　（津波は屋上）,愛媛県,八幡浜市保内町川之石,1-112,(0894)36-0550,1,1,1,1,1,,,,1,620,1.0,,,,愛媛県八幡浜市保内町川之石1-112,E3820400089204,33.478950162364,132.40000277546,matched_by_id
E3820400089203,川之石高等学校　本館・南教棟　（津波は４階、洪水は３階、土砂災害は３階以上）,愛媛県,八幡浜市保内町川之石,1-112,(0894)36-0550,1,1,1,1,1,,,,1,1519,1.0,,,,愛媛県八幡浜市保内町川之石1-112,E3820400089203,33.478594760176,132.39998855963,matched_by_id
E3820400089202,川之石高等学校　武道場,愛媛県,八幡浜市保内町川之石,1-112,(0894)36-0550,,,,1,,,,,1,350,1.0,,,,愛媛県八幡浜市保内町川之石1-112,E3820400089202,33.479222518687,132.39903020638,matched_by_id
E3820400089201,川之石高等学校　グラウンド,愛媛県,八幡浜市保内町川之石,1-112,(0894)36-0550,,,,1,,1,,,1,11385,1.0,,,,愛媛県八幡浜市保内町川之石1-112,E3820400089201,33.478481333579,132.39902484212,matched_by_id
E3820400090201,旧川之石保育所（洪水・土砂災害・高潮は２階以上）,愛媛県,八幡浜市保内町川之石,1-125-1,(0894)22-3111,1,1,1,,,,,,1,373,1.0,,,,愛媛県八幡浜市保内町川之石1-125-1,E3820400090201,33.477680408013,132.39995825086,matched_by_id
E3820400091201,楠町自治公民館（洪水・高潮は２階以上）,愛媛県,八幡浜市保内町川之石,1-237-120,(0894)37-2519,1,1,1,1,,,,,1,166,1.0,,,,愛媛県八幡浜市保内町川之石1-237-120,E3820400091201,33.473520226861,132.40105110951,matched_by_id
E3820400093201,旧若草交流センター（高潮は２階以上）,愛媛県,八幡浜市保内町川之石,1-50,(0894)22-3111,,1,1,,,,,,1,236,1.0,,,,愛媛県八幡浜市保内町川之石1-50,E3820400093201,33.481530489094,132.40007153572,matched_by_id
E3820400094201,川之石地区活動拠点施設　みなせ,愛媛県,八幡浜市保内町川之石,3-11-1,(0894)36-2837,,1,,1,,,,,1,343,1.0,,,,愛媛県八幡浜市保内町川之石3-11-1,E3820400094201,33.477408804148,132.39589765099,matched_by_id
E3820400083201,宮内地区公民館（高潮は２階以上）,愛媛県,八幡浜市保内町宮内,1-535-2,(0894)36-2838,,1,1,1,,,,,1,294,1.0,,,,愛媛県八幡浜市保内町宮内1-535-2,E3820400083201,33.488417693116,132.39875133447,matched_by_id
E3820400077201,文化会館（高潮は２階以上）,愛媛県,八幡浜市保内町宮内,1-118,(0894)36-3040,1,1,1,1,,,,,1,374,1.0,,,,愛媛県八幡浜市保内町宮内1-118,E3820400077201,33.482800929511,132.40145423223,matched_by_id
E3820400086203,宮内小学校　体育館（洪水は２階以上）,愛媛県,八幡浜市保内町宮内,5-46,(0894)36-0039,1,1,1,1,,,,,1,599,1.0,,,,愛媛県八幡浜市保内町宮内5-46,E3820400086203,33.491314367282,132.39639083825,matched_by_id
E3820400086202,宮内小学校　校舎（洪水・土砂災害は２階以上）,愛媛県,八幡浜市保内町宮内,5-46,(0894)36-0039,1,1,1,1,,,,,1,903,1.0,,,,愛媛県八幡浜市保内町宮内5-46,E3820400086202,33.491833321994,132.39687900029,matched_by_id
E3820400086201,宮内小学校　グラウンド,愛媛県,八幡浜市保内町宮内,5-46,(0894)36-0039,,,,1,,1,,,1,6976,1.0,,,,愛媛県八幡浜市保内町宮内5-46,E3820400086201,33.491327788563,132.39700774632,matched_by_id
E3820400079201,保内福祉会館,愛媛県,八幡浜市保内町宮内,1-130,(0894)22-3111,,1,,1,,,,,1,96,1.0,,,,愛媛県八幡浜市保内町宮内1-130,E3820400079201,33.48319858437,132.40033808647,matched_by_id
E3820400087201,旧宮内保育所,愛媛県,八幡浜市保内町宮内,5-87-4,(0894)22-3111,,1,1,,,,,,1,577,1.0,,,,愛媛県八幡浜市保内町宮内5-87-4,E3820400087201,33.492167227359,132.39836276657,matched_by_id
E3820400085201,保内幼稚園,愛媛県,八幡浜市保内町宮内,4-50,(0894)36-1082,1,1,1,1,,,,,1,346,1.0,,,,愛媛県八幡浜市保内町宮内4-50,E3820400085201,33.492381965502,132.39576638825,matched_by_id
E3820400080201,八幡浜市役所保内庁舎（洪水・津波は３階、高潮は２階以上）,愛媛県,八幡浜市保内町宮内,1-260,(0894)22-3111,1,1,1,1,1,,,,1,471,1.0,,,,愛媛県八幡浜市保内町宮内1-260,E3820400080201,33.483767843778,132.4009118081,matched_by_id
E3820400078201,保内保健福祉センター（洪水・津波は３階、高潮は２階以上）,愛媛県,八幡浜市保内町宮内,1-124-1,(0894)22-3111,1,1,1,1,1,,,,1,390,1.0,,,,愛媛県八幡浜市保内町宮内1-124-1,E3820400078201,33.48321233021,132.40134433647,matched_by_id
E3820400082201,保内保育所,愛媛県,八幡浜市保内町宮内,1-37,(0894)21-2844,,1,1,1,,,,,1,699,1.0,,,,愛媛県八幡浜市保内町宮内1-37,E3820400082201,33.482576207087,132.4023323079,matched_by_id
E3820400081201,保内児童センター,愛媛県,八幡浜市保内町宮内,1-36-1,(0894)21-2846,,1,,1,,,,,1,390,1.0,,,,愛媛県八幡浜市保内町宮内1-36-1,E3820400081201,33.482628779064,132.40189886299,matched_by_id
E3820400069201,磯津地区公民館（土砂災害は２階以上）,愛媛県,八幡浜市保内町磯崎,1369-1,(0894)35-0215,1,1,1,1,1,,,,1,490,1.0,,,,愛媛県八幡浜市保内町磯崎1369-1,E3820400069201,33.542587485356,132.41542186688,matched_by_id
E3820400070202,磯崎体育館,愛媛県,八幡浜市保内町磯崎,1501,(0894)22-3111,1,,1,1,1,,,,1,476,1.0,,,,愛媛県八幡浜市保内町磯崎1501,E3820400070202,33.54241964572,132.41506410402,matched_by_id
E3820400070201,旧磯崎小学校グラウンド,愛媛県,八幡浜市保内町磯崎,1501,(0894)22-3111,,,,1,1,1,,,1,3758,1.0,,,,愛媛県八幡浜市保内町磯崎1501,E3820400070201,33.542674499116,132.41463495058,matched_by_id
E3820400076204,喜木津体育館,愛媛県,八幡浜市保内町喜木津,2-353,(0894)22-3111,1,,1,1,1,,,,1,387,1.0,,,,愛媛県八幡浜市保内町喜木津2-353,E3820400076204,33.527081726989,132.38627848742,matched_by_id
E3820400076203,旧喜木津小学校　校舎（土砂災害は２階以上）,愛媛県,八幡浜市保内町喜木津,2-353,(0894)22-3111,1,1,1,,1,,,,1,457,1.0,,,,愛媛県八幡浜市保内町喜木津2-353,E3820400076203,33.527267311144,132.38634822485,matched_by_id
E3820400076201,旧喜木津小学校　グラウンド,愛媛県,八幡浜市保内町喜木津,2-353,(0894)22-3111,,,,1,1,1,,,1,1448,1.0,,,,愛媛県八幡浜市保内町喜木津2-353,E3820400076201,33.527549040547,132.38634286043,matched_by_id
E3820500053203,新居浜小学校（校舎）,愛媛県新居浜市新須賀町3-1-58,,,37-3061,1,1,1,1,1,,1,,1,3694,,,,,愛媛県新居浜市新須賀町3-1-58,E3820500053203,33.968904570964,133.28400877838,matched_by_id
E3820500053202,新居浜小学校（体育館）,愛媛県新居浜市新須賀町3-1-58,,,37-3061,,1,,1,,,1,,1,945,,,,,愛媛県新居浜市新須賀町3-1-58,E3820500053202,33.969256035823,133.28349915867,matched_by_id
E3820500053201,新居浜小学校（グラウンド）,愛媛県新居浜市新須賀町3-1-58,,,37-3061,,1,,1,,1,1,,,10990,,,,,愛媛県新居浜市新須賀町3-1-58,E3820500053201,33.969829943672,133.28358498936,matched_by_id
E3820500055201,新居浜公民館,愛媛県新居浜市新須賀町3-2-17,,,32-8312,1,1,1,1,,,1,,1,536,,,,,愛媛県新居浜市新須賀町3-2-17,E3820500055201,33.970279044,133.28431992322,matched_by_id
E3820500056201,新須賀公園,愛媛県新居浜市新須賀町4-9,,,65-1270,,1,,1,1,,1,,,1800,,,,,愛媛県新居浜市新須賀町4-9,E3820500056201,33.971176149966,133.2886424685,matched_by_id
E3820500054201,新居浜公園（市営野球場）,愛媛県新居浜市新須賀町3-2,,,65-1270,,1,,1,,1,1,,,27000,,,,,愛媛県新居浜市新須賀町3-2,E3820500054201,33.970449359161,133.28522938305,matched_by_id
E3820500024204,宮西小学校（校舎）北,愛媛県新居浜市宮西町5-56,,,33-8940,1,1,1,1,1,,1,,1,1696,,,,,愛媛県新居浜市宮西町5-56,E3820500024204,33.961807132029,133.27482400371,matched_by_id
E3820500024203,宮西小学校（校舎）南,愛媛県新居浜市宮西町5-56,,,33-8940,1,1,1,1,1,,1,,1,1939,,,,,愛媛県新居浜市宮西町5-56,E3820500024203,33.961397795194,133.27476499511,matched_by_id
E3820500024202,宮西小学校（体育館）,愛媛県新居浜市宮西町5-56,,,33-8940,,1,,1,,,1,,1,807,,,,,愛媛県新居浜市宮西町5-56,E3820500024202,33.961081892595,133.2750600381,matched_by_id
E3820500024201,宮西小学校（グラウンド）,愛媛県新居浜市宮西町5-56,,,33-8940,,1,,1,,1,,,,11274,,,,,愛媛県新居浜市宮西町5-56,E3820500024201,33.961780436207,133.27574668362,matched_by_id
E3820500025204,北中学校（校舎）,愛媛県新居浜市宮西町5-81,,,33-9135,1,1,1,1,1,,1,,1,3358,,,,,愛媛県新居浜市宮西町5-81,E3820500025204,33.960924491542,133.27627053578,matched_by_id
E3820500025203,北中学校（体育館）,愛媛県新居浜市宮西町5-81,,,33-9135,,1,,1,,,,,1,1138,,,,,愛媛県新居浜市宮西町5-81,E3820500025203,33.960773213544,133.27514400799,matched_by_id
E3820500025202,北中学校（武道場）,愛媛県新居浜市宮西町5-81,,,33-9135,1,1,1,1,1,,1,,1,969,,,,,愛媛県新居浜市宮西町5-81,E3820500025202,33.960661979552,133.2763939174,matched_by_id
E3820500025201,北中学校（グラウンド）,愛媛県新居浜市宮西町5-81,,,33-9135,,1,,1,,1,,,,15880,,,,,愛媛県新居浜市宮西町5-81,E3820500025201,33.960199244582,133.27557852586,matched_by_id
E3820500023205,新居浜西高校（校舎）本館,愛媛県新居浜市宮西町4-46,,,37-2735,1,1,1,1,1,,1,,1,3103,,,,,愛媛県新居浜市宮西町4-46,E3820500023205,33.961881264557,133.27766029533,matched_by_id
E3820500023204,新居浜西高校（校舎）第１,愛媛県新居浜市宮西町4-46,,,37-2735,1,1,1,1,1,,1,,1,3399,,,,,愛媛県新居浜市宮西町4-46,E3820500023204,33.96208148277,133.2769682854,matched_by_id
E3820500023203,新居浜西高校（体育館）,愛媛県新居浜市宮西町4-46,,,37-2735,,1,,1,1,,1,,1,1669,,,,,愛媛県新居浜市宮西町4-46,E3820500023203,33.961376069233,133.27739170105,matched_by_id
E3820500023202,新居浜西高校（武道場）,愛媛県新居浜市宮西町4-46,,,37-2735,,1,,1,1,,1,,1,378,,,,,愛媛県新居浜市宮西町4-46,E3820500023202,33.961451707729,133.2768981746,matched_by_id
E3820500023201,新居浜西高校（グラウンド）,愛媛県新居浜市宮西町4-46,,,37-2735,,1,,1,1,1,1,,,11495,,,,,愛媛県新居浜市宮西町4-46,E3820500023201,33.960690870383,133.27731123479,matched_by_id
E3820500077201,口屋跡記念公民館,愛媛県新居浜市西町6-2,,,32-8430,1,1,1,1,,,1,,1,950,,,,,愛媛県新居浜市西町6-2,E3820500077201,33.968291825117,133.27473951796,matched_by_id
E3820500120201,文化振興会館,愛媛県新居浜市徳常町4-8,,,36-0800,1,1,1,1,1,,1,,1,993,,,,,愛媛県新居浜市徳常町4-8,E3820500120201,33.96335144024,133.28078131251,matched_by_id
E3820500078201,憩いの森,愛媛県新居浜市泉池町10,,,65-1270,,1,,1,,,,,,1400,,,,,愛媛県新居浜市泉池町10,E3820500078201,33.966641455274,133.27505189466,matched_by_id
E3820500104201,中須賀公園,愛媛県新居浜市中須賀町2-5,,,65-1270,,1,,1,,,1,,,1900,,,,,愛媛県新居浜市中須賀町2-5,E3820500104201,33.967110401483,133.27063524571,matched_by_id
E3820500136201,中央公園,愛媛県新居浜市繁本町3,,,65-1270,,1,1,1,1,,1,,,5400,,,,,愛媛県新居浜市繁本町3,E3820500136201,33.961358788367,133.28219753663,matched_by_id
E3820500020205,金子小学校（校舎）北,愛媛県新居浜市久保田町1-3-57,,,37-2221,1,1,1,1,1,,1,,1,1950,,,,,愛媛県新居浜市久保田町1-3-57,E3820500020205,33.957821806207,133.28064680877,matched_by_id
E3820500020204,金子小学校（校舎）中,愛媛県新居浜市久保田町1-3-57,,,37-2221,1,1,1,1,1,,1,,1,1801,,,,,愛媛県新居浜市久保田町1-3-57,E3820500020204,33.957630477011,133.28084529223,matched_by_id
E3820500020203,金子小学校（校舎）南,愛媛県新居浜市久保田町1-3-57,,,37-2221,1,1,1,1,1,,1,,1,1701,,,,,愛媛県新居浜市久保田町1-3-57,E3820500020203,33.957323459499,133.28094185175,matched_by_id
E3820500020202,金子小学校（体育館）,愛媛県新居浜市久保田町1-3-57,,,37-2221,,1,1,1,1,,1,,1,1033,,,,,愛媛県新居浜市久保田町1-3-57,E3820500020202,33.95800868547,133.28092039408,matched_by_id
E3820500020201,金子小学校（グラウンド）,愛媛県新居浜市久保田町1-3-57,,,37-2221,,1,1,1,1,1,,,,10358,,,,,愛媛県新居浜市久保田町1-3-57,E3820500020201,33.957741714969,133.28172505678,matched_by_id
E3820500049205,南中学校（校舎）北,愛媛県新居浜市庄内町2-4-47,,,37-0310,1,1,1,1,1,,1,,1,2361,,,,,愛媛県新居浜市庄内町2-4-47,E3820500049205,33.957959068199,133.29754185783,matched_by_id
E3820500049204,南中学校（校舎）南,愛媛県新居浜市庄内町2-4-47,,,37-0310,1,1,1,1,1,,1,,1,2267,,,,,愛媛県新居浜市庄内町2-4-47,E3820500049204,33.95769654706,133.29773497688,matched_by_id
E3820500049203,南中学校（体育館）,愛媛県新居浜市庄内町2-4-47,,,37-0310,,1,1,1,1,,1,,1,1116,,,,,愛媛県新居浜市庄内町2-4-47,E3820500049203,33.958061406729,133.2972038995,matched_by_id
E3820500049202,南中学校（武道場）,愛媛県新居浜市庄内町2-4-47,,,37-0310,,1,1,1,1,,1,,1,428,,,,,愛媛県新居浜市庄内町2-4-47,E3820500049202,33.958332825712,133.2976223241,matched_by_id
E3820500049201,南中学校（グラウンド）,愛媛県新居浜市庄内町2-4-47,,,37-0310,,1,1,1,1,1,1,,,12699,,,,,愛媛県新居浜市庄内町2-4-47,E3820500049201,33.958693233187,133.29694104301,matched_by_id
E3820500131208,新居浜高専（体育館）西,愛媛県新居浜市八雲町7-1,,,37-7702,,1,1,1,1,,1,,1,904,,,,,愛媛県新居浜市八雲町7-1,E3820500131208,33.960629311256,133.29237465942,matched_by_id
E3820500131207,新居浜高専（体育館）東,愛媛県新居浜市八雲町7-1,,,37-7702,,1,1,1,1,,1,,1,853,,,,,愛媛県新居浜市八雲町7-1,E3820500131207,33.960994158347,133.29308812702,matched_by_id
E3820500131206,新居浜高専（武道場）,愛媛県新居浜市八雲町7-1,,,37-7702,,1,1,1,1,,1,,1,281,,,,,愛媛県新居浜市八雲町7-1,E3820500131206,33.960882924645,133.29277699077,matched_by_id
E3820500131205,新居浜高専（尚友会館）,愛媛県新居浜市八雲町7-1,,,37-7702,1,1,1,1,1,,1,,1,610,,,,,愛媛県新居浜市八雲町7-1,E3820500131205,33.961639310962,133.29122667396,matched_by_id
E3820500131204,新居浜高専（図書館ロビー）,愛媛県新居浜市八雲町7-1,,,37-7702,1,1,1,1,1,,1,,1,278,,,,,愛媛県新居浜市八雲町7-1,E3820500131204,33.961158783962,133.29196159923,matched_by_id
E3820500131203,新居浜高専（合宿研修所）,愛媛県新居浜市八雲町7-1,,,37-7702,,1,1,1,1,,1,,1,198,,,,,愛媛県新居浜市八雲町7-1,E3820500131203,33.961771,133.291568,matched_by_id
E3820500131202,新居浜高専（八雲荘）,愛媛県新居浜市八雲町7-1,,,37-7702,,1,1,1,1,,1,,1,151,,,,,愛媛県新居浜市八雲町7-1,E3820500131202,33.960874025941,133.29348509395,matched_by_id
E3820500131201,新居浜高専（グラウンド）,愛媛県新居浜市八雲町7-1,,,37-7702,,1,1,1,1,1,1,,,22251,,,,,愛媛県新居浜市八雲町7-1,E3820500131201,33.959979701585,133.29297547424,matched_by_id
E3820500050201,ウイメンズプラザ,愛媛県新居浜市庄内町4-4-19,,,37-1700,1,1,1,1,1,,1,,1,2088,,,,,愛媛県新居浜市庄内町4-4-19,E3820500050201,33.952836820197,133.28998679032,matched_by_id
E3820500048201,地域交流センター,愛媛県新居浜市庄内町1-14-7,,,34-6320,1,1,1,1,1,,1,,1,945,,,,,愛媛県新居浜市庄内町1-14-7,E3820500048201,33.955798027667,133.28767448332,matched_by_id
E3820500070203,金栄小学校（校舎）,愛媛県新居浜市西の土居町1-5-1,,,37-2313,1,1,1,1,1,,1,,1,3500,,,,,愛媛県新居浜市西の土居町1-5-1,E3820500070203,33.950876814385,133.28283201657,matched_by_id
E3820500070202,金栄小学校（体育館）,愛媛県新居浜市西の土居町1-5-1,,,37-2313,,1,1,1,1,,,,1,1119,,,,,愛媛県新居浜市西の土居町1-5-1,E3820500070202,33.951101532743,133.28186910353,matched_by_id
E3820500070201,金栄小学校（グラウンド）,愛媛県新居浜市西の土居町1-5-1,,,37-2313,,1,1,1,1,1,,,,14565,,,,,愛媛県新居浜市西の土居町1-5-1,E3820500070201,33.951381873623,133.28268449507,matched_by_id
E3820500033201,金栄公民館,愛媛県新居浜市高木町6-25,,,33-3212,1,1,1,1,1,,1,,1,456,,,,,愛媛県新居浜市高木町6-25,E3820500033201,33.950366961949,133.28463844826,matched_by_id
E3820500032201,ふれあいプラザ,愛媛県新居浜市高木町2-60,,,35-2940,1,1,1,1,1,,1,,1,5279,,,,,愛媛県新居浜市高木町2-60,E3820500032201,33.954085962619,133.28616352523,matched_by_id
E3820500071201,慈光園（１階研究室）,愛媛県新居浜市西の土居町1-6-20,,,32-4325,,1,1,1,1,,1,,1,120,,,,,愛媛県新居浜市西の土居町1-6-20,E3820500071201,33.950507085168,133.28346072703,matched_by_id
E3820500035201,駅前西公園,愛媛県新居浜市坂井町1-1,,,65-1270,,1,1,1,1,,,,,1500,,,,,愛媛県新居浜市坂井町1-1,E3820500035201,33.949174372473,133.29040177859,matched_by_id
E3820500036201,駅前南公園,愛媛県新居浜市坂井町1-8,,,65-1270,,1,1,1,1,,1,,,1100,,,,,愛媛県新居浜市坂井町1-8,E3820500036201,33.946166144088,133.29200037516,matched_by_id
E3820500037201,駅前中央公園,愛媛県新居浜市坂井町2-1,,,65-1270,,1,1,1,1,,1,,,1400,,,,,愛媛県新居浜市坂井町2-1,E3820500037201,33.949521468906,133.29245635069,matched_by_id
E3820500038201,正光寺山古墳公園,愛媛県新居浜市坂井町2-10,,,65-1270,,1,1,1,1,,1,,,4100,,,,,愛媛県新居浜市坂井町2-10,E3820500038201,33.950304937842,133.29629034276,matched_by_id
E3820500006205,惣開小学校(校舎）東,愛媛県新居浜市王子町1-3,,,37-3401,1,1,1,1,1,,1,,1,2264,,,,,愛媛県新居浜市王子町1-3,E3820500006205,33.952365867392,133.26855442725,matched_by_id
E3820500006204,惣開小学校（校舎）西,愛媛県新居浜市王子町1-3,,,37-3401,1,1,1,1,1,,1,,1,1760,,,,,愛媛県新居浜市王子町1-3,E3820500006204,33.952499361183,133.26825401983,matched_by_id
E3820500006203,惣開小学校（体育館）,愛媛県新居浜市王子町1-3,,,37-3401,,1,1,1,1,,1,,1,807,,,,,愛媛県新居浜市王子町1-3,E3820500006203,33.95265065389,133.26792679033,matched_by_id
E3820500006202,惣開小学校（グラウンド）,愛媛県新居浜市王子町1-3,,,37-3401,,1,,1,1,1,1,,,8010,,,,,愛媛県新居浜市王子町1-3,E3820500006202,33.952089979565,133.26873681747,matched_by_id
E3820500029205,西中学校（校舎）北,愛媛県新居浜市江口町7-1,,,37-2021,1,1,1,1,1,,1,,1,1074,,,,,愛媛県新居浜市江口町7-1,E3820500029205,33.957039365424,133.26973072768,matched_by_id
E3820500029204,西中学校（校舎）南,愛媛県新居浜市江口町7-1,,,37-2021,1,1,1,1,1,,1,,1,3689,,,,,愛媛県新居浜市江口町7-1,E3820500029204,33.956790190142,133.26965562583,matched_by_id
E3820500029203,西中学校（体育館）,愛媛県新居浜市江口町7-1,,,37-2021,,1,,1,,,1,,1,816,,,,,愛媛県新居浜市江口町7-1,E3820500029203,33.956407526682,133.26995603325,matched_by_id
E3820500029202,西中学校（武道場）,愛媛県新居浜市江口町7-1,,,37-2021,,1,,1,,,1,,1,428,,,,,愛媛県新居浜市江口町7-1,E3820500029202,33.956011512686,133.26993457557,matched_by_id
E3820500029201,西中学校（グラウンド）,愛媛県新居浜市江口町7-1,,,37-2021,,1,,1,,1,1,,,13504,,,,,愛媛県新居浜市江口町7-1,E3820500029201,33.956233992687,133.27059439899,matched_by_id
E3820500143208,新居浜工業高校（校舎）第１,愛媛県新居浜市北新町8-1,,,37-2029,1,1,1,1,1,,1,,1,4881,,,,,愛媛県新居浜市北新町8-1,E3820500143208,33.961705080159,133.27049831442,matched_by_id
E3820500143207,新居浜工業高校（校舎）第3,愛媛県新居浜市北新町8-1,,,37-2029,1,1,1,1,1,,1,,1,2917,,,,,愛媛県新居浜市北新町8-1,E3820500143207,33.961469266504,133.27048758558,matched_by_id
E3820500143206,新居浜工業高校（校舎）第4,愛媛県新居浜市北新町8-1,,,37-2029,1,1,1,1,1,,1,,1,1026,,,,,愛媛県新居浜市北新町8-1,E3820500143206,33.9614470199,133.27150146059,matched_by_id
E3820500143205,新居浜工業高校（校舎）第5,愛媛県新居浜市北新町8-1,,,37-2029,1,1,1,1,1,,1,,1,1283,,,,,愛媛県新居浜市北新町8-1,E3820500143205,33.961914197379,133.27122787528,matched_by_id
E3820500143204,新居浜工業高校（校舎）第２,愛媛県新居浜市北新町8-1,,,37-2029,1,1,1,1,1,,1,,1,1665,,,,,愛媛県新居浜市北新町8-1,E3820500143204,33.961985386104,133.26962927871,matched_by_id
E3820500143203,新居浜工業高校（体育館）,愛媛県新居浜市北新町8-1,,,37-2029,,1,,1,,,1,,1,1334,,,,,愛媛県新居浜市北新町8-1,E3820500143203,33.961740674616,133.26894799762,matched_by_id
E3820500143202,新居浜工業高校（武道場）,愛媛県新居浜市北新町8-1,,,37-2029,,1,,1,,,1,,1,350,,,,,愛媛県新居浜市北新町8-1,E3820500143202,33.961905298785,133.26857248834,matched_by_id
E3820500143201,新居浜工業高校（グラウンド）,愛媛県新居浜市北新町8-1,,,37-2029,,1,,1,,1,1,,,18421,,,,,愛媛県新居浜市北新町8-1,E3820500143201,33.961024333302,133.26949516825,matched_by_id
E3820500006201,惣開公民館,愛媛県新居浜市王子町1-3,,,33-1031,1,1,1,1,1,,1,,1,456,,,,,愛媛県新居浜市王子町1-3,E3820500006201,33.95305558305,133.26791069709,matched_by_id
E3820500058204,ワクリエ新居浜北棟,愛媛県新居浜市新田町1-8-56,,,39-6789,1,1,1,1,1,,1,,1,641,,,,,愛媛県新居浜市新田町1-8-56,E3820500058204,33.9576969141233,133.264148952174,matched_by_id
E3820500058203,ワクリエ新居浜南棟,愛媛県新居浜市新田町1-8-56,,,39-6789,1,1,1,1,1,,1,,1,1631,,,,,愛媛県新居浜市新田町1-8-56,E3820500058203,33.957398795916,133.264202596356,matched_by_id
E3820500058202,ワクリエ新居浜（体育館）,愛媛県新居浜市新田町1-8-56,,,39-6789,,1,,1,,,1,,1,807,,,,,愛媛県新居浜市新田町1-8-56,E3820500058202,33.9570724824208,133.264596178115,matched_by_id
E3820500058201,ワクリエ新居浜（運動場）,愛媛県新居浜市新田町1-8-56,,,39-6789,,1,,1,,1,1,,,11020,,,,,愛媛県新居浜市新田町1-8-56,E3820500058201,33.956927866679,133.2638903423,matched_by_id
E3820500057201,若宮公民館,愛媛県新居浜市新田町1-8-37,,,34-7612,1,1,1,1,,,1,,1,456,,,,,愛媛県新居浜市新田町1-8-37,E3820500057201,33.9568144081107,133.263056590161,matched_by_id
E3820500005204,高津小学校（校舎）北,愛媛県新居浜市宇高町2-13-7,,,37-3754,1,1,1,1,1,,1,,1,2601,,,,,愛媛県新居浜市宇高町2-13-7,E3820500005204,33.974973659424,133.30165461542,matched_by_id
E3820500005203,高津小学校（校舎）南,愛媛県新居浜市宇高町2-13-7,,,37-3754,1,1,1,1,1,,1,,1,3683,,,,,愛媛県新居浜市宇高町2-13-7,E3820500005203,33.974657807247,133.30134884359,matched_by_id
E3820500005202,高津小学校（体育館）,愛媛県新居浜市宇高町2-13-7,,,37-3754,1,1,1,1,1,,1,,1,1196,,,,,愛媛県新居浜市宇高町2-13-7,E3820500005202,33.974239634955,133.30141858102,matched_by_id
E3820500005201,高津小学校（グラウンド）,愛媛県新居浜市宇高町2-13-7,,,37-3754,1,1,,1,1,1,1,,,9664,,,,,愛媛県新居浜市宇高町2-13-7,E3820500005201,33.974786817433,133.30262021066,matched_by_id
E3820500113204,東中学校（校舎）,愛媛県新居浜市東雲町1-4-23,,,37-1294,1,1,1,1,1,,1,,1,4356,,,,,愛媛県新居浜市東雲町1-4-23,E3820500113204,33.968871682596,133.29485319925,matched_by_id
E3820500113203,東中学校（体育館）,愛媛県新居浜市東雲町1-4-23,,,37-1294,,1,1,1,1,,1,,1,1388,,,,,愛媛県新居浜市東雲町1-4-23,E3820500113203,33.968671480367,133.29559885336,matched_by_id
E3820500113202,東中学校（武道場）,愛媛県新居浜市東雲町1-4-23,,,37-1294,,1,1,1,1,,1,,1,428,,,,,愛媛県新居浜市東雲町1-4-23,E3820500113202,33.968613644079,133.29454206301,matched_by_id
E3820500113201,東中学校（グラウンド）,愛媛県新居浜市東雲町1-4-23,,,37-1294,,1,1,1,1,1,1,,,10200,,,,,愛媛県新居浜市東雲町1-4-23,E3820500113201,33.968155401337,133.29503558947,matched_by_id
E3820500116206,新居浜東高校（校舎）本館,愛媛県新居浜市東雲町2-9-1,,,37-0149,1,1,1,1,1,,1,,1,3745,,,,,愛媛県新居浜市東雲町2-9-1,E3820500116206,33.962920470748,133.30103410017,matched_by_id
E3820500116205,新居浜東高校（校舎）第１,愛媛県新居浜市東雲町2-9-1,,,37-0149,1,1,1,1,1,,1,,1,2806,,,,,愛媛県新居浜市東雲町2-9-1,E3820500116205,33.96320077269,133.30108237994,matched_by_id
E3820500116204,新居浜東高校（校舎）特別,愛媛県新居浜市東雲町2-9-1,,,37-0149,1,1,1,1,1,,1,,1,1028,,,,,愛媛県新居浜市東雲町2-9-1,E3820500116204,33.963547811908,133.30151153337,matched_by_id
E3820500116203,新居浜東高校（体育館）,愛媛県新居浜市東雲町2-9-1,,,37-0149,1,1,1,1,1,,1,,1,1538,,,,,愛媛県新居浜市東雲町2-9-1,E3820500116203,33.963085092636,133.3021123482,matched_by_id
E3820500116202,新居浜東高校（武道場）,愛媛県新居浜市東雲町2-9-1,,,37-0149,,1,1,1,1,,1,,1,350,,,,,愛媛県新居浜市東雲町2-9-1,E3820500116202,33.96371243258,133.30182266962,matched_by_id
E3820500116201,新居浜東高校（グラウンド）,愛媛県新居浜市東雲町2-9-1,,,37-0149,,1,1,1,1,1,1,,,25570,,,,,愛媛県新居浜市東雲町2-9-1,E3820500116201,33.963383190916,133.30287409555,matched_by_id
E3820500100201,高津公民館,愛媛県新居浜市沢津町2-3-30,,,32-3320,1,1,1,1,1,,1,,1,987,,,,,愛媛県新居浜市沢津町2-3-30,E3820500100201,33.974624406233,133.30075528065,matched_by_id
E3820500052201,松の木公園,愛媛県新居浜市松の木町8-17,,,65-1270,,1,,1,,,1,,,6700,,,,,愛媛県新居浜市松の木町8-17,E3820500052201,33.97965341,133.29582644,matched_by_id
E3820500112201,新居浜市市民体育館,愛媛県新居浜市東雲町1-1-25,,,34-1888,1,1,1,1,1,,1,,1,4566,,,,,愛媛県新居浜市東雲町1-1-25,E3820500112201,33.9673511714518,133.295083460304,matched_by_id
E3820500134204,浮島小学校（校舎）北,愛媛県新居浜市八幡2-2-65,,,33-1020,1,1,1,1,1,,1,,1,1248,,,,,愛媛県新居浜市八幡2-2-65,E3820500134204,33.980159705126,133.30804259492,matched_by_id
E3820500134203,浮島小学校（校舎）南,愛媛県新居浜市八幡2-2-65,,,33-1020,1,1,1,1,1,,1,,1,2111,,,,,愛媛県新居浜市八幡2-2-65,E3820500134203,33.979968426179,133.30802650166,matched_by_id
E3820500134202,浮島小学校（体育館）,愛媛県新居浜市八幡2-2-65,,,33-1020,,1,,1,,,1,,1,807,,,,,愛媛県新居浜市八幡2-2-65,E3820500134202,33.98071574613,133.30828399372,matched_by_id
E3820500134201,浮島小学校（グラウンド）,愛媛県新居浜市八幡2-2-65,,,33-1020,,1,,1,,1,1,,,8591,,,,,愛媛県新居浜市八幡2-2-65,E3820500134201,33.980479985188,133.30868632508,matched_by_id
E3820500135201,浮島公民館,愛媛県新居浜市八幡2-6-52,,,34-7617,1,1,,1,,,1,,1,456,,,,,愛媛県新居浜市八幡2-6-52,E3820500135201,33.981267335212,133.30621332836,matched_by_id
E3820500133201,川東高齢者福祉センター,愛媛県新居浜市八幡2-10-23,,,32-2134,1,1,1,1,,,1,,1,603,,,,,愛媛県新居浜市八幡2-10-23,E3820500133201,33.983115839139,133.3101575116,matched_by_id
E3820500010203,垣生小学校（校舎）,愛媛県新居浜市垣生1-5-38,,,45-0186,1,1,1,1,1,,1,,1,2667,,,,,愛媛県新居浜市垣生1-5-38,E3820500010203,33.980564667909,133.3188950013,matched_by_id
E3820500010202,垣生小学校（体育館）,愛媛県新居浜市垣生1-5-38,,,45-0186,,1,,1,,,1,,1,807,,,,,愛媛県新居浜市垣生1-5-38,E3820500010202,33.981089568213,133.31921686638,matched_by_id
E3820500010201,垣生小学校（グラウンド）,愛媛県新居浜市垣生1-5-38,,,45-0186,,1,,1,,1,1,,,7646,,,,,愛媛県新居浜市垣生1-5-38,E3820500010201,33.980938326085,133.31841756808,matched_by_id
E3820500011201,垣生公民館,愛媛県新居浜市垣生2-12-26,,,45-0024,,1,,1,,,1,,1,483,,,,,愛媛県新居浜市垣生2-12-26,E3820500011201,33.98009311882,133.31951616017,matched_by_id
E3820500061204,神郷小学校（校舎）北,愛媛県新居浜市神郷1-1-1,,,45-0082,1,1,1,1,1,,1,,1,3975,,,,,愛媛県新居浜市神郷1-1-1,E3820500061204,33.96753071588,133.31568222203,matched_by_id
E3820500061203,神郷小学校（校舎）西,愛媛県新居浜市神郷1-1-1,,,45-0082,1,1,1,1,1,,1,,1,1426,,,,,愛媛県新居浜市神郷1-1-1,E3820500061203,33.967170345848,133.31523161091,matched_by_id
E3820500061202,神郷小学校（体育館）,愛媛県新居浜市神郷1-1-1,,,45-0082,1,1,1,1,1,,1,,1,894,,,,,愛媛県新居浜市神郷1-1-1,E3820500061202,33.967815451617,133.31637959637,matched_by_id
E3820500061201,神郷小学校（グラウンド）,愛媛県新居浜市神郷1-1-1,,,45-0082,1,1,1,1,1,1,,,,9400,,,,,愛媛県新居浜市神郷1-1-1,E3820500061201,33.967063569247,133.31575732387,matched_by_id
E3820500062205,川東中学校（校舎）北,愛媛県新居浜市神郷2-4-1,,,45-0180,1,1,1,1,1,,1,,1,2379,,,,,愛媛県新居浜市神郷2-4-1,E3820500062205,33.964844801509,133.31840616535,matched_by_id
E3820500062204,川東中学校（校舎）南,愛媛県新居浜市神郷2-4-1,,,45-0180,1,1,1,1,1,,1,,1,2380,,,,,愛媛県新居浜市神郷2-4-1,E3820500062204,33.96453781003,133.3185402758,matched_by_id
E3820500062203,川東中学校（体育館）,愛媛県新居浜市神郷2-4-1,,,45-0180,1,1,1,1,1,,1,,1,1027,,,,,愛媛県新居浜市神郷2-4-1,E3820500062203,33.965129546237,133.31871193719,matched_by_id
E3820500062202,川東中学校（武道場）,愛媛県新居浜市神郷2-4-1,,,45-0180,1,1,1,1,1,,1,,1,428,,,,,愛媛県新居浜市神郷2-4-1,E3820500062202,33.964827004931,133.31928592992,matched_by_id
E3820500062201,川東中学校（グラウンド）,愛媛県新居浜市神郷2-4-1,,,45-0180,1,1,1,1,1,1,1,,,28094,,,,,愛媛県新居浜市神郷2-4-1,E3820500062201,33.96585030207,133.3189855225,matched_by_id
E3820500027201,神郷公民館,愛媛県新居浜市郷3-7-20,,,46-1181,1,1,1,1,1,,1,,1,624,,,,,愛媛県新居浜市郷3-7-20,E3820500027201,33.966767,133.31468427116,matched_by_id
E3820500121201,岡城館歴史公園,愛媛県新居浜市楠崎1-8-10,,,65-1270,1,,,1,1,,,,,3800,,,,,愛媛県新居浜市楠崎1-8-10,E3820500121201,33.974171889205,133.33988955179,matched_by_id
E3820500110201,神郷公園,愛媛県新居浜市田の上1-13-40,,,65-1270,1,1,,1,1,1,1,,,16000,,,,,愛媛県新居浜市田の上1-13-40,E3820500110201,33.96986,133.316187,matched_by_id
E3820500093203,多喜浜小学校（校舎）,愛媛県新居浜市多喜浜5-7-34,,,45-0142,1,1,1,1,1,,1,,1,2663,,,,,愛媛県新居浜市多喜浜5-7-34,E3820500093203,33.975011053874,133.35139335325,matched_by_id
E3820500093202,多喜浜小学校（体育館）,愛媛県新居浜市多喜浜5-7-34,,,45-0142,1,,,1,,,1,,1,1119,,,,,愛媛県新居浜市多喜浜5-7-34,E3820500093202,33.97461957512,133.35071207216,matched_by_id
E3820500093201,多喜浜小学校（グラウンド）,愛媛県新居浜市多喜浜5-7-34,,,45-0142,1,,,1,,1,,,,8421,,,,,愛媛県新居浜市多喜浜5-7-34,E3820500093201,33.974450526918,133.35133970907,matched_by_id
E3820500092201,多喜浜公民館,愛媛県新居浜市多喜浜5-7-27,,,45-0014,1,1,,1,,,1,,1,546,,,,,愛媛県新居浜市多喜浜5-7-27,E3820500092201,33.975011053875,133.35071743657,matched_by_id
E3820500002201,東浜公園,愛媛県新居浜市阿島1-7,,,65-1270,1,1,,1,1,1,1,,,9600,,,,,愛媛県新居浜市阿島1-7,E3820500002201,33.979548319988,133.35395766307,matched_by_id
E3820500001201,三喜浜公園,愛媛県新居浜市阿島1-4,,,65-1270,1,1,,1,1,,1,,,2600,,,,,愛媛県新居浜市阿島1-4,E3820500001201,33.979858684499,133.35083248493,matched_by_id
E3820500034201,黒島海浜公園,愛媛県新居浜市黒島2-12,,,65-1270,1,1,1,1,1,1,1,,,125500,,,,,愛媛県新居浜市黒島2-12,E3820500034201,33.990059691005,133.34143508524,matched_by_id
E3820500099202,大島交流センター（校舎）,愛媛県新居浜市大島589,,,45-1006,1,1,1,1,1,,1,,1,941,,,,,愛媛県新居浜市大島589,E3820500099202,33.9962594668816,133.368317804873,matched_by_id
E3820500099201,大島交流センター（グラウンド）,愛媛県新居浜市大島589,,,45-1006,1,,1,1,1,,1,,,1760,,,,,愛媛県新居浜市大島589,E3820500099201,33.996062160047,133.36823855052,matched_by_id
E3820500098201,川東高齢者福祉センター大島分館,愛媛県新居浜市大島128-1,,,45-1001,1,1,1,1,,,1,,1,207,,,,,愛媛県新居浜市大島128-1,E3820500098201,33.9952790356265,133.365747932347,matched_by_id
E3820500017204,泉川小学校（校舎）北,愛媛県新居浜市岸の上町1-13-68,,,43-4145,1,1,1,1,1,,1,,1,3265,,,,,愛媛県新居浜市岸の上町1-13-68,E3820500017204,33.943866728592,133.30606705533,matched_by_id
E3820500017203,泉川小学校（校舎）南,愛媛県新居浜市岸の上町1-13-68,,,43-4145,1,1,1,1,1,,1,,1,2663,,,,,愛媛県新居浜市岸の上町1-13-68,E3820500017203,33.943604163978,133.30628699647,matched_by_id
E3820500017202,泉川小学校（体育館）,愛媛県新居浜市岸の上町1-13-68,,,43-4145,1,1,1,1,1,,1,,1,1023,,,,,愛媛県新居浜市岸の上町1-13-68,E3820500017202,33.943884529553,133.30702192175,matched_by_id
E3820500017201,泉川小学校（グラウンド）,愛媛県新居浜市岸の上町1-13-68,,,43-4145,1,1,1,1,1,1,1,,,12800,,,,,愛媛県新居浜市岸の上町1-13-68,E3820500017201,33.943884529554,133.30803579675,matched_by_id
E3820500068204,泉川中学校（校舎）,愛媛県新居浜市星原町7-8,,,43-5800,1,1,1,1,1,,1,,1,3871,,,,,愛媛県新居浜市星原町7-8,E3820500068204,33.93880114456,133.30294212678,matched_by_id
E3820500068203,泉川中学校（体育館）,愛媛県新居浜市星原町7-8,,,43-5800,1,1,1,1,1,,1,,1,1464,,,,,愛媛県新居浜市星原町7-8,E3820500068203,33.939005867574,133.30382725575,matched_by_id
E3820500068202,泉川中学校（武道場）,愛媛県新居浜市星原町7-8,,,43-5800,1,1,1,1,1,,1,,1,778,,,,,愛媛県新居浜市星原町7-8,E3820500068202,33.9385118612,133.30255052426,matched_by_id
E3820500068201,泉川中学校（グラウンド）,愛媛県新居浜市星原町7-8,,,43-5800,1,1,1,1,1,1,1,,,14451,,,,,愛媛県新居浜市星原町7-8,E3820500068201,33.938333840184,133.30331763604,matched_by_id
E3820500064206,新居浜商業高校（校舎）本館,愛媛県新居浜市瀬戸町2-16,,,43-6736,1,1,1,1,1,,1,,1,2319,,,,,愛媛県新居浜市瀬戸町2-16,E3820500064206,33.945542931914,133.29806247964,matched_by_id
E3820500064205,新居浜商業高校（校舎）第１,愛媛県新居浜市瀬戸町2-16,,,43-6736,1,1,1,1,1,,1,,1,2372,,,,,愛媛県新居浜市瀬戸町2-16,E3820500064205,33.945921194097,133.29839507357,matched_by_id
E3820500064204,新居浜商業高校（校舎）第２,愛媛県新居浜市瀬戸町2-16,,,43-6736,1,1,1,1,1,,1,,1,3453,,,,,愛媛県新居浜市瀬戸町2-16,E3820500064204,33.946197101923,133.29827169196,matched_by_id
E3820500064203,新居浜商業高校（体育館）,愛媛県新居浜市瀬戸町2-16,,,43-6736,1,1,1,1,1,,1,,1,1500,,,,,愛媛県新居浜市瀬戸町2-16,E3820500064203,33.945903393562,133.2974831225,matched_by_id
E3820500064202,新居浜商業高校（武道場）,愛媛県新居浜市瀬戸町2-16,,,43-6736,1,1,1,1,1,,1,,1,325,,,,,愛媛県新居浜市瀬戸町2-16,E3820500064202,33.945654185672,133.29746702925,matched_by_id
E3820500064201,新居浜商業高校（グラウンド）,愛媛県新居浜市瀬戸町2-16,,,43-6736,1,1,1,1,1,1,1,,,26435,,,,,愛媛県新居浜市瀬戸町2-16,E3820500064201,33.945137967009,133.29764405504,matched_by_id
E3820500063201,泉川公民館,愛媛県新居浜市瀬戸町12-34,,,41-6463,1,1,1,1,1,,1,,1,979,,,,,愛媛県新居浜市瀬戸町12-34,E3820500063201,33.944065184242,133.30498513815,matched_by_id
E3820500066201,瀬戸会館,愛媛県新居浜市瀬戸町7-30,,,41-5859,1,1,1,1,1,,1,,1,623,,,,,愛媛県新居浜市瀬戸町7-30,E3820500066201,33.943919540434,133.30152055952,matched_by_id
E3820500065201,瀬戸公園,愛媛県新居浜市瀬戸町3,,,65-1270,1,1,1,1,1,,1,,,2000,,,,,愛媛県新居浜市瀬戸町3,E3820500065201,33.943249809196,133.29930469242,matched_by_id
E3820500046201,寿公園,愛媛県新居浜市寿町4,,,65-1270,1,1,1,1,1,,1,,,2800,,,,,愛媛県新居浜市寿町4,E3820500046201,33.943235162606,133.30461083925,matched_by_id
E3820500076201,西喜光地公園,愛媛県新居浜市西喜光地町6,,,65-1270,,1,1,1,1,,1,,,2100,,,,,愛媛県新居浜市西喜光地町6,E3820500076201,33.936747887512,133.29393162408,matched_by_id
E3820500084204,船木小学校（校舎）東,愛媛県新居浜市船木4299-1,,,41-6260,1,1,1,1,1,,1,,1,1666,,,,,愛媛県新居浜市船木4299-1,E3820500084204,33.937412857456,133.3297624967,matched_by_id
E3820500084203,船木小学校（校舎）西,愛媛県新居浜市船木4299-1,,,41-6260,1,1,1,1,1,,1,,1,1976,,,,,愛媛県新居浜市船木4299-1,E3820500084203,33.937234834141,133.32897929166,matched_by_id
E3820500084202,船木小学校（体育館),愛媛県新居浜市船木4299-1,,,41-6260,1,1,1,1,1,,1,,1,807,,,,,愛媛県新居浜市船木4299-1,E3820500084202,33.937003403275,133.3298536918,matched_by_id
E3820500084201,船木小学校（グラウンド）,愛媛県新居浜市船木4299-1,,,41-6260,1,1,1,1,1,1,1,,,9811,,,,,愛媛県新居浜市船木4299-1,E3820500084201,33.93786236467,133.3293762586,matched_by_id
E3820500083204,船木中学校（校舎）,愛媛県新居浜市船木3754-1,,,41-6347,1,1,1,1,1,,1,,1,2557,,,,,愛媛県新居浜市船木3754-1,E3820500083204,33.934387457267,133.33009471612,matched_by_id
E3820500083203,船木中学校（体育館）,愛媛県新居浜市船木3754-1,,,41-6347,1,1,1,1,1,,1,,1,1426,,,,,愛媛県新居浜市船木3754-1,E3820500083203,33.934601092345,133.33044340328,matched_by_id
E3820500083202,船木中学校（武道場）,愛媛県新居浜市船木3754-1,,,41-6347,1,1,1,1,1,,1,,1,1249,,,,,愛媛県新居浜市船木3754-1,E3820500083202,33.934093708162,133.32998206333,matched_by_id
E3820500083201,船木中学校（グラウンド）,愛媛県新居浜市船木3754-1,,,41-6347,1,1,1,1,1,1,1,,,10679,,,,,愛媛県新居浜市船木3754-1,E3820500083201,33.934276188786,133.33115687089,matched_by_id
E3820500080201,船木公民館,愛媛県新居浜市船木2579-1,,,41-6003,1,1,1,1,1,,1,,1,456,,,,,愛媛県新居浜市船木2579-1,E3820500080201,33.937186618307,133.33092290829,matched_by_id
E3820500081201,えひめ学園（グラウンド）,愛媛県新居浜市船木2971-1,,,65-1270,1,,1,1,1,,1,,,6171,,,,,愛媛県新居浜市船木2971-1,E3820500081201,33.930838898223,133.33911949928,matched_by_id
E3820500108205,中萩小学校（校舎）北,愛媛県新居浜市中萩町6-61,,,41-6225,1,1,1,1,1,,1,,1,2729,,,,,愛媛県新居浜市中萩町6-61,E3820500108205,33.929180750003,133.28042081426,matched_by_id
E3820500108204,中萩小学校（校舎）中,愛媛県新居浜市中萩町6-61,,,41-6225,1,1,1,1,1,,1,,1,2364,,,,,愛媛県新居浜市中萩町6-61,E3820500108204,33.928838021661,133.28037789892,matched_by_id
E3820500108203,中萩小学校（校舎）南,愛媛県新居浜市中萩町6-61,,,41-6225,1,1,1,1,1,,1,,1,2354,,,,,愛媛県新居浜市中萩町6-61,E3820500108203,33.928557606538,133.2805227382,matched_by_id
E3820500108202,中萩小学校（体育館）,愛媛県新居浜市中萩町6-61,,,41-6225,1,1,1,1,1,,1,,1,1239,,,,,愛媛県新居浜市中萩町6-61,E3820500108202,33.928317249983,133.28117719721,matched_by_id
E3820500108201,中萩小学校（グラウンド）,愛媛県新居浜市中萩町6-61,,,41-6225,1,1,1,1,1,1,1,,,10383,,,,,愛媛県新居浜市中萩町6-61,E3820500108201,33.928962650309,133.28130057882,matched_by_id
E3820500107205,中萩中学校（校舎）東,愛媛県新居浜市中萩町13-31,,,43-5131,1,1,1,1,1,,1,,1,2309,,,,,愛媛県新居浜市中萩町13-31,E3820500107205,33.927278566698,133.28374724481,matched_by_id
E3820500107204,中萩中学校（校舎）西,愛媛県新居浜市中萩町13-31,,,43-5131,1,1,1,1,1,,1,,1,2486,,,,,愛媛県新居浜市中萩町13-31,E3820500107204,33.927002597562,133.2828782091,matched_by_id
E3820500107203,中萩中学校（体育館）,愛媛県新居浜市中萩町13-31,,,43-5131,1,1,1,1,1,,1,,1,1031,,,,,愛媛県新居浜市中萩町13-31,E3820500107203,33.926886868303,133.2842193136,matched_by_id
E3820500107202,中萩中学校（武道場）,愛媛県新居浜市中萩町13-31,,,43-5131,1,,1,1,1,,1,,1,428,,,,,愛媛県新居浜市中萩町13-31,E3820500107202,33.926655409314,133.28438024614,matched_by_id
E3820500107201,中萩中学校（グラウンド）,愛媛県新居浜市中萩町13-31,,,43-5131,1,,1,1,1,1,1,,,16838,,,,,愛媛県新居浜市中萩町13-31,E3820500107201,33.926441754305,133.28339855765,matched_by_id
E3820500129201,中萩公民館,愛媛県新居浜市萩生740-1,,,41-6735,1,1,1,1,1,,1,,1,984,,,,,愛媛県新居浜市萩生740-1,E3820500129201,33.929063585496,133.2790325109,matched_by_id
E3820500111201,土橋公園,愛媛県新居浜市土橋2-14,,,65-1270,1,1,1,1,1,,,,,6300,,,,,愛媛県新居浜市土橋2-14,E3820500111201,33.930666953894,133.29357690154,matched_by_id
E3820500146201,中萩きらきら公園,愛媛県新居浜市本郷3-1,,,65-1270,1,1,1,1,1,1,1,,,10700,,,,,愛媛県新居浜市本郷3-1,E3820500146201,33.93379013238,133.27905269571,matched_by_id
E3820500095203,大生院小学校（校舎）,愛媛県新居浜市大生院1070-1,,,41-6627,1,1,1,1,1,,1,,1,3006,,,,,愛媛県新居浜市大生院1070-1,E3820500095203,33.919321637056,133.25394077047,matched_by_id
E3820500095202,大生院小学校（体育館）,愛媛県新居浜市大生院1070-1,,,41-6627,,1,1,1,1,,1,,1,807,,,,,愛媛県新居浜市大生院1070-1,E3820500095202,33.919878075694,133.25406951652,matched_by_id
E3820500095201,大生院小学校（グラウンド）,愛媛県新居浜市大生院1070-1,,,41-6627,,1,1,1,1,1,1,,,8570,,,,,愛媛県新居浜市大生院1070-1,E3820500095201,33.919708918733,133.25360281214,matched_by_id
E3820500096204,大生院中学校（校舎）,愛媛県新居浜市大生院1070-2,,,41-6927,,1,1,1,1,,1,,1,3142,,,,,愛媛県新居浜市大生院1070-2,E3820500096204,33.918315586774,133.2548098062,matched_by_id
E3820500096203,大生院中学校（体育館）,愛媛県新居浜市大生院1070-2,,,41-6927,,1,1,1,1,,1,,1,1201,,,,,愛媛県新居浜市大生院1070-2,E3820500096203,33.919001126752,133.25483126387,matched_by_id
E3820500096202,大生院中学校（武道場）,愛媛県新居浜市大生院1070-2,,,41-6927,,1,1,1,1,,1,,1,460,,,,,愛媛県新居浜市大生院1070-2,E3820500096202,33.91877409789,133.25499219641,matched_by_id
E3820500096201,大生院中学校（グラウンド）,愛媛県新居浜市大生院1070-2,,,41-6927,,1,1,1,1,1,1,,,9952,,,,,愛媛県新居浜市大生院1070-2,E3820500096201,33.918609390297,133.25442893252,matched_by_id
E3820500094202,大生院公民館（公民館）,愛媛県新居浜市大生院1063-1,,,41-6604,1,1,1,1,1,,1,,1,562,,,,,愛媛県新居浜市大生院1063-1,E3820500094202,33.918803581408,133.25164318651,matched_by_id
E3820500094201,大生院公民館（体育館）,愛媛県新居浜市大生院1063-1,,,41-6604,,1,1,1,1,,1,,1,233,,,,,愛媛県新居浜市大生院1063-1,E3820500094201,33.918928224737,133.25152516931,matched_by_id
E3820500103207,角野小学校（校舎）東,愛媛県新居浜市中筋町2-7-10,,,43-7141,1,1,1,1,1,,1,,1,1448,,,,,愛媛県新居浜市中筋町2-7-10,E3820500103207,33.921847536305,133.30736659739,matched_by_id
E3820500103206,角野小学校（校舎）中－東,愛媛県新居浜市中筋町2-7-10,,,43-7141,1,1,1,1,1,,1,,1,1184,,,,,愛媛県新居浜市中筋町2-7-10,E3820500103206,33.922096813874,133.30705546115,matched_by_id
E3820500103206,角野小学校（校舎）中－中,愛媛県新居浜市中筋町2-7-10,,,43-7141,1,1,1,1,1,,1,,1,979,,,,,愛媛県新居浜市中筋町2-7-10,E3820500103206,33.922096813874,133.30705546115,matched_by_id
E3820500103204,角野小学校（校舎）中－西,愛媛県新居浜市中筋町2-7-10,,,43-7141,1,1,1,1,1,,1,,1,819,,,,,愛媛県新居浜市中筋町2-7-10,E3820500103204,33.921825279344,133.30615960333,matched_by_id
E3820500103203,角野小学校（校舎）西,愛媛県新居浜市中筋町2-7-10,,,43-7141,1,1,1,1,1,,1,,1,1170,,,,,愛媛県新居浜市中筋町2-7-10,E3820500103203,33.921540389727,133.305821645,matched_by_id
E3820500103202,角野小学校（体育館）,愛媛県新居浜市中筋町2-7-10,,,43-7141,1,,1,1,1,,1,,1,1033,,,,,愛媛県新居浜市中筋町2-7-10,E3820500103202,33.921998883488,133.30562316153,matched_by_id
E3820500103201,角野小学校（グラウンド）,愛媛県新居浜市中筋町2-7-10,,,43-7141,1,,1,1,1,1,1,,,15797,,,,,愛媛県新居浜市中筋町2-7-10,E3820500103201,33.921308916211,133.3069213507,matched_by_id
E3820500021205,角野中学校（校舎）北,愛媛県新居浜市宮原町11-51,,,43-6108,1,1,1,1,1,,1,,1,2156,,,,,愛媛県新居浜市宮原町11-51,E3820500021205,33.929454025671,133.30222375127,matched_by_id
E3820500021204,角野中学校（校舎）南,愛媛県新居浜市宮原町11-51,,,43-6108,1,1,1,1,1,,1,,1,2176,,,,,愛媛県新居浜市宮原町11-51,E3820500021204,33.929209220638,133.30237931939,matched_by_id
E3820500021203,角野中学校（体育館）,愛媛県新居浜市宮原町11-51,,,43-6108,1,1,1,1,1,,1,,1,1031,,,,,愛媛県新居浜市宮原町11-51,E3820500021203,33.929449574676,133.30302304955,matched_by_id
E3820500021202,角野中学校（武道場）,愛媛県新居浜市宮原町11-51,,,43-6108,1,1,1,1,1,,1,,1,765,,,,,愛媛県新居浜市宮原町11-51,E3820500021202,33.929836810312,133.30289430352,matched_by_id
E3820500021201,角野中学校（グラウンド）,愛媛県新居浜市宮原町11-51,,,43-6108,,1,1,1,1,1,1,,,10934,,,,,愛媛県新居浜市宮原町11-51,E3820500021201,33.929805653486,133.30204136105,matched_by_id
E3820500041207,新居浜南高校（校舎）本館,愛媛県新居浜市篠場町1-32,,,43-6191,1,1,1,1,1,,1,,1,2973,,,,,愛媛県新居浜市篠場町1-32,E3820500041207,33.925073894705,133.29502879638,matched_by_id
E3820500041206,新居浜南高校（校舎）普通,愛媛県新居浜市篠場町1-32,,,43-6191,1,1,1,1,1,,1,,1,2533,,,,,愛媛県新居浜市篠場町1-32,E3820500041206,33.924695539904,133.2957476284,matched_by_id
E3820500041205,新居浜南高校（校舎）理科,愛媛県新居浜市篠場町1-32,,,43-6191,1,1,1,1,1,,1,,1,802,,,,,愛媛県新居浜市篠場町1-32,E3820500041205,33.924566453763,133.29523264426,matched_by_id
E3820500041204,新居浜南高校（校舎）総合学科,愛媛県新居浜市篠場町1-32,,,43-6191,1,1,1,1,1,,1,,1,1188,,,,,愛媛県新居浜市篠場町1-32,E3820500041204,33.92498041897,133.29571007748,matched_by_id
E3820500041203,新居浜南高校（体育館）,愛媛県新居浜市篠場町1-32,,,43-6191,1,1,1,1,1,,1,,1,1066,,,,,愛媛県新居浜市篠場町1-32,E3820500041203,33.925256394657,133.29543649216,matched_by_id
E3820500041202,新居浜南高校（武道場）,愛媛県新居浜市篠場町1-32,,,43-6191,1,1,1,1,1,,1,,1,364,,,,,愛媛県新居浜市篠場町1-32,E3820500041202,33.92357827062,133.29267381686,matched_by_id
E3820500041201,新居浜南高校（グラウンド）,愛媛県新居浜市篠場町1-32,,,43-6191,1,1,1,1,1,1,1,,,13445,,,,,愛媛県新居浜市篠場町1-32,E3820500041201,33.925639198161,133.29584418792,matched_by_id
E3820500102201,角野公民館,愛媛県新居浜市中筋町2-4-24,,,41-6224,1,1,1,1,1,,1,,1,864,,,,,愛媛県新居浜市中筋町2-4-24,E3820500102201,33.922492146196,133.30585419195,matched_by_id
E3820500101201,上部高齢者福祉センター,愛媛県新居浜市中筋町1-6-8,,,43-6338,1,1,1,1,1,,1,,1,614,,,,,愛媛県新居浜市中筋町1-6-8,E3820500101201,33.928947428572,133.30575297172,matched_by_id
E3820500149201,マイントピア別子,愛媛県新居浜市立川町707-3,,,43-1801,1,1,1,1,1,,1,,1,1586,,,,,愛媛県新居浜市立川町707-3,E3820500149201,33.901450427898,133.30945036822,matched_by_id
E3820500014201,山根総合体育館,愛媛県新居浜市角野新田町3-14-1,,,43-2905,1,1,1,1,1,,1,,1,784,,,,,愛媛県新居浜市角野新田町3-14-1,E3820500014201,33.922844357915,133.31153628639,matched_by_id
E3820500013201,山根公園,愛媛県新居浜市角野新田町3-13,,,65-1270,1,1,1,1,1,1,1,,,102000,,,,,愛媛県新居浜市角野新田町3-13,E3820500013201,33.923602243014,133.31080896035,matched_by_id
E3820500019201,喜光地公園,愛媛県新居浜市喜光地町2-7,,,65-1270,1,1,1,1,1,,1,,,1700,,,,,愛媛県新居浜市喜光地町2-7,E3820500019201,33.932823134721,133.30120130537,matched_by_id
E3820500142203,別子小・中学校（校舎）,愛媛県新居浜市別子山甲358,,,64-2167,1,1,1,1,1,,1,,1,852,,,,,愛媛県新居浜市別子山甲358,E3820500142203,33.862733480596,133.41016158446,matched_by_id
E3820500142202,別子小・中学校（体育館）,愛媛県新居浜市別子山甲358,,,64-2167,1,1,1,1,1,,1,,1,696,,,,,愛媛県新居浜市別子山甲358,E3820500142202,33.862947295271,133.41056928023,matched_by_id
E3820500142201,別子小・中学校（グラウンド）,愛媛県新居浜市別子山甲358,,,64-2167,1,,1,1,1,,1,,,2126,,,,,愛媛県新居浜市別子山甲358,E3820500142201,33.862769116412,133.40957686289,matched_by_id
E3820500141201,別子山公民館,愛媛県新居浜市別子山甲347-1,,,64-2211,1,1,1,1,1,,1,,1,284,,,,,愛媛県新居浜市別子山甲347-1,E3820500141201,33.863134382672,133.41084822995,matched_by_id
E3820500138201,中部集会所,愛媛県新居浜市別子山乙482-8,,,64-2011,1,1,1,1,1,,1,,1,110,,,,,愛媛県新居浜市別子山乙482-8,E3820500138201,33.857570776289,133.39909100618,matched_by_id
E3820500140201,東部集会所,愛媛県新居浜市別子山甲304,,,64-2011,1,,1,1,1,,1,,1,110,,,,,愛媛県新居浜市別子山甲304,E3820500140201,33.865796884009,133.41843880802,matched_by_id
E3820500139201,大成集会所,愛媛県新居浜市別子山甲181-2,,,64-2011,1,,1,1,1,,1,,1,110,,,,,愛媛県新居浜市別子山甲181-2,E3820500139201,33.862247546044,133.44067132189,matched_by_id
E3820500137201,別子山市民運動公園,愛媛県新居浜市別子山乙304-8,,,65-1270,1,1,1,1,1,1,1,,,11380,,,,,愛媛県新居浜市別子山乙304-8,E3820500137201,33.862737540005,133.44198023989,matched_by_id
E3820600136202,丹原西中学校（校舎・体育館）,愛媛県,西条市丹原町来見甲,15-1,(0898)73-2302,1,1,1,,1,,,,1,2529,,,,,愛媛県西条市丹原町来見甲15-1,E3820600136202,33.866229800498,133.02501230042,matched_by_id
E3820600173202,ひと・夢・未来創造拠点複合施設（ＳＡＩＪＯ　ＢＡＳＥ　建物）,愛媛県,西条市明屋敷,131-2,(0897)47-6063,1,1,1,,1,,,,1,1735,,「洪水・津波・高潮災害時は建物の2階以上の部分に限り指定緊急避難場所とする」,,,愛媛県西条市明屋敷131-2,E3820600173202,33.9231005445626,133.180683667509,matched_by_id
E3820600086201,西条南中学校（グラウンド）,愛媛県,西条市大町,1120,(0897)56-0380,,1,1,1,1,1,,,1,6147,,,,,愛媛県西条市大町1120,E3820600086201,33.90415414223,133.18757593188,matched_by_id
E3820600109201,高松児童遊園,愛媛県,西条市丹原町高松２２０８－４地先,,,1,1,1,1,1,1,,,,140,,,,,愛媛県西条市丹原町高松２２０８－４地先,E3820600109201,33.890108301188,133.04400417123,matched_by_id
E3820600176201,丹原中央公園,愛媛県,西条市丹原町願連寺,53-1,(0898)68-7300,,1,1,1,1,1,,,,11300,,,,,愛媛県西条市丹原町願連寺53-1,E3820600176201,33.9028778336028,133.067012554018,matched_by_id
E3820600087201,大町公民館（建物）,愛媛県,西条市大町,225-10,(0897)56-3835,1,1,1,,1,,,,1,563,,「洪水・高潮災害時は建物の2階以上の部分に限り指定緊急避難場所とする」,,,愛媛県西条市大町225-10,E3820600087201,33.910503101391,133.19245747007,matched_by_id
E3820600145203,禎瑞小学校（校舎・体育館）,愛媛県,西条市禎瑞,1829,(0897)57-9280,1,1,1,,1,,,,1,1238,,「洪水・津波災害時は建物の2階以上、高潮災害時は建物の3階以上の部分に限り指定緊急避難場所とする」,,,愛媛県西条市禎瑞1829,E3820600145203,33.914953982533,133.14120100973,matched_by_id
E3820600097201,高座集会所（建物）,愛媛県,西条市丹原町鞍瀬甲,844,,1,1,1,,1,,,,,204,,,,,愛媛県西条市丹原町鞍瀬甲844,E3820600097201,33.8368096348,133.012452479,matched_by_id
E3820600082202,橘小学校（校舎・体育館）,愛媛県,西条市西泉乙,417,(0897)57-9845,1,1,1,,1,,,,1,1191,,「洪水災害時は、建物の2階以上の部分に限り指定緊急避難場所とする」,,,愛媛県西条市西泉乙417,E3820600082202,33.892800448847,133.14683458948,matched_by_id
E3820600003201,ひうち体育館,愛媛県,西条市ひうち,1-3,(0897)53-3357,1,1,1,,1,,,,1,732,,「高潮災害時は建物の2階以上の部分に限り指定緊急避難場所とする。津波災害時は孤立が想定される。」,,,愛媛県西条市ひうち1-3,E3820600003201,33.936679621833,133.18783157235,matched_by_id
E3820600136201,丹原西中学校（グラウンド）,愛媛県,西条市丹原町来見甲,15-1,(0898)73-2302,1,1,1,1,1,1,,,1,6550,,,,,愛媛県西条市丹原町来見甲15-1,E3820600136201,33.865632922805,133.02527515691,matched_by_id
E3820600156202,西条東部地域交流センター（建物）,愛媛県,西条市飯岡,550,(0897)55-3961,1,1,1,,1,,,,1,148,,,,,愛媛県西条市飯岡550,E3820600156202,33.913746132246,133.23497384955,matched_by_id
E3820600066201,北川農村公園,愛媛県,西条市小松町北川,286-1,,,1,1,1,1,1,,,,352,,,,,愛媛県西条市小松町北川286-1,E3820600066201,33.901523705416,133.09012092061,matched_by_id
E3820600096201,（旧）鞍瀬小学校,愛媛県,西条市丹原町鞍瀬甲,382-1,,1,,1,1,1,1,,,,1144,,,,,愛媛県西条市丹原町鞍瀬甲382-1,E3820600096201,33.841564079428,133.00774930997,matched_by_id
E3820600041201,周布公民館（建物）,愛媛県,西条市周布,1281-1,(0898)68-7030,1,1,1,,1,,,,1,226,,「洪水災害時は建物の2階以上の部分に限り指定緊急避難場所とする」,,,愛媛県西条市周布1281-1,E3820600041201,33.912071915093,133.0785877669,matched_by_id
E3820600132201,徳能ちびっこ広場,愛媛県,西条市丹原町徳能乙,5-1,,1,1,1,1,1,1,,,,100,,,,,愛媛県西条市丹原町徳能乙5-1,E3820600132201,33.9153646138,133.044114143,matched_by_id
E3820600065202,小松中学校（校舎・体育館）,愛媛県,西条市小松町南川甲,208,(0898)72-2744,1,1,1,,1,,,,1,3349,,「洪水災害時は、建物の2階以上の部分に限り指定緊急避難場所とする」,,,愛媛県西条市小松町南川甲208,E3820600065202,33.894125921474,133.09607700275,matched_by_id
E3820600135201,中川小学校（グラウンド）,愛媛県,西条市丹原町来見,1-122,(0898)73-2301,1,1,1,1,1,1,,,1,2735,,,,,愛媛県西条市丹原町来見1-122,E3820600135201,33.864737598443,133.02725999158,matched_by_id
E3820600119201,川根東児童遊園,愛媛県,西条市丹原町川根甲,377,,1,,1,1,1,1,,,,100,,,,,愛媛県西条市丹原町川根甲377,E3820600119201,33.8971862603,133.032705252,matched_by_id
E3820600079202,壬生川小学校（校舎・体育館）,愛媛県,西条市壬生川,425-2,(0898)64-2022,1,1,1,,1,,,,1,2420,,「洪水・高潮・津波災害時は建物の2階以上の部分に限り指定緊急避難場所とする」,,,愛媛県西条市壬生川425-2,E3820600079202,33.935645327766,133.08198381605,matched_by_id
E3820600104201,古田ちびっこ広場,愛媛県,西条市丹原町古田甲,1359,,1,,1,1,1,1,,,,25,,,,,愛媛県西条市丹原町古田甲1359,E3820600104201,33.907270237663,133.04018702355,matched_by_id
E3820600130201,丹原文化会館（駐車場）,愛媛県,西条市丹原町田野上方,2131-1,(0898)68-3555,1,1,1,1,1,1,,,1,10078,,,,,愛媛県西条市丹原町田野上方2131-1,E3820600130201,33.884895848058,133.04816789457,matched_by_id
E3820600168201,北条新田会館（建物）,愛媛県,西条市北条,1397-13,,1,1,,,1,,,,1,65,,「洪水・津波災害時は建物の2階以上の部分に限り指定緊急避難場所とする」,,,愛媛県西条市北条1397-13,E3820600168201,33.934777406741,133.09774354353,matched_by_id
E3820600029201,浦山小学校（グラウンド）,愛媛県,西条市黒瀬甲,895-1,(0897)59-0523,1,,1,1,1,1,,,,1069,,,,,愛媛県西条市黒瀬甲895-1,E3820600029201,33.852477687568,133.16017635073,matched_by_id
E3820600037201,三芳小学校（グラウンド）,愛媛県,西条市三芳,1217,(0898)66-5227,,1,1,1,1,1,,,1,1707,,,,,愛媛県西条市三芳1217,E3820600037201,33.951449581887,133.05934230942,matched_by_id
E3820600012201,本谷温泉館,愛媛県,西条市河之内甲,494,(0898)66-0372,1,,1,,1,,,,1,739,,,,,愛媛県西条市河之内甲494,E3820600012201,33.929484273169,133.02156982266,matched_by_id
E3820600120201,川根西児童遊園,愛媛県,西条市丹原町川根甲,951,,1,,1,1,1,1,,,,113,,,,,愛媛県西条市丹原町川根甲951,E3820600120201,33.892282524559,133.02978593754,matched_by_id
E3820600020202,吉井小学校（校舎・体育館）,愛媛県,西条市玉之江,235-1,(0898)64-3080,1,1,1,,1,,,,1,1743,,「洪水災害時は建物の2階以上の部分に限り指定緊急避難場所とする」,,,愛媛県西条市玉之江235-1,E3820600020202,33.913269568816,133.10078673793,matched_by_id
E3820600147201,西条市生涯学習の館,愛媛県,西条市天神,1-205,(0897)53-8686,1,1,1,,1,,,,1,482,,,,,愛媛県西条市天神1-205,E3820600147201,33.930716963052,133.21057438498,matched_by_id
E3820600075202,総合福祉センター（建物）,愛媛県,西条市神拝甲,324-2,(0897)55-0294,1,1,1,,1,,,,1,4032,,「洪水・津波・高潮災害時は建物の2階以上の部分に限り指定緊急避難場所とする」,,,愛媛県西条市神拝甲324-2,E3820600075202,33.914800769808,133.18213676968,matched_by_id
E3820600057201,小松小学校（グラウンド）,愛媛県,西条市小松町新屋敷甲,280-1,(0898)72-2704,,1,1,1,1,1,,,1,3641,,,,,愛媛県西条市小松町新屋敷甲280-1,E3820600057201,33.89619538084,133.11233557573,matched_by_id
E3820600064201,石根ふれあい公園,愛媛県,西条市小松町大頭甲,614,,1,1,1,1,1,1,,,,3500,,,,,愛媛県西条市小松町大頭甲614,E3820600064201,33.877373638259,133.07029807074,matched_by_id
E3820600015201,喜多川公園,愛媛県,西条市喜多川,752,,,1,,1,,1,,,,1897,,,,,愛媛県西条市喜多川752,E3820600015201,33.922799633024,133.17167372455,matched_by_id
E3820600130202,丹原文化会館（建物）,愛媛県,西条市丹原町田野上方,2131-1,(0898)68-3555,1,1,1,,1,,,,1,2251,,,,,愛媛県西条市丹原町田野上方2131-1,E3820600130202,33.885412431782,133.04776556322,matched_by_id
E3820600111202,田滝小学校（校舎・体育館）,愛媛県,西条市丹原町高松甲,2266-1,(0898)68-7557,1,1,1,,1,,,,1,763,,,,,愛媛県西条市丹原町高松甲2266-1,E3820600111202,33.880264769065,133.02014782125,matched_by_id
E3820600079201,壬生川小学校（グラウンド）,愛媛県,西条市壬生川,425-2,(0898)64-2022,,1,,1,,1,,,1,3703,,,,,愛媛県西条市壬生川425-2,E3820600079201,33.93642864219,133.08143128099,matched_by_id
E3820600106202,徳田小学校（校舎・体育館）,愛媛県,西条市丹原町古田甲,720-1,(0898)68-7163,1,1,1,,1,,,,1,1159,,「洪水災害時は建物の２階以上の部分に限り指定緊急避難場所とする」,,,愛媛県西条市丹原町古田甲720-1,E3820600106202,33.910577469175,133.0454044208,matched_by_id
E3820600140202,石鎚ふれあいの里（建物）,愛媛県,西条市中奥１号,25-1,(0897)59-0203,1,,1,,1,,,,1,509,,「洪水災害時は、建物の2階以上の部分に限り指定緊急避難場所とする」,,,愛媛県西条市中奥１号25-1,E3820600140202,33.839354200663,133.15039913474,matched_by_id
E3820600054201,小松こども園（グラウンド）,愛媛県,西条市小松町新屋敷甲,2210-1,(0898)72-2702,,1,1,1,1,1,,,,1375,,,,,愛媛県西条市小松町新屋敷甲2210-1,E3820600054201,33.8960079991,133.108512,matched_by_id
E3820600126201,古田新出ちびっこ広場,愛媛県,西条市丹原町池田,502-1,,,1,1,1,1,1,,,,35,,,,,愛媛県西条市丹原町池田502-1,E3820600126201,33.92123424105,133.06645512318,matched_by_id
E3820600102201,丹原体育館（建物）,愛媛県,西条市丹原町久妙寺甲,288-1,(0898)68-5580,1,1,1,,1,,,,1,772,,,,,愛媛県西条市丹原町久妙寺甲288-1,E3820600102201,33.899660913213,133.04771379436,matched_by_id
E3820600115201,丹原Ｂ＆Ｇ海洋センター（建物）,愛媛県,西条市丹原町志川甲,12-1,(0898)75-3933,1,,1,,1,,,,1,742,,「洪水災害時は建物の2階以上の部分に限り指定緊急避難場所とする」,,,愛媛県西条市丹原町志川甲12-1,E3820600115201,33.861974847609,133.03746694739,matched_by_id
E3820600125201,丹原小学校（グラウンド）,愛媛県,西条市丹原町池田,1778-1,(0898)68-7005,,1,1,1,1,1,,,1,5221,,,,,愛媛県西条市丹原町池田1778-1,E3820600125201,33.9057777038,133.06177040742,matched_by_id
E3820600060201,石根公民館（駐車場）,愛媛県,西条市小松町大頭甲,1045-1,(0898)72-2620,,1,1,1,1,1,,,,1210,,,,,愛媛県西条市小松町大頭甲1045-1,E3820600060201,33.884198,133.073917,matched_by_id
E3820600159202,西条西中学校（校舎・体育館）,愛媛県,西条市氷見乙,558,(0897)57-9434,1,1,1,,1,,,,1,2240,,「洪水災害時は建物の2階以上の部分に限り指定緊急避難場所とする」,,,愛媛県西条市氷見乙558,E3820600159202,33.897859697004,133.13739809789,matched_by_id
E3820600050202,神戸小学校（校舎・体育館）,愛媛県,西条市洲之内甲,200,(0897)56-2744,1,1,1,,1,,,,1,1733,,「洪水災害時は建物の2階以上の部分に限り指定緊急避難場所とする」,,,愛媛県西条市洲之内甲200,E3820600050202,33.900027035179,133.17802308076,matched_by_id
E3820600111201,田滝小学校（グラウンド）,愛媛県,西条市丹原町高松甲,2266-1,(0898)68-7557,1,1,1,1,1,1,,,1,1189,,,,,愛媛県西条市丹原町高松甲2266-1,E3820600111201,33.88001982274,133.02079155142,matched_by_id
E3820600023201,国安小学校（グラウンド）,愛媛県,西条市桑村,131,(0898)66-5181,1,1,1,1,1,1,,,1,4263,,,,,愛媛県西条市桑村131,E3820600023201,33.940734732946,133.06389458275,matched_by_id
E3820600057202,小松小学校（校舎・体育館）,愛媛県,西条市小松町新屋敷甲,280-1,(0898)72-2704,1,1,1,,1,,,,1,2727,,「洪水災害時は、建物の2階以上の部分に限り指定緊急避難場所とする」,,,愛媛県西条市小松町新屋敷甲280-1,E3820600057202,33.895656598623,133.11248041503,matched_by_id
E3820600042201,周布小学校（グラウンド）,愛媛県,西条市周布,1521,(0898)68-7116,,1,1,1,1,1,,,1,2478,,,,,愛媛県西条市周布1521,E3820600042201,33.911220510058,133.07620081048,matched_by_id
E3820600141201,大保木公民館（駐車場）,愛媛県,西条市中奥,1-45,(0897)59-0226,1,,1,1,1,1,,,1,1131,,,,,愛媛県西条市中奥1-45,E3820600141201,33.837500640415,133.14876298556,matched_by_id
E3820600058202,小松公民館（建物）,愛媛県,西条市小松町新屋敷甲,3008,(0898)72-2631,1,1,1,,1,,,,1,959,,,,,愛媛県西条市小松町新屋敷甲3008,E3820600058202,33.893359083309,133.1158625886,matched_by_id
E3820600148201,橘公民館（建物）,愛媛県,西条市楢木,54-1,(0897)57-9543,1,1,1,,1,,,,1,327,,「洪水災害時は、建物の2階以上の部分に限り指定緊急避難場所とする」,,,愛媛県西条市楢木54-1,E3820600148201,33.894074776873,133.14733623082,matched_by_id
E3820600134201,田野公民館（建物）,愛媛県,西条市丹原町北田野,1587-5,(0898)68-7501,1,1,1,,1,,,,1,281,,「洪水災害時は建物の２階以上の部分に限り指定緊急避難場所とする」,,,愛媛県西条市丹原町北田野1587-5,E3820600134201,33.879473873916,133.04372334962,matched_by_id
E3820600032201,西条北中学校（グラウンド）,愛媛県,西条市朔日市,400-1,(0897)56-0170,,1,,1,,1,,,1,8455,,,,,愛媛県西条市朔日市400-1,E3820600032201,33.920746361468,133.18715575163,matched_by_id
E3820600100202,丹原高等学校（校舎・体育館）,愛媛県,西条市丹原町願連寺,163,(0898)68-7325,1,1,1,,1,,,,1,4493,,「洪水災害時は建物の２階以上の部分に限り指定緊急避難場所とする」,,,愛媛県西条市丹原町願連寺163,E3820600100202,33.908819550464,133.06718163863,matched_by_id
E3820600009202,楠河小学校（校舎・体育館）,愛媛県,西条市河原津甲,464-1,(0898)66-5024,1,1,1,,1,,,,1,1904,,「洪水・高潮災害時は建物の2階以上の部分に限り指定緊急避難場所とする」,,,愛媛県西条市河原津甲464-1,E3820600009202,33.963855057178,133.06150269132,matched_by_id
E3820600076201,神拝小学校（グラウンド）,愛媛県,西条市神拝甲,427,(0897)56-3107,,1,,1,,1,,,1,4051,,,,,愛媛県西条市神拝甲427,E3820600076201,33.914915692741,133.17670011935,matched_by_id
E3820600059201,小松東保育所グラウンド,愛媛県,西条市小松町新屋敷甲,3009-1,(0898)72-2305,1,1,1,1,1,1,,,,1375,,,,,愛媛県西条市小松町新屋敷甲3009-1,E3820600059201,33.892981,133.115678,matched_by_id
E3820600077201,総合文化会館（駐車場）,愛媛県,西条市神拝甲,79-4,(0897)53-5500,,1,,1,1,1,,,1,4496,,,,,愛媛県西条市神拝甲79-4,E3820600077201,33.911010737349,133.18277807813,matched_by_id
E3820600016201,喜多台児童遊園,愛媛県,西条市喜多台,68-1,,1,1,1,1,1,1,,,,546,,,,,愛媛県西条市喜多台68-1,E3820600016201,33.937166371268,133.07133405744,matched_by_id
E3820600050201,神戸小学校（グラウンド）,愛媛県,西条市洲之内甲,200,(0897)56-2744,,1,1,1,1,1,,,1,3897,,,,,愛媛県西条市洲之内甲200,E3820600050201,33.899684189567,133.17818937772,matched_by_id
E3820600040201,市之川公民館（駐車場）,愛媛県,西条市市之川,6678-1,(0897)56-3300,,,,1,,1,,,,1611,,削除対応,,,愛媛県西条市市之川6678-1,E3820600040201,33.890523692246,133.21430324179,matched_by_id
E3820600129201,田野小学校（グラウンド）,愛媛県,西条市丹原町田野上方,2098-1,(0898)68-7548,,1,1,1,1,1,,,1,2765,,,,,愛媛県西条市丹原町田野上方2098-1,E3820600129201,33.879364171447,133.04561464655,matched_by_id
E3820600023202,国安小学校（校舎・体育館）,愛媛県,西条市桑村,131,(0898)66-5181,1,1,1,,1,,,,1,2188,,,,,愛媛県西条市桑村131,E3820600023202,33.941237627179,133.06347615815,matched_by_id
E3820600151201,河北会館（建物）,愛媛県,西条市楠甲,1295-1,(0898)66-2895,1,1,1,,1,,,,1,99,,「洪水災害時は建物の２階以上の部分に限り指定緊急避難場所とする」,,,愛媛県西条市楠甲1295-1,E3820600151201,33.963055076146,133.0568038826,matched_by_id
E3820600158201,氷見小学校（グラウンド）,愛媛県,西条市氷見乙,1143-2,(0897)57-9844,1,1,1,1,1,1,,,1,3846,,,,,愛媛県西条市氷見乙1143-2,E3820600158201,33.894928359185,133.12728187223,matched_by_id
E3820600073201,西条公民館（建物）,愛媛県,西条市新田,218-21,(0897)52-1264,1,1,,,1,,,,1,500,,「洪水・津波災害時は建物の2階以上の部分に限り指定緊急避難場所とする」,,,愛媛県西条市新田218-21,E3820600073201,33.926038023505,133.18093727929,matched_by_id
E3820600078201,壬生川公民館（建物）,愛媛県,西条市壬生川,200,(0898)64-2202,1,1,1,,1,,,,1,390,,「洪水・高潮・津波災害時は建物の2階以上の部分に限り指定緊急避難場所とする」,,,愛媛県西条市壬生川200,E3820600078201,33.935841456837,133.08407326591,matched_by_id
E3820600139202,庄内小学校（校舎・体育館）,愛媛県,西条市旦之上甲,618,(0898)66-5255,1,1,1,,1,,,,1,1175,,,,,愛媛県西条市旦之上甲618,E3820600139202,33.943105852893,133.03492323911,matched_by_id
E3820600081201,北星会館（建物）,愛媛県,西条市壬生川,682-1,(0898)64-0321,1,1,,,1,,,,,99,,「洪水・津波災害時は建物の2階以上の部分に限り指定緊急避難場所とする」,,,愛媛県西条市壬生川682-1,E3820600081201,33.940222594903,133.08099389123,matched_by_id
E3820600007202,西条東中学校（校舎・体育館）,愛媛県,西条市下島山甲,865,(0897)56-2653,1,1,1,,1,,,,1,2658,,「洪水災害時は建物の2階以上の部分に限り指定緊急避難場所とする」,,,愛媛県西条市下島山甲865,E3820600007202,33.922885047697,133.21077205699,matched_by_id
E3820600053201,旧小松地域福祉センター（建物）,愛媛県,西条市小松町新屋敷乙,48-1,(0898)72-6363,1,1,1,,1,,,,1,952,,,,,愛媛県西条市小松町新屋敷乙48-1,E3820600053201,33.89388168778,133.10900416749,matched_by_id
E3820600008201,楠河公民館（建物）,愛媛県,西条市河原津甲,460-1,(0898)66-0238,1,1,1,,1,,,,1,312,,「洪水・高潮災害時は建物の2階以上の部分に限り指定緊急避難場所とする」,,,愛媛県西条市河原津甲460-1,E3820600008201,33.963614800276,133.06220006566,matched_by_id
E3820600172201,西条高等学校（グラウンド）,愛媛県,西条市明屋敷,234,(0897)56-2030,,1,,1,,1,,,1,9747,,,,,愛媛県西条市明屋敷234,E3820600172201,33.920265700034,133.17832975182,matched_by_id
E3820600101201,丹原総合公園,愛媛県,西条市丹原町久妙寺甲,244,(0898)68-5580,1,,1,1,1,1,,,,25000,,,,,愛媛県西条市丹原町久妙寺甲244,E3820600101201,33.899582615079,133.04623572214,matched_by_id
E3820600052202,小松高等学校（校舎・体育館）,愛媛県,西条市小松町新屋敷乙,42-1,(0898)72-2731,1,1,1,,1,,,,1,4091,,,,,愛媛県西条市小松町新屋敷乙42-1,E3820600052202,33.892375670792,133.11059053282,matched_by_id
E3820600103201,久妙寺児童遊園,愛媛県,西条市丹原町久妙寺甲,671,,1,1,1,1,1,1,,,,125,,,,,愛媛県西条市丹原町久妙寺甲671,E3820600103201,33.904761382845,133.05040464666,matched_by_id
E3820600161201,西条西部公園,愛媛県,西条市氷見乙,608,(0897)57-9383,1,1,1,1,1,1,,,,24009,,,,,愛媛県西条市氷見乙608,E3820600161201,33.89942574673,133.13310559701,matched_by_id
E3820600160202,西条西部体育館,愛媛県,西条市氷見乙,601,(0897)57-9383,1,1,1,,1,,,,1,695,,「洪水・高潮災害時は建物の2階以上の部分に限り指定緊急避難場所とする」,,,愛媛県西条市氷見乙601,E3820600160202,33.899727503417,133.13229238556,matched_by_id
E3820600042202,周布小学校（校舎・体育館）,愛媛県,西条市周布,1521,(0898)68-7116,1,1,1,,1,,,,1,1947,,「洪水災害時は建物の2階以上の部分に限り指定緊急避難場所とする」,,,愛媛県西条市周布1521,E3820600042202,33.911496530316,133.07669433694,matched_by_id
E3820600092202,大町小学校（校舎・体育館）,愛媛県,西条市大町,992-2,(0897)56-2114,1,1,1,,1,,,,1,3154,,「洪水災害時は建物の2階以上の部分に限り指定緊急避難場所とする」,,,愛媛県西条市大町992-2,E3820600092202,33.907733502286,133.18813063721,matched_by_id
E3820600010201,東予運動公園,愛媛県,西条市河原津新田甲,157,(0898)66-0361,,1,,1,,1,,,,93229,,,,,愛媛県西条市河原津新田甲157,E3820600010201,33.964077783397,133.07411741944,matched_by_id
E3820600135202,中川小学校（校舎・体育館）,愛媛県,西条市丹原町来見,1-122,(0898)73-2301,1,1,1,,1,,,,1,1794,,,,,愛媛県西条市丹原町来見1-122,E3820600135202,33.86506722144,133.02712588113,matched_by_id
E3820600070201,妙口上児童遊園,愛媛県,西条市小松町妙口甲,721-1,,,1,1,1,1,1,,,,453,,,,,愛媛県西条市小松町妙口甲721-1,E3820600070201,33.878516313555,133.07944543735,matched_by_id
E3820600138201,庄内公民館（建物）,愛媛県,西条市旦之上甲,292-1,(0898)66-5255,1,1,1,,1,,,,1,275,,,,,愛媛県西条市旦之上甲292-1,E3820600138201,33.943893548919,133.03862468755,matched_by_id
E3820600030201,黒谷公園,愛媛県,西条市黒谷乙,34-41,,1,1,1,1,1,1,,,,2350,,,,,愛媛県西条市黒谷乙34-41,E3820600030201,33.952472112685,133.00853716957,matched_by_id
E3820600025202,吉岡小学校（校舎・体育館）,愛媛県,西条市広岡甲,116-1,(0898)66-5259,1,1,1,,1,,,,1,1338,,,,,愛媛県西条市広岡甲116-1,E3820600025202,33.932492799994,133.04920011649,matched_by_id
E3820600121201,御陣家住宅ちびっこ広場,愛媛県,西条市丹原町池田,1176-1,,,1,1,1,1,1,,,,313,,,,,愛媛県西条市丹原町池田1176-1,E3820600121201,33.90751773026,133.0508144344,matched_by_id
E3820600116201,志川ちびっ子広場,愛媛県,西条市丹原町志川甲,885,,1,,1,1,1,1,,,,38,,,,,愛媛県西条市丹原町志川甲885,E3820600116201,33.857959181984,133.03008427233,matched_by_id
E3820600036201,三芳公民館（建物）,愛媛県,西条市三芳,1027-2,(0898)66-0504,1,1,1,,1,,,,1,698,,「洪水災害時は建物の2階以上の部分に限り指定緊急避難場所とする」,,,愛媛県西条市三芳1027-2,E3820600036201,33.953029,133.063579,matched_by_id
E3820600133201,徳能出作ちびっこ広場,愛媛県,西条市丹原町徳能出作,156,,,1,1,1,1,1,,,,25,,,,,愛媛県西条市丹原町徳能出作156,E3820600133201,33.924005789907,133.06249862315,matched_by_id
E3820600056201,小松中央公園,愛媛県,西条市小松町新屋敷甲,2427,(0898)72-5128,1,1,1,1,1,1,,,,7075,,,,,愛媛県西条市小松町新屋敷甲2427,E3820600056201,33.887358453316,133.10974246431,matched_by_id
E3820600145202,禎瑞小学校（グラウンド）,愛媛県,西条市禎瑞,1829,(0897)57-9280,,1,,1,,1,,,1,2851,,,,,愛媛県西条市禎瑞1829,E3820600145202,33.915252249383,133.14065920351,matched_by_id
E3820600034201,三津屋東１号公園,愛媛県,西条市三津屋東,43,,,1,,1,,1,,,,5000,,,,,愛媛県西条市三津屋東43,E3820600034201,33.933362328359,133.09441929366,matched_by_id
E3820600051201,椿交流館（建物）,愛媛県,西条市小松町新屋敷乙,22-29,(0898)76-3511,1,1,1,,1,,,,1,859,,,,,愛媛県西条市小松町新屋敷乙22-29,E3820600051201,33.883218151357,133.10852799573,matched_by_id
E3820600165202,西条農業高等学校（校舎・体育館）,愛媛県,西条市福武甲,2093,(0897)56-3611,,1,1,,1,,,,1,6288,,「洪水災害時は建物の2階以上の部分に限り指定緊急避難場所とする」,,,愛媛県西条市福武甲2093,E3820600165202,33.900595570172,133.19280309333,matched_by_id
E3820600046202,東予体育館（建物）,愛媛県,西条市周布,396,(0898)65-5546,1,1,1,,1,,,,1,1769,,「洪水・高潮・津波災害時は建物の2階以上の部分に限り指定緊急避難場所とする」,,,愛媛県西条市周布396,E3820600046202,33.928107347028,133.08213757157,matched_by_id
E3820600122201,池田ちびっこ広場,愛媛県,西条市丹原町池田,1390,,,1,1,1,1,1,,,,125,,,,,愛媛県西条市丹原町池田1390,E3820600122201,33.908750025087,133.05946020859,matched_by_id
E3820600069201,小松体育館,愛媛県,西条市小松町妙口甲,34-1,(0898)72-5327,1,1,1,,1,,,,1,727,,,,,愛媛県西条市小松町妙口甲34-1,E3820600069201,33.89140003033,133.09197145192,matched_by_id
E3820600019201,玉津公民館（建物）,愛媛県,西条市玉津,238-1,(0897)56-5191,1,1,1,,1,,,,1,475,,「洪水・津波・高潮災害時は建物の2階以上の部分に限り指定緊急避難場所とする」,,,愛媛県西条市玉津238-1,E3820600019201,33.921923956241,133.2004020084,matched_by_id
E3820600043201,東予東中学校（グラウンド）,愛媛県,西条市周布,160,(0898)64-2132,,1,1,1,1,1,,,1,6491,,,,,愛媛県西条市周布160,E3820600043201,33.920397249365,133.08573323698,matched_by_id
E3820600021201,吉井公民館（建物）,愛媛県,西条市玉之江,235-2,(0898)64-3001,1,1,1,,1,,,,1,228,,「洪水災害時は建物の2階以上の部分に限り指定緊急避難場所とする」,,,愛媛県西条市玉之江235-2,E3820600021201,33.913830498786,133.10131781531,matched_by_id
E3820600004201,大影子供広場,愛媛県,西条市安用,662-1,,1,1,1,1,1,1,,,,388,,,,,愛媛県西条市安用662-1,E3820600004201,33.930040859736,133.05720664802,matched_by_id
E3820600152201,飯岡小学校（グラウンド）,愛媛県,西条市飯岡,2124,(0897)56-2119,1,1,1,1,1,1,,,1,4410,,,,,愛媛県西条市飯岡2124,E3820600152201,33.9195512905,133.22715979517,matched_by_id
E3820600123201,丹原公民館（建物）,愛媛県,西条市丹原町池田,1711-1,(0898)68-5580,1,1,1,,1,,,,1,500,,「洪水災害時は建物の２階以上の部分に限り指定緊急避難場所とする」,,,愛媛県西条市丹原町池田1711-1,E3820600123201,33.906962985879,133.06428485484,matched_by_id
E3820600052201,小松高等学校（グラウンド）,愛媛県,西条市小松町新屋敷乙,42-1,(0898)72-2731,1,1,1,1,1,1,,,1,14311,,,,,愛媛県西条市小松町新屋敷乙42-1,E3820600052201,33.891752258178,133.10981805662,matched_by_id
E3820600022201,国安公民館（建物）,愛媛県,西条市桑村,127-1,(0898)66-5028,1,1,1,,1,,,,1,275,,,,,愛媛県西条市桑村127-1,E3820600022201,33.941424542862,133.06398041345,matched_by_id
E3820600028201,東予西中学校（グラウンド）,愛媛県,西条市国安,996,(0898)66-5042,1,1,1,1,1,1,,,1,5639,,,,,愛媛県西条市国安996,E3820600028201,33.937298243968,133.05389396751,matched_by_id
E3820600125202,丹原小学校（校舎・体育館）,愛媛県,西条市丹原町池田,1778-1,(0898)68-7005,1,1,1,,1,,,,1,2642,,「洪水災害時は建物の２階以上の部分に限り指定緊急避難場所とする」,,,愛媛県西条市丹原町池田1778-1,E3820600125202,33.905978053966,133.06235512897,matched_by_id
E3820600035201,大曲公園,愛媛県,西条市三津屋南,1-46,,,1,,1,,1,,,,3840,,,,,愛媛県西条市三津屋南1-46,E3820600035201,33.93407085131,133.08856324828,matched_by_id
E3820600158202,氷見小学校（校舎・体育館）,愛媛県,西条市氷見乙,1143-2,(0897)57-9844,1,1,1,,1,,,,1,1594,,,,,愛媛県西条市氷見乙1143-2,E3820600158202,33.894509795174,133.1273033299,matched_by_id
E3820600017201,河北中学校（グラウンド）,愛媛県,西条市宮之内,284,(0898)66-5044,,1,1,1,1,1,,,1,4341,,,,,愛媛県西条市宮之内284,E3820600017201,33.951083343268,133.05431491653,matched_by_id
E3820600074202,西条小学校（校舎・体育館）,愛媛県,西条市神拝乙,112,(0897)56-3117,1,1,1,,1,,,,1,2861,,「洪水・津波・災害時は建物の2階以上、高潮災害時は建物の3階以上の部分に限り指定緊急避難場所とする」,,,愛媛県西条市神拝乙112,E3820600074202,33.925194149891,133.18028807589,matched_by_id
E3820600058201,小松公民館（駐車場）,愛媛県,西条市小松町新屋敷甲,3008,(0898)72-2631,,1,1,1,1,1,,,1,758,,,,,愛媛県西条市小松町新屋敷甲3008,E3820600058201,33.893648519994,133.11583040209,matched_by_id
E3820600063201,石根小学校（グラウンド）,愛媛県,西条市小松町大頭甲,262-1,(0898)72-2920,,1,1,1,1,1,,,1,3350,,,,,愛媛県西条市小松町大頭甲262-1,E3820600063201,33.882448140501,133.07543113324,matched_by_id
E3820600037202,三芳小学校（校舎・体育館）,愛媛県,西条市三芳,1217,(0898)66-5227,1,1,1,,1,,,,1,1329,,「洪水災害時は建物の2階以上の部分に限り指定緊急避難場所とする」,,,愛媛県西条市三芳1217,E3820600037202,33.951547478407,133.05878977437,matched_by_id
E3820600169202,多賀小学校（校舎・体育館）,愛媛県,西条市北条,1504,(0898)64-2042,1,1,1,,1,,,,1,1858,,「洪水・高潮・津波災害時は建物の2階以上の部分に限り指定緊急避難場所とする」,,,愛媛県西条市北条1504,E3820600169202,33.928860069034,133.09310077062,matched_by_id
E3820600159201,西条西中学校（グラウンド）,愛媛県,西条市氷見乙,558,(0897)57-9434,,1,1,1,1,1,,,1,6803,,,,,愛媛県西条市氷見乙558,E3820600159201,33.897027048393,133.13703868188,matched_by_id
E3820600088201,西条市民公園,愛媛県,西条市大町,457,(0897)56-2226,,1,,1,,1,,,,17097,,,,,愛媛県西条市大町457,E3820600088201,33.917772787493,133.19303069207,matched_by_id
E3820600145201,禎瑞公民館（建物）,愛媛県,西条市禎瑞,1829,(0897)57-7274,1,1,,,1,,,,1,214,,「洪水・津波災害時は建物の2階以上の部分に限り指定緊急避難場所とする」,,,愛媛県西条市禎瑞1829,E3820600145201,33.914853818058,133.14033197402,matched_by_id
E3820600026202,加茂公民館（建物）,愛媛県,西条市荒川,2-185,(0897)58-0001,1,,1,,1,,,,1,544,,,,,愛媛県西条市荒川2-185,E3820600026202,33.865221041477,133.18421760561,matched_by_id
E3820600075201,総合福祉センター（駐車場）,愛媛県,西条市神拝甲,324-2,(0897)55-0294,1,1,,1,,1,,,1,1612,,,,,愛媛県西条市神拝甲324-2,E3820600075201,33.914039515479,133.18245595255,matched_by_id
E3820600013201,川沿公園,愛媛県,西条市喜多川,284,,,1,,1,,1,,,,485,,,,,愛媛県西条市喜多川284,E3820600013201,33.912095709048,133.17100853671,matched_by_id
E3820600046201,東予体育館（駐車場）,愛媛県,西条市周布,396,(0898)65-5546,,1,,1,,1,,,1,1517,,,,,愛媛県西条市周布396,E3820600046201,33.928352155229,133.08201955437,matched_by_id
E3820600117201,中川公民館（建物）,愛媛県,西条市丹原町石経,847-1,(0898)73-2200,1,1,1,,1,,,,1,308,,,,,愛媛県西条市丹原町石経847-1,E3820600117201,33.865417881045,133.0348148865,matched_by_id
E3820600165201,西条農業高等学校（グラウンド）,愛媛県,西条市福武甲,2093,(0897)56-3611,,1,1,1,1,1,,,1,9280,,,,,愛媛県西条市福武甲2093,E3820600165201,33.901316872406,133.19153172625,matched_by_id
E3820600156201,西条東部地域交流センター（駐車場）,愛媛県,西条市飯岡,550,(0897)55-3961,1,1,1,1,1,1,,,1,1382,,,,,愛媛県西条市飯岡550,E3820600156201,33.913296497753,133.23522597721,matched_by_id
E3820600100201,丹原高等学校（グラウンド）,愛媛県,西条市丹原町願連寺,163,(0898)68-7325,,1,1,1,1,1,,,1,8395,,,,,愛媛県西条市丹原町願連寺163,E3820600100201,33.908298656419,133.06626968755,matched_by_id
E3820600137201,来見児童遊園,愛媛県,西条市丹原町来見甲,714,,1,1,1,1,1,1,,,,250,,,,,愛媛県西条市丹原町来見甲714,E3820600137201,33.8637855326,133.021702449,matched_by_id
E3820600113202,丹原東中学校（校舎・体育館）,愛媛県,西条市丹原町今井,4-1,(0898)68-7054,1,1,1,,1,,,,1,3365,,「洪水災害時は建物の２階以上の部分に限り指定緊急避難場所とする」,,,愛媛県西条市丹原町今井4-1,E3820600113202,33.896990472411,133.05502645926,matched_by_id
E3820600143201,神戸公民館（建物）,愛媛県,西条市中野甲,566-4,(0897)56-2160,1,1,1,,1,,,,1,317,,「洪水災害時は建物の2階以上の部分に限り指定緊急避難場所とする」,,,愛媛県西条市中野甲566-4,E3820600143201,33.901620751861,133.17974386015,matched_by_id
E3820600131201,南部児童遊園,愛媛県,西条市丹原町田野上方,276-1,,,1,1,1,1,1,,,,437,,,,,愛媛県西条市丹原町田野上方276-1,E3820600131201,33.895287495236,133.06679925999,matched_by_id
E3820600141202,大保木公民館（建物）,愛媛県,西条市中奥,1-45,(0897)59-0226,1,,1,,1,,,,1,270,,,,,愛媛県西条市中奥1-45,E3820600141202,33.837500640415,133.14906339297,matched_by_id
E3820600002201,総合体育館,愛媛県,西条市ひうち,1-2,(0897)53-3006,1,1,1,,1,,,,1,3681,,「高潮災害時は建物の2階以上の部分に限り指定緊急避難場所とする。津波災害時は孤立が想定される。」,,,愛媛県西条市ひうち1-2,E3820600002201,33.937057923399,133.18714492683,matched_by_id
E3820600127201,池田児童遊園,愛媛県,西条市丹原町池田,696-1,,,1,1,1,1,1,,,,250,,,,,愛媛県西条市丹原町池田696-1,E3820600127201,33.914928566038,133.05798738931,matched_by_id
E3820600170201,多賀公民館（建物）,愛媛県,西条市北条,654-1,(0898)64-2083,,1,1,,1,,,,1,255,,「洪水・高潮・津波災害時は建物の2階以上の部分に限り指定緊急避難場所とする」,,,愛媛県西条市北条654-1,E3820600170201,33.926749918046,133.0950926764,matched_by_id
E3820600169201,多賀小学校（グラウンド）,愛媛県,西条市北条,1504,(0898)64-2042,,1,,1,,1,,,1,3590,,,,,愛媛県西条市北条1504,E3820600169201,33.928147902019,133.0933904492,matched_by_id
E3820600011201,本谷公園,愛媛県,西条市河之内甲,486-1,,1,1,1,1,1,1,,,,11344,,,,,愛媛県西条市河之内甲486-1,E3820600011201,33.92972017545,133.02312013947,matched_by_id
E3820600112201,高知児童遊園,愛媛県,西条市丹原町高知甲,731,,1,,1,1,1,1,,,,200,,,,,愛媛県西条市丹原町高知甲731,E3820600112201,33.919348596668,133.04383570794,matched_by_id
E3820600089201,旧東部ウイングサポートセンター（建物）,愛媛県,西条市大町,68-6,(0897)56-8114,1,1,1,,1,,,,1,327,,「洪水災害時は建物の2階以上の部分に限り指定緊急避難場所とする」,,,愛媛県西条市大町68-6,E3820600089201,33.906149946186,133.19236826402,matched_by_id
E3820600144201,石井記念公園,愛媛県,西条市禎瑞,1824,,,1,,1,,1,,,,5640,,,,,愛媛県西条市禎瑞1824,E3820600144201,33.914911690881,133.1391357088,matched_by_id
E3820600027201,高須公園,愛媛県,西条市高田,458-1,,,1,,1,,1,,,,5377,,,,,愛媛県西条市高田458-1,E3820600027201,33.949824231027,133.08657202616,matched_by_id
E3820600061201,石根公民館（建物）,愛媛県,西条市小松町大頭甲,1048-1,(0898)72-2620,1,1,1,,1,,,,1,723,,「洪水災害時は建物の2階以上の部分に限り指定緊急避難場所とする」,,,愛媛県西条市小松町大頭甲1048-1,E3820600061201,33.884023326786,133.07337674859,matched_by_id
E3820600129202,田野小学校（校舎・体育館）,愛媛県,西条市丹原町田野上方,2098-1,(0898)68-7548,1,1,1,,1,,,,1,1576,,「洪水災害時は建物の２階以上の部分に限り指定緊急避難場所とする」,,,愛媛県西条市丹原町田野上方2098-1,E3820600129202,33.879653655617,133.04520158637,matched_by_id
E3820600160201,西条市スポーツコミュニティセンター,愛媛県,西条市氷見乙,601,(0897)57-9383,1,1,1,,1,,,,1,253,,「洪水災害時は建物の2階以上の部分に限り指定緊急避難場所とする」,,,愛媛県西条市氷見乙601,E3820600160201,33.899344583507,133.1329843955,matched_by_id
E3820600157201,氷見公民館（建物）,愛媛県,西条市氷見乙,1120-2,(0897)57-9100,1,1,1,,1,,,,1,323,,,,,愛媛県西条市氷見乙1120-2,E3820600157201,33.895034216554,133.12813692882,matched_by_id
E3820600002202,西条運動公園,愛媛県,西条市ひうち,1-2,,1,1,,1,1,1,,,1,75008,,,,,愛媛県西条市ひうち1-2,E3820600002202,33.93587889,133.18652281,matched_by_id
E3820600068201,小松武道館,愛媛県,西条市小松町妙口甲,29-2,,1,1,1,,1,,,,1,379,,,,,愛媛県西条市小松町妙口甲29-2,E3820600068201,33.891893373291,133.09252212907,matched_by_id
E3820600107201,徳田公民館（建物）,愛媛県,西条市丹原町古田甲,725-2,(0898)68-7027,,1,1,,1,,,,1,240,,,,,愛媛県西条市丹原町古田甲725-2,E3820600107201,33.910697672562,133.04581211657,matched_by_id
E3820600139201,庄内小学校（グラウンド）,愛媛県,西条市旦之上甲,618,(0898)66-5255,1,1,1,1,1,1,,,1,2173,,,,,愛媛県西条市旦之上甲618,E3820600139201,33.943421822231,133.03458528078,matched_by_id
E3820600020201,吉井小学校（グラウンド）,愛媛県,西条市玉之江,235-1,(0898)64-3080,,1,1,1,1,1,,,1,3054,,,,,愛媛県西条市玉之江235-1,E3820600020201,33.912891161592,133.10112469626,matched_by_id
E3820600076202,神拝小学校（校舎・体育館）,愛媛県,西条市神拝甲,427,(0897)56-3107,1,1,1,,1,,,,1,3478,,「洪水・津波・高潮災害時は建物の2階以上の部分に限り指定緊急避難場所とする」,,,愛媛県西条市神拝甲427,E3820600076202,33.91537422215,133.17665720402,matched_by_id
E3820600047201,中央公民館（建物）,愛媛県,西条市周布,401-1,(0898)65-4030,1,1,1,,1,,,,1,1152,,「洪水・高潮災害時は建物の2階以上の部分に限り指定緊急避難場所とする」,,,愛媛県西条市周布401-1,E3820600047201,33.927866989203,133.08248625873,matched_by_id
E3820600049201,東予高等学校（グラウンド）,愛媛県,西条市周布,650,(0898)64-2119,,1,1,1,1,1,,,1,12372,,,,,愛媛県西条市周布650,E3820600049201,33.919107870929,133.07935817225,matched_by_id
E3820600074201,西条小学校（グラウンド）,愛媛県,西条市神拝乙,112,(0897)56-3117,,1,,1,,1,,,1,4324,,,,,愛媛県西条市神拝乙112,E3820600074201,33.92451756225,133.18053483912,matched_by_id
E3820600142201,神戸公園,愛媛県,西条市中野甲,1799,,1,1,1,1,1,1,,,,5049,,,,,愛媛県西条市中野甲1799,E3820600142201,33.896571496035,133.18347213251,matched_by_id
E3820600017202,河北中学校（校舎・体育館）,愛媛県,西条市宮之内,284,(0898)66-5044,1,1,1,,1,,,,1,2558,,「洪水災害時は建物の２階以上の部分に限り指定緊急避難場所とする」,,,愛媛県西条市宮之内284,E3820600017202,33.951684072725,133.05426663677,matched_by_id
E3820600049202,東予高等学校（校舎・体育館）,愛媛県,西条市周布,650,(0898)64-2119,1,1,1,,1,,,,1,6264,,「洪水災害時は建物の2階以上の部分に限り指定緊急避難場所とする」,,,愛媛県西条市周布650,E3820600049202,33.920366089087,133.08063167544,matched_by_id
E3820600065201,小松中学校（グラウンド）,愛媛県,西条市小松町南川甲,208,(0898)72-2744,,1,1,1,1,1,,,1,7333,,,,,愛媛県西条市小松町南川甲208,E3820600065201,33.893689542078,133.09629694389,matched_by_id
E3820600014201,神拝公民館（建物）,愛媛県,西条市喜多川,351-1,(0897)53-6946,1,1,1,,1,,,,1,570,,「洪水・津波・高潮災害時は建物の2階以上の部分に限り指定緊急避難場所とする」,,,愛媛県西条市喜多川351-1,E3820600014201,33.914311,133.174887,matched_by_id
E3820600164201,西条西部地域交流センター,愛媛県,西条市氷見西新開,59,(0897)57-6061,,1,,,,,,,1,649,,,,,愛媛県西条市氷見西新開59,E3820600164201,33.900337500187,133.13440596628,matched_by_id
E3820600118201,石経児童遊園,愛媛県,西条市丹原町石経,930,,1,1,1,1,1,1,,,,225,,,,,愛媛県西条市丹原町石経930,E3820600118201,33.867237501688,133.0333598354,matched_by_id
E3820600085201,大新田公園,愛媛県,西条市大新田,108-3,,,1,,1,,1,,,,1022,,,,,愛媛県西条市大新田108-3,E3820600085201,33.940431734632,133.08903113255,matched_by_id
E3820600099201,関屋児童遊園,愛媛県,西条市丹原町関屋甲,369-3,,,,1,1,1,1,,,,400,,,,,愛媛県西条市丹原町関屋甲369-3,E3820600099201,33.8739711332,133.010069901,matched_by_id
E3820600082201,橘小学校（グラウンド）,愛媛県,西条市西泉乙,417,(0897)57-9845,,1,1,1,1,1,,,1,3284,,,,,愛媛県西条市西泉乙417,E3820600082201,33.892417497831,133.1467219367,matched_by_id
E3820600113201,丹原東中学校（グラウンド）,愛媛県,西条市丹原町今井,4-1,(0898)68-7054,,1,1,1,1,1,,,1,7758,,,,,愛媛県西条市丹原町今井4-1,E3820600113201,33.896371546253,133.05579893545,matched_by_id
E3820600026201,加茂公民館（駐車場）,愛媛県,西条市荒川,2-185,(0897)58-0001,1,,1,1,1,1,,,1,1125,,,,,愛媛県西条市荒川2-185,E3820600026201,33.864998323776,133.18464139463,matched_by_id
E3820600001201,西条市地域創生センター,愛媛県,西条市ひうち,1-16,(0897)53-1131,1,1,1,,1,,,,1,1060,,「高潮災害時は建物の2階以上の部分に限り指定緊急避難場所とする。津波災害時は孤立が想定される。」,,,愛媛県西条市ひうち1-16,E3820600001201,33.937287,133.187744,matched_by_id
E3820600153201,飯岡公民館（建物）,愛媛県,西条市飯岡,2171-2,(0897)56-2118,1,1,1,,1,,,,1,437,,,,,愛媛県西条市飯岡2171-2,E3820600153201,33.919960828586,133.22802346647,matched_by_id
E3820600043202,東予東中学校（校舎・体育館）,愛媛県,西条市周布,160,(0898)64-2132,1,1,1,,1,,,,1,3410,,「洪水災害時は建物の2階以上の部分に限り指定緊急避難場所とする」,,,愛媛県西条市周布160,E3820600043202,33.920112354973,133.08460134477,matched_by_id
E3820600171201,本松寺児童遊園,愛媛県,西条市北条,78,,,1,1,1,1,1,,,,250,,,,,愛媛県西条市北条78,E3820600171201,33.916271195928,133.08723089419,matched_by_id
E3820600098201,臼坂ちびっ子広場,愛媛県,西条市丹原町臼坂丙,135,,1,,1,1,1,1,,,,40,,,,,愛媛県西条市丹原町臼坂丙135,E3820600098201,33.857140156951,133.00455507661,matched_by_id
E3820600009201,楠河小学校（グラウンド）,愛媛県,西条市河原津甲,464-1,(0898)66-5024,,1,,1,1,1,,,1,3228,,,,,愛媛県西条市河原津甲464-1,E3820600009201,33.963490222357,133.06148123364,matched_by_id
E3820600175201,防災ひろば,愛媛県,西条市壬生川,124-1,,,1,,1,1,1,,,,1283,,,,,愛媛県西条市壬生川124-1,E3820600175201,33.9316592284365,133.079902411692,matched_by_id
E3820600025201,吉岡小学校（グラウンド）,愛媛県,西条市広岡甲,116-1,(0898)66-5259,1,1,1,1,1,1,,,1,2693,,,,,愛媛県西条市広岡甲116-1,E3820600025201,33.932862218529,133.0497097362,matched_by_id
E3820600152202,飯岡小学校（校舎・体育館）,愛媛県,西条市飯岡,2124,(0897)56-2119,1,1,1,,1,,,,1,2874,,,,,愛媛県西条市飯岡2124,E3820600152202,33.9198985077,133.22649460733,matched_by_id
E3820600092201,大町小学校（グラウンド）,愛媛県,西条市大町,992-2,(0897)56-2114,,1,1,1,1,1,,,1,3575,,,,,愛媛県西条市大町992-2,E3820600092201,33.908120836627,133.18822183232,matched_by_id
E3820600007201,西条東中学校（グラウンド）,愛媛県,西条市下島山甲,865,(0897)56-2653,,1,1,1,1,1,,,1,6475,,,,,愛媛県西条市下島山甲865,E3820600007201,33.922404301894,133.21084715883,matched_by_id
E3820600177201,西条東部公園,愛媛県,西条市飯岡,1518-3,(0897)52-1548,1,1,1,1,1,1,,,,5698,,,,,愛媛県西条市飯岡1518-3,E3820600177201,33.9469700014817,133.232918740505,matched_by_id
E3820600048201,西部総合福祉センター（建物）,愛媛県,西条市周布,606-1,(0898)64-2600,1,1,1,,1,,,,1,1816,,「洪水・高潮災害時は建物の2階以上の部分に限り指定緊急避難場所とする」,,,愛媛県西条市周布606-1,E3820600048201,33.925383900848,133.08206078369,matched_by_id
E3820600063202,石根小学校（校舎・体育館）,愛媛県,西条市小松町大頭甲,262-1,(0898)72-2920,1,1,1,,1,,,,1,1669,,「洪水災害時は、建物の2階以上の部分に限り指定緊急避難場所とする」,,,愛媛県西条市小松町大頭甲262-1,E3820600063202,33.882710893601,133.07485177609,matched_by_id
E3820600167201,北条新田公園,愛媛県,西条市北条,1300-1,,,1,,1,,1,,,,1812,,,,,愛媛県西条市北条1300-1,E3820600167201,33.932109543271,133.10257155823,matched_by_id
E3820600083201,東予南地域交流センター（建物）,愛媛県,西条市石田,402-1,(0898)65-6680,,1,1,,1,,,,1,927,,0,,,愛媛県西条市石田402-1,E3820600083201,33.916415529745,133.09476252643,matched_by_id
E3820600128201,田野市原児童遊園,愛媛県,西条市丹原町田野上方,1792-1,,,1,1,1,1,1,,,,450,,,,,愛媛県西条市丹原町田野上方1792-1,E3820600128201,33.880525255677,133.05740616402,matched_by_id
E3820600032202,西条北中学校（校舎・体育館）,愛媛県,西条市朔日市,400-1,(0897)56-0170,1,1,1,,1,,,,1,3504,,「洪水・津波・高潮災害時は建物の2階以上の部分に限り指定緊急避難場所とする」,,,愛媛県西条市朔日市400-1,E3820600032202,33.921236019473,133.1873864216,matched_by_id
E3820600108201,丹原農村環境改善センター（建物）,愛媛県,西条市丹原町高松,148,(0898)68-3744,,1,1,,1,,,,1,584,,,,,愛媛県西条市丹原町高松148,E3820600108201,33.89834896108,133.0499389802,matched_by_id
E3820600140201,石鎚ふれあいの里（駐車場）,愛媛県,西条市中奥１号,25-1,(0897)59-0203,,,1,1,1,1,,,1,1475,,,,,愛媛県西条市中奥１号25-1,E3820600140201,33.838886351167,133.15007190524,matched_by_id
E3820600028202,東予西中学校（校舎・体育館）,愛媛県,西条市国安,996,(0898)66-5042,1,1,1,,1,,,,1,2393,,,,,愛媛県西条市国安996,E3820600028202,33.937832312399,133.05328778827,matched_by_id
E3820600024201,桑村大池公園,愛媛県,西条市桑村,154-2,,,1,1,1,1,1,,,,694,,,,,愛媛県西条市桑村154-2,E3820600024201,33.943104696786,133.06132627146,matched_by_id
E3820600077202,総合文化会館（建物）,愛媛県,西条市神拝甲,79-4,(0897)53-5500,1,1,1,,1,,,,1,4060,,「洪水・高潮災害時は建物の2階以上の部分に限り指定緊急避難場所とする」,,,愛媛県西条市神拝甲79-4,E3820600077202,33.911331277708,133.18225772957,matched_by_id
E3820600106201,徳田小学校（グラウンド）,愛媛県,西条市丹原町古田甲,720-1,(0898)68-7163,,1,1,1,1,1,,,1,2034,,,,,愛媛県西条市丹原町古田甲720-1,E3820600106201,33.910857943481,133.04512010665,matched_by_id
E3820600039201,東予北地域交流センター（建物）,愛媛県,西条市三芳,997,(0898)66-4185,1,1,1,,1,,,,1,803,,「洪水災害時は建物の2階以上の部分に限り指定緊急避難場所とする」,,,愛媛県西条市三芳997,E3820600039201,33.952660067093,133.06416462676,matched_by_id
E3820600005201,吉岡東部ふれあい公園,愛媛県,西条市安用出作,136-3,,1,1,1,1,1,1,,,,785,,,,,愛媛県西条市安用出作136-3,E3820600005201,33.930443768008,133.05946926235,matched_by_id
E3820600071201,吉岡公民館（建物）,愛媛県,西条市上市,187-2,(0898)66-5258,1,1,1,,1,,,,1,293,,,,,愛媛県西条市上市187-2,E3820600071201,33.933045524726,133.04865160275,matched_by_id
E3820600018201,玉津小学校（グラウンド）,愛媛県,西条市玉津,200-1,(0897)56-3161,,1,,1,,1,,,1,4455,,,,,愛媛県西条市玉津200-1,E3820600018201,33.92162549006,133.20147002909,matched_by_id
E3820600086202,西条南中学校（校舎・体育館）,愛媛県,西条市大町,1120,(0897)56-0380,1,1,1,,1,,,,1,3268,,「洪水災害時は建物の2階以上の部分に限り指定緊急避難場所とする」,,,愛媛県西条市大町1120,E3820600086202,33.90454594513,133.1872540668,matched_by_id
E3820600018202,玉津小学校（校舎・体育館）,愛媛県,西条市玉津,200-1,(0897)56-3161,1,1,1,,1,,,,1,2607,2.00,「洪水・津波・高潮災害時は建物の2階以上の部分に限り指定緊急避難場所とする」,,,愛媛県西条市玉津200-1,E3820600018202,33.921986052962,133.20118571494,matched_by_id
E3820600172202,西条高等学校（校舎・体育館）,愛媛県,西条市明屋敷,234,(0897)56-2030,1,1,1,,1,,,,1,5695,,「洪水・津波・高潮災害時は建物の2階以上の部分に限り指定緊急避難場所とする」,,,愛媛県西条市明屋敷234,E3820600172202,33.920742006454,133.17907540593,matched_by_id
E3820700068201,大洲小学校運動場,大洲711番地,,,0893-24-2532,,1,1,1,1,1,,,,13200,,,,,大洲711番地,E3820700068201,33.506806968492,132.54172584618,matched_by_id
E3820700066201,大洲南中学校運動場,大洲1005番地,,,0893-24-2211,,,1,1,1,1,,,,10800,,,,,大洲1005番地,E3820700066201,33.505623862393,132.5434263667,matched_by_id
E3820700069201,県立大洲高等学校運動場,大洲737番地,,,0893-24-4115,,,1,1,1,1,,,,36600,,,,,大洲737番地,E3820700069201,33.505905662289,132.53847500886,matched_by_id
E3820700065201,城山公園,大洲,,,0893-24-1719,1,,1,1,1,1,,,,14000,,,,,大洲,E3820700065201,33.509391864478,132.54171972829,matched_by_id
E3820700122201,冨士山公園,柚木,,,0893-24-1719,1,1,1,1,1,1,,,,26000,,,,,柚木,E3820700122201,33.509410337385,132.56115720638,matched_by_id
E3820700057201,大洲家族旅行村,菅田町菅田及び菅田町大竹,,,0893-23-2384,1,1,1,1,1,1,,,,28000,,,,,菅田町菅田及び菅田町大竹,E3820700057201,33.504358493564,132.56209034957,matched_by_id
E3820700002201,久米小学校運動場,阿蔵甲636番地,,,0893-24-2312,,1,1,1,1,1,,,,14800,,,,,阿蔵甲636番地,E3820700002201,33.507885614877,132.52777902997,matched_by_id
E3820700041201,喜多小学校運動場,若宮332番地,,,0893-24-4565,,1,1,1,1,1,,,,10600,,,,,若宮332番地,E3820700041201,33.522216613378,132.54827841806,matched_by_id
E3820700094201,県立大洲農業高等学校運動場,東大洲15番地,,,0893-24-3101,,1,1,1,1,1,,,,19600,,,,,東大洲15番地,E3820700094201,33.517753201193,132.55094098642,matched_by_id
E3820700099201,大洲北中学校運動場,東大洲69番地第1,,,0893-24-2227,,,1,1,1,1,,,,27000,,,,,東大洲69番地第1,E3820700099201,33.513936030029,132.55375223176,matched_by_id
E3820700102201,徳森公園,徳森2280番地2,,,0893-24-1734,1,1,1,1,1,1,,,,44000,,,,,徳森2280番地2,E3820700102201,33.518409333846,132.58369327461,matched_by_id
E3820700103201,平小学校運動場,徳森2600番地,,,0893-25-3558,1,,1,1,1,1,,,,11000,,,,,徳森2600番地,E3820700103201,33.521715933022,132.58176047489,matched_by_id
E3820700124201,徳森児童公園,徳森,,,0893-24-1719,,,1,1,1,1,,,,1400,,,,,徳森,E3820700124201,33.525551,132.587432,matched_by_id
E3820700113201,八幡浜・大洲地区運動公園,平野町野田乙1644番地,,,0893-23-5524,1,1,1,1,1,1,,,,224000,,,,,平野町野田乙1644番地,E3820700113201,33.485571551642,132.51863308338,matched_by_id
E3820700111201,平野小学校運動場,平野町平地47番地,,,0893-24-2326,,,1,1,1,1,,,,7800,,,,,平野町平地47番地,E3820700111201,33.497222710555,132.516511802,matched_by_id
E3820700112201,平野中学校運動場,平野町野田50番地,,,0893-24-3309,,,1,1,1,1,,,,11600,,,,,平野町野田50番地,E3820700112201,33.49710640063,132.51655471734,matched_by_id
E3820700116201,国立大洲青少年交流の家グラウンド・ふれあい広場,北只1086番地,,,0893-24-5175,1,1,1,1,1,1,,,,35600,,,,,北只1086番地,E3820700116201,33.496247,132.536859,matched_by_id
E3820700118201,南久米ふれあい広場,野佐来479番地,,,0893-24-1734,1,1,1,1,1,1,,,,9800,,,,,野佐来479番地,E3820700118201,33.467967859877,132.54470920284,matched_by_id
E3820700115201,森林公園,北只,,,0893-24-1719,1,1,1,1,1,1,,,,2000,,,,,北只,E3820700115201,33.49409011,132.53736804,matched_by_id
E3820700059201,菅田小学校運動場,菅田町菅田甲703番地,,,0893-25-2909,1,,1,1,1,1,,,,9600,,,,,菅田町菅田甲703番地,E3820700059201,33.510569217995,132.59280162947,matched_by_id
E3820700058201,肱東中学校運動場,菅田町菅田甲1790番地,,,0893-25-2910,,1,1,1,1,1,,,,16800,,,,,菅田町菅田甲1790番地,E3820700058201,33.510902187415,132.58647867357,matched_by_id
E3820700064201,蔵川ふれあい広場,蔵川甲239番地,,,0893-24-1734,1,,1,1,1,1,,,,7000,,,,,蔵川甲239番地,E3820700064201,33.46013116245,132.6148058462,matched_by_id
E3820700120201,柳沢ふれあい広場,柳沢甲753番地2,,,0893-24-1734,1,,1,1,1,1,,,,11600,,,,,柳沢甲753番地2,E3820700120201,33.580485,132.599856,matched_by_id
E3820700092201,田処ふれあい広場,田処甲214番地第1,,,0893-24-1734,1,,1,1,1,1,,,,2000,,,,,田処甲214番地第1,E3820700092201,33.59964810056,132.58742554016,matched_by_id
E3820700051201,新谷小学校運動場,新谷町甲190番地ノ２,,,0893-25-0803,,,1,1,1,1,,,,8000,,,,,新谷町甲190番地ノ２,E3820700051201,33.538641714592,132.59845470879,matched_by_id
E3820700053201,新谷中学校運動場,新谷甲260番地１,,,0893-25-0056,,,1,1,1,1,,,,21400,,,,,新谷甲260番地１,E3820700053201,33.537608672205,132.6022314489,matched_by_id
E3820700052201,学校法人帝京科学大学帝京第五高等学校　運動場,新谷甲233番地,,,0893-25-0511,,,1,1,1,1,,,,18200,,,,,新谷甲233番地,E3820700052201,33.536021322095,132.60367447734,matched_by_id
E3820700125201,新谷公園,新谷町,,,0893-24-1719,,,1,1,1,1,,,,3600,,,,,新谷町,E3820700125201,33.53708056509,132.59687988561,matched_by_id
E3820700048201,稲荷山公園,新谷,,,0893-24-1719,1,1,1,1,1,1,,,,4400,,,,,新谷,E3820700048201,33.52826368,132.6009731,matched_by_id
E3820700044201,三善小学校運動場,春賀甲1888番地,,,0893-26-0047,,1,1,1,1,1,,,,12600,,,,,春賀甲1888番地,E3820700044201,33.554194414605,132.55645556642,matched_by_id
E3820700106201,粟津小学校運動場,八多喜町甲1101番地,,,0893-26-0140,,,1,1,1,1,,,,10200,,,,,八多喜町甲1101番地,E3820700106201,33.56462038619,132.54217052971,matched_by_id
E3820700107201,大洲東中学校運動場,八多喜町甲1225番地,,,0893-26-0046,1,,1,1,1,1,,,,16400,,,,,八多喜町甲1225番地,E3820700107201,33.564683286129,132.54594946654,matched_by_id
E3820700047201,上須戒ふれあい広場,上須戒甲1511番地,,,0893-24-1734,1,,1,1,1,1,,,,7400,,,,,上須戒甲1511番地,E3820700047201,33.536818330727,132.50347963168,matched_by_id
E3820700075201,長浜スポーツセンター　駐車場,長浜甲19番地8,,,0893-52-2712,,1,,1,,1,,,,4400,,,,,長浜甲19番地8,E3820700075201,33.609459,132.483658,matched_by_id
E3820700076201,県立長浜高等学校運動場,長浜甲480番地１,,,0893-52-1251,,1,,1,,1,,,,18400,,,,,長浜甲480番地１,E3820700076201,33.614675264105,132.47889803396,matched_by_id
E3820700073201,長浜中学校運動場,長浜甲１番地,,,0893-52-0303,,,,1,,1,,,,24600,,,,,長浜甲１番地,E3820700073201,33.610397132943,132.48225184854,matched_by_id
E3820700074201,長浜小学校運動場,長浜甲190番地,,,0893-52-0073,,,,1,1,1,,,,9800,,,,,長浜甲190番地,E3820700074201,33.611983115979,132.48265954431,matched_by_id
E3820700085201,喜多灘ふれあい広場,長浜町今坊甲1154番地,,,0893-24-1734,1,1,1,1,1,1,,,,18600,,,,,長浜町今坊甲1154番地,E3820700085201,33.629150993531,132.52153083853,matched_by_id
E3820700083201,櫛生ふれあい広場,長浜町櫛生乙141番地,,,0893-24-1734,1,,1,1,1,1,,,,8800,,,,,長浜町櫛生乙141番地,E3820700083201,33.572328898968,132.44750252568,matched_by_id
E3820700088201,出海ふれあい広場,長浜町出海乙4番地,,,0893-24-1734,1,,1,1,1,1,,,,6600,,,,,長浜町出海乙4番地,E3820700088201,33.557249669042,132.43390308411,matched_by_id
E3820700082201,大和ふれあい広場,長浜町下須戒甲669番地5,,,0893-24-1734,,,1,1,1,1,,,,10600,,,,,長浜町下須戒甲669番地5,E3820700082201,33.592639986221,132.49440784291,matched_by_id
E3820700114201,豊茂ふれあい広場,豊茂甲532番地,,,0893-24-1734,1,,1,1,1,1,,,,5800,,,,,豊茂甲532番地,E3820700114201,33.562004390296,132.46939113001,matched_by_id
E3820700105201,白滝ふれあい広場,白滝甲557番地2,,,0893-24-1734,,,1,1,1,1,,,,14600,,,,,白滝甲557番地2,E3820700105201,33.583680880709,132.52206595882,matched_by_id
E3820700010201,戒川ふれあい広場,戒川乙903番地,,,0893-24-1734,1,1,1,1,1,1,,,,8400,,,,,戒川乙903番地,E3820700010201,33.594463034921,132.53414250478,matched_by_id
E3820700020201,肱川小学校運動場,肱川町山鳥坂527番地1,,,0893-34-2160,,,1,1,1,1,,,,7000,,,,,肱川町山鳥坂527番地1,E3820700020201,33.458434,132.68002,matched_by_id
E3820700017201,肱川中学校運動場,肱川町山鳥坂282番地1,,,0893-34-2003,,,1,1,1,1,,,,7500,,,,,肱川町山鳥坂282番地1,E3820700017201,33.453976377706,132.68132409657,matched_by_id
E3820700015201,鹿野川園地,肱川町山鳥坂234番地,,,0893-34-2311,1,1,1,1,1,1,,,,3200,,,,,肱川町山鳥坂234番地,E3820700015201,33.452893224482,132.68581947987,matched_by_id
E3820700014201,高砂運動場,肱川町宇和川3390番地,,,0893-24-1734,,,1,1,1,1,,,,10800,,,,,肱川町宇和川3390番地,E3820700014201,33.471865743374,132.68262838215,matched_by_id
E3820700026201,正山ふれあい広場,肱川町名荷谷1750番地,,,0893-24-1734,1,1,1,1,1,1,,,,3800,,,,,肱川町名荷谷1750番地,E3820700026201,33.488837847247,132.6855921277,matched_by_id
E3820700023201,大谷ふれあい広場,肱川町大谷2660番地,,,0893-24-1734,1,,1,1,1,1,,,,4800,,,,,肱川町大谷2660番地,E3820700023201,33.434419961807,132.66272912659,matched_by_id
E3820700030201,予子林ふれあい広場,肱川町予子林1957番地,,,0893-24-1734,1,1,1,1,1,1,,,,9200,,,,,肱川町予子林1957番地,E3820700030201,33.43515406327,132.70616135205,matched_by_id
E3820700025201,中津集会所（敷地）,肱川町中津722番地,,,0893-57-9989,1,,1,,1,1,,,,600,,,,,肱川町中津722番地,E3820700025201,33.464844657857,132.74212166397,matched_by_id
E3820700028201,大駄場ふれあい広場,肱川町予子林119番地,,,0893-24-1734,1,1,1,1,1,1,,,,14000,,,,,肱川町予子林119番地,E3820700028201,33.446008027339,132.69481820801,matched_by_id
E3820700008201,河辺小学校運動場,河辺町植松674番地,,,0893-39-2016,1,1,1,1,1,1,,,,3600,,,,,河辺町植松674番地,E3820700008201,33.491803,132.743094,matched_by_id
E3820700127201,河辺コミュニティセンター坂本分館（敷地）,河辺町横山2177番地1,,,0893-39-2810,1,1,1,1,1,1,,,,800,,,,,河辺町横山2177番地1,E3820700127201,33.502115,132.747945,matched_by_id
E3820700004201,河辺ふれあい広場,河辺町河都375番地,,,0893-24-1734,1,1,1,1,1,1,,,,12200,,,,,河辺町河都375番地,E3820700004201,33.501954287219,132.75397060027,matched_by_id
E3820700005201,河辺ふるさとの宿（駐車場）,河辺町三嶋134番地,,,0893-39-2211,1,,1,1,1,1,,,,2000,,,,,河辺町三嶋134番地,E3820700005201,33.494958567982,132.77073588466,matched_by_id
E3820700009201,河辺コミュニティセンター北平分館（駐車場）,河辺町北平1203番地,,,0893-39-2812,1,,1,1,1,1,,,,2200,,,,,河辺町北平1203番地,E3820700009201,33.511097,132.795092,matched_by_id
E3820700123201,岩谷コミュニティセンター（敷地）,大洲市肱川町山鳥坂2592,,,0893-34-2974,1,,1,1,1,1,,,,7800,,,,,大洲市肱川町山鳥坂2592,E3820700123201,33.476807,132.713474,matched_by_id
E3820700022201,肱川地区複合公共施設（駐車場）,肱川町山鳥坂73番地,,,0893-34-2311,,1,1,1,1,1,,,,2300,,,,,肱川町山鳥坂73番地,E3820700022201,33.456034,132.684175,matched_by_id
04202,唐川ふれあい館,愛媛県伊予市下唐川甲335-1,,,089-982-5932,1,,1,1,1,,1,,1,175,,,,,愛媛県伊予市下唐川甲335-1,E3821000004202,33.72273598108,132.73714152016,matched_by_name_address
28201,南山崎小学校,愛媛県伊予市大平甲942,,,089-982-1565,1,,1,1,1,1,1,,1,1683,,,,,愛媛県伊予市大平甲942,E3821000028201,33.7151298818467,132.707099496449,matched_by_name_address
26201,大平地区公民館,愛媛県伊予市大平甲1057-3,,,089-982-0171,1,,1,1,1,,1,,1,290,,,,,愛媛県伊予市大平甲1057-3,E3821000026201,33.717204073908,132.70768664206,matched_by_name_address
27201,緑風館,愛媛県伊予市大平甲1087,,,089-982-0171,1,,1,1,1,,1,,1,196,,,,,愛媛県伊予市大平甲1087,E3821000027201,33.717095616918,132.70707511148,matched_by_name_address
11201,扶桑会館,愛媛県伊予市森852-2,,,089-946-7997,1,1,1,1,1,,1,,1,114,,,,,愛媛県伊予市森852-2,E3821000011201,33.737828480758,132.67882896177,matched_by_name_address
14202,伊予市民体育館,愛媛県伊予市森甲91-1,,,089-982-2367,1,1,1,1,1,,1,,1,2730,,,,,愛媛県伊予市森甲91-1,E3821000014202,33.743786356805,132.68168037486,matched_by_name_address
41201,北山崎小学校,愛媛県伊予市中村41,,,089-982-0669,1,1,1,1,1,1,1,,1,2982,,,,,愛媛県伊予市中村41,E3821000041201,33.741987,132.695021,matched_by_name_address
42201,中村地区公民館,愛媛県伊予市中村6,,,089-982-0121,1,1,1,1,1,,1,,1,346,,,,,愛媛県伊予市中村6,E3821000042201,33.743072108289,132.69475763425,matched_by_name_address
47201,伊予市総合保健福祉センター,愛媛県伊予市尾崎3-1,,,089-983-4052,1,1,1,1,1,,1,,1,1954,,,,,愛媛県伊予市尾崎3-1,E3821000047201,33.7519541827824,132.695942697948,matched_by_name_address
43202,彩浜館,愛媛県伊予市灘町311,,,089-982-0506,1,1,1,1,1,,1,,1,383,,,,,愛媛県伊予市灘町311,E3821000043202,33.755210865014,132.69742004318,matched_by_name_address
48201,港南中学校,愛媛県伊予市米湊500-1,,,089-982-0063,1,1,1,1,1,1,1,,1,6280,,,,,愛媛県伊予市米湊500-1,E3821000048201,33.7510633942113,132.705992884398,matched_by_name_address
07201,郡中小学校,愛媛県伊予市上吾川110,,,089-982-0168,1,1,1,1,1,1,1,,1,6005,,,,,愛媛県伊予市上吾川110,E3821000007201,33.7563865006591,132.708964402248,matched_by_name_address
44201,郡中地区公民館,愛媛県伊予市灘町359-3,,,089-982-3508,1,1,1,1,1,,1,,1,267,,,,,愛媛県伊予市灘町359-3,E3821000044201,33.757929,132.699185,matched_by_name_address
01201,伊予農業高等学校,愛媛県伊予市下吾川1433,,,089-982-1225,1,1,1,1,1,1,1,,1,5869,,,,,愛媛県伊予市下吾川1433,E3821000001201,33.764562,132.705051,matched_by_name_address
49201,さざなみ館,愛媛県伊予市湊町206-9,,,089-982-7220,1,1,1,1,1,,1,,1,308,,,,,愛媛県伊予市湊町206-9,E3821000049201,33.762645,132.700366,matched_by_name_address
03201,ウェルピア伊予,愛媛県伊予市下三谷1761-1,,,089-983-4500,1,1,1,1,1,1,1,,1,1383,,,,,愛媛県伊予市下三谷1761-1,E3821000003201,33.77007,132.717025,matched_by_name_address
08201,伊予小学校,愛媛県伊予市上野2270,,,089-982-1575,1,,1,1,1,1,1,,1,2589,,,,,愛媛県伊予市上野2270,E3821000008201,33.7711602331541,132.741272969862,matched_by_name_address
09201,伊予中学校,愛媛県伊予市上野2326,,,089-982-0616,1,,1,1,1,1,1,,1,2706,,,,,愛媛県伊予市上野2326,E3821000009201,33.7696855066262,132.740889051226,matched_by_name_address
10201,上野地区公民館,愛媛県伊予市上野611,,,089-982-0170,1,,1,1,1,,1,,1,451,,,,,愛媛県伊予市上野611,E3821000010201,33.771748,132.740878,matched_by_name_address
06201,宮下集会所,愛媛県伊予市宮下1793-1,,,089-982-7188,1,,1,1,1,,1,,1,105,,,,,愛媛県伊予市宮下1793-1,E3821000006201,33.7805116122,132.758962594,matched_by_name_address
45201,八倉中央集会所,愛媛県伊予市八倉788-2,,,089-982-1111,1,,1,1,1,,1,,1,96,,,,,愛媛県伊予市八倉788-2,E3821000045201,33.78562608918,132.76993725101,matched_by_name_address
36201,中山コミュニティセンター,愛媛県伊予市中山町中山丑314番地1,,,089-967-0809,1,,1,1,1,,1,,1,224,,,,,愛媛県伊予市中山町中山丑314番地1,,,,unmatched
38202,永木体育館,愛媛県伊予市中山町中山午987,,,089-967-1111,1,,1,,1,,1,,1,325,,,,,愛媛県伊予市中山町中山午987,E3821000038202,33.636552547221,132.66774633854,matched_by_name_address
34202,野中体育館,愛媛県伊予市中山町出渕3-26,,,089-967-1111,1,1,1,1,1,,1,,1,340,,,,,愛媛県伊予市中山町出渕3-26,E3821000034202,33.656031516261,132.74821556002,matched_by_name_address
33201,中山中学校,愛媛県伊予市中山町出渕2-165,,,089-967-0009,1,,1,1,1,1,1,,1,1948,,,,,愛媛県伊予市中山町出渕2-165,E3821000033201,33.6434274845366,132.71124794214,matched_by_name_address
32201,中山小学校,愛媛県伊予市中山町出渕2-143,,,089-967-0048,1,,1,1,1,1,1,,1,1711,,,,,愛媛県伊予市中山町出渕2-143,E3821000032201,33.6430483393559,132.711608158565,matched_by_name_address
31201,佐礼谷小学校,愛媛県伊予市中山町佐礼谷甲827-2,,,089-968-0200,1,,1,1,1,1,1,,1,1295,,,,,愛媛県伊予市中山町佐礼谷甲827-2,E3821000031201,33.682885095821,132.719407929826,matched_by_name_address
23201,双海中学校,愛媛県伊予市双海町上灘甲5286-1,,,089-986-0023,1,,1,1,1,1,1,,1,1831,,,,,愛媛県伊予市双海町上灘甲5286-1,E3821000023201,33.6857550851279,132.647116741242,matched_by_name_address
19201,由並小学校,愛媛県伊予市双海町高岸甲867,,,089-986-5046,1,,1,1,1,1,1,,1,1388,,,,,愛媛県伊予市双海町高岸甲867,E3821000019201,33.6856280456749,132.636193484152,matched_by_name_address
21201,翠小学校,愛媛県伊予市双海町上灘甲452-1,,,089-986-5031,1,,1,1,1,1,1,,1,355,,,,,愛媛県伊予市双海町上灘甲452-1,E3821000021201,33.6800743848157,132.667639871466,matched_by_name_address
24201,ふたみ農林漁業者ﾄﾚｰﾆﾝｸﾞｾﾝﾀｰ,愛媛県伊予市双海町上灘甲5516,,,089-986-1111,1,1,1,1,1,,1,,1,600,,,,,愛媛県伊予市双海町上灘甲5516,E3821000024201,33.6869100672,132.6385923,matched_by_name_address
15201,下灘小学校,愛媛県伊予市双海町串甲110-3,,,089-987-5004,1,,1,1,1,1,1,,1,1651,,,,,愛媛県伊予市双海町串甲110-3,E3821000015201,33.6509712131589,132.579990641654,matched_by_name_address
18201,下灘コミュニティセンター,愛媛県伊予市双海町串甲3670-16,,,089-987-0111,1,1,1,1,1,,1,,1,780,,,,,愛媛県伊予市双海町串甲3670-16,E3821000018201,33.652217840422,132.57926143796,matched_by_name_address
17202,しもなだ体育館,愛媛県伊予市双海町串甲3670-12,,,089-987-0111,1,1,,1,,,1,,1,718,,,,,愛媛県伊予市双海町串甲3670-12,E3821000017202,33.652374130342,132.57951356561,matched_by_name_address
25201,ふたみ林業センター,愛媛県伊予市双海町大久保甲40,,,089-987-0714,1,,1,1,1,,1,,1,123,,,,,愛媛県伊予市双海町大久保甲40,E3821000025201,33.657392235504,132.59145946661,matched_by_name_address
12201,"愛媛県農林水産研究所水産
研究ｾﾝﾀｰ栽培資源研究所",愛媛県伊予市森甲121-3,,,089-983-5378,1,1,,1,,,1,,1,1159,,,,,愛媛県伊予市森甲121-3,E3821000012201,33.744050234934,132.67971723445,matched_by_name_address
30201,長沢体育館,愛媛県伊予市中山町佐礼谷甲125,,,089-967-1111,1,1,1,,1,,1,,1,537,,,,,愛媛県伊予市中山町佐礼谷甲125,E3821000030201,33.671231968216,132.6994160698,matched_by_name_address
14201,伊予市民球場,愛媛県伊予市森甲91-1,,,089-982-2367,1,1,,1,,1,1,,,,,,,,愛媛県伊予市森甲91-1,E3821000014201,33.7456193622,132.684733178,matched_by_name_address
43201,五色浜ｸﾞﾗｳﾝﾄﾞ,愛媛県伊予市灘町311,,,089-982-0506,,1,,1,,1,1,,,,,,,,愛媛県伊予市灘町311,E3821000043201,33.754981917131,132.69678121161,matched_by_name_address
04201,唐川ｺﾐｭﾆﾃｨｰｾﾝﾀｰｸﾞﾗｳﾝﾄﾞ,愛媛県伊予市下唐川甲335-1,,,089-982-5932,1,,1,1,1,1,1,,,,,,,,愛媛県伊予市下唐川甲335-1,E3821000004201,33.722586511713,132.73733195701,matched_by_name_address
38201,永木ｸﾞﾗｳﾝﾄﾞ,愛媛県伊予市中山町中山午987,,,089-967-1111,1,,1,1,1,1,1,,,,,,,,愛媛県伊予市中山町中山午987,E3821000038201,33.636757994151,132.66727426975,matched_by_name_address
34201,野中ｸﾞﾗｳﾝﾄﾞ,愛媛県伊予市中山町出渕3-26,,,089-967-1111,1,1,1,1,1,1,1,,,,,,,,愛媛県伊予市中山町出渕3-26,E3821000034201,33.655598387622,132.74774349124,matched_by_name_address
20201,"ふたみ潮風ふれあい公園
潮風みどりの広場",愛媛県伊予市双海町高岸甲923,,,089-986-1111,1,1,1,1,1,1,1,,,,,,,,愛媛県伊予市双海町高岸甲923,E3821000020201,33.683060873826,132.63515029224,matched_by_name_address
17201,しもなだｸﾞﾗｳﾝﾄﾞ,愛媛県伊予市双海町串甲3670-12,,,089-987-0111,1,1,,1,,1,1,,,,,,,,愛媛県伊予市双海町串甲3670-12,E3821000017201,33.652450042487,132.58040942342,matched_by_name_address
16201,下灘ふれあいｸﾞﾗｳﾝﾄﾞ,愛媛県伊予市双海町串甲232-1,,,089-986-1111,1,,1,1,1,1,1,,,,,,,,愛媛県伊予市双海町串甲232-1,E3821000016201,33.647062094567,132.58300521571,matched_by_name_address
02201,じゅらく生きがい活動センター,愛媛県伊予市下吾川1447,,,089-983-6511,,1,,1,,,1,,1,203,,,,,愛媛県伊予市下吾川1447,E3821000002201,33.7637908999384,132.705097770557,matched_by_name_address
35201,野中構造改善センター,愛媛県伊予市中山町出渕3番耕地19番地3,,,089-967-1417,1,1,1,,1,,1,,1,113,,,,,愛媛県伊予市中山町出渕3番耕地19番地3,,,,unmatched
40201,永木構造改善センター,愛媛県伊予市中山町中山未16番地1,,,089-967-1409,1,1,1,,1,,1,,1,113,,,,,愛媛県伊予市中山町中山未16番地1,,,,unmatched
29201,佐礼谷生活改善センター,愛媛県伊予市中山町佐礼谷甲1122番地1,,,089-968-0453,1,1,1,,1,,1,,1,130,,,,,愛媛県伊予市中山町佐礼谷甲1122番地1,,,,unmatched
E3821000050201,小林池公園,愛媛県伊予市米湊195-1,,,089-909-6360,,1,1,1,1,1,1,,,,,,,,愛媛県伊予市米湊195-1,E3821000050201,33.75404,132.707566,matched_by_id
E3821300012201,金生第一小学校グラウンド,愛媛県,金生町下分,１６６５,(０８９６)２８－６２８２,,1,1,1,1,1,,,1,5400,2,,,,愛媛県金生町下分１６６５,E3821300012201,34.0029019,133.5839902,matched_by_id
E3821300016201,金生第二小学校グラウンド,愛媛県,金生町山田井,７７５,(０８９６)２８－６２８３,1,1,1,1,1,1,,,1,3600,2,,,,愛媛県金生町山田井７７５,E3821300016201,34.01284097,133.5973623,matched_by_id
E3821300026201,妻鳥小学校グラウンド,愛媛県,妻鳥町,１４８８,(０８９６)２８－６２８１,1,1,1,1,1,1,,,1,6200,2,,,,愛媛県妻鳥町１４８８,E3821300026201,33.99116883,133.5705786,matched_by_id
E3821300041201,上分小学校グラウンド,愛媛県,上分町,８００,(０８９６)２８－６２８４,,1,1,1,1,1,,,1,2900,2,,,,愛媛県上分町８００,E3821300041201,33.9918982,133.5866046,matched_by_id
E3821300019201,南小学校グラウンド,愛媛県,金田町金川,１４５,(０８９６)２８－６２８０,1,1,1,1,1,1,,,1,6400,2,,,,愛媛県金田町金川１４５,E3821300019201,33.99155869,133.6010042,matched_by_id
E3821300062201,川之江小学校グラウンド,愛媛県,川之江町,２３７０,(０８９６)２８－６２８５,,,,1,,1,,,1,6600,2,,,,愛媛県川之江町２３７０,E3821300062201,34.01579203,133.5800104,matched_by_id
E3821300063201,川之江北中学校グラウンド,愛媛県,川之江町,２３９０,(０８９６)２８－６２８７,,1,,1,,1,,,1,7500,2,,,,愛媛県川之江町２３９０,E3821300063201,34.01370376,133.5794253,matched_by_id
E3821300038201,川之江南中学校グラウンド,愛媛県,上分町,３９５,(０８９６)２８－６２８６,,1,1,1,1,1,,,1,7700,2,,,,愛媛県上分町３９５,E3821300038201,33.99369561,133.5836331,matched_by_id
E3821300061201,川之江高等学校グラウンド,愛媛県,川之江町,２２５７,(０８９６)５８－２０６１,,1,1,1,1,1,,,1,8000,2,,,,愛媛県川之江町２２５７,E3821300061201,34.00999301,133.5774352,matched_by_id
E3821300060201,川之江こども園グラウンド,愛媛県,川之江町,１０６１－６,(０８９６)２８－６２７０,,1,,1,,1,,,1,1300,2,,,,愛媛県川之江町１０６１－６,E3821300060201,34.011345,133.569491,matched_by_id
E3821300021201,金田グラウンド,愛媛県,金田町金川,２７０-１,(０８９６)２８－６２５１,1,1,1,1,1,1,,,,3000,2,,,,愛媛県金田町金川２７０-１,E3821300021201,33.98548796,133.5955777,matched_by_id
E3821300030201,川之江運動場,愛媛県,妻鳥町,５９４,(０８９６)２８－６０４３,,1,,1,,1,,,,7900,2,,,,愛媛県妻鳥町５９４,E3821300030201,34.01064867,133.5656196,matched_by_id
E3821300028201,川之江埋立グラウンド,愛媛県,妻鳥町,３０５３,(０８９６)２８－６０４３,,1,,1,,1,,,,5000,2,,,,愛媛県妻鳥町３０５３,E3821300028201,34.00096185,133.5562759,matched_by_id
E3821300013201,向山公園グラウンド,愛媛県,金生町下分,２５７１-１,(０８９６)２８－６０４３,1,1,1,1,1,1,,,,1400,2,,,,愛媛県金生町下分２５７１-１,E3821300013201,33.9955476,133.5891255,matched_by_id
E3821300068201,浜公園多目的広場,愛媛県,川之江町,４１０９-３,(０８９６)２８－６０４３,1,1,,1,,1,,,,9700,2,,,,愛媛県川之江町４１０９-３,E3821300068201,34.01902555,133.5658634,matched_by_id
E3821300069201,川之江体育館防災広場,愛媛県,川之江町,９９３,(０８９６)２８－６２３１,1,1,1,1,1,1,,,,500,2,,,,愛媛県川之江町９９３,E3821300069201,34.0095239853691,133.571820542458,matched_by_id
E3821300024201,森と湖畔の公園,愛媛県,金田町半田甲,２３２,(０８９６)２８－６２６９,1,1,1,1,1,1,,,,1000,2,,,,愛媛県金田町半田甲２３２,E3821300024201,34.00212381,133.6050843,matched_by_id
E3821300029201,大江１号緑地,愛媛県,妻鳥町,３０６８,(０８９６)２８－６０７７,,1,,1,,1,,,,3500,2,,,,愛媛県妻鳥町３０６８,E3821300029201,34.00126086,133.5579459,matched_by_id
E3821300037201,新田公園,愛媛県,柴生町字山瀬乙,１６９,(０８９６)２８－６２３１,1,1,1,1,1,1,,,,3100,2,,,,愛媛県柴生町字山瀬乙１６９,E3821300037201,33.99339395,133.6164349,matched_by_id
E3821300035201,三島高等学校グラウンド,愛媛県,三島中央,５-１１-３０,(０８９６)２３－２１３６,1,,1,1,1,1,,,1,8000,2,,,,愛媛県三島中央５-１１-３０,E3821300035201,33.97827059,133.5443532,matched_by_id
E3821300004201,松柏小学校グラウンド,愛媛県,下柏町,４０７,(０８９６)２８－６０９４,1,1,1,1,1,1,,,1,3000,2,,,,愛媛県下柏町４０７,E3821300004201,33.98410493,133.5636225,matched_by_id
E3821300033201,三島小学校グラウンド,愛媛県,三島中央,３-２-２３,(０８９６)２８－６０９５,1,1,1,1,1,1,,,1,4000,2,,,,愛媛県三島中央３-２-２３,E3821300033201,33.98046685,133.544319,matched_by_id
E3821300071201,中曽根小学校グラウンド,愛媛県,中曽根町,１５５６,(０８９６)２８－６０９３,1,1,1,1,1,1,,,1,2800,2,,,,愛媛県中曽根町１５５６,E3821300071201,33.97606298,133.5480368,matched_by_id
E3821300074201,中之庄小学校グラウンド,愛媛県,中之庄町,１４０,(０８９６)２８－６０９２,1,1,1,1,1,1,,,1,3900,2,,,,愛媛県中之庄町１４０,E3821300074201,33.97333156,133.5319218,matched_by_id
E3821300007201,寒川小学校グラウンド,愛媛県,寒川町,１８１４,(０８９６)２８－６０９６,1,,1,1,1,1,,,1,3300,2,,,,愛媛県寒川町１８１４,E3821300007201,33.96448722,133.5159244,matched_by_id
E3821300106201,豊岡小学校グラウンド,愛媛県,豊岡町豊田,４５,(０８９６)２８－６０９７,1,,1,1,1,1,,,1,2800,2,,,,愛媛県豊岡町豊田４５,E3821300106201,33.9653796,133.4810969,matched_by_id
E3821300002201,松柏グラウンド,愛媛県,下柏町,３５６-１,(０８９６)２８－６０６２,1,1,1,1,1,1,,,,2400,2,,,,愛媛県下柏町３５６-１,E3821300002201,33.98524726,133.5631947,matched_by_id
E3821300072201,三島東中学校グラウンド,愛媛県,中曽根町,１９９,(０８９６)２８－６０９８,1,1,1,1,1,1,,,1,6600,2,,,,愛媛県中曽根町１９９,E3821300072201,33.97744275,133.5570941,matched_by_id
E3821300075201,伊予三島運動公園,愛媛県,中之庄町,１６６５-１,(０８９６)２８－６０７１,1,1,,1,1,1,,,1,35000,2,,,,愛媛県中之庄町１６６５-１,E3821300075201,33.97902095,133.5273782,matched_by_id
E3821300081201,関川小学校グラウンド,愛媛県,土居町上野,１７２６-１,(０８９６)２８－６３６９,1,1,1,1,1,1,,,1,2500,2,,,,愛媛県土居町上野１７２６-１,E3821300081201,33.94452532,133.3879386,matched_by_id
E3821300089201,土居小学校グラウンド,愛媛県,土居町土居,１５８０,(０８９６)２８－６３６６,1,1,1,1,1,1,,,1,2900,2,,,,愛媛県土居町土居１５８０,E3821300089201,33.96043577,133.4207849,matched_by_id
E3821300078201,小富士小学校グラウンド,愛媛県,土居町小林,６６７,(０８９６)２８－６３６７,1,1,1,1,1,1,,,1,3200,2,,,,愛媛県土居町小林６６７,E3821300078201,33.96176419,133.4368271,matched_by_id
E3821300084201,長津小学校グラウンド,愛媛県,土居町津根,２０６１,(０８９６)２８－６３７０,1,1,1,1,1,1,,,1,3000,2,,,,愛媛県土居町津根２０６１,E3821300084201,33.96293444,133.4571413,matched_by_id
E3821300098201,北小学校グラウンド,愛媛県,土居町蕪崎,１０４０,(０８９６)２８－６３６８,1,1,1,1,1,1,,,1,3500,2,,,,愛媛県土居町蕪崎１０４０,E3821300098201,33.97930981,133.4262006,matched_by_id
E3821300090201,土居中学校グラウンド,愛媛県,土居町土居,３７５,(０８９６)２８－６３７１,1,1,1,1,1,1,,,1,7500,2,,,,愛媛県土居町土居３７５,E3821300090201,33.96215145,133.4262521,matched_by_id
E3821300082201,土居高等学校グラウンド,愛媛県,土居町中村,８９２,(０８９６)７４－２０１７,1,1,1,1,1,1,,,1,8000,2,,,,愛媛県土居町中村８９２,E3821300082201,33.96528274,133.4307511,matched_by_id
E3821300097201,やまじ風公園,愛媛県,土居町畑野,１６３７,(０８９６)７４－８８８２,1,,1,1,1,1,,,,12400,2,,,,愛媛県土居町畑野１６３７,E3821300097201,33.947208,133.412035,matched_by_id
E3821400001201,西予市図書交流館　（まなびあん）,愛媛県,西予市宇和町卯之町,1-245-1,(0894)62-6420,1,1,1,1,,1,,,,649,２,,,,愛媛県西予市宇和町卯之町1-245-1,E3821400001201,33.368905,132.509087,matched_by_id
E3821400003201,宇和町小学校,愛媛県,西予市宇和町卯之町,2-145,(0894)62-0158,1,1,1,1,,1,,,1,4965,２,,,,愛媛県西予市宇和町卯之町2-145,E3821400003201,33.36641402,132.5110799,matched_by_id
E3821400006201,県立宇和高等学校,愛媛県,西予市宇和町卯之町,4-190-1,(0894)62-1321,1,1,1,1,,1,,,1,7450,２,,,,愛媛県西予市宇和町卯之町4-190-1,E3821400006201,33.36368827,132.5206405,matched_by_id
E3821400007201,県立宇和特別支援学校,愛媛県,西予市宇和町永長,1287-1,(0894)62-5135,1,1,1,1,,1,,,1,4096,２,,,,愛媛県西予市宇和町永長1287-1,E3821400007201,33.37486287,132.4959554,matched_by_id
E3821400009201,宇和中学校,愛媛県,西予市宇和町下松葉,629-1,(0894)62-1265,1,1,1,1,,1,,,1,11256,２,,,,愛媛県西予市宇和町下松葉629-1,E3821400009201,33.37116007,132.5071498,matched_by_id
E3821400011201,多田小学校,愛媛県,西予市宇和町河内,171-1,(0894)66-0202,1,1,1,1,,1,,,1,3973,２,,,,愛媛県西予市宇和町河内171-1,E3821400011201,33.42801595,132.5052519,matched_by_id
E3821400015201,皆田小学校,愛媛県,西予市宇和町皆田,1115-1,(0894)62-0551,,,1,1,,1,,,,1743,２,,,,愛媛県西予市宇和町皆田1115-1,E3821400015201,33.34580522,132.537306,matched_by_id
E3821400021201,田之筋小学校,愛媛県,西予市宇和町新城,982-1,(0894)62-0474,1,1,1,1,,1,,,,2963,２,,,,愛媛県西予市宇和町新城982-1,E3821400021201,33.38357979,132.5323918,matched_by_id
E3821400025201,石城小学校,愛媛県,西予市宇和町西山田,164-1,(0894)62-9714,1,1,1,1,,1,,,1,3101,２,,,,愛媛県西予市宇和町西山田164-1,E3821400025201,33.38417519,132.4746211,matched_by_id
E3821400027201,中川小学校,愛媛県,西予市宇和町田苗真土,1614-1,(0894)62-0357,,1,1,1,,1,,,1,2419,２,,,,愛媛県西予市宇和町田苗真土1614-1,E3821400027201,33.39867454,132.5065401,matched_by_id
E3821400030201,旧明間小学校,愛媛県,西予市宇和町明間,1065-1,(0894)62-6402,1,1,1,1,,1,,,1,1692,２,,,,愛媛県西予市宇和町明間1065-1,E3821400030201,33.34591845,132.5828458,matched_by_id
E3821400033201,安土西,愛媛県,西予市三瓶町安土,246-1,(0894)33-1111,,,,,1,,,,,,,,,,愛媛県西予市三瓶町安土246-1,E3821400033201,33.376755533384,132.41867689723,matched_by_id
E3821400034201,市道安土１３号線,愛媛県,西予市三瓶町安土,281-2,(0894)33-1111,,,,,1,,,,,,,,,,愛媛県西予市三瓶町安土281-2,E3821400034201,33.37615514,132.4184302,matched_by_id
E3821400036201,神子之浦墓地,愛媛県,西予市三瓶町下泊,109-1,(0894)33-1111,,,,,1,,,,,,,,,,愛媛県西予市三瓶町下泊109-1,E3821400036201,33.34155414,132.3926033,matched_by_id
E3821400037201,アンデラ,愛媛県,西予市三瓶町下泊,1834-1,(0894)33-1111,,,,,1,,,,,,,,,,愛媛県西予市三瓶町下泊1834-1,E3821400037201,33.33701428,132.3860909,matched_by_id
E3821400039201,農道下泊神子之浦線,愛媛県,西予市三瓶町下泊,331-2,(0894)33-1111,,,,,1,,,,,,,,,,愛媛県西予市三瓶町下泊331-2,E3821400039201,33.33998113,132.3945023,matched_by_id
E3821400040201,お薬師,愛媛県,西予市三瓶町下泊,481,(0894)33-1111,,,,,1,,,,,,,,,,愛媛県西予市三瓶町下泊481,E3821400040201,33.34005165,132.3928429,matched_by_id
E3821400041201,お墓,愛媛県,西予市三瓶町下泊,656-1,(0894)33-1111,,,,,1,,,,,,,,,,愛媛県西予市三瓶町下泊656-1,E3821400041201,33.3374266,132.3898675,matched_by_id
E3821400042201,旧下泊小学校（屋上）,愛媛県,西予市三瓶町下泊,779-1,(0894)62-6430,,,,,1,,,,1,,,,,,愛媛県西予市三瓶町下泊779-1,E3821400042201,33.33604623,132.3902805,matched_by_id
E3821400042202,三瓶下泊地区グラウンド,愛媛県,西予市三瓶町下泊,779-1,(0894)33-2470,1,,1,1,,1,,,1,1283,２,,,,愛媛県西予市三瓶町下泊779-1,E3821400042202,33.33636891,132.3900123,matched_by_id
E3821400043201,農道下泊中ノ浦線,愛媛県,西予市三瓶町下泊,914-1,(0894)33-1111,,,,,1,,,,,,,,,,愛媛県西予市三瓶町下泊914-1,E3821400043201,33.33433418,132.389095,matched_by_id
E3821400045201,見光寺,愛媛県,西予市三瓶町皆江,1825,(0894)33-1111,,,,,1,,,,,,,,,,愛媛県西予市三瓶町皆江1825,E3821400045201,33.34145865,132.4127294,matched_by_id
E3821400047201,農道皆江国王線,愛媛県,西予市三瓶町皆江,2635,(0894)33-1111,,,,,1,,,,,,,,,,愛媛県西予市三瓶町皆江2635,E3821400047201,33.34855255,132.4128581,matched_by_id
E3821400048201,国道３７８号（枯井バス停付近）,愛媛県,西予市三瓶町皆江,83-7,(0894)33-1111,,,,,1,,,,,,,,,,愛媛県西予市三瓶町皆江83-7,E3821400048201,33.34520199,132.3944004,matched_by_id
E3821400049201,薬師山公園,愛媛県,西予市三瓶町垣生乙,549-1,(0894)33-1111,,,,,1,,,,,,,,,,愛媛県西予市三瓶町垣生乙549-1,E3821400049201,33.38724169,132.4117649,matched_by_id
E3821400050201,垣生グラウンド,愛媛県,西予市三瓶町垣生甲,1252-2,(0894)33-1111,,,,,1,,,,,,,,,,愛媛県西予市三瓶町垣生甲1252-2,E3821400050201,33.39211933,132.4118454,matched_by_id
E3821400051201,垣生西,愛媛県,西予市三瓶町垣生甲,161-3,(0894)33-1111,,,,,1,,,,,,,,,,愛媛県西予市三瓶町垣生甲161-3,E3821400051201,33.384332199063,132.4096463771,matched_by_id
E3821400052201,垣生小浦,愛媛県,西予市三瓶町垣生甲,9,(0894)33-1111,,,,,1,,,,,,,,,,愛媛県西予市三瓶町垣生甲9,E3821400052201,33.3789773,132.4086911,matched_by_id
E3821400055201,光勝寺,愛媛県,西予市三瓶町周木,2-208,(0894)33-1111,,,,,1,,,,,,,,,,愛媛県西予市三瓶町周木2-208,E3821400055201,33.37436523,132.3908173,matched_by_id
E3821400056201,旧周木小学校（屋上）,愛媛県,西予市三瓶町周木,6-247-1,(0894)62-6430,,,,,1,,,,1,,,,,,愛媛県西予市三瓶町周木6-247-1,E3821400056201,33.37631641,132.3888481,matched_by_id
E3821400056202,三瓶周木地区グラウンド,愛媛県,西予市三瓶町周木,6-247-1,(0894)33-2470,1,,1,1,,1,,,1,2270,２,,,,愛媛県西予市三瓶町周木6-247-1,E3821400056202,33.37591704,132.3893777,matched_by_id
E3821400057201,蔵王公園付近,愛媛県,西予市三瓶町蔵貫,3172-1,(0894)33-1111,,,,,1,,,,,,,,,,愛媛県西予市三瓶町蔵貫3172-1,E3821400057201,33.35070346,132.4321325,matched_by_id
E3821400058201,市道蔵貫２号線終点付近,愛媛県,西予市三瓶町蔵貫,32-2,(0894)33-1111,,,,,1,,,,,,,,,,愛媛県西予市三瓶町蔵貫32-2,E3821400058201,33.35673406,132.4279367,matched_by_id
E3821400059201,善福禅寺上,愛媛県,西予市三瓶町蔵貫,3663,(0894)33-1111,,,,,1,,,,,,,,,,愛媛県西予市三瓶町蔵貫3663,E3821400059201,33.352284608057,132.42645619645,matched_by_id
E3821400061201,神明神社付近高台,愛媛県,西予市三瓶町蔵貫,634-2,(0894)33-1111,,,,,1,,,,,,,,,,愛媛県西予市三瓶町蔵貫634-2,E3821400061201,33.35582896,132.4294254,matched_by_id
E3821400062201,川原集会所上,愛媛県,西予市三瓶町蔵貫,966-3,(0894)33-1111,,,,,1,,,,,,,,,,愛媛県西予市三瓶町蔵貫966-3,E3821400062201,33.35444439,132.4335238,matched_by_id
E3821400063201,農道蔵貫浦新田線,愛媛県,西予市三瓶町蔵貫浦,1124-4,(0894)33-1111,,,,,1,,,,,,,,,,愛媛県西予市三瓶町蔵貫浦1124-4,E3821400063201,33.35295082,132.4202865,matched_by_id
E3821400064201,金光寺,愛媛県,西予市三瓶町蔵貫浦,135,(0894)33-1111,,,,,1,,,,,,,,,,愛媛県西予市三瓶町蔵貫浦135,E3821400064201,33.3588974,132.4218395,matched_by_id
E3821400065201,三瓶蔵貫地区グラウンド,愛媛県,西予市三瓶町蔵貫浦,491,(0894)33-2470,1,,1,1,,1,,,1,3696,2,,,,愛媛県西予市三瓶町蔵貫浦491,E3821400065201,33.3562094,132.4241365,matched_by_id
E3821400066201,三楽園,愛媛県,西予市三瓶町蔵貫浦,5-19,(0894)33-1111,,,,,1,,,,,,,,,,愛媛県西予市三瓶町蔵貫浦5-19,E3821400066201,33.359110089404,132.42097836743,matched_by_id
E3821400068201,２区農道（朝立山口線）,愛媛県,西予市三瓶町朝立,1-250,(0894)33-1111,,,,,1,,,,,,,,,,愛媛県西予市三瓶町朝立1-250,E3821400068201,33.38532816,132.4226084,matched_by_id
E3821400070201,三瓶小学校,愛媛県,西予市三瓶町朝立,1-337-2,(0894)33-0035,1,1,1,1,,1,,,1,2995,２,,,,愛媛県西予市三瓶町朝立1-337-2,E3821400070201,33.381602,132.423191,matched_by_id
E3821400073201,国造神社（朝立）,愛媛県,西予市三瓶町朝立,1-71,(0894)33-1111,,,,,1,,,,,,,,,,愛媛県西予市三瓶町朝立1-71,E3821400073201,33.38394326,132.4215902,matched_by_id
E3821400074201,地福寺,愛媛県,西予市三瓶町朝立,2-261-1,(0894)33-1111,,,,,1,,,,,,,,,,愛媛県西予市三瓶町朝立2-261-1,E3821400074201,33.386366,132.425855,matched_by_id
E3821400075201,宇都宮様,愛媛県,西予市三瓶町朝立,2-281-2,(0894)33-1111,,,,,1,,,,,,,,,,愛媛県西予市三瓶町朝立2-281-2,E3821400075201,33.3858559,132.425533,matched_by_id
E3821400076201,やぐらの下団地,愛媛県,西予市三瓶町朝立,2-35-3,(0894)33-1111,,,,,1,,,,1,,,,,,愛媛県西予市三瓶町朝立2-35-3,E3821400076201,33.38409281,132.4254817,matched_by_id
E3821400077201,シデノキ農道,愛媛県,西予市三瓶町朝立,2-491-2,(0894)33-1111,,,,,1,,,,,,,,,,愛媛県西予市三瓶町朝立2-491-2,E3821400077201,33.3885165,132.4268205,matched_by_id
E3821400078201,旧東公民館第１分館,愛媛県,西予市三瓶町朝立,6-215-4,(0894)33-1111,,,,,1,,,,1,,,,,,愛媛県西予市三瓶町朝立6-215-4,E3821400078201,33.38662941,132.4292281,matched_by_id
E3821400079201,サイレン山避難所,愛媛県,西予市三瓶町朝立,7-282-15,(0894)33-1111,,,,,1,,,,,,,,,,愛媛県西予市三瓶町朝立7-282-15,E3821400079201,33.38071983,132.4235371,matched_by_id
E3821400080201,三瓶公園,愛媛県,西予市三瓶町朝立,8-1-2,(0894)33-1111,,,,,1,,,,,,,,,,愛媛県西予市三瓶町朝立8-1-2,E3821400080201,33.383275,132.415561,matched_by_id
E3821400081201,大元様,愛媛県,西予市三瓶町朝立,8-702-2,(0894)33-1111,,,,,1,,,,,,,,,,愛媛県西予市三瓶町朝立8-702-2,E3821400081201,33.3903529,132.4323029,matched_by_id
E3821400082201,朝田邸裏山,愛媛県,西予市三瓶町朝立,8-845-16,(0894)33-1111,,,,,1,,,,,,,,,,愛媛県西予市三瓶町朝立8-845-16,E3821400082201,33.38310736,132.4267343,matched_by_id
E3821400083201,二及越,愛媛県,西予市三瓶町長早,3-37-2,(0894)33-1111,,,,,1,,,,,,,,,,愛媛県西予市三瓶町長早3-37-2,E3821400083201,33.37191724,132.4003601,matched_by_id
E3821400084201,道安寺,愛媛県,西予市三瓶町長早,3-44-1,(0894)33-1111,,,,,1,,,,,,,,,,愛媛県西予市三瓶町長早3-44-1,E3821400084201,33.37214571,132.3999471,matched_by_id
E3821400085201,国造神社（長早）,愛媛県,西予市三瓶町長早,3-486,(0894)33-1111,,,,,1,,,,,,,,,,愛媛県西予市三瓶町長早3-486,E3821400085201,33.37122285,132.3984236,matched_by_id
E3821400089201,県道宇和三瓶線、市道津布理３９号線の合流点,愛媛県,西予市三瓶町津布理,2631-1,(0894)33-1111,,,,,1,,,,,,,,,,愛媛県西予市三瓶町津布理2631-1,E3821400089201,33.37073728,132.4301625,matched_by_id
E3821400090201,三瓶中学校（屋上）,愛媛県,西予市三瓶町津布理,29,(0894)33-0041,,,,,1,,,,,,,,,,愛媛県西予市三瓶町津布理29,E3821400090201,33.377907936652,132.42531663387,matched_by_id
E3821400091201,津布理神ヶ谷,愛媛県,西予市三瓶町津布理,3085,(0894)33-1111,,,,,1,,,,,,,,,,愛媛県西予市三瓶町津布理3085,E3821400091201,33.37379257,132.4257154,matched_by_id
E3821400093201,金刀比羅神社,愛媛県,西予市三瓶町津布理,3569,(0894)33-1111,,,,,1,,,,,,,,,,愛媛県西予市三瓶町津布理3569,E3821400093201,33.37530087,132.4231984,matched_by_id
E3821400094201,釈迦堂上,愛媛県,西予市三瓶町津布理,3573-1,(0894)33-1111,,,,,1,,,,,,,,,,愛媛県西予市三瓶町津布理3573-1,E3821400094201,33.37610413,132.4226201,matched_by_id
E3821400096201,三瓶中学校,愛媛県,西予市三瓶町津布理,48,(0894)33-0041,1,,1,1,,1,,,1,9691,２,,,,愛媛県西予市三瓶町津布理48,E3821400096201,33.378350734673,132.4244771238,matched_by_id
E3821400097201,谷上駐車場（谷口）,愛媛県,西予市三瓶町津布理,525-1,(0894)33-1111,,,,,1,,,,,,,,,,愛媛県西予市三瓶町津布理525-1,E3821400097201,33.37941457,132.4264181,matched_by_id
E3821400098201,三瓶浄水場,愛媛県,西予市三瓶町津布理,556-6,(0894)33-1111,,,,,1,,,,,,,,,,愛媛県西予市三瓶町津布理556-6,E3821400098201,33.38025667,132.4256319,matched_by_id
E3821400099201,市道津布理１０号線（桜谷線）,愛媛県,西予市三瓶町津布理,770-2,(0894)33-1111,,,,,1,,,,,,,,,,愛媛県西予市三瓶町津布理770-2,E3821400099201,33.37640427,132.4301893,matched_by_id
E3821400100201,二及豆綱代川上,愛媛県,西予市三瓶町二及,1-48,(0894)33-1111,,,,,1,,,,,,,,,,愛媛県西予市三瓶町二及1-48,E3821400100201,33.37898626,132.4066741,matched_by_id
E3821400101201,二及東川上流,愛媛県,西予市三瓶町二及,1-565-4,(0894)33-1111,,,,,1,,,,,,,,,,愛媛県西予市三瓶町二及1-565-4,E3821400101201,33.38004343,132.4014706,matched_by_id
E3821400102201,二及農村公園,愛媛県,西予市三瓶町二及,2-452,(0894)33-1111,,,,,1,,,,,,,,,,愛媛県西予市三瓶町二及2-452,E3821400102201,33.37584156,132.4020124,matched_by_id
E3821400105201,長早越,愛媛県,西予市三瓶町二及,2-836-1,(0894)33-1111,,,,,1,,,,,,,,,,愛媛県西予市三瓶町二及2-836-1,E3821400105201,33.37263402,132.4022001,matched_by_id
E3821400106201,お伊勢山,愛媛県,西予市三瓶町二及,2-897-3,(0894)33-1111,,,,,1,,,,,,,,,,愛媛県西予市三瓶町二及2-897-3,E3821400106201,33.37247275,132.4040669,matched_by_id
E3821400107201,西側一時避難場所,愛媛県,西予市三瓶町有太刀,108,(0894)33-1111,,,,,1,,,,,,,,,,愛媛県西予市三瓶町有太刀108,E3821400107201,33.36274599,132.4149948,matched_by_id
E3821400108201,あらパーク,愛媛県,西予市三瓶町有太刀,16,(0894)33-1111,,,,,1,,,,,,,,,,愛媛県西予市三瓶町有太刀16,E3821400108201,33.36273255,132.4103171,matched_by_id
E3821400109201,中央一時避難場所,愛媛県,西予市三瓶町有太刀,166,(0894)33-1111,,,,,1,,,,,,,,,,愛媛県西予市三瓶町有太刀166,E3821400109201,33.36369583,132.4156386,matched_by_id
E3821400110201,東側一時避難場所,愛媛県,西予市三瓶町有太刀,654,(0894)33-1111,,,,,1,,,,,,,,,,愛媛県西予市三瓶町有太刀654,E3821400110201,33.36284904,132.4180365,matched_by_id
E3821400112201,有網代墓地,愛媛県,西予市三瓶町有網代,30-1,(0894)33-1111,,,,,1,,,,,,,,,,愛媛県西予市三瓶町有網代30-1,E3821400112201,33.37590427,132.4152598,matched_by_id
E3821400114201,有網代西避難場所,愛媛県,西予市三瓶町有網代,138,(0894)33-1111,,,,,1,,,,,,,,,,愛媛県西予市三瓶町有網代138,E3821400114201,33.374199,132.414395,matched_by_id
E3821400115201,城川中学校,愛媛県,西予市城川町下相,1237,(0894)82-0029,1,1,1,1,,1,,,1,6838,２,,,,愛媛県西予市城川町下相1237,E3821400115201,33.37840078,132.7468885,matched_by_id
E3821400118201,城川小学校,愛媛県,西予市城川町魚成,5673-1,(0894)82-0017,1,1,1,1,,1,,,1,3983,２,,,,愛媛県西予市城川町魚成5673-1,E3821400118201,33.3796905,132.7235808,matched_by_id
E3821400123201,旧高川小学校,愛媛県,西予市城川町高野子,806,(0894)62-6430,1,1,1,1,,1,,,1,2886,２,,,,愛媛県西予市城川町高野子806,E3821400123201,33.36849564,132.8035949,matched_by_id
E3821400128201,旧土居小学校,愛媛県,西予市城川町土居,86,(0894)62-6430,1,,1,1,,1,,,1,2850,２,,,,愛媛県西予市城川町土居86,E3821400128201,33.38166252,132.767525,matched_by_id
E3821400132201,旧遊子川小学校,愛媛県,西予市城川町遊子谷,3160,(0894)62-6430,1,1,1,1,,1,,,1,2164,２,,,,愛媛県西予市城川町遊子谷3160,E3821400132201,33.4332103,132.7669649,matched_by_id
E3821400133201,３区第２避難場所,愛媛県,西予市明浜町宮野浦甲,1119,(0894)64-1111,,,,,1,,,,,,,,,,愛媛県西予市明浜町宮野浦甲1119,E3821400133201,33.31388,132.423227,matched_by_id
E3821400134201,３区第１避難場所,愛媛県,西予市明浜町宮野浦甲,1208,(0894)64-1111,,,,,1,,,,,,,,,,愛媛県西予市明浜町宮野浦甲1208,E3821400134201,33.31217938,132.4251185,matched_by_id
E3821400135201,宮ノ串避難場所,愛媛県,西予市明浜町宮野浦甲,1469,(0894)64-1111,,,,,1,,,,,,,,,,愛媛県西予市明浜町宮野浦甲1469,E3821400135201,33.3074721,132.4221842,matched_by_id
E3821400137201,岩井避難場所,愛媛県,西予市明浜町宮野浦甲,1857,(0894)64-1111,,,,,1,,,,,,,,,,愛媛県西予市明浜町宮野浦甲1857,E3821400137201,33.30849397,132.4123577,matched_by_id
E3821400140201,１区避難場所,愛媛県,西予市明浜町宮野浦甲,417-1,(0894)64-1111,,,,,1,,,,,,,,,,愛媛県西予市明浜町宮野浦甲417-1,E3821400140201,33.31566707,132.4226053,matched_by_id
E3821400141201,中浦避難場所,愛媛県,西予市明浜町宮野浦甲,75-10,(0894)64-1111,,,,,1,,,,,,,,,,愛媛県西予市明浜町宮野浦甲75-10,E3821400141201,33.31741087,132.4258695,matched_by_id
E3821400142201,２区避難場所,愛媛県,西予市明浜町宮野浦甲,825-1,(0894)64-1111,,,,,1,,,,,,,,,,愛媛県西予市明浜町宮野浦甲825-1,E3821400142201,33.31533983,132.4222405,matched_by_id
E3821400143201,２・３区避難場所,愛媛県,西予市明浜町宮野浦甲,909,(0894)64-1111,,,,,1,,,,,,,,,,愛媛県西予市明浜町宮野浦甲909,E3821400143201,33.31451498,132.4227743,matched_by_id
E3821400144201,東水源地,愛媛県,西予市明浜町高山甲,1214,(0894)64-1111,,,,,1,,,,,,,,,,愛媛県西予市明浜町高山甲1214,E3821400144201,33.32252551,132.4375613,matched_by_id
E3821400145201,小坂,愛媛県,西予市明浜町高山甲,1871-2,(0894)64-1111,,,,,1,,,,,,,,,,愛媛県西予市明浜町高山甲1871-2,E3821400145201,33.32291548,132.4358125,matched_by_id
E3821400146201,西水源地,愛媛県,西予市明浜町高山甲,2066-1,(0894)64-1111,,,,,1,,,,,,,,,,愛媛県西予市明浜町高山甲2066-1,E3821400146201,33.32430503,132.4320869,matched_by_id
E3821400147201,小浦,愛媛県,西予市明浜町高山甲,2891-2,(0894)64-1111,,,,,1,,,,,,,,,,愛媛県西予市明浜町高山甲2891-2,E3821400147201,33.31910981,132.4290024,matched_by_id
E3821400148201,銀行社宅付近,愛媛県,西予市明浜町高山甲,3180-1,(0894)64-1111,,,,,1,,,,,,,,,,愛媛県西予市明浜町高山甲3180-1,E3821400148201,33.32197865,132.4302523,matched_by_id
E3821400149201,明浜支所（屋上）,愛媛県,西予市明浜町高山甲,3420,(0894)64-1111,,,,,1,,,,1,,,,,,愛媛県西予市明浜町高山甲3420,E3821400149201,33.322691,132.431944,matched_by_id
E3821400149202,旧高山小学校,愛媛県,西予市明浜町高山甲,3420,(0894)64-1280,1,,1,1,,1,,,1,1821,２,,,,愛媛県西予市明浜町高山甲3420,,,,unmatched
E3821400152201,小僧都,愛媛県,西予市明浜町高山甲,686-1,(0894)64-1111,,,,,1,,,,,,,,,,愛媛県西予市明浜町高山甲686-1,E3821400152201,33.31714191,132.4352224,matched_by_id
E3821400153201,漁協奥,愛媛県,西予市明浜町狩浜,1-198,(0894)64-1111,,,,,1,,,,,,,,,,愛媛県西予市明浜町狩浜1-198,E3821400153201,33.31989618,132.4711061,matched_by_id
E3821400154201,枝浦農道記念碑,愛媛県,西予市明浜町狩浜,2-1125-1,(0894)64-1111,,,,,1,,,,,,,,,,愛媛県西予市明浜町狩浜2-1125-1,E3821400154201,33.32210159,132.4648834,matched_by_id
E3821400157201,かりえ笑小学校（旧狩江小学校）,愛媛県,西予市明浜町狩浜,2-1350,(0894)64-1280,1,,1,1,,1,,,1,1890,２,,,,愛媛県西予市明浜町狩浜2-1350,E3821400157201,33.3199598,132.4661496,matched_by_id
E3821400158201,枝浦農道,愛媛県,西予市明浜町狩浜,2-1504-3,(0894)64-1111,,,,,1,,,,,,,,,,愛媛県西予市明浜町狩浜2-1504-3,E3821400158201,33.32084201,132.4633947,matched_by_id
E3821400159201,山口,愛媛県,西予市明浜町狩浜,2-459,(0894)64-1111,,,,,1,,,,,,,,,,愛媛県西予市明浜町狩浜2-459,E3821400159201,33.323163932442,132.46850434803,matched_by_id
E3821400160201,狩浜防災倉庫前,愛媛県,西予市明浜町狩浜,3-1307,(0894)64-1111,,,,,1,,,,,,,,,,愛媛県西予市明浜町狩浜3-1307,E3821400160201,33.31531966,132.4616073,matched_by_id
E3821400161201,お伊勢山前,愛媛県,西予市明浜町狩浜,3-1479-2,(0894)64-1111,,,,,1,,,,,,,,,,愛媛県西予市明浜町狩浜3-1479-2,E3821400161201,33.31333374,132.4671809,matched_by_id
E3821400163201,狩浜農道三叉路,愛媛県,西予市明浜町狩浜,3-378,(0894)64-1111,,,,,1,,,,,,,,,,愛媛県西予市明浜町狩浜3-378,E3821400163201,33.31736604,132.4613927,matched_by_id
E3821400164201,本浦農道,愛媛県,西予市明浜町狩浜,3-902-1,(0894)64-1111,,,,,1,,,,,,,,,,愛媛県西予市明浜町狩浜3-902-1,E3821400164201,33.31654122,132.4591397,matched_by_id
E3821400165201,狩浜ＪＡ上,愛媛県,西予市明浜町狩浜,4-69-2,(0894)64-1111,,,,,1,,,,,,,,,,愛媛県西予市明浜町狩浜4-69-2,E3821400165201,33.31763244,132.4656854,matched_by_id
E3821400166201,春日神社下,愛媛県,西予市明浜町狩浜,4-698-1,(0894)64-1111,,,,,1,,,,,,,,,,愛媛県西予市明浜町狩浜4-698-1,E3821400166201,33.3179552,132.4660609,matched_by_id
E3821400169201,４区避難場所,愛媛県,西予市明浜町田之浜甲,1195-1,(0894)64-1111,,,,,1,,,,,,,,,,愛媛県西予市明浜町田之浜甲1195-1,E3821400169201,33.31938294,132.389473,matched_by_id
E3821400170201,旧田之浜小学校,愛媛県,西予市明浜町田之浜甲,1234,(0894)64-1280,1,,1,1,,1,,,,1348,２,,,,愛媛県西予市明浜町田之浜甲1234,E3821400170201,33.31964838,132.3903301,matched_by_id
E3821400171201,３区避難場所,愛媛県,西予市明浜町田之浜甲,1316-1,(0894)64-1111,,,,,1,,,,,,,,,,愛媛県西予市明浜町田之浜甲1316-1,E3821400171201,33.320844576565,132.3905126393,matched_by_id
E3821400172201,１区避難場所,愛媛県,西予市明浜町田之浜甲,553-4,(0894)64-1111,,,,,1,,,,,,,,,,愛媛県西予市明浜町田之浜甲553-4,E3821400172201,33.319177043142,132.39719941621,matched_by_id
E3821400173201,２区避難場所,愛媛県,西予市明浜町田之浜甲,656-2,(0894)64-1111,,,,,1,,,,,,,,,,愛媛県西予市明浜町田之浜甲656-2,E3821400173201,33.321324204489,132.39680779413,matched_by_id
E3821400175201,トンネル上,愛媛県,西予市明浜町渡江,84-2,(0894)64-1111,,,,,1,,,,,,,,,,愛媛県西予市明浜町渡江84-2,E3821400175201,33.31994997,132.4843348,matched_by_id
E3821400176201,龍泉寺,愛媛県,西予市明浜町渡江,869,(0894)64-1111,,,,,1,,,,,,,,,,愛媛県西予市明浜町渡江869,E3821400176201,33.320804,132.478058,matched_by_id
E3821400177201,伊之浦農道,愛媛県,西予市明浜町俵津,1-177-4,(0894)64-1111,,,,,1,,,,,,,,,,愛媛県西予市明浜町俵津1-177-4,E3821400177201,33.32175512,132.4988796,matched_by_id
E3821400178201,東谷農道,愛媛県,西予市明浜町俵津,1-418,(0894)64-1111,,,,,1,,,,,,,,,,愛媛県西予市明浜町俵津1-418,E3821400178201,33.32470456,132.4985739,matched_by_id
E3821400179201,天満神社,愛媛県,西予市明浜町俵津,2-1,(0894)64-1111,,,,,1,,,,,,,,,,愛媛県西予市明浜町俵津2-1,E3821400179201,33.32538587,132.4966158,matched_by_id
E3821400180201,元小学校跡,愛媛県,西予市明浜町俵津,2-767-1,(0894)64-1111,,,,,1,,,,,,,,,,愛媛県西予市明浜町俵津2-767-1,E3821400180201,33.32594168,132.4955912,matched_by_id
E3821400184201,福岡農道,愛媛県,西予市明浜町俵津,3-505-1,(0894)64-1111,,,,,1,,,,,,,,,,愛媛県西予市明浜町俵津3-505-1,E3821400184201,33.32836208,132.4921205,matched_by_id
E3821400185201,大山農道,愛媛県,西予市明浜町俵津,4-282-2,(0894)64-1111,,,,,1,,,,,,,,,,愛媛県西予市明浜町俵津4-282-2,E3821400185201,33.33047315,132.4890788,matched_by_id
E3821400186201,新田奥,愛媛県,西予市明浜町俵津,5-231-3,(0894)64-1111,,,,,1,,,,,,,,,,愛媛県西予市明浜町俵津5-231-3,E3821400186201,33.33210236,132.4865281,matched_by_id
E3821400187201,畑岡農道,愛媛県,西予市明浜町俵津,8-214,(0894)64-1111,,,,,1,,,,,,,,,,愛媛県西予市明浜町俵津8-214,E3821400187201,33.32726078,132.4853862,matched_by_id
E3821400188201,明浜小学校,愛媛県,西予市明浜町俵津,8-316-1,(0894)65-0007,1,1,1,1,,1,,,1,3468,２,,,,愛媛県西予市明浜町俵津8-316-1,E3821400188201,33.3246507,132.4878489,matched_by_id
E3821400189201,西予市明浜運動場,愛媛県,西予市明浜町俵津,9-136-1,(0894)64-1291,1,1,1,1,,1,,,,2806,２,,,,愛媛県西予市明浜町俵津9-136-1,E3821400189201,33.3243322,132.4864293,matched_by_id
E3821400190201,ボラ小屋,愛媛県,西予市明浜町俵津,9-412-2,(0894)64-1111,,,,,1,,,,,,,,,,愛媛県西予市明浜町俵津9-412-2,E3821400190201,33.32016514,132.487489,matched_by_id
E3821400191201,下の谷農道,愛媛県,西予市明浜町俵津,9-52-1,(0894)64-1111,,,,,1,,,,,,,,,,愛媛県西予市明浜町俵津9-52-1,E3821400191201,33.32450958,132.4843447,matched_by_id
E3821400192201,旧大和田小学校,愛媛県,西予市野村町阿下,2-428,(0894)62-6430,,1,1,1,,1,,,1,1829,２,,,,愛媛県西予市野村町阿下2-428,E3821400192201,33.39667378,132.6735601,matched_by_id
E3821400194201,県立野村高等学校,愛媛県,西予市野村町阿下,6-2,(0894)72-0102,1,1,1,1,,1,,,1,2713,２,,,,愛媛県西予市野村町阿下6-2,E3821400194201,33.38494458,132.6521365,matched_by_id
E3821400195201,野村中学校,愛媛県,西予市野村町阿下,7-147,(0894)72-0026,1,1,1,1,,1,,,1,10908,２,,,,愛媛県西予市野村町阿下7-147,E3821400195201,33.38173669,132.6521615,matched_by_id
E3821400196201,旧中筋小学校,愛媛県,西予市野村町高瀬,4098,(0894)62-6430,1,1,1,1,,1,,,1,2414,２,,,,愛媛県西予市野村町高瀬4098,E3821400196201,33.41397444,132.6337503,matched_by_id
E3821400200201,西予市野村少年自然の家,愛媛県,西予市野村町惣川,1160,(0894)76-0137,1,,1,1,,1,,,,500,２,,,,愛媛県西予市野村町惣川1160,E3821400200201,33.47669348,132.7825034,matched_by_id
E3821400202201,惣川小学校,愛媛県,西予市野村町惣川,3888,(0894)76-0120,1,,1,1,,1,,,1,2188,２,,,,愛媛県西予市野村町惣川3888,E3821400202201,33.48019517,132.7965847,matched_by_id
E3821400203201,大野ヶ原小学校,愛媛県,西予市野村町大野ケ原,217-1,(0894)76-0360,1,1,1,1,,1,,,1,2967,２,,,,愛媛県西予市野村町大野ケ原217-1,E3821400203201,33.47988183,132.8707188,matched_by_id
E3821400205201,旧渓筋小学校,愛媛県,西予市野村町鳥鹿野,870,(0894)62-6430,1,,1,1,,1,,,1,3058,２,,,,愛媛県西予市野村町鳥鹿野870,E3821400205201,33.40414522,132.5875788,matched_by_id
E3821400206201,野村小学校,愛媛県,西予市野村町野村,11-43-1,(0894)72-0027,1,1,1,1,,1,,,1,4522,２,,,,愛媛県西予市野村町野村11-43-1,E3821400206201,33.3731393,132.6432057,matched_by_id
E3821400217201,旧河成小学校,愛媛県,西予市野村町予子林,5192-2,(0894)62-6430,1,,1,1,,1,,,,2391,２,,,,愛媛県西予市野村町予子林5192-2,E3821400217201,33.41701485,132.7185987,matched_by_id
E3821400221201,新池前,愛媛県,西予市三瓶町津布理,2759-1,(0894)33-1111,,,,,1,,,,,,,,,,愛媛県西予市三瓶町津布理2759-1,E3821400221201,33.371175,132.431402,matched_by_id
E3821400223201,西予市肱川河川沿い復興公園（どすこいパーク）,愛媛県,西予市野村町野村,4-3-1,(0894)72-0843,,1,,1,,1,,,,3952,２,,,,愛媛県西予市野村町野村4-3-1,E3821400223201,33.378315,132.646469,matched_by_id
E3821400230201,にきぶ地域づくり活動センター,愛媛県,西予市三瓶町二及,2-389-１,0894-33-0054,,,,,1,,,,,316,2,,,,愛媛県西予市三瓶町二及2-389-１,E3821400230201,33.377909,132.402798,matched_by_id
E3821500018201,東温市立北吉井小学校グランド,愛媛県東温市志津川１３１,,,089-964-4420,1,1,,1,,,,,,"19130
（0.5㎡あたり1人）",,,,,愛媛県東温市志津川１３１,E3821500018201,33.805715730428,132.8814871901,matched_by_id
E3821500037201,東温市立南吉井小学校グランド,愛媛県東温市田窪１１００,,,089-964-4420,1,1,,1,,,,,,"23038
（0.5㎡あたり1人）",,,,,愛媛県東温市田窪１１００,E3821500037201,33.791221239337,132.85291863597,matched_by_id
E3821500003201,東温市立拝志小学校グランド,愛媛県東温市下林甲１５８５,,,089-964-4420,,,,1,,,,,,10580（0.5㎡あたり1人）,,,,,愛媛県東温市下林甲１５８５,E3821500003201,33.780271187124,132.87094844496,matched_by_id
E3821500027201,東温市立上林小学校グランド,愛媛県東温市上林甲２５６５,,,089-964-4420,1,1,,1,,,,,,"6654
（0.5㎡あたり1人）",,,,,愛媛県東温市上林甲２５６５,E3821500027201,33.756251453967,132.88703771492,matched_by_id
E3821500061201,東温市立川上小学校グランド,愛媛県東温市北方甲２６５５,,,089-964-4420,1,1,,1,,,,,,"22366
（0.5㎡あたり1人）",,,,,愛媛県東温市北方甲２６５５,E3821500061201,33.800520163142,132.90421487983,matched_by_id
E3821500035201,東温市立東谷小学校グランド,愛媛県東温市則之内甲３３４,,,089-964-4420,1,,,1,,,,,,"4012
（0.5㎡あたり1人）",,,,,愛媛県東温市則之内甲３３４,E3821500035201,33.792431345865,132.95346128006,matched_by_id
E3821500032201,東温市立西谷小学校グランド,愛媛県東温市則之内乙８３５,,,089-964-4420,1,,,1,,,,,,"7288
（0.5㎡あたり1人）",,,,,愛媛県東温市則之内乙８３５,E3821500032201,33.771611168522,132.91742519333,matched_by_id
E3821500022201,東温市立重信中学校グランド,愛媛県東温市志津川９９１,,,089-964-4420,1,1,,1,,,,,,"28932
（0.5㎡あたり1人）",,,,,愛媛県東温市志津川９９１,E3821500022201,33.794918068627,132.87173742721,matched_by_id
E3821500056201,東温市立川内中学校グランド,愛媛県東温市南方４６７－１,,,089-964-4420,1,1,,1,,,,,,"25464
（0.5㎡あたり1人）",,,,,愛媛県東温市南方４６７－１,E3821500056201,33.796904121072,132.912813919,matched_by_id
E3821500043201,東温市中央公民館駐車場,愛媛県東温市田窪２３７０,,,089-964-1500,1,1,,1,,,,,,"8622
（0.5㎡あたり1人）",,,,,愛媛県東温市田窪２３７０,E3821500043201,33.79387624102,132.87130193127,matched_by_id
E3821500052201,東温市川内公民館駐車場,愛媛県東温市南方２６４,,,089-964-1500,1,1,,1,,,,,,"6230
（0.5㎡あたり1人）",,,,,愛媛県東温市南方２６４,E3821500052201,33.796929622751,132.91541349324,matched_by_id
E3821500004201,東温市農林業者トレーニングセンター駐車場,愛媛県東温市田窪２３５,,,089-964-1500,1,1,,1,,,,,,"6674
（0.5㎡あたり1人）",,,,,愛媛県東温市田窪２３５,E3821500042201,33.790807293056,132.86798668892,matched_by_name_address
E3821500044201,東温市農村環境改善センター駐車場,愛媛県東温市田窪３００,,,089-964-4409,1,1,,1,,,,,,"9060
（0.5㎡あたり1人）",,,,,愛媛県東温市田窪３００,E3821500044201,33.792264218782,132.86780948296,matched_by_id
E3821500028201,東温市総合公園,愛媛県東温市西岡１２８４－１,,,089-964-1500,1,1,,1,,,,,,"283144
（0.5㎡あたり1人）",,,,,愛媛県東温市西岡１２８４－１,E3821500028201,33.80965436716,132.86870084398,matched_by_id
E3821500060201,東温市川内体育センター駐車場,愛媛県東温市北方甲２３１４－２,,,089-964-1500,1,1,,1,,,,,,"4426
（0.5㎡あたり1人）",,,,,愛媛県東温市北方甲２３１４－２,E3821500060201,33.803084135534,132.90783427349,matched_by_id
E3821500051201,東温市川内健康センター駐車場,愛媛県東温市南方２６２,,,089-966-2191,1,1,,1,,,,,,"3364
（0.5㎡あたり1人）",,,,,愛媛県東温市南方２６２,E3821500051201,33.797106628048,132.91423324205,matched_by_id
E3821500009201,東温市滑川生活改善センターグランド,愛媛県東温市滑川甲１４４２,,,089-964-1500,1,1,,1,,,,,,"2480
（0.5㎡あたり1人）",,,,,愛媛県東温市滑川甲１４４２,E3821500009201,33.79860482268,132.99699640563,matched_by_id
E3821500064201,東温市ゆるぎ公園,愛媛県東温市野田１－１９,,,089-964-4412,1,1,,1,,,,,,"13600
（0.5㎡あたり1人）",,,,,愛媛県東温市野田１－１９,E3821500064201,33.793910608729,132.84036612803,matched_by_id
E3821500065201,東温市てんじん公園,愛媛県東温市野田３－３,,,089-964-4412,1,1,,1,,,,,,"2804
（0.5㎡あたり1人）",,,,,愛媛県東温市野田３－３,E3821500065201,33.795025817952,132.83436829818,matched_by_id
E3821500001201,いわがらこども館広場,愛媛県東温市横河原１３６８－１,,,089-964-4484,1,1,,1,,,,,,"3496
（0.5㎡あたり1人）",,,,,愛媛県東温市横河原１３６８－１,E3821500001201,33.804845372108,132.8826985041,matched_by_id
E3821500011201,牛渕上野農村公園,愛媛県東温市牛渕１６２５,,,089-964-4412,1,1,,1,,,,,,"9800
（0.5㎡あたり1人）",,,,,愛媛県東温市牛渕１６２５,E3821500011201,33.796955279445,132.85667671112,matched_by_id
E3821500006201,下林八幡農村公園,愛媛県東温市下林甲２９７－１,,,089-964-4412,1,1,,1,,,,,,"2000
（0.5㎡あたり1人）",,,,,愛媛県東温市下林甲２９７－１,E3821500006201,33.7743908409,132.88429273516,matched_by_id
E3821500046201,田窪水木公園,愛媛県東温市田窪３００７－１,,,089-964-4412,1,1,,1,,,,,,"3000
（0.5㎡あたり1人）",,,,,愛媛県東温市田窪３００７－１,E3821500046201,33.794334119024,132.86420771914,matched_by_id
E3821500010201,牛渕横畑公園,愛媛県東温市牛渕１０９３,,,089-964-4412,1,1,,1,,,,,,"800
（0.5㎡あたり1人）",,,,,愛媛県東温市牛渕１０９３,E3821500010201,33.795240467233,132.84772242115,matched_by_id
E3821500023201,八反地ふれあい公園,愛媛県東温市志津川甲１３２７－１,,,089-964-4412,1,1,,1,,,,,,"4600
（0.5㎡あたり1人）",,,,,愛媛県東温市志津川甲１３２７－１,E3821500023201,33.797701618266,132.86903294941,matched_by_id
E3821500021201,旧重信町庁舎跡,愛媛県東温市志津川９７２,,,089-964-4400,1,1,,1,,,,,,"10166
（0.5㎡あたり1人）",,,,,愛媛県東温市志津川９７２,E3821500021201,33.796203761588,132.87438932081,matched_by_id
E3821500026201,奥松瀬川公民館広場,愛媛県東温市松瀬川乙８０－１,,,089-966-2940,1,1,,1,,,,,,"6538
（0.5㎡あたり1人）",,,,,愛媛県東温市松瀬川乙８０－１,E3821500026201,33.81061046102,132.94705503625,matched_by_id
E3821500007201,土谷公民館広場,愛媛県東温市河之内甲１２１１－１,,,089-966-4710,1,,,1,,,,,,"2840
（0.5㎡あたり1人）",,,,,愛媛県東温市河之内甲１２１１－１,E3821500007201,33.810054071983,132.9746189852,matched_by_id
E3821500057201,南方東公園,愛媛県東温市南方５０４－８,,,089-964-4412,1,1,,1,,,,,,"4400
（0.5㎡あたり1人）",,,,,愛媛県東温市南方５０４－８,E3821500057201,33.796342951472,132.9114600553,matched_by_id
E3821500062201,北方西公園,愛媛県東温市北方甲３１６４－１,,,089-964-4412,1,1,,1,,,,,,"4400
（0.5㎡あたり1人）",,,,,愛媛県東温市北方甲３１６４－１,E3821500062201,33.802799621511,132.89509430589,matched_by_id
E3821500055201,川内支所広場,愛媛県東温市南方２８６,,,089-966-2222,1,1,,1,,,,,,"7586
（0.5㎡あたり1人）",,,,,愛媛県東温市南方２８６,E3821500055201,33.797568465404,132.91472539368,matched_by_id
E3821500059201,ふるさと交流館　さくらの湯広場,愛媛県東温市北方甲２０８１－１,,,089-960-6511,1,1,,1,,,,,,"9448
（0.5㎡あたり1人）",,,,,愛媛県東温市北方甲２０８１－１,E3821500059201,33.802574512301,132.91457518997,matched_by_id
E3821500049201,くぼの泉公園,愛媛県東温市南方１１６６－１,,,089-964-4412,1,1,,1,,,,,,"7502
（0.5㎡あたり1人）",,,,,愛媛県東温市南方１１６６－１,E3821500049201,33.793280292912,132.8948571815,matched_by_id
E3821500025201,踊田公園,愛媛県東温市志津川南４－３０１,,,089-964-4412,1,1,,1,,,,,,"3428
（0.5㎡あたり1人）",,,,,愛媛県東温市志津川南４－３０１,E3821500025201,33.800616983857,132.87482115826,matched_by_id
E3821500002201,下林集会所,愛媛県東温市下林甲１５７１,,,089-964-1735,,1,,1,,,,,1,"1584
（0.5㎡あたり1人）",,,,,愛媛県東温市下林甲１５７１,E3821500002201,33.780266857924,132.8716103301,matched_by_id
E3821500012201,松山刑務所駐車場,愛媛県東温市見奈良１２４３－2,,,089-964-3355,1,1,,1,,,,,,"2000
（0.5㎡あたり1人）",,,,,愛媛県東温市見奈良１２４３－2,E3821500012201,33.794508,132.878447,matched_by_id
E3821500017201,山之内集会所広場,愛媛県,東温市山之内,1640,(089)964-4412,,1,,1,,,,,1,24576,0.50,,,,愛媛県東温市山之内1640,E3821500017201,33.861847,132.907643,matched_by_id
E3835600134201,生名小学校グランド,愛媛県越智郡上島町生名965,,,0897-76－2014,,,,1,,,,,,6294,,,,,愛媛県越智郡上島町生名965,E3835600134201,34.26897903,133.1842748,matched_by_id
E3835600133201,生名八幡神社境内,愛媛県越智郡上島町生名946,,,"（宗）生名八幡神社
0897-76－2074",,,,1,1,,,,,2436,,,,,愛媛県越智郡上島町生名946,E3835600133201,34.269295996902,133.1833387405,matched_by_id
E3835600132201,正福寺境内,愛媛県越智郡上島町生名813,,,"（宗）正福寺
0897-76－3032",,,,1,1,,,,,4788,,,,,愛媛県越智郡上島町生名813,E3835600132201,34.2679154212,133.179395594,matched_by_id
E3835600131201,生名港埠頭用地,愛媛県越智郡上島町生名67－2,,,0897-76-3000,,,,1,,,,,,11376,,,,,愛媛県越智郡上島町生名67－2,E3835600131201,34.263868762627,133.18646444507,matched_by_id
E3835600130201,生名総合支所駐車場,愛媛県越智郡上島町生名620,,,0897-76－3000,,,,1,,,,,,1052,,,,,愛媛県越智郡上島町生名620,E3835600130201,34.26822538293,133.18494001928,matched_by_id
E3835600129201,厳島銅像,愛媛県越智郡上島町生名573,,,0897-76-3000,,,,1,1,,,,,2322,,,,,愛媛県越智郡上島町生名573,E3835600129201,34.26797712267,133.18710187974,matched_by_id
E3835600128201,稲浦集会所広場,愛媛県越智郡上島町生名4783,,,0897-76-3000,,1,1,1,1,,,,,746,,,,,愛媛県越智郡上島町生名4783,E3835600128201,34.260711865954,133.18209607983,matched_by_id
E3835600126201,いきなスポレク公園野球場,愛媛県越智郡上島町生名4528,,,"（株）いきなスポレク
0897-74－0906",,,,1,1,,,,,32000,,,,,愛媛県越智郡上島町生名4528,E3835600126201,34.261143546972,133.1731284016,matched_by_id
E3835600124201,西浦地区集会所付近,愛媛県越智郡上島町生名3551外,,,0897-76－2924,,,,1,,,,,,808,,,,,愛媛県越智郡上島町生名3551外,E3835600124201,34.273240536857,133.17244185633,matched_by_id
E3835600122201,西浦遊園地,愛媛県越智郡上島町生名3313,,,0897-76-3000,,,,1,,,,,,1080,,,,,愛媛県越智郡上島町生名3313,E3835600122201,34.274459588705,133.17307485767,matched_by_id
E3835600121201,二分団集会所広場,愛媛県越智郡上島町生名279,,,0897-76-3000,,1,1,1,,,,,,556,,,,,愛媛県越智郡上島町生名279,E3835600121201,34.266253920617,133.18110539146,matched_by_id
E3835600120201,生名保健センター・生名老人デイサービスセンター駐車場,愛媛県越智郡上島町生名2133－4・2133－3,,,0897-74－0911・74-0920,,,,1,,,,,,3400,,,,,愛媛県越智郡上島町生名2133－4・2133－3,,,,unmatched
E3835600115201,立石多目的広場,愛媛県越智郡上島町生名1881－３,,,0897-76-3000,,,,1,,,,,,16140,,,,,愛媛県越智郡上島町生名1881－３,E3835600115201,34.275980054062,133.17810668177,matched_by_id
E3835600114201,丸山生協付近,愛媛県越智郡上島町生名1642－１付近,,,0897-76-3000,,,,1,,,,,,2964,,,,,愛媛県越智郡上島町生名1642－１付近,E3835600114201,34.272589541934,133.17959649796,matched_by_id
E3835600113201,生名保育所,愛媛県越智郡上島町生名1620,,,0897-76－2009,,1,,1,,,,,,1720,,,,,愛媛県越智郡上島町生名1620,E3835600113201,34.273087071045,133.1791515166,matched_by_id
E3835600111201,三分団集会所,愛媛県越智郡上島町生名1270,,,0897-76－3192,,1,1,1,,,,,,508,,,,,愛媛県越智郡上島町生名1270,E3835600111201,34.271287837662,133.18302910928,matched_by_id
E3835600110201,特別養護老人ホーム海光園広場,愛媛県越智郡上島町生名1268－1,,,0897-76－2250,,,,1,,,,,,6144,,,,,愛媛県越智郡上島町生名1268－1,E3835600110201,34.27050038954,133.18333025259,matched_by_id
E3835600140201,県道横浜生名港線中腹(大松峠：二分団側),愛媛県越智郡上島町生名,,,0897-74－0906,,,,1,1,,,,,450,,,,,愛媛県越智郡上島町生名,E3835600140201,34.266032254509,133.18013443179,matched_by_id
E3835600135201,町道岡庄・中後線,愛媛県越智郡上島町生名,,,0897-76-3000,,,,1,1,,,,,90,,,,,愛媛県越智郡上島町生名,E3835600135201,34.270385669902,133.18110539145,matched_by_id
E3835600142201,"町道尾又恵生2号線
(尾又－恵生：三分団側)",愛媛県越智郡上島町生名,,,0897-76-3000,,,,1,1,,,,,90,,,,,愛媛県越智郡上島町生名,E3835600142201,34.271148159381,133.18028999989,matched_by_id
E3835600141201,町道中の谷・岡庄線（尾又－丸山：四分団側）,愛媛県越智郡上島町生名,,,0897-76-3000,,,,1,1,,,,,210,,,,,愛媛県越智郡上島町生名,E3835600141201,34.272371674564,133.17714645095,matched_by_id
E3835600138201,泉農道中腹（丸山－西浦：四分団側）,愛媛県越智郡上島町生名,,,0897-76-3000,,,,1,1,,,,,524,,,,,愛媛県越智郡上島町生名,E3835600138201,34.273768056008,133.17680849261,matched_by_id
E3835600136201,町道立石・後新開線中腹（西浦峠：四分団側）,愛媛県越智郡上島町生名,,,0897-76-3000,,,,1,1,,,,,258,,,,,愛媛県越智郡上島町生名,,,,unmatched
E3835600143202,町道立石・大江線中腹（北立石-西浦：四分団側）,愛媛県越智郡上島町生名,,,0897-76-3000,,,,1,1,,,,,630,,,,,愛媛県越智郡上島町生名,E3835600143202,34.278759375918,133.17532254882,matched_by_id
E3835600125201,恵生公営住宅Ｂ団地駐車場,愛媛県越智郡上島町生名,,,0897-76-3000,,,,1,1,,,,,1660,,,,,愛媛県越智郡上島町生名,E3835600125201,34.271555999756,133.17589654154,matched_by_id
E3835600139201,泉農道中腹（丸山－西浦：六分団側）,愛媛県越智郡上島町生名,,,0897-76-3000,,,,1,1,,,,,748,,,,,愛媛県越智郡上島町生名,E3835600139201,34.274552679213,133.17472709842,matched_by_id
E3835600137201,町道立石・後新開線中腹（西浦峠：六分団側）,愛媛県越智郡上島町生名,,,0897-76-3000,,,,1,1,,,,,640,,,,,愛媛県越智郡上島町生名,E3835600137201,34.275581100797,133.17616476246,matched_by_id
E3835600143201,町道立石・大江線中腹（北立石－西浦：六分団側）,愛媛県越智郡上島町生名,,,0897-76-3000,,,,1,1,,,,,390,,,,,愛媛県越智郡上島町生名,E3835600143201,34.277660069806,133.17245258518,matched_by_id
E3835600107201,高井神集会所,愛媛県越智郡上島町魚島2番耕地130,,,0897-78－0245,,1,1,,1,,,,,30,,,,,愛媛県越智郡上島町魚島2番耕地130,E3835600107201,34.192206,133.272911,matched_by_id
E3835600108201,高井神小・中学校グランド,愛媛県越智郡上島町魚島2番耕地151,,,0897-78－0460,,,,1,1,,,,,20,,,,,愛媛県越智郡上島町魚島2番耕地151,E3835600108201,34.191960617647,133.27225800613,matched_by_id
E3835600106201,魚島小・中学校グランド,愛媛県越智郡上島町魚島１番耕地828,,,0897-78－0305,,,,1,1,,,,,100,,,,,愛媛県越智郡上島町魚島１番耕地828,E3835600106201,34.177187162418,133.31995136556,matched_by_id
E3835600104201,春日住宅,愛媛県越智郡上島町魚島１番耕地234番地,,,0897-78-0011,,,,1,1,,,,,52,,,,,愛媛県越智郡上島町魚島１番耕地234番地,E3835600104201,34.177733035408,133.32362599188,matched_by_id
E3835600102201,魚島保健福祉センター,愛媛県越智郡上島町魚島１番耕地1367－２,,,0897-74－1120,,1,,1,,,,,,70,,,,,愛媛県越智郡上島町魚島１番耕地1367－２,E3835600102201,34.179335130051,133.31937737283,matched_by_id
E3835600101201,緊急避難用地,愛媛県越智郡上島町魚島１番耕地1366,,,0897-78-0011,,,,1,,,,,,100,,,,,愛媛県越智郡上島町魚島１番耕地1366,E3835600101201,34.1789528482,133.32020168,matched_by_id
E3835600099201,魚島開発総合センター（３階～５階）,愛媛県越智郡上島町魚島１番耕地1362－１,,,0897-78-0011,,1,1,1,1,,,,1,150,,,,,愛媛県越智郡上島町魚島１番耕地1362－１,E3835600099201,34.178201240727,133.32178331431,matched_by_id
E3835600097201,大木地区町道井戸前,愛媛県越智郡上島町魚島１番耕地1151番地8地先,,,0897-78-0011,,,,1,1,,,,,8,,,,,愛媛県越智郡上島町魚島１番耕地1151番地8地先,E3835600097201,34.177369120473,133.32053072269,matched_by_id
E3835600096201,道福寺境内,愛媛県越智郡上島町魚島１番耕地100,,,0897-78－0306（宗）道福寺,,,,,1,,,,,50,,,,,愛媛県越智郡上島町魚島１番耕地100,E3835600096201,34.178021503447,133.32070774849,matched_by_id
E3835600095201,亀居八幡神社境内,愛媛県越智郡上島町魚島１番耕地１,,,0897-78－0213（宗）亀居八幡神社,,,,1,1,,,,,150,,,,,愛媛県越智郡上島町魚島１番耕地１,E3835600095201,34.17833659818,133.31973142443,matched_by_id
E3835600094201,大木地区集会所,愛媛県越智郡上島町魚島１番耕地,,,0897-78-0011,,1,,,,,,,,8,,,,,愛媛県越智郡上島町魚島１番耕地,E3835600094201,34.1764813513,133.32088599,matched_by_id
E3835600043201,ほうじ山,愛媛県越智郡上島町弓削引野859,,,0897-77-2500,,,,1,1,,,,,264,,,,,愛媛県越智郡上島町弓削引野859,E3835600043201,34.265692513331,133.20281936838,matched_by_id
E3835600093201,弓削浄化センター,愛媛県越智郡上島町弓削明神333,,,0897-74－0881,,,,1,1,,,,,1000,,,,,愛媛県越智郡上島町弓削明神333,E3835600093201,34.261604259725,133.20080214382,matched_by_id
E3835600092201,弓削高等学校グランド,愛媛県越智郡上島町弓削明神305,,,"愛媛県
0897-77-2021",,,,1,1,,,,,26500,,,,,愛媛県越智郡上島町弓削明神305,E3835600092201,34.262428028955,133.20112837268,matched_by_id
E3835600091201,自性寺境外地（慶雲庵跡）,愛媛県越智郡上島町弓削明神227,,,0897-77-2500,,,,1,1,,,,,364,,,,,愛媛県越智郡上島町弓削明神227,E3835600091201,34.263406820644,133.20215997783,matched_by_id
E3835600088201,中崎公園,愛媛県越智郡上島町弓削日比366,,,0897-77-2500,,,,1,1,,,,,24382,,,,,愛媛県越智郡上島町弓削日比366,E3835600088201,34.250337480105,133.21012163872,matched_by_id
E3835600087201,深坂池親水公園,愛媛県越智郡上島町弓削日比２－4,,,0897-77-2500,,,,1,1,,,,,1000,,,,,愛媛県越智郡上島町弓削日比２－4,E3835600087201,34.251277666275,133.2046797451,matched_by_id
E3835600086201,自性寺駐車場,愛媛県越智郡上島町弓削藤谷832－1,,,"（宗）自性寺
0897-77－2103",,,,1,1,,,,,800,,,,,愛媛県越智郡上島町弓削藤谷832－1,E3835600086201,34.258684983233,133.20711939817,matched_by_id
E3835600085201,石山バイパス,愛媛県越智郡上島町弓削藤谷812付近,,,0897-77-2500,,,,1,1,,,,,1000,,,,,愛媛県越智郡上島町弓削藤谷812付近,E3835600085201,34.2596927075,133.206320637,matched_by_id
E3835600084201,弓削大橋記念公園,愛媛県越智郡上島町弓削土生28－1ほか,,,0897-77-2500,,,,1,1,,,,,1000,,,,,愛媛県越智郡上島町弓削土生28－1ほか,E3835600084201,34.252359535761,133.2026141573,matched_by_id
E3835600083201,定光寺境内,愛媛県越智郡上島町弓削土生241,,,"（宗）定光寺
0897-77－3507",,,,1,1,,,,,160,,,,,愛媛県越智郡上島町弓削土生241,E3835600083201,34.25021775783,133.20451045744,matched_by_id
E3835600082201,土生集会所,愛媛県越智郡上島町弓削土生160－1,,,0897-77-2500,,1,1,,,,,,,100,,,,,愛媛県越智郡上島町弓削土生160－1,E3835600082201,34.250923026156,133.2034138504,matched_by_id
E3835600081201,浜の上,愛媛県越智郡上島町弓削沢津458,,,0897-77-2500,,,,1,1,,,,,182,,,,,愛媛県越智郡上島町弓削沢津458,E3835600081201,34.282743507466,133.21495066317,matched_by_id
E3835600080201,沢津集会所,愛媛県越智郡上島町弓削沢津45,,,0897-77-2500,,,1,,,,,,,162,,,,,愛媛県越智郡上島町弓削沢津45,E3835600080201,34.283831766558,133.21555128515,matched_by_id
E3835600079201,長尾寺境内,愛媛県越智郡上島町弓削沢津193,,,0897-77-2500,,,,1,1,,,,,160,,,,,愛媛県越智郡上島町弓削沢津193,E3835600079201,34.2831139421,133.217356939,matched_by_id
E3835600078201,大谷集会所,愛媛県越智郡上島町弓削大谷22,,,0897-77-2500,,,1,1,1,,,,,98,,,,,愛媛県越智郡上島町弓削大谷22,E3835600078201,34.276896674358,133.23155606442,matched_by_id
E3835600077201,太田集会所,愛媛県越智郡上島町弓削太田137,,,0897-77-2500,,,1,,1,,,,,92,,,,,愛媛県越智郡上島町弓削太田137,E3835600077201,34.253993364761,133.20384086322,matched_by_id
E3835600076201,願成寺境内,愛媛県越智郡上島町弓削上弓削502,,,"（宗）願成寺
0897-77-2132",,,,1,1,,,,,280,,,,,愛媛県越智郡上島町弓削上弓削502,E3835600076201,34.27482528,133.212943812,matched_by_id
E3835600075201,新池フラワー公園,愛媛県越智郡上島町弓削上弓削498,,,0897-77-2500,,,,1,1,,,,,2400,,,,,愛媛県越智郡上島町弓削上弓削498,E3835600075201,34.274012044134,133.21264851812,matched_by_id
E3835600073201,弓削老人福祉センター,愛媛県越智郡上島町弓削上弓削218－2,,,0897-77-3690,,1,1,,,,,,1,1988,,,,,愛媛県越智郡上島町弓削上弓削218－2,E3835600073201,34.2773,133.210867,matched_by_id
E3835600071201,今出集会所,愛媛県越智郡上島町弓削上弓削1859－4,,,0897-77-2500,,1,1,1,1,,,,,102,,,,,愛媛県越智郡上島町弓削上弓削1859－4,E3835600071201,34.272204179871,133.20569039833,matched_by_id
E3835600070201,石拾い,愛媛県越智郡上島町弓削上弓削145－1,,,0897-77-2500,,,,1,1,,,,,240,,,,,愛媛県越智郡上島町弓削上弓削145－1,E3835600070201,34.277637173582,133.21237574252,matched_by_id
E3835600069201,狩尾集会所,愛媛県越智郡上島町弓削狩尾249－1,,,0897-77-2500,,1,1,1,1,,,,,100,,,,,愛媛県越智郡上島町弓削狩尾249－1,E3835600069201,34.267077213837,133.21936805298,matched_by_id
E3835600068201,シズネ池埋立て地,愛媛県越智郡上島町弓削佐島878－１,,,0897-77-2500,,,,1,1,,,,,1200,,,,,愛媛県越智郡上島町弓削佐島878－１,E3835600068201,34.248999025967,133.18883293463,matched_by_id
E3835600067201,佐島八幡神社境内,愛媛県越智郡上島町弓削佐島638,,,"（宗）村社八幡神社
0897-77-2500",,,,1,1,,,,,1800,,,,,愛媛県越智郡上島町弓削佐島638,E3835600067201,34.251517628473,133.18572693659,matched_by_id
E3835600065201,佐島体育館グランド,愛媛県越智郡上島町弓削佐島583,,,0897-77-2500,,,,1,1,,,,,9324,,,,,愛媛県越智郡上島町弓削佐島583,E3835600065201,34.252147996065,133.18858927242,matched_by_id
E3835600064201,弓削大橋佐島入口道路,愛媛県越智郡上島町弓削佐島40－2ほか,,,0897-77-2500,,,,1,1,,,,,600,,,,,愛媛県越智郡上島町弓削佐島40－2ほか,E3835600064201,34.2550712992,133.195099205,matched_by_id
E3835600063201,Ｓ道,愛媛県越智郡上島町弓削佐島392地先,,,0897-77-2500,,,,1,1,,,,,400,,,,,愛媛県越智郡上島町弓削佐島392地先,E3835600063201,34.253519087,133.193019512,matched_by_id
E3835600062201,粟手中央集会所,愛媛県越智郡上島町弓削佐島2809,,,0897-77-2500,,1,,,,,,,,264,,,,,愛媛県越智郡上島町弓削佐島2809,E3835600062201,34.253282034098,133.18826163456,matched_by_id
E3835600061201,佐島浄化センター,愛媛県越智郡上島町弓削佐島2518,,,0897-77-2500,,,,1,,,,,,1200,,,,,愛媛県越智郡上島町弓削佐島2518,E3835600061201,34.246907222319,133.191912,matched_by_id
E3835600060201,江尻集会所,愛媛県越智郡上島町弓削佐島2477－１,,,0897-77-2500,,1,,,,,,,,92,,,,,愛媛県越智郡上島町弓削佐島2477－１,E3835600060201,34.248002623371,133.19523237083,matched_by_id
E3835600059201,粟手地区集会所,愛媛県越智郡上島町弓削佐島194,,,0897-77-2500,,1,1,1,1,,,,,120,,,,,愛媛県越智郡上島町弓削佐島194,E3835600059201,34.255108822268,133.19009626554,matched_by_id
E3835600058201,東泉寺境内,愛媛県越智郡上島町弓削久司浦988,,,"（宗）東泉寺
0897-77-2579",,,,1,1,,,,,280,,,,,愛媛県越智郡上島町弓削久司浦988,E3835600058201,34.286996463933,133.22676828039,matched_by_id
E3835600057201,鯨池公園,愛媛県越智郡上島町弓削久司浦832,,,0897-77-2500,,,,1,1,,,,,2800,,,,,愛媛県越智郡上島町弓削久司浦832,E3835600057201,34.287868829225,133.22686643738,matched_by_id
E3835600056201,久司浦集会所,愛媛県越智郡上島町弓削久司浦758,,,0897-77-2500,,1,1,,,,,,,158,,,,,愛媛県越智郡上島町弓削久司浦758,E3835600056201,34.288197731815,133.22474621062,matched_by_id
E3835600054201,寺岡宅上道路,愛媛県越智郡上島町弓削久司浦541地先,,,0897-77-2500,,,,1,1,,,,,40,,,,,愛媛県越智郡上島町弓削久司浦541地先,E3835600054201,34.290085247068,133.22687563978,matched_by_id
E3835600053201,小川レミコン駐車場,愛媛県越智郡上島町弓削鎌田250－3,,,"（有）小川レミコン
0897-77－3503",,,,1,1,,,,,200,,,,,愛媛県越智郡上島町弓削鎌田250－3,E3835600053201,34.24207830824,133.20275860119,matched_by_id
E3835600052201,中都・浜都集会所,愛媛県越智郡上島町弓削下弓削707,,,0897-77-2500,,1,1,1,,,,,,240,,,,,愛媛県越智郡上島町弓削下弓削707,E3835600052201,34.25509424462,133.20769639731,matched_by_id
E3835600051201,山王山前神寺,愛媛県越智郡上島町弓削下弓削600,,,"（宗）弓削神社
0897-77-2500",,,,1,1,,,,,300,,,,,愛媛県越智郡上島町弓削下弓削600,E3835600051201,34.256032402181,133.20642692002,matched_by_id
E3835600050201,堤集会所,愛媛県越智郡上島町弓削下弓削６,,,0897-77-2500,,1,1,1,1,,,,,118,,,,,愛媛県越智郡上島町弓削下弓削６,E3835600050201,34.260666893795,133.20055601684,matched_by_id
E3835600049201,下弓削地区中央集会所,愛媛県越智郡上島町弓削下弓削543,,,0897-77-2500,,1,1,,,,,,,346,,,,,愛媛県越智郡上島町弓削下弓削543,E3835600049201,34.257563245794,133.20616453173,matched_by_id
E3835600048201,潮音寺境内,愛媛県越智郡上島町弓削下弓削400,,,"（宗）潮音寺
0897-77－3383",,,,1,1,,,,,300,,,,,愛媛県越智郡上島町弓削下弓削400,E3835600048201,34.257933481106,133.2071458958,matched_by_id
E3835600044201,引野公営住宅集会所,愛媛県越智郡上島町弓削引野898－23,,,0897-77-2500,,1,1,1,1,,,,,136,,,,,愛媛県越智郡上島町弓削引野898－23,E3835600044201,34.267668283943,133.20257676554,matched_by_id
E3835600041201,弓削小学校駐車場,愛媛県越智郡上島町弓削引野1228－１,,,0897-77-2209,,,,1,1,,,,,2800,,,,,愛媛県越智郡上島町弓削引野1228－１,E3835600041201,34.267758427143,133.20094182208,matched_by_id
E3835600042201,著神社境内,愛媛県越智郡上島町弓削引野443,,,0897-77-2500,,,,1,1,,,,,100,,,,,愛媛県越智郡上島町弓削引野443,E3835600042201,34.268232499969,133.20456226816,matched_by_id
E3835600024201,浄光寺境内,愛媛県越智郡上島町岩城855,,,"（宗）浄光寺
0897-75-2500",,,,1,1,,,,,770,,,,,愛媛県越智郡上島町岩城855,E3835600024201,34.247027470141,133.15030550432,matched_by_id
E3835600023201,岩城八幡神社境内,愛媛県越智郡上島町岩城834－１,,,"（宗）岩城八幡神社
0897-75-2500",,,,1,1,,,,,520,,,,,愛媛県越智郡上島町岩城834－１,E3835600023201,34.245652847655,133.15044497637,matched_by_id
E3835600016201,小村駐車場,愛媛県越智郡上島町岩城749－１,,,0897-75-2500,,,,1,1,,,,,350,,,,,愛媛県越智郡上島町岩城749－１,E3835600016201,34.274334104949,133.14561700013,matched_by_id
E3835600021201,高齢者活動促進施設（船越集会所）,愛媛県越智郡上島町岩城6114,,,0897-75-2500,,,1,1,1,,,,,146,,,,,愛媛県越智郡上島町岩城6114,E3835600021201,34.259826219979,133.16166733889,matched_by_id
E3835600020201,岩城総合運動場,愛媛県越智郡上島町岩城5585,,,0897-75-2500,,,,1,,,,,,41510,,,,,愛媛県越智郡上島町岩城5585,E3835600020201,34.266035324775,133.16136961365,matched_by_id
E3835600019201,長江集会所,愛媛県越智郡上島町岩城5329,,,0897-75-2500,,,1,,1,,,,,274,,,,,愛媛県越智郡上島町岩城5329,E3835600019201,34.270958391215,133.15386479283,matched_by_id
E3835600015201,農林漁家・婦人活動促進施設（赤石集会所）,愛媛県越智郡上島町岩城3817－１,,,0897-75-2500,,1,1,1,,,,,,118,,,,,愛媛県越智郡上島町岩城3817－１,E3835600015201,34.265281655673,133.13545142798,matched_by_id
E3835600014201,円満寺境内,愛媛県越智郡上島町岩城375,,,"（宗）円満寺
0897-75-2500",,,,1,1,,,,,410,,,,,愛媛県越智郡上島町岩城375,E3835600014201,34.249550596758,133.15516566423,matched_by_id
E3835600013201,愛媛県産地育成室岩城駐在所広場（旧県立果樹試験場広場）,愛媛県越智郡上島町岩城3570,,,"愛媛県
0897-75-2500",,,,1,1,,,,,4464,,,,,愛媛県越智郡上島町岩城3570,E3835600013201,34.263326357326,133.13469240578,matched_by_id
E3835600012201,西部八幡神社広場,愛媛県越智郡上島町岩城3295,,,"西部宮総代
0897-75-2500",,,,1,1,,,,,480,,,,,愛媛県越智郡上島町岩城3295,E3835600012201,34.2536540058,133.133570968,matched_by_id
E3835600011201,祥雲寺境内（西部）,愛媛県越智郡上島町岩城3019－１,,,"（宗）祥雲寺
0897-75-2500",,,,1,1,,,,,180,,,,,愛媛県越智郡上島町岩城3019－１,E3835600011201,34.250796596788,133.13661818888,matched_by_id
E3835600010201,岩城構造改善センター（海原集会所）,愛媛県越智郡上島町岩城258－５,,,0897-75-2500,,1,1,1,,,,,,428,,,,,愛媛県越智郡上島町岩城258－５,E3835600010201,34.250226167159,133.157006178,matched_by_id
E3835600009201,石ヶ坪住宅集会所前広場,愛媛県越智郡上島町岩城2392,,,0897-75-2500,,,,1,1,,,,,780,,,,,愛媛県越智郡上島町岩城2392,E3835600009201,34.246364359398,133.13967840511,matched_by_id
E3835600008201,岩城小学校グランド,愛媛県越智郡上島町岩城2263－１,,,0897-75-2500,,,,1,,,,,,29354,,,,,愛媛県越智郡上島町岩城2263－１,E3835600008201,34.244973736691,133.14049737468,matched_by_id
E3835600007201,岩城保健センター駐車場,愛媛県越智郡上島町岩城2239,,,0897-75-2500,,,,1,1,,,,,810,,,,,愛媛県越智郡上島町岩城2239,E3835600007201,34.247816808014,133.14207111983,matched_by_id
E3835600005201,島の神遊園地,愛媛県越智郡上島町岩城2122－１,,,"島ノ神社
0897-75-2500",,,,1,1,,,,,762,,,,,愛媛県越智郡上島町岩城2122－１,E3835600005201,34.245404520777,133.14373945382,matched_by_id
E3835600004201,厳島神社広場,愛媛県越智郡上島町岩城1913－１,,,"（宗）岩城八幡神社
0897-75-2500",,,,1,,,,,,2034,,,,,愛媛県越智郡上島町岩城1913－１,E3835600004201,34.247020849556,133.1444448748,matched_by_id
E3835600003201,太平寺境内,愛媛県越智郡上島町岩城1262,,,"（宗）太平寺
0897-75-2500",,,,1,1,,,,,200,,,,,愛媛県越智郡上島町岩城1262,E3835600003201,34.247169368568,133.14871227215,matched_by_id
E3835600001201,岩城中学校グランド,愛媛県越智郡上島町岩城1218－１,,,0897-75-2500,,,,1,1,,,,,21318,,,,,愛媛県越智郡上島町岩城1218－１,E3835600001201,34.24789662516,133.14829384471,matched_by_id
E3835600029201,今井製作所上県道（海原）,愛媛県越智郡上島町岩城,,,0897-75-2500,,,,1,1,,,,,380,,,,,愛媛県越智郡上島町岩城,E3835600029201,34.252266498368,133.1570914903,matched_by_id
E3835600028201,黄幡さん横町道（海原）,愛媛県越智郡上島町岩城,,,0897-75-2500,,,,1,1,,,,,280,,,,,愛媛県越智郡上島町岩城,E3835600028201,34.2509701991,133.154699674,matched_by_id
E3835600027201,延命堂下（海原）,愛媛県越智郡上島町岩城,,,0897-75-2500,,,,1,1,,,,,784,,,,,愛媛県越智郡上島町岩城,E3835600027201,34.249200294495,133.15263902334,matched_by_id
E3835600025201,鶴山,愛媛県越智郡上島町岩城,,,0897-75-2500,,,,1,1,,,,,480,,,,,愛媛県越智郡上島町岩城,E3835600025201,34.248016319828,133.14978515576,matched_by_id
E3835600032201,積善山入口町道（高原）,愛媛県越智郡上島町岩城,,,0897-75-2500,,,,1,1,,,,,620,,,,,愛媛県越智郡上島町岩城,E3835600032201,34.250849806342,133.1479290643,matched_by_id
E3835600036201,町道大谷厳島線上（大谷）,愛媛県越智郡上島町岩城,,,0897-75-2500,,,,1,1,,,,,654,,,,,愛媛県越智郡上島町岩城,E3835600036201,34.248903201558,133.14524149087,matched_by_id
E3835600035201,町道大谷厳島線下（大谷）,愛媛県越智郡上島町岩城,,,0897-75-2500,,,,1,1,,,,,490,,,,,愛媛県越智郡上島町岩城,E3835600035201,34.247630567713,133.1454292455,matched_by_id
E3835600037202,谷地区上農道（谷）,愛媛県越智郡上島町岩城,,,0897-75-2500,,,,1,1,,,,,654,,,,,愛媛県越智郡上島町岩城,E3835600037202,34.2473940186,133.143629763,matched_by_id
E3835600037201,西部入口県道（西部）,愛媛県越智郡上島町岩城,,,"愛媛県
0897-75-2500",,,,1,1,,,,,720,,,,,愛媛県越智郡上島町岩城,E3835600037201,34.248433171788,133.13588862803,matched_by_id
E3835600033201,先新城県道（西部）,愛媛県越智郡上島町岩城,,,"愛媛県
0897-75-2500",,,,1,1,,,,,280,,,,,愛媛県越智郡上島町岩城,E3835600033201,34.256809063572,133.13117062239,matched_by_id
E3835600038201,敷田県道（赤石）,愛媛県越智郡上島町岩城,,,"愛媛県
0897-75-2500",,,,1,1,,,,,420,,,,,愛媛県越智郡上島町岩城,E3835600038201,34.266846619856,133.13913141872,matched_by_id
E3835600031201,小漕終末処理場上農道,愛媛県越智郡上島町岩城,,,0897-75-2500,,,,1,1,,,,,268,,,,,愛媛県越智郡上島町岩城,E3835600031201,34.278500918566,133.14874982027,matched_by_id
E3835600026201,もみじ池下県道（長江）,愛媛県越智郡上島町岩城,,,"愛媛県
0897-75-2500",,,,1,1,,,,,420,,,,,愛媛県越智郡上島町岩城,E3835600026201,34.270144145195,133.15018475699,matched_by_id
E3835600039201,岩城分校上県道,愛媛県越智郡上島町岩城,,,"愛媛県
0897-75-2500",,,,1,1,,,,,1994,,,,,愛媛県越智郡上島町岩城,E3835600039201,34.265166388033,133.15842991257,matched_by_id
E3835600030201,小船越県道（船越）,愛媛県越智郡上島町岩城,,,"愛媛県
0897-75-2500",,,,1,1,,,,,324,,,,,愛媛県越智郡上島町岩城,E3835600030201,34.261123547784,133.15963886447,matched_by_id
E3835600034201,船越橋上県道三叉路,愛媛県越智郡上島町岩城,,,"愛媛県
0897-75-2500",,,,1,1,,,,,604,,,,,愛媛県越智郡上島町岩城,E3835600034201,34.2590003486,133.161304187,matched_by_id
E3835600018201,岩城北集会所広場,愛媛県越智郡上島町岩城,,,0897-75-2500,,,,1,1,,,,,4306,,,,,愛媛県越智郡上島町岩城,E3835600018201,34.269211744172,133.14678107885,matched_by_id
E3835600016201,小漕集会所,愛媛県越智郡上島町岩城,,,0897-75-2500,,1,1,,1,,,,,210,,,,,愛媛県越智郡上島町岩城,E3835600016201,34.274334104949,133.14561700013,matched_by_id
E3835600055201,田林集会所,愛媛県越智郡上島町弓削久司浦549,,,0897-77-2500,,,1,,,,,,,100,,,,,愛媛県越智郡上島町弓削久司浦549,E3835600055201,34.289889799955,133.22615187379,matched_by_id
E3838600041201,久万高原町立明神小学校,愛媛県上浮穴郡久万高原町東明神甲698-1,,,0892-21-1058,1,,,1,,1,,,1,230,,,,,愛媛県上浮穴郡久万高原町東明神甲698-1,E3838600041201,33.680798915976,132.88593600008,matched_by_id
E3838600029201,西明神高齢者創作館,愛媛県上浮穴郡久万高原町西明神315,,,0892-21-2248,1,1,,1,,1,,,1,100,,,,,愛媛県上浮穴郡久万高原町西明神315,E3838600029201,33.672701692313,132.88953693477,matched_by_id
E3838600046201,入野福祉館,愛媛県上浮穴郡久万高原町入野277,,,0892-21-1744,1,1,,1,,1,,,1,60,,,,,愛媛県上浮穴郡久万高原町入野277,E3838600046201,33.664296910778,132.89635695626,matched_by_id
E3838600006201,久万高原町立久万中学校,愛媛県上浮穴郡久万高原町久万600,,,0892-21-0013,1,1,,1,,1,,,1,520,,,,,愛媛県上浮穴郡久万高原町久万600,E3838600006201,33.660424620308,132.89792035126,matched_by_id
E3838600005201,久万高原町公民館久万分館,愛媛県上浮穴郡久万高原町久万483,,,0892-21-0236,1,1,,1,,1,,,1,50,,,,,愛媛県上浮穴郡久万高原町久万483,E3838600005201,33.660907734289,132.9010163972,matched_by_id
E3838600004202,久万町民館,愛媛県上浮穴郡久万高原町久万188,,,0892-21-0139,1,,,1,,1,,,1,180,,,,,愛媛県上浮穴郡久万高原町久万188,E3838600004202,33.65484438703,132.90205136487,matched_by_id
E3838600004201,産業文化会館,愛媛県上浮穴郡久万高原町久万188,,,0892-21-0139,1,,,1,,1,,,1,60,,,,,愛媛県上浮穴郡久万高原町久万188,E3838600004201,33.654447,132.902431,matched_by_id
E3838600003201,松山市農業協同組合久万支所,愛媛県上浮穴郡久万高原町久万1416,,,0892-21-1245,1,,,1,,1,,,1,310,,,,,愛媛県上浮穴郡久万高原町久万1416,E3838600003201,33.654880109376,132.90075317571,matched_by_id
E3838600022201,久万高原町立久万小学校,愛媛県上浮穴郡久万高原町上野尻甲846,,,0892-21-1122,1,1,,1,,1,,,1,350,,,,,愛媛県上浮穴郡久万高原町上野尻甲846,E3838600022201,33.651975364168,132.90481016823,matched_by_id
E3838600019201,愛媛県立上浮穴高等学校,愛媛県上浮穴郡久万高原町上野尻甲486,,,0892-21-1205,1,1,,1,,1,,,1,510,,,,,愛媛県上浮穴郡久万高原町上野尻甲486,E3838600019201,33.651117994858,132.90567920395,matched_by_id
E3838600018201,久万高原町公民館野尻分館,愛媛県上浮穴郡久万高原町上野尻甲190,,,0892-21-1889,1,1,,1,,1,,,1,70,,,,,愛媛県上浮穴郡久万高原町上野尻甲190,E3838600018201,33.643371490112,132.90894644405,matched_by_id
E3838600023202,久万Ｂ＆Ｇ海洋センター,愛媛県上浮穴郡久万高原町菅生2-1644-1,,,0892-21-2808,1,,,1,,1,,,,590,,,,,愛媛県上浮穴郡久万高原町菅生2-1644-1,E3838600023202,33.665974,132.906423,matched_by_id
E3838600023201,久万公園グラウンド,愛媛県上浮穴郡久万高原町菅生2-1644-1,,,0892-21-2808,1,,,1,,1,,,1,1000,,,,,愛媛県上浮穴郡久万高原町菅生2-1644-1,E3838600023201,33.664694378814,132.9068524815,matched_by_id
E3838600017201,久万高原町立畑野川小学校,愛媛県上浮穴郡久万高原町上畑野川甲521-1,,,0892-41-0203,1,1,,1,,1,,,1,200,,,,,愛媛県上浮穴郡久万高原町上畑野川甲521-1,E3838600017201,33.685733099763,132.92528546501,matched_by_id
E3838600001201,ふるさと旅行村,愛媛県上浮穴郡久万高原町下畑野川乙488,,,0892-41-0711,1,1,,1,,1,,,1,100,,,,,愛媛県上浮穴郡久万高原町下畑野川乙488,E3838600001201,33.6720721548,132.936711147,matched_by_id
E3838600036201,直瀬住民センター,愛媛県上浮穴郡久万高原町直瀬甲2881-1,,,0892-31-0453,1,1,,1,,1,,,1,70,,,,,愛媛県上浮穴郡久万高原町直瀬甲2881-1,E3838600036201,33.704856572952,132.95962992615,matched_by_id
E3838600037201,久万高原町立直瀬小学校,愛媛県上浮穴郡久万高原町直瀬甲3974-3,,,0892-31-0040,1,1,,1,,1,,,1,220,,,,,愛媛県上浮穴郡久万高原町直瀬甲3974-3,E3838600037201,33.699652903013,132.96496064976,matched_by_id
E3838600038201,下直瀬ふれあい館,愛媛県上浮穴郡久万高原町直瀬甲5104,,,0892-31-0452,1,,,1,,1,,,1,220,,,,,愛媛県上浮穴郡久万高原町直瀬甲5104,E3838600038201,33.678791988759,132.98427186698,matched_by_id
E3838600043201,ほたる交流館,愛媛県上浮穴郡久万高原町二名甲291-1,,,0892-21-1111,1,1,,1,,1,,,1,40,,,,,愛媛県上浮穴郡久万高原町二名甲291-1,E3838600043201,33.625132485543,132.8713252139,matched_by_id
E3838600042201,二名体育館,愛媛県上浮穴郡久万高原町二名甲2361,,,0892-21-0139,1,,,1,,1,,,1,190,,,,,愛媛県上浮穴郡久万高原町二名甲2361,E3838600042201,33.640551908643,132.85137093549,matched_by_id
E3838600052201,久万高原町立父二峰小学校,愛媛県上浮穴郡久万高原町露峰甲364,,,0892-21-1633,1,,,1,,1,,,1,230,,,,,愛媛県上浮穴郡久万高原町露峰甲364,E3838600052201,33.613639395281,132.88652072831,matched_by_id
E3838600051201,落合ふれあい館,愛媛県上浮穴郡久万高原町露峰甲2519-4,,,0892-21-2190,1,,,1,,1,,,1,130,,,,,愛媛県上浮穴郡久万高原町露峰甲2519-4,E3838600051201,33.6192712472,132.922275184,matched_by_id
E3838600045201,道の駅「天空の郷さんさん」,愛媛県上浮穴郡久万高原町入野1855-6,,,0892-21-3400,1,1,,1,,1,,,,1000,,,,,愛媛県上浮穴郡久万高原町入野1855-6,E3838600045201,33.661479129943,132.8982867902,matched_by_id
E3838600030201,久万高原町公民館前組分館,愛媛県上浮穴郡久万高原町前組1773,,,0892-58-2853,1,,,1,,1,,,1,40,,,,,愛媛県上浮穴郡久万高原町前組1773,E3838600030201,33.710978758027,132.99148648268,matched_by_id
E3838600031201,久万高原町公民館相の峰分館,愛媛県上浮穴郡久万高原町相の峰342,,,0892-58-2489,1,,,1,,1,,,1,20,,,,,愛媛県上浮穴郡久万高原町相の峰342,E3838600031201,33.694740464889,133.00351634408,matched_by_id
E3838600002201,久万高原町公民館笠方分館,愛媛県上浮穴郡久万高原町笠方1923-1,,,0892-58-2745,1,,,1,,1,,,1,40,,,,,愛媛県上浮穴郡久万高原町笠方1923-1,E3838600002201,33.735914190184,133.02226069267,matched_by_id
E3838600011201,久万高原町立面河小学校,愛媛県上浮穴郡久万高原町渋草2314,,,0892-58-2043,1,1,,1,,1,,,1,440,,,,,愛媛県上浮穴郡久万高原町渋草2314,E3838600011201,33.687145692952,133.03342398413,matched_by_id
E3838600012201,面河住民センター,愛媛県上浮穴郡久万高原町渋草2431,,,0892-58-2111,1,,,1,,1,,,1,230,,,,,愛媛県上浮穴郡久万高原町渋草2431,E3838600012201,33.690208089364,133.03498096071,matched_by_id
E3838600047201,久万高原町公民館城山分館,愛媛県上浮穴郡久万高原町本組956,,,0892-21-0139,1,1,,1,,1,,,1,70,,,,,愛媛県上浮穴郡久万高原町本組956,E3838600047201,33.674734442351,133.01531439914,matched_by_id
E3838600033201,久万高原町公民館中組分館,愛媛県上浮穴郡久万高原町中組2424,,,0892-58-2798,1,,,1,,1,,,1,50,,,,,愛媛県上浮穴郡久万高原町中組2424,E3838600033201,33.671838082802,133.0588278363,matched_by_id
E3838600009201,久万高原町公民館若山分館,愛媛県上浮穴郡久万高原町若山703-1,,,0892-58-2675,1,1,,1,,1,,,1,30,,,,,愛媛県上浮穴郡久万高原町若山703-1,E3838600009201,33.701649547395,133.09406881022,matched_by_id
E3838600044201,久万高原町公民館美川南分館,愛媛県上浮穴郡久万高原町日野浦3376,,,0892-21-0139,1,1,,1,,1,,,1,220,,,,,愛媛県上浮穴郡久万高原町日野浦3376,E3838600044201,33.588392063844,132.98854480525,matched_by_id
E3838600016201,久万高原町農村環境改善センター,愛媛県上浮穴郡久万高原町上黒岩2923-1,,,0892-56-0211,1,1,,1,,1,,,1,260,,,,,愛媛県上浮穴郡久万高原町上黒岩2923-1,E3838600016201,33.614612497258,132.97725477623,matched_by_id
E3838600032201,久万高原町立美川小学校,愛媛県上浮穴郡久万高原町大川4333,,,0892-56-0693,1,,,1,,1,,,1,220,,,,,愛媛県上浮穴郡久万高原町大川4333,E3838600032201,33.61767752679,132.94007627116,matched_by_id
E3838600014201,久万高原町立美川中学校,愛媛県上浮穴郡久万高原町上黒岩2890,,,0892-56-0134,1,1,,1,,1,,,1,310,,,,,愛媛県上浮穴郡久万高原町上黒岩2890,E3838600014201,33.615062740451,132.97514674379,matched_by_id
E3838600013201,道の駅「みかわ」,愛媛県上浮穴郡久万高原町上黒岩2840-1,,,0892-56-0330,1,1,,1,,1,,,1,90,,,,,愛媛県上浮穴郡久万高原町上黒岩2840-1,E3838600013201,33.61455670049,132.96978558584,matched_by_id
E3838600007201,久万高原町公民館黒藤川分館,愛媛県上浮穴郡久万高原町黒藤川1086,,,0892-56-0834,1,,,1,,1,,,1,170,,,,,愛媛県上浮穴郡久万高原町黒藤川1086,E3838600007201,33.575130391776,133.00587659932,matched_by_id
E3838600008201,久万高原町公民館二箆分館,愛媛県上浮穴郡久万高原町黒藤川6332,,,0892-21-0139,1,,,1,,1,,,1,50,,,,,愛媛県上浮穴郡久万高原町黒藤川6332,E3838600008201,33.601975036379,133.01054210167,matched_by_id
E3838600039201,久万高原町立仕七川小学校,愛媛県上浮穴郡久万高原町東川207-1,,,0892-57-0381,1,,,1,,1,,,1,230,,,,,愛媛県上浮穴郡久万高原町東川207-1,E3838600039201,33.636648990149,133.00372960861,matched_by_id
E3838600040201,東川健康増進センター,愛媛県上浮穴郡久万高原町東川4900-1,,,0892-57-0382,1,,,1,,1,,,1,220,,,,,愛媛県上浮穴郡久万高原町東川4900-1,E3838600040201,33.640170609782,133.03669722494,matched_by_id
E3838600048201,久万高原町立柳谷小学校,愛媛県上浮穴郡久万高原町柳井川3542,,,0892-54-2115,1,1,,1,,1,,,1,170,,,,,愛媛県上浮穴郡久万高原町柳井川3542,E3838600048201,33.53802306477,133.00212330654,matched_by_id
E3838600050201,ふるさと創造の館こかげ,愛媛県上浮穴郡久万高原町柳井川950,,,0892-54-2121,1,,,1,,1,,,1,300,,,,,愛媛県上浮穴郡久万高原町柳井川950,,,,unmatched
E3838600049201,柳井川集会所,愛媛県上浮穴郡久万高原町柳井川786-2,,,0892-54-2160,1,1,,1,,1,,,1,120,,,,,愛媛県上浮穴郡久万高原町柳井川786-2,E3838600049201,33.554802101633,133.00578208505,matched_by_id
E3838600026201,久万高原町公民館西谷分館,愛媛県上浮穴郡久万高原町西谷10203-1,,,0892-55-0022,1,,,1,,1,,,1,60,,,,,愛媛県上浮穴郡久万高原町西谷10203-1,E3838600026201,33.517524563559,132.96238782641,matched_by_id
E3838600028201,古味多目的集会所,愛媛県上浮穴郡久万高原町西谷3440,,,0892-21-1111,1,1,,1,,1,,,1,80,,,,,愛媛県上浮穴郡久万高原町西谷3440,E3838600028201,33.501310571532,132.95343997715,matched_by_id
E3838600035201,久万高原町公民館中津分館,愛媛県上浮穴郡久万高原町中津4726,,,0892-54-2759,1,,,1,,1,,,1,40,,,,,愛媛県上浮穴郡久万高原町中津4726,E3838600035201,33.54616023707,133.04362227974,matched_by_id
E3838600034201,旭健康増進センター,愛媛県上浮穴郡久万高原町中津4346,,,0892-54-2947,1,,,1,,1,,,1,80,,,,,愛媛県上浮穴郡久万高原町中津4346,E3838600034201,33.54193,133.047404,matched_by_id
E3840100017201,エミフルＭＡＳＡＫＩ西側立体駐車場,愛媛県伊予郡松前町筒井850番地,,,089-984-3111,1,,1,1,1,1,1,,,7200,,,,,愛媛県伊予郡松前町筒井850番地,E3840100017201,33.78986065886,132.71402920836,matched_by_id
E3840100013201,コーポ鳥井,愛媛県伊予郡松前町筒井316番地,,,089-984-7199,1,,1,1,1,1,1,,,100,,,,,愛媛県伊予郡松前町筒井316番地,E3840100013201,33.791884245182,132.70628906555,matched_by_id
E3840100018201,グランフィールド松前町舎前,愛媛県伊予郡松前町筒井961番地,,,089-984-1130,1,,1,1,1,1,1,,,123,,,,,愛媛県伊予郡松前町筒井961番地,E3840100018201,33.786192,132.710889,matched_by_id
E3840200007201,宮内小学校グラウンド,愛媛県伊予郡砥部町宮内640,,,089-962-2072,1,1,,1,,1,,,,"2816
(2.0㎡に１人)",,,,,愛媛県伊予郡砥部町宮内640,E3840200007201,33.668234540141,132.78843908593,matched_by_id
E3840200015201,篠谷神社（敷地）,愛媛県伊予郡砥部町満穂379-1,,,,1,1,,1,,1,,,,500(2.0㎡に１人),,,,,愛媛県伊予郡砥部町満穂379-1,,,,unmatched
E3840200001201,八倉集会所（敷地）,愛媛県伊予郡砥部町八倉210,,,089-957-6170,1,1,,1,,1,,,,288(2.0㎡に１人),,,,,愛媛県伊予郡砥部町八倉210,,,,unmatched
E384020008201,旧玉谷小学校グラウンド,愛媛県伊予郡砥部町玉谷670,,,,1,,,1,,1,,,,955(2.0㎡に１人),,,,,愛媛県伊予郡砥部町玉谷670,,,,unmatched
E3840200016201,玉谷神社（敷地）,愛媛県伊予郡砥部町玉谷330,,,,1,1,,1,,1,,,,500(2.0㎡に１人),,,,,愛媛県伊予郡砥部町玉谷330,,,,unmatched
E3840200004201,田ノ浦集会所（敷地）,愛媛県伊予郡砥部町田ノ浦200,,,,1,1,,1,,1,,,,390(2.0㎡に１人),,,,,愛媛県伊予郡砥部町田ノ浦200,,,,unmatched
E3840200002201,麻生小学校グラウンド,愛媛県伊予郡砥部町高尾田760,,,089-956-0516,1,1,,1,,1,,,,5432(2.0㎡に１人),,,,,愛媛県伊予郡砥部町高尾田760,E3840200002201,33.739205,132.796107,matched_by_id
E3840200005201,県立医療技術大学グラウンド,愛媛県伊予郡砥部町高尾田543,,,089-958-2111,,1,,1,,1,,,,3750(2.0㎡に１人),,,,,愛媛県伊予郡砥部町高尾田543,E3840200005201,33.753001938493,132.78711331756,matched_by_id
E3840200010201,高市町民グラウンド,愛媛県伊予郡砥部町高市1105,,,089-969-2607,1,,,1,,1,,,,946(2.0㎡に１人),,,,,愛媛県伊予郡砥部町高市1105,E3840200010201,33.631018,132.762607,matched_by_id
E3840200019201,ひろた町民グラウンド,愛媛県伊予郡砥部町総津386,,,,1,,,1,,1,,,,3764(2.0㎡に１人),,,,,愛媛県伊予郡砥部町総津386,E3840200019201,33.74756144255,132.79083437639,matched_by_id
E3840200018201,広田小学校グラウンド,愛媛県伊予郡砥部町総津375,,,089-969-2417,1,,,1,,1,,,,1809(2.0㎡に１人),,,,,愛媛県伊予郡砥部町総津375,E3840200018201,33.746299235253,132.79704409545,matched_by_id
E3840200017201,峡の館駐車場,愛媛県伊予郡砥部町総津162-1,,,089-969-2070,1,1,,1,,1,,,,1408(2.0㎡に１人),,,,,愛媛県伊予郡砥部町総津162-1,,,,unmatched
E3840200009201,砥部中学校グラウンド,愛媛県伊予郡砥部町千足68,,,089-962-2008,1,1,,1,,1,,,,7042(2.0㎡に１人),,,,,愛媛県伊予郡砥部町千足68,,,,unmatched
E3840200008201,陶街道ゆとり公園グラウンド,愛媛県伊予郡砥部町千足400,,,089-962-4600,1,1,,1,,1,,,,20000(2.0㎡に１人),,,,,愛媛県伊予郡砥部町千足400,E3840200008201,33.664655286717,132.7951687389,matched_by_id
E3840200011201,大南町民広場,愛媛県伊予郡砥部町大南720,,,,1,1,,1,,1,,,,2359(2.0㎡に１人),,,,,愛媛県伊予郡砥部町大南720,,,,unmatched
E3840200010201,砥部小学校グラウンド,愛媛県伊予郡砥部町大南1039,,,089-962-2030,1,1,,1,,1,,,,4733(2.0㎡に１人),,,,,愛媛県伊予郡砥部町大南1039,E3840200010201,33.631018,132.762607,matched_by_id
E3840200013201,大平集会所（敷地）,愛媛県伊予郡砥部町大平596-1,,,089-962-4089,1,1,,1,,1,,,,89(2.0㎡に１人),,,,,愛媛県伊予郡砥部町大平596-1,E3840200013201,33.779069593341,132.79156172636,matched_by_id
E3840200012201,松山南高校砥部分校グラウンド,愛媛県伊予郡砥部町岩谷口7,,,089-962-4040,1,1,,1,,1,,,,4348(2.0㎡に１人),,,,,愛媛県伊予郡砥部町岩谷口7,E3840200012201,33.780383429717,132.79861192424,matched_by_id
E3840200003201,麻生保育所（敷地）,愛媛県伊予郡砥部町麻生216,,,089-956-0762,1,1,,1,,1,,,,973(2.0㎡に１人),,,,,愛媛県伊予郡砥部町麻生216,,,,unmatched
E3842200005201,龍王公園,愛媛県喜多郡内子町五十崎１５２４－１,,,0893-44-4057,1,1,,1,,1,,,,2500,,,,,愛媛県喜多郡内子町五十崎１５２４－１,E3842200005201,33.5426209427,132.654249964,matched_by_id
E3842200004201,吉野川自治会館,愛媛県喜多郡内子町吉野川５９,,,0892-52-2981,1,1,,1,,1,,,1,290,,,,,愛媛県喜多郡内子町吉野川５９,E3842200004201,33.57966,132.769944,matched_by_id
E3842200085201,南山自治会館,愛媛県喜多郡内子町南山１１９９,,,0892-52-2985,1,,,1,,1,,,1,100,,,,,愛媛県喜多郡内子町南山１１９９,E3842200085201,33.546188347722,132.79041487508,matched_by_id
E3842200078201,元参川小学校,愛媛県喜多郡内子町本川３９８４,,,0892-52-3117,,1,,1,,1,,,1,1400,,,,,愛媛県喜多郡内子町本川３９８４,E3842200078201,33.5746229991,132.828293,matched_by_id
E3842200075201,天神小学校,愛媛県喜多郡内子町平岡甲４５５,,,0893-44-2219,,1,,1,,1,,,1,1700,,,,,愛媛県喜多郡内子町平岡甲４５５,E3842200075201,33.534681979009,132.6640516928,matched_by_id
E3842200073201,平岡児童公園,愛媛県喜多郡内子町平岡甲３８,,,0893-44-2111,,1,,1,,1,,,,120,,,,,愛媛県喜多郡内子町平岡甲３８,E3842200073201,33.53440604603,132.65967872717,matched_by_id
E3842200070201,五十崎自治センター,愛媛県喜多郡内子町平岡甲１８５－１,,,0893-43-1221,,1,,1,,1,,,1,1300,,,,,愛媛県喜多郡内子町平岡甲１８５－１,E3842200070201,33.53126353557,132.65833126465,matched_by_id
E3842200069201,五十崎中学校,愛媛県喜多郡内子町平岡甲１５６９,,,0893-44-2329,,1,,1,,1,,,1,2200,,,,,愛媛県喜多郡内子町平岡甲１５６９,E3842200069201,33.534346,132.665616,matched_by_id
E3842200068201,町民広場,愛媛県喜多郡内子町平岡甲１４１－１,,,0893-44-2111,,1,,1,,1,,,,480,,,,,愛媛県喜多郡内子町平岡甲１４１－１,E3842200068201,33.532976633822,132.65933115019,matched_by_id
E3842200066201,平野自治会館,愛媛県喜多郡内子町日野川５４４,,,0892-52-2984,,,,1,,1,,,1,130,,,,,愛媛県喜多郡内子町日野川５４４,E3842200066201,33.590262497792,132.81175042959,matched_by_id
E3842200051201,参川地区体育館,愛媛県喜多郡内子町中川３３５６,,,0892-52-2169,,1,,1,,1,,,1,450,,,,,愛媛県喜多郡内子町中川３３５６,E3842200051201,33.57479871947,132.83542577538,matched_by_id
E3842200023201,内子高等学校小田分校,愛媛県喜多郡内子町寺村９７８,,,0892-52-2042,1,1,,1,,1,,,1,2100,,,,,愛媛県喜多郡内子町寺村９７８,E3842200023201,33.5670109991,132.791936,matched_by_id
E3842200022201,小田小学校・小田中学校,愛媛県喜多郡内子町寺村５５７,,,0892-52-2318,,1,,1,,1,,,1,550,,,,,愛媛県喜多郡内子町寺村５５７,E3842200022201,33.569264,132.795488,matched_by_id
E3842200020201,花の木公園,愛媛県喜多郡内子町寺村１４４３,,,0892-52-2983,,,,1,,1,,,,280,,,,,愛媛県喜多郡内子町寺村１４４３,E3842200020201,33.5711208698,132.78824542,matched_by_id
E3842200083201,立石自治会館,愛媛県喜多郡内子町立石９３６,,,0892-52-2977,1,,,1,,1,,,1,790,,,,,愛媛県喜多郡内子町立石９３６,E3842200083201,33.56214,132.768717,matched_by_id
E3842200080201,立川小学校,愛媛県喜多郡内子町立山１２７２,,,0893-45-0301,,,,1,,1,,,1,1100,,,,,愛媛県喜多郡内子町立山１２７２,E3842200080201,33.59680882687,132.67485582098,matched_by_id
E3842200048201,元御禊小学校,愛媛県喜多郡内子町只海甲４５６,,,0893-43-1221,1,,,1,,1,,,1,650,,,,,愛媛県喜多郡内子町只海甲４５６,E3842200048201,33.525540556675,132.69884915132,matched_by_id
E3842200035201,うちこ福祉館駐車場,愛媛県喜多郡内子町城廻301－１,,,0893-44-3410,1,1,,1,,1,,,,230,,,,,愛媛県喜多郡内子町城廻301－１,E3842200035201,33.557137072803,132.65608443335,matched_by_id
E3842200034201,五城保育所,愛媛県喜多郡内子町城廻２７５－11,,,0893-44-4700,1,1,,1,,1,,,,300,,,,,愛媛県喜多郡内子町城廻２７５－11,E3842200034201,33.55829470735,132.65585671637,matched_by_id
E3842200017201,長田体育広場,愛媛県喜多郡内子町五百木４０７１－２,,,0893-45-3234,1,1,,1,,1,,,,870,,,,,愛媛県喜多郡内子町五百木４０７１－２,E3842200017201,33.584137,132.690833,matched_by_id
E3842200016201,和田自治会館,愛媛県喜多郡内子町五百木２２６３－１,,,0893-47-0854,1,,,1,,1,,,1,280,,,,,愛媛県喜多郡内子町五百木２２６３－１,E3842200016201,33.56850608277,132.69836212108,matched_by_id
E3842200014201,内子東自治センター,愛媛県喜多郡内子町五百木１８７,,,0893-43-0136,,1,,1,,1,,,1,2000,,,,,愛媛県喜多郡内子町五百木１８７,E3842200014201,33.558956816365,132.65821077651,matched_by_id
E3842200038201,立川自治会館,愛媛県喜多郡内子町川中１９１３,,,0893-45-0851,,,,1,,1,,,1,270,,,,,愛媛県喜多郡内子町川中１９１３,E3842200038201,33.607073423538,132.68081211241,matched_by_id
E3842200003201,河内自治会館,愛媛県喜多郡内子町河内７７８－１,,,0893-43-0170,,,,1,,1,,,1,840,,,,,愛媛県喜多郡内子町河内７７８－１,E3842200003201,33.598774564514,132.63886957805,matched_by_id
E3842200002201,論田自治会館,愛媛県喜多郡内子町河内２５４５－１,,,0893-43-0347,1,,,1,,1,,,1,510,,,,,愛媛県喜多郡内子町河内２５４５－１,E3842200002201,33.578208007772,132.64825548213,matched_by_id
E3842200031201,上川自治会館,愛媛県喜多郡内子町上川４０７０,,,0892-52-2987,,,,1,,1,,,1,540,,,,,愛媛県喜多郡内子町上川４０７０,E3842200031201,33.577072835061,132.86535363578,matched_by_id
E3842200029201,小田支所前広場,愛媛県喜多郡内子町小田８２,,,0892-52-3111,1,1,,1,,1,,,,480,,,,,愛媛県喜多郡内子町小田８２,E3842200029201,33.567624978077,132.80312062565,matched_by_id
E3842200028201,城の台公園,愛媛県喜多郡内子町小田４２０,,,0892-52-2020,1,,,1,,1,,,,4500,,,,,愛媛県喜多郡内子町小田４２０,E3842200028201,33.5681640882,132.806896983,matched_by_id
E3842200045201,村前自治会館,愛媛県喜多郡内子町大瀬南５９０－１,,,0893-47-0853,1,,,1,,1,,,1,530,,,,,愛媛県喜多郡内子町大瀬南５９０－１,E3842200045201,33.55435142654,132.71960265314,matched_by_id
E3842200044201,池田コミュニティ広場,愛媛県喜多郡内子町大瀬南４６３６,,,0893-47-0852,1,,,1,,1,,,,400,,,,,愛媛県喜多郡内子町大瀬南４６３６,E3842200044201,33.54210828711,132.74299649914,matched_by_id
E3842200042201,川登自治会館,愛媛県喜多郡内子町大瀬東３５８１,,,0893-47-0858,1,,,1,,1,,,1,320,,,,,愛媛県喜多郡内子町大瀬東３５８１,E3842200042201,33.584285591318,132.7488049559,matched_by_id
E3842200041201,大瀬中学校,愛媛県喜多郡内子町大瀬中央５８８０,,,0893-47-1141,1,,,1,,1,,,1,3300,,,,,愛媛県喜多郡内子町大瀬中央５８８０,E3842200041201,33.572759185405,132.71341759694,matched_by_id
E3842200039201,大瀬小学校,愛媛県喜多郡内子町大瀬中央４５６７ ,,,0893-47-0002,1,,,1,,1,,,1,1400,,,,,愛媛県喜多郡内子町大瀬中央４５６７ ,E3842200039201,33.574309804028,132.71787223407,matched_by_id
E3842200047201,元程内小学校,愛媛県喜多郡内子町大瀬北９９０,,,0893-44-2111,1,,,1,,1,,,1,630,,,,,愛媛県喜多郡内子町大瀬北９９０,E3842200047201,33.610470087786,132.74299391821,matched_by_id
E3842200064201,内の子広場,愛媛県喜多郡内子町内子３４５９－１,,,0893-44-3073,1,1,,1,,1,,,,1500,,,,,愛媛県喜多郡内子町内子３４５９－１,E3842200064201,33.551768334174,132.64894642656,matched_by_id
E3842200062201,内子高等学校,愛媛県喜多郡内子町内子３３９７,,,0893-44-2105,1,1,,1,,1,,,1,2600,,,,,愛媛県喜多郡内子町内子３３９７,E3842200062201,33.552482841317,132.65047161158,matched_by_id
E3842200059201,内子小学校,愛媛県喜多郡内子町内子３１４７,,,0893-44-2849,1,1,,1,,1,,,1,1400,,,,,愛媛県喜多郡内子町内子３１４７,E3842200059201,33.553657436425,132.6500753769,matched_by_id
E3842200058201,内子中学校,愛媛県喜多郡内子町内子２７８９ ,,,0893-44-3155,1,,,1,,1,,,1,1900,,,,,愛媛県喜多郡内子町内子２７８９ ,E3842200058201,33.558166109013,132.65254423633,matched_by_id
E3842200056201,内子幼稚園,愛媛県喜多郡内子町内子２４０５,,,0893-44-2400,1,1,,1,,1,,,,300,,,,,愛媛県喜多郡内子町内子２４０５,E3842200056201,33.554498707867,132.65593984615,matched_by_id
E3842200054201,内子運動公園 ,愛媛県喜多郡内子町内子１７９,,,0893-43-0353,1,1,,1,,1,,,,7500,,,,,愛媛県喜多郡内子町内子１７９,E3842200054201,33.548589305044,132.64272362615,matched_by_id
E3842200001201,臼杵自治会館,愛媛県喜多郡内子町臼杵３６８５,,,089-969-2052,1,,,1,,1,,,1,420,,,,,愛媛県喜多郡内子町臼杵３６８５,E3842200001201,33.62289,132.823908,matched_by_id
E3842200032201,元田渡小学校,愛媛県喜多郡内子町上田渡２９４,,,0892-52-3117,1,,,1,,1,,,1,1000,,,,,愛媛県喜多郡内子町上田渡２９４,E3842200032201,33.613416174334,132.78818611662,matched_by_id
E3842200037201,石畳小学校,愛媛県喜多郡内子町石畳４６３１,,,0893-43-1679,1,,,1,,1,,,1,750,,,,,愛媛県喜多郡内子町石畳４６３１,E3842200037201,33.621725666164,132.6362240385,matched_by_id
E3842200013201,五十崎こども園,愛媛県喜多郡内子町五十崎甲９４５－１,,,0893-44-2083,,1,,,,1,,,,400,,,,,愛媛県喜多郡内子町五十崎甲９４５－１,E3842200013201,33.534286406277,132.65472114205,matched_by_id
E3842200009201,五十崎小学校,愛媛県喜多郡内子町五十崎甲１４８５,,,0893-44-2024,1,1,,1,,1,,,1,1800,,,,,愛媛県喜多郡内子町五十崎甲１４８５,E3842200009201,33.540874049694,132.6561521423,matched_by_id
E3842200006201,妙見公園,愛媛県喜多郡内子町五十崎乙３５７－１,,,0893-44-2111,1,1,,1,,1,,,,90,,,,,愛媛県喜多郡内子町五十崎乙３５７－１,E3842200006201,33.5320298175,132.654962235,matched_by_id
E3844200042201,伊方小学校グラウンド,愛媛県西宇和郡伊方町湊浦993－1,,,0894-38-0704,,1,,1,,1,,,,3220,,,,,愛媛県西宇和郡伊方町湊浦993－1,E3844200042201,33.489687,132.3548608,matched_by_id
E3844200041202,伊方小学校,愛媛県西宇和郡伊方町湊浦993-1,,,0894-38-0704,,1,,1,,,,,1,792,,,,,愛媛県西宇和郡伊方町湊浦993-1,E3844200041202,33.489845251603,132.35444813509,matched_by_id
E3844200041201,伊方小学校体育館,愛媛県西宇和郡伊方町湊浦993-1,,,0894-38-0704,,1,,1,,,,,1,387,,,,,愛媛県西宇和郡伊方町湊浦993-1,E3844200041201,33.490017494151,132.3549282505,matched_by_id
E3844200039201,伊方町中央保健ｾﾝﾀｰ,愛媛県西宇和郡伊方町湊浦866,,,0894-38-1811,,1,,1,,,,,1,134,,,,,愛媛県西宇和郡伊方町湊浦866,E3844200039201,33.489605870663,132.35576510106,matched_by_id
E3844200037205,伊方中学校グラウンド,愛媛県西宇和郡伊方町湊浦803－1,,,0894-38-0711,,1,,1,,1,,,,4522,,,,,愛媛県西宇和郡伊方町湊浦803－1,E3844200037205,33.491499557287,132.35663088328,matched_by_id
E3844200037204,伊方中学校,愛媛県西宇和郡伊方町湊浦803-1,,,0894-38-0711,,1,,1,,,,,1,1847,,,,,愛媛県西宇和郡伊方町湊浦803-1,E3844200037204,33.491978247359,132.35784324176,matched_by_id
E3844200037203,伊方中学校体育館,愛媛県西宇和郡伊方町湊浦803-1,,,0894-38-0711,,1,,1,,,,,1,425,,,,,愛媛県西宇和郡伊方町湊浦803-1,E3844200037203,33.491736665785,132.35733362204,matched_by_id
E3844200037202,伊方武道館,愛媛県西宇和郡伊方町湊浦803－1,,,0894-38-2661,,1,,1,,,,,1,277,,,,,愛媛県西宇和郡伊方町湊浦803－1,E3844200037202,33.491459293516,132.35736849076,matched_by_id
E3844200037201,伊方ｽﾎﾟｰﾂｾﾝﾀｰ,愛媛県西宇和郡伊方町湊浦803－1,,,0894-38-2661,,1,,1,,,,,1,1029,,,,,愛媛県西宇和郡伊方町湊浦803－1,E3844200037201,33.492081143011,132.35693933732,matched_by_id
E3844200036201,"伊方町民会館
(津波は３階以上を指定)",愛媛県西宇和郡伊方町湊浦1995－1,,,0894-38-1020,,1,,1,1,,,,1,866,,,,,愛媛県西宇和郡伊方町湊浦1995－1,E3844200036201,33.488379711149,132.35453929589,matched_by_id
E3844200035201,"生涯学習センター
(津波は３階以上を指定)",愛媛県西宇和郡伊方町湊浦1992,,,0894-38-2668,,1,,1,1,,,,1,873,,,,,愛媛県西宇和郡伊方町湊浦1992,E3844200035201,33.488214176227,132.35419060872,matched_by_id
E3844200034202,豊之浦小学校跡グラウンド,愛媛県西宇和郡伊方町豊之浦860,,,0894-38-2655,,1,,1,1,1,,,,717,,,,,愛媛県西宇和郡伊方町豊之浦860,E3844200034202,33.469653126182,132.32018998178,matched_by_id
E3844200034201,豊之浦地区体育館,愛媛県西宇和郡伊方町豊之浦860,,,0894-38-2655,,1,,1,1,,,,1,272,,,,,愛媛県西宇和郡伊方町豊之浦860,E3844200034201,33.46953677923,132.32078006774,matched_by_id
E3844200033202,三崎公民館二名津分館,愛媛県西宇和郡伊方町二名津442,,,0894-54-1111,,,,,1,,,,1,340,,,,,愛媛県西宇和郡伊方町二名津442,E3844200033202,33.401298515701,132.13903205713,matched_by_id
E3844200033201,二名津地区体育館,愛媛県西宇和郡伊方町二名津442,,,0894-54-1111,,,,1,1,,,,1,266,,,,,愛媛県西宇和郡伊方町二名津442,E3844200033201,33.400805889645,132.13934319338,matched_by_id
E3844200032202,二名津小学校跡グラウンド,愛媛県西宇和郡伊方町二名津365,,,0894-38-2655,,,,1,1,1,,,,1922,,,,,愛媛県西宇和郡伊方町二名津365,E3844200032202,33.401824372112,132.14149027865,matched_by_id
E3844200032201,旧二名津小学校,愛媛県西宇和郡伊方町二名津365,,,0894-54-1111,,,,1,1,,,,1,365,,,,,愛媛県西宇和郡伊方町二名津365,E3844200032201,33.402030377297,132.14181482594,matched_by_id
E3844200031202,二見小学校跡グラウンド,愛媛県西宇和郡伊方町二見甲1239,,,0894-38-2655,,1,,1,,1,,,,1412,,,,,愛媛県西宇和郡伊方町二見甲1239,E3844200031202,33.464496380859,132.28712749469,matched_by_id
E3844200031201,二見地区体育館,愛媛県西宇和郡伊方町二見甲1239,,,0894-39-0212,,1,,1,,,,,1,280,,,,,愛媛県西宇和郡伊方町二見甲1239,E3844200031201,33.464664198671,132.28728038061,matched_by_id
E3844200030203,水ヶ浦小学校グラウンド,愛媛県西宇和郡伊方町中之浜10－1,,,0894-38-0808,,,,1,1,1,,,,1171,,,,,愛媛県西宇和郡伊方町中之浜10－1,E3844200030203,33.47773644496,132.36799353248,matched_by_id
E3844200030202,水ヶ浦小学校,愛媛県西宇和郡伊方町中之浜10-1,,,0894-38-0808,,,,1,1,,,,1,858,,,,,愛媛県西宇和郡伊方町中之浜10-1,E3844200030202,33.477481400236,132.36798548587,matched_by_id
E3844200030201,水ヶ浦小学校体育館,愛媛県西宇和郡伊方町中之浜10-1,,,0894-38-0808,,,,1,1,,,,1,313,,,,,愛媛県西宇和郡伊方町中之浜10-1,E3844200030201,33.477834883076,132.36823761352,matched_by_id
E3844200029201,むかいパーク,愛媛県西宇和郡伊方町大久3170－219,,,0894-38-2651,,1,,1,1,1,,,,312,,,,,愛媛県西宇和郡伊方町大久3170－219,E3844200029201,33.425011025652,132.20313424355,matched_by_id
E3844200028201,四ツ浜地区体育館,愛媛県西宇和郡伊方町大久2516－1,,,0894-57-2111,,,,1,,,,,1,376,,,,,愛媛県西宇和郡伊方町大久2516－1,E3844200028201,33.415238445344,132.19890845593,matched_by_id
E3844200027201,瀬戸アグリトピア,愛媛県西宇和郡伊方町大久2465-1,,,0894-53-0002,,1,,1,1,,,,1,308,,,,,愛媛県西宇和郡伊方町大久2465-1,E3844200027201,33.421549221321,132.19774343685,matched_by_id
E3844200026202,大久小学校グラウンド,愛媛県西宇和郡伊方町大久1638,,,0894-53-0008,,,,1,,1,,,,1934,,,,,愛媛県西宇和郡伊方町大久1638,E3844200026202,33.414972022535,132.19762099561,matched_by_id
E3844200026201,大久小学校,愛媛県西宇和郡伊方町大久1638,,,0894-53-0008,,,,1,,,,,1,940,,,,,愛媛県西宇和郡伊方町大久1638,E3844200026201,33.415148891551,132.19822181043,matched_by_id
E3844200025201,足成小学校跡グラウンド,愛媛県西宇和郡伊方町足成655,,,0894-38-2655,,,,1,1,1,,,,825,,,,,愛媛県西宇和郡伊方町足成655,E3844200025201,33.47033797331,132.2670419753,matched_by_id
E3844200023201,伊方町地域振興ｾﾝﾀｰ,愛媛県西宇和郡伊方町川永田甲1534－1,,,0894-38-2288,,1,,1,1,,,,1,332,,,,,愛媛県西宇和郡伊方町川永田甲1534－1,E3844200023201,33.481543947257,132.32552855743,matched_by_id
E3844200022201,伊方町民グラウンド,愛媛県西宇和郡伊方町川永田乙43,,,0894-38-2661,,1,,1,1,1,,,,6600,,,,,愛媛県西宇和郡伊方町川永田乙43,E3844200022201,33.48056831509,132.32622406381,matched_by_id
E3844200021201,小島小学校跡グラウンド,愛媛県西宇和郡伊方町小島甲1398－3,,,0894-38-2655,,,,1,1,1,,,,780,,,,,愛媛県西宇和郡伊方町小島甲1398－3,E3844200021201,33.445918333309,132.19837135731,matched_by_id
E3844200020202,三崎中学校グラウンド,愛媛県西宇和郡伊方町三崎908,,,0894-54-0033,,,,1,,1,,,,6126,,,,,愛媛県西宇和郡伊方町三崎908,E3844200020202,33.388632635184,132.12431732574,matched_by_id
E3844200020201,三崎中学校,愛媛県西宇和郡伊方町三崎908,,,0894-54-0033,,,,1,,,,,1,1153,,,,,愛媛県西宇和郡伊方町三崎908,E3844200020201,33.389018869803,132.12382696155,matched_by_id
E3844200019203,三崎小学校グラウンド,愛媛県西宇和郡伊方町三崎907,,,0894-54-0030,,,,1,,1,,,,1066,,,,,愛媛県西宇和郡伊方町三崎907,E3844200019203,33.3884176401,132.12338928141,matched_by_id
E3844200019202,三崎小中学校体育館,愛媛県西宇和郡伊方町三崎907,,,0894-54-0030,,,,1,,,,,1,454,,,,,愛媛県西宇和郡伊方町三崎907,E3844200019202,33.388507221449,132.1230298654,matched_by_id
E3844200019201,三崎小学校,愛媛県西宇和郡伊方町三崎907,,,0894-54-0030,,,,1,,,,,1,892,,,,,愛媛県西宇和郡伊方町三崎907,E3844200019201,33.388789402097,132.12331417956,matched_by_id
E3844200018201,三崎総合体育館,愛媛県西宇和郡伊方町三崎699,,,0894-54-1111,,,,1,,,,,1,939,,,,,愛媛県西宇和郡伊方町三崎699,E3844200018201,33.387660564665,132.12430144486,matched_by_id
E3844200017203,三崎高等学校グラウンド,愛媛県西宇和郡伊方町三崎511,,,0894-54-0550,,1,,1,1,1,,,,5288,,,,,愛媛県西宇和郡伊方町三崎511,E3844200017203,33.385676591572,132.12947007559,matched_by_id
E3844200017202,三崎高等学校,愛媛県西宇和郡伊方町三崎511,,,0894-54-0550,,1,,1,1,,,,1,451,,,,,愛媛県西宇和郡伊方町三崎511,E3844200017202,33.384939758238,132.12933328293,matched_by_id
E3844200017201,三崎高等学校体育館,愛媛県西宇和郡伊方町三崎511,,,0894-54-0550,,1,,1,1,,,,1,333,,,,,愛媛県西宇和郡伊方町三崎511,E3844200017201,33.385038301659,132.12886121415,matched_by_id
E3844200015201,三崎保健福祉ｾﾝﾀｰ,愛媛県西宇和郡伊方町三崎1700－16,,,0894-54-1771,,,,1,,,,,1,804,,,,,愛媛県西宇和郡伊方町三崎1700－16,E3844200015201,33.391313850021,132.11652667605,matched_by_id
E3844200014201,瀬戸球場,愛媛県西宇和郡伊方町三机乙3340－1,,,0894-57-2111,,1,,1,1,1,,,,4300,,,,,愛媛県西宇和郡伊方町三机乙3340－1,E3844200014201,33.44981033548,132.25329441751,matched_by_id
E3844200013203,瀬戸中学校グラウンド,愛媛県西宇和郡伊方町三机乙3305－1,,,0894-52-0029,,1,,1,1,1,,,,5271,,,,,愛媛県西宇和郡伊方町三机乙3305－1,E3844200013203,33.451526827687,132.25201768602,matched_by_id
E3844200013202,瀬戸中学校,愛媛県西宇和郡伊方町三机乙3305－1,,,0894-52-0029,,1,,1,1,,,,1,1030,,,,,愛媛県西宇和郡伊方町三机乙3305－1,E3844200013202,33.450765935725,132.25217325415,matched_by_id
E3844200013201,瀬戸総合体育館,愛媛県西宇和郡伊方町三机乙3305－1,,,0894-57-2111,,1,,1,1,,,,1,1009,,,,,愛媛県西宇和郡伊方町三机乙3305－1,E3844200013201,33.450392201051,132.2524575683,matched_by_id
E3844200012202,三机小学校グラウンド,愛媛県西宇和郡伊方町三机乙2515,,,0894-52-0025,,,,1,1,1,,,,3144,,,,,愛媛県西宇和郡伊方町三机乙2515,E3844200012202,33.454164994363,132.24667228709,matched_by_id
E3844200012201,三机小学校,愛媛県西宇和郡伊方町三机乙2515,,,0894-52-0025,,,,1,1,,,,1,976,,,,,愛媛県西宇和郡伊方町三机乙2515,E3844200012201,33.453712949578,132.2469136859,matched_by_id
E3844200011201,三机地区体育館,愛媛県西宇和郡伊方町三机乙1895－1,,,0894-57-2111,,,,1,1,,,,1,362,,,,,愛媛県西宇和郡伊方町三机乙1895－1,E3844200011201,33.453416800445,132.24675953565,matched_by_id
E3844200009201,瀬戸町民センター,愛媛県西宇和郡伊方町三机乙1084－1,,,0894-57-2111,,,,1,,,,,1,345,,,,,愛媛県西宇和郡伊方町三机乙1084－1,E3844200009201,33.45695889827,132.24413810681,matched_by_id
E3844200008202,佐田岬小学校跡グラウンド,愛媛県西宇和郡伊方町串473,,,0894-38-2655,,,,1,1,1,,,,1000,,,,,愛媛県西宇和郡伊方町串473,E3844200008202,33.3730338993,132.05355275299,matched_by_id
E3844200008201,旧佐田岬小学校,愛媛県西宇和郡伊方町串473,,,0894-54-1111,,,,1,1,,,,1,355,,,,,愛媛県西宇和郡伊方町串473,E3844200008201,33.372899503329,132.05338377383,matched_by_id
E3844200007202,串地区体育館グラウンド,愛媛県西宇和郡伊方町串110,,,0894-38-2655,,,,1,,1,,,,1913,,,,,愛媛県西宇和郡伊方町串110,E3844200007202,33.365973975132,132.0462844206,matched_by_id
E3844200007201,串地区体育館,愛媛県西宇和郡伊方町串110,,,0894-54-1111,,,,1,,,,,1,414,,,,,愛媛県西宇和郡伊方町串110,E3844200007201,33.365718601885,132.04659019243,matched_by_id
E3844200005201,町見体育館,愛媛県西宇和郡伊方町九町1－1807－1,,,0894-39-0212,,1,,1,,,,,1,643,,,,,愛媛県西宇和郡伊方町九町1－1807－1,E3844200005201,33.476771127197,132.31139191078,matched_by_id
E3844200004201,町見公民館,愛媛県西宇和郡伊方町九町1－1800－6,,,0894-39-0212,,,,1,,,,,1,157,,,,,愛媛県西宇和郡伊方町九町1－1800－6,E3844200004201,33.476224698437,132.30992449103,matched_by_id
E3844200003203,九町小学校グラウンド,愛媛県西宇和郡伊方町九町1－1712－1,,,0894-39-0742,,,,1,,1,,,,3407,,,,,愛媛県西宇和郡伊方町九町1－1712－1,E3844200003203,33.474460806947,132.307492015,matched_by_id
E3844200003202,九町小学校,愛媛県西宇和郡伊方町九町1-1712-1,,,0894-39-0742,,,,1,,,,,1,916,,,,,愛媛県西宇和郡伊方町九町1-1712-1,E3844200003202,33.474870234757,132.30715137446,matched_by_id
E3844200003201,九町小学校体育館,愛媛県西宇和郡伊方町九町1-1712-1,,,0894-39-0742,,,,1,,,,,1,280,,,,,愛媛県西宇和郡伊方町九町1-1712-1,E3844200003201,33.474530163706,132.3070440861,matched_by_id
E3844200002201,塩成小学校跡グラウンド,愛媛県西宇和郡伊方町塩成278,,,0894-38-2655,,,,1,,1,,,,675,,,,,愛媛県西宇和郡伊方町塩成278,E3844200002201,33.444102317281,132.2566742759,matched_by_id
E3844200001201,有寿来体育館,愛媛県西宇和郡伊方町伊方越140-1,,,0894-38-2655,,1,,1,1,,,,1,210,,,,,愛媛県西宇和郡伊方町伊方越140-1,E3844200001201,33.501324236031,132.33600912657,matched_by_id
E3848400023201,蕨生集会所グラウンド,愛媛県北宇和郡松野町大字蕨生2267-2外,,,0895-42-1111,,,,,,1,,,,1300,,,,,愛媛県北宇和郡松野町大字蕨生2267-2外,E3848400023201,33.229893,132.747306,matched_by_id
E3848400024201,吉野生多目的広場,愛媛県北宇和郡松野町大字吉野2695-1外,,,0895-42-1111,,,,1,,1,,,,400,,,,,愛媛県北宇和郡松野町大字吉野2695-1外,E3848400024201,33.223682,132.729429,matched_by_id
E3848400005202,吉野生公民館前広場,愛媛県北宇和郡松野町大字吉野2668,,,0895-42-1111,,,,1,,1,,,,1100,,,,,愛媛県北宇和郡松野町大字吉野2668,E3848400005202,33.223447148766,132.72932160602,matched_by_id
E3848400005201,吉野生交流促進センター,愛媛県北宇和郡松野町大字吉野2668,,,0895-42-1111,,1,,,,,,,1,500,,,,,愛媛県北宇和郡松野町大字吉野2668,E3848400005201,33.223727,132.729041,matched_by_id
E3848400004201,松野東小学校グラウンド,愛媛県北宇和郡松野町大字吉野2160外,,,0895-42-1111,,,,1,,1,,,,5000,,,,,愛媛県北宇和郡松野町大字吉野2160外,E3848400004201,33.225776960257,132.73625718243,matched_by_id
E3848400022201,目黒多目的広場,愛媛県北宇和郡松野町大字目黒637-2外,,,0895-42-1111,,,,1,,1,,,,800,,,,,愛媛県北宇和郡松野町大字目黒637-2外,E3848400022201,33.161332260095,132.69612224966,matched_by_id
E3848400021202,目黒基幹集落センター前広場,愛媛県北宇和郡松野町大字目黒637-1,,,0895-42-1111,,,,1,,1,,,,500,,,,,愛媛県北宇和郡松野町大字目黒637-1,E3848400021202,33.161648294961,132.69652547519,matched_by_id
E3848400021201,目黒基幹集落センター,愛媛県北宇和郡松野町大字目黒637-1,,,0895-42-1111,1,1,,,,,,,1,250,,,,,愛媛県北宇和郡松野町大字目黒637-1,E3848400021201,33.161495423221,132.696376165,matched_by_id
E3848400020201,旧松野南小学校グラウンド,愛媛県北宇和郡松野町大字目黒1460,,,0895-42-1111,,,,1,,1,,,,2100,,,,,愛媛県北宇和郡松野町大字目黒1460,E3848400020201,33.159895179101,132.69739119092,matched_by_id
E3848400012202,松野町役場前広場,愛媛県北宇和郡松野町大字松丸343,,,0895-42-1111,,,,1,,1,,,,3000,,,,,愛媛県北宇和郡松野町大字松丸343,E3848400012202,33.227113787529,132.710705492,matched_by_id
E3848400011201,松野町コミュニティセンター,愛媛県北宇和郡松野町大字松丸342外,,,0895-42-1111,1,1,,,,,,,1,700,,,,,愛媛県北宇和郡松野町大字松丸342外,E3848400011201,33.227377560902,132.71036270449,matched_by_id
E3848400009201,虹の森まつの保育園,愛媛県北宇和郡松野町大字松丸166-1,,,0895-42-1111,1,1,,,,,,,1,300,,,,,愛媛県北宇和郡松野町大字松丸166-1,E3848400009201,33.2266097,132.706805,matched_by_id
E3848400010201,スポーツ交流センター,愛媛県北宇和郡松野町大字松丸166-6,,,0895-42-1111,1,1,,,,,,,1,900,,,,,愛媛県北宇和郡松野町大字松丸166-6,E3848400010201,33.226706686378,132.70548404983,matched_by_id
E3848400008201,松野西小学校グラウンド,愛媛県北宇和郡松野町大字松丸165外,,,0895-42-1111,,,,1,,1,,,,5300,,,,,愛媛県北宇和郡松野町大字松丸165外,E3848400008201,33.226235728107,132.70655501503,matched_by_id
E3848400006201,松丸スポーツ広場,愛媛県北宇和郡松野町大字松丸1581,,,0895-42-1111,,,,1,,1,,,,2900,,,,,愛媛県北宇和郡松野町大字松丸1581,E3848400006201,33.225288561868,132.70674931342,matched_by_id
E3848400001202,松野中学校グラウンド,愛媛県北宇和郡松野町大字延野々1863-2,,,0895-42-1111,,,,1,,1,,,,8400,,,,,愛媛県北宇和郡松野町大字延野々1863-2,E3848400001202,33.234057367679,132.7125418875,matched_by_id
E3848400001201,松野中学校体育館,愛媛県北宇和郡松野町大字延野々1863-2,,,0895-42-1111,1,1,,,,,,,1,400,,,,,愛媛県北宇和郡松野町大字延野々1863-2,E3848400001201,33.233540238722,132.71336130185,matched_by_id
E3848400019201,松野町隣保館グラウンド,愛媛県北宇和郡松野町大字豊岡807外,,,0895-42-1111,,,,1,,1,,,,900,,,,,愛媛県北宇和郡松野町大字豊岡807外,E3848400019201,33.239081915919,132.70001160438,matched_by_id
E3848400018201,松野町多目的広場（森の国ドーム）,愛媛県北宇和郡松野町大字豊岡4610外,,,0895-42-1111,1,1,,,,,,,1,750,,,,,愛媛県北宇和郡松野町大字豊岡4610外,E3848400018201,33.2260335762,132.70471157363,matched_by_id
E3848400015201,豊岡前集会所グラウンド,愛媛県北宇和郡松野町大字豊岡3616外,,,0895-42-1111,,,,1,,1,,,,400,,,,,愛媛県北宇和郡松野町大字豊岡3616外,E3848400015201,33.226380502751,132.69709157327,matched_by_id
E3848400014201,富岡公民館グラウンド,愛媛県北宇和郡松野町大字富岡525,,,0895-42-1111,,,,1,,1,,,,600,,,,,愛媛県北宇和郡松野町大字富岡525,E3848400014201,33.214359441205,132.71130012207,matched_by_id
E3848400013201,上家地集会所前広場,愛媛県北宇和郡松野町大字上家地165,,,0895-42-1111,,,,1,,1,,,,800,,,,,愛媛県北宇和郡松野町大字上家地165,E3848400013201,33.186516744783,132.73424676066,matched_by_id
E3848400003201,奥野川住民センター前広場,愛媛県北宇和郡松野町大字奥野川465外,,,0895-42-1111,,,,,,1,,,,400,,,,,愛媛県北宇和郡松野町大字奥野川465外,E3848400003201,33.237068392537,132.75819817026,matched_by_id
E3848400012201,松野町防災拠点施設,愛媛県松野町大字松丸３４３,,,0895-42-1110,1,1,,1,,1,,,,50,,,,,愛媛県松野町大字松丸３４３,E3848400012201,33.226924505274,132.71127820371,matched_by_id
E3848800005202,三島小学校グラウンド,愛媛県北宇和郡鬼北町大字延川41,,,0895-48-0011,1,1,,1,,1,,,,7445,,,,,愛媛県北宇和郡鬼北町大字延川41,E3848800005202,33.305083400543,132.74450043714,matched_by_id
E3848800005201,三島小学校体育館,愛媛県北宇和郡鬼北町大字延川41,,,0895-48-0011,1,1,,1,,1,,,1,658,,,,,愛媛県北宇和郡鬼北町大字延川41,E3848800005201,33.305585535279,132.74440924203,matched_by_id
E3848800029202,近永小学校グラウンド,愛媛県北宇和郡鬼北町大字奈良3774,,,0895-45-1135,1,1,,1,,1,,,,15700,,,,,愛媛県北宇和郡鬼北町大字奈良3774,E3848800029202,33.250454062235,132.67225415492,matched_by_id
E3848800029201,近永小学校体育館,愛媛県北宇和郡鬼北町大字奈良3774,,,0895-45-1135,1,1,,1,,1,,,1,703,,,,,愛媛県北宇和郡鬼北町大字奈良3774,E3848800029201,33.251292971104,132.6721575954,matched_by_id
E3848800003201,道の駅三角ぼうし駐車場,愛媛県北宇和郡鬼北町大字永野市138-6,,,0895-45-3751,1,1,,1,,1,,,,1200,,,,,愛媛県北宇和郡鬼北町大字永野市138-6,E3848800003201,33.253800598575,132.6873300268,matched_by_id
E3848800002201,鬼北総合公園グラウンド,愛媛県北宇和郡鬼北町大字永野市1290-1,,,0895-45-3596,1,,,1,,1,,,,22000,,,,,愛媛県北宇和郡鬼北町大字永野市1290-1,E3848800002201,33.246879738568,132.68308442372,matched_by_id
E3848800001202,広見中学校体育館,愛媛県北宇和郡鬼北町大字永野市1200,,,0895-45-0035,1,1,,1,,1,,,1,1910,,,,,愛媛県北宇和郡鬼北町大字永野市1200,E3848800001202,33.247658912794,132.68063237823,matched_by_id
E3848800032201,富母里施設グラウンド,愛媛県北宇和郡鬼北町大字父野川上93,,,0895-44-2211,1,,,1,,1,,,,1520,,,,,愛媛県北宇和郡鬼北町大字父野川上93,E3848800032201,33.323931576913,132.86784494587,matched_by_id
E3848800022201,北宇和高等学校グラウンド,愛媛県北宇和郡鬼北町大字近永942,,,0895-45-1241,1,1,,1,,1,,,,16001,,,,,愛媛県北宇和郡鬼北町大字近永942,E3848800022201,33.254254729879,132.6748809914,matched_by_id
E3848800020201,近永公民館,愛媛県北宇和郡鬼北町大字近永797,,,0895-45-1111,1,1,,1,,1,,,1,719,,,,,愛媛県北宇和郡鬼北町大字近永797,E3848800020201,33.256447158225,132.68471715783,matched_by_id
E3848800012201,日吉小中学校グラウンド,愛媛県北宇和郡鬼北町大字下鍵山810,,,0895-44-2023,1,,,1,,1,,,,5000,,,,,愛媛県北宇和郡鬼北町大字下鍵山810,E3848800012201,33.331776312035,132.79980783104,matched_by_id
E3848800011201,農林業者ﾄﾚｰﾆﾝｸﾞｾﾝﾀｰ,愛媛県北宇和郡鬼北町大字下鍵山734,,,0895-44-2211,1,,,1,,1,,,1,1085,,,,,愛媛県北宇和郡鬼北町大字下鍵山734,E3848800011201,33.3326862956,132.799810058,matched_by_id
E3848800010201,日吉夢産地駐車場,愛媛県北宇和郡鬼北町大字下鍵山54,,,0895-44-2340,1,,,1,,1,,,,6247,,,,,愛媛県北宇和郡鬼北町大字下鍵山54,E3848800010201,33.330619005881,132.79842650366,matched_by_id
E3848800008201,日吉住民センター,愛媛県北宇和郡鬼北町大字下鍵山463,,,0895-44-2211,1,1,,1,,1,,,1,1228,,,,,愛媛県北宇和郡鬼北町大字下鍵山463,E3848800008201,33.334106262722,132.79740827146,matched_by_id
E3848800024201,三島グラウンド,愛媛県北宇和郡鬼北町大字小松235,,,0895-48-0111,1,1,,1,,1,,,,10060,,,,,愛媛県北宇和郡鬼北町大字小松235,E3848800024201,33.3009923426,132.728505954,matched_by_id
E3848800023201,三島公民館,愛媛県北宇和郡鬼北町大字小松1523,,,0895-48-0111,1,,,1,,1,,,1,606,,,,,愛媛県北宇和郡鬼北町大字小松1523,E3848800023201,33.307032484228,132.74290665205,matched_by_id
E3848800027202,愛治小学校グラウンド,愛媛県北宇和郡鬼北町大字清水351,,,0895-46-0007,1,,,1,,1,,,,5270,,,,,愛媛県北宇和郡鬼北町大字清水351,E3848800027202,33.301997694384,132.68625003326,matched_by_id
E3848800027201,愛治小学校体育館,愛媛県北宇和郡鬼北町大字清水351,,,0895-46-0007,1,,,1,,1,,,1,749,,,,,愛媛県北宇和郡鬼北町大字清水351,E3848800027201,33.302585033185,132.68649143207,matched_by_id
E3848800026201,愛治公民館,愛媛県北宇和郡鬼北町大字清水1043,,,0895-46-0001,1,,,1,,1,,,1,566,,,,,愛媛県北宇和郡鬼北町大字清水1043,E3848800026201,33.303466,132.69119,matched_by_id
E3848800031202,好藤小学校グラウンド,愛媛県北宇和郡鬼北町大字内深田805-1,,,0895-45-0077,1,,,1,,1,,,,6131,,,,,愛媛県北宇和郡鬼北町大字内深田805-1,E3848800031202,33.268412524823,132.65838431331,matched_by_id
E3848800031201,好藤小学校体育館,愛媛県北宇和郡鬼北町大字内深田805-1,,,085-45-0077,1,,,1,,1,,,1,473,,,,,愛媛県北宇和郡鬼北町大字内深田805-1,E3848800031201,33.269009060117,132.658765187,matched_by_id
E3848800030201,好藤公民館,愛媛県北宇和郡鬼北町大字内深田1174,,,0895-45-0439,1,1,,1,,1,,,1,600,,,,,愛媛県北宇和郡鬼北町大字内深田1174,E3848800030201,33.26648932597,132.66251137302,matched_by_id
E3848800015201,泉公民館,愛媛県北宇和郡鬼北町大字岩谷275,,,0895-47-0353,1,1,,1,,1,,,1,528,,,,,愛媛県北宇和郡鬼北町大字岩谷275,E3848800015201,33.263574097054,132.71231537671,matched_by_id
E3848800014202,泉小学校グラウンド,愛媛県北宇和郡鬼北町大字岩谷233-6,,,0895-47-0518,,1,,1,,1,,,,5870,,,,,愛媛県北宇和郡鬼北町大字岩谷233-6,E3848800014202,33.262950312486,132.7112120151,matched_by_id
E3848800014201,泉小学校 体育館,愛媛県北宇和郡鬼北町大字岩谷233-6,,,0895-47-0518,,1,,1,,1,,,1,680,,,,,愛媛県北宇和郡鬼北町大字岩谷233-6,E3848800014201,33.263291211615,132.71165189738,matched_by_id
E3848800001201,広見中学校グラウンド,愛媛県北宇和郡鬼北町大字永野市1200,,,0895-45-0035,1,1,,1,,1,,,,26249,,,,,愛媛県北宇和郡鬼北町大字永野市1200,E3848800001201,33.248524766085,132.68016567386,matched_by_id
E3850600232201,鯆越トンネル鯆越口付近,愛媛県南宇和郡愛南町鯆越114-3付近,,,0895-72-0131,,,,1,1,,,,,,,,,,愛媛県南宇和郡愛南町鯆越114-3付近,E3850600232201,32.946416344066,132.57878035727,matched_by_id
E3850600231201,脇本集会所上町道,愛媛県南宇和郡愛南町脇本637付近,,,0895-72-0131,,,,1,1,,,,,,,,,,愛媛県南宇和郡愛南町脇本637付近,E3850600231201,32.927547474309,132.65473674952,matched_by_id
E3850600228201,緑基幹集落センター（緑公民館）,愛媛県南宇和郡愛南町緑乙1514,,,0895-70-1501,1,1,1,,,1,,,1,294,,,,,愛媛県南宇和郡愛南町緑乙1514,E3850600228201,32.97513667133,132.6023760965,matched_by_id
E3850600227201,火打バス停上墓地,愛媛県南宇和郡愛南町油袋643,,,0895-72-0131,,,,1,1,,,,,,,,,,愛媛県南宇和郡愛南町油袋643,E3850600227201,33.049858437905,132.45755017126,matched_by_id
E3850600226201,油袋-火打バス停中間県道,愛媛県南宇和郡愛南町油袋554-1,,,0895-72-0131,,,,1,1,,,,,,,,,,愛媛県南宇和郡愛南町油袋554-1,E3850600226201,33.049814543297,132.4545436705,matched_by_id
E3850600225201,油袋県道広場,愛媛県南宇和郡愛南町油袋546-1付近,,,0895-72-0131,,,,1,1,,,,,,,,,,愛媛県南宇和郡愛南町油袋546-1付近,E3850600225201,33.048134067077,132.45345443802,matched_by_id
E3850600224201,油袋中里道奥（旧水源地）,愛媛県南宇和郡愛南町油袋431付近,,,0895-72-0131,,,,1,1,,,,,,,,,,愛媛県南宇和郡愛南町油袋431付近,E3850600224201,33.049302031294,132.44934529381,matched_by_id
E3850600223201,油袋墓地,愛媛県南宇和郡愛南町油袋369,,,0895-72-0131,,,,1,1,,,,,,,,,,愛媛県南宇和郡愛南町油袋369,E3850600223201,33.04821237669,132.44855664315,matched_by_id
E3850600222201,上の谷,愛媛県南宇和郡愛南町油袋289付近,,,0895-72-0131,,,,1,1,,,,,,,,,,愛媛県南宇和郡愛南町油袋289付近,E3850600222201,33.044423232933,132.44811684209,matched_by_id
E3850600221201,町道荒樫2号線-中腹,愛媛県南宇和郡愛南町網代511-2,,,0895-72-0131,,,,1,1,,,,,,,,,,愛媛県南宇和郡愛南町網代511-2,E3850600221201,33.040940886256,132.40639169403,matched_by_id
E3850600220201,本谷県道高台,愛媛県南宇和郡愛南町網代330付近,,,0895-72-0131,,,,1,1,,,,,,,,,,愛媛県南宇和郡愛南町網代330付近,E3850600220201,33.037880226658,132.40560945552,matched_by_id
E3850600219201,本網代墓地,愛媛県南宇和郡愛南町網代124,,,0895-72-0131,,,,1,1,,,,,,,,,,愛媛県南宇和郡愛南町網代124,E3850600219201,33.03302539045,132.40445801367,matched_by_id
E3850600218201,満倉浜組２,愛媛県南宇和郡愛南町満倉2893付近,,,0895-72-0131,,,,1,1,,,,,,,,,,愛媛県南宇和郡愛南町満倉2893付近,E3850600218201,32.945949497369,132.60748523819,matched_by_id
E3850600217201,善林寺,愛媛県南宇和郡愛南町満倉2842,,,0895-72-0131,,,,1,1,,,,,,,,,,愛媛県南宇和郡愛南町満倉2842,E3850600217201,32.9479123587,132.610349843,matched_by_id
E3850600216201,踊り駄場,愛媛県南宇和郡愛南町満倉2756,,,0895-72-0131,,,,1,1,,,,,,,,,,愛媛県南宇和郡愛南町満倉2756,E3850600216201,32.948911588519,132.60966319192,matched_by_id
E3850600214201,自在園入口付近,愛媛県南宇和郡愛南町満倉2300-5付近,,,0895-72-0131,,,,1,1,,,,,,,,,,愛媛県南宇和郡愛南町満倉2300-5付近,E3850600214201,32.95231380958,132.60239675127,matched_by_id
E3850600213201,農道西谷線高台,愛媛県南宇和郡愛南町満倉1745-5,,,0895-72-0131,,,,1,1,,,,,,,,,,愛媛県南宇和郡愛南町満倉1745-5,E3850600213201,32.958252082252,132.61444642355,matched_by_id
E3850600212201,町道防城線-高台,愛媛県南宇和郡愛南町防城成川54-3付近,,,0895-72-0131,,,,1,1,,,,,,,,,,愛媛県南宇和郡愛南町防城成川54-3付近,E3850600212201,32.962349789744,132.5388200954,matched_by_id
E3850600211201,成川県道上,愛媛県南宇和郡愛南町防城成川231-2付近,,,0895-72-0131,,,,1,1,,,,,,,,,,愛媛県南宇和郡愛南町防城成川231-2付近,E3850600211201,32.963189010513,132.53467401289,matched_by_id
E3850600210201,猪ノ泊,愛媛県南宇和郡愛南町平碆95付近,,,0895-72-0131,,,,1,1,,,,,,,,,,愛媛県南宇和郡愛南町平碆95付近,E3850600210201,33.045688697607,132.47442097424,matched_by_id
E3850600209201,県道-町道元越線分岐付近,愛媛県南宇和郡愛南町平碆717-10,,,0895-72-0131,,,,1,1,,,,,,,,,,愛媛県南宇和郡愛南町平碆717-10,E3850600209201,33.050352066721,132.47991572165,matched_by_id
E3850600208201,平碆展望台（こんぴら山）,愛媛県南宇和郡愛南町平碆614,,,0895-72-0131,,,,1,1,,,,,,,,,,愛媛県南宇和郡愛南町平碆614,E3850600208201,33.048905363038,132.47613839921,matched_by_id
E3850600207201,若宮神社,愛媛県南宇和郡愛南町平碆611,,,0895-72-0131,,,,1,1,,,,,,,,,,愛媛県南宇和郡愛南町平碆611,E3850600207201,33.049540697775,132.47665834776,matched_by_id
E3850600206201,福浦公民館,愛媛県南宇和郡愛南町福浦994,,,0895-83-0363,1,1,1,,,1,,,1,325,,,,,愛媛県南宇和郡愛南町福浦994,E3850600206201,32.9162876201,132.497986587,matched_by_id
E3850600205201,太駄高台,愛媛県南宇和郡愛南町福浦693,,,0895-72-0131,,,,1,1,,,,,,,,,,愛媛県南宇和郡愛南町福浦693,E3850600205201,32.917107,132.495302,matched_by_id
E3850600204201,町道大碆線-岡山小川大碆線分岐付近,愛媛県南宇和郡愛南町福浦504付近,,,0895-72-0131,,,,1,1,,,,,,,,,,愛媛県南宇和郡愛南町福浦504付近,E3850600204201,32.920033355772,132.4953910103,matched_by_id
E3850600202201,町道大碆線-新岡山川線分岐付近,愛媛県南宇和郡愛南町福浦317付近,,,0895-72-0131,,,,1,1,,,,,,,,,,愛媛県南宇和郡愛南町福浦317付近,E3850600202201,32.923104557562,132.49558767288,matched_by_id
E3850600201201,和田内福浦側川沿い里道高台,愛媛県南宇和郡愛南町福浦1907付近,,,0895-72-0131,,,,1,1,,,,,,,,,,愛媛県南宇和郡愛南町福浦1907付近,E3850600201201,32.91447851207,132.50818320455,matched_by_id
E3850600200201,町道中下和田内線中下高台,愛媛県南宇和郡愛南町福浦1674,,,0895-72-0131,,,,1,1,,,,,,,,,,愛媛県南宇和郡愛南町福浦1674,E3850600200201,32.913406830454,132.50398726662,matched_by_id
E3850600199201,町道福浦扇山線終点付近,愛媛県南宇和郡愛南町福浦1362付近,,,0895-72-0131,,,,1,1,,,,,,,,,,愛媛県南宇和郡愛南町福浦1362付近,E3850600199201,32.913408981372,132.49788453146,matched_by_id
E3850600198201,若宮神社公園上高台,愛媛県南宇和郡愛南町福浦1020付近,,,0895-72-0131,,,,1,1,,,,,,,,,,愛媛県南宇和郡愛南町福浦1020付近,E3850600198201,32.915820736041,132.49687133595,matched_by_id
E3850600197201,福浦公民館武者泊分館,愛媛県南宇和郡愛南町武者泊615,,,0895-83-0139,1,1,1,,,1,,,1,122,,,,,愛媛県南宇和郡愛南町武者泊615,,,,unmatched
E3850600196201,県道-町道武者泊線分岐付近,愛媛県南宇和郡愛南町武者泊545-2付近,,,0895-72-0131,,,,1,1,,,,,,,,,,愛媛県南宇和郡愛南町武者泊545-2付近,E3850600196201,32.910854972759,132.51733224572,matched_by_id
E3850600195201,武者泊バス停付近,愛媛県南宇和郡愛南町武者泊412付近,,,0895-72-0131,,,,1,1,,,,,,,,,,愛媛県南宇和郡愛南町武者泊412付近,E3850600195201,32.911554488225,132.51801240728,matched_by_id
E3850600194201,町道麦ヶ浦西谷線終点付近,愛媛県南宇和郡愛南町麦ケ浦53付近,,,0895-72-0131,,,,1,1,,,,,,,,,,愛媛県南宇和郡愛南町麦ケ浦53付近,E3850600194201,32.915199945929,132.51147443797,matched_by_id
E3850600193201,庵寺墓地高台,愛媛県南宇和郡愛南町麦ケ浦169付近,,,0895-72-0131,,,,1,1,,,,,,,,,,愛媛県南宇和郡愛南町麦ケ浦169付近,E3850600193201,32.915658618274,132.51269100472,matched_by_id
E3850600192201,町道柏崎線終点付近,愛媛県南宇和郡愛南町柏崎954,,,0895-72-0131,,,,1,1,,,,,,,,,,愛媛県南宇和郡愛南町柏崎954,E3850600192201,33.017823488731,132.49180163135,matched_by_id
E3850600191201,柏崎下常会高台,愛媛県南宇和郡愛南町柏崎349付近,,,0895-72-0131,,,,1,1,,,,,,,,,,愛媛県南宇和郡愛南町柏崎349付近,E3850600191201,33.013429424913,132.48968694702,matched_by_id
E3850600190201,内海隧道-大浜口公園,愛媛県南宇和郡愛南町柏63,,,0895-72-0131,,,,1,1,,,,,,,,,,愛媛県南宇和郡愛南町柏63,E3850600190201,33.02386916814,132.48597987461,matched_by_id
E3850600188201,愛南町役場内海支所（DE・あ・い･21）,愛媛県南宇和郡愛南町柏390,,,0895-85-1021,1,1,1,,,1,,,1,957,,,,,愛媛県南宇和郡愛南町柏390,E3850600188201,33.018556458744,132.49796364418,matched_by_id
E3850600187201,内海隧道-北原口,愛媛県南宇和郡愛南町柏249-4,,,0895-72-0131,,,,1,1,,,,,,,,,,愛媛県南宇和郡愛南町柏249-4,E3850600187201,33.022139464154,132.49553344692,matched_by_id
E3850600186201,内海展望所,愛媛県南宇和郡愛南町柏2179付近,,,0895-72-0131,,,,1,1,,,,,,,,,,愛媛県南宇和郡愛南町柏2179付近,E3850600186201,33.01102266505,132.50043762051,matched_by_id
E3850600185201,法性寺,愛媛県南宇和郡愛南町柏1872,,,0895-72-0131,,,,1,1,,,,,,,,,,愛媛県南宇和郡愛南町柏1872,E3850600185201,33.018017483262,132.501335014,matched_by_id
E3850600184201,柏寿園駐車場,愛媛県南宇和郡愛南町柏1542-1,,,0895-72-0131,,,,1,1,,,,,,,,,,愛媛県南宇和郡愛南町柏1542-1,E3850600184201,33.02301620531,132.50512836712,matched_by_id
E3850600183201,西浦中学校跡地,愛媛県南宇和郡愛南町内泊8-1,,,0895-72-0131,,,,1,1,,,,,,,,,,愛媛県南宇和郡愛南町内泊8-1,E3850600183201,32.943025225893,132.48624420853,matched_by_id
E3850600182201,地蔵堂付近,愛媛県南宇和郡愛南町内泊767,,,0895-72-0131,,,,1,1,,,,,,,,,,愛媛県南宇和郡愛南町内泊767,E3850600182201,32.938595,132.493173,matched_by_id
E3850600180201,県道船越方面-高台,愛媛県南宇和郡愛南町内泊1407付近,,,0895-72-0131,,,,1,1,,,,,,,,,,愛媛県南宇和郡愛南町内泊1407付近,E3850600180201,32.942306365639,132.49546217763,matched_by_id
E3850600179201,町道敦盛柿ノ浦線柿ノ浦側高台,愛媛県南宇和郡愛南町敦盛522付近,,,0895-72-0131,,,,1,1,,,,,,,,,,愛媛県南宇和郡愛南町敦盛522付近,E3850600179201,32.942045991972,132.59387913917,matched_by_id
E3850600178201,敦盛墓地,愛媛県南宇和郡愛南町敦盛477,,,0895-72-0131,,,,1,1,,,,,,,,,,愛媛県南宇和郡愛南町敦盛477,E3850600178201,32.940463423604,132.59426788807,matched_by_id
E3850600177201,県道大浜方面-高台,愛媛県南宇和郡愛南町敦盛457-2,,,0895-72-0131,,,,1,1,,,,,,,,,,愛媛県南宇和郡愛南町敦盛457-2,E3850600177201,32.937673306552,132.59562991502,matched_by_id
E3850600176201,県道-町道中外線分岐付近,愛媛県南宇和郡愛南町中泊951付近,,,0895-72-0131,,,,1,1,,,,,,,,,,愛媛県南宇和郡愛南町中泊951付近,E3850600176201,32.940614873041,132.48497403434,matched_by_id
E3850600175201,県道中峰橋付近,愛媛県南宇和郡愛南町中泊706付近,,,0895-72-0131,,,,1,1,,,,,,,,,,愛媛県南宇和郡愛南町中泊706付近,E3850600175201,32.936324171426,132.48246362525,matched_by_id
E3850600174201,中泊集会所（西浦公民館）,愛媛県南宇和郡愛南町中泊10,,,0895-82-0701,1,1,1,,,1,,,,96,,,,,愛媛県南宇和郡愛南町中泊10,E3850600174201,32.938085036769,132.48082696209,matched_by_id
E3850600172201,中川隧道中川口付近,愛媛県南宇和郡愛南町中川784-1付近,,,0895-72-0131,,,,1,1,,,,,,,,,,愛媛県南宇和郡愛南町中川784-1付近,E3850600172201,32.951799699016,132.62421763452,matched_by_id
E3850600169201,中玉（新谷）県道入口付近,愛媛県南宇和郡愛南町中玉89-2付近,,,0895-72-0131,,,,1,1,,,,,,,,,,愛媛県南宇和郡愛南町中玉89-2付近,E3850600169201,32.920849118199,132.61529522418,matched_by_id
E3850600168201,東海公民館中玉分館,愛媛県南宇和郡愛南町中玉303,,,0895-72-3410,1,1,1,,,1,,,1,154,,,,,愛媛県南宇和郡愛南町中玉303,E3850600168201,32.922641046752,132.62334362698,matched_by_id
E3850600167201,旧スクールバスバス停,愛媛県南宇和郡愛南町中玉168-5,,,0895-72-0131,,,,1,1,,,,,,,,,,愛媛県南宇和郡愛南町中玉168-5,E3850600167201,32.922508646068,132.62428875354,matched_by_id
E3850600166201,中浦漁村振興センター（中浦公民館）,愛媛県南宇和郡愛南町中浦830,,,0895-75-0334,1,1,1,,,1,,,1,542,,,,,愛媛県南宇和郡愛南町中浦830,E3850600166201,32.96426290241,132.49296530443,matched_by_id
E3850600165201,町道中浦西海線-広場,愛媛県南宇和郡愛南町中浦686-1付近,,,0895-72-0131,,,,1,1,,,,,,,,,,愛媛県南宇和郡愛南町中浦686-1付近,E3850600165201,32.963089993888,132.49718106726,matched_by_id
E3850600164201,県道猿鳴平城線-高台,愛媛県南宇和郡愛南町中浦6-7付近,,,0895-72-0131,,,,1,1,,,,,,,,,,愛媛県南宇和郡愛南町中浦6-7付近,E3850600164201,32.966544631622,132.50593704246,matched_by_id
E3850600162201,県道中浦西海線-中腹広場,愛媛県南宇和郡愛南町中浦355-5付近,,,0895-72-0131,,,,1,1,,,,,,,,,,愛媛県南宇和郡愛南町中浦355-5付近,E3850600162201,32.958420912731,132.50356275526,matched_by_id
E3850600161201,県道-町道左右水線分岐付近,愛媛県南宇和郡愛南町中浦2053付近,,,0895-72-0131,,,,1,1,,,,,,,,,,愛媛県南宇和郡愛南町中浦2053付近,E3850600161201,32.978141,132.491452,matched_by_id
E3850600160201,樫の浦,愛媛県南宇和郡愛南町中浦1881,,,0895-72-0131,,,,1,1,,,,,,,,,,愛媛県南宇和郡愛南町中浦1881,E3850600160201,32.977686101112,132.49525708281,matched_by_id
E3850600159201,県道平城猿鳴線面浦,愛媛県南宇和郡愛南町中浦1719-2,,,0895-72-0131,,,,1,1,,,,,,,,,,愛媛県南宇和郡愛南町中浦1719-2,E3850600159201,32.970449616459,132.49602955899,matched_by_id
E3850600158201,県道猿鳴平城線灘前方面-高台,愛媛県南宇和郡愛南町中浦1641-4,,,0895-72-0131,,,,1,1,,,,,,,,,,愛媛県南宇和郡愛南町中浦1641-4,E3850600158201,32.967783909157,132.49742681321,matched_by_id
E3850600157201,町道尻貝線-尻貝下線分岐付近,愛媛県南宇和郡愛南町中浦159-2,,,0895-72-0131,,,,1,1,,,,,,,,,,愛媛県南宇和郡愛南町中浦159-2,E3850600157201,32.959334333965,132.50597174448,matched_by_id
E3850600156201,町道中浦猿鳴線奥,愛媛県南宇和郡愛南町中浦1337-1付近,,,0895-72-0131,,,,1,1,,,,,,,,,,愛媛県南宇和郡愛南町中浦1337-1付近,E3850600156201,32.966646624116,132.49128741345,matched_by_id
E3850600155201,桜公園,愛媛県南宇和郡愛南町中浦1231-1,,,0895-72-0131,,,,1,1,,,,,,,,,,愛媛県南宇和郡愛南町中浦1231-1,E3850600155201,32.965958142574,132.49111513838,matched_by_id
E3850600154201,町道奥ノ谷線奥砂防ダム付近,愛媛県南宇和郡愛南町中浦1089-1付近,,,0895-72-0131,,,,1,1,,,,,,,,,,愛媛県南宇和郡愛南町中浦1089-1付近,E3850600154201,32.965251402443,132.48868567071,matched_by_id
E3850600153201,県道樽見方面-高台,愛媛県南宇和郡愛南町樽見708付近,,,0895-72-0131,,,,1,1,,,,,,,,,,愛媛県南宇和郡愛南町樽見708付近,E3850600153201,32.929748245461,132.51309333605,matched_by_id
E3850600152201,福浦側樽見バス停前,愛媛県南宇和郡愛南町樽見630-2付近,,,0895-72-0131,,,,1,1,,,,,,,,,,愛媛県南宇和郡愛南町樽見630-2付近,E3850600152201,32.931716405232,132.51424345603,matched_by_id
E3850600151201,県道高茂岬船越線若宮神社付近高台,愛媛県南宇和郡愛南町樽見270付近,,,0895-72-0131,,,,1,1,,,,,,,,,,愛媛県南宇和郡愛南町樽見270付近,E3850600151201,32.932671629248,132.5160131172,matched_by_id
E3850600150201,大浜入口道路広場,愛媛県南宇和郡愛南町大浜181,,,0895-72-0131,,,,1,1,,,,,,,,,,愛媛県南宇和郡愛南町大浜181,E3850600150201,32.923116586804,132.6012828543,matched_by_id
E3850600149201,ゲートボール場上高台,愛媛県南宇和郡愛南町大成川525,,,0895-72-0131,,,,1,1,,,,,,,,,,愛媛県南宇和郡愛南町大成川525,E3850600149201,32.927636520337,132.50614641471,matched_by_id
E3850600148201,町道大成川谷線東側高台,愛媛県南宇和郡愛南町大成川249,,,0895-72-0131,,,,1,1,,,,,,,,,,愛媛県南宇和郡愛南町大成川249,E3850600148201,32.927987727583,132.50654874606,matched_by_id
E3850600144201,僧都ふれあい交流館（僧都公民館）,愛媛県南宇和郡愛南町僧都279,,,0895-70-1502,1,1,1,,,1,,,1,232,,,,,愛媛県南宇和郡愛南町僧都279,E3850600144201,33.019349931879,132.57980844908,matched_by_id
E3850600142201,旧JA西海給油所前,愛媛県南宇和郡愛南町船越442,,,0895-72-0131,,,,1,1,,,,,,,,,,愛媛県南宇和郡愛南町船越442,E3850600142201,32.948537257853,132.50809432817,matched_by_id
E3850600141201,新竹倉バス停付近,愛媛県南宇和郡愛南町船越160付近,,,0895-72-0131,,,,1,1,,,,,,,,,,愛媛県南宇和郡愛南町船越160付近,E3850600141201,32.954456666186,132.5102454598,matched_by_id
E3850600140201,船越小学校,愛媛県南宇和郡愛南町船越1268-1,,,0895-72-0131,,,,1,1,,,,,,,,,,愛媛県南宇和郡愛南町船越1268-1,E3850600140201,32.945974418829,132.50333105159,matched_by_id
E3850600138201,西海町民会館（西海公民館）,愛媛県南宇和郡愛南町船越1057,,,0895-82-0069,1,1,1,,,1,,,1,583,,,,,愛媛県南宇和郡愛南町船越1057,E3850600138201,32.947114157276,132.50402340174,matched_by_id
E3850600136201,赤水西組バス停付近,愛媛県南宇和郡愛南町赤水798-2,,,0895-72-0131,,,,1,1,,,,,,,,,,愛媛県南宇和郡愛南町赤水798-2,E3850600136201,32.960038,132.522266,matched_by_id
E3850600135201,冷﨑・中ノ谷墓地,愛媛県南宇和郡愛南町赤水777,,,0895-72-0131,,,,1,1,,,,,,,,,,愛媛県南宇和郡愛南町赤水777,E3850600135201,32.961265468336,132.52267183716,matched_by_id
E3850600133201,赤水公民館,愛媛県南宇和郡愛南町赤水580,,,0895-75-0096,1,1,1,,,1,,,,129,,,,,愛媛県南宇和郡愛南町赤水580,E3850600133201,32.960429,132.524603,matched_by_id
E3850600132201,赤水深山,愛媛県南宇和郡愛南町赤水394付近,,,0895-72-0131,,,,1,1,,,,,,,,,,愛媛県南宇和郡愛南町赤水394付近,E3850600132201,32.957502590952,132.5268775409,matched_by_id
E3850600131201,県道沿い一本桜,愛媛県南宇和郡愛南町赤水18-3,,,0895-72-0131,,,,1,1,,,,,,,,,,愛媛県南宇和郡愛南町赤水18-3,E3850600131201,32.963363577376,132.53044067734,matched_by_id
E3850600130201,太田集会所,愛媛県南宇和郡愛南町正木1859,,,0895-72-7310,1,1,1,,,1,,,,38,,,,,愛媛県南宇和郡愛南町正木1859,E3850600130201,33.008789809299,132.659926426,matched_by_id
E3850600128201,正木公民館,愛媛県南宇和郡愛南町正木1247,,,0895-84-3518,1,1,1,,,1,,,,39,,,,,愛媛県南宇和郡愛南町正木1247,E3850600128201,32.99769848468,132.68456646627,matched_by_id
E3850600127201,町道中ノ谷線-高台,愛媛県南宇和郡愛南町須ノ川989-2,,,0895-72-0131,,,,1,1,,,,,,,,,,愛媛県南宇和郡愛南町須ノ川989-2,E3850600127201,33.036522910086,132.48727791801,matched_by_id
E3850600125201,須の川若宮神社,愛媛県南宇和郡愛南町須の川250,,,0895-72-0131,,,,1,1,,,,,,,,,,愛媛県南宇和郡愛南町須の川250,E3850600125201,33.039388227272,132.49093270633,matched_by_id
E3850600124201,須ノ川灘バス停付近,愛媛県南宇和郡愛南町須ノ川1201付近,,,0895-72-0131,,,,1,1,,,,,,,,,,愛媛県南宇和郡愛南町須ノ川1201付近,E3850600124201,33.031477496176,132.48363350604,matched_by_id
E3850600123201,老健施設なんぐん館駐車場,愛媛県南宇和郡愛南町深泥703-2,,,0895-72-0131,,,,1,1,,,,,,,,,,愛媛県南宇和郡愛南町深泥703-2,E3850600123201,32.959341382624,132.54281794973,matched_by_id
E3850600122201,町道深泥西谷線終点付近,愛媛県南宇和郡愛南町深泥599-2,,,0895-72-0131,,,,1,1,,,,,,,,,,愛媛県南宇和郡愛南町深泥599-2,E3850600122201,32.958767638906,132.5370897656,matched_by_id
E3850600121201,アキワ様,愛媛県南宇和郡愛南町深泥267-1,,,0895-72-0131,,,,1,1,,,,,,,,,,愛媛県南宇和郡愛南町深泥267-1,E3850600121201,32.954509968202,132.54083155507,matched_by_id
E3850600120201,蘇家神社,愛媛県南宇和郡愛南町深浦42-2,,,0895-72-0131,,,,1,1,,,,,,,,,,愛媛県南宇和郡愛南町深浦42-2,E3850600120201,32.946076439903,132.59172801003,matched_by_id
E3850600119201,万福寺駐車場,愛媛県南宇和郡愛南町深浦386付近,,,0895-72-0131,,,,1,1,,,,,,,,,,愛媛県南宇和郡愛南町深浦386付近,E3850600119201,32.94783437132,132.59112388314,matched_by_id
E3850600116201,深浦公民館,愛媛県南宇和郡愛南町深浦260,,,0895-70-1503,1,1,1,,,1,,,1,411,,,,,愛媛県南宇和郡愛南町深浦260,E3850600116201,32.946005522521,132.59107319511,matched_by_id
E3850600115201,町道深浦7号線-山側高台,愛媛県南宇和郡愛南町深浦1782付近,,,0895-72-0131,,,,1,1,,,,,,,,,,愛媛県南宇和郡愛南町深浦1782付近,E3850600115201,32.944438889011,132.58900932787,matched_by_id
E3850600114201,西光寺,愛媛県南宇和郡愛南町深浦1093,,,0895-72-0131,,,,1,1,,,,,,,,,,愛媛県南宇和郡愛南町深浦1093,E3850600114201,32.948370193355,132.58808202916,matched_by_id
E3850600113201,南宇和自動車教習所,愛媛県南宇和郡愛南町城辺甲531-10,,,0895-72-0131,,,,1,1,,,,,,,,,,愛媛県南宇和郡愛南町城辺甲531-10,E3850600113201,32.957695204908,132.57422771109,matched_by_id
E3850600112201,大森文化会館,愛媛県南宇和郡愛南町城辺甲2962,,,0895-72-0837,1,1,1,,,1,,,1,99,,,,,愛媛県南宇和郡愛南町城辺甲2962,E3850600112201,32.957838766343,132.58712847771,matched_by_id
E3850600110201,諏訪公園,愛媛県南宇和郡愛南町城辺甲2086,,,0895-72-0131,,,,1,1,,,,,,,,,,愛媛県南宇和郡愛南町城辺甲2086,E3850600110201,32.960536650336,132.58100921557,matched_by_id
E3850600109201,城の辺学習館,愛媛県南宇和郡愛南町城辺甲1943,,,0895-72-0065,1,1,1,,,1,,,1,535,,,,,愛媛県南宇和郡愛南町城辺甲1943,E3850600109201,32.959988024699,132.57903060032,matched_by_id
E3850600106201,上大道集会所（上大道公民館）,愛媛県南宇和郡愛南町上大道796-1,,,0895-84-3751,1,1,1,,,1,,,,66,,,,,愛媛県南宇和郡愛南町上大道796-1,E3850600106201,32.966617972739,132.61589083697,matched_by_id
E3850600104201,町道小成川谷線終点付近,愛媛県南宇和郡愛南町小成川299付近,,,0895-72-0131,,,,1,1,,,,,,,,,,愛媛県南宇和郡愛南町小成川299付近,E3850600104201,32.925919371607,132.5035255338,matched_by_id
E3850600103201,町道樫月小浦線-高台,愛媛県南宇和郡愛南町小浦46-3付近,,,0895-72-0131,,,,1,1,,,,,,,,,,愛媛県南宇和郡愛南町小浦46-3付近,E3850600103201,32.95003723315,132.52529001361,matched_by_id
E3850600102201,猿越バス停付近,愛媛県南宇和郡愛南町高畑966-1,,,0895-72-0131,,,,1,1,,,,,,,,,,愛媛県南宇和郡愛南町高畑966-1,E3850600102201,32.965672067085,132.51164980495,matched_by_id
E3850600101201,県道中浦方面-高台,愛媛県南宇和郡愛南町高畑871-2付近,,,0895-72-0131,,,,1,1,,,,,,,,,,愛媛県南宇和郡愛南町高畑871-2付近,E3850600101201,32.964070448252,132.51548816999,matched_by_id
E3850600100201,県道町道合流点,愛媛県南宇和郡愛南町高畑5-4,,,0895-72-0131,,,,1,1,,,,,,,,,,愛媛県南宇和郡愛南町高畑5-4,E3850600100201,32.960523,132.520834,matched_by_id
E3850600099201,とのやぶ,愛媛県南宇和郡愛南町高畑306付近,,,0895-72-0131,,,,1,1,,,,,,,,,,愛媛県南宇和郡愛南町高畑306付近,E3850600099201,32.95738374008,132.51650554261,matched_by_id
E3850600097201,御荘学校給食センター駐車場,愛媛県南宇和郡愛南町御荘和口174,,,0895-72-0131,,,,1,1,,,,,,,,,,愛媛県南宇和郡愛南町御荘和口174,E3850600097201,32.971601487194,132.57047999241,matched_by_id
E3850600096201,松軒山公園駐車場,愛媛県南宇和郡愛南町御荘平城969-3,,,0895-72-0131,,,,1,1,,,,,,,,,,愛媛県南宇和郡愛南町御荘平城969-3,E3850600096201,32.969792805034,132.55347502441,matched_by_id
E3850600095201,香木園駐車場階段上,愛媛県南宇和郡愛南町御荘平城5736,,,0895-72-0131,,,,1,1,,,,,,,,,,愛媛県南宇和郡愛南町御荘平城5736,E3850600095201,32.956137301618,132.55081853978,matched_by_id
E3850600094201,町道馬瀬線終点付近上畑,愛媛県南宇和郡愛南町御荘平城5663-2,,,0895-72-0131,,,,1,1,,,,,,,,,,愛媛県南宇和郡愛南町御荘平城5663-2,E3850600094201,32.953771881545,132.55440465323,matched_by_id
E3850600093201,はまゆう保育所駐車場,愛媛県南宇和郡愛南町御荘平城5283,,,0895-72-0131,,,,1,1,,,,,,,,,,愛媛県南宇和郡愛南町御荘平城5283,E3850600093201,32.956118606645,132.55854056086,matched_by_id
E3850600091201,はまゆう保育所バス停付近,愛媛県南宇和郡愛南町御荘平城5268-3,,,0895-72-0131,,,,1,1,,,,,,,,,,愛媛県南宇和郡愛南町御荘平城5268-3,E3850600091201,32.955471119306,132.55836091154,matched_by_id
E3850600090201,節崎墓地,愛媛県南宇和郡愛南町御荘平城4989-2付近,,,0895-72-0131,,,,1,1,,,,,,,,,,愛媛県南宇和郡愛南町御荘平城4989-2付近,E3850600090201,32.955570146724,132.56219647043,matched_by_id
E3850600089201,県道久良城辺線広場,愛媛県南宇和郡愛南町御荘平城4804,,,0895-72-0131,,,,1,1,,,,,,,,,,愛媛県南宇和郡愛南町御荘平城4804,E3850600089201,32.955812,132.566767,matched_by_id
E3850600087201,御荘県職員住宅跡地,愛媛県南宇和郡愛南町御荘平城3384-1,,,0895-72-0131,,,,1,1,,,,,,,,,,愛媛県南宇和郡愛南町御荘平城3384-1,E3850600087201,32.967400694503,132.57257381575,matched_by_id
E3850600085201,町営永ﾉ岡団地,愛媛県南宇和郡愛南町御荘平城3117-2,,,0895-72-0131,,,,1,1,,,,,,,,,,愛媛県南宇和郡愛南町御荘平城3117-2,E3850600085201,32.966407083735,132.5720149564,matched_by_id
E3850600084201,御荘文化センター,愛媛県南宇和郡愛南町御荘平城3063-１,,,0895-73-1111,1,1,1,,,1,,,1,2400,,,,,愛媛県南宇和郡愛南町御荘平城3063-１,E3850600084201,32.963863,132.569453,matched_by_id
E3850600083201,グループホーム福寿草前,愛媛県南宇和郡愛南町御荘平城2729-1,,,0895-72-0131,,,,1,1,,,,,,,,,,愛媛県南宇和郡愛南町御荘平城2729-1,E3850600083201,32.965602849522,132.56635389439,matched_by_id
E3850600082201,御荘霊苑駐車場,愛媛県南宇和郡愛南町御荘平城2579-1,,,0895-72-0131,,,,1,1,,,,,,,,,,愛媛県南宇和郡愛南町御荘平城2579-1,E3850600082201,32.969696171083,132.56451658122,matched_by_id
E3850600081201,大山祗神社（山の神様）,愛媛県南宇和郡愛南町御荘平城241,,,0895-72-0131,,,,1,1,,,,,,,,,,愛媛県南宇和郡愛南町御荘平城241,E3850600081201,32.96880912106,132.54640696447,matched_by_id
E3850600080201,光霊苑跡駐車場,愛媛県南宇和郡愛南町御荘平城2409,,,0895-72-0131,,,,1,1,,,,,,,,,,愛媛県南宇和郡愛南町御荘平城2409,E3850600080201,32.966509742507,132.56334445589,matched_by_id
E3850600078201,テンガンジ高台,愛媛県南宇和郡愛南町御荘平城1405,,,0895-72-0131,,,,1,1,,,,,,,,,,愛媛県南宇和郡愛南町御荘平城1405,E3850600078201,32.967326613332,132.55980930439,matched_by_id
E3850600077201,秋葉権現さま,愛媛県南宇和郡愛南町御荘平城1144,,,0895-72-0131,,,,1,1,,,,,,,,,,愛媛県南宇和郡愛南町御荘平城1144,E3850600077201,32.967596651613,132.5567193996,matched_by_id
E3850600076201,来迎寺境内,愛媛県南宇和郡愛南町御荘平城1056,,,0895-72-0131,,,,1,1,,,,,,,,,,愛媛県南宇和郡愛南町御荘平城1056,E3850600076201,32.9666523259,132.554488058,matched_by_id
E3850600075201,(財)正光会御荘病院駐車場,愛媛県南宇和郡愛南町御荘平山831-2,,,0895-72-0131,,,,1,1,,,,,,,,,,愛媛県南宇和郡愛南町御荘平山831-2,E3850600075201,32.974860017176,132.53410711045,matched_by_id
E3850600074201,延命寺上-農道分岐付近,愛媛県南宇和郡愛南町御荘平山559-2,,,0895-72-0131,,,,1,1,,,,,,,,,,愛媛県南宇和郡愛南町御荘平山559-2,E3850600074201,32.970322898582,132.53696021224,matched_by_id
E3850600073201,国道長洲側山頂付近,愛媛県南宇和郡愛南町御荘平山1787付近,,,0895-72-0131,,,,1,1,,,,,,,,,,愛媛県南宇和郡愛南町御荘平山1787付近,E3850600073201,32.972378093966,132.53994913572,matched_by_id
E3850600072201,国道-町道平山線分岐付近,愛媛県南宇和郡愛南町御荘平山121付近,,,0895-72-0131,,,,1,1,,,,,,,,,,愛媛県南宇和郡愛南町御荘平山121付近,E3850600072201,32.980621485857,132.52863565121,matched_by_id
E3850600071201,笹子谷峠付近,愛媛県南宇和郡愛南町御荘長洲271,,,0895-72-0131,,,,1,1,,,,,,,,,,愛媛県南宇和郡愛南町御荘長洲271,E3850600071201,32.972167428347,132.54850487738,matched_by_id
E3850600070201,町道長洲寺線終点,愛媛県南宇和郡愛南町御荘長洲1046付近,,,0895-72-0131,,,,1,1,,,,,,,,,,愛媛県南宇和郡愛南町御荘長洲1046付近,E3850600070201,32.982059722111,132.54456335103,matched_by_id
E3850600069201,長月小学校体育館（長月公民館）,愛媛県南宇和郡愛南町御荘長月913-1,,,0895-72-1659,1,1,1,,,1,,,1,444,,,,,愛媛県南宇和郡愛南町御荘長月913-1,E3850600069201,32.978585662,132.583132537,matched_by_id
E3850600067201,厳島神社境内,愛媛県南宇和郡愛南町御荘菊川3394付近,,,0895-72-0131,,,,1,1,,,,,,,,,,愛媛県南宇和郡愛南町御荘菊川3394付近,E3850600067201,32.988221551531,132.51927974309,matched_by_id
E3850600066201,町道浜銭坪線-高台,愛媛県南宇和郡愛南町御荘菊川2533-2付近,,,0895-72-0131,,,,1,1,,,,,,,,,,愛媛県南宇和郡愛南町御荘菊川2533-2付近,E3850600066201,32.978865401692,132.51510194203,matched_by_id
E3850600065201,外室手バス停付近,愛媛県南宇和郡愛南町御荘菊川17付近,,,0895-72-0131,,,,1,1,,,,,,,,,,愛媛県南宇和郡愛南町御荘菊川17付近,E3850600065201,33.0054517246,132.50720440771,matched_by_id
E3850600064201,八百坂峠バス停（宿毛方面行）付近,愛媛県南宇和郡愛南町御荘菊川1745付近,,,0895-72-0131,,,,1,1,,,,,,,,,,愛媛県南宇和郡愛南町御荘菊川1745付近,E3850600064201,32.9810080771,132.52612494439,matched_by_id
E3850600063201,御荘農村研修センター（菊川公民館）,愛媛県南宇和郡愛南町御荘菊川1159-１,,,0895-74-0334,1,1,1,,,1,,,1,183,,,,,愛媛県南宇和郡愛南町御荘菊川1159-１,E3850600063201,32.990793638859,132.5186191936,matched_by_id
E3850600061201,古月東神社,愛媛県南宇和郡愛南町古月195,,,0895-72-0131,,,,1,1,,,,,,,,,,愛媛県南宇和郡愛南町古月195,E3850600061201,32.947568237328,132.57500349888,matched_by_id
E3850600060201,町道古月線高台,愛媛県南宇和郡愛南町古月121付近,,,0895-72-0131,,,,1,1,,,,,,,,,,愛媛県南宇和郡愛南町古月121付近,E3850600060201,32.947287388782,132.57223583282,matched_by_id
E3850600059201,金毘羅神社,愛媛県南宇和郡愛南町魚神山685,,,0895-72-0131,,,,1,1,,,,,,,,,,愛媛県南宇和郡愛南町魚神山685,E3850600059201,33.055816681427,132.40748215779,matched_by_id
E3850600058201,魚神山公民館分館,愛媛県南宇和郡愛南町魚神山569,,,0895-85-1021,1,1,1,,,1,,,1,148,,,,,愛媛県南宇和郡愛南町魚神山569,E3850600058201,33.055374545986,132.40727703707,matched_by_id
E3850600057201,西泊お堂,愛媛県南宇和郡愛南町魚神山431,,,0895-72-0131,,,,1,1,,,,,,,,,,愛媛県南宇和郡愛南町魚神山431,E3850600057201,33.053871685114,132.40688207775,matched_by_id
E3850600056201,船越運河バス停,愛媛県南宇和郡愛南町魚神山1656付近,,,0895-72-0131,,,,1,1,,,,,,,,,,愛媛県南宇和郡愛南町魚神山1656付近,E3850600056201,33.052569362681,132.43241487292,matched_by_id
E3850600055201,魚神山小学校上-県道,愛媛県南宇和郡愛南町魚神山152-2付近,,,0895-72-0131,,,,1,1,,,,,,,,,,愛媛県南宇和郡愛南町魚神山152-2付近,E3850600055201,33.046712054128,132.40715105139,matched_by_id
E3850600054201,走下県道高台,愛媛県南宇和郡愛南町魚神山1158付近,,,0895-72-0131,,,,1,1,,,,,,,,,,愛媛県南宇和郡愛南町魚神山1158付近,E3850600054201,33.055479926592,132.41409785147,matched_by_id
E3850600053201,町道弓立大滝線-高台,愛媛県南宇和郡愛南町弓立126付近,,,0895-72-0131,,,,1,1,,,,,,,,,,愛媛県南宇和郡愛南町弓立126付近,E3850600053201,32.949655366582,132.53033199046,matched_by_id
E3850600052201,元駐在所,愛媛県南宇和郡愛南町久良848,,,0895-72-0131,,,,1,1,,,,,,,,,,愛媛県南宇和郡愛南町久良848,E3850600052201,32.94851295546,132.55175504644,matched_by_id
E3850600051201,小屋ﾉ浦竜王先道路,愛媛県南宇和郡愛南町久良719-6,,,0895-72-0131,,,,1,1,,,,,,,,,,愛媛県南宇和郡愛南町久良719-6,E3850600051201,32.945014994068,132.55524127489,matched_by_id
E3850600050201,小屋ﾉ浦墓場里道,愛媛県南宇和郡愛南町久良630-3付近,,,0895-72-0131,,,,1,1,,,,,,,,,,愛媛県南宇和郡愛南町久良630-3付近,E3850600050201,32.948275234955,132.55662144534,matched_by_id
E3850600049201,鹿ノ谷墓地下,愛媛県南宇和郡愛南町久良3960,,,0895-72-0131,,,,1,1,,,,,,,,,,愛媛県南宇和郡愛南町久良3960,E3850600049201,32.936275629105,132.55591727318,matched_by_id
E3850600048201,コモズラ山の神様,愛媛県南宇和郡愛南町久良3829-1,,,0895-72-0131,,,,1,1,,,,,,,,,,愛媛県南宇和郡愛南町久良3829-1,E3850600048201,32.93767130822,132.55423284591,matched_by_id
E3850600047201,コモズラ墓場里道,愛媛県南宇和郡愛南町久良3708,,,0895-72-0131,,,,1,1,,,,,,,,,,愛媛県南宇和郡愛南町久良3708,E3850600047201,32.938553726229,132.55391098084,matched_by_id
E3850600046201,網代墓地,愛媛県南宇和郡愛南町久良3667付近,,,0895-72-0131,,,,1,1,,,,,,,,,,愛媛県南宇和郡愛南町久良3667付近,E3850600046201,32.938666278913,132.55303658069,matched_by_id
E3850600045201,広谷高台里道,愛媛県南宇和郡愛南町久良3369付近,,,0895-72-0131,,,,1,1,,,,,,,,,,愛媛県南宇和郡愛南町久良3369付近,E3850600045201,32.937487167162,132.55040068584,matched_by_id
E3850600044201,小屋ﾉ浦春日神社境内,愛媛県南宇和郡愛南町久良2868,,,0895-72-0131,,,,1,1,,,,,,,,,,愛媛県南宇和郡愛南町久良2868,E3850600044201,32.938112526931,132.54973173249,matched_by_id
E3850600043201,高良ダム根元,愛媛県南宇和郡愛南町久良2681付近,,,0895-72-0131,,,,1,1,,,,,,,,,,愛媛県南宇和郡愛南町久良2681付近,E3850600043201,32.939697254838,132.54771507802,matched_by_id
E3850600042201,日土墓上道路,愛媛県南宇和郡愛南町久良262付近,,,0895-72-0131,,,,1,1,,,,,,,,,,愛媛県南宇和郡愛南町久良262付近,E3850600042201,32.947803609851,132.56164943342,matched_by_id
E3850600041201,水谷県道-高台,愛媛県南宇和郡愛南町久良2283付近,,,0895-72-0131,,,,1,1,,,,,,,,,,愛媛県南宇和郡愛南町久良2283付近,E3850600041201,32.941509566763,132.5488556918,matched_by_id
E3850600040201,久良ふるさとセンター（久良公民館）,愛媛県南宇和郡愛南町久良2095,,,0895-70-1505,1,1,1,,,1,,,1,264,,,,,愛媛県南宇和郡愛南町久良2095,E3850600040201,32.943033547126,132.54866864418,matched_by_id
E3850600038201,久良小学校,愛媛県南宇和郡愛南町久良2035付近,,,0895-72-0131,,,,1,1,,,,,,,,,,愛媛県南宇和郡愛南町久良2035付近,E3850600038201,32.944034,132.546923,matched_by_id
E3850600037201,日土峠道路,愛媛県南宇和郡愛南町久良164付近,,,0895-72-0131,,,,1,1,,,,,,,,,,愛媛県南宇和郡愛南町久良164付近,E3850600037201,32.948650183511,132.56412013726,matched_by_id
E3850600036201,真浦高台里道,愛媛県南宇和郡愛南町久良1416付近,,,0895-72-0131,,,,1,1,,,,,,,,,,愛媛県南宇和郡愛南町久良1416付近,E3850600036201,32.946939792845,132.54703986246,matched_by_id
E3850600035201,墓場高台里道,愛媛県南宇和郡愛南町久良1300,,,0895-72-0131,,,,1,1,,,,,,,,,,愛媛県南宇和郡愛南町久良1300,E3850600035201,32.947683534465,132.5484231812,matched_by_id
E3850600034201,和霊さま下道路,愛媛県南宇和郡愛南町久良1032付近,,,0895-72-0131,,,,1,1,,,,,,,,,,愛媛県南宇和郡愛南町久良1032付近,E3850600034201,32.947111823651,132.55054212632,matched_by_id
E3850600033201,西海トンネル-久家口広場,愛媛県南宇和郡愛南町久家337-1付近,,,0895-72-0131,,,,1,1,,,,,,,,,,愛媛県南宇和郡愛南町久家337-1付近,E3850600033201,32.941856382348,132.50320617845,matched_by_id
E3850600032201,岩水テレビ塔登口付近,愛媛県南宇和郡愛南町岩水800-6,,,0895-72-0131,,,,1,1,,,,,,,,,,愛媛県南宇和郡愛南町岩水800-6,E3850600032201,32.9429799324,132.608544949,matched_by_id
E3850600030201,東海小学校前高台,愛媛県南宇和郡愛南町岩水45付近,,,0895-72-0131,,,,1,1,,,,,,,,,,愛媛県南宇和郡愛南町岩水45付近,E3850600030201,32.945601236277,132.60468056018,matched_by_id
E3850600029201,県道敦盛方面-高台,愛媛県南宇和郡愛南町岩水1484-3付近,,,0895-72-0131,,,,1,1,,,,,,,,,,愛媛県南宇和郡愛南町岩水1484-3付近,E3850600029201,32.942547858308,132.59816030365,matched_by_id
E3850600028201,県道岩水方面上墓地,愛媛県南宇和郡愛南町岩水1483-1,,,0895-72-0131,,,,1,1,,,,,,,,,,愛媛県南宇和郡愛南町岩水1483-1,E3850600028201,32.943263631366,132.59727196219,matched_by_id
E3850600027201,岩水オガタマの木,愛媛県南宇和郡愛南町岩水1373付近,,,0895-72-0131,,,,1,1,,,,,,,,,,愛媛県南宇和郡愛南町岩水1373付近,E3850600027201,32.942129152733,132.60309772017,matched_by_id
E3850600026201,岩水寺上,愛媛県南宇和郡愛南町岩水1255付近,,,0895-72-0131,,,,1,1,,,,,,,,,,愛媛県南宇和郡愛南町岩水1255付近,E3850600026201,32.942574842503,132.60412768843,matched_by_id
E3850600025201,東海公民館,愛媛県南宇和郡愛南町岩水114,,,0895-70-1504,1,1,1,,,1,,,1,275,,,,,愛媛県南宇和郡愛南町岩水114,E3850600025201,32.944683025197,132.60368618651,matched_by_id
E3850600024201,東海公民館上墓地,愛媛県南宇和郡愛南町岩水113,,,0895-72-0131,,,,1,1,,,,,,,,,,愛媛県南宇和郡愛南町岩水113,E3850600024201,32.944316307,132.604138969,matched_by_id
E3850600023201,町道樫月小浦線-樫月奥谷線接点付近,愛媛県南宇和郡愛南町樫月85-2付近,,,0895-72-0131,,,,1,1,,,,,,,,,,愛媛県南宇和郡愛南町樫月85-2付近,E3850600023201,32.951090573067,132.51977189619,matched_by_id
E3850600022202,西海ふれあい公園,愛媛県南宇和郡愛南町樫月212-1,,,0895-72-0131,,,,1,1,,,,,,,,,,愛媛県南宇和郡愛南町樫月212-1,E3850600022202,32.95135275162,132.51790310318,matched_by_id
E3850600022201,西海保健福祉センター,愛媛県南宇和郡愛南町樫月212-１,,,0895-82-0033,1,1,1,,,1,,,1,1100,,,,,愛媛県南宇和郡愛南町樫月212-１,E3850600022201,32.9521269991,132.51724864418,matched_by_id
E3850600021201,町道敦盛柿ノ浦線敦盛側高台,愛媛県南宇和郡愛南町柿ノ浦125付近,,,0895-72-0131,,,,1,1,,,,,,,,,,愛媛県南宇和郡愛南町柿ノ浦125付近,E3850600021201,32.935593441962,132.58856658325,matched_by_id
E3850600020201,垣内東,愛媛県南宇和郡愛南町垣内372,,,0895-72-0131,,,,1,1,,,,,,,,,,愛媛県南宇和郡愛南町垣内372,E3850600020201,32.948862957693,132.60505534233,matched_by_id
E3850600019201,県道宿毛城辺線蓮乗寺方面広場,愛媛県南宇和郡愛南町垣内238付近,,,0895-72-0131,,,,1,1,,,,,,,,,,愛媛県南宇和郡愛南町垣内238付近,E3850600019201,32.949142055544,132.59840346396,matched_by_id
E3850600018201,県道高茂岬方面高台,愛媛県南宇和郡愛南町外泊44付近,,,0895-72-0131,,,,1,1,,,,,,,,,,愛媛県南宇和郡愛南町外泊44付近,E3850600018201,32.939267,132.476136,matched_by_id
E3850600017201,外泊川右岸高台畑,愛媛県南宇和郡愛南町外泊441,,,0895-72-0131,,,,1,1,,,,,,,,,,愛媛県南宇和郡愛南町外泊441,E3850600017201,32.936250081786,132.47851409054,matched_by_id
E3850600016201,寺上,愛媛県南宇和郡愛南町家串944,,,0895-72-0131,,,,1,1,,,,,,,,,,愛媛県南宇和郡愛南町家串944,E3850600016201,33.050042966155,132.47144989787,matched_by_id
E3850600015201,家串公民館,愛媛県南宇和郡愛南町家串907-2,,,0895-85-1121,1,1,1,,,1,,,,147,,,,,愛媛県南宇和郡愛南町家串907-2,E3850600015201,33.049230736923,132.47098711459,matched_by_id
E3850600014201,荒神さま,愛媛県南宇和郡愛南町家串793,,,0895-72-0131,,,,1,1,,,,,,,,,,愛媛県南宇和郡愛南町家串793,E3850600014201,33.0508253408,132.47153572855,matched_by_id
E3850600013201,農道中腹,愛媛県南宇和郡愛南町家串681-1,,,0895-72-0131,,,,1,1,,,,,,,,,,愛媛県南宇和郡愛南町家串681-1,E3850600013201,33.051355894198,132.47118506157,matched_by_id
E3850600012201,県道高台（農道入口付近）,愛媛県南宇和郡愛南町家串333付近,,,0895-72-0131,,,,1,1,,,,,,,,,,愛媛県南宇和郡愛南町家串333付近,E3850600012201,33.05045213997,132.4682795268,matched_by_id
E3850600010201,家串小学校上畑,愛媛県南宇和郡愛南町家串1209-3付近,,,0895-72-0131,,,,1,1,,,,,,,,,,愛媛県南宇和郡愛南町家串1209-3付近,E3850600010201,33.045416022285,132.47127287206,matched_by_id
E3850600009201,家串東,愛媛県南宇和郡愛南町家串1114付近,,,0895-72-0131,,,,1,1,,,,,,,,,,愛媛県南宇和郡愛南町家串1114付近,E3850600009201,33.047520435058,132.47183613595,matched_by_id
E3850600241201,秋葉神社付近,愛媛県南宇和郡愛南町下久家128,,,0895-72-0131,,,,1,1,,,,,,,,,,愛媛県南宇和郡愛南町下久家128,E3850600241201,32.938488344112,132.50922292129,matched_by_id
E3850600007201,県道-町道矢呂線分岐付近,愛媛県南宇和郡愛南町猿鳴54-3,,,0895-72-0131,,,,1,1,,,,,,,,,,愛媛県南宇和郡愛南町猿鳴54-3,E3850600007201,32.974573411352,132.4887892233,matched_by_id
E3850600239201,猿鳴集会所,愛媛県南宇和郡愛南町猿鳴160-2,,,0895-72-0131,,,,1,1,,,,,,,,,,愛媛県南宇和郡愛南町猿鳴160-2,E3850600239201,32.972326047635,132.48552102579,matched_by_id
E3850600238201,町道弓立越田線-高台,愛媛県南宇和郡愛南町越田296付近,,,0895-72-0131,,,,1,1,,,,,,,,,,愛媛県南宇和郡愛南町越田296付近,E3850600238201,32.94814628582,132.53854086903,matched_by_id
E3850600238201,一本松山村開発センター（一本松公民館）,愛媛県南宇和郡愛南町一本松3520,,,0895-84-1252,1,1,1,,,1,,,1,488,,,,,愛媛県南宇和郡愛南町一本松3520,E3850600238201,32.94814628582,132.53854086903,matched_by_id
E3850600108201,町道太郎谷線広場,愛媛県南宇和郡愛南町1632-9,,,0895-72-0131,,,,1,1,,,,,,,,,,愛媛県南宇和郡愛南町1632-9,E3850600108201,32.95813993028,132.57739168725,matched_by_id
E3850600233201,柿崎高台,愛媛県南宇和郡愛南町福浦142,,,0895-72-0131,,,,1,1,,,,,,,,,,愛媛県南宇和郡愛南町福浦142,E3850600233201,32.922292,132.499596,matched_by_id
E3850600234201,東高台,愛媛県南宇和郡愛南町福浦1440,,,0895-72-0131,,,,1,1,,,,,,,,,,愛媛県南宇和郡愛南町福浦1440,E3850600234201,32.913738,132.499334,matched_by_id
E3850600243201,廃フロート処理施設,愛媛県南宇和郡愛南町家串153-2外,,,0895-72-0131,,,,1,1,,,,,,,,,,愛媛県南宇和郡愛南町家串153-2外,E3850600243201,33.051493,132.464436,matched_by_id
