Warning: truncated output (original token count: 318300)
... 224624 bytes omitted ...

{"type":"FeatureCollection","features":[{"type":"Feature","geometry":{"type":"Point","coordinates":[132.7497798,33.84643801]},"properties":{"common_id":"E3820100001201","name":"愛光公園","address_pref":"愛媛県","address_city":"松山市愛光町","address_detail":"395-1","contact":null,"flood":null,"landslide":"1","storm_surge":"1","earthquake":"1","tsunami":"1","large_fire":null,"inland_flood":null,"volcano":null,"shelter_overlap":null,"capacity":"1400","capacity_basis":"1.0","notes":null,"changed":null,"new":null,"address":"愛媛県松山市愛光町395-1","gsi_common_id":"E3820100001201","coordinate_join_method":"matched_by_id"}},{"type":"Feature","geometry":{"type":"Point","coordinates":[132.7773883,33.84001712]},"properties":{"common_id":"E3820100002201","name":"松山商業高等学校グラウンド","address_pref":"愛媛県","address_city":"松山市旭町","address_detail":"71","contact":"(089)941-3751","flood":null,"landslide":"1","storm_surge":"1","earthquake":"1","tsunami":"1","large_fire":null,"inland_flood":null,"volcano":null,"shelter_overlap":"1","capacity":"13854","capacity_basis":"1.0","notes":null,"changed":null,"new":null,"address":"愛媛県松山市旭町71","gsi_common_id":"E3820100002201","coordinate_join_method":"matched_by_id"}},{"type":"Feature","geometry":{"type":"Point","coordinates":[132.7747488,33.93346794]},"properties":{"common_id":"E3820100004201","name":"安岡避難地","address_pref":"愛媛県","address_city":"松山市安岡甲","address_detail":"64","contact":null,"flood":"1","landslide":"1","storm_surge":"1","earthquake":"1","tsunami":"1","large_fire":null,"inland_flood":null,"volcano":null,"shelter_overlap":null,"capacity":"12500","capacity_basis":"1.0","notes":null,"changed":null,"new":null,"address":"愛媛県松山市安岡甲64","gsi_common_id":"E3820100004201","coordinate_join_method":"matched_by_id"}},{"type":"Feature","geometry":{"type":"Point","coordinates":[132.7408482,33.88165353]},"properties":{"common_id":"E3820100006201","name":"安城寺西公園","address_pref":"愛媛県","address_city":"松山市安城寺町","address_detail":"1334-1","contact":null,"flood":null,"landslide":"1","storm_surge":"1","earthquake":"1","tsunami":"1","large_fire":null,"inland_flood":null,"volcano":null,"shelter_overlap":null,"capacity":"1400","capacity_basis":"1.0","notes":null,"changed":null,"new":null,"address":"愛媛県松山市安城寺町1334-1","gsi_common_id":"E3820100006201","coordinate_join_method":"matched_by_id"}},{"type":"Feature","geometry":{"type":"Point","coordinates":[132.7395465,33.87019803]},"properties":{"common_id":"E3820100009201","name":"久枝小学校グラウンド","address_pref":"愛媛県","address_city":"松山市安城寺町","address_detail":"586-1","contact":"(089)925-4437","flood":null,"landslide":"1","storm_surge":"1","earthquake":"1","tsunami":"1","large_fire":null,"inland_flood":null,"volcano":null,"shelter_overlap":"1","capacity":"9311","capacity_basis":"1.0","notes":null,"changed":null,"new":null,"address":"愛媛県松山市安城寺町586-1","gsi_common_id":"E3820100009201","coordinate_join_method":"matched_by_id"}},{"type":"Feature","geometry":{"type":"Point","coordinates":[132.7350722,33.84520539]},"properties":{"common_id":"E3820100010201","name":"学校法人愛光学園グラウンド","address_pref":"愛媛県","address_city":"松山市衣山","address_detail":"5-1610-1","contact":"(089)922-8980","flood":"1","landslide":null,"storm_surge":"1","earthquake":"1","tsunami":"1","large_fire":null,"inland_flood":null,"volcano":null,"shelter_overlap":"1","capacity":"47550","capacity_basis":"1.0","notes":null,"changed":null,"new":null,"address":"愛媛県松山市衣山5-1610-1","gsi_common_id":"E3820100010201","coordinate_join_method":"matched_by_id"}},{"type":"Feature","geometry":{"type":"Point","coordinates":[132.7682185,33.80012386]},"properties":{"common_id":"E3820100014201","name":"松山中央高等学校グラウンド","address_pref":"愛媛県","address_city":"松山市井門町","address_detail":"1220","contact":"(089)957-1022","flood":null,"landslide":"1","storm_surge":"1","earthquake":"1","tsunami":"1","large_fire":null,"inland_flood":null,"volcano":null,"shelter_overlap":"1","capacity":"24186","capacity_basis":"1.0","notes":null,"changed":null,"new":null,"address":"愛媛県松山市井門町1220","gsi_common_id":"E3820100014201","coordinate_join_method":"matched_by_id"}},{"type":"Feature","geometry":{"type":"Point","coordinates":[132.783443,33.79171139]},"properties":{"common_id":"E3820100016201","name":"三島公園","address_pref":"愛媛県","address_city":"松山市井門町","address_detail":"934","contact":null,"flood":null,"landslide":"1","storm_surge":"1","earthquake":"1","tsunami":"1","large_fire":null,"inland_flood":null,"volcano":null,"shelter_overlap":null,"capacity":"2700","capacity_basis":"1.0","notes":null,"changed":null,"new":null,"address":"愛媛県松山市井門町934","gsi_common_id":"E3820100016201","coordinate_join_method":"matched_by_id"}},{"type":"Feature","geometry":{"type":"Point","coordinates":[132.7870463,33.80769579]},"properties":{"common_id":"E3820100021201","name":"石井東小学校グラウンド","address_pref":"愛媛県","address_city":"松山市越智","address_detail":"1-3-35","contact":"(089)957-7545","flood":null,"landslide":"1","storm_surge":"1","earthquake":"1","tsunami":"1","large_fire":null,"inland_flood":null,"volcano":null,"shelter_overlap":"1","capacity":"9180","capacity_basis":"1.0","notes":null,"changed":null,"new":null,"address":"愛媛県松山市越智1-3-35","gsi_common_id":"E3820100021201","coordinate_join_method":"matched_by_id"}},{"type":"Feature","geometry":{"type":"Point","coordinates":[132.7802465,33.81036808]},"properties":{"common_id":"E3820100023201","name":"越智公園","address_pref":"愛媛県","address_city":"松山市越智３－２２１－１外","address_detail":null,"contact":null,"flood":null,"landslide":"1","storm_surge":"1","earthquake":"1","tsunami":"1","large_fire":null,"inland_flood":null,"volcano":null,"shelter_overlap":null,"capacity":"2300","capacity_basis":"1.0","notes":null,"changed":null,"new":null,"address":"愛媛県松山市越智３－２２１－１外","gsi_common_id":"E3820100023201","coordinate_join_method":"matched_by_id"}},{"type":"Feature","geometry":{"type":"Point","coordinates":[132.8358154,33.97546757]},"properties":{"common_id":"E3820100025201","name":"立岩小学校グラウンド","address_pref":"愛媛県","address_city":"松山市猿川原甲","address_detail":"49","contact":"(089)996-0221","flood":"1","landslide":"1","storm_surge":"1","earthquake":"1","tsunami":"1","large_fire":null,"inland_flood":null,"volcano":null,"shelter_overlap":"1","capacity":"5813","capacity_basis":"1.0","notes":null,"changed":null,"new":null,"address":"愛媛県松山市猿川原甲49","gsi_common_id":"E3820100025201","coordinate_join_method":"matched_by_id"}},{"type":"Feature","geometry":{"type":"Point","coordinates":[132.8025546,33.87387799]},"properties":{"common_id":"E3820100031201","name":"旭中学校グラウンド","address_pref":"愛媛県","address_city":"松山市下伊台町","address_detail":"1105-1","contact":"(089)977-4362","flood":null,"landslide":"1","storm_surge":"1","earthquake":"1","tsunami":"1","large_fire":null,"inland_flood":null,"volcano":null,"shelter_overlap":"1","capacity":"8976","capacity_basis":"1.0","notes":null,"changed":null,"new":null,"address":"愛媛県松山市下伊台町1105-1","gsi_common_id":"E3820100031201","coordinate_join_method":"matched_by_id"}},{"type":"Feature","geometry":{"type":"Point","coordinates":[132.79856139254,33.878151434945]},"properties":{"common_id":"E3820100034201","name":"伊台小学校グラウンド","address_pref":"愛媛県","address_city":"松山市下伊台町","address_detail":"1438-1","contact":"(089)977-0201","flood":null,"landslide":null,"storm_surge":"1","earthquake":"1","tsunami":"1","large_fire":null,"inland_flood":null,"volcano":null,"shelter_overlap":"1","capacity":"8070","capacity_basis":"1.0","notes":null,"changed":null,"new":null,"address":"愛媛県松山市下伊台町1438-1","gsi_common_id":"E3820100034201","coordinate_join_method":"matched_by_id"}},{"type":"Feature","geometry":{"type":"Point","coordinates":[132.7991308,33.87786589]},"properties":{"common_id":"E3820100036201","name":"伊台保育園グラウンド","address_pref":"愛媛県","address_city":"松山市下伊台町","address_detail":"1493-1","contact":"(089)977-0335","flood":"1","landslide":"1","storm_surge":"1","earthquake":"1","tsunami":"1","large_fire":null,"inland_flood":null,"volcano":null,"shelter_overlap":"1","capacity":"202","capacity_basis":"1.0","notes":null,"changed":null,"new":null,"address":"愛媛県松山市下伊台町1493-1","gsi_common_id":"E3820100036201","coordinate_join_method":"matched_by_id"}},{"type":"Feature","geometry":{"type":"Point","coordinates":[132.8096238,33.87518635]},"properties":{"common_id":"E3820100037201","name":"向陽第２公園","address_pref":"愛媛県","address_city":"松山市下伊台町","address_detail":"489-102","contact":null,"flood":"1","landslide":null,"storm_surge":"1","earthquake":"1","tsunami":"1","large_fire":null,"inland_flood":null,"volcano":null,"shelter_overlap":null,"capacity":"1500","capacity_basis":"1.0","notes":null,"changed":null,"new":null,"address":"愛媛県松山市下伊台町489-102","gsi_common_id":"E3820100037201","coordinate_join_method":"matched_by_id"}},{"type":"Feature","geometry":{"type":"Point","coordinates":[132.7736915,33.9835598]},"properties":{"common_id":"E3820100042201","name":"北条公園（法橋運動広場）","address_pref":"愛媛県","address_city":"松山市下難波甲","address_detail":"18-10","contact":null,"flood":null,"landslide":"1","storm_surge":null,"earthquake":"1","tsunami":"1","large_fire":null,"inland_flood":null,"volcano":null,"shelter_overlap":null,"capacity":"21700","capacity_basis":"1.0","notes":null,"changed":null,"new":null,"address":"愛媛県松山市下難波甲18-10","gsi_common_id":"E3820100042201","coordinate_join_method":"matched_by_id"}},{"type":"Feature","geometry":{"type":"Point","coordinates":[132.8708725,33.90178287]},"properties":{"common_id":"E3820100045201","name":"日浦中学校グラウンド","address_pref":"愛媛県","address_city":"松山市河中町","address_detail":"188-1","contact":"(089)977-5822","flood":"1","landslide":"1","storm_surge":"1","earthquake":"1","tsunami":"1","large_fire":null,"inland_flood":null,"volcano":null,"shelter_overlap":"1","capacity":"3862","capacity_basis":"1.0","notes":null,"changed":null,"new":null,"address":"愛媛県松山市河中町188-1","gsi_common_id":"E3820100045201","coordinate_join_method":"matched_by_id"}},{"type":"Feature","geometry":{"type":"Point","coordinates":[132.8720182,33.90115037]},"properties":{"common_id":"E3820100047201","name":"日浦小学校グラウンド","address_pref":"愛媛県","address_city":"松山市河中町甲","address_detail":"79-2","contact":"(089)977-2798","flood":"1","landslide":null,"storm_surge":"1","earthquake":"1","tsunami":"1","large_fire":null,"inland_flood":null,"volcano":null,"shelter_overlap":"1","capacity":"6565","capacity_basis":"1.0","notes":null,"changed":null,"new":null,"address":"愛媛県松山市河中町甲79-2","gsi_common_id":"E3820100047201","coordinate_join_method":"matched_by_id"}},{"type":"Feature","geometry":{"type":"Point","coordinates":[132.7678692,33.94512929]},"properties":{"common_id":"E3820100050201","name":"河野中須賀緑地","address_pref":"愛媛県","address_city":"松山市河野中須賀","address_detail":"316-2","contact":null,"flood":null,"landslide":"1","storm_surge":null,"earthquake":"1","tsunami":null,"large_fire":null,"inland_flood":null,"volcano":null,"shelter_overlap":null,"capacity":"200","capacity_basis":"1.0","notes":null,"changed":null,"new":null,"address":"愛媛県松山市河野中須賀316-2","gsi_common_id":"E3820100050201","coordinate_join_method":"matched_by_id"}},{"type":"Feature","geometry":{"type":"Point","coordinates":[132.7804368,33.94629316]},"properties":{"common_id":"E3820100051201","name":"北条南中学校グラウンド","address_pref":"愛媛県","address_city":"松山市河野別府","address_detail":"12","contact":"(089)994-0230","flood":null,"landslide":null,"storm_surge":"1","earthquake":"1","tsunami":"1","large_fire":null,"inland_flood":null,"volcano":null,"shelter_overlap":"1","capacity":"22895","capacity_basis":"1.0","notes":null,"changed":null,"new":null,"address":"愛媛県松山市河野別府12","gsi_common_id":"E3820100051201","coordinate_join_method":"matched_by_id"}},{"type":"Feature","geometry":{"type":"Point","coordinates":[132.78120240704,33.957390973022]},"properties":{"common_id":"E3820100055201","name":"河野別府公園（北条文化の森公園）","address_pref":"愛媛県","address_city":"松山市河野別府","address_detail":"921-1","contact":null,"flood":"1","landslide":"1","storm_surge":"1","earthquake":"1","tsunami":"1","large_fire":null,"inland_flood":null,"volcano":null,"shelter_overlap":null,"capacity":"64500","capacity_basis":"1.0","notes":null,"changed":null,"new":null,"address":"愛媛県松山市河野別府921-1","gsi_common_id":"E3820100055201","coordinate_join_method":"matched_by_id"}},{"type":"Feature","geometry":{"type":"Point","coordinates":[132.7259963,33.86311106]},"properties":{"common_id":"E3820100058201","name":"会津公園","address_pref":"愛媛県","address_city":"松山市会津町","address_detail":"11-6","contact":null,"flood":null,"landslide":"1","storm_surge":null,"earthquake":"1","tsunami":null,"large_fire":null,"inland_flood":null,"volcano":null,"shelter_overlap":null,"capacity":"2100","capacity_basis":"1.0","notes":null,"changed":null,"new":null,"address":"愛媛県松山市会津町11-6","gsi_common_id":"E3820100058201","coordinate_join_method":"matched_by_id"}},{"type":"Feature","geometry":{"type":"Point","coordinates":[132.7281126,33.86366341]},"properties":{"common_id":"E3820100059201","name":"すみれ公園","address_pref":"愛媛県","address_city":"松山市会津町","address_detail":"16-16","contact":null,"flood":null,"landslide":"1","storm_surge":null,"earthquake":"1","tsunami":null,"large_fire":null,"inland_flood":null,"volcano":null,"shelter_overlap":null,"capacity":"600","capacity_basis":"1.0","notes":null,"changed":null,"new":null,"address":"愛媛県松山市会津町16-16","gsi_common_id":"E3820100059201","coordinate_join_method":"matched_by_id"}},{"type":"Feature","geometry":{"type":"Point","coordinates":[132.7505726,33.87348578]},"properties":{"common_id":"E3820100060201","name":"鴨川中学校グラウンド","address_pref":"愛媛県","address_city":"松山市鴨川","address_detail":"2-7-19","contact":"(089)924-9041","flood":null,"landslide":"1","storm_surge":"1","earthquake":"1","tsunami":"1","large_fire":null,"inland_flood":null,"volcano":null,"shelter_overlap":"1","capacity":"6700","capacity_basis":"1.0","notes":null,"changed":null,"new":null,"address":"愛媛県松山市鴨川2-7-19","gsi_common_id":"E3820100060201","coordinate_join_method":"matched_by_id"}},{"type":"Feature","geometry":{"type":"Point","coordinates":[132.7493929,33.87425029]},"properties":{"common_id":"E3820100061201","name":"鴨川公園","address_pref":"愛媛県","address_city":"松山市鴨川","address_detail":"3-1041-1","contact":null,"flood":"1","landslide":"1","storm_surge":"1","earthquake":"1","tsunami":"1","large_fire":null,"inland_flood":null,"volcano":null,"shelter_overlap":null,"capacity":"2500","capacity_basis":"1.0","notes":null,"changed":null,"new":null,"address":"愛媛県松山市鴨川3-1041-1","gsi_common_id":"E3820100061201","coordinate_join_method":"matched_by_id"}},{"type":"Feature","geometry":{"type":"Point","coordinates":[132.7566385,33.85042199]},"properties":{"common_id":"E3820100062201","name":"萱町公園","address_pref":"愛媛県","address_city":"松山市萱町","address_detail":"5-10-1","contact":null,"flood":null,"landslide":"1","storm_surge":"1","earthquake":"1","tsunami":"1","large_fire":null,"inland_flood":null,"volcano":null,"shelter_overlap":null,"capacity":"1400","capacity_basis":"1.0","notes":null,"changed":null,"new":null,"address":"愛媛県松山市萱町5-10-1","gsi_common_id":"E3820100062201","coordinate_join_method":"matched_by_id"}},{"type":"Feature","geometry":{"type":"Point","coordinates":[132.7590802,33.86936626]},"properties":{"common_id":"E3820100064201","name":"吉藤公園","address_pref":"愛媛県","address_city":"松山市吉藤","address_detail":"2-481-1","contact":null,"flood":"1","landslide":"1","storm_surge":"1","earthquake":"1","tsunami":"1","large_fire":null,"inland_flood":null,"volcano":null,"shelter_overlap":null,"capacity":"800","capacity_basis":"1.0","notes":null,"changed":null,"new":null,"address":"愛媛県松山市吉藤2-481-1","gsi_common_id":"E3820100064201","coordinate_join_method":"matched_by_id"}},{"type":"Feature","geometry":{"type":"Point","coordinates":[132.7548337,33.87364451]},"properties":{"common_id":"E3820100066201","name":"潮見小学校グラウンド","address_pref":"愛媛県","address_city":"松山市吉藤","address_detail":"4-7-13","contact":"(089)978-0543","flood":null,"landslide":"1","storm_surge":"1","earthquake":"1","tsunami":"1","large_fire":null,"inland_flood":null,"volcano":null,"shelter_overlap":"1","capacity":"5234","capacity_basis":"1.0","notes":null,"changed":null,"new":null,"address":"愛媛県松山市吉藤4-7-13","gsi_common_id":"E3820100066201","coordinate_join_method":"matched_by_id"}},{"type":"Feature","geometry":{"type":"Point","coordinates":[132.73403318286,33.86059884887]},"properties":{"common_id":"E3820100069201","name":"松山少年鑑別所敷地内駐車場","address_pref":"愛媛県","address_city":"松山市吉野町","address_detail":"3860","contact":null,"flood":"1","landslide":"1","storm_surge":"1","earthquake":"1","tsunami":"1","large_fire":null,"inland_flood":null,"volcano":null,"shelter_overlap":null,"capacity":"970","capacity_basis":"1.0","notes":null,"changed":null,"new":null,"address":"愛媛県松山市吉野町3860","gsi_common_id":"E3820100069201","coordinate_join_method":"matched_by_id"}},{"type":"Feature","geometry":{"type":"Point","coordinates":[132.8250742,33.74942514]},"properties":{"common_id":"E3820100071201","name":"坂本幼稚園グラウンド","address_pref":"愛媛県","address_city":"松山市久谷町","address_detail":"24","contact":"(089)963-1154","flood":null,"landslide":"1","storm_surge":"1","earthquake":"1","tsunami":"1","large_fire":null,"inland_flood":null,"volcano":null,"shelter_overlap":"1","capacity":"895","capacity_basis":"1.0","notes":null,"changed":null,"new":null,"address":"愛媛県松山市久谷町24","gsi_common_id":"E3820100071201","coordinate_join_method":"matched_by_id"}},{"type":"Feature","geometry":{"type":"Point","coordinates":[132.8258733,33.74905182]},"properties":{"common_id":"E3820100072201","name":"坂本小学校グラウンド","address_pref":"愛媛県","address_city":"松山市久谷町","address_detail":"30","contact":"(089)963-1054","flood":null,"landslide":"1","storm_surge":"1","earthquake":"1","tsunami":"1","large_fire":null,"inland_flood":null,"volcano":null,"shelter_overlap":"1","capacity":"4500","capacity_basis":"1.0","notes":null,"changed":null,"new":null,"address":"愛媛県松山市久谷町30","gsi_common_id":"E3820100072201","coordinate_join_method":"matched_by_id"}},{"type":"Feature","geometry":{"type":"Point","coordinates":[132.8309003,33.73565066]},"properties":{"common_id":"E3820100073201","name":"山口公園","address_pref":"愛媛県","address_city":"松山市久谷町６１５－１外","address_detail":null,"contact":null,"flood":"1","landslide":null,"storm_surge":"1","earthquake":"1","tsunami":"1","large_fire":null,"inland_flood":null,"volcano":null,"shelter_overlap":null,"capacity":"2100","capacity_basis":"1.0","notes":null,"changed":null,"new":null,"address":"愛媛県松山市久谷町６１５－１外","gsi_common_id":"E3820100073201","coordinate_join_method":"matched_by_id"}},{"type":"Feature","geometry":{"type":"Point","coordinates":[132.8414387,33.72368989]},"properties":{"common_id":"E3820100076201","name":"奥久谷公園","address_pref":"愛媛県","address_city":"松山市久谷町乙","address_detail":"1067-1","contact":null,"flood":"1","landslide":"1","storm_surge":"1","earthquake":"1","tsunami":"1","large_fire":null,"inland_flood":null,"volcano":null,"shelter_overlap":null,"capacity":"8000","capacity_basis":"1.0","notes":null,"changed":null,"new":null,"address":"愛媛県松山市久谷町乙1067-1","gsi_common_id":"E3820100076201","coordinate_join_method":"matched_by_id"}},{"type":"Feature","geometry":{"type":"Point","coordinates":[132.816471,33.80127305]},"properties":{"common_id":"E3820100079201","name":"窪田小学校グラウンド","address_pref":"愛媛県","address_city":"松山市久米窪田町","address_detail":"307","contact":"(089)970-1533","flood":null,"landslide":"1","storm_surge":"1","earthquake":"1","tsunami":"1","large_fire":null,"inland_flood":null,"volcano":null,"shelter_overlap":"1","capacity":"8370","capacity_basis":"1.0","notes":null,"changed":null,"new":null,"address":"愛媛県松山市久米窪田町307","gsi_common_id":"E3820100079201","coordinate_join_method":"matched_by_id"}},{"type":"Feature","geometry":{"type":"Point","coordinates":[132.8111239,33.80687401]},"properties":{"common_id":"E3820100081201","name":"北窪田公園","address_pref":"愛媛県","address_city":"松山市久米窪田町","address_detail":"938-1","contact":null,"flood":null,"landslide":"1","storm_surge":"1","earthquake":"1","tsunami":"1","large_fire":null,"inland_flood":null,"volcano":null,"shelter_overlap":null,"capacity":"1800","capacity_basis":"1.0","notes":null,"changed":null,"new":null,"address":"愛媛県松山市久米窪田町938-1","gsi_common_id":"E3820100081201","coordinate_join_method":"matched_by_id"}},{"type":"Feature","geometry":{"type":"Point","coordinates":[132.7657698,33.93977683]},"properties":{"common_id":"E3820100083201","name":"久保公園","address_pref":"愛媛県","address_city":"松山市久保","address_detail":"399-1","contact":null,"flood":null,"landslide":"1","storm_surge":null,"earthquake":"1","tsunami":null,"large_fire":null,"inland_flood":null,"volcano":null,"shelter_overlap":null,"capacity":"1900","capacity_basis":"1.0","notes":null,"changed":null,"new":null,"address":"愛媛県松山市久保399-1","gsi_common_id":"E3820100083201","coordinate_join_method":"matched_by_id"}},{"type":"Feature","geometry":{"type":"Point","coordinates":[132.7411481,33.85678964]},"properties":{"common_id":"E3820100085201","name":"学校法人松山聖陵学園松山聖陵高等学校グラウンド","address_pref":"愛媛県","address_city":"松山市久万ノ台","address_detail":"1112","contact":"(089)924-8783","flood":"1","landslide":"1","storm_surge":"1","earthquake":"1","tsunami":"1","large_fire":null,"inland_flood":null,"volcano":null,"shelter_overlap":"1","capacity":"13434","capacity_basis":"1.0","notes":null,"changed":null,"new":null,"address":"愛媛県松山市久万ノ台1112","gsi_common_id":"E3820100085201","coordinate_join_method":"matched_by_id"}},{"type":"Feature","geometry":{"type":"Point","coordinates":[132.74916703068,33.856428846184]},"properties":{"common_id":"E3820100086201","name":"松山盲学校グラウンド","address_pref":"愛媛県","address_city":"松山市久万ノ台","address_detail":"112","contact":"(089)922-3655","flood":null,"landslide":"1","storm_surge":"1","earthquake":"1","tsunami":"1","large_fire":null,"inland_flood":null,"volcano":null,"shelter_overlap":"1","capacity":"5510","capacity_basis":"1.0","notes":null,"changed":null,"new":null,"address":"愛媛県松山市久万ノ台112","gsi_common_id":"E3820100086201","coordinate_join_method":"matched_by_id"}},{"type":"Feature","geometry":{"type":"Point","coordinates":[132.7373549,33.85777675]},"properties":{"common_id":"E3820100087201","name":"久万ノ台緑地","address_pref":"愛媛県","address_city":"松山市久万ノ台","address_detail":"1421-1","contact":null,"flood":"1","landslide":"1","storm_surge":"1","earthquake":"1","tsunami":"1","large_fire":null,"inland_flood":null,"volcano":null,"shelter_overlap":null,"capacity":"12000","capacity_basis":"1.0","notes":null,"changed":null,"new":null,"address":"愛媛県松山市久万ノ台1421-1","gsi_common_id":"E3820100087201","coordinate_join_method":"matched_by_id"}},{"type":"Feature","geometry":{"type":"Point","coordinates":[132.7375535,33.85993135]},"properties":{"common_id":"E3820100088201","name":"松山西中等教育学校グラウンド","address_pref":"愛媛県","address_city":"松山市久万ノ台","address_detail":"1485-4","contact":"(089)922-8931","flood":"1","landslide":"1","storm_surge":"1","earthquake":"1","tsunami":"1","large_fire":null,"inland_flood":null,"volcano":null,"shelter_overlap":"1","capacity":"21807","capacity_basis":"1.0","notes":null,"changed":null,"new":null,"address":"愛媛県松山市久万ノ台1485-4","gsi_common_id":"E3820100088201","coordinate_join_method":"matched_by_id"}},{"type":"Feature","geometry":{"type":"Point","coordinates":[132.7376076,33.86474775]},"properties":{"common_id":"E3820100089201","name":"松山大学久万ノ台グラウンド","address_pref":"愛媛県","address_city":"松山市久万ノ台","address_detail":"1644","contact":null,"flood":"1","landslide":"1","storm_surge":"1","earthquake":"1","tsunami":"1","large_fire":null,"inland_flood":null,"volcano":null,"shelter_overlap":null,"capacity":"46200","capacity_basis":"1.0","notes":null,"changed":null,"new":null,"address":"愛媛県松山市久万ノ台1644","gsi_common_id":"E3820100089201","coordinate_join_method":"matched_by_id"}},{"type":"Feature","geometry":{"type":"Point","coordinates":[132.7388951,33.8604024]},"properties":{"common_id":"E3820100091201","name":"久万ノ台公園","address_pref":"愛媛県","address_city":"松山市久万ノ台乙１７４９－１外","address_detail":null,"contact":null,"flood":"1","landslide":"1","storm_surge":"1","earthquake":"1","tsunami":"1","large_fire":null,"inland_flood":null,"volcano":null,"shelter_overlap":null,"capacity":"11300","capacity_basis":"1.0","notes":null,"changed":null,"new":null,"address":"愛媛県松山市久万ノ台乙１７４９－１外","gsi_common_id":"E3820100091201","coordinate_join_method":"matched_by_id"}},{"type":"Feature","geometry":{"type":"Point","coordinates":[132.7533506,33.84763794]},"properties":{"common_id":"E3820100092201","name":"味酒小学校グラウンド","address_pref":"愛媛県","address_city":"松山市宮西","address_detail":"2-2-21","contact":"(089)925-1447","flood":null,"landslide":"1","storm_surge":"1","earthquake":"1","tsunami":"1","large_fire":null,"inland_flood":null,"volcano":null,"shelter_overlap":"1","capacity":"5503","capacity_basis":"1.0","notes":null,"changed":null,"new":null,"address":"愛媛県松山市宮西2-2-21","gsi_common_id":"E3820100092201","coordinate_join_method":"matched_by_id"}},{"type":"Feature","geometry":{"type":"Point","coordinates":[132.7855949,33.95048211]},"properties":{"common_id":"E3820100094201","name":"河野小学校グラウンド","address_pref":"愛媛県","address_city":"松山市宮内甲","address_detail":"9-1","contact":"(089)993-0160","flood":null,"landslide":"1","storm_surge":"1","earthquake":"1","tsunami":"1","large_fire":null,"inland_flood":null,"volcano":null,"shelter_overlap":"1","capacity":"7886","capacity_basis":"1.0","notes":null,"changed":null,"new":null,"address":"愛媛県松山市宮内甲9-1","gsi_common_id":"E3820100094201","coordinate_join_method":"matched_by_id"}},{"type":"Feature","geometry":{"type":"Point","coordinates":[132.7720277,33.80880115]},"properties":{"common_id":"E3820100097201","name":"椿公園","address_pref":"愛媛県","address_city":"松山市居相","address_detail":"4-274-4","contact":null,"flood":null,"landslide":"1","storm_surge":"1","earthquake":"1","tsunami":"1","large_fire":null,"inland_flood":null,"volcano":null,"shelter_overlap":null,"capacity":"1000","capacity_basis":"1.0","notes":null,"changed":null,"new":null,"address":"愛媛県松山市居相4-274-4","gsi_common_id":"E3820100097201","coordinate_join_method":"matched_by_id"}},{"type":"Feature","geometry":{"type":"Point","coordinates":[132.7503708,33.8274808]},"properties":{"common_id":"E3820100099201","name":"空港通１，２公園","address_pref":"愛媛県","address_city":"松山市空港通１－２４７外","address_detail":null,"contact":null,"flood":null,"landslide":"1","storm_surge":"1","earthquake":"1","tsunami":"1","large_fire":null,"inland_flood":null,"volcano":null,"shelter_overlap":null,"capacity":"4000","capacity_basis":"1.0","notes":null,"changed":null,"new":null,"address":"愛媛県松山市空港通１－２４７外","gsi_common_id":"E3820100099201","coordinate_join_method":"matched_by_id"}},{"type":"Feature","geometry":{"type":"Point","coordinates":[132.7331803,33.82679938]},"properties":{"common_id":"E3820100100201","name":"済美平成中等教育学校グラウンド","address_pref":"愛媛県","address_city":"松山市空港通","address_detail":"5-6-3","contact":"(089)965-1551","flood":null,"landslide":"1","storm_surge":"1","earthquake":"1","tsunami":"1","large_fire":null,"inland_flood":null,"volcano":null,"shelter_overlap":"1","capacity":"16025","capacity_basis":"1.0","notes":null,"changed":null,"new":null,"address":"愛媛県松山市空港通5-6-3","gsi_common_id":"E3820100100201","coordinate_join_method":"matched_by_id"}},{"type":"Feature","geometry":{"type":"Point","coordinates":[132.8382987,33.74042768]},"properties":{"common_id":"E3820100103201","name":"窪野公園","address_pref":"愛媛県","address_city":"松山市窪野町甲","address_detail":"295-1","contact":null,"flood":"1","landslide":null,"storm_surge":"1","earthquake":"1","tsunami":"1","large_fire":null,"inland_flood":null,"volcano":null,"shelter_overlap":null,"capacity":"2400","capacity_basis":"1.0","notes":null,"changed":null,"new":null,"address":"愛媛県松山市窪野町甲295-1","gsi_common_id":"E3820100103201","coordinate_join_method":"matched_by_id"}},{"type":"Feature","geometry":{"type":"Point","coordinates":[132.7965033,33.83288688]},"properties":{"common_id":"E3820100107201","name":"松山東雲女子大学・短期大学グラウンド","address_pref":"愛媛県","address_city":"松山市桑原","address_detail":"3-2-1","contact":"(089)931-6211","flood":"1","landslide":"1","storm_surge":"1","earthquake":"1","tsunami":"1","large_fire":null,"inland_flood":null,"volcano":null,"shelter_overlap":"1","capacity":"3848","capacity_basis":"1.0","notes":null,"changed":null,"new":null,"address":"愛媛県松山市桑原3-2-1","gsi_common_id":"E3820100107201","coordinate_join_method":"matched_by_id"}},{"type":"Feature","geometry":{"type":"Point","coordinates":[132.7946,33.83471669]},"properties":{"common_id":"E3820100108201","name":"桑原小学校グラウンド","address_pref":"愛媛県","address_city":"松山市桑原","address_detail":"3-7-27","contact":"(089)945-5051","flood":null,"landslide":"1","storm_surge":"1","earthquake":"1","tsunami":"1","large_fire":null,"inland_flood":null,"volcano":null,"shelter_overlap":"1","capacity":"8105","capacity_basis":"1.0","notes":null,"changed":null,"new":null,"address":"愛媛県松山市桑原3-7-27","gsi_common_id":"E3820100108201","coordinate_join_method":"matched_by_id"}},{"type":"Feature","geometry":{"type":"Point","coordinates":[132.7945902,33.83247794]},"properties":{"common_id":"E3820100109201","name":"桑原保育園グラウンド","address_pref":"愛媛県","address_city":"松山市桑原","address_detail":"4-10-22","contact":"(089)931-0828","flood":"1","landslide":"1","storm_surge":"1","earthquake":"1","tsunami":"1","large_fire":null,"inland_flood":null,"volcano":null,"shelter_overlap":"1","capacity":"707","capacity_basis":"1.0","notes":null,"changed":null,"new":null,"address":"愛媛県松山市桑原4-10-22","gsi_common_id":"E3820100109201","coordinate_join_method":"matched_by_id"}},{"type":"Feature","geometry":{"type":"Point","coordinates":[132.7940325,33.83061868]},"properties":{"common_id":"E3820100110201","name":"経石山公園","address_pref":"愛媛県","address_city":"松山市桑原４－４０８外","address_detail":null,"contact":null,"flood":"1","landslide":"1","storm_surge":"1","earthquake":"1","tsunami":"1","large_fire":null,"inland_flood":null,"volcano":null,"shelter_overlap":null,"capacity":"1200","capacity_basis":"1.0","notes":null,"changed":null,"new":null,"address":"愛媛県松山市桑原４－４０８外","gsi_common_id":"E3820100110201","coordinate_join_method":"matched_by_id"}},{"type":"Feature","geometry":{"type":"Point","coordinates":[132.8092623,33.76592346]},"properties":{"common_id":"E3820100112201","name":"恵原公園","address_pref":"愛媛県","address_city":"松山市恵原町甲","address_detail":"445-1","contact":null,"flood":"1","landslide":"1","storm_surge":"1","earthquake":"1","tsunami":"1","large_fire":null,"inland_flood":null,"volcano":null,"shelter_overlap":null,"capacity":"2100","capacity_basis":"1.0","notes":null,"changed":null,"new":null,"address":"愛媛県松山市恵原町甲445-1","gsi_common_id":"E3820100112201","coordinate_join_method":"matched_by_id"}},{"type":"Feature","geometry":{"type":"Point","coordinates":[132.7638115,33.90108433]},"properties":{"common_id":"E3820100116201","name":"権現公園","address_pref":"愛媛県","address_city":"松山市権現町甲１６２－１外","address_detail":null,"contact":null,"flood":"1","landslide":"1","storm_surge":"1","earthquake":"1","tsunami":"1","large_fire":null,"inland_flood":null,"volcano":null,"shelter_overlap":null,"capacity":"2000","capacity_basis":"1.0","notes":null,"changed":null,"new":null,"address":"愛媛県松山市権現町甲１６２－１外","gsi_common_id":"E3820100116201","coordinate_join_method":"matched_by_id"}},{"type":"Feature","geometry":{"type":"Point","coordinates":[132.5490908,33.97296094]},"properties":{"common_id":"E3820100118201","name":"怒和小学校グラウンド","address_pref":"愛媛県","address_city":"松山市元怒和甲","address_detail":"8-2","contact":"(089)999-0234","flood":"1","landslide":null,"storm_surge":null,"earthquake":"1","tsunami":null,"large_fire":null,"inland_flood":null,"volcano":null,"shelter_overlap":"1","capacity":"2500","capacity_basis":"1.0","notes":null,"changed":null,"new":null,"address":"愛媛県松山市元怒和甲8-2","gsi_common_id":"E3820100118201","coordinate_join_method":"matched_by_id"}},{"type":"Feature","geometry":{"type":"Point","coordinates":[132.5427031,33.97541901]},"properties":{"common_id":"E3820100119201","name":"元怒和保育所グラウンド","address_pref":"愛媛県","address_city":"松山市元怒和甲","address_detail":"925-1","contact":"(089)999-0001","flood":"1","landslide":null,"storm_surge":null,"earthquake":"1","tsunami":"1","large_fire":null,"inland_flood":null,"volcano":null,"shelter_overlap":"1","capacity":"173","capacity_basis":"1.0","notes":null,"changed":null,"new":null,"address":"愛媛県松山市元怒和甲925-1","gsi_common_id":"E3820100119201","coordinate_join_method":"matched_by_id"}},{"type":"Feature","geometry":{"type":"Point","coordinates":[132.7233844,33.85694053]},"properties":{"common_id":"E3820100120201","name":"宮前公園","address_pref":"愛媛県","address_city":"松山市古三津","address_detail":"1-1479-2","contact":null,"flood":null,"landslide":"1","storm_surge":null,"earthquake":"1","tsunami":null,"large_fire":null,"inland_flood":null,"volcano":null,"shelter_overlap":null,"capacity":"2900","capacity_basis":"1.0","notes":null,"changed":null,"new":null,"address":"愛媛県松山市古三津1-1479-2","gsi_common_id":"E3820100120201","coordinate_join_method":"matched_by_id"}},{"type":"Feature","geometry":{"type":"Point","coordinates":[132.7587037,33.80793499]},"properties":{"common_id":"E3820100126201","name":"古川公園","address_pref":"愛媛県","address_city":"松山市古川西","address_detail":"2-1044-1","contact":null,"flood":null,"landslide":"1","storm_surge":"1","earthquake":"1","tsunami":"1","large_fire":null,"inland_flood":null,"volcano":null,"shelter_overlap":null,"capacity":"2500","capacity_basis":"1.0","notes":null,"changed":null,"new":null,"address":"愛媛県松山市古川西2-1044-1","gsi_common_id":"E3820100126201","coordinate_join_method":"matched_by_id"}},{"type":"Feature","geometry":{"type":"Point","coordinates":[132.7638528,33.80495561]},"properties":{"common_id":"E3820100130201","name":"古川南公園","address_pref":"愛媛県","address_city":"松山市古川南３－７９２－２外","address_detail":null,"contact":null,"flood":null,"landslide":"1","storm_surge":"1","earthquake":"1","tsunami":"1","large_fire":null,"inland_flood":null,"volcano":null,"shelter_overlap":null,"capacity":"1800","capacity_basis":"1.0","notes":null,"changed":null,"new":null,"address":"愛媛県松山市古川南３－７９２－２外","gsi_common_id":"E3820100130201","coordinate_join_method":"matched_by_id"}},{"type":"Feature","geometry":{"type":"Point","coordinates":[132.7627644,33.81392043]},"properties":{"common_id":"E3820100131201","name":"北古川公園","address_pref":"愛媛県","address_city":"松山市古川北","address_detail":"1-135-1","contact":null,"flood":null,"landslide":"1","storm_surge":"1","earthquake":"1","tsunami":"1","large_fire":null,"inland_flood":null,"volcano":null,"shelter_overlap":null,"capacity":"1600","capacity_basis":"1.0","notes":null,"changed":null,"new":null,"address":"愛媛県松山市古川北1-135-1","gsi_common_id":"E3820100131201","coordinate_join_method":"matched_by_id"}},{"type":"Feature","geometry":{"type":"Point","coordinates":[132.7627923,33.81282758]},"properties":{"common_id":"E3820100132201","name":"つばき保育園グラウンド","address_pref":"愛媛県","address_city":"松山市古川北","address_detail":"2-18-30","contact":"(089)956-7670","flood":null,"landslide":"1","storm_surge":"1","earthquake":"1","tsunami":"1","large_fire":null,"inland_flood":null,"volcano":null,"shelter_overlap":"1","capacity":"1714","capacity_basis":"1.0","notes":null,"changed":null,"new":null,"address":"愛媛県松山市古川北2-18-30","gsi_common_id":"E3820100132201","coordinate_join_method":"matched_by_id"}},{"type":"Feature","geometry":{"type":"Point","coordinates":[132.7655169,33.85501806]},"properties":{"common_id":"E3820100133201","name":"学校法人松山大学御幸キャンパスグラウンド","address_pref":"愛媛県","address_city":"松山市御幸１－３２０－１外","address_detail":null,"contact":"(089)926-7271","flood":null,"landslide":null,"storm_surge":"1","earthquake":"1","tsunami":"1","large_fire":null,"inland_flood":null,"volcano":null,"shelter_overlap":"1","capacity":"30868","capacity_basis":"1.0","notes":null,"changed":null,"new":null,"address":"愛媛県松山市御幸１－３２０－１外","gsi_common_id":"E3820100133201","coordinate_join_method":"matched_by_id"}},{"type":"Feature","geometry":{"type":"Point","coordinates":[132.764934,33.92400512]},"properties":{"common_id":"E3820100136201","name":"光洋台緑地Ｃ","address_pref":"愛媛県","address_city":"松山市光洋台","address_detail":"1-68","contact":null,"flood":"1","landslide":null,"storm_surge":"1","earthquake":"1","tsunami":"1","large_fire":null,"inland_flood":null,"volcano":null,"shelter_overlap":null,"capacity":"300","capacity_basis":"1.0","notes":null,"changed":null,"new":null,"address":"愛媛県松山市光洋台1-68","gsi_common_id":"E3820100136201","coordinate_join_method":"matched_by_id"}},{"type":"Feature","geometry":{"type":"Point","coordinates":[132.7621713,33.92071111]},"properties":{"common_id":"E3820100137201","name":"光洋台緑地Ａ","address_pref":"愛媛県","address_city":"松山市光洋台","address_detail":"3-34","contact":null,"flood":"1","landslide":null,"storm_surge":"1","earthquake":"1","tsunami":"1","large_fire":null,"inland_flood":null,"volcano":null,"shelter_overlap":null,"capacity":"600","capacity_basis":"1.0","notes":null,"changed":null,"new":null,"address":"愛媛県松山市光洋台3-34","gsi_common_id":"E3820100137201","coordinate_join_method":"matched_by_id"}},{"type":"Feature","geometry":{"type":"Point","coordinates":[132.7617099,33.92309042]},"properties":{"common_id":"E3820100138201","name":"光洋台緑地Ｂ","address_pref":"愛媛県","address_city":"松山市光洋台","address_detail":"7-58","contact":null,"flood":"1","landslide":null,"storm_surge":"1","earthquake":"1","tsunami":"1","large_fire":null,"inland_flood":null,"volcano":null,"shelter_overlap":null,"capacity":"2700","capacity_basis":"1.0","notes":null,"changed":null,"new":null,"address":"愛媛県松山市光洋台7-58","gsi_common_id":"E3820100138201","coordinate_join_method":"matched_by_id"}},{"type":"Feature","geometry":{"type":"Point","coordinates":[132.7154274,33.86871002]},"properties":{"common_id":"E3820100139201","name":"観月山公園","address_pref":"愛媛県","address_city":"松山市港山町","address_detail":"2021","contact":null,"flood":"1","landslide":null,"storm_surge":null,"earthquake":"1","tsunami":"1","large_fire":null,"inland_flood":null,"volcano":null,"shelter_overlap":null,"capacity":"2600","capacity_basis":"1.0","notes":null,"changed":null,"new":null,"address":"愛媛県松山市港山町2021","gsi_common_id":"E3820100139201","coordinate_join_method":"matched_by_id"}},{"type":"Feature","geometry":{"type":"Point","coordinates":[132.8069588,33.84742287]},"properties":{"common_id":"E3820100143201","name":"八白公園","address_pref":"愛媛県","address_city":"松山市溝辺町甲","address_detail":"135","contact":null,"flood":"1","landslide":"1","storm_surge":"1","earthquake":"1","tsunami":"1","large_fire":null,"inland_flood":null,"volcano":null,"shelter_overlap":null,"capacity":"3100","capacity_basis":"1.0","notes":null,"changed":null,"new":null,"address":"愛媛県松山市溝辺町甲135","gsi_common_id":"E3820100143201","coordinate_join_method":"matched_by_id"}},{"type":"Feature","geometry":{"type":"Point","coordinates":[132.8074828,33.85175897]},"properties":{"common_id":"E3820100146201","name":"神前公園","address_pref":"愛媛県","address_city":"松山市溝辺町甲","address_detail":"437-4","contact":null,"flood":null,"landslide":"1","storm_surge":"1","earthquake":"1","tsunami":"1","large_fire":null,"inland_flood":null,"volcano":null,"shelter_overlap":null,"capacity":"2300","capacity_basis":"1.0","notes":null,"changed":null,"new":null,"address":"愛媛県松山市溝辺町甲437-4","gsi_common_id":"E3820100146201","coordinate_join_method":"matched_by_id"}},{"type":"Feature","geometry":{"type":"Point","coordinates":[132.8058222,33.85265926]},"properties":{"common_id":"E3820100147201","name":"湯山中学校グラウンド","address_pref":"愛媛県","address_city":"松山市溝辺町甲","address_detail":"508-1","contact":"(089)977-0402","flood":null,"landslide":null,"storm_surge":"1","earthquake":"1","tsunami":"1","large_fire":null,"inland_flood":null,"volcano":null,"shelter_overlap":"1","capacity":"8942","capacity_basis":"1.0","notes":null,"changed":null,"new":null,"address":"愛媛県松山市溝辺町甲508-1","gsi_common_id":"E3820100147201","coordinate_join_method":"matched_by_id"}},{"type":"Feature","geometry":{"type":"Point","coordinates":[132.8065088,33.85290874]},"properties":{"common_id":"E3820100148201","name":"小百合保育園グラウンド","address_pref":"愛媛県","address_city":"松山市溝辺町甲","address_detail":"528","contact":"(089)977-0228","flood":null,"landslide":"1","storm_surge":"1","earthquake":"1","tsunami":"1","large_fire":null,"inland_flood":null,"volcano":null,"shelter_overlap":"1","capacity":"513","capacity_basis":"1.0","notes":null,"changed":null,"new":null,"address":"愛媛県松山市溝辺町甲528","gsi_common_id":"E3820100148201","coordinate_join_method":"matched_by_id"}},{"type":"Feature","geometry":{"type":"Point","coordinates":[132.8033225,33.85328465]},"properties":{"common_id":"E3820100149201","name":"溝辺公園","address_pref":"愛媛県","address_city":"松山市溝辺町甲７２１－４外","address_detail":null,"contact":null,"flood":"1","landslide":null,"storm_surge":"1","earthquake":"1","tsunami":"1","large_fire":null,"inland_flood":null,"volcano":null,"shelter_overlap":null,"capacity":"1800","capacity_basis":"1.0","notes":null,"changed":null,"new":null,"address":"愛媛県松山市溝辺町甲７２１－４外","gsi_common_id":"E3820100149201","coordinate_join_method":"matched_by_id"}},{"type":"Feature","geometry":{"type":"Point","coordinates":[132.812292,33.79525232]},"properties":{"common_id":"E3820100151201","name":"たかい公園","address_pref":"愛媛県","address_city":"松山市高井町１１０５外","address_detail":null,"contact":null,"flood":null,"landslide":"1","storm_surge":"1","earthquake":"1","tsunami":"1","large_fire":null,"inland_flood":null,"volcano":null,"shelter_overlap":null,"capacity":"1800","capacity_basis":"1.0","notes":null,"changed":null,"new":null,"address":"愛媛県松山市高井町１１０５外","gsi_common_id":"E3820100151201","coordinate_join_method":"matched_by_id"}},{"type":"Feature","geometry":{"type":"Point","coordinates":[132.7174712,33.82570951]},"properties":{"common_id":"E3820100154201","name":"西中学校グラウンド","address_pref":"愛媛県","address_city":"松山市高岡町","address_detail":"409","contact":"(089)971-6226","flood":null,"landslide":"1","storm_surge":null,"earthquake":"1","tsunami":"1","large_fire":null,"inland_flood":null,"volcano":null,"shelter_overlap":"1","capacity":"11564","capacity_basis":"1.0","notes":null,"changed":null,"new":null,"address":"愛媛県松山市高岡町409","gsi_common_id":"E3820100154201","coordinate_join_method":"matched_by_id"}},{"type":"Feature","geometry":{"type":"Point","coordinates":[132.7243292,33.82597662]},"properties":{"common_id":"E3820100155201","name":"高岡みなみ公園","address_pref":"愛媛県","address_city":"松山市高岡町","address_detail":"46-1","contact":null,"flood":null,"landslide":"1","storm_surge":"1","earthquake":"1","tsunami":"1","large_fire":null,"inland_flood":null,"volcano":null,"shelter_overlap":null,"capacity":"1000","capacity_basis":"1.0","notes":null,"changed":null,"new":null,"address":"愛媛県松山市高岡町46-1","gsi_common_id":"E3820100155201","coordinate_join_method":"matched_by_id"}},{"type":"Feature","geometry":{"type":"Point","coordinates":[132.7211807,33.83197286]},"properties":{"common_id":"E3820100157201","name":"高岡中央公園","address_pref":"愛媛県","address_city":"松山市高岡町５８２－５外","address_detail":null,"contact":null,"flood":null,"landslide":"1","storm_surge":"1","earthquake":"1","tsunami":"1","large_fire":null,"inland_flood":null,"volcano":null,"shelter_overlap":null,"capacity":"1100","capacity_basis":"1.0","notes":null,"changed":null,"new":null,"address":"愛媛県松山市高岡町５８２－５外","gsi_common_id":"E3820100157201","coordinate_join_method":"matched_by_id"}},{"type":"Feature","geometry":{"type":"Point","coordinates":[132.71587,33.83218201]},"properties":{"common_id":"E3820100158201","name":"生石小学校グラウンド","address_pref":"愛媛県","address_city":"松山市高岡町","address_detail":"630-3","contact":"(089)972-1219","flood":null,"landslide":"1","storm_surge":"1","earthquake":"1","tsunami":"1","large_fire":null,"inland_flood":null,"volcano":null,"shelter_overlap":"1","capacity":"8981","capacity_basis":"1.0","notes":null,"changed":null,"new":null,"address":"愛媛県松山市高岡町630-3","gsi_common_id":"E3820100158201","coordinate_join_method":"matched_by_id"}},{"type":"Feature","geometry":{"type":"Point","coordinates":[132.7178298,33.83527803]},"properties":{"common_id":"E3820100159201","name":"若宮公園","address_pref":"愛媛県","address_city":"松山市高岡町","address_detail":"783-29","contact":null,"flood":null,"landslide":"1","storm_surge":"1","earthquake":"1","tsunami":"1","large_fire":null,"inland_flood":null,"volcano":null,"shelter_overlap":null,"capacity":"1400","capacity_basis":"1.0","notes":null,"changed":null,"new":null,"address":"愛媛県松山市高岡町783-29","gsi_common_id":"E3820100159201","coordinate_join_method":"matched_by_id"}},{"type":"Feature","geometry":{"type":"Point","coordinates":[132.71394,33.83175094]},"properties":{"common_id":"E3820100160201","name":"高岡第一公園","address_pref":"愛媛県","address_city":"松山市高岡町","address_detail":"835-1","contact":null,"flood":null,"landslide":"1","storm_surge":"1","earthquake":"1","tsunami":"1","large_fire":null,"inland_flood":null,"volcano":null,"shelter_overlap":null,"capacity":"2400","capacity_basis":"1.0","notes":null,"changed":null,"new":null,"address":"愛媛県松山市高岡町835-1","gsi_common_id":"E3820100160201","coordinate_join_method":"matched_by_id"}},{"type":"Feature","geometry":{"type":"Point","coordinates":[132.7127646,33.83062292]},"properties":{"common_id":"E3820100161201","name":"生石保育園グラウンド","address_pref":"愛媛県","address_city":"松山市高岡町","address_detail":"860-1","contact":"(089)972-0803","flood":null,"landslide":"1","storm_surge":null,"earthquake":"1","tsunami":"1","large_fire":null,"inland_flood":null,"volcano":null,"shelter_overlap":"1","capacity":"248","capacity_basis":"1.0","notes":null,"changed":null,"new":null,"address":"愛媛県松山市高岡町860-1","gsi_common_id":"E3820100161201","coordinate_join_method":"matched_by_id"}},{"type":"Feature","geometry":{"type":"Point","coordinates":[132.7032121,33.88680659]},"properties":{"common_id":"E3820100165201","name":"ことひら公園","address_pref":"愛媛県","address_city":"松山市高浜町４丁目乙","address_detail":"74","contact":null,"flood":"1","landslide":null,"storm_surge":null,"earthquake":"1","tsunami":"1","large_fire":null,"inland_flood":null,"volcano":null,"shelter_overlap":null,"capacity":"500","capacity_basis":"1.0","notes":null,"changed":null,"new":null,"address":"愛媛県松山市高浜町４丁目乙74","gsi_common_id":"E3820100165201","coordinate_join_method":"matched_by_id"}},{"type":"Feature","geometry":{"type":"Point","coordinates":[132.7083056,33.89305823]},"properties":{"common_id":"E3820100166201","name":"高浜保育園グラウンド","address_pref":"愛媛県","address_city":"松山市高浜町","address_detail":"6-1674","contact":"(089)951-0965","flood":"1","landslide":null,"storm_surge":null,"earthquake":"1","tsunami":null,"large_fire":null,"inland_flood":null,"volcano":null,"shelter_overlap":"1","capacity":"506","capacity_basis":"1.0","notes":null,"changed":null,"new":null,"address":"愛媛県松山市高浜町6-1674","gsi_common_id":"E3820100166201","coordinate_join_method":"matched_by_id"}},{"type":"Feature","geometry":{"type":"Point","coordinates":[132.7076465,33.89521699]},"properties":{"common_id":"E3820100167201","name":"高浜公園","address_pref":"愛媛県","address_city":"松山市高浜町","address_detail":"6-2255-1","contact":null,"flood":"1","landslide":null,"storm_surge":null,"earthquake":"1","tsunami":null,"large_fire":null,"inland_flood":null,"volcano":null,"shelter_overlap":null,"capacity":"1000","capacity_basis":"1.0","notes":null,"changed":null,"new":null,"address":"愛媛県松山市高浜町6-2255-1","gsi_common_id":"E3820100167201","coordinate_join_method":"matched_by_id"}},{"type":"Feature","geometry":{"type":"Point","coordinates":[132.8115722,33.85484919]},"properties":{"common_id":"E3820100168201","name":"たかの夢公園","address_pref":"愛媛県","address_city":"松山市高野町甲","address_detail":"76-4","contact":null,"flood":"1","landslide":null,"storm_surge":"1","earthquake":"1","tsunami":"1","large_fire":null,"inland_flood":null,"volcano":null,"shelter_overlap":null,"capacity":"1200","capacity_basis":"1.0","notes":null,"changed":null,"new":null,"address":"愛媛県松山市高野町甲76-4","gsi_common_id":"E3820100168201","coordinate_join_method":"matched_by_id"}},{"type":"Feature","geometry":{"type":"Point","coordinates":[132.7809061,33.84019015]},"properties":{"common_id":"E3820100170201","name":"八雲保育園グラウンド","address_pref":"愛媛県","address_city":"松山市此花町","address_detail":"1-8","contact":"(089)941-9771","flood":null,"landslide":"1","storm_surge":"1","earthquake":"1","tsunami":"1","large_fire":null,"inland_flood":null,"volcano":null,"shelter_overlap":null,"capacity":"1690","capacity_basis":"1.0","notes":null,"changed":null,"new":null,"address":"愛媛県松山市此花町1-8","gsi_common_id":"E3820100170201","coordinate_join_method":"matched_by_id"}},{"type":"Feature","geometry":{"type":"Point","coordinates":[132.790841,33.80460022]},"properties":{"common_id":"E3820100171201","name":"今在家公園","address_pref":"愛媛県","address_city":"松山市今在家３－３１３－１外","address_detail":null,"contact":null,"flood":null,"landslide":"1","storm_surge":"1","earthquake":"1","tsunami":"1","large_fire":null,"inland_flood":null,"volcano":null,"shelter_overlap":null,"capacity":"2000","capacity_basis":"1.0","notes":null,"changed":null,"new":null,"address":"愛媛県松山市今在家３－３１３－１外","gsi_common_id":"E3820100171201","coordinate_join_method":"matched_by_id"}},{"type":"Feature","geometry":{"type":"Point","coordinates":[132.798015,33.82392032]},"properties":{"common_id":"E3820100174201","name":"三町三角公園","address_pref":"愛媛県","address_city":"松山市三町","address_detail":"3-85-2","contact":null,"flood":null,"landslide":"1","storm_surge":"1","earthquake":"1","tsunami":"1","large_fire":null,"inland_flood":null,"volcano":null,"shelter_overlap":null,"capacity":"300","capacity_basis":"1.0","notes":null,"changed":null,"new":null,"address":"愛媛県松山市三町3-85-2","gsi_common_id":"E3820100174201","coordinate_join_method":"matched_by_id"}},{"type":"Feature","geometry":{"type":"Point","coordinates":[132.7729964,33.83718035]},"properties":{"common_id":"E3820100177201","name":"八坂公園","address_pref":"愛媛県","address_city":"松山市三番町","address_detail":"1-3-3","contact":null,"flood":null,"landslide":"1","storm_surge":"1","earthquake":"1","tsunami":"1","large_fire":null,"inland_flood":null,"volcano":null,"shelter_overlap":null,"capacity":"1400","capacity_basis":"1.0","notes":null,"changed":null,"new":null,"address":"愛媛県松山市三番町1-3-3","gsi_common_id":"E3820100177201","coordinate_join_method":"matched_by_id"}},{"type":"Feature","geometry":{"type":"Point","coordinates":[132.7597269,33.8381426]},"properties":{"common_id":"E3820100178201","name":"新玉公園","address_pref":"愛媛県","address_city":"松山市三番町６－４－２１外","address_detail":null,"contact":null,"flood":null,"landslide":"1","storm_surge":"1","earthquake":"1","tsunami":"1","large_fire":null,"inland_flood":null,"volcano":null,"shelter_overlap":null,"capacity":"1400","capacity_basis":"1.0","notes":null,"changed":null,"new":null,"address":"愛媛県松山市三番町６－４－２１外","gsi_common_id":"E3820100178201","coordinate_join_method":"matched_by_id"}},{"type":"Feature","geometry":{"type":"Point","coordinates":[132.7554524,33.85633676]},"properties":{"common_id":"E3820100179201","name":"山越保育園グラウンド","address_pref":"愛媛県","address_city":"松山市山越","address_detail":"1-19-40","contact":"(089)925-9547","flood":null,"landslide":"1","storm_surge":"1","earthquake":"1","tsunami":"1","large_fire":null,"inland_flood":null,"volcano":null,"shelter_overlap":"1","capacity":"999","capacity_basis":"1.0","notes":null,"changed":null,"new":null,"address":"愛媛県松山市山越1-19-40","gsi_common_id":"E3820100179201","coordinate_join_method":"matched_by_id"}},{"type":"Feature","geometry":{"type":"Point","coordinates":[132.7583447,33.85676054]},"properties":{"common_id":"E3820100180201","name":"日分公園","address_pref":"愛媛県","address_city":"松山市山越","address_detail":"1-531-12","contact":null,"flood":null,"landslide":"1","storm_surge":"1","earthquake":"1","tsunami":"1","large_fire":null,"inland_flood":null,"volcano":null,"shelter_overlap":null,"capacity":"1300","capacity_basis":"1.0","notes":null,"changed":null,"new":null,"address":"愛媛県松山市山越1-531-12","gsi_common_id":"E3820100180201","coordinate_join_method":"matched_by_id"}},{"type":"Feature","geometry":{"type":"Point","coordinates":[132.7635238,33.86440788]},"properties":{"common_id":"E3820100181201","name":"姫山小学校グラウンド","address_pref":"愛媛県","address_city":"松山市山越","address_detail":"3-800","contact":"(089)927-0211","flood":"1","landslide":null,"storm_surge":"1","earthquake":"1","tsunami":"1","large_fire":null,"inland_flood":null,"volcano":null,"shelter_overlap":"1","capacity":"5488","capacity_basis":"1.0","notes":null,"changed":null,"new":null,"address":"愛媛県松山市山越3-800","gsi_common_id":"E3820100181201","coordinate_join_method":"matched_by_id"}},{"type":"Feature","geometry":{"type":"Point","coordinates":[132.7544919,33.86216559]},"properties":{"common_id":"E3820100182201","name":"愛媛大学山越運動場","address_pref":"愛媛県","address_city":"松山市山越","address_detail":"4-11-10","contact":null,"flood":null,"landslide":"1","storm_surge":"1","earthquake":"1","tsunami":"1","large_fire":null,"inland_flood":null,"volcano":null,"shelter_overlap":null,"capacity":"60100","capacity_basis":"1.0","notes":null,"changed":null,"new":null,"address":"愛媛県松山市山越4-11-10","gsi_common_id":"E3820100182201","coordinate_join_method":"matched_by_id"}},{"type":"Feature","geometry":{"type":"Point","coordinates":[132.7508023,33.86028398]},"properties":{"common_id":"E3820100183201","name":"丁地公園","address_pref":"愛媛県","address_city":"松山市山越","address_detail":"5-10-3","contact":null,"flood":null,"landslide":"1","storm_surge":"1","earthquake":"1","tsunami":"1","large_fire":null,"inland_flood":null,"volcano":null,"shelter_overlap":null,"capacity":"1600","capacity_basis":"1.0","notes":null,"changed":null,"new":null,"address":"愛媛県松山市山越5-10-3","gsi_common_id":"E3820100183201","coordinate_join_method":"matched_by_id"}},{"type":"Feature","geometry":{"type":"Point","coordinates":[132.752969,33.860441]},"properties":{"common_id":"E3820100184201","name":"山越公園","address_pref":"愛媛県","address_city":"松山市山越","address_detail":"5-3-1","contact":null,"flood":null,"landslide":"1","storm_surge":"1","earthquake":"1","tsunami":"1","large_fire":null,"inland_flood":null,"volcano":null,"shelter_overlap":null,"capacity":"3100","capacity_basis":"1.0","notes":null,"changed":null,"new":null,"address":"愛媛県松山市山越5-3-1","gsi_common_id":"E3820100184201","coordinate_join_method":"matched_by_id"}},{"type":"Feature","geometry":{"type":"Point","coordinates":[132.750997,33.856821]},"properties":{"common_id":"E3820100185201","name":"高崎公園","address_pref":"愛媛県","address_city":"松山市山越","address_detail":"6-13-1","contact":null,"flood":null,"landslide":"1","storm_surge":"1","earthquake":"1","tsunami":"1","large_fire":null,"inland_flood":null,"volcano":null,"shelter_overlap":null,"capacity":"3200","capacity_basis":"1.0","notes":null,"changed":null,"new":null,"address":"愛媛県松山市山越6-13-1","gsi_common_id":"E3820100185201","coordinate_join_method":"matched_by_id"}},{"type":"Feature","geometry":{"type":"Point","coordinates":[132.7261571,33.85163489]},"properties":{"common_id":"E3820100186201","name":"学校法人新田学園グラウンド","address_pref":"愛媛県","address_city":"松山市山西町","address_detail":"663","contact":"(089)951-0188","flood":null,"landslide":null,"storm_surge":null,"earthquake":"1","tsunami":"1","large_fire":null,"inland_flood":null,"volcano":null,"shelter_overlap":"1","capacity":"34385","capacity_basis":"1.0","notes":null,"changed":null,"new":null,"address":"愛媛県松山市山西町663","gsi_common_id":"E3820100186201","coordinate_join_method":"matched_by_id"}},{"type":"Feature","geometry":{"type":"Point","coordinates":[132.7227332,33.85410177]},"properties":{"common_id":"E3820100188201","name":"山西公園","address_pref":"愛媛県","address_city":"松山市山西町","address_detail":"909","contact":null,"flood":null,"landslide":"1","storm_surge":null,"earthquake":"1","tsunami":"1","large_fire":null,"inland_flood":null,"volcano":null,"shelter_overlap":null,"capacity":"1200","capacity_basis":"1.0","notes":null,"changed":null,"new":null,"address":"愛媛県松山市山西町909","gsi_common_id":"E3820100188201","coordinate_join_method":"matched_by_id"}},{"type":"Feature","geometry":{"type":"Point","coordinates":[132.744676,33.80938]},"properties":{"common_id":"E3820100189201","name":"松山中央公園","address_pref":"愛媛県","address_city":"松山市市坪西町６２５－１外","address_detail":null,"contact":null,"flood":null,"landslide":"1","storm_surge":"1","earthquake":"1","tsunami":"1","large_fire":"1","inland_flood":null,"volcano":null,"shelter_overlap":null,"capacity":"188202","capacity_basis":"1.0","notes":null,"changed":null,"new":null,"address":"愛媛県松山市市坪西町６２５－１外","gsi_common_id":"E3820100189201","coordinate_join_method":"matched_by_id"}},{"type":"Feature","geometry":{"type":"Point","coordinates":[132.7541525,33.80868393]},"properties":{"common_id":"E3820100190201","name":"椿中学校グラウンド","address_pref":"愛媛県","address_city":"松山市市坪南","address_detail":"1-1-20","contact":"(089)957-8650","flood":null,"landslide":"1","storm_surge":"1","earthquake":"1","tsunami":"1","large_fire":null,"inland_flood":null,"volcano":null,"shelter_overlap":"1","capacity":"10021","capacity_basis":"1.0","notes":null,"changed":null,"new":null,"address":"愛媛県松山市市坪南1-1-20","gsi_common_id":"E3820100190201","coordinate_join_method":"matched_by_id"}},{"type":"Feature","geometry":{"type":"Point","coordinates":[132.7860078,33.83129557]},"properties":{"common_id":"E3820100194201","name":"枝松公園","address_pref":"愛媛県","address_city":"松山市枝松４－２２９－１外","address_detail":null,"contact":null,"flood":null,"landslide":"1","storm_surge":"1","earthquake":"1","tsunami":"1","large_fire":null,"inland_flood":null,"volcano":null,"shelter_overlap":null,"capacity":"2900","capacity_basis":"1.0","notes":null,"changed":null,"new":null,"address":"愛媛県松山市枝松４－２２９－１外","gsi_common_id":"E3820100194201","coordinate_join_method":"matched_by_id"}},{"type":"Feature","geometry":{"type":"Point","coordinates":[132.783771,33.82830368]},"properties":{"common_id":"E3820100195201","name":"拓南中学校グラウンド","address_pref":"愛媛県","address_city":"松山市枝松","address_detail":"5-4-39","contact":"(089)931-8518","flood":null,"landslide":"1","storm_surge":"1","earthquake":"1","tsunami":"1","large_fire":null,"inland_flood":null,"volcano":null,"shelter_overlap":"1","capacity":"10473","capacity_basis":"1.0","notes":null,"changed":null,"new":null,"address":"愛媛県松山市枝松5-4-39","gsi_common_id":"E3820100195201","coordinate_join_method":"matched_by_id"}},{"type":"Feature","geometry":{"type":"Point","coordinates":[132.784796,33.82445]},"properties":{"common_id":"E3820100196201","name":"川附公園（福音公園）","address_pref":"愛媛県","address_city":"松山市枝松","address_detail":"6-14-4","contact":null,"flood":null,"landslide":"1","storm_surge":"1","earthquake":"1","tsunami":"1","large_fire":null,"inland_flood":null,"volcano":null,"shelter_overlap":null,"capacity":"2500","capacity_basis":"1.0","notes":null,"changed":null,"new":null,"address":"愛媛県松山市枝松6-14-4","gsi_common_id":"E3820100196201","coordinate_join_method":"matched_by_id"}},{"type":"Feature","geometry":{"type":"Point","coordinates":[132.7825225,33.84190115]},"properties":{"common_id":"E3820100197201","name":"愛媛大学教育学部附属中学校グラウンド","address_pref":"愛媛県","address_city":"松山市持田町","address_detail":"1-5-22","contact":"(089)913-7840","flood":null,"landslide":"1","storm_surge":"1","earthquake":"1","tsunami":"1","large_fire":null,"inland_flood":null,"volcano":null,"shelter_overlap":"1","capacity":"8000","capacity_basis":"1.0","notes":null,"changed":null,"new":null,"address":"愛媛県松山市持田町1-5-22","gsi_common_id":"E3820100197201","coordinate_join_method":"matched_by_id"}},{"type":"Feature","geometry":{"type":"Point","coordinates":[132.7837564,33.84350514]},"properties":{"common_id":"E3820100197202","name":"愛媛大学教育学部附属小学校グラウンド","address_pref":"愛媛県","address_city":"松山市持田町","address_detail":"1-5-22","contact":"(089)913-7840","flood":null,"landslide":"1","storm_surge":"1","earthquake":"1","tsunami":"1","large_fire":null,"inland_flood":null,"volcano":null,"shelter_overlap":"1","capacity":"5000","capacity_basis":"1.0","notes":null,"changed":null,"new":null,"address":"愛媛県松山市持田町1-5-22","gsi_common_id":"E3820100197202","coordinate_join_method":"matched_by_id"}},{"type":"Feature","geometry":{"type":"Point","coordinates":[132.7788723,33.84220563]},"properties":{"common_id":"E3820100198201","name":"松山東高等学校グラウンド","address_pref":"愛媛県","address_city":"松山市持田町","address_detail":"2-2-12","contact":"(089)943-0187","flood":null,"landslide":"1","storm_surge":"1","earthquake":"1","tsunami":"1","large_fire":null,"inland_flood":null,"volcano":null,"shelter_overlap":"1","capacity":"13405","capacity_basis":"1.0","notes":null,"changed":null,"new":null,"address":"愛媛県松山市持田町2-2-12","gsi_common_id":"E3820100198201","coordinate_join_method":"matched_by_id"}},{"type":"Feature","geometry":{"type":"Point","coordinates":[132.781522,33.84437357]},"properties":{"common_id":"E3820100199201","name":"持田若宮公園","address_pref":"愛媛県","address_city":"松山市持田町","address_detail":"3-250-1","contact":null,"flood":null,"landslide":"1","storm_surge":"1","earthquake":"1","tsunami":"1","large_fire":null,"inland_flood":null,"volcano":null,"shelter_overlap":null,"capacity":"900","capacity_basis":"1.0","notes":null,"changed":null,"new":null,"address":"愛媛県松山市持田町3-250-1","gsi_common_id":"E3820100199201","coordinate_join_method":"matched_by_id"}},{"type":"Feature","geometry":{"type":"Point","coordinates":[132.7726577,33.93905791]},"properties":{"common_id":"E3820100200201","name":"泉団地緑地","address_pref":"愛媛県","address_city":"松山市鹿峰１３６－２外","address_detail":null,"contact":null,"flood":null,"landslide":"1","storm_surge":"1","earthquake":"1","tsunami":"1","large_fire":null,"inland_flood":null,"volcano":null,"shelter_overlap":null,"capacity":"600","capacity_basis":"1.0","notes":null,"changed":null,"new":null,"address":"愛媛県松山市鹿峰１３６－２外","gsi_common_id":"E3820100200201","coordinate_join_method":"matched_by_id"}},{"type":"Feature","geometry":{"type":"Point","coordinates":[132.7735144472,33.936442475109]},"properties":{"common_id":"E3820100202201","name":"粟井保育園グラウンド","address_pref":"愛媛県","address_city":"松山市鹿峰","address_detail":"63-2","contact":"(089)994-0193","flood":null,"landslide":"1","storm_surge":"1","earthquake":"1","tsunami":"1","large_fire":null,"inland_flood":null,"volcano":null,"shelter_overlap":"1","capacity":"512","capacity_basis":"1.0","notes":null,"changed":null,"new":null,"address":"愛媛県松山市鹿峰63-2","gsi_common_id":"E3820100202201","coordinate_join_method":"matched_by_id"}},{"type":"Feature","geometry":{"type":"Point","coordinates":[132.7183327,33.85604567]},"properties":{"common_id":"E3820100204201","name":"三津浜中学校グラウンド","address_pref":"愛媛県","address_city":"松山市若葉町","address_detail":"8-48","contact":"(089)951-0531","flood":null,"landslide":"1","storm_surge":null,"earthquake":"1","tsunami":null,"large_fire":null,"inland_flood":null,"volcano":null,"shelter_overlap":"1","capacity":"7193","capacity_basis":"1.0","notes":null,"changed":null,"new":null,"address":"愛媛県松山市若葉町8-48","gsi_common_id":"E3820100204201","coordinate_join_method":"matched_by_id"}},{"type":"Feature","geometry":{"type":"Point","coordinates":[132.716343,33.863645]},"properties":{"common_id":"E3820100205201","name":"三津住吉公園","address_pref":"愛媛県","address_city":"松山市住吉２－９０－１外","address_detail":null,"contact":null,"flood":null,"landslide":"1","storm_surge":null,"earthquake":"1","tsunami":null,"large_fire":null,"inland_flood":null,"volcano":null,"shelter_overlap":null,"capacity":"1300","capacity_basis":"1.0","notes":null,"changed":null,"new":null,"address":"愛媛県松山市住吉２－９０－１外","gsi_common_id":"E3820100205201","coordinate_join_method":"matched_by_id"}},{"type":"Feature","geometry":{"type":"Point","coordinates":[132.8098342,33.78473989]},"properties":{"common_id":"E3820100206201","name":"重信川緑地","address_pref":"愛媛県","address_city":"松山市重信川河川敷","address_detail":null,"contact":null,"flood":null,"landslide":"1","storm_surge":"1","earthquake":"1","tsunami":"1","large_fire":"1","inland_flood":null,"volcano":null,"shelter_overlap":null,"capacity":"125500","capacity_basis":"1.0","notes":null,"changed":null,"new":null,"address":"愛媛県松山市重信川河川敷","gsi_common_id":"E3820100206201","coordinate_join_method":"matched_by_id"}},{"type":"Feature","geometry":{"type":"Point","coordinates":[132.777409,33.856577]},"properties":{"common_id":"E3820100208201","name":"祝谷公園","address_pref":"愛媛県","address_city":"松山市祝谷４－８６９－１外","address_detail":null,"contact":null,"flood":null,"landslide":null,"storm_surge":"1","earthquake":"1","tsunami":"1","large_fire":null,"inland_flood":null,"volcano":null,"shelter_overlap":null,"capacity":"1900","capacity_basis":"1.0","notes":null,"changed":null,"new":null,"address":"愛媛県松山市祝谷４－８６９－１外","gsi_common_id":"E3820100208201","coordinate_join_method":"matched_by_id"}},{"type":"Feature","geometry":{"type":"Point","coordinates":[132.776197,33.86065722]},"properties":{"common_id":"E3820100211201","name":"祝谷北公園","address_pref":"愛媛県","address_city":"松山市祝谷６－１０９３－１外","address_detail":null,"contact":null,"flood":"1","landslide":null,"storm_surge":"1","earthquake":"1","tsunami":"1","large_fire":null,"inland_flood":null,"volcano":null,"shelter_overlap":null,"capacity":"1400","capacity_basis":"1.0","notes":null,"changed":null,"new":null,"address":"愛媛県松山市祝谷６－１０９３－１外","gsi_common_id":"E3820100211201","coordinate_join_method":"matched_by_id"}},{"type":"Feature","geometry":{"type":"Point","coordinates":[132.7257726,33.89832845]},"properties":{"common_id":"E3820100215201","name":"和気公民館勝岡分館グラウンド","address_pref":"愛媛県","address_city":"松山市勝岡町","address_detail":"112","contact":null,"flood":null,"landslide":"1","storm_surge":null,"earthquake":"1","tsunami":null,"large_fire":null,"inland_flood":null,"volcano":null,"shelter_overlap":"1","capacity":"1018","capacity_basis":"1.0","notes":null,"changed":null,"new":null,"address":"愛媛県松山市勝岡町112","gsi_common_id":"E3820100215201","coordinate_join_method":"matched_by_id"}},{"type":"Feature","geometry":{"type":"Point","coordinates":[132.7280714,33.8988622]},"properties":{"common_id":"E3820100216201","name":"太衛門公園","address_pref":"愛媛県","address_city":"松山市勝岡町","address_detail":"181","contact":null,"flood":null,"landslide":"1","storm_surge":null,"earthquake":"1","tsunami":null,"large_fire":null,"inland_flood":null,"volcano":null,"shelter_overlap":null,"capacity":"5400","capacity_basis":"1.0","notes":null,"changed":null,"new":null,"address":"愛媛県松山市勝岡町181","gsi_common_id":"E3820100216201","coordinate_join_method":"matched_by_id"}},{"type":"Feature","geometry":{"type":"Point","coordinates":[132.7241929,33.90162053]},"properties":{"common_id":"E3820100217201","name":"六町公園","address_pref":"愛媛県","address_city":"松山市勝岡町","address_detail":"238","contact":null,"flood":null,"landslide":"1","storm_surge":null,"earthquake":"1","tsunami":null,"large_fire":null,"inland_flood":null,"volcano":null,"shelter_overlap":null,"capacity":"2200","capacity_basis":"1.0","notes":null,"changed":null,"new":null,"address":"愛媛県松山市勝岡町238","gsi_common_id":"E3820100217201","coordinate_join_method":"matched_by_id"}},{"type":"Feature","geometry":{"type":"Point","coordinates":[132.7303137,33.89736611]},"properties":{"common_id":"E3820100218201","name":"内新田公園","address_pref":"愛媛県","address_city":"松山市勝岡町","address_detail":"63","contact":null,"flood":null,"landslide":"1","storm_surge":null,"earthquake":"1","tsunami":null,"large_fire":null,"inland_flood":null,"volcano":null,"shelter_overlap":null,"capacity":"3300","capacity_basis":"1.0","notes":null,"changed":null,"new":null,"address":"愛媛県松山市勝岡町63","gsi_common_id":"E3820100218201","coordinate_join_method":"matched_by_id"}},{"type":"Feature","geometry":{"type":"Point","coordinates":[132.7552119,33.82685381]},"properties":{"common_id":"E3820100221201","name":"小栗公園","address_pref":"愛媛県","address_city":"松山市小栗","address_detail":"6-202-1","contact":null,"flood":null,"landslide":"1","storm_surge":"1","earthquake":"1","tsunami":"1","large_fire":null,"inland_flood":null,"volcano":null,"shelter_overlap":null,"capacity":"2500","capacity_basis":"1.0","notes":null,"changed":null,"new":null,"address":"愛媛県松山市小栗6-202-1","gsi_common_id":"E3820100221201","coordinate_join_method":"matched_by_id"}},{"type":"Feature","geometry":{"type":"Point","coordinates":[132.7798746,33.83421725]},"properties":{"common_id":"E3820100222201","name":"素鵞小学校グラウンド","address_pref":"愛媛県","address_city":"松山市小坂","address_detail":"1-4-48","contact":"(089)931-8796","flood":null,"landslide":"1","storm_surge":"1","earthquake":"1","tsunami":"1","large_fire":null,"inland_flood":null,"volcano":null,"shelter_overlap":"1","capacity":"7229","capacity_basis":"1.0","notes":null,"changed":null,"new":null,"address":"愛媛県松山市小坂1-4-48","gsi_common_id":"E3820100222201","coordinate_join_method":"matched_by_id"}},{"type":"Feature","geometry":{"type":"Point","coordinates":[132.7810031,33.82545125]},"properties":{"common_id":"E3820100224201","name":"小坂公園","address_pref":"愛媛県","address_city":"松山市小坂","address_detail":"5-306-3","contact":null,"flood":null,"landslide":"1","storm_surge":"1","earthquake":"1","tsunami":"1","large_fire":null,"inland_flood":null,"volcano":null,"shelter_overlap":null,"capacity":"900","capacity_basis":"1.0","notes":null,"changed":null,"new":null,"address":"愛媛県松山市小坂5-306-3","gsi_common_id":"E3820100224201","coordinate_join_method":"matched_by_id"}},{"type":"Feature","geometry":{"type":"Point","coordinates":[132.8439168,33.99163659]},"properties":{"common_id":"E3820100226201","name":"小山田公園","address_pref":"愛媛県","address_city":"松山市小山田甲３３１－１外","address_detail":"1","contact":null,"flood":"1","landslide":null,"storm_surge":"1","earthquake":"1","tsunami":"1","large_fire":null,"inland_flood":null,"volcano":null,"shelter_overlap":null,"capacity":"1000","capacity_basis":"1.0","notes":null,"changed":null,"new":null,"address":"愛媛県松山市小山田甲３３１－１外1","gsi_common_id":"E3820100226201","coordinate_join_method":"matched_by_id"}},{"type":"Feature","geometry":{"type":"Point","coordinates":[132.6286402,33.96620363]},"properties":{"common_id":"E3820100233201","name":"中島Ｂ＆Ｇ海洋センターグラウンド","address_pref":"愛媛県","address_city":"松山市小浜甲","address_detail":"1101-1","contact":"(089)997-2211","flood":"1","landslide":null,"storm_surge":"1","earthquake":"1","tsunami":"1","large_fire":null,"inland_flood":null,"volcano":null,"shelter_overlap":"1","capacity":"3000","capacity_basis":"1.0","notes":null,"changed":null,"new":null,"address":"愛媛県松山市小浜甲1101-1","gsi_common_id":"E3820100233201","coordinate_join_method":"matched_by_id"}},{"type":"Feature","geometry":{"type":"Point","coordinates":[132.8023647,33.97190711]},"properties":{"common_id":"E3820100238201","name":"庄公園","address_pref":"愛媛県","address_city":"松山市庄甲","address_detail":"291","contact":null,"flood":null,"landslide":"1","storm_surge":"1","earthquake":"1","tsunami":"1","large_fire":null,"inland_flood":null,"volcano":null,"shelter_overlap":null,"capacity":"1700","capacity_basis":"1.0","notes":null,"changed":null,"new":null,"address":"愛媛県松山市庄甲291","gsi_common_id":"E3820100238201","coordinate_join_method":"matched_by_id"}},{"type":"Feature","geometry":{"type":"Point","coordinates":[132.793357,33.886466]},"properties":{"common_id":"E3820100242201","name":"伊台本村公園","address_pref":"愛媛県","address_city":"松山市上伊台町","address_detail":"181-3","contact":null,"flood":"1","landslide":null,"storm_surge":"1","earthquake":"1","tsunami":"1","large_fire":null,"inland_flood":null,"volcano":null,"shelter_overlap":null,"capacity":"1300","capacity_basis":"1.0","notes":null,"changed":null,"new":null,"address":"愛媛県松山市上伊台町181-3","gsi_common_id":"E3820100242201","coordinate_join_method":"matched_by_id"}},{"type":"Feature","geometry":{"type":"Point","coordinates":[132.7893687,33.84530121]},"properties":{"common_id":"E3820100244201","name":"道後中学校グラウンド","address_pref":"愛媛県","address_city":"松山市上市","address_detail":"1-3-57","contact":"(089)921-4207","flood":null,"landslide":"1","storm_surge":"1","earthquake":"1","tsunami":"1","large_fire":null,"inland_flood":null,"volcano":null,"shelter_overlap":"1","capacity":"11285","capacity_basis":"1.0","notes":null,"changed":null,"new":null,"address":"愛媛県松山市上市1-3-57","gsi_common_id":"E3820100244201","coordinate_join_method":"matched_by_id"}},{"type":"Feature","geometry":{"type":"Point","coordinates":[132.7960291,33.76878309]},"properties":{"common_id":"E3820100247201","name":"県立総合運動公園","address_pref":"愛媛県","address_city":"松山市上野町","address_detail":null,"contact":null,"flood":"1","landslide":"1","storm_surge":"1","earthquake":"1","tsunami":"1","large_fire":"1","inland_flood":null,"volcano":null,"shelter_overlap":null,"capacity":"115794","capacity_basis":"1.0","notes":null,"changed":null,"new":null,"address":"愛媛県松山市上野町","gsi_common_id":"E3820100247201","coordinate_join_method":"matched_by_id"}},{"type":"Feature","geometry":{"type":"Point","coordinates":[132.8040489,33.77197594]},"properties":{"common_id":"E3820100248201","name":"上野町中組公園","address_pref":"愛媛県","address_city":"松山市上野町","address_detail":"504-4","contact":null,"flood":"1","landslide":"1","storm_surge":"1","earthquake":"1","tsunami":"1","large_fire":null,"inland_flood":null,"volcano":null,"shelter_overlap":null,"capacity":"1700","capacity_basis":"1.0","notes":null,"changed":null,"new":null,"address":"愛媛県松山市上野町504-4","gsi_common_id":"E3820100248201","coordinate_join_method":"matched_by_id"}},{"type":"Feature","geometry":{"type":"Point","coordinates":[132.7983572,33.77503936]},"properties":{"common_id":"E3820100249201","name":"上野団地公園","address_pref":"愛媛県","address_city":"松山市上野町乙","address_detail":"107-17","contact":null,"flood":"1","landslide":"1","storm_surge":"1","earthquake":"1","tsunami":"1","large_fire":null,"inland_flood":null,"volcano":null,"shelter_overlap":null,"capacity":"2100","capacity_basis":"1.0","notes":null,"changed":null,"new":null,"address":"愛媛県松山市上野町乙107-17","gsi_common_id":"E3820100249201","coordinate_join_method":"matched_by_id"}},{"type":"Feature","geometry":{"type":"Point","coordinates":[132.809872,33.77645413]},"properties":{"common_id":"E3820100250201","name":"上野町今市公園","address_pref":"愛媛県","address_city":"松山市上野町甲１４３４－２外","address_detail":null,"contact":null,"flood":null,"landslide":"1","storm_surge":"1","earthquake":"1","tsunami":"1","large_fire":null,"inland_flood":null,"volcano":null,"shelter_overlap":null,"capacity":"1900","capacity_basis":"1.0","notes":null,"changed":null,"new":null,"address":"愛媛県松山市上野町甲１４３４－２外","gsi_common_id":"E3820100250201","coordinate_join_method":"matched_by_id"}},{"type":"Feature","geometry":{"type":"Point","coordinates":[132.7760837,33.93409605]},"properties":{"common_id":"E3820100251201","name":"粟井小学校グラウンド","address_pref":"愛媛県","address_city":"松山市常竹甲","address_detail":"100","contact":"(089)994-1016","flood":null,"landslide":null,"storm_surge":"1","earthquake":"1","tsunami":"1","large_fire":null,"inland_flood":null,"volcano":null,"shelter_overlap":"1","capacity":"8276","capacity_basis":"1.0","notes":null,"changed":null,"new":null,"address":"愛媛県松山市常竹甲100","gsi_common_id":"E3820100251201","coordinate_join_method":"matched_by_id"}},{"type":"Feature","geometry":{"type":"Point","coordinates":[132.8188234,33.75860636]},"properties":{"common_id":"E3820100253201","name":"久谷中学校グラウンド","address_pref":"愛媛県","address_city":"松山市浄瑠璃町","address_detail":"940","contact":"(089)963-1025","flood":"1","landslide":"1","storm_surge":"1","earthquake":"1","tsunami":"1","large_fire":null,"inland_flood":null,"volcano":null,"shelter_overlap":"1","capacity":"9405","capacity_basis":"1.0","notes":null,"changed":null,"new":null,"address":"愛媛県松山市浄瑠璃町940","gsi_common_id":"E3820100253201","coordinate_join_method":"matched_by_id"}},{"type":"Feature","geometry":{"type":"Point","coordinates":[132.8197648,33.75556962]},"properties":{"common_id":"E3820100254201","name":"浄瑠璃公園","address_pref":"愛媛県","address_city":"松山市浄瑠璃町甲","address_detail":"1040-4","contact":null,"flood":"1","landslide":null,"storm_surge":"1","earthquake":"1","tsunami":"1","large_fire":null,"inland_flood":null,"volcano":null,"shelter_overlap":null,"capacity":"3300","capacity_basis":"1.0","notes":null,"changed":null,"new":null,"address":"愛媛県松山市浄瑠璃町甲1040-4","gsi_common_id":"E3820100254201","coordinate_join_method":"matched_by_id"}},{"type":"Feature","geometry":{"type":"Point","coordinates":[132.8148064,33.86082877]},"properties":{"common_id":"E3820100255201","name":"湯山小学校グラウンド","address_pref":"愛媛県","address_city":"松山市食場町甲","address_detail":"128","contact":"(089)977-0001","flood":null,"landslide":null,"storm_surge":"1","earthquake":"1","tsunami":"1","large_fire":null,"inland_flood":null,"volcano":null,"shelter_overlap":"1","capacity":"5761","capacity_basis":"1.0","notes":null,"changed":null,"new":null,"address":"愛媛県松山市食場町甲128","gsi_common_id":"E3820100255201","coordinate_join_method":"matched_by_id"}},{"type":"Feature","geometry":{"type":"Point","coordinates":[132.8152794,33.86265015]},"properties":{"common_id":"E3820100256201","name":"湯山公園","address_pref":"愛媛県","address_city":"松山市食場町甲３１６－２３外","address_detail":null,"contact":null,"flood":"1","landslide":null,"storm_surge":"1","earthquake":"1","tsunami":"1","large_fire":null,"inland_flood":null,"volcano":null,"shelter_overlap":null,"capacity":"1400","capacity_basis":"1.0","notes":null,"changed":null,"new":null,"address":"愛媛県松山市食場町甲３１６－２３外","gsi_common_id":"E3820100256201","coordinate_join_method":"matched_by_id"}},{"type":"Feature","geometry":{"type":"Point","coordinates":[132.713874,33.87362763]},"properties":{"common_id":"E3820100257201","name":"新浜公園","address_pref":"愛媛県","address_city":"松山市新浜町１１４５－４外","address_detail":null,"contact":null,"flood":"1","landslide":"1","storm_surge":null,"earthquake":"1","tsunami":null,"large_fire":null,"inland_flood":null,"volcano":null,"shelter_overlap":null,"capacity":"2100","capacity_basis":"1.0","notes":null,"changed":null,"new":null,"address":"愛媛県松山市新浜町１１４５－４外","gsi_common_id":"E3820100257201","coordinate_join_method":"matched_by_id"}},{"type":"Feature","geometry":{"type":"Point","coordinates":[132.7982332,33.79253482]},"properties":{"common_id":"E3820100261201","name":"浮穴小学校グラウンド","address_pref":"愛媛県","address_city":"松山市森松町","address_detail":"832","contact":"(089)976-0143","flood":null,"landslide":"1","storm_surge":"1","earthquake":"1","tsunami":"1","large_fire":null,"inland_flood":null,"volcano":null,"shelter_overlap":"1","capacity":"11327","capacity_basis":"1.0","notes":null,"changed":null,"new":null,"address":"愛媛県松山市森松町832","gsi_common_id":"E3820100261201","coordinate_join_method":"matched_by_id"}},{"type":"Feature","geometry":{"type":"Point","coordinates":[132.7976668,33.79364941]},"properties":{"common_id":"E3820100262201","name":"森松本村公園","address_pref":"愛媛県","address_city":"松山市森松町","address_detail":"847-1","contact":null,"flood":null,"landslide":"1","storm_surge":"1","earthquake":"1","tsunami":"1","large_fire":null,"inland_flood":null,"volcano":null,"shelter_overlap":null,"capacity":"2000","capacity_basis":"1.0","notes":null,"changed":null,"new":null,"address":"愛媛県松山市森松町847-1","gsi_common_id":"E3820100262201","coordinate_join_method":"matched_by_id"}},{"type":"Feature","geometry":{"type":"Point","coordinates":[132.7923915,33.79595563]},"properties":{"common_id":"E3820100263201","name":"南第二中学校グラウンド","address_pref":"愛媛県","address_city":"松山市森松町","address_detail":"943","contact":"(089)957-5633","flood":null,"landslide":"1","storm_surge":"1","earthquake":"1","tsunami":"1","large_fire":null,"inland_flood":null,"volcano":null,"shelter_overlap":"1","capacity":"12660","capacity_basis":"1.0","notes":null,"changed":null,"new":null,"address":"愛媛県松山市森松町943","gsi_common_id":"E3820100263201","coordinate_join_method":"matched_by_id"}},{"type":"Feature","geometry":{"type":"Point","coordinates":[132.7615597,33.83221767]},"properties":{"common_id":"E3820100264201","name":"松山工業高等学校グラウンド","address_pref":"愛媛県","address_city":"松山市真砂町","address_detail":"1","contact":"(089)931-8195","flood":null,"landslide":"1","storm_surge":"1","earthquake":"1","tsunami":"1","large_fire":null,"inland_flood":null,"volcano":null,"shelter_overlap":"1","capacity":"12273","capacity_basis":"1.0","notes":null,"changed":null,"new":null,"address":"愛媛県松山市真砂町1","gsi_common_id":"E3820100264201","coordinate_join_method":"matched_by_id"}},{"type":"Feature","geometry":{"type":"Point","coordinates":[132.7190167,33.8609669]},"properties":{"common_id":"E3820100266201","name":"三津浜幼稚園グラウンド","address_pref":"愛媛県","address_city":"松山市神田町","address_detail":"1-41","contact":"(089)951-0831","flood":null,"landslide":"1","storm_surge":null,"earthquake":"1","tsunami":null,"large_fire":null,"inland_flood":null,"volcano":null,"shelter_overlap":"1","capacity":"1465","capacity_basis":"1.0","notes":null,"changed":null,"new":null,"address":"愛媛県松山市神田町1-41","gsi_common_id":"E3820100266201","coordinate_join_method":"matched_by_id"}},{"type":"Feature","geometry":{"type":"Point","coordinates":[132.7363038,33.82351598]},"properties":{"common_id":"E3820100267201","name":"針田公園","address_pref":"愛媛県","address_city":"松山市針田町１０７－５外","address_detail":null,"contact":null,"flood":null,"landslide":"1","storm_surge":"1","earthquake":"1","tsunami":"1","large_fire":null,"inland_flood":null,"volcano":null,"shelter_overlap":null,"capacity":"1100","capacity_basis":"1.0","notes":null,"changed":null,"new":null,"address":"愛媛県松山市針田町１０７－５外","gsi_common_id":"E3820100267201","coordinate_join_method":"matched_by_id"}},{"type":"Feature","geometry":{"type":"Point","coordinates":[132.7340215,33.82296491]},"properties":{"common_id":"E3820100268201","name":"たちばな小学校グラウンド","address_pref":"愛媛県","address_city":"松山市針田町","address_detail":"209-1","contact":"(089)971-8410","flood":null,"landslide":"1","storm_surge":"1","earthquake":"1","tsunami":"1","large_fire":null,"inland_flood":null,"volcano":null,"shelter_overlap":"1","capacity":"12378","capacity_basis":"1.0","notes":null,"changed":null,"new":null,"address":"愛媛県松山市針田町209-1","gsi_common_id":"E3820100268201","coordinate_join_method":"matched_by_id"}},{"type":"Feature","geometry":{"type":"Point","coordinates":[132.7175721,33.85768218]},"properties":{"common_id":"E3820100269201","name":"西須賀公園","address_pref":"愛媛県","address_city":"松山市須賀町","address_detail":"1-10","contact":null,"flood":null,"landslide":"1","storm_surge":null,"earthquake":"1","tsunami":null,"large_fire":null,"inland_flood":null,"volcano":null,"shelter_overlap":null,"capacity":"1400","capacity_basis":"1.0","notes":null,"changed":null,"new":null,"address":"愛媛県松山市須賀町1-10","gsi_common_id":"E3820100269201","coordinate_join_method":"matched_by_id"}},{"type":"Feature","geometry":{"type":"Point","coordinates":[132.8346795,33.8057847]},"properties":{"common_id":"E3820100271201","name":"小野公園","address_pref":"愛媛県","address_city":"松山市水泥町","address_detail":"839","contact":null,"flood":null,"landslide":"1","storm_surge":"1","earthquake":"1","tsunami":"1","large_fire":null,"inland_flood":null,"volcano":null,"shelter_overlap":null,"capacity":"3100","capacity_basis":"1.0","notes":null,"changed":null,"new":null,"address":"愛媛県松山市水泥町839","gsi_common_id":"E3820100271201","coordinate_join_method":"matched_by_id"}},{"type":"Feature","geometry":{"type":"Point","coordinates":[132.81877092023,33.903311938887]},"properties":{"common_id":"E3820100272201","name":"五明幼稚園グラウンド","address_pref":"愛媛県","address_city":"松山市菅沢町乙","address_detail":"45-4","contact":"(089)977-1630","flood":"1","landslide":null,"storm_surge":"1","earthquake":"1","tsunami":"1","large_fire":null,"inland_flood":null,"volcano":null,"shelter_overlap":"1","capacity":"474","capacity_basis":"1.0","notes":null,"changed":null,"new":null,"address":"愛媛県松山市菅沢町乙45-4","gsi_common_id":"E3820100272201","coordinate_join_method":"matched_by_id"}},{"type":"Feature","geometry":{"type":"Point","coordinates":[132.8188621,33.90319173]},"properties":{"common_id":"E3820100272202","name":"五明小学校グラウンド","address_pref":"愛媛県","address_city":"松山市菅沢町乙","address_detail":"45-4","contact":"(089)977-2353","flood":"1","landslide":null,"storm_surge":"1","earthquake":"1","tsunami":"1","large_fire":null,"inland_flood":null,"volcano":null,"shelter_overlap":"1","capacity":"2630","capacity_basis":"1.0","notes":null,"changed":null,"new":null,"address":"愛媛県松山市菅沢町乙45-4","gsi_common_id":"E3820100272202","coordinate_join_method":"matched_by_id"}},{"type":"Feature","geometry":{"type":"Point","coordinates":[132.7848807626,33.81483525775]},"properties":{"common_id":"E3820100277201","name":"星ヶ岡公園（東山古墳公園）","address_pref":"愛媛県","address_city":"松山市星岡町","address_detail":null,"contact":null,"flood":null,"landslide":"1","storm_surge":"1","earthquake":"1","tsunami":"1","large_fire":null,"inland_flood":null,"volcano":null,"shelter_overlap":null,"capacity":"23100","capacity_basis":"1.0","notes":null,"changed":null,"new":null,"address":"愛媛県松山市星岡町","gsi_common_id":"E3820100277201","coordinate_join_method":"matched_by_id"}},{"type":"Feature","geometry":{"type":"Point","coordinates":[132.8003325,33.8381456]},"properties":{"common_id":"E3820100278201","name":"正円寺公園","address_pref":"愛媛県","address_city":"松山市正円寺３－５４－４地内","address_detail":null,"contact":null,"flood":"1","landslide":"1","storm_surge":"1","earthquake":"1","tsunami":"1","large_fire":null,"inland_flood":null,"volcano":null,"shelter_overlap":null,"capacity":"2500","capacity_basis":"1.0","notes":null,"changed":null,"new":null,"address":"愛媛県松山市正円寺３－５４－４地内","gsi_common_id":"E3820100278201","coordinate_join_method":"matched_by_id"}},{"type":"Feature","geometry":{"type":"Point","coordinates":[132.71904,33.85442282]},"properties":{"common_id":"E3820100279201","name":"三本柳公園（清住公園）","address_pref":"愛媛県","address_city":"松山市清住","address_detail":"1-8-4","contact":null,"flood":null,"landslide":"1","storm_surge":null,"earthquake":"1","tsunami":null,"large_fire":null,"inland_flood":null,"volcano":null,"shelter_overlap":null,"capacity":"1400","capacity_basis":"1.0","notes":null,"changed":null,"new":null,"address":"愛媛県松山市清住1-8-4","gsi_common_id":"E3820100279201","coordinate_join_method":"matched_by_id"}},{"type":"Feature","geometry":{"type":"Point","coordinates":[132.762921,33.850132]},"properties":{"common_id":"E3820100281201","name":"清水公園","address_pref":"愛媛県","address_city":"松山市清水町","address_detail":"2-7-2","contact":null,"flood":null,"landslide":"1","storm_surge":"1","earthquake":"1","tsunami":"1","large_fire":null,"inland_flood":null,"volcano":null,"shelter_overlap":null,"capacity":"3100","capacity_basis":"1.0","notes":null,"changed":null,"new":null,"address":"愛媛県松山市清水町2-7-2","gsi_common_id":"E3820100281201","coordinate_join_method":"matched_by_id"}},{"type":"Feature","geometry":{"type":"Point","coordinates":[132.7636833,33.85194334]},"properties":{"common_id":"E3820100282201","name":"勝山中学校グラウンド","address_pref":"愛媛県","address_city":"松山市清水町","address_detail":"3-148-2","contact":"(089)925-4005","flood":null,"landslide":"1","storm_surge":"1","earthquake":"1","tsunami":"1","large_fire":null,"inland_flood":null,"volcano":null,"shelter_overlap":"1","capacity":"9759","capacity_basis":"1.0","notes":null,"changed":null,"new":null,"address":"愛媛県松山市清水町3-148-2","gsi_common_id":"E3820100282201","coordinate_join_method":"matched_by_id"}},{"type":"Feature","geometry":{"type":"Point","coordinates":[132.7679934,33.85199769]},"properties":{"common_id":"E3820100283201","name":"清水小学校グラウンド","address_pref":"愛媛県","address_city":"松山市清水町","address_detail":"3-15","contact":"(089)925-0205","flood":null,"landslide":"1","storm_surge":"1","earthquake":"1","tsunami":"1","large_fire":null,"inland_flood":null,"volcano":null,"shelter_overlap":"1","capacity":"6950","capacity_basis":"1.0","notes":null,"changed":null,"new":null,"address":"愛媛県松山市清水町3-15","gsi_common_id":"E3820100283201","coordinate_join_method":"matched_by_id"}},{"type":"Feature","geometry":{"type":"Point","coordinates":[132.7036237,33.81621887]},"properties":{"common_id":"E3820100285201","name":"西垣生公園","address_pref":"愛媛県","address_city":"松山市西垣生町","address_detail":"1066-7","contact":null,"flood":null,"landslide":"1","storm_surge":null,"earthquake":"1","tsunami":"1","large_fire":null,"inland_flood":null,"volcano":null,"shelter_overlap":null,"capacity":"700","capacity_basis":"1.0","notes":null,"changed":null,"new":null,"address":"愛媛県松山市西垣生町1066-7","gsi_common_id":"E3820100285201","coordinate_join_method":"matched_by_id"}},{"type":"Feature","geometry":{"type":"Point","coordinates":[132.6992864,33.8105842]},"properties":{"common_id":"E3820100287201","name":"住吉公園","address_pref":"愛媛県","address_city":"松山市西垣生町","address_detail":"1369-1","contact":null,"flood":null,"landslide":"1","storm_surge":null,"earthquake":"1","tsunami":null,"large_fire":null,"inland_flood":null,"volcano":null,"shelter_overlap":null,"capacity":"1900","capacity_basis":"1.0","notes":null,"changed":null,"new":null,"address":"愛媛県松山市西垣生町1369-1","gsi_common_id":"E3820100287201","coordinate_join_method":"matched_by_id"}},{"type":"Feature","geometry":{"type":"Point","coordinates":[132.6982064,33.81281531]},"properties":{"common_id":"E3820100288201","name":"木の実幼稚園グラウンド","address_pref":"愛媛県","address_city":"松山市西垣生町","address_detail":"1690-1","contact":"(089)973-1256","flood":null,"landslide":"1","storm_surge":null,"earthquake":"1","tsunami":null,"large_fire":null,"inland_flood":null,"volcano":null,"shelter_overlap":"1","capacity":"2890","capacity_basis":"1.0","notes":null,"changed":null,"new":null,"address":"愛媛県松山市西垣生町1690-1","gsi_common_id":"E3820100288201","coordinate_join_method":"matched_by_id"}},{"type":"Feature","geometry":{"type":"Point","coordinates":[132.6996922,33.80868322]},"properties":{"common_id":"E3820100289201","name":"大新田公園","address_pref":"愛媛県","address_city":"松山市西垣生町","address_detail":"286","contact":null,"flood":null,"landslide":"1","storm_surge":null,"earthquake":"1","tsunami":null,"large_fire":null,"inland_flood":null,"volcano":null,"shelter_overlap":null,"capacity":"5400","capacity_basis":"1.0","notes":null,"changed":null,"new":null,"address":"愛媛県松山市西垣生町286","gsi_common_id":"E3820100289201","coordinate_join_method":"matched_by_id"}},{"type":"Feature","geometry":{"type":"Point","coordinates":[132.7060858,33.80917279]},"properties":{"common_id":"E3820100290201","name":"垣生中学校グラウンド","address_pref":"愛媛県","address_city":"松山市西垣生町","address_detail":"418","contact":"(089)972-1226","flood":null,"landslide":"1","storm_surge":null,"earthquake":"1","tsunami":"1","large_fire":null,"inland_flood":null,"volcano":null,"shelter_overlap":"1","capacity":"11143","capacity_basis":"1.0","notes":null,"changed":null,"new":null,"address":"愛媛県松山市西垣生町418","gsi_common_id":"E3820100290201","coordinate_join_method":"matched_by_id"}},{"type":"Feature","geometry":{"type":"Point","coordinates":[132.7058208,33.81365027]},"properties":{"common_id":"E3820100291201","name":"垣生小学校グラウンド","address_pref":"愛媛県","address_city":"松山市西垣生町","address_detail":"730-1","contact":"(089)972-1239","flood":null,"landslide":"1","storm_surge":null,"earthquake":"1","tsunami":"1","large_fire":null,"inland_flood":null,"volcano":null,"shelter_overlap":"1","capacity":"17779","capacity_basis":"1.0","notes":null,"changed":null,"new":null,"address":"愛媛県松山市西垣生町730-1","gsi_common_id":"E3820100291201","coordinate_join_method":"matched_by_id"}},{"type":"Feature","geometry":{"type":"Point","coordinates":[132.7743209,33.81246776]},"properties":{"common_id":"E3820100293201","name":"石井幼稚園グラウンド","address_pref":"愛媛県","address_city":"松山市西石井","address_detail":"6-4-29","contact":"(089)956-0089","flood":null,"landslide":"1","storm_surge":"1","earthquake":"1","tsunami":"1","large_fire":null,"inland_flood":null,"volcano":null,"shelter_overlap":"1","capacity":"884","capacity_basis":"1.0","notes":null,"changed":null,"new":null,"address":"愛媛県松山市西石井6-4-29","gsi_common_id":"E3820100293201","coordinate_join_method":"matched_by_id"}},{"type":"Feature","geometry":{"type":"Point","coordinates":[132.7751928,33.81238886]},"properties":{"common_id":"E3820100294201","name":"石井保育園グラウンド","address_pref":"愛媛県","address_city":"松山市西石井","address_detail":"6-4-34","contact":"(089)956-0849","flood":null,"landslide":"1","storm_surge":"1","earthquake":"1","tsunami":"1","large_fire":null,"inland_flood":null,"volcano":null,"shelter_overlap":"1","capacity":"1519","capacity_basis":"1.0","notes":null,"changed":null,"new":null,"address":"愛媛県松山市西石井6-4-34","gsi_common_id":"E3820100294201","coordinate_join_method":"matched_by_id"}},{"type":"Feature","geometry":{"type":"Point","coordinates":[132.7458287,33.86699572]},"properties":{"common_id":"E3820100296201","name":"西長戸東公園","address_pref":"愛媛県","address_city":"松山市西長戸町１６３－２外","address_detail":null,"contact":null,"flood":"1","landslide":"1","storm_surge":"1","earthquake":"1","tsunami":"1","large_fire":null,"inland_flood":null,"volcano":null,"shelter_overlap":null,"capacity":"2400","capacity_basis":"1.0","notes":null,"changed":null,"new":null,"address":"愛媛県松山市西長戸町１６３－２外","gsi_common_id":"E3820100296201","coordinate_join_method":"matched_by_id"}},{"type":"Feature","geometry":{"type":"Point","coordinates":[132.7399555,33.86630067]},"properties":{"common_id":"E3820100298201","name":"みどり小学校グラウンド","address_pref":"愛媛県","address_city":"松山市西長戸町","address_detail":"493-2","contact":"(089)926-0456","flood":null,"landslide":"1","storm_surge":"1","earthquake":"1","tsunami":"1","large_fire":null,"inland_flood":null,"volcano":null,"shelter_overlap":"1","capacity":"10473","capacity_basis":"1.0","notes":null,"changed":null,"new":null,"address":"愛媛県松山市西長戸町493-2","gsi_common_id":"E3820100298201","coordinate_join_method":"matched_by_id"}},{"type":"Feature","geometry":{"type":"Point","coordinates":[132.7366967,33.86637535]},"properties":{"common_id":"E3820100299201","name":"西長戸公園","address_pref":"愛媛県","address_city":"松山市西長戸町","address_detail":"558","contact":null,"flood":"1","landslide":"1","storm_surge":"1","earthquake":"1","tsunami":"1","large_fire":null,"inland_flood":null,"volcano":null,"shelter_overlap":null,"capacity":"2200","capacity_basis":"1.0","notes":null,"changed":null,"new":null,"address":"愛媛県松山市西長戸町558","gsi_common_id":"E3820100299201","coordinate_join_method":"matched_by_id"}},{"type":"Feature","geometry":{"type":"Point","coordinates":[132.8021323,33.76370423]},"properties":{"common_id":"E3820100300201","name":"西野公園","address_pref":"愛媛県","address_city":"松山市西野町甲","address_detail":"441","contact":null,"flood":"1","landslide":null,"storm_surge":"1","earthquake":"1","tsunami":"1","large_fire":null,"inland_flood":null,"volcano":null,"shelter_overlap":null,"capacity":"1400","capacity_basis":"1.0","notes":null,"changed":null,"new":null,"address":"愛媛県松山市西野町甲441","gsi_common_id":"E3820100300201","coordinate_join_method":"matched_by_id"}},{"type":"Feature","geometry":{"type":"Point","coordinates":[132.7342035,33.85773163]},"properties":{"common_id":"E3820100301201","name":"青葉台公園","address_pref":"愛媛県","address_city":"松山市青葉台","address_detail":"44","contact":null,"flood":"1","landslide":"1","storm_surge":"1","earthquake":"1","tsunami":"1","large_fire":null,"inland_flood":null,"volcano":null,"shelter_overlap":null,"capacity":"2700","capacity_basis":"1.0","notes":null,"changed":null,"new":null,"address":"愛媛県松山市青葉台44","gsi_common_id":"E3820100301201","coordinate_join_method":"matched_by_id"}},{"type":"Feature","geometry":{"type":"Point","coordinates":[132.7917087,33.84498638]},"properties":{"common_id":"E3820100302201","name":"道後小学校グラウンド","address_pref":"愛媛県","address_city":"松山市石手","address_detail":"4-10-5","contact":"(089)941-0228","flood":null,"landslide":"1","storm_surge":"1","earthquake":"1","tsunami":"1","large_fire":null,"inland_flood":null,"volcano":null,"shelter_overlap":"1","capacity":"4306","capacity_basis":"1.0","notes":null,"changed":null,"new":null,"address":"愛媛県松山市石手4-10-5","gsi_common_id":"E3820100302201","coordinate_join_method":"matched_by_id"}},{"type":"Feature","geometry":{"type":"Point","coordinates":[132.7670261,33.82856506]},"properties":{"common_id":"E3820100303201","name":"石手川緑地","address_pref":"愛媛県","address_city":"松山市石手川河川敷","address_detail":null,"contact":null,"flood":null,"landslide":"1","storm_surge":"1","earthquake":"1","tsunami":"1","large_fire":"1","inland_flood":null,"volcano":null,"shelter_overlap":null,"capacity":"298400","capacity_basis":"1.0","notes":null,"changed":null,"new":null,"address":"愛媛県松山市石手川河川敷","gsi_common_id":"E3820100303201","coordinate_join_method":"matched_by_id"}},{"type":"Feature","geometry":{"type":"Point","coordinates":[132.7181414,33.87317784]},"properties":{"common_id":"E3820100304201","name":"すみれ野南公園","address_pref":"愛媛県","address_city":"松山市石風呂町","address_detail":"230-1","contact":null,"flood":"1","landslide":"1","storm_surge":null,"earthquake":"1","tsunami":"1","large_fire":null,"inland_flood":null,"volcano":null,"shelter_overlap":null,"capacity":"600","capacity_basis":"1.0","notes":null,"changed":null,"new":null,"address":"愛媛県松山市石風呂町230-1","gsi_common_id":"E3820100304201","coordinate_join_method":"matched_by_id"}},{"type":"Feature","geometry":{"type":"Point","coordinates":[132.715309,33.87835315]},"properties":{"common_id":"E3820100305201","name":"すみれ野北公園","address_pref":"愛媛県","address_city":"松山市石風呂町","address_detail":"579","contact":null,"flood":"1","landslide":"1","storm_surge":"1","earthquake":"1","tsunami":"1","large_fire":null,"inland_flood":null,"volcano":null,"shelter_overlap":null,"capacity":"3000","capacity_basis":"1.0","notes":null,"changed":null,"new":null,"address":"愛媛県松山市石風呂町579","gsi_common_id":"E3820100305201","coordinate_join_method":"matched_by_id"}},{"type":"Feature","geometry":{"type":"Point","coordinates":[132.7551114,33.83781724]},"properties":{"common_id":"E3820100306201","name":"幸町公園","address_pref":"愛媛県","address_city":"松山市千舟町","address_detail":"7-6-7","contact":null,"flood":null,"landslide":"1","storm_surge":"1","earthquake":"1","tsunami":"1","large_fire":null,"inland_flood":null,"volcano":null,"shelter_overlap":null,"capacity":"1200","capacity_basis":"1.0","notes":null,"changed":null,"new":null,"address":"愛媛県松山市千舟町7-6-7","gsi_common_id":"E3820100306201","coordinate_join_method":"matched_by_id"}},{"type":"Feature","geometry":{"type":"Point","coordinates":[132.7538595,33.83620032]},"properties":{"common_id":"E3820100308201","name":"新玉小学校グラウンド","address_pref":"愛媛県","address_city":"松山市千舟町","address_detail":"8-89","contact":"(089)941-1449","flood":null,"landslide":"1","storm_surge":"1","earthquake":"1","tsunami":"1","large_fire":null,"inland_flood":null,"volcano":null,"shelter_overlap":"1","capacity":"8997","capacity_basis":"1.0","notes":null,"changed":null,"new":null,"address":"愛媛県松山市千舟町8-89","gsi_common_id":"E3820100308201","coordinate_join_method":"matched_by_id"}},{"type":"Feature","geometry":{"type":"Point","coordinates":[132.7946356,34.00193294]},"properties":{"common_id":"E3820100312201","name":"味栗公園","address_pref":"愛媛県","address_city":"松山市浅海原甲２７９－１外","address_detail":"3","contact":null,"flood":"1","landslide":null,"storm_surge":"1","earthquake":"1","tsunami":"1","large_fire":null,"inland_flood":null,"volcano":null,"shelter_overlap":null,"capacity":"1700","capacity_basis":"1.0","notes":null,"changed":null,"new":null,"address":"愛媛県松山市浅海原甲２７９－１外3","gsi_common_id":"E3820100312201","coordinate_join_method":"matched_by_id"}},{"type":"Feature","geometry":{"type":"Point","coordinates":[132.8019187,34.00995715]},"properties":{"common_id":"E3820100317201","name":"浅海保育園グラウンド","address_pref":"愛媛県","address_city":"松山市浅海本谷甲","address_detail":"719-1","contact":"(089)995-0032","flood":"1","landslide":"1","storm_surge":null,"earthquake":"1","tsunami":null,"large_fire":null,"inland_flood":null,"volcano":null,"shelter_overlap":"1","capacity":"1211","capacity_basis":"1.0","notes":null,"changed":null,"new":null,"address":"愛媛県松山市浅海本谷甲719-1","gsi_common_id":"E3820100317201","coordinate_join_method":"matched_by_id"}},{"type":"Feature","geometry":{"type":"Point","coordinates":[132.8033118,34.00966597]},"properties":{"common_id":"E3820100318201","name":"浅海小学校グラウンド","address_pref":"愛媛県","address_city":"松山市浅海本谷甲","address_detail":"728","contact":"(089)995-0343","flood":"1","landslide":"1","storm_surge":null,"earthquake":"1","tsunami":"1","large_fire":null,"inland_flood":null,"volcano":null,"shelter_overlap":"1","capacity":"6170","capacity_basis":"1.0","notes":null,"changed":null,"new":null,"address":"愛媛県松山市浅海本谷甲728","gsi_common_id":"E3820100318201","coordinate_join_method":"matched_by_id"}},{"type":"Feature","geometry":{"type":"Point","coordinates":[132.7930683,33.94961233]},"properties":{"common_id":"E3820100321201","name":"善応寺農村公園","address_pref":"愛媛県","address_city":"松山市善応寺甲","address_detail":"388","contact":null,"flood":null,"landslide":"1","storm_surge":"1","earthquake":"1","tsunami":"1","large_fire":null,"inland_flood":null,"volcano":null,"shelter_overlap":null,"capacity":"1900","capacity_basis":"1.0","notes":null,"changed":null,"new":null,"address":"愛媛県松山市善応寺甲388","gsi_common_id":"E3820100321201","coordinate_join_method":"matched_by_id"}},{"type":"Feature","geometry":{"type":"Point","coordinates":[132.7888691,33.82817703]},"properties":{"common_id":"E3820100322201","name":"愛媛慈恵会地域交流ホームグラウンド","address_pref":"愛媛県","address_city":"松山市束本","address_detail":"2-13-3","contact":"(089)921-1035","flood":null,"landslide":"1","storm_surge":"1","earthquake":"1","tsunami":"1","large_fire":null,"inland_flood":null,"volcano":null,"shelter_overlap":"1","capacity":"2000","capacity_basis":"1.0","notes":null,"changed":null,"new":null,"address":"愛媛県松山市束本2-13-3","gsi_common_id":"E3820100322201","coordinate_join_method":"matched_by_id"}},{"type":"Feature","geometry":{"type":"Point","coordinates":[132.7273044,33.88792183]},"properties":{"common_id":"E3820100324201","name":"太山寺小山公園","address_pref":"愛媛県","address_city":"松山市太山寺町","address_detail":"1355","contact":null,"flood":null,"landslide":"1","storm_surge":null,"earthquake":"1","tsunami":null,"large_fire":null,"inland_flood":null,"volcano":null,"shelter_overlap":null,"capacity":"2900","capacity_basis":"1.0","notes":null,"changed":null,"new":null,"address":"愛媛県松山市太山寺町1355","gsi_common_id":"E3820100324201","coordinate_join_method":"matched_by_id"}},{"type":"Feature","geometry":{"type":"Point","coordinates":[132.7227447,33.88254669]},"properties":{"common_id":"E3820100326201","name":"太山寺本村公園","address_pref":"愛媛県","address_city":"松山市太山寺町１５８７－１外","address_detail":null,"contact":null,"flood":"1","landslide":null,"storm_surge":"1","earthquake":"1","tsunami":"1","large_fire":null,"inland_flood":null,"volcano":null,"shelter_overlap":null,"capacity":"1700","capacity_basis":"1.0","notes":null,"changed":null,"new":null,"address":"愛媛県松山市太山寺町１５８７－１外","gsi_common_id":"E3820100326201","coordinate_join_method":"matched_by_id"}},{"type":"Feature","geometry":{"type":"Point","coordinates":[132.7222806,33.89224797]},"properties":{"common_id":"E3820100328201","name":"清和公園","address_pref":"愛媛県","address_city":"松山市太山寺町","address_detail":"2244","contact":null,"flood":"1","landslide":null,"storm_surge":"1","earthquake":"1","tsunami":"1","large_fire":null,"inland_flood":null,"volcano":null,"shelter_overlap":null,"capacity":"2100","capacity_basis":"1.0","notes":null,"changed":null,"new":null,"address":"愛媛県松山市太山寺町2244","gsi_common_id":"E3820100328201","coordinate_join_method":"matched_by_id"}},{"type":"Feature","geometry":{"type":"Point","coordinates":[132.7348915,33.88241632]},"properties":{"common_id":"E3820100329201","name":"北中学校グラウンド","address_pref":"愛媛県","address_city":"松山市太山寺町","address_detail":"491-1","contact":"(089)978-3321","flood":null,"landslide":"1","storm_surge":null,"earthquake":"1","tsunami":"1","large_fire":null,"inland_flood":null,"volcano":null,"shelter_overlap":"1","capacity":"13350","capacity_basis":"1.0","notes":null,"changed":null,"new":null,"address":"愛媛県松山市太山寺町491-1","gsi_common_id":"E3820100329201","coordinate_join_method":"matched_by_id"}},{"type":"Feature","geometry":{"type":"Point","coordinates":[132.7319359,33.88930744]},"properties":{"common_id":"E3820100330201","name":"和気小学校グラウンド","address_pref":"愛媛県","address_city":"松山市太山寺町","address_detail":"671-3","contact":"(089)978-0057","flood":null,"landslide":"1","storm_surge":null,"earthquake":"1","tsunami":null,"large_fire":null,"inland_flood":null,"volcano":null,"shelter_overlap":"1","capacity":"9228","capacity_basis":"1.0","notes":null,"changed":null,"new":null,"address":"愛媛県松山市太山寺町671-3","gsi_common_id":"E3820100330201","coordinate_join_method":"matched_by_id"}},{"type":"Feature","geometry":{"type":"Point","coordinates":[132.7325347,33.88441267]},"properties":{"common_id":"E3820100331201","name":"大渕公園","address_pref":"愛媛県","address_city":"松山市太山寺町乙","address_detail":"168-1","contact":null,"flood":"1","landslide":null,"storm_surge":null,"earthquake":"1","tsunami":"1","large_fire":null,"inland_flood":null,"volcano":null,"shelter_overlap":null,"capacity":"1500","capacity_basis":"1.0","notes":null,"changed":null,"new":null,"address":"愛媛県松山市太山寺町乙168-1","gsi_common_id":"E3820100331201","coordinate_join_method":"matched_by_id"}},{"type":"Feature","geometry":{"type":"Point","coordinates":[132.7147449,33.85462742]},"properties":{"common_id":"E3820100333201","name":"三津大可賀公園","address_pref":"愛媛県","address_city":"松山市大可賀","address_detail":"1-5","contact":null,"flood":null,"landslide":"1","storm_surge":null,"earthquake":"1","tsunami":"1","large_fire":null,"inland_flood":null,"volcano":null,"shelter_overlap":null,"capacity":"13700","capacity_basis":"1.0","notes":null,"changed":null,"new":null,"address":"愛媛県松山市大可賀1-5","gsi_common_id":"E3820100333201","coordinate_join_method":"matched_by_id"}},{"type":"Feature","geometry":{"type":"Point","coordinates":[132.7702944,33.84327615]},"properties":{"common_id":"E3820100334201","name":"松山東雲中学・高等学校グラウンド","address_pref":"愛媛県","address_city":"松山市大街道","address_detail":"3-2-24","contact":"(089)941-4136","flood":"1","landslide":null,"storm_surge":"1","earthquake":"1","tsunami":"1","large_fire":null,"inland_flood":null,"volcano":null,"shelter_overlap":"1","capacity":"4921","capacity_basis":"1.0","notes":null,"changed":null,"new":null,"address":"愛媛県松山市大街道3-2-24","gsi_common_id":"E3820100334201","coordinate_join_method":"matched_by_id"}},{"type":"Feature","geometry":{"type":"Point","coordinates":[132.8066113,33.81116986]},"properties":{"common_id":"E3820100336201","name":"久米小学校グラウンド","address_pref":"愛媛県","address_city":"松山市鷹子町","address_detail":"15-1","contact":"(089)975-0601","flood":null,"landslide":"1","storm_surge":"1","earthquake":"1","tsunami":"1","large_fire":null,"inland_flood":null,"volcano":null,"shelter_overlap":"1","capacity":"10552","capacity_basis":"1.0","notes":null,"changed":null,"new":null,"address":"愛媛県松山市鷹子町15-1","gsi_common_id":"E3820100336201","coordinate_join_method":"matched_by_id"}},{"type":"Feature","geometry":{"type":"Point","coordinates":[132.8087473,33.81744505]},"properties":{"common_id":"E3820100337201","name":"浄土寺公園","address_pref":"愛媛県","address_city":"松山市鷹子町３３３－１外","address_detail":null,"contact":null,"flood":"1","landslide":"1","storm_surge":"1","earthquake":"1","tsunami":"1","large_fire":null,"inland_flood":null,"volcano":null,"shelter_overlap":null,"capacity":"2500","capacity_basis":"1.0","notes":null,"changed":null,"new":null,"address":"愛媛県松山市鷹子町３３３－１外","gsi_common_id":"E3820100337201","coordinate_join_method":"matched_by_id"}},{"type":"Feature","geometry":{"type":"Point","coordinates":[132.8063672,33.8099833]},"properties":{"common_id":"E3820100338201","name":"久米保育園グラウンド","address_pref":"愛媛県","address_city":"松山市鷹子町","address_detail":"4-4","contact":"(089)975-0201","flood":null,"landslide":"1","storm_surge":"1","earthquake":"1","tsunami":"1","large_fire":null,"inland_flood":null,"volcano":null,"shelter_overlap":"1","capacity":"417","capacity_basis":"1.0","notes":null,"changed":null,"new":null,"address":"愛媛県松山市鷹子町4-4","gsi_common_id":"E3820100338201","coordinate_join_method":"matched_by_id"}},{"type":"Feature","geometry":{"type":"Point","coordinates":[132.7656567,33.82648217]},"properties":{"common_id":"E3820100343201","name":"拓川市民運動広場","address_pref":"愛媛県","address_city":"松山市拓川町","address_detail":"453-1","contact":null,"flood":null,"landslide":"1","storm_surge":"1","earthquake":"1","tsunami":"1","large_fire":null,"inland_flood":null,"volcano":null,"shelter_overlap":null,"capacity":"9607","capacity_basis":"1.0","notes":null,"changed":null,"new":null,"address":"愛媛県松山市拓川町453-1","gsi_common_id":"E3820100343201","coordinate_join_method":"matched_by_id"}},{"type":"Feature","geometry":{"type":"Point","coordinates":[132.7192298,33.86665302]},"properties":{"common_id":"E3820100344201","name":"たつみ公園","address_pref":"愛媛県","address_city":"松山市辰巳町２８５８－８外","address_detail":null,"contact":null,"flood":null,"landslide":"1","storm_surge":null,"earthquake":"1","tsunami":null,"large_fire":null,"inland_flood":null,"volcano":null,"shelter_overlap":null,"capacity":"1000","capacity_basis":"1.0","notes":null,"changed":null,"new":null,"address":"愛媛県松山市辰巳町２８５８－８外","gsi_common_id":"E3820100344201","coordinate_join_method":"matched_by_id"}},{"type":"Feature","geometry":{"type":"Point","coordinates":[132.7543172,33.88202939]},"properties":{"common_id":"E3820100345201","name":"谷町公園","address_pref":"愛媛県","address_city":"松山市谷町甲","address_detail":"236","contact":null,"flood":"1","landslide":"1","storm_surge":"1","earthquake":"1","tsunami":"1","large_fire":null,"inland_flood":null,"volcano":null,"shelter_overlap":null,"capacity":"6300","capacity_basis":"1.0","notes":null,"changed":null,"new":null,"address":"愛媛県松山市谷町甲236","gsi_common_id":"E3820100345201","coordinate_join_method":"matched_by_id"}},{"type":"Feature","geometry":{"type":"Point","coordinates":[132.7941717,33.83825519]},"properties":{"common_id":"E3820100347201","name":"愛媛大学附属高等学校グラウンド","address_pref":"愛媛県","address_city":"松山市樽味","address_detail":"3-2-40","contact":"(089)946-9051","flood":null,"landslide":"1","storm_surge":"1","earthquake":"1","tsunami":"1","large_fire":null,"inland_flood":null,"volcano":null,"shelter_overlap":"1","capacity":"7700","capacity_basis":"1.0","notes":null,"changed":null,"new":null,"address":"愛媛県松山市樽味3-2-40","gsi_common_id":"E3820100347201","coordinate_join_method":"matched_by_id"}},{"type":"Feature","geometry":{"type":"Point","coordinates":[132.7471237,33.8343588]},"properties":{"common_id":"E3820100348201","name":"城西中学校グラウンド","address_pref":"愛媛県","address_city":"松山市竹原","address_detail":"3-19-35","contact":"(089)932-5008","flood":null,"landslide":"1","storm_surge":"1","earthquake":"1","tsunami":"1","large_fire":null,"inland_flood":null,"volcano":null,"shelter_overlap":"1","capacity":"15283","capacity_basis":"1.0","notes":null,"changed":null,"new":null,"address":"愛媛県松山市竹原3-19-35","gsi_common_id":"E3820100348201","coordinate_join_method":"matched_by_id"}},{"type":"Feature","geometry":{"type":"Point","coordinates":[132.723813,33.8646204]},"properties":{"common_id":"E3820100349201","name":"中須賀公園","address_pref":"愛媛県","address_city":"松山市中須賀","address_detail":"1-11","contact":null,"flood":null,"landslide":"1","storm_surge":null,"earthquake":"1","tsunami":null,"large_fire":null,"inland_flood":null,"volcano":null,"shelter_overlap":null,"capacity":"2900","capacity_basis":"1.0","notes":null,"changed":null,"new":null,"address":"愛媛県松山市中須賀1-11","gsi_common_id":"E3820100349201","coordinate_join_method":"matched_by_id"}},{"type":"Feature","geometry":{"type":"Point","coordinates":[132.7245173,33.86454994]},"properties":{"common_id":"E3820100350201","name":"中須賀保育園グラウンド","address_pref":"愛媛県","address_city":"松山市中須賀","address_detail":"1-12-17","contact":"(089)952-9655","flood":null,"landslide":"1","storm_surge":null,"earthquake":"1","tsunami":null,"large_fire":null,"inland_flood":null,"volcano":null,"shelter_overlap":"1","capacity":"1135","capacity_basis":"1.0","notes":null,"changed":null,"new":null,"address":"愛媛県松山市中須賀1-12-17","gsi_common_id":"E3820100350201","coordinate_join_method":"matched_by_id"}},{"type":"Feature","geometry":{"type":"Point","coordinates":[132.786323,33.96179042]},"properties":{"common_id":"E3820100353201","name":"正岡松尾公園","address_pref":"愛媛県","address_city":"松山市中西外","address_detail":"686-1","contact":null,"flood":"1","landslide":"1","storm_surge":"1","earthquake":"1","tsunami":"1","large_fire":null,"inland_flood":null,"volcano":null,"shelter_overlap":null,"capacity":"2200","capacity_basis":"1.0","notes":null,"changed":null,"new":null,"address":"愛媛県松山市中西外686-1","gsi_common_id":"E3820100353201","coordinate_join_method":"matched_by_id"}},{"type":"Feature","geometry":{"type":"Point","coordinates":[132.7820238,33.95903592]},"properties":{"common_id":"E3820100354201","name":"河野別府公園（ゲートボール場）","address_pref":"愛媛県","address_city":"松山市中西外９６６外","address_detail":"4","contact":null,"flood":"1","landslide":"1","storm_surge":"1","earthquake":"1","tsunami":"1","large_fire":null,"inland_flood":null,"volcano":null,"shelter_overlap":null,"capacity":"5300","capacity_basis":"1.0","notes":null,"changed":null,"new":null,"address":"愛媛県松山市中西外９６６外4","gsi_common_id":"E3820100354201","coordinate_join_method":"matched_by_id"}},{"type":"Feature","geometry":{"type":"Point","coordinates":[132.7757263,33.83161151]},"properties":{"common_id":"E3820100358201","name":"中村公園","address_pref":"愛媛県","address_city":"松山市中村","address_detail":"3-367-1","contact":null,"flood":null,"landslide":"1","storm_surge":"1","earthquake":"1","tsunami":"1","large_fire":null,"inland_flood":null,"volcano":null,"shelter_overlap":null,"capacity":"600","capacity_basis":"1.0","notes":null,"changed":null,"new":null,"address":"愛媛県松山市中村3-367-1","gsi_common_id":"E3820100358201","coordinate_join_method":"matched_by_id"}},{"type":"Feature","geometry":{"type":"Point","coordinates":[132.7759057,33.83041343]},"properties":{"common_id":"E3820100359201","name":"松山保育園グラウンド","address_pref":"愛媛県","address_city":"松山市中村","address_detail":"3-5-29","contact":"(089)931-1468","flood":null,"landslide":"1","storm_surge":"1","earthquake":"1","tsunami":"1","large_fire":null,"inland_flood":null,"volcano":null,"shelter_overlap":"1","capacity":"872","capacity_basis":"1.0","notes":null,"changed":null,"new":null,"address":"愛媛県松山市中村3-5-29","gsi_common_id":"E3820100359201","coordinate_join_method":"matched_by_id"}},{"type":"Feature","geometry":{"type":"Point","coordinates":[132.7895622,33.9781234]},"properties":{"common_id":"E3820100361201","name":"中通みんなの広場","address_pref":"愛媛県","address_city":"松山市中通甲３１２－１外","address_detail":"5","contact":null,"flood":null,"landslide":"1","storm_surge":"1","earthquake":"1","tsunami":"1","large_fire":null,"inland_flood":null,"volcano":null,"shelter_overlap":null,"capacity":"1300","capacity_basis":"1.0","notes":null,"changed":null,"new":null,"address":"愛媛県松山市中通甲３１２－１外5","gsi_common_id":"E3820100361201","coordinate_join_method":"matched_by_id"}},{"type":"Feature","geometry":{"type":"Point","coordinates":[132.7947686,33.9830289]},"properties":{"common_id":"E3820100364201","name":"難波小学校グラウンド","address_pref":"愛媛県","address_city":"松山市中通甲","address_detail":"807-1","contact":"(089)993-0049","flood":"1","landslide":"1","storm_surge":"1","earthquake":"1","tsunami":"1","large_fire":null,"inland_flood":null,"volcano":null,"shelter_overlap":"1","capacity":"7498","capacity_basis":"1.0","notes":null,"changed":null,"new":null,"address":"愛媛県松山市中通甲807-1","gsi_common_id":"E3820100364201","coordinate_join_method":"matched_by_id"}},{"type":"Feature","geometry":{"type":"Point","coordinates":[132.6376181,33.99449384]},"properties":{"common_id":"E3820100366201","name":"城山小学校跡グラウンド","address_pref":"愛媛県","address_city":"松山市中島粟井甲","address_detail":"876","contact":"(089)997-0288","flood":"1","landslide":"1","storm_surge":"1","earthquake":"1","tsunami":"1","large_fire":null,"inland_flood":null,"volcano":null,"shelter_overlap":"1","capacity":"2282","capacity_basis":"1.0","notes":null,"changed":null,"new":null,"address":"愛媛県松山市中島粟井甲876","gsi_common_id":"E3820100366201","coordinate_join_method":"matched_by_id"}},{"type":"Feature","geometry":{"type":"Point","coordinates":[132.62638,33.97321069]},"properties":{"common_id":"E3820100370201","name":"松山北高等学校中島分校グラウンド","address_pref":"愛媛県","address_city":"松山市中島大浦","address_detail":"3100-1","contact":"(089)997-0031","flood":"1","landslide":null,"storm_surge":null,"earthquake":"1","tsunami":"1","large_fire":null,"inland_flood":null,"volcano":null,"shelter_overlap":"1","capacity":"13698","capacity_basis":"1.0","notes":null,"changed":null,"new":null,"address":"愛媛県松山市中島大浦3100-1","gsi_common_id":"E3820100370201","coordinate_join_method":"matched_by_id"}},{"type":"Feature","geometry":{"type":"Point","coordinates":[132.8287139,33.77907841]},"properties":{"common_id":"E3820100371201","name":"中野公園","address_pref":"愛媛県","address_city":"松山市中野町甲","address_detail":"307","contact":null,"flood":null,"landslide":"1","storm_surge":"1","earthquake":"1","tsunami":"1","large_fire":null,"inland_flood":null,"volcano":null,"shelter_overlap":null,"capacity":"4600","capacity_basis":"1.0","notes":null,"changed":null,"new":null,"address":"愛媛県松山市中野町甲307","gsi_common_id":"E3820100371201","coordinate_join_method":"matched_by_id"}},{"type":"Feature","geometry":{"type":"Point","coordinates":[132.764785,33.823214]},"properties":{"common_id":"E3820100378201","name":"聖カタリナ学園高等学校グラウンド","address_pref":"愛媛県","address_city":"松山市朝生田町","address_detail":"4-9-9","contact":"(089)933-3291","flood":null,"landslide":"1","storm_surge":"1","earthquake":"1","tsunami":"1","large_fire":null,"inland_flood":null,"volcano":null,"shelter_overlap":"1","capacity":"8594","capacity_basis":"1.0","notes":null,"changed":null,"new":null,"address":"愛媛県松山市朝生田町4-9-9","gsi_common_id":"E3820100378201","coordinate_join_method":"matched_by_id"}},{"type":"Feature","geometry":{"type":"Point","coordinates":[132.7651795,33.8196643]},"properties":{"common_id":"E3820100379201","name":"朝生田公園","address_pref":"愛媛県","address_city":"松山市朝生田町６－２外","address_detail":null,"contact":null,"flood":null,"landslide":"1","storm_surge":"1","earthquake":"1","tsunami":"1","large_fire":null,"inland_flood":null,"volcano":null,"shelter_overlap":null,"capacity":"2500","capacity_basis":"1.0","notes":null,"changed":null,"new":null,"address":"愛媛県松山市朝生田町６－２外","gsi_common_id":"E3820100379201","coordinate_join_method":"matched_by_id"}},{"type":"Feature","geometry":{"type":"Point","coordinates":[132.7395232,33.84386873]},"properties":{"common_id":"E3820100381201","name":"松山総合公園","address_pref":"愛媛県","address_city":"松山市朝日ケ丘","address_detail":"1","contact":null,"flood":"1","landslide":null,"storm_surge":"1","earthquake":"1","tsunami":"1","large_fire":"1","inland_flood":null,"volcano":null,"shelter_overlap":null,"capacity":"24800","capacity_basis":"1.0","notes":null,"changed":null,"new":null,"address":"愛媛県松山市朝日ケ丘1","gsi_common_id":"E3820100381201","coordinate_join_method":"matched_by_id"}},{"type":"Feature","geometry":{"type":"Point","coordinates":[132.7436076,33.84760635]},"properties":{"common_id":"E3820100382201","name":"朝日ケ丘公園","address_pref":"愛媛県","address_city":"松山市朝日ケ丘","address_detail":"2-1464","contact":null,"flood":"1","landslide":"1","storm_surge":"1","earthquake":"1","tsunami":"1","large_fire":null,"inland_flood":null,"volcano":null,"shelter_overlap":null,"capacity":"3000","capacity_basis":"1.0","notes":null,"changed":null,"new":null,"address":"愛媛県松山市朝日ケ丘2-1464","gsi_common_id":"E3820100382201","coordinate_join_method":"matched_by_id"}},{"type":"Feature","geometry":{"type":"Point","coordinates":[132.6252388,33.9571415]},"properties":{"common_id":"E3820100384201","name":"長師グラウンド","address_pref":"愛媛県","address_city":"松山市長師","address_detail":"156-1","contact":null,"flood":"1","landslide":"1","storm_surge":null,"earthquake":"1","tsunami":null,"large_fire":null,"inland_flood":null,"volcano":null,"shelter_overlap":"1","capacity":"1400","capacity_basis":"1.0","notes":null,"changed":null,"new":null,"address":"愛媛県松山市長師156-1","gsi_common_id":"E3820100384201","coordinate_join_method":"matched_by_id"}},{"type":"Feature","geometry":{"type":"Point","coordinates":[132.6258154,33.96266523]},"properties":{"common_id":"E3820100385201","name":"中島小学校グラウンド","address_pref":"愛媛県","address_city":"松山市長師","address_detail":"564","contact":"(089)997-0092","flood":"1","landslide":null,"storm_surge":"1","earthquake":"1","tsunami":"1","large_fire":null,"inland_flood":null,"volcano":null,"shelter_overlap":"1","capacity":"7840","capacity_basis":"1.0","notes":null,"changed":null,"new":null,"address":"愛媛県松山市長師564","gsi_common_id":"E3820100385201","coordinate_join_method":"matched_by_id"}},{"type":"Feature","geometry":{"type":"Point","coordinates":[132.6256057,33.96403979]},"properties":{"common_id":"E3820100386201","name":"中島中学校グラウンド","address_pref":"愛媛県","address_city":"松山市長師","address_detail":"817","contact":"(089)997-0204","flood":"1","landslide":null,"storm_surge":"1","earthquake":"1","tsunami":"1","large_fire":null,"inland_flood":null,"volcano":null,"shelter_overlap":"1","capacity":null,"capacity_basis":null,"notes":null,"changed":null,"new":null,"address":"愛媛県松山市長師817","gsi_common_id":"E3820100386201","coordinate_join_method":"matched_by_id"}},{"type":"Feature","geometry":{"type":"Point","coordinates":[132.840148,33.77145982]},"properties":{"common_id":"E3820100390201","name":"津吉公園","address_pref":"愛媛県","address_city":"松山市津吉町乙","address_detail":"15","contact":null,"flood":"1","landslide":null,"storm_surge":"1","earthquake":"1","tsunami":"1","large_fire":null,"inland_flood":null,"volcano":null,"shelter_overlap":null,"capacity":"3600","capacity_basis":"1.0","notes":null,"changed":null,"new":null,"address":"愛媛県松山市津吉町乙15","gsi_common_id":"E3820100390201","coordinate_join_method":"matched_by_id"}},{"type":"Feature","geometry":{"type":"Point","coordinates":[132.5081317,33.97546507]},"properties":{"common_id":"E3820100391201","name":"津和地小学校グラウンド","address_pref":"愛媛県","address_city":"松山市津和地","address_detail":"1588-1","contact":"(089)999-0757","flood":"1","landslide":null,"storm_surge":null,"earthquake":"1","tsunami":null,"large_fire":null,"inland_flood":null,"volcano":null,"shelter_overlap":"1","capacity":"3701","capacity_basis":"1.0","notes":null,"changed":null,"new":null,"address":"愛媛県松山市津和地1588-1","gsi_common_id":"E3820100391201","coordinate_join_method":"matched_by_id"}},{"type":"Feature","geometry":{"type":"Point","coordinates":[132.5126026,33.98211582]},"properties":{"common_id":"E3820100392201","name":"津和地保育所グラウンド","address_pref":"愛媛県","address_city":"松山市津和地","address_detail":"420","contact":"(089)990-2028","flood":"1","landslide":null,"storm_surge":null,"earthquake":"1","tsunami":null,"large_fire":null,"inland_flood":null,"volcano":null,"shelter_overlap":"1","capacity":"219","capacity_basis":"1.0","notes":null,"changed":null,"new":null,"address":"愛媛県松山市津和地420","gsi_common_id":"E3820100392201","coordinate_join_method":"matched_by_id"}},{"type":"Feature","geometry":{"type":"Point","coordinates":[132.7745173,33.81976294]},"properties":{"common_id":"E3820100396201","name":"天山公園","address_pref":"愛媛県","address_city":"松山市天山３－１３０－２外","address_detail":null,"contact":null,"flood":null,"landslide":"1","storm_surge":"1","earthquake":"1","tsunami":"1","large_fire":null,"inland_flood":null,"volcano":null,"shelter_overlap":null,"capacity":"1400","capacity_basis":"1.0","notes":null,"changed":null,"new":null,"address":"愛媛県松山市天山３－１３０－２外","gsi_common_id":"E3820100396201","coordinate_join_method":"matched_by_id"}},{"type":"Feature","geometry":{"type":"Point","coordinates":[132.7902555,33.79857037]},"properties":{"common_id":"E3820100397201","name":"土居公園","address_pref":"愛媛県","address_city":"松山市土居町１０２６－１外","address_detail":null,"contact":null,"flood":null,"landslide":"1","storm_surge":"1","earthquake":"1","tsunami":"1","large_fire":null,"inland_flood":null,"volcano":null,"shelter_overlap":null,"capacity":"1900","capacity_basis":"1.0","notes":null,"changed":null,"new":null,"address":"愛媛県松山市土居町１０２６－１外","gsi_common_id":"E3820100397201","coordinate_join_method":"matched_by_id"}},{"type":"Feature","geometry":{"type":"Point","coordinates":[132.7542923,33.82449068]},"properties":{"common_id":"E3820100398201","name":"雄新中学校グラウンド","address_pref":"愛媛県","address_city":"松山市土居田町","address_detail":"1","contact":"(089)931-8261","flood":null,"landslide":"1","storm_surge":"1","earthquake":"1","tsunami":"1","large_fire":null,"inland_flood":null,"volcano":null,"shelter_overlap":"1","capacity":"11417","capacity_basis":"1.0","notes":null,"changed":null,"new":null,"address":"愛媛県松山市土居田町1","gsi_common_id":"E3820100398201","coordinate_join_method":"matched_by_id"}},{"type":"Feature","geometry":{"type":"Point","coordinates":[132.7534552,33.82343493]},"properties":{"common_id":"E3820100399201","name":"双葉小学校グラウンド","address_pref":"愛媛県","address_city":"松山市土居田町","address_detail":"123-3","contact":"(089)921-1171","flood":null,"landslide":"1","storm_surge":"1","earthquake":"1","tsunami":"1","large_fire":null,"inland_flood":null,"volcano":null,"shelter_overlap":"1","capacity":"9376","capacity_basis":"1.0","notes":null,"changed":null,"new":null,"address":"愛媛県松山市土居田町123-3","gsi_common_id":"E3820100399201","coordinate_join_method":"matched_by_id"}},{"type":"Feature","geometry":{"type":"Point","coordinates":[132.7459932,33.82417373]},"properties":{"common_id":"E3820100400201","name":"土居田公園","address_pref":"愛媛県","address_city":"松山市土居田町","address_detail":"423","contact":null,"flood":null,"landslide":"1","storm_surge":"1","earthquake":"1","tsunami":"1","large_fire":null,"inland_flood":null,"volcano":null,"shelter_overlap":null,"capacity":"1000","capacity_basis":"1.0","notes":null,"changed":null,"new":null,"address":"愛媛県松山市土居田町423","gsi_common_id":"E3820100400201","coordinate_join_method":"matched_by_id"}},{"type":"Feature","geometry":{"type":"Point","coordinates":[132.7437885,33.82033215]},"properties":{"common_id":"E3820100401201","name":"土居田本村公園","address_pref":"愛媛県","address_city":"松山市土居田町","address_detail":"581-2","contact":null,"flood":null,"landslide":"1","storm_surge":"1","earthquake":"1","tsunami":"1","large_fire":null,"inland_flood":null,"volcano":null,"shelter_overlap":null,"capacity":"1500","capacity_basis":"1.0","notes":null,"changed":null,"new":null,"address":"愛媛県松山市土居田町581-2","gsi_common_id":"E3820100401201","coordinate_join_method":"matched_by_id"}},{"type":"Feature","geometry":{"type":"Point","coordinates":[132.7581863,33.8318661]},"properties":{"common_id":"E3820100403201","name":"雄郡小学校グラウンド","address_pref":"愛媛県","address_city":"松山市土橋町","address_detail":"1","contact":"(089)931-3197","flood":null,"landslide":"1","storm_surge":"1","earthquake":"1","tsunami":"1","large_fire":null,"inland_flood":null,"volcano":null,"shelter_overlap":"1","capacity":"6918","capacity_basis":"1.0","notes":null,"changed":null,"new":null,"address":"愛媛県松山市土橋町1","gsi_common_id":"E3820100403201","coordinate_join_method":"matched_by_id"}},{"type":"Feature","geometry":{"type":"Point","coordinates":[132.7736788,33.845786239276]},"properties":{"common_id":"E3820100407201","name":"東雲公園","address_pref":"愛媛県","address_city":"松山市東雲町","address_detail":"7-2","contact":null,"flood":null,"landslide":"1","storm_surge":"1","earthquake":"1","tsunami":"1","large_fire":null,"inland_flood":null,"volcano":null,"shelter_overlap":null,"capacity":"4800","capacity_basis":"1.0","notes":null,"changed":null,"new":null,"address":"愛媛県松山市東雲町7-2","gsi_common_id":"E3820100407201","coordinate_join_method":"matched_by_id"}},{"type":"Feature","geometry":{"type":"Point","coordinates":[132.7143822,33.81561364]},"properties":{"common_id":"E3820100410201","name":"空港東第三公園","address_pref":"愛媛県","address_city":"松山市東垣生町","address_detail":"628-1","contact":null,"flood":null,"landslide":"1","storm_surge":null,"earthquake":"1","tsunami":"1","large_fire":null,"inland_flood":null,"volcano":null,"shelter_overlap":null,"capacity":"5800","capacity_basis":"1.0","notes":null,"changed":null,"new":null,"address":"愛媛県松山市東垣生町628-1","gsi_common_id":"E3820100410201","coordinate_join_method":"matched_by_id"}},{"type":"Feature","geometry":{"type":"Point","coordinates":[132.7163005,33.81468887]},"properties":{"common_id":"E3820100411201","name":"奥土居公園","address_pref":"愛媛県","address_city":"松山市東垣生町","address_detail":"706-1","contact":null,"flood":null,"landslide":"1","storm_surge":null,"earthquake":"1","tsunami":"1","large_fire":null,"inland_flood":null,"volcano":null,"shelter_overlap":null,"capacity":"3600","capacity_basis":"1.0","notes":null,"changed":null,"new":null,"address":"愛媛県松山市東垣生町706-1","gsi_common_id":"E3820100411201","coordinate_join_method":"matched_by_id"}},{"type":"Feature","geometry":{"type":"Point","coordinates":[132.71493,33.81623955]},"properties":{"common_id":"E3820100412201","name":"東垣生公園","address_pref":"愛媛県","address_city":"松山市東垣生町","address_detail":"758-2","contact":null,"flood":null,"landslide":"1","storm_surge":null,"earthquake":"1","tsunami":"1","large_fire":null,"inland_flood":null,"volcano":null,"shelter_overlap":null,"capacity":"3000","capacity_basis":"1.0","notes":null,"changed":null,"new":null,"address":"愛媛県松山市東垣生町758-2","gsi_common_id":"E3820100412201","coordinate_join_method":"matched_by_id"}},{"type":"Feature","geometry":{"type":"Point","coordinates":[132.7170805,33.81547545]},"properties":{"common_id":"E3820100413201","name":"八反地公園","address_pref":"愛媛県","address_city":"松山市東垣生町","address_detail":"782","contact":null,"flood":null,"landslide":"1","storm_surge":null,"earthquake":"1","tsunami":"1","large_fire":null,"inland_flood":null,"volcano":null,"shelter_overlap":null,"capacity":"700","capacity_basis":"1.0","notes":null,"changed":null,"new":null,"address":"愛媛県松山市東垣生町782","gsi_common_id":"E3820100413201","coordinate_join_method":"matched_by_id"}},{"type":"Feature","geometry":{"type":"Point","coordinates":[132.7150717,33.81786504]},"properties":{"common_id":"E3820100414201","name":"空港東第四公園","address_pref":"愛媛県","address_city":"松山市東垣生町","address_detail":"869-1","contact":null,"flood":null,"landslide":"1","storm_surge":null,"earthquake":"1","tsunami":"1","large_fire":null,"inland_flood":null,"volcano":null,"shelter_overlap":null,"capacity":"9200","capacity_basis":"1.0","notes":null,"changed":null,"new":null,"address":"愛媛県松山市東垣生町869-1","gsi_common_id":"E3820100414201","coordinate_join_method":"matched_by_id"}},{"type":"Feature","geometry":{"type":"Point","coordinates":[132.7149424,33.81686757]},"properties":{"common_id":"E3820100415201","name":"空港東第二公園","address_pref":"愛媛県","address_city":"松山市東垣生町","address_detail":"928-1","contact":null,"flood":null,"landslide":"1","storm_surge":null,"earthquake":"1","tsunami":"1","large_fire":null,"inland_flood":null,"volcano":null,"shelter_overlap":null,"capacity":"10200","capacity_basis":"1.0","notes":null,"changed":null,"new":null,"address":"愛媛県松山市東垣生町928-1","gsi_common_id":"E3820100415201","coordinate_join_method":"matched_by_id"}},{"type":"Feature","geometry":{"type":"Point","coordinates":[132.7112521,33.81683929]},"properties":{"common_id":"E3820100416201","name":"空港東公園","address_pref":"愛媛県","address_city":"松山市東垣生町９５０－１外","address_detail":null,"contact":null,"flood":null,"landslide":"1","storm_surge":null,"earthquake":"1","tsunami":"1","large_fire":null,"inland_flood":null,"volcano":null,"shelter_overlap":null,"capacity":"7800","capacity_basis":"1.0","notes":null,"changed":null,"new":null,"address":"愛媛県松山市東垣生町９５０－１外","gsi_common_id":"E3820100416201","coordinate_join_method":"matched_by_id"}},{"type":"Feature","geometry":{"type":"Point","coordinates":[132.7313464,33.86360726]},"properties":{"common_id":"E3820100417201","name":"東山公園","address_pref":"愛媛県","address_city":"松山市東山町４１０９－１外","address_detail":null,"contact":null,"flood":"1","landslide":"1","storm_surge":null,"earthquake":"1","tsunami":"1","large_fire":null,"inland_flood":null,"volcano":null,"shelter_overlap":null,"capacity":"1300","capacity_basis":"1.0","notes":null,"changed":null,"new":null,"address":"愛媛県松山市東山町４１０９－１外","gsi_common_id":"E3820100417201","coordinate_join_method":"matched_by_id"}},{"type":"Feature","geometry":{"type":"Point","coordinates":[132.7808397,33.81538576]},"properties":{"common_id":"E3820100420201","name":"東山古墳公園（星ヶ岡西公園）","address_pref":"愛媛県","address_city":"松山市東石井３丁目乙","address_detail":"20","contact":null,"flood":null,"landslide":null,"storm_surge":"1","earthquake":"1","tsunami":"1","large_fire":null,"inland_flood":null,"volcano":null,"shelter_overlap":null,"capacity":"1100","capacity_basis":"1.0","notes":null,"changed":null,"new":null,"address":"愛媛県松山市東石井３丁目乙20","gsi_common_id":"E3820100420201","coordinate_join_method":"matched_by_id"}},{"type":"Feature","geometry":{"type":"Point","coordinates":[132.7761877,33.81100923]},"properties":{"common_id":"E3820100422201","name":"石井小学校グラウンド","address_pref":"愛媛県","address_city":"松山市東石井","address_detail":"6-8-52","contact":"(089)956-1658","flood":null,"landslide":"1","storm_surge":"1","earthquake":"1","tsunami":"1","large_fire":null,"inland_flood":null,"volcano":null,"shelter_overlap":"1","capacity":"6930","capacity_basis":"1.0","notes":null,"changed":null,"new":null,"address":"愛媛県松山市東石井6-8-52","gsi_common_id":"E3820100422201","coordinate_join_method":"matched_by_id"}},{"type":"Feature","geometry":{"type":"Point","coordinates":[132.7755132,33.80683037]},"properties":{"common_id":"E3820100423201","name":"南中学校グラウンド","address_pref":"愛媛県","address_city":"松山市東石井","address_detail":"7-2-52","contact":"(089)956-1373","flood":null,"landslide":"1","storm_surge":"1","earthquake":"1","tsunami":"1","large_fire":null,"inland_flood":null,"volcano":null,"shelter_overlap":"1","capacity":"11883","capacity_basis":"1.0","notes":null,"changed":null,"new":null,"address":"愛媛県松山市東石井7-2-52","gsi_common_id":"E3820100423201","coordinate_join_method":"matched_by_id"}},{"type":"Feature","geometry":{"type":"Point","coordinates":[132.7872221,33.90818781]},"properties":{"common_id":"E3820100425201","name":"東大栗公園","address_pref":"愛媛県","address_city":"松山市東大栗町甲","address_detail":"1273-1","contact":null,"flood":"1","landslide":null,"storm_surge":"1","earthquake":"1","tsunami":"1","large_fire":null,"inland_flood":null,"volcano":null,"shelter_overlap":null,"capacity":"4500","capacity_basis":"1.0","notes":null,"changed":null,"new":null,"address":"愛媛県松山市東大栗町甲1273-1","gsi_common_id":"E3820100425201","coordinate_join_method":"matched_by_id"}},{"type":"Feature","geometry":{"type":"Point","coordinates":[132.8217886,33.77657594]},"properties":{"common_id":"E3820100426201","name":"政友公園","address_pref":"愛媛県","address_city":"松山市東方町２２５８－１外","address_detail":null,"contact":null,"flood":null,"landslide":"1","storm_surge":"1","earthquake":"1","tsunami":"1","large_fire":null,"inland_flood":null,"volcano":null,"shelter_overlap":null,"capacity":"3000","capacity_basis":"1.0","notes":null,"changed":null,"new":null,"address":"愛媛県松山市東方町２２５８－１外","gsi_common_id":"E3820100426201","coordinate_join_method":"matched_by_id"}},{"type":"Feature","geometry":{"type":"Point","coordinates":[132.8182109,33.76866834]},"properties":{"common_id":"E3820100428201","name":"荏原小学校グラウンド","address_pref":"愛媛県","address_city":"松山市東方町甲","address_detail":"1245","contact":"(089)963-1003","flood":null,"landslide":"1","storm_surge":"1","earthquake":"1","tsunami":"1","large_fire":null,"inland_flood":null,"volcano":null,"shelter_overlap":"1","capacity":"7745","capacity_basis":"1.0","notes":null,"changed":null,"new":null,"address":"愛媛県松山市東方町甲1245","gsi_common_id":"E3820100428201","coordinate_join_method":"matched_by_id"}},{"type":"Feature","geometry":{"type":"Point","coordinates":[132.8215749,33.7689447]},"properties":{"common_id":"E3820100429201","name":"東方中央公園","address_pref":"愛媛県","address_city":"松山市東方町甲１４８１－１外","address_detail":null,"contact":null,"flood":"1","landslide":"1","storm_surge":"1","earthquake":"1","tsunami":"1","large_fire":null,"inland_flood":null,"volcano":null,"shelter_overlap":null,"capacity":"1700","capacity_basis":"1.0","notes":null,"changed":null,"new":null,"address":"愛媛県松山市東方町甲１４８１－１外","gsi_common_id":"E3820100429201","coordinate_join_method":"matched_by_id"}},{"type":"Feature","geometry":{"type":"Point","coordinates":[132.8168902,33.76879372]},"properties":{"common_id":"E3820100430201","name":"荏原幼稚園グラウンド","address_pref":"愛媛県","address_city":"松山市東方町甲","address_detail":"1493-3","contact":"(089)963-1103","flood":null,"landslide":"1","storm_surge":"1","earthquake":"1","tsunami":"1","large_fire":null,"inland_flood":null,"volcano":null,"shelter_overlap":"1","capacity":"824","capacity_basis":"1.0","notes":null,"changed":null,"new":null,"address":"愛媛県松山市東方町甲1493-3","gsi_common_id":"E3820100430201","coordinate_join_method":"matched_by_id"}},{"type":"Feature","geometry":{"type":"Point","coordinates":[132.8029739,33.84354609]},"properties":{"common_id":"E3820100431201","name":"ひがしの北公園","address_pref":"愛媛県","address_city":"松山市東野３－甲２７８－１外","address_detail":null,"contact":null,"flood":"1","landslide":"1","storm_surge":"1","earthquake":"1","tsunami":"1","large_fire":null,"inland_flood":null,"volcano":null,"shelter_overlap":null,"capacity":"2000","capacity_basis":"1.0","notes":null,"changed":null,"new":null,"address":"愛媛県松山市東野３－甲２７８－１外","gsi_common_id":"E3820100431201","coordinate_join_method":"matched_by_id"}},{"type":"Feature","geometry":{"type":"Point","coordinates":[132.8138206,33.8682589]},"properties":{"common_id":"E3820100432201","name":"湯の山西公園","address_pref":"愛媛県","address_city":"松山市湯の山１－１２－１外","address_detail":null,"contact":null,"flood":"1","landslide":"1","storm_surge":"1","earthquake":"1","tsunami":"1","large_fire":null,"inland_flood":null,"volcano":null,"shelter_overlap":null,"capacity":"1700","capacity_basis":"1.0","notes":null,"changed":null,"new":null,"address":"愛媛県松山市湯の山１－１２－１外","gsi_common_id":"E3820100432201","coordinate_join_method":"matched_by_id"}},{"type":"Feature","geometry":{"type":"Point","coordinates":[132.8138142,33.86988877]},"properties":{"common_id":"E3820100433201","name":"湯の山第２公園","address_pref":"愛媛県","address_city":"松山市湯の山","address_detail":"2-10-1","contact":null,"flood":"1","landslide":"1","storm_surge":"1","earthquake":"1","tsunami":"1","large_fire":null,"inland_flood":null,"volcano":null,"shelter_overlap":null,"capacity":"5900","capacity_basis":"1.0","notes":null,"changed":null,"new":null,"address":"愛媛県松山市湯の山2-10-1","gsi_common_id":"E3820100433201","coordinate_join_method":"matched_by_id"}},{"type":"Feature","geometry":{"type":"Point","coordinates":[132.8146527,33.87254175]},"properties":{"common_id":"E3820100434201","name":"湯の山北公園","address_pref":"愛媛県","address_city":"松山市湯の山３－１１－１外","address_detail":null,"contact":null,"flood":"1","landslide":"1","storm_surge":"1","earthquake":"1","tsunami":"1","large_fire":null,"inland_flood":null,"volcano":null,"shelter_overlap":null,"capacity":"1500","capacity_basis":"1.0","notes":null,"changed":null,"new":null,"address":"愛媛県松山市湯の山３－１１－１外","gsi_common_id":"E3820100434201","coordinate_join_method":"matched_by_id"}},{"type":"Feature","geometry":{"type":"Point","coordinates":[132.8171992,33.86904697]},"properties":{"common_id":"E3820100435201","name":"湯の山第１公園","address_pref":"愛媛県","address_city":"松山市湯の山","address_detail":"5-1-5","contact":null,"flood":"1","landslide":"1","storm_surge":"1","earthquake":"1","tsunami":"1","large_fire":null,"inland_flood":null,"volcano":null,"shelter_overlap":null,"capacity":"2000","capacity_basis":"1.0","notes":null,"changed":null,"new":null,"address":"愛媛県松山市湯の山5-1-5","gsi_common_id":"E3820100435201","coordinate_join_method":"matched_by_id"}},{"type":"Feature","geometry":{"type":"Point","coordinates":[132.8169953,33.87142545]},"properties":{"common_id":"E3820100436201","name":"湯の山東公園","address_pref":"愛媛県","address_city":"松山市湯の山","address_detail":"8-16","contact":null,"flood":"1","landslide":"1","storm_surge":"1","earthquake":"1","tsunami":"1","large_fire":null,"inland_flood":null,"volcano":null,"shelter_overlap":null,"capacity":"1400","capacity_basis":"1.0","notes":null,"changed":null,"new":null,"address":"愛媛県松山市湯の山8-16","gsi_common_id":"E3820100436201","coordinate_join_method":"matched_by_id"}},{"type":"Feature","geometry":{"type":"Point","coordinates":[132.8185725,33.87120272]},"properties":{"common_id":"E3820100437201","name":"湯の山東第２公園","address_pref":"愛媛県","address_city":"松山市湯の山東","address_detail":"1-7","contact":null,"flood":"1","landslide":"1","storm_surge":"1","earthquake":"1","tsunami":"1","large_fire":null,"inland_flood":null,"volcano":null,"shelter_overlap":null,"capacity":"2700","capacity_basis":"1.0","notes":null,"changed":null,"new":null,"address":"愛媛県松山市湯の山東1-7","gsi_common_id":"E3820100437201","coordinate_join_method":"matched_by_id"}},{"type":"Feature","geometry":{"type":"Point","coordinates":[132.8213496,33.87253633]},"properties":{"common_id":"E3820100438201","name":"湯の山東第４公園","address_pref":"愛媛県","address_city":"松山市湯の山東","address_detail":"2-8","contact":null,"flood":"1","landslide":"1","storm_surge":"1","earthquake":"1","tsunami":"1","large_fire":null,"inland_flood":null,"volcano":null,"shelter_overlap":null,"capacity":"1000","capacity_basis":"1.0","notes":null,"changed":null,"new":null,"address":"愛媛県松山市湯の山東2-8","gsi_common_id":"E3820100438201","coordinate_join_method":"matched_by_id"}},{"type":"Feature","geometry":{"type":"Point","coordinates":[132.8191304,33.87039211]},"properties":{"common_id":"E3820100439201","name":"湯の山東第３公園","address_pref":"愛媛県","address_city":"松山市湯の山東","address_detail":"5-6","contact":null,"flood":"1","landslide":"1","storm_surge":"1","earthquake":"1","tsunami":"1","large_fire":null,"inland_flood":null,"volcano":null,"shelter_overlap":null,"capacity":"2700","capacity_basis":"1.0","notes":null,"changed":null,"new":null,"address":"愛媛県松山市湯の山東5-6","gsi_common_id":"E3820100439201","coordinate_join_method":"matched_by_id"}},{"type":"Feature","geometry":{"type":"Point","coordinates":[132.7823088,33.83927572]},"properties":{"common_id":"E3820100440201","name":"八坂小学校グラウンド","address_pref":"愛媛県","address_city":"松山市湯渡町","address_detail":"4-20","contact":"(089)941-1448","flood":null,"landslide":"1","storm_surge":"1","earthquake":"1","tsunami":"1","large_fire":null,"inland_flood":null,"volcano":null,"shelter_overlap":"1","capacity":"7695","capacity_basis":"1.0","notes":null,"changed":null,"new":null,"address":"愛媛県松山市湯渡町4-20","gsi_common_id":"E3820100440201","coordinate_join_method":"matched_by_id"}},{"type":"Feature","geometry":{"type":"Point","coordinates":[132.7866132,33.8485383]},"properties":{"common_id":"E3820100443201","name":"道後公園","address_pref":"愛媛県","address_city":"松山市道後公園地内","address_detail":null,"contact":null,"flood":null,"landslide":null,"storm_surge":"1","earthquake":"1","tsunami":"1","large_fire":null,"inland_flood":null,"volcano":null,"shelter_overlap":null,"capacity":"85600","capacity_basis":"1.0","notes":null,"changed":null,"new":null,"address":"愛媛県松山市道後公園地内","gsi_common_id":"E3820100443201","coordinate_join_method":"matched_by_id"}},{"type":"Feature","geometry":{"type":"Point","coordinates":[132.7891894,33.84951193]},"properties":{"common_id":"E3820100448201","name":"道後保育園グラウンド","address_pref":"愛媛県","address_city":"松山市道後姫塚","address_detail":"123-1","contact":"(089)931-4379","flood":"1","landslide":null,"storm_surge":"1","earthquake":"1","tsunami":"1","large_fire":null,"inland_flood":null,"volcano":null,"shelter_overlap":"1","capacity":"734","capacity_basis":"1.0","notes":null,"changed":null,"new":null,"address":"愛媛県松山市道後姫塚123-1","gsi_common_id":"E3820100448201","coordinate_join_method":"matched_by_id"}},{"type":"Feature","geometry":{"type":"Point","coordinates":[132.7906429,33.85047419]},"properties":{"common_id":"E3820100449201","name":"湯月公園","address_pref":"愛媛県","address_city":"松山市道後姫塚","address_detail":"140-1","contact":null,"flood":"1","landslide":null,"storm_surge":"1","earthquake":"1","tsunami":"1","large_fire":null,"inland_flood":null,"volcano":null,"shelter_overlap":null,"capacity":"17000","capacity_basis":"1.0","notes":null,"changed":null,"new":null,"address":"愛媛県松山市道後姫塚140-1","gsi_common_id":"E3820100449201","coordinate_join_method":"matched_by_id"}},{"type":"Feature","geometry":{"type":"Point","coordinates":[132.7777068,33.8534425]},"properties":{"common_id":"E3820100450201","name":"湯築小学校グラウンド","address_pref":"愛媛県","address_city":"松山市道後北代","address_detail":"10-41","contact":"(089)925-5588","flood":null,"landslide":"1","storm_surge":"1","earthquake":"1","tsunami":"1","large_fire":null,"inland_flood":null,"volcano":null,"shelter_overlap":"1","capacity":"6920","capacity_basis":"1.0","notes":null,"changed":null,"new":null,"address":"愛媛県松山市道後北代10-41","gsi_common_id":"E3820100450201","coordinate_join_method":"matched_by_id"}},{"type":"Feature","geometry":{"type":"Point","coordinates":[132.74979,33.89363466]},"properties":{"common_id":"E3820100451201","name":"内宮中学校グラウンド","address_pref":"愛媛県","address_city":"松山市内宮町","address_detail":"569-1","contact":"(089)978-0046","flood":null,"landslide":"1","storm_surge":"1","earthquake":"1","tsunami":"1","large_fire":null,"inland_flood":null,"volcano":null,"shelter_overlap":"1","capacity":"3613","capacity_basis":"1.0","notes":null,"changed":null,"new":null,"address":"愛媛県松山市内宮町569-1","gsi_common_id":"E3820100451201","coordinate_join_method":"matched_by_id"}},{"type":"Feature","geometry":{"type":"Point","coordinates":[132.7501593,33.89630432]},"properties":{"common_id":"E3820100452201","name":"内宮公園","address_pref":"愛媛県","address_city":"松山市内宮町乙","address_detail":"926-3","contact":null,"flood":null,"landslide":"1","storm_surge":null,"earthquake":"1","tsunami":"1","large_fire":null,"inland_flood":null,"volcano":null,"shelter_overlap":null,"capacity":"1200","capacity_basis":"1.0","notes":null,"changed":null,"new":null,"address":"愛媛県松山市内宮町乙926-3","gsi_common_id":"E3820100452201","coordinate_join_method":"matched_by_id"}},{"type":"Feature","geometry":{"type":"Point","coordinates":[132.727683,33.86581205]},"properties":{"common_id":"E3820100453201","name":"内浜公園","address_pref":"愛媛県","address_city":"松山市内浜町","address_detail":"12-3","contact":null,"flood":null,"landslide":"1","storm_surge":null,"earthquake":"1","tsunami":null,"large_fire":null,"inland_flood":null,"volcano":null,"shelter_overlap":null,"capacity":"3000","capacity_basis":"1.0","notes":null,"changed":null,"new":null,"address":"愛媛県松山市内浜町12-3","gsi_common_id":"E3820100453201","coordinate_join_method":"matched_by_id"}},{"type":"Feature","geometry":{"type":"Point","coordinates":[132.7054824,33.82668527]},"properties":{"common_id":"E3820100454201","name":"南吉田公園","address_pref":"愛媛県","address_city":"松山市南吉田町","address_detail":"1252-1","contact":null,"flood":null,"landslide":"1","storm_surge":null,"earthquake":"1","tsunami":"1","large_fire":null,"inland_flood":null,"volcano":null,"shelter_overlap":null,"capacity":"1200","capacity_basis":"1.0","notes":null,"changed":null,"new":null,"address":"愛媛県松山市南吉田町1252-1","gsi_common_id":"E3820100454201","coordinate_join_method":"matched_by_id"}},{"type":"Feature","geometry":{"type":"Point","coordinates":[132.709387,33.826969]},"properties":{"common_id":"E3820100455201","name":"南吉田中央公園","address_pref":"愛媛県","address_city":"松山市南吉田町","address_detail":"1366","contact":null,"flood":null,"landslide":"1","storm_surge":null,"earthquake":"1","tsunami":"1","large_fire":null,"inland_flood":null,"volcano":null,"shelter_overlap":null,"capacity":"2800","capacity_basis":"1.0","notes":null,"changed":null,"new":null,"address":"愛媛県松山市南吉田町1366","gsi_common_id":"E3820100455201","coordinate_join_method":"matched_by_id"}},{"type":"Feature","geometry":{"type":"Point","coordinates":[132.7047234,33.82146225]},"properties":{"common_id":"E3820100456201","name":"空港南公園","address_pref":"愛媛県","address_city":"松山市南吉田町","address_detail":"2267","contact":null,"flood":null,"landslide":"1","storm_surge":null,"earthquake":"1","tsunami":"1","large_fire":null,"inland_flood":null,"volcano":null,"shelter_overlap":null,"capacity":"5300","capacity_basis":"1.0","notes":null,"changed":null,"new":null,"address":"愛媛県松山市南吉田町2267","gsi_common_id":"E3820100456201","coordinate_join_method":"matched_by_id"}},{"type":"Feature","geometry":{"type":"Point","coordinates":[132.7024703,33.82303543]},"properties":{"common_id":"E3820100457201","name":"空港南第二公園","address_pref":"愛媛県","address_city":"松山市南吉田町","address_detail":"2428","contact":null,"flood":null,"landslide":"1","storm_surge":null,"earthquake":"1","tsunami":"1","large_fire":null,"inland_flood":null,"volcano":null,"shelter_overlap":null,"capacity":"4900","capacity_basis":"1.0","notes":null,"changed":null,"new":null,"address":"愛媛県松山市南吉田町2428","gsi_common_id":"E3820100457201","coordinate_join_method":"matched_by_id"}},{"type":"Feature","geometry":{"type":"Point","coordinates":[132.7092751,33.82351674]},"properties":{"common_id":"E3820100458201","name":"南吉田第三公園","address_pref":"愛媛県","address_city":"松山市南吉田町","address_detail":"2593-1","contact":null,"flood":null,"landslide":"1","storm_surge":null,"earthquake":"1","tsunami":"1","large_fire":null,"inland_flood":null,"volcano":null,"shelter_overlap":null,"capacity":"1900","capacity_basis":"1.0","notes":null,"changed":null,"new":null,"address":"愛媛県松山市南吉田町2593-1","gsi_common_id":"E3820100458201","coordinate_join_method":"matched_by_id"}},{"type":"Feature","geometry":{"type":"Point","coordinates":[132.7090444,33.82378413]},"properties":{"common_id":"E3820100459201","name":"南吉田第二公園","address_pref":"愛媛県","address_city":"松山市南吉田町","address_detail":"2653","contact":null,"flood":null,"landslide":"1","storm_surge":null,"earthquake":"1","tsunami":"1","large_fire":null,"inland_flood":null,"volcano":null,"shelter_overlap":null,"capacity":"1300","capacity_basis":"1.0","notes":null,"changed":null,"new":null,"address":"愛媛県松山市南吉田町2653","gsi_common_id":"E3820100459201","coordinate_join_method":"matched_by_id"}},{"type":"Feature","geometry":{"type":"Point","coordinates":[132.7145923,33.82237868]},"properties":{"common_id":"E3820100460201","name":"鶴ケ丘公園","address_pref":"愛媛県","address_city":"松山市南吉田町","address_detail":"527-3","contact":null,"flood":null,"landslide":"1","storm_surge":null,"earthquake":"1","tsunami":"1","large_fire":null,"inland_flood":null,"volcano":null,"shelter_overlap":null,"capacity":"500","capacity_basis":"1.0","notes":null,"changed":null,"new":null,"address":"愛媛県松山市南吉田町527-3","gsi_common_id":"E3820100460201","coordinate_join_method":"matched_by_id"}},{"type":"Feature","geometry":{"type":"Point","coordinates":[132.8028618,33.81253802]},"properties":{"common_id":"E3820100462201","name":"南久米公園","address_pref":"愛媛県","address_city":"松山市南久米町５９４外","address_detail":null,"contact":null,"flood":null,"landslide":"1","storm_surge":"1","earthquake":"1","tsunami":"1","large_fire":null,"inland_flood":null,"volcano":null,"shelter_overlap":null,"capacity":"9400","capacity_basis":"1.0","notes":null,"changed":null,"new":null,"address":"愛媛県松山市南久米町５９４外","gsi_common_id":"E3820100462201","coordinate_join_method":"matched_by_id"}},{"type":"Feature","geometry":{"type":"Point","coordinates":[132.80547,33.818826]},"properties":{"common_id":"E3820100463201","name":"日尾公園","address_pref":"愛媛県","address_city":"松山市南久米町乙","address_detail":"1-1","contact":null,"flood":"1","landslide":"1","storm_surge":"1","earthquake":"1","tsunami":"1","large_fire":null,"inland_flood":null,"volcano":null,"shelter_overlap":null,"capacity":"25200","capacity_basis":"1.0","notes":null,"changed":null,"new":null,"address":"愛媛県松山市南久米町乙1-1","gsi_common_id":"E3820100463201","coordinate_join_method":"matched_by_id"}},{"type":"Feature","geometry":{"type":"Point","coordinates":[132.7424507,33.83748148]},"properties":{"common_id":"E3820100464201","name":"南江戸公園","address_pref":"愛媛県","address_city":"松山市南江戸","address_detail":"4-972","contact":null,"flood":null,"landslide":"1","storm_surge":"1","earthquake":"1","tsunami":"1","large_fire":null,"inland_flood":null,"volcano":null,"shelter_overlap":null,"capacity":"17400","capacity_basis":"1.0","notes":null,"changed":null,"new":null,"address":"愛媛県松山市南江戸4-972","gsi_common_id":"E3820100464201","coordinate_join_method":"matched_by_id"}},{"type":"Feature","geometry":{"type":"Point","coordinates":[132.8109859,33.79175088]},"properties":{"common_id":"E3820100467201","name":"杖ノ淵公園","address_pref":"愛媛県","address_city":"松山市南高井町１３５２外","address_detail":null,"contact":null,"flood":null,"landslide":"1","storm_surge":"1","earthquake":"1","tsunami":"1","large_fire":null,"inland_flood":null,"volcano":null,"shelter_overlap":null,"capacity":"12100","capacity_basis":"1.0","notes":null,"changed":null,"new":null,"address":"愛媛県松山市南高井町１３５２外","gsi_common_id":"E3820100467201","coordinate_join_method":"matched_by_id"}},{"type":"Feature","geometry":{"type":"Point","coordinates":[132.7993685,33.79223645]},"properties":{"common_id":"E3820100468201","name":"浮穴保育園グラウンド","address_pref":"愛媛県","address_city":"松山市南高井町","address_detail":"1608-2","contact":"(089)976-2202","flood":null,"landslide":"1","storm_surge":"1","earthquake":"1","tsunami":"1","large_fire":null,"inland_flood":null,"volcano":null,"shelter_overlap":"1","capacity":"1332","capacity_basis":"1.0","notes":null,"changed":null,"new":null,"address":"愛媛県松山市南高井町1608-2","gsi_common_id":"E3820100468201","coordinate_join_method":"matched_by_id"}},{"type":"Feature","geometry":{"type":"Point","coordinates":[132.7348739,33.8311156]},"properties":{"common_id":"E3820100471201","name":"南斎院公園","address_pref":"愛媛県","address_city":"松山市南斎院町","address_detail":"232-3","contact":null,"flood":null,"landslide":"1","storm_surge":"1","earthquake":"1","tsunami":"1","large_fire":null,"inland_flood":null,"volcano":null,"shelter_overlap":null,"capacity":"1200","capacity_basis":"1.0","notes":null,"changed":null,"new":null,"address":"愛媛県松山市南斎院町232-3","gsi_common_id":"E3820100471201","coordinate_join_method":"matched_by_id"}},{"type":"Feature","geometry":{"type":"Point","coordinates":[132.7332534,33.8456354]},"properties":{"common_id":"E3820100472201","name":"松山商業高等学校第２グラウンド","address_pref":"愛媛県","address_city":"松山市南斎院町乙１１－２外","address_detail":null,"contact":null,"flood":"1","landslide":"1","storm_surge":"1","earthquake":"1","tsunami":"1","large_fire":null,"inland_flood":null,"volcano":null,"shelter_overlap":null,"capacity":"18200","capacity_basis":"1.0","notes":null,"changed":null,"new":null,"address":"愛媛県松山市南斎院町乙１１－２外","gsi_common_id":"E3820100472201","coordinate_join_method":"matched_by_id"}},{"type":"Feature","geometry":{"type":"Point","coordinates":[132.802746,33.79624526]},"properties":{"common_id":"E3820100473201","name":"南土居公園","address_pref":"愛媛県","address_city":"松山市南土居町","address_detail":"239-1","contact":null,"flood":null,"landslide":"1","storm_surge":"1","earthquake":"1","tsunami":"1","large_fire":null,"inland_flood":null,"volcano":null,"shelter_overlap":null,"capacity":"1800","capacity_basis":"1.0","notes":null,"changed":null,"new":null,"address":"愛媛県松山市南土居町239-1","gsi_common_id":"E3820100473201","coordinate_join_method":"matched_by_id"}},{"type":"Feature","geometry":{"type":"Point","coordinates":[132.832444,33.79966975]},"properties":{"common_id":"E3820100474201","name":"梅西公園","address_pref":"愛媛県","address_city":"松山市南梅本町","address_detail":"1048-4","contact":null,"flood":null,"landslide":"1","storm_surge":"1","earthquake":"1","tsunami":"1","large_fire":null,"inland_flood":null,"volcano":null,"shelter_overlap":null,"capacity":"300","capacity_basis":"1.0","notes":null,"changed":null,"new":null,"address":"愛媛県松山市南梅本町1048-4","gsi_common_id":"E3820100474201","coordinate_join_method":"matched_by_id"}},{"type":"Feature","geometry":{"type":"Point","coordinates":[132.8395812,33.79969458]},"properties":{"common_id":"E3820100475201","name":"南梅本公園","address_pref":"愛媛県","address_city":"松山市南梅本町２２５－５外","address_detail":null,"contact":null,"flood":null,"landslide":"1","storm_surge":"1","earthquake":"1","tsunami":"1","large_fire":null,"inland_flood":null,"volcano":null,"shelter_overlap":null,"capacity":"2000","capacity_basis":"1.0","notes":null,"changed":null,"new":null,"address":"愛媛県松山市南梅本町２２５－５外","gsi_common_id":"E3820100475201","coordinate_join_method":"matched_by_id"}},{"type":"Feature","geometry":{"type":"Point","coordinates":[132.5444245,33.93506128]},"properties":{"common_id":"E3820100477201","name":"二神小学校グラウンド","address_pref":"愛媛県","address_city":"松山市二神甲","address_detail":"227","contact":"(089)999-0131","flood":"1","landslide":"1","storm_surge":null,"earthquake":"1","tsunami":null,"large_fire":null,"inland_flood":null,"volcano":null,"shelter_overlap":"1","capacity":"2052","capacity_basis":"1.0","notes":null,"changed":null,"new":null,"address":"愛媛県松山市二神甲227","gsi_common_id":"E3820100477201","coordinate_join_method":"matched_by_id"}},{"type":"Feature","geometry":{"type":"Point","coordinates":[132.7663793,33.83917905]},"properties":{"common_id":"E3820100480201","name":"番町小学校グラウンド","address_pref":"愛媛県","address_city":"松山市二番町","address_detail":"4-6-1","contact":"(089)941-1446","flood":null,"landslide":"1","storm_surge":"1","earthquake":"1","tsunami":"1","large_fire":null,"inland_flood":null,"volcano":null,"shelter_overlap":"1","capacity":"6516","capacity_basis":"1.0","notes":null,"changed":null,"new":null,"address":"愛媛県松山市二番町4-6-1","gsi_common_id":"E3820100480201","coordinate_join_method":"matched_by_id"}},{"type":"Feature","geometry":{"type":"Point","coordinates":[132.7473782,33.89016837]},"properties":{"common_id":"E3820100481201","name":"むくのき公園","address_pref":"愛媛県","address_city":"松山市馬木町","address_detail":"2055","contact":null,"flood":"1","landslide":"1","storm_surge":null,"earthquake":"1","tsunami":"1","large_fire":null,"inland_flood":null,"volcano":null,"shelter_overlap":null,"capacity":"1000","capacity_basis":"1.0","notes":null,"changed":null,"new":null,"address":"愛媛県松山市馬木町2055","gsi_common_id":"E3820100481201","coordinate_join_method":"matched_by_id"}},{"type":"Feature","geometry":{"type":"Point","coordinates":[132.7472173,33.8932231]},"properties":{"common_id":"E3820100482201","name":"なかのちょう公園","address_pref":"愛媛県","address_city":"松山市馬木町","address_detail":"2142","contact":null,"flood":null,"landslide":"1","storm_surge":null,"earthquake":"1","tsunami":"1","large_fire":null,"inland_flood":null,"volcano":null,"shelter_overlap":null,"capacity":"900","capacity_basis":"1.0","notes":null,"changed":null,"new":null,"address":"愛媛県松山市馬木町2142","gsi_common_id":"E3820100482201","coordinate_join_method":"matched_by_id"}},{"type":"Feature","geometry":{"type":"Point","coordinates":[132.7438914,33.89332107]},"properties":{"common_id":"E3820100484201","name":"おおつか公園","address_pref":"愛媛県","address_city":"松山市馬木町","address_detail":"2185","contact":null,"flood":null,"landslide":"1","storm_surge":null,"earthquake":"1","tsunami":"1","large_fire":null,"inland_flood":null,"volcano":null,"shelter_overlap":null,"capacity":"500","capacity_basis":"1.0","notes":null,"changed":null,"new":null,"address":"愛媛県松山市馬木町2185","gsi_common_id":"E3820100484201","coordinate_join_method":"matched_by_id"}},{"type":"Feature","geometry":{"type":"Point","coordinates":[132.7458306,33.89153989]},"properties":{"common_id":"E3820100485201","name":"ともくに公園","address_pref":"愛媛県","address_city":"松山市馬木町","address_detail":"2250","contact":null,"flood":null,"landslide":"1","storm_surge":null,"earthquake":"1","tsunami":"1","large_fire":null,"inland_flood":null,"volcano":null,"shelter_overlap":null,"capacity":"1200","capacity_basis":"1.0","notes":null,"changed":null,"new":null,"address":"愛媛県松山市馬木町2250","gsi_common_id":"E3820100485201","coordinate_join_method":"matched_by_id"}},{"type":"Feature","geometry":{"type":"Point","coordinates":[132.7453131,33.88921748]},"properties":{"common_id":"E3820100486201","name":"松山聾学校グラウンド","address_pref":"愛媛県","address_city":"松山市馬木町","address_detail":"2325","contact":"(089)979-2211","flood":"1","landslide":"1","storm_surge":null,"earthquake":"1","tsunami":"1","large_fire":null,"inland_flood":null,"volcano":null,"shelter_overlap":"1","capacity":"12243","capacity_basis":"1.0","notes":null,"changed":null,"new":null,"address":"愛媛県松山市馬木町2325","gsi_common_id":"E3820100486201","coordinate_join_method":"matched_by_id"}},{"type":"Feature","geometry":{"type":"Point","coordinates":[132.7089672,33.87587317]},"properties":{"common_id":"E3820100488201","name":"高浜小学校グラウンド","address_pref":"愛媛県","address_city":"松山市梅津寺町","address_detail":"1352-2","contact":"(089)951-0321","flood":"1","landslide":null,"storm_surge":"1","earthquake":"1","tsunami":"1","large_fire":null,"inland_flood":null,"volcano":null,"shelter_overlap":"1","capacity":"9952","capacity_basis":"1.0","notes":null,"changed":null,"new":null,"address":"愛媛県松山市梅津寺町1352-2","gsi_common_id":"E3820100488201","coordinate_join_method":"matched_by_id"}},{"type":"Feature","geometry":{"type":"Point","coordinates":[132.7102154,33.87565469]},"properties":{"common_id":"E3820100489201","name":"高浜中学校グラウンド","address_pref":"愛媛県","address_city":"松山市梅津寺町乙","address_detail":"52","contact":"(089)951-0475","flood":"1","landslide":null,"storm_surge":"1","earthquake":"1","tsunami":"1","large_fire":null,"inland_flood":null,"volcano":null,"shelter_overlap":"1","capacity":"7690","capacity_basis":"1.0","notes":null,"changed":null,"new":null,"address":"愛媛県松山市梅津寺町乙52","gsi_common_id":"E3820100489201","coordinate_join_method":"matched_by_id"}},{"type":"Feature","geometry":{"type":"Point","coordinates":[132.7147698,33.85926984]},"properties":{"common_id":"E3820100490201","name":"三津浜小学校グラウンド","address_pref":"愛媛県","address_city":"松山市梅田町","address_detail":"2-42","contact":"(089)951-0804","flood":"1","landslide":"1","storm_surge":null,"earthquake":"1","tsunami":"1","large_fire":null,"inland_flood":null,"volcano":null,"shelter_overlap":"1","capacity":"7615","capacity_basis":"1.0","notes":null,"changed":null,"new":null,"address":"愛媛県松山市梅田町2-42","gsi_common_id":"E3820100490201","coordinate_join_method":"matched_by_id"}},{"type":"Feature","geometry":{"type":"Point","coordinates":[132.6376051,33.89461085]},"properties":{"common_id":"E3820100494201","name":"興居島小学校釣島分校グラウンド","address_pref":"愛媛県","address_city":"松山市泊町","address_detail":"1465","contact":"(089)961-2461","flood":"1","landslide":"1","storm_surge":null,"earthquake":"1","tsunami":null,"large_fire":null,"inland_flood":null,"volcano":null,"shelter_overlap":"1","capacity":"2006","capacity_basis":"1.0","notes":null,"changed":null,"new":null,"address":"愛媛県松山市泊町1465","gsi_common_id":"E3820100494201","coordinate_join_method":"matched_by_id"}},{"type":"Feature","geometry":{"type":"Point","coordinates":[132.6830188,33.87888914]},"properties":{"common_id":"E3820100495201","name":"泊公園","address_pref":"愛媛県","address_city":"松山市泊町","address_detail":"533-1","contact":null,"flood":"1","landslide":"1","storm_surge":null,"earthquake":"1","tsunami":null,"large_fire":null,"inland_flood":null,"volcano":null,"shelter_overlap":null,"capacity":"1700","capacity_basis":"1.0","notes":null,"changed":null,"new":null,"address":"愛媛県松山市泊町533-1","gsi_common_id":"E3820100495201","coordinate_join_method":"matched_by_id"}},{"type":"Feature","geometry":{"type":"Point","coordinates":[132.6801679,33.88116592]},"properties":{"common_id":"E3820100496201","name":"泊小学校跡グラウンド","address_pref":"愛媛県","address_city":"松山市泊町","address_detail":"618-1","contact":"(089)961-2010","flood":"1","landslide":null,"storm_surge":null,"earthquake":"1","tsunami":null,"large_fire":null,"inland_flood":null,"volcano":null,"shelter_overlap":"1","capacity":"602","capacity_basis":"1.0","notes":null,"changed":null,"new":null,"address":"愛媛県松山市泊町618-1","gsi_common_id":"E3820100496201","coordinate_join_method":"matched_by_id"}},{"type":"Feature","geometry":{"type":"Point","coordinates":[132.6696748,33.87312148]},"properties":{"common_id":"E3820100498201","name":"御手洗公園","address_pref":"愛媛県","address_city":"松山市泊町９１－５地先","address_detail":null,"contact":null,"flood":"1","landslide":null,"storm_surge":null,"earthquake":"1","tsunami":null,"large_fire":null,"inland_flood":null,"volcano":null,"shelter_overlap":null,"capacity":"1400","capacity_basis":"1.0","notes":null,"changed":null,"new":null,"address":"愛媛県松山市泊町９１－５地先","gsi_common_id":"E3820100498201","coordinate_join_method":"matched_by_id"}},{"type":"Feature","geometry":{"type":"Point","coordinates":[132.6713688,33.89365984]},"properties":{"common_id":"E3820100499201","name":"興居島中学校グラウンド","address_pref":"愛媛県","address_city":"松山市泊町甲","address_detail":"425-3","contact":"(089)961-2010","flood":"1","landslide":"1","storm_surge":null,"earthquake":"1","tsunami":null,"large_fire":null,"inland_flood":null,"volcano":null,"shelter_overlap":"1","capacity":null,"capacity_basis":null,"notes":null,"changed":null,"new":null,"address":"愛媛県松山市泊町甲425-3","gsi_common_id":"E3820100499201","coordinate_join_method":"matched_by_id"}},{"type":"Feature","geometry":{"type":"Point","coordinates":[132.6714975,33.89361531]},"properties":{"common_id":"E3820100499202","name":"興居島小学校グラウンド","address_pref":"愛媛県","address_city":"松山市泊町甲","address_detail":"425-3","contact":"(089)961-2010","flood":"1","landslide":"1","storm_surge":null,"earthquake":"1","tsunami":null,"large_fire":null,"inland_flood":null,"volcano":null,"shelter_overlap":"1","capacity":"2835","capacity_basis":"1.0","notes":null,"changed":null,"new":null,"address":"愛媛県松山市泊町甲425-3","gsi_common_id":"E3820100499202","coordinate_join_method":"matched_by_id"}},{"type":"Feature","geometry":{"type":"Point","coordinates":[132.7804135,33.8749606]},"properties":{"common_id":"E3820100500201","name":"白水台公園","address_pref":"愛媛県","address_city":"松山市白水台","address_detail":"2-12-6","contact":null,"flood":"1","landslide":"1","storm_surge":"1","earthquake":"1","tsunami":"1","large_fire":null,"inland_flood":null,"volcano":null,"shelter_overlap":null,"capacity":"2000","capacity_basis":"1.0","notes":null,"changed":null,"new":null,"address":"愛媛県松山市白水台2-12-6","gsi_common_id":"E3820100500201","coordinate_join_method":"matched_by_id"}},{"type":"Feature","geometry":{"type":"Point","coordinates":[132.780215,33.87856813]},"properties":{"common_id":"E3820100501201","name":"白水台北公園","address_pref":"愛媛県","address_city":"松山市白水台","address_detail":"4-22-7","contact":null,"flood":"1","landslide":"1","storm_surge":"1","earthquake":"1","tsunami":"1","large_fire":null,"inland_flood":null,"volcano":null,"shelter_overlap":null,"capacity":"6200","capacity_basis":"1.0","notes":null,"changed":null,"new":null,"address":"愛媛県松山市白水台4-22-7","gsi_common_id":"E3820100501201","coordinate_join_method":"matched_by_id"}},{"type":"Feature","geometry":{"type":"Point","coordinates":[132.7786123,33.87170963]},"properties":{"common_id":"E3820100502201","name":"白水台南公園","address_pref":"愛媛県","address_city":"松山市白水台","address_detail":"5-2-13","contact":null,"flood":"1","landslide":"1","storm_surge":"1","earthquake":"1","tsunami":"1","large_fire":null,"inland_flood":null,"volcano":null,"shelter_overlap":null,"capacity":"1100","capacity_basis":"1.0","notes":null,"changed":null,"new":null,"address":"愛媛県松山市白水台5-2-13","gsi_common_id":"E3820100502201","coordinate_join_method":"matched_by_id"}},{"type":"Feature","geometry":{"type":"Point","coordinates":[132.7769913,33.87543783]},"properties":{"common_id":"E3820100503201","name":"白水台西公園","address_pref":"愛媛県","address_city":"松山市白水台","address_detail":"6-20","contact":null,"flood":"1","landslide":"1","storm_surge":"1","earthquake":"1","tsunami":"1","large_fire":null,"inland_flood":null,"volcano":null,"shelter_overlap":null,"capacity":"1700","capacity_basis":"1.0","notes":null,"changed":null,"new":null,"address":"愛媛県松山市白水台6-20","gsi_common_id":"E3820100503201","coordinate_join_method":"matched_by_id"}},{"type":"Feature","geometry":{"type":"Point","coordinates":[132.8000167,33.83211844]},"properties":{"common_id":"E3820100504201","name":"畑寺公園","address_pref":"愛媛県","address_city":"松山市畑寺１－５０８－１外","address_detail":null,"contact":null,"flood":null,"landslide":null,"storm_surge":"1","earthquake":"1","tsunami":"1","large_fire":null,"inland_flood":null,"volcano":null,"shelter_overlap":null,"capacity":"1900","capacity_basis":"1.0","notes":null,"changed":null,"new":null,"address":"愛媛県松山市畑寺１－５０８－１外","gsi_common_id":"E3820100504201","coordinate_join_method":"matched_by_id"}},{"type":"Feature","geometry":{"type":"Point","coordinates":[132.8039559,33.82551562]},"properties":{"common_id":"E3820100505201","name":"松山市畑寺福祉センターグラウンド","address_pref":"愛媛県","address_city":"松山市畑寺","address_detail":"4-8-5","contact":"(089)905-9614","flood":null,"landslide":null,"storm_surge":"1","earthquake":"1","tsunami":"1","large_fire":null,"inland_flood":null,"volcano":null,"shelter_overlap":"1","capacity":"2620","capacity_basis":"1.0","notes":null,"changed":null,"new":null,"address":"愛媛県松山市畑寺4-8-5","gsi_common_id":"E3820100505201","coordinate_join_method":"matched_by_id"}},{"type":"Feature","geometry":{"type":"Point","coordinates":[132.805795,33.83624435]},"properties":{"common_id":"E3820100507201","name":"桑原中学校グラウンド","address_pref":"愛媛県","address_city":"松山市畑寺町丙","address_detail":"238-28","contact":"(089)943-5152","flood":"1","landslide":null,"storm_surge":"1","earthquake":"1","tsunami":"1","large_fire":null,"inland_flood":null,"volcano":null,"shelter_overlap":"1","capacity":"13406","capacity_basis":"1.0","notes":null,"changed":null,"new":null,"address":"愛媛県松山市畑寺町丙238-28","gsi_common_id":"E3820100507201","coordinate_join_method":"matched_by_id"}},{"type":"Feature","geometry":{"type":"Point","coordinates":[132.7944248,33.97034254]},"properties":{"common_id":"E3820100509201","name":"正岡小学校グラウンド","address_pref":"愛媛県","address_city":"松山市八反地甲","address_detail":"160","contact":"(089)993-0043","flood":null,"landslide":"1","storm_surge":"1","earthquake":"1","tsunami":"1","large_fire":null,"inland_flood":null,"volcano":null,"shelter_overlap":"1","capacity":"5242","capacity_basis":"1.0","notes":null,"changed":null,"new":null,"address":"愛媛県松山市八反地甲160","gsi_common_id":"E3820100509201","coordinate_join_method":"matched_by_id"}},{"type":"Feature","geometry":{"type":"Point","coordinates":[132.7904171,33.97082539]},"properties":{"common_id":"E3820100510201","name":"国津保育園グラウンド","address_pref":"愛媛県","address_city":"松山市八反地甲","address_detail":"1647","contact":"(089)993-0807","flood":null,"landslide":"1","storm_surge":"1","earthquake":"1","tsunami":"1","large_fire":null,"inland_flood":null,"volcano":null,"shelter_overlap":null,"capacity":"917","capacity_basis":"1.0","notes":null,"changed":null,"new":null,"address":"愛媛県松山市八反地甲1647","gsi_common_id":"E3820100510201","coordinate_join_method":"matched_by_id"}},{"type":"Feature","geometry":{"type":"Point","coordinates":[132.8286785,33.97542176]},"properties":{"common_id":"E3820100514201","name":"尾儀原公園","address_pref":"愛媛県","address_city":"松山市尾儀原甲４９－３外","address_detail":"1","contact":null,"flood":"1","landslide":null,"storm_surge":"1","earthquake":"1","tsunami":"1","large_fire":null,"inland_flood":null,"volcano":null,"shelter_overlap":null,"capacity":"600","capacity_basis":"1.0","notes":null,"changed":null,"new":null,"address":"愛媛県松山市尾儀原甲４９－３外1","gsi_common_id":"E3820100514201","coordinate_join_method":"matched_by_id"}},{"type":"Feature","geometry":{"type":"Point","coordinates":[132.7462402,33.85096337]},"properties":{"common_id":"E3820100515201","name":"朝美保育園グラウンド","address_pref":"愛媛県","address_city":"松山市美沢","address_detail":"2-7-39","contact":"(089)925-1467","flood":null,"landslide":"1","storm_surge":"1","earthquake":"1","tsunami":"1","large_fire":null,"inland_flood":null,"volcano":null,"shelter_overlap":"1","capacity":"427","capacity_basis":"1.0","notes":null,"changed":null,"new":null,"address":"愛媛県松山市美沢2-7-39","gsi_common_id":"E3820100515201","coordinate_join_method":"matched_by_id"}},{"type":"Feature","geometry":{"type":"Point","coordinates":[132.7561643,33.86487062]},"properties":{"common_id":"E3820100516201","name":"姫原西公園","address_pref":"愛媛県","address_city":"松山市姫原","address_detail":"3-392-4","contact":null,"flood":"1","landslide":"1","storm_surge":"1","earthquake":"1","tsunami":"1","large_fire":null,"inland_flood":null,"volcano":null,"shelter_overlap":null,"capacity":"1200","capacity_basis":"1.0","notes":null,"changed":null,"new":null,"address":"愛媛県松山市姫原3-392-4","gsi_common_id":"E3820100516201","coordinate_join_method":"matched_by_id"}},{"type":"Feature","geometry":{"type":"Point","coordinates":[132.7279028,33.82343039]},"properties":{"common_id":"E3820100517201","name":"富久公園","address_pref":"愛媛県","address_city":"松山市富久町３０２－５外","address_detail":null,"contact":null,"flood":null,"landslide":"1","storm_surge":"1","earthquake":"1","tsunami":"1","large_fire":null,"inland_flood":null,"volcano":null,"shelter_overlap":null,"capacity":"2200","capacity_basis":"1.0","notes":null,"changed":null,"new":null,"address":"愛媛県松山市富久町３０２－５外","gsi_common_id":"E3820100517201","coordinate_join_method":"matched_by_id"}},{"type":"Feature","geometry":{"type":"Point","coordinates":[132.7899311,33.82126506]},"properties":{"common_id":"E3820100520201","name":"福音小学校グラウンド","address_pref":"愛媛県","address_city":"松山市福音寺町","address_detail":"355-1","contact":"(089)970-1151","flood":"1","landslide":"1","storm_surge":"1","earthquake":"1","tsunami":"1","large_fire":null,"inland_flood":null,"volcano":null,"shelter_overlap":"1","capacity":"10528","capacity_basis":"1.0","notes":null,"changed":null,"new":null,"address":"愛媛県松山市福音寺町355-1","gsi_common_id":"E3820100520201","coordinate_join_method":"matched_by_id"}},{"type":"Feature","geometry":{"type":"Point","coordinates":[132.7983449,33.82010828]},"properties":{"common_id":"E3820100521201","name":"北久米小学校グラウンド","address_pref":"愛媛県","address_city":"松山市福音寺町","address_detail":"9","contact":"(089)976-8431","flood":"1","landslide":"1","storm_surge":"1","earthquake":"1","tsunami":"1","large_fire":null,"inland_flood":null,"volcano":null,"shelter_overlap":"1","capacity":"9219","capacity_basis":"1.0","notes":null,"changed":null,"new":null,"address":"愛媛県松山市福音寺町9","gsi_common_id":"E3820100521201","coordinate_join_method":"matched_by_id"}},{"type":"Feature","geometry":{"type":"Point","coordinates":[132.7547103,33.90203697]},"properties":{"common_id":"E3820100522201","name":"中筋公園","address_pref":"愛媛県","address_city":"松山市福角町","address_detail":"1553","contact":null,"flood":null,"landslide":"1","storm_surge":"1","earthquake":"1","tsunami":"1","large_fire":null,"inland_flood":null,"volcano":null,"shelter_overlap":null,"capacity":"1000","capacity_basis":"1.0","notes":null,"changed":null,"new":null,"address":"愛媛県松山市福角町1553","gsi_common_id":"E3820100522201","coordinate_join_method":"matched_by_id"}},{"type":"Feature","geometry":{"type":"Point","coordinates":[132.7557199,33.89569478]},"properties":{"common_id":"E3820100523201","name":"松尾公園","address_pref":"愛媛県","address_city":"松山市福角町乙９２９外","address_detail":null,"contact":null,"flood":"1","landslide":null,"storm_surge":"1","earthquake":"1","tsunami":"1","large_fire":null,"inland_flood":null,"volcano":null,"shelter_overlap":null,"capacity":"1500","capacity_basis":"1.0","notes":null,"changed":null,"new":null,"address":"愛媛県松山市福角町乙９２９外","gsi_common_id":"E3820100523201","coordinate_join_method":"matched_by_id"}},{"type":"Feature","geometry":{"type":"Point","coordinates":[132.7578341,33.90170721]},"properties":{"common_id":"E3820100524201","name":"堀江小学校グラウンド","address_pref":"愛媛県","address_city":"松山市福角町甲","address_detail":"1409-2","contact":"(089)978-0015","flood":null,"landslide":"1","storm_surge":"1","earthquake":"1","tsunami":"1","large_fire":null,"inland_flood":null,"volcano":null,"shelter_overlap":"1","capacity":"9273","capacity_basis":"1.0","notes":null,"changed":null,"new":null,"address":"愛媛県松山市福角町甲1409-2","gsi_common_id":"E3820100524201","coordinate_join_method":"matched_by_id"}},{"type":"Feature","geometry":{"type":"Point","coordinates":[132.7512268,33.89604606]},"properties":{"common_id":"E3820100526201","name":"松尾西公園","address_pref":"愛媛県","address_city":"松山市福角町甲","address_detail":"51-117","contact":null,"flood":"1","landslide":"1","storm_surge":"1","earthquake":"1","tsunami":"1","large_fire":null,"inland_flood":null,"volcano":null,"shelter_overlap":null,"capacity":"1000","capacity_basis":"1.0","notes":null,"changed":null,"new":null,"address":"愛媛県松山市福角町甲51-117","gsi_common_id":"E3820100526201","coordinate_join_method":"matched_by_id"}},{"type":"Feature","geometry":{"type":"Point","coordinates":[132.7747155,33.84931674]},"properties":{"common_id":"E3820100528201","name":"東雲小学校グラウンド","address_pref":"愛媛県","address_city":"松山市文京町","address_detail":"2-1","contact":"(089)924-6987","flood":null,"landslide":"1","storm_surge":"1","earthquake":"1","tsunami":"1","large_fire":null,"inland_flood":null,"volcano":null,"shelter_overlap":"1","capacity":"6241","capacity_basis":"1.0","notes":null,"changed":null,"new":null,"address":"愛媛県松山市文京町2-1","gsi_common_id":"E3820100528201","coordinate_join_method":"matched_by_id"}},{"type":"Feature","geometry":{"type":"Point","coordinates":[132.774879,33.85024931]},"properties":{"common_id":"E3820100529201","name":"東中学校グラウンド","address_pref":"愛媛県","address_city":"松山市文京町","address_detail":"2-2","contact":"(089)924-8588","flood":null,"landslide":"1","storm_surge":"1","earthquake":"1","tsunami":"1","large_fire":null,"inland_flood":null,"volcano":null,"shelter_overlap":"1","capacity":"7786","capacity_basis":"1.0","notes":null,"changed":null,"new":null,"address":"愛媛県松山市文京町2-2","gsi_common_id":"E3820100529201","coordinate_join_method":"matched_by_id"}},{"type":"Feature","geometry":{"type":"Point","coordinates":[132.7689963,33.84975722]},"properties":{"common_id":"E3820100531201","name":"松山北高等学校グラウンド","address_pref":"愛媛県","address_city":"松山市文京町","address_detail":"4-1","contact":"(089)925-2161","flood":null,"landslide":"1","storm_surge":"1","earthquake":"1","tsunami":"1","large_fire":null,"inland_flood":null,"volcano":null,"shelter_overlap":"1","capacity":"16491","capacity_basis":"1.0","notes":null,"changed":null,"new":null,"address":"愛媛県松山市文京町4-1","gsi_common_id":"E3820100531201","coordinate_join_method":"matched_by_id"}},{"type":"Feature","geometry":{"type":"Point","coordinates":[132.7664536,33.85004235]},"properties":{"common_id":"E3820100532201","name":"学校法人松山大学グラウンド","address_pref":"愛媛県","address_city":"松山市文京町","address_detail":"4-2","contact":"(089)925-7111","flood":null,"landslide":"1","storm_surge":"1","earthquake":"1","tsunami":"1","large_fire":null,"inland_flood":null,"volcano":null,"shelter_overlap":"1","capacity":"20603","capacity_basis":"1.0","notes":null,"changed":null,"new":null,"address":"愛媛県松山市文京町4-2","gsi_common_id":"E3820100532201","coordinate_join_method":"matched_by_id"}},{"type":"Feature","geometry":{"type":"Point","coordinates":[132.8379784,33.80719829]},"properties":{"common_id":"E3820100533201","name":"小野小学校グラウンド","address_pref":"愛媛県","address_city":"松山市平井町","address_detail":"3673","contact":"(089)975-0989","flood":null,"landslide":"1","storm_surge":"1","earthquake":"1","tsunami":"1","large_fire":null,"inland_flood":null,"volcano":null,"shelter_overlap":"1","capacity":"6600","capacity_basis":"1.0","notes":null,"changed":null,"new":null,"address":"愛媛県松山市平井町3673","gsi_common_id":"E3820100533201","coordinate_join_method":"matched_by_id"}},{"type":"Feature","geometry":{"type":"Point","coordinates":[132.8369197,33.80757748]},"properties":{"common_id":"E3820100534201","name":"小野中学校グラウンド","address_pref":"愛媛県","address_city":"松山市平井町","address_detail":"3690","contact":"(089)975-0988","flood":null,"landslide":"1","storm_surge":"1","earthquake":"1","tsunami":"1","large_fire":null,"inland_flood":null,"volcano":null,"shelter_overlap":"1","capacity":"11315","capacity_basis":"1.0","notes":null,"changed":null,"new":null,"address":"愛媛県松山市平井町3690","gsi_common_id":"E3820100534201","coordinate_join_method":"matched_by_id"}},{"type":"Feature","geometry":{"type":"Point","coordinates":[132.8361545,33.80952295]},"properties":{"common_id":"E3820100535201","name":"平井保育園グラウンド","address_pref":"愛媛県","address_city":"松山市平井町甲","address_detail":"118","contact":"(089)975-0126","flood":null,"landslide":"1","storm_surge":"1","earthquake":"1","tsunami":"1","large_fire":null,"inland_flood":null,"volcano":null,"shelter_overlap":"1","capacity":"1020","capacity_basis":"1.0","notes":null,"changed":null,"new":null,"address":"愛媛県松山市平井町甲118","gsi_common_id":"E3820100535201","coordinate_join_method":"matched_by_id"}},{"type":"Feature","geometry":{"type":"Point","coordinates":[132.8270114,33.81015908]},"properties":{"common_id":"E3820100536201","name":"平井公園","address_pref":"愛媛県","address_city":"松山市平井町甲","address_detail":"2520","contact":null,"flood":null,"landslide":"1","storm_surge":"1","earthquake":"1","tsunami":"1","large_fire":null,"inland_flood":null,"volcano":null,"shelter_overlap":null,"capacity":"2400","capacity_basis":"1.0","notes":null,"changed":null,"new":null,"address":"愛媛県松山市平井町甲2520","gsi_common_id":"E3820100536201","coordinate_join_method":"matched_by_id"}},{"type":"Feature","geometry":{"type":"Point","coordinates":[132.8163416,33.80584884]},"properties":{"common_id":"E3820100537201","name":"東鷹の子公園","address_pref":"愛媛県","address_city":"松山市平井町甲","address_detail":"3157-87","contact":null,"flood":null,"landslide":"1","storm_surge":"1","earthquake":"1","tsunami":"1","large_fire":null,"inland_flood":null,"volcano":null,"shelter_overlap":null,"capacity":"2500","capacity_basis":"1.0","notes":null,"changed":null,"new":null,"address":"愛媛県松山市平井町甲3157-87","gsi_common_id":"E3820100537201","coordinate_join_method":"matched_by_id"}},{"type":"Feature","geometry":{"type":"Point","coordinates":[132.8330034,33.81638113]},"properties":{"common_id":"E3820100538201","name":"五楽公園","address_pref":"愛媛県","address_city":"松山市平井町甲","address_detail":"541-1","contact":null,"flood":"1","landslide":"1","storm_surge":"1","earthquake":"1","tsunami":"1","large_fire":null,"inland_flood":null,"volcano":null,"shelter_overlap":null,"capacity":"1100","capacity_basis":"1.0","notes":null,"changed":null,"new":null,"address":"愛媛県松山市平井町甲541-1","gsi_common_id":"E3820100538201","coordinate_join_method":"matched_by_id"}},{"type":"Feature","geometry":{"type":"Point","coordinates":[132.751311,33.891258]},"properties":{"common_id":"E3820100542201","name":"平田公園","address_pref":"愛媛県","address_city":"松山市平田町乙","address_detail":"393-1","contact":null,"flood":"1","landslide":"1","storm_surge":"1","earthquake":"1","tsunami":"1","large_fire":null,"inland_flood":null,"volcano":null,"shelter_overlap":null,"capacity":"6000","capacity_basis":"1.0","notes":null,"changed":null,"new":null,"address":"愛媛県松山市平田町乙393-1","gsi_common_id":"E3820100542201","coordinate_join_method":"matched_by_id"}},{"type":"Feature","geometry":{"type":"Point","coordinates":[132.7251856,33.84389353]},"properties":{"common_id":"E3820100543201","name":"味生小学校グラウンド","address_pref":"愛媛県","address_city":"松山市別府町","address_detail":"166-4","contact":"(089)951-0529","flood":null,"landslide":"1","storm_surge":"1","earthquake":"1","tsunami":"1","large_fire":null,"inland_flood":null,"volcano":null,"shelter_overlap":"1","capacity":"12625","capacity_basis":"1.0","notes":null,"changed":null,"new":null,"address":"愛媛県松山市別府町166-4","gsi_common_id":"E3820100543201","coordinate_join_method":"matched_by_id"}},{"type":"Feature","geometry":{"type":"Point","coordinates":[132.7287556,33.84435913]},"properties":{"common_id":"E3820100545201","name":"味生第二小学校グラウンド","address_pref":"愛媛県","address_city":"松山市別府町","address_detail":"3-1","contact":"(089)952-4561","flood":"1","landslide":null,"storm_surge":"1","earthquake":"1","tsunami":"1","large_fire":null,"inland_flood":null,"volcano":null,"shelter_overlap":"1","capacity":"12546","capacity_basis":"1.0","notes":null,"changed":null,"new":null,"address":"愛媛県松山市別府町3-1","gsi_common_id":"E3820100545201","coordinate_join_method":"matched_by_id"}},{"type":"Feature","geometry":{"type":"Point","coordinates":[132.7206981,33.84897051]},"properties":{"common_id":"E3820100546201","name":"飯岡公園","address_pref":"愛媛県","address_city":"松山市別府町","address_detail":"538-3","contact":null,"flood":null,"landslide":"1","storm_surge":null,"earthquake":"1","tsunami":"1","large_fire":null,"inland_flood":null,"volcano":null,"shelter_overlap":null,"capacity":"2000","capacity_basis":"1.0","notes":null,"changed":null,"new":null,"address":"愛媛県松山市別府町538-3","gsi_common_id":"E3820100546201","coordinate_join_method":"matched_by_id"}},{"type":"Feature","geometry":{"type":"Point","coordinates":[132.7157177,33.84662545]},"properties":{"common_id":"E3820100547201","name":"別府清水山公園","address_pref":"愛媛県","address_city":"松山市別府町７５５－２外","address_detail":null,"contact":null,"flood":null,"landslide":"1","storm_surge":null,"earthquake":"1","tsunami":"1","large_fire":null,"inland_flood":null,"volcano":null,"shelter_overlap":null,"capacity":"1500","capacity_basis":"1.0","notes":null,"changed":null,"new":null,"address":"愛媛県松山市別府町７５５－２外","gsi_common_id":"E3820100547201","coordinate_join_method":"matched_by_id"}},{"type":"Feature","geometry":{"type":"Point","coordinates":[132.7282647,33.84619845]},"properties":{"common_id":"E3820100548201","name":"福水公園","address_pref":"愛媛県","address_city":"松山市別府町","address_detail":"927-1","contact":null,"flood":"1","landslide":"1","storm_surge":"1","earthquake":"1","tsunami":"1","large_fire":null,"inland_flood":null,"volcano":null,"shelter_overlap":null,"capacity":"2900","capacity_basis":"1.0","notes":null,"changed":null,"new":null,"address":"愛媛県松山市別府町927-1","gsi_common_id":"E3820100548201","coordinate_join_method":"matched_by_id"}},{"type":"Feature","geometry":{"type":"Point","coordinates":[132.7695967,33.95134771]},"properties":{"common_id":"E3820100549201","name":"河野公園","address_pref":"愛媛県","address_city":"松山市片山","address_detail":"228-3","contact":null,"flood":null,"landslide":"1","storm_surge":null,"earthquake":"1","tsunami":null,"large_fire":null,"inland_flood":null,"volcano":null,"shelter_overlap":null,"capacity":"2400","capacity_basis":"1.0","notes":null,"changed":null,"new":null,"address":"愛媛県松山市片山228-3","gsi_common_id":"E3820100549201","coordinate_join_method":"matched_by_id"}},{"type":"Feature","geometry":{"type":"Point","coordinates":[132.74221284634,33.813759987112]},"properties":{"common_id":"E3820100551201","name":"余土中学校グラウンド","address_pref":"愛媛県","address_city":"松山市保免西","address_detail":"4-5-23","contact":"(089)972-0010","flood":null,"landslide":"1","storm_surge":"1","earthquake":"1","tsunami":"1","large_fire":null,"inland_flood":null,"volcano":null,"shelter_overlap":"1","capacity":"36262","capacity_basis":"1.0","notes":null,"changed":null,"new":null,"address":"愛媛県松山市保免西4-5-23","gsi_common_id":"E3820100551201","coordinate_join_method":"matched_by_id"}},{"type":"Feature","geometry":{"type":"Point","coordinates":[132.748967,33.818464]},"properties":{"common_id":"E3820100552201","name":"保免公園","address_pref":"愛媛県","address_city":"松山市保免中","address_detail":"1-210-3","contact":null,"flood":null,"landslide":"1","storm_surge":"1","earthquake":"1","tsunami":"1","large_fire":null,"inland_flood":null,"volcano":null,"shelter_overlap":null,"capacity":"2300","capacity_basis":"1.0","notes":null,"changed":null,"new":null,"address":"愛媛県松山市保免中1-210-3","gsi_common_id":"E3820100552201","coordinate_join_method":"matched_by_id"}},{"type":"Feature","geometry":{"type":"Point","coordinates":[132.7791906,33.80603524]},"properties":{"common_id":"E3820100555201","name":"白山の杜公園","address_pref":"愛媛県","address_city":"松山市北井門","address_detail":"1-101-1","contact":null,"flood":null,"landslide":"1","storm_surge":"1","earthquake":"1","tsunami":"1","large_fire":null,"inland_flood":null,"volcano":null,"shelter_overlap":null,"capacity":"2300","capacity_basis":"1.0","notes":null,"changed":null,"new":null,"address":"愛媛県松山市北井門1-101-1","gsi_common_id":"E3820100555201","coordinate_join_method":"matched_by_id"}},{"type":"Feature","geometry":{"type":"Point","coordinates":[132.7088897,33.83838218]},"properties":{"common_id":"E3820100556201","name":"北吉田公園","address_pref":"愛媛県","address_city":"松山市北吉田町","address_detail":"1211","contact":null,"flood":null,"landslide":"1","storm_surge":null,"earthquake":"1","tsunami":"1","large_fire":null,"inland_flood":null,"volcano":null,"shelter_overlap":null,"capacity":"3100","capacity_basis":"1.0","notes":null,"changed":null,"new":null,"address":"愛媛県松山市北吉田町1211","gsi_common_id":"E3820100556201","coordinate_join_method":"matched_by_id"}},{"type":"Feature","geometry":{"type":"Point","coordinates":[132.7914261,33.81241452]},"properties":{"common_id":"E3820100559201","name":"北久米八区公園","address_pref":"愛媛県","address_city":"松山市北久米町１０６９－１外","address_detail":null,"contact":null,"flood":null,"landslide":"1","storm_surge":"1","earthquake":"1","tsunami":"1","large_fire":null,"inland_flood":null,"volcano":null,"shelter_overlap":null,"capacity":"1300","capacity_basis":"1.0","notes":null,"changed":null,"new":null,"address":"愛媛県松山市北久米町１０６９－１外","gsi_common_id":"E3820100559201","coordinate_join_method":"matched_by_id"}},{"type":"Feature","geometry":{"type":"Point","coordinates":[132.7954547,33.81740187]},"properties":{"common_id":"E3820100560201","name":"北久米七区公園","address_pref":"愛媛県","address_city":"松山市北久米町","address_detail":"644","contact":null,"flood":"1","landslide":"1","storm_surge":"1","earthquake":"1","tsunami":"1","large_fire":null,"inland_flood":null,"volcano":null,"shelter_overlap":null,"capacity":"2300","capacity_basis":"1.0","notes":null,"changed":null,"new":null,"address":"愛媛県松山市北久米町644","gsi_common_id":"E3820100560201","coordinate_join_method":"matched_by_id"}},{"type":"Feature","geometry":{"type":"Point","coordinates":[132.7895775,33.81591438]},"properties":{"common_id":"E3820100561201","name":"学校法人松山学院　松山学院高等学校グラウンド","address_pref":"愛媛県","address_city":"松山市北久米町","address_detail":"815","contact":"(089)976-4343","flood":null,"landslide":null,"storm_surge":"1","earthquake":"1","tsunami":"1","large_fire":null,"inland_flood":null,"volcano":null,"shelter_overlap":"1","capacity":"18514","capacity_basis":"1.0","notes":null,"changed":null,"new":null,"address":"愛媛県松山市北久米町815","gsi_common_id":"E3820100561201","coordinate_join_method":"matched_by_id"}},{"type":"Feature","geometry":{"type":"Point","coordinates":[132.7227946,33.83749793]},"properties":{"common_id":"E3820100562201","name":"津田中学校グラウンド","address_pref":"愛媛県","address_city":"松山市北斎院町","address_detail":"1106","contact":"(089)972-0019","flood":null,"landslide":null,"storm_surge":"1","earthquake":"1","tsunami":"1","large_fire":null,"inland_flood":null,"volcano":null,"shelter_overlap":"1","capacity":"12216","capacity_basis":"1.0","notes":null,"changed":null,"new":null,"address":"愛媛県松山市北斎院町1106","gsi_common_id":"E3820100562201","coordinate_join_method":"matched_by_id"}},{"type":"Feature","geometry":{"type":"Point","coordinates":[132.7295908,33.8343658]},"properties":{"common_id":"E3820100563201","name":"北斎院公園","address_pref":"愛媛県","address_city":"松山市北斎院町２４２－３外","address_detail":null,"contact":null,"flood":null,"landslide":"1","storm_surge":"1","earthquake":"1","tsunami":"1","large_fire":null,"inland_flood":null,"volcano":null,"shelter_overlap":null,"capacity":"1600","capacity_basis":"1.0","notes":null,"changed":null,"new":null,"address":"愛媛県松山市北斎院町２４２－３外","gsi_common_id":"E3820100563201","coordinate_join_method":"matched_by_id"}},{"type":"Feature","geometry":{"type":"Point","coordinates":[132.7251053,33.83743269]},"properties":{"common_id":"E3820100564201","name":"中津公園","address_pref":"愛媛県","address_city":"松山市北斎院町","address_detail":"469-1","contact":null,"flood":null,"landslide":"1","storm_surge":"1","earthquake":"1","tsunami":"1","large_fire":null,"inland_flood":null,"volcano":null,"shelter_overlap":null,"capacity":"2000","capacity_basis":"1.0","notes":null,"changed":null,"new":null,"address":"愛媛県松山市北斎院町469-1","gsi_common_id":"E3820100564201","coordinate_join_method":"matched_by_id"}},{"type":"Feature","geometry":{"type":"Point","coordinates":[132.7250139,33.84283469]},"properties":{"common_id":"E3820100565201","name":"味生保育園グラウンド","address_pref":"愛媛県","address_city":"松山市北斎院町","address_detail":"759-1","contact":"(089)951-2016","flood":null,"landslide":"1","storm_surge":"1","earthquake":"1","tsunami":"1","large_fire":null,"inland_flood":null,"volcano":null,"shelter_overlap":"1","capacity":"803","capacity_basis":"1.0","notes":null,"changed":null,"new":null,"address":"愛媛県松山市北斎院町759-1","gsi_common_id":"E3820100565201","coordinate_join_method":"matched_by_id"}},{"type":"Feature","geometry":{"type":"Point","coordinates":[132.718939,33.84133588]},"properties":{"common_id":"E3820100566201","name":"津田公園","address_pref":"愛媛県","address_city":"松山市北斎院町","address_detail":"810-1","contact":null,"flood":"1","landslide":"1","storm_surge":"1","earthquake":"1","tsunami":"1","large_fire":null,"inland_flood":null,"volcano":null,"shelter_overlap":null,"capacity":"1800","capacity_basis":"1.0","notes":null,"changed":null,"new":null,"address":"愛媛県松山市北斎院町810-1","gsi_common_id":"E3820100566201","coordinate_join_method":"matched_by_id"}},{"type":"Feature","geometry":{"type":"Point","coordinates":[132.7326574,33.83813697]},"properties":{"common_id":"E3820100567201","name":"中津東公園","address_pref":"愛媛県","address_city":"松山市北斎院町乙７－２外","address_detail":null,"contact":null,"flood":"1","landslide":null,"storm_surge":"1","earthquake":"1","tsunami":"1","large_fire":null,"inland_flood":null,"volcano":null,"shelter_overlap":null,"capacity":"3900","capacity_basis":"1.0","notes":null,"changed":null,"new":null,"address":"愛媛県松山市北斎院町乙７－２外","gsi_common_id":"E3820100567201","coordinate_join_method":"matched_by_id"}},{"type":"Feature","geometry":{"type":"Point","coordinates":[132.7832009,33.97923435]},"properties":{"common_id":"E3820100569201","name":"風早タウン公園","address_pref":"愛媛県","address_city":"松山市北条","address_detail":"20-152","contact":null,"flood":null,"landslide":"1","storm_surge":"1","earthquake":"1","tsunami":"1","large_fire":null,"inland_flood":null,"volcano":null,"shelter_overlap":null,"capacity":"2200","capacity_basis":"1.0","notes":null,"changed":null,"new":null,"address":"愛媛県松山市北条20-152","gsi_common_id":"E3820100569201","coordinate_join_method":"matched_by_id"}},{"type":"Feature","geometry":{"type":"Point","coordinates":[132.78108317116,33.975710335765]},"properties":{"common_id":"E3820100571201","name":"聖カタリナ大学グラウンド","address_pref":"愛媛県","address_city":"松山市北条","address_detail":"690","contact":"(089)993-0702","flood":null,"landslide":"1","storm_surge":null,"earthquake":"1","tsunami":"1","large_fire":null,"inland_flood":null,"volcano":null,"shelter_overlap":null,"capacity":"719","capacity_basis":"1.0","notes":null,"changed":null,"new":null,"address":"愛媛県松山市北条690","gsi_common_id":"E3820100571201","coordinate_join_method":"matched_by_id"}},{"type":"Feature","geometry":{"type":"Point","coordinates":[132.7718928,33.96597713]},"properties":{"common_id":"E3820100573201","name":"新開浜公園","address_pref":"愛媛県","address_city":"松山市北条辻","address_detail":"1278","contact":null,"flood":null,"landslide":"1","storm_surge":null,"earthquake":"1","tsunami":"1","large_fire":null,"inland_flood":null,"volcano":null,"shelter_overlap":null,"capacity":"700","capacity_basis":"1.0","notes":null,"changed":null,"new":null,"address":"愛媛県松山市北条辻1278","gsi_common_id":"E3820100573201","coordinate_join_method":"matched_by_id"}},{"type":"Feature","geometry":{"type":"Point","coordinates":[132.7736867,33.97595654]},"properties":{"common_id":"E3820100574201","name":"東町浦公園","address_pref":"愛媛県","address_city":"松山市北条辻","address_detail":"1443-11","contact":null,"flood":null,"landslide":"1","storm_surge":null,"earthquake":"1","tsunami":null,"large_fire":null,"inland_flood":null,"volcano":null,"shelter_overlap":null,"capacity":"2600","capacity_basis":"1.0","notes":null,"changed":null,"new":null,"address":"愛媛県松山市北条辻1443-11","gsi_common_id":"E3820100574201","coordinate_join_method":"matched_by_id"}},{"type":"Feature","geometry":{"type":"Point","coordinates":[132.7824409,33.97078105]},"properties":{"common_id":"E3820100576201","name":"北条北中学校グラウンド","address_pref":"愛媛県","address_city":"松山市北条辻","address_detail":"365","contact":"(089)993-0038","flood":null,"landslide":"1","storm_surge":null,"earthquake":"1","tsunami":"1","large_fire":null,"inland_flood":null,"volcano":null,"shelter_overlap":"1","capacity":"25020","capacity_basis":"1.0","notes":null,"changed":null,"new":null,"address":"愛媛県松山市北条辻365","gsi_common_id":"E3820100576201","coordinate_join_method":"matched_by_id"}},{"type":"Feature","geometry":{"type":"Point","coordinates":[132.7753432,33.9691084]},"properties":{"common_id":"E3820100578201","name":"北条高等学校グラウンド","address_pref":"愛媛県","address_city":"松山市北条辻","address_detail":"600-1","contact":"(089)993-0333","flood":null,"landslide":"1","storm_surge":null,"earthquake":"1","tsunami":"1","large_fire":null,"inland_flood":null,"volcano":null,"shelter_overlap":"1","capacity":"19118","capacity_basis":"1.0","notes":null,"changed":null,"new":null,"address":"愛媛県松山市北条辻600-1","gsi_common_id":"E3820100578201","coordinate_join_method":"matched_by_id"}},{"type":"Feature","geometry":{"type":"Point","coordinates":[132.7782795,33.97494905]},"properties":{"common_id":"E3820100579201","name":"北条小学校グラウンド","address_pref":"愛媛県","address_city":"松山市北条辻","address_detail":"64","contact":"(089)993-0066","flood":null,"landslide":"1","storm_surge":null,"earthquake":"1","tsunami":"1","large_fire":null,"inland_flood":null,"volcano":null,"shelter_overlap":"1","capacity":"9720","capacity_basis":"1.0","notes":null,"changed":null,"new":null,"address":"愛媛県松山市北条辻64","gsi_common_id":"E3820100579201","coordinate_join_method":"matched_by_id"}},{"type":"Feature","geometry":{"type":"Point","coordinates":[132.7746232,33.96406846]},"properties":{"common_id":"E3820100581201","name":"新開公園","address_pref":"愛媛県","address_city":"松山市北条辻","address_detail":"961-1","contact":null,"flood":null,"landslide":"1","storm_surge":null,"earthquake":"1","tsunami":null,"large_fire":null,"inland_flood":null,"volcano":null,"shelter_overlap":null,"capacity":"2600","capacity_basis":"1.0","notes":null,"changed":null,"new":null,"address":"愛媛県松山市北条辻961-1","gsi_common_id":"E3820100581201","coordinate_join_method":"matched_by_id"}},{"type":"Feature","geometry":{"type":"Point","coordinates":[132.7852675,33.80759582]},"properties":{"common_id":"E3820100583201","name":"北土居公園","address_pref":"愛媛県","address_city":"松山市北土居","address_detail":"4-319-2","contact":null,"flood":null,"landslide":"1","storm_surge":"1","earthquake":"1","tsunami":"1","large_fire":null,"inland_flood":null,"volcano":null,"shelter_overlap":null,"capacity":"1900","capacity_basis":"1.0","notes":null,"changed":null,"new":null,"address":"愛媛県松山市北土居4-319-2","gsi_common_id":"E3820100583201","coordinate_join_method":"matched_by_id"}},{"type":"Feature","geometry":{"type":"Point","coordinates":[132.8418878,33.80994392]},"properties":{"common_id":"E3820100585201","name":"向井公園","address_pref":"愛媛県","address_city":"松山市北梅本町２１４５外","address_detail":null,"contact":null,"flood":null,"landslide":"1","storm_surge":"1","earthquake":"1","tsunami":"1","large_fire":null,"inland_flood":null,"volcano":null,"shelter_overlap":null,"capacity":"1700","capacity_basis":"1.0","notes":null,"changed":null,"new":null,"address":"愛媛県松山市北梅本町２１４５外","gsi_common_id":"E3820100585201","coordinate_join_method":"matched_by_id"}},{"type":"Feature","geometry":{"type":"Point","coordinates":[132.8466084,33.81377705]},"properties":{"common_id":"E3820100586201","name":"北梅本小山公園","address_pref":"愛媛県","address_city":"松山市北梅本町","address_detail":"2481-1","contact":null,"flood":null,"landslide":"1","storm_surge":"1","earthquake":"1","tsunami":"1","large_fire":null,"inland_flood":null,"volcano":null,"shelter_overlap":null,"capacity":"2600","capacity_basis":"1.0","notes":null,"changed":null,"new":null,"address":"愛媛県松山市北梅本町2481-1","gsi_common_id":"E3820100586201","coordinate_join_method":"matched_by_id"}},{"type":"Feature","geometry":{"type":"Point","coordinates":[132.8488347,33.81924565]},"properties":{"common_id":"E3820100588201","name":"小野谷公園","address_pref":"愛媛県","address_city":"松山市北梅本町２７２０外","address_detail":null,"contact":null,"flood":null,"landslide":null,"storm_surge":"1","earthquake":"1","tsunami":"1","large_fire":null,"inland_flood":null,"volcano":null,"shelter_overlap":null,"capacity":"2000","capacity_basis":"1.0","notes":null,"changed":null,"new":null,"address":"愛媛県松山市北梅本町２７２０外","gsi_common_id":"E3820100588201","coordinate_join_method":"matched_by_id"}},{"type":"Feature","geometry":{"type":"Point","coordinates":[132.857069,33.8056515]},"properties":{"common_id":"E3820100591201","name":"太尺寺公園","address_pref":"愛媛県","address_city":"松山市北梅本町甲","address_detail":"25","contact":null,"flood":"1","landslide":"1","storm_surge":"1","earthquake":"1","tsunami":"1","large_fire":null,"inland_flood":null,"volcano":null,"shelter_overlap":null,"capacity":"600","capacity_basis":"1.0","notes":null,"changed":null,"new":null,"address":"愛媛県松山市北梅本町甲25","gsi_common_id":"E3820100591201","coordinate_join_method":"matched_by_id"}},{"type":"Feature","geometry":{"type":"Point","coordinates":[132.6646239,33.95760524]},"properties":{"common_id":"E3820100592201","name":"睦月小学校グラウンド","address_pref":"愛媛県","address_city":"松山市睦月甲","address_detail":"1068-6","contact":"(089)998-0070","flood":"1","landslide":null,"storm_surge":null,"earthquake":"1","tsunami":null,"large_fire":null,"inland_flood":null,"volcano":null,"shelter_overlap":"1","capacity":"2109","capacity_basis":"1.0","notes":null,"changed":null,"new":null,"address":"愛媛県松山市睦月甲1068-6","gsi_common_id":"E3820100592201","coordinate_join_method":"matched_by_id"}},{"type":"Feature","geometry":{"type":"Point","coordinates":[132.7544255,33.90670536]},"properties":{"common_id":"E3820100594201","name":"堀江東公園","address_pref":"愛媛県","address_city":"松山市堀江町１４６６外","address_detail":null,"contact":null,"flood":null,"landslide":"1","storm_surge":null,"earthquake":"1","tsunami":null,"large_fire":null,"inland_flood":null,"volcano":null,"shelter_overlap":null,"capacity":"2400","capacity_basis":"1.0","notes":null,"changed":null,"new":null,"address":"愛媛県松山市堀江町１４６６外","gsi_common_id":"E3820100594201","coordinate_join_method":"matched_by_id"}},{"type":"Feature","geometry":{"type":"Point","coordinates":[132.7501179,33.9044592]},"properties":{"common_id":"E3820100595201","name":"堀江中央公園","address_pref":"愛媛県","address_city":"松山市堀江町１５６９－１外","address_detail":null,"contact":null,"flood":null,"landslide":"1","storm_surge":null,"earthquake":"1","tsunami":null,"large_fire":null,"inland_flood":null,"volcano":null,"shelter_overlap":null,"capacity":"2400","capacity_basis":"1.0","notes":null,"changed":null,"new":null,"address":"愛媛県松山市堀江町１５６９－１外","gsi_common_id":"E3820100595201","coordinate_join_method":"matched_by_id"}},{"type":"Feature","geometry":{"type":"Point","coordinates":[132.7414758,33.9018568]},"properties":{"common_id":"E3820100596201","name":"いつき公園","address_pref":"愛媛県","address_city":"松山市堀江町","address_detail":"766-37","contact":null,"flood":null,"landslide":"1","storm_surge":null,"earthquake":"1","tsunami":null,"large_fire":null,"inland_flood":null,"volcano":null,"shelter_overlap":null,"capacity":"1100","capacity_basis":"1.0","notes":null,"changed":null,"new":null,"address":"愛媛県松山市堀江町766-37","gsi_common_id":"E3820100596201","coordinate_join_method":"matched_by_id"}},{"type":"Feature","geometry":{"type":"Point","coordinates":[132.7484575,33.90478898]},"properties":{"common_id":"E3820100598201","name":"堀江保育園グラウンド","address_pref":"愛媛県","address_city":"松山市堀江町甲","address_detail":"1654-9","contact":"(089)978-0356","flood":null,"landslide":"1","storm_surge":null,"earthquake":"1","tsunami":null,"large_fire":null,"inland_flood":null,"volcano":null,"shelter_overlap":"1","capacity":"303","capacity_basis":"1.0","notes":null,"changed":null,"new":null,"address":"愛媛県松山市堀江町甲1654-9","gsi_common_id":"E3820100598201","coordinate_join_method":"matched_by_id"}},{"type":"Feature","geometry":{"type":"Point","coordinates":[132.7420713,33.89947471]},"properties":{"common_id":"E3820100600201","name":"大西第二区公園","address_pref":"愛媛県","address_city":"松山市堀江町甲","address_detail":"519-2","contact":null,"flood":null,"landslide":"1","storm_surge":null,"earthquake":"1","tsunami":null,"large_fire":null,"inland_flood":null,"volcano":null,"shelter_overlap":null,"capacity":"1100","capacity_basis":"1.0","notes":null,"changed":null,"new":null,"address":"愛媛県松山市堀江町甲519-2","gsi_common_id":"E3820100600201","coordinate_join_method":"matched_by_id"}},{"type":"Feature","geometry":{"type":"Point","coordinates":[132.7618544,33.84199297]},"properties":{"common_id":"E3820100602201","name":"城山公園","address_pref":"愛媛県","address_city":"松山市堀之内","address_detail":null,"contact":null,"flood":null,"landslide":null,"storm_surge":"1","earthquake":"1","tsunami":"1","large_fire":"1","inland_flood":null,"volcano":null,"shelter_overlap":null,"capacity":"50700","capacity_basis":"1.0","notes":null,"changed":null,"new":null,"address":"愛媛県松山市堀之内","gsi_common_id":"E3820100602201","coordinate_join_method":"matched_by_id"}},{"type":"Feature","geometry":{"type":"Point","coordinates":[132.7629596,33.83286936]},"properties":{"common_id":"E3820100605201","name":"松山南高等学校グラウンド","address_pref":"愛媛県","address_city":"松山市末広町","address_detail":"11-1","contact":"(089)941-5431","flood":null,"landslide":"1","storm_surge":"1","earthquake":"1","tsunami":"1","large_fire":null,"inland_flood":null,"volcano":null,"shelter_overlap":"1","capacity":"11687","capacity_basis":"1.0","notes":null,"changed":null,"new":null,"address":"愛媛県松山市末広町11-1","gsi_common_id":"E3820100605201","coordinate_join_method":"matched_by_id"}},{"type":"Feature","geometry":{"type":"Point","coordinates":[132.8279691,33.87167269]},"properties":{"common_id":"E3820100606201","name":"湧ケ淵公園","address_pref":"愛媛県","address_city":"松山市末町乙２３１－１外","address_detail":null,"contact":null,"flood":"1","landslide":"1","storm_surge":"1","earthquake":"1","tsunami":"1","large_fire":null,"inland_flood":null,"volcano":null,"shelter_overlap":null,"capacity":"15300","capacity_basis":"1.0","notes":null,"changed":null,"new":null,"address":"愛媛県松山市末町乙２３１－１外","gsi_common_id":"E3820100606201","coordinate_join_method":"matched_by_id"}},{"type":"Feature","geometry":{"type":"Point","coordinates":[132.7554043,33.84249547]},"properties":{"common_id":"E3820100609201","name":"南味酒公園","address_pref":"愛媛県","address_city":"松山市味酒町","address_detail":"1-11","contact":null,"flood":null,"landslide":"1","storm_surge":"1","earthquake":"1","tsunami":"1","large_fire":null,"inland_flood":null,"volcano":null,"shelter_overlap":null,"capacity":"1700","capacity_basis":"1.0","notes":null,"changed":null,"new":null,"address":"愛媛県松山市味酒町1-11","gsi_common_id":"E3820100609201","coordinate_join_method":"matched_by_id"}},{"type":"Feature","geometry":{"type":"Point","coordinates":[132.7600655,33.85212692]},"properties":{"common_id":"E3820100611201","name":"木屋町公園","address_pref":"愛媛県","address_city":"松山市木屋町","address_detail":"3-4-3","contact":null,"flood":null,"landslide":"1","storm_surge":"1","earthquake":"1","tsunami":"1","large_fire":null,"inland_flood":null,"volcano":null,"shelter_overlap":null,"capacity":"1100","capacity_basis":"1.0","notes":null,"changed":null,"new":null,"address":"愛媛県松山市木屋町3-4-3","gsi_common_id":"E3820100611201","coordinate_join_method":"matched_by_id"}},{"type":"Feature","geometry":{"type":"Point","coordinates":[132.7491282,33.86334038]},"properties":{"common_id":"E3820100612201","name":"太郎丸公園","address_pref":"愛媛県","address_city":"松山市問屋町","address_detail":"334-37","contact":null,"flood":"1","landslide":"1","storm_surge":"1","earthquake":"1","tsunami":"1","large_fire":null,"inland_flood":null,"volcano":null,"shelter_overlap":null,"capacity":"1000","capacity_basis":"1.0","notes":null,"changed":null,"new":null,"address":"愛媛県松山市問屋町334-37","gsi_common_id":"E3820100612201","coordinate_join_method":"matched_by_id"}},{"type":"Feature","geometry":{"type":"Point","coordinates":[132.6884825,33.90428584]},"properties":{"common_id":"E3820100614201","name":"門田公園","address_pref":"愛媛県","address_city":"松山市門田町","address_detail":"290-2","contact":null,"flood":"1","landslide":null,"storm_surge":null,"earthquake":"1","tsunami":null,"large_fire":null,"inland_flood":null,"volcano":null,"shelter_overlap":null,"capacity":"2600","capacity_basis":"1.0","notes":null,"changed":null,"new":null,"address":"愛媛県松山市門田町290-2","gsi_common_id":"E3820100614201","coordinate_join_method":"matched_by_id"}},{"type":"Feature","geometry":{"type":"Point","coordinates":[132.6893998,33.97540793]},"properties":{"common_id":"E3820100617201","name":"野忽那小学校グラウンド","address_pref":"愛媛県","address_city":"松山市野忽那甲","address_detail":"1540-1","contact":"(089)998-0330","flood":"1","landslide":null,"storm_surge":null,"earthquake":"1","tsunami":null,"large_fire":null,"inland_flood":null,"volcano":null,"shelter_overlap":"1","capacity":"2994","capacity_basis":"1.0","notes":null,"changed":null,"new":null,"address":"愛媛県松山市野忽那甲1540-1","gsi_common_id":"E3820100617201","coordinate_join_method":"matched_by_id"}},{"type":"Feature","geometry":{"type":"Point","coordinates":[132.7732099,33.95962179]},"properties":{"common_id":"E3820100619201","name":"西ノ下公園（柳原末広第一公園）","address_pref":"愛媛県","address_city":"松山市柳原","address_detail":"901","contact":null,"flood":null,"landslide":"1","storm_surge":null,"earthquake":"1","tsunami":null,"large_fire":null,"inland_flood":null,"volcano":null,"shelter_overlap":null,"capacity":"2200","capacity_basis":"1.0","notes":null,"changed":null,"new":null,"address":"愛媛県松山市柳原901","gsi_common_id":"E3820100619201","coordinate_join_method":"matched_by_id"}},{"type":"Feature","geometry":{"type":"Point","coordinates":[132.6808715,33.9039732]},"properties":{"common_id":"E3820100621201","name":"由良公園","address_pref":"愛媛県","address_city":"松山市由良町１０３２－１外","address_detail":null,"contact":null,"flood":"1","landslide":null,"storm_surge":null,"earthquake":"1","tsunami":null,"large_fire":null,"inland_flood":null,"volcano":null,"shelter_overlap":null,"capacity":"1600","capacity_basis":"1.0","notes":null,"changed":null,"new":null,"address":"愛媛県松山市由良町１０３２－１外","gsi_common_id":"E3820100621201","coordinate_join_method":"matched_by_id"}},{"type":"Feature","geometry":{"type":"Point","coordinates":[132.6678842,33.89952967]},"properties":{"common_id":"E3820100623201","name":"鷲ケ巣公園","address_pref":"愛媛県","address_city":"松山市由良町４１８－１外","address_detail":null,"contact":null,"flood":"1","landslide":"1","storm_surge":null,"earthquake":"1","tsunami":null,"large_fire":null,"inland_flood":null,"volcano":null,"shelter_overlap":null,"capacity":"1200","capacity_basis":"1.0","notes":null,"changed":null,"new":null,"address":"愛媛県松山市由良町４１８－１外","gsi_common_id":"E3820100623201","coordinate_join_method":"matched_by_id"}},{"type":"Feature","geometry":{"type":"Point","coordinates":[132.6740224,33.9017054]},"properties":{"common_id":"E3820100624201","name":"もものはなこども園グラウンド","address_pref":"愛媛県","address_city":"松山市由良町","address_detail":"479","contact":"(089)961-2332","flood":"1","landslide":"1","storm_surge":null,"earthquake":"1","tsunami":null,"large_fire":null,"inland_flood":null,"volcano":null,"shelter_overlap":"1","capacity":"501","capacity_basis":"1.0","notes":null,"changed":null,"new":null,"address":"愛媛県松山市由良町479","gsi_common_id":"E3820100624201","coordinate_join_method":"matched_by_id"}},{"type":"Feature","geometry":{"type":"Point","coordinates":[132.7229739,33.81418775]},"properties":{"common_id":"E3820100627201","name":"余戸西さくら公園","address_pref":"愛媛県","address_city":"松山市余戸西２－２２７９－１外","address_detail":null,"contact":null,"flood":null,"landslide":"1","storm_surge":null,"earthquake":"1","tsunami":"1","large_fire":null,"inland_flood":null,"volcano":null,"shelter_overlap":null,"capacity":"2200","capacity_basis":"1.0","notes":null,"changed":null,"new":null,"address":"愛媛県松山市余戸西２－２２７９－１外","gsi_common_id":"E3820100627201","coordinate_join_method":"matched_by_id"}},{"type":"Feature","geometry":{"type":"Point","coordinates":[132.7292239,33.81837418]},"properties":{"common_id":"E3820100629201","name":"さくら小学校グラウンド","address_pref":"愛媛県","address_city":"松山市余戸中","address_detail":"4-11-1","contact":"(089)973-6686","flood":null,"landslide":"1","storm_surge":"1","earthquake":"1","tsunami":"1","large_fire":null,"inland_flood":null,"volcano":null,"shelter_overlap":"1","capacity":"9710","capacity_basis":"1.0","notes":null,"changed":null,"new":null,"address":"愛媛県松山市余戸中4-11-1","gsi_common_id":"E3820100629201","coordinate_join_method":"matched_by_id"}},{"type":"Feature","geometry":{"type":"Point","coordinates":[132.73215,33.816296]},"properties":{"common_id":"E3820100630201","name":"余戸中新開公園","address_pref":"愛媛県","address_city":"松山市余戸中５－８９４－１外","address_detail":null,"contact":null,"flood":null,"landslide":"1","storm_surge":"1","earthquake":"1","tsunami":"1","large_fire":null,"inland_flood":null,"volcano":null,"shelter_overlap":null,"capacity":"2000","capacity_basis":"1.0","notes":null,"changed":null,"new":null,"address":"愛媛県松山市余戸中５－８９４－１外","gsi_common_id":"E3820100630201","coordinate_join_method":"matched_by_id"}},{"type":"Feature","geometry":{"type":"Point","coordinates":[132.7370471,33.81519844]},"properties":{"common_id":"E3820100631201","name":"余土小学校グラウンド","address_pref":"愛媛県","address_city":"松山市余戸東","address_detail":"1-14-17","contact":"(089)972-0322","flood":null,"landslide":"1","storm_surge":"1","earthquake":"1","tsunami":"1","large_fire":null,"inland_flood":null,"volcano":null,"shelter_overlap":"1","capacity":"5883","capacity_basis":"1.0","notes":null,"changed":null,"new":null,"address":"愛媛県松山市余戸東1-14-17","gsi_common_id":"E3820100631201","coordinate_join_method":"matched_by_id"}},{"type":"Feature","geometry":{"type":"Point","coordinates":[132.7332665,33.81181307]},"properties":{"common_id":"E3820100632201","name":"余戸東すみれ公園","address_pref":"愛媛県","address_city":"松山市余戸東３－１０８２－２外","address_detail":null,"contact":null,"flood":null,"landslide":"1","storm_surge":"1","earthquake":"1","tsunami":"1","large_fire":null,"inland_flood":null,"volcano":null,"shelter_overlap":null,"capacity":"2000","capacity_basis":"1.0","notes":null,"changed":null,"new":null,"address":"愛媛県松山市余戸東３－１０８２－２外","gsi_common_id":"E3820100632201","coordinate_join_method":"matched_by_id"}},{"type":"Feature","geometry":{"type":"Point","coordinates":[132.73619834924,33.815938743553]},"properties":{"common_id":"E3820100633201","name":"余土保育園グラウンド","address_pref":"愛媛県","address_city":"松山市余戸東","address_detail":"4-1-19","contact":"(089)972-0801","flood":null,"landslide":"1","storm_surge":"1","earthquake":"1","tsunami":"1","large_fire":null,"inland_flood":null,"volcano":null,"shelter_overlap":"1","capacity":"1024","capacity_basis":"1.0","notes":null,"changed":null,"new":null,"address":"愛媛県松山市余戸東4-1-19","gsi_common_id":"E3820100633201","coordinate_join_method":"matched_by_id"}},{"type":"Feature","geometry":{"type":"Point","coordinates":[132.7373637,33.81686232]},"properties":{"common_id":"E3820100635201","name":"余戸東竹の宮公園","address_pref":"愛媛県","address_city":"松山市余戸東５－２９９－５外","address_detail":null,"contact":null,"flood":null,"landslide":"1","storm_surge":"1","earthquake":"1","tsunami":"1","large_fire":null,"inland_flood":null,"volcano":null,"shelter_overlap":null,"capacity":"1500","capacity_basis":"1.0","notes":null,"changed":null,"new":null,"address":"愛媛県松山市余戸東５－２９９－５外","gsi_common_id":"E3820100635201","coordinate_join_method":"matched_by_id"}},{"type":"Feature","geometry":{"type":"Point","coordinates":[132.7272087,33.80978919]},"properties":{"common_id":"E3820100637201","name":"余戸南であい公園","address_pref":"愛媛県","address_city":"松山市余戸南４－１７１０－２外","address_detail":null,"contact":null,"flood":null,"landslide":"1","storm_surge":"1","earthquake":"1","tsunami":"1","large_fire":null,"inland_flood":null,"volcano":null,"shelter_overlap":null,"capacity":"1900","capacity_basis":"1.0","notes":null,"changed":null,"new":null,"address":"愛媛県松山市余戸南４－１７１０－２外","gsi_common_id":"E3820100637201","coordinate_join_method":"matched_by_id"}},{"type":"Feature","geometry":{"type":"Point","coordinates":[132.801856,33.80169403]},"properties":{"common_id":"E3820100641201","name":"久米中学校グラウンド","address_pref":"愛媛県","address_city":"松山市来住町","address_detail":"689","contact":"(089)975-0501","flood":null,"landslide":"1","storm_surge":"1","earthquake":"1","tsunami":"1","large_fire":null,"inland_flood":null,"volcano":null,"shelter_overlap":"1","capacity":"14342","capacity_basis":"1.0","notes":null,"changed":null,"new":null,"address":"愛媛県松山市来住町689","gsi_common_id":"E3820100641201","coordinate_join_method":"matched_by_id"}},{"type":"Feature","geometry":{"type":"Point","coordinates":[132.7998555,33.80561912]},"properties":{"common_id":"E3820100642201","name":"来住公園","address_pref":"愛媛県","address_city":"松山市来住町","address_detail":"983-3","contact":null,"flood":null,"landslide":"1","storm_surge":"1","earthquake":"1","tsunami":"1","large_fire":null,"inland_flood":null,"volcano":null,"shelter_overlap":null,"capacity":"2900","capacity_basis":"1.0","notes":null,"changed":null,"new":null,"address":"愛媛県松山市来住町983-3","gsi_common_id":"E3820100642201","coordinate_join_method":"matched_by_id"}},{"type":"Feature","geometry":{"type":"Point","coordinates":[132.737183,33.88982834]},"properties":{"common_id":"E3820100648201","name":"和気公園","address_pref":"愛媛県","address_city":"松山市和気町","address_detail":"1-100","contact":null,"flood":null,"landslide":"1","storm_surge":null,"earthquake":"1","tsunami":null,"large_fire":null,"inland_flood":null,"volcano":null,"shelter_overlap":null,"capacity":"3400","capacity_basis":"1.0","notes":null,"changed":null,"new":null,"address":"愛媛県松山市和気町1-100","gsi_common_id":"E3820100648201","coordinate_join_method":"matched_by_id"}},{"type":"Feature","geometry":{"type":"Point","coordinates":[132.7361248,33.90127706]},"properties":{"common_id":"E3820100649201","name":"和気松原公園","address_pref":"愛媛県","address_city":"松山市和気町２－８０９－１外","address_detail":null,"contact":null,"flood":null,"landslide":"1","storm_surge":null,"earthquake":"1","tsunami":null,"large_fire":null,"inland_flood":null,"volcano":null,"shelter_overlap":null,"capacity":"1600","capacity_basis":"1.0","notes":null,"changed":null,"new":null,"address":"愛媛県松山市和気町２－８０９－１外","gsi_common_id":"E3820100649201","coordinate_join_method":"matched_by_id"}},{"type":"Feature","geometry":{"type":"Point","coordinates":[132.7343143,33.89687791]},"properties":{"common_id":"E3820100651201","name":"和気浜公園","address_pref":"愛媛県","address_city":"松山市和気町２－９８９－２外","address_detail":null,"contact":null,"flood":null,"landslide":"1","storm_surge":null,"earthquake":"1","tsunami":null,"large_fire":null,"inland_flood":null,"volcano":null,"shelter_overlap":null,"capacity":"1800","capacity_basis":"1.0","notes":null,"changed":null,"new":null,"address":"愛媛県松山市和気町２－９８９－２外","gsi_common_id":"E3820100651201","coordinate_join_method":"matched_by_id"}},{"type":"Feature","geometry":{"type":"Point","coordinates":[132.7672823,33.81857226]},"properties":{"common_id":"E3820100652201","name":"石井北小学校グラウンド","address_pref":"愛媛県","address_city":"松山市和泉南","address_detail":"1-3-32","contact":"(089)957-6300","flood":null,"landslide":"1","storm_surge":"1","earthquake":"1","tsunami":"1","large_fire":null,"inland_flood":null,"volcano":null,"shelter_overlap":"1","capacity":"6755","capacity_basis":"1.0","notes":null,"changed":null,"new":null,"address":"愛媛県松山市和泉南1-3-32","gsi_common_id":"E3820100652201","coordinate_join_method":"matched_by_id"}},{"type":"Feature","geometry":{"type":"Point","coordinates":[132.759143,33.815376]},"properties":{"common_id":"E3820100654201","name":"和泉南公園","address_pref":"愛媛県","address_city":"松山市和泉南","address_detail":"4-404","contact":null,"flood":null,"landslide":"1","storm_surge":"1","earthquake":"1","tsunami":"1","large_fire":null,"inland_flood":null,"volcano":null,"shelter_overlap":null,"capacity":"1400","capacity_basis":"1.0","notes":null,"changed":null,"new":null,"address":"愛媛県松山市和泉南4-404","gsi_common_id":"E3820100654201","coordinate_join_method":"matched_by_id"}},{"type":"Feature","geometry":{"type":"Point","coordinates":[132.7600288,33.81063935]},"properties":{"common_id":"E3820100655201","name":"椿小学校グラウンド","address_pref":"愛媛県","address_city":"松山市和泉南","address_detail":"6-1-47","contact":"(089)957-1430","flood":null,"landslide":"1","storm_surge":"1","earthquake":"1","tsunami":"1","large_fire":null,"inland_flood":null,"volcano":null,"shelter_overlap":"1","capacity":"9728","capacity_basis":"1.0","notes":null,"changed":null,"new":null,"address":"愛媛県松山市和泉南6-1-47","gsi_common_id":"E3820100655201","coordinate_join_method":"matched_by_id"}},{"type":"Feature","geometry":{"type":"Point","coordinates":[132.7566055,33.81917315]},"properties":{"common_id":"E3820100656201","name":"和泉公園","address_pref":"愛媛県","address_city":"松山市和泉北","address_detail":"3-669-2","contact":null,"flood":null,"landslide":"1","storm_surge":"1","earthquake":"1","tsunami":"1","large_fire":null,"inland_flood":null,"volcano":null,"shelter_overlap":null,"capacity":"1300","capacity_basis":"1.0","notes":null,"changed":null,"new":null,"address":"愛媛県松山市和泉北3-669-2","gsi_common_id":"E3820100656201","coordinate_join_method":"matched_by_id"}},{"type":"Feature","geometry":{"type":"Point","coordinates":[132.7202933,33.85889123]},"properties":{"common_id":"E3820100658201","name":"宮前小学校グラウンド","address_pref":"愛媛県","address_city":"松山市祓川","address_detail":"1-3-39","contact":"(089)951-0253","flood":null,"landslide":"1","storm_surge":null,"earthquake":"1","tsunami":null,"large_fire":null,"inland_flood":null,"volcano":null,"shelter_overlap":"1","capacity":"7774","capacity_basis":"1.0","notes":null,"changed":null,"new":null,"address":"愛媛県松山市祓川1-3-39","gsi_common_id":"E3820100658201","coordinate_join_method":"matched_by_id"}},{"type":"Feature","geometry":{"type":"Point","coordinates":[132.7209856,33.86043552]},"properties":{"common_id":"E3820100659201","name":"祓川公園","address_pref":"愛媛県","address_city":"松山市祓川","address_detail":"2-2065-86","contact":null,"flood":null,"landslide":"1","storm_surge":null,"earthquake":"1","tsunami":null,"large_fire":null,"inland_flood":null,"volcano":null,"shelter_overlap":null,"capacity":"1100","capacity_basis":"1.0","notes":null,"changed":null,"new":null,"address":"愛媛県松山市祓川2-2065-86","gsi_common_id":"E3820100659201","coordinate_join_method":"matched_by_id"}},{"type":"Feature","geometry":{"type":"Point","coordinates":[132.6051973,33.98420823]},"properties":{"common_id":"E3820100661201","name":"西中港多目的広場","address_pref":"愛媛県","address_city":"松山市饒甲","address_detail":"147-1","contact":null,"flood":"1","landslide":null,"storm_surge":null,"earthquake":"1","tsunami":"1","large_fire":null,"inland_flood":null,"volcano":null,"shelter_overlap":null,"capacity":"2496","capacity_basis":"1.0","notes":null,"changed":null,"new":null,"address":"愛媛県松山市饒甲147-1","gsi_common_id":"E3820100661201","coordinate_join_method":"matched_by_id"}},{"type":"Feature","geometry":{"type":"Point","coordinates":[132.627713,33.97391]},"properties":{"common_id":"E3820100672201","name":"中島こども園グラウンド","address_pref":"愛媛県","address_city":"松山市中島大浦","address_detail":"3021-1","contact":"(089)997-0101","flood":"1","landslide":"1","storm_surge":null,"earthquake":"1","tsunami":null,"large_fire":null,"inland_flood":null,"volcano":null,"shelter_overlap":"1","capacity":"746","capacity_basis":"1.0","notes":null,"changed":null,"new":null,"address":"愛媛県松山市中島大浦3021-1","gsi_common_id":"E3820100672201","coordinate_join_method":"matched_by_id"}},{"type":"Feature","geometry":{"type":"Point","coordinates":[132.818224,33.871712]},"properties":{"common_id":"E3820100673201","name":"湯の山東第１公園","address_pref":"愛媛県","address_city":"松山市湯の山東","address_detail":"1-8","contact":null,"flood":"1","landslide":"1","storm_surge":"1","earthquake":"1","tsunami":"1","large_fire":null,"inland_flood":null,"volcano":null,"shelter_overlap":null,"capacity":"1800","capacity_basis":"1.0","notes":null,"changed":null,"new":null,"address":"愛媛県松山市湯の山東1-8","gsi_common_id":"E3820100673201","coordinate_join_method":"matched_by_id"}},{"type":"Feature","geometry":{"type":"Point","coordinates":[132.770491,33.81498]},"properties":{"common_id":"E3820100674201","name":"西石井公園","address_pref":"愛媛県","address_city":"松山市西石井５－３１８－６外","address_detail":null,"contact":null,"flood":null,"landslide":"1","storm_surge":"1","earthquake":"1","tsunami":"1","large_fire":null,"inland_flood":null,"volcano":null,"shelter_overlap":null,"capacity":"2500","capacity_basis":"1.0","notes":null,"changed":null,"new":null,"address":"愛媛県松山市西石井５－３１８－６外","gsi_common_id":"E3820100674201","coordinate_join_method":"matched_by_id"}},{"type":"Feature","geometry":{"type":"Point","coordinates":[132.831415,33.771736]},"properties":{"common_id":"E3820100677201","name":"津吉さくら公園","address_pref":"愛媛県","address_city":"松山市津吉町","address_detail":"575-1","contact":"090-757-79934","flood":"1","landslide":"1","storm_surge":"1","earthquake":"1","tsunami":"1","large_fire":null,"inland_flood":null,"volcano":null,"shelter_overlap":null,"capacity":"2167","capacity_basis":"1.00","notes":null,"changed":null,"new":"１","address":"愛媛県松山市津吉町575-1","gsi_common_id":"E3820100677201","coordinate_join_method":"matched_by_id"}},{"type":"Feature","geometry":{"type":"Point","coordinates":[133.00495713717,34.062362040236]},"properties":{"common_id":"E3820200009201","name":"吹揚小学校運動場","address_pref":"愛媛県今治市黄金町3-3","address_city":null,"address_detail":null,"contact":"0898-22-0689","flood":null,"landslide":"1","storm_surge":null,"earthquake":null,"tsunami":null,"large_fire":null,"inland_flood":"1","volcano":null,"shelter_overlap":"1","capacity":"14074","capacity_basis":null,"notes":null,"changed":null,"new":null,"address":"愛媛県今治市黄金町3-3","gsi_common_id":"E3820200009201","coordinate_join_method":"matched_by_id"}},{"type":"Feature","geometry":{"type":"Point","coordinates":[132.99849360506,34.061959155636]},"properties":{"common_id":"E3820200164201","name":"旧日吉小学校運動場","address_pref":"愛媛県今治市南宝来町1-6-1","address_city":null,"address_detail":null,"contact":"0898-36-1611","flood":null,"landslide":"1","storm_surge":null,"earthquake":null,"tsunami":"1","large_fire":null,"inland_flood":null,"volcano":null,"shelter_overlap":"1","capacity":"15194","capacity_basis":null,"notes":null,"changed":null,"new":null,"address":"愛媛県今治市南宝来町1-6-1","gsi_common_id":"E3820200164201","coordinate_join_method":"matched_by_id"}},{"type":"Feature","geometry":{"type":"Point","coordinates":[133.01307179232,34.059755834434]},"properties":{"common_id":"E3820200156201","name":"旧城東小学校運動場","address_pref":"愛媛県今治市東門町4-3-16","address_city":null,"address_detail":null,"contact":"0898-36-1611","flood":null,"landslide":"1","storm_surge":null,"earthquake":null,"tsunami":null,"large_fire":null,"inland_flood":null,"volcano":null,"shelter_overlap":"1","capacity":"15362","capacity_basis":null,"notes":null,"changed":null,"new":null,"address":"愛媛県今治市東門町4-3-16","gsi_common_id":"E3820200156201","coordinate_join_method":"matched_by_id"}},{"type":"Feature","geometry":{"type":"Point","coordinates":[132.99219370745,34.071105771022]},"properties":{"common_id":"E3820200197201","name":"別宮小学校運動場","address_pref":"愛媛県今治市別宮町5-1-７","address_city":null,"address_detail":null,"contact":"0898-32-0688","flood":null,"landslide":"1","storm_surge":null,"earthquake":null,"tsunami":null,"large_fire":null,"inland_flood":"1","volcano":null,"shelter_overlap":"1","capacity":"15074","capacity_basis":null,"notes":null,"changed":null,"new":null,"address":"愛媛県今治市別宮町5-1-７","gsi_common_id":"E3820200197201","coordinate_join_method":"matched_by_id"}},{"type":"Feature","geometry":{"type":"Point","coordinates":[132.99316708506,34.072045704711]},"properties":{"common_id":"E3820200198201","name":"中央体育館駐車場","address_pref":"愛媛県今治市別宮町6-2-2","address_city":null,"address_detail":null,"contact":"0898-24-2351","flood":null,"landslide":"1","storm_surge":null,"earthquake":null,"tsunami":null,"large_fire":null,"inland_flood":"1","volcano":null,"shelter_overlap":"1","capacity":"16280","capacity_basis":null,"notes":null,"changed":null,"new":null,"address":"愛媛県今治市別宮町6-2-2","gsi_common_id":"E3820200198201","coordinate_join_method":"matched_by_id"}},{"type":"Feature","geometry":{"type":"Point","coordinates":[132.9803670484,34.069267460288]},"properties":{"common_id":"E3820200001201","name":"岡山理科大学今治キャンパスグラウンド","address_pref":"愛媛県今治市いこいの丘1-3","address_city":null,"address_detail":null,"contact":"0898-52-9000","flood":"1","landslide":"1","storm_surge":"1","earthquake":null,"tsunami":"1","large_fire":null,"inland_flood":"1","volcano":null,"shelter_overlap":"1","capacity":"16400","capacity_basis":null,"notes":null,"changed":null,"new":null,"address":"愛媛県今治市いこいの丘1-3","gsi_common_id":"E3820200001201","coordinate_join_method":"matched_by_id"}},{"type":"Feature","geometry":{"type":"Point","coordinates":[132.98966948318,34.059434287895]},"properties":{"common_id":"E3820200138201","name":"常盤小学校運動場","address_pref":"愛媛県今治市中日吉町2-6-55","address_city":null,"address_detail":null,"contact":"0898-22-0477","flood":null,"landslide":"1","storm_surge":"1","earthquake":null,"tsunami":"1","large_fire":null,"inland_flood":"1","volcano":null,"shelter_overlap":"1","capacity":"22758","capacity_basis":null,"notes":null,"changed":null,"new":null,"address":"愛媛県今治市中日吉町2-6-55","gsi_common_id":"E3820200138201","coordinate_join_method":"matched_by_id"}},{"type":"Feature","geometry":{"type":"Point","coordinates":[132.99280544853,34.061115815784]},"properties":{"common_id":"E3820200136201","name":"日吉中学校運動場","address_pref":"愛媛県今治市中日吉町1-3-70","address_city":null,"address_detail":null,"contact":"0898-22-0731","flood":null,"landslide":"1","storm_surge":"1","earthquake":null,"tsunami":"1","large_fire":null,"inland_flood":"1","volcano":null,"shelter_overlap":"1","capacity":"26478","capacity_basis":null,"notes":null,"changed":null,"new":null,"address":"愛媛県今治市中日吉町1-3-70","gsi_common_id":"E3820200136201","coordinate_join_method":"matched_by_id"}},{"type":"Feature","geometry":{"type":"Point","coordinates":[132.98874430012,34.065750192446]},"properties":{"common_id":"E3820200044201","name":"今治北高等学校運動場","address_pref":"愛媛県今治市宮下町2-2-14","address_city":null,"address_detail":null,"contact":"0898-32-2200","flood":"1","landslide":"1","storm_surge":null,"earthquake":null,"tsunami":"1","large_fire":null,"inland_flood":null,"volcano":null,"shelter_overlap":"1","capacity":"29078","capacity_basis":null,"notes":null,"changed":null,"new":null,"address":"愛媛県今治市宮下町2-2-14","gsi_common_id":"E3820200044201","coordinate_join_method":"matched_by_id"}},{"type":"Feature","geometry":{"type":"Point","coordinates":[132.9869488169,34.057704452805]},"properties":{"common_id":"E3820200139201","name":"今治西高等学校運動場","address_pref":"愛媛県今治市中日吉町3-5-47","address_city":null,"address_detail":null,"contact":"0898-32-5030","flood":null,"landslide":"1","storm_surge":"1","earthquake":null,"tsunami":"1","large_fire":null,"inland_flood":"1","volcano":null,"shelter_overlap":"1","capacity":"33260","capacity_basis":null,"notes":null,"changed":null,"new":null,"address":"愛媛県今治市中日吉町3-5-47","gsi_common_id":"E3820200139201","coordinate_join_method":"matched_by_id"}},{"type":"Feature","geometry":{"type":"Point","coordinates":[132.989034662,34.055079729477]},"properties":{"common_id":"E3820200110201","name":"今治南高等学校運動場","address_pref":"愛媛県今治市常盤町7-2-17","address_city":null,"address_detail":null,"contact":"0898-22-0017","flood":null,"landslide":"1","storm_surge":"1","earthquake":null,"tsunami":"1","large_fire":null,"inland_flood":null,"volcano":null,"shelter_overlap":"1","capacity":"27632","capacity_basis":null,"notes":null,"changed":null,"new":null,"address":"愛媛県今治市常盤町7-2-17","gsi_common_id":"E3820200110201","coordinate_join_method":"matched_by_id"}},{"type":"Feature","geometry":{"type":"Point","coordinates":[132.98556874107,34.089641261069]},"properties":{"common_id":"E3820200068201","name":"近見小学校運動場","address_pref":"愛媛県今治市近見町1-5-1","address_city":null,"address_detail":null,"contact":"0898-22-0258","flood":"1","landslide":"1","storm_surge":"1","earthquake":null,"tsunami":"1","large_fire":null,"inland_flood":"1","volcano":null,"shelter_overlap":"1","capacity":"13690","capacity_basis":null,"notes":null,"changed":null,"new":null,"address":"愛媛県今治市近見町1-5-1","gsi_common_id":"E3820200068201","coordinate_join_method":"matched_by_id"}},{"type":"Feature","geometry":{"type":"Point","coordinates":[132.98198982073,34.086427661058]},"properties":{"common_id":"E3820200070201","name":"近見中学校運動場","address_pref":"愛媛県今治市近見町4-2-57","address_city":null,"address_detail":null,"contact":"0898-22-1094","flood":"1","landslide":"1","storm_surge":"1","earthquake":null,"tsunami":"1","large_fire":null,"inland_flood":"1","volcano":null,"shelter_overlap":"1","capacity":"19044","capacity_basis":null,"notes":null,"changed":null,"new":null,"address":"愛媛県今治市近見町4-2-57","gsi_common_id":"E3820200070201","coordinate_join_method":"matched_by_id"}},{"type":"Feature","geometry":{"type":"Point","coordinates":[132.980121,34.098895]},"properties":{"common_id":"E3820200132201","name":"来島海峡サービスエリア管理用駐車場","address_pref":"愛媛県今治市大浜町２丁目丙５１０－３他","address_city":null,"address_detail":null,"contact":"0898-36-1558","flood":"1","landslide":"1","storm_surge":"1","earthquake":null,"tsunami":"1","large_fire":null,"inland_flood":null,"volcano":null,"shelter_overlap":null,"capacity":"830","capacity_basis":null,"notes":null,"changed":null,"new":null,"address":"愛媛県今治市大浜町２丁目丙５１０－３他","gsi_common_id":"E3820200132201","coordinate_join_method":"matched_by_id"}},{"type":"Feature","geometry":{"type":"Point","coordinates":[133.0014231943,34.047840846123]},"properties":{"common_id":"E3820200216201","name":"立花小学校運動場","address_pref":"愛媛県今治市立花町4-3-45","address_city":null,"address_detail":null,"contact":"0898-22-0185","flood":null,"landslide":"1","storm_surge":"1","earthquake":null,"tsunami":"1","large_fire":null,"inland_flood":"1","volcano":null,"shelter_overlap":"1","capacity":"13748","capacity_basis":null,"notes":null,"changed":null,"new":null,"address":"愛媛県今治市立花町4-3-45","gsi_common_id":"E3820200216201","coordinate_join_method":"matched_by_id"}},{"type":"Feature","geometry":{"type":"Point","coordinates":[132.99733837216,34.049876124991]},"properties":{"common_id":"E3820200215201","name":"立花中学校運動場","address_pref":"愛媛県今治市立花町2-8-7","address_city":null,"address_detail":null,"contact":"0898-32-1095","flood":null,"landslide":"1","storm_surge":"1","earthquake":null,"tsunami":"1","large_fire":null,"inland_flood":null,"volcano":null,"shelter_overlap":"1","capacity":"20302","capacity_basis":null,"notes":null,"changed":null,"new":null,"address":"愛媛県今治市立花町2-8-7","gsi_common_id":"E3820200215201","coordinate_join_method":"matched_by_id"}},{"type":"Feature","geometry":{"type":"Point","coordinates":[132.9956388548,34.051639237263]},"properties":{"common_id":"E3820200010201","name":"今治工業高等学校運動場","address_pref":"愛媛県今治市河南町1-1-36","address_city":null,"address_detail":null,"contact":"0898-22-0342","flood":null,"landslide":"1","storm_surge":"1","earthquake":null,"tsunami":"1","large_fire":null,"inland_flood":"1","volcano":null,"shelter_overlap":"1","capacity":"32562","capacity_basis":null,"notes":null,"changed":null,"new":null,"address":"愛媛県今治市河南町1-1-36","gsi_common_id":"E3820200010201","coordinate_join_method":"matched_by_id"}},{"type":"Feature","geometry":{"type":"Point","coordinates":[133.01339672604,34.048546012585]},"properties":{"common_id":"E3820200158201","name":"鳥生小学校運動場","address_pref":"愛媛県今治市南高下町3-3-71","address_city":null,"address_detail":null,"contact":"0898-33-1221","flood":null,"landslide":"1","storm_surge":null,"earthquake":null,"tsunami":null,"large_fire":null,"inland_flood":"1","volcano":null,"shelter_overlap":"1","capacity":"24856","capacity_basis":null,"notes":null,"changed":null,"new":null,"address":"愛媛県今治市南高下町3-3-71","gsi_common_id":"E3820200158201","coordinate_join_method":"matched_by_id"}},{"type":"Feature","geometry":{"type":"Point","coordinates":[133.0344837863,34.016733481544]},"properties":{"common_id":"E3820200051201","name":"桜井小学校運動場","address_pref":"愛媛県今治市郷桜井1-8-26","address_city":null,"address_detail":null,"contact":"0898-48-0217","flood":"1","landslide":"1","storm_surge":null,"earthquake":null,"tsunami":"1","large_fire":null,"inland_flood":null,"volcano":null,"shelter_overlap":"1","capacity":"18382","capacity_basis":null,"notes":null,"changed":null,"new":null,"address":"愛媛県今治市郷桜井1-8-26","gsi_common_id":"E3820200051201","coordinate_join_method":"matched_by_id"}},{"type":"Feature","geometry":{"type":"Point","coordinates":[133.0332070548,34.016773499385]},"properties":{"common_id":"E3820200052201","name":"桜井中学校運動場","address_pref":"愛媛県今治市郷桜井1-8-8","address_city":null,"address_detail":null,"contact":"0898-48-0150","flood":"1","landslide":"1","storm_surge":null,"earthquake":null,"tsunami":"1","large_fire":null,"inland_flood":null,"volcano":null,"shelter_overlap":"1","capacity":"16998","capacity_basis":null,"notes":null,"changed":null,"new":null,"address":"愛媛県今治市郷桜井1-8-8","gsi_common_id":"E3820200052201","coordinate_join_method":"matched_by_id"}},{"type":"Feature","geometry":{"type":"Point","coordinates":[133.01439390494,34.02328567049]},"properties":{"common_id":"E3820200086201","name":"愛媛中央産業技術専門校運動場","address_pref":"愛媛県今治市桜井団地4-1-1","address_city":null,"address_detail":null,"contact":"0898-48-0525","flood":"1","landslide":"1","storm_surge":"1","earthquake":null,"tsunami":"1","large_fire":null,"inland_flood":null,"volcano":null,"shelter_overlap":"1","capacity":"17380","capacity_basis":null,"notes":null,"changed":null,"new":null,"address":"愛媛県今治市桜井団地4-1-1","gsi_common_id":"E3820200086201","coordinate_join_method":"matched_by_id"}},{"type":"Feature","geometry":{"type":"Point","coordinates":[133.03499741402,34.02325917699]},"properties":{"common_id":"E3820200082201","name":"今治東中等教育学校運動場","address_pref":"愛媛県今治市桜井2-9-1","address_city":null,"address_detail":null,"contact":"0898-47-3630","flood":"1","landslide":"1","storm_surge":"1","earthquake":null,"tsunami":"1","large_fire":null,"inland_flood":"1","volcano":null,"shelter_overlap":"1","capacity":"54200","capacity_basis":null,"notes":null,"changed":null,"new":null,"address":"愛媛県今治市桜井2-9-1","gsi_common_id":"E3820200082201","coordinate_join_method":"matched_by_id"}},{"type":"Feature","geometry":{"type":"Point","coordinates":[133.0459025421,34.012080320851]},"properties":{"common_id":"E3820200085201","name":"今治特別支援学校運動場","address_pref":"愛媛県今治市桜井乙32-313","address_city":null,"address_detail":null,"contact":"0898-47-0355","flood":"1","landslide":"1","storm_surge":"1","earthquake":null,"tsunami":"1","large_fire":null,"inland_flood":null,"volcano":null,"shelter_overlap":null,"capacity":"21600","capacity_basis":null,"notes":null,"changed":null,"new":null,"address":"愛媛県今治市桜井乙32-313","gsi_common_id":"E3820200085201","coordinate_join_method":"matched_by_id"}},{"type":"Feature","geometry":{"type":"Point","coordinates":[133.03162716872,34.032955942882]},"properties":{"common_id":"E3820200073201","name":"国分小学校運動場","address_pref":"愛媛県今治市古国分2-7-1","address_city":null,"address_detail":null,"contact":"0898-47-2050","flood":"1","landslide":"1","storm_surge":"1","earthquake":null,"tsunami":"1","large_fire":null,"inland_flood":"1","volcano":null,"shelter_overlap":"1","capacity":"20974","capacity_basis":null,"notes":null,"changed":null,"new":null,"address":"愛媛県今治市古国分2-7-1","gsi_common_id":"E3820200073201","coordinate_join_method":"matched_by_id"}},{"type":"Feature","geometry":{"type":"Point","coordinates":[133.01353430234,34.033904318073]},"properties":{"common_id":"E3820200107201","name":"富田小学校運動場","address_pref":"愛媛県今治市上徳甲394-4","address_city":null,"address_detail":null,"contact":"0898-48-6169","flood":"1","landslide":"1","storm_surge":"1","earthquake":null,"tsunami":"1","large_fire":null,"inland_flood":"1","volcano":null,"shelter_overlap":"1","capacity":"13370","capacity_basis":null,"notes":null,"changed":null,"new":null,"address":"愛媛県今治市上徳甲394-4","gsi_common_id":"E3820200107201","coordinate_join_method":"matched_by_id"}},{"type":"Feature","geometry":{"type":"Point","coordinates":[133.00078413913,34.031183380753]},"properties":{"common_id":"E3820200096201","name":"南中学校運動場","address_pref":"愛媛県今治市松木349-1","address_city":null,"address_detail":null,"contact":"0898-48-2546","flood":null,"landslide":"1","storm_surge":"1","earthquake":null,"tsunami":"1","large_fire":null,"inland_flood":null,"volcano":null,"shelter_overlap":"1","capacity":"14066","capacity_basis":null,"notes":null,"changed":null,"new":null,"address":"愛媛県今治市松木349-1","gsi_common_id":"E3820200096201","coordinate_join_method":"matched_by_id"}},{"type":"Feature","geometry":{"type":"Point","coordinates":[132.99863249675,34.020880874922]},"properties":{"common_id":"E3820200149201","name":"バリクリーン（今治市クリーンセンター）駐車場","address_pref":"愛媛県今治市町谷甲394番地","address_city":null,"address_detail":null,"contact":"0898-48-3601","flood":"1","landslide":"1","storm_surge":"1","earthquake":null,"tsunami":"1","large_fire":null,"inland_flood":"1","volcano":null,"shelter_overlap":"1","capacity":"42800","capacity_basis":null,"notes":null,"changed":null,"new":null,"address":"愛媛県今治市町谷甲394番地","gsi_common_id":"E3820200149201","coordinate_join_method":"matched_by_id"}},{"type":"Feature","geometry":{"type":"Point","coordinates":[132.98450628229,34.032769979085]},"properties":{"common_id":"E3820200076201","name":"清水小学校運動場","address_pref":"愛媛県今治市五十嵐甲13-3","address_city":null,"address_detail":null,"contact":"0898-22-2556","flood":null,"landslide":"1","storm_surge":"1","earthquake":null,"tsunami":"1","large_fire":null,"inland_flood":"1","volcano":null,"shelter_overlap":"1","capacity":"17356","capacity_basis":null,"notes":null,"changed":null,"new":null,"address":"愛媛県今治市五十嵐甲13-3","gsi_common_id":"E3820200076201","coordinate_join_method":"matched_by_id"}},{"type":"Feature","geometry":{"type":"Point","coordinates":[132.97629128928,34.045698887365]},"properties":{"common_id":"E3820200202201","name":"日高小学校運動場","address_pref":"愛媛県今治市別名446-2","address_city":null,"address_detail":null,"contact":"0898-22-2548","flood":null,"landslide":"1","storm_surge":"1","earthquake":null,"tsunami":"1","large_fire":null,"inland_flood":"1","volcano":null,"shelter_overlap":"1","capacity":"15670","capacity_basis":null,"notes":null,"changed":null,"new":null,"address":"愛媛県今治市別名446-2","gsi_common_id":"E3820200202201","coordinate_join_method":"matched_by_id"}},{"type":"Feature","geometry":{"type":"Point","coordinates":[132.9802971,34.05567545]},"properties":{"common_id":"E3820200179201","name":"イオン今治店駐車場","address_pref":"愛媛県今治市馬越町4-8-1","address_city":null,"address_detail":null,"contact":"0898-25-3131","flood":null,"landslide":"1","storm_surge":"1","earthquake":null,"tsunami":"1","large_fire":null,"inland_flood":"1","volcano":null,"shelter_overlap":null,"capacity":"24000","capacity_basis":null,"notes":null,"changed":null,"new":null,"address":"愛媛県今治市馬越町4-8-1","gsi_common_id":"E3820200179201","coordinate_join_method":"matched_by_id"}},{"type":"Feature","geometry":{"type":"Point","coordinates":[132.96212991587,34.044118839969]},"properties":{"common_id":"E3820200002201","name":"イオンモール今治新都市駐車場","address_pref":"愛媛県今治市にぎわい広場1番地1","address_city":null,"address_detail":null,"contact":"0898-34-3701","flood":"1","landslide":"1","storm_surge":"1","earthquake":null,"tsunami":"1","large_fire":null,"inland_flood":"1","volcano":null,"shelter_overlap":null,"capacity":"204874","capacity_basis":null,"notes":null,"changed":null,"new":null,"address":"愛媛県今治市にぎわい広場1番地1","gsi_common_id":"E3820200002201","coordinate_join_method":"matched_by_id"}},{"type":"Feature","geometry":{"type":"Point","coordinates":[132.97655944091,34.057796396354]},"properties":{"common_id":"E3820200087201","name":"西中学校運動場","address_pref":"愛媛県今治市山路554-3","address_city":null,"address_detail":null,"contact":"0898-22-0411","flood":"1","landslide":"1","storm_surge":"1","earthquake":null,"tsunami":"1","large_fire":null,"inland_flood":"1","volcano":null,"shelter_overlap":"1","capacity":"18884","capacity_basis":null,"notes":null,"changed":null,"new":null,"address":"愛媛県今治市山路554-3","gsi_common_id":"E3820200087201","coordinate_join_method":"matched_by_id"}},{"type":"Feature","geometry":{"type":"Point","coordinates":[132.95758400433,34.064290819505]},"properties":{"common_id":"E3820200005201","name":"乃万小学校運動場","address_pref":"愛媛県今治市延喜甲349","address_city":null,"address_detail":null,"contact":"0898-32-2569","flood":"1","landslide":"1","storm_surge":"1","earthquake":null,"tsunami":"1","large_fire":null,"inland_flood":null,"volcano":null,"shelter_overlap":"1","capacity":"10084","capacity_basis":null,"notes":null,"changed":null,"new":null,"address":"愛媛県今治市延喜甲349","gsi_common_id":"E3820200005201","coordinate_join_method":"matched_by_id"}},{"type":"Feature","geometry":{"type":"Point","coordinates":[132.96852310395,34.060418738563]},"properties":{"common_id":"E3820200214201","name":"今治明徳短期大学運動場","address_pref":"愛媛県今治市矢田甲688","address_city":null,"address_detail":null,"contact":"0898-22-7279","flood":"1","landslide":"1","storm_surge":"1","earthquake":null,"tsunami":"1","large_fire":null,"inland_flood":null,"volcano":null,"shelter_overlap":"1","capacity":"19160","capacity_basis":null,"notes":null,"changed":null,"new":null,"address":"愛媛県今治市矢田甲688","gsi_common_id":"E3820200214201","coordinate_join_method":"matched_by_id"}},{"type":"Feature","geometry":{"type":"Point","coordinates":[132.9652087498,34.105685249616]},"properties":{"common_id":"E3820200134201","name":"波止浜小学校運動場","address_pref":"愛媛県今治市地堀1-3-40","address_city":null,"address_detail":null,"contact":"0898-41-9049","flood":"1","landslide":"1","storm_surge":null,"earthquake":null,"tsunami":null,"large_fire":null,"inland_flood":null,"volcano":null,"shelter_overlap":"1","capacity":"13484","capacity_basis":null,"notes":null,"changed":null,"new":null,"address":"愛媛県今治市地堀1-3-40","gsi_common_id":"E3820200134201","coordinate_join_method":"matched_by_id"}},{"type":"Feature","geometry":{"type":"Point","coordinates":[132.95842273811,34.100827279917]},"properties":{"common_id":"E3820200140201","name":"北郷中学校運動場","address_pref":"愛媛県今治市中堀4-1-1","address_city":null,"address_detail":null,"contact":"0898-41-9051","flood":"1","landslide":"1","storm_surge":null,"earthquake":null,"tsunami":"1","large_fire":null,"inland_flood":null,"volcano":null,"shelter_overlap":"1","capacity":"24336","capacity_basis":null,"notes":null,"changed":null,"new":null,"address":"愛媛県今治市中堀4-1-1","gsi_common_id":"E3820200140201","coordinate_join_method":"matched_by_id"}},{"type":"Feature","geometry":{"type":"Point","coordinates":[133.01685474333,33.997503431234]},"properties":{"common_id":"E3820200145201","name":"朝倉中学校運動場","address_pref":"愛媛県今治市朝倉北甲273","address_city":null,"address_detail":null,"contact":"0898-56-2016","flood":null,"landslide":"1","storm_surge":"1","earthquake":null,"tsunami":"1","large_fire":null,"inland_flood":null,"volcano":null,"shelter_overlap":"1","capacity":"32448","capacity_basis":null,"notes":null,"changed":null,"new":null,"address":"愛媛県今治市朝倉北甲273","gsi_common_id":"E3820200145201","coordinate_join_method":"matched_by_id"}},{"type":"Feature","geometry":{"type":"Point","coordinates":[133.01643244406,33.998718401493]},"properties":{"common_id":"E3820200146201","name":"朝倉小学校運動場","address_pref":"愛媛県今治市朝倉北甲281","address_city":null,"address_detail":null,"contact":"0898-56-2004","flood":null,"landslide":"1","storm_surge":"1","earthquake":null,"tsunami":"1","large_fire":null,"inland_flood":null,"volcano":null,"shelter_overlap":"1","capacity":"6600","capacity_basis":null,"notes":null,"changed":null,"new":null,"address":"愛媛県今治市朝倉北甲281","gsi_common_id":"E3820200146201","coordinate_join_method":"matched_by_id"}},{"type":"Feature","geometry":{"type":"Point","coordinates":[132.94351096202,34.018373504779]},"properties":{"common_id":"E3820200056201","name":"玉川中学校運動場","address_pref":"愛媛県今治市玉川町高野甲21","address_city":null,"address_detail":null,"contact":"0898-55-2019","flood":"1","landslide":null,"storm_surge":"1","earthquake":null,"tsunami":"1","large_fire":null,"inland_flood":null,"volcano":null,"shelter_overlap":"1","capacity":"15858","capacity_basis":null,"notes":null,"changed":null,"new":null,"address":"愛媛県今治市玉川町高野甲21","gsi_common_id":"E3820200056201","coordinate_join_method":"matched_by_id"}},{"type":"Feature","geometry":{"type":"Point","coordinates":[132.95620811919,34.022131802297]},"properties":{"common_id":"E3820200062201","name":"鴨部小学校運動場","address_pref":"愛媛県今治市玉川町中村甲574-1","address_city":null,"address_detail":null,"contact":"0898-55-2115","flood":"1","landslide":null,"storm_surge":"1","earthquake":null,"tsunami":"1","large_fire":null,"inland_flood":null,"volcano":null,"shelter_overlap":"1","capacity":"10130","capacity_basis":null,"notes":null,"changed":null,"new":null,"address":"愛媛県今治市玉川町中村甲574-1","gsi_common_id":"E3820200062201","coordinate_join_method":"matched_by_id"}},{"type":"Feature","geometry":{"type":"Point","coordinates":[132.93850650308,34.021196986018]},"properties":{"common_id":"E3820200060201","name":"九和小学校運動場","address_pref":"愛媛県今治市玉川町摺木甲71-1","address_city":null,"address_detail":null,"contact":"0898-55-2117","flood":"1","landslide":"1","storm_surge":"1","earthquake":null,"tsunami":"1","large_fire":null,"inland_flood":null,"volcano":null,"shelter_overlap":"1","capacity":"14262","capacity_basis":null,"notes":null,"changed":null,"new":null,"address":"愛媛県今治市玉川町摺木甲71-1","gsi_common_id":"E3820200060201","coordinate_join_method":"matched_by_id"}},{"type":"Feature","geometry":{"type":"Point","coordinates":[132.95740403982,33.986093566997]},"properties":{"common_id":"E3820200063201","name":"鈍川収蔵庫（旧鈍川小学校運動場）","address_pref":"愛媛県今治市玉川町鈍川丙226","address_city":null,"address_detail":null,"contact":"0898-55-2211","flood":"1","landslide":null,"storm_surge":"1","earthquake":null,"tsunami":"1","large_fire":null,"inland_flood":null,"volcano":null,"shelter_overlap":"1","capacity":"8336","capacity_basis":null,"notes":null,"changed":null,"new":null,"address":"愛媛県今治市玉川町鈍川丙226","gsi_common_id":"E3820200063201","coordinate_join_method":"matched_by_id"}},{"type":"Feature","geometry":{"type":"Point","coordinates":[132.9365953,34.02173087]},"properties":{"common_id":"E3820200059201","name":"玉川総合公園運動場多目的広場","address_pref":"愛媛県今治市玉川町摺木甲108","address_city":null,"address_detail":null,"contact":"0898-55-4656","flood":"1","landslide":null,"storm_surge":"1","earthquake":null,"tsunami":"1","large_fire":null,"inland_flood":null,"volcano":null,"shelter_overlap":"1","capacity":"30204","capacity_basis":null,"notes":null,"changed":null,"new":null,"address":"愛媛県今治市玉川町摺木甲108","gsi_common_id":"E3820200059201","coordinate_join_method":"matched_by_id"}},{"type":"Feature","geometry":{"type":"Point","coordinates":[132.94609660433,34.104581507225]},"properties":{"common_id":"E3820200178201","name":"波方小学校運動場","address_pref":"愛媛県今治市波方町養老甲803-1","address_city":null,"address_detail":null,"contact":"0898-41-9122","flood":null,"landslide":null,"storm_surge":"1","earthquake":null,"tsunami":"1","large_fire":null,"inland_flood":null,"volcano":null,"shelter_overlap":"1","capacity":"18650","capacity_basis":null,"notes":null,"changed":null,"new":null,"address":"愛媛県今治市波方町養老甲803-1","gsi_common_id":"E3820200178201","coordinate_join_method":"matched_by_id"}},{"type":"Feature","geometry":{"type":"Point","coordinates":[132.9491112,34.10386671]},"properties":{"common_id":"E3820200170201","name":"波方公園運動場多目的広場","address_pref":"愛媛県今治市波方町樋口乙730","address_city":null,"address_detail":null,"contact":"0898-41-5598","flood":null,"landslide":null,"storm_surge":"1","earthquake":null,"tsunami":"1","large_fire":null,"inland_flood":"1","volcano":null,"shelter_overlap":"1","capacity":"21400","capacity_basis":null,"notes":null,"changed":null,"new":null,"address":"愛媛県今治市波方町樋口乙730","gsi_common_id":"E3820200170201","coordinate_join_method":"matched_by_id"}},{"type":"Feature","geometry":{"type":"Point","coordinates":[132.95638557219,34.118506751166]},"properties":{"common_id":"E3820200167201","name":"国立波方海上技術短期大学校運動場","address_pref":"愛媛県今治市波方町波方甲1634-1","address_city":null,"address_detail":null,"contact":"0898-41-9640","flood":null,"landslide":null,"storm_surge":"1","earthquake":null,"tsunami":"1","large_fire":null,"inland_flood":null,"volcano":null,"shelter_overlap":"1","capacity":"7200","capacity_basis":null,"notes":null,"changed":null,"new":null,"address":"愛媛県今治市波方町波方甲1634-1","gsi_common_id":"E3820200167201","coordinate_join_method":"matched_by_id"}},{"type":"Feature","geometry":{"type":"Point","coordinates":[132.92667472217,34.066117792188]},"properties":{"common_id":"E3820200126201","name":"大西中学校運動場","address_pref":"愛媛県今治市大西町九王甲 2280-1","address_city":null,"address_detail":null,"contact":"0898-53-2038","flood":null,"landslide":"1","storm_surge":null,"earthquake":null,"tsunami":null,"large_fire":null,"inland_flood":null,"volcano":null,"shelter_overlap":"1","capacity":"23918","capacity_basis":null,"notes":null,"changed":null,"new":null,"address":"愛媛県今治市大西町九王甲 2280-1","gsi_common_id":"E3820200126201","coordinate_join_method":"matched_by_id"}},{"type":"Feature","geometry":{"type":"Point","coordinates":[132.92317725954,34.063453533318]},"properties":{"common_id":"E3820200131201","name":"大西小学校運動場","address_pref":"愛媛県今治市大西町大井浜103","address_city":null,"address_detail":null,"contact":"0898-53-2037","flood":null,"landslide":"1","storm_surge":null,"earthquake":null,"tsunami":null,"large_fire":null,"inland_flood":"1","volcano":null,"shelter_overlap":"1","capacity":"9116","capacity_basis":null,"notes":null,"changed":null,"new":null,"address":"愛媛県今治市大西町大井浜103","gsi_common_id":"E3820200131201","coordinate_join_method":"matched_by_id"}},{"type":"Feature","geometry":{"type":"Point","coordinates":[132.9299738,34.06088394]},"properties":{"common_id":"E3820200123201","name":"藤山健康文化公園","address_pref":"愛媛県今治市大西町宮脇乙579-1","address_city":null,"address_detail":null,"contact":"0898-53-2313","flood":null,"landslide":"1","storm_surge":"1","earthquake":null,"tsunami":"1","large_fire":null,"inland_flood":"1","volcano":null,"shelter_overlap":"1","capacity":"22704","capacity_basis":null,"notes":null,"changed":null,"new":null,"address":"愛媛県今治市大西町宮脇乙579-1","gsi_common_id":"E3820200123201","coordinate_join_method":"matched_by_id"}},{"type":"Feature","geometry":{"type":"Point","coordinates":[132.87327556571,34.054804644484]},"properties":{"common_id":"E3820200025201","name":"亀岡小学校運動場","address_pref":"愛媛県今治市菊間町種52","address_city":null,"address_detail":null,"contact":"0898-54-2163","flood":null,"landslide":"1","storm_surge":null,"earthquake":null,"tsunami":null,"large_fire":null,"inland_flood":null,"volcano":null,"shelter_overlap":"1","capacity":"7800","capacity_basis":null,"notes":null,"changed":null,"new":null,"address":"愛媛県今治市菊間町種52","gsi_common_id":"E3820200025201","coordinate_join_method":"matched_by_id"}},{"type":"Feature","geometry":{"type":"Point","coordinates":[132.85243636118,34.032019549215]},"properties":{"common_id":"E3820200031201","name":"菊間中学校運動場","address_pref":"愛媛県今治市菊間町浜2628-1","address_city":null,"address_detail":null,"contact":"0898-54-2069","flood":null,"landslide":null,"storm_surge":"1","earthquake":null,"tsunami":"1","large_fire":null,"inland_flood":null,"volcano":null,"shelter_overlap":"1","capacity":"30806","capacity_basis":null,"notes":null,"changed":null,"new":null,"address":"愛媛県今治市菊間町浜2628-1","gsi_common_id":"E3820200031201","coordinate_join_method":"matched_by_id"}},{"type":"Feature","geometry":{"type":"Point","coordinates":[132.8459223543,34.032576013104]},"properties":{"common_id":"E3820200028201","name":"菊間小学校運動場","address_pref":"愛媛県今治市菊間町長坂2000-1","address_city":null,"address_detail":null,"contact":"0898-54-2025","flood":null,"landslide":"1","storm_surge":"1","earthquake":null,"tsunami":"1","large_fire":null,"inland_flood":null,"volcano":null,"shelter_overlap":"1","capacity":"14228","capacity_basis":null,"notes":null,"changed":null,"new":null,"address":"愛媛県今治市菊間町長坂2000-1","gsi_common_id":"E3820200028201","coordinate_join_method":"matched_by_id"}},{"type":"Feature","geometry":{"type":"Point","coordinates":[132.862483,34.03230634]},"properties":{"common_id":"E3820200026201","name":"菊間緑の広場公園運動場多目的広場","address_pref":"愛媛県今治市菊間町池原1463-2","address_city":null,"address_detail":null,"contact":"0898-54-5730","flood":null,"landslide":"1","storm_surge":"1","earthquake":null,"tsunami":"1","large_fire":null,"inland_flood":null,"volcano":null,"shelter_overlap":"1","capacity":"27106","capacity_basis":null,"notes":null,"changed":null,"new":null,"address":"愛媛県今治市菊間町池原1463-2","gsi_common_id":"E3820200026201","coordinate_join_method":"matched_by_id"}},{"type":"Feature","geometry":{"type":"Point","coordinates":[133.04085742817,34.144485743094]},"properties":{"common_id":"E3820200038201","name":"吉海小学校運動場","address_pref":"愛媛県今治市吉海町八幡157","address_city":null,"address_detail":null,"contact":"0897-84-2609","flood":null,"landslide":"1","storm_surge":null,"earthquake":null,"tsunami":null,"large_fire":null,"inland_flood":null,"volcano":null,"shelter_overlap":"1","capacity":"10962","capacity_basis":null,"notes":null,"changed":null,"new":null,"address":"愛媛県今治市吉海町八幡157","gsi_common_id":"E3820200038201","coordinate_join_method":"matched_by_id"}},{"type":"Feature","geometry":{"type":"Point","coordinates":[133.04100998724,34.133331433259]},"properties":{"common_id":"E3820200040201","name":"旧吉海老人福祉センター駐車場","address_pref":"愛媛県今治市吉海町名1466","address_city":null,"address_detail":null,"contact":"0897-84-4110","flood":null,"landslide":"1","storm_surge":"1","earthquake":null,"tsunami":"1","large_fire":null,"inland_flood":null,"volcano":null,"shelter_overlap":"1","capacity":"800","capacity_basis":null,"notes":null,"changed":null,"new":null,"address":"愛媛県今治市吉海町名1466","gsi_common_id":"E3820200040201","coordinate_join_method":"matched_by_id"}},{"type":"Feature","geometry":{"type":"Point","coordinates":[133.06470115463,34.155986699201]},"properties":{"common_id":"E3820200036201","name":"大島バスストップ入口","address_pref":"愛媛県今治市吉海町仁江６７８他","address_city":null,"address_detail":null,"contact":"0898-36-1558","flood":null,"landslide":"1","storm_surge":"1","earthquake":null,"tsunami":"1","large_fire":null,"inland_flood":null,"volcano":null,"shelter_overlap":null,"capacity":"3640","capacity_basis":null,"notes":null,"changed":null,"new":null,"address":"愛媛県今治市吉海町仁江６７８他","gsi_common_id":"E3820200036201","coordinate_join_method":"matched_by_id"}},{"type":"Feature","geometry":{"type":"Point","coordinates":[133.0723354313,34.172003719082]},"properties":{"common_id":"E3820200050201","name":"宮窪小学校運動場","address_pref":"愛媛県今治市宮窪町宮窪4765","address_city":null,"address_detail":null,"contact":"0897-86-2117","flood":null,"landslide":null,"storm_surge":"1","earthquake":null,"tsunami":"1","large_fire":null,"inland_flood":null,"volcano":null,"shelter_overlap":"1","capacity":"11000","capacity_basis":null,"notes":null,"changed":null,"new":null,"address":"愛媛県今治市宮窪町宮窪4765","gsi_common_id":"E3820200050201","coordinate_join_method":"matched_by_id"}},{"type":"Feature","geometry":{"type":"Point","coordinates":[133.06967228616,34.159363535302]},"properties":{"common_id":"E3820200049201","name":"宮窪石文化運動公園野球場","address_pref":"愛媛県今治市宮窪町宮窪3546","address_city":null,"address_detail":null,"contact":"0897-86-2456","flood":null,"landslide":"1","storm_surge":"1","earthquake":null,"tsunami":"1","large_fire":null,"inland_flood":null,"volcano":null,"shelter_overlap":"1","capacity":"30000","capacity_basis":null,"notes":null,"changed":null,"new":null,"address":"愛媛県今治市宮窪町宮窪3546","gsi_common_id":"E3820200049201","coordinate_join_method":"matched_by_id"}},{"type":"Feature","geometry":{"type":"Point","coordinates":[133.08787284674,34.168617938568]},"properties":{"common_id":"E3820200045201","name":"村上海賊ミュージアム駐車場","address_pref":"愛媛県今治市宮窪町宮窪1285","address_city":null,"address_detail":null,"contact":"0897-74-1065","flood":null,"landslide":"1","storm_surge":"1","earthquake":null,"tsunami":"1","large_fire":null,"inland_flood":null,"volcano":null,"shelter_overlap":"1","capacity":"6000","capacity_basis":null,"notes":null,"changed":null,"new":null,"address":"愛媛県今治市宮窪町宮窪1285","gsi_common_id":"E3820200045201","coordinate_join_method":"matched_by_id"}},{"type":"Feature","geometry":{"type":"Point","coordinates":[133.10662003955,34.212595099939]},"properties":{"common_id":"E3820200191201","name":"伯方中学校運動場","address_pref":"愛媛県今治市伯方町木浦甲4134-1","address_city":null,"address_detail":null,"contact":"0897-72-1055","flood":null,"landslide":null,"storm_surge":"1","earthquake":null,"tsunami":"1","large_fire":null,"inland_flood":null,"volcano":null,"shelter_overlap":"1","capacity":"29868","capacity_basis":null,"notes":null,"changed":null,"new":null,"address":"愛媛県今治市伯方町木浦甲4134-1","gsi_common_id":"E3820200191201","coordinate_join_method":"matched_by_id"}},{"type":"Feature","geometry":{"type":"Point","coordinates":[133.11161472778,34.204716993703]},"properties":{"common_id":"E3820200188201","name":"伯方小学校運動場","address_pref":"愛媛県今治市伯方町木浦甲3599-2","address_city":null,"address_detail":null,"contact":"0897-72-0030","flood":null,"landslide":null,"storm_surge":"1","earthquake":null,"tsunami":"1","large_fire":null,"inland_flood":null,"volcano":null,"shelter_overlap":"1","capacity":"12800","capacity_basis":null,"notes":null,"changed":null,"new":null,"address":"愛媛県今治市伯方町木浦甲3599-2","gsi_common_id":"E3820200188201","coordinate_join_method":"matched_by_id"}},{"type":"Feature","geometry":{"type":"Point","coordinates":[133.10110472523,34.201596860859]},"properties":{"common_id":"E3820200192201","name":"今治西高等学校伯方分校運動場","address_pref":"愛媛県今治市伯方町有津甲2358","address_city":null,"address_detail":null,"contact":"0897-72-0034","flood":null,"landslide":"1","storm_surge":null,"earthquake":null,"tsunami":"1","large_fire":null,"inland_flood":null,"volcano":null,"shelter_overlap":"1","capacity":"23446","capacity_basis":null,"notes":null,"changed":null,"new":null,"address":"愛媛県今治市伯方町有津甲2358","gsi_common_id":"E3820200192201","coordinate_join_method":"matched_by_id"}},{"type":"Feature","geometry":{"type":"Point","coordinates":[133.03224751251,34.263134541059]},"properties":{"common_id":"E3820200098201","name":"上浦小学校運動場","address_pref":"愛媛県今治市上浦町井口4497-1","address_city":null,"address_detail":null,"contact":"0897-87-2011","flood":null,"landslide":"1","storm_surge":"1","earthquake":null,"tsunami":"1","large_fire":null,"inland_flood":null,"volcano":null,"shelter_overlap":"1","capacity":"12520","capacity_basis":null,"notes":null,"changed":null,"new":null,"address":"愛媛県今治市上浦町井口4497-1","gsi_common_id":"E3820200098201","coordinate_join_method":"matched_by_id"}},{"type":"Feature","geometry":{"type":"Point","coordinates":[133.03653416539,34.264918105842]},"properties":{"common_id":"E3820200099201","name":"大三島中学校運動場","address_pref":"愛媛県今治市上浦町井口5610","address_city":null,"address_detail":null,"contact":"0897-87-3400","flood":null,"landslide":"1","storm_surge":null,"earthquake":null,"tsunami":"1","large_fire":null,"inland_flood":null,"volcano":null,"shelter_overlap":"1","capacity":"34744","capacity_basis":null,"notes":null,"changed":null,"new":null,"address":"愛媛県今治市上浦町井口5610","gsi_common_id":"E3820200099201","coordinate_join_method":"matched_by_id"}},{"type":"Feature","geometry":{"type":"Point","coordinates":[133.0010880505,34.246546078624]},"properties":{"common_id":"E3820200114201","name":"大三島小学校運動場","address_pref":"愛媛県今治市大三島町宮浦5145","address_city":null,"address_detail":null,"contact":"0897-82-0027","flood":null,"landslide":null,"storm_surge":null,"earthquake":null,"tsunami":"1","large_fire":null,"inland_flood":null,"volcano":null,"shelter_overlap":"1","capacity":"13588","capacity_basis":null,"notes":null,"changed":null,"new":null,"address":"愛媛県今治市大三島町宮浦5145","gsi_common_id":"E3820200114201","coordinate_join_method":"matched_by_id"}},{"type":"Feature","geometry":{"type":"Point","coordinates":[132.88327913909,34.187788456096]},"properties":{"common_id":"E3820200013201","name":"岡村小学校運動場","address_pref":"愛媛県今治市関前岡村甲415","address_city":null,"address_detail":null,"contact":"0897-88-2531","flood":null,"landslide":null,"storm_surge":"1","earthquake":null,"tsunami":"1","large_fire":null,"inland_flood":null,"volcano":null,"shelter_overlap":"1","capacity":"2896","capacity_basis":null,"notes":null,"changed":null,"new":null,"address":"愛媛県今治市関前岡村甲415","gsi_common_id":"E3820200013201","coordinate_join_method":"matched_by_id"}},{"type":"Feature","geometry":{"type":"Point","coordinates":[132.60253841947,33.291006538104]},"properties":{"common_id":"E3820300092201","name":"城北中学校","address_pref":"愛媛県宇和島市和霊町1344－1","address_city":null,"address_detail":null,"contact":"0895-22-0281","flood":"1","landslide":null,"storm_surge":null,"earthquake":"1","tsunami":null,"large_fire":null,"inland_flood":null,"volcano":null,"shelter_overlap":"1","capacity":"10310","capacity_basis":null,"notes":null,"changed":null,"new":null,"address":"愛媛県宇和島市和霊町1344－1","gsi_common_id":"E3820300092201","coordinate_join_method":"matched_by_id"}},{"type":"Feature","geometry":{"type":"Point","coordinates":[132.46493973313,33.170266195695]},"properties":{"common_id":"E3820300004201","name":"和霊公園","address_pref":"愛媛県宇和島市和霊公園","address_city":null,"address_detail":null,"contact":"0895-24-1111","flood":null,"landslide":"1","storm_surge":null,"earthquake":"1","tsunami":null,"large_fire":null,"inland_flood":null,"volcano":null,"shelter_overlap":null,"capacity":"11800","capacity_basis":null,"notes":null,"changed":null,"new":null,"address":"愛媛県宇和島市和霊公園","gsi_common_id":"E3820300004201","coordinate_join_method":"matched_by_id"}},{"type":"Feature","geometry":{"type":"Point","coordinates":[132.48989001244,33.064237222221]},"properties":{"common_id":"E3820300151201","name":"遊子小学校","address_pref":"愛媛県宇和島市遊子3624","address_city":null,"address_detail":null,"contact":"0895-62-0017","flood":"1","landslide":null,"storm_surge":null,"earthquake":"1","tsunami":null,"large_fire":null,"inland_flood":null,"volcano":null,"shelter_overlap":"1","capacity":"3769","capacity_basis":null,"notes":null,"changed":null,"new":null,"address":"愛媛県宇和島市遊子3624","gsi_common_id":"E3820300151201","coordinate_join_method":"matched_by_id"}},{"type":"Feature","geometry":{"type":"Point","coordinates":[132.52569352829,33.223435554755]},"properties":{"common_id":"E3820300190201","name":"宇和津小学校","address_pref":"愛媛県宇和島市妙典寺前乙640","address_city":null,"address_detail":null,"contact":"0895-22-0341","flood":"1","landslide":null,"storm_surge":"1","earthquake":"1","tsunami":"1","large_fire":null,"inland_flood":null,"volcano":null,"shelter_overlap":"1","capacity":"4600","capacity_basis":null,"notes":null,"changed":null,"new":null,"address":"愛媛県宇和島市妙典寺前乙640","gsi_common_id":"E3820300190201","coordinate_join_method":"matched_by_id"}},{"type":"Feature","geometry":{"type":"Point","coordinates":[132.50553026367,33.200030519743]},"properties":{"common_id":"E3820300134201","name":"城南中学校","address_pref":"愛媛県宇和島市文京町3－2","address_city":null,"address_detail":null,"contact":"0895-22-1274","flood":"1","landslide":"1","storm_surge":null,"earthquake":"1","tsunami":null,"large_fire":null,"inland_flood":null,"volcano":null,"shelter_overlap":"1","capacity":"14130","capacity_basis":null,"notes":null,"changed":null,"new":null,"address":"愛媛県宇和島市文京町3－2","gsi_common_id":"E3820300134201","coordinate_join_method":"matched_by_id"}},{"type":"Feature","geometry":{"type":"Point","coordinates":[132.51500761366,33.212980305703]},"properties":{"common_id":"E3820300141201","name":"旧九島小学校","address_pref":"愛媛県宇和島市百之浦1262－6","address_city":null,"address_detail":null,"contact":"0895-22-3162","flood":"1","landslide":null,"storm_surge":null,"earthquake":"1","tsunami":null,"large_fire":null,"inland_flood":null,"volcano":null,"shelter_overlap":"1","capacity":"4632","capacity_basis":null,"notes":null,"changed":null,"new":null,"address":"愛媛県宇和島市百之浦1262－6","gsi_common_id":"E3820300141201","coordinate_join_method":"matched_by_id"}},{"type":"Feature","geometry":{"type":"Point","coordinates":[132.47982230075,33.100099109061]},"properties":{"common_id":"E3820300180201","name":"日振島小学校","address_pref":"愛媛県宇和島市日振島2069","address_city":null,"address_detail":null,"contact":"0895-65-0007","flood":"1","landslide":null,"storm_surge":null,"earthquake":"1","tsunami":null,"large_fire":null,"inland_flood":null,"volcano":null,"shelter_overlap":"1","capacity":"3347","capacity_basis":null,"notes":null,"changed":null,"new":null,"address":"愛媛県宇和島市日振島2069","gsi_common_id":"E3820300180201","coordinate_join_method":"matched_by_id"}},{"type":"Feature","geometry":{"type":"Point","coordinates":[132.47410278526,33.120122551504]},"properties":{"common_id":"E3820300177201","name":"天赦公園","address_pref":"愛媛県宇和島市天赦公園","address_city":null,"address_detail":null,"contact":"0895-25-2709","flood":null,"landslide":"1","storm_surge":null,"earthquake":"1","tsunami":null,"large_fire":null,"inland_flood":null,"volcano":null,"shelter_overlap":null,"capacity":"26200","capacity_basis":null,"notes":null,"changed":null,"new":null,"address":"愛媛県宇和島市天赦公園","gsi_common_id":"E3820300177201","coordinate_join_method":"matched_by_id"}},{"type":"Feature","geometry":{"type":"Point","coordinates":[132.42976974529,33.056737851658]},"properties":{"common_id":"E3820300171201","name":"下灘小学校","address_pref":"愛媛県宇和島市津島町鼡鳴135","address_city":null,"address_detail":null,"contact":"0895-35-0010","flood":"1","landslide":null,"storm_surge":null,"earthquake":"1","tsunami":null,"large_fire":null,"inland_flood":null,"volcano":null,"shelter_overlap":"1","capacity":"4644","capacity_basis":null,"notes":null,"changed":null,"new":null,"address":"愛媛県宇和島市津島町鼡鳴135","gsi_common_id":"E3820300171201","coordinate_join_method":"matched_by_id"}},{"type":"Feature","geometry":{"type":"Point","coordinates":[132.41649541642,33.061981666191]},"properties":{"common_id":"E3820300170201","name":"旧曽根小学校","address_pref":"愛媛県宇和島市津島町脇706","address_city":null,"address_detail":null,"contact":"0895-24-1111","flood":"1","landslide":null,"storm_surge":"1","earthquake":"1","tsunami":null,"large_fire":null,"inland_flood":null,"volcano":null,"shelter_overlap":"1","capacity":"2002","capacity_basis":null,"notes":null,"changed":null,"new":null,"address":"愛媛県宇和島市津島町脇706","gsi_common_id":"E3820300170201","coordinate_join_method":"matched_by_id"}},{"type":"Feature","geometry":{"type":"Point","coordinates":[132.45672968447,33.056325285999]},"properties":{"common_id":"E3820300173201","name":"下灘公民館","address_pref":"愛媛県宇和島市津島町嵐586","address_city":null,"address_detail":null,"contact":"0895-35-0001","flood":"1","landslide":null,"storm_surge":null,"earthquake":"1","tsunami":null,"large_fire":null,"inland_flood":null,"volcano":null,"shelter_overlap":"1","capacity":"758","capacity_basis":null,"notes":null,"changed":null,"new":null,"address":"愛媛県宇和島市津島町嵐586","gsi_common_id":"E3820300173201","coordinate_join_method":"matched_by_id"}},{"type":"Feature","geometry":{"type":"Point","coordinates":[132.52153132601,33.126317406736]},"properties":{"common_id":"E3820300157201","name":"御槇小学校","address_pref":"愛媛県宇和島市津島町槙川1967","address_city":null,"address_detail":null,"contact":"0895-36-0010","flood":"1","landslide":"1","storm_surge":"1","earthquake":"1","tsunami":"1","large_fire":null,"inland_flood":null,"volcano":null,"shelter_overlap":"1","capacity":"8678","capacity_basis":null,"notes":null,"changed":null,"new":null,"address":"愛媛県宇和島市津島町槙川1967","gsi_common_id":"E3820300157201","coordinate_join_method":"matched_by_id"}},{"type":"Feature","geometry":{"type":"Point","coordinates":[132.533863774,33.278719347642]},"properties":{"common_id":"E3820300029201","name":"旧南部小学校","address_pref":"愛媛県宇和島市津島町北灘丁930－1","address_city":null,"address_detail":null,"contact":"0895-24-1111","flood":"1","landslide":null,"storm_surge":null,"earthquake":"1","tsunami":null,"large_fire":null,"inland_flood":null,"volcano":null,"shelter_overlap":"1","capacity":"3233","capacity_basis":null,"notes":null,"changed":null,"new":null,"address":"愛媛県宇和島市津島町北灘丁930－1","gsi_common_id":"E3820300029201","coordinate_join_method":"matched_by_id"}},{"type":"Feature","geometry":{"type":"Point","coordinates":[132.60793717816,33.290942283587]},"properties":{"common_id":"E3820300080201","name":"北灘小学校","address_pref":"愛媛県宇和島市津島町北灘乙153","address_city":null,"address_detail":null,"contact":"0895-32-2905","flood":"1","landslide":null,"storm_surge":null,"earthquake":"1","tsunami":null,"large_fire":null,"inland_flood":null,"volcano":null,"shelter_overlap":"1","capacity":"4540","capacity_basis":null,"notes":null,"changed":null,"new":null,"address":"愛媛県宇和島市津島町北灘乙153","gsi_common_id":"E3820300080201","coordinate_join_method":"matched_by_id"}},{"type":"Feature","geometry":{"type":"Point","coordinates":[132.53937088103,33.279598935364]},"properties":{"common_id":"E3820300032201","name":"旧由良小学校平井分校","address_pref":"愛媛県宇和島市津島町平井366","address_city":null,"address_detail":null,"contact":"0895-24-1111","flood":"1","landslide":null,"storm_surge":"1","earthquake":"1","tsunami":null,"large_fire":null,"inland_flood":null,"volcano":null,"shelter_overlap":"1","capacity":"3522","capacity_basis":null,"notes":null,"changed":null,"new":null,"address":"愛媛県宇和島市津島町平井366","gsi_common_id":"E3820300032201","coordinate_join_method":"matched_by_id"}},{"type":"Feature","geometry":{"type":"Point","coordinates":[132.57449629007,33.21423670586]},"properties":{"common_id":"E3820300145201","name":"旧由良小学校","address_pref":"愛媛県宇和島市津島町成408","address_city":null,"address_detail":null,"contact":"0895-24-1111","flood":"1","landslide":null,"storm_surge":null,"earthquake":"1","tsunami":null,"large_fire":null,"inland_flood":null,"volcano":null,"shelter_overlap":"1","capacity":"2468","capacity_basis":null,"notes":null,"changed":null,"new":null,"address":"愛媛県宇和島市津島町成408","gsi_common_id":"E3820300145201","coordinate_join_method":"matched_by_id"}},{"type":"Feature","geometry":{"type":"Point","coordinates":[132.56840931712,33.212609545587]},"properties":{"common_id":"E3820300202201","name":"旧由良小学校須下分校","address_pref":"愛媛県宇和島市津島町須下181－7","address_city":null,"address_detail":null,"contact":"0895-24-1111","flood":"1","landslide":null,"storm_surge":"1","earthquake":"1","tsunami":null,"large_fire":null,"inland_flood":null,"volcano":null,"shelter_overlap":"1","capacity":"2446","capacity_basis":null,"notes":null,"changed":null,"new":null,"address":"愛媛県宇和島市津島町須下181－7","gsi_common_id":"E3820300202201","coordinate_join_method":"matched_by_id"}},{"type":"Feature","geometry":{"type":"Point","coordinates":[132.52558074456,33.134934238051]},"properties":{"common_id":"E3820300163201","name":"畑地小学校","address_pref":"愛媛県宇和島市津島町上畑地甲80","address_city":null,"address_detail":null,"contact":"0895-32-2752","flood":"1","landslide":"1","storm_surge":"1","earthquake":"1","tsunami":"1","large_fire":null,"inland_flood":null,"volcano":null,"shelter_overlap":"1","capacity":"5614","capacity_basis":null,"notes":null,"changed":null,"new":null,"address":"愛媛県宇和島市津島町上畑地甲80","gsi_common_id":"E3820300163201","coordinate_join_method":"matched_by_id"}},{"type":"Feature","geometry":{"type":"Point","coordinates":[132.56059624834,33.223299082112]},"properties":{"common_id":"E3820300132201","name":"三島集会所","address_pref":"愛媛県宇和島市津島町上畑地甲6－1","address_city":null,"address_detail":null,"contact":"0895-24-1111","flood":"1","landslide":null,"storm_surge":null,"earthquake":"1","tsunami":"1","large_fire":null,"inland_flood":null,"volcano":null,"shelter_overlap":null,"capacity":"210","capacity_basis":null,"notes":null,"changed":null,"new":null,"address":"愛媛県宇和島市津島町上畑地甲6－1","gsi_common_id":"E3820300132201","coordinate_join_method":"matched_by_id"}},{"type":"Feature","geometry":{"type":"Point","coordinates":[132.49144140986,33.270021123474]},"properties":{"common_id":"E3820300015201","name":"津島中学校","address_pref":"愛媛県宇和島市津島町高田丙355","address_city":null,"address_detail":null,"contact":"0895-32-2300","flood":null,"landslide":null,"storm_surge":"1","earthquake":"1","tsunami":null,"large_fire":null,"inland_flood":null,"volcano":null,"shelter_overlap":"1","capacity":"18703","capacity_basis":null,"notes":null,"changed":null,"new":null,"address":"愛媛県宇和島市津島町高田丙355","gsi_common_id":"E3820300015201","coordinate_join_method":"matched_by_id"}},{"type":"Feature","geometry":{"type":"Point","coordinates":[132.48798049043,33.272048034617]},"properties":{"common_id":"E3820300017201","name":"宇和島東高等学校津島分校","address_pref":"愛媛県宇和島市津島町高田甲2469－1","address_city":null,"address_detail":null,"contact":"0895-32-2304","flood":"1","landslide":null,"storm_surge":"1","earthquake":"1","tsunami":"1","large_fire":null,"inland_flood":null,"volcano":null,"shelter_overlap":"1","capacity":"8396","capacity_basis":null,"notes":null,"changed":null,"new":null,"address":"愛媛県宇和島市津島町高田甲2469－1","gsi_common_id":"E3820300017201","coordinate_join_method":"matched_by_id"}},{"type":"Feature","geometry":{"type":"Point","coordinates":[132.48744270094,33.077856102002]},"properties":{"common_id":"E3820300179201","name":"清満小学校","address_pref":"愛媛県宇和島市津島町岩渕丙395","address_city":null,"address_detail":null,"contact":"0895-32-2028","flood":null,"landslide":"1","storm_surge":"1","earthquake":"1","tsunami":"1","large_fire":null,"inland_flood":null,"volcano":null,"shelter_overlap":"1","capacity":"7126","capacity_basis":null,"notes":null,"changed":null,"new":null,"address":"愛媛県宇和島市津島町岩渕丙395","gsi_common_id":"E3820300179201","coordinate_join_method":"matched_by_id"}},{"type":"Feature","geometry":{"type":"Point","coordinates":[132.47844798558,33.084911064971]},"properties":{"common_id":"E3820300181201","name":"津島支所（岩松公民館）","address_pref":"愛媛県宇和島市津島町岩松甲471","address_city":null,"address_detail":null,"contact":"(支)0895-32-2721\n(公)0895-32-2725","flood":null,"landslide":"1","storm_surge":"1","earthquake":"1","tsunami":null,"large_fire":null,"inland_flood":null,"volcano":null,"shelter_overlap":"1","capacity":"6086","capacity_basis":null,"notes":null,"changed":null,"new":null,"address":"愛媛県宇和島市津島町岩松甲471","gsi_common_id":"E3820300181201","coordinate_join_method":"matched_by_id"}},{"type":"Feature","geometry":{"type":"Point","coordinates":[132.36422884339,33.224403967857]},"properties":{"common_id":"E3820300059201","name":"岩松小学校","address_pref":"愛媛県宇和島市津島町岩松503","address_city":null,"address_detail":null,"contact":"0895-32-2508","flood":null,"landslide":"1","storm_surge":"1","earthquake":"1","tsunami":null,"large_fire":null,"inland_flood":null,"volcano":null,"shelter_overlap":"1","capacity":"9806","capacity_basis":null,"notes":null,"changed":null,"new":null,"address":"愛媛県宇和島市津島町岩松503","gsi_common_id":"E3820300059201","coordinate_join_method":"matched_by_id"}},{"type":"Feature","geometry":{"type":"Point","coordinates":[132.50420033706,33.288770143997]},"properties":{"common_id":"E3820300021201","name":"上槇小学校跡地","address_pref":"愛媛県宇和島市津島町下畑地乙140-1","address_city":null,"address_detail":null,"contact":"0895-24-1111","flood":"1","landslide":null,"storm_surge":"1","earthquake":"1","tsunami":"1","large_fire":null,"inland_flood":null,"volcano":null,"shelter_overlap":null,"capacity":"1808","capacity_basis":null,"notes":null,"changed":null,"new":null,"address":"愛媛県宇和島市津島町下畑地乙140-1","gsi_common_id":"E3820300021201","coordinate_join_method":"matched_by_id"}},{"type":"Feature","geometry":{"type":"Point","coordinates":[132.50381946338,33.288859827896]},"properties":{"common_id":"E3820300020201","name":"旧浦知小学校","address_pref":"愛媛県宇和島市津島町浦知380","address_city":null,"address_detail":null,"contact":"0895-24-1111","flood":"1","landslide":null,"storm_surge":"1","earthquake":"1","tsunami":null,"large_fire":null,"inland_flood":null,"volcano":null,"shelter_overlap":"1","capacity":"2762","capacity_basis":null,"notes":null,"changed":null,"new":null,"address":"愛媛県宇和島市津島町浦知380","gsi_common_id":"E3820300020201","coordinate_join_method":"matched_by_id"}},{"type":"Feature","geometry":{"type":"Point","coordinates":[132.52022298094,33.125318917336]},"properties":{"common_id":"E3820300155201","name":"愛宕公園","address_pref":"愛媛県宇和島市大超寺奥丙165－1","address_city":null,"address_detail":null,"contact":"0895-24-1111","flood":"1","landslide":null,"storm_surge":null,"earthquake":"1","tsunami":"1","large_fire":null,"inland_flood":null,"volcano":null,"shelter_overlap":null,"capacity":"12400","capacity_basis":null,"notes":null,"changed":null,"new":null,"address":"愛媛県宇和島市大超寺奥丙165－1","gsi_common_id":"E3820300155201","coordinate_join_method":"matched_by_id"}},{"type":"Feature","geometry":{"type":"Point","coordinates":[132.52054342187,33.292339804133]},"properties":{"common_id":"E3820300022201","name":"旧石応小学校","address_pref":"愛媛県宇和島市石応1616","address_city":null,"address_detail":null,"contact":"0895-24-1111","flood":"1","landslide":null,"storm_surge":null,"earthquake":"1","tsunami":null,"large_fire":null,"inland_flood":null,"volcano":null,"shelter_overlap":"1","capacity":"4676","capacity_basis":null,"notes":null,"changed":null,"new":null,"address":"愛媛県宇和島市石応1616","gsi_common_id":"E3820300022201","coordinate_join_method":"matched_by_id"}},{"type":"Feature","geometry":{"type":"Point","coordinates":[132.52160015621,33.292413686743]},"properties":{"common_id":"E3820300019201","name":"城東中学校","address_pref":"愛媛県宇和島市新田町3－3－1","address_city":null,"address_detail":null,"contact":"0895-22-3043","flood":"1","landslide":"1","storm_surge":null,"earthquake":"1","tsunami":null,"large_fire":null,"inland_flood":null,"volcano":null,"shelter_overlap":"1","capacity":"9030","capacity_basis":null,"notes":null,"changed":null,"new":null,"address":"愛媛県宇和島市新田町3－3－1","gsi_common_id":"E3820300019201","coordinate_join_method":"matched_by_id"}},{"type":"Feature","geometry":{"type":"Point","coordinates":[132.53354586,33.2851416766]},"properties":{"common_id":"E3820300031201","name":"旧蒋淵小学校","address_pref":"愛媛県宇和島市蒋淵983","address_city":null,"address_detail":null,"contact":"0895-63-0004","flood":"1","landslide":"1","storm_surge":null,"earthquake":"1","tsunami":null,"large_fire":null,"inland_flood":null,"volcano":null,"shelter_overlap":"1","capacity":"2988","capacity_basis":null,"notes":null,"changed":null,"new":null,"address":"愛媛県宇和島市蒋淵983","gsi_common_id":"E3820300031201","coordinate_join_method":"matched_by_id"}},{"type":"Feature","geometry":{"type":"Point","coordinates":[132.54074187153,33.285966777534]},"properties":{"common_id":"E3820300039201","name":"旧小池小学校","address_pref":"愛媛県宇和島市小池1679－3","address_city":null,"address_detail":null,"contact":"0895-24-1111","flood":"1","landslide":null,"storm_surge":null,"earthquake":"1","tsunami":null,"large_fire":null,"inland_flood":null,"volcano":null,"shelter_overlap":"1","capacity":"5508","capacity_basis":null,"notes":null,"changed":null,"new":null,"address":"愛媛県宇和島市小池1679－3","gsi_common_id":"E3820300039201","coordinate_join_method":"matched_by_id"}},{"type":"Feature","geometry":{"type":"Point","coordinates":[132.53934405893,33.280078793573]},"properties":{"common_id":"E3820300026201","name":"宇和島市役所","address_pref":"愛媛県宇和島市曙町１","address_city":null,"address_detail":null,"contact":"0895-24-1111","flood":"1","landslide":"1","storm_surge":null,"earthquake":"1","tsunami":null,"large_fire":null,"inland_flood":null,"volcano":null,"shelter_overlap":"1","capacity":"10154","capacity_basis":null,"notes":null,"changed":null,"new":null,"address":"愛媛県宇和島市曙町１","gsi_common_id":"E3820300026201","coordinate_join_method":"matched_by_id"}},{"type":"Feature","geometry":{"type":"Point","coordinates":[132.51373571508,33.318971531402]},"properties":{"common_id":"E3820300034201","name":"石丸公園","address_pref":"愛媛県宇和島市祝森","address_city":null,"address_detail":null,"contact":"0895-24-1111","flood":"1","landslide":"1","storm_surge":null,"earthquake":"1","tsunami":"1","large_fire":null,"inland_flood":null,"volcano":null,"shelter_overlap":null,"capacity":"3800","capacity_basis":null,"notes":null,"changed":null,"new":null,"address":"愛媛県宇和島市祝森","gsi_common_id":"E3820300034201","coordinate_join_method":"matched_by_id"}},{"type":"Feature","geometry":{"type":"Point","coordinates":[132.54282445462,33.204052532542]},"properties":{"common_id":"E3820300053201","name":"住吉小学校","address_pref":"愛媛県宇和島市住吉町807－2","address_city":null,"address_detail":null,"contact":"0895-22-0098","flood":"1","landslide":null,"storm_surge":null,"earthquake":"1","tsunami":null,"large_fire":null,"inland_flood":null,"volcano":null,"shelter_overlap":"1","capacity":"7551","capacity_basis":null,"notes":null,"changed":null,"new":null,"address":"愛媛県宇和島市住吉町807－2","gsi_common_id":"E3820300053201","coordinate_join_method":"matched_by_id"}},{"type":"Feature","geometry":{"type":"Point","coordinates":[132.5412797437,33.275600152402]},"properties":{"common_id":"E3820300023201","name":"二名小学校","address_pref":"愛媛県宇和島市三間町大内64","address_city":null,"address_detail":null,"contact":"0895-58-2147","flood":"1","landslide":null,"storm_surge":"1","earthquake":"1","tsunami":"1","large_fire":null,"inland_flood":null,"volcano":null,"shelter_overlap":"1","capacity":"3459","capacity_basis":null,"notes":null,"changed":null,"new":null,"address":"愛媛県宇和島市三間町大内64","gsi_common_id":"E3820300023201","coordinate_join_method":"matched_by_id"}},{"type":"Feature","geometry":{"type":"Point","coordinates":[132.51828411335,33.318608195677]},"properties":{"common_id":"E3820300035201","name":"成妙小学校","address_pref":"愛媛県宇和島市三間町成家759","address_city":null,"address_detail":null,"contact":"0895-58-2037","flood":"1","landslide":null,"storm_surge":"1","earthquake":"1","tsunami":"1","large_fire":null,"inland_flood":null,"volcano":null,"shelter_overlap":"1","capacity":"4128","capacity_basis":null,"notes":null,"changed":null,"new":null,"address":"愛媛県宇和島市三間町成家759","gsi_common_id":"E3820300035201","coordinate_join_method":"matched_by_id"}},{"type":"Feature","geometry":{"type":"Point","coordinates":[132.52036268737,33.318010868439]},"properties":{"common_id":"E3820300038201","name":"三間町運動公園","address_pref":"愛媛県宇和島市三間町黒井地1542","address_city":null,"address_detail":null,"contact":"0895-58-4222","flood":"1","landslide":"1","storm_surge":null,"earthquake":"1","tsunami":"1","large_fire":null,"inland_flood":null,"volcano":null,"shelter_overlap":null,"capacity":"12000","capacity_basis":null,"notes":null,"changed":null,"new":null,"address":"愛媛県宇和島市三間町黒井地1542","gsi_common_id":"E3820300038201","coordinate_join_method":"matched_by_id"}},{"type":"Feature","geometry":{"type":"Point","coordinates":[132.54302264159,33.267975553124]},"properties":{"common_id":"E3820300049201","name":"北宇和高等学校三間分校","address_pref":"愛媛県宇和島市三間町戸雁764－3","address_city":null,"address_detail":null,"contact":"0895-58-2031","flood":"1","landslide":"1","storm_surge":"1","earthquake":"1","tsunami":"1","large_fire":null,"inland_flood":null,"volcano":null,"shelter_overlap":"1","capacity":"7089","capacity_basis":null,"notes":null,"changed":null,"new":null,"address":"愛媛県宇和島市三間町戸雁764－3","gsi_common_id":"E3820300049201","coordinate_join_method":"matched_by_id"}},{"type":"Feature","geometry":{"type":"Point","coordinates":[132.45736292856,33.167221847922]},"properties":{"common_id":"E3820300005201","name":"三間中学校","address_pref":"愛媛県宇和島市三間町戸雁1046","address_city":null,"address_detail":null,"contact":"0895-58-2006","flood":"1","landslide":"1","storm_surge":"1","earthquake":"1","tsunami":"1","large_fire":null,"inland_flood":null,"volcano":null,"shelter_overlap":"1","capacity":"11188","capacity_basis":null,"notes":null,"changed":null,"new":null,"address":"愛媛県宇和島市三間町戸雁1046","gsi_common_id":"E3820300005201","coordinate_join_method":"matched_by_id"}},{"type":"Feature","geometry":{"type":"Point","coordinates":[132.36010189846,33.202507862417]},"properties":{"common_id":"E3820300058201","name":"三間支所（三間公民館）","address_pref":"愛媛県宇和島市三間町宮野下835","address_city":null,"address_detail":null,"contact":"0895-58-3311","flood":"1","landslide":"1","storm_surge":"1","earthquake":"1","tsunami":"1","large_fire":null,"inland_flood":null,"volcano":null,"shelter_overlap":"1","capacity":"3425","capacity_basis":null,"notes":null,"changed":null,"new":null,"address":"愛媛県宇和島市三間町宮野下835","gsi_common_id":"E3820300058201","coordinate_join_method":"matched_by_id"}},{"type":"Feature","geometry":{"type":"Point","coordinates":[132.63394734161,33.09647948655]},"properties":{"common_id":"E3820300178201","name":"三間小学校","address_pref":"愛媛県宇和島市三間町宮野下493","address_city":null,"address_detail":null,"contact":"0895-58-2030","flood":"1","landslide":"1","storm_surge":"1","earthquake":"1","tsunami":"1","large_fire":null,"inland_flood":null,"volcano":null,"shelter_overlap":"1","capacity":"5263","capacity_basis":null,"notes":null,"changed":null,"new":null,"address":"愛媛県宇和島市三間町宮野下493","gsi_common_id":"E3820300178201","coordinate_join_method":"matched_by_id"}},{"type":"Feature","geometry":{"type":"Point","coordinates":[132.57241867507,33.255138674642]},"properties":{"common_id":"E3820300067201","name":"旧三浦小学校","address_pref":"愛媛県宇和島市三浦西新23－1","address_city":null,"address_detail":null,"contact":"0895-29-0028","flood":"1","landslide":null,"storm_surge":null,"earthquake":"1","tsunami":null,"large_fire":null,"inland_flood":null,"volcano":null,"shelter_overlap":"1","capacity":"3917","capacity_basis":null,"notes":null,"changed":null,"new":null,"address":"愛媛県宇和島市三浦西新23－1","gsi_common_id":"E3820300067201","coordinate_join_method":"matched_by_id"}},{"type":"Feature","geometry":{"type":"Point","coordinates":[132.50601099899,33.169505388463]},"properties":{"common_id":"E3820300075201","name":"高光小学校","address_pref":"愛媛県宇和島市高串2－121－1","address_city":null,"address_detail":null,"contact":"0895-22-1861","flood":"1","landslide":null,"storm_surge":"1","earthquake":"1","tsunami":"1","large_fire":null,"inland_flood":null,"volcano":null,"shelter_overlap":"1","capacity":"4413","capacity_basis":null,"notes":null,"changed":null,"new":null,"address":"愛媛県宇和島市高串2－121－1","gsi_common_id":"E3820300075201","coordinate_join_method":"matched_by_id"}},{"type":"Feature","geometry":{"type":"Point","coordinates":[132.60414898183,33.289486808663]},"properties":{"common_id":"E3820300079201","name":"嘉島小学校","address_pref":"愛媛県宇和島市戸島4110","address_city":null,"address_detail":null,"contact":"0895-64-0027","flood":"1","landslide":"1","storm_surge":null,"earthquake":"1","tsunami":null,"large_fire":null,"inland_flood":null,"volcano":null,"shelter_overlap":"1","capacity":"1473","capacity_basis":null,"notes":null,"changed":null,"new":null,"address":"愛媛県宇和島市戸島4110","gsi_common_id":"E3820300079201","coordinate_join_method":"matched_by_id"}},{"type":"Feature","geometry":{"type":"Point","coordinates":[132.60244309691,33.289809667615]},"properties":{"common_id":"E3820300089201","name":"戸島小学校","address_pref":"愛媛県宇和島市戸島2335","address_city":null,"address_detail":null,"contact":"0895-64-0024","flood":"1","landslide":null,"storm_surge":null,"earthquake":"1","tsunami":null,"large_fire":null,"inland_flood":null,"volcano":null,"shelter_overlap":"1","capacity":"4525","capacity_basis":null,"notes":null,"changed":null,"new":null,"address":"愛媛県宇和島市戸島2335","gsi_common_id":"E3820300089201","coordinate_join_method":"matched_by_id"}},{"type":"Feature","geometry":{"type":"Point","coordinates":[132.59693711,33.30924593]},"properties":{"common_id":"E3820300093201","name":"番城小学校","address_pref":"愛媛県宇和島市宮下甲201","address_city":null,"address_detail":null,"contact":"0895-27-0715","flood":"1","landslide":null,"storm_surge":"1","earthquake":"1","tsunami":"1","large_fire":null,"inland_flood":null,"volcano":null,"shelter_overlap":"1","capacity":"8668","capacity_basis":null,"notes":null,"changed":null,"new":null,"address":"愛媛県宇和島市宮下甲201","gsi_common_id":"E3820300093201","coordinate_join_method":"matched_by_id"}},{"type":"Feature","geometry":{"type":"Point","coordinates":[132.50589093444,33.083479202878]},"properties":{"common_id":"E3820300168201","name":"宮下ふれあい広場","address_pref":"愛媛県宇和島市宮下乙605","address_city":null,"address_detail":null,"contact":"0895-24-1111","flood":"1","landslide":"1","storm_surge":null,"earthquake":"1","tsunami":"1","large_fire":null,"inland_flood":null,"volcano":null,"shelter_overlap":null,"capacity":"13891","capacity_basis":null,"notes":null,"changed":null,"new":null,"address":"愛媛県宇和島市宮下乙605","gsi_common_id":"E3820300168201","coordinate_join_method":"matched_by_id"}},{"type":"Feature","geometry":{"type":"Point","coordinates":[132.54650219932,33.292236749096]},"properties":{"common_id":"E3820300042201","name":"君ヶ浦公園","address_pref":"愛媛県宇和島市吉田町立間尻甲114－1","address_city":null,"address_detail":null,"contact":"0895-24-1111","flood":"1","landslide":null,"storm_surge":null,"earthquake":"1","tsunami":"1","large_fire":null,"inland_flood":null,"volcano":null,"shelter_overlap":null,"capacity":"2000","capacity_basis":null,"notes":null,"changed":null,"new":null,"address":"愛媛県宇和島市吉田町立間尻甲114－1","gsi_common_id":"E3820300042201","coordinate_join_method":"matched_by_id"}},{"type":"Feature","geometry":{"type":"Point","coordinates":[132.55559358219,33.230357842642]},"properties":{"common_id":"E3820300128201","name":"味楽共選場","address_pref":"愛媛県宇和島市吉田町立間2－2222","address_city":null,"address_detail":null,"contact":"0895-52-1120","flood":null,"landslide":"1","storm_surge":"1","earthquake":"1","tsunami":"1","large_fire":null,"inland_flood":null,"volcano":null,"shelter_overlap":null,"capacity":"4000","capacity_basis":null,"notes":null,"changed":null,"new":null,"address":"愛媛県宇和島市吉田町立間2－2222","gsi_common_id":"E3820300128201","coordinate_join_method":"matched_by_id"}},{"type":"Feature","geometry":{"type":"Point","coordinates":[132.40760311317,33.200564885206]},"properties":{"common_id":"E3820300138201","name":"中組集会所","address_pref":"愛媛県宇和島市吉田町立間1－653－1","address_city":null,"address_detail":null,"contact":"0895-52-1841","flood":null,"landslide":null,"storm_surge":"1","earthquake":"1","tsunami":"1","large_fire":null,"inland_flood":null,"volcano":null,"shelter_overlap":null,"capacity":"135","capacity_basis":null,"notes":null,"changed":null,"new":null,"address":"愛媛県宇和島市吉田町立間1－653－1","gsi_common_id":"E3820300138201","coordinate_join_method":"matched_by_id"}},{"type":"Feature","geometry":{"type":"Point","coordinates":[132.5549969363,33.055811607364]},"properties":{"common_id":"E3820300153201","name":"寺家郷蔵集会所","address_pref":"愛媛県宇和島市吉田町立間1－3730－2","address_city":null,"address_detail":null,"contact":"0895-52-0182","flood":null,"landslide":null,"storm_surge":"1","earthquake":"1","tsunami":"1","large_fire":null,"inland_flood":null,"volcano":null,"shelter_overlap":null,"capacity":"99","capacity_basis":null,"notes":null,"changed":null,"new":null,"address":"愛媛県宇和島市吉田町立間1－3730－2","gsi_common_id":"E3820300153201","coordinate_join_method":"matched_by_id"}},{"type":"Feature","geometry":{"type":"Point","coordinates":[132.55777636369,33.212088444817]},"properties":{"common_id":"E3820300139201","name":"大河内下集会所","address_pref":"愛媛県宇和島市吉田町立間1－1969－6","address_city":null,"address_detail":null,"contact":"0895-52-2008","flood":null,"landslide":null,"storm_surge":null,"earthquake":"1","tsunami":"1","large_fire":null,"inland_flood":null,"volcano":null,"shelter_overlap":null,"capacity":"125","capacity_basis":null,"notes":null,"changed":null,"new":null,"address":"愛媛県宇和島市吉田町立間1－1969－6","gsi_common_id":"E3820300139201","coordinate_join_method":"matched_by_id"}},{"type":"Feature","geometry":{"type":"Point","coordinates":[132.55906136373,33.215917405265]},"properties":{"common_id":"E3820300194201","name":"吉田高校グランド","address_pref":"愛媛県宇和島市吉田町北小路甲10","address_city":null,"address_detail":null,"contact":"0895-52-0565","flood":null,"landslide":"1","storm_surge":"1","earthquake":"1","tsunami":null,"large_fire":null,"inland_flood":null,"volcano":null,"shelter_overlap":"1","capacity":"6556","capacity_basis":null,"notes":null,"changed":null,"new":null,"address":"愛媛県宇和島市吉田町北小路甲10","gsi_common_id":"E3820300194201","coordinate_join_method":"matched_by_id"}},{"type":"Feature","geometry":{"type":"Point","coordinates":[132.56634641573,33.230161276214]},"properties":{"common_id":"E3820300213201","name":"玉津公民館","address_pref":"愛媛県宇和島市吉田町法花津7－360－1","address_city":null,"address_detail":null,"contact":"0895-52-1001","flood":"1","landslide":null,"storm_surge":"1","earthquake":"1","tsunami":null,"large_fire":null,"inland_flood":null,"volcano":null,"shelter_overlap":"1","capacity":"629","capacity_basis":null,"notes":null,"changed":null,"new":null,"address":"愛媛県宇和島市吉田町法花津7－360－1","gsi_common_id":"E3820300213201","coordinate_join_method":"matched_by_id"}},{"type":"Feature","geometry":{"type":"Point","coordinates":[132.505787,33.317913]},"properties":{"common_id":"E3820300024201","name":"玉津共選場","address_pref":"愛媛県宇和島市吉田町法花津6－78－2","address_city":null,"address_detail":null,"contact":"0895-52-1212","flood":"1","landslide":null,"storm_surge":"1","earthquake":"1","tsunami":null,"large_fire":null,"inland_flood":null,"volcano":null,"shelter_overlap":null,"capacity":"408","capacity_basis":null,"notes":null,"changed":null,"new":null,"address":"愛媛県宇和島市吉田町法花津6－78－2","gsi_common_id":"E3820300024201","coordinate_join_method":"matched_by_id"}},{"type":"Feature","geometry":{"type":"Point","coordinates":[132.59374854134,33.299109354942]},"properties":{"common_id":"E3820300102201","name":"宮の浦集会所","address_pref":"愛媛県宇和島市吉田町法花津1－8－1","address_city":null,"address_detail":null,"contact":"0895-52-1860","flood":"1","landslide":"1","storm_surge":null,"earthquake":"1","tsunami":null,"large_fire":null,"inland_flood":null,"volcano":null,"shelter_overlap":null,"capacity":"140","capacity_basis":null,"notes":null,"changed":null,"new":null,"address":"愛媛県宇和島市吉田町法花津1－8－1","gsi_common_id":"E3820300102201","coordinate_join_method":"matched_by_id"}},{"type":"Feature","geometry":{"type":"Point","coordinates":[132.55073630534,33.124792932294]},"properties":{"common_id":"E3820300158201","name":"白浦コミュニティセンター","address_pref":"愛媛県宇和島市吉田町白浦2031－3","address_city":null,"address_detail":null,"contact":"0895-24-1111","flood":"1","landslide":"1","storm_surge":null,"earthquake":"1","tsunami":null,"large_fire":null,"inland_flood":null,"volcano":null,"shelter_overlap":null,"capacity":"213","capacity_basis":null,"notes":null,"changed":null,"new":null,"address":"愛媛県宇和島市吉田町白浦2031－3","gsi_common_id":"E3820300158201","coordinate_join_method":"matched_by_id"}},{"type":"Feature","geometry":{"type":"Point","coordinates":[132.54311272282,33.180675907871]},"properties":{"common_id":"E3820300129201","name":"吉田支所（吉田公民館）","address_pref":"愛媛県宇和島市吉田町東小路甲106","address_city":null,"address_detail":null,"contact":"(支)0895-52-1111\n(公)0895-52-0076","flood":"1","landslide":"1","storm_surge":null,"earthquake":"1","tsunami":null,"large_fire":null,"inland_flood":null,"volcano":null,"shelter_overlap":"1","capacity":"2379","capacity_basis":null,"notes":null,"changed":null,"new":null,"address":"愛媛県宇和島市吉田町東小路甲106","gsi_common_id":"E3820300129201","coordinate_join_method":"matched_by_id"}},{"type":"Feature","geometry":{"type":"Point","coordinates":[132.47941731241,33.274678849888]},"properties":{"common_id":"E3820300016201","name":"吉田公園自由広場","address_pref":"愛媛県宇和島市吉田町鶴間新63","address_city":null,"address_detail":null,"contact":"0895-24-1111","flood":null,"landslide":null,"storm_surge":null,"earthquake":"1","tsunami":null,"large_fire":null,"inland_flood":null,"volcano":null,"shelter_overlap":null,"capacity":"4000","capacity_basis":null,"notes":null,"changed":null,"new":null,"address":"愛媛県宇和島市吉田町鶴間新63","gsi_common_id":"E3820300016201","coordinate_join_method":"matched_by_id"}},{"type":"Feature","geometry":{"type":"Point","coordinates":[132.5604002942,33.308190049415]},"properties":{"common_id":"E3820300041201","name":"ふれあい運動公園","address_pref":"愛媛県宇和島市吉田町鶴間1507","address_city":null,"address_detail":null,"contact":"0895-52-4155","flood":"1","landslide":null,"storm_surge":null,"earthquake":"1","tsunami":"1","large_fire":null,"inland_flood":null,"volcano":null,"shelter_overlap":"1","capacity":"1410","capacity_basis":null,"notes":null,"changed":null,"new":null,"address":"愛媛県宇和島市吉田町鶴間1507","gsi_common_id":"E3820300041201","coordinate_join_method":"matched_by_id"}},{"type":"Feature","geometry":{"type":"Point","coordinates":[132.55396027349,33.298142058669]},"properties":{"common_id":"E3820300044201","name":"吉田児童公園","address_pref":"愛媛県宇和島市吉田町西小路7","address_city":null,"address_detail":null,"contact":"0895-24-1111","flood":null,"landslide":"1","storm_surge":null,"earthquake":"1","tsunami":null,"large_fire":null,"inland_flood":null,"volcano":null,"shelter_overlap":null,"capacity":"850","capacity_basis":null,"notes":null,"changed":null,"new":null,"address":"愛媛県宇和島市吉田町西小路7","gsi_common_id":"E3820300044201","coordinate_join_method":"matched_by_id"}},{"type":"Feature","geometry":{"type":"Point","coordinates":[132.52901837597,33.293516407005]},"properties":{"common_id":"E3820300018201","name":"深浦集会所","address_pref":"愛媛県宇和島市吉田町深浦1－407－4","address_city":null,"address_detail":null,"contact":"0895-52-2960","flood":null,"landslide":"1","storm_surge":null,"earthquake":"1","tsunami":null,"large_fire":null,"inland_flood":null,"volcano":null,"shelter_overlap":null,"capacity":"131","capacity_basis":null,"notes":null,"changed":null,"new":null,"address":"愛媛県宇和島市吉田町深浦1－407－4","gsi_common_id":"E3820300018201","coordinate_join_method":"matched_by_id"}},{"type":"Feature","geometry":{"type":"Point","coordinates":[132.51648428334,33.120808978552]},"properties":{"common_id":"E3820300165201","name":"魚棚児童遊園","address_pref":"愛媛県宇和島市吉田町魚棚35－1","address_city":null,"address_detail":null,"contact":"0895-24-1111","flood":null,"landslide":"1","storm_surge":null,"earthquake":"1","tsunami":null,"large_fire":null,"inland_flood":null,"volcano":null,"shelter_overlap":null,"capacity":"304","capacity_basis":null,"notes":null,"changed":null,"new":null,"address":"愛媛県宇和島市吉田町魚棚35－1","gsi_common_id":"E3820300165201","coordinate_join_method":"matched_by_id"}},{"type":"Feature","geometry":{"type":"Point","coordinates":[132.56135345634,33.21619151858]},"properties":{"common_id":"E3820300183201","name":"喜佐方公民館","address_pref":"愛媛県宇和島市吉田町河内甲72－1","address_city":null,"address_detail":null,"contact":"0895-52-0068","flood":"1","landslide":null,"storm_surge":null,"earthquake":"1","tsunami":"1","large_fire":null,"inland_flood":null,"volcano":null,"shelter_overlap":"1","capacity":"446","capacity_basis":null,"notes":null,"changed":null,"new":null,"address":"愛媛県宇和島市吉田町河内甲72－1","gsi_common_id":"E3820300183201","coordinate_join_method":"matched_by_id"}},{"type":"Feature","geometry":{"type":"Point","coordinates":[132.57284262243,33.221822812477]},"properties":{"common_id":"E3820300013201","name":"河内中集会所","address_pref":"愛媛県宇和島市吉田町河内甲579","address_city":null,"address_detail":null,"contact":"0895-52-2515","flood":"1","landslide":"1","storm_surge":"1","earthquake":"1","tsunami":"1","large_fire":null,"inland_flood":null,"volcano":null,"shelter_overlap":null,"capacity":"172","capacity_basis":null,"notes":null,"changed":null,"new":null,"address":"愛媛県宇和島市吉田町河内甲579","gsi_common_id":"E3820300013201","coordinate_join_method":"matched_by_id"}},{"type":"Feature","geometry":{"type":"Point","coordinates":[132.64312976593,33.286883848771]},"properties":{"common_id":"E3820300110201","name":"河内中住民レク広場","address_pref":"愛媛県宇和島市吉田町河内甲564","address_city":null,"address_detail":null,"contact":"0895-24-1111","flood":null,"landslide":null,"storm_surge":"1","earthquake":"1","tsunami":"1","large_fire":null,"inland_flood":null,"volcano":null,"shelter_overlap":null,"capacity":"1200","capacity_basis":null,"notes":null,"changed":null,"new":null,"address":"愛媛県宇和島市吉田町河内甲564","gsi_common_id":"E3820300110201","coordinate_join_method":"matched_by_id"}},{"type":"Feature","geometry":{"type":"Point","coordinates":[132.29027402764,33.168670563629]},"properties":{"common_id":"E3820300186201","name":"喜佐方小学校グランド","address_pref":"愛媛県宇和島市吉田町沖村甲2325－1","address_city":null,"address_detail":null,"contact":"0895-52-0563","flood":"1","landslide":null,"storm_surge":"1","earthquake":"1","tsunami":"1","large_fire":null,"inland_flood":null,"volcano":null,"shelter_overlap":"1","capacity":"3950","capacity_basis":null,"notes":null,"changed":null,"new":null,"address":"愛媛県宇和島市吉田町沖村甲2325－1","gsi_common_id":"E3820300186201","coordinate_join_method":"matched_by_id"}},{"type":"Feature","geometry":{"type":"Point","coordinates":[132.52873253656,33.310298567645]},"properties":{"common_id":"E3820300033201","name":"鳥首公民館（鳥首集会所）","address_pref":"愛媛県宇和島市吉田町沖村甲1882-3、1883-1","address_city":null,"address_detail":null,"contact":"0895-52-2513","flood":"1","landslide":null,"storm_surge":"1","earthquake":"1","tsunami":"1","large_fire":null,"inland_flood":null,"volcano":null,"shelter_overlap":null,"capacity":"145","capacity_basis":null,"notes":null,"changed":null,"new":null,"address":"愛媛県宇和島市吉田町沖村甲1882-3、1883-1","gsi_common_id":"E3820300033201","coordinate_join_method":"matched_by_id"}},{"type":"Feature","geometry":{"type":"Point","coordinates":[132.51439553384,33.08851603141]},"properties":{"common_id":"E3820300169201","name":"奥南小学校グランド","address_pref":"愛媛県宇和島市吉田町奥浦甲65－1","address_city":null,"address_detail":null,"contact":"0895-54-0013","flood":"1","landslide":null,"storm_surge":null,"earthquake":"1","tsunami":null,"large_fire":null,"inland_flood":null,"volcano":null,"shelter_overlap":"1","capacity":"2668","capacity_basis":null,"notes":null,"changed":null,"new":null,"address":"愛媛県宇和島市吉田町奥浦甲65－1","gsi_common_id":"E3820300169201","coordinate_join_method":"matched_by_id"}},{"type":"Feature","geometry":{"type":"Point","coordinates":[132.54988402873,33.200968847271]},"properties":{"common_id":"E3820300054201","name":"船間集会所","address_pref":"愛媛県宇和島市吉田町奥浦甲3248－3","address_city":null,"address_detail":null,"contact":"0895-24-1111","flood":"1","landslide":null,"storm_surge":null,"earthquake":"1","tsunami":null,"large_fire":null,"inland_flood":null,"volcano":null,"shelter_overlap":null,"capacity":"142","capacity_basis":null,"notes":null,"changed":null,"new":null,"address":"愛媛県宇和島市吉田町奥浦甲3248－3","gsi_common_id":"E3820300054201","coordinate_join_method":"matched_by_id"}},{"type":"Feature","geometry":{"type":"Point","coordinates":[132.46843087682,33.141658511574]},"properties":{"common_id":"E3820300174201","name":"奥南公民館","address_pref":"愛媛県宇和島市吉田町奥浦甲1－1","address_city":null,"address_detail":null,"contact":"0895-54-0001","flood":"1","landslide":null,"storm_surge":null,"earthquake":"1","tsunami":null,"large_fire":null,"inland_flood":null,"volcano":null,"shelter_overlap":"1","capacity":"536","capacity_basis":null,"notes":null,"changed":null,"new":null,"address":"愛媛県宇和島市吉田町奥浦甲1－1","gsi_common_id":"E3820300174201","coordinate_join_method":"matched_by_id"}},{"type":"Feature","geometry":{"type":"Point","coordinates":[132.54070201703,33.29486923235]},"properties":{"common_id":"E3820300047201","name":"天神小学校","address_pref":"愛媛県宇和島市丸穂町甲978","address_city":null,"address_detail":null,"contact":"0895-22-0428","flood":"1","landslide":"1","storm_surge":"1","earthquake":"1","tsunami":"1","large_fire":null,"inland_flood":null,"volcano":null,"shelter_overlap":"1","capacity":"8850","capacity_basis":null,"notes":null,"changed":null,"new":null,"address":"愛媛県宇和島市丸穂町甲978","gsi_common_id":"E3820300047201","coordinate_join_method":"matched_by_id"}},{"type":"Feature","geometry":{"type":"Point","coordinates":[132.45507601203,33.193958407404]},"properties":{"common_id":"E3820300208201","name":"結出小学校","address_pref":"愛媛県宇和島市下波3731・3739・3740","address_city":null,"address_detail":null,"contact":"0895-29-0040","flood":"1","landslide":null,"storm_surge":null,"earthquake":"1","tsunami":null,"large_fire":null,"inland_flood":null,"volcano":null,"shelter_overlap":"1","capacity":"3118","capacity_basis":null,"notes":null,"changed":null,"new":null,"address":"愛媛県宇和島市下波3731・3739・3740","gsi_common_id":"E3820300208201","coordinate_join_method":"matched_by_id"}},{"type":"Feature","geometry":{"type":"Point","coordinates":[132.56554136009,33.228217844101]},"properties":{"common_id":"E3820300212201","name":"旧宇和海中学校","address_pref":"愛媛県宇和島市下波2952－1","address_city":null,"address_detail":null,"contact":"0895-29-0311","flood":"1","landslide":null,"storm_surge":null,"earthquake":"1","tsunami":null,"large_fire":null,"inland_flood":null,"volcano":null,"shelter_overlap":"1","capacity":"13298","capacity_basis":null,"notes":null,"changed":null,"new":null,"address":"愛媛県宇和島市下波2952－1","gsi_common_id":"E3820300212201","coordinate_join_method":"matched_by_id"}},{"type":"Feature","geometry":{"type":"Point","coordinates":[132.57563222334,33.230814162349]},"properties":{"common_id":"E3820300001201","name":"和霊小学校","address_pref":"愛媛県宇和島市伊吹町甲111","address_city":null,"address_detail":null,"contact":"0895-22-0358","flood":"1","landslide":"1","storm_surge":"1","earthquake":"1","tsunami":"1","large_fire":null,"inland_flood":null,"volcano":null,"shelter_overlap":"1","capacity":"6000","capacity_basis":null,"notes":null,"changed":null,"new":null,"address":"愛媛県宇和島市伊吹町甲111","gsi_common_id":"E3820300001201","coordinate_join_method":"matched_by_id"}},{"type":"Feature","geometry":{"type":"Point","coordinates":[132.42413919776,33.465787753664]},"properties":{"common_id":"E3820400030204","name":"白浜小学校　体育館","address_pref":"愛媛県","address_city":"八幡浜市向灘","address_detail":"3063","contact":"(0894)22-0135","flood":null,"landslide":null,"storm_surge":null,"earthquake":"1","tsunami":null,"large_fire":null,"inland_flood":null,"volcano":null,"shelter_overlap":"1","capacity":"580","capacity_basis":"1.0","notes":null,"changed":null,"new":null,"address":"愛媛県八幡浜市向灘3063","gsi_common_id":"E3820400030204","coordinate_join_method":"matched_by_id"}},{"type":"Feature","geometry":{"type":"Point","coordinates":[132.42427330821,33.465483447736]},"properties":{"common_id":"E3820400030203","name":"白浜小学校　東校舎　（洪水・土砂災害・高潮は２階以上）","address_pref":"愛媛県","address_city":"八幡浜市向灘","address_detail":"3063","contact":"(0894)22-0135","flood":"1","landslide":"1","storm_surge":"1","earthquake":null,"tsunami":null,"large_fire":null,"inland_flood":null,"volcano":null,"shelter_overlap":"1","capacity":"434","capacity_basis":"1.0","notes":null,"changed":null,"new":null,"address":"愛媛県八幡浜市向灘3063","gsi_common_id":"E3820400030203","coordinate_join_method":"matched_by_id"}},{"type":"Feature","geometry":{"type":"Point","coordinates":[132.42349010318,33.465514773395]},"properties":{"common_id":"E3820400030202","name":"白浜小学校　西校舎　（洪水・土砂災害・高潮は２階以上）","address_pref":"愛媛県","address_city":"八幡浜市向灘","address_detail":"3063","contact":"(0894)22-0135","flood":"1","landslide":"1","storm_surge":"1","earthquake":"1","tsunami":null,"large_fire":null,"inland_flood":null,"volcano":null,"shelter_overlap":"1","capacity":"712","capacity_basis":"1.0","notes":null,"changed":null,"new":null,"address":"愛媛県八幡浜市向灘3063","gsi_common_id":"E3820400030202","coordinate_join_method":"matched_by_id"}},{"type":"Feature","geometry":{"type":"Point","coordinates":[132.42382806151,33.465452122066]},"properties":{"common_id":"E3820400030201","name":"白浜小学校　グラウンド","address_pref":"愛媛県","address_city":"八幡浜市向灘","address_detail":"3063","contact":"(0894)22-0135","flood":null,"landslide":null,"storm_surge":null,"earthquake":"1","tsunami":null,"large_fire":"1","inland_flood":null,"volcano":null,"shelter_overlap":"1","capacity":"7361","capacity_basis":"1.0","notes":null,"changed":null,"new":null,"address":"愛媛県八幡浜市向灘3063","gsi_common_id":"E3820400030201","coordinate_join_method":"matched_by_id"}},{"type":"Feature","geometry":{"type":"Point","coordinates":[132.42508149049,33.466306333926]},"properties":{"common_id":"E3820400004201","name":"白浜保育所　（洪水・土砂災害・高潮は２階以上）","address_pref":"愛媛県","address_city":"八幡浜市裁判所通","address_detail":"1550-20","contact":"(0894)22-2454","flood":"1","landslide":"1","storm_surge":"1","earthquake":"1","tsunami":null,"large_fire":null,"inland_flood":null,"volcano":null,"shelter_overlap":"1","capacity":"479","capacity_basis":"1.0","notes":null,"changed":null,"new":null,"address":"愛媛県八幡浜市裁判所通1550-20","gsi_common_id":"E3820400105201","coordinate_join_method":"matched_by_name_address"}},{"type":"Feature","geometry":{"type":"Point","coordinates":[132.42289807504,33.463607473636]},"properties":{"common_id":"E3820400101202","name":"白浜地区公民館　（洪水・高潮は２階以上）","address_pref":"愛媛県","address_city":"八幡浜市北浜一丁目","address_detail":"7-30","contact":"(0894)24-5640","flood":"1","landslide":"1","storm_surge":"1","earthquake":"1","tsunami":null,"large_fire":null,"inland_flood":null,"volcano":null,"shelter_overlap":"1","capacity":"287","capacity_basis":"1.0","notes":null,"changed":null,"new":null,"address":"愛媛県八幡浜市北浜一丁目7-30","gsi_common_id":"E3820400101202","coordinate_join_method":"matched_by_id"}},{"type":"Feature","geometry":{"type":"Point","coordinates":[132.42172299709,33.46322511965]},"properties":{"common_id":"E3820400100201","name":"八幡浜市民スポーツセンター","address_pref":"愛媛県","address_city":"八幡浜市北浜一丁目","address_detail":"5-1","contact":"(0894)22-3110","flood":"1","landslide":"1","storm_surge":null,"earthquake":"1","tsunami":null,"large_fire":null,"inland_flood":null,"volcano":null,"shelter_overlap":"1","capacity":"2051","capacity_basis":"1.0","notes":null,"changed":null,"new":null,"address":"愛媛県八幡浜市北浜一丁目5-1","gsi_common_id":"E3820400100201","coordinate_join_method":"matched_by_id"}},{"type":"Feature","geometry":{"type":"Point","coordinates":[132.42329125363,33.462909472903]},"properties":{"common_id":"E3820400096201","name":"八幡浜市役所八幡浜庁舎　（５階以上）","address_pref":"愛媛県","address_city":"八幡浜市北浜一丁目","address_detail":"1-1","contact":"(0894)22-3111","flood":"1","landslide":"1","storm_surge":"1","earthquake":"1","tsunami":"1","large_fire":null,"inland_flood":null,"volcano":null,"shelter_overlap":"1","capacity":"496","capacity_basis":"1.0","notes":null,"changed":null,"new":null,"address":"愛媛県八幡浜市北浜一丁目1-1","gsi_common_id":"E3820400096201","coordinate_join_method":"matched_by_id"}},{"type":"Feature","geometry":{"type":"Point","coordinates":[132.42398453359,33.466448334437]},"properties":{"common_id":"E3820400028201","name":"介護老人保健施設青葉荘　（４階以上）","address_pref":"愛媛県","address_city":"八幡浜市向灘","address_detail":"229-14","contact":"(0894)22-5855","flood":null,"landslide":null,"storm_surge":null,"earthquake":null,"tsunami":"1","large_fire":null,"inland_flood":null,"volcano":null,"shelter_overlap":null,"capacity":"1120","capacity_basis":"1.0","notes":null,"changed":null,"new":null,"address":"愛媛県八幡浜市向灘229-14","gsi_common_id":"E3820400028201","coordinate_join_method":"matched_by_id"}},{"type":"Feature","geometry":{"type":"Point","coordinates":[132.42457998399,33.466385683782]},"properties":{"common_id":"E3820400029201","name":"特別養護老人ホームことぶき荘　（４階）","address_pref":"愛媛県","address_city":"八幡浜市向灘","address_detail":"229-18","contact":"(0894)24-6655","flood":null,"landslide":null,"storm_surge":null,"earthquake":null,"tsunami":"1","large_fire":null,"inland_flood":null,"volcano":null,"shelter_overlap":null,"capacity":"374","capacity_basis":"1.0","notes":null,"changed":null,"new":null,"address":"愛媛県八幡浜市向灘229-18","gsi_common_id":"E3820400029201","coordinate_join_method":"matched_by_id"}},{"type":"Feature","geometry":{"type":"Point","coordinates":[132.42237790776,33.461657608384]},"properties":{"common_id":"E3820400099201","name":"愛媛県南予地方局八幡浜支局（７階）","address_pref":"愛媛県","address_city":"八幡浜市北浜一丁目","address_detail":"3-37","contact":"(0894)22-4111","flood":null,"landslide":null,"storm_surge":null,"earthquake":null,"tsunami":"1","large_fire":null,"inland_flood":null,"volcano":null,"shelter_overlap":null,"capacity":"600","capacity_basis":"1.0","notes":null,"changed":null,"new":null,"address":"愛媛県八幡浜市北浜一丁目3-37","gsi_common_id":"E3820400099201","coordinate_join_method":"matched_by_id"}},{"type":"Feature","geometry":{"type":"Point","coordinates":[132.42464703398,33.462083034235]},"properties":{"common_id":"E3820400008201","name":"池上マンション　（４階以上）","address_pref":"愛媛県","address_city":"八幡浜市琴平町","address_detail":"348-1","contact":"(0894)22-3111","flood":null,"landslide":null,"storm_surge":null,"earthquake":null,"tsunami":"1","large_fire":null,"inland_flood":null,"volcano":null,"shelter_overlap":null,"capacity":"353","capacity_basis":"1.0","notes":null,"changed":null,"new":null,"address":"愛媛県八幡浜市琴平町348-1","gsi_common_id":"E3820400110201","coordinate_join_method":"matched_by_name_address"}},{"type":"Feature","geometry":{"type":"Point","coordinates":[132.42321924273,33.464074637582]},"properties":{"common_id":"E3820400101201","name":"北浜多目的広場","address_pref":"愛媛県","address_city":"八幡浜市北浜一丁目","address_detail":"7-30","contact":"(0894)23-1855","flood":null,"landslide":null,"storm_surge":null,"earthquake":"1","tsunami":null,"large_fire":"1","inland_flood":null,"volcano":null,"shelter_overlap":"1","capacity":"3600","capacity_basis":"1.0","notes":null,"changed":null,"new":null,"address":"愛媛県八幡浜市北浜一丁目7-30","gsi_common_id":"E3820400101201","coordinate_join_method":"matched_by_id"}},{"type":"Feature","geometry":{"type":"Point","coordinates":[132.42661457602,33.454368166683]},"properties":{"common_id":"E3820400032203","name":"松蔭小学校　体育館","address_pref":"愛媛県","address_city":"八幡浜市広瀬","address_detail":"3-4-3","contact":"(0894)22-0212","flood":null,"landslide":null,"storm_surge":null,"earthquake":"1","tsunami":null,"large_fire":null,"inland_flood":null,"volcano":null,"shelter_overlap":"1","capacity":"570","capacity_basis":"1.0","notes":null,"changed":null,"new":null,"address":"愛媛県八幡浜市広瀬3-4-3","gsi_common_id":"E3820400032203","coordinate_join_method":"matched_by_id"}},{"type":"Feature","geometry":{"type":"Point","coordinates":[132.42700081413,33.454654609013]},"properties":{"common_id":"E3820400032202","name":"松蔭小学校　本校舎　（洪水は３階以上、土砂災害・高潮は２階以上）","address_pref":"愛媛県","address_city":"八幡浜市広瀬","address_detail":"3-4-3","contact":"(0894)22-0212","flood":"1","landslide":"1","storm_surge":"1","earthquake":"1","tsunami":null,"large_fire":null,"inland_flood":null,"volcano":null,"shelter_overlap":"1","capacity":"749","capacity_basis":"1.0","notes":null,"changed":null,"new":null,"address":"愛媛県八幡浜市広瀬3-4-3","gsi_common_id":"E3820400032202","coordinate_join_method":"matched_by_id"}},{"type":"Feature","geometry":{"type":"Point","coordinates":[132.42709737364,33.454189139747]},"properties":{"common_id":"E3820400032201","name":"松蔭小学校　グラウンド","address_pref":"愛媛県","address_city":"八幡浜市広瀬","address_detail":"3-4-3","contact":"(0894)22-0212","flood":null,"landslide":null,"storm_surge":null,"earthquake":"1","tsunami":null,"large_fire":"1","inland_flood":null,"volcano":null,"shelter_overlap":"1","capacity":"8420","capacity_basis":"1.0","notes":null,"changed":null,"new":null,"address":"愛媛県八幡浜市広瀬3-4-3","gsi_common_id":"E3820400032201","coordinate_join_method":"matched_by_id"}},{"type":"Feature","geometry":{"type":"Point","coordinates":[132.41827738529,33.458201209176]},"properties":{"common_id":"E3820400014202","name":"みなと交流館","address_pref":"愛媛県","address_city":"八幡浜市沖新田","address_detail":"1581-23","contact":"(0894)21-3710","flood":null,"landslide":"1","storm_surge":null,"earthquake":"1","tsunami":null,"large_fire":null,"inland_flood":null,"volcano":null,"shelter_overlap":"1","capacity":"266","capacity_basis":"1.0","notes":null,"changed":null,"new":null,"address":"愛媛県八幡浜市沖新田1581-23","gsi_common_id":"E3820400014202","coordinate_join_method":"matched_by_id"}},{"type":"Feature","geometry":{"type":"Point","coordinates":[132.41761756188,33.458897142115]},"properties":{"common_id":"E3820400014201","name":"沖新田緑地公園","address_pref":"愛媛県","address_city":"八幡浜市沖新田","address_detail":"1581-23","contact":"(0894)22-3111","flood":null,"landslide":null,"storm_surge":null,"earthquake":"1","tsunami":null,"large_fire":"1","inland_flood":null,"volcano":null,"shelter_overlap":"1","capacity":"4400","capacity_basis":"1.0","notes":null,"changed":null,"new":null,"address":"愛媛県八幡浜市沖新田1581-23","gsi_common_id":"E3820400014201","coordinate_join_method":"matched_by_id"}},{"type":"Feature","geometry":{"type":"Point","coordinates":[132.41082767406,33.448530336889]},"properties":{"common_id":"E3820400018201","name":"栗野浦共同作業所","address_pref":"愛媛県","address_city":"八幡浜市栗野浦","address_detail":"508-2","contact":"(0894)22-3111","flood":"1","landslide":"1","storm_surge":"1","earthquake":"1","tsunami":"1","large_fire":null,"inland_flood":null,"volcano":null,"shelter_overlap":"1","capacity":"159","capacity_basis":"1.0","notes":null,"changed":null,"new":null,"address":"愛媛県八幡浜市栗野浦508-2","gsi_common_id":"E3820400018201","coordinate_join_method":"matched_by_id"}},{"type":"Feature","geometry":{"type":"Point","coordinates":[132.42529594958,33.458606428588]},"properties":{"common_id":"E3820400005201","name":"松蔭地区公民館　（洪水・高潮は２階以上）","address_pref":"愛媛県","address_city":"八幡浜市中央","address_detail":"168-1","contact":"(0894)24-1130","flood":"1","landslide":"1","storm_surge":"1","earthquake":"1","tsunami":null,"large_fire":null,"inland_flood":null,"volcano":null,"shelter_overlap":"1","capacity":"320","capacity_basis":"1.0","notes":null,"changed":null,"new":null,"address":"愛媛県八幡浜市中央168-1","gsi_common_id":"E3820400106201","coordinate_join_method":"matched_by_name_address"}},{"type":"Feature","geometry":{"type":"Point","coordinates":[132.41574710986,33.452070720309]},"properties":{"common_id":"E3820400019201","name":"ふれあいセンター","address_pref":"愛媛県","address_city":"八幡浜市栗野浦","address_detail":"573-1","contact":"(0894)24-2585","flood":"1","landslide":null,"storm_surge":"1","earthquake":"1","tsunami":null,"large_fire":null,"inland_flood":null,"volcano":null,"shelter_overlap":"1","capacity":"141","capacity_basis":"1.0","notes":null,"changed":null,"new":null,"address":"愛媛県八幡浜市栗野浦573-1","gsi_common_id":"E3820400019201","coordinate_join_method":"matched_by_id"}},{"type":"Feature","geometry":{"type":"Point","coordinates":[132.41556484493,33.451481333353]},"properties":{"common_id":"E3820400017201","name":"八幡浜児童センター　（土砂災害は２階以上）","address_pref":"愛媛県","address_city":"八幡浜市栗野浦","address_detail":"463-1","contact":"(0894)22-5171","flood":"1","landslide":"1","storm_surge":"1","earthquake":"1","tsunami":null,"large_fire":null,"inland_flood":null,"volcano":null,"shelter_overlap":"1","capacity":"290","capacity_basis":"1.0","notes":null,"changed":null,"new":null,"address":"愛媛県八幡浜市栗野浦463-1","gsi_common_id":"E3820400017201","coordinate_join_method":"matched_by_id"}},{"type":"Feature","geometry":{"type":"Point","coordinates":[132.42276976634,33.461194858035]},"properties":{"common_id":"E3820400098201","name":"八幡浜商工会館　（４階以上）","address_pref":"愛媛県","address_city":"八幡浜市北浜一丁目","address_detail":"3-25","contact":"(0894)22-3411","flood":null,"landslide":null,"storm_surge":null,"earthquake":null,"tsunami":"1","large_fire":null,"inland_flood":null,"volcano":null,"shelter_overlap":null,"capacity":"350","capacity_basis":"1.0","notes":null,"changed":null,"new":null,"address":"愛媛県八幡浜市北浜一丁目3-25","gsi_common_id":"E3820400098201","coordinate_join_method":"matched_by_id"}},{"type":"Feature","geometry":{"type":"Point","coordinates":[132.42134014893,33.46208320379]},"properties":{"common_id":"E3820400097201","name":"北浜立体駐車場　（４階以上）","address_pref":"愛媛県","address_city":"八幡浜市北浜一丁目","address_detail":"1590-24","contact":"(0894)23-2877","flood":null,"landslide":null,"storm_surge":null,"earthquake":null,"tsunami":"1","large_fire":null,"inland_flood":null,"volcano":null,"shelter_overlap":null,"capacity":"2533","capacity_basis":"1.0","notes":null,"changed":null,"new":null,"address":"愛媛県八幡浜市北浜一丁目1590-24","gsi_common_id":"E3820400097201","coordinate_join_method":"matched_by_id"}},{"type":"Feature","geometry":{"type":"Point","coordinates":[132.42371923252,33.460206269827]},"properties":{"common_id":"E3820400009201","name":"八幡浜ハーバープラザホテル　（４階以上）","address_pref":"愛媛県","address_city":"八幡浜市仲之町","address_detail":"360","contact":"(0894)22-0022","flood":null,"landslide":null,"storm_surge":null,"earthquake":null,"tsunami":"1","large_fire":null,"inland_flood":null,"volcano":null,"shelter_overlap":null,"capacity":"350","capacity_basis":"1.0","notes":null,"changed":null,"new":null,"address":"愛媛県八幡浜市仲之町360","gsi_common_id":"E3820400009201","coordinate_join_method":"matched_by_id"}},{"type":"Feature","geometry":{"type":"Point","coordinates":[132.42830149279,33.460838272308]},"properties":{"common_id":"E3820400007203","name":"愛宕中学校　第１校舎","address_pref":"愛媛県","address_city":"八幡浜市愛宕","address_detail":"325","contact":"(0894)22-3166","flood":"1","landslide":"1","storm_surge":"1","earthquake":"1","tsunami":"1","large_fire":null,"inland_flood":null,"volcano":null,"shelter_overlap":"1","capacity":"382","capacity_basis":"1.0","notes":null,"changed":null,"new":null,"address":"愛媛県八幡浜市愛宕325","gsi_common_id":"E3820400108203","coordinate_join_method":"matched_by_name_address"}},{"type":"Feature","geometry":{"type":"Point","coordinates":[132.42847476359,33.460304586989]},"properties":{"common_id":"E3820400007201","name":"愛宕中学校　グラウンド","address_pref":"愛媛県","address_city":"八幡浜市愛宕","address_detail":"325","contact":"(0894)22-3166","flood":null,"landslide":null,"storm_surge":null,"earthquake":"1","tsunami":"1","large_fire":"1","inland_flood":null,"volcano":null,"shelter_overlap":"1","capacity":"9800","capacity_basis":"1.0","notes":null,"changed":null,"new":null,"address":"愛媛県八幡浜市愛宕325","gsi_common_id":"E3820400108201","coordinate_join_method":"matched_by_name_address"}},{"type":"Feature","geometry":{"type":"Point","coordinates":[132.42740348267,33.459489758584]},"properties":{"common_id":"E3820400010202","name":"愛宕保育所","address_pref":"愛媛県","address_city":"八幡浜市愛宕","address_detail":"487-3","contact":"(0894)22-4623","flood":"1","landslide":"1","storm_surge":"1","earthquake":null,"tsunami":"1","large_fire":null,"inland_flood":null,"volcano":null,"shelter_overlap":"1","capacity":"448","capacity_basis":"1.0","notes":null,"changed":null,"new":null,"address":"愛媛県八幡浜市愛宕487-3","gsi_common_id":"E3820400109201","coordinate_join_method":"matched_by_name_address"}},{"type":"Feature","geometry":{"type":"Point","coordinates":[132.42734098714,33.459658436423]},"properties":{"common_id":"E3820400010201","name":"武道館","address_pref":"愛媛県","address_city":"八幡浜市愛宕","address_detail":"487-3","contact":"(0894)24-5813","flood":"1","landslide":"1","storm_surge":"1","earthquake":null,"tsunami":"1","large_fire":null,"inland_flood":null,"volcano":null,"shelter_overlap":"1","capacity":"362","capacity_basis":"1.0","notes":null,"changed":null,"new":null,"address":"愛媛県八幡浜市愛宕487-3","gsi_common_id":"E3820400109202","coordinate_join_method":"matched_by_name_address"}},{"type":"Feature","geometry":{"type":"Point","coordinates":[132.43363689518,33.456823088291]},"properties":{"common_id":"E3820400034203","name":"江戸岡小学校　体育館　（２階）","address_pref":"愛媛県","address_city":"八幡浜市江戸岡一丁目","address_detail":"7-1","contact":"(0894)22-1046","flood":"1","landslide":"1","storm_surge":"1","earthquake":"1","tsunami":null,"large_fire":null,"inland_flood":null,"volcano":null,"shelter_overlap":"1","capacity":"570","capacity_basis":"1.0","notes":null,"changed":null,"new":null,"address":"愛媛県八幡浜市江戸岡一丁目7-1","gsi_common_id":"E3820400034203","coordinate_join_method":"matched_by_id"}},{"type":"Feature","geometry":{"type":"Point","coordinates":[132.43382464981,33.457463088446]},"properties":{"common_id":"E3820400034202","name":"江戸岡小学校　校舎　（洪水は２階以上）","address_pref":"愛媛県","address_city":"八幡浜市江戸岡一丁目","address_detail":"7-1","contact":"(0894)22-1046","flood":"1","landslide":"1","storm_surge":"1","earthquake":"1","tsunami":null,"large_fire":null,"inland_flood":null,"volcano":null,"shelter_overlap":"1","capacity":"679","capacity_basis":"1.0","notes":null,"changed":null,"new":null,"address":"愛媛県八幡浜市江戸岡一丁目7-1","gsi_common_id":"E3820400034202","coordinate_join_method":"matched_by_id"}},{"type":"Feature","geometry":{"type":"Point","coordinates":[132.43400704002,33.457105046984]},"properties":{"common_id":"E3820400034201","name":"江戸岡小学校　グラウンド","address_pref":"愛媛県","address_city":"八幡浜市江戸岡一丁目","address_detail":"7-1","contact":"(0894)22-1046","flood":null,"landslide":null,"storm_surge":null,"earthquake":"1","tsunami":null,"large_fire":"1","inland_flood":null,"volcano":null,"shelter_overlap":"1","capacity":"4482","capacity_basis":"1.0","notes":null,"changed":null,"new":null,"address":"愛媛県八幡浜市江戸岡一丁目7-1","gsi_common_id":"E3820400034201","coordinate_join_method":"matched_by_id"}},{"type":"Feature","geometry":{"type":"Point","coordinates":[132.43033862571,33.45704722721]},"properties":{"common_id":"E3820400002201","name":"江戸岡地区公民館　（洪水は２階以上）","address_pref":"愛媛県","address_city":"八幡浜市東新川","address_detail":"1253-4","contact":"(0894)24-5635","flood":"1","landslide":"1","storm_surge":"1","earthquake":"1","tsunami":null,"large_fire":null,"inland_flood":null,"volcano":null,"shelter_overlap":"1","capacity":"273","capacity_basis":"1.0","notes":null,"changed":null,"new":null,"address":"愛媛県八幡浜市東新川1253-4","gsi_common_id":"E3820400103201","coordinate_join_method":"matched_by_name_address"}},{"type":"Feature","geometry":{"type":"Point","coordinates":[132.43644563915,33.458619162606]},"properties":{"common_id":"E3820400033201","name":"西宇和農業協同組合本店　（４階以上）","address_pref":"愛媛県","address_city":"八幡浜市江戸岡一丁目","address_detail":"12-10","contact":"(0894)24-1111","flood":null,"landslide":null,"storm_surge":null,"earthquake":null,"tsunami":"1","large_fire":null,"inland_flood":null,"volcano":null,"shelter_overlap":null,"capacity":"641","capacity_basis":"1.0","notes":null,"changed":null,"new":null,"address":"愛媛県八幡浜市江戸岡一丁目12-10","gsi_common_id":"E3820400033201","coordinate_join_method":"matched_by_id"}},{"type":"Feature","geometry":{"type":"Point","coordinates":[132.43266861501,33.458765566861]},"properties":{"common_id":"E3820400049201","name":"四国電力㈱まつかやアパート　（４階以上）","address_pref":"愛媛県","address_city":"八幡浜市松柏丙","address_detail":"827","contact":"(0894)22-3111","flood":null,"landslide":null,"storm_surge":null,"earthquake":null,"tsunami":"1","large_fire":null,"inland_flood":null,"volcano":null,"shelter_overlap":null,"capacity":"779","capacity_basis":"1.0","notes":null,"changed":null,"new":null,"address":"愛媛県八幡浜市松柏丙827","gsi_common_id":"E3820400049201","coordinate_join_method":"matched_by_id"}},{"type":"Feature","geometry":{"type":"Point","coordinates":[132.43623216844,33.446961665999]},"properties":{"common_id":"E3820400021201","name":"神山地区公民館","address_pref":"愛媛県","address_city":"八幡浜市元城団地","address_detail":"48","contact":"(0894)23-0688","flood":"1","landslide":"1","storm_surge":"1","earthquake":"1","tsunami":"1","large_fire":null,"inland_flood":null,"volcano":null,"shelter_overlap":"1","capacity":"355","capacity_basis":"1.0","notes":null,"changed":null,"new":null,"address":"愛媛県八幡浜市元城団地48","gsi_common_id":"E3820400021201","coordinate_join_method":"matched_by_id"}},{"type":"Feature","geometry":{"type":"Point","coordinates":[132.43760609974,33.44764109033]},"properties":{"common_id":"E3820400023202","name":"神山小学校　校舎","address_pref":"愛媛県","address_city":"八幡浜市五反田","address_detail":"1-154","contact":"(0894)22-0365","flood":"1","landslide":"1","storm_surge":"1","earthquake":"1","tsunami":"1","large_fire":null,"inland_flood":null,"volcano":null,"shelter_overlap":"1","capacity":"1510","capacity_basis":"1.0","notes":null,"changed":null,"new":null,"address":"愛媛県八幡浜市五反田1-154","gsi_common_id":"E3820400023202","coordinate_join_method":"matched_by_id"}},{"type":"Feature","geometry":{"type":"Point","coordinates":[132.43730821344,33.447387881704]},"properties":{"common_id":"E3820400023203","name":"神山小学校　体育館","address_pref":"愛媛県","address_city":"八幡浜市五反田","address_detail":"1-154","contact":"(0894)22-0365","flood":"1","landslide":"1","storm_surge":"1","earthquake":"1","tsunami":"1","large_fire":null,"inland_flood":null,"volcano":null,"shelter_overlap":"1","capacity":"704","capacity_basis":"1.0","notes":null,"changed":null,"new":null,"address":"愛媛県八幡浜市五反田1-154","gsi_common_id":"E3820400023203","coordinate_join_method":"matched_by_id"}},{"type":"Feature","geometry":{"type":"Point","coordinates":[132.4371238624,33.447710822964]},"properties":{"common_id":"E3820400023201","name":"神山小学校　グラウンド","address_pref":"愛媛県","address_city":"八幡浜市五反田","address_detail":"1-154","contact":"(0894)22-0365","flood":null,"landslide":null,"storm_surge":null,"earthquake":"1","tsunami":"1","large_fire":"1","inland_flood":null,"volcano":null,"shelter_overlap":"1","capacity":"4920","capacity_basis":"1.0","notes":null,"changed":null,"new":null,"address":"愛媛県八幡浜市五反田1-154","gsi_common_id":"E3820400023201","coordinate_join_method":"matched_by_id"}},{"type":"Feature","geometry":{"type":"Point","coordinates":[132.43710720886,33.447380541086]},"properties":{"common_id":"E3820400024201","name":"神山児童クラブ","address_pref":"愛媛県","address_city":"八幡浜市五反田","address_detail":"1-173","contact":"(0894)22-3111","flood":"1","landslide":"1","storm_surge":"1","earthquake":"1","tsunami":"1","large_fire":null,"inland_flood":null,"volcano":null,"shelter_overlap":"1","capacity":"196","capacity_basis":"1.0","notes":null,"changed":null,"new":null,"address":"愛媛県八幡浜市五反田1-173","gsi_common_id":"E3820400024201","coordinate_join_method":"matched_by_id"}},{"type":"Feature","geometry":{"type":"Point","coordinates":[132.43151797072,33.450505952403]},"properties":{"common_id":"E3820400068204","name":"八代中学校　体育館","address_pref":"愛媛県","address_city":"八幡浜市八代","address_detail":"1-2-1","contact":"(0894)22-2360","flood":"1","landslide":null,"storm_surge":"1","earthquake":"1","tsunami":null,"large_fire":null,"inland_flood":null,"volcano":null,"shelter_overlap":"1","capacity":"591","capacity_basis":"1.0","notes":null,"changed":null,"new":null,"address":"愛媛県八幡浜市八代1-2-1","gsi_common_id":"E3820400068204","coordinate_join_method":"matched_by_id"}},{"type":"Feature","geometry":{"type":"Point","coordinates":[132.43081523196,33.450335869247]},"properties":{"common_id":"E3820400068203","name":"八代中学校　本館","address_pref":"愛媛県","address_city":"八幡浜市八代","address_detail":"1-2-1","contact":"(0894)22-2360","flood":"1","landslide":"1","storm_surge":"1","earthquake":"1","tsunami":null,"large_fire":null,"inland_flood":null,"volcano":null,"shelter_overlap":"1","capacity":"868","capacity_basis":"1.0","notes":null,"changed":null,"new":null,"address":"愛媛県八幡浜市八代1-2-1","gsi_common_id":"E3820400068203","coordinate_join_method":"matched_by_id"}},{"type":"Feature","geometry":{"type":"Point","coordinates":[132.43123848402,33.450794645416]},"properties":{"common_id":"E3820400068202","name":"八代中学校　木造校舎","address_pref":"愛媛県","address_city":"八幡浜市八代","address_detail":"1-2-1","contact":"(0894)22-2360","flood":"1","landslide":"1","storm_surge":"1","earthquake":"1","tsunami":null,"large_fire":null,"inland_flood":null,"volcano":null,"shelter_overlap":"1","capacity":"364","capacity_basis":"1.0","notes":null,"changed":null,"new":null,"address":"愛媛県八幡浜市八代1-2-1","gsi_common_id":"E3820400068202","coordinate_join_method":"matched_by_id"}},{"type":"Feature","geometry":{"type":"Point","coordinates":[132.43089569823,33.4498703768]},"properties":{"common_id":"E3820400068201","name":"八代中学校　グラウンド","address_pref":"愛媛県","address_city":"八幡浜市八代","address_detail":"1-2-1","contact":"(0894)22-2360","flood":null,"landslide":null,"storm_surge":null,"earthquake":"1","tsunami":null,"large_fire":"1","inland_flood":null,"volcano":null,"shelter_overlap":"1","capacity":"9614","capacity_basis":"1.0","notes":null,"changed":null,"new":null,"address":"愛媛県八幡浜市八代1-2-1","gsi_common_id":"E3820400068201","coordinate_join_method":"matched_by_id"}},{"type":"Feature","geometry":{"type":"Point","coordinates":[132.4407703719,33.448439846876]},"properties":{"common_id":"E3820400026201","name":"神山こども園　（土砂災害は２階以上）","address_pref":"愛媛県","address_city":"八幡浜市五反田","address_detail":"1-881-2","contact":"(0894)22-1093","flood":"1","landslide":"1","storm_surge":"1","earthquake":null,"tsunami":"1","large_fire":null,"inland_flood":null,"volcano":null,"shelter_overlap":"1","capacity":"282","capacity_basis":"1.0","notes":null,"changed":null,"new":null,"address":"愛媛県八幡浜市五反田1-881-2","gsi_common_id":"E3820400026201","coordinate_join_method":"matched_by_id"}},{"type":"Feature","geometry":{"type":"Point","coordinates":[132.43085621043,33.45205591281]},"properties":{"common_id":"E3820400022204","name":"八幡浜工業高等学校　体育館","address_pref":"愛媛県","address_city":"八幡浜市古町","address_detail":"2-3-1","contact":"(0894)22-2515","flood":"1","landslide":"1","storm_surge":"1","earthquake":"1","tsunami":null,"large_fire":null,"inland_flood":null,"volcano":null,"shelter_overlap":"1","capacity":"800","capacity_basis":"1.0","notes":null,"changed":null,"new":null,"address":"愛媛県八幡浜市古町2-3-1","gsi_common_id":"E3820400022204","coordinate_join_method":"matched_by_id"}},{"type":"Feature","geometry":{"type":"Point","coordinates":[132.43127463503,33.452257323042]},"properties":{"common_id":"E3820400022203","name":"八幡浜工業高等学校　本館　（土砂災害は２階、津波は４階以上）","address_pref":"愛媛県","address_city":"八幡浜市古町","address_detail":"2-3-1","contact":"(0894)22-2515","flood":"1","landslide":"1","storm_surge":"1","earthquake":"1","tsunami":"1","large_fire":null,"inland_flood":null,"volcano":null,"shelter_overlap":"1","capacity":"923","capacity_basis":"1.0","notes":null,"changed":null,"new":null,"address":"愛媛県八幡浜市古町2-3-1","gsi_common_id":"E3820400022203","coordinate_join_method":"matched_by_id"}},{"type":"Feature","geometry":{"type":"Point","coordinates":[132.43177030673,33.452217041033]},"properties":{"common_id":"E3820400022202","name":"八幡浜工業高等学校　武道場","address_pref":"愛媛県","address_city":"八幡浜市古町","address_detail":"2-3-1","contact":"(0894)22-2515","flood":"1","landslide":"1","storm_surge":"1","earthquake":"1","tsunami":null,"large_fire":null,"inland_flood":null,"volcano":null,"shelter_overlap":"1","capacity":"198","capacity_basis":"1.0","notes":null,"changed":null,"new":null,"address":"愛媛県八幡浜市古町2-3-1","gsi_common_id":"E3820400022202","coordinate_join_method":"matched_by_id"}},{"type":"Feature","geometry":{"type":"Point","coordinates":[132.43158040686,33.451572526344]},"properties":{"common_id":"E3820400022201","name":"八幡浜工業高等学校　グラウンド","address_pref":"愛媛県","address_city":"八幡浜市古町","address_detail":"2-3-1","contact":"(0894)22-2515","flood":null,"landslide":null,"storm_surge":null,"earthquake":"1","tsunami":null,"large_fire":"1","inland_flood":null,"volcano":null,"shelter_overlap":"1","capacity":"15273","capacity_basis":"1.0","notes":null,"changed":null,"new":null,"address":"愛媛県八幡浜市古町2-3-1","gsi_common_id":"E3820400022201","coordinate_join_method":"matched_by_id"}},{"type":"Feature","geometry":{"type":"Point","coordinates":[132.43339233903,33.448971145541]},"properties":{"common_id":"E3820400027201","name":"王子の森公園","address_pref":"愛媛県","address_city":"八幡浜市五反田地内","address_detail":null,"contact":"(0894)24-5924","flood":null,"landslide":null,"storm_surge":null,"earthquake":"1","tsunami":"1","large_fire":"1","inland_flood":null,"volcano":null,"shelter_overlap":null,"capacity":"16000","capacity_basis":"1.0","notes":null,"changed":null,"new":null,"address":"愛媛県八幡浜市五反田地内","gsi_common_id":"E3820400027201","coordinate_join_method":"matched_by_id"}},{"type":"Feature","geometry":{"type":"Point","coordinates":[132.44642038328,33.464931205488]},"properties":{"common_id":"E3820400046204","name":"松柏中学校　体育館","address_pref":"愛媛県","address_city":"八幡浜市松柏甲","address_detail":"734-1","contact":"(0894)22-1208","flood":null,"landslide":null,"storm_surge":"1","earthquake":"1","tsunami":"1","large_fire":null,"inland_flood":null,"volcano":null,"shelter_overlap":"1","capacity":"549","capacity_basis":"1.0","notes":null,"changed":null,"new":null,"address":"愛媛県八幡浜市松柏甲734-1","gsi_common_id":"E3820400046204","coordinate_join_method":"matched_by_id"}},{"type":"Feature","geometry":{"type":"Point","coordinates":[132.44585175497,33.464788001418]},"properties":{"common_id":"E3820400046203","name":"松柏中学校　本館　（洪水・土砂災害は２階以上）","address_pref":"愛媛県","address_city":"八幡浜市松柏甲","address_detail":"734-1","contact":"(0894)22-1208","flood":"1","landslide":"1","storm_surge":"1","earthquake":"1","tsunami":"1","large_fire":null,"inland_flood":null,"volcano":null,"shelter_overlap":"1","capacity":"620","capacity_basis":"1.0","notes":null,"changed":null,"new":null,"address":"愛媛県八幡浜市松柏甲734-1","gsi_common_id":"E3820400046203","coordinate_join_method":"matched_by_id"}},{"type":"Feature","geometry":{"type":"Point","coordinates":[132.44549770338,33.464340487171]},"properties":{"common_id":"E3820400046202","name":"松柏中学校　西教棟　（洪水は２階以上）","address_pref":"愛媛県","address_city":"八幡浜市松柏甲","address_detail":"734-1","contact":"(0894)22-1208","flood":"1","landslide":null,"storm_surge":"1","earthquake":null,"tsunami":"1","large_fire":null,"inland_flood":null,"volcano":null,"shelter_overlap":"1","capacity":"105","capacity_basis":"1.0","notes":null,"changed":null,"new":null,"address":"愛媛県八幡浜市松柏甲734-1","gsi_common_id":"E3820400046202","coordinate_join_method":"matched_by_id"}},{"type":"Feature","geometry":{"type":"Point","coordinates":[132.44601268751,33.464416564756]},"properties":{"common_id":"E3820400046201","name":"松柏中学校　グラウンド","address_pref":"愛媛県","address_city":"八幡浜市松柏甲","address_detail":"734-1","contact":"(0894)22-1208","flood":null,"landslide":null,"storm_surge":null,"earthquake":"1","tsunami":"1","large_fire":"1","inland_flood":null,"volcano":null,"shelter_overlap":"1","capacity":"6547","capacity_basis":"1.0","notes":null,"changed":null,"new":null,"address":"愛媛県八幡浜市松柏甲734-1","gsi_common_id":"E3820400046201","coordinate_join_method":"matched_by_id"}},{"type":"Feature","geometry":{"type":"Point","coordinates":[132.43912581789,33.462716227422]},"properties":{"common_id":"E3820400048204","name":"八幡浜高等学校　体育館","address_pref":"愛媛県","address_city":"八幡浜市松柏丙","address_detail":"654","contact":"(0894)22-2570","flood":null,"landslide":null,"storm_surge":"1","earthquake":"1","tsunami":"1","large_fire":null,"inland_flood":null,"volcano":null,"shelter_overlap":"1","capacity":"1134","capacity_basis":"1.0","notes":null,"changed":null,"new":null,"address":"愛媛県八幡浜市松柏丙654","gsi_common_id":"E3820400048204","coordinate_join_method":"matched_by_id"}},{"type":"Feature","geometry":{"type":"Point","coordinates":[132.43847597303,33.462274207237]},"properties":{"common_id":"E3820400048203","name":"八幡浜高等学校　格技場","address_pref":"愛媛県","address_city":"八幡浜市松柏丙","address_detail":"654","contact":"(0894)22-2570","flood":null,"landslide":null,"storm_surge":"1","earthquake":"1","tsunami":"1","large_fire":null,"inland_flood":null,"volcano":null,"shelter_overlap":"1","capacity":"378","capacity_basis":"1.0","notes":null,"changed":null,"new":null,"address":"愛媛県八幡浜市松柏丙654","gsi_common_id":"E3820400048203","coordinate_join_method":"matched_by_id"}},{"type":"Feature","geometry":{"type":"Point","coordinates":[132.43989829409,33.461856977493]},"properties":{"common_id":"E3820400048202","name":"八幡浜高等学校　いずしね館　（洪水・土砂災害は２階以上）","address_pref":"愛媛県","address_city":"八幡浜市松柏丙","address_detail":"654","contact":"(0894)22-2570","flood":"1","landslide":"1","storm_surge":"1","earthquake":"1","tsunami":"1","large_fire":null,"inland_flood":null,"volcano":null,"shelter_overlap":"1","capacity":"190","capacity_basis":"1.0","notes":null,"changed":null,"new":null,"address":"愛媛県八幡浜市松柏丙654","gsi_common_id":"E3820400048202","coordinate_join_method":"matched_by_id"}},{"type":"Feature","geometry":{"type":"Point","coordinates":[132.4390485708,33.461946483092]},"properties":{"common_id":"E3820400048201","name":"八幡浜高等学校　グラウンド","address_pref":"愛媛県","address_city":"八幡浜市松柏丙","address_detail":"654","contact":"(0894)22-2570","flood":null,"landslide":null,"storm_surge":null,"earthquake":"1","tsunami":"1","large_fire":"1","inland_flood":null,"volcano":null,"shelter_overlap":"1","capacity":"11598","capacity_basis":"1.0","notes":null,"changed":null,"new":null,"address":"愛媛県八幡浜市松柏丙654","gsi_common_id":"E3820400048201","coordinate_join_method":"matched_by_id"}},{"type":"Feature","geometry":{"type":"Point","coordinates":[132.438311,33.460284]},"properties":{"common_id":"E3820400043201","name":"保健福祉総合センター　（洪水・土砂災害は２階以上）","address_pref":"愛媛県","address_city":"八幡浜市松柏乙","address_detail":"1101","contact":"(0894)24-6626","flood":"1","landslide":"1","storm_surge":"1","earthquake":"1","tsunami":null,"large_fire":null,"inland_flood":null,"volcano":null,"shelter_overlap":"1","capacity":"761","capacity_basis":"1.0","notes":null,"changed":null,"new":null,"address":"愛媛県八幡浜市松柏乙1101","gsi_common_id":"E3820400043201","coordinate_join_method":"matched_by_id"}},{"type":"Feature","geometry":{"type":"Point","coordinates":[132.45177968592,33.464619118799]},"properties":{"common_id":"E3820400016203","name":"千丈小学校　体育館　（土砂災害は２階以上）","address_pref":"愛媛県","address_city":"八幡浜市郷","address_detail":"4-1","contact":"(0894)22-0644","flood":null,"landslide":"1","storm_surge":"1","earthquake":"1","tsunami":"1","large_fire":null,"inland_flood":null,"volcano":null,"shelter_overlap":"1","capacity":"495","capacity_basis":"1.0","notes":null,"changed":null,"new":null,"address":"愛媛県八幡浜市郷4-1","gsi_common_id":"E3820400016203","coordinate_join_method":"matched_by_id"}},{"type":"Feature","geometry":{"type":"Point","coordinates":[132.4513558969,33.464869726256]},"properties":{"common_id":"E3820400016202","name":"千丈小学校　校舎　（土砂災害は２階以上）","address_pref":"愛媛県","address_city":"八幡浜市郷","address_detail":"4-1","contact":"(0894)22-0644","flood":null,"landslide":"1","storm_surge":"1","earthquake":"1","tsunami":"1","large_fire":null,"inland_flood":null,"volcano":null,"shelter_overlap":"1","capacity":"744","capacity_basis":"1.0","notes":null,"changed":null,"new":null,"address":"愛媛県八幡浜市郷4-1","gsi_common_id":"E3820400016202","coordinate_join_method":"matched_by_id"}},{"type":"Feature","geometry":{"type":"Point","coordinates":[132.45124324412,33.46448038936]},"properties":{"common_id":"E3820400016201","name":"千丈小学校　グラウンド","address_pref":"愛媛県","address_city":"八幡浜市郷","address_detail":"4-1","contact":"(0894)22-0644","flood":null,"landslide":null,"storm_surge":null,"earthquake":"1","tsunami":"1","large_fire":"1","inland_flood":null,"volcano":null,"shelter_overlap":"1","capacity":"6548","capacity_basis":"1.0","notes":null,"changed":null,"new":null,"address":"愛媛県八幡浜市郷4-1","gsi_common_id":"E3820400016201","coordinate_join_method":"matched_by_id"}},{"type":"Feature","geometry":{"type":"Point","coordinates":[132.45486823815,33.465031391251]},"properties":{"common_id":"E3820400045201","name":"千丈保育所（土砂災害は２階以上）","address_pref":"愛媛県","address_city":"八幡浜市松柏甲","address_detail":"67-1","contact":"(0894)22-2494","flood":null,"landslide":"1","storm_surge":"1","earthquake":null,"tsunami":"1","large_fire":null,"inland_flood":null,"volcano":null,"shelter_overlap":"1","capacity":"464","capacity_basis":"1.0","notes":null,"changed":null,"new":null,"address":"愛媛県八幡浜市松柏甲67-1","gsi_common_id":"E3820400045201","coordinate_join_method":"matched_by_id"}},{"type":"Feature","geometry":{"type":"Point","coordinates":[132.449386,33.478711892853]},"properties":{"common_id":"E3820400035202","name":"旧長谷小学校　校舎","address_pref":"愛媛県","address_city":"八幡浜市高野地","address_detail":"716","contact":"(0894)22-3111","flood":"1","landslide":null,"storm_surge":"1","earthquake":null,"tsunami":"1","large_fire":null,"inland_flood":null,"volcano":null,"shelter_overlap":"1","capacity":"199","capacity_basis":"1.0","notes":null,"changed":null,"new":null,"address":"愛媛県八幡浜市高野地716","gsi_common_id":"E3820400035202","coordinate_join_method":"matched_by_id"}},{"type":"Feature","geometry":{"type":"Point","coordinates":[132.44949795537,33.478649608957]},"properties":{"common_id":"E3820400035201","name":"旧長谷小学校　グラウンド","address_pref":"愛媛県","address_city":"八幡浜市高野地","address_detail":"716","contact":"(0894)22-3111","flood":null,"landslide":null,"storm_surge":null,"earthquake":"1","tsunami":"1","large_fire":"1","inland_flood":null,"volcano":null,"shelter_overlap":"1","capacity":"1386","capacity_basis":"1.0","notes":null,"changed":null,"new":null,"address":"愛媛県八幡浜市高野地716","gsi_common_id":"E3820400035201","coordinate_join_method":"matched_by_id"}},{"type":"Feature","geometry":{"type":"Point","coordinates":[132.45304350293,33.479161949574]},"properties":{"common_id":"E3820400036201","name":"千丈地区公民館高野地分館","address_pref":"愛媛県","address_city":"八幡浜市高野地","address_detail":"852","contact":"(0894)24-0619","flood":"1","landslide":"1","storm_surge":null,"earthquake":"1","tsunami":"1","large_fire":null,"inland_flood":null,"volcano":null,"shelter_overlap":"1","capacity":"67","capacity_basis":"1.0","notes":null,"changed":null,"new":null,"address":"愛媛県八幡浜市高野地852","gsi_common_id":"E3820400036201","coordinate_join_method":"matched_by_id"}},{"type":"Feature","geometry":{"type":"Point","coordinates":[132.4786728292,33.467004644472]},"properties":{"common_id":"E3820400058201","name":"川之内地区公民館　（土砂災害は２階以上）","address_pref":"愛媛県","address_city":"八幡浜市川之内","address_detail":"4-149-4","contact":"(0894)24-5624","flood":"1","landslide":"1","storm_surge":null,"earthquake":"1","tsunami":"1","large_fire":null,"inland_flood":null,"volcano":null,"shelter_overlap":"1","capacity":"225","capacity_basis":"1.0","notes":null,"changed":null,"new":null,"address":"愛媛県八幡浜市川之内4-149-4","gsi_common_id":"E3820400058201","coordinate_join_method":"matched_by_id"}},{"type":"Feature","geometry":{"type":"Point","coordinates":[132.48002977289,33.467791720738]},"properties":{"common_id":"E3820400057202","name":"旧川之内小学校　校舎・講堂","address_pref":"愛媛県","address_city":"八幡浜市川之内","address_detail":"1-182","contact":"(0894)22-3111","flood":"1","landslide":null,"storm_surge":null,"earthquake":null,"tsunami":"1","large_fire":null,"inland_flood":null,"volcano":null,"shelter_overlap":"1","capacity":"331","capacity_basis":"1.0","notes":null,"changed":null,"new":null,"address":"愛媛県八幡浜市川之内1-182","gsi_common_id":"E3820400057202","coordinate_join_method":"matched_by_id"}},{"type":"Feature","geometry":{"type":"Point","coordinates":[132.48012542022,33.467673402148]},"properties":{"common_id":"E3820400057201","name":"旧川之内小学校　グラウンド","address_pref":"愛媛県","address_city":"八幡浜市川之内","address_detail":"1-182","contact":"(0894)22-3111","flood":null,"landslide":null,"storm_surge":null,"earthquake":"1","tsunami":"1","large_fire":"1","inland_flood":null,"volcano":null,"shelter_overlap":"1","capacity":"1650","capacity_basis":"1.0","notes":null,"changed":null,"new":null,"address":"愛媛県八幡浜市川之内1-182","gsi_common_id":"E3820400057201","coordinate_join_method":"matched_by_id"}},{"type":"Feature","geometry":{"type":"Point","coordinates":[132.4588705722,33.420689347606]},"properties":{"common_id":"E3820400040203","name":"双岩小学校　体育館","address_pref":"愛媛県","address_city":"八幡浜市若山","address_detail":"3-167","contact":"(0894)22-4302","flood":"1","landslide":"1","storm_surge":"1","earthquake":"1","tsunami":"1","large_fire":null,"inland_flood":null,"volcano":null,"shelter_overlap":"1","capacity":"452","capacity_basis":"1.0","notes":null,"changed":null,"new":null,"address":"愛媛県八幡浜市若山3-167","gsi_common_id":"E3820400040203","coordinate_join_method":"matched_by_id"}},{"type":"Feature","geometry":{"type":"Point","coordinates":[132.45814637576,33.420613231665]},"properties":{"common_id":"E3820400040202","name":"双岩小学校　校舎","address_pref":"愛媛県","address_city":"八幡浜市若山","address_detail":"3-167","contact":"(0894)22-4302","flood":"1","landslide":"1","storm_surge":"1","earthquake":"1","tsunami":"1","large_fire":null,"inland_flood":null,"volcano":null,"shelter_overlap":"1","capacity":"439","capacity_basis":"1.0","notes":null,"changed":null,"new":null,"address":"愛媛県八幡浜市若山3-167","gsi_common_id":"E3820400040202","coordinate_join_method":"matched_by_id"}},{"type":"Feature","geometry":{"type":"Point","coordinates":[132.45853261386,33.421101268009]},"properties":{"common_id":"E3820400040201","name":"双岩小学校　グラウンド","address_pref":"愛媛県","address_city":"八幡浜市若山","address_detail":"3-167","contact":"(0894)22-4302","flood":null,"landslide":null,"storm_surge":null,"earthquake":"1","tsunami":"1","large_fire":"1","inland_flood":null,"volcano":null,"shelter_overlap":"1","capacity":"5743","capacity_basis":"1.0","notes":null,"changed":null,"new":null,"address":"愛媛県八幡浜市若山3-167","gsi_common_id":"E3820400040201","coordinate_join_method":"matched_by_id"}},{"type":"Feature","geometry":{"type":"Point","coordinates":[132.46089511094,33.423869071699]},"properties":{"common_id":"E3820400038202","name":"旧双岩中学校　体育館（土砂災害は２階以上）","address_pref":"愛媛県","address_city":"八幡浜市若山","address_detail":"1-330-1","contact":"(0894)22-3111","flood":"1","landslide":"1","storm_surge":"1","earthquake":"1","tsunami":"1","large_fire":null,"inland_flood":null,"volcano":null,"shelter_overlap":"1","capacity":"540","capacity_basis":"1.0","notes":null,"changed":null,"new":null,"address":"愛媛県八幡浜市若山1-330-1","gsi_common_id":"E3820400038202","coordinate_join_method":"matched_by_id"}},{"type":"Feature","geometry":{"type":"Point","coordinates":[132.46062152562,33.423797435793]},"properties":{"common_id":"E3820400038201","name":"旧双岩中学校　校舎","address_pref":"愛媛県","address_city":"八幡浜市若山","address_detail":"1-330-1","contact":"(0894)22-3111","flood":"1","landslide":"1","storm_surge":"1","earthquake":"1","tsunami":"1","large_fire":null,"inland_flood":null,"volcano":null,"shelter_overlap":"1","capacity":"363","capacity_basis":"1.0","notes":null,"changed":null,"new":null,"address":"愛媛県八幡浜市若山1-330-1","gsi_common_id":"E3820400038201","coordinate_join_method":"matched_by_id"}},{"type":"Feature","geometry":{"type":"Point","coordinates":[132.457929,33.42498]},"properties":{"common_id":"E3820400039201","name":"双岩地区公民館　（土砂災害は２階以上）","address_pref":"愛媛県","address_city":"八幡浜市若山","address_detail":"2-33-4","contact":"(0894)22-4360","flood":"1","landslide":"1","storm_surge":"1","earthquake":"1","tsunami":"1","large_fire":null,"inland_flood":null,"volcano":null,"shelter_overlap":"1","capacity":"269","capacity_basis":"1.0","notes":null,"changed":null,"new":null,"address":"愛媛県八幡浜市若山2-33-4","gsi_common_id":"E3820400039201","coordinate_join_method":"matched_by_id"}},{"type":"Feature","geometry":{"type":"Point","coordinates":[132.45685566615,33.424470800596]},"properties":{"common_id":"E3820400041201","name":"双岩保育所","address_pref":"愛媛県","address_city":"八幡浜市若山","address_detail":"4-23-3","contact":"(0894)22-4359","flood":"1","landslide":"1","storm_surge":"1","earthquake":"1","tsunami":"1","large_fire":null,"inland_flood":null,"volcano":null,"shelter_overlap":"1","capacity":"217","capacity_basis":"1.0","notes":null,"changed":null,"new":null,"address":"愛媛県八幡浜市若山4-23-3","gsi_common_id":"E3820400041201","coordinate_join_method":"matched_by_id"}},{"type":"Feature","geometry":{"type":"Point","coordinates":[132.4483519108,33.426485425025]},"properties":{"common_id":"E3820400042201","name":"八幡浜市民スポーツパーク","address_pref":"愛媛県","address_city":"八幡浜市若山地内","address_detail":null,"contact":"(0894)22-5595","flood":null,"landslide":null,"storm_surge":null,"earthquake":"1","tsunami":"1","large_fire":"1","inland_flood":null,"volcano":null,"shelter_overlap":null,"capacity":"20655","capacity_basis":"1.0","notes":null,"changed":null,"new":null,"address":"愛媛県八幡浜市若山地内","gsi_common_id":"E3820400042201","coordinate_join_method":"matched_by_id"}},{"type":"Feature","geometry":{"type":"Point","coordinates":[132.41255399953,33.439082030931]},"properties":{"common_id":"E3820400037201","name":"舌田地区公民館　（土砂災害・高潮は２階以上）","address_pref":"愛媛県","address_city":"八幡浜市合田","address_detail":"1229-1","contact":"(0894)22-1409","flood":"1","landslide":"1","storm_surge":"1","earthquake":"1","tsunami":null,"large_fire":null,"inland_flood":null,"volcano":null,"shelter_overlap":"1","capacity":"218","capacity_basis":"1.0","notes":null,"changed":null,"new":null,"address":"愛媛県八幡浜市合田1229-1","gsi_common_id":"E3820400037201","coordinate_join_method":"matched_by_id"}},{"type":"Feature","geometry":{"type":"Point","coordinates":[132.41813510737,33.444880505394]},"properties":{"common_id":"E3820400053203","name":"旧舌田小学校　体育館","address_pref":"愛媛県","address_city":"八幡浜市舌間","address_detail":"2-544","contact":"(0894)22-3111","flood":"1","landslide":null,"storm_surge":"1","earthquake":null,"tsunami":null,"large_fire":null,"inland_flood":null,"volcano":null,"shelter_overlap":"1","capacity":"292","capacity_basis":"1.0","notes":null,"changed":null,"new":null,"address":"愛媛県八幡浜市舌間2-544","gsi_common_id":"E3820400053203","coordinate_join_method":"matched_by_id"}},{"type":"Feature","geometry":{"type":"Point","coordinates":[132.41795271716,33.444374698017]},"properties":{"common_id":"E3820400053202","name":"マンダリン（旧舌田小学校校舎）（土砂災害は２階以上）","address_pref":"愛媛県","address_city":"八幡浜市舌間","address_detail":"2-544","contact":"(0894)22-3111","flood":"1","landslide":"1","storm_surge":"1","earthquake":null,"tsunami":null,"large_fire":null,"inland_flood":null,"volcano":null,"shelter_overlap":"1","capacity":"880","capacity_basis":"1.0","notes":null,"changed":null,"new":null,"address":"愛媛県八幡浜市舌間2-544","gsi_common_id":"E3820400053202","coordinate_join_method":"matched_by_id"}},{"type":"Feature","geometry":{"type":"Point","coordinates":[132.41829603991,33.444562697564]},"properties":{"common_id":"E3820400053201","name":"旧舌田小学校　グラウンド","address_pref":"愛媛県","address_city":"八幡浜市舌間","address_detail":"2-544","contact":"(0894)22-3111","flood":null,"landslide":null,"storm_surge":null,"earthquake":"1","tsunami":null,"large_fire":"1","inland_flood":null,"volcano":null,"shelter_overlap":"1","capacity":"4025","capacity_basis":"1.0","notes":null,"changed":null,"new":null,"address":"愛媛県八幡浜市舌間2-544","gsi_common_id":"E3820400053201","coordinate_join_method":"matched_by_id"}},{"type":"Feature","geometry":{"type":"Point","coordinates":[132.40844493885,33.422536966395]},"properties":{"common_id":"E3820400054203","name":"川上小学校　体育館　（土砂災害・高潮は２階以上）","address_pref":"愛媛県","address_city":"八幡浜市川上町川名津甲","address_detail":"305","contact":"(0894)27-0120","flood":"1","landslide":"1","storm_surge":"1","earthquake":"1","tsunami":null,"large_fire":null,"inland_flood":null,"volcano":null,"shelter_overlap":"1","capacity":"436","capacity_basis":"1.0","notes":null,"changed":null,"new":null,"address":"愛媛県八幡浜市川上町川名津甲305","gsi_common_id":"E3820400054203","coordinate_join_method":"matched_by_id"}},{"type":"Feature","geometry":{"type":"Point","coordinates":[132.40758663197,33.422908582415]},"properties":{"common_id":"E3820400054202","name":"川上小学校　校舎（高潮は２階以上）","address_pref":"愛媛県","address_city":"八幡浜市川上町川名津甲","address_detail":"305","contact":"(0894)27-0120","flood":"1","landslide":null,"storm_surge":"1","earthquake":null,"tsunami":null,"large_fire":null,"inland_flood":null,"volcano":null,"shelter_overlap":"1","capacity":"528","capacity_basis":"1.0","notes":null,"changed":null,"new":null,"address":"愛媛県八幡浜市川上町川名津甲305","gsi_common_id":"E3820400054202","coordinate_join_method":"matched_by_id"}},{"type":"Feature","geometry":{"type":"Point","coordinates":[132.40808552284,33.422854854896]},"properties":{"common_id":"E3820400054201","name":"川上小学校　グラウンド","address_pref":"愛媛県","address_city":"八幡浜市川上町川名津甲","address_detail":"305","contact":"(0894)27-0120","flood":null,"landslide":null,"storm_surge":null,"earthquake":"1","tsunami":null,"large_fire":"1","inland_flood":null,"volcano":null,"shelter_overlap":"1","capacity":"4300","capacity_basis":"1.0","notes":null,"changed":null,"new":null,"address":"愛媛県八幡浜市川上町川名津甲305","gsi_common_id":"E3820400054201","coordinate_join_method":"matched_by_id"}},{"type":"Feature","geometry":{"type":"Point","coordinates":[132.40729158897,33.422519057149]},"properties":{"common_id":"E3820400056201","name":"川上地区公民館　（土砂災害・高潮は２階以上）","address_pref":"愛媛県","address_city":"八幡浜市川上町川名津甲","address_detail":"90","contact":"(0894)27-0500","flood":"1","landslide":"1","storm_surge":"1","earthquake":"1","tsunami":null,"large_fire":null,"inland_flood":null,"volcano":null,"shelter_overlap":"1","capacity":"354","capacity_basis":"1.0","notes":null,"changed":null,"new":null,"address":"愛媛県八幡浜市川上町川名津甲90","gsi_common_id":"E3820400056201","coordinate_join_method":"matched_by_id"}},{"type":"Feature","geometry":{"type":"Point","coordinates":[132.406474,33.421796]},"properties":{"common_id":"E3820400055201","name":"川上保育所　（土砂災害は２階以上）","address_pref":"愛媛県","address_city":"八幡浜市川上町川名津甲","address_detail":"69-1","contact":"(0894)27-0605","flood":"1","landslide":"1","storm_surge":"1","earthquake":null,"tsunami":null,"large_fire":null,"inland_flood":null,"volcano":null,"shelter_overlap":"1","capacity":"267","capacity_basis":"1.0","notes":null,"changed":null,"new":null,"address":"愛媛県八幡浜市川上町川名津甲69-1","gsi_common_id":"E3820400055201","coordinate_join_method":"matched_by_id"}},{"type":"Feature","geometry":{"type":"Point","coordinates":[132.39143360333,33.403892693737]},"properties":{"common_id":"E3820400052204","name":"真穴小学校　校舎","address_pref":"愛媛県","address_city":"八幡浜市真網代戊","address_detail":"162","contact":"(0894)28-0226","flood":"1","landslide":"1","storm_surge":"1","earthquake":"1","tsunami":"1","large_fire":null,"inland_flood":null,"volcano":null,"shelter_overlap":"1","capacity":"686","capacity_basis":"1.0","notes":null,"changed":null,"new":null,"address":"愛媛県八幡浜市真網代戊162","gsi_common_id":"E3820400052204","coordinate_join_method":"matched_by_id"}},{"type":"Feature","geometry":{"type":"Point","coordinates":[132.392042,33.403987]},"properties":{"common_id":"E3820400052203","name":"旧真穴中学校　校舎","address_pref":"愛媛県","address_city":"八幡浜市真網代戊","address_detail":"162","contact":"(0894)28-0410","flood":"1","landslide":"1","storm_surge":"1","earthquake":null,"tsunami":"1","large_fire":null,"inland_flood":null,"volcano":null,"shelter_overlap":"1","capacity":"268","capacity_basis":"1.0","notes":null,"changed":null,"new":null,"address":"愛媛県八幡浜市真網代戊162","gsi_common_id":"E3820400052203","coordinate_join_method":"matched_by_id"}},{"type":"Feature","geometry":{"type":"Point","coordinates":[132.39213,33.40326]},"properties":{"common_id":"E3820400052202","name":"真穴小学校　体育館","address_pref":"愛媛県","address_city":"八幡浜市真網代戊","address_detail":"162","contact":"(0894)28-0410","flood":"1","landslide":"1","storm_surge":"1","earthquake":"1","tsunami":"1","large_fire":null,"inland_flood":null,"volcano":null,"shelter_overlap":"1","capacity":"540","capacity_basis":"1.0","notes":null,"changed":null,"new":null,"address":"愛媛県八幡浜市真網代戊162","gsi_common_id":"E3820400052202","coordinate_join_method":"matched_by_id"}},{"type":"Feature","geometry":{"type":"Point","coordinates":[132.391952,33.403599]},"properties":{"common_id":"E3820400052201","name":"真穴小学校　グラウンド","address_pref":"愛媛県","address_city":"八幡浜市真網代戊","address_detail":"162","contact":"(0894)28-0226","flood":null,"landslide":null,"storm_surge":null,"earthquake":"1","tsunami":"1","large_fire":"1","inland_flood":null,"volcano":null,"shelter_overlap":"1","capacity":"4653","capacity_basis":"1.0","notes":null,"changed":null,"new":null,"address":"愛媛県八幡浜市真網代戊162","gsi_common_id":"E3820400052201","coordinate_join_method":"matched_by_id"}},{"type":"Feature","geometry":{"type":"Point","coordinates":[132.39045790696,33.413715143077]},"properties":{"common_id":"E3820400050201","name":"真穴保育所","address_pref":"愛媛県","address_city":"八幡浜市真網代乙","address_detail":"184-3","contact":"(0894)28-0390","flood":"1","landslide":"1","storm_surge":"1","earthquake":"1","tsunami":null,"large_fire":null,"inland_flood":null,"volcano":null,"shelter_overlap":"1","capacity":"165","capacity_basis":"1.0","notes":null,"changed":null,"new":null,"address":"愛媛県八幡浜市真網代乙184-3","gsi_common_id":"E3820400050201","coordinate_join_method":"matched_by_id"}},{"type":"Feature","geometry":{"type":"Point","coordinates":[132.39695900574,33.398607964359]},"properties":{"common_id":"E3820400020201","name":"真穴地区公民館　（土砂災害・高潮は２階以上）","address_pref":"愛媛県","address_city":"八幡浜市穴井","address_detail":"3-796-39","contact":"(0894)29-7018","flood":"1","landslide":"1","storm_surge":"1","earthquake":"1","tsunami":null,"large_fire":null,"inland_flood":null,"volcano":null,"shelter_overlap":"1","capacity":"283","capacity_basis":"1.0","notes":null,"changed":null,"new":null,"address":"愛媛県八幡浜市穴井3-796-39","gsi_common_id":"E3820400020201","coordinate_join_method":"matched_by_id"}},{"type":"Feature","geometry":{"type":"Point","coordinates":[132.3921238317,33.425608827513]},"properties":{"common_id":"E3820400051201","name":"真網代くじらリハビリテーション病院　（４階以上）","address_pref":"愛媛県","address_city":"八幡浜市真網代甲","address_detail":"229-5","contact":"(0894)28-1123","flood":null,"landslide":null,"storm_surge":null,"earthquake":null,"tsunami":"1","large_fire":null,"inland_flood":null,"volcano":null,"shelter_overlap":null,"capacity":"280","capacity_basis":"1.0","notes":null,"changed":null,"new":null,"address":"愛媛県八幡浜市真網代甲229-5","gsi_common_id":"E3820400051201","coordinate_join_method":"matched_by_id"}},{"type":"Feature","geometry":{"type":"Point","coordinates":[132.34002049798,33.386100032094]},"properties":{"common_id":"E3820400059201","name":"大島開発総合センター（土砂災害・高潮は２階以上）","address_pref":"愛媛県","address_city":"八幡浜市大島","address_detail":"2-101-1","contact":"(0894)28-0608","flood":"1","landslide":"1","storm_surge":"1","earthquake":null,"tsunami":null,"large_fire":null,"inland_flood":null,"volcano":null,"shelter_overlap":"1","capacity":"165","capacity_basis":"1.0","notes":null,"changed":null,"new":null,"address":"愛媛県八幡浜市大島2-101-1","gsi_common_id":"E3820400059201","coordinate_join_method":"matched_by_id"}},{"type":"Feature","geometry":{"type":"Point","coordinates":[132.34432614007,33.393974109743]},"properties":{"common_id":"E3820400060203","name":"大島産業振興センター　（土砂災害・高潮は２階、津波は４階）","address_pref":"愛媛県","address_city":"八幡浜市大島","address_detail":"3-298-5","contact":"(0894)28-0750","flood":"1","landslide":"1","storm_surge":"1","earthquake":"1","tsunami":"1","large_fire":null,"inland_flood":null,"volcano":null,"shelter_overlap":"1","capacity":"586","capacity_basis":"1.0","notes":null,"changed":null,"new":null,"address":"愛媛県八幡浜市大島3-298-5","gsi_common_id":"E3820400060203","coordinate_join_method":"matched_by_id"}},{"type":"Feature","geometry":{"type":"Point","coordinates":[132.34412974881,33.39331285974]},"properties":{"common_id":"E3820400060202","name":"大島体育館","address_pref":"愛媛県","address_city":"八幡浜市大島","address_detail":"3-298-5","contact":"(0894)22-3111","flood":"1","landslide":"1","storm_surge":null,"earthquake":null,"tsunami":null,"large_fire":null,"inland_flood":null,"volcano":null,"shelter_overlap":"1","capacity":"392","capacity_basis":"1.0","notes":null,"changed":null,"new":null,"address":"愛媛県八幡浜市大島3-298-5","gsi_common_id":"E3820400060202","coordinate_join_method":"matched_by_id"}},{"type":"Feature","geometry":{"type":"Point","coordinates":[132.34452510632,33.393771041513]},"properties":{"common_id":"E3820400060201","name":"旧大島小中学校　グラウンド","address_pref":"愛媛県","address_city":"八幡浜市大島","address_detail":"3-298-5","contact":"(0894)22-3111","flood":null,"landslide":null,"storm_surge":null,"earthquake":"1","tsunami":null,"large_fire":"1","inland_flood":null,"volcano":null,"shelter_overlap":"1","capacity":"55","capacity_basis":"1.0","notes":null,"changed":null,"new":null,"address":"愛媛県八幡浜市大島3-298-5","gsi_common_id":"E3820400060201","coordinate_join_method":"matched_by_id"}},{"type":"Feature","geometry":{"type":"Point","coordinates":[132.41491240353,33.492039765738]},"properties":{"common_id":"E3820400063203","name":"旧青石中学校　体育館","address_pref":"愛媛県","address_city":"八幡浜市日土町","address_detail":"2-96","contact":"(0894)22-3111","flood":"1","landslide":"1","storm_surge":"1","earthquake":"1","tsunami":"1","large_fire":null,"inland_flood":null,"volcano":null,"shelter_overlap":"1","capacity":"594","capacity_basis":"1.0","notes":null,"changed":null,"new":null,"address":"愛媛県八幡浜市日土町2-96","gsi_common_id":"E3820400063203","coordinate_join_method":"matched_by_id"}},{"type":"Feature","geometry":{"type":"Point","coordinates":[132.41409164758,33.492093450402]},"properties":{"common_id":"E3820400063202","name":"旧青石中学校　校舎（洪水・土砂災害は２階以上）","address_pref":"愛媛県","address_city":"八幡浜市日土町","address_detail":"2-96","contact":"(0894)22-3111","flood":"1","landslide":"1","storm_surge":"1","earthquake":null,"tsunami":"1","large_fire":null,"inland_flood":null,"volcano":null,"shelter_overlap":"1","capacity":"567","capacity_basis":"1.0","notes":null,"changed":null,"new":null,"address":"愛媛県八幡浜市日土町2-96","gsi_common_id":"E3820400063202","coordinate_join_method":"matched_by_id"}},{"type":"Feature","geometry":{"type":"Point","coordinates":[132.41431695313,33.492527400221]},"properties":{"common_id":"E3820400063201","name":"旧青石中学校　グラウンド","address_pref":"愛媛県","address_city":"八幡浜市日土町","address_detail":"2-96","contact":"(0894)22-3111","flood":null,"landslide":null,"storm_surge":null,"earthquake":"1","tsunami":"1","large_fire":"1","inland_flood":null,"volcano":null,"shelter_overlap":"1","capacity":"9409","capacity_basis":"1.0","notes":null,"changed":null,"new":null,"address":"愛媛県八幡浜市日土町2-96","gsi_common_id":"E3820400063201","coordinate_join_method":"matched_by_id"}},{"type":"Feature","geometry":{"type":"Point","coordinates":[132.42736027349,33.500471496577]},"properties":{"common_id":"E3820400062204","name":"日土小学校　体育館　（洪水・土砂災害は２階以上）","address_pref":"愛媛県","address_city":"八幡浜市日土町","address_detail":"2-851","contact":"(0894)26-0010","flood":"1","landslide":"1","storm_surge":"1","earthquake":"1","tsunami":"1","large_fire":null,"inland_flood":null,"volcano":null,"shelter_overlap":"1","capacity":"522","capacity_basis":"1.0","notes":null,"changed":null,"new":null,"address":"愛媛県八幡浜市日土町2-851","gsi_common_id":"E3820400062204","coordinate_join_method":"matched_by_id"}},{"type":"Feature","geometry":{"type":"Point","coordinates":[132.42788679108,33.500650696287]},"properties":{"common_id":"E3820400062203","name":"日土小学校　東校舎","address_pref":"愛媛県","address_city":"八幡浜市日土町","address_detail":"2-851","contact":"(0894)26-0010","flood":null,"landslide":null,"storm_surge":"1","earthquake":"1","tsunami":"1","large_fire":null,"inland_flood":null,"volcano":null,"shelter_overlap":"1","capacity":"138","capacity_basis":"1.0","notes":null,"changed":null,"new":null,"address":"愛媛県八幡浜市日土町2-851","gsi_common_id":"E3820400062203","coordinate_join_method":"matched_by_id"}},{"type":"Feature","geometry":{"type":"Point","coordinates":[132.42813913335,33.500915245639]},"properties":{"common_id":"E3820400062202","name":"日土小学校　西・中校舎","address_pref":"愛媛県","address_city":"八幡浜市日土町","address_detail":"2-851","contact":"(0894)26-0010","flood":null,"landslide":null,"storm_surge":"1","earthquake":"1","tsunami":"1","large_fire":null,"inland_flood":null,"volcano":null,"shelter_overlap":"1","capacity":"441","capacity_basis":"1.0","notes":null,"changed":null,"new":null,"address":"愛媛県八幡浜市日土町2-851","gsi_common_id":"E3820400062202","coordinate_join_method":"matched_by_id"}},{"type":"Feature","geometry":{"type":"Point","coordinates":[132.42783502448,33.500813702413]},"properties":{"common_id":"E3820400062201","name":"日土小学校　グラウンド","address_pref":"愛媛県","address_city":"八幡浜市日土町","address_detail":"2-851","contact":"(0894)26-0010","flood":null,"landslide":null,"storm_surge":null,"earthquake":"1","tsunami":"1","large_fire":"1","inland_flood":null,"volcano":null,"shelter_overlap":"1","capacity":"2683","capacity_basis":"1.0","notes":null,"changed":null,"new":null,"address":"愛媛県八幡浜市日土町2-851","gsi_common_id":"E3820400062201","coordinate_join_method":"matched_by_id"}},{"type":"Feature","geometry":{"type":"Point","coordinates":[132.43571660796,33.50226188726]},"properties":{"common_id":"E3820400067201","name":"日土保育所","address_pref":"愛媛県","address_city":"八幡浜市日土町","address_detail":"8-125-3","contact":"(0894)26-0032","flood":"1","landslide":"1","storm_surge":"1","earthquake":"1","tsunami":"1","large_fire":null,"inland_flood":null,"volcano":null,"shelter_overlap":"1","capacity":"130","capacity_basis":"1.0","notes":null,"changed":null,"new":null,"address":"愛媛県八幡浜市日土町8-125-3","gsi_common_id":"E3820400067201","coordinate_join_method":"matched_by_id"}},{"type":"Feature","geometry":{"type":"Point","coordinates":[132.41279486273,33.490722116494]},"properties":{"common_id":"E3820400064201","name":"下河原共同作業所","address_pref":"愛媛県","address_city":"八幡浜市日土町","address_detail":"4-505","contact":"(0894)22-3111","flood":null,"landslide":null,"storm_surge":"1","earthquake":"1","tsunami":"1","large_fire":null,"inland_flood":null,"volcano":null,"shelter_overlap":"1","capacity":"190","capacity_basis":"1.0","notes":null,"changed":null,"new":null,"address":"愛媛県八幡浜市日土町4-505","gsi_common_id":"E3820400064201","coordinate_join_method":"matched_by_id"}},{"type":"Feature","geometry":{"type":"Point","coordinates":[132.42373607141,33.495694890096]},"properties":{"common_id":"E3820400061201","name":"ＪＡにしうわ日土出張所（日土地区公民館）（洪水は３階、土砂災害は２階以上）","address_pref":"愛媛県","address_city":"八幡浜市日土町","address_detail":"2-262-2","contact":"(0894)26-0934","flood":"1","landslide":"1","storm_surge":"1","earthquake":null,"tsunami":"1","large_fire":null,"inland_flood":null,"volcano":null,"shelter_overlap":"1","capacity":"386","capacity_basis":"1.0","notes":null,"changed":null,"new":null,"address":"愛媛県八幡浜市日土町2-262-2","gsi_common_id":"E3820400061201","coordinate_join_method":"matched_by_id"}},{"type":"Feature","geometry":{"type":"Point","coordinates":[132.45856231593,33.50831414484]},"properties":{"common_id":"E3820400065201","name":"日土東地区複合施設","address_pref":"愛媛県","address_city":"八幡浜市日土町","address_detail":"6-2125-1","contact":"(0894)26-0931","flood":"1","landslide":"1","storm_surge":"1","earthquake":"1","tsunami":"1","large_fire":null,"inland_flood":null,"volcano":null,"shelter_overlap":"1","capacity":"1022","capacity_basis":"1.0","notes":null,"changed":null,"new":null,"address":"愛媛県八幡浜市日土町6-2125-1","gsi_common_id":"E3820400065201","coordinate_join_method":"matched_by_id"}},{"type":"Feature","geometry":{"type":"Point","coordinates":[132.4584657564,33.508663028967]},"properties":{"common_id":"E3820400066203","name":"旧日土東小学校　木造校舎","address_pref":"愛媛県","address_city":"八幡浜市日土町","address_detail":"6-961","contact":"(0894)22-3111","flood":"1","landslide":null,"storm_surge":"1","earthquake":null,"tsunami":"1","large_fire":null,"inland_flood":null,"volcano":null,"shelter_overlap":"1","capacity":"323","capacity_basis":"1.0","notes":null,"changed":null,"new":null,"address":"愛媛県八幡浜市日土町6-961","gsi_common_id":"E3820400066203","coordinate_join_method":"matched_by_id"}},{"type":"Feature","geometry":{"type":"Point","coordinates":[132.45829409503,33.50845727696]},"properties":{"common_id":"E3820400066202","name":"旧日土東小学校　ＲＣ校舎　（土砂災害は２階以上）","address_pref":"愛媛県","address_city":"八幡浜市日土町","address_detail":"6-961","contact":"(0894)22-3111","flood":"1","landslide":"1","storm_surge":"1","earthquake":null,"tsunami":"1","large_fire":null,"inland_flood":null,"volcano":null,"shelter_overlap":"1","capacity":"201","capacity_basis":"1.0","notes":null,"changed":null,"new":null,"address":"愛媛県八幡浜市日土町6-961","gsi_common_id":"E3820400066202","coordinate_join_method":"matched_by_id"}},{"type":"Feature","geometry":{"type":"Point","coordinates":[132.45860453387,33.508922678337]},"properties":{"common_id":"E3820400066201","name":"旧日土東小学校　グラウンド","address_pref":"愛媛県","address_city":"八幡浜市日土町","address_detail":"6-961","contact":"(0894)22-3111","flood":null,"landslide":null,"storm_surge":null,"earthquake":"1","tsunami":"1","large_fire":"1","inland_flood":null,"volcano":null,"shelter_overlap":"1","capacity":"4200","capacity_basis":"1.0","notes":null,"changed":null,"new":null,"address":"愛媛県八幡浜市日土町6-961","gsi_common_id":"E3820400066201","coordinate_join_method":"matched_by_id"}},{"type":"Feature","geometry":{"type":"Point","coordinates":[132.41098578692,33.486852734221]},"properties":{"common_id":"E3820400075203","name":"喜須来小学校　体育館","address_pref":"愛媛県","address_city":"八幡浜市保内町喜木","address_detail":"2-224","contact":"(0894)36-0303","flood":null,"landslide":"1","storm_surge":"1","earthquake":"1","tsunami":"1","large_fire":null,"inland_flood":null,"volcano":null,"shelter_overlap":"1","capacity":"837","capacity_basis":"1.0","notes":null,"changed":null,"new":null,"address":"愛媛県八幡浜市保内町喜木2-224","gsi_common_id":"E3820400075203","coordinate_join_method":"matched_by_id"}},{"type":"Feature","geometry":{"type":"Point","coordinates":[132.41169389009,33.487085381463]},"properties":{"common_id":"E3820400075202","name":"喜須来小学校　校舎　（洪水は３階、土砂災害は２階以上）","address_pref":"愛媛県","address_city":"八幡浜市保内町喜木","address_detail":"2-224","contact":"(0894)36-0303","flood":"1","landslide":"1","storm_surge":"1","earthquake":"1","tsunami":"1","large_fire":null,"inland_flood":null,"volcano":null,"shelter_overlap":"1","capacity":"609","capacity_basis":"1.0","notes":null,"changed":null,"new":null,"address":"愛媛県八幡浜市保内町喜木2-224","gsi_common_id":"E3820400075202","coordinate_join_method":"matched_by_id"}},{"type":"Feature","geometry":{"type":"Point","coordinates":[132.41159196615,33.486785624324]},"properties":{"common_id":"E3820400075201","name":"喜須来小学校　グラウンド","address_pref":"愛媛県","address_city":"八幡浜市保内町喜木","address_detail":"2-224","contact":"(0894)36-0303","flood":null,"landslide":null,"storm_surge":"1","earthquake":"1","tsunami":"1","large_fire":"1","inland_flood":null,"volcano":null,"shelter_overlap":"1","capacity":"4525","capacity_basis":"1.0","notes":null,"changed":null,"new":null,"address":"愛媛県八幡浜市保内町喜木2-224","gsi_common_id":"E3820400075201","coordinate_join_method":"matched_by_id"}},{"type":"Feature","geometry":{"type":"Point","coordinates":[132.414273,33.483753]},"properties":{"common_id":"E3820400088201","name":"喜須来地区公民館","address_pref":"愛媛県","address_city":"八幡浜市保内町須川","address_detail":"78-1","contact":"(0894)36-2836","flood":"1","landslide":"1","storm_surge":"1","earthquake":null,"tsunami":"1","large_fire":null,"inland_flood":null,"volcano":null,"shelter_overlap":"1","capacity":"347","capacity_basis":"1.0","notes":null,"changed":null,"new":null,"address":"愛媛県八幡浜市保内町須川78-1","gsi_common_id":"E3820400088201","coordinate_join_method":"matched_by_id"}},{"type":"Feature","geometry":{"type":"Point","coordinates":[132.40828192916,33.487154617532]},"properties":{"common_id":"E3820400073201","name":"旧喜須来保育所　（洪水・土砂災害は２階以上）","address_pref":"愛媛県","address_city":"八幡浜市保内町喜木","address_detail":"2-132-1","contact":"(0894)22-3111","flood":null,"landslide":"1","storm_surge":"1","earthquake":null,"tsunami":"1","large_fire":null,"inland_flood":null,"volcano":null,"shelter_overlap":"1","capacity":"361","capacity_basis":"1.0","notes":null,"changed":null,"new":null,"address":"愛媛県八幡浜市保内町喜木2-132-1","gsi_common_id":"E3820400073201","coordinate_join_method":"matched_by_id"}},{"type":"Feature","geometry":{"type":"Point","coordinates":[132.4035493441,33.480653716257]},"properties":{"common_id":"E3820400072201","name":"保内中央体育館","address_pref":"愛媛県","address_city":"八幡浜市保内町喜木","address_detail":"1-31-3","contact":"(0894)22-3111","flood":null,"landslide":"1","storm_surge":"1","earthquake":"1","tsunami":null,"large_fire":null,"inland_flood":null,"volcano":null,"shelter_overlap":"1","capacity":"798","capacity_basis":"1.0","notes":null,"changed":null,"new":null,"address":"愛媛県八幡浜市保内町喜木1-31-3","gsi_common_id":"E3820400072201","coordinate_join_method":"matched_by_id"}},{"type":"Feature","geometry":{"type":"Point","coordinates":[132.4042562177,33.480722994546]},"properties":{"common_id":"E3820400071202","name":"㈱あわしま堂神越ハイツ女子寮　（４階）","address_pref":"愛媛県","address_city":"八幡浜市保内町喜木","address_detail":"1-25-1","contact":"(0894)37-2176","flood":null,"landslide":null,"storm_surge":null,"earthquake":null,"tsunami":"1","large_fire":null,"inland_flood":null,"volcano":null,"shelter_overlap":null,"capacity":"490","capacity_basis":"1.0","notes":null,"changed":null,"new":null,"address":"愛媛県八幡浜市保内町喜木1-25-1","gsi_common_id":"E3820400071202","coordinate_join_method":"matched_by_id"}},{"type":"Feature","geometry":{"type":"Point","coordinates":[132.40457899464,33.480658027618]},"properties":{"common_id":"E3820400071201","name":"㈱あわしま堂神越ハイツ男子寮　（４階）","address_pref":"愛媛県","address_city":"八幡浜市保内町喜木","address_detail":"1-25-1","contact":"(0894)22-3111","flood":null,"landslide":null,"storm_surge":null,"earthquake":null,"tsunami":"1","large_fire":null,"inland_flood":null,"volcano":null,"shelter_overlap":null,"capacity":"270","capacity_basis":"1.0","notes":null,"changed":null,"new":null,"address":"愛媛県八幡浜市保内町喜木1-25-1","gsi_common_id":"E3820400071201","coordinate_join_method":"matched_by_id"}},{"type":"Feature","geometry":{"type":"Point","coordinates":[132.40891551256,33.487259395619]},"properties":{"common_id":"E3820400074201","name":"四国電力㈱保内アパート　（屋上）","address_pref":"愛媛県","address_city":"八幡浜市保内町喜木","address_detail":"2-200","contact":"(0894)22-3111","flood":null,"landslide":null,"storm_surge":null,"earthquake":null,"tsunami":"1","large_fire":null,"inland_flood":null,"volcano":null,"shelter_overlap":null,"capacity":"485","capacity_basis":"1.0","notes":null,"changed":null,"new":null,"address":"愛媛県八幡浜市保内町喜木2-200","gsi_common_id":"E3820400074201","coordinate_join_method":"matched_by_id"}},{"type":"Feature","geometry":{"type":"Point","coordinates":[132.40494143535,33.479893638296]},"properties":{"common_id":"E3820400015201","name":"神越グラウンド","address_pref":"愛媛県","address_city":"八幡浜市喜木","address_detail":"1-18","contact":"(0894)36-1020","flood":null,"landslide":null,"storm_surge":null,"earthquake":"1","tsunami":null,"large_fire":"1","inland_flood":null,"volcano":null,"shelter_overlap":null,"capacity":"5658","capacity_basis":"1.0","notes":null,"changed":null,"new":null,"address":"愛媛県八幡浜市喜木1-18","gsi_common_id":"E3820400015201","coordinate_join_method":"matched_by_id"}},{"type":"Feature","geometry":{"type":"Point","coordinates":[132.39729578965,33.479998104704]},"properties":{"common_id":"E3820400092203","name":"保内中学校　体育館（洪水・高潮は２階以上）","address_pref":"愛媛県","address_city":"八幡浜市保内町川之石","address_detail":"1-243-1","contact":"(0894)36-2345","flood":"1","landslide":"1","storm_surge":"1","earthquake":"1","tsunami":null,"large_fire":null,"inland_flood":null,"volcano":null,"shelter_overlap":"1","capacity":"1353","capacity_basis":"1.0","notes":null,"changed":null,"new":null,"address":"愛媛県八幡浜市保内町川之石1-243-1","gsi_common_id":"E3820400092203","coordinate_join_method":"matched_by_id"}},{"type":"Feature","geometry":{"type":"Point","coordinates":[132.39684249632,33.480387371886]},"properties":{"common_id":"E3820400092202","name":"保内中学校　校舎　（津波は屋上、その他は２階以上）","address_pref":"愛媛県","address_city":"八幡浜市保内町川之石","address_detail":"1-243-1","contact":"(0894)36-2345","flood":"1","landslide":"1","storm_surge":"1","earthquake":"1","tsunami":"1","large_fire":null,"inland_flood":null,"volcano":null,"shelter_overlap":"1","capacity":"1404","capacity_basis":"1.0","notes":null,"changed":null,"new":null,"address":"愛媛県八幡浜市保内町川之石1-243-1","gsi_common_id":"E3820400092202","coordinate_join_method":"matched_by_id"}},{"type":"Feature","geometry":{"type":"Point","coordinates":[132.39675130252,33.479322445653]},"properties":{"common_id":"E3820400092201","name":"保内中学校　グラウンド","address_pref":"愛媛県","address_city":"八幡浜市保内町川之石","address_detail":"1-243-1","contact":"(0894)36-2345","flood":null,"landslide":null,"storm_surge":null,"earthquake":"1","tsunami":null,"large_fire":"1","inland_flood":null,"volcano":null,"shelter_overlap":"1","capacity":"21599","capacity_basis":"1.0","notes":null,"changed":null,"new":null,"address":"愛媛県八幡浜市保内町川之石1-243-1","gsi_common_id":"E3820400092201","coordinate_join_method":"matched_by_id"}},{"type":"Feature","geometry":{"type":"Point","coordinates":[132.3944218587,33.476306162836]},"properties":{"common_id":"E3820400095203","name":"川之石小学校　体育館（高潮は２階以上）","address_pref":"愛媛県","address_city":"八幡浜市保内町川之石","address_detail":"3-300","contact":"(0894)36-0124","flood":"1","landslide":"1","storm_surge":"1","earthquake":"1","tsunami":null,"large_fire":null,"inland_flood":null,"volcano":null,"shelter_overlap":"1","capacity":"472","capacity_basis":"1.0","notes":null,"changed":null,"new":null,"address":"愛媛県八幡浜市保内町川之石3-300","gsi_common_id":"E3820400095203","coordinate_join_method":"matched_by_id"}},{"type":"Feature","geometry":{"type":"Point","coordinates":[132.39387468934,33.476028710908]},"properties":{"common_id":"E3820400095202","name":"川之石小学校　校舎　（高潮は２階以上、津波は屋上）","address_pref":"愛媛県","address_city":"八幡浜市保内町川之石","address_detail":"3-300","contact":"(0894)36-0124","flood":"1","landslide":"1","storm_surge":"1","earthquake":"1","tsunami":"1","large_fire":null,"inland_flood":null,"volcano":null,"shelter_overlap":"1","capacity":"756","capacity_basis":"1.0","notes":null,"changed":null,"new":null,"address":"愛媛県八幡浜市保内町川之石3-300","gsi_common_id":"E3820400095202","coordinate_join_method":"matched_by_id"}},{"type":"Feature","geometry":{"type":"Point","coordinates":[132.39382104516,33.476346403411]},"properties":{"common_id":"E3820400095201","name":"川之石小学校　グラウンド","address_pref":"愛媛県","address_city":"八幡浜市保内町川之石","address_detail":"3-300","contact":"(0894)36-0124","flood":null,"landslide":null,"storm_surge":null,"earthquake":"1","tsunami":null,"large_fire":"1","inland_flood":null,"volcano":null,"shelter_overlap":"1","capacity":"4490","capacity_basis":"1.0","notes":null,"changed":null,"new":null,"address":"愛媛県八幡浜市保内町川之石3-300","gsi_common_id":"E3820400095201","coordinate_join_method":"matched_by_id"}},{"type":"Feature","geometry":{"type":"Point","coordinates":[132.39940035139,33.479067481117]},"properties":{"common_id":"E3820400089205","name":"川之石高等学校　体育館","address_pref":"愛媛県","address_city":"八幡浜市保内町川之石","address_detail":"1-112","contact":"(0894)36-0550","flood":null,"landslide":null,"storm_surge":null,"earthquake":"1","tsunami":null,"large_fire":null,"inland_flood":null,"volcano":null,"shelter_overlap":"1","capacity":"643","capacity_basis":"1.0","notes":null,"changed":null,"new":null,"address":"愛媛県八幡浜市保内町川之石1-112","gsi_common_id":"E3820400089205","coordinate_join_method":"matched_by_id"}},{"type":"Feature","geometry":{"type":"Point","coordinates":[132.40000277546,33.478950162364]},"properties":{"common_id":"E3820400089204","name":"川之石高等学校　北教棟　（津波は屋上）","address_pref":"愛媛県","address_city":"八幡浜市保内町川之石","address_detail":"1-112","contact":"(0894)36-0550","flood":"1","landslide":"1","storm_surge":"1","earthquake":"1","tsunami":"1","large_fire":null,"inland_flood":null,"volcano":null,"shelter_overlap":"1","capacity":"620","capacity_basis":"1.0","notes":null,"changed":null,"new":null,"address":"愛媛県八幡浜市保内町川之石1-112","gsi_common_id":"E3820400089204","coordinate_join_method":"matched_by_id"}},{"type":"Feature","geometry":{"type":"Point","coordinates":[132.39998855963,33.478594760176]},"properties":{"common_id":"E3820400089203","name":"川之石高等学校　本館・南教棟　（津波は４階、洪水は３階、土砂災害は３階以上）","address_pref":"愛媛県","address_city":"八幡浜市保内町川之石","address_detail":"1-112","contact":"(0894)36-0550","flood":"1","landslide":"1","storm_surge":"1","earthquake":"1","tsunami":"1","large_fire":null,"inland_flood":null,"volcano":null,"shelter_overlap":"1","capacity":"1519","capacity_basis":"1.0","notes":null,"changed":null,"new":null,"address":"愛媛県八幡浜市保内町川之石1-112","gsi_common_id":"E3820400089203","coordinate_join_method":"matched_by_id"}},{"type":"Feature","geometry":{"type":"Point","coordinates":[132.39903020638,33.479222518687]},"properties":{"common_id":"E3820400089202","name":"川之石高等学校　武道場","address_pref":"愛媛県","address_city":"八幡浜市保内町川之石","address_detail":"1-112","contact":"(0894)36-0550","flood":null,"landslide":null,"storm_surge":null,"earthquake":"1","tsunami":null,"large_fire":null,"inland_flood":null,"volcano":null,"shelter_overlap":"1","capacity":"350","capacity_basis":"1.0","notes":null,"changed":null,"new":null,"address":"愛媛県八幡浜市保内町川之石1-112","gsi_common_id":"E3820400089202","coordinate_join_method":"matched_by_id"}},{"type":"Feature","geometry":{"type":"Point","coordinates":[132.39902484212,33.478481333579]},"properties":{"common_id":"E3820400089201","name":"川之石高等学校　グラウンド","address_pref":"愛媛県","address_city":"八幡浜市保内町川之石","address_detail":"1-112","contact":"(0894)36-0550","flood":null,"landslide":null,"storm_surge":null,"earthquake":"1","tsunami":null,"large_fire":"1","inland_flood":null,"volcano":null,"shelter_overlap":"1","capacity":"11385","capacity_basis":"1.0","notes":null,"changed":null,"new":null,"address":"愛媛県八幡浜市保内町川之石1-112","gsi_common_id":"E3820400089201","coordinate_join_method":"matched_by_id"}},{"type":"Feature","geometry":{"type":"Point","coordinates":[132.39995825086,33.477680408013]},"properties":{"common_id":"E3820400090201","name":"旧川之石保育所（洪水・土砂災害・高潮は２階以上）","address_pref":"愛媛県","address_city":"八幡浜市保内町川之石","address_detail":"1-125-1","contact":"(0894)22-3111","flood":"1","landslide":"1","storm_surge":"1","earthquake":null,"tsunami":null,"large_fire":null,"inland_flood":null,"volcano":null,"shelter_overlap":"1","capacity":"373","capacity_basis":"1.0","notes":null,"changed":null,"new":null,"address":"愛媛県八幡浜市保内町川之石1-125-1","gsi_common_id":"E3820400090201","coordinate_join_method":"matched_by_id"}},{"type":"Feature","geometry":{"type":"Point","coordinates":[132.40105110951,33.473520226861]},"properties":{"common_id":"E3820400091201","name":"楠町自治公民館（洪水・高潮は２階以上）","address_pref":"愛媛県","address_city":"八幡浜市保内町川之石","address_detail":"1-237-120","contact":"(0894)37-2519","flood":"1","landslide":"1","storm_surge":"1","earthquake":"1","tsunami":null,"large_fire":null,"inland_flood":null,"volcano":null,"shelter_overlap":"1","capacity":"166","capacity_basis":"1.0","notes":null,"changed":null,"new":null,"address":"愛媛県八幡浜市保内町川之石1-237-120","gsi_common_id":"E3820400091201","coordinate_join_method":"matched_by_id"}},{"type":"Feature","geometry":{"type":"Point","coordinates":[132.40007153572,33.481530489094]},"properties":{"common_id":"E3820400093201","name":"旧若草交流センター（高潮は２階以上）","address_pref":"愛媛県","address_city":"八幡浜市保内町川之石","address_detail":"1-50","contact":"(0894)22-3111","flood":null,"landslide":"1","storm_surge":"1","earthquake":null,"tsunami":null,"large_fire":null,"inland_flood":null,"volcano":null,"shelter_overlap":"1","capacity":"236","capacity_basis":"1.0","notes":null,"changed":null,"new":null,"address":"愛媛県八幡浜市保内町川之石1-50","gsi_common_id":"E3820400093201","coordinate_join_method":"matched_by_id"}},{"type":"Feature","geometry":{"type":"Point","coordinates":[132.39589765099,33.477408804148]},"properties":{"common_id":"E3820400094201","name":"川之石地区活動拠点施設　みなせ","address_pref":"愛媛県","address_city":"八幡浜市保内町川之石","address_detail":"3-11-1","contact":"(0894)36-2837","flood":null,"landslide":"1","storm_surge":null,"earthquake":"1","tsunami":null,"large_fire":null,"inland_flood":null,"volcano":null,"shelter_overlap":"1","capacity":"343","capacity_basis":"1.0","notes":null,"changed":null,"new":null,"address":"愛媛県八幡浜市保内町川之石3-11-1","gsi_common_id":"E3820400094201","coordinate_join_method":"matched_by_id"}},{"type":"Feature","geometry":{"type":"Point","coordinates":[132.39875133447,33.488417693116]},"properties":{"common_id":"E3820400083201","name":"宮内地区公民館（高潮は２階以上）","address_pref":"愛媛県","address_city":"八幡浜市保内町宮内","address_detail":"1-535-2","contact":"(0894)36-2838","flood":null,"landslide":"1","storm_surge":"1","earthquake":"1","tsunami":null,"large_fire":null,"inland_flood":null,"volcano":null,"shelter_overlap":"1","capacity":"294","capacity_basis":"1.0","notes":null,"changed":null,"new":null,"address":"愛媛県八幡浜市保内町宮内1-535-2","gsi_common_id":"E3820400083201","coordinate_join_method":"matched_by_id"}},{"type":"Feature","geometry":{"type":"Point","coordinates":[132.40145423223,33.482800929511]},"properties":{"common_id":"E3820400077201","name":"文化会館（高潮は２階以上）","address_pref":"愛媛県","address_city":"八幡浜市保内町宮内","address_detail":"1-118","contact":"(0894)36-3040","flood":"1","landslide":"1","storm_surge":"1","earthquake":"1","tsunami":null,"large_fire":null,"inland_flood":null,"volcano":null,"shelter_overlap":"1","capacity":"374","capacity_basis":"1.0","notes":null,"changed":null,"new":null,"address":"愛媛県八幡浜市保内町宮内1-118","gsi_common_id":"E3820400077201","coordinate_join_method":"matched_by_id"}},{"type":"Feature","geometry":{"type":"Point","coordinates":[132.39639083825,33.491314367282]},"properties":{"common_id":"E3820400086203","name":"宮内小学校　体育館（洪水は２階以上）","address_pref":"愛媛県","address_city":"八幡浜市保内町宮内","address_detail":"5-46","contact":"(0894)36-0039","flood":"1","landslide":"1","storm_surge":"1","earthquake":"1","tsunami":null,"large_fire":null,"inland_flood":null,"volcano":null,"shelter_overlap":"1","capacity":"599","capacity_basis":"1.0","notes":null,"changed":null,"new":null,"address":"愛媛県八幡浜市保内町宮内5-46","gsi_common_id":"E3820400086203","coordinate_join_method":"matched_by_id"}},{"type":"Feature","geometry":{"type":"Point","coordinates":[132.39687900029,33.491833321994]},"properties":{"common_id":"E3820400086202","name":"宮内小学校　校舎（洪水・土砂災害は２階以上）","address_pref":"愛媛県","address_city":"八幡浜市保内町宮内","address_detail":"5-46","contact":"(0894)36-0039","flood":"1","landslide":"1","storm_surge":"1","earthquake":"1","tsunami":null,"large_fire":null,"inland_flood":null,"volcano":null,"shelter_overlap":"1","capacity":"903","capacity_basis":"1.0","notes":null,"changed":null,"new":null,"address":"愛媛県八幡浜市保内町宮内5-46","gsi_common_id":"E3820400086202","coordinate_join_method":"matched_by_id"}},{"type":"Feature","geometry":{"type":"Point","coordinates":[132.39700774632,33.491327788563]},"properties":{"common_id":"E3820400086201","name":"宮内小学校　グラウンド","address_pref":"愛媛県","address_city":"八幡浜市保内町宮内","address_detail":"5-46","contact":"(0894)36-0039","flood":null,"landslide":null,"storm_surge":null,"earthquake":"1","tsunami":null,"large_fire":"1","inland_flood":null,"volcano":null,"shelter_overlap":"1","capacity":"6976","capacity_basis":"1.0","notes":null,"changed":null,"new":null,"address":"愛媛県八幡浜市保内町宮内5-46","gsi_common_id":"E3820400086201","coordinate_join_method":"matched_by_id"}},{"type":"Feature","geometry":{"type":"Point","coordinates":[132.40033808647,33.48319858437]},"properties":{"common_id":"E3820400079201","name":"保内福祉会館","address_pref":"愛媛県","address_city":"八幡浜市保内町宮内","address_detail":"1-130","contact":"(0894)22-3111","flood":null,"landslide":"1","storm_surge":null,"earthquake":"1","tsunami":null,"large_fire":null,"inland_flood":null,"volcano":null,"shelter_overlap":"1","capacity":"96","capacity_basis":"1.0","notes":null,"changed":null,"new":null,"address":"愛媛県八幡浜市保内町宮内1-130","gsi_common_id":"E3820400079201","coordinate_join_method":"matched_by_id"}},{"type":"Feature","geometry":{"type":"Point","coordinates":[132.39836276657,33.492167227359]},"properties":{"common_id":"E3820400087201","name":"旧宮内保育所","address_pref":"愛媛県","address_city":"八幡浜市保内町宮内","address_detail":"5-87-4","contact":"(0894)22-3111","flood":null,"landslide":"1","storm_surge":"1","earthquake":null,"tsunami":null,"large_fire":null,"inland_flood":null,"volcano":null,"shelter_overlap":"1","capacity":"577","capacity_basis":"1.0","notes":null,"changed":null,"new":null,"address":"愛媛県八幡浜市保内町宮内5-87-4","gsi_common_id":"E3820400087201","coordinate_join_method":"matched_by_id"}},{"type":"Feature","geometry":{"type":"Point","coordinates":[132.39576638825,33.492381965502]},"properties":{"common_id":"E3820400085201","name":"保内幼稚園","address_pref":"愛媛県","address_city":"八幡浜市保内町宮内","address_detail":"4-50","contact":"(0894)36-1082","flood":"1","landslide":"1","storm_surge":"1","earthquake":"1","tsunami":null,"large_fire":null,"inland_flood":null,"volcano":null,"shelter_overlap":"1","capacity":"346","capacity_basis":"1.0","notes":null,"changed":null,"new":null,"address":"愛媛県八幡浜市保内町宮内4-50","gsi_common_id":"E3820400085201","coordinate_join_method":"matched_by_id"}},{"type":"Feature","geometry":{"type":"Point","coordinates":[132.4009118081,33.483767843778]},"properties":{"common_id":"E3820400080201","name":"八幡浜市役所保内庁舎（洪水・津波は３階、高潮は２階以上）","address_pref":"愛媛県","address_city":"八幡浜市保内町宮内","address_detail":"1-260","contact":"(0894)22-3111","flood":"1","landslide":"1","storm_surge":"1","earthquake":"1","tsunami":"1","large_fire":null,"inland_flood":null,"volcano":null,"shelter_overlap":"1","capacity":"471","capacity_basis":"1.0","notes":null,"changed":null,"new":null,"address":"愛媛県八幡浜市保内町宮内1-260","gsi_common_id":"E3820400080201","coordinate_join_method":"matched_by_id"}},{"type":"Feature","geometry":{"type":"Point","coordinates":[132.40134433647,33.48321233021]},"properties":{"common_id":"E3820400078201","name":"保内保健福祉センター（洪水・津波は３階、高潮は２階以上）","address_pref":"愛媛県","address_city":"八幡浜市保内町宮内","address_detail":"1-124-1","contact":"(0894)22-3111","flood":"1","landslide":"1","storm_surge":"1","earthquake":"1","tsunami":"1","large_fire":null,"inland_flood":null,"volcano":null,"shelter_overlap":"1","capacity":"390","capacity_basis":"1.0","notes":null,"changed":null,"new":null,"address":"愛媛県八幡浜市保内町宮内1-124-1","gsi_common_id":"E3820400078201","coordinate_join_method":"matched_by_id"}},{"type":"Feature","geometry":{"type":"Point","coordinates":[132.4023323079,33.482576207087]},"properties":{"common_id":"E3820400082201","name":"保内保育所","address_pref":"愛媛県","address_city":"八幡浜市保内町宮内","address_detail":"1-37","contact":"(0894)21-2844","flood":null,"landslide":"1","storm_surge":"1","earthquake":"1","tsunami":null,"large_fire":null,"inland_flood":null,"volcano":null,"shelter_overlap":"1","capacity":"699","capacity_basis":"1.0","notes":null,"changed":null,"new":null,"address":"愛媛県八幡浜市保内町宮内1-37","gsi_common_id":"E3820400082201","coordinate_join_method":"matched_by_id"}},{"type":"Feature","geometry":{"type":"Point","coordinates":[132.40189886299,33.482628779064]},"properties":{"common_id":"E3820400081201","name":"保内児童センター","address_pref":"愛媛県","address_city":"八幡浜市保内町宮内","address_detail":"1-36-1","contact":"(0894)21-2846","flood":null,"landslide":"1","storm_surge":null,"earthquake":"1","tsunami":null,"large_fire":null,"inland_flood":null,"volcano":null,"shelter_overlap":"1","capacity":"390","capacity_basis":"1.0","notes":null,"changed":null,"new":null,"address":"愛媛県八幡浜市保内町宮内1-36-1","gsi_common_id":"E3820400081201","coordinate_join_method":"matched_by_id"}},{"type":"Feature","geometry":{"type":"Point","coordinates":[132.41542186688,33.542587485356]},"properties":{"common_id":"E3820400069201","name":"磯津地区公民館（土砂災害は２階以上）","address_pref":"愛媛県","address_city":"八幡浜市保内町磯崎","address_detail":"1369-1","contact":"(0894)35-0215","flood":"1","landslide":"1","storm_surge":"1","earthquake":"1","tsunami":"1","large_fire":null,"inland_flood":null,"volcano":null,"shelter_overlap":"1","capacity":"490","capacity_basis":"1.0","notes":null,"changed":null,"new":null,"address":"愛媛県八幡浜市保内町磯崎1369-1","gsi_common_id":"E3820400069201","coordinate_join_method":"matched_by_id"}},{"type":"Feature","geometry":{"type":"Point","coordinates":[132.41506410402,33.54241964572]},"properties":{"common_id":"E3820400070202","name":"磯崎体育館","address_pref":"愛媛県","address_city":"八幡浜市保内町磯崎","address_detail":"1501","contact":"(0894)22-3111","flood":"1","landslide":null,"storm_surge":"1","earthquake":"1","tsunami":"1","large_fire":null,"inland_flood":null,"volcano":null,"shelter_overlap":"1","capacity":"476","capacity_basis":"1.0","notes":null,"changed":null,"new":null,"address":"愛媛県八幡浜市保内町磯崎1501","gsi_common_id":"E3820400070202","coordinate_join_method":"matched_by_id"}},{"type":"Feature","geometry":{"type":"Point","coordinates":[132.41463495058,33.542674499116]},"properties":{"common_id":"E3820400070201","name":"旧磯崎小学校グラウンド","address_pref":"愛媛県","address_city":"八幡浜市保内町磯崎","address_detail":"1501","contact":"(0894)22-3111","flood":null,"landslide":null,"storm_surge":null,"earthquake":"1","tsunami":"1","large_fire":"1","inland_flood":null,"volcano":null,"shelter_overlap":"1","capacity":"3758","capacity_basis":"1.0","notes":null,"changed":null,"new":null,"address":"愛媛県八幡浜市保内町磯崎1501","gsi_common_id":"E3820400070201","coordinate_join_method":"matched_by_id"}},{"type":"Feature","geometry":{"type":"Point","coordinates":[132.38627848742,33.527081726989]},"properties":{"common_id":"E3820400076204","name":"喜木津体育館","address_pref":"愛媛県","address_city":"八幡浜市保内町喜木津","address_detail":"2-353","contact":"(0894)22-3111","flood":"1","landslide":null,"storm_surge":"1","earthquake":"1","tsunami":"1","large_fire":null,"inland_flood":null,"volcano":null,"shelter_overlap":"1","capacity":"387","capacity_basis":"1.0","notes":null,"changed":null,"new":null,"address":"愛媛県八幡浜市保内町喜木津2-353","gsi_common_id":"E3820400076204","coordinate_join_method":"matched_by_id"}},{"type":"Feature","geometry":{"type":"Point","coordinates":[132.38634822485,33.527267311144]},"properties":{"common_id":"E3820400076203","name":"旧喜木津小学校　校舎（土砂災害は２階以上）","address_pref":"愛媛県","address_city":"八幡浜市保内町喜木津","address_detail":"2-353","contact":"(0894)22-3111","flood":"1","landslide":"1","storm_surge":"1","earthquake":null,"tsunami":"1","large_fire":null,"inland_flood":null,"volcano":null,"shelter_overlap":"1","capacity":"457","capacity_basis":"1.0","notes":null,"changed":null,"new":null,"address":"愛媛県八幡浜市保内町喜木津2-353","gsi_common_id":"E3820400076203","coordinate_join_method":"matched_by_id"}},{"type":"Feature","geometry":{"type":"Point","coordinates":[132.38634286043,33.527549040547]},"properties":{"common_id":"E3820400076201","name":"旧喜木津小学校　グラウンド","address_pref":"愛媛県","address_city":"八幡浜市保内町喜木津","address_detail":"2-353","contact":"(0894)22-3111","flood":null,"landslide":null,"storm_surge":null,"earthquake":"1","tsunami":"1","large_fire":"1","inland_flood":null,"volcano":null,"shelter_overlap":"1","capacity":"1448","capacity_basis":"1.0","notes":null,"changed":null,"new":null,"address":"愛媛県八幡浜市保内町喜木津2-353","gsi_common_id":"E3820400076201","coordinate_join_method":"matched_by_id"}},{"type":"Feature","geometry":{"type":"Point","coordinates":[133.28400877838,33.968904570964]},"properties":{"common_id":"E3820500053203","name":"新居浜小学校（校舎）","address_pref":"愛媛県新居浜市新須賀町3-1-58","address_city":null,"address_detail":null,"contact":"37-3061","flood":"1","landslide":"1","storm_surge":"1","earthquake":"1","tsunami":"1","large_fire":null,"inland_flood":"1","volcano":null,"shelter_overlap":"1","capacity":"3694","capacity_basis":null,"notes":null,"changed":null,"new":null,"address":"愛媛県新居浜市新須賀町3-1-58","gsi_common_id":"E3820500053203","coordinate_join_method":"matched_by_id"}},{"type":"Feature","geometry":{"type":"Point","coordinates":[133.28349915867,33.969256035823]},"properties":{"common_id":"E3820500053202","name":"新居浜小学校（体育館）","address_pref":"愛媛県新居浜市新須賀町3-1-58","address_city":null,"address_detail":null,"contact":"37-3061","flood":null,"landslide":"1","storm_surge":null,"earthquake":"1","tsunami":null,"large_fire":null,"inland_flood":"1","volcano":null,"shelter_overlap":"1","capacity":"945","capacity_basis":null,"notes":null,"changed":null,"new":null,"address":"愛媛県新居浜市新須賀町3-1-58","gsi_common_id":"E3820500053202","coordinate_join_method":"matched_by_id"}},{"type":"Feature","geometry":{"type":"Point","coordinates":[133.28358498936,33.969829943672]},"properties":{"common_id":"E3820500053201","name":"新居浜小学校（グラウンド）","address_pref":"愛媛県新居浜市新須賀町3-1-58","address_city":null,"address_detail":null,"contact":"37-3061","flood":null,"landslide":"1","storm_surge":null,"earthquake":"1","tsunami":null,"large_fire":"1","inland_flood":"1","volcano":null,"shelter_overlap":null,"capacity":"10990","capacity_basis":null,"notes":null,"changed":null,"new":null,"address":"愛媛県新居浜市新須賀町3-1-58","gsi_common_id":"E3820500053201","coordinate_join_method":"matched_by_id"}},{"type":"Feature","geometry":{"type":"Point","coordinates":[133.28431992322,33.970279044]},"properties":{"common_id":"E3820500055201","name":"新居浜公民館","address_pref":"愛媛県新居浜市新須賀町3-2-17","address_city":null,"address_detail":null,"contact":"32-8312","flood":"1","landslide":"1","storm_surge":"1","earthquake":"1","tsunami":null,"large_fire":null,"inland_flood":"1","volcano":null,"shelter_overlap":"1","capacity":"536","capacity_basis":null,"notes":null,"changed":null,"new":null,"address":"愛媛県新居浜市新須賀町3-2-17","gsi_common_id":"E3820500055201","coordinate_join_method":"matched_by_id"}},{"type":"Feature","geometry":{"type":"Point","coordinates":[133.2886424685,33.971176149966]},"properties":{"common_id":"E3820500056201","name":"新須賀公園","address_pref":"愛媛県新居浜市新須賀町4-9","address_city":null,"address_detail":null,"contact":"65-1270","flood":null,"landslide":"1","storm_surge":null,"earthquake":"1","tsunami":"1","large_fire":null,"inland_flood":"1","volcano":null,"shelter_overlap":null,"capacity":"1800","capacity_basis":null,"notes":null,"changed":null,"new":null,"address":"愛媛県新居浜市新須賀町4-9","gsi_common_id":"E3820500056201","coordinate_join_method":"matched_by_id"}},{"type":"Feature","geometry":{"type":"Point","coordinates":[133.28522938305,33.970449359161]},"properties":{"common_id":"E3820500054201","name":"新居浜公園（市営野球場）","address_pref":"愛媛県新居浜市新須賀町3-2","address_city":null,"address_detail":null,"contact":"65-1270","flood":null,"landslide":"1","storm_surge":null,"earthquake":"1","tsunami":null,"large_fire":"1","inland_flood":"1","volcano":null,"shelter_overlap":null,"capacity":"27000","capacity_basis":null,"notes":null,"changed":null,"new":null,"address":"愛媛県新居浜市新須賀町3-2","gsi_common_id":"E3820500054201","coordinate_join_method":"matched_by_id"}},{"type":"Feature","geometry":{"type":"Point","coordinates":[133.27482400371,33.961807132029]},"properties":{"common_id":"E3820500024204","name":"宮西小学校（校舎）北","address_pref":"愛媛県新居浜市宮西町5-56","address_city":null,"address_detail":null,"contact":"33-8940","flood":"1","landslide":"1","storm_surge":"1","earthquake":"1","tsunami":"1","large_fire":null,"inland_flood":"1","volcano":null,"shelter_overlap":"1","capacity":"1696","capacity_basis":null,"notes":null,"changed":null,"new":null,"address":"愛媛県新居浜市宮西町5-56","gsi_common_id":"E3820500024204","coordinate_join_method":"matched_by_id"}},{"type":"Feature","geometry":{"type":"Point","coordinates":[133.27476499511,33.961397795194]},"properties":{"common_id":"E3820500024203","name":"宮西小学校（校舎）南","address_pref":"愛媛県新居浜市宮西町5-56","address_city":null,"address_detail":null,"contact":"33-8940","flood":"1","landslide":"1","storm_surge":"1","earthquake":"1","tsunami":"1","large_fire":null,"inland_flood":"1","volcano":null,"shelter_overlap":"1","capacity":"1939","capacity_basis":null,"notes":null,"changed":null,"new":null,"address":"愛媛県新居浜市宮西町5-56","gsi_common_id":"E3820500024203","coordinate_join_method":"matched_by_id"}},{"type":"Feature","geometry":{"type":"Point","coordinates":[133.2750600381,33.961081892595]},"properties":{"common_id":"E3820500024202","name":"宮西小学校（体育館）","address_pref":"愛媛県新居浜市宮西町5-56","address_city":null,"address_detail":null,"contact":"33-8940","flood":null,"landslide":"1","storm_surge":null,"earthquake":"1","tsunami":null,"large_fire":null,"inland_flood":"1","volcano":null,"shelter_overlap":"1","capacity":"807","capacity_basis":null,"notes":null,"changed":null,"new":null,"address":"愛媛県新居浜市宮西町5-56","gsi_common_id":"E3820500024202","coordinate_join_method":"matched_by_id"}},{"type":"Feature","geometry":{"type":"Point","coordinates":[133.27574668362,33.961780436207]},"properties":{"common_id":"E3820500024201","name":"宮西小学校（グラウンド）","address_pref":"愛媛県新居浜市宮西町5-56","address_city":null,"address_detail":null,"contact":"33-8940","flood":null,"landslide":"1","storm_surge":null,"earthquake":"1","tsunami":null,"large_fire":"1","inland_flood":null,"volcano":null,"shelter_overlap":null,"capacity":"11274","capacity_basis":null,"notes":null,"changed":null,"new":null,"address":"愛媛県新居浜市宮西町5-56","gsi_common_id":"E3820500024201","coordinate_join_method":"matched_by_id"}},{"type":"Feature","geometry":{"type":"Point","coordinates":[133.27627053578,33.960924491542]},"properties":{"common_id":"E3820500025204","name":"北中学校（校舎）","address_pref":"愛媛県新居浜市宮西町5-81","address_city":null,"address_detail":null,"contact":"33-9135","flood":"1","landslide":"1","storm_surge":"1","earthquake":"1","tsunami":"1","large_fire":null,"inland_flood":"1","volcano":null,"shelter_overlap":"1","capacity":"3358","capacity_basis":null,"notes":null,"changed":null,"new":null,"address":"愛媛県新居浜市宮西町5-81","gsi_common_id":"E3820500025204","coordinate_join_method":"matched_by_id"}},{"type":"Feature","geometry":{"type":"Point","coordinates":[133.27514400799,33.960773213544]},"properties":{"common_id":"E3820500025203","name":"北中学校（体育館）","address_pref":"愛媛県新居浜市宮西町5-81","address_city":null,"address_detail":null,"contact":"33-9135","flood":null,"landslide":"1","storm_surge":null,"earthquake":"1","tsunami":null,"large_fire":null,"inland_flood":null,"volcano":null,"shelter_overlap":"1","capacity":"1138","capacity_basis":null,"notes":null,"changed":null,"new":null,"address":"愛媛県新居浜市宮西町5-81","gsi_common_id":"E3820500025203","coordinate_join_method":"matched_by_id"}},{"type":"Feature","geometry":{"type":"Point","coordinates":[133.2763939174,33.960661979552]},"properties":{"common_id":"E3820500025202","name":"北中学校（武道場）","address_pref":"愛媛県新居浜市宮西町5-81","address_city":null,"address_detail":null,"contact":"33-9135","flood":"1","landslide":"1","storm_surge":"1","earthquake":"1","tsunami":"1","large_fire":null,"inland_flood":"1","volcano":null,"shelter_overlap":"1","capacity":"969","capacity_basis":null,"notes":null,"changed":null,"new":null,"address":"愛媛県新居浜市宮西町5-81","gsi_common_id":"E3820500025202","coordinate_join_method":"matched_by_id"}},{"type":"Feature","geometry":{"type":"Point","coordinates":[133.27557852586,33.960199244582]},"properties":{"common_id":"E3820500025201","name":"北中学校（グラウンド）","address_pref":"愛媛県新居浜市宮西町5-81","address_city":null,"address_detail":null,"contact":"33-9135","flood":null,"landslide":"1","storm_surge":null,"earthquake":"1","tsunami":null,"large_fire":"1","inland_flood":null,"volcano":null,"shelter_overlap":null,"capacity":"15880","capacity_basis":null,"notes":null,"changed":null,"new":null,"address":"愛媛県新居浜市宮西町5-81","gsi_common_id":"E3820500025201","coordinate_join_method":"matched_by_id"}},{"type":"Feature","geometry":{"type":"Point","coordinates":[133.27766029533,33.961881264557]},"properties":{"common_id":"E3820500023205","name":"新居浜西高校（校舎）本館","address_pref":"愛媛県新居浜市宮西町4-46","address_city":null,"address_detail":null,"contact":"37-2735","flood":"1","landslide":"1","storm_surge":"1","earthquake":"1","tsunami":"1","large_fire":null,"inland_flood":"1","volcano":null,"shelter_overlap":"1","capacity":"3103","capacity_basis":null,"notes":null,"changed":null,"new":null,"address":"愛媛県新居浜市宮西町4-46","gsi_common_id":"E3820500023205","coordinate_join_method":"matched_by_id"}},{"type":"Feature","geometry":{"type":"Point","coordinates":[133.2769682854,33.96208148277]},"properties":{"common_id":"E3820500023204","name":"新居浜西高校（校舎）第１","address_pref":"愛媛県新居浜市宮西町4-46","address_city":null,"address_detail":null,"contact":"37-2735","flood":"1","landslide":"1","storm_surge":"1","earthquake":"1","tsunami":"1","large_fire":null,"inland_flood":"1","volcano":null,"shelter_overlap":"1","capacity":"3399","capacity_basis":null,"notes":null,"changed":null,"new":null,"address":"愛媛県新居浜市宮西町4-46","gsi_common_id":"E3820500023204","coordinate_join_method":"matched_by_id"}},{"type":"Feature","geometry":{"type":"Point","coordinates":[133.27739170105,33.961376069233]},"properties":{"common_id":"E3820500023203","name":"新居浜西高校（体育館）","address_pref":"愛媛県新居浜市宮西町4-46","address_city":null,"address_detail":null,"contact":"37-2735","flood":null,"landslide":"1","storm_surge":null,"earthquake":"1","tsunami":"1","large_fire":null,"inland_flood":"1","volcano":null,"shelter_overlap":"1","capacity":"1669","capacity_basis":null,"notes":null,"changed":null,"new":null,"address":"愛媛県新居浜市宮西町4-46","gsi_common_id":"E3820500023203","coordinate_join_method":"matched_by_id"}},{"type":"Feature","geometry":{"type":"Point","coordinates":[133.2768981746,33.961451707729]},"properties":{"common_id":"E3820500023202","name":"新居浜西高校（武道場）","address_pref":"愛媛県新居浜市宮西町4-46","address_city":null,"address_detail":null,"contact":"37-2735","flood":null,"landslide":"1","storm_surge":null,"earthquake":"1","tsunami":"1","large_fire":null,"inland_flood":"1","volcano":null,"shelter_overlap":"1","capacity":"378","capacity_basis":null,"notes":null,"changed":null,"new":null,"address":"愛媛県新居浜市宮西町4-46","gsi_common_id":"E3820500023202","coordinate_join_method":"matched_by_id"}},{"type":"Feature","geometry":{"type":"Point","coordinates":[133.27731123479,33.960690870383]},"properties":{"common_id":"E3820500023201","name":"新居浜西高校（グラウンド）","address_pref":"愛媛県新居浜市宮西町4-46","address_city":null,"address_detail":null,"contact":"37-2735","flood":null,"landslide":"1","storm_surge":null,"earthquake":"1","tsunami":"1","large_fire":"1","inland_flood":"1","volcano":null,"shelter_overlap":null,"capacity":"11495","capacity_basis":null,"notes":null,"changed":null,"new":null,"address":"愛媛県新居浜市宮西町4-46","gsi_common_id":"E3820500023201","coordinate_join_method":"matched_by_id"}},{"type":"Feature","geometry":{"type":"Point","coordinates":[133.27473951796,33.968291825117]},"properties":{"common_id":"E3820500077201","name":"口屋跡記念公民館","address_pref":"愛媛県新居浜市西町6-2","address_city":null,"address_detail":null,"contact":"32-8430","flood":"1","landslide":"1","storm_surge":"1","earthquake":"1","tsunami":null,"large_fire":null,"inland_flood":"1","volcano":null,"shelter_overlap":"1","capacity":"950","capacity_basis":null,"notes":null,"changed":null,"new":null,"address":"愛媛県新居浜市西町6-2","gsi_common_id":"E3820500077201","coordinate_join_method":"matched_by_id"}},{"type":"Feature","geometry":{"type":"Point","coordinates":[133.28078131251,33.96335144024]},"properties":{"common_id":"E3820500120201","name":"文化振興会館","address_pref":"愛媛県新居浜市徳常町4-8","address_city":null,"address_detail":null,"contact":"36-0800","flood":"1","landslide":"1","storm_surge":"1","earthquake":"1","tsunami":"1","large_fire":null,"inland_flood":"1","volcano":null,"shelter_overlap":"1","capacity":"993","capacity_basis":null,"notes":null,"changed":null,"new":null,"address":"愛媛県新居浜市徳常町4-8","gsi_common_id":"E3820500120201","coordinate_join_method":"matched_by_id"}},{"type":"Feature","geometry":{"type":"Point","coordinates":[133.27505189466,33.966641455274]},"properties":{"common_id":"E3820500078201","name":"憩いの森","address_pref":"愛媛県新居浜市泉池町10","address_city":null,"address_detail":null,"contact":"65-1270","flood":null,"landslide":"1","storm_surge":null,"earthquake":"1","tsunami":null,"large_fire":null,"inland_flood":null,"volcano":null,"shelter_overlap":null,"capacity":"1400","capacity_basis":null,"notes":null,"changed":null,"new":null,"address":"愛媛県新居浜市泉池町10","gsi_common_id":"E3820500078201","coordinate_join_method":"matched_by_id"}},{"type":"Feature","geometry":{"type":"Point","coordinates":[133.27063524571,33.967110401483]},"properties":{"common_id":"E3820500104201","name":"中須賀公園","address_pref":"愛媛県新居浜市中須賀町2-5","address_city":null,"address_detail":null,"contact":"65-1270","flood":null,"landslide":"1","storm_surge":null,"earthquake":"1","tsunami":null,"large_fire":null,"inland_flood":"1","volcano":null,"shelter_overlap":null,"capacity":"1900","capacity_basis":null,"notes":null,"changed":null,"new":null,"address":"愛媛県新居浜市中須賀町2-5","gsi_common_id":"E3820500104201","coordinate_join_method":"matched_by_id"}},{"type":"Feature","geometry":{"type":"Point","coordinates":[133.28219753663,33.961358788367]},"properties":{"common_id":"E3820500136201","name":"中央公園","address_pref":"愛媛県新居浜市繁本町3","address_city":null,"address_detail":null,"contact":"65-1270","flood":null,"landslide":"1","storm_surge":"1","earthquake":"1","tsunami":"1","large_fire":null,"inland_flood":"1","volcano":null,"shelter_overlap":null,"capacity":"5400","capacity_basis":null,"notes":null,"changed":null,"new":null,"address":"愛媛県新居浜市繁本町3","gsi_common_id":"E3820500136201","coordinate_join_method":"matched_by_id"}},{"type":"Feature","geometry":{"type":"Point","coordinates":[133.28064680877,33.957821806207]},"properties":{"common_id":"E3820500020205","name":"金子小学校（校舎）北","address_pref":"愛媛県新居浜市久保田町1-3-57","address_city":null,"address_detail":null,"contact":"37-2221","flood":"1","landslide":"1","storm_surge":"1","earthquake":"1","tsunami":"1","large_fire":null,"inland_flood":"1","volcano":null,"shelter_overlap":"1","capacity":"1950","capacity_basis":null,"notes":null,"changed":null,"new":null,"address":"愛媛県新居浜市久保田町1-3-57","gsi_common_id":"E3820500020205","coordinate_join_method":"matched_by_id"}},{"type":"Feature","geometry":{"type":"Point","coordinates":[133.28084529223,33.957630477011]},"properties":{"common_id":"E3820500020204","name":"金子小学校（校舎）中","address_pref":"愛媛県新居浜市久保田町1-3-57","address_city":null,"address_detail":null,"contact":"37-2221","flood":"1","landslide":"1","storm_surge":"1","earthquake":"1","tsunami":"1","large_fire":null,"inland_flood":"1","volcano":null,"shelter_overlap":"1","capacity":"1801","capacity_basis":null,"notes":null,"changed":null,"new":null,"address":"愛媛県新居浜市久保田町1-3-57","gsi_common_id":"E3820500020204","coordinate_join_method":"matched_by_id"}},{"type":"Feature","geometry":{"type":"Point","coordinates":[133.28094185175,33.957323459499]},"properties":{"common_id":"E3820500020203","name":"金子小学校（校舎）南","address_pref":"愛媛県新居浜市久保田町1-3-57","address_city":null,"address_detail":null,"contact":"37-2221","flood":"1","landslide":"1","storm_surge":"1","earthquake":"1","tsunami":"1","large_fire":null,"inland_flood":"1","volcano":null,"shelter_overlap":"1","capacity":"1701","capacity_basis":null,"notes":null,"changed":null,"new":null,"address":"愛媛県新居浜市久保田町1-3-57","gsi_common_id":"E3820500020203","coordinate_join_method":"matched_by_id"}},{"type":"Feature","geometry":{"type":"Point","coordinates":[133.28092039408,33.95800868547]},"properties":{"common_id":"E3820500020202","name":"金子小学校（体育館）","address_pref":"愛媛県新居浜市久保田町1-3-57","address_city":null,"address_detail":null,"contact":"37-2221","flood":null,"landslide":"1","storm_surge":"1","earthquake":"1","tsunami":"1","large_fire":null,"inland_flood":"1","volcano":null,"shelter_overlap":"1","capacity":"1033","capacity_basis":null,"notes":null,"changed":null,"new":null,"address":"愛媛県新居浜市久保田町1-3-57","gsi_common_id":"E3820500020202","coordinate_join_method":"matched_by_id"}},{"type":"Feature","geometry":{"type":"Point","coordinates":[133.28172505678,33.957741714969]},"properties":{"common_id":"E3820500020201","name":"金子小学校（グラウンド）","address_pref":"愛媛県新居浜市久保田町1-3-57","address_city":null,"address_detail":null,"contact":"37-2221","flood":null,"landslide":"1","storm_surge":"1","earthquake":"1","tsunami":"1","large_fire":"1","inland_flood":null,"volcano":null,"shelter_overlap":null,"capacity":"10358","capacity_basis":null,"notes":null,"changed":null,"new":null,"address":"愛媛県新居浜市久保田町1-3-57","gsi_common_id":"E3820500020201","coordinate_join_method":"matched_by_id"}},{"type":"Feature","geometry":{"type":"Point","coordinates":[133.29754185783,33.957959068199]},"properties":{"common_id":"E3820500049205","name":"南中学校（校舎）北","address_pref":"愛媛県新居浜市庄内町2-4-47","address_city":null,"address_detail":null,"contact":"37-0310","flood":"1","landslide":"1","storm_surge":"1","earthquake":"1","tsunami":"1","large_fire":null,"inland_flood":"1","volcano":null,"shelter_overlap":"1","capacity":"2361","capacity_basis":null,"notes":null,"changed":null,"new":null,"address":"愛媛県新居浜市庄内町2-4-47","gsi_common_id":"E3820500049205","coordinate_join_method":"matched_by_id"}},{"type":"Feature","geometry":{"type":"Point","coordinates":[133.29773497688,33.95769654706]},"properties":{"common_id":"E3820500049204","name":"南中学校（校舎）南","address_pref":"愛媛県新居浜市庄内町2-4-47","address_city":null,"address_detail":null,"contact":"37-0310","flood":"1","landslide":"1","storm_surge":"1","earthquake":"1","tsunami":"1","large_fire":null,"inland_flood":"1","volcano":null,"shelter_overlap":"1","capacity":"2267","capacity_basis":null,"notes":null,"changed":null,"new":null,"address":"愛媛県新居浜市庄内町2-4-47","gsi_common_id":"E3820500049204","coordinate_join_method":"matched_by_id"}},{"type":"Feature","geometry":{"type":"Point","coordinates":[133.2972038995,33.958061406729]},"properties":{"common_id":"E3820500049203","name":"南中学校（体育館）","address_pref":"愛媛県新居浜市庄内町2-4-47","address_city":null,"address_detail":null,"contact":"37-0310","flood":null,"landslide":"1","storm_surge":"1","earthquake":"1","tsunami":"1","large_fire":null,"inland_flood":"1","volcano":null,"shelter_overlap":"1","capacity":"1116","capacity_basis":null,"notes":null,"changed":null,"new":null,"address":"愛媛県新居浜市庄内町2-4-47","gsi_common_id":"E3820500049203","coordinate_join_method":"matched_by_id"}},{"type":"Feature","geometry":{"type":"Point","coordinates":[133.2976223241,33.958332825712]},"properties":{"common_id":"E3820500049202","name":"南中学校（武道場）","address_pref":"愛媛県新居浜市庄内町2-4-47","address_city":null,"address_detail":null,"contact":"37-0310","flood":null,"landslide":"1","storm_surge":"1","earthquake":"1","tsunami":"1","large_fire":null,"inland_flood":"1","volcano":null,"shelter_overlap":"1","capacity":"428","capacity_basis":null,"notes":null,"changed":null,"new":null,"address":"愛媛県新居浜市庄内町2-4-47","gsi_common_id":"E3820500049202","coordinate_join_method":"matched_by_id"}},{"type":"Feature","geometry":{"type":"Point","coordinates":[133.29694104301,33.958693233187]},"properties":{"common_id":"E3820500049201","name":"南中学校（グラウンド）","address_pref":"愛媛県新居浜市庄内町2-4-47","address_city":null,"address_detail":null,"contact":"37-0310","flood":null,"landslide":"1","storm_surge":"1","earthquake":"1","tsunami":"1","large_fire":"1","inland_flood":"1","volcano":null,"shelter_overlap":null,"capacity":"12699","capacity_basis":null,"notes":null,"changed":null,"new":null,"address":"愛媛県新居浜市庄内町2-4-47","gsi_common_id":"E3820500049201","coordinate_join_method":"matched_by_id"}},{"type":"Feature","geometry":{"type":"Point","coordinates":[133.29237465942,33.960629311256]},"properties":{"common_id":"E3820500131208","name":"新居浜高専（体育館）西","address_pref":"愛媛県新居浜市八雲町7-1","address_city":null,"address_detail":null,"contact":"37-7702","flood":null,"landslide":"1","storm_surge":"1","earthquake":"1","tsunami":"1","large_fire":null,"inland_flood":"1","volcano":null,"shelter_overlap":"1","capacity":"904","capacity_basis":null,"notes":null,"changed":null,"new":null,"address":"愛媛県新居浜市八雲町7-1","gsi_common_id":"E3820500131208","coordinate_join_method":"matched_by_id"}},{"type":"Feature","geometry":{"type":"Point","coordinates":[133.29308812702,33.960994158347]},"properties":{"common_id":"E3820500131207","name":"新居浜高専（体育館）東","address_pref":"愛媛県新居浜市八雲町7-1","address_city":null,"address_detail":null,"contact":"37-7702","flood":null,"landslide":"1","storm_surge":"1","earthquake":"1","tsunami":"1","large_fire":null,"inland_flood":"1","volcano":null,"shelter_overlap":"1","capacity":"853","capacity_basis":null,"notes":null,"changed":null,"new":null,"address":"愛媛県新居浜市八雲町7-1","gsi_common_id":"E3820500131207","coordinate_join_method":"matched_by_id"}},{"type":"Feature","geometry":{"type":"Point","coordinates":[133.29277699077,33.960882924645]},"properties":{"common_id":"E3820500131206","name":"新居浜高専（武道場）","address_pref":"愛媛県新居浜市八雲町7-1","address_city":null,"address_detail":null,"contact":"37-7702","flood":null,"landslide":"1","storm_surge":"1","earthquake":"1","tsunami":"1","large_fire":null,"inland_flood":"1","volcano":null,"shelter_overlap":"1","capacity":"281","capacity_basis":null,"notes":null,"changed":null,"new":null,"address":"愛媛県新居浜市八雲町7-1","gsi_common_id":"E3820500131206","coordinate_join_method":"matched_by_id"}},{"type":"Feature","geometry":{"type":"Point","coordinates":[133.29122667396,33.961639310962]},"properties":{"common_id":"E3820500131205","name":"新居浜高専（尚友会館）","address_pref":"愛媛県新居浜市八雲町7-1","address_city":null,"address_detail":null,"contact":"37-7702","flood":"1","landslide":"1","storm_surge":"1","earthquake":"1","tsunami":"1","large_fire":null,"inland_flood":"1","volcano":null,"shelter_overlap":"1","capacity":"610","capacity_basis":null,"notes":null,"changed":null,"new":null,"address":"愛媛県新居浜市八雲町7-1","gsi_common_id":"E3820500131205","coordinate_join_method":"matched_by_id"}},{"type":"Feature","geometry":{"type":"Point","coordinates":[133.29196159923,33.961158783962]},"properties":{"common_id":"E3820500131204","name":"新居浜高専（図書館ロビー）","address_pref":"愛媛県新居浜市八雲町7-1","address_city":null,"address_detail":null,"contact":"37-7702","flood":"1","landslide":"1","storm_surge":"1","earthquake":"1","tsunami":"1","large_fire":null,"inland_flood":"1","volcano":null,"shelter_overlap":"1","capacity":"278","capacity_basis":null,"notes":null,"changed":null,"new":null,"address":"愛媛県新居浜市八雲町7-1","gsi_common_id":"E3820500131204","coordinate_join_method":"matched_by_id"}},{"type":"Feature","geometry":{"type":"Point","coordinates":[133.291568,33.961771]},"properties":{"common_id":"E3820500131203","name":"新居浜高専（合宿研修所）","address_pref":"愛媛県新居浜市八雲町7-1","address_city":null,"address_detail":null,"contact":"37-7702","flood":null,"landslide":"1","storm_surge":"1","earthquake":"1","tsunami":"1","large_fire":null,"inland_flood":"1","volcano":null,"shelter_overlap":"1","capacity":"198","capacity_basis":null,"notes":null,"changed":null,"new":null,"address":"愛媛県新居浜市八雲町7-1","gsi_common_id":"E3820500131203","coordinate_join_method":"matched_by_id"}},{"type":"Feature","geometry":{"type":"Point","coordinates":[133.29348509395,33.960874025941]},"properties":{"common_id":"E3820500131202","name":"新居浜高専（八雲荘）","address_pref":"愛媛県新居浜市八雲町7-1","address_city":null,"address_detail":null,"contact":"37-7702","flood":null,"landslide":"1","storm_surge":"1","earthquake":"1","tsunami":"1","large_fire":null,"inland_flood":"1","volcano":null,"shelter_overlap":"1","capacity":"151","capacity_basis":null,"notes":null,"changed":null,"new":null,"address":"愛媛県新居浜市八雲町7-1","gsi_common_id":"E3820500131202","coordinate_join_method":"matched_by_id"}},{"type":"Feature","geometry":{"type":"Point","coordinates":[133.29297547424,33.959979701585]},"properties":{"common_id":"E3820500131201","name":"新居浜高専（グラウンド）","address_pref":"愛媛県新居浜市八雲町7-1","address_city":null,"address_detail":null,"contact":"37-7702","flood":null,"landslide":"1","storm_surge":"1","earthquake":"1","tsunami":"1","large_fire":"1","inland_flood":"1","volcano":null,"shelter_overlap":null,"capacity":"22251","capacity_basis":null,"notes":null,"changed":null,"new":null,"address":"愛媛県新居浜市八雲町7-1","gsi_common_id":"E3820500131201","coordinate_join_method":"matched_by_id"}},{"type":"Feature","geometry":{"type":"Point","coordinates":[133.28998679032,33.952836820197]},"properties":{"common_id":"E3820500050201","name":"ウイメンズプラザ","address_pref":"愛媛県新居浜市庄内町4-4-19","address_city":null,"address_detail":null,"contact":"37-1700","flood":"1","landslide":"1","storm_surge":"1","earthquake":"1","tsunami":"1","large_fire":null,"inland_flood":"1","volcano":null,"shelter_overlap":"1","capacity":"2088","capacity_basis":null,"notes":null,"changed":null,"new":null,"address":"愛媛県新居浜市庄内町4-4-19","gsi_common_id":"E3820500050201","coordinate_join_method":"matched_by_id"}},{"type":"Feature","geometry":{"type":"Point","coordinates":[133.28767448332,33.955798027667]},"properties":{"common_id":"E3820500048201","name":"地域交流センター","address_pref":"愛媛県新居浜市庄内町1-14-7","address_city":null,"address_detail":null,"contact":"34-6320","flood":"1","landslide":"1","storm_surge":"1","earthquake":"1","tsunami":"1","large_fire":null,"inland_flood":"1","volcano":null,"shelter_overlap":"1","capacity":"945","capacity_basis":null,"notes":null,"changed":null,"new":null,"address":"愛媛県新居浜市庄内町1-14-7","gsi_common_id":"E3820500048201","coordinate_join_method":"matched_by_id"}},{"type":"Feature","geometry":{"type":"Point","coordinates":[133.28283201657,33.950876814385]},"properties":{"common_id":"E3820500070203","name":"金栄小学校（校舎）","address_pref":"愛媛県新居浜市西の土居町1-5-1","address_city":null,"address_detail":null,"contact":"37-2313","flood":"1","landslide":"1","storm_surge":"1","earthquake":"1","tsunami":"1","large_fire":null,"inland_flood":"1","volcano":null,"shelter_overlap":"1","capacity":"3500","capacity_basis":null,"notes":null,"changed":null,"new":null,"address":"愛媛県新居浜市西の土居町1-5-1","gsi_common_id":"E3820500070203","coordinate_join_method":"matched_by_id"}},{"type":"Feature","geometry":{"type":"Point","coordinates":[133.28186910353,33.951101532743]},"properties":{"common_id":"E3820500070202","name":"金栄小学校（体育館）","address_pref":"愛媛県新居浜市西の土居町1-5-1","address_city":null,"address_detail":null,"contact":"37-2313","flood":null,"landslide":"1","storm_surge":"1","earthquake":"1","tsunami":"1","large_fire":null,"inland_flood":null,"volcano":null,"shelter_overlap":"1","capacity":"1119","capacity_basis":null,"notes":null,"changed":null,"new":null,"address":"愛媛県新居浜市西の土居町1-5-1","gsi_common_id":"E3820500070202","coordinate_join_method":"matched_by_id"}},{"type":"Feature","geometry":{"type":"Point","coordinates":[133.28268449507,33.951381873623]},"properties":{"common_id":"E3820500070201","name":"金栄小学校（グラウンド）","address_pref":"愛媛県新居浜市西の土居町1-5-1","address_city":null,"address_detail":null,"contact":"37-2313","flood":null,"landslide":"1","storm_surge":"1","earthquake":"1","tsunami":"1","large_fire":"1","inland_flood":null,"volcano":null,"shelter_overlap":null,"capacity":"14565","capacity_basis":null,"notes":null,"changed":null,"new":null,"address":"愛媛県新居浜市西の土居町1-5-1","gsi_common_id":"E3820500070201","coordinate_join_method":"matched_by_id"}},{"type":"Feature","geometry":{"type":"Point","coordinates":[133.28463844826,33.950366961949]},"properties":{"common_id":"E3820500033201","name":"金栄公民館","address_pref":"愛媛県新居浜市高木町6-25","address_city":null,"address_detail":null,"contact":"33-3212","flood":"1","landslide":"1","storm_surge":"1","earthquake":"1","tsunami":"1","large_fire":null,"inland_flood":"1","volcano":null,"shelter_overlap":"1","capacity":"456","capacity_basis":null,"notes":null,"changed":null,"new":null,"address":"愛媛県新居浜市高木町6-25","gsi_common_id":"E3820500033201","coordinate_join_method":"matched_by_id"}},{"type":"Feature","geometry":{"type":"Point","coordinates":[133.28616352523,33.954085962619]},"properties":{"common_id":"E3820500032201","name":"ふれあいプラザ","address_pref":"愛媛県新居浜市高木町2-60","address_city":null,"address_detail":null,"contact":"35-2940","flood":"1","landslide":"1","storm_surge":"1","earthquake":"1","tsunami":"1","large_fire":null,"inland_flood":"1","volcano":null,"shelter_overlap":"1","capacity":"5279","capacity_basis":null,"notes":null,"changed":null,"new":null,"address":"愛媛県新居浜市高木町2-60","gsi_common_id":"E3820500032201","coordinate_join_method":"matched_by_id"}},{"type":"Feature","geometry":{"type":"Point","coordinates":[133.28346072703,33.950507085168]},"properties":{"common_id":"E3820500071201","name":"慈光園（１階研究室）","address_pref":"愛媛県新居浜市西の土居町1-6-20","address_city":null,"address_detail":null,"contact":"32-4325","flood":null,"landslide":"1","storm_surge":"1","earthquake":"1","tsunami":"1","large_fire":null,"inland_flood":"1","volcano":null,"shelter_overlap":"1","capacity":"120","capacity_basis":null,"notes":null,"changed":null,"new":null,"address":"愛媛県新居浜市西の土居町1-6-20","gsi_common_id":"E3820500071201","coordinate_join_method":"matched_by_id"}},{"type":"Feature","geometry":{"type":"Point","coordinates":[133.29040177859,33.949174372473]},"properties":{"common_id":"E3820500035201","name":"駅前西公園","address_pref":"愛媛県新居浜市坂井町1-1","address_city":null,"address_detail":null,"contact":"65-1270","flood":null,"landslide":"1","storm_surge":"1","earthquake":"1","tsunami":"1","large_fire":null,"inland_flood":null,"volcano":null,"shelter_overlap":null,"capacity":"1500","capacity_basis":null,"notes":null,"changed":null,"new":null,"address":"愛媛県新居浜市坂井町1-1","gsi_common_id":"E3820500035201","coordinate_join_method":"matched_by_id"}},{"type":"Feature","geometry":{"type":"Point","coordinates":[133.29200037516,33.946166144088]},"properties":{"common_id":"E3820500036201","name":"駅前南公園","address_pref":"愛媛県新居浜市坂井町1-8","address_city":null,"address_detail":null,"contact":"65-1270","flood":null,"landslide":"1","storm_surge":"1","earthquake":"1","tsunami":"1","large_fire":null,"inland_flood":"1","volcano":null,"shelter_overlap":null,"capacity":"1100","capacity_basis":null,"notes":null,"changed":null,"new":null,"address":"愛媛県新居浜市坂井町1-8","gsi_common_id":"E3820500036201","coordinate_join_method":"matched_by_id"}},{"type":"Feature","geometry":{"type":"Point","coordinates":[133.29245635069,33.949521468906]},"properties":{"common_id":"E3820500037201","name":"駅前中央公園","address_pref":"愛媛県新居浜市坂井町2-1","address_city":null,"address_detail":null,"contact":"65-1270","flood":null,"landslide":"1","storm_surge":"1","earthquake":"1","tsunami":"1","large_fire":null,"inland_flood":"1","volcano":null,"shelter_overlap":null,"capacity":"1400","capacity_basis":null,"notes":null,"changed":null,"new":null,"address":"愛媛県新居浜市坂井町2-1","gsi_common_id":"E3820500037201","coordinate_join_method":"matched_by_id"}},{"type":"Feature","geometry":{"type":"Point","coordinates":[133.29629034276,33.950304937842]},"properties":{"common_id":"E3820500038201","name":"正光寺山古墳公園","address_pref":"愛媛県新居浜市坂井町2-10","address_city":null,"address_detail":null,"contact":"65-1270","flood":null,"landslide":"1","storm_surge":"1","earthquake":"1","tsunami":"1","large_fire":null,"inland_flood":"1","volcano":null,"shelter_overlap":null,"capacity":"4100","capacity_basis":null,"notes":null,"changed":null,"new":null,"address":"愛媛県新居浜市坂井町2-10","gsi_common_id":"E3820500038201","coordinate_join_method":"matched_by_id"}},{"type":"Feature","geometry":{"type":"Point","coordinates":[133.26855442725,33.952365867392]},"properties":{"common_id":"E3820500006205","name":"惣開小学校(校舎）東","address_pref":"愛媛県新居浜市王子町1-3","address_city":null,"address_detail":null,"contact":"37-3401","flood":"1","landslide":"1","storm_surge":"1","earthquake":"1","tsunami":"1","large_fire":null,"inland_flood":"1","volcano":null,"shelter_overlap":"1","capacity":"2264","capacity_basis":null,"notes":null,"changed":null,"new":null,"address":"愛媛県新居浜市王子町1-3","gsi_common_id":"E3820500006205","coordinate_join_method":"matched_by_id"}},{"type":"Feature","geometry":{"type":"Point","coordinates":[133.26825401983,33.952499361183]},"properties":{"common_id":"E3820500006204","name":"惣開小学校（校舎）西","address_pref":"愛媛県新居浜市王子町1-3","address_city":null,"address_detail":null,"contact":"37-3401","flood":"1","landslide":"1","storm_surge":"1","earthquake":"1","tsunami":"1","large_fire":null,"inland_flood":"1","volcano":null,"shelter_overlap":"1","capacity":"1760","capacity_basis":null,"notes":null,"changed":null,"new":null,"address":"愛媛県新居浜市王子町1-3","gsi_common_id":"E3820500006204","coordinate_join_method":"matched_by_id"}},{"type":"Feature","geometry":{"type":"Point","coordinates":[133.26792679033,33.95265065389]},"properties":{"common_id":"E3820500006203","name":"惣開小学校（体育館）","address_pref":"愛媛県新居浜市王子町1-3","address_city":null,"address_detail":null,"contact":"37-3401","flood":null,"landslide":"1","storm_surge":"1","earthquake":"1","tsunami":"1","large_fire":null,"inland_flood":"1","volcano":null,"shelter_overlap":"1","capacity":"807","capacity_basis":null,"notes":null,"changed":null,"new":null,"address":"愛媛県新居浜市王子町1-3","gsi_common_id":"E3820500006203","coordinate_join_method":"matched_by_id"}},{"type":"Feature","geometry":{"type":"Point","coordinates":[133.26873681747,33.952089979565]},"properties":{"common_id":"E3820500006202","name":"惣開小学校（グラウンド）","address_pref":"愛媛県新居浜市王子町1-3","address_city":null,"address_detail":null,"contact":"37-3401","flood":null,"landslide":"1","storm_surge":null,"earthquake":"1","tsunami":"1","large_fire":"1","inland_flood":"1","volcano":null,"shelter_overlap":null,"capacity":"8010","capacity_basis":null,"notes":null,"changed":null,"new":null,"address":"愛媛県新居浜市王子町1-3","gsi_common_id":"E3820500006202","coordinate_join_method":"matched_by_id"}},{"type":"Feature","geometry":{"type":"Point","coordinates":[133.26973072768,33.957039365424]},"properties":{"common_id":"E3820500029205","name":"西中学校（校舎）北","address_pref":"愛媛県新居浜市江口町7-1","address_city":null,"address_detail":null,"contact":"37-2021","flood":"1","landslide":"1","storm_surge":"1","earthquake":"1","tsunami":"1","large_fire":null,"inland_flood":"1","volcano":null,"shelter_overlap":"1","capacity":"1074","capacity_basis":null,"notes":null,"changed":null,"new":null,"address":"愛媛県新居浜市江口町7-1","gsi_common_id":"E3820500029205","coordinate_join_method":"matched_by_id"}},{"type":"Feature","geometry":{"type":"Point","coordinates":[133.26965562583,33.956790190142]},"properties":{"common_id":"E3820500029204","name":"西中学校（校舎）南","address_pref":"愛媛県新居浜市江口町7-1","address_city":null,"address_detail":null,"contact":"37-2021","flood":"1","landslide":"1","storm_surge":"1","earthquake":"1","tsunami":"1","large_fire":null,"inland_flood":"1","volcano":null,"shelter_overlap":"1","capacity":"3689","capacity_basis":null,"notes":null,"changed":null,"new":null,"address":"愛媛県新居浜市江口町7-1","gsi_common_id":"E3820500029204","coordinate_join_method":"matched_by_id"}},{"type":"Feature","geometry":{"type":"Point","coordinates":[133.26995603325,33.956407526682]},"properties":{"common_id":"E3820500029203","name":"西中学校（体育館）","address_pref":"愛媛県新居浜市江口町7-1","address_city":null,"address_detail":null,"contact":"37-2021","flood":null,"landslide":"1","storm_surge":null,"earthquake":"1","tsunami":null,"large_fire":null,"inland_flood":"1","volcano":null,"shelter_overlap":"1","capacity":"816","capacity_basis":null,"notes":null,"changed":null,"new":null,"address":"愛媛県新居浜市江口町7-1","gsi_common_id":"E3820500029203","coordinate_join_method":"matched_by_id"}},{"type":"Feature","geometry":{"type":"Point","coordinates":[133.26993457557,33.956011512686]},"properties":{"common_id":"E3820500029202","name":"西中学校（武道場）","address_pref":"愛媛県新居浜市江口町7-1","address_city":null,"address_detail":null,"contact":"37-2021","flood":null,"landslide":"1","storm_surge":null,"earthquake":"1","tsunami":null,"large_fire":null,"inland_flood":"1","volcano":null,"shelter_overlap":"1","capacity":"428","capacity_basis":null,"notes":null,"changed":null,"new":null,"address":"愛媛県新居浜市江口町7-1","gsi_common_id":"E3820500029202","coordinate_join_method":"matched_by_id"}},{"type":"Feature","geometry":{"type":"Point","coordinates":[133.27059439899,33.956233992687]},"properties":{"common_id":"E3820500029201","name":"西中学校（グラウンド）","address_pref":"愛媛県新居浜市江口町7-1","address_city":null,"address_detail":null,"contact":"37-2021","flood":null,"landslide":"1","storm_surge":null,"earthquake":"1","tsunami":null,"large_fire":"1","inland_flood":"1","volcano":null,"shelter_overlap":null,"capacity":"13504","capacity_basis":null,"notes":null,"changed":null,"new":null,"address":"愛媛県新居浜市江口町7-1","gsi_common_id":"E3820500029201","coordinate_join_method":"matched_by_id"}},{"type":"Feature","geometry":{"type":"Point","coordinates":[133.27049831442,33.961705080159]},"properties":{"common_id":"E3820500143208","name":"新居浜工業高校（校舎）第１","address_pref":"愛媛県新居浜市北新町8-1","address_city":null,"address_detail":null,"contact":"37-2029","flood":"1","landslide":"1","storm_surge":"1","earthquake":"1","tsunami":"1","large_fire":null,"inland_flood":"1","volcano":null,"shelter_overlap":"1","capacity":"4881","capacity_basis":null,"notes":null,"changed":null,"new":null,"address":"愛媛県新居浜市北新町8-1","gsi_common_id":"E3820500143208","coordinate_join_method":"matched_by_id"}},{"type":"Feature","geometry":{"type":"Point","coordinates":[133.27048758558,33.961469266504]},"properties":{"common_id":"E3820500143207","name":"新居浜工業高校（校舎）第3","address_pref":"愛媛県新居浜市北新町8-1","address_city":null,"address_detail":null,"contact":"37-2029","flood":"1","landslide":"1","storm_surge":"1","earthquake":"1","tsunami":"1","large_fire":null,"inland_flood":"1","volcano":null,"shelter_overlap":"1","capacity":"2917","capacity_basis":null,"notes":null,"changed":null,"new":null,"address":"愛媛県新居浜市北新町8-1","gsi_common_id":"E3820500143207","coordinate_join_method":"matched_by_id"}},{"type":"Feature","geometry":{"type":"Point","coordinates":[133.27150146059,33.9614470199]},"properties":{"common_id":"E3820500143206","name":"新居浜工業高校（校舎）第4","address_pref":"愛媛県新居浜市北新町8-1","address_city":null,"address_detail":null,"contact":"37-2029","flood":"1","landslide":"1","storm_surge":"1","earthquake":"1","tsunami":"1","large_fire":null,"inland_flood":"1","volcano":null,"shelter_overlap":"1","capacity":"1026","capacity_basis":null,"notes":null,"changed":null,"new":null,"address":"愛媛県新居浜市北新町8-1","gsi_common_id":"E3820500143206","coordinate_join_method":"matched_by_id"}},{"type":"Feature","geometry":{"type":"Point","coordinates":[133.27122787528,33.961914197379]},"properties":{"common_id":"E3820500143205","name":"新居浜工業高校（校舎）第5","address_pref":"愛媛県新居浜市北新町8-1","address_city":null,"address_detail":null,"contact":"37-2029","flood":"1","landslide":"1","storm_surge":"1","earthquake":"1","tsunami":"1","large_fire":null,"inland_flood":"1","volcano":null,"shelter_overlap":"1","capacity":"1283","capacity_basis":null,"notes":null,"changed":null,"new":null,"address":"愛媛県新居浜市北新町8-1","gsi_common_id":"E3820500143205","coordinate_join_method":"matched_by_id"}},{"type":"Feature","geometry":{"type":"Point","coordinates":[133.26962927871,33.961985386104]},"properties":{"common_id":"E3820500143204","name":"新居浜工業高校（校舎）第２","address_pref":"愛媛県新居浜市北新町8-1","address_city":null,"address_detail":null,"contact":"37-2029","flood":"1","landslide":"1","storm_surge":"1","earthquake":"1","tsunami":"1","large_fire":null,"inland_flood":"1","volcano":null,"shelter_overlap":"1","capacity":"1665","capacity_basis":null,"notes":null,"changed":null,"new":null,"address":"愛媛県新居浜市北新町8-1","gsi_common_id":"E3820500143204","coordinate_join_method":"matched_by_id"}},{"type":"Feature","geometry":{"type":"Point","coordinates":[133.26894799762,33.961740674616]},"properties":{"common_id":"E3820500143203","name":"新居浜工業高校（体育館）","address_pref":"愛媛県新居浜市北新町8-1","address_city":null,"address_detail":null,"contact":"37-2029","flood":null,"landslide":"1","storm_surge":null,"earthquake":"1","tsunami":null,"large_fire":null,"inland_flood":"1","volcano":null,"shelter_overlap":"1","capacity":"1334","capacity_basis":null,"notes":null,"changed":null,"new":null,"address":"愛媛県新居浜市北新町8-1","gsi_common_id":"E3820500143203","coordinate_join_method":"matched_by_id"}},{"type":"Feature","geometry":{"type":"Point","coordinates":[133.26857248834,33.961905298785]},"properties":{"common_id":"E3820500143202","name":"新居浜工業高校（武道場）","address_pref":"愛媛県新居浜市北新町8-1","address_city":null,"address_detail":null,"contact":"37-2029","flood":null,"landslide":"1","storm_surge":null,"earthquake":"1","tsunami":null,"large_fire":null,"inland_flood":"1","volcano":null,"shelter_overlap":"1","capacity":"350","capacity_basis":null,"notes":null,"changed":null,"new":null,"address":"愛媛県新居浜市北新町8-1","gsi_common_id":"E3820500143202","coordinate_join_method":"matched_by_id"}},{"type":"Feature","geometry":{"type":"Point","coordinates":[133.26949516825,33.961024333302]},"properties":{"common_id":"E3820500143201","name":"新居浜工業高校（グラウンド）","address_pref":"愛媛県新居浜市北新町8-1","address_city":null,"address_detail":null,"contact":"37-2029","flood":null,"landslide":"1","storm_surge":null,"earthquake":"1","tsunami":null,"large_fire":"1","inland_flood":"1","volcano":null,"shelter_overlap":null,"capacity":"18421","capacity_basis":null,"notes":null,"changed":null,"new":null,"address":"愛媛県新居浜市北新町8-1","gsi_common_id":"E3820500143201","coordinate_join_method":"matched_by_id"}},{"type":"Feature","geometry":{"type":"Point","coordinates":[133.26791069709,33.95305558305]},"properties":{"common_id":"E3820500006201","name":"惣開公民館","address_pref":"愛媛県新居浜市王子町1-3","address_city":null,"address_detail":null,"contact":"33-1031","flood":"1","landslide":"1","storm_surge":"1","earthquake":"1","tsunami":"1","large_fire":null,"inland_flood":"1","volcano":null,"shelter_overlap":"1","capacity":"456","capacity_basis":null,"notes":null,"changed":null,"new":null,"address":"愛媛県新居浜市王子町1-3","gsi_common_id":"E3820500006201","coordinate_join_method":"matched_by_id"}},{"type":"Feature","geometry":{"type":"Point","coordinates":[133.264148952174,33.9576969141233]},"properties":{"common_id":"E3820500058204","name":"ワクリエ新居浜北棟","address_pref":"愛媛県新居浜市新田町1-8-56","address_city":null,"address_detail":null,"contact":"39-6789","flood":"1","landslide":"1","storm_surge":"1","earthquake":"1","tsunami":"1","large_fire":null,"inland_flood":"1","volcano":null,"shelter_overlap":"1","capacity":"641","capacity_basis":null,"notes":null,"changed":null,"new":null,"address":"愛媛県新居浜市新田町1-8-56","gsi_common_id":"E3820500058204","coordinate_join_method":"matched_by_id"}},{"type":"Feature","geometry":{"type":"Point","coordinates":[133.264202596356,33.957398795916]},"properties":{"common_id":"E3820500058203","name":"ワクリエ新居浜南棟","address_pref":"愛媛県新居浜市新田町1-8-56","address_city":null,"address_detail":null,"contact":"39-6789","flood":"1","landslide":"1","storm_surge":"1","earthquake":"1","tsunami":"1","large_fire":null,"inland_flood":"1","volcano":null,"shelter_overlap":"1","capacity":"1631","capacity_basis":null,"notes":null,"changed":null,"new":null,"address":"愛媛県新居浜市新田町1-8-56","gsi_common_id":"E3820500058203","coordinate_join_method":"matched_by_id"}},{"type":"Feature","geometry":{"type":"Point","coordinates":[133.264596178115,33.9570724824208]},"properties":{"common_id":"E3820500058202","name":"ワクリエ新居浜（体育館）","address_pref":"愛媛県新居浜市新田町1-8-56","address_city":null,"address_detail":null,"contact":"39-6789","flood":null,"landslide":"1","storm_surge":null,"earthquake":"1","tsunami":null,"large_fire":null,"inland_flood":"1","volcano":null,"shelter_overlap":"1","capacity":"807","capacity_basis":null,"notes":null,"changed":null,"new":null,"address":"愛媛県新居浜市新田町1-8-56","gsi_common_id":"E3820500058202","coordinate_join_method":"matched_by_id"}},{"type":"Feature","geometry":{"type":"Point","coordinates":[133.2638903423,33.956927866679]},"properties":{"common_id":"E3820500058201","name":"ワクリエ新居浜（運動場）","address_pref":"愛媛県新居浜市新田町1-8-56","address_city":null,"address_detail":null,"contact":"39-6789","flood":null,"landslide":"1","storm_surge":null,"earthquake":"1","tsunami":null,"large_fire":"1","inland_flood":"1","volcano":null,"shelter_overlap":null,"capacity":"11020","capacity_basis":null,"notes":null,"changed":null,"new":null,"address":"愛媛県新居浜市新田町1-8-56","gsi_common_id":"E3820500058201","coordinate_join_method":"matched_by_id"}},{"type":"Feature","geometry":{"type":"Point","coordinates":[133.263056590161,33.9568144081107]},"properties":{"common_id":"E3820500057201","name":"若宮公民館","address_pref":"愛媛県新居浜市新田町1-8-37","address_city":null,"address_detail":null,"contact":"34-7612","flood":"1","landslide":"1","storm_surge":"1","earthquake":"1","tsunami":null,"large_fire":null,"inland_flood":"1","volcano":null,"shelter_overlap":"1","capacity":"456","capacity_basis":null,"notes":null,"changed":null,"new":null,"address":"愛媛県新居浜市新田町1-8-37","gsi_common_id":"E3820500057201","coordinate_join_method":"matched_by_id"}},{"type":"Feature","geometry":{"type":"Point","coordinates":[133.30165461542,33.974973659424]},"properties":{"common_id":"E3820500005204","name":"高津小学校（校舎）北","address_pref":"愛媛県新居浜市宇高町2-13-7","address_city":null,"address_detail":null,"contact":"37-3754","flood":"1","landslide":"1","storm_surge":"1","earthquake":"1","tsunami":"1","large_fire":null,"inland_flood":"1","volcano":null,"shelter_overlap":"1","capacity":"2601","capacity_basis":null,"notes":null,"changed":null,"new":null,"address":"愛媛県新居浜市宇高町2-13-7","gsi_common_id":"E3820500005204","coordinate_join_method":"matched_by_id"}},{"type":"Feature","geometry":{"type":"Point","coordinates":[133.30134884359,33.974657807247]},"properties":{"common_id":"E3820500005203","name":"高津小学校（校舎）南","address_pref":"愛媛県新居浜市宇高町2-13-7","address_city":null,"address_detail":null,"contact":"37-3754","flood":"1","landslide":"1","storm_surge":"1","earthquake":"1","tsunami":"1","large_fire":null,"inland_flood":"1","volcano":null,"shelter_overlap":"1","capacity":"3683","capacity_basis":null,"notes":null,"changed":null,"new":null,"address":"愛媛県新居浜市宇高町2-13-7","gsi_common_id":"E3820500005203","coordinate_join_method":"matched_by_id"}},{"type":"Feature","geometry":{"type":"Point","coordinates":[133.30141858102,33.974239634955]},"properties":{"common_id":"E3820500005202","name":"高津小学校（体育館）","address_pref":"愛媛県新居浜市宇高町2-13-7","address_city":null,"address_detail":null,"contact":"37-3754","flood":"1","landslide":"1","storm_surge":"1","earthquake":"1","tsunami":"1","large_fire":null,"inland_flood":"1","volcano":null,"shelter_overlap":"1","capacity":"1196","capacity_basis":null,"notes":null,"changed":null,"new":null,"address":"愛媛県新居浜市宇高町2-13-7","gsi_common_id":"E3820500005202","coordinate_join_method":"matched_by_id"}},{"type":"Feature","geometry":{"type":"Point","coordinates":[133.30262021066,33.974786817433]},"properties":{"common_id":"E3820500005201","name":"高津小学校（グラウンド）","address_pref":"愛媛県新居浜市宇高町2-13-7","address_city":null,"address_detail":null,"contact":"37-3754","flood":"1","landslide":"1","storm_surge":null,"earthquake":"1","tsunami":"1","large_fire":"1","inland_flood":"1","volcano":null,"shelter_overlap":null,"capacity":"9664","capacity_basis":null,"notes":null,"changed":null,"new":null,"address":"愛媛県新居浜市宇高町2-13-7","gsi_common_id":"E3820500005201","coordinate_join_method":"matched_by_id"}},{"type":"Feature","geometry":{"type":"Point","coordinates":[133.29485319925,33.968871682596]},"properties":{"common_id":"E3820500113204","name":"東中学校（校舎）","address_pref":"愛媛県新居浜市東雲町1-4-23","address_city":null,"address_detail":null,"contact":"37-1294","flood":"1","landslide":"1","storm_surge":"1","earthquake":"1","tsunami":"1","large_fire":null,"inland_flood":"1","volcano":null,"shelter_overlap":"1","capacity":"4356","capacity_basis":null,"notes":null,"changed":null,"new":null,"address":"愛媛県新居浜市東雲町1-4-23","gsi_common_id":"E3820500113204","coordinate_join_method":"matched_by_id"}},{"type":"Feature","geometry":{"type":"Point","coordinates":[133.29559885336,33.968671480367]},"properties":{"common_id":"E3820500113203","name":"東中学校（体育館）","address_pref":"愛媛県新居浜市東雲町1-4-23","address_city":null,"address_detail":null,"contact":"37-1294","flood":null,"landslide":"1","storm_surge":"1","earthquake":"1","tsunami":"1","large_fire":null,"inland_flood":"1","volcano":null,"shelter_overlap":"1","capacity":"1388","capacity_basis":null,"notes":null,"changed":null,"new":null,"address":"愛媛県新居浜市東雲町1-4-23","gsi_common_id":"E3820500113203","coordinate_join_method":"matched_by_id"}},{"type":"Feature","geometry":{"type":"Point","coordinates":[133.29454206301,33.968613644079]},"properties":{"common_id":"E3820500113202","name":"東中学校（武道場）","address_pref":"愛媛県新居浜市東雲町1-4-23","address_city":null,"address_detail":null,"contact":"37-1294","flood":null,"landslide":"1","storm_surge":"1","earthquake":"1","tsunami":"1","large_fire":null,"inland_flood":"1","volcano":null,"shelter_overlap":"1","capacity":"428","capacity_basis":null,"notes":null,"changed":null,"new":null,"address":"愛媛県新居浜市東雲町1-4-23","gsi_common_id":"E3820500113202","coordinate_join_method":"matched_by_id"}},{"type":"Feature","geometry":{"type":"Point","coordinates":[133.29503558947,33.968155401337]},"properties":{"common_id":"E3820500113201","name":"東中学校（グラウンド）","address_pref":"愛媛県新居浜市東雲町1-4-23","address_city":null,"address_detail":null,"contact":"37-1294","flood":null,"landslide":"1","storm_surge":"1","earthquake":"1","tsunami":"1","large_fire":"1","inland_flood":"1","volcano":null,"shelter_overlap":null,"capacity":"10200","capacity_basis":null,"notes":null,"changed":null,"new":null,"address":"愛媛県新居浜市東雲町1-4-23","gsi_common_id":"E3820500113201","coordinate_join_method":"matched_by_id"}},{"type":"Feature","geometry":{"type":"Point","coordinates":[133.30103410017,33.962920470748]},"properties":{"common_id":"E3820500116206","name":"新居浜東高校（校舎）本館","address_pref":"愛媛県新居浜市東雲町2-9-1","address_city":null,"address_detail":null,"contact":"37-0149","flood":"1","landslide":"1","storm_surge":"1","earthquake":"1","tsunami":"1","large_fire":null,"inland_flood":"1","volcano":null,"shelter_overlap":"1","capacity":"3745","capacity_basis":null,"notes":null,"changed":null,"new":null,"address":"愛媛県新居浜市東雲町2-9-1","gsi_common_id":"E3820500116206","coordinate_join_method":"matched_by_id"}},{"type":"Feature","geometry":{"type":"Point","coordinates":[133.30108237994,33.96320077269]},"properties":{"common_id":"E3820500116205","name":"新居浜東高校（校舎）第１","address_pref":"愛媛県新居浜市東雲町2-9-1","address_city":null,"address_detail":null,"contact":"37-0149","flood":"1","landslide":"1","storm_surge":"1","earthquake":"1","tsunami":"1","large_fire":null,"inland_flood":"1","volcano":null,"shelter_overlap":"1","capacity":"2806","capacity_basis":null,"notes":null,"changed":null,"new":null,"address":"愛媛県新居浜市東雲町2-9-1","gsi_common_id":"E3820500116205","coordinate_join_method":"matched_by_id"}},{"type":"Feature","geometry":{"type":"Point","coordinates":[133.30151153337,33.963547811908]},"properties":{"common_id":"E3820500116204","name":"新居浜東高校（校舎）特別","address_pref":"愛媛県新居浜市東雲町2-9-1","address_city":null,"address_detail":null,"contact":"37-0149","flood":"1","landslide":"1","storm_surge":"1","earthquake":"1","tsunami":"1","large_fire":null,"inland_flood":"1","volcano":null,"shelter_overlap":"1","capacity":"1028","capacity_basis":null,"notes":null,"changed":null,"new":null,"address":"愛媛県新居浜市東雲町2-9-1","gsi_common_id":"E3820500116204","coordinate_join_method":"matched_by_id"}},{"type":"Feature","geometry":{"type":"Point","coordinates":[133.3021123482,33.963085092636]},"properties":{"common_id":"E3820500116203","name":"新居浜東高校（体育館）","address_pref":"愛媛県新居浜市東雲町2-9-1","address_city":null,"address_detail":null,"contact":"37-0149","flood":"1","landslide":"1","storm_surge":"1","earthquake":"1","tsunami":"1","large_fire":null,"inland_flood":"1","volcano":null,"shelter_overlap":"1","capacity":"1538","capacity_basis":null,"notes":null,"changed":null,"new":null,"address":"愛媛県新居浜市東雲町2-9-1","gsi_common_id":"E3820500116203","coordinate_join_method":"matched_by_id"}},{"type":"Feature","geometry":{"type":"Point","coordinates":[133.30182266962,33.96371243258]},"properties":{"common_id":"E3820500116202","name":"新居浜東高校（武道場）","address_pref":"愛媛県新居浜市東雲町2-9-1","address_city":null,"address_detail":null,"contact":"37…12153 tokens truncated…-2367","flood":"1","landslide":"1","storm_surge":null,"earthquake":"1","tsunami":null,"large_fire":"1","inland_flood":"1","volcano":null,"shelter_overlap":null,"capacity":null,"capacity_basis":null,"notes":null,"changed":null,"new":null,"address":"愛媛県伊予市森甲91-1","gsi_common_id":"E3821000014201","coordinate_join_method":"matched_by_name_address"}},{"type":"Feature","geometry":{"type":"Point","coordinates":[132.69678121161,33.754981917131]},"properties":{"common_id":"43201","name":"五色浜ｸﾞﾗｳﾝﾄﾞ","address_pref":"愛媛県伊予市灘町311","address_city":null,"address_detail":null,"contact":"089-982-0506","flood":null,"landslide":"1","storm_surge":null,"earthquake":"1","tsunami":null,"large_fire":"1","inland_flood":"1","volcano":null,"shelter_overlap":null,"capacity":null,"capacity_basis":null,"notes":null,"changed":null,"new":null,"address":"愛媛県伊予市灘町311","gsi_common_id":"E3821000043201","coordinate_join_method":"matched_by_name_address"}},{"type":"Feature","geometry":{"type":"Point","coordinates":[132.73733195701,33.722586511713]},"properties":{"common_id":"04201","name":"唐川ｺﾐｭﾆﾃｨｰｾﾝﾀｰｸﾞﾗｳﾝﾄﾞ","address_pref":"愛媛県伊予市下唐川甲335-1","address_city":null,"address_detail":null,"contact":"089-982-5932","flood":"1","landslide":null,"storm_surge":"1","earthquake":"1","tsunami":"1","large_fire":"1","inland_flood":"1","volcano":null,"shelter_overlap":null,"capacity":null,"capacity_basis":null,"notes":null,"changed":null,"new":null,"address":"愛媛県伊予市下唐川甲335-1","gsi_common_id":"E3821000004201","coordinate_join_method":"matched_by_name_address"}},{"type":"Feature","geometry":{"type":"Point","coordinates":[132.66727426975,33.636757994151]},"properties":{"common_id":"38201","name":"永木ｸﾞﾗｳﾝﾄﾞ","address_pref":"愛媛県伊予市中山町中山午987","address_city":null,"address_detail":null,"contact":"089-967-1111","flood":"1","landslide":null,"storm_surge":"1","earthquake":"1","tsunami":"1","large_fire":"1","inland_flood":"1","volcano":null,"shelter_overlap":null,"capacity":null,"capacity_basis":null,"notes":null,"changed":null,"new":null,"address":"愛媛県伊予市中山町中山午987","gsi_common_id":"E3821000038201","coordinate_join_method":"matched_by_name_address"}},{"type":"Feature","geometry":{"type":"Point","coordinates":[132.74774349124,33.655598387622]},"properties":{"common_id":"34201","name":"野中ｸﾞﾗｳﾝﾄﾞ","address_pref":"愛媛県伊予市中山町出渕3-26","address_city":null,"address_detail":null,"contact":"089-967-1111","flood":"1","landslide":"1","storm_surge":"1","earthquake":"1","tsunami":"1","large_fire":"1","inland_flood":"1","volcano":null,"shelter_overlap":null,"capacity":null,"capacity_basis":null,"notes":null,"changed":null,"new":null,"address":"愛媛県伊予市中山町出渕3-26","gsi_common_id":"E3821000034201","coordinate_join_method":"matched_by_name_address"}},{"type":"Feature","geometry":{"type":"Point","coordinates":[132.63515029224,33.683060873826]},"properties":{"common_id":"20201","name":"ふたみ潮風ふれあい公園\n潮風みどりの広場","address_pref":"愛媛県伊予市双海町高岸甲923","address_city":null,"address_detail":null,"contact":"089-986-1111","flood":"1","landslide":"1","storm_surge":"1","earthquake":"1","tsunami":"1","large_fire":"1","inland_flood":"1","volcano":null,"shelter_overlap":null,"capacity":null,"capacity_basis":null,"notes":null,"changed":null,"new":null,"address":"愛媛県伊予市双海町高岸甲923","gsi_common_id":"E3821000020201","coordinate_join_method":"matched_by_name_address"}},{"type":"Feature","geometry":{"type":"Point","coordinates":[132.58040942342,33.652450042487]},"properties":{"common_id":"17201","name":"しもなだｸﾞﾗｳﾝﾄﾞ","address_pref":"愛媛県伊予市双海町串甲3670-12","address_city":null,"address_detail":null,"contact":"089-987-0111","flood":"1","landslide":"1","storm_surge":null,"earthquake":"1","tsunami":null,"large_fire":"1","inland_flood":"1","volcano":null,"shelter_overlap":null,"capacity":null,"capacity_basis":null,"notes":null,"changed":null,"new":null,"address":"愛媛県伊予市双海町串甲3670-12","gsi_common_id":"E3821000017201","coordinate_join_method":"matched_by_name_address"}},{"type":"Feature","geometry":{"type":"Point","coordinates":[132.58300521571,33.647062094567]},"properties":{"common_id":"16201","name":"下灘ふれあいｸﾞﾗｳﾝﾄﾞ","address_pref":"愛媛県伊予市双海町串甲232-1","address_city":null,"address_detail":null,"contact":"089-986-1111","flood":"1","landslide":null,"storm_surge":"1","earthquake":"1","tsunami":"1","large_fire":"1","inland_flood":"1","volcano":null,"shelter_overlap":null,"capacity":null,"capacity_basis":null,"notes":null,"changed":null,"new":null,"address":"愛媛県伊予市双海町串甲232-1","gsi_common_id":"E3821000016201","coordinate_join_method":"matched_by_name_address"}},{"type":"Feature","geometry":{"type":"Point","coordinates":[132.705097770557,33.7637908999384]},"properties":{"common_id":"02201","name":"じゅらく生きがい活動センター","address_pref":"愛媛県伊予市下吾川1447","address_city":null,"address_detail":null,"contact":"089-983-6511","flood":null,"landslide":"1","storm_surge":null,"earthquake":"1","tsunami":null,"large_fire":null,"inland_flood":"1","volcano":null,"shelter_overlap":"1","capacity":"203","capacity_basis":null,"notes":null,"changed":null,"new":null,"address":"愛媛県伊予市下吾川1447","gsi_common_id":"E3821000002201","coordinate_join_method":"matched_by_name_address"}},{"type":"Feature","geometry":{"type":"Point","coordinates":[132.707566,33.75404]},"properties":{"common_id":"E3821000050201","name":"小林池公園","address_pref":"愛媛県伊予市米湊195-1","address_city":null,"address_detail":null,"contact":"089-909-6360","flood":null,"landslide":"1","storm_surge":"1","earthquake":"1","tsunami":"1","large_fire":"1","inland_flood":"1","volcano":null,"shelter_overlap":null,"capacity":null,"capacity_basis":null,"notes":null,"changed":null,"new":null,"address":"愛媛県伊予市米湊195-1","gsi_common_id":"E3821000050201","coordinate_join_method":"matched_by_id"}},{"type":"Feature","geometry":{"type":"Point","coordinates":[133.5839902,34.0029019]},"properties":{"common_id":"E3821300012201","name":"金生第一小学校グラウンド","address_pref":"愛媛県","address_city":"金生町下分","address_detail":"１６６５","contact":"(０８９６)２８－６２８２","flood":null,"landslide":"1","storm_surge":"1","earthquake":"1","tsunami":"1","large_fire":"1","inland_flood":null,"volcano":null,"shelter_overlap":"1","capacity":"5400","capacity_basis":"2","notes":null,"changed":null,"new":null,"address":"愛媛県金生町下分１６６５","gsi_common_id":"E3821300012201","coordinate_join_method":"matched_by_id"}},{"type":"Feature","geometry":{"type":"Point","coordinates":[133.5973623,34.01284097]},"properties":{"common_id":"E3821300016201","name":"金生第二小学校グラウンド","address_pref":"愛媛県","address_city":"金生町山田井","address_detail":"７７５","contact":"(０８９６)２８－６２８３","flood":"1","landslide":"1","storm_surge":"1","earthquake":"1","tsunami":"1","large_fire":"1","inland_flood":null,"volcano":null,"shelter_overlap":"1","capacity":"3600","capacity_basis":"2","notes":null,"changed":null,"new":null,"address":"愛媛県金生町山田井７７５","gsi_common_id":"E3821300016201","coordinate_join_method":"matched_by_id"}},{"type":"Feature","geometry":{"type":"Point","coordinates":[133.5705786,33.99116883]},"properties":{"common_id":"E3821300026201","name":"妻鳥小学校グラウンド","address_pref":"愛媛県","address_city":"妻鳥町","address_detail":"１４８８","contact":"(０８９６)２８－６２８１","flood":"1","landslide":"1","storm_surge":"1","earthquake":"1","tsunami":"1","large_fire":"1","inland_flood":null,"volcano":null,"shelter_overlap":"1","capacity":"6200","capacity_basis":"2","notes":null,"changed":null,"new":null,"address":"愛媛県妻鳥町１４８８","gsi_common_id":"E3821300026201","coordinate_join_method":"matched_by_id"}},{"type":"Feature","geometry":{"type":"Point","coordinates":[133.5866046,33.9918982]},"properties":{"common_id":"E3821300041201","name":"上分小学校グラウンド","address_pref":"愛媛県","address_city":"上分町","address_detail":"８００","contact":"(０８９６)２８－６２８４","flood":null,"landslide":"1","storm_surge":"1","earthquake":"1","tsunami":"1","large_fire":"1","inland_flood":null,"volcano":null,"shelter_overlap":"1","capacity":"2900","capacity_basis":"2","notes":null,"changed":null,"new":null,"address":"愛媛県上分町８００","gsi_common_id":"E3821300041201","coordinate_join_method":"matched_by_id"}},{"type":"Feature","geometry":{"type":"Point","coordinates":[133.6010042,33.99155869]},"properties":{"common_id":"E3821300019201","name":"南小学校グラウンド","address_pref":"愛媛県","address_city":"金田町金川","address_detail":"１４５","contact":"(０８９６)２８－６２８０","flood":"1","landslide":"1","storm_surge":"1","earthquake":"1","tsunami":"1","large_fire":"1","inland_flood":null,"volcano":null,"shelter_overlap":"1","capacity":"6400","capacity_basis":"2","notes":null,"changed":null,"new":null,"address":"愛媛県金田町金川１４５","gsi_common_id":"E3821300019201","coordinate_join_method":"matched_by_id"}},{"type":"Feature","geometry":{"type":"Point","coordinates":[133.5800104,34.01579203]},"properties":{"common_id":"E3821300062201","name":"川之江小学校グラウンド","address_pref":"愛媛県","address_city":"川之江町","address_detail":"２３７０","contact":"(０８９６)２８－６２８５","flood":null,"landslide":null,"storm_surge":null,"earthquake":"1","tsunami":null,"large_fire":"1","inland_flood":null,"volcano":null,"shelter_overlap":"1","capacity":"6600","capacity_basis":"2","notes":null,"changed":null,"new":null,"address":"愛媛県川之江町２３７０","gsi_common_id":"E3821300062201","coordinate_join_method":"matched_by_id"}},{"type":"Feature","geometry":{"type":"Point","coordinates":[133.5794253,34.01370376]},"properties":{"common_id":"E3821300063201","name":"川之江北中学校グラウンド","address_pref":"愛媛県","address_city":"川之江町","address_detail":"２３９０","contact":"(０８９６)２８－６２８７","flood":null,"landslide":"1","storm_surge":null,"earthquake":"1","tsunami":null,"large_fire":"1","inland_flood":null,"volcano":null,"shelter_overlap":"1","capacity":"7500","capacity_basis":"2","notes":null,"changed":null,"new":null,"address":"愛媛県川之江町２３９０","gsi_common_id":"E3821300063201","coordinate_join_method":"matched_by_id"}},{"type":"Feature","geometry":{"type":"Point","coordinates":[133.5836331,33.99369561]},"properties":{"common_id":"E3821300038201","name":"川之江南中学校グラウンド","address_pref":"愛媛県","address_city":"上分町","address_detail":"３９５","contact":"(０８９６)２８－６２８６","flood":null,"landslide":"1","storm_surge":"1","earthquake":"1","tsunami":"1","large_fire":"1","inland_flood":null,"volcano":null,"shelter_overlap":"1","capacity":"7700","capacity_basis":"2","notes":null,"changed":null,"new":null,"address":"愛媛県上分町３９５","gsi_common_id":"E3821300038201","coordinate_join_method":"matched_by_id"}},{"type":"Feature","geometry":{"type":"Point","coordinates":[133.5774352,34.00999301]},"properties":{"common_id":"E3821300061201","name":"川之江高等学校グラウンド","address_pref":"愛媛県","address_city":"川之江町","address_detail":"２２５７","contact":"(０８９６)５８－２０６１","flood":null,"landslide":"1","storm_surge":"1","earthquake":"1","tsunami":"1","large_fire":"1","inland_flood":null,"volcano":null,"shelter_overlap":"1","capacity":"8000","capacity_basis":"2","notes":null,"changed":null,"new":null,"address":"愛媛県川之江町２２５７","gsi_common_id":"E3821300061201","coordinate_join_method":"matched_by_id"}},{"type":"Feature","geometry":{"type":"Point","coordinates":[133.569491,34.011345]},"properties":{"common_id":"E3821300060201","name":"川之江こども園グラウンド","address_pref":"愛媛県","address_city":"川之江町","address_detail":"１０６１－６","contact":"(０８９６)２８－６２７０","flood":null,"landslide":"1","storm_surge":null,"earthquake":"1","tsunami":null,"large_fire":"1","inland_flood":null,"volcano":null,"shelter_overlap":"1","capacity":"1300","capacity_basis":"2","notes":null,"changed":null,"new":null,"address":"愛媛県川之江町１０６１－６","gsi_common_id":"E3821300060201","coordinate_join_method":"matched_by_id"}},{"type":"Feature","geometry":{"type":"Point","coordinates":[133.5955777,33.98548796]},"properties":{"common_id":"E3821300021201","name":"金田グラウンド","address_pref":"愛媛県","address_city":"金田町金川","address_detail":"２７０-１","contact":"(０８９６)２８－６２５１","flood":"1","landslide":"1","storm_surge":"1","earthquake":"1","tsunami":"1","large_fire":"1","inland_flood":null,"volcano":null,"shelter_overlap":null,"capacity":"3000","capacity_basis":"2","notes":null,"changed":null,"new":null,"address":"愛媛県金田町金川２７０-１","gsi_common_id":"E3821300021201","coordinate_join_method":"matched_by_id"}},{"type":"Feature","geometry":{"type":"Point","coordinates":[133.5656196,34.01064867]},"properties":{"common_id":"E3821300030201","name":"川之江運動場","address_pref":"愛媛県","address_city":"妻鳥町","address_detail":"５９４","contact":"(０８９６)２８－６０４３","flood":null,"landslide":"1","storm_surge":null,"earthquake":"1","tsunami":null,"large_fire":"1","inland_flood":null,"volcano":null,"shelter_overlap":null,"capacity":"7900","capacity_basis":"2","notes":null,"changed":null,"new":null,"address":"愛媛県妻鳥町５９４","gsi_common_id":"E3821300030201","coordinate_join_method":"matched_by_id"}},{"type":"Feature","geometry":{"type":"Point","coordinates":[133.5562759,34.00096185]},"properties":{"common_id":"E3821300028201","name":"川之江埋立グラウンド","address_pref":"愛媛県","address_city":"妻鳥町","address_detail":"３０５３","contact":"(０８９６)２８－６０４３","flood":null,"landslide":"1","storm_surge":null,"earthquake":"1","tsunami":null,"large_fire":"1","inland_flood":null,"volcano":null,"shelter_overlap":null,"capacity":"5000","capacity_basis":"2","notes":null,"changed":null,"new":null,"address":"愛媛県妻鳥町３０５３","gsi_common_id":"E3821300028201","coordinate_join_method":"matched_by_id"}},{"type":"Feature","geometry":{"type":"Point","coordinates":[133.5891255,33.9955476]},"properties":{"common_id":"E3821300013201","name":"向山公園グラウンド","address_pref":"愛媛県","address_city":"金生町下分","address_detail":"２５７１-１","contact":"(０８９６)２８－６０４３","flood":"1","landslide":"1","storm_surge":"1","earthquake":"1","tsunami":"1","large_fire":"1","inland_flood":null,"volcano":null,"shelter_overlap":null,"capacity":"1400","capacity_basis":"2","notes":null,"changed":null,"new":null,"address":"愛媛県金生町下分２５７１-１","gsi_common_id":"E3821300013201","coordinate_join_method":"matched_by_id"}},{"type":"Feature","geometry":{"type":"Point","coordinates":[133.5658634,34.01902555]},"properties":{"common_id":"E3821300068201","name":"浜公園多目的広場","address_pref":"愛媛県","address_city":"川之江町","address_detail":"４１０９-３","contact":"(０８９６)２８－６０４３","flood":"1","landslide":"1","storm_surge":null,"earthquake":"1","tsunami":null,"large_fire":"1","inland_flood":null,"volcano":null,"shelter_overlap":null,"capacity":"9700","capacity_basis":"2","notes":null,"changed":null,"new":null,"address":"愛媛県川之江町４１０９-３","gsi_common_id":"E3821300068201","coordinate_join_method":"matched_by_id"}},{"type":"Feature","geometry":{"type":"Point","coordinates":[133.571820542458,34.0095239853691]},"properties":{"common_id":"E3821300069201","name":"川之江体育館防災広場","address_pref":"愛媛県","address_city":"川之江町","address_detail":"９９３","contact":"(０８９６)２８－６２３１","flood":"1","landslide":"1","storm_surge":"1","earthquake":"1","tsunami":"1","large_fire":"1","inland_flood":null,"volcano":null,"shelter_overlap":null,"capacity":"500","capacity_basis":"2","notes":null,"changed":null,"new":null,"address":"愛媛県川之江町９９３","gsi_common_id":"E3821300069201","coordinate_join_method":"matched_by_id"}},{"type":"Feature","geometry":{"type":"Point","coordinates":[133.6050843,34.00212381]},"properties":{"common_id":"E3821300024201","name":"森と湖畔の公園","address_pref":"愛媛県","address_city":"金田町半田甲","address_detail":"２３２","contact":"(０８９６)２８－６２６９","flood":"1","landslide":"1","storm_surge":"1","earthquake":"1","tsunami":"1","large_fire":"1","inland_flood":null,"volcano":null,"shelter_overlap":null,"capacity":"1000","capacity_basis":"2","notes":null,"changed":null,"new":null,"address":"愛媛県金田町半田甲２３２","gsi_common_id":"E3821300024201","coordinate_join_method":"matched_by_id"}},{"type":"Feature","geometry":{"type":"Point","coordinates":[133.5579459,34.00126086]},"properties":{"common_id":"E3821300029201","name":"大江１号緑地","address_pref":"愛媛県","address_city":"妻鳥町","address_detail":"３０６８","contact":"(０８９６)２８－６０７７","flood":null,"landslide":"1","storm_surge":null,"earthquake":"1","tsunami":null,"large_fire":"1","inland_flood":null,"volcano":null,"shelter_overlap":null,"capacity":"3500","capacity_basis":"2","notes":null,"changed":null,"new":null,"address":"愛媛県妻鳥町３０６８","gsi_common_id":"E3821300029201","coordinate_join_method":"matched_by_id"}},{"type":"Feature","geometry":{"type":"Point","coordinates":[133.6164349,33.99339395]},"properties":{"common_id":"E3821300037201","name":"新田公園","address_pref":"愛媛県","address_city":"柴生町字山瀬乙","address_detail":"１６９","contact":"(０８９６)２８－６２３１","flood":"1","landslide":"1","storm_surge":"1","earthquake":"1","tsunami":"1","large_fire":"1","inland_flood":null,"volcano":null,"shelter_overlap":null,"capacity":"3100","capacity_basis":"2","notes":null,"changed":null,"new":null,"address":"愛媛県柴生町字山瀬乙１６９","gsi_common_id":"E3821300037201","coordinate_join_method":"matched_by_id"}},{"type":"Feature","geometry":{"type":"Point","coordinates":[133.5443532,33.97827059]},"properties":{"common_id":"E3821300035201","name":"三島高等学校グラウンド","address_pref":"愛媛県","address_city":"三島中央","address_detail":"５-１１-３０","contact":"(０８９６)２３－２１３６","flood":"1","landslide":null,"storm_surge":"1","earthquake":"1","tsunami":"1","large_fire":"1","inland_flood":null,"volcano":null,"shelter_overlap":"1","capacity":"8000","capacity_basis":"2","notes":null,"changed":null,"new":null,"address":"愛媛県三島中央５-１１-３０","gsi_common_id":"E3821300035201","coordinate_join_method":"matched_by_id"}},{"type":"Feature","geometry":{"type":"Point","coordinates":[133.5636225,33.98410493]},"properties":{"common_id":"E3821300004201","name":"松柏小学校グラウンド","address_pref":"愛媛県","address_city":"下柏町","address_detail":"４０７","contact":"(０８９６)２８－６０９４","flood":"1","landslide":"1","storm_surge":"1","earthquake":"1","tsunami":"1","large_fire":"1","inland_flood":null,"volcano":null,"shelter_overlap":"1","capacity":"3000","capacity_basis":"2","notes":null,"changed":null,"new":null,"address":"愛媛県下柏町４０７","gsi_common_id":"E3821300004201","coordinate_join_method":"matched_by_id"}},{"type":"Feature","geometry":{"type":"Point","coordinates":[133.544319,33.98046685]},"properties":{"common_id":"E3821300033201","name":"三島小学校グラウンド","address_pref":"愛媛県","address_city":"三島中央","address_detail":"３-２-２３","contact":"(０８９６)２８－６０９５","flood":"1","landslide":"1","storm_surge":"1","earthquake":"1","tsunami":"1","large_fire":"1","inland_flood":null,"volcano":null,"shelter_overlap":"1","capacity":"4000","capacity_basis":"2","notes":null,"changed":null,"new":null,"address":"愛媛県三島中央３-２-２３","gsi_common_id":"E3821300033201","coordinate_join_method":"matched_by_id"}},{"type":"Feature","geometry":{"type":"Point","coordinates":[133.5480368,33.97606298]},"properties":{"common_id":"E3821300071201","name":"中曽根小学校グラウンド","address_pref":"愛媛県","address_city":"中曽根町","address_detail":"１５５６","contact":"(０８９６)２８－６０９３","flood":"1","landslide":"1","storm_surge":"1","earthquake":"1","tsunami":"1","large_fire":"1","inland_flood":null,"volcano":null,"shelter_overlap":"1","capacity":"2800","capacity_basis":"2","notes":null,"changed":null,"new":null,"address":"愛媛県中曽根町１５５６","gsi_common_id":"E3821300071201","coordinate_join_method":"matched_by_id"}},{"type":"Feature","geometry":{"type":"Point","coordinates":[133.5319218,33.97333156]},"properties":{"common_id":"E3821300074201","name":"中之庄小学校グラウンド","address_pref":"愛媛県","address_city":"中之庄町","address_detail":"１４０","contact":"(０８９６)２８－６０９２","flood":"1","landslide":"1","storm_surge":"1","earthquake":"1","tsunami":"1","large_fire":"1","inland_flood":null,"volcano":null,"shelter_overlap":"1","capacity":"3900","capacity_basis":"2","notes":null,"changed":null,"new":null,"address":"愛媛県中之庄町１４０","gsi_common_id":"E3821300074201","coordinate_join_method":"matched_by_id"}},{"type":"Feature","geometry":{"type":"Point","coordinates":[133.5159244,33.96448722]},"properties":{"common_id":"E3821300007201","name":"寒川小学校グラウンド","address_pref":"愛媛県","address_city":"寒川町","address_detail":"１８１４","contact":"(０８９６)２８－６０９６","flood":"1","landslide":null,"storm_surge":"1","earthquake":"1","tsunami":"1","large_fire":"1","inland_flood":null,"volcano":null,"shelter_overlap":"1","capacity":"3300","capacity_basis":"2","notes":null,"changed":null,"new":null,"address":"愛媛県寒川町１８１４","gsi_common_id":"E3821300007201","coordinate_join_method":"matched_by_id"}},{"type":"Feature","geometry":{"type":"Point","coordinates":[133.4810969,33.9653796]},"properties":{"common_id":"E3821300106201","name":"豊岡小学校グラウンド","address_pref":"愛媛県","address_city":"豊岡町豊田","address_detail":"４５","contact":"(０８９６)２８－６０９７","flood":"1","landslide":null,"storm_surge":"1","earthquake":"1","tsunami":"1","large_fire":"1","inland_flood":null,"volcano":null,"shelter_overlap":"1","capacity":"2800","capacity_basis":"2","notes":null,"changed":null,"new":null,"address":"愛媛県豊岡町豊田４５","gsi_common_id":"E3821300106201","coordinate_join_method":"matched_by_id"}},{"type":"Feature","geometry":{"type":"Point","coordinates":[133.5631947,33.98524726]},"properties":{"common_id":"E3821300002201","name":"松柏グラウンド","address_pref":"愛媛県","address_city":"下柏町","address_detail":"３５６-１","contact":"(０８９６)２８－６０６２","flood":"1","landslide":"1","storm_surge":"1","earthquake":"1","tsunami":"1","large_fire":"1","inland_flood":null,"volcano":null,"shelter_overlap":null,"capacity":"2400","capacity_basis":"2","notes":null,"changed":null,"new":null,"address":"愛媛県下柏町３５６-１","gsi_common_id":"E3821300002201","coordinate_join_method":"matched_by_id"}},{"type":"Feature","geometry":{"type":"Point","coordinates":[133.5570941,33.97744275]},"properties":{"common_id":"E3821300072201","name":"三島東中学校グラウンド","address_pref":"愛媛県","address_city":"中曽根町","address_detail":"１９９","contact":"(０８９６)２８－６０９８","flood":"1","landslide":"1","storm_surge":"1","earthquake":"1","tsunami":"1","large_fire":"1","inland_flood":null,"volcano":null,"shelter_overlap":"1","capacity":"6600","capacity_basis":"2","notes":null,"changed":null,"new":null,"address":"愛媛県中曽根町１９９","gsi_common_id":"E3821300072201","coordinate_join_method":"matched_by_id"}},{"type":"Feature","geometry":{"type":"Point","coordinates":[133.5273782,33.97902095]},"properties":{"common_id":"E3821300075201","name":"伊予三島運動公園","address_pref":"愛媛県","address_city":"中之庄町","address_detail":"１６６５-１","contact":"(０８９６)２８－６０７１","flood":"1","landslide":"1","storm_surge":null,"earthquake":"1","tsunami":"1","large_fire":"1","inland_flood":null,"volcano":null,"shelter_overlap":"1","capacity":"35000","capacity_basis":"2","notes":null,"changed":null,"new":null,"address":"愛媛県中之庄町１６６５-１","gsi_common_id":"E3821300075201","coordinate_join_method":"matched_by_id"}},{"type":"Feature","geometry":{"type":"Point","coordinates":[133.3879386,33.94452532]},"properties":{"common_id":"E3821300081201","name":"関川小学校グラウンド","address_pref":"愛媛県","address_city":"土居町上野","address_detail":"１７２６-１","contact":"(０８９６)２８－６３６９","flood":"1","landslide":"1","storm_surge":"1","earthquake":"1","tsunami":"1","large_fire":"1","inland_flood":null,"volcano":null,"shelter_overlap":"1","capacity":"2500","capacity_basis":"2","notes":null,"changed":null,"new":null,"address":"愛媛県土居町上野１７２６-１","gsi_common_id":"E3821300081201","coordinate_join_method":"matched_by_id"}},{"type":"Feature","geometry":{"type":"Point","coordinates":[133.4207849,33.96043577]},"properties":{"common_id":"E3821300089201","name":"土居小学校グラウンド","address_pref":"愛媛県","address_city":"土居町土居","address_detail":"１５８０","contact":"(０８９６)２８－６３６６","flood":"1","landslide":"1","storm_surge":"1","earthquake":"1","tsunami":"1","large_fire":"1","inland_flood":null,"volcano":null,"shelter_overlap":"1","capacity":"2900","capacity_basis":"2","notes":null,"changed":null,"new":null,"address":"愛媛県土居町土居１５８０","gsi_common_id":"E3821300089201","coordinate_join_method":"matched_by_id"}},{"type":"Feature","geometry":{"type":"Point","coordinates":[133.4368271,33.96176419]},"properties":{"common_id":"E3821300078201","name":"小富士小学校グラウンド","address_pref":"愛媛県","address_city":"土居町小林","address_detail":"６６７","contact":"(０８９６)２８－６３６７","flood":"1","landslide":"1","storm_surge":"1","earthquake":"1","tsunami":"1","large_fire":"1","inland_flood":null,"volcano":null,"shelter_overlap":"1","capacity":"3200","capacity_basis":"2","notes":null,"changed":null,"new":null,"address":"愛媛県土居町小林６６７","gsi_common_id":"E3821300078201","coordinate_join_method":"matched_by_id"}},{"type":"Feature","geometry":{"type":"Point","coordinates":[133.4571413,33.96293444]},"properties":{"common_id":"E3821300084201","name":"長津小学校グラウンド","address_pref":"愛媛県","address_city":"土居町津根","address_detail":"２０６１","contact":"(０８９６)２８－６３７０","flood":"1","landslide":"1","storm_surge":"1","earthquake":"1","tsunami":"1","large_fire":"1","inland_flood":null,"volcano":null,"shelter_overlap":"1","capacity":"3000","capacity_basis":"2","notes":null,"changed":null,"new":null,"address":"愛媛県土居町津根２０６１","gsi_common_id":"E3821300084201","coordinate_join_method":"matched_by_id"}},{"type":"Feature","geometry":{"type":"Point","coordinates":[133.4262006,33.97930981]},"properties":{"common_id":"E3821300098201","name":"北小学校グラウンド","address_pref":"愛媛県","address_city":"土居町蕪崎","address_detail":"１０４０","contact":"(０８９６)２８－６３６８","flood":"1","landslide":"1","storm_surge":"1","earthquake":"1","tsunami":"1","large_fire":"1","inland_flood":null,"volcano":null,"shelter_overlap":"1","capacity":"3500","capacity_basis":"2","notes":null,"changed":null,"new":null,"address":"愛媛県土居町蕪崎１０４０","gsi_common_id":"E3821300098201","coordinate_join_method":"matched_by_id"}},{"type":"Feature","geometry":{"type":"Point","coordinates":[133.4262521,33.96215145]},"properties":{"common_id":"E3821300090201","name":"土居中学校グラウンド","address_pref":"愛媛県","address_city":"土居町土居","address_detail":"３７５","contact":"(０８９６)２８－６３７１","flood":"1","landslide":"1","storm_surge":"1","earthquake":"1","tsunami":"1","large_fire":"1","inland_flood":null,"volcano":null,"shelter_overlap":"1","capacity":"7500","capacity_basis":"2","notes":null,"changed":null,"new":null,"address":"愛媛県土居町土居３７５","gsi_common_id":"E3821300090201","coordinate_join_method":"matched_by_id"}},{"type":"Feature","geometry":{"type":"Point","coordinates":[133.4307511,33.96528274]},"properties":{"common_id":"E3821300082201","name":"土居高等学校グラウンド","address_pref":"愛媛県","address_city":"土居町中村","address_detail":"８９２","contact":"(０８９６)７４－２０１７","flood":"1","landslide":"1","storm_surge":"1","earthquake":"1","tsunami":"1","large_fire":"1","inland_flood":null,"volcano":null,"shelter_overlap":"1","capacity":"8000","capacity_basis":"2","notes":null,"changed":null,"new":null,"address":"愛媛県土居町中村８９２","gsi_common_id":"E3821300082201","coordinate_join_method":"matched_by_id"}},{"type":"Feature","geometry":{"type":"Point","coordinates":[133.412035,33.947208]},"properties":{"common_id":"E3821300097201","name":"やまじ風公園","address_pref":"愛媛県","address_city":"土居町畑野","address_detail":"１６３７","contact":"(０８９６)７４－８８８２","flood":"1","landslide":null,"storm_surge":"1","earthquake":"1","tsunami":"1","large_fire":"1","inland_flood":null,"volcano":null,"shelter_overlap":null,"capacity":"12400","capacity_basis":"2","notes":null,"changed":null,"new":null,"address":"愛媛県土居町畑野１６３７","gsi_common_id":"E3821300097201","coordinate_join_method":"matched_by_id"}},{"type":"Feature","geometry":{"type":"Point","coordinates":[132.509087,33.368905]},"properties":{"common_id":"E3821400001201","name":"西予市図書交流館　（まなびあん）","address_pref":"愛媛県","address_city":"西予市宇和町卯之町","address_detail":"1-245-1","contact":"(0894)62-6420","flood":"1","landslide":"1","storm_surge":"1","earthquake":"1","tsunami":null,"large_fire":"1","inland_flood":null,"volcano":null,"shelter_overlap":null,"capacity":"649","capacity_basis":"２","notes":null,"changed":null,"new":null,"address":"愛媛県西予市宇和町卯之町1-245-1","gsi_common_id":"E3821400001201","coordinate_join_method":"matched_by_id"}},{"type":"Feature","geometry":{"type":"Point","coordinates":[132.5110799,33.36641402]},"properties":{"common_id":"E3821400003201","name":"宇和町小学校","address_pref":"愛媛県","address_city":"西予市宇和町卯之町","address_detail":"2-145","contact":"(0894)62-0158","flood":"1","landslide":"1","storm_surge":"1","earthquake":"1","tsunami":null,"large_fire":"1","inland_flood":null,"volcano":null,"shelter_overlap":"1","capacity":"4965","capacity_basis":"２","notes":null,"changed":null,"new":null,"address":"愛媛県西予市宇和町卯之町2-145","gsi_common_id":"E3821400003201","coordinate_join_method":"matched_by_id"}},{"type":"Feature","geometry":{"type":"Point","coordinates":[132.5206405,33.36368827]},"properties":{"common_id":"E3821400006201","name":"県立宇和高等学校","address_pref":"愛媛県","address_city":"西予市宇和町卯之町","address_detail":"4-190-1","contact":"(0894)62-1321","flood":"1","landslide":"1","storm_surge":"1","earthquake":"1","tsunami":null,"large_fire":"1","inland_flood":null,"volcano":null,"shelter_overlap":"1","capacity":"7450","capacity_basis":"２","notes":null,"changed":null,"new":null,"address":"愛媛県西予市宇和町卯之町4-190-1","gsi_common_id":"E3821400006201","coordinate_join_method":"matched_by_id"}},{"type":"Feature","geometry":{"type":"Point","coordinates":[132.4959554,33.37486287]},"properties":{"common_id":"E3821400007201","name":"県立宇和特別支援学校","address_pref":"愛媛県","address_city":"西予市宇和町永長","address_detail":"1287-1","contact":"(0894)62-5135","flood":"1","landslide":"1","storm_surge":"1","earthquake":"1","tsunami":null,"large_fire":"1","inland_flood":null,"volcano":null,"shelter_overlap":"1","capacity":"4096","capacity_basis":"２","notes":null,"changed":null,"new":null,"address":"愛媛県西予市宇和町永長1287-1","gsi_common_id":"E3821400007201","coordinate_join_method":"matched_by_id"}},{"type":"Feature","geometry":{"type":"Point","coordinates":[132.5071498,33.37116007]},"properties":{"common_id":"E3821400009201","name":"宇和中学校","address_pref":"愛媛県","address_city":"西予市宇和町下松葉","address_detail":"629-1","contact":"(0894)62-1265","flood":"1","landslide":"1","storm_surge":"1","earthquake":"1","tsunami":null,"large_fire":"1","inland_flood":null,"volcano":null,"shelter_overlap":"1","capacity":"11256","capacity_basis":"２","notes":null,"changed":null,"new":null,"address":"愛媛県西予市宇和町下松葉629-1","gsi_common_id":"E3821400009201","coordinate_join_method":"matched_by_id"}},{"type":"Feature","geometry":{"type":"Point","coordinates":[132.5052519,33.42801595]},"properties":{"common_id":"E3821400011201","name":"多田小学校","address_pref":"愛媛県","address_city":"西予市宇和町河内","address_detail":"171-1","contact":"(0894)66-0202","flood":"1","landslide":"1","storm_surge":"1","earthquake":"1","tsunami":null,"large_fire":"1","inland_flood":null,"volcano":null,"shelter_overlap":"1","capacity":"3973","capacity_basis":"２","notes":null,"changed":null,"new":null,"address":"愛媛県西予市宇和町河内171-1","gsi_common_id":"E3821400011201","coordinate_join_method":"matched_by_id"}},{"type":"Feature","geometry":{"type":"Point","coordinates":[132.537306,33.34580522]},"properties":{"common_id":"E3821400015201","name":"皆田小学校","address_pref":"愛媛県","address_city":"西予市宇和町皆田","address_detail":"1115-1","contact":"(0894)62-0551","flood":null,"landslide":null,"storm_surge":"1","earthquake":"1","tsunami":null,"large_fire":"1","inland_flood":null,"volcano":null,"shelter_overlap":null,"capacity":"1743","capacity_basis":"２","notes":null,"changed":null,"new":null,"address":"愛媛県西予市宇和町皆田1115-1","gsi_common_id":"E3821400015201","coordinate_join_method":"matched_by_id"}},{"type":"Feature","geometry":{"type":"Point","coordinates":[132.5323918,33.38357979]},"properties":{"common_id":"E3821400021201","name":"田之筋小学校","address_pref":"愛媛県","address_city":"西予市宇和町新城","address_detail":"982-1","contact":"(0894)62-0474","flood":"1","landslide":"1","storm_surge":"1","earthquake":"1","tsunami":null,"large_fire":"1","inland_flood":null,"volcano":null,"shelter_overlap":null,"capacity":"2963","capacity_basis":"２","notes":null,"changed":null,"new":null,"address":"愛媛県西予市宇和町新城982-1","gsi_common_id":"E3821400021201","coordinate_join_method":"matched_by_id"}},{"type":"Feature","geometry":{"type":"Point","coordinates":[132.4746211,33.38417519]},"properties":{"common_id":"E3821400025201","name":"石城小学校","address_pref":"愛媛県","address_city":"西予市宇和町西山田","address_detail":"164-1","contact":"(0894)62-9714","flood":"1","landslide":"1","storm_surge":"1","earthquake":"1","tsunami":null,"large_fire":"1","inland_flood":null,"volcano":null,"shelter_overlap":"1","capacity":"3101","capacity_basis":"２","notes":null,"changed":null,"new":null,"address":"愛媛県西予市宇和町西山田164-1","gsi_common_id":"E3821400025201","coordinate_join_method":"matched_by_id"}},{"type":"Feature","geometry":{"type":"Point","coordinates":[132.5065401,33.39867454]},"properties":{"common_id":"E3821400027201","name":"中川小学校","address_pref":"愛媛県","address_city":"西予市宇和町田苗真土","address_detail":"1614-1","contact":"(0894)62-0357","flood":null,"landslide":"1","storm_surge":"1","earthquake":"1","tsunami":null,"large_fire":"1","inland_flood":null,"volcano":null,"shelter_overlap":"1","capacity":"2419","capacity_basis":"２","notes":null,"changed":null,"new":null,"address":"愛媛県西予市宇和町田苗真土1614-1","gsi_common_id":"E3821400027201","coordinate_join_method":"matched_by_id"}},{"type":"Feature","geometry":{"type":"Point","coordinates":[132.5828458,33.34591845]},"properties":{"common_id":"E3821400030201","name":"旧明間小学校","address_pref":"愛媛県","address_city":"西予市宇和町明間","address_detail":"1065-1","contact":"(0894)62-6402","flood":"1","landslide":"1","storm_surge":"1","earthquake":"1","tsunami":null,"large_fire":"1","inland_flood":null,"volcano":null,"shelter_overlap":"1","capacity":"1692","capacity_basis":"２","notes":null,"changed":null,"new":null,"address":"愛媛県西予市宇和町明間1065-1","gsi_common_id":"E3821400030201","coordinate_join_method":"matched_by_id"}},{"type":"Feature","geometry":{"type":"Point","coordinates":[132.41867689723,33.376755533384]},"properties":{"common_id":"E3821400033201","name":"安土西","address_pref":"愛媛県","address_city":"西予市三瓶町安土","address_detail":"246-1","contact":"(0894)33-1111","flood":null,"landslide":null,"storm_surge":null,"earthquake":null,"tsunami":"1","large_fire":null,"inland_flood":null,"volcano":null,"shelter_overlap":null,"capacity":null,"capacity_basis":null,"notes":null,"changed":null,"new":null,"address":"愛媛県西予市三瓶町安土246-1","gsi_common_id":"E3821400033201","coordinate_join_method":"matched_by_id"}},{"type":"Feature","geometry":{"type":"Point","coordinates":[132.4184302,33.37615514]},"properties":{"common_id":"E3821400034201","name":"市道安土１３号線","address_pref":"愛媛県","address_city":"西予市三瓶町安土","address_detail":"281-2","contact":"(0894)33-1111","flood":null,"landslide":null,"storm_surge":null,"earthquake":null,"tsunami":"1","large_fire":null,"inland_flood":null,"volcano":null,"shelter_overlap":null,"capacity":null,"capacity_basis":null,"notes":null,"changed":null,"new":null,"address":"愛媛県西予市三瓶町安土281-2","gsi_common_id":"E3821400034201","coordinate_join_method":"matched_by_id"}},{"type":"Feature","geometry":{"type":"Point","coordinates":[132.3926033,33.34155414]},"properties":{"common_id":"E3821400036201","name":"神子之浦墓地","address_pref":"愛媛県","address_city":"西予市三瓶町下泊","address_detail":"109-1","contact":"(0894)33-1111","flood":null,"landslide":null,"storm_surge":null,"earthquake":null,"tsunami":"1","large_fire":null,"inland_flood":null,"volcano":null,"shelter_overlap":null,"capacity":null,"capacity_basis":null,"notes":null,"changed":null,"new":null,"address":"愛媛県西予市三瓶町下泊109-1","gsi_common_id":"E3821400036201","coordinate_join_method":"matched_by_id"}},{"type":"Feature","geometry":{"type":"Point","coordinates":[132.3860909,33.33701428]},"properties":{"common_id":"E3821400037201","name":"アンデラ","address_pref":"愛媛県","address_city":"西予市三瓶町下泊","address_detail":"1834-1","contact":"(0894)33-1111","flood":null,"landslide":null,"storm_surge":null,"earthquake":null,"tsunami":"1","large_fire":null,"inland_flood":null,"volcano":null,"shelter_overlap":null,"capacity":null,"capacity_basis":null,"notes":null,"changed":null,"new":null,"address":"愛媛県西予市三瓶町下泊1834-1","gsi_common_id":"E3821400037201","coordinate_join_method":"matched_by_id"}},{"type":"Feature","geometry":{"type":"Point","coordinates":[132.3945023,33.33998113]},"properties":{"common_id":"E3821400039201","name":"農道下泊神子之浦線","address_pref":"愛媛県","address_city":"西予市三瓶町下泊","address_detail":"331-2","contact":"(0894)33-1111","flood":null,"landslide":null,"storm_surge":null,"earthquake":null,"tsunami":"1","large_fire":null,"inland_flood":null,"volcano":null,"shelter_overlap":null,"capacity":null,"capacity_basis":null,"notes":null,"changed":null,"new":null,"address":"愛媛県西予市三瓶町下泊331-2","gsi_common_id":"E3821400039201","coordinate_join_method":"matched_by_id"}},{"type":"Feature","geometry":{"type":"Point","coordinates":[132.3928429,33.34005165]},"properties":{"common_id":"E3821400040201","name":"お薬師","address_pref":"愛媛県","address_city":"西予市三瓶町下泊","address_detail":"481","contact":"(0894)33-1111","flood":null,"landslide":null,"storm_surge":null,"earthquake":null,"tsunami":"1","large_fire":null,"inland_flood":null,"volcano":null,"shelter_overlap":null,"capacity":null,"capacity_basis":null,"notes":null,"changed":null,"new":null,"address":"愛媛県西予市三瓶町下泊481","gsi_common_id":"E3821400040201","coordinate_join_method":"matched_by_id"}},{"type":"Feature","geometry":{"type":"Point","coordinates":[132.3898675,33.3374266]},"properties":{"common_id":"E3821400041201","name":"お墓","address_pref":"愛媛県","address_city":"西予市三瓶町下泊","address_detail":"656-1","contact":"(0894)33-1111","flood":null,"landslide":null,"storm_surge":null,"earthquake":null,"tsunami":"1","large_fire":null,"inland_flood":null,"volcano":null,"shelter_overlap":null,"capacity":null,"capacity_basis":null,"notes":null,"changed":null,"new":null,"address":"愛媛県西予市三瓶町下泊656-1","gsi_common_id":"E3821400041201","coordinate_join_method":"matched_by_id"}},{"type":"Feature","geometry":{"type":"Point","coordinates":[132.3902805,33.33604623]},"properties":{"common_id":"E3821400042201","name":"旧下泊小学校（屋上）","address_pref":"愛媛県","address_city":"西予市三瓶町下泊","address_detail":"779-1","contact":"(0894)62-6430","flood":null,"landslide":null,"storm_surge":null,"earthquake":null,"tsunami":"1","large_fire":null,"inland_flood":null,"volcano":null,"shelter_overlap":"1","capacity":null,"capacity_basis":null,"notes":null,"changed":null,"new":null,"address":"愛媛県西予市三瓶町下泊779-1","gsi_common_id":"E3821400042201","coordinate_join_method":"matched_by_id"}},{"type":"Feature","geometry":{"type":"Point","coordinates":[132.3900123,33.33636891]},"properties":{"common_id":"E3821400042202","name":"三瓶下泊地区グラウンド","address_pref":"愛媛県","address_city":"西予市三瓶町下泊","address_detail":"779-1","contact":"(0894)33-2470","flood":"1","landslide":null,"storm_surge":"1","earthquake":"1","tsunami":null,"large_fire":"1","inland_flood":null,"volcano":null,"shelter_overlap":"1","capacity":"1283","capacity_basis":"２","notes":null,"changed":null,"new":null,"address":"愛媛県西予市三瓶町下泊779-1","gsi_common_id":"E3821400042202","coordinate_join_method":"matched_by_id"}},{"type":"Feature","geometry":{"type":"Point","coordinates":[132.389095,33.33433418]},"properties":{"common_id":"E3821400043201","name":"農道下泊中ノ浦線","address_pref":"愛媛県","address_city":"西予市三瓶町下泊","address_detail":"914-1","contact":"(0894)33-1111","flood":null,"landslide":null,"storm_surge":null,"earthquake":null,"tsunami":"1","large_fire":null,"inland_flood":null,"volcano":null,"shelter_overlap":null,"capacity":null,"capacity_basis":null,"notes":null,"changed":null,"new":null,"address":"愛媛県西予市三瓶町下泊914-1","gsi_common_id":"E3821400043201","coordinate_join_method":"matched_by_id"}},{"type":"Feature","geometry":{"type":"Point","coordinates":[132.4127294,33.34145865]},"properties":{"common_id":"E3821400045201","name":"見光寺","address_pref":"愛媛県","address_city":"西予市三瓶町皆江","address_detail":"1825","contact":"(0894)33-1111","flood":null,"landslide":null,"storm_surge":null,"earthquake":null,"tsunami":"1","large_fire":null,"inland_flood":null,"volcano":null,"shelter_overlap":null,"capacity":null,"capacity_basis":null,"notes":null,"changed":null,"new":null,"address":"愛媛県西予市三瓶町皆江1825","gsi_common_id":"E3821400045201","coordinate_join_method":"matched_by_id"}},{"type":"Feature","geometry":{"type":"Point","coordinates":[132.4128581,33.34855255]},"properties":{"common_id":"E3821400047201","name":"農道皆江国王線","address_pref":"愛媛県","address_city":"西予市三瓶町皆江","address_detail":"2635","contact":"(0894)33-1111","flood":null,"landslide":null,"storm_surge":null,"earthquake":null,"tsunami":"1","large_fire":null,"inland_flood":null,"volcano":null,"shelter_overlap":null,"capacity":null,"capacity_basis":null,"notes":null,"changed":null,"new":null,"address":"愛媛県西予市三瓶町皆江2635","gsi_common_id":"E3821400047201","coordinate_join_method":"matched_by_id"}},{"type":"Feature","geometry":{"type":"Point","coordinates":[132.3944004,33.34520199]},"properties":{"common_id":"E3821400048201","name":"国道３７８号（枯井バス停付近）","address_pref":"愛媛県","address_city":"西予市三瓶町皆江","address_detail":"83-7","contact":"(0894)33-1111","flood":null,"landslide":null,"storm_surge":null,"earthquake":null,"tsunami":"1","large_fire":null,"inland_flood":null,"volcano":null,"shelter_overlap":null,"capacity":null,"capacity_basis":null,"notes":null,"changed":null,"new":null,"address":"愛媛県西予市三瓶町皆江83-7","gsi_common_id":"E3821400048201","coordinate_join_method":"matched_by_id"}},{"type":"Feature","geometry":{"type":"Point","coordinates":[132.4117649,33.38724169]},"properties":{"common_id":"E3821400049201","name":"薬師山公園","address_pref":"愛媛県","address_city":"西予市三瓶町垣生乙","address_detail":"549-1","contact":"(0894)33-1111","flood":null,"landslide":null,"storm_surge":null,"earthquake":null,"tsunami":"1","large_fire":null,"inland_flood":null,"volcano":null,"shelter_overlap":null,"capacity":null,"capacity_basis":null,"notes":null,"changed":null,"new":null,"address":"愛媛県西予市三瓶町垣生乙549-1","gsi_common_id":"E3821400049201","coordinate_join_method":"matched_by_id"}},{"type":"Feature","geometry":{"type":"Point","coordinates":[132.4118454,33.39211933]},"properties":{"common_id":"E3821400050201","name":"垣生グラウンド","address_pref":"愛媛県","address_city":"西予市三瓶町垣生甲","address_detail":"1252-2","contact":"(0894)33-1111","flood":null,"landslide":null,"storm_surge":null,"earthquake":null,"tsunami":"1","large_fire":null,"inland_flood":null,"volcano":null,"shelter_overlap":null,"capacity":null,"capacity_basis":null,"notes":null,"changed":null,"new":null,"address":"愛媛県西予市三瓶町垣生甲1252-2","gsi_common_id":"E3821400050201","coordinate_join_method":"matched_by_id"}},{"type":"Feature","geometry":{"type":"Point","coordinates":[132.4096463771,33.384332199063]},"properties":{"common_id":"E3821400051201","name":"垣生西","address_pref":"愛媛県","address_city":"西予市三瓶町垣生甲","address_detail":"161-3","contact":"(0894)33-1111","flood":null,"landslide":null,"storm_surge":null,"earthquake":null,"tsunami":"1","large_fire":null,"inland_flood":null,"volcano":null,"shelter_overlap":null,"capacity":null,"capacity_basis":null,"notes":null,"changed":null,"new":null,"address":"愛媛県西予市三瓶町垣生甲161-3","gsi_common_id":"E3821400051201","coordinate_join_method":"matched_by_id"}},{"type":"Feature","geometry":{"type":"Point","coordinates":[132.4086911,33.3789773]},"properties":{"common_id":"E3821400052201","name":"垣生小浦","address_pref":"愛媛県","address_city":"西予市三瓶町垣生甲","address_detail":"9","contact":"(0894)33-1111","flood":null,"landslide":null,"storm_surge":null,"earthquake":null,"tsunami":"1","large_fire":null,"inland_flood":null,"volcano":null,"shelter_overlap":null,"capacity":null,"capacity_basis":null,"notes":null,"changed":null,"new":null,"address":"愛媛県西予市三瓶町垣生甲9","gsi_common_id":"E3821400052201","coordinate_join_method":"matched_by_id"}},{"type":"Feature","geometry":{"type":"Point","coordinates":[132.3908173,33.37436523]},"properties":{"common_id":"E3821400055201","name":"光勝寺","address_pref":"愛媛県","address_city":"西予市三瓶町周木","address_detail":"2-208","contact":"(0894)33-1111","flood":null,"landslide":null,"storm_surge":null,"earthquake":null,"tsunami":"1","large_fire":null,"inland_flood":null,"volcano":null,"shelter_overlap":null,"capacity":null,"capacity_basis":null,"notes":null,"changed":null,"new":null,"address":"愛媛県西予市三瓶町周木2-208","gsi_common_id":"E3821400055201","coordinate_join_method":"matched_by_id"}},{"type":"Feature","geometry":{"type":"Point","coordinates":[132.3888481,33.37631641]},"properties":{"common_id":"E3821400056201","name":"旧周木小学校（屋上）","address_pref":"愛媛県","address_city":"西予市三瓶町周木","address_detail":"6-247-1","contact":"(0894)62-6430","flood":null,"landslide":null,"storm_surge":null,"earthquake":null,"tsunami":"1","large_fire":null,"inland_flood":null,"volcano":null,"shelter_overlap":"1","capacity":null,"capacity_basis":null,"notes":null,"changed":null,"new":null,"address":"愛媛県西予市三瓶町周木6-247-1","gsi_common_id":"E3821400056201","coordinate_join_method":"matched_by_id"}},{"type":"Feature","geometry":{"type":"Point","coordinates":[132.3893777,33.37591704]},"properties":{"common_id":"E3821400056202","name":"三瓶周木地区グラウンド","address_pref":"愛媛県","address_city":"西予市三瓶町周木","address_detail":"6-247-1","contact":"(0894)33-2470","flood":"1","landslide":null,"storm_surge":"1","earthquake":"1","tsunami":null,"large_fire":"1","inland_flood":null,"volcano":null,"shelter_overlap":"1","capacity":"2270","capacity_basis":"２","notes":null,"changed":null,"new":null,"address":"愛媛県西予市三瓶町周木6-247-1","gsi_common_id":"E3821400056202","coordinate_join_method":"matched_by_id"}},{"type":"Feature","geometry":{"type":"Point","coordinates":[132.4321325,33.35070346]},"properties":{"common_id":"E3821400057201","name":"蔵王公園付近","address_pref":"愛媛県","address_city":"西予市三瓶町蔵貫","address_detail":"3172-1","contact":"(0894)33-1111","flood":null,"landslide":null,"storm_surge":null,"earthquake":null,"tsunami":"1","large_fire":null,"inland_flood":null,"volcano":null,"shelter_overlap":null,"capacity":null,"capacity_basis":null,"notes":null,"changed":null,"new":null,"address":"愛媛県西予市三瓶町蔵貫3172-1","gsi_common_id":"E3821400057201","coordinate_join_method":"matched_by_id"}},{"type":"Feature","geometry":{"type":"Point","coordinates":[132.4279367,33.35673406]},"properties":{"common_id":"E3821400058201","name":"市道蔵貫２号線終点付近","address_pref":"愛媛県","address_city":"西予市三瓶町蔵貫","address_detail":"32-2","contact":"(0894)33-1111","flood":null,"landslide":null,"storm_surge":null,"earthquake":null,"tsunami":"1","large_fire":null,"inland_flood":null,"volcano":null,"shelter_overlap":null,"capacity":null,"capacity_basis":null,"notes":null,"changed":null,"new":null,"address":"愛媛県西予市三瓶町蔵貫32-2","gsi_common_id":"E3821400058201","coordinate_join_method":"matched_by_id"}},{"type":"Feature","geometry":{"type":"Point","coordinates":[132.42645619645,33.352284608057]},"properties":{"common_id":"E3821400059201","name":"善福禅寺上","address_pref":"愛媛県","address_city":"西予市三瓶町蔵貫","address_detail":"3663","contact":"(0894)33-1111","flood":null,"landslide":null,"storm_surge":null,"earthquake":null,"tsunami":"1","large_fire":null,"inland_flood":null,"volcano":null,"shelter_overlap":null,"capacity":null,"capacity_basis":null,"notes":null,"changed":null,"new":null,"address":"愛媛県西予市三瓶町蔵貫3663","gsi_common_id":"E3821400059201","coordinate_join_method":"matched_by_id"}},{"type":"Feature","geometry":{"type":"Point","coordinates":[132.4294254,33.35582896]},"properties":{"common_id":"E3821400061201","name":"神明神社付近高台","address_pref":"愛媛県","address_city":"西予市三瓶町蔵貫","address_detail":"634-2","contact":"(0894)33-1111","flood":null,"landslide":null,"storm_surge":null,"earthquake":null,"tsunami":"1","large_fire":null,"inland_flood":null,"volcano":null,"shelter_overlap":null,"capacity":null,"capacity_basis":null,"notes":null,"changed":null,"new":null,"address":"愛媛県西予市三瓶町蔵貫634-2","gsi_common_id":"E3821400061201","coordinate_join_method":"matched_by_id"}},{"type":"Feature","geometry":{"type":"Point","coordinates":[132.4335238,33.35444439]},"properties":{"common_id":"E3821400062201","name":"川原集会所上","address_pref":"愛媛県","address_city":"西予市三瓶町蔵貫","address_detail":"966-3","contact":"(0894)33-1111","flood":null,"landslide":null,"storm_surge":null,"earthquake":null,"tsunami":"1","large_fire":null,"inland_flood":null,"volcano":null,"shelter_overlap":null,"capacity":null,"capacity_basis":null,"notes":null,"changed":null,"new":null,"address":"愛媛県西予市三瓶町蔵貫966-3","gsi_common_id":"E3821400062201","coordinate_join_method":"matched_by_id"}},{"type":"Feature","geometry":{"type":"Point","coordinates":[132.4202865,33.35295082]},"properties":{"common_id":"E3821400063201","name":"農道蔵貫浦新田線","address_pref":"愛媛県","address_city":"西予市三瓶町蔵貫浦","address_detail":"1124-4","contact":"(0894)33-1111","flood":null,"landslide":null,"storm_surge":null,"earthquake":null,"tsunami":"1","large_fire":null,"inland_flood":null,"volcano":null,"shelter_overlap":null,"capacity":null,"capacity_basis":null,"notes":null,"changed":null,"new":null,"address":"愛媛県西予市三瓶町蔵貫浦1124-4","gsi_common_id":"E3821400063201","coordinate_join_method":"matched_by_id"}},{"type":"Feature","geometry":{"type":"Point","coordinates":[132.4218395,33.3588974]},"properties":{"common_id":"E3821400064201","name":"金光寺","address_pref":"愛媛県","address_city":"西予市三瓶町蔵貫浦","address_detail":"135","contact":"(0894)33-1111","flood":null,"landslide":null,"storm_surge":null,"earthquake":null,"tsunami":"1","large_fire":null,"inland_flood":null,"volcano":null,"shelter_overlap":null,"capacity":null,"capacity_basis":null,"notes":null,"changed":null,"new":null,"address":"愛媛県西予市三瓶町蔵貫浦135","gsi_common_id":"E3821400064201","coordinate_join_method":"matched_by_id"}},{"type":"Feature","geometry":{"type":"Point","coordinates":[132.4241365,33.3562094]},"properties":{"common_id":"E3821400065201","name":"三瓶蔵貫地区グラウンド","address_pref":"愛媛県","address_city":"西予市三瓶町蔵貫浦","address_detail":"491","contact":"(0894)33-2470","flood":"1","landslide":null,"storm_surge":"1","earthquake":"1","tsunami":null,"large_fire":"1","inland_flood":null,"volcano":null,"shelter_overlap":"1","capacity":"3696","capacity_basis":"2","notes":null,"changed":null,"new":null,"address":"愛媛県西予市三瓶町蔵貫浦491","gsi_common_id":"E3821400065201","coordinate_join_method":"matched_by_id"}},{"type":"Feature","geometry":{"type":"Point","coordinates":[132.42097836743,33.359110089404]},"properties":{"common_id":"E3821400066201","name":"三楽園","address_pref":"愛媛県","address_city":"西予市三瓶町蔵貫浦","address_detail":"5-19","contact":"(0894)33-1111","flood":null,"landslide":null,"storm_surge":null,"earthquake":null,"tsunami":"1","large_fire":null,"inland_flood":null,"volcano":null,"shelter_overlap":null,"capacity":null,"capacity_basis":null,"notes":null,"changed":null,"new":null,"address":"愛媛県西予市三瓶町蔵貫浦5-19","gsi_common_id":"E3821400066201","coordinate_join_method":"matched_by_id"}},{"type":"Feature","geometry":{"type":"Point","coordinates":[132.4226084,33.38532816]},"properties":{"common_id":"E3821400068201","name":"２区農道（朝立山口線）","address_pref":"愛媛県","address_city":"西予市三瓶町朝立","address_detail":"1-250","contact":"(0894)33-1111","flood":null,"landslide":null,"storm_surge":null,"earthquake":null,"tsunami":"1","large_fire":null,"inland_flood":null,"volcano":null,"shelter_overlap":null,"capacity":null,"capacity_basis":null,"notes":null,"changed":null,"new":null,"address":"愛媛県西予市三瓶町朝立1-250","gsi_common_id":"E3821400068201","coordinate_join_method":"matched_by_id"}},{"type":"Feature","geometry":{"type":"Point","coordinates":[132.423191,33.381602]},"properties":{"common_id":"E3821400070201","name":"三瓶小学校","address_pref":"愛媛県","address_city":"西予市三瓶町朝立","address_detail":"1-337-2","contact":"(0894)33-0035","flood":"1","landslide":"1","storm_surge":"1","earthquake":"1","tsunami":null,"large_fire":"1","inland_flood":null,"volcano":null,"shelter_overlap":"1","capacity":"2995","capacity_basis":"２","notes":null,"changed":null,"new":null,"address":"愛媛県西予市三瓶町朝立1-337-2","gsi_common_id":"E3821400070201","coordinate_join_method":"matched_by_id"}},{"type":"Feature","geometry":{"type":"Point","coordinates":[132.4215902,33.38394326]},"properties":{"common_id":"E3821400073201","name":"国造神社（朝立）","address_pref":"愛媛県","address_city":"西予市三瓶町朝立","address_detail":"1-71","contact":"(0894)33-1111","flood":null,"landslide":null,"storm_surge":null,"earthquake":null,"tsunami":"1","large_fire":null,"inland_flood":null,"volcano":null,"shelter_overlap":null,"capacity":null,"capacity_basis":null,"notes":null,"changed":null,"new":null,"address":"愛媛県西予市三瓶町朝立1-71","gsi_common_id":"E3821400073201","coordinate_join_method":"matched_by_id"}},{"type":"Feature","geometry":{"type":"Point","coordinates":[132.425855,33.386366]},"properties":{"common_id":"E3821400074201","name":"地福寺","address_pref":"愛媛県","address_city":"西予市三瓶町朝立","address_detail":"2-261-1","contact":"(0894)33-1111","flood":null,"landslide":null,"storm_surge":null,"earthquake":null,"tsunami":"1","large_fire":null,"inland_flood":null,"volcano":null,"shelter_overlap":null,"capacity":null,"capacity_basis":null,"notes":null,"changed":null,"new":null,"address":"愛媛県西予市三瓶町朝立2-261-1","gsi_common_id":"E3821400074201","coordinate_join_method":"matched_by_id"}},{"type":"Feature","geometry":{"type":"Point","coordinates":[132.425533,33.3858559]},"properties":{"common_id":"E3821400075201","name":"宇都宮様","address_pref":"愛媛県","address_city":"西予市三瓶町朝立","address_detail":"2-281-2","contact":"(0894)33-1111","flood":null,"landslide":null,"storm_surge":null,"earthquake":null,"tsunami":"1","large_fire":null,"inland_flood":null,"volcano":null,"shelter_overlap":null,"capacity":null,"capacity_basis":null,"notes":null,"changed":null,"new":null,"address":"愛媛県西予市三瓶町朝立2-281-2","gsi_common_id":"E3821400075201","coordinate_join_method":"matched_by_id"}},{"type":"Feature","geometry":{"type":"Point","coordinates":[132.4254817,33.38409281]},"properties":{"common_id":"E3821400076201","name":"やぐらの下団地","address_pref":"愛媛県","address_city":"西予市三瓶町朝立","address_detail":"2-35-3","contact":"(0894)33-1111","flood":null,"landslide":null,"storm_surge":null,"earthquake":null,"tsunami":"1","large_fire":null,"inland_flood":null,"volcano":null,"shelter_overlap":"1","capacity":null,"capacity_basis":null,"notes":null,"changed":null,"new":null,"address":"愛媛県西予市三瓶町朝立2-35-3","gsi_common_id":"E3821400076201","coordinate_join_method":"matched_by_id"}},{"type":"Feature","geometry":{"type":"Point","coordinates":[132.4268205,33.3885165]},"properties":{"common_id":"E3821400077201","name":"シデノキ農道","address_pref":"愛媛県","address_city":"西予市三瓶町朝立","address_detail":"2-491-2","contact":"(0894)33-1111","flood":null,"landslide":null,"storm_surge":null,"earthquake":null,"tsunami":"1","large_fire":null,"inland_flood":null,"volcano":null,"shelter_overlap":null,"capacity":null,"capacity_basis":null,"notes":null,"changed":null,"new":null,"address":"愛媛県西予市三瓶町朝立2-491-2","gsi_common_id":"E3821400077201","coordinate_join_method":"matched_by_id"}},{"type":"Feature","geometry":{"type":"Point","coordinates":[132.4292281,33.38662941]},"properties":{"common_id":"E3821400078201","name":"旧東公民館第１分館","address_pref":"愛媛県","address_city":"西予市三瓶町朝立","address_detail":"6-215-4","contact":"(0894)33-1111","flood":null,"landslide":null,"storm_surge":null,"earthquake":null,"tsunami":"1","large_fire":null,"inland_flood":null,"volcano":null,"shelter_overlap":"1","capacity":null,"capacity_basis":null,"notes":null,"changed":null,"new":null,"address":"愛媛県西予市三瓶町朝立6-215-4","gsi_common_id":"E3821400078201","coordinate_join_method":"matched_by_id"}},{"type":"Feature","geometry":{"type":"Point","coordinates":[132.4235371,33.38071983]},"properties":{"common_id":"E3821400079201","name":"サイレン山避難所","address_pref":"愛媛県","address_city":"西予市三瓶町朝立","address_detail":"7-282-15","contact":"(0894)33-1111","flood":null,"landslide":null,"storm_surge":null,"earthquake":null,"tsunami":"1","large_fire":null,"inland_flood":null,"volcano":null,"shelter_overlap":null,"capacity":null,"capacity_basis":null,"notes":null,"changed":null,"new":null,"address":"愛媛県西予市三瓶町朝立7-282-15","gsi_common_id":"E3821400079201","coordinate_join_method":"matched_by_id"}},{"type":"Feature","geometry":{"type":"Point","coordinates":[132.415561,33.383275]},"properties":{"common_id":"E3821400080201","name":"三瓶公園","address_pref":"愛媛県","address_city":"西予市三瓶町朝立","address_detail":"8-1-2","contact":"(0894)33-1111","flood":null,"landslide":null,"storm_surge":null,"earthquake":null,"tsunami":"1","large_fire":null,"inland_flood":null,"volcano":null,"shelter_overlap":null,"capacity":null,"capacity_basis":null,"notes":null,"changed":null,"new":null,"address":"愛媛県西予市三瓶町朝立8-1-2","gsi_common_id":"E3821400080201","coordinate_join_method":"matched_by_id"}},{"type":"Feature","geometry":{"type":"Point","coordinates":[132.4323029,33.3903529]},"properties":{"common_id":"E3821400081201","name":"大元様","address_pref":"愛媛県","address_city":"西予市三瓶町朝立","address_detail":"8-702-2","contact":"(0894)33-1111","flood":null,"landslide":null,"storm_surge":null,"earthquake":null,"tsunami":"1","large_fire":null,"inland_flood":null,"volcano":null,"shelter_overlap":null,"capacity":null,"capacity_basis":null,"notes":null,"changed":null,"new":null,"address":"愛媛県西予市三瓶町朝立8-702-2","gsi_common_id":"E3821400081201","coordinate_join_method":"matched_by_id"}},{"type":"Feature","geometry":{"type":"Point","coordinates":[132.4267343,33.38310736]},"properties":{"common_id":"E3821400082201","name":"朝田邸裏山","address_pref":"愛媛県","address_city":"西予市三瓶町朝立","address_detail":"8-845-16","contact":"(0894)33-1111","flood":null,"landslide":null,"storm_surge":null,"earthquake":null,"tsunami":"1","large_fire":null,"inland_flood":null,"volcano":null,"shelter_overlap":null,"capacity":null,"capacity_basis":null,"notes":null,"changed":null,"new":null,"address":"愛媛県西予市三瓶町朝立8-845-16","gsi_common_id":"E3821400082201","coordinate_join_method":"matched_by_id"}},{"type":"Feature","geometry":{"type":"Point","coordinates":[132.4003601,33.37191724]},"properties":{"common_id":"E3821400083201","name":"二及越","address_pref":"愛媛県","address_city":"西予市三瓶町長早","address_detail":"3-37-2","contact":"(0894)33-1111","flood":null,"landslide":null,"storm_surge":null,"earthquake":null,"tsunami":"1","large_fire":null,"inland_flood":null,"volcano":null,"shelter_overlap":null,"capacity":null,"capacity_basis":null,"notes":null,"changed":null,"new":null,"address":"愛媛県西予市三瓶町長早3-37-2","gsi_common_id":"E3821400083201","coordinate_join_method":"matched_by_id"}},{"type":"Feature","geometry":{"type":"Point","coordinates":[132.3999471,33.37214571]},"properties":{"common_id":"E3821400084201","name":"道安寺","address_pref":"愛媛県","address_city":"西予市三瓶町長早","address_detail":"3-44-1","contact":"(0894)33-1111","flood":null,"landslide":null,"storm_surge":null,"earthquake":null,"tsunami":"1","large_fire":null,"inland_flood":null,"volcano":null,"shelter_overlap":null,"capacity":null,"capacity_basis":null,"notes":null,"changed":null,"new":null,"address":"愛媛県西予市三瓶町長早3-44-1","gsi_common_id":"E3821400084201","coordinate_join_method":"matched_by_id"}},{"type":"Feature","geometry":{"type":"Point","coordinates":[132.3984236,33.37122285]},"properties":{"common_id":"E3821400085201","name":"国造神社（長早）","address_pref":"愛媛県","address_city":"西予市三瓶町長早","address_detail":"3-486","contact":"(0894)33-1111","flood":null,"landslide":null,"storm_surge":null,"earthquake":null,"tsunami":"1","large_fire":null,"inland_flood":null,"volcano":null,"shelter_overlap":null,"capacity":null,"capacity_basis":null,"notes":null,"changed":null,"new":null,"address":"愛媛県西予市三瓶町長早3-486","gsi_common_id":"E3821400085201","coordinate_join_method":"matched_by_id"}},{"type":"Feature","geometry":{"type":"Point","coordinates":[132.4301625,33.37073728]},"properties":{"common_id":"E3821400089201","name":"県道宇和三瓶線、市道津布理３９号線の合流点","address_pref":"愛媛県","address_city":"西予市三瓶町津布理","address_detail":"2631-1","contact":"(0894)33-1111","flood":null,"landslide":null,"storm_surge":null,"earthquake":null,"tsunami":"1","large_fire":null,"inland_flood":null,"volcano":null,"shelter_overlap":null,"capacity":null,"capacity_basis":null,"notes":null,"changed":null,"new":null,"address":"愛媛県西予市三瓶町津布理2631-1","gsi_common_id":"E3821400089201","coordinate_join_method":"matched_by_id"}},{"type":"Feature","geometry":{"type":"Point","coordinates":[132.42531663387,33.377907936652]},"properties":{"common_id":"E3821400090201","name":"三瓶中学校（屋上）","address_pref":"愛媛県","address_city":"西予市三瓶町津布理","address_detail":"29","contact":"(0894)33-0041","flood":null,"landslide":null,"storm_surge":null,"earthquake":null,"tsunami":"1","large_fire":null,"inland_flood":null,"volcano":null,"shelter_overlap":null,"capacity":null,"capacity_basis":null,"notes":null,"changed":null,"new":null,"address":"愛媛県西予市三瓶町津布理29","gsi_common_id":"E3821400090201","coordinate_join_method":"matched_by_id"}},{"type":"Feature","geometry":{"type":"Point","coordinates":[132.4257154,33.37379257]},"properties":{"common_id":"E3821400091201","name":"津布理神ヶ谷","address_pref":"愛媛県","address_city":"西予市三瓶町津布理","address_detail":"3085","contact":"(0894)33-1111","flood":null,"landslide":null,"storm_surge":null,"earthquake":null,"tsunami":"1","large_fire":null,"inland_flood":null,"volcano":null,"shelter_overlap":null,"capacity":null,"capacity_basis":null,"notes":null,"changed":null,"new":null,"address":"愛媛県西予市三瓶町津布理3085","gsi_common_id":"E3821400091201","coordinate_join_method":"matched_by_id"}},{"type":"Feature","geometry":{"type":"Point","coordinates":[132.4231984,33.37530087]},"properties":{"common_id":"E3821400093201","name":"金刀比羅神社","address_pref":"愛媛県","address_city":"西予市三瓶町津布理","address_detail":"3569","contact":"(0894)33-1111","flood":null,"landslide":null,"storm_surge":null,"earthquake":null,"tsunami":"1","large_fire":null,"inland_flood":null,"volcano":null,"shelter_overlap":null,"capacity":null,"capacity_basis":null,"notes":null,"changed":null,"new":null,"address":"愛媛県西予市三瓶町津布理3569","gsi_common_id":"E3821400093201","coordinate_join_method":"matched_by_id"}},{"type":"Feature","geometry":{"type":"Point","coordinates":[132.4226201,33.37610413]},"properties":{"common_id":"E3821400094201","name":"釈迦堂上","address_pref":"愛媛県","address_city":"西予市三瓶町津布理","address_detail":"3573-1","contact":"(0894)33-1111","flood":null,"landslide":null,"storm_surge":null,"earthquake":null,"tsunami":"1","large_fire":null,"inland_flood":null,"volcano":null,"shelter_overlap":null,"capacity":null,"capacity_basis":null,"notes":null,"changed":null,"new":null,"address":"愛媛県西予市三瓶町津布理3573-1","gsi_common_id":"E3821400094201","coordinate_join_method":"matched_by_id"}},{"type":"Feature","geometry":{"type":"Point","coordinates":[132.4244771238,33.378350734673]},"properties":{"common_id":"E3821400096201","name":"三瓶中学校","address_pref":"愛媛県","address_city":"西予市三瓶町津布理","address_detail":"48","contact":"(0894)33-0041","flood":"1","landslide":null,"storm_surge":"1","earthquake":"1","tsunami":null,"large_fire":"1","inland_flood":null,"volcano":null,"shelter_overlap":"1","capacity":"9691","capacity_basis":"２","notes":null,"changed":null,"new":null,"address":"愛媛県西予市三瓶町津布理48","gsi_common_id":"E3821400096201","coordinate_join_method":"matched_by_id"}},{"type":"Feature","geometry":{"type":"Point","coordinates":[132.4264181,33.37941457]},"properties":{"common_id":"E3821400097201","name":"谷上駐車場（谷口）","address_pref":"愛媛県","address_city":"西予市三瓶町津布理","address_detail":"525-1","contact":"(0894)33-1111","flood":null,"landslide":null,"storm_surge":null,"earthquake":null,"tsunami":"1","large_fire":null,"inland_flood":null,"volcano":null,"shelter_overlap":null,"capacity":null,"capacity_basis":null,"notes":null,"changed":null,"new":null,"address":"愛媛県西予市三瓶町津布理525-1","gsi_common_id":"E3821400097201","coordinate_join_method":"matched_by_id"}},{"type":"Feature","geometry":{"type":"Point","coordinates":[132.4256319,33.38025667]},"properties":{"common_id":"E3821400098201","name":"三瓶浄水場","address_pref":"愛媛県","address_city":"西予市三瓶町津布理","address_detail":"556-6","contact":"(0894)33-1111","flood":null,"landslide":null,"storm_surge":null,"earthquake":null,"tsunami":"1","large_fire":null,"inland_flood":null,"volcano":null,"shelter_overlap":null,"capacity":null,"capacity_basis":null,"notes":null,"changed":null,"new":null,"address":"愛媛県西予市三瓶町津布理556-6","gsi_common_id":"E3821400098201","coordinate_join_method":"matched_by_id"}},{"type":"Feature","geometry":{"type":"Point","coordinates":[132.4301893,33.37640427]},"properties":{"common_id":"E3821400099201","name":"市道津布理１０号線（桜谷線）","address_pref":"愛媛県","address_city":"西予市三瓶町津布理","address_detail":"770-2","contact":"(0894)33-1111","flood":null,"landslide":null,"storm_surge":null,"earthquake":null,"tsunami":"1","large_fire":null,"inland_flood":null,"volcano":null,"shelter_overlap":null,"capacity":null,"capacity_basis":null,"notes":null,"changed":null,"new":null,"address":"愛媛県西予市三瓶町津布理770-2","gsi_common_id":"E3821400099201","coordinate_join_method":"matched_by_id"}},{"type":"Feature","geometry":{"type":"Point","coordinates":[132.4066741,33.37898626]},"properties":{"common_id":"E3821400100201","name":"二及豆綱代川上","address_pref":"愛媛県","address_city":"西予市三瓶町二及","address_detail":"1-48","contact":"(0894)33-1111","flood":null,"landslide":null,"storm_surge":null,"earthquake":null,"tsunami":"1","large_fire":null,"inland_flood":null,"volcano":null,"shelter_overlap":null,"capacity":null,"capacity_basis":null,"notes":null,"changed":null,"new":null,"address":"愛媛県西予市三瓶町二及1-48","gsi_common_id":"E3821400100201","coordinate_join_method":"matched_by_id"}},{"type":"Feature","geometry":{"type":"Point","coordinates":[132.4014706,33.38004343]},"properties":{"common_id":"E3821400101201","name":"二及東川上流","address_pref":"愛媛県","address_city":"西予市三瓶町二及","address_detail":"1-565-4","contact":"(0894)33-1111","flood":null,"landslide":null,"storm_surge":null,"earthquake":null,"tsunami":"1","large_fire":null,"inland_flood":null,"volcano":null,"shelter_overlap":null,"capacity":null,"capacity_basis":null,"notes":null,"changed":null,"new":null,"address":"愛媛県西予市三瓶町二及1-565-4","gsi_common_id":"E3821400101201","coordinate_join_method":"matched_by_id"}},{"type":"Feature","geometry":{"type":"Point","coordinates":[132.4020124,33.37584156]},"properties":{"common_id":"E3821400102201","name":"二及農村公園","address_pref":"愛媛県","address_city":"西予市三瓶町二及","address_detail":"2-452","contact":"(0894)33-1111","flood":null,"landslide":null,"storm_surge":null,"earthquake":null,"tsunami":"1","large_fire":null,"inland_flood":null,"volcano":null,"shelter_overlap":null,"capacity":null,"capacity_basis":null,"notes":null,"changed":null,"new":null,"address":"愛媛県西予市三瓶町二及2-452","gsi_common_id":"E3821400102201","coordinate_join_method":"matched_by_id"}},{"type":"Feature","geometry":{"type":"Point","coordinates":[132.4022001,33.37263402]},"properties":{"common_id":"E3821400105201","name":"長早越","address_pref":"愛媛県","address_city":"西予市三瓶町二及","address_detail":"2-836-1","contact":"(0894)33-1111","flood":null,"landslide":null,"storm_surge":null,"earthquake":null,"tsunami":"1","large_fire":null,"inland_flood":null,"volcano":null,"shelter_overlap":null,"capacity":null,"capacity_basis":null,"notes":null,"changed":null,"new":null,"address":"愛媛県西予市三瓶町二及2-836-1","gsi_common_id":"E3821400105201","coordinate_join_method":"matched_by_id"}},{"type":"Feature","geometry":{"type":"Point","coordinates":[132.4040669,33.37247275]},"properties":{"common_id":"E3821400106201","name":"お伊勢山","address_pref":"愛媛県","address_city":"西予市三瓶町二及","address_detail":"2-897-3","contact":"(0894)33-1111","flood":null,"landslide":null,"storm_surge":null,"earthquake":null,"tsunami":"1","large_fire":null,"inland_flood":null,"volcano":null,"shelter_overlap":null,"capacity":null,"capacity_basis":null,"notes":null,"changed":null,"new":null,"address":"愛媛県西予市三瓶町二及2-897-3","gsi_common_id":"E3821400106201","coordinate_join_method":"matched_by_id"}},{"type":"Feature","geometry":{"type":"Point","coordinates":[132.4149948,33.36274599]},"properties":{"common_id":"E3821400107201","name":"西側一時避難場所","address_pref":"愛媛県","address_city":"西予市三瓶町有太刀","address_detail":"108","contact":"(0894)33-1111","flood":null,"landslide":null,"storm_surge":null,"earthquake":null,"tsunami":"1","large_fire":null,"inland_flood":null,"volcano":null,"shelter_overlap":null,"capacity":null,"capacity_basis":null,"notes":null,"changed":null,"new":null,"address":"愛媛県西予市三瓶町有太刀108","gsi_common_id":"E3821400107201","coordinate_join_method":"matched_by_id"}},{"type":"Feature","geometry":{"type":"Point","coordinates":[132.4103171,33.36273255]},"properties":{"common_id":"E3821400108201","name":"あらパーク","address_pref":"愛媛県","address_city":"西予市三瓶町有太刀","address_detail":"16","contact":"(0894)33-1111","flood":null,"landslide":null,"storm_surge":null,"earthquake":null,"tsunami":"1","large_fire":null,"inland_flood":null,"volcano":null,"shelter_overlap":null,"capacity":null,"capacity_basis":null,"notes":null,"changed":null,"new":null,"address":"愛媛県西予市三瓶町有太刀16","gsi_common_id":"E3821400108201","coordinate_join_method":"matched_by_id"}},{"type":"Feature","geometry":{"type":"Point","coordinates":[132.4156386,33.36369583]},"properties":{"common_id":"E3821400109201","name":"中央一時避難場所","address_pref":"愛媛県","address_city":"西予市三瓶町有太刀","address_detail":"166","contact":"(0894)33-1111","flood":null,"landslide":null,"storm_surge":null,"earthquake":null,"tsunami":"1","large_fire":null,"inland_flood":null,"volcano":null,"shelter_overlap":null,"capacity":null,"capacity_basis":null,"notes":null,"changed":null,"new":null,"address":"愛媛県西予市三瓶町有太刀166","gsi_common_id":"E3821400109201","coordinate_join_method":"matched_by_id"}},{"type":"Feature","geometry":{"type":"Point","coordinates":[132.4180365,33.36284904]},"properties":{"common_id":"E3821400110201","name":"東側一時避難場所","address_pref":"愛媛県","address_city":"西予市三瓶町有太刀","address_detail":"654","contact":"(0894)33-1111","flood":null,"landslide":null,"storm_surge":null,"earthquake":null,"tsunami":"1","large_fire":null,"inland_flood":null,"volcano":null,"shelter_overlap":null,"capacity":null,"capacity_basis":null,"notes":null,"changed":null,"new":null,"address":"愛媛県西予市三瓶町有太刀654","gsi_common_id":"E3821400110201","coordinate_join_method":"matched_by_id"}},{"type":"Feature","geometry":{"type":"Point","coordinates":[132.4152598,33.37590427]},"properties":{"common_id":"E3821400112201","name":"有網代墓地","address_pref":"愛媛県","address_city":"西予市三瓶町有網代","address_detail":"30-1","contact":"(0894)33-1111","flood":null,"landslide":null,"storm_surge":null,"earthquake":null,"tsunami":"1","large_fire":null,"inland_flood":null,"volcano":null,"shelter_overlap":null,"capacity":null,"capacity_basis":null,"notes":null,"changed":null,"new":null,"address":"愛媛県西予市三瓶町有網代30-1","gsi_common_id":"E3821400112201","coordinate_join_method":"matched_by_id"}},{"type":"Feature","geometry":{"type":"Point","coordinates":[132.414395,33.374199]},"properties":{"common_id":"E3821400114201","name":"有網代西避難場所","address_pref":"愛媛県","address_city":"西予市三瓶町有網代","address_detail":"138","contact":"(0894)33-1111","flood":null,"landslide":null,"storm_surge":null,"earthquake":null,"tsunami":"1","large_fire":null,"inland_flood":null,"volcano":null,"shelter_overlap":null,"capacity":null,"capacity_basis":null,"notes":null,"changed":null,"new":null,"address":"愛媛県西予市三瓶町有網代138","gsi_common_id":"E3821400114201","coordinate_join_method":"matched_by_id"}},{"type":"Feature","geometry":{"type":"Point","coordinates":[132.7468885,33.37840078]},"properties":{"common_id":"E3821400115201","name":"城川中学校","address_pref":"愛媛県","address_city":"西予市城川町下相","address_detail":"1237","contact":"(0894)82-0029","flood":"1","landslide":"1","storm_surge":"1","earthquake":"1","tsunami":null,"large_fire":"1","inland_flood":null,"volcano":null,"shelter_overlap":"1","capacity":"6838","capacity_basis":"２","notes":null,"changed":null,"new":null,"address":"愛媛県西予市城川町下相1237","gsi_common_id":"E3821400115201","coordinate_join_method":"matched_by_id"}},{"type":"Feature","geometry":{"type":"Point","coordinates":[132.7235808,33.3796905]},"properties":{"common_id":"E3821400118201","name":"城川小学校","address_pref":"愛媛県","address_city":"西予市城川町魚成","address_detail":"5673-1","contact":"(0894)82-0017","flood":"1","landslide":"1","storm_surge":"1","earthquake":"1","tsunami":null,"large_fire":"1","inland_flood":null,"volcano":null,"shelter_overlap":"1","capacity":"3983","capacity_basis":"２","notes":null,"changed":null,"new":null,"address":"愛媛県西予市城川町魚成5673-1","gsi_common_id":"E3821400118201","coordinate_join_method":"matched_by_id"}},{"type":"Feature","geometry":{"type":"Point","coordinates":[132.8035949,33.36849564]},"properties":{"common_id":"E3821400123201","name":"旧高川小学校","address_pref":"愛媛県","address_city":"西予市城川町高野子","address_detail":"806","contact":"(0894)62-6430","flood":"1","landslide":"1","storm_surge":"1","earthquake":"1","tsunami":null,"large_fire":"1","inland_flood":null,"volcano":null,"shelter_overlap":"1","capacity":"2886","capacity_basis":"２","notes":null,"changed":null,"new":null,"address":"愛媛県西予市城川町高野子806","gsi_common_id":"E3821400123201","coordinate_join_method":"matched_by_id"}},{"type":"Feature","geometry":{"type":"Point","coordinates":[132.767525,33.38166252]},"properties":{"common_id":"E3821400128201","name":"旧土居小学校","address_pref":"愛媛県","address_city":"西予市城川町土居","address_detail":"86","contact":"(0894)62-6430","flood":"1","landslide":null,"storm_surge":"1","earthquake":"1","tsunami":null,"large_fire":"1","inland_flood":null,"volcano":null,"shelter_overlap":"1","capacity":"2850","capacity_basis":"２","notes":null,"changed":null,"new":null,"address":"愛媛県西予市城川町土居86","gsi_common_id":"E3821400128201","coordinate_join_method":"matched_by_id"}},{"type":"Feature","geometry":{"type":"Point","coordinates":[132.7669649,33.4332103]},"properties":{"common_id":"E3821400132201","name":"旧遊子川小学校","address_pref":"愛媛県","address_city":"西予市城川町遊子谷","address_detail":"3160","contact":"(0894)62-6430","flood":"1","landslide":"1","storm_surge":"1","earthquake":"1","tsunami":null,"large_fire":"1","inland_flood":null,"volcano":null,"shelter_overlap":"1","capacity":"2164","capacity_basis":"２","notes":null,"changed":null,"new":null,"address":"愛媛県西予市城川町遊子谷3160","gsi_common_id":"E3821400132201","coordinate_join_method":"matched_by_id"}},{"type":"Feature","geometry":{"type":"Point","coordinates":[132.423227,33.31388]},"properties":{"common_id":"E3821400133201","name":"３区第２避難場所","address_pref":"愛媛県","address_city":"西予市明浜町宮野浦甲","address_detail":"1119","contact":"(0894)64-1111","flood":null,"landslide":null,"storm_surge":null,"earthquake":null,"tsunami":"1","large_fire":null,"inland_flood":null,"volcano":null,"shelter_overlap":null,"capacity":null,"capacity_basis":null,"notes":null,"changed":null,"new":null,"address":"愛媛県西予市明浜町宮野浦甲1119","gsi_common_id":"E3821400133201","coordinate_join_method":"matched_by_id"}},{"type":"Feature","geometry":{"type":"Point","coordinates":[132.4251185,33.31217938]},"properties":{"common_id":"E3821400134201","name":"３区第１避難場所","address_pref":"愛媛県","address_city":"西予市明浜町宮野浦甲","address_detail":"1208","contact":"(0894)64-1111","flood":null,"landslide":null,"storm_surge":null,"earthquake":null,"tsunami":"1","large_fire":null,"inland_flood":null,"volcano":null,"shelter_overlap":null,"capacity":null,"capacity_basis":null,"notes":null,"changed":null,"new":null,"address":"愛媛県西予市明浜町宮野浦甲1208","gsi_common_id":"E3821400134201","coordinate_join_method":"matched_by_id"}},{"type":"Feature","geometry":{"type":"Point","coordinates":[132.4221842,33.3074721]},"properties":{"common_id":"E3821400135201","name":"宮ノ串避難場所","address_pref":"愛媛県","address_city":"西予市明浜町宮野浦甲","address_detail":"1469","contact":"(0894)64-1111","flood":null,"landslide":null,"storm_surge":null,"earthquake":null,"tsunami":"1","large_fire":null,"inland_flood":null,"volcano":null,"shelter_overlap":null,"capacity":null,"capacity_basis":null,"notes":null,"changed":null,"new":null,"address":"愛媛県西予市明浜町宮野浦甲1469","gsi_common_id":"E3821400135201","coordinate_join_method":"matched_by_id"}},{"type":"Feature","geometry":{"type":"Point","coordinates":[132.4123577,33.30849397]},"properties":{"common_id":"E3821400137201","name":"岩井避難場所","address_pref":"愛媛県","address_city":"西予市明浜町宮野浦甲","address_detail":"1857","contact":"(0894)64-1111","flood":null,"landslide":null,"storm_surge":null,"earthquake":null,"tsunami":"1","large_fire":null,"inland_flood":null,"volcano":null,"shelter_overlap":null,"capacity":null,"capacity_basis":null,"notes":null,"changed":null,"new":null,"address":"愛媛県西予市明浜町宮野浦甲1857","gsi_common_id":"E3821400137201","coordinate_join_method":"matched_by_id"}},{"type":"Feature","geometry":{"type":"Point","coordinates":[132.4226053,33.31566707]},"properties":{"common_id":"E3821400140201","name":"１区避難場所","address_pref":"愛媛県","address_city":"西予市明浜町宮野浦甲","address_detail":"417-1","contact":"(0894)64-1111","flood":null,"landslide":null,"storm_surge":null,"earthquake":null,"tsunami":"1","large_fire":null,"inland_flood":null,"volcano":null,"shelter_overlap":null,"capacity":null,"capacity_basis":null,"notes":null,"changed":null,"new":null,"address":"愛媛県西予市明浜町宮野浦甲417-1","gsi_common_id":"E3821400140201","coordinate_join_method":"matched_by_id"}},{"type":"Feature","geometry":{"type":"Point","coordinates":[132.4258695,33.31741087]},"properties":{"common_id":"E3821400141201","name":"中浦避難場所","address_pref":"愛媛県","address_city":"西予市明浜町宮野浦甲","address_detail":"75-10","contact":"(0894)64-1111","flood":null,"landslide":null,"storm_surge":null,"earthquake":null,"tsunami":"1","large_fire":null,"inland_flood":null,"volcano":null,"shelter_overlap":null,"capacity":null,"capacity_basis":null,"notes":null,"changed":null,"new":null,"address":"愛媛県西予市明浜町宮野浦甲75-10","gsi_common_id":"E3821400141201","coordinate_join_method":"matched_by_id"}},{"type":"Feature","geometry":{"type":"Point","coordinates":[132.4222405,33.31533983]},"properties":{"common_id":"E3821400142201","name":"２区避難場所","address_pref":"愛媛県","address_city":"西予市明浜町宮野浦甲","address_detail":"825-1","contact":"(0894)64-1111","flood":null,"landslide":null,"storm_surge":null,"earthquake":null,"tsunami":"1","large_fire":null,"inland_flood":null,"volcano":null,"shelter_overlap":null,"capacity":null,"capacity_basis":null,"notes":null,"changed":null,"new":null,"address":"愛媛県西予市明浜町宮野浦甲825-1","gsi_common_id":"E3821400142201","coordinate_join_method":"matched_by_id"}},{"type":"Feature","geometry":{"type":"Point","coordinates":[132.4227743,33.31451498]},"properties":{"common_id":"E3821400143201","name":"２・３区避難場所","address_pref":"愛媛県","address_city":"西予市明浜町宮野浦甲","address_detail":"909","contact":"(0894)64-1111","flood":null,"landslide":null,"storm_surge":null,"earthquake":null,"tsunami":"1","large_fire":null,"inland_flood":null,"volcano":null,"shelter_overlap":null,"capacity":null,"capacity_basis":null,"notes":null,"changed":null,"new":null,"address":"愛媛県西予市明浜町宮野浦甲909","gsi_common_id":"E3821400143201","coordinate_join_method":"matched_by_id"}},{"type":"Feature","geometry":{"type":"Point","coordinates":[132.4375613,33.32252551]},"properties":{"common_id":"E3821400144201","name":"東水源地","address_pref":"愛媛県","address_city":"西予市明浜町高山甲","address_detail":"1214","contact":"(0894)64-1111","flood":null,"landslide":null,"storm_surge":null,"earthquake":null,"tsunami":"1","large_fire":null,"inland_flood":null,"volcano":null,"shelter_overlap":null,"capacity":null,"capacity_basis":null,"notes":null,"changed":null,"new":null,"address":"愛媛県西予市明浜町高山甲1214","gsi_common_id":"E3821400144201","coordinate_join_method":"matched_by_id"}},{"type":"Feature","geometry":{"type":"Point","coordinates":[132.4358125,33.32291548]},"properties":{"common_id":"E3821400145201","name":"小坂","address_pref":"愛媛県","address_city":"西予市明浜町高山甲","address_detail":"1871-2","contact":"(0894)64-1111","flood":null,"landslide":null,"storm_surge":null,"earthquake":null,"tsunami":"1","large_fire":null,"inland_flood":null,"volcano":null,"shelter_overlap":null,"capacity":null,"capacity_basis":null,"notes":null,"changed":null,"new":null,"address":"愛媛県西予市明浜町高山甲1871-2","gsi_common_id":"E3821400145201","coordinate_join_method":"matched_by_id"}},{"type":"Feature","geometry":{"type":"Point","coordinates":[132.4320869,33.32430503]},"properties":{"common_id":"E3821400146201","name":"西水源地","address_pref":"愛媛県","address_city":"西予市明浜町高山甲","address_detail":"2066-1","contact":"(0894)64-1111","flood":null,"landslide":null,"storm_surge":null,"earthquake":null,"tsunami":"1","large_fire":null,"inland_flood":null,"volcano":null,"shelter_overlap":null,"capacity":null,"capacity_basis":null,"notes":null,"changed":null,"new":null,"address":"愛媛県西予市明浜町高山甲2066-1","gsi_common_id":"E3821400146201","coordinate_join_method":"matched_by_id"}},{"type":"Feature","geometry":{"type":"Point","coordinates":[132.4290024,33.31910981]},"properties":{"common_id":"E3821400147201","name":"小浦","address_pref":"愛媛県","address_city":"西予市明浜町高山甲","address_detail":"2891-2","contact":"(0894)64-1111","flood":null,"landslide":null,"storm_surge":null,"earthquake":null,"tsunami":"1","large_fire":null,"inland_flood":null,"volcano":null,"shelter_overlap":null,"capacity":null,"capacity_basis":null,"notes":null,"changed":null,"new":null,"address":"愛媛県西予市明浜町高山甲2891-2","gsi_common_id":"E3821400147201","coordinate_join_method":"matched_by_id"}},{"type":"Feature","geometry":{"type":"Point","coordinates":[132.4302523,33.32197865]},"properties":{"common_id":"E3821400148201","name":"銀行社宅付近","address_pref":"愛媛県","address_city":"西予市明浜町高山甲","address_detail":"3180-1","contact":"(0894)64-1111","flood":null,"landslide":null,"storm_surge":null,"earthquake":null,"tsunami":"1","large_fire":null,"inland_flood":null,"volcano":null,"shelter_overlap":null,"capacity":null,"capacity_basis":null,"notes":null,"changed":null,"new":null,"address":"愛媛県西予市明浜町高山甲3180-1","gsi_common_id":"E3821400148201","coordinate_join_method":"matched_by_id"}},{"type":"Feature","geometry":{"type":"Point","coordinates":[132.431944,33.322691]},"properties":{"common_id":"E3821400149201","name":"明浜支所（屋上）","address_pref":"愛媛県","address_city":"西予市明浜町高山甲","address_detail":"3420","contact":"(0894)64-1111","flood":null,"landslide":null,"storm_surge":null,"earthquake":null,"tsunami":"1","large_fire":null,"inland_flood":null,"volcano":null,"shelter_overlap":"1","capacity":null,"capacity_basis":null,"notes":null,"changed":null,"new":null,"address":"愛媛県西予市明浜町高山甲3420","gsi_common_id":"E3821400149201","coordinate_join_method":"matched_by_id"}},{"type":"Feature","geometry":{"type":"Point","coordinates":[132.4352224,33.31714191]},"properties":{"common_id":"E3821400152201","name":"小僧都","address_pref":"愛媛県","address_city":"西予市明浜町高山甲","address_detail":"686-1","contact":"(0894)64-1111","flood":null,"landslide":null,"storm_surge":null,"earthquake":null,"tsunami":"1","large_fire":null,"inland_flood":null,"volcano":null,"shelter_overlap":null,"capacity":null,"capacity_basis":null,"notes":null,"changed":null,"new":null,"address":"愛媛県西予市明浜町高山甲686-1","gsi_common_id":"E3821400152201","coordinate_join_method":"matched_by_id"}},{"type":"Feature","geometry":{"type":"Point","coordinates":[132.4711061,33.31989618]},"properties":{"common_id":"E3821400153201","name":"漁協奥","address_pref":"愛媛県","address_city":"西予市明浜町狩浜","address_detail":"1-198","contact":"(0894)64-1111","flood":null,"landslide":null,"storm_surge":null,"earthquake":null,"tsunami":"1","large_fire":null,"inland_flood":null,"volcano":null,"shelter_overlap":null,"capacity":null,"capacity_basis":null,"notes":null,"changed":null,"new":null,"address":"愛媛県西予市明浜町狩浜1-198","gsi_common_id":"E3821400153201","coordinate_join_method":"matched_by_id"}},{"type":"Feature","geometry":{"type":"Point","coordinates":[132.4648834,33.32210159]},"properties":{"common_id":"E3821400154201","name":"枝浦農道記念碑","address_pref":"愛媛県","address_city":"西予市明浜町狩浜","address_detail":"2-1125-1","contact":"(0894)64-1111","flood":null,"landslide":null,"storm_surge":null,"earthquake":null,"tsunami":"1","large_fire":null,"inland_flood":null,"volcano":null,"shelter_overlap":null,"capacity":null,"capacity_basis":null,"notes":null,"changed":null,"new":null,"address":"愛媛県西予市明浜町狩浜2-1125-1","gsi_common_id":"E3821400154201","coordinate_join_method":"matched_by_id"}},{"type":"Feature","geometry":{"type":"Point","coordinates":[132.4661496,33.3199598]},"properties":{"common_id":"E3821400157201","name":"かりえ笑小学校（旧狩江小学校）","address_pref":"愛媛県","address_city":"西予市明浜町狩浜","address_detail":"2-1350","contact":"(0894)64-1280","flood":"1","landslide":null,"storm_surge":"1","earthquake":"1","tsunami":null,"large_fire":"1","inland_flood":null,"volcano":null,"shelter_overlap":"1","capacity":"1890","capacity_basis":"２","notes":null,"changed":null,"new":null,"address":"愛媛県西予市明浜町狩浜2-1350","gsi_common_id":"E3821400157201","coordinate_join_method":"matched_by_id"}},{"type":"Feature","geometry":{"type":"Point","coordinates":[132.4633947,33.32084201]},"properties":{"common_id":"E3821400158201","name":"枝浦農道","address_pref":"愛媛県","address_city":"西予市明浜町狩浜","address_detail":"2-1504-3","contact":"(0894)64-1111","flood":null,"landslide":null,"storm_surge":null,"earthquake":null,"tsunami":"1","large_fire":null,"inland_flood":null,"volcano":null,"shelter_overlap":null,"capacity":null,"capacity_basis":null,"notes":null,"changed":null,"new":null,"address":"愛媛県西予市明浜町狩浜2-1504-3","gsi_common_id":"E3821400158201","coordinate_join_method":"matched_by_id"}},{"type":"Feature","geometry":{"type":"Point","coordinates":[132.46850434803,33.323163932442]},"properties":{"common_id":"E3821400159201","name":"山口","address_pref":"愛媛県","address_city":"西予市明浜町狩浜","address_detail":"2-459","contact":"(0894)64-1111","flood":null,"landslide":null,"storm_surge":null,"earthquake":null,"tsunami":"1","large_fire":null,"inland_flood":null,"volcano":null,"shelter_overlap":null,"capacity":null,"capacity_basis":null,"notes":null,"changed":null,"new":null,"address":"愛媛県西予市明浜町狩浜2-459","gsi_common_id":"E3821400159201","coordinate_join_method":"matched_by_id"}},{"type":"Feature","geometry":{"type":"Point","coordinates":[132.4616073,33.31531966]},"properties":{"common_id":"E3821400160201","name":"狩浜防災倉庫前","address_pref":"愛媛県","address_city":"西予市明浜町狩浜","address_detail":"3-1307","contact":"(0894)64-1111","flood":null,"landslide":null,"storm_surge":null,"earthquake":null,"tsunami":"1","large_fire":null,"inland_flood":null,"volcano":null,"shelter_overlap":null,"capacity":null,"capacity_basis":null,"notes":null,"changed":null,"new":null,"address":"愛媛県西予市明浜町狩浜3-1307","gsi_common_id":"E3821400160201","coordinate_join_method":"matched_by_id"}},{"type":"Feature","geometry":{"type":"Point","coordinates":[132.4671809,33.31333374]},"properties":{"common_id":"E3821400161201","name":"お伊勢山前","address_pref":"愛媛県","address_city":"西予市明浜町狩浜","address_detail":"3-1479-2","contact":"(0894)64-1111","flood":null,"landslide":null,"storm_surge":null,"earthquake":null,"tsunami":"1","large_fire":null,"inland_flood":null,"volcano":null,"shelter_overlap":null,"capacity":null,"capacity_basis":null,"notes":null,"changed":null,"new":null,"address":"愛媛県西予市明浜町狩浜3-1479-2","gsi_common_id":"E3821400161201","coordinate_join_method":"matched_by_id"}},{"type":"Feature","geometry":{"type":"Point","coordinates":[132.4613927,33.31736604]},"properties":{"common_id":"E3821400163201","name":"狩浜農道三叉路","address_pref":"愛媛県","address_city":"西予市明浜町狩浜","address_detail":"3-378","contact":"(0894)64-1111","flood":null,"landslide":null,"storm_surge":null,"earthquake":null,"tsunami":"1","large_fire":null,"inland_flood":null,"volcano":null,"shelter_overlap":null,"capacity":null,"capacity_basis":null,"notes":null,"changed":null,"new":null,"address":"愛媛県西予市明浜町狩浜3-378","gsi_common_id":"E3821400163201","coordinate_join_method":"matched_by_id"}},{"type":"Feature","geometry":{"type":"Point","coordinates":[132.4591397,33.31654122]},"properties":{"common_id":"E3821400164201","name":"本浦農道","address_pref":"愛媛県","address_city":"西予市明浜町狩浜","address_detail":"3-902-1","contact":"(0894)64-1111","flood":null,"landslide":null,"storm_surge":null,"earthquake":null,"tsunami":"1","large_fire":null,"inland_flood":null,"volcano":null,"shelter_overlap":null,"capacity":null,"capacity_basis":null,"notes":null,"changed":null,"new":null,"address":"愛媛県西予市明浜町狩浜3-902-1","gsi_common_id":"E3821400164201","coordinate_join_method":"matched_by_id"}},{"type":"Feature","geometry":{"type":"Point","coordinates":[132.4656854,33.31763244]},"properties":{"common_id":"E3821400165201","name":"狩浜ＪＡ上","address_pref":"愛媛県","address_city":"西予市明浜町狩浜","address_detail":"4-69-2","contact":"(0894)64-1111","flood":null,"landslide":null,"storm_surge":null,"earthquake":null,"tsunami":"1","large_fire":null,"inland_flood":null,"volcano":null,"shelter_overlap":null,"capacity":null,"capacity_basis":null,"notes":null,"changed":null,"new":null,"address":"愛媛県西予市明浜町狩浜4-69-2","gsi_common_id":"E3821400165201","coordinate_join_method":"matched_by_id"}},{"type":"Feature","geometry":{"type":"Point","coordinates":[132.4660609,33.3179552]},"properties":{"common_id":"E3821400166201","name":"春日神社下","address_pref":"愛媛県","address_city":"西予市明浜町狩浜","address_detail":"4-698-1","contact":"(0894)64-1111","flood":null,"landslide":null,"storm_surge":null,"earthquake":null,"tsunami":"1","large_fire":null,"inland_flood":null,"volcano":null,"shelter_overlap":null,"capacity":null,"capacity_basis":null,"notes":null,"changed":null,"new":null,"address":"愛媛県西予市明浜町狩浜4-698-1","gsi_common_id":"E3821400166201","coordinate_join_method":"matched_by_id"}},{"type":"Feature","geometry":{"type":"Point","coordinates":[132.389473,33.31938294]},"properties":{"common_id":"E3821400169201","name":"４区避難場所","address_pref":"愛媛県","address_city":"西予市明浜町田之浜甲","address_detail":"1195-1","contact":"(0894)64-1111","flood":null,"landslide":null,"storm_surge":null,"earthquake":null,"tsunami":"1","large_fire":null,"inland_flood":null,"volcano":null,"shelter_overlap":null,"capacity":null,"capacity_basis":null,"notes":null,"changed":null,"new":null,"address":"愛媛県西予市明浜町田之浜甲1195-1","gsi_common_id":"E3821400169201","coordinate_join_method":"matched_by_id"}},{"type":"Feature","geometry":{"type":"Point","coordinates":[132.3903301,33.31964838]},"properties":{"common_id":"E3821400170201","name":"旧田之浜小学校","address_pref":"愛媛県","address_city":"西予市明浜町田之浜甲","address_detail":"1234","contact":"(0894)64-1280","flood":"1","landslide":null,"storm_surge":"1","earthquake":"1","tsunami":null,"large_fire":"1","inland_flood":null,"volcano":null,"shelter_overlap":null,"capacity":"1348","capacity_basis":"２","notes":null,"changed":null,"new":null,"address":"愛媛県西予市明浜町田之浜甲1234","gsi_common_id":"E3821400170201","coordinate_join_method":"matched_by_id"}},{"type":"Feature","geometry":{"type":"Point","coordinates":[132.3905126393,33.320844576565]},"properties":{"common_id":"E3821400171201","name":"３区避難場所","address_pref":"愛媛県","address_city":"西予市明浜町田之浜甲","address_detail":"1316-1","contact":"(0894)64-1111","flood":null,"landslide":null,"storm_surge":null,"earthquake":null,"tsunami":"1","large_fire":null,"inland_flood":null,"volcano":null,"shelter_overlap":null,"capacity":null,"capacity_basis":null,"notes":null,"changed":null,"new":null,"address":"愛媛県西予市明浜町田之浜甲1316-1","gsi_common_id":"E3821400171201","coordinate_join_method":"matched_by_id"}},{"type":"Feature","geometry":{"type":"Point","coordinates":[132.39719941621,33.319177043142]},"properties":{"common_id":"E3821400172201","name":"１区避難場所","address_pref":"愛媛県","address_city":"西予市明浜町田之浜甲","address_detail":"553-4","contact":"(0894)64-1111","flood":null,"landslide":null,"storm_surge":null,"earthquake":null,"tsunami":"1","large_fire":null,"inland_flood":null,"volcano":null,"shelter_overlap":null,"capacity":null,"capacity_basis":null,"notes":null,"changed":null,"new":null,"address":"愛媛県西予市明浜町田之浜甲553-4","gsi_common_id":"E3821400172201","coordinate_join_method":"matched_by_id"}},{"type":"Feature","geometry":{"type":"Point","coordinates":[132.39680779413,33.321324204489]},"properties":{"common_id":"E3821400173201","name":"２区避難場所","address_pref":"愛媛県","address_city":"西予市明浜町田之浜甲","address_detail":"656-2","contact":"(0894)64-1111","flood":null,"landslide":null,"storm_surge":null,"earthquake":null,"tsunami":"1","large_fire":null,"inland_flood":null,"volcano":null,"shelter_overlap":null,"capacity":null,"capacity_basis":null,"notes":null,"changed":null,"new":null,"address":"愛媛県西予市明浜町田之浜甲656-2","gsi_common_id":"E3821400173201","coordinate_join_method":"matched_by_id"}},{"type":"Feature","geometry":{"type":"Point","coordinates":[132.4843348,33.31994997]},"properties":{"common_id":"E3821400175201","name":"トンネル上","address_pref":"愛媛県","address_city":"西予市明浜町渡江","address_detail":"84-2","contact":"(0894)64-1111","flood":null,"landslide":null,"storm_surge":null,"earthquake":null,"tsunami":"1","large_fire":null,"inland_flood":null,"volcano":null,"shelter_overlap":null,"capacity":null,"capacity_basis":null,"notes":null,"changed":null,"new":null,"address":"愛媛県西予市明浜町渡江84-2","gsi_common_id":"E3821400175201","coordinate_join_method":"matched_by_id"}},{"type":"Feature","geometry":{"type":"Point","coordinates":[132.478058,33.320804]},"properties":{"common_id":"E3821400176201","name":"龍泉寺","address_pref":"愛媛県","address_city":"西予市明浜町渡江","address_detail":"869","contact":"(0894)64-1111","flood":null,"landslide":null,"storm_surge":null,"earthquake":null,"tsunami":"1","large_fire":null,"inland_flood":null,"volcano":null,"shelter_overlap":null,"capacity":null,"capacity_basis":null,"notes":null,"changed":null,"new":null,"address":"愛媛県西予市明浜町渡江869","gsi_common_id":"E3821400176201","coordinate_join_method":"matched_by_id"}},{"type":"Feature","geometry":{"type":"Point","coordinates":[132.4988796,33.32175512]},"properties":{"common_id":"E3821400177201","name":"伊之浦農道","address_pref":"愛媛県","address_city":"西予市明浜町俵津","address_detail":"1-177-4","contact":"(0894)64-1111","flood":null,"landslide":null,"storm_surge":null,"earthquake":null,"tsunami":"1","large_fire":null,"inland_flood":null,"volcano":null,"shelter_overlap":null,"capacity":null,"capacity_basis":null,"notes":null,"changed":null,"new":null,"address":"愛媛県西予市明浜町俵津1-177-4","gsi_common_id":"E3821400177201","coordinate_join_method":"matched_by_id"}},{"type":"Feature","geometry":{"type":"Point","coordinates":[132.4985739,33.32470456]},"properties":{"common_id":"E3821400178201","name":"東谷農道","address_pref":"愛媛県","address_city":"西予市明浜町俵津","address_detail":"1-418","contact":"(0894)64-1111","flood":null,"landslide":null,"storm_surge":null,"earthquake":null,"tsunami":"1","large_fire":null,"inland_flood":null,"volcano":null,"shelter_overlap":null,"capacity":null,"capacity_basis":null,"notes":null,"changed":null,"new":null,"address":"愛媛県西予市明浜町俵津1-418","gsi_common_id":"E3821400178201","coordinate_join_method":"matched_by_id"}},{"type":"Feature","geometry":{"type":"Point","coordinates":[132.4966158,33.32538587]},"properties":{"common_id":"E3821400179201","name":"天満神社","address_pref":"愛媛県","address_city":"西予市明浜町俵津","address_detail":"2-1","contact":"(0894)64-1111","flood":null,"landslide":null,"storm_surge":null,"earthquake":null,"tsunami":"1","large_fire":null,"inland_flood":null,"volcano":null,"shelter_overlap":null,"capacity":null,"capacity_basis":null,"notes":null,"changed":null,"new":null,"address":"愛媛県西予市明浜町俵津2-1","gsi_common_id":"E3821400179201","coordinate_join_method":"matched_by_id"}},{"type":"Feature","geometry":{"type":"Point","coordinates":[132.4955912,33.32594168]},"properties":{"common_id":"E3821400180201","name":"元小学校跡","address_pref":"愛媛県","address_city":"西予市明浜町俵津","address_detail":"2-767-1","contact":"(0894)64-1111","flood":null,"landslide":null,"storm_surge":null,"earthquake":null,"tsunami":"1","large_fire":null,"inland_flood":null,"volcano":null,"shelter_overlap":null,"capacity":null,"capacity_basis":null,"notes":null,"changed":null,"new":null,"address":"愛媛県西予市明浜町俵津2-767-1","gsi_common_id":"E3821400180201","coordinate_join_method":"matched_by_id"}},{"type":"Feature","geometry":{"type":"Point","coordinates":[132.4921205,33.32836208]},"properties":{"common_id":"E3821400184201","name":"福岡農道","address_pref":"愛媛県","address_city":"西予市明浜町俵津","address_detail":"3-505-1","contact":"(0894)64-1111","flood":null,"landslide":null,"storm_surge":null,"earthquake":null,"tsunami":"1","large_fire":null,"inland_flood":null,"volcano":null,"shelter_overlap":null,"capacity":null,"capacity_basis":null,"notes":null,"changed":null,"new":null,"address":"愛媛県西予市明浜町俵津3-505-1","gsi_common_id":"E3821400184201","coordinate_join_method":"matched_by_id"}},{"type":"Feature","geometry":{"type":"Point","coordinates":[132.4890788,33.33047315]},"properties":{"common_id":"E3821400185201","name":"大山農道","address_pref":"愛媛県","address_city":"西予市明浜町俵津","address_detail":"4-282-2","contact":"(0894)64-1111","flood":null,"landslide":null,"storm_surge":null,"earthquake":null,"tsunami":"1","large_fire":null,"inland_flood":null,"volcano":null,"shelter_overlap":null,"capacity":null,"capacity_basis":null,"notes":null,"changed":null,"new":null,"address":"愛媛県西予市明浜町俵津4-282-2","gsi_common_id":"E3821400185201","coordinate_join_method":"matched_by_id"}},{"type":"Feature","geometry":{"type":"Point","coordinates":[132.4865281,33.33210236]},"properties":{"common_id":"E3821400186201","name":"新田奥","address_pref":"愛媛県","address_city":"西予市明浜町俵津","address_detail":"5-231-3","contact":"(0894)64-1111","flood":null,"landslide":null,"storm_surge":null,"earthquake":null,"tsunami":"1","large_fire":null,"inland_flood":null,"volcano":null,"shelter_overlap":null,"capacity":null,"capacity_basis":null,"notes":null,"changed":null,"new":null,"address":"愛媛県西予市明浜町俵津5-231-3","gsi_common_id":"E3821400186201","coordinate_join_method":"matched_by_id"}},{"type":"Feature","geometry":{"type":"Point","coordinates":[132.4853862,33.32726078]},"properties":{"common_id":"E3821400187201","name":"畑岡農道","address_pref":"愛媛県","address_city":"西予市明浜町俵津","address_detail":"8-214","contact":"(0894)64-1111","flood":null,"landslide":null,"storm_surge":null,"earthquake":null,"tsunami":"1","large_fire":null,"inland_flood":null,"volcano":null,"shelter_overlap":null,"capacity":null,"capacity_basis":null,"notes":null,"changed":null,"new":null,"address":"愛媛県西予市明浜町俵津8-214","gsi_common_id":"E3821400187201","coordinate_join_method":"matched_by_id"}},{"type":"Feature","geometry":{"type":"Point","coordinates":[132.4878489,33.3246507]},"properties":{"common_id":"E3821400188201","name":"明浜小学校","address_pref":"愛媛県","address_city":"西予市明浜町俵津","address_detail":"8-316-1","contact":"(0894)65-0007","flood":"1","landslide":"1","storm_surge":"1","earthquake":"1","tsunami":null,"large_fire":"1","inland_flood":null,"volcano":null,"shelter_overlap":"1","capacity":"3468","capacity_basis":"２","notes":null,"changed":null,"new":null,"address":"愛媛県西予市明浜町俵津8-316-1","gsi_common_id":"E3821400188201","coordinate_join_method":"matched_by_id"}},{"type":"Feature","geometry":{"type":"Point","coordinates":[132.4864293,33.3243322]},"properties":{"common_id":"E3821400189201","name":"西予市明浜運動場","address_pref":"愛媛県","address_city":"西予市明浜町俵津","address_detail":"9-136-1","contact":"(0894)64-1291","flood":"1","landslide":"1","storm_surge":"1","earthquake":"1","tsunami":null,"large_fire":"1","inland_flood":null,"volcano":null,"shelter_overlap":null,"capacity":"2806","capacity_basis":"２","notes":null,"changed":null,"new":null,"address":"愛媛県西予市明浜町俵津9-136-1","gsi_common_id":"E3821400189201","coordinate_join_method":"matched_by_id"}},{"type":"Feature","geometry":{"type":"Point","coordinates":[132.487489,33.32016514]},"properties":{"common_id":"E3821400190201","name":"ボラ小屋","address_pref":"愛媛県","address_city":"西予市明浜町俵津","address_detail":"9-412-2","contact":"(0894)64-1111","flood":null,"landslide":null,"storm_surge":null,"earthquake":null,"tsunami":"1","large_fire":null,"inland_flood":null,"volcano":null,"shelter_overlap":null,"capacity":null,"capacity_basis":null,"notes":null,"changed":null,"new":null,"address":"愛媛県西予市明浜町俵津9-412-2","gsi_common_id":"E3821400190201","coordinate_join_method":"matched_by_id"}},{"type":"Feature","geometry":{"type":"Point","coordinates":[132.4843447,33.32450958]},"properties":{"common_id":"E3821400191201","name":"下の谷農道","address_pref":"愛媛県","address_city":"西予市明浜町俵津","address_detail":"9-52-1","contact":"(0894)64-1111","flood":null,"landslide":null,"storm_surge":null,"earthquake":null,"tsunami":"1","large_fire":null,"inland_flood":null,"volcano":null,"shelter_overlap":null,"capacity":null,"capacity_basis":null,"notes":null,"changed":null,"new":null,"address":"愛媛県西予市明浜町俵津9-52-1","gsi_common_id":"E3821400191201","coordinate_join_method":"matched_by_id"}},{"type":"Feature","geometry":{"type":"Point","coordinates":[132.6735601,33.39667378]},"properties":{"common_id":"E3821400192201","name":"旧大和田小学校","address_pref":"愛媛県","address_city":"西予市野村町阿下","address_detail":"2-428","contact":"(0894)62-6430","flood":null,"landslide":"1","storm_surge":"1","earthquake":"1","tsunami":null,"large_fire":"1","inland_flood":null,"volcano":null,"shelter_overlap":"1","capacity":"1829","capacity_basis":"２","notes":null,"changed":null,"new":null,"address":"愛媛県西予市野村町阿下2-428","gsi_common_id":"E3821400192201","coordinate_join_method":"matched_by_id"}},{"type":"Feature","geometry":{"type":"Point","coordinates":[132.6521365,33.38494458]},"properties":{"common_id":"E3821400194201","name":"県立野村高等学校","address_pref":"愛媛県","address_city":"西予市野村町阿下","address_detail":"6-2","contact":"(0894)72-0102","flood":"1","landslide":"1","storm_surge":"1","earthquake":"1","tsunami":null,"large_fire":"1","inland_flood":null,"volcano":null,"shelter_overlap":"1","capacity":"2713","capacity_basis":"２","notes":null,"changed":null,"new":null,"address":"愛媛県西予市野村町阿下6-2","gsi_common_id":"E3821400194201","coordinate_join_method":"matched_by_id"}},{"type":"Feature","geometry":{"type":"Point","coordinates":[132.6521615,33.38173669]},"properties":{"common_id":"E3821400195201","name":"野村中学校","address_pref":"愛媛県","address_city":"西予市野村町阿下","address_detail":"7-147","contact":"(0894)72-0026","flood":"1","landslide":"1","storm_surge":"1","earthquake":"1","tsunami":null,"large_fire":"1","inland_flood":null,"volcano":null,"shelter_overlap":"1","capacity":"10908","capacity_basis":"２","notes":null,"changed":null,"new":null,"address":"愛媛県西予市野村町阿下7-147","gsi_common_id":"E3821400195201","coordinate_join_method":"matched_by_id"}},{"type":"Feature","geometry":{"type":"Point","coordinates":[132.6337503,33.41397444]},"properties":{"common_id":"E3821400196201","name":"旧中筋小学校","address_pref":"愛媛県","address_city":"西予市野村町高瀬","address_detail":"4098","contact":"(0894)62-6430","flood":"1","landslide":"1","storm_surge":"1","earthquake":"1","tsunami":null,"large_fire":"1","inland_flood":null,"volcano":null,"shelter_overlap":"1","capacity":"2414","capacity_basis":"２","notes":null,"changed":null,"new":null,"address":"愛媛県西予市野村町高瀬4098","gsi_common_id":"E3821400196201","coordinate_join_method":"matched_by_id"}},{"type":"Feature","geometry":{"type":"Point","coordinates":[132.7825034,33.47669348]},"properties":{"common_id":"E3821400200201","name":"西予市野村少年自然の家","address_pref":"愛媛県","address_city":"西予市野村町惣川","address_detail":"1160","contact":"(0894)76-0137","flood":"1","landslide":null,"storm_surge":"1","earthquake":"1","tsunami":null,"large_fire":"1","inland_flood":null,"volcano":null,"shelter_overlap":null,"capacity":"500","capacity_basis":"２","notes":null,"changed":null,"new":null,"address":"愛媛県西予市野村町惣川1160","gsi_common_id":"E3821400200201","coordinate_join_method":"matched_by_id"}},{"type":"Feature","geometry":{"type":"Point","coordinates":[132.7965847,33.48019517]},"properties":{"common_id":"E3821400202201","name":"惣川小学校","address_pref":"愛媛県","address_city":"西予市野村町惣川","address_detail":"3888","contact":"(0894)76-0120","flood":"1","landslide":null,"storm_surge":"1","earthquake":"1","tsunami":null,"large_fire":"1","inland_flood":null,"volcano":null,"shelter_overlap":"1","capacity":"2188","capacity_basis":"２","notes":null,"changed":null,"new":null,"address":"愛媛県西予市野村町惣川3888","gsi_common_id":"E3821400202201","coordinate_join_method":"matched_by_id"}},{"type":"Feature","geometry":{"type":"Point","coordinates":[132.8707188,33.47988183]},"properties":{"common_id":"E3821400203201","name":"大野ヶ原小学校","address_pref":"愛媛県","address_city":"西予市野村町大野ケ原","address_detail":"217-1","contact":"(0894)76-0360","flood":"1","landslide":"1","storm_surge":"1","earthquake":"1","tsunami":null,"large_fire":"1","inland_flood":null,"volcano":null,"shelter_overlap":"1","capacity":"2967","capacity_basis":"２","notes":null,"changed":null,"new":null,"address":"愛媛県西予市野村町大野ケ原217-1","gsi_common_id":"E3821400203201","coordinate_join_method":"matched_by_id"}},{"type":"Feature","geometry":{"type":"Point","coordinates":[132.5875788,33.40414522]},"properties":{"common_id":"E3821400205201","name":"旧渓筋小学校","address_pref":"愛媛県","address_city":"西予市野村町鳥鹿野","address_detail":"870","contact":"(0894)62-6430","flood":"1","landslide":null,"storm_surge":"1","earthquake":"1","tsunami":null,"large_fire":"1","inland_flood":null,"volcano":null,"shelter_overlap":"1","capacity":"3058","capacity_basis":"２","notes":null,"changed":null,"new":null,"address":"愛媛県西予市野村町鳥鹿野870","gsi_common_id":"E3821400205201","coordinate_join_method":"matched_by_id"}},{"type":"Feature","geometry":{"type":"Point","coordinates":[132.6432057,33.3731393]},"properties":{"common_id":"E3821400206201","name":"野村小学校","address_pref":"愛媛県","address_city":"西予市野村町野村","address_detail":"11-43-1","contact":"(0894)72-0027","flood":"1","landslide":"1","storm_surge":"1","earthquake":"1","tsunami":null,"large_fire":"1","inland_flood":null,"volcano":null,"shelter_overlap":"1","capacity":"4522","capacity_basis":"２","notes":null,"changed":null,"new":null,"address":"愛媛県西予市野村町野村11-43-1","gsi_common_id":"E3821400206201","coordinate_join_method":"matched_by_id"}},{"type":"Feature","geometry":{"type":"Point","coordinates":[132.7185987,33.41701485]},"properties":{"common_id":"E3821400217201","name":"旧河成小学校","address_pref":"愛媛県","address_city":"西予市野村町予子林","address_detail":"5192-2","contact":"(0894)62-6430","flood":"1","landslide":null,"storm_surge":"1","earthquake":"1","tsunami":null,"large_fire":"1","inland_flood":null,"volcano":null,"shelter_overlap":null,"capacity":"2391","capacity_basis":"２","notes":null,"changed":null,"new":null,"address":"愛媛県西予市野村町予子林5192-2","gsi_common_id":"E3821400217201","coordinate_join_method":"matched_by_id"}},{"type":"Feature","geometry":{"type":"Point","coordinates":[132.431402,33.371175]},"properties":{"common_id":"E3821400221201","name":"新池前","address_pref":"愛媛県","address_city":"西予市三瓶町津布理","address_detail":"2759-1","contact":"(0894)33-1111","flood":null,"landslide":null,"storm_surge":null,"earthquake":null,"tsunami":"1","large_fire":null,"inland_flood":null,"volcano":null,"shelter_overlap":null,"capacity":null,"capacity_basis":null,"notes":null,"changed":null,"new":null,"address":"愛媛県西予市三瓶町津布理2759-1","gsi_common_id":"E3821400221201","coordinate_join_method":"matched_by_id"}},{"type":"Feature","geometry":{"type":"Point","coordinates":[132.646469,33.378315]},"properties":{"common_id":"E3821400223201","name":"西予市肱川河川沿い復興公園（どすこいパーク）","address_pref":"愛媛県","address_city":"西予市野村町野村","address_detail":"4-3-1","contact":"(0894)72-0843","flood":null,"landslide":"1","storm_surge":null,"earthquake":"1","tsunami":null,"large_fire":"1","inland_flood":null,"volcano":null,"shelter_overlap":null,"capacity":"3952","capacity_basis":"２","notes":null,"changed":null,"new":null,"address":"愛媛県西予市野村町野村4-3-1","gsi_common_id":"E3821400223201","coordinate_join_method":"matched_by_id"}},{"type":"Feature","geometry":{"type":"Point","coordinates":[132.402798,33.377909]},"properties":{"common_id":"E3821400230201","name":"にきぶ地域づくり活動センター","address_pref":"愛媛県","address_city":"西予市三瓶町二及","address_detail":"2-389-１","contact":"0894-33-0054","flood":null,"landslide":null,"storm_surge":null,"earthquake":null,"tsunami":"1","large_fire":null,"inland_flood":null,"volcano":null,"shelter_overlap":null,"capacity":"316","capacity_basis":"2","notes":null,"changed":null,"new":null,"address":"愛媛県西予市三瓶町二及2-389-１","gsi_common_id":"E3821400230201","coordinate_join_method":"matched_by_id"}},{"type":"Feature","geometry":{"type":"Point","coordinates":[132.8814871901,33.805715730428]},"properties":{"common_id":"E3821500018201","name":"東温市立北吉井小学校グランド","address_pref":"愛媛県東温市志津川１３１","address_city":null,"address_detail":null,"contact":"089-964-4420","flood":"1","landslide":"1","storm_surge":null,"earthquake":"1","tsunami":null,"large_fire":null,"inland_flood":null,"volcano":null,"shelter_overlap":null,"capacity":"19130\n（0.5㎡あたり1人）","capacity_basis":null,"notes":null,"changed":null,"new":null,"address":"愛媛県東温市志津川１３１","gsi_common_id":"E3821500018201","coordinate_join_method":"matched_by_id"}},{"type":"Feature","geometry":{"type":"Point","coordinates":[132.85291863597,33.791221239337]},"properties":{"common_id":"E3821500037201","name":"東温市立南吉井小学校グランド","address_pref":"愛媛県東温市田窪１１００","address_city":null,"address_detail":null,"contact":"089-964-4420","flood":"1","landslide":"1","storm_surge":null,"earthquake":"1","tsunami":null,"large_fire":null,"inland_flood":null,"volcano":null,"shelter_overlap":null,"capacity":"23038\n（0.5㎡あたり1人）","capacity_basis":null,"notes":null,"changed":null,"new":null,"address":"愛媛県東温市田窪１１００","gsi_common_id":"E3821500037201","coordinate_join_method":"matched_by_id"}},{"type":"Feature","geometry":{"type":"Point","coordinates":[132.87094844496,33.780271187124]},"properties":{"common_id":"E3821500003201","name":"東温市立拝志小学校グランド","address_pref":"愛媛県東温市下林甲１５８５","address_city":null,"address_detail":null,"contact":"089-964-4420","flood":null,"landslide":null,"storm_surge":null,"earthquake":"1","tsunami":null,"large_fire":null,"inland_flood":null,"volcano":null,"shelter_overlap":null,"capacity":"10580（0.5㎡あたり1人）","capacity_basis":null,"notes":null,"changed":null,"new":null,"address":"愛媛県東温市下林甲１５８５","gsi_common_id":"E3821500003201","coordinate_join_method":"matched_by_id"}},{"type":"Feature","geometry":{"type":"Point","coordinates":[132.88703771492,33.756251453967]},"properties":{"common_id":"E3821500027201","name":"東温市立上林小学校グランド","address_pref":"愛媛県東温市上林甲２５６５","address_city":null,"address_detail":null,"contact":"089-964-4420","flood":"1","landslide":"1","storm_surge":null,"earthquake":"1","tsunami":null,"large_fire":null,"inland_flood":null,"volcano":null,"shelter_overlap":null,"capacity":"6654\n（0.5㎡あたり1人）","capacity_basis":null,"notes":null,"changed":null,"new":null,"address":"愛媛県東温市上林甲２５６５","gsi_common_id":"E3821500027201","coordinate_join_method":"matched_by_id"}},{"type":"Feature","geometry":{"type":"Point","coordinates":[132.90421487983,33.800520163142]},"properties":{"common_id":"E3821500061201","name":"東温市立川上小学校グランド","address_pref":"愛媛県東温市北方甲２６５５","address_city":null,"address_detail":null,"contact":"089-964-4420","flood":"1","landslide":"1","storm_surge":null,"earthquake":"1","tsunami":null,"large_fire":null,"inland_flood":null,"volcano":null,"shelter_overlap":null,"capacity":"22366\n（0.5㎡あたり1人）","capacity_basis":null,"notes":null,"changed":null,"new":null,"address":"愛媛県東温市北方甲２６５５","gsi_common_id":"E3821500061201","coordinate_join_method":"matched_by_id"}},{"type":"Feature","geometry":{"type":"Point","coordinates":[132.95346128006,33.792431345865]},"properties":{"common_id":"E3821500035201","name":"東温市立東谷小学校グランド","address_pref":"愛媛県東温市則之内甲３３４","address_city":null,"address_detail":null,"contact":"089-964-4420","flood":"1","landslide":null,"storm_surge":null,"earthquake":"1","tsunami":null,"large_fire":null,"inland_flood":null,"volcano":null,"shelter_overlap":null,"capacity":"4012\n（0.5㎡あたり1人）","capacity_basis":null,"notes":null,"changed":null,"new":null,"address":"愛媛県東温市則之内甲３３４","gsi_common_id":"E3821500035201","coordinate_join_method":"matched_by_id"}},{"type":"Feature","geometry":{"type":"Point","coordinates":[132.91742519333,33.771611168522]},"properties":{"common_id":"E3821500032201","name":"東温市立西谷小学校グランド","address_pref":"愛媛県東温市則之内乙８３５","address_city":null,"address_detail":null,"contact":"089-964-4420","flood":"1","landslide":null,"storm_surge":null,"earthquake":"1","tsunami":null,"large_fire":null,"inland_flood":null,"volcano":null,"shelter_overlap":null,"capacity":"7288\n（0.5㎡あたり1人）","capacity_basis":null,"notes":null,"changed":null,"new":null,"address":"愛媛県東温市則之内乙８３５","gsi_common_id":"E3821500032201","coordinate_join_method":"matched_by_id"}},{"type":"Feature","geometry":{"type":"Point","coordinates":[132.87173742721,33.794918068627]},"properties":{"common_id":"E3821500022201","name":"東温市立重信中学校グランド","address_pref":"愛媛県東温市志津川９９１","address_city":null,"address_detail":null,"contact":"089-964-4420","flood":"1","landslide":"1","storm_surge":null,"earthquake":"1","tsunami":null,"large_fire":null,"inland_flood":null,"volcano":null,"shelter_overlap":null,"capacity":"28932\n（0.5㎡あたり1人）","capacity_basis":null,"notes":null,"changed":null,"new":null,"address":"愛媛県東温市志津川９９１","gsi_common_id":"E3821500022201","coordinate_join_method":"matched_by_id"}},{"type":"Feature","geometry":{"type":"Point","coordinates":[132.912813919,33.796904121072]},"properties":{"common_id":"E3821500056201","name":"東温市立川内中学校グランド","address_pref":"愛媛県東温市南方４６７－１","address_city":null,"address_detail":null,"contact":"089-964-4420","flood":"1","landslide":"1","storm_surge":null,"earthquake":"1","tsunami":null,"large_fire":null,"inland_flood":null,"volcano":null,"shelter_overlap":null,"capacity":"25464\n（0.5㎡あたり1人）","capacity_basis":null,"notes":null,"changed":null,"new":null,"address":"愛媛県東温市南方４６７－１","gsi_common_id":"E3821500056201","coordinate_join_method":"matched_by_id"}},{"type":"Feature","geometry":{"type":"Point","coordinates":[132.87130193127,33.79387624102]},"properties":{"common_id":"E3821500043201","name":"東温市中央公民館駐車場","address_pref":"愛媛県東温市田窪２３７０","address_city":null,"address_detail":null,"contact":"089-964-1500","flood":"1","landslide":"1","storm_surge":null,"earthquake":"1","tsunami":null,"large_fire":null,"inland_flood":null,"volcano":null,"shelter_overlap":null,"capacity":"8622\n（0.5㎡あたり1人）","capacity_basis":null,"notes":null,"changed":null,"new":null,"address":"愛媛県東温市田窪２３７０","gsi_common_id":"E3821500043201","coordinate_join_method":"matched_by_id"}},{"type":"Feature","geometry":{"type":"Point","coordinates":[132.91541349324,33.796929622751]},"properties":{"common_id":"E3821500052201","name":"東温市川内公民館駐車場","address_pref":"愛媛県東温市南方２６４","address_city":null,"address_detail":null,"contact":"089-964-1500","flood":"1","landslide":"1","storm_surge":null,"earthquake":"1","tsunami":null,"large_fire":null,"inland_flood":null,"volcano":null,"shelter_overlap":null,"capacity":"6230\n（0.5㎡あたり1人）","capacity_basis":null,"notes":null,"changed":null,"new":null,"address":"愛媛県東温市南方２６４","gsi_common_id":"E3821500052201","coordinate_join_method":"matched_by_id"}},{"type":"Feature","geometry":{"type":"Point","coordinates":[132.86798668892,33.790807293056]},"properties":{"common_id":"E3821500004201","name":"東温市農林業者トレーニングセンター駐車場","address_pref":"愛媛県東温市田窪２３５","address_city":null,"address_detail":null,"contact":"089-964-1500","flood":"1","landslide":"1","storm_surge":null,"earthquake":"1","tsunami":null,"large_fire":null,"inland_flood":null,"volcano":null,"shelter_overlap":null,"capacity":"6674\n（0.5㎡あたり1人）","capacity_basis":null,"notes":null,"changed":null,"new":null,"address":"愛媛県東温市田窪２３５","gsi_common_id":"E3821500042201","coordinate_join_method":"matched_by_name_address"}},{"type":"Feature","geometry":{"type":"Point","coordinates":[132.86780948296,33.792264218782]},"properties":{"common_id":"E3821500044201","name":"東温市農村環境改善センター駐車場","address_pref":"愛媛県東温市田窪３００","address_city":null,"address_detail":null,"contact":"089-964-4409","flood":"1","landslide":"1","storm_surge":null,"earthquake":"1","tsunami":null,"large_fire":null,"inland_flood":null,"volcano":null,"shelter_overlap":null,"capacity":"9060\n（0.5㎡あたり1人）","capacity_basis":null,"notes":null,"changed":null,"new":null,"address":"愛媛県東温市田窪３００","gsi_common_id":"E3821500044201","coordinate_join_method":"matched_by_id"}},{"type":"Feature","geometry":{"type":"Point","coordinates":[132.86870084398,33.80965436716]},"properties":{"common_id":"E3821500028201","name":"東温市総合公園","address_pref":"愛媛県東温市西岡１２８４－１","address_city":null,"address_detail":null,"contact":"089-964-1500","flood":"1","landslide":"1","storm_surge":null,"earthquake":"1","tsunami":null,"large_fire":null,"inland_flood":null,"volcano":null,"shelter_overlap":null,"capacity":"283144\n（0.5㎡あたり1人）","capacity_basis":null,"notes":null,"changed":null,"new":null,"address":"愛媛県東温市西岡１２８４－１","gsi_common_id":"E3821500028201","coordinate_join_method":"matched_by_id"}},{"type":"Feature","geometry":{"type":"Point","coordinates":[132.90783427349,33.803084135534]},"properties":{"common_id":"E3821500060201","name":"東温市川内体育センター駐車場","address_pref":"愛媛県東温市北方甲２３１４－２","address_city":null,"address_detail":null,"contact":"089-964-1500","flood":"1","landslide":"1","storm_surge":null,"earthquake":"1","tsunami":null,"large_fire":null,"inland_flood":null,"volcano":null,"shelter_overlap":null,"capacity":"4426\n（0.5㎡あたり1人）","capacity_basis":null,"notes":null,"changed":null,"new":null,"address":"愛媛県東温市北方甲２３１４－２","gsi_common_id":"E3821500060201","coordinate_join_method":"matched_by_id"}},{"type":"Feature","geometry":{"type":"Point","coordinates":[132.91423324205,33.797106628048]},"properties":{"common_id":"E3821500051201","name":"東温市川内健康センター駐車場","address_pref":"愛媛県東温市南方２６２","address_city":null,"address_detail":null,"contact":"089-966-2191","flood":"1","landslide":"1","storm_surge":null,"earthquake":"1","tsunami":null,"large_fire":null,"inland_flood":null,"volcano":null,"shelter_overlap":null,"capacity":"3364\n（0.5㎡あたり1人）","capacity_basis":null,"notes":null,"changed":null,"new":null,"address":"愛媛県東温市南方２６２","gsi_common_id":"E3821500051201","coordinate_join_method":"matched_by_id"}},{"type":"Feature","geometry":{"type":"Point","coordinates":[132.99699640563,33.79860482268]},"properties":{"common_id":"E3821500009201","name":"東温市滑川生活改善センターグランド","address_pref":"愛媛県東温市滑川甲１４４２","address_city":null,"address_detail":null,"contact":"089-964-1500","flood":"1","landslide":"1","storm_surge":null,"earthquake":"1","tsunami":null,"large_fire":null,"inland_flood":null,"volcano":null,"shelter_overlap":null,"capacity":"2480\n（0.5㎡あたり1人）","capacity_basis":null,"notes":null,"changed":null,"new":null,"address":"愛媛県東温市滑川甲１４４２","gsi_common_id":"E3821500009201","coordinate_join_method":"matched_by_id"}},{"type":"Feature","geometry":{"type":"Point","coordinates":[132.84036612803,33.793910608729]},"properties":{"common_id":"E3821500064201","name":"東温市ゆるぎ公園","address_pref":"愛媛県東温市野田１－１９","address_city":null,"address_detail":null,"contact":"089-964-4412","flood":"1","landslide":"1","storm_surge":null,"earthquake":"1","tsunami":null,"large_fire":null,"inland_flood":null,"volcano":null,"shelter_overlap":null,"capacity":"13600\n（0.5㎡あたり1人）","capacity_basis":null,"notes":null,"changed":null,"new":null,"address":"愛媛県東温市野田１－１９","gsi_common_id":"E3821500064201","coordinate_join_method":"matched_by_id"}},{"type":"Feature","geometry":{"type":"Point","coordinates":[132.83436829818,33.795025817952]},"properties":{"common_id":"E3821500065201","name":"東温市てんじん公園","address_pref":"愛媛県東温市野田３－３","address_city":null,"address_detail":null,"contact":"089-964-4412","flood":"1","landslide":"1","storm_surge":null,"earthquake":"1","tsunami":null,"large_fire":null,"inland_flood":null,"volcano":null,"shelter_overlap":null,"capacity":"2804\n（0.5㎡あたり1人）","capacity_basis":null,"notes":null,"changed":null,"new":null,"address":"愛媛県東温市野田３－３","gsi_common_id":"E3821500065201","coordinate_join_method":"matched_by_id"}},{"type":"Feature","geometry":{"type":"Point","coordinates":[132.8826985041,33.804845372108]},"properties":{"common_id":"E3821500001201","name":"いわがらこども館広場","address_pref":"愛媛県東温市横河原１３６８－１","address_city":null,"address_detail":null,"contact":"089-964-4484","flood":"1","landslide":"1","storm_surge":null,"earthquake":"1","tsunami":null,"large_fire":null,"inland_flood":null,"volcano":null,"shelter_overlap":null,"capacity":"3496\n（0.5㎡あたり1人）","capacity_basis":null,"notes":null,"changed":null,"new":null,"address":"愛媛県東温市横河原１３６８－１","gsi_common_id":"E3821500001201","coordinate_join_method":"matched_by_id"}},{"type":"Feature","geometry":{"type":"Point","coordinates":[132.85667671112,33.796955279445]},"properties":{"common_id":"E3821500011201","name":"牛渕上野農村公園","address_pref":"愛媛県東温市牛渕１６２５","address_city":null,"address_detail":null,"contact":"089-964-4412","flood":"1","landslide":"1","storm_surge":null,"earthquake":"1","tsunami":null,"large_fire":null,"inland_flood":null,"volcano":null,"shelter_overlap":null,"capacity":"9800\n（0.5㎡あたり1人）","capacity_basis":null,"notes":null,"changed":null,"new":null,"address":"愛媛県東温市牛渕１６２５","gsi_common_id":"E3821500011201","coordinate_join_method":"matched_by_id"}},{"type":"Feature","geometry":{"type":"Point","coordinates":[132.88429273516,33.7743908409]},"properties":{"common_id":"E3821500006201","name":"下林八幡農村公園","address_pref":"愛媛県東温市下林甲２９７－１","address_city":null,"address_detail":null,"contact":"089-964-4412","flood":"1","landslide":"1","storm_surge":null,"earthquake":"1","tsunami":null,"large_fire":null,"inland_flood":null,"volcano":null,"shelter_overlap":null,"capacity":"2000\n（0.5㎡あたり1人）","capacity_basis":null,"notes":null,"changed":null,"new":null,"address":"愛媛県東温市下林甲２９７－１","gsi_common_id":"E3821500006201","coordinate_join_method":"matched_by_id"}},{"type":"Feature","geometry":{"type":"Point","coordinates":[132.86420771914,33.794334119024]},"properties":{"common_id":"E3821500046201","name":"田窪水木公園","address_pref":"愛媛県東温市田窪３００７－１","address_city":null,"address_detail":null,"contact":"089-964-4412","flood":"1","landslide":"1","storm_surge":null,"earthquake":"1","tsunami":null,"large_fire":null,"inland_flood":null,"volcano":null,"shelter_overlap":null,"capacity":"3000\n（0.5㎡あたり1人）","capacity_basis":null,"notes":null,"changed":null,"new":null,"address":"愛媛県東温市田窪３００７－１","gsi_common_id":"E3821500046201","coordinate_join_method":"matched_by_id"}},{"type":"Feature","geometry":{"type":"Point","coordinates":[132.84772242115,33.795240467233]},"properties":{"common_id":"E3821500010201","name":"牛渕横畑公園","address_pref":"愛媛県東温市牛渕１０９３","address_city":null,"address_detail":null,"contact":"089-964-4412","flood":"1","landslide":"1","storm_surge":null,"earthquake":"1","tsunami":null,"large_fire":null,"inland_flood":null,"volcano":null,"shelter_overlap":null,"capacity":"800\n（0.5㎡あたり1人）","capacity_basis":null,"notes":null,"changed":null,"new":null,"address":"愛媛県東温市牛渕１０９３","gsi_common_id":"E3821500010201","coordinate_join_method":"matched_by_id"}},{"type":"Feature","geometry":{"type":"Point","coordinates":[132.86903294941,33.797701618266]},"properties":{"common_id":"E3821500023201","name":"八反地ふれあい公園","address_pref":"愛媛県東温市志津川甲１３２７－１","address_city":null,"address_detail":null,"contact":"089-964-4412","flood":"1","landslide":"1","storm_surge":null,"earthquake":"1","tsunami":null,"large_fire":null,"inland_flood":null,"volcano":null,"shelter_overlap":null,"capacity":"4600\n（0.5㎡あたり1人）","capacity_basis":null,"notes":null,"changed":null,"new":null,"address":"愛媛県東温市志津川甲１３２７－１","gsi_common_id":"E3821500023201","coordinate_join_method":"matched_by_id"}},{"type":"Feature","geometry":{"type":"Point","coordinates":[132.87438932081,33.796203761588]},"properties":{"common_id":"E3821500021201","name":"旧重信町庁舎跡","address_pref":"愛媛県東温市志津川９７２","address_city":null,"address_detail":null,"contact":"089-964-4400","flood":"1","landslide":"1","storm_surge":null,"earthquake":"1","tsunami":null,"large_fire":null,"inland_flood":null,"volcano":null,"shelter_overlap":null,"capacity":"10166\n（0.5㎡あたり1人）","capacity_basis":null,"notes":null,"changed":null,"new":null,"address":"愛媛県東温市志津川９７２","gsi_common_id":"E3821500021201","coordinate_join_method":"matched_by_id"}},{"type":"Feature","geometry":{"type":"Point","coordinates":[132.94705503625,33.81061046102]},"properties":{"common_id":"E3821500026201","name":"奥松瀬川公民館広場","address_pref":"愛媛県東温市松瀬川乙８０－１","address_city":null,"address_detail":null,"contact":"089-966-2940","flood":"1","landslide":"1","storm_surge":null,"earthquake":"1","tsunami":null,"large_fire":null,"inland_flood":null,"volcano":null,"shelter_overlap":null,"capacity":"6538\n（0.5㎡あたり1人）","capacity_basis":null,"notes":null,"changed":null,"new":null,"address":"愛媛県東温市松瀬川乙８０－１","gsi_common_id":"E3821500026201","coordinate_join_method":"matched_by_id"}},{"type":"Feature","geometry":{"type":"Point","coordinates":[132.9746189852,33.810054071983]},"properties":{"common_id":"E3821500007201","name":"土谷公民館広場","address_pref":"愛媛県東温市河之内甲１２１１－１","address_city":null,"address_detail":null,"contact":"089-966-4710","flood":"1","landslide":null,"storm_surge":null,"earthquake":"1","tsunami":null,"large_fire":null,"inland_flood":null,"volcano":null,"shelter_overlap":null,"capacity":"2840\n（0.5㎡あたり1人）","capacity_basis":null,"notes":null,"changed":null,"new":null,"address":"愛媛県東温市河之内甲１２１１－１","gsi_common_id":"E3821500007201","coordinate_join_method":"matched_by_id"}},{"type":"Feature","geometry":{"type":"Point","coordinates":[132.9114600553,33.796342951472]},"properties":{"common_id":"E3821500057201","name":"南方東公園","address_pref":"愛媛県東温市南方５０４－８","address_city":null,"address_detail":null,"contact":"089-964-4412","flood":"1","landslide":"1","storm_surge":null,"earthquake":"1","tsunami":null,"large_fire":null,"inland_flood":null,"volcano":null,"shelter_overlap":null,"capacity":"4400\n（0.5㎡あたり1人）","capacity_basis":null,"notes":null,"changed":null,"new":null,"address":"愛媛県東温市南方５０４－８","gsi_common_id":"E3821500057201","coordinate_join_method":"matched_by_id"}},{"type":"Feature","geometry":{"type":"Point","coordinates":[132.89509430589,33.802799621511]},"properties":{"common_id":"E3821500062201","name":"北方西公園","address_pref":"愛媛県東温市北方甲３１６４－１","address_city":null,"address_detail":null,"contact":"089-964-4412","flood":"1","landslide":"1","storm_surge":null,"earthquake":"1","tsunami":null,"large_fire":null,"inland_flood":null,"volcano":null,"shelter_overlap":null,"capacity":"4400\n（0.5㎡あたり1人）","capacity_basis":null,"notes":null,"changed":null,"new":null,"address":"愛媛県東温市北方甲３１６４－１","gsi_common_id":"E3821500062201","coordinate_join_method":"matched_by_id"}},{"type":"Feature","geometry":{"type":"Point","coordinates":[132.91472539368,33.797568465404]},"properties":{"common_id":"E3821500055201","name":"川内支所広場","address_pref":"愛媛県東温市南方２８６","address_city":null,"address_detail":null,"contact":"089-966-2222","flood":"1","landslide":"1","storm_surge":null,"earthquake":"1","tsunami":null,"large_fire":null,"inland_flood":null,"volcano":null,"shelter_overlap":null,"capacity":"7586\n（0.5㎡あたり1人）","capacity_basis":null,"notes":null,"changed":null,"new":null,"address":"愛媛県東温市南方２８６","gsi_common_id":"E3821500055201","coordinate_join_method":"matched_by_id"}},{"type":"Feature","geometry":{"type":"Point","coordinates":[132.91457518997,33.802574512301]},"properties":{"common_id":"E3821500059201","name":"ふるさと交流館　さくらの湯広場","address_pref":"愛媛県東温市北方甲２０８１－１","address_city":null,"address_detail":null,"contact":"089-960-6511","flood":"1","landslide":"1","storm_surge":null,"earthquake":"1","tsunami":null,"large_fire":null,"inland_flood":null,"volcano":null,"shelter_overlap":null,"capacity":"9448\n（0.5㎡あたり1人）","capacity_basis":null,"notes":null,"changed":null,"new":null,"address":"愛媛県東温市北方甲２０８１－１","gsi_common_id":"E3821500059201","coordinate_join_method":"matched_by_id"}},{"type":"Feature","geometry":{"type":"Point","coordinates":[132.8948571815,33.793280292912]},"properties":{"common_id":"E3821500049201","name":"くぼの泉公園","address_pref":"愛媛県東温市南方１１６６－１","address_city":null,"address_detail":null,"contact":"089-964-4412","flood":"1","landslide":"1","storm_surge":null,"earthquake":"1","tsunami":null,"large_fire":null,"inland_flood":null,"volcano":null,"shelter_overlap":null,"capacity":"7502\n（0.5㎡あたり1人）","capacity_basis":null,"notes":null,"changed":null,"new":null,"address":"愛媛県東温市南方１１６６－１","gsi_common_id":"E3821500049201","coordinate_join_method":"matched_by_id"}},{"type":"Feature","geometry":{"type":"Point","coordinates":[132.87482115826,33.800616983857]},"properties":{"common_id":"E3821500025201","name":"踊田公園","address_pref":"愛媛県東温市志津川南４－３０１","address_city":null,"address_detail":null,"contact":"089-964-4412","flood":"1","landslide":"1","storm_surge":null,"earthquake":"1","tsunami":null,"large_fire":null,"inland_flood":null,"volcano":null,"shelter_overlap":null,"capacity":"3428\n（0.5㎡あたり1人）","capacity_basis":null,"notes":null,"changed":null,"new":null,"address":"愛媛県東温市志津川南４－３０１","gsi_common_id":"E3821500025201","coordinate_join_method":"matched_by_id"}},{"type":"Feature","geometry":{"type":"Point","coordinates":[132.8716103301,33.780266857924]},"properties":{"common_id":"E3821500002201","name":"下林集会所","address_pref":"愛媛県東温市下林甲１５７１","address_city":null,"address_detail":null,"contact":"089-964-1735","flood":null,"landslide":"1","storm_surge":null,"earthquake":"1","tsunami":null,"large_fire":null,"inland_flood":null,"volcano":null,"shelter_overlap":"1","capacity":"1584\n（0.5㎡あたり1人）","capacity_basis":null,"notes":null,"changed":null,"new":null,"address":"愛媛県東温市下林甲１５７１","gsi_common_id":"E3821500002201","coordinate_join_method":"matched_by_id"}},{"type":"Feature","geometry":{"type":"Point","coordinates":[132.878447,33.794508]},"properties":{"common_id":"E3821500012201","name":"松山刑務所駐車場","address_pref":"愛媛県東温市見奈良１２４３－2","address_city":null,"address_detail":null,"contact":"089-964-3355","flood":"1","landslide":"1","storm_surge":null,"earthquake":"1","tsunami":null,"large_fire":null,"inland_flood":null,"volcano":null,"shelter_overlap":null,"capacity":"2000\n（0.5㎡あたり1人）","capacity_basis":null,"notes":null,"changed":null,"new":null,"address":"愛媛県東温市見奈良１２４３－2","gsi_common_id":"E3821500012201","coordinate_join_method":"matched_by_id"}},{"type":"Feature","geometry":{"type":"Point","coordinates":[132.907643,33.861847]},"properties":{"common_id":"E3821500017201","name":"山之内集会所広場","address_pref":"愛媛県","address_city":"東温市山之内","address_detail":"1640","contact":"(089)964-4412","flood":null,"landslide":"1","storm_surge":null,"earthquake":"1","tsunami":null,"large_fire":null,"inland_flood":null,"volcano":null,"shelter_overlap":"1","capacity":"24576","capacity_basis":"0.50","notes":null,"changed":null,"new":null,"address":"愛媛県東温市山之内1640","gsi_common_id":"E3821500017201","coordinate_join_method":"matched_by_id"}},{"type":"Feature","geometry":{"type":"Point","coordinates":[133.1842748,34.26897903]},"properties":{"common_id":"E3835600134201","name":"生名小学校グランド","address_pref":"愛媛県越智郡上島町生名965","address_city":null,"address_detail":null,"contact":"0897-76－2014","flood":null,"landslide":null,"storm_surge":null,"earthquake":"1","tsunami":null,"large_fire":null,"inland_flood":null,"volcano":null,"shelter_overlap":null,"capacity":"6294","capacity_basis":null,"notes":null,"changed":null,"new":null,"address":"愛媛県越智郡上島町生名965","gsi_common_id":"E3835600134201","coordinate_join_method":"matched_by_id"}},{"type":"Feature","geometry":{"type":"Point","coordinates":[133.1833387405,34.269295996902]},"properties":{"common_id":"E3835600133201","name":"生名八幡神社境内","address_pref":"愛媛県越智郡上島町生名946","address_city":null,"address_detail":null,"contact":"（宗）生名八幡神社\n0897-76－2074","flood":null,"landslide":null,"storm_surge":null,"earthquake":"1","tsunami":"1","large_fire":null,"inland_flood":null,"volcano":null,"shelter_overlap":null,"capacity":"2436","capacity_basis":null,"notes":null,"changed":null,"new":null,"address":"愛媛県越智郡上島町生名946","gsi_common_id":"E3835600133201","coordinate_join_method":"matched_by_id"}},{"type":"Feature","geometry":{"type":"Point","coordinates":[133.179395594,34.2679154212]},"properties":{"common_id":"E3835600132201","name":"正福寺境内","address_pref":"愛媛県越智郡上島町生名813","address_city":null,"address_detail":null,"contact":"（宗）正福寺\n0897-76－3032","flood":null,"landslide":null,"storm_surge":null,"earthquake":"1","tsunami":"1","large_fire":null,"inland_flood":null,"volcano":null,"shelter_overlap":null,"capacity":"4788","capacity_basis":null,"notes":null,"changed":null,"new":null,"address":"愛媛県越智郡上島町生名813","gsi_common_id":"E3835600132201","coordinate_join_method":"matched_by_id"}},{"type":"Feature","geometry":{"type":"Point","coordinates":[133.18646444507,34.263868762627]},"properties":{"common_id":"E3835600131201","name":"生名港埠頭用地","address_pref":"愛媛県越智郡上島町生名67－2","address_city":null,"address_detail":null,"contact":"0897-76-3000","flood":null,"landslide":null,"storm_surge":null,"earthquake":"1","tsunami":null,"large_fire":null,"inland_flood":null,"volcano":null,"shelter_overlap":null,"capacity":"11376","capacity_basis":null,"notes":null,"changed":null,"new":null,"address":"愛媛県越智郡上島町生名67－2","gsi_common_id":"E3835600131201","coordinate_join_method":"matched_by_id"}},{"type":"Feature","geometry":{"type":"Point","coordinates":[133.18494001928,34.26822538293]},"properties":{"common_id":"E3835600130201","name":"生名総合支所駐車場","address_pref":"愛媛県越智郡上島町生名620","address_city":null,"address_detail":null,"contact":"0897-76－3000","flood":null,"landslide":null,"storm_surge":null,"earthquake":"1","tsunami":null,"large_fire":null,"inland_flood":null,"volcano":null,"shelter_overlap":null,"capacity":"1052","capacity_basis":null,"notes":null,"changed":null,"new":null,"address":"愛媛県越智郡上島町生名620","gsi_common_id":"E3835600130201","coordinate_join_method":"matched_by_id"}},{"type":"Feature","geometry":{"type":"Point","coordinates":[133.18710187974,34.26797712267]},"properties":{"common_id":"E3835600129201","name":"厳島銅像","address_pref":"愛媛県越智郡上島町生名573","address_city":null,"address_detail":null,"contact":"0897-76-3000","flood":null,"landslide":null,"storm_surge":null,"earthquake":"1","tsunami":"1","large_fire":null,"inland_flood":null,"volcano":null,"shelter_overlap":null,"capacity":"2322","capacity_basis":null,"notes":null,"changed":null,"new":null,"address":"愛媛県越智郡上島町生名573","gsi_common_id":"E3835600129201","coordinate_join_method":"matched_by_id"}},{"type":"Feature","geometry":{"type":"Point","coordinates":[133.18209607983,34.260711865954]},"properties":{"common_id":"E3835600128201","name":"稲浦集会所広場","address_pref":"愛媛県越智郡上島町生名4783","address_city":null,"address_detail":null,"contact":"0897-76-3000","flood":null,"landslide":"1","storm_surge":"1","earthquake":"1","tsunami":"1","large_fire":null,"inland_flood":null,"volcano":null,"shelter_overlap":null,"capacity":"746","capacity_basis":null,"notes":null,"changed":null,"new":null,"address":"愛媛県越智郡上島町生名4783","gsi_common_id":"E3835600128201","coordinate_join_method":"matched_by_id"}},{"type":"Feature","geometry":{"type":"Point","coordinates":[133.1731284016,34.261143546972]},"properties":{"common_id":"E3835600126201","name":"いきなスポレク公園野球場","address_pref":"愛媛県越智郡上島町生名4528","address_city":null,"address_detail":null,"contact":"（株）いきなスポレク\n0897-74－0906","flood":null,"landslide":null,"storm_surge":null,"earthquake":"1","tsunami":"1","large_fire":null,"inland_flood":null,"volcano":null,"shelter_overlap":null,"capacity":"32000","capacity_basis":null,"notes":null,"changed":null,"new":null,"address":"愛媛県越智郡上島町生名4528","gsi_common_id":"E3835600126201","coordinate_join_method":"matched_by_id"}},{"type":"Feature","geometry":{"type":"Point","coordinates":[133.17244185633,34.273240536857]},"properties":{"common_id":"E3835600124201","name":"西浦地区集会所付近","address_pref":"愛媛県越智郡上島町生名3551外","address_city":null,"address_detail":null,"contact":"0897-76－2924","flood":null,"landslide":null,"storm_surge":null,"earthquake":"1","tsunami":null,"large_fire":null,"inland_flood":null,"volcano":null,"shelter_overlap":null,"capacity":"808","capacity_basis":null,"notes":null,"changed":null,"new":null,"address":"愛媛県越智郡上島町生名3551外","gsi_common_id":"E3835600124201","coordinate_join_method":"matched_by_id"}},{"type":"Feature","geometry":{"type":"Point","coordinates":[133.17307485767,34.274459588705]},"properties":{"common_id":"E3835600122201","name":"西浦遊園地","address_pref":"愛媛県越智郡上島町生名3313","address_city":null,"address_detail":null,"contact":"0897-76-3000","flood":null,"landslide":null,"storm_surge":null,"earthquake":"1","tsunami":null,"large_fire":null,"inland_flood":null,"volcano":null,"shelter_overlap":null,"capacity":"1080","capacity_basis":null,"notes":null,"changed":null,"new":null,"address":"愛媛県越智郡上島町生名3313","gsi_common_id":"E3835600122201","coordinate_join_method":"matched_by_id"}},{"type":"Feature","geometry":{"type":"Point","coordinates":[133.18110539146,34.266253920617]},"properties":{"common_id":"E3835600121201","name":"二分団集会所広場","address_pref":"愛媛県越智郡上島町生名279","address_city":null,"address_detail":null,"contact":"0897-76-3000","flood":null,"landslide":"1","storm_surge":"1","earthquake":"1","tsunami":null,"large_fire":null,"inland_flood":null,"volcano":null,"shelter_overlap":null,"capacity":"556","capacity_basis":null,"notes":null,"changed":null,"new":null,"address":"愛媛県越智郡上島町生名279","gsi_common_id":"E3835600121201","coordinate_join_method":"matched_by_id"}},{"type":"Feature","geometry":{"type":"Point","coordinates":[133.17810668177,34.275980054062]},"properties":{"common_id":"E3835600115201","name":"立石多目的広場","address_pref":"愛媛県越智郡上島町生名1881－３","address_city":null,"address_detail":null,"contact":"0897-76-3000","flood":null,"landslide":null,"storm_surge":null,"earthquake":"1","tsunami":null,"large_fire":null,"inland_flood":null,"volcano":null,"shelter_overlap":null,"capacity":"16140","capacity_basis":null,"notes":null,"changed":null,"new":null,"address":"愛媛県越智郡上島町生名1881－３","gsi_common_id":"E3835600115201","coordinate_join_method":"matched_by_id"}},{"type":"Feature","geometry":{"type":"Point","coordinates":[133.17959649796,34.272589541934]},"properties":{"common_id":"E3835600114201","name":"丸山生協付近","address_pref":"愛媛県越智郡上島町生名1642－１付近","address_city":null,"address_detail":null,"contact":"0897-76-3000","flood":null,"landslide":null,"storm_surge":null,"earthquake":"1","tsunami":null,"large_fire":null,"inland_flood":null,"volcano":null,"shelter_overlap":null,"capacity":"2964","capacity_basis":null,"notes":null,"changed":null,"new":null,"address":"愛媛県越智郡上島町生名1642－１付近","gsi_common_id":"E3835600114201","coordinate_join_method":"matched_by_id"}},{"type":"Feature","geometry":{"type":"Point","coordinates":[133.1791515166,34.273087071045]},"properties":{"common_id":"E3835600113201","name":"生名保育所","address_pref":"愛媛県越智郡上島町生名1620","address_city":null,"address_detail":null,"contact":"0897-76－2009","flood":null,"landslide":"1","storm_surge":null,"earthquake":"1","tsunami":null,"large_fire":null,"inland_flood":null,"volcano":null,"shelter_overlap":null,"capacity":"1720","capacity_basis":null,"notes":null,"changed":null,"new":null,"address":"愛媛県越智郡上島町生名1620","gsi_common_id":"E3835600113201","coordinate_join_method":"matched_by_id"}},{"type":"Feature","geometry":{"type":"Point","coordinates":[133.18302910928,34.271287837662]},"properties":{"common_id":"E3835600111201","name":"三分団集会所","address_pref":"愛媛県越智郡上島町生名1270","address_city":null,"address_detail":null,"contact":"0897-76－3192","flood":null,"landslide":"1","storm_surge":"1","earthquake":"1","tsunami":null,"large_fire":null,"inland_flood":null,"volcano":null,"shelter_overlap":null,"capacity":"508","capacity_basis":null,"notes":null,"changed":null,"new":null,"address":"愛媛県越智郡上島町生名1270","gsi_common_id":"E3835600111201","coordinate_join_method":"matched_by_id"}},{"type":"Feature","geometry":{"type":"Point","coordinates":[133.18333025259,34.27050038954]},"properties":{"common_id":"E3835600110201","name":"特別養護老人ホーム海光園広場","address_pref":"愛媛県越智郡上島町生名1268－1","address_city":null,"address_detail":null,"contact":"0897-76－2250","flood":null,"landslide":null,"storm_surge":null,"earthquake":"1","tsunami":null,"large_fire":null,"inland_flood":null,"volcano":null,"shelter_overlap":null,"capacity":"6144","capacity_basis":null,"notes":null,"changed":null,"new":null,"address":"愛媛県越智郡上島町生名1268－1","gsi_common_id":"E3835600110201","coordinate_join_method":"matched_by_id"}},{"type":"Feature","geometry":{"type":"Point","coordinates":[133.18013443179,34.266032254509]},"properties":{"common_id":"E3835600140201","name":"県道横浜生名港線中腹(大松峠：二分団側)","address_pref":"愛媛県越智郡上島町生名","address_city":null,"address_detail":null,"contact":"0897-74－0906","flood":null,"landslide":null,"storm_surge":null,"earthquake":"1","tsunami":"1","large_fire":null,"inland_flood":null,"volcano":null,"shelter_overlap":null,"capacity":"450","capacity_basis":null,"notes":null,"changed":null,"new":null,"address":"愛媛県越智郡上島町生名","gsi_common_id":"E3835600140201","coordinate_join_method":"matched_by_id"}},{"type":"Feature","geometry":{"type":"Point","coordinates":[133.18110539145,34.270385669902]},"properties":{"common_id":"E3835600135201","name":"町道岡庄・中後線","address_pref":"愛媛県越智郡上島町生名","address_city":null,"address_detail":null,"contact":"0897-76-3000","flood":null,"landslide":null,"storm_surge":null,"earthquake":"1","tsunami":"1","large_fire":null,"inland_flood":null,"volcano":null,"shelter_overlap":null,"capacity":"90","capacity_basis":null,"notes":null,"changed":null,"new":null,"address":"愛媛県越智郡上島町生名","gsi_common_id":"E3835600135201","coordinate_join_method":"matched_by_id"}},{"type":"Feature","geometry":{"type":"Point","coordinates":[133.18028999989,34.271148159381]},"properties":{"common_id":"E3835600142201","name":"町道尾又恵生2号線\n(尾又－恵生：三分団側)","address_pref":"愛媛県越智郡上島町生名","address_city":null,"address_detail":null,"contact":"0897-76-3000","flood":null,"landslide":null,"storm_surge":null,"earthquake":"1","tsunami":"1","large_fire":null,"inland_flood":null,"volcano":null,"shelter_overlap":null,"capacity":"90","capacity_basis":null,"notes":null,"changed":null,"new":null,"address":"愛媛県越智郡上島町生名","gsi_common_id":"E3835600142201","coordinate_join_method":"matched_by_id"}},{"type":"Feature","geometry":{"type":"Point","coordinates":[133.17714645095,34.272371674564]},"properties":{"common_id":"E3835600141201","name":"町道中の谷・岡庄線（尾又－丸山：四分団側）","address_pref":"愛媛県越智郡上島町生名","address_city":null,"address_detail":null,"contact":"0897-76-3000","flood":null,"landslide":null,"storm_surge":null,"earthquake":"1","tsunami":"1","large_fire":null,"inland_flood":null,"volcano":null,"shelter_overlap":null,"capacity":"210","capacity_basis":null,"notes":null,"changed":null,"new":null,"address":"愛媛県越智郡上島町生名","gsi_common_id":"E3835600141201","coordinate_join_method":"matched_by_id"}},{"type":"Feature","geometry":{"type":"Point","coordinates":[133.17680849261,34.273768056008]},"properties":{"common_id":"E3835600138201","name":"泉農道中腹（丸山－西浦：四分団側）","address_pref":"愛媛県越智郡上島町生名","address_city":null,"address_detail":null,"contact":"0897-76-3000","flood":null,"landslide":null,"storm_surge":null,"earthquake":"1","tsunami":"1","large_fire":null,"inland_flood":null,"volcano":null,"shelter_overlap":null,"capacity":"524","capacity_basis":null,"notes":null,"changed":null,"new":null,"address":"愛媛県越智郡上島町生名","gsi_common_id":"E3835600138201","coordinate_join_method":"matched_by_id"}},{"type":"Feature","geometry":{"type":"Point","coordinates":[133.17532254882,34.278759375918]},"properties":{"common_id":"E3835600143202","name":"町道立石・大江線中腹（北立石-西浦：四分団側）","address_pref":"愛媛県越智郡上島町生名","address_city":null,"address_detail":null,"contact":"0897-76-3000","flood":null,"landslide":null,"storm_surge":null,"earthquake":"1","tsunami":"1","large_fire":null,"inland_flood":null,"volcano":null,"shelter_overlap":null,"capacity":"630","capacity_basis":null,"notes":null,"changed":null,"new":null,"address":"愛媛県越智郡上島町生名","gsi_common_id":"E3835600143202","coordinate_join_method":"matched_by_id"}},{"type":"Feature","geometry":{"type":"Point","coordinates":[133.17589654154,34.271555999756]},"properties":{"common_id":"E3835600125201","name":"恵生公営住宅Ｂ団地駐車場","address_pref":"愛媛県越智郡上島町生名","address_city":null,"address_detail":null,"contact":"0897-76-3000","flood":null,"landslide":null,"storm_surge":null,"earthquake":"1","tsunami":"1","large_fire":null,"inland_flood":null,"volcano":null,"shelter_overlap":null,"capacity":"1660","capacity_basis":null,"notes":null,"changed":null,"new":null,"address":"愛媛県越智郡上島町生名","gsi_common_id":"E3835600125201","coordinate_join_method":"matched_by_id"}},{"type":"Feature","geometry":{"type":"Point","coordinates":[133.17472709842,34.274552679213]},"properties":{"common_id":"E3835600139201","name":"泉農道中腹（丸山－西浦：六分団側）","address_pref":"愛媛県越智郡上島町生名","address_city":null,"address_detail":null,"contact":"0897-76-3000","flood":null,"landslide":null,"storm_surge":null,"earthquake":"1","tsunami":"1","large_fire":null,"inland_flood":null,"volcano":null,"shelter_overlap":null,"capacity":"748","capacity_basis":null,"notes":null,"changed":null,"new":null,"address":"愛媛県越智郡上島町生名","gsi_common_id":"E3835600139201","coordinate_join_method":"matched_by_id"}},{"type":"Feature","geometry":{"type":"Point","coordinates":[133.17616476246,34.275581100797]},"properties":{"common_id":"E3835600137201","name":"町道立石・後新開線中腹（西浦峠：六分団側）","address_pref":"愛媛県越智郡上島町生名","address_city":null,"address_detail":null,"contact":"0897-76-3000","flood":null,"landslide":null,"storm_surge":null,"earthquake":"1","tsunami":"1","large_fire":null,"inland_flood":null,"volcano":null,"shelter_overlap":null,"capacity":"640","capacity_basis":null,"notes":null,"changed":null,"new":null,"address":"愛媛県越智郡上島町生名","gsi_common_id":"E3835600137201","coordinate_join_method":"matched_by_id"}},{"type":"Feature","geometry":{"type":"Point","coordinates":[133.17245258518,34.277660069806]},"properties":{"common_id":"E3835600143201","name":"町道立石・大江線中腹（北立石－西浦：六分団側）","address_pref":"愛媛県越智郡上島町生名","address_city":null,"address_detail":null,"contact":"0897-76-3000","flood":null,"landslide":null,"storm_surge":null,"earthquake":"1","tsunami":"1","large_fire":null,"inland_flood":null,"volcano":null,"shelter_overlap":null,"capacity":"390","capacity_basis":null,"notes":null,"changed":null,"new":null,"address":"愛媛県越智郡上島町生名","gsi_common_id":"E3835600143201","coordinate_join_method":"matched_by_id"}},{"type":"Feature","geometry":{"type":"Point","coordinates":[133.272911,34.192206]},"properties":{"common_id":"E3835600107201","name":"高井神集会所","address_pref":"愛媛県越智郡上島町魚島2番耕地130","address_city":null,"address_detail":null,"contact":"0897-78－0245","flood":null,"landslide":"1","storm_surge":"1","earthquake":null,"tsunami":"1","large_fire":null,"inland_flood":null,"volcano":null,"shelter_overlap":null,"capacity":"30","capacity_basis":null,"notes":null,"changed":null,"new":null,"address":"愛媛県越智郡上島町魚島2番耕地130","gsi_common_id":"E3835600107201","coordinate_join_method":"matched_by_id"}},{"type":"Feature","geometry":{"type":"Point","coordinates":[133.27225800613,34.191960617647]},"properties":{"common_id":"E3835600108201","name":"高井神小・中学校グランド","address_pref":"愛媛県越智郡上島町魚島2番耕地151","address_city":null,"address_detail":null,"contact":"0897-78－0460","flood":null,"landslide":null,"storm_surge":null,"earthquake":"1","tsunami":"1","large_fire":null,"inland_flood":null,"volcano":null,"shelter_overlap":null,"capacity":"20","capacity_basis":null,"notes":null,"changed":null,"new":null,"address":"愛媛県越智郡上島町魚島2番耕地151","gsi_common_id":"E3835600108201","coordinate_join_method":"matched_by_id"}},{"type":"Feature","geometry":{"type":"Point","coordinates":[133.31995136556,34.177187162418]},"properties":{"common_id":"E3835600106201","name":"魚島小・中学校グランド","address_pref":"愛媛県越智郡上島町魚島１番耕地828","address_city":null,"address_detail":null,"contact":"0897-78－0305","flood":null,"landslide":null,"storm_surge":null,"earthquake":"1","tsunami":"1","large_fire":null,"inland_flood":null,"volcano":null,"shelter_overlap":null,"capacity":"100","capacity_basis":null,"notes":null,"changed":null,"new":null,"address":"愛媛県越智郡上島町魚島１番耕地828","gsi_common_id":"E3835600106201","coordinate_join_method":"matched_by_id"}},{"type":"Feature","geometry":{"type":"Point","coordinates":[133.32362599188,34.177733035408]},"properties":{"common_id":"E3835600104201","name":"春日住宅","address_pref":"愛媛県越智郡上島町魚島１番耕地234番地","address_city":null,"address_detail":null,"contact":"0897-78-0011","flood":null,"landslide":null,"storm_surge":null,"earthquake":"1","tsunami":"1","large_fire":null,"inland_flood":null,"volcano":null,"shelter_overlap":null,"capacity":"52","capacity_basis":null,"notes":null,"changed":null,"new":null,"address":"愛媛県越智郡上島町魚島１番耕地234番地","gsi_common_id":"E3835600104201","coordinate_join_method":"matched_by_id"}},{"type":"Feature","geometry":{"type":"Point","coordinates":[133.31937737283,34.179335130051]},"properties":{"common_id":"E3835600102201","name":"魚島保健福祉センター","address_pref":"愛媛県越智郡上島町魚島１番耕地1367－２","address_city":null,"address_detail":null,"contact":"0897-74－1120","flood":null,"landslide":"1","storm_surge":null,"earthquake":"1","tsunami":null,"large_fire":null,"inland_flood":null,"volcano":null,"shelter_overlap":null,"capacity":"70","capacity_basis":null,"notes":null,"changed":null,"new":null,"address":"愛媛県越智郡上島町魚島１番耕地1367－２","gsi_common_id":"E3835600102201","coordinate_join_method":"matched_by_id"}},{"type":"Feature","geometry":{"type":"Point","coordinates":[133.32020168,34.1789528482]},"properties":{"common_id":"E3835600101201","name":"緊急避難用地","address_pref":"愛媛県越智郡上島町魚島１番耕地1366","address_city":null,"address_detail":null,"contact":"0897-78-0011","flood":null,"landslide":null,"storm_surge":null,"earthquake":"1","tsunami":null,"large_fire":null,"inland_flood":null,"volcano":null,"shelter_overlap":null,"capacity":"100","capacity_basis":null,"notes":null,"changed":null,"new":null,"address":"愛媛県越智郡上島町魚島１番耕地1366","gsi_common_id":"E3835600101201","coordinate_join_method":"matched_by_id"}},{"type":"Feature","geometry":{"type":"Point","coordinates":[133.32178331431,34.178201240727]},"properties":{"common_id":"E3835600099201","name":"魚島開発総合センター（３階～５階）","address_pref":"愛媛県越智郡上島町魚島１番耕地1362－１","address_city":null,"address_detail":null,"contact":"0897-78-0011","flood":null,"landslide":"1","storm_surge":"1","earthquake":"1","tsunami":"1","large_fire":null,"inland_flood":null,"volcano":null,"shelter_overlap":"1","capacity":"150","capacity_basis":null,"notes":null,"changed":null,"new":null,"address":"愛媛県越智郡上島町魚島１番耕地1362－１","gsi_common_id":"E3835600099201","coordinate_join_method":"matched_by_id"}},{"type":"Feature","geometry":{"type":"Point","coordinates":[133.32053072269,34.177369120473]},"properties":{"common_id":"E3835600097201","name":"大木地区町道井戸前","address_pref":"愛媛県越智郡上島町魚島１番耕地1151番地8地先","address_city":null,"address_detail":null,"contact":"0897-78-0011","flood":null,"landslide":null,"storm_surge":null,"earthquake":"1","tsunami":"1","large_fire":null,"inland_flood":null,"volcano":null,"shelter_overlap":null,"capacity":"8","capacity_basis":null,"notes":null,"changed":null,"new":null,"address":"愛媛県越智郡上島町魚島１番耕地1151番地8地先","gsi_common_id":"E3835600097201","coordinate_join_method":"matched_by_id"}},{"type":"Feature","geometry":{"type":"Point","coordinates":[133.32070774849,34.178021503447]},"properties":{"common_id":"E3835600096201","name":"道福寺境内","address_pref":"愛媛県越智郡上島町魚島１番耕地100","address_city":null,"address_detail":null,"contact":"0897-78－0306（宗）道福寺","flood":null,"landslide":null,"storm_surge":null,"earthquake":null,"tsunami":"1","large_fire":null,"inland_flood":null,"volcano":null,"shelter_overlap":null,"capacity":"50","capacity_basis":null,"notes":null,"changed":null,"new":null,"address":"愛媛県越智郡上島町魚島１番耕地100","gsi_common_id":"E3835600096201","coordinate_join_method":"matched_by_id"}},{"type":"Feature","geometry":{"type":"Point","coordinates":[133.31973142443,34.17833659818]},"properties":{"common_id":"E3835600095201","name":"亀居八幡神社境内","address_pref":"愛媛県越智郡上島町魚島１番耕地１","address_city":null,"address_detail":null,"contact":"0897-78－0213（宗）亀居八幡神社","flood":null,"landslide":null,"storm_surge":null,"earthquake":"1","tsunami":"1","large_fire":null,"inland_flood":null,"volcano":null,"shelter_overlap":null,"capacity":"150","capacity_basis":null,"notes":null,"changed":null,"new":null,"address":"愛媛県越智郡上島町魚島１番耕地１","gsi_common_id":"E3835600095201","coordinate_join_method":"matched_by_id"}},{"type":"Feature","geometry":{"type":"Point","coordinates":[133.32088599,34.1764813513]},"properties":{"common_id":"E3835600094201","name":"大木地区集会所","address_pref":"愛媛県越智郡上島町魚島１番耕地","address_city":null,"address_detail":null,"contact":"0897-78-0011","flood":null,"landslide":"1","storm_surge":null,"earthquake":null,"tsunami":null,"large_fire":null,"inland_flood":null,"volcano":null,"shelter_overlap":null,"capacity":"8","capacity_basis":null,"notes":null,"changed":null,"new":null,"address":"愛媛県越智郡上島町魚島１番耕地","gsi_common_id":"E3835600094201","coordinate_join_method":"matched_by_id"}},{"type":"Feature","geometry":{"type":"Point","coordinates":[133.20281936838,34.265692513331]},"properties":{"common_id":"E3835600043201","name":"ほうじ山","address_pref":"愛媛県越智郡上島町弓削引野859","address_city":null,"address_detail":null,"contact":"0897-77-2500","flood":null,"landslide":null,"storm_surge":null,"earthquake":"1","tsunami":"1","large_fire":null,"inland_flood":null,"volcano":null,"shelter_overlap":null,"capacity":"264","capacity_basis":null,"notes":null,"changed":null,"new":null,"address":"愛媛県越智郡上島町弓削引野859","gsi_common_id":"E3835600043201","coordinate_join_method":"matched_by_id"}},{"type":"Feature","geometry":{"type":"Point","coordinates":[133.20080214382,34.261604259725]},"properties":{"common_id":"E3835600093201","name":"弓削浄化センター","address_pref":"愛媛県越智郡上島町弓削明神333","address_city":null,"address_detail":null,"contact":"0897-74－0881","flood":null,"landslide":null,"storm_surge":null,"earthquake":"1","tsunami":"1","large_fire":null,"inland_flood":null,"volcano":null,"shelter_overlap":null,"capacity":"1000","capacity_basis":null,"notes":null,"changed":null,"new":null,"address":"愛媛県越智郡上島町弓削明神333","gsi_common_id":"E3835600093201","coordinate_join_method":"matched_by_id"}},{"type":"Feature","geometry":{"type":"Point","coordinates":[133.20112837268,34.262428028955]},"properties":{"common_id":"E3835600092201","name":"弓削高等学校グランド","address_pref":"愛媛県越智郡上島町弓削明神305","address_city":null,"address_detail":null,"contact":"愛媛県\n0897-77-2021","flood":null,"landslide":null,"storm_surge":null,"earthquake":"1","tsunami":"1","large_fire":null,"inland_flood":null,"volcano":null,"shelter_overlap":null,"capacity":"26500","capacity_basis":null,"notes":null,"changed":null,"new":null,"address":"愛媛県越智郡上島町弓削明神305","gsi_common_id":"E3835600092201","coordinate_join_method":"matched_by_id"}},{"type":"Feature","geometry":{"type":"Point","coordinates":[133.20215997783,34.263406820644]},"properties":{"common_id":"E3835600091201","name":"自性寺境外地（慶雲庵跡）","address_pref":"愛媛県越智郡上島町弓削明神227","address_city":null,"address_detail":null,"contact":"0897-77-2500","flood":null,"landslide":null,"storm_surge":null,"earthquake":"1","tsunami":"1","large_fire":null,"inland_flood":null,"volcano":null,"shelter_overlap":null,"capacity":"364","capacity_basis":null,"notes":null,"changed":null,"new":null,"address":"愛媛県越智郡上島町弓削明神227","gsi_common_id":"E3835600091201","coordinate_join_method":"matched_by_id"}},{"type":"Feature","geometry":{"type":"Point","coordinates":[133.21012163872,34.250337480105]},"properties":{"common_id":"E3835600088201","name":"中崎公園","address_pref":"愛媛県越智郡上島町弓削日比366","address_city":null,"address_detail":null,"contact":"0897-77-2500","flood":null,"landslide":null,"storm_surge":null,"earthquake":"1","tsunami":"1","large_fire":null,"inland_flood":null,"volcano":null,"shelter_overlap":null,"capacity":"24382","capacity_basis":null,"notes":null,"changed":null,"new":null,"address":"愛媛県越智郡上島町弓削日比366","gsi_common_id":"E3835600088201","coordinate_join_method":"matched_by_id"}},{"type":"Feature","geometry":{"type":"Point","coordinates":[133.2046797451,34.251277666275]},"properties":{"common_id":"E3835600087201","name":"深坂池親水公園","address_pref":"愛媛県越智郡上島町弓削日比２－4","address_city":null,"address_detail":null,"contact":"0897-77-2500","flood":null,"landslide":null,"storm_surge":null,"earthquake":"1","tsunami":"1","large_fire":null,"inland_flood":null,"volcano":null,"shelter_overlap":null,"capacity":"1000","capacity_basis":null,"notes":null,"changed":null,"new":null,"address":"愛媛県越智郡上島町弓削日比２－4","gsi_common_id":"E3835600087201","coordinate_join_method":"matched_by_id"}},{"type":"Feature","geometry":{"type":"Point","coordinates":[133.20711939817,34.258684983233]},"properties":{"common_id":"E3835600086201","name":"自性寺駐車場","address_pref":"愛媛県越智郡上島町弓削藤谷832－1","address_city":null,"address_detail":null,"contact":"（宗）自性寺\n0897-77－2103","flood":null,"landslide":null,"storm_surge":null,"earthquake":"1","tsunami":"1","large_fire":null,"inland_flood":null,"volcano":null,"shelter_overlap":null,"capacity":"800","capacity_basis":null,"notes":null,"changed":null,"new":null,"address":"愛媛県越智郡上島町弓削藤谷832－1","gsi_common_id":"E3835600086201","coordinate_join_method":"matched_by_id"}},{"type":"Feature","geometry":{"type":"Point","coordinates":[133.206320637,34.2596927075]},"properties":{"common_id":"E3835600085201","name":"石山バイパス","address_pref":"愛媛県越智郡上島町弓削藤谷812付近","address_city":null,"address_detail":null,"contact":"0897-77-2500","flood":null,"landslide":null,"storm_surge":null,"earthquake":"1","tsunami":"1","large_fire":null,"inland_flood":null,"volcano":null,"shelter_overlap":null,"capacity":"1000","capacity_basis":null,"notes":null,"changed":null,"new":null,"address":"愛媛県越智郡上島町弓削藤谷812付近","gsi_common_id":"E3835600085201","coordinate_join_method":"matched_by_id"}},{"type":"Feature","geometry":{"type":"Point","coordinates":[133.2026141573,34.252359535761]},"properties":{"common_id":"E3835600084201","name":"弓削大橋記念公園","address_pref":"愛媛県越智郡上島町弓削土生28－1ほか","address_city":null,"address_detail":null,"contact":"0897-77-2500","flood":null,"landslide":null,"storm_surge":null,"earthquake":"1","tsunami":"1","large_fire":null,"inland_flood":null,"volcano":null,"shelter_overlap":null,"capacity":"1000","capacity_basis":null,"notes":null,"changed":null,"new":null,"address":"愛媛県越智郡上島町弓削土生28－1ほか","gsi_common_id":"E3835600084201","coordinate_join_method":"matched_by_id"}},{"type":"Feature","geometry":{"type":"Point","coordinates":[133.20451045744,34.25021775783]},"properties":{"common_id":"E3835600083201","name":"定光寺境内","address_pref":"愛媛県越智郡上島町弓削土生241","address_city":null,"address_detail":null,"contact":"（宗）定光寺\n0897-77－3507","flood":null,"landslide":null,"storm_surge":null,"earthquake":"1","tsunami":"1","large_fire":null,"inland_flood":null,"volcano":null,"shelter_overlap":null,"capacity":"160","capacity_basis":null,"notes":null,"changed":null,"new":null,"address":"愛媛県越智郡上島町弓削土生241","gsi_common_id":"E3835600083201","coordinate_join_method":"matched_by_id"}},{"type":"Feature","geometry":{"type":"Point","coordinates":[133.2034138504,34.250923026156]},"properties":{"common_id":"E3835600082201","name":"土生集会所","address_pref":"愛媛県越智郡上島町弓削土生160－1","address_city":null,"address_detail":null,"contact":"0897-77-2500","flood":null,"landslide":"1","storm_surge":"1","earthquake":null,"tsunami":null,"large_fire":null,"inland_flood":null,"volcano":null,"shelter_overlap":null,"capacity":"100","capacity_basis":null,"notes":null,"changed":null,"new":null,"address":"愛媛県越智郡上島町弓削土生160－1","gsi_common_id":"E3835600082201","coordinate_join_method":"matched_by_id"}},{"type":"Feature","geometry":{"type":"Point","coordinates":[133.21495066317,34.282743507466]},"properties":{"common_id":"E3835600081201","name":"浜の上","address_pref":"愛媛県越智郡上島町弓削沢津458","address_city":null,"address_detail":null,"contact":"0897-77-2500","flood":null,"landslide":null,"storm_surge":null,"earthquake":"1","tsunami":"1","large_fire":null,"inland_flood":null,"volcano":null,"shelter_overlap":null,"capacity":"182","capacity_basis":null,"notes":null,"changed":null,"new":null,"address":"愛媛県越智郡上島町弓削沢津458","gsi_common_id":"E3835600081201","coordinate_join_method":"matched_by_id"}},{"type":"Feature","geometry":{"type":"Point","coordinates":[133.21555128515,34.283831766558]},"properties":{"common_id":"E3835600080201","name":"沢津集会所","address_pref":"愛媛県越智郡上島町弓削沢津45","address_city":null,"address_detail":null,"contact":"0897-77-2500","flood":null,"landslide":null,"storm_surge":"1","earthquake":null,"tsunami":null,"large_fire":null,"inland_flood":null,"volcano":null,"shelter_overlap":null,"capacity":"162","capacity_basis":null,"notes":null,"changed":null,"new":null,"address":"愛媛県越智郡上島町弓削沢津45","gsi_common_id":"E3835600080201","coordinate_join_method":"matched_by_id"}},{"type":"Feature","geometry":{"type":"Point","coordinates":[133.217356939,34.2831139421]},"properties":{"common_id":"E3835600079201","name":"長尾寺境内","address_pref":"愛媛県越智郡上島町弓削沢津193","address_city":null,"address_detail":null,"contact":"0897-77-2500","flood":null,"landslide":null,"storm_surge":null,"earthquake":"1","tsunami":"1","large_fire":null,"inland_flood":null,"volcano":null,"shelter_overlap":null,"capacity":"160","capacity_basis":null,"notes":null,"changed":null,"new":null,"address":"愛媛県越智郡上島町弓削沢津193","gsi_common_id":"E3835600079201","coordinate_join_method":"matched_by_id"}},{"type":"Feature","geometry":{"type":"Point","coordinates":[133.23155606442,34.276896674358]},"properties":{"common_id":"E3835600078201","name":"大谷集会所","address_pref":"愛媛県越智郡上島町弓削大谷22","address_city":null,"address_detail":null,"contact":"0897-77-2500","flood":null,"landslide":null,"storm_surge":"1","earthquake":"1","tsunami":"1","large_fire":null,"inland_flood":null,"volcano":null,"shelter_overlap":null,"capacity":"98","capacity_basis":null,"notes":null,"changed":null,"new":null,"address":"愛媛県越智郡上島町弓削大谷22","gsi_common_id":"E3835600078201","coordinate_join_method":"matched_by_id"}},{"type":"Feature","geometry":{"type":"Point","coordinates":[133.20384086322,34.253993364761]},"properties":{"common_id":"E3835600077201","name":"太田集会所","address_pref":"愛媛県越智郡上島町弓削太田137","address_city":null,"address_detail":null,"contact":"0897-77-2500","flood":null,"landslide":null,"storm_surge":"1","earthquake":null,"tsunami":"1","large_fire":null,"inland_flood":null,"volcano":null,"shelter_overlap":null,"capacity":"92","capacity_basis":null,"notes":null,"changed":null,"new":null,"address":"愛媛県越智郡上島町弓削太田137","gsi_common_id":"E3835600077201","coordinate_join_method":"matched_by_id"}},{"type":"Feature","geometry":{"type":"Point","coordinates":[133.212943812,34.27482528]},"properties":{"common_id":"E3835600076201","name":"願成寺境内","address_pref":"愛媛県越智郡上島町弓削上弓削502","address_city":null,"address_detail":null,"contact":"（宗）願成寺\n0897-77-2132","flood":null,"landslide":null,"storm_surge":null,"earthquake":"1","tsunami":"1","large_fire":null,"inland_flood":null,"volcano":null,"shelter_overlap":null,"capacity":"280","capacity_basis":null,"notes":null,"changed":null,"new":null,"address":"愛媛県越智郡上島町弓削上弓削502","gsi_common_id":"E3835600076201","coordinate_join_method":"matched_by_id"}},{"type":"Feature","geometry":{"type":"Point","coordinates":[133.21264851812,34.274012044134]},"properties":{"common_id":"E3835600075201","name":"新池フラワー公園","address_pref":"愛媛県越智郡上島町弓削上弓削498","address_city":null,"address_detail":null,"contact":"0897-77-2500","flood":null,"landslide":null,"storm_surge":null,"earthquake":"1","tsunami":"1","large_fire":null,"inland_flood":null,"volcano":null,"shelter_overlap":null,"capacity":"2400","capacity_basis":null,"notes":null,"changed":null,"new":null,"address":"愛媛県越智郡上島町弓削上弓削498","gsi_common_id":"E3835600075201","coordinate_join_method":"matched_by_id"}},{"type":"Feature","geometry":{"type":"Point","coordinates":[133.210867,34.2773]},"properties":{"common_id":"E3835600073201","name":"弓削老人福祉センター","address_pref":"愛媛県越智郡上島町弓削上弓削218－2","address_city":null,"address_detail":null,"contact":"0897-77-3690","flood":null,"landslide":"1","storm_surge":"1","earthquake":null,"tsunami":null,"large_fire":null,"inland_flood":null,"volcano":null,"shelter_overlap":"1","capacity":"1988","capacity_basis":null,"notes":null,"changed":null,"new":null,"address":"愛媛県越智郡上島町弓削上弓削218－2","gsi_common_id":"E3835600073201","coordinate_join_method":"matched_by_id"}},{"type":"Feature","geometry":{"type":"Point","coordinates":[133.20569039833,34.272204179871]},"properties":{"common_id":"E3835600071201","name":"今出集会所","address_pref":"愛媛県越智郡上島町弓削上弓削1859－4","address_city":null,"address_detail":null,"contact":"0897-77-2500","flood":null,"landslide":"1","storm_surge":"1","earthquake":"1","tsunami":"1","large_fire":null,"inland_flood":null,"volcano":null,"shelter_overlap":null,"capacity":"102","capacity_basis":null,"notes":null,"changed":null,"new":null,"address":"愛媛県越智郡上島町弓削上弓削1859－4","gsi_common_id":"E3835600071201","coordinate_join_method":"matched_by_id"}},{"type":"Feature","geometry":{"type":"Point","coordinates":[133.21237574252,34.277637173582]},"properties":{"common_id":"E3835600070201","name":"石拾い","address_pref":"愛媛県越智郡上島町弓削上弓削145－1","address_city":null,"address_detail":null,"contact":"0897-77-2500","flood":null,"landslide":null,"storm_surge":null,"earthquake":"1","tsunami":"1","large_fire":null,"inland_flood":null,"volcano":null,"shelter_overlap":null,"capacity":"240","capacity_basis":null,"notes":null,"changed":null,"new":null,"address":"愛媛県越智郡上島町弓削上弓削145－1","gsi_common_id":"E3835600070201","coordinate_join_method":"matched_by_id"}},{"type":"Feature","geometry":{"type":"Point","coordinates":[133.21936805298,34.267077213837]},"properties":{"common_id":"E3835600069201","name":"狩尾集会所","address_pref":"愛媛県越智郡上島町弓削狩尾249－1","address_city":null,"address_detail":null,"contact":"0897-77-2500","flood":null,"landslide":"1","storm_surge":"1","earthquake":"1","tsunami":"1","large_fire":null,"inland_flood":null,"volcano":null,"shelter_overlap":null,"capacity":"100","capacity_basis":null,"notes":null,"changed":null,"new":null,"address":"愛媛県越智郡上島町弓削狩尾249－1","gsi_common_id":"E3835600069201","coordinate_join_method":"matched_by_id"}},{"type":"Feature","geometry":{"type":"Point","coordinates":[133.18883293463,34.248999025967]},"properties":{"common_id":"E3835600068201","name":"シズネ池埋立て地","address_pref":"愛媛県越智郡上島町弓削佐島878－１","address_city":null,"address_detail":null,"contact":"0897-77-2500","flood":null,"landslide":null,"storm_surge":null,"earthquake":"1","tsunami":"1","large_fire":null,"inland_flood":null,"volcano":null,"shelter_overlap":null,"capacity":"1200","capacity_basis":null,"notes":null,"changed":null,"new":null,"address":"愛媛県越智郡上島町弓削佐島878－１","gsi_common_id":"E3835600068201","coordinate_join_method":"matched_by_id"}},{"type":"Feature","geometry":{"type":"Point","coordinates":[133.18572693659,34.251517628473]},"properties":{"common_id":"E3835600067201","name":"佐島八幡神社境内","address_pref":"愛媛県越智郡上島町弓削佐島638","address_city":null,"address_detail":null,"contact":"（宗）村社八幡神社\n0897-77-2500","flood":null,"landslide":null,"storm_surge":null,"earthquake":"1","tsunami":"1","large_fire":null,"inland_flood":null,"volcano":null,"shelter_overlap":null,"capacity":"1800","capacity_basis":null,"notes":null,"changed":null,"new":null,"address":"愛媛県越智郡上島町弓削佐島638","gsi_common_id":"E3835600067201","coordinate_join_method":"matched_by_id"}},{"type":"Feature","geometry":{"type":"Point","coordinates":[133.18858927242,34.252147996065]},"properties":{"common_id":"E3835600065201","name":"佐島体育館グランド","address_pref":"愛媛県越智郡上島町弓削佐島583","address_city":null,"address_detail":null,"contact":"0897-77-2500","flood":null,"landslide":null,"storm_surge":null,"earthquake":"1","tsunami":"1","large_fire":null,"inland_flood":null,"volcano":null,"shelter_overlap":null,"capacity":"9324","capacity_basis":null,"notes":null,"changed":null,"new":null,"address":"愛媛県越智郡上島町弓削佐島583","gsi_common_id":"E3835600065201","coordinate_join_method":"matched_by_id"}},{"type":"Feature","geometry":{"type":"Point","coordinates":[133.195099205,34.2550712992]},"properties":{"common_id":"E3835600064201","name":"弓削大橋佐島入口道路","address_pref":"愛媛県越智郡上島町弓削佐島40－2ほか","address_city":null,"address_detail":null,"contact":"0897-77-2500","flood":null,"landslide":null,"storm_surge":null,"earthquake":"1","tsunami":"1","large_fire":null,"inland_flood":null,"volcano":null,"shelter_overlap":null,"capacity":"600","capacity_basis":null,"notes":null,"changed":null,"new":null,"address":"愛媛県越智郡上島町弓削佐島40－2ほか","gsi_common_id":"E3835600064201","coordinate_join_method":"matched_by_id"}},{"type":"Feature","geometry":{"type":"Point","coordinates":[133.193019512,34.253519087]},"properties":{"common_id":"E3835600063201","name":"Ｓ道","address_pref":"愛媛県越智郡上島町弓削佐島392地先","address_city":null,"address_detail":null,"contact":"0897-77-2500","flood":null,"landslide":null,"storm_surge":null,"earthquake":"1","tsunami":"1","large_fire":null,"inland_flood":null,"volcano":null,"shelter_overlap":null,"capacity":"400","capacity_basis":null,"notes":null,"changed":null,"new":null,"address":"愛媛県越智郡上島町弓削佐島392地先","gsi_common_id":"E3835600063201","coordinate_join_method":"matched_by_id"}},{"type":"Feature","geometry":{"type":"Point","coordinates":[133.18826163456,34.253282034098]},"properties":{"common_id":"E3835600062201","name":"粟手中央集会所","address_pref":"愛媛県越智郡上島町弓削佐島2809","address_city":null,"address_detail":null,"contact":"0897-77-2500","flood":null,"landslide":"1","storm_surge":null,"earthquake":null,"tsunami":null,"large_fire":null,"inland_flood":null,"volcano":null,"shelter_overlap":null,"capacity":"264","capacity_basis":null,"notes":null,"changed":null,"new":null,"address":"愛媛県越智郡上島町弓削佐島2809","gsi_common_id":"E3835600062201","coordinate_join_method":"matched_by_id"}},{"type":"Feature","geometry":{"type":"Point","coordinates":[133.191912,34.246907222319]},"properties":{"common_id":"E3835600061201","name":"佐島浄化センター","address_pref":"愛媛県越智郡上島町弓削佐島2518","address_city":null,"address_detail":null,"contact":"0897-77-2500","flood":null,"landslide":null,"storm_surge":null,"earthquake":"1","tsunami":null,"large_fire":null,"inland_flood":null,"volcano":null,"shelter_overlap":null,"capacity":"1200","capacity_basis":null,"notes":null,"changed":null,"new":null,"address":"愛媛県越智郡上島町弓削佐島2518","gsi_common_id":"E3835600061201","coordinate_join_method":"matched_by_id"}},{"type":"Feature","geometry":{"type":"Point","coordinates":[133.19523237083,34.248002623371]},"properties":{"common_id":"E3835600060201","name":"江尻集会所","address_pref":"愛媛県越智郡上島町弓削佐島2477－１","address_city":null,"address_detail":null,"contact":"0897-77-2500","flood":null,"landslide":"1","storm_surge":null,"earthquake":null,"tsunami":null,"large_fire":null,"inland_flood":null,"volcano":null,"shelter_overlap":null,"capacity":"92","capacity_basis":null,"notes":null,"changed":null,"new":null,"address":"愛媛県越智郡上島町弓削佐島2477－１","gsi_common_id":"E3835600060201","coordinate_join_method":"matched_by_id"}},{"type":"Feature","geometry":{"type":"Point","coordinates":[133.19009626554,34.255108822268]},"properties":{"common_id":"E3835600059201","name":"粟手地区集会所","address_pref":"愛媛県越智郡上島町弓削佐島194","address_city":null,"address_detail":null,"contact":"0897-77-2500","flood":null,"landslide":"1","storm_surge":"1","earthquake":"1","tsunami":"1","large_fire":null,"inland_flood":null,"volcano":null,"shelter_overlap":null,"capacity":"120","capacity_basis":null,"notes":null,"changed":null,"new":null,"address":"愛媛県越智郡上島町弓削佐島194","gsi_common_id":"E3835600059201","coordinate_join_method":"matched_by_id"}},{"type":"Feature","geometry":{"type":"Point","coordinates":[133.22676828039,34.286996463933]},"properties":{"common_id":"E3835600058201","name":"東泉寺境内","address_pref":"愛媛県越智郡上島町弓削久司浦988","address_city":null,"address_detail":null,"contact":"（宗）東泉寺\n0897-77-2579","flood":null,"landslide":null,"storm_surge":null,"earthquake":"1","tsunami":"1","large_fire":null,"inland_flood":null,"volcano":null,"shelter_overlap":null,"capacity":"280","capacity_basis":null,"notes":null,"changed":null,"new":null,"address":"愛媛県越智郡上島町弓削久司浦988","gsi_common_id":"E3835600058201","coordinate_join_method":"matched_by_id"}},{"type":"Feature","geometry":{"type":"Point","coordinates":[133.22686643738,34.287868829225]},"properties":{"common_id":"E3835600057201","name":"鯨池公園","address_pref":"愛媛県越智郡上島町弓削久司浦832","address_city":null,"address_detail":null,"contact":"0897-77-2500","flood":null,"landslide":null,"storm_surge":null,"earthquake":"1","tsunami":"1","large_fire":null,"inland_flood":null,"volcano":null,"shelter_overlap":null,"capacity":"2800","capacity_basis":null,"notes":null,"changed":null,"new":null,"address":"愛媛県越智郡上島町弓削久司浦832","gsi_common_id":"E3835600057201","coordinate_join_method":"matched_by_id"}},{"type":"Feature","geometry":{"type":"Point","coordinates":[133.22474621062,34.288197731815]},"properties":{"common_id":"E3835600056201","name":"久司浦集会所","address_pref":"愛媛県越智郡上島町弓削久司浦758","address_city":null,"address_detail":null,"contact":"0897-77-2500","flood":null,"landslide":"1","storm_surge":"1","earthquake":null,"tsunami":null,"large_fire":null,"inland_flood":null,"volcano":null,"shelter_overlap":null,"capacity":"158","capacity_basis":null,"notes":null,"changed":null,"new":null,"address":"愛媛県越智郡上島町弓削久司浦758","gsi_common_id":"E3835600056201","coordinate_join_method":"matched_by_id"}},{"type":"Feature","geometry":{"type":"Point","coordinates":[133.22687563978,34.290085247068]},"properties":{"common_id":"E3835600054201","name":"寺岡宅上道路","address_pref":"愛媛県越智郡上島町弓削久司浦541地先","address_city":null,"address_detail":null,"contact":"0897-77-2500","flood":null,"landslide":null,"storm_surge":null,"earthquake":"1","tsunami":"1","large_fire":null,"inland_flood":null,"volcano":null,"shelter_overlap":null,"capacity":"40","capacity_basis":null,"notes":null,"changed":null,"new":null,"address":"愛媛県越智郡上島町弓削久司浦541地先","gsi_common_id":"E3835600054201","coordinate_join_method":"matched_by_id"}},{"type":"Feature","geometry":{"type":"Point","coordinates":[133.20275860119,34.24207830824]},"properties":{"common_id":"E3835600053201","name":"小川レミコン駐車場","address_pref":"愛媛県越智郡上島町弓削鎌田250－3","address_city":null,"address_detail":null,"contact":"（有）小川レミコン\n0897-77－3503","flood":null,"landslide":null,"storm_surge":null,"earthquake":"1","tsunami":"1","large_fire":null,"inland_flood":null,"volcano":null,"shelter_overlap":null,"capacity":"200","capacity_basis":null,"notes":null,"changed":null,"new":null,"address":"愛媛県越智郡上島町弓削鎌田250－3","gsi_common_id":"E3835600053201","coordinate_join_method":"matched_by_id"}},{"type":"Feature","geometry":{"type":"Point","coordinates":[133.20769639731,34.25509424462]},"properties":{"common_id":"E3835600052201","name":"中都・浜都集会所","address_pref":"愛媛県越智郡上島町弓削下弓削707","address_city":null,"address_detail":null,"contact":"0897-77-2500","flood":null,"landslide":"1","storm_surge":"1","earthquake":"1","tsunami":null,"large_fire":null,"inland_flood":null,"volcano":null,"shelter_overlap":null,"capacity":"240","capacity_basis":null,"notes":null,"changed":null,"new":null,"address":"愛媛県越智郡上島町弓削下弓削707","gsi_common_id":"E3835600052201","coordinate_join_method":"matched_by_id"}},{"type":"Feature","geometry":{"type":"Point","coordinates":[133.20642692002,34.256032402181]},"properties":{"common_id":"E3835600051201","name":"山王山前神寺","address_pref":"愛媛県越智郡上島町弓削下弓削600","address_city":null,"address_detail":null,"contact":"（宗）弓削神社\n0897-77-2500","flood":null,"landslide":null,"storm_surge":null,"earthquake":"1","tsunami":"1","large_fire":null,"inland_flood":null,"volcano":null,"shelter_overlap":null,"capacity":"300","capacity_basis":null,"notes":null,"changed":null,"new":null,"address":"愛媛県越智郡上島町弓削下弓削600","gsi_common_id":"E3835600051201","coordinate_join_method":"matched_by_id"}},{"type":"Feature","geometry":{"type":"Point","coordinates":[133.20055601684,34.260666893795]},"properties":{"common_id":"E3835600050201","name":"堤集会所","address_pref":"愛媛県越智郡上島町弓削下弓削６","address_city":null,"address_detail":null,"contact":"0897-77-2500","flood":null,"landslide":"1","storm_surge":"1","earthquake":"1","tsunami":"1","large_fire":null,"inland_flood":null,"volcano":null,"shelter_overlap":null,"capacity":"118","capacity_basis":null,"notes":null,"changed":null,"new":null,"address":"愛媛県越智郡上島町弓削下弓削６","gsi_common_id":"E3835600050201","coordinate_join_method":"matched_by_id"}},{"type":"Feature","geometry":{"type":"Point","coordinates":[133.20616453173,34.257563245794]},"properties":{"common_id":"E3835600049201","name":"下弓削地区中央集会所","address_pref":"愛媛県越智郡上島町弓削下弓削543","address_city":null,"address_detail":null,"contact":"0897-77-2500","flood":null,"landslide":"1","storm_surge":"1","earthquake":null,"tsunami":null,"large_fire":null,"inland_flood":null,"volcano":null,"shelter_overlap":null,"capacity":"346","capacity_basis":null,"notes":null,"changed":null,"new":null,"address":"愛媛県越智郡上島町弓削下弓削543","gsi_common_id":"E3835600049201","coordinate_join_method":"matched_by_id"}},{"type":"Feature","geometry":{"type":"Point","coordinates":[133.2071458958,34.257933481106]},"properties":{"common_id":"E3835600048201","name":"潮音寺境内","address_pref":"愛媛県越智郡上島町弓削下弓削400","address_city":null,"address_detail":null,"contact":"（宗）潮音寺\n0897-77－3383","flood":null,"landslide":null,"storm_surge":null,"earthquake":"1","tsunami":"1","large_fire":null,"inland_flood":null,"volcano":null,"shelter_overlap":null,"capacity":"300","capacity_basis":null,"notes":null,"changed":null,"new":null,"address":"愛媛県越智郡上島町弓削下弓削400","gsi_common_id":"E3835600048201","coordinate_join_method":"matched_by_id"}},{"type":"Feature","geometry":{"type":"Point","coordinates":[133.20257676554,34.267668283943]},"properties":{"common_id":"E3835600044201","name":"引野公営住宅集会所","address_pref":"愛媛県越智郡上島町弓削引野898－23","address_city":null,"address_detail":null,"contact":"0897-77-2500","flood":null,"landslide":"1","storm_surge":"1","earthquake":"1","tsunami":"1","large_fire":null,"inland_flood":null,"volcano":null,"shelter_overlap":null,"capacity":"136","capacity_basis":null,"notes":null,"changed":null,"new":null,"address":"愛媛県越智郡上島町弓削引野898－23","gsi_common_id":"E3835600044201","coordinate_join_method":"matched_by_id"}},{"type":"Feature","geometry":{"type":"Point","coordinates":[133.20094182208,34.267758427143]},"properties":{"common_id":"E3835600041201","name":"弓削小学校駐車場","address_pref":"愛媛県越智郡上島町弓削引野1228－１","address_city":null,"address_detail":null,"contact":"0897-77-2209","flood":null,"landslide":null,"storm_surge":null,"earthquake":"1","tsunami":"1","large_fire":null,"inland_flood":null,"volcano":null,"shelter_overlap":null,"capacity":"2800","capacity_basis":null,"notes":null,"changed":null,"new":null,"address":"愛媛県越智郡上島町弓削引野1228－１","gsi_common_id":"E3835600041201","coordinate_join_method":"matched_by_id"}},{"type":"Feature","geometry":{"type":"Point","coordinates":[133.20456226816,34.268232499969]},"properties":{"common_id":"E3835600042201","name":"著神社境内","address_pref":"愛媛県越智郡上島町弓削引野443","address_city":null,"address_detail":null,"contact":"0897-77-2500","flood":null,"landslide":null,"storm_surge":null,"earthquake":"1","tsunami":"1","large_fire":null,"inland_flood":null,"volcano":null,"shelter_overlap":null,"capacity":"100","capacity_basis":null,"notes":null,"changed":null,"new":null,"address":"愛媛県越智郡上島町弓削引野443","gsi_common_id":"E3835600042201","coordinate_join_method":"matched_by_id"}},{"type":"Feature","geometry":{"type":"Point","coordinates":[133.15030550432,34.247027470141]},"properties":{"common_id":"E3835600024201","name":"浄光寺境内","address_pref":"愛媛県越智郡上島町岩城855","address_city":null,"address_detail":null,"contact":"（宗）浄光寺\n0897-75-2500","flood":null,"landslide":null,"storm_surge":null,"earthquake":"1","tsunami":"1","large_fire":null,"inland_flood":null,"volcano":null,"shelter_overlap":null,"capacity":"770","capacity_basis":null,"notes":null,"changed":null,"new":null,"address":"愛媛県越智郡上島町岩城855","gsi_common_id":"E3835600024201","coordinate_join_method":"matched_by_id"}},{"type":"Feature","geometry":{"type":"Point","coordinates":[133.15044497637,34.245652847655]},"properties":{"common_id":"E3835600023201","name":"岩城八幡神社境内","address_pref":"愛媛県越智郡上島町岩城834－１","address_city":null,"address_detail":null,"contact":"（宗）岩城八幡神社\n0897-75-2500","flood":null,"landslide":null,"storm_surge":null,"earthquake":"1","tsunami":"1","large_fire":null,"inland_flood":null,"volcano":null,"shelter_overlap":null,"capacity":"520","capacity_basis":null,"notes":null,"changed":null,"new":null,"address":"愛媛県越智郡上島町岩城834－１","gsi_common_id":"E3835600023201","coordinate_join_method":"matched_by_id"}},{"type":"Feature","geometry":{"type":"Point","coordinates":[133.14561700013,34.274334104949]},"properties":{"common_id":"E3835600016201","name":"小村駐車場","address_pref":"愛媛県越智郡上島町岩城749－１","address_city":null,"address_detail":null,"contact":"0897-75-2500","flood":null,"landslide":null,"storm_surge":null,"earthquake":"1","tsunami":"1","large_fire":null,"inland_flood":null,"volcano":null,"shelter_overlap":null,"capacity":"350","capacity_basis":null,"notes":null,"changed":null,"new":null,"address":"愛媛県越智郡上島町岩城749－１","gsi_common_id":"E3835600016201","coordinate_join_method":"matched_by_id"}},{"type":"Feature","geometry":{"type":"Point","coordinates":[133.16166733889,34.259826219979]},"properties":{"common_id":"E3835600021201","name":"高齢者活動促進施設（船越集会所）","address_pref":"愛媛県越智郡上島町岩城6114","address_city":null,"address_detail":null,"contact":"0897-75-2500","flood":null,"landslide":null,"storm_surge":"1","earthquake":"1","tsunami":"1","large_fire":null,"inland_flood":null,"volcano":null,"shelter_overlap":null,"capacity":"146","capacity_basis":null,"notes":null,"changed":null,"new":null,"address":"愛媛県越智郡上島町岩城6114","gsi_common_id":"E3835600021201","coordinate_join_method":"matched_by_id"}},{"type":"Feature","geometry":{"type":"Point","coordinates":[133.16136961365,34.266035324775]},"properties":{"common_id":"E3835600020201","name":"岩城総合運動場","address_pref":"愛媛県越智郡上島町岩城5585","address_city":null,"address_detail":null,"contact":"0897-75-2500","flood":null,"landslide":null,"storm_surge":null,"earthquake":"1","tsunami":null,"large_fire":null,"inland_flood":null,"volcano":null,"shelter_overlap":null,"capacity":"41510","capacity_basis":null,"notes":null,"changed":null,"new":null,"address":"愛媛県越智郡上島町岩城5585","gsi_common_id":"E3835600020201","coordinate_join_method":"matched_by_id"}},{"type":"Feature","geometry":{"type":"Point","coordinates":[133.15386479283,34.270958391215]},"properties":{"common_id":"E3835600019201","name":"長江集会所","address_pref":"愛媛県越智郡上島町岩城5329","address_city":null,"address_detail":null,"contact":"0897-75-2500","flood":null,"landslide":null,"storm_surge":"1","earthquake":null,"tsunami":"1","large_fire":null,"inland_flood":null,"volcano":null,"shelter_overlap":null,"capacity":"274","capacity_basis":null,"notes":null,"changed":null,"new":null,"address":"愛媛県越智郡上島町岩城5329","gsi_common_id":"E3835600019201","coordinate_join_method":"matched_by_id"}},{"type":"Feature","geometry":{"type":"Point","coordinates":[133.13545142798,34.265281655673]},"properties":{"common_id":"E3835600015201","name":"農林漁家・婦人活動促進施設（赤石集会所）","address_pref":"愛媛県越智郡上島町岩城3817－１","address_city":null,"address_detail":null,"contact":"0897-75-2500","flood":null,"landslide":"1","storm_surge":"1","earthquake":"1","tsunami":null,"large_fire":null,"inland_flood":null,"volcano":null,"shelter_overlap":null,"capacity":"118","capacity_basis":null,"notes":null,"changed":null,"new":null,"address":"愛媛県越智郡上島町岩城3817－１","gsi_common_id":"E3835600015201","coordinate_join_method":"matched_by_id"}},{"type":"Feature","geometry":{"type":"Point","coordinates":[133.15516566423,34.249550596758]},"properties":{"common_id":"E3835600014201","name":"円満寺境内","address_pref":"愛媛県越智郡上島町岩城375","address_city":null,"address_detail":null,"contact":"（宗）円満寺\n0897-75-2500","flood":null,"landslide":null,"storm_surge":null,"earthquake":"1","tsunami":"1","large_fire":null,"inland_flood":null,"volcano":null,"shelter_overlap":null,"capacity":"410","capacity_basis":null,"notes":null,"changed":null,"new":null,"address":"愛媛県越智郡上島町岩城375","gsi_common_id":"E3835600014201","coordinate_join_method":"matched_by_id"}},{"type":"Feature","geometry":{"type":"Point","coordinates":[133.13469240578,34.263326357326]},"properties":{"common_id":"E3835600013201","name":"愛媛県産地育成室岩城駐在所広場（旧県立果樹試験場広場）","address_pref":"愛媛県越智郡上島町岩城3570","address_city":null,"address_detail":null,"contact":"愛媛県\n0897-75-2500","flood":null,"landslide":null,"storm_surge":null,"earthquake":"1","tsunami":"1","large_fire":null,"inland_flood":null,"volcano":null,"shelter_overlap":null,"capacity":"4464","capacity_basis":null,"notes":null,"changed":null,"new":null,"address":"愛媛県越智郡上島町岩城3570","gsi_common_id":"E3835600013201","coordinate_join_method":"matched_by_id"}},{"type":"Feature","geometry":{"type":"Point","coordinates":[133.133570968,34.2536540058]},"properties":{"common_id":"E3835600012201","name":"西部八幡神社広場","address_pref":"愛媛県越智郡上島町岩城3295","address_city":null,"address_detail":null,"contact":"西部宮総代\n0897-75-2500","flood":null,"landslide":null,"storm_surge":null,"earthquake":"1","tsunami":"1","large_fire":null,"inland_flood":null,"volcano":null,"shelter_overlap":null,"capacity":"480","capacity_basis":null,"notes":null,"changed":null,"new":null,"address":"愛媛県越智郡上島町岩城3295","gsi_common_id":"E3835600012201","coordinate_join_method":"matched_by_id"}},{"type":"Feature","geometry":{"type":"Point","coordinates":[133.13661818888,34.250796596788]},"properties":{"common_id":"E3835600011201","name":"祥雲寺境内（西部）","address_pref":"愛媛県越智郡上島町岩城3019－１","address_city":null,"address_detail":null,"contact":"（宗）祥雲寺\n0897-75-2500","flood":null,"landslide":null,"storm_surge":null,"earthquake":"1","tsunami":"1","large_fire":null,"inland_flood":null,"volcano":null,"shelter_overlap":null,"capacity":"180","capacity_basis":null,"notes":null,"changed":null,"new":null,"address":"愛媛県越智郡上島町岩城3019－１","gsi_common_id":"E3835600011201","coordinate_join_method":"matched_by_id"}},{"type":"Feature","geometry":{"type":"Point","coordinates":[133.157006178,34.250226167159]},"properties":{"common_id":"E3835600010201","name":"岩城構造改善センター（海原集会所）","address_pref":"愛媛県越智郡上島町岩城258－５","address_city":null,"address_detail":null,"contact":"0897-75-2500","flood":null,"landslide":"1","storm_surge":"1","earthquake":"1","tsunami":null,"large_fire":null,"inland_flood":null,"volcano":null,"shelter_overlap":null,"capacity":"428","capacity_basis":null,"notes":null,"changed":null,"new":null,"address":"愛媛県越智郡上島町岩城258－５","gsi_common_id":"E3835600010201","coordinate_join_method":"matched_by_id"}},{"type":"Feature","geometry":{"type":"Point","coordinates":[133.13967840511,34.246364359398]},"properties":{"common_id":"E3835600009201","name":"石ヶ坪住宅集会所前広場","address_pref":"愛媛県越智郡上島町岩城2392","address_city":null,"address_detail":null,"contact":"0897-75-2500","flood":null,"landslide":null,"storm_surge":null,"earthquake":"1","tsunami":"1","large_fire":null,"inland_flood":null,"volcano":null,"shelter_overlap":null,"capacity":"780","capacity_basis":null,"notes":null,"changed":null,"new":null,"address":"愛媛県越智郡上島町岩城2392","gsi_common_id":"E3835600009201","coordinate_join_method":"matched_by_id"}},{"type":"Feature","geometry":{"type":"Point","coordinates":[133.14049737468,34.244973736691]},"properties":{"common_id":"E3835600008201","name":"岩城小学校グランド","address_pref":"愛媛県越智郡上島町岩城2263－１","address_city":null,"address_detail":null,"contact":"0897-75-2500","flood":null,"landslide":null,"storm_surge":null,"earthquake":"1","tsunami":null,"large_fire":null,"inland_flood":null,"volcano":null,"shelter_overlap":null,"capacity":"29354","capacity_basis":null,"notes":null,"changed":null,"new":null,"address":"愛媛県越智郡上島町岩城2263－１","gsi_common_id":"E3835600008201","coordinate_join_method":"matched_by_id"}},{"type":"Feature","geometry":{"type":"Point","coordinates":[133.14207111983,34.247816808014]},"properties":{"common_id":"E3835600007201","name":"岩城保健センター駐車場","address_pref":"愛媛県越智郡上島町岩城2239","address_city":null,"address_detail":null,"contact":"0897-75-2500","flood":null,"landslide":null,"storm_surge":null,"earthquake":"1","tsunami":"1","large_fire":null,"inland_flood":null,"volcano":null,"shelter_overlap":null,"capacity":"810","capacity_basis":null,"notes":null,"changed":null,"new":null,"address":"愛媛県越智郡上島町岩城2239","gsi_common_id":"E3835600007201","coordinate_join_method":"matched_by_id"}},{"type":"Feature","geometry":{"type":"Point","coordinates":[133.14373945382,34.245404520777]},"properties":{"common_id":"E3835600005201","name":"島の神遊園地","address_pref":"愛媛県越智郡上島町岩城2122－１","address_city":null,"address_detail":null,"contact":"島ノ神社\n0897-75-2500","flood":null,"landslide":null,"storm_surge":null,"earthquake":"1","tsunami":"1","large_fire":null,"inland_flood":null,"volcano":null,"shelter_overlap":null,"capacity":"762","capacity_basis":null,"notes":null,"changed":null,"new":null,"address":"愛媛県越智郡上島町岩城2122－１","gsi_common_id":"E3835600005201","coordinate_join_method":"matched_by_id"}},{"type":"Feature","geometry":{"type":"Point","coordinates":[133.1444448748,34.247020849556]},"properties":{"common_id":"E3835600004201","name":"厳島神社広場","address_pref":"愛媛県越智郡上島町岩城1913－１","address_city":null,"address_detail":null,"contact":"（宗）岩城八幡神社\n0897-75-2500","flood":null,"landslide":null,"storm_surge":null,"earthquake":"1","tsunami":null,"large_fire":null,"inland_flood":null,"volcano":null,"shelter_overlap":null,"capacity":"2034","capacity_basis":null,"notes":null,"changed":null,"new":null,"address":"愛媛県越智郡上島町岩城1913－１","gsi_common_id":"E3835600004201","coordinate_join_method":"matched_by_id"}},{"type":"Feature","geometry":{"type":"Point","coordinates":[133.14871227215,34.247169368568]},"properties":{"common_id":"E3835600003201","name":"太平寺境内","address_pref":"愛媛県越智郡上島町岩城1262","address_city":null,"address_detail":null,"contact":"（宗）太平寺\n0897-75-2500","flood":null,"landslide":null,"storm_surge":null,"earthquake":"1","tsunami":"1","large_fire":null,"inland_flood":null,"volcano":null,"shelter_overlap":null,"capacity":"200","capacity_basis":null,"notes":null,"changed":null,"new":null,"address":"愛媛県越智郡上島町岩城1262","gsi_common_id":"E3835600003201","coordinate_join_method":"matched_by_id"}},{"type":"Feature","geometry":{"type":"Point","coordinates":[133.14829384471,34.24789662516]},"properties":{"common_id":"E3835600001201","name":"岩城中学校グランド","address_pref":"愛媛県越智郡上島町岩城1218－１","address_city":null,"address_detail":null,"contact":"0897-75-2500","flood":null,"landslide":null,"storm_surge":null,"earthquake":"1","tsunami":"1","large_fire":null,"inland_flood":null,"volcano":null,"shelter_overlap":null,"capacity":"21318","capacity_basis":null,"notes":null,"changed":null,"new":null,"address":"愛媛県越智郡上島町岩城1218－１","gsi_common_id":"E3835600001201","coordinate_join_method":"matched_by_id"}},{"type":"Feature","geometry":{"type":"Point","coordinates":[133.1570914903,34.252266498368]},"properties":{"common_id":"E3835600029201","name":"今井製作所上県道（海原）","address_pref":"愛媛県越智郡上島町岩城","address_city":null,"address_detail":null,"contact":"0897-75-2500","flood":null,"landslide":null,"storm_surge":null,"earthquake":"1","tsunami":"1","large_fire":null,"inland_flood":null,"volcano":null,"shelter_overlap":null,"capacity":"380","capacity_basis":null,"notes":null,"changed":null,"new":null,"address":"愛媛県越智郡上島町岩城","gsi_common_id":"E3835600029201","coordinate_join_method":"matched_by_id"}},{"type":"Feature","geometry":{"type":"Point","coordinates":[133.154699674,34.2509701991]},"properties":{"common_id":"E3835600028201","name":"黄幡さん横町道（海原）","address_pref":"愛媛県越智郡上島町岩城","address_city":null,"address_detail":null,"contact":"0897-75-2500","flood":null,"landslide":null,"storm_surge":null,"earthquake":"1","tsunami":"1","large_fire":null,"inland_flood":null,"volcano":null,"shelter_overlap":null,"capacity":"280","capacity_basis":null,"notes":null,"changed":null,"new":null,"address":"愛媛県越智郡上島町岩城","gsi_common_id":"E3835600028201","coordinate_join_method":"matched_by_id"}},{"type":"Feature","geometry":{"type":"Point","coordinates":[133.15263902334,34.249200294495]},"properties":{"common_id":"E3835600027201","name":"延命堂下（海原）","address_pref":"愛媛県越智郡上島町岩城","address_city":null,"address_detail":null,"contact":"0897-75-2500","flood":null,"landslide":null,"storm_surge":null,"earthquake":"1","tsunami":"1","large_fire":null,"inland_flood":null,"volcano":null,"shelter_overlap":null,"capacity":"784","capacity_basis":null,"notes":null,"changed":null,"new":null,"address":"愛媛県越智郡上島町岩城","gsi_common_id":"E3835600027201","coordinate_join_method":"matched_by_id"}},{"type":"Feature","geometry":{"type":"Point","coordinates":[133.14978515576,34.248016319828]},"properties":{"common_id":"E3835600025201","name":"鶴山","address_pref":"愛媛県越智郡上島町岩城","address_city":null,"address_detail":null,"contact":"0897-75-2500","flood":null,"landslide":null,"storm_surge":null,"earthquake":"1","tsunami":"1","large_fire":null,"inland_flood":null,"volcano":null,"shelter_overlap":null,"capacity":"480","capacity_basis":null,"notes":null,"changed":null,"new":null,"address":"愛媛県越智郡上島町岩城","gsi_common_id":"E3835600025201","coordinate_join_method":"matched_by_id"}},{"type":"Feature","geometry":{"type":"Point","coordinates":[133.1479290643,34.250849806342]},"properties":{"common_id":"E3835600032201","name":"積善山入口町道（高原）","address_pref":"愛媛県越智郡上島町岩城","address_city":null,"address_detail":null,"contact":"0897-75-2500","flood":null,"landslide":null,"storm_surge":null,"earthquake":"1","tsunami":"1","large_fire":null,"inland_flood":null,"volcano":null,"shelter_overlap":null,"capacity":"620","capacity_basis":null,"notes":null,"changed":null,"new":null,"address":"愛媛県越智郡上島町岩城","gsi_common_id":"E3835600032201","coordinate_join_method":"matched_by_id"}},{"type":"Feature","geometry":{"type":"Point","coordinates":[133.14524149087,34.248903201558]},"properties":{"common_id":"E3835600036201","name":"町道大谷厳島線上（大谷）","address_pref":"愛媛県越智郡上島町岩城","address_city":null,"address_detail":null,"contact":"0897-75-2500","flood":null,"landslide":null,"storm_surge":null,"earthquake":"1","tsunami":"1","large_fire":null,"inland_flood":null,"volcano":null,"shelter_overlap":null,"capacity":"654","capacity_basis":null,"notes":null,"changed":null,"new":null,"address":"愛媛県越智郡上島町岩城","gsi_common_id":"E3835600036201","coordinate_join_method":"matched_by_id"}},{"type":"Feature","geometry":{"type":"Point","coordinates":[133.1454292455,34.247630567713]},"properties":{"common_id":"E3835600035201","name":"町道大谷厳島線下（大谷）","address_pref":"愛媛県越智郡上島町岩城","address_city":null,"address_detail":null,"contact":"0897-75-2500","flood":null,"landslide":null,"storm_surge":null,"earthquake":"1","tsunami":"1","large_fire":null,"inland_flood":null,"volcano":null,"shelter_overlap":null,"capacity":"490","capacity_basis":null,"notes":null,"changed":null,"new":null,"address":"愛媛県越智郡上島町岩城","gsi_common_id":"E3835600035201","coordinate_join_method":"matched_by_id"}},{"type":"Feature","geometry":{"type":"Point","coordinates":[133.143629763,34.2473940186]},"properties":{"common_id":"E3835600037202","name":"谷地区上農道（谷）","address_pref":"愛媛県越智郡上島町岩城","address_city":null,"address_detail":null,"contact":"0897-75-2500","flood":null,"landslide":null,"storm_surge":null,"earthquake":"1","tsunami":"1","large_fire":null,"inland_flood":null,"volcano":null,"shelter_overlap":null,"capacity":"654","capacity_basis":null,"notes":null,"changed":null,"new":null,"address":"愛媛県越智郡上島町岩城","gsi_common_id":"E3835600037202","coordinate_join_method":"matched_by_id"}},{"type":"Feature","geometry":{"type":"Point","coordinates":[133.13588862803,34.248433171788]},"properties":{"common_id":"E3835600037201","name":"西部入口県道（西部）","address_pref":"愛媛県越智郡上島町岩城","address_city":null,"address_detail":null,"contact":"愛媛県\n0897-75-2500","flood":null,"landslide":null,"storm_surge":null,"earthquake":"1","tsunami":"1","large_fire":null,"inland_flood":null,"volcano":null,"shelter_overlap":null,"capacity":"720","capacity_basis":null,"notes":null,"changed":null,"new":null,"address":"愛媛県越智郡上島町岩城","gsi_common_id":"E3835600037201","coordinate_join_method":"matched_by_id"}},{"type":"Feature","geometry":{"type":"Point","coordinates":[133.13117062239,34.256809063572]},"properties":{"common_id":"E3835600033201","name":"先新城県道（西部）","address_pref":"愛媛県越智郡上島町岩城","address_city":null,"address_detail":null,"contact":"愛媛県\n0897-75-2500","flood":null,"landslide":null,"storm_surge":null,"earthquake":"1","tsunami":"1","large_fire":null,"inland_flood":null,"volcano":null,"shelter_overlap":null,"capacity":"280","capacity_basis":null,"notes":null,"changed":null,"new":null,"address":"愛媛県越智郡上島町岩城","gsi_common_id":"E3835600033201","coordinate_join_method":"matched_by_id"}},{"type":"Feature","geometry":{"type":"Point","coordinates":[133.13913141872,34.266846619856]},"properties":{"common_id":"E3835600038201","name":"敷田県道（赤石）","address_pref":"愛媛県越智郡上島町岩城","address_city":null,"address_detail":null,"contact":"愛媛県\n0897-75-2500","flood":null,"landslide":null,"storm_surge":null,"earthquake":"1","tsunami":"1","large_fire":null,"inland_flood":null,"volcano":null,"shelter_overlap":null,"capacity":"420","capacity_basis":null,"notes":null,"changed":null,"new":null,"address":"愛媛県越智郡上島町岩城","gsi_common_id":"E3835600038201","coordinate_join_method":"matched_by_id"}},{"type":"Feature","geometry":{"type":"Point","coordinates":[133.14874982027,34.278500918566]},"properties":{"common_id":"E3835600031201","name":"小漕終末処理場上農道","address_pref":"愛媛県越智郡上島町岩城","address_city":null,"address_detail":null,"contact":"0897-75-2500","flood":null,"landslide":null,"storm_surge":null,"earthquake":"1","tsunami":"1","large_fire":null,"inland_flood":null,"volcano":null,"shelter_overlap":null,"capacity":"268","capacity_basis":null,"notes":null,"changed":null,"new":null,"address":"愛媛県越智郡上島町岩城","gsi_common_id":"E3835600031201","coordinate_join_method":"matched_by_id"}},{"type":"Feature","geometry":{"type":"Point","coordinates":[133.15018475699,34.270144145195]},"properties":{"common_id":"E3835600026201","name":"もみじ池下県道（長江）","address_pref":"愛媛県越智郡上島町岩城","address_city":null,"address_detail":null,"contact":"愛媛県\n0897-75-2500","flood":null,"landslide":null,"storm_surge":null,"earthquake":"1","tsunami":"1","large_fire":null,"inland_flood":null,"volcano":null,"shelter_overlap":null,"capacity":"420","capacity_basis":null,"notes":null,"changed":null,"new":null,"address":"愛媛県越智郡上島町岩城","gsi_common_id":"E3835600026201","coordinate_join_method":"matched_by_id"}},{"type":"Feature","geometry":{"type":"Point","coordinates":[133.15842991257,34.265166388033]},"properties":{"common_id":"E3835600039201","name":"岩城分校上県道","address_pref":"愛媛県越智郡上島町岩城","address_city":null,"address_detail":null,"contact":"愛媛県\n0897-75-2500","flood":null,"landslide":null,"storm_surge":null,"earthquake":"1","tsunami":"1","large_fire":null,"inland_flood":null,"volcano":null,"shelter_overlap":null,"capacity":"1994","capacity_basis":null,"notes":null,"changed":null,"new":null,"address":"愛媛県越智郡上島町岩城","gsi_common_id":"E3835600039201","coordinate_join_method":"matched_by_id"}},{"type":"Feature","geometry":{"type":"Point","coordinates":[133.15963886447,34.261123547784]},"properties":{"common_id":"E3835600030201","name":"小船越県道（船越）","address_pref":"愛媛県越智郡上島町岩城","address_city":null,"address_detail":null,"contact":"愛媛県\n0897-75-2500","flood":null,"landslide":null,"storm_surge":null,"earthquake":"1","tsunami":"1","large_fire":null,"inland_flood":null,"volcano":null,"shelter_overlap":null,"capacity":"324","capacity_basis":null,"notes":null,"changed":null,"new":null,"address":"愛媛県越智郡上島町岩城","gsi_common_id":"E3835600030201","coordinate_join_method":"matched_by_id"}},{"type":"Feature","geometry":{"type":"Point","coordinates":[133.161304187,34.2590003486]},"properties":{"common_id":"E3835600034201","name":"船越橋上県道三叉路","address_pref":"愛媛県越智郡上島町岩城","address_city":null,"address_detail":null,"contact":"愛媛県\n0897-75-2500","flood":null,"landslide":null,"storm_surge":null,"earthquake":"1","tsunami":"1","large_fire":null,"inland_flood":null,"volcano":null,"shelter_overlap":null,"capacity":"604","capacity_basis":null,"notes":null,"changed":null,"new":null,"address":"愛媛県越智郡上島町岩城","gsi_common_id":"E3835600034201","coordinate_join_method":"matched_by_id"}},{"type":"Feature","geometry":{"type":"Point","coordinates":[133.14678107885,34.269211744172]},"properties":{"common_id":"E3835600018201","name":"岩城北集会所広場","address_pref":"愛媛県越智郡上島町岩城","address_city":null,"address_detail":null,"contact":"0897-75-2500","flood":null,"landslide":null,"storm_surge":null,"earthquake":"1","tsunami":"1","large_fire":null,"inland_flood":null,"volcano":null,"shelter_overlap":null,"capacity":"4306","capacity_basis":null,"notes":null,"changed":null,"new":null,"address":"愛媛県越智郡上島町岩城","gsi_common_id":"E3835600018201","coordinate_join_method":"matched_by_id"}},{"type":"Feature","geometry":{"type":"Point","coordinates":[133.14561700013,34.274334104949]},"properties":{"common_id":"E3835600016201","name":"小漕集会所","address_pref":"愛媛県越智郡上島町岩城","address_city":null,"address_detail":null,"contact":"0897-75-2500","flood":null,"landslide":"1","storm_surge":"1","earthquake":null,"tsunami":"1","large_fire":null,"inland_flood":null,"volcano":null,"shelter_overlap":null,"capacity":"210","capacity_basis":null,"notes":null,"changed":null,"new":null,"address":"愛媛県越智郡上島町岩城","gsi_common_id":"E3835600016201","coordinate_join_method":"matched_by_id"}},{"type":"Feature","geometry":{"type":"Point","coordinates":[133.22615187379,34.289889799955]},"properties":{"common_id":"E3835600055201","name":"田林集会所","address_pref":"愛媛県越智郡上島町弓削久司浦549","address_city":null,"address_detail":null,"contact":"0897-77-2500","flood":null,"landslide":null,"storm_surge":"1","earthquake":null,"tsunami":null,"large_fire":null,"inland_flood":null,"volcano":null,"shelter_overlap":null,"capacity":"100","capacity_basis":null,"notes":null,"changed":null,"new":null,"address":"愛媛県越智郡上島町弓削久司浦549","gsi_common_id":"E3835600055201","coordinate_join_method":"matched_by_id"}},{"type":"Feature","geometry":{"type":"Point","coordinates":[132.88593600008,33.680798915976]},"properties":{"common_id":"E3838600041201","name":"久万高原町立明神小学校","address_pref":"愛媛県上浮穴郡久万高原町東明神甲698-1","address_city":null,"address_detail":null,"contact":"0892-21-1058","flood":"1","landslide":null,"storm_surge":null,"earthquake":"1","tsunami":null,"large_fire":"1","inland_flood":null,"volcano":null,"shelter_overlap":"1","capacity":"230","capacity_basis":null,"notes":null,"changed":null,"new":null,"address":"愛媛県上浮穴郡久万高原町東明神甲698-1","gsi_common_id":"E3838600041201","coordinate_join_method":"matched_by_id"}},{"type":"Feature","geometry":{"type":"Point","coordinates":[132.88953693477,33.672701692313]},"properties":{"common_id":"E3838600029201","name":"西明神高齢者創作館","address_pref":"愛媛県上浮穴郡久万高原町西明神315","address_city":null,"address_detail":null,"contact":"0892-21-2248","flood":"1","landslide":"1","storm_surge":null,"earthquake":"1","tsunami":null,"large_fire":"1","inland_flood":null,"volcano":null,"shelter_overlap":"1","capacity":"100","capacity_basis":null,"notes":null,"changed":null,"new":null,"address":"愛媛県上浮穴郡久万高原町西明神315","gsi_common_id":"E3838600029201","coordinate_join_method":"matched_by_id"}},{"type":"Feature","geometry":{"type":"Point","coordinates":[132.89635695626,33.664296910778]},"properties":{"common_id":"E3838600046201","name":"入野福祉館","address_pref":"愛媛県上浮穴郡久万高原町入野277","address_city":null,"address_detail":null,"contact":"0892-21-1744","flood":"1","landslide":"1","storm_surge":null,"earthquake":"1","tsunami":null,"large_fire":"1","inland_flood":null,"volcano":null,"shelter_overlap":"1","capacity":"60","capacity_basis":null,"notes":null,"changed":null,"new":null,"address":"愛媛県上浮穴郡久万高原町入野277","gsi_common_id":"E3838600046201","coordinate_join_method":"matched_by_id"}},{"type":"Feature","geometry":{"type":"Point","coordinates":[132.89792035126,33.660424620308]},"properties":{"common_id":"E3838600006201","name":"久万高原町立久万中学校","address_pref":"愛媛県上浮穴郡久万高原町久万600","address_city":null,"address_detail":null,"contact":"0892-21-0013","flood":"1","landslide":"1","storm_surge":null,"earthquake":"1","tsunami":null,"large_fire":"1","inland_flood":null,"volcano":null,"shelter_overlap":"1","capacity":"520","capacity_basis":null,"notes":null,"changed":null,"new":null,"address":"愛媛県上浮穴郡久万高原町久万600","gsi_common_id":"E3838600006201","coordinate_join_method":"matched_by_id"}},{"type":"Feature","geometry":{"type":"Point","coordinates":[132.9010163972,33.660907734289]},"properties":{"common_id":"E3838600005201","name":"久万高原町公民館久万分館","address_pref":"愛媛県上浮穴郡久万高原町久万483","address_city":null,"address_detail":null,"contact":"0892-21-0236","flood":"1","landslide":"1","storm_surge":null,"earthquake":"1","tsunami":null,"large_fire":"1","inland_flood":null,"volcano":null,"shelter_overlap":"1","capacity":"50","capacity_basis":null,"notes":null,"changed":null,"new":null,"address":"愛媛県上浮穴郡久万高原町久万483","gsi_common_id":"E3838600005201","coordinate_join_method":"matched_by_id"}},{"type":"Feature","geometry":{"type":"Point","coordinates":[132.90205136487,33.65484438703]},"properties":{"common_id":"E3838600004202","name":"久万町民館","address_pref":"愛媛県上浮穴郡久万高原町久万188","address_city":null,"address_detail":null,"contact":"0892-21-0139","flood":"1","landslide":null,"storm_surge":null,"earthquake":"1","tsunami":null,"large_fire":"1","inland_flood":null,"volcano":null,"shelter_overlap":"1","capacity":"180","capacity_basis":null,"notes":null,"changed":null,"new":null,"address":"愛媛県上浮穴郡久万高原町久万188","gsi_common_id":"E3838600004202","coordinate_join_method":"matched_by_id"}},{"type":"Feature","geometry":{"type":"Point","coordinates":[132.902431,33.654447]},"properties":{"common_id":"E3838600004201","name":"産業文化会館","address_pref":"愛媛県上浮穴郡久万高原町久万188","address_city":null,"address_detail":null,"contact":"0892-21-0139","flood":"1","landslide":null,"storm_surge":null,"earthquake":"1","tsunami":null,"large_fire":"1","inland_flood":null,"volcano":null,"shelter_overlap":"1","capacity":"60","capacity_basis":null,"notes":null,"changed":null,"new":null,"address":"愛媛県上浮穴郡久万高原町久万188","gsi_common_id":"E3838600004201","coordinate_join_method":"matched_by_id"}},{"type":"Feature","geometry":{"type":"Point","coordinates":[132.90075317571,33.654880109376]},"properties":{"common_id":"E3838600003201","name":"松山市農業協同組合久万支所","address_pref":"愛媛県上浮穴郡久万高原町久万1416","address_city":null,"address_detail":null,"contact":"0892-21-1245","flood":"1","landslide":null,"storm_surge":null,"earthquake":"1","tsunami":null,"large_fire":"1","inland_flood":null,"volcano":null,"shelter_overlap":"1","capacity":"310","capacity_basis":null,"notes":null,"changed":null,"new":null,"address":"愛媛県上浮穴郡久万高原町久万1416","gsi_common_id":"E3838600003201","coordinate_join_method":"matched_by_id"}},{"type":"Feature","geometry":{"type":"Point","coordinates":[132.90481016823,33.651975364168]},"properties":{"common_id":"E3838600022201","name":"久万高原町立久万小学校","address_pref":"愛媛県上浮穴郡久万高原町上野尻甲846","address_city":null,"address_detail":null,"contact":"0892-21-1122","flood":"1","landslide":"1","storm_surge":null,"earthquake":"1","tsunami":null,"large_fire":"1","inland_flood":null,"volcano":null,"shelter_overlap":"1","capacity":"350","capacity_basis":null,"notes":null,"changed":null,"new":null,"address":"愛媛県上浮穴郡久万高原町上野尻甲846","gsi_common_id":"E3838600022201","coordinate_join_method":"matched_by_id"}},{"type":"Feature","geometry":{"type":"Point","coordinates":[132.90567920395,33.651117994858]},"properties":{"common_id":"E3838600019201","name":"愛媛県立上浮穴高等学校","address_pref":"愛媛県上浮穴郡久万高原町上野尻甲486","address_city":null,"address_detail":null,"contact":"0892-21-1205","flood":"1","landslide":"1","storm_surge":null,"earthquake":"1","tsunami":null,"large_fire":"1","inland_flood":null,"volcano":null,"shelter_overlap":"1","capacity":"510","capacity_basis":null,"notes":null,"changed":null,"new":null,"address":"愛媛県上浮穴郡久万高原町上野尻甲486","gsi_common_id":"E3838600019201","coordinate_join_method":"matched_by_id"}},{"type":"Feature","geometry":{"type":"Point","coordinates":[132.90894644405,33.643371490112]},"properties":{"common_id":"E3838600018201","name":"久万高原町公民館野尻分館","address_pref":"愛媛県上浮穴郡久万高原町上野尻甲190","address_city":null,"address_detail":null,"contact":"0892-21-1889","flood":"1","landslide":"1","storm_surge":null,"earthquake":"1","tsunami":null,"large_fire":"1","inland_flood":null,"volcano":null,"shelter_overlap":"1","capacity":"70","capacity_basis":null,"notes":null,"changed":null,"new":null,"address":"愛媛県上浮穴郡久万高原町上野尻甲190","gsi_common_id":"E3838600018201","coordinate_join_method":"matched_by_id"}},{"type":"Feature","geometry":{"type":"Point","coordinates":[132.906423,33.665974]},"properties":{"common_id":"E3838600023202","name":"久万Ｂ＆Ｇ海洋センター","address_pref":"愛媛県上浮穴郡久万高原町菅生2-1644-1","address_city":null,"address_detail":null,"contact":"0892-21-2808","flood":"1","landslide":null,"storm_surge":null,"earthquake":"1","tsunami":null,"large_fire":"1","inland_flood":null,"volcano":null,"shelter_overlap":null,"capacity":"590","capacity_basis":null,"notes":null,"changed":null,"new":null,"address":"愛媛県上浮穴郡久万高原町菅生2-1644-1","gsi_common_id":"E3838600023202","coordinate_join_method":"matched_by_id"}},{"type":"Feature","geometry":{"type":"Point","coordinates":[132.9068524815,33.664694378814]},"properties":{"common_id":"E3838600023201","name":"久万公園グラウンド","address_pref":"愛媛県上浮穴郡久万高原町菅生2-1644-1","address_city":null,"address_detail":null,"contact":"0892-21-2808","flood":"1","landslide":null,"storm_surge":null,"earthquake":"1","tsunami":null,"large_fire":"1","inland_flood":null,"volcano":null,"shelter_overlap":"1","capacity":"1000","capacity_basis":null,"notes":null,"changed":null,"new":null,"address":"愛媛県上浮穴郡久万高原町菅生2-1644-1","gsi_common_id":"E3838600023201","coordinate_join_method":"matched_by_id"}},{"type":"Feature","geometry":{"type":"Point","coordinates":[132.92528546501,33.685733099763]},"properties":{"common_id":"E3838600017201","name":"久万高原町立畑野川小学校","address_pref":"愛媛県上浮穴郡久万高原町上畑野川甲521-1","address_city":null,"address_detail":null,"contact":"0892-41-0203","flood":"1","landslide":"1","storm_surge":null,"earthquake":"1","tsunami":null,"large_fire":"1","inland_flood":null,"volcano":null,"shelter_overlap":"1","capacity":"200","capacity_basis":null,"notes":null,"changed":null,"new":null,"address":"愛媛県上浮穴郡久万高原町上畑野川甲521-1","gsi_common_id":"E3838600017201","coordinate_join_method":"matched_by_id"}},{"type":"Feature","geometry":{"type":"Point","coordinates":[132.936711147,33.6720721548]},"properties":{"common_id":"E3838600001201","name":"ふるさと旅行村","address_pref":"愛媛県上浮穴郡久万高原町下畑野川乙488","address_city":null,"address_detail":null,"contact":"0892-41-0711","flood":"1","landslide":"1","storm_surge":null,"earthquake":"1","tsunami":null,"large_fire":"1","inland_flood":null,"volcano":null,"shelter_overlap":"1","capacity":"100","capacity_basis":null,"notes":null,"changed":null,"new":null,"address":"愛媛県上浮穴郡久万高原町下畑野川乙488","gsi_common_id":"E3838600001201","coordinate_join_method":"matched_by_id"}},{"type":"Feature","geometry":{"type":"Point","coordinates":[132.95962992615,33.704856572952]},"properties":{"common_id":"E3838600036201","name":"直瀬住民センター","address_pref":"愛媛県上浮穴郡久万高原町直瀬甲2881-1","address_city":null,"address_detail":null,"contact":"0892-31-0453","flood":"1","landslide":"1","storm_surge":null,"earthquake":"1","tsunami":null,"large_fire":"1","inland_flood":null,"volcano":null,"shelter_overlap":"1","capacity":"70","capacity_basis":null,"notes":null,"changed":null,"new":null,"address":"愛媛県上浮穴郡久万高原町直瀬甲2881-1","gsi_common_id":"E3838600036201","coordinate_join_method":"matched_by_id"}},{"type":"Feature","geometry":{"type":"Point","coordinates":[132.96496064976,33.699652903013]},"properties":{"common_id":"E3838600037201","name":"久万高原町立直瀬小学校","address_pref":"愛媛県上浮穴郡久万高原町直瀬甲3974-3","address_city":null,"address_detail":null,"contact":"0892-31-0040","flood":"1","landslide":"1","storm_surge":null,"earthquake":"1","tsunami":null,"large_fire":"1","inland_flood":null,"volcano":null,"shelter_overlap":"1","capacity":"220","capacity_basis":null,"notes":null,"changed":null,"new":null,"address":"愛媛県上浮穴郡久万高原町直瀬甲3974-3","gsi_common_id":"E3838600037201","coordinate_join_method":"matched_by_id"}},{"type":"Feature","geometry":{"type":"Point","coordinates":[132.98427186698,33.678791988759]},"properties":{"common_id":"E3838600038201","name":"下直瀬ふれあい館","address_pref":"愛媛県上浮穴郡久万高原町直瀬甲5104","address_city":null,"address_detail":null,"contact":"0892-31-0452","flood":"1","landslide":null,"storm_surge":null,"earthquake":"1","tsunami":null,"large_fire":"1","inland_flood":null,"volcano":null,"shelter_overlap":"1","capacity":"220","capacity_basis":null,"notes":null,"changed":null,"new":null,"address":"愛媛県上浮穴郡久万高原町直瀬甲5104","gsi_common_id":"E3838600038201","coordinate_join_method":"matched_by_id"}},{"type":"Feature","geometry":{"type":"Point","coordinates":[132.8713252139,33.625132485543]},"properties":{"common_id":"E3838600043201","name":"ほたる交流館","address_pref":"愛媛県上浮穴郡久万高原町二名甲291-1","address_city":null,"address_detail":null,"contact":"0892-21-1111","flood":"1","landslide":"1","storm_surge":null,"earthquake":"1","tsunami":null,"large_fire":"1","inland_flood":null,"volcano":null,"shelter_overlap":"1","capacity":"40","capacity_basis":null,"notes":null,"changed":null,"new":null,"address":"愛媛県上浮穴郡久万高原町二名甲291-1","gsi_common_id":"E3838600043201","coordinate_join_method":"matched_by_id"}},{"type":"Feature","geometry":{"type":"Point","coordinates":[132.85137093549,33.640551908643]},"properties":{"common_id":"E3838600042201","name":"二名体育館","address_pref":"愛媛県上浮穴郡久万高原町二名甲2361","address_city":null,"address_detail":null,"contact":"0892-21-0139","flood":"1","landslide":null,"storm_surge":null,"earthquake":"1","tsunami":null,"large_fire":"1","inland_flood":null,"volcano":null,"shelter_overlap":"1","capacity":"190","capacity_basis":null,"notes":null,"changed":null,"new":null,"address":"愛媛県上浮穴郡久万高原町二名甲2361","gsi_common_id":"E3838600042201","coordinate_join_method":"matched_by_id"}},{"type":"Feature","geometry":{"type":"Point","coordinates":[132.88652072831,33.613639395281]},"properties":{"common_id":"E3838600052201","name":"久万高原町立父二峰小学校","address_pref":"愛媛県上浮穴郡久万高原町露峰甲364","address_city":null,"address_detail":null,"contact":"0892-21-1633","flood":"1","landslide":null,"storm_surge":null,"earthquake":"1","tsunami":null,"large_fire":"1","inland_flood":null,"volcano":null,"shelter_overlap":"1","capacity":"230","capacity_basis":null,"notes":null,"changed":null,"new":null,"address":"愛媛県上浮穴郡久万高原町露峰甲364","gsi_common_id":"E3838600052201","coordinate_join_method":"matched_by_id"}},{"type":"Feature","geometry":{"type":"Point","coordinates":[132.922275184,33.6192712472]},"properties":{"common_id":"E3838600051201","name":"落合ふれあい館","address_pref":"愛媛県上浮穴郡久万高原町露峰甲2519-4","address_city":null,"address_detail":null,"contact":"0892-21-2190","flood":"1","landslide":null,"storm_surge":null,"earthquake":"1","tsunami":null,"large_fire":"1","inland_flood":null,"volcano":null,"shelter_overlap":"1","capacity":"130","capacity_basis":null,"notes":null,"changed":null,"new":null,"address":"愛媛県上浮穴郡久万高原町露峰甲2519-4","gsi_common_id":"E3838600051201","coordinate_join_method":"matched_by_id"}},{"type":"Feature","geometry":{"type":"Point","coordinates":[132.8982867902,33.661479129943]},"properties":{"common_id":"E3838600045201","name":"道の駅「天空の郷さんさん」","address_pref":"愛媛県上浮穴郡久万高原町入野1855-6","address_city":null,"address_detail":null,"contact":"0892-21-3400","flood":"1","landslide":"1","storm_surge":null,"earthquake":"1","tsunami":null,"large_fire":"1","inland_flood":null,"volcano":null,"shelter_overlap":null,"capacity":"1000","capacity_basis":null,"notes":null,"changed":null,"new":null,"address":"愛媛県上浮穴郡久万高原町入野1855-6","gsi_common_id":"E3838600045201","coordinate_join_method":"matched_by_id"}},{"type":"Feature","geometry":{"type":"Point","coordinates":[132.99148648268,33.710978758027]},"properties":{"common_id":"E3838600030201","name":"久万高原町公民館前組分館","address_pref":"愛媛県上浮穴郡久万高原町前組1773","address_city":null,"address_detail":null,"contact":"0892-58-2853","flood":"1","landslide":null,"storm_surge":null,"earthquake":"1","tsunami":null,"large_fire":"1","inland_flood":null,"volcano":null,"shelter_overlap":"1","capacity":"40","capacity_basis":null,"notes":null,"changed":null,"new":null,"address":"愛媛県上浮穴郡久万高原町前組1773","gsi_common_id":"E3838600030201","coordinate_join_method":"matched_by_id"}},{"type":"Feature","geometry":{"type":"Point","coordinates":[133.00351634408,33.694740464889]},"properties":{"common_id":"E3838600031201","name":"久万高原町公民館相の峰分館","address_pref":"愛媛県上浮穴郡久万高原町相の峰342","address_city":null,"address_detail":null,"contact":"0892-58-2489","flood":"1","landslide":null,"storm_surge":null,"earthquake":"1","tsunami":null,"large_fire":"1","inland_flood":null,"volcano":null,"shelter_overlap":"1","capacity":"20","capacity_basis":null,"notes":null,"changed":null,"new":null,"address":"愛媛県上浮穴郡久万高原町相の峰342","gsi_common_id":"E3838600031201","coordinate_join_method":"matched_by_id"}},{"type":"Feature","geometry":{"type":"Point","coordinates":[133.02226069267,33.735914190184]},"properties":{"common_id":"E3838600002201","name":"久万高原町公民館笠方分館","address_pref":"愛媛県上浮穴郡久万高原町笠方1923-1","address_city":null,"address_detail":null,"contact":"0892-58-2745","flood":"1","landslide":null,"storm_surge":null,"earthquake":"1","tsunami":null,"large_fire":"1","inland_flood":null,"volcano":null,"shelter_overlap":"1","capacity":"40","capacity_basis":null,"notes":null,"changed":null,"new":null,"address":"愛媛県上浮穴郡久万高原町笠方1923-1","gsi_common_id":"E3838600002201","coordinate_join_method":"matched_by_id"}},{"type":"Feature","geometry":{"type":"Point","coordinates":[133.03342398413,33.687145692952]},"properties":{"common_id":"E3838600011201","name":"久万高原町立面河小学校","address_pref":"愛媛県上浮穴郡久万高原町渋草2314","address_city":null,"address_detail":null,"contact":"0892-58-2043","flood":"1","landslide":"1","storm_surge":null,"earthquake":"1","tsunami":null,"large_fire":"1","inland_flood":null,"volcano":null,"shelter_overlap":"1","capacity":"440","capacity_basis":null,"notes":null,"changed":null,"new":null,"address":"愛媛県上浮穴郡久万高原町渋草2314","gsi_common_id":"E3838600011201","coordinate_join_method":"matched_by_id"}},{"type":"Feature","geometry":{"type":"Point","coordinates":[133.03498096071,33.690208089364]},"properties":{"common_id":"E3838600012201","name":"面河住民センター","address_pref":"愛媛県上浮穴郡久万高原町渋草2431","address_city":null,"address_detail":null,"contact":"0892-58-2111","flood":"1","landslide":null,"storm_surge":null,"earthquake":"1","tsunami":null,"large_fire":"1","inland_flood":null,"volcano":null,"shelter_overlap":"1","capacity":"230","capacity_basis":null,"notes":null,"changed":null,"new":null,"address":"愛媛県上浮穴郡久万高原町渋草2431","gsi_common_id":"E3838600012201","coordinate_join_method":"matched_by_id"}},{"type":"Feature","geometry":{"type":"Point","coordinates":[133.01531439914,33.674734442351]},"properties":{"common_id":"E3838600047201","name":"久万高原町公民館城山分館","address_pref":"愛媛県上浮穴郡久万高原町本組956","address_city":null,"address_detail":null,"contact":"0892-21-0139","flood":"1","landslide":"1","storm_surge":null,"earthquake":"1","tsunami":null,"large_fire":"1","inland_flood":null,"volcano":null,"shelter_overlap":"1","capacity":"70","capacity_basis":null,"notes":null,"changed":null,"new":null,"address":"愛媛県上浮穴郡久万高原町本組956","gsi_common_id":"E3838600047201","coordinate_join_method":"matched_by_id"}},{"type":"Feature","geometry":{"type":"Point","coordinates":[133.0588278363,33.671838082802]},"properties":{"common_id":"E3838600033201","name":"久万高原町公民館中組分館","address_pref":"愛媛県上浮穴郡久万高原町中組2424","address_city":null,"address_detail":null,"contact":"0892-58-2798","flood":"1","landslide":null,"storm_surge":null,"earthquake":"1","tsunami":null,"large_fire":"1","inland_flood":null,"volcano":null,"shelter_overlap":"1","capacity":"50","capacity_basis":null,"notes":null,"changed":null,"new":null,"address":"愛媛県上浮穴郡久万高原町中組2424","gsi_common_id":"E3838600033201","coordinate_join_method":"matched_by_id"}},{"type":"Feature","geometry":{"type":"Point","coordinates":[133.09406881022,33.701649547395]},"properties":{"common_id":"E3838600009201","name":"久万高原町公民館若山分館","address_pref":"愛媛県上浮穴郡久万高原町若山703-1","address_city":null,"address_detail":null,"contact":"0892-58-2675","flood":"1","landslide":"1","storm_surge":null,"earthquake":"1","tsunami":null,"large_fire":"1","inland_flood":null,"volcano":null,"shelter_overlap":"1","capacity":"30","capacity_basis":null,"notes":null,"changed":null,"new":null,"address":"愛媛県上浮穴郡久万高原町若山703-1","gsi_common_id":"E3838600009201","coordinate_join_method":"matched_by_id"}},{"type":"Feature","geometry":{"type":"Point","coordinates":[132.98854480525,33.588392063844]},"properties":{"common_id":"E3838600044201","name":"久万高原町公民館美川南分館","address_pref":"愛媛県上浮穴郡久万高原町日野浦3376","address_city":null,"address_detail":null,"contact":"0892-21-0139","flood":"1","landslide":"1","storm_surge":null,"earthquake":"1","tsunami":null,"large_fire":"1","inland_flood":null,"volcano":null,"shelter_overlap":"1","capacity":"220","capacity_basis":null,"notes":null,"changed":null,"new":null,"address":"愛媛県上浮穴郡久万高原町日野浦3376","gsi_common_id":"E3838600044201","coordinate_join_method":"matched_by_id"}},{"type":"Feature","geometry":{"type":"Point","coordinates":[132.97725477623,33.614612497258]},"properties":{"common_id":"E3838600016201","name":"久万高原町農村環境改善センター","address_pref":"愛媛県上浮穴郡久万高原町上黒岩2923-1","address_city":null,"address_detail":null,"contact":"0892-56-0211","flood":"1","landslide":"1","storm_surge":null,"earthquake":"1","tsunami":null,"large_fire":"1","inland_flood":null,"volcano":null,"shelter_overlap":"1","capacity":"260","capacity_basis":null,"notes":null,"changed":null,"new":null,"address":"愛媛県上浮穴郡久万高原町上黒岩2923-1","gsi_common_id":"E3838600016201","coordinate_join_method":"matched_by_id"}},{"type":"Feature","geometry":{"type":"Point","coordinates":[132.94007627116,33.61767752679]},"properties":{"common_id":"E3838600032201","name":"久万高原町立美川小学校","address_pref":"愛媛県上浮穴郡久万高原町大川4333","address_city":null,"address_detail":null,"contact":"0892-56-0693","flood":"1","landslide":null,"storm_surge":null,"earthquake":"1","tsunami":null,"large_fire":"1","inland_flood":null,"volcano":null,"shelter_overlap":"1","capacity":"220","capacity_basis":null,"notes":null,"changed":null,"new":null,"address":"愛媛県上浮穴郡久万高原町大川4333","gsi_common_id":"E3838600032201","coordinate_join_method":"matched_by_id"}},{"type":"Feature","geometry":{"type":"Point","coordinates":[132.97514674379,33.615062740451]},"properties":{"common_id":"E3838600014201","name":"久万高原町立美川中学校","address_pref":"愛媛県上浮穴郡久万高原町上黒岩2890","address_city":null,"address_detail":null,"contact":"0892-56-0134","flood":"1","landslide":"1","storm_surge":null,"earthquake":"1","tsunami":null,"large_fire":"1","inland_flood":null,"volcano":null,"shelter_overlap":"1","capacity":"310","capacity_basis":null,"notes":null,"changed":null,"new":null,"address":"愛媛県上浮穴郡久万高原町上黒岩2890","gsi_common_id":"E3838600014201","coordinate_join_method":"matched_by_id"}},{"type":"Feature","geometry":{"type":"Point","coordinates":[132.96978558584,33.61455670049]},"properties":{"common_id":"E3838600013201","name":"道の駅「みかわ」","address_pref":"愛媛県上浮穴郡久万高原町上黒岩2840-1","address_city":null,"address_detail":null,"contact":"0892-56-0330","flood":"1","landslide":"1","storm_surge":null,"earthquake":"1","tsunami":null,"large_fire":"1","inland_flood":null,"volcano":null,"shelter_overlap":"1","capacity":"90","capacity_basis":null,"notes":null,"changed":null,"new":null,"address":"愛媛県上浮穴郡久万高原町上黒岩2840-1","gsi_common_id":"E3838600013201","coordinate_join_method":"matched_by_id"}},{"type":"Feature","geometry":{"type":"Point","coordinates":[133.00587659932,33.575130391776]},"properties":{"common_id":"E3838600007201","name":"久万高原町公民館黒藤川分館","address_pref":"愛媛県上浮穴郡久万高原町黒藤川1086","address_city":null,"address_detail":null,"contact":"0892-56-0834","flood":"1","landslide":null,"storm_surge":null,"earthquake":"1","tsunami":null,"large_fire":"1","inland_flood":null,"volcano":null,"shelter_overlap":"1","capacity":"170","capacity_basis":null,"notes":null,"changed":null,"new":null,"address":"愛媛県上浮穴郡久万高原町黒藤川1086","gsi_common_id":"E3838600007201","coordinate_join_method":"matched_by_id"}},{"type":"Feature","geometry":{"type":"Point","coordinates":[133.01054210167,33.601975036379]},"properties":{"common_id":"E3838600008201","name":"久万高原町公民館二箆分館","address_pref":"愛媛県上浮穴郡久万高原町黒藤川6332","address_city":null,"address_detail":null,"contact":"0892-21-0139","flood":"1","landslide":null,"storm_surge":null,"earthquake":"1","tsunami":null,"large_fire":"1","inland_flood":null,"volcano":null,"shelter_overlap":"1","capacity":"50","capacity_basis":null,"notes":null,"changed":null,"new":null,"address":"愛媛県上浮穴郡久万高原町黒藤川6332","gsi_common_id":"E3838600008201","coordinate_join_method":"matched_by_id"}},{"type":"Feature","geometry":{"type":"Point","coordinates":[133.00372960861,33.636648990149]},"properties":{"common_id":"E3838600039201","name":"久万高原町立仕七川小学校","address_pref":"愛媛県上浮穴郡久万高原町東川207-1","address_city":null,"address_detail":null,"contact":"0892-57-0381","flood":"1","landslide":null,"storm_surge":null,"earthquake":"1","tsunami":null,"large_fire":"1","inland_flood":null,"volcano":null,"shelter_overlap":"1","capacity":"230","capacity_basis":null,"notes":null,"changed":null,"new":null,"address":"愛媛県上浮穴郡久万高原町東川207-1","gsi_common_id":"E3838600039201","coordinate_join_method":"matched_by_id"}},{"type":"Feature","geometry":{"type":"Point","coordinates":[133.03669722494,33.640170609782]},"properties":{"common_id":"E3838600040201","name":"東川健康増進センター","address_pref":"愛媛県上浮穴郡久万高原町東川4900-1","address_city":null,"address_detail":null,"contact":"0892-57-0382","flood":"1","landslide":null,"storm_surge":null,"earthquake":"1","tsunami":null,"large_fire":"1","inland_flood":null,"volcano":null,"shelter_overlap":"1","capacity":"220","capacity_basis":null,"notes":null,"changed":null,"new":null,"address":"愛媛県上浮穴郡久万高原町東川4900-1","gsi_common_id":"E3838600040201","coordinate_join_method":"matched_by_id"}},{"type":"Feature","geometry":{"type":"Point","coordinates":[133.00212330654,33.53802306477]},"properties":{"common_id":"E3838600048201","name":"久万高原町立柳谷小学校","address_pref":"愛媛県上浮穴郡久万高原町柳井川3542","address_city":null,"address_detail":null,"contact":"0892-54-2115","flood":"1","landslide":"1","storm_surge":null,"earthquake":"1","tsunami":null,"large_fire":"1","inland_flood":null,"volcano":null,"shelter_overlap":"1","capacity":"170","capacity_basis":null,"notes":null,"changed":null,"new":null,"address":"愛媛県上浮穴郡久万高原町柳井川3542","gsi_common_id":"E3838600048201","coordinate_join_method":"matched_by_id"}},{"type":"Feature","geometry":{"type":"Point","coordinates":[133.00578208505,33.554802101633]},"properties":{"common_id":"E3838600049201","name":"柳井川集会所","address_pref":"愛媛県上浮穴郡久万高原町柳井川786-2","address_city":null,"address_detail":null,"contact":"0892-54-2160","flood":"1","landslide":"1","storm_surge":null,"earthquake":"1","tsunami":null,"large_fire":"1","inland_flood":null,"volcano":null,"shelter_overlap":"1","capacity":"120","capacity_basis":null,"notes":null,"changed":null,"new":null,"address":"愛媛県上浮穴郡久万高原町柳井川786-2","gsi_common_id":"E3838600049201","coordinate_join_method":"matched_by_id"}},{"type":"Feature","geometry":{"type":"Point","coordinates":[132.96238782641,33.517524563559]},"properties":{"common_id":"E3838600026201","name":"久万高原町公民館西谷分館","address_pref":"愛媛県上浮穴郡久万高原町西谷10203-1","address_city":null,"address_detail":null,"contact":"0892-55-0022","flood":"1","landslide":null,"storm_surge":null,"earthquake":"1","tsunami":null,"large_fire":"1","inland_flood":null,"volcano":null,"shelter_overlap":"1","capacity":"60","capacity_basis":null,"notes":null,"changed":null,"new":null,"address":"愛媛県上浮穴郡久万高原町西谷10203-1","gsi_common_id":"E3838600026201","coordinate_join_method":"matched_by_id"}},{"type":"Feature","geometry":{"type":"Point","coordinates":[132.95343997715,33.501310571532]},"properties":{"common_id":"E3838600028201","name":"古味多目的集会所","address_pref":"愛媛県上浮穴郡久万高原町西谷3440","address_city":null,"address_detail":null,"contact":"0892-21-1111","flood":"1","landslide":"1","storm_surge":null,"earthquake":"1","tsunami":null,"large_fire":"1","inland_flood":null,"volcano":null,"shelter_overlap":"1","capacity":"80","capacity_basis":null,"notes":null,"changed":null,"new":null,"address":"愛媛県上浮穴郡久万高原町西谷3440","gsi_common_id":"E3838600028201","coordinate_join_method":"matched_by_id"}},{"type":"Feature","geometry":{"type":"Point","coordinates":[133.04362227974,33.54616023707]},"properties":{"common_id":"E3838600035201","name":"久万高原町公民館中津分館","address_pref":"愛媛県上浮穴郡久万高原町中津4726","address_city":null,"address_detail":null,"contact":"0892-54-2759","flood":"1","landslide":null,"storm_surge":null,"earthquake":"1","tsunami":null,"large_fire":"1","inland_flood":null,"volcano":null,"shelter_overlap":"1","capacity":"40","capacity_basis":null,"notes":null,"changed":null,"new":null,"address":"愛媛県上浮穴郡久万高原町中津4726","gsi_common_id":"E3838600035201","coordinate_join_method":"matched_by_id"}},{"type":"Feature","geometry":{"type":"Point","coordinates":[133.047404,33.54193]},"properties":{"common_id":"E3838600034201","name":"旭健康増進センター","address_pref":"愛媛県上浮穴郡久万高原町中津4346","address_city":null,"address_detail":null,"contact":"0892-54-2947","flood":"1","landslide":null,"storm_surge":null,"earthquake":"1","tsunami":null,"large_fire":"1","inland_flood":null,"volcano":null,"shelter_overlap":"1","capacity":"80","capacity_basis":null,"notes":null,"changed":null,"new":null,"address":"愛媛県上浮穴郡久万高原町中津4346","gsi_common_id":"E3838600034201","coordinate_join_method":"matched_by_id"}},{"type":"Feature","geometry":{"type":"Point","coordinates":[132.71402920836,33.78986065886]},"properties":{"common_id":"E3840100017201","name":"エミフルＭＡＳＡＫＩ西側立体駐車場","address_pref":"愛媛県伊予郡松前町筒井850番地","address_city":null,"address_detail":null,"contact":"089-984-3111","flood":"1","landslide":null,"storm_surge":"1","earthquake":"1","tsunami":"1","large_fire":"1","inland_flood":"1","volcano":null,"shelter_overlap":null,"capacity":"7200","capacity_basis":null,"notes":null,"changed":null,"new":null,"address":"愛媛県伊予郡松前町筒井850番地","gsi_common_id":"E3840100017201","coordinate_join_method":"matched_by_id"}},{"type":"Feature","geometry":{"type":"Point","coordinates":[132.70628906555,33.791884245182]},"properties":{"common_id":"E3840100013201","name":"コーポ鳥井","address_pref":"愛媛県伊予郡松前町筒井316番地","address_city":null,"address_detail":null,"contact":"089-984-7199","flood":"1","landslide":null,"storm_surge":"1","earthquake":"1","tsunami":"1","large_fire":"1","inland_flood":"1","volcano":null,"shelter_overlap":null,"capacity":"100","capacity_basis":null,"notes":null,"changed":null,"new":null,"address":"愛媛県伊予郡松前町筒井316番地","gsi_common_id":"E3840100013201","coordinate_join_method":"matched_by_id"}},{"type":"Feature","geometry":{"type":"Point","coordinates":[132.710889,33.786192]},"properties":{"common_id":"E3840100018201","name":"グランフィールド松前町舎前","address_pref":"愛媛県伊予郡松前町筒井961番地","address_city":null,"address_detail":null,"contact":"089-984-1130","flood":"1","landslide":null,"storm_surge":"1","earthquake":"1","tsunami":"1","large_fire":"1","inland_flood":"1","volcano":null,"shelter_overlap":null,"capacity":"123","capacity_basis":null,"notes":null,"changed":null,"new":null,"address":"愛媛県伊予郡松前町筒井961番地","gsi_common_id":"E3840100018201","coordinate_join_method":"matched_by_id"}},{"type":"Feature","geometry":{"type":"Point","coordinates":[132.78843908593,33.668234540141]},"properties":{"common_id":"E3840200007201","name":"宮内小学校グラウンド","address_pref":"愛媛県伊予郡砥部町宮内640","address_city":null,"address_detail":null,"contact":"089-962-2072","flood":"1","landslide":"1","storm_surge":null,"earthquake":"1","tsunami":null,"large_fire":"1","inland_flood":null,"volcano":null,"shelter_overlap":null,"capacity":"2816\n(2.0㎡に１人)","capacity_basis":null,"notes":null,"changed":null,"new":null,"address":"愛媛県伊予郡砥部町宮内640","gsi_common_id":"E3840200007201","coordinate_join_method":"matched_by_id"}},{"type":"Feature","geometry":{"type":"Point","coordinates":[132.796107,33.739205]},"properties":{"common_id":"E3840200002201","name":"麻生小学校グラウンド","address_pref":"愛媛県伊予郡砥部町高尾田760","address_city":null,"address_detail":null,"contact":"089-956-0516","flood":"1","landslide":"1","storm_surge":null,"earthquake":"1","tsunami":null,"large_fire":"1","inland_flood":null,"volcano":null,"shelter_overlap":null,"capacity":"5432(2.0㎡に１人)","capacity_basis":null,"notes":null,"changed":null,"new":null,"address":"愛媛県伊予郡砥部町高尾田760","gsi_common_id":"E3840200002201","coordinate_join_method":"matched_by_id"}},{"type":"Feature","geometry":{"type":"Point","coordinates":[132.78711331756,33.753001938493]},"properties":{"common_id":"E3840200005201","name":"県立医療技術大学グラウンド","address_pref":"愛媛県伊予郡砥部町高尾田543","address_city":null,"address_detail":null,"contact":"089-958-2111","flood":null,"landslide":"1","storm_surge":null,"earthquake":"1","tsunami":null,"large_fire":"1","inland_flood":null,"volcano":null,"shelter_overlap":null,"capacity":"3750(2.0㎡に１人)","capacity_basis":null,"notes":null,"changed":null,"new":null,"address":"愛媛県伊予郡砥部町高尾田543","gsi_common_id":"E3840200005201","coordinate_join_method":"matched_by_id"}},{"type":"Feature","geometry":{"type":"Point","coordinates":[132.762607,33.631018]},"properties":{"common_id":"E3840200010201","name":"高市町民グラウンド","address_pref":"愛媛県伊予郡砥部町高市1105","address_city":null,"address_detail":null,"contact":"089-969-2607","flood":"1","landslide":null,"storm_surge":null,"earthquake":"1","tsunami":null,"large_fire":"1","inland_flood":null,"volcano":null,"shelter_overlap":null,"capacity":"946(2.0㎡に１人)","capacity_basis":null,"notes":null,"changed":null,"new":null,"address":"愛媛県伊予郡砥部町高市1105","gsi_common_id":"E3840200010201","coordinate_join_method":"matched_by_id"}},{"type":"Feature","geometry":{"type":"Point","coordinates":[132.79083437639,33.74756144255]},"properties":{"common_id":"E3840200019201","name":"ひろた町民グラウンド","address_pref":"愛媛県伊予郡砥部町総津386","address_city":null,"address_detail":null,"contact":null,"flood":"1","landslide":null,"storm_surge":null,"earthquake":"1","tsunami":null,"large_fire":"1","inland_flood":null,"volcano":null,"shelter_overlap":null,"capacity":"3764(2.0㎡に１人)","capacity_basis":null,"notes":null,"changed":null,"new":null,"address":"愛媛県伊予郡砥部町総津386","gsi_common_id":"E3840200019201","coordinate_join_method":"matched_by_id"}},{"type":"Feature","geometry":{"type":"Point","coordinates":[132.79704409545,33.746299235253]},"properties":{"common_id":"E3840200018201","name":"広田小学校グラウンド","address_pref":"愛媛県伊予郡砥部町総津375","address_city":null,"address_detail":null,"contact":"089-969-2417","flood":"1","landslide":null,"storm_surge":null,"earthquake":"1","tsunami":null,"large_fire":"1","inland_flood":null,"volcano":null,"shelter_overlap":null,"capacity":"1809(2.0㎡に１人)","capacity_basis":null,"notes":null,"changed":null,"new":null,"address":"愛媛県伊予郡砥部町総津375","gsi_common_id":"E3840200018201","coordinate_join_method":"matched_by_id"}},{"type":"Feature","geometry":{"type":"Point","coordinates":[132.7951687389,33.664655286717]},"properties":{"common_id":"E3840200008201","name":"陶街道ゆとり公園グラウンド","address_pref":"愛媛県伊予郡砥部町千足400","address_city":null,"address_detail":null,"contact":"089-962-4600","flood":"1","landslide":"1","storm_surge":null,"earthquake":"1","tsunami":null,"large_fire":"1","inland_flood":null,"volcano":null,"shelter_overlap":null,"capacity":"20000(2.0㎡に１人)","capacity_basis":null,"notes":null,"changed":null,"new":null,"address":"愛媛県伊予郡砥部町千足400","gsi_common_id":"E3840200008201","coordinate_join_method":"matched_by_id"}},{"type":"Feature","geometry":{"type":"Point","coordinates":[132.762607,33.631018]},"properties":{"common_id":"E3840200010201","name":"砥部小学校グラウンド","address_pref":"愛媛県伊予郡砥部町大南1039","address_city":null,"address_detail":null,"contact":"089-962-2030","flood":"1","landslide":"1","storm_surge":null,"earthquake":"1","tsunami":null,"large_fire":"1","inland_flood":null,"volcano":null,"shelter_overlap":null,"capacity":"4733(2.0㎡に１人)","capacity_basis":null,"notes":null,"changed":null,"new":null,"address":"愛媛県伊予郡砥部町大南1039","gsi_common_id":"E3840200010201","coordinate_join_method":"matched_by_id"}},{"type":"Feature","geometry":{"type":"Point","coordinates":[132.79156172636,33.779069593341]},"properties":{"common_id":"E3840200013201","name":"大平集会所（敷地）","address_pref":"愛媛県伊予郡砥部町大平596-1","address_city":null,"address_detail":null,"contact":"089-962-4089","flood":"1","landslide":"1","storm_surge":null,"earthquake":"1","tsunami":null,"large_fire":"1","inland_flood":null,"volcano":null,"shelter_overlap":null,"capacity":"89(2.0㎡に１人)","capacity_basis":null,"notes":null,"changed":null,"new":null,"address":"愛媛県伊予郡砥部町大平596-1","gsi_common_id":"E3840200013201","coordinate_join_method":"matched_by_id"}},{"type":"Feature","geometry":{"type":"Point","coordinates":[132.79861192424,33.780383429717]},"properties":{"common_id":"E3840200012201","name":"松山南高校砥部分校グラウンド","address_pref":"愛媛県伊予郡砥部町岩谷口7","address_city":null,"address_detail":null,"contact":"089-962-4040","flood":"1","landslide":"1","storm_surge":null,"earthquake":"1","tsunami":null,"large_fire":"1","inland_flood":null,"volcano":null,"shelter_overlap":null,"capacity":"4348(2.0㎡に１人)","capacity_basis":null,"notes":null,"changed":null,"new":null,"address":"愛媛県伊予郡砥部町岩谷口7","gsi_common_id":"E3840200012201","coordinate_join_method":"matched_by_id"}},{"type":"Feature","geometry":{"type":"Point","coordinates":[132.654249964,33.5426209427]},"properties":{"common_id":"E3842200005201","name":"龍王公園","address_pref":"愛媛県喜多郡内子町五十崎１５２４－１","address_city":null,"address_detail":null,"contact":"0893-44-4057","flood":"1","landslide":"1","storm_surge":null,"earthquake":"1","tsunami":null,"large_fire":"1","inland_flood":null,"volcano":null,"shelter_overlap":null,"capacity":"2500","capacity_basis":null,"notes":null,"changed":null,"new":null,"address":"愛媛県喜多郡内子町五十崎１５２４－１","gsi_common_id":"E3842200005201","coordinate_join_method":"matched_by_id"}},{"type":"Feature","geometry":{"type":"Point","coordinates":[132.769944,33.57966]},"properties":{"common_id":"E3842200004201","name":"吉野川自治会館","address_pref":"愛媛県喜多郡内子町吉野川５９","address_city":null,"address_detail":null,"contact":"0892-52-2981","flood":"1","landslide":"1","storm_surge":null,"earthquake":"1","tsunami":null,"large_fire":"1","inland_flood":null,"volcano":null,"shelter_overlap":"1","capacity":"290","capacity_basis":null,"notes":null,"changed":null,"new":null,"address":"愛媛県喜多郡内子町吉野川５９","gsi_common_id":"E3842200004201","coordinate_join_method":"matched_by_id"}},{"type":"Feature","geometry":{"type":"Point","coordinates":[132.79041487508,33.546188347722]},"properties":{"common_id":"E3842200085201","name":"南山自治会館","address_pref":"愛媛県喜多郡内子町南山１１９９","address_city":null,"address_detail":null,"contact":"0892-52-2985","flood":"1","landslide":null,"storm_surge":null,"earthquake":"1","tsunami":null,"large_fire":"1","inland_flood":null,"volcano":null,"shelter_overlap":"1","capacity":"100","capacity_basis":null,"notes":null,"changed":null,"new":null,"address":"愛媛県喜多郡内子町南山１１９９","gsi_common_id":"E3842200085201","coordinate_join_method":"matched_by_id"}},{"type":"Feature","geometry":{"type":"Point","coordinates":[132.828293,33.5746229991]},"properties":{"common_id":"E3842200078201","name":"元参川小学校","address_pref":"愛媛県喜多郡内子町本川３９８４","address_city":null,"address_detail":null,"contact":"0892-52-3117","flood":null,"landslide":"1","storm_surge":null,"earthquake":"1","tsunami":null,"large_fire":"1","inland_flood":null,"volcano":null,"shelter_overlap":"1","capacity":"1400","capacity_basis":null,"notes":null,"changed":null,"new":null,"address":"愛媛県喜多郡内子町本川３９８４","gsi_common_id":"E3842200078201","coordinate_join_method":"matched_by_id"}},{"type":"Feature","geometry":{"type":"Point","coordinates":[132.6640516928,33.534681979009]},"properties":{"common_id":"E3842200075201","name":"天神小学校","address_pref":"愛媛県喜多郡内子町平岡甲４５５","address_city":null,"address_detail":null,"contact":"0893-44-2219","flood":null,"landslide":"1","storm_surge":null,"earthquake":"1","tsunami":null,"large_fire":"1","inland_flood":null,"volcano":null,"shelter_overlap":"1","capacity":"1700","capacity_basis":null,"notes":null,"changed":null,"new":null,"address":"愛媛県喜多郡内子町平岡甲４５５","gsi_common_id":"E3842200075201","coordinate_join_method":"matched_by_id"}},{"type":"Feature","geometry":{"type":"Point","coordinates":[132.65967872717,33.53440604603]},"properties":{"common_id":"E3842200073201","name":"平岡児童公園","address_pref":"愛媛県喜多郡内子町平岡甲３８","address_city":null,"address_detail":null,"contact":"0893-44-2111","flood":null,"landslide":"1","storm_surge":null,"earthquake":"1","tsunami":null,"large_fire":"1","inland_flood":null,"volcano":null,"shelter_overlap":null,"capacity":"120","capacity_basis":null,"notes":null,"changed":null,"new":null,"address":"愛媛県喜多郡内子町平岡甲３８","gsi_common_id":"E3842200073201","coordinate_join_method":"matched_by_id"}},{"type":"Feature","geometry":{"type":"Point","coordinates":[132.65833126465,33.53126353557]},"properties":{"common_id":"E3842200070201","name":"五十崎自治センター","address_pref":"愛媛県喜多郡内子町平岡甲１８５－１","address_city":null,"address_detail":null,"contact":"0893-43-1221","flood":null,"landslide":"1","storm_surge":null,"earthquake":"1","tsunami":null,"large_fire":"1","inland_flood":null,"volcano":null,"shelter_overlap":"1","capacity":"1300","capacity_basis":null,"notes":null,"changed":null,"new":null,"address":"愛媛県喜多郡内子町平岡甲１８５－１","gsi_common_id":"E3842200070201","coordinate_join_method":"matched_by_id"}},{"type":"Feature","geometry":{"type":"Point","coordinates":[132.665616,33.534346]},"properties":{"common_id":"E3842200069201","name":"五十崎中学校","address_pref":"愛媛県喜多郡内子町平岡甲１５６９","address_city":null,"address_detail":null,"contact":"0893-44-2329","flood":null,"landslide":"1","storm_surge":null,"earthquake":"1","tsunami":null,"large_fire":"1","inland_flood":null,"volcano":null,"shelter_overlap":"1","capacity":"2200","capacity_basis":null,"notes":null,"changed":null,"new":null,"address":"愛媛県喜多郡内子町平岡甲１５６９","gsi_common_id":"E3842200069201","coordinate_join_method":"matched_by_id"}},{"type":"Feature","geometry":{"type":"Point","coordinates":[132.65933115019,33.532976633822]},"properties":{"common_id":"E3842200068201","name":"町民広場","address_pref":"愛媛県喜多郡内子町平岡甲１４１－１","address_city":null,"address_detail":null,"contact":"0893-44-2111","flood":null,"landslide":"1","storm_surge":null,"earthquake":"1","tsunami":null,"large_fire":"1","inland_flood":null,"volcano":null,"shelter_overlap":null,"capacity":"480","capacity_basis":null,"notes":null,"changed":null,"new":null,"address":"愛媛県喜多郡内子町平岡甲１４１－１","gsi_common_id":"E3842200068201","coordinate_join_method":"matched_by_id"}},{"type":"Feature","geometry":{"type":"Point","coordinates":[132.81175042959,33.590262497792]},"properties":{"common_id":"E3842200066201","name":"平野自治会館","address_pref":"愛媛県喜多郡内子町日野川５４４","address_city":null,"address_detail":null,"contact":"0892-52-2984","flood":null,"landslide":null,"storm_surge":null,"earthquake":"1","tsunami":null,"large_fire":"1","inland_flood":null,"volcano":null,"shelter_overlap":"1","capacity":"130","capacity_basis":null,"notes":null,"changed":null,"new":null,"address":"愛媛県喜多郡内子町日野川５４４","gsi_common_id":"E3842200066201","coordinate_join_method":"matched_by_id"}},{"type":"Feature","geometry":{"type":"Point","coordinates":[132.83542577538,33.57479871947]},"properties":{"common_id":"E3842200051201","name":"参川地区体育館","address_pref":"愛媛県喜多郡内子町中川３３５６","address_city":null,"address_detail":null,"contact":"0892-52-2169","flood":null,"landslide":"1","storm_surge":null,"earthquake":"1","tsunami":null,"large_fire":"1","inland_flood":null,"volcano":null,"shelter_overlap":"1","capacity":"450","capacity_basis":null,"notes":null,"changed":null,"new":null,"address":"愛媛県喜多郡内子町中川３３５６","gsi_common_id":"E3842200051201","coordinate_join_method":"matched_by_id"}},{"type":"Feature","geometry":{"type":"Point","coordinates":[132.791936,33.5670109991]},"properties":{"common_id":"E3842200023201","name":"内子高等学校小田分校","address_pref":"愛媛県喜多郡内子町寺村９７８","address_city":null,"address_detail":null,"contact":"0892-52-2042","flood":"1","landslide":"1","storm_surge":null,"earthquake":"1","tsunami":null,"large_fire":"1","inland_flood":null,"volcano":null,"shelter_overlap":"1","capacity":"2100","capacity_basis":null,"notes":null,"changed":null,"new":null,"address":"愛媛県喜多郡内子町寺村９７８","gsi_common_id":"E3842200023201","coordinate_join_method":"matched_by_id"}},{"type":"Feature","geometry":{"type":"Point","coordinates":[132.795488,33.569264]},"properties":{"common_id":"E3842200022201","name":"小田小学校・小田中学校","address_pref":"愛媛県喜多郡内子町寺村５５７","address_city":null,"address_detail":null,"contact":"0892-52-2318","flood":null,"landslide":"1","storm_surge":null,"earthquake":"1","tsunami":null,"large_fire":"1","inland_flood":null,"volcano":null,"shelter_overlap":"1","capacity":"550","capacity_basis":null,"notes":null,"changed":null,"new":null,"address":"愛媛県喜多郡内子町寺村５５７","gsi_common_id":"E3842200022201","coordinate_join_method":"matched_by_id"}},{"type":"Feature","geometry":{"type":"Point","coordinates":[132.78824542,33.5711208698]},"properties":{"common_id":"E3842200020201","name":"花の木公園","address_pref":"愛媛県喜多郡内子町寺村１４４３","address_city":null,"address_detail":null,"contact":"0892-52-2983","flood":null,"landslide":null,"storm_surge":null,"earthquake":"1","tsunami":null,"large_fire":"1","inland_flood":null,"volcano":null,"shelter_overlap":null,"capacity":"280","capacity_basis":null,"notes":null,"changed":null,"new":null,"address":"愛媛県喜多郡内子町寺村１４４３","gsi_common_id":"E3842200020201","coordinate_join_method":"matched_by_id"}},{"type":"Feature","geometry":{"type":"Point","coordinates":[132.768717,33.56214]},"properties":{"common_id":"E3842200083201","name":"立石自治会館","address_pref":"愛媛県喜多郡内子町立石９３６","address_city":null,"address_detail":null,"contact":"0892-52-2977","flood":"1","landslide":null,"storm_surge":null,"earthquake":"1","tsunami":null,"large_fire":"1","inland_flood":null,"volcano":null,"shelter_overlap":"1","capacity":"790","capacity_basis":null,"notes":null,"changed":null,"new":null,"address":"愛媛県喜多郡内子町立石９３６","gsi_common_id":"E3842200083201","coordinate_join_method":"matched_by_id"}},{"type":"Feature","geometry":{"type":"Point","coordinates":[132.67485582098,33.59680882687]},"properties":{"common_id":"E3842200080201","name":"立川小学校","address_pref":"愛媛県喜多郡内子町立山１２７２","address_city":null,"address_detail":null,"contact":"0893-45-0301","flood":null,"landslide":null,"storm_surge":null,"earthquake":"1","tsunami":null,"large_fire":"1","inland_flood":null,"volcano":null,"shelter_overlap":"1","capacity":"1100","capacity_basis":null,"notes":null,"changed":null,"new":null,"address":"愛媛県喜多郡内子町立山１２７２","gsi_common_id":"E3842200080201","coordinate_join_method":"matched_by_id"}},{"type":"Feature","geometry":{"type":"Point","coordinates":[132.69884915132,33.525540556675]},"properties":{"common_id":"E3842200048201","name":"元御禊小学校","address_pref":"愛媛県喜多郡内子町只海甲４５６","address_city":null,"address_detail":null,"contact":"0893-43-1221","flood":"1","landslide":null,"storm_surge":null,"earthquake":"1","tsunami":null,"large_fire":"1","inland_flood":null,"volcano":null,"shelter_overlap":"1","capacity":"650","capacity_basis":null,"notes":null,"changed":null,"new":null,"address":"愛媛県喜多郡内子町只海甲４５６","gsi_common_id":"E3842200048201","coordinate_join_method":"matched_by_id"}},{"type":"Feature","geometry":{"type":"Point","coordinates":[132.65608443335,33.557137072803]},"properties":{"common_id":"E3842200035201","name":"うちこ福祉館駐車場","address_pref":"愛媛県喜多郡内子町城廻301－１","address_city":null,"address_detail":null,"contact":"0893-44-3410","flood":"1","landslide":"1","storm_surge":null,"earthquake":"1","tsunami":null,"large_fire":"1","inland_flood":null,"volcano":null,"shelter_overlap":null,"capacity":"230","capacity_basis":null,"notes":null,"changed":null,"new":null,"address":"愛媛県喜多郡内子町城廻301－１","gsi_common_id":"E3842200035201","coordinate_join_method":"matched_by_id"}},{"type":"Feature","geometry":{"type":"Point","coordinates":[132.65585671637,33.55829470735]},"properties":{"common_id":"E3842200034201","name":"五城保育所","address_pref":"愛媛県喜多郡内子町城廻２７５－11","address_city":null,"address_detail":null,"contact":"0893-44-4700","flood":"1","landslide":"1","storm_surge":null,"earthquake":"1","tsunami":null,"large_fire":"1","inland_flood":null,"volcano":null,"shelter_overlap":null,"capacity":"300","capacity_basis":null,"notes":null,"changed":null,"new":null,"address":"愛媛県喜多郡内子町城廻２７５－11","gsi_common_id":"E3842200034201","coordinate_join_method":"matched_by_id"}},{"type":"Feature","geometry":{"type":"Point","coordinates":[132.690833,33.584137]},"properties":{"common_id":"E3842200017201","name":"長田体育広場","address_pref":"愛媛県喜多郡内子町五百木４０７１－２","address_city":null,"address_detail":null,"contact":"0893-45-3234","flood":"1","landslide":"1","storm_surge":null,"earthquake":"1","tsunami":null,"large_fire":"1","inland_flood":null,"volcano":null,"shelter_overlap":null,"capacity":"870","capacity_basis":null,"notes":null,"changed":null,"new":null,"address":"愛媛県喜多郡内子町五百木４０７１－２","gsi_common_id":"E3842200017201","coordinate_join_method":"matched_by_id"}},{"type":"Feature","geometry":{"type":"Point","coordinates":[132.69836212108,33.56850608277]},"properties":{"common_id":"E3842200016201","name":"和田自治会館","address_pref":"愛媛県喜多郡内子町五百木２２６３－１","address_city":null,"address_detail":null,"contact":"0893-47-0854","flood":"1","landslide":null,"storm_surge":null,"earthquake":"1","tsunami":null,"large_fire":"1","inland_flood":null,"volcano":null,"shelter_overlap":"1","capacity":"280","capacity_basis":null,"notes":null,"changed":null,"new":null,"address":"愛媛県喜多郡内子町五百木２２６３－１","gsi_common_id":"E3842200016201","coordinate_join_method":"matched_by_id"}},{"type":"Feature","geometry":{"type":"Point","coordinates":[132.65821077651,33.558956816365]},"properties":{"common_id":"E3842200014201","name":"内子東自治センター","address_pref":"愛媛県喜多郡内子町五百木１８７","address_city":null,"address_detail":null,"contact":"0893-43-0136","flood":null,"landslide":"1","storm_surge":null,"earthquake":"1","tsunami":null,"large_fire":"1","inland_flood":null,"volcano":null,"shelter_overlap":"1","capacity":"2000","capacity_basis":null,"notes":null,"changed":null,"new":null,"address":"愛媛県喜多郡内子町五百木１８７","gsi_common_id":"E3842200014201","coordinate_join_method":"matched_by_id"}},{"type":"Feature","geometry":{"type":"Point","coordinates":[132.68081211241,33.607073423538]},"properties":{"common_id":"E3842200038201","name":"立川自治会館","address_pref":"愛媛県喜多郡内子町川中１９１３","address_city":null,"address_detail":null,"contact":"0893-45-0851","flood":null,"landslide":null,"storm_surge":null,"earthquake":"1","tsunami":null,"large_fire":"1","inland_flood":null,"volcano":null,"shelter_overlap":"1","capacity":"270","capacity_basis":null,"notes":null,"changed":null,"new":null,"address":"愛媛県喜多郡内子町川中１９１３","gsi_common_id":"E3842200038201","coordinate_join_method":"matched_by_id"}},{"type":"Feature","geometry":{"type":"Point","coordinates":[132.63886957805,33.598774564514]},"properties":{"common_id":"E3842200003201","name":"河内自治会館","address_pref":"愛媛県喜多郡内子町河内７７８－１","address_city":null,"address_detail":null,"contact":"0893-43-0170","flood":null,"landslide":null,"storm_surge":null,"earthquake":"1","tsunami":null,"large_fire":"1","inland_flood":null,"volcano":null,"shelter_overlap":"1","capacity":"840","capacity_basis":null,"notes":null,"changed":null,"new":null,"address":"愛媛県喜多郡内子町河内７７８－１","gsi_common_id":"E3842200003201","coordinate_join_method":"matched_by_id"}},{"type":"Feature","geometry":{"type":"Point","coordinates":[132.64825548213,33.578208007772]},"properties":{"common_id":"E3842200002201","name":"論田自治会館","address_pref":"愛媛県喜多郡内子町河内２５４５－１","address_city":null,"address_detail":null,"contact":"0893-43-0347","flood":"1","landslide":null,"storm_surge":null,"earthquake":"1","tsunami":null,"large_fire":"1","inland_flood":null,"volcano":null,"shelter_overlap":"1","capacity":"510","capacity_basis":null,"notes":null,"changed":null,"new":null,"address":"愛媛県喜多郡内子町河内２５４５－１","gsi_common_id":"E3842200002201","coordinate_join_method":"matched_by_id"}},{"type":"Feature","geometry":{"type":"Point","coordinates":[132.86535363578,33.577072835061]},"properties":{"common_id":"E3842200031201","name":"上川自治会館","address_pref":"愛媛県喜多郡内子町上川４０７０","address_city":null,"address_detail":null,"contact":"0892-52-2987","flood":null,"landslide":null,"storm_surge":null,"earthquake":"1","tsunami":null,"large_fire":"1","inland_flood":null,"volcano":null,"shelter_overlap":"1","capacity":"540","capacity_basis":null,"notes":null,"changed":null,"new":null,"address":"愛媛県喜多郡内子町上川４０７０","gsi_common_id":"E3842200031201","coordinate_join_method":"matched_by_id"}},{"type":"Feature","geometry":{"type":"Point","coordinates":[132.80312062565,33.567624978077]},"properties":{"common_id":"E3842200029201","name":"小田支所前広場","address_pref":"愛媛県喜多郡内子町小田８２","address_city":null,"address_detail":null,"contact":"0892-52-3111","flood":"1","landslide":"1","storm_surge":null,"earthquake":"1","tsunami":null,"large_fire":"1","inland_flood":null,"volcano":null,"shelter_overlap":null,"capacity":"480","capacity_basis":null,"notes":null,"changed":null,"new":null,"address":"愛媛県喜多郡内子町小田８２","gsi_common_id":"E3842200029201","coordinate_join_method":"matched_by_id"}},{"type":"Feature","geometry":{"type":"Point","coordinates":[132.806896983,33.5681640882]},"properties":{"common_id":"E3842200028201","name":"城の台公園","address_pref":"愛媛県喜多郡内子町小田４２０","address_city":null,"address_detail":null,"contact":"0892-52-2020","flood":"1","landslide":null,"storm_surge":null,"earthquake":"1","tsunami":null,"large_fire":"1","inland_flood":null,"volcano":null,"shelter_overlap":null,"capacity":"4500","capacity_basis":null,"notes":null,"changed":null,"new":null,"address":"愛媛県喜多郡内子町小田４２０","gsi_common_id":"E3842200028201","coordinate_join_method":"matched_by_id"}},{"type":"Feature","geometry":{"type":"Point","coordinates":[132.71960265314,33.55435142654]},"properties":{"common_id":"E3842200045201","name":"村前自治会館","address_pref":"愛媛県喜多郡内子町大瀬南５９０－１","address_city":null,"address_detail":null,"contact":"0893-47-0853","flood":"1","landslide":null,"storm_surge":null,"earthquake":"1","tsunami":null,"large_fire":"1","inland_flood":null,"volcano":null,"shelter_overlap":"1","capacity":"530","capacity_basis":null,"notes":null,"changed":null,"new":null,"address":"愛媛県喜多郡内子町大瀬南５９０－１","gsi_common_id":"E3842200045201","coordinate_join_method":"matched_by_id"}},{"type":"Feature","geometry":{"type":"Point","coordinates":[132.74299649914,33.54210828711]},"properties":{"common_id":"E3842200044201","name":"池田コミュニティ広場","address_pref":"愛媛県喜多郡内子町大瀬南４６３６","address_city":null,"address_detail":null,"contact":"0893-47-0852","flood":"1","landslide":null,"storm_surge":null,"earthquake":"1","tsunami":null,"large_fire":"1","inland_flood":null,"volcano":null,"shelter_overlap":null,"capacity":"400","capacity_basis":null,"notes":null,"changed":null,"new":null,"address":"愛媛県喜多郡内子町大瀬南４６３６","gsi_common_id":"E3842200044201","coordinate_join_method":"matched_by_id"}},{"type":"Feature","geometry":{"type":"Point","coordinates":[132.7488049559,33.584285591318]},"properties":{"common_id":"E3842200042201","name":"川登自治会館","address_pref":"愛媛県喜多郡内子町大瀬東３５８１","address_city":null,"address_detail":null,"contact":"0893-47-0858","flood":"1","landslide":null,"storm_surge":null,"earthquake":"1","tsunami":null,"large_fire":"1","inland_flood":null,"volcano":null,"shelter_overlap":"1","capacity":"320","capacity_basis":null,"notes":null,"changed":null,"new":null,"address":"愛媛県喜多郡内子町大瀬東３５８１","gsi_common_id":"E3842200042201","coordinate_join_method":"matched_by_id"}},{"type":"Feature","geometry":{"type":"Point","coordinates":[132.71341759694,33.572759185405]},"properties":{"common_id":"E3842200041201","name":"大瀬中学校","address_pref":"愛媛県喜多郡内子町大瀬中央５８８０","address_city":null,"address_detail":null,"contact":"0893-47-1141","flood":"1","landslide":null,"storm_surge":null,"earthquake":"1","tsunami":null,"large_fire":"1","inland_flood":null,"volcano":null,"shelter_overlap":"1","capacity":"3300","capacity_basis":null,"notes":null,"changed":null,"new":null,"address":"愛媛県喜多郡内子町大瀬中央５８８０","gsi_common_id":"E3842200041201","coordinate_join_method":"matched_by_id"}},{"type":"Feature","geometry":{"type":"Point","coordinates":[132.71787223407,33.574309804028]},"properties":{"common_id":"E3842200039201","name":"大瀬小学校","address_pref":"愛媛県喜多郡内子町大瀬中央４５６７ ","address_city":null,"address_detail":null,"contact":"0893-47-0002","flood":"1","landslide":null,"storm_surge":null,"earthquake":"1","tsunami":null,"large_fire":"1","inland_flood":null,"volcano":null,"shelter_overlap":"1","capacity":"1400","capacity_basis":null,"notes":null,"changed":null,"new":null,"address":"愛媛県喜多郡内子町大瀬中央４５６７ ","gsi_common_id":"E3842200039201","coordinate_join_method":"matched_by_id"}},{"type":"Feature","geometry":{"type":"Point","coordinates":[132.74299391821,33.610470087786]},"properties":{"common_id":"E3842200047201","name":"元程内小学校","address_pref":"愛媛県喜多郡内子町大瀬北９９０","address_city":null,"address_detail":null,"contact":"0893-44-2111","flood":"1","landslide":null,"storm_surge":null,"earthquake":"1","tsunami":null,"large_fire":"1","inland_flood":null,"volcano":null,"shelter_overlap":"1","capacity":"630","capacity_basis":null,"notes":null,"changed":null,"new":null,"address":"愛媛県喜多郡内子町大瀬北９９０","gsi_common_id":"E3842200047201","coordinate_join_method":"matched_by_id"}},{"type":"Feature","geometry":{"type":"Point","coordinates":[132.64894642656,33.551768334174]},"properties":{"common_id":"E3842200064201","name":"内の子広場","address_pref":"愛媛県喜多郡内子町内子３４５９－１","address_city":null,"address_detail":null,"contact":"0893-44-3073","flood":"1","landslide":"1","storm_surge":null,"earthquake":"1","tsunami":null,"large_fire":"1","inland_flood":null,"volcano":null,"shelter_overlap":null,"capacity":"1500","capacity_basis":null,"notes":null,"changed":null,"new":null,"address":"愛媛県喜多郡内子町内子３４５９－１","gsi_common_id":"E3842200064201","coordinate_join_method":"matched_by_id"}},{"type":"Feature","geometry":{"type":"Point","coordinates":[132.65047161158,33.552482841317]},"properties":{"common_id":"E3842200062201","name":"内子高等学校","address_pref":"愛媛県喜多郡内子町内子３３９７","address_city":null,"address_detail":null,"contact":"0893-44-2105","flood":"1","landslide":"1","storm_surge":null,"earthquake":"1","tsunami":null,"large_fire":"1","inland_flood":null,"volcano":null,"shelter_overlap":"1","capacity":"2600","capacity_basis":null,"notes":null,"changed":null,"new":null,"address":"愛媛県喜多郡内子町内子３３９７","gsi_common_id":"E3842200062201","coordinate_join_method":"matched_by_id"}},{"type":"Feature","geometry":{"type":"Point","coordinates":[132.6500753769,33.553657436425]},"properties":{"common_id":"E3842200059201","name":"内子小学校","address_pref":"愛媛県喜多郡内子町内子３１４７","address_city":null,"address_detail":null,"contact":"0893-44-2849","flood":"1","landslide":"1","storm_surge":null,"earthquake":"1","tsunami":null,"large_fire":"1","inland_flood":null,"volcano":null,"shelter_overlap":"1","capacity":"1400","capacity_basis":null,"notes":null,"changed":null,"new":null,"address":"愛媛県喜多郡内子町内子３１４７","gsi_common_id":"E3842200059201","coordinate_join_method":"matched_by_id"}},{"type":"Feature","geometry":{"type":"Point","coordinates":[132.65254423633,33.558166109013]},"properties":{"common_id":"E3842200058201","name":"内子中学校","address_pref":"愛媛県喜多郡内子町内子２７８９ ","address_city":null,"address_detail":null,"contact":"0893-44-3155","flood":"1","landslide":null,"storm_surge":null,"earthquake":"1","tsunami":null,"large_fire":"1","inland_flood":null,"volcano":null,"shelter_overlap":"1","capacity":"1900","capacity_basis":null,"notes":null,"changed":null,"new":null,"address":"愛媛県喜多郡内子町内子２７８９ ","gsi_common_id":"E3842200058201","coordinate_join_method":"matched_by_id"}},{"type":"Feature","geometry":{"type":"Point","coordinates":[132.65593984615,33.554498707867]},"properties":{"common_id":"E3842200056201","name":"内子幼稚園","address_pref":"愛媛県喜多郡内子町内子２４０５","address_city":null,"address_detail":null,"contact":"0893-44-2400","flood":"1","landslide":"1","storm_surge":null,"earthquake":"1","tsunami":null,"large_fire":"1","inland_flood":null,"volcano":null,"shelter_overlap":null,"capacity":"300","capacity_basis":null,"notes":null,"changed":null,"new":null,"address":"愛媛県喜多郡内子町内子２４０５","gsi_common_id":"E3842200056201","coordinate_join_method":"matched_by_id"}},{"type":"Feature","geometry":{"type":"Point","coordinates":[132.64272362615,33.548589305044]},"properties":{"common_id":"E3842200054201","name":"内子運動公園 ","address_pref":"愛媛県喜多郡内子町内子１７９","address_city":null,"address_detail":null,"contact":"0893-43-0353","flood":"1","landslide":"1","storm_surge":null,"earthquake":"1","tsunami":null,"large_fire":"1","inland_flood":null,"volcano":null,"shelter_overlap":null,"capacity":"7500","capacity_basis":null,"notes":null,"changed":null,"new":null,"address":"愛媛県喜多郡内子町内子１７９","gsi_common_id":"E3842200054201","coordinate_join_method":"matched_by_id"}},{"type":"Feature","geometry":{"type":"Point","coordinates":[132.823908,33.62289]},"properties":{"common_id":"E3842200001201","name":"臼杵自治会館","address_pref":"愛媛県喜多郡内子町臼杵３６８５","address_city":null,"address_detail":null,"contact":"089-969-2052","flood":"1","landslide":null,"storm_surge":null,"earthquake":"1","tsunami":null,"large_fire":"1","inland_flood":null,"volcano":null,"shelter_overlap":"1","capacity":"420","capacity_basis":null,"notes":null,"changed":null,"new":null,"address":"愛媛県喜多郡内子町臼杵３６８５","gsi_common_id":"E3842200001201","coordinate_join_method":"matched_by_id"}},{"type":"Feature","geometry":{"type":"Point","coordinates":[132.78818611662,33.613416174334]},"properties":{"common_id":"E3842200032201","name":"元田渡小学校","address_pref":"愛媛県喜多郡内子町上田渡２９４","address_city":null,"address_detail":null,"contact":"0892-52-3117","flood":"1","landslide":null,"storm_surge":null,"earthquake":"1","tsunami":null,"large_fire":"1","inland_flood":null,"volcano":null,"shelter_overlap":"1","capacity":"1000","capacity_basis":null,"notes":null,"changed":null,"new":null,"address":"愛媛県喜多郡内子町上田渡２９４","gsi_common_id":"E3842200032201","coordinate_join_method":"matched_by_id"}},{"type":"Feature","geometry":{"type":"Point","coordinates":[132.6362240385,33.621725666164]},"properties":{"common_id":"E3842200037201","name":"石畳小学校","address_pref":"愛媛県喜多郡内子町石畳４６３１","address_city":null,"address_detail":null,"contact":"0893-43-1679","flood":"1","landslide":null,"storm_surge":null,"earthquake":"1","tsunami":null,"large_fire":"1","inland_flood":null,"volcano":null,"shelter_overlap":"1","capacity":"750","capacity_basis":null,"notes":null,"changed":null,"new":null,"address":"愛媛県喜多郡内子町石畳４６３１","gsi_common_id":"E3842200037201","coordinate_join_method":"matched_by_id"}},{"type":"Feature","geometry":{"type":"Point","coordinates":[132.65472114205,33.534286406277]},"properties":{"common_id":"E3842200013201","name":"五十崎こども園","address_pref":"愛媛県喜多郡内子町五十崎甲９４５－１","address_city":null,"address_detail":null,"contact":"0893-44-2083","flood":null,"landslide":"1","storm_surge":null,"earthquake":null,"tsunami":null,"large_fire":"1","inland_flood":null,"volcano":null,"shelter_overlap":null,"capacity":"400","capacity_basis":null,"notes":null,"changed":null,"new":null,"address":"愛媛県喜多郡内子町五十崎甲９４５－１","gsi_common_id":"E3842200013201","coordinate_join_method":"matched_by_id"}},{"type":"Feature","geometry":{"type":"Point","coordinates":[132.6561521423,33.540874049694]},"properties":{"common_id":"E3842200009201","name":"五十崎小学校","address_pref":"愛媛県喜多郡内子町五十崎甲１４８５","address_city":null,"address_detail":null,"contact":"0893-44-2024","flood":"1","landslide":"1","storm_surge":null,"earthquake":"1","tsunami":null,"large_fire":"1","inland_flood":null,"volcano":null,"shelter_overlap":"1","capacity":"1800","capacity_basis":null,"notes":null,"changed":null,"new":null,"address":"愛媛県喜多郡内子町五十崎甲１４８５","gsi_common_id":"E3842200009201","coordinate_join_method":"matched_by_id"}},{"type":"Feature","geometry":{"type":"Point","coordinates":[132.654962235,33.5320298175]},"properties":{"common_id":"E3842200006201","name":"妙見公園","address_pref":"愛媛県喜多郡内子町五十崎乙３５７－１","address_city":null,"address_detail":null,"contact":"0893-44-2111","flood":"1","landslide":"1","storm_surge":null,"earthquake":"1","tsunami":null,"large_fire":"1","inland_flood":null,"volcano":null,"shelter_overlap":null,"capacity":"90","capacity_basis":null,"notes":null,"changed":null,"new":null,"address":"愛媛県喜多郡内子町五十崎乙３５７－１","gsi_common_id":"E3842200006201","coordinate_join_method":"matched_by_id"}},{"type":"Feature","geometry":{"type":"Point","coordinates":[132.3548608,33.489687]},"properties":{"common_id":"E3844200042201","name":"伊方小学校グラウンド","address_pref":"愛媛県西宇和郡伊方町湊浦993－1","address_city":null,"address_detail":null,"contact":"0894-38-0704","flood":null,"landslide":"1","storm_surge":null,"earthquake":"1","tsunami":null,"large_fire":"1","inland_flood":null,"volcano":null,"shelter_overlap":null,"capacity":"3220","capacity_basis":null,"notes":null,"changed":null,"new":null,"address":"愛媛県西宇和郡伊方町湊浦993－1","gsi_common_id":"E3844200042201","coordinate_join_method":"matched_by_id"}},{"type":"Feature","geometry":{"type":"Point","coordinates":[132.35444813509,33.489845251603]},"properties":{"common_id":"E3844200041202","name":"伊方小学校","address_pref":"愛媛県西宇和郡伊方町湊浦993-1","address_city":null,"address_detail":null,"contact":"0894-38-0704","flood":null,"landslide":"1","storm_surge":null,"earthquake":"1","tsunami":null,"large_fire":null,"inland_flood":null,"volcano":null,"shelter_overlap":"1","capacity":"792","capacity_basis":null,"notes":null,"changed":null,"new":null,"address":"愛媛県西宇和郡伊方町湊浦993-1","gsi_common_id":"E3844200041202","coordinate_join_method":"matched_by_id"}},{"type":"Feature","geometry":{"type":"Point","coordinates":[132.3549282505,33.490017494151]},"properties":{"common_id":"E3844200041201","name":"伊方小学校体育館","address_pref":"愛媛県西宇和郡伊方町湊浦993-1","address_city":null,"address_detail":null,"contact":"0894-38-0704","flood":null,"landslide":"1","storm_surge":null,"earthquake":"1","tsunami":null,"large_fire":null,"inland_flood":null,"volcano":null,"shelter_overlap":"1","capacity":"387","capacity_basis":null,"notes":null,"changed":null,"new":null,"address":"愛媛県西宇和郡伊方町湊浦993-1","gsi_common_id":"E3844200041201","coordinate_join_method":"matched_by_id"}},{"type":"Feature","geometry":{"type":"Point","coordinates":[132.35576510106,33.489605870663]},"properties":{"common_id":"E3844200039201","name":"伊方町中央保健ｾﾝﾀｰ","address_pref":"愛媛県西宇和郡伊方町湊浦866","address_city":null,"address_detail":null,"contact":"0894-38-1811","flood":null,"landslide":"1","storm_surge":null,"earthquake":"1","tsunami":null,"large_fire":null,"inland_flood":null,"volcano":null,"shelter_overlap":"1","capacity":"134","capacity_basis":null,"notes":null,"changed":null,"new":null,"address":"愛媛県西宇和郡伊方町湊浦866","gsi_common_id":"E3844200039201","coordinate_join_method":"matched_by_id"}},{"type":"Feature","geometry":{"type":"Point","coordinates":[132.35663088328,33.491499557287]},"properties":{"common_id":"E3844200037205","name":"伊方中学校グラウンド","address_pref":"愛媛県西宇和郡伊方町湊浦803－1","address_city":null,"address_detail":null,"contact":"0894-38-0711","flood":null,"landslide":"1","storm_surge":null,"earthquake":"1","tsunami":null,"large_fire":"1","inland_flood":null,"volcano":null,"shelter_overlap":null,"capacity":"4522","capacity_basis":null,"notes":null,"changed":null,"new":null,"address":"愛媛県西宇和郡伊方町湊浦803－1","gsi_common_id":"E3844200037205","coordinate_join_method":"matched_by_id"}},{"type":"Feature","geometry":{"type":"Point","coordinates":[132.35784324176,33.491978247359]},"properties":{"common_id":"E3844200037204","name":"伊方中学校","address_pref":"愛媛県西宇和郡伊方町湊浦803-1","address_city":null,"address_detail":null,"contact":"0894-38-0711","flood":null,"landslide":"1","storm_surge":null,"earthquake":"1","tsunami":null,"large_fire":null,"inland_flood":null,"volcano":null,"shelter_overlap":"1","capacity":"1847","capacity_basis":null,"notes":null,"changed":null,"new":null,"address":"愛媛県西宇和郡伊方町湊浦803-1","gsi_common_id":"E3844200037204","coordinate_join_method":"matched_by_id"}},{"type":"Feature","geometry":{"type":"Point","coordinates":[132.35733362204,33.491736665785]},"properties":{"common_id":"E3844200037203","name":"伊方中学校体育館","address_pref":"愛媛県西宇和郡伊方町湊浦803-1","address_city":null,"address_detail":null,"contact":"0894-38-0711","flood":null,"landslide":"1","storm_surge":null,"earthquake":"1","tsunami":null,"large_fire":null,"inland_flood":null,"volcano":null,"shelter_overlap":"1","capacity":"425","capacity_basis":null,"notes":null,"changed":null,"new":null,"address":"愛媛県西宇和郡伊方町湊浦803-1","gsi_common_id":"E3844200037203","coordinate_join_method":"matched_by_id"}},{"type":"Feature","geometry":{"type":"Point","coordinates":[132.35736849076,33.491459293516]},"properties":{"common_id":"E3844200037202","name":"伊方武道館","address_pref":"愛媛県西宇和郡伊方町湊浦803－1","address_city":null,"address_detail":null,"contact":"0894-38-2661","flood":null,"landslide":"1","storm_surge":null,"earthquake":"1","tsunami":null,"large_fire":null,"inland_flood":null,"volcano":null,"shelter_overlap":"1","capacity":"277","capacity_basis":null,"notes":null,"changed":null,"new":null,"address":"愛媛県西宇和郡伊方町湊浦803－1","gsi_common_id":"E3844200037202","coordinate_join_method":"matched_by_id"}},{"type":"Feature","geometry":{"type":"Point","coordinates":[132.35693933732,33.492081143011]},"properties":{"common_id":"E3844200037201","name":"伊方ｽﾎﾟｰﾂｾﾝﾀｰ","address_pref":"愛媛県西宇和郡伊方町湊浦803－1","address_city":null,"address_detail":null,"contact":"0894-38-2661","flood":null,"landslide":"1","storm_surge":null,"earthquake":"1","tsunami":null,"large_fire":null,"inland_flood":null,"volcano":null,"shelter_overlap":"1","capacity":"1029","capacity_basis":null,"notes":null,"changed":null,"new":null,"address":"愛媛県西宇和郡伊方町湊浦803－1","gsi_common_id":"E3844200037201","coordinate_join_method":"matched_by_id"}},{"type":"Feature","geometry":{"type":"Point","coordinates":[132.35453929589,33.488379711149]},"properties":{"common_id":"E3844200036201","name":"伊方町民会館\n(津波は３階以上を指定)","address_pref":"愛媛県西宇和郡伊方町湊浦1995－1","address_city":null,"address_detail":null,"contact":"0894-38-1020","flood":null,"landslide":"1","storm_surge":null,"earthquake":"1","tsunami":"1","large_fire":null,"inland_flood":null,"volcano":null,"shelter_overlap":"1","capacity":"866","capacity_basis":null,"notes":null,"changed":null,"new":null,"address":"愛媛県西宇和郡伊方町湊浦1995－1","gsi_common_id":"E3844200036201","coordinate_join_method":"matched_by_id"}},{"type":"Feature","geometry":{"type":"Point","coordinates":[132.35419060872,33.488214176227]},"properties":{"common_id":"E3844200035201","name":"生涯学習センター\n(津波は３階以上を指定)","address_pref":"愛媛県西宇和郡伊方町湊浦1992","address_city":null,"address_detail":null,"contact":"0894-38-2668","flood":null,"landslide":"1","storm_surge":null,"earthquake":"1","tsunami":"1","large_fire":null,"inland_flood":null,"volcano":null,"shelter_overlap":"1","capacity":"873","capacity_basis":null,"notes":null,"changed":null,"new":null,"address":"愛媛県西宇和郡伊方町湊浦1992","gsi_common_id":"E3844200035201","coordinate_join_method":"matched_by_id"}},{"type":"Feature","geometry":{"type":"Point","coordinates":[132.32018998178,33.469653126182]},"properties":{"common_id":"E3844200034202","name":"豊之浦小学校跡グラウンド","address_pref":"愛媛県西宇和郡伊方町豊之浦860","address_city":null,"address_detail":null,"contact":"0894-38-2655","flood":null,"landslide":"1","storm_surge":null,"earthquake":"1","tsunami":"1","large_fire":"1","inland_flood":null,"volcano":null,"shelter_overlap":null,"capacity":"717","capacity_basis":null,"notes":null,"changed":null,"new":null,"address":"愛媛県西宇和郡伊方町豊之浦860","gsi_common_id":"E3844200034202","coordinate_join_method":"matched_by_id"}},{"type":"Feature","geometry":{"type":"Point","coordinates":[132.32078006774,33.46953677923]},"properties":{"common_id":"E3844200034201","name":"豊之浦地区体育館","address_pref":"愛媛県西宇和郡伊方町豊之浦860","address_city":null,"address_detail":null,"contact":"0894-38-2655","flood":null,"landslide":"1","storm_surge":null,"earthquake":"1","tsunami":"1","large_fire":null,"inland_flood":null,"volcano":null,"shelter_overlap":"1","capacity":"272","capacity_basis":null,"notes":null,"changed":null,"new":null,"address":"愛媛県西宇和郡伊方町豊之浦860","gsi_common_id":"E3844200034201","coordinate_join_method":"matched_by_id"}},{"type":"Feature","geometry":{"type":"Point","coordinates":[132.13903205713,33.401298515701]},"properties":{"common_id":"E3844200033202","name":"三崎公民館二名津分館","address_pref":"愛媛県西宇和郡伊方町二名津442","address_city":null,"address_detail":null,"contact":"0894-54-1111","flood":null,"landslide":null,"storm_surge":null,"earthquake":null,"tsunami":"1","large_fire":null,"inland_flood":null,"volcano":null,"shelter_overlap":"1","capacity":"340","capacity_basis":null,"notes":null,"changed":null,"new":null,"address":"愛媛県西宇和郡伊方町二名津442","gsi_common_id":"E3844200033202","coordinate_join_method":"matched_by_id"}},{"type":"Feature","geometry":{"type":"Point","coordinates":[132.13934319338,33.400805889645]},"properties":{"common_id":"E3844200033201","name":"二名津地区体育館","address_pref":"愛媛県西宇和郡伊方町二名津442","address_city":null,"address_detail":null,"contact":"0894-54-1111","flood":null,"landslide":null,"storm_surge":null,"earthquake":"1","tsunami":"1","large_fire":null,"inland_flood":null,"volcano":null,"shelter_overlap":"1","capacity":"266","capacity_basis":null,"notes":null,"changed":null,"new":null,"address":"愛媛県西宇和郡伊方町二名津442","gsi_common_id":"E3844200033201","coordinate_join_method":"matched_by_id"}},{"type":"Feature","geometry":{"type":"Point","coordinates":[132.14149027865,33.401824372112]},"properties":{"common_id":"E3844200032202","name":"二名津小学校跡グラウンド","address_pref":"愛媛県西宇和郡伊方町二名津365","address_city":null,"address_detail":null,"contact":"0894-38-2655","flood":null,"landslide":null,"storm_surge":null,"earthquake":"1","tsunami":"1","large_fire":"1","inland_flood":null,"volcano":null,"shelter_overlap":null,"capacity":"1922","capacity_basis":null,"notes":null,"changed":null,"new":null,"address":"愛媛県西宇和郡伊方町二名津365","gsi_common_id":"E3844200032202","coordinate_join_method":"matched_by_id"}},{"type":"Feature","geometry":{"type":"Point","coordinates":[132.14181482594,33.402030377297]},"properties":{"common_id":"E3844200032201","name":"旧二名津小学校","address_pref":"愛媛県西宇和郡伊方町二名津365","address_city":null,"address_detail":null,"contact":"0894-54-1111","flood":null,"landslide":null,"storm_surge":null,"earthquake":"1","tsunami":"1","large_fire":null,"inland_flood":null,"volcano":null,"shelter_overlap":"1","capacity":"365","capacity_basis":null,"notes":null,"changed":null,"new":null,"address":"愛媛県西宇和郡伊方町二名津365","gsi_common_id":"E3844200032201","coordinate_join_method":"matched_by_id"}},{"type":"Feature","geometry":{"type":"Point","coordinates":[132.28712749469,33.464496380859]},"properties":{"common_id":"E3844200031202","name":"二見小学校跡グラウンド","address_pref":"愛媛県西宇和郡伊方町二見甲1239","address_city":null,"address_detail":null,"contact":"0894-38-2655","flood":null,"landslide":"1","storm_surge":null,"earthquake":"1","tsunami":null,"large_fire":"1","inland_flood":null,"volcano":null,"shelter_overlap":null,"capacity":"1412","capacity_basis":null,"notes":null,"changed":null,"new":null,"address":"愛媛県西宇和郡伊方町二見甲1239","gsi_common_id":"E3844200031202","coordinate_join_method":"matched_by_id"}},{"type":"Feature","geometry":{"type":"Point","coordinates":[132.28728038061,33.464664198671]},"properties":{"common_id":"E3844200031201","name":"二見地区体育館","address_pref":"愛媛県西宇和郡伊方町二見甲1239","address_city":null,"address_detail":null,"contact":"0894-39-0212","flood":null,"landslide":"1","storm_surge":null,"earthquake":"1","tsunami":null,"large_fire":null,"inland_flood":null,"volcano":null,"shelter_overlap":"1","capacity":"280","capacity_basis":null,"notes":null,"changed":null,"new":null,"address":"愛媛県西宇和郡伊方町二見甲1239","gsi_common_id":"E3844200031201","coordinate_join_method":"matched_by_id"}},{"type":"Feature","geometry":{"type":"Point","coordinates":[132.36799353248,33.47773644496]},"properties":{"common_id":"E3844200030203","name":"水ヶ浦小学校グラウンド","address_pref":"愛媛県西宇和郡伊方町中之浜10－1","address_city":null,"address_detail":null,"contact":"0894-38-0808","flood":null,"landslide":null,"storm_surge":null,"earthquake":"1","tsunami":"1","large_fire":"1","inland_flood":null,"volcano":null,"shelter_overlap":null,"capacity":"1171","capacity_basis":null,"notes":null,"changed":null,"new":null,"address":"愛媛県西宇和郡伊方町中之浜10－1","gsi_common_id":"E3844200030203","coordinate_join_method":"matched_by_id"}},{"type":"Feature","geometry":{"type":"Point","coordinates":[132.36798548587,33.477481400236]},"properties":{"common_id":"E3844200030202","name":"水ヶ浦小学校","address_pref":"愛媛県西宇和郡伊方町中之浜10-1","address_city":null,"address_detail":null,"contact":"0894-38-0808","flood":null,"landslide":null,"storm_surge":null,"earthquake":"1","tsunami":"1","large_fire":null,"inland_flood":null,"volcano":null,"shelter_overlap":"1","capacity":"858","capacity_basis":null,"notes":null,"changed":null,"new":null,"address":"愛媛県西宇和郡伊方町中之浜10-1","gsi_common_id":"E3844200030202","coordinate_join_method":"matched_by_id"}},{"type":"Feature","geometry":{"type":"Point","coordinates":[132.36823761352,33.477834883076]},"properties":{"common_id":"E3844200030201","name":"水ヶ浦小学校体育館","address_pref":"愛媛県西宇和郡伊方町中之浜10-1","address_city":null,"address_detail":null,"contact":"0894-38-0808","flood":null,"landslide":null,"storm_surge":null,"earthquake":"1","tsunami":"1","large_fire":null,"inland_flood":null,"volcano":null,"shelter_overlap":"1","capacity":"313","capacity_basis":null,"notes":null,"changed":null,"new":null,"address":"愛媛県西宇和郡伊方町中之浜10-1","gsi_common_id":"E3844200030201","coordinate_join_method":"matched_by_id"}},{"type":"Feature","geometry":{"type":"Point","coordinates":[132.20313424355,33.425011025652]},"properties":{"common_id":"E3844200029201","name":"むかいパーク","address_pref":"愛媛県西宇和郡伊方町大久3170－219","address_city":null,"address_detail":null,"contact":"0894-38-2651","flood":null,"landslide":"1","storm_surge":null,"earthquake":"1","tsunami":"1","large_fire":"1","inland_flood":null,"volcano":null,"shelter_overlap":null,"capacity":"312","capacity_basis":null,"notes":null,"changed":null,"new":null,"address":"愛媛県西宇和郡伊方町大久3170－219","gsi_common_id":"E3844200029201","coordinate_join_method":"matched_by_id"}},{"type":"Feature","geometry":{"type":"Point","coordinates":[132.19890845593,33.415238445344]},"properties":{"common_id":"E3844200028201","name":"四ツ浜地区体育館","address_pref":"愛媛県西宇和郡伊方町大久2516－1","address_city":null,"address_detail":null,"contact":"0894-57-2111","flood":null,"landslide":null,"storm_surge":null,"earthquake":"1","tsunami":null,"large_fire":null,"inland_flood":null,"volcano":null,"shelter_overlap":"1","capacity":"376","capacity_basis":null,"notes":null,"changed":null,"new":null,"address":"愛媛県西宇和郡伊方町大久2516－1","gsi_common_id":"E3844200028201","coordinate_join_method":"matched_by_id"}},{"type":"Feature","geometry":{"type":"Point","coordinates":[132.19774343685,33.421549221321]},"properties":{"common_id":"E3844200027201","name":"瀬戸アグリトピア","address_pref":"愛媛県西宇和郡伊方町大久2465-1","address_city":null,"address_detail":null,"contact":"0894-53-0002","flood":null,"landslide":"1","storm_surge":null,"earthquake":"1","tsunami":"1","large_fire":null,"inland_flood":null,"volcano":null,"shelter_overlap":"1","capacity":"308","capacity_basis":null,"notes":null,"changed":null,"new":null,"address":"愛媛県西宇和郡伊方町大久2465-1","gsi_common_id":"E3844200027201","coordinate_join_method":"matched_by_id"}},{"type":"Feature","geometry":{"type":"Point","coordinates":[132.19762099561,33.414972022535]},"properties":{"common_id":"E3844200026202","name":"大久小学校グラウンド","address_pref":"愛媛県西宇和郡伊方町大久1638","address_city":null,"address_detail":null,"contact":"0894-53-0008","flood":null,"landslide":null,"storm_surge":null,"earthquake":"1","tsunami":null,"large_fire":"1","inland_flood":null,"volcano":null,"shelter_overlap":null,"capacity":"1934","capacity_basis":null,"notes":null,"changed":null,"new":null,"address":"愛媛県西宇和郡伊方町大久1638","gsi_common_id":"E3844200026202","coordinate_join_method":"matched_by_id"}},{"type":"Feature","geometry":{"type":"Point","coordinates":[132.19822181043,33.415148891551]},"properties":{"common_id":"E3844200026201","name":"大久小学校","address_pref":"愛媛県西宇和郡伊方町大久1638","address_city":null,"address_detail":null,"contact":"0894-53-0008","flood":null,"landslide":null,"storm_surge":null,"earthquake":"1","tsunami":null,"large_fire":null,"inland_flood":null,"volcano":null,"shelter_overlap":"1","capacity":"940","capacity_basis":null,"notes":null,"changed":null,"new":null,"address":"愛媛県西宇和郡伊方町大久1638","gsi_common_id":"E3844200026201","coordinate_join_method":"matched_by_id"}},{"type":"Feature","geometry":{"type":"Point","coordinates":[132.2670419753,33.47033797331]},"properties":{"common_id":"E3844200025201","name":"足成小学校跡グラウンド","address_pref":"愛媛県西宇和郡伊方町足成655","address_city":null,"address_detail":null,"contact":"0894-38-2655","flood":null,"landslide":null,"storm_surge":null,"earthquake":"1","tsunami":"1","large_fire":"1","inland_flood":null,"volcano":null,"shelter_overlap":null,"capacity":"825","capacity_basis":null,"notes":null,"changed":null,"new":null,"address":"愛媛県西宇和郡伊方町足成655","gsi_common_id":"E3844200025201","coordinate_join_method":"matched_by_id"}},{"type":"Feature","geometry":{"type":"Point","coordinates":[132.32552855743,33.481543947257]},"properties":{"common_id":"E3844200023201","name":"伊方町地域振興ｾﾝﾀｰ","address_pref":"愛媛県西宇和郡伊方町川永田甲1534－1","address_city":null,"address_detail":null,"contact":"0894-38-2288","flood":null,"landslide":"1","storm_surge":null,"earthquake":"1","tsunami":"1","large_fire":null,"inland_flood":null,"volcano":null,"shelter_overlap":"1","capacity":"332","capacity_basis":null,"notes":null,"changed":null,"new":null,"address":"愛媛県西宇和郡伊方町川永田甲1534－1","gsi_common_id":"E3844200023201","coordinate_join_method":"matched_by_id"}},{"type":"Feature","geometry":{"type":"Point","coordinates":[132.32622406381,33.48056831509]},"properties":{"common_id":"E3844200022201","name":"伊方町民グラウンド","address_pref":"愛媛県西宇和郡伊方町川永田乙43","address_city":null,"address_detail":null,"contact":"0894-38-2661","flood":null,"landslide":"1","storm_surge":null,"earthquake":"1","tsunami":"1","large_fire":"1","inland_flood":null,"volcano":null,"shelter_overlap":null,"capacity":"6600","capacity_basis":null,"notes":null,"changed":null,"new":null,"address":"愛媛県西宇和郡伊方町川永田乙43","gsi_common_id":"E3844200022201","coordinate_join_method":"matched_by_id"}},{"type":"Feature","geometry":{"type":"Point","coordinates":[132.19837135731,33.445918333309]},"properties":{"common_id":"E3844200021201","name":"小島小学校跡グラウンド","address_pref":"愛媛県西宇和郡伊方町小島甲1398－3","address_city":null,"address_detail":null,"contact":"0894-38-2655","flood":null,"landslide":null,"storm_surge":null,"earthquake":"1","tsunami":"1","large_fire":"1","inland_flood":null,"volcano":null,"shelter_overlap":null,"capacity":"780","capacity_basis":null,"notes":null,"changed":null,"new":null,"address":"愛媛県西宇和郡伊方町小島甲1398－3","gsi_common_id":"E3844200021201","coordinate_join_method":"matched_by_id"}},{"type":"Feature","geometry":{"type":"Point","coordinates":[132.12431732574,33.388632635184]},"properties":{"common_id":"E3844200020202","name":"三崎中学校グラウンド","address_pref":"愛媛県西宇和郡伊方町三崎908","address_city":null,"address_detail":null,"contact":"0894-54-0033","flood":null,"landslide":null,"storm_surge":null,"earthquake":"1","tsunami":null,"large_fire":"1","inland_flood":null,"volcano":null,"shelter_overlap":null,"capacity":"6126","capacity_basis":null,"notes":null,"changed":null,"new":null,"address":"愛媛県西宇和郡伊方町三崎908","gsi_common_id":"E3844200020202","coordinate_join_method":"matched_by_id"}},{"type":"Feature","geometry":{"type":"Point","coordinates":[132.12382696155,33.389018869803]},"properties":{"common_id":"E3844200020201","name":"三崎中学校","address_pref":"愛媛県西宇和郡伊方町三崎908","address_city":null,"address_detail":null,"contact":"0894-54-0033","flood":null,"landslide":null,"storm_surge":null,"earthquake":"1","tsunami":null,"large_fire":null,"inland_flood":null,"volcano":null,"shelter_overlap":"1","capacity":"1153","capacity_basis":null,"notes":null,"changed":null,"new":null,"address":"愛媛県西宇和郡伊方町三崎908","gsi_common_id":"E3844200020201","coordinate_join_method":"matched_by_id"}},{"type":"Feature","geometry":{"type":"Point","coordinates":[132.12338928141,33.3884176401]},"properties":{"common_id":"E3844200019203","name":"三崎小学校グラウンド","address_pref":"愛媛県西宇和郡伊方町三崎907","address_city":null,"address_detail":null,"contact":"0894-54-0030","flood":null,"landslide":null,"storm_surge":null,"earthquake":"1","tsunami":null,"large_fire":"1","inland_flood":null,"volcano":null,"shelter_overlap":null,"capacity":"1066","capacity_basis":null,"notes":null,"changed":null,"new":null,"address":"愛媛県西宇和郡伊方町三崎907","gsi_common_id":"E3844200019203","coordinate_join_method":"matched_by_id"}},{"type":"Feature","geometry":{"type":"Point","coordinates":[132.1230298654,33.388507221449]},"properties":{"common_id":"E3844200019202","name":"三崎小中学校体育館","address_pref":"愛媛県西宇和郡伊方町三崎907","address_city":null,"address_detail":null,"contact":"0894-54-0030","flood":null,"landslide":null,"storm_surge":null,"earthquake":"1","tsunami":null,"large_fire":null,"inland_flood":null,"volcano":null,"shelter_overlap":"1","capacity":"454","capacity_basis":null,"notes":null,"changed":null,"new":null,"address":"愛媛県西宇和郡伊方町三崎907","gsi_common_id":"E3844200019202","coordinate_join_method":"matched_by_id"}},{"type":"Feature","geometry":{"type":"Point","coordinates":[132.12331417956,33.388789402097]},"properties":{"common_id":"E3844200019201","name":"三崎小学校","address_pref":"愛媛県西宇和郡伊方町三崎907","address_city":null,"address_detail":null,"contact":"0894-54-0030","flood":null,"landslide":null,"storm_surge":null,"earthquake":"1","tsunami":null,"large_fire":null,"inland_flood":null,"volcano":null,"shelter_overlap":"1","capacity":"892","capacity_basis":null,"notes":null,"changed":null,"new":null,"address":"愛媛県西宇和郡伊方町三崎907","gsi_common_id":"E3844200019201","coordinate_join_method":"matched_by_id"}},{"type":"Feature","geometry":{"type":"Point","coordinates":[132.12430144486,33.387660564665]},"properties":{"common_id":"E3844200018201","name":"三崎総合体育館","address_pref":"愛媛県西宇和郡伊方町三崎699","address_city":null,"address_detail":null,"contact":"0894-54-1111","flood":null,"landslide":null,"storm_surge":null,"earthquake":"1","tsunami":null,"large_fire":null,"inland_flood":null,"volcano":null,"shelter_overlap":"1","capacity":"939","capacity_basis":null,"notes":null,"changed":null,"new":null,"address":"愛媛県西宇和郡伊方町三崎699","gsi_common_id":"E3844200018201","coordinate_join_method":"matched_by_id"}},{"type":"Feature","geometry":{"type":"Point","coordinates":[132.12947007559,33.385676591572]},"properties":{"common_id":"E3844200017203","name":"三崎高等学校グラウンド","address_pref":"愛媛県西宇和郡伊方町三崎511","address_city":null,"address_detail":null,"contact":"0894-54-0550","flood":null,"landslide":"1","storm_surge":null,"earthquake":"1","tsunami":"1","large_fire":"1","inland_flood":null,"volcano":null,"shelter_overlap":null,"capacity":"5288","capacity_basis":null,"notes":null,"changed":null,"new":null,"address":"愛媛県西宇和郡伊方町三崎511","gsi_common_id":"E3844200017203","coordinate_join_method":"matched_by_id"}},{"type":"Feature","geometry":{"type":"Point","coordinates":[132.12933328293,33.384939758238]},"properties":{"common_id":"E3844200017202","name":"三崎高等学校","address_pref":"愛媛県西宇和郡伊方町三崎511","address_city":null,"address_detail":null,"contact":"0894-54-0550","flood":null,"landslide":"1","storm_surge":null,"earthquake":"1","tsunami":"1","large_fire":null,"inland_flood":null,"volcano":null,"shelter_overlap":"1","capacity":"451","capacity_basis":null,"notes":null,"changed":null,"new":null,"address":"愛媛県西宇和郡伊方町三崎511","gsi_common_id":"E3844200017202","coordinate_join_method":"matched_by_id"}},{"type":"Feature","geometry":{"type":"Point","coordinates":[132.12886121415,33.385038301659]},"properties":{"common_id":"E3844200017201","name":"三崎高等学校体育館","address_pref":"愛媛県西宇和郡伊方町三崎511","address_city":null,"address_detail":null,"contact":"0894-54-0550","flood":null,"landslide":"1","storm_surge":null,"earthquake":"1","tsunami":"1","large_fire":null,"inland_flood":null,"volcano":null,"shelter_overlap":"1","capacity":"333","capacity_basis":null,"notes":null,"changed":null,"new":null,"address":"愛媛県西宇和郡伊方町三崎511","gsi_common_id":"E3844200017201","coordinate_join_method":"matched_by_id"}},{"type":"Feature","geometry":{"type":"Point","coordinates":[132.11652667605,33.391313850021]},"properties":{"common_id":"E3844200015201","name":"三崎保健福祉ｾﾝﾀｰ","address_pref":"愛媛県西宇和郡伊方町三崎1700－16","address_city":null,"address_detail":null,"contact":"0894-54-1771","flood":null,"landslide":null,"storm_surge":null,"earthquake":"1","tsunami":null,"large_fire":null,"inland_flood":null,"volcano":null,"shelter_overlap":"1","capacity":"804","capacity_basis":null,"notes":null,"changed":null,"new":null,"address":"愛媛県西宇和郡伊方町三崎1700－16","gsi_common_id":"E3844200015201","coordinate_join_method":"matched_by_id"}},{"type":"Feature","geometry":{"type":"Point","coordinates":[132.25329441751,33.44981033548]},"properties":{"common_id":"E3844200014201","name":"瀬戸球場","address_pref":"愛媛県西宇和郡伊方町三机乙3340－1","address_city":null,"address_detail":null,"contact":"0894-57-2111","flood":null,"landslide":"1","storm_surge":null,"earthquake":"1","tsunami":"1","large_fire":"1","inland_flood":null,"volcano":null,"shelter_overlap":null,"capacity":"4300","capacity_basis":null,"notes":null,"changed":null,"new":null,"address":"愛媛県西宇和郡伊方町三机乙3340－1","gsi_common_id":"E3844200014201","coordinate_join_method":"matched_by_id"}},{"type":"Feature","geometry":{"type":"Point","coordinates":[132.25201768602,33.451526827687]},"properties":{"common_id":"E3844200013203","name":"瀬戸中学校グラウンド","address_pref":"愛媛県西宇和郡伊方町三机乙3305－1","address_city":null,"address_detail":null,"contact":"0894-52-0029","flood":null,"landslide":"1","storm_surge":null,"earthquake":"1","tsunami":"1","large_fire":"1","inland_flood":null,"volcano":null,"shelter_overlap":null,"capacity":"5271","capacity_basis":null,"notes":null,"changed":null,"new":null,"address":"愛媛県西宇和郡伊方町三机乙3305－1","gsi_common_id":"E3844200013203","coordinate_join_method":"matched_by_id"}},{"type":"Feature","geometry":{"type":"Point","coordinates":[132.25217325415,33.450765935725]},"properties":{"common_id":"E3844200013202","name":"瀬戸中学校","address_pref":"愛媛県西宇和郡伊方町三机乙3305－1","address_city":null,"address_detail":null,"contact":"0894-52-0029","flood":null,"landslide":"1","storm_surge":null,"earthquake":"1","tsunami":"1","large_fire":null,"inland_flood":null,"volcano":null,"shelter_overlap":"1","capacity":"1030","capacity_basis":null,"notes":null,"changed":null,"new":null,"address":"愛媛県西宇和郡伊方町三机乙3305－1","gsi_common_id":"E3844200013202","coordinate_join_method":"matched_by_id"}},{"type":"Feature","geometry":{"type":"Point","coordinates":[132.2524575683,33.450392201051]},"properties":{"common_id":"E3844200013201","name":"瀬戸総合体育館","address_pref":"愛媛県西宇和郡伊方町三机乙3305－1","address_city":null,"address_detail":null,"contact":"0894-57-2111","flood":null,"landslide":"1","storm_surge":null,"earthquake":"1","tsunami":"1","large_fire":null,"inland_flood":null,"volcano":null,"shelter_overlap":"1","capacity":"1009","capacity_basis":null,"notes":null,"changed":null,"new":null,"address":"愛媛県西宇和郡伊方町三机乙3305－1","gsi_common_id":"E3844200013201","coordinate_join_method":"matched_by_id"}},{"type":"Feature","geometry":{"type":"Point","coordinates":[132.24667228709,33.454164994363]},"properties":{"common_id":"E3844200012202","name":"三机小学校グラウンド","address_pref":"愛媛県西宇和郡伊方町三机乙2515","address_city":null,"address_detail":null,"contact":"0894-52-0025","flood":null,"landslide":null,"storm_surge":null,"earthquake":"1","tsunami":"1","large_fire":"1","inland_flood":null,"volcano":null,"shelter_overlap":null,"capacity":"3144","capacity_basis":null,"notes":null,"changed":null,"new":null,"address":"愛媛県西宇和郡伊方町三机乙2515","gsi_common_id":"E3844200012202","coordinate_join_method":"matched_by_id"}},{"type":"Feature","geometry":{"type":"Point","coordinates":[132.2469136859,33.453712949578]},"properties":{"common_id":"E3844200012201","name":"三机小学校","address_pref":"愛媛県西宇和郡伊方町三机乙2515","address_city":null,"address_detail":null,"contact":"0894-52-0025","flood":null,"landslide":null,"storm_surge":null,"earthquake":"1","tsunami":"1","large_fire":null,"inland_flood":null,"volcano":null,"shelter_overlap":"1","capacity":"976","capacity_basis":null,"notes":null,"changed":null,"new":null,"address":"愛媛県西宇和郡伊方町三机乙2515","gsi_common_id":"E3844200012201","coordinate_join_method":"matched_by_id"}},{"type":"Feature","geometry":{"type":"Point","coordinates":[132.24675953565,33.453416800445]},"properties":{"common_id":"E3844200011201","name":"三机地区体育館","address_pref":"愛媛県西宇和郡伊方町三机乙1895－1","address_city":null,"address_detail":null,"contact":"0894-57-2111","flood":null,"landslide":null,"storm_surge":null,"earthquake":"1","tsunami":"1","large_fire":null,"inland_flood":null,"volcano":null,"shelter_overlap":"1","capacity":"362","capacity_basis":null,"notes":null,"changed":null,"new":null,"address":"愛媛県西宇和郡伊方町三机乙1895－1","gsi_common_id":"E3844200011201","coordinate_join_method":"matched_by_id"}},{"type":"Feature","geometry":{"type":"Point","coordinates":[132.24413810681,33.45695889827]},"properties":{"common_id":"E3844200009201","name":"瀬戸町民センター","address_pref":"愛媛県西宇和郡伊方町三机乙1084－1","address_city":null,"address_detail":null,"contact":"0894-57-2111","flood":null,"landslide":null,"storm_surge":null,"earthquake":"1","tsunami":null,"large_fire":null,"inland_flood":null,"volcano":null,"shelter_overlap":"1","capacity":"345","capacity_basis":null,"notes":null,"changed":null,"new":null,"address":"愛媛県西宇和郡伊方町三机乙1084－1","gsi_common_id":"E3844200009201","coordinate_join_method":"matched_by_id"}},{"type":"Feature","geometry":{"type":"Point","coordinates":[132.05355275299,33.3730338993]},"properties":{"common_id":"E3844200008202","name":"佐田岬小学校跡グラウンド","address_pref":"愛媛県西宇和郡伊方町串473","address_city":null,"address_detail":null,"contact":"0894-38-2655","flood":null,"landslide":null,"storm_surge":null,"earthquake":"1","tsunami":"1","large_fire":"1","inland_flood":null,"volcano":null,"shelter_overlap":null,"capacity":"1000","capacity_basis":null,"notes":null,"changed":null,"new":null,"address":"愛媛県西宇和郡伊方町串473","gsi_common_id":"E3844200008202","coordinate_join_method":"matched_by_id"}},{"type":"Feature","geometry":{"type":"Point","coordinates":[132.05338377383,33.372899503329]},"properties":{"common_id":"E3844200008201","name":"旧佐田岬小学校","address_pref":"愛媛県西宇和郡伊方町串473","address_city":null,"address_detail":null,"contact":"0894-54-1111","flood":null,"landslide":null,"storm_surge":null,"earthquake":"1","tsunami":"1","large_fire":null,"inland_flood":null,"volcano":null,"shelter_overlap":"1","capacity":"355","capacity_basis":null,"notes":null,"changed":null,"new":null,"address":"愛媛県西宇和郡伊方町串473","gsi_common_id":"E3844200008201","coordinate_join_method":"matched_by_id"}},{"type":"Feature","geometry":{"type":"Point","coordinates":[132.0462844206,33.365973975132]},"properties":{"common_id":"E3844200007202","name":"串地区体育館グラウンド","address_pref":"愛媛県西宇和郡伊方町串110","address_city":null,"address_detail":null,"contact":"0894-38-2655","flood":null,"landslide":null,"storm_surge":null,"earthquake":"1","tsunami":null,"large_fire":"1","inland_flood":null,"volcano":null,"shelter_overlap":null,"capacity":"1913","capacity_basis":null,"notes":null,"changed":null,"new":null,"address":"愛媛県西宇和郡伊方町串110","gsi_common_id":"E3844200007202","coordinate_join_method":"matched_by_id"}},{"type":"Feature","geometry":{"type":"Point","coordinates":[132.04659019243,33.365718601885]},"properties":{"common_id":"E3844200007201","name":"串地区体育館","address_pref":"愛媛県西宇和郡伊方町串110","address_city":null,"address_detail":null,"contact":"0894-54-1111","flood":null,"landslide":null,"storm_surge":null,"earthquake":"1","tsunami":null,"large_fire":null,"inland_flood":null,"volcano":null,"shelter_overlap":"1","capacity":"414","capacity_basis":null,"notes":null,"changed":null,"new":null,"address":"愛媛県西宇和郡伊方町串110","gsi_common_id":"E3844200007201","coordinate_join_method":"matched_by_id"}},{"type":"Feature","geometry":{"type":"Point","coordinates":[132.31139191078,33.476771127197]},"properties":{"common_id":"E3844200005201","name":"町見体育館","address_pref":"愛媛県西宇和郡伊方町九町1－1807－1","address_city":null,"address_detail":null,"contact":"0894-39-0212","flood":null,"landslide":"1","storm_surge":null,"earthquake":"1","tsunami":null,"large_fire":null,"inland_flood":null,"volcano":null,"shelter_overlap":"1","capacity":"643","capacity_basis":null,"notes":null,"changed":null,"new":null,"address":"愛媛県西宇和郡伊方町九町1－1807－1","gsi_common_id":"E3844200005201","coordinate_join_method":"matched_by_id"}},{"type":"Feature","geometry":{"type":"Point","coordinates":[132.30992449103,33.476224698437]},"properties":{"common_id":"E3844200004201","name":"町見公民館","address_pref":"愛媛県西宇和郡伊方町九町1－1800－6","address_city":null,"address_detail":null,"contact":"0894-39-0212","flood":null,"landslide":null,"storm_surge":null,"earthquake":"1","tsunami":null,"large_fire":null,"inland_flood":null,"volcano":null,"shelter_overlap":"1","capacity":"157","capacity_basis":null,"notes":null,"changed":null,"new":null,"address":"愛媛県西宇和郡伊方町九町1－1800－6","gsi_common_id":"E3844200004201","coordinate_join_method":"matched_by_id"}},{"type":"Feature","geometry":{"type":"Point","coordinates":[132.307492015,33.474460806947]},"properties":{"common_id":"E3844200003203","name":"九町小学校グラウンド","address_pref":"愛媛県西宇和郡伊方町九町1－1712－1","address_city":null,"address_detail":null,"contact":"0894-39-0742","flood":null,"landslide":null,"storm_surge":null,"earthquake":"1","tsunami":null,"large_fire":"1","inland_flood":null,"volcano":null,"shelter_overlap":null,"capacity":"3407","capacity_basis":null,"notes":null,"changed":null,"new":null,"address":"愛媛県西宇和郡伊方町九町1－1712－1","gsi_common_id":"E3844200003203","coordinate_join_method":"matched_by_id"}},{"type":"Feature","geometry":{"type":"Point","coordinates":[132.30715137446,33.474870234757]},"properties":{"common_id":"E3844200003202","name":"九町小学校","address_pref":"愛媛県西宇和郡伊方町九町1-1712-1","address_city":null,"address_detail":null,"contact":"0894-39-0742","flood":null,"landslide":null,"storm_surge":null,"earthquake":"1","tsunami":null,"large_fire":null,"inland_flood":null,"volcano":null,"shelter_overlap":"1","capacity":"916","capacity_basis":null,"notes":null,"changed":null,"new":null,"address":"愛媛県西宇和郡伊方町九町1-1712-1","gsi_common_id":"E3844200003202","coordinate_join_method":"matched_by_id"}},{"type":"Feature","geometry":{"type":"Point","coordinates":[132.3070440861,33.474530163706]},"properties":{"common_id":"E3844200003201","name":"九町小学校体育館","address_pref":"愛媛県西宇和郡伊方町九町1-1712-1","address_city":null,"address_detail":null,"contact":"0894-39-0742","flood":null,"landslide":null,"storm_surge":null,"earthquake":"1","tsunami":null,"large_fire":null,"inland_flood":null,"volcano":null,"shelter_overlap":"1","capacity":"280","capacity_basis":null,"notes":null,"changed":null,"new":null,"address":"愛媛県西宇和郡伊方町九町1-1712-1","gsi_common_id":"E3844200003201","coordinate_join_method":"matched_by_id"}},{"type":"Feature","geometry":{"type":"Point","coordinates":[132.2566742759,33.444102317281]},"properties":{"common_id":"E3844200002201","name":"塩成小学校跡グラウンド","address_pref":"愛媛県西宇和郡伊方町塩成278","address_city":null,"address_detail":null,"contact":"0894-38-2655","flood":null,"landslide":null,"storm_surge":null,"earthquake":"1","tsunami":null,"large_fire":"1","inland_flood":null,"volcano":null,"shelter_overlap":null,"capacity":"675","capacity_basis":null,"notes":null,"changed":null,"new":null,"address":"愛媛県西宇和郡伊方町塩成278","gsi_common_id":"E3844200002201","coordinate_join_method":"matched_by_id"}},{"type":"Feature","geometry":{"type":"Point","coordinates":[132.33600912657,33.501324236031]},"properties":{"common_id":"E3844200001201","name":"有寿来体育館","address_pref":"愛媛県西宇和郡伊方町伊方越140-1","address_city":null,"address_detail":null,"contact":"0894-38-2655","flood":null,"landslide":"1","storm_surge":null,"earthquake":"1","tsunami":"1","large_fire":null,"inland_flood":null,"volcano":null,"shelter_overlap":"1","capacity":"210","capacity_basis":null,"notes":null,"changed":null,"new":null,"address":"愛媛県西宇和郡伊方町伊方越140-1","gsi_common_id":"E3844200001201","coordinate_join_method":"matched_by_id"}},{"type":"Feature","geometry":{"type":"Point","coordinates":[132.747306,33.229893]},"properties":{"common_id":"E3848400023201","name":"蕨生集会所グラウンド","address_pref":"愛媛県北宇和郡松野町大字蕨生2267-2外","address_city":null,"address_detail":null,"contact":"0895-42-1111","flood":null,"landslide":null,"storm_surge":null,"earthquake":null,"tsunami":null,"large_fire":"1","inland_flood":null,"volcano":null,"shelter_overlap":null,"capacity":"1300","capacity_basis":null,"notes":null,"changed":null,"new":null,"address":"愛媛県北宇和郡松野町大字蕨生2267-2外","gsi_common_id":"E3848400023201","coordinate_join_method":"matched_by_id"}},{"type":"Feature","geometry":{"type":"Point","coordinates":[132.729429,33.223682]},"properties":{"common_id":"E3848400024201","name":"吉野生多目的広場","address_pref":"愛媛県北宇和郡松野町大字吉野2695-1外","address_city":null,"address_detail":null,"contact":"0895-42-1111","flood":null,"landslide":null,"storm_surge":null,"earthquake":"1","tsunami":null,"large_fire":"1","inland_flood":null,"volcano":null,"shelter_overlap":null,"capacity":"400","capacity_basis":null,"notes":null,"changed":null,"new":null,"address":"愛媛県北宇和郡松野町大字吉野2695-1外","gsi_common_id":"E3848400024201","coordinate_join_method":"matched_by_id"}},{"type":"Feature","geometry":{"type":"Point","coordinates":[132.72932160602,33.223447148766]},"properties":{"common_id":"E3848400005202","name":"吉野生公民館前広場","address_pref":"愛媛県北宇和郡松野町大字吉野2668","address_city":null,"address_detail":null,"contact":"0895-42-1111","flood":null,"landslide":null,"storm_surge":null,"earthquake":"1","tsunami":null,"large_fire":"1","inland_flood":null,"volcano":null,"shelter_overlap":null,"capacity":"1100","capacity_basis":null,"notes":null,"changed":null,"new":null,"address":"愛媛県北宇和郡松野町大字吉野2668","gsi_common_id":"E3848400005202","coordinate_join_method":"matched_by_id"}},{"type":"Feature","geometry":{"type":"Point","coordinates":[132.729041,33.223727]},"properties":{"common_id":"E3848400005201","name":"吉野生交流促進センター","address_pref":"愛媛県北宇和郡松野町大字吉野2668","address_city":null,"address_detail":null,"contact":"0895-42-1111","flood":null,"landslide":"1","storm_surge":null,"earthquake":null,"tsunami":null,"large_fire":null,"inland_flood":null,"volcano":null,"shelter_overlap":"1","capacity":"500","capacity_basis":null,"notes":null,"changed":null,"new":null,"address":"愛媛県北宇和郡松野町大字吉野2668","gsi_common_id":"E3848400005201","coordinate_join_method":"matched_by_id"}},{"type":"Feature","geometry":{"type":"Point","coordinates":[132.73625718243,33.225776960257]},"properties":{"common_id":"E3848400004201","name":"松野東小学校グラウンド","address_pref":"愛媛県北宇和郡松野町大字吉野2160外","address_city":null,"address_detail":null,"contact":"0895-42-1111","flood":null,"landslide":null,"storm_surge":null,"earthquake":"1","tsunami":null,"large_fire":"1","inland_flood":null,"volcano":null,"shelter_overlap":null,"capacity":"5000","capacity_basis":null,"notes":null,"changed":null,"new":null,"address":"愛媛県北宇和郡松野町大字吉野2160外","gsi_common_id":"E3848400004201","coordinate_join_method":"matched_by_id"}},{"type":"Feature","geometry":{"type":"Point","coordinates":[132.69612224966,33.161332260095]},"properties":{"common_id":"E3848400022201","name":"目黒多目的広場","address_pref":"愛媛県北宇和郡松野町大字目黒637-2外","address_city":null,"address_detail":null,"contact":"0895-42-1111","flood":null,"landslide":null,"storm_surge":null,"earthquake":"1","tsunami":null,"large_fire":"1","inland_flood":null,"volcano":null,"shelter_overlap":null,"capacity":"800","capacity_basis":null,"notes":null,"changed":null,"new":null,"address":"愛媛県北宇和郡松野町大字目黒637-2外","gsi_common_id":"E3848400022201","coordinate_join_method":"matched_by_id"}},{"type":"Feature","geometry":{"type":"Point","coordinates":[132.69652547519,33.161648294961]},"properties":{"common_id":"E3848400021202","name":"目黒基幹集落センター前広場","address_pref":"愛媛県北宇和郡松野町大字目黒637-1","address_city":null,"address_detail":null,"contact":"0895-42-1111","flood":null,"landslide":null,"storm_surge":null,"earthquake":"1","tsunami":null,"large_fire":"1","inland_flood":null,"volcano":null,"shelter_overlap":null,"capacity":"500","capacity_basis":null,"notes":null,"changed":null,"new":null,"address":"愛媛県北宇和郡松野町大字目黒637-1","gsi_common_id":"E3848400021202","coordinate_join_method":"matched_by_id"}},{"type":"Feature","geometry":{"type":"Point","coordinates":[132.696376165,33.161495423221]},"properties":{"common_id":"E3848400021201","name":"目黒基幹集落センター","address_pref":"愛媛県北宇和郡松野町大字目黒637-1","address_city":null,"address_detail":null,"contact":"0895-42-1111","flood":"1","landslide":"1","storm_surge":null,"earthquake":null,"tsunami":null,"large_fire":null,"inland_flood":null,"volcano":null,"shelter_overlap":"1","capacity":"250","capacity_basis":null,"notes":null,"changed":null,"new":null,"address":"愛媛県北宇和郡松野町大字目黒637-1","gsi_common_id":"E3848400021201","coordinate_join_method":"matched_by_id"}},{"type":"Feature","geometry":{"type":"Point","coordinates":[132.69739119092,33.159895179101]},"properties":{"common_id":"E3848400020201","name":"旧松野南小学校グラウンド","address_pref":"愛媛県北宇和郡松野町大字目黒1460","address_city":null,"address_detail":null,"contact":"0895-42-1111","flood":null,"landslide":null,"storm_surge":null,"earthquake":"1","tsunami":null,"large_fire":"1","inland_flood":null,"volcano":null,"shelter_overlap":null,"capacity":"2100","capacity_basis":null,"notes":null,"changed":null,"new":null,"address":"愛媛県北宇和郡松野町大字目黒1460","gsi_common_id":"E3848400020201","coordinate_join_method":"matched_by_id"}},{"type":"Feature","geometry":{"type":"Point","coordinates":[132.710705492,33.227113787529]},"properties":{"common_id":"E3848400012202","name":"松野町役場前広場","address_pref":"愛媛県北宇和郡松野町大字松丸343","address_city":null,"address_detail":null,"contact":"0895-42-1111","flood":null,"landslide":null,"storm_surge":null,"earthquake":"1","tsunami":null,"large_fire":"1","inland_flood":null,"volcano":null,"shelter_overlap":null,"capacity":"3000","capacity_basis":null,"notes":null,"changed":null,"new":null,"address":"愛媛県北宇和郡松野町大字松丸343","gsi_common_id":"E3848400012202","coordinate_join_method":"matched_by_id"}},{"type":"Feature","geometry":{"type":"Point","coordinates":[132.71036270449,33.227377560902]},"properties":{"common_id":"E3848400011201","name":"松野町コミュニティセンター","address_pref":"愛媛県北宇和郡松野町大字松丸342外","address_city":null,"address_detail":null,"contact":"0895-42-1111","flood":"1","landslide":"1","storm_surge":null,"earthquake":null,"tsunami":null,"large_fire":null,"inland_flood":null,"volcano":null,"shelter_overlap":"1","capacity":"700","capacity_basis":null,"notes":null,"changed":null,"new":null,"address":"愛媛県北宇和郡松野町大字松丸342外","gsi_common_id":"E3848400011201","coordinate_join_method":"matched_by_id"}},{"type":"Feature","geometry":{"type":"Point","coordinates":[132.706805,33.2266097]},"properties":{"common_id":"E3848400009201","name":"虹の森まつの保育園","address_pref":"愛媛県北宇和郡松野町大字松丸166-1","address_city":null,"address_detail":null,"contact":"0895-42-1111","flood":"1","landslide":"1","storm_surge":null,"earthquake":null,"tsunami":null,"large_fire":null,"inland_flood":null,"volcano":null,"shelter_overlap":"1","capacity":"300","capacity_basis":null,"notes":null,"changed":null,"new":null,"address":"愛媛県北宇和郡松野町大字松丸166-1","gsi_common_id":"E3848400009201","coordinate_join_method":"matched_by_id"}},{"type":"Feature","geometry":{"type":"Point","coordinates":[132.70548404983,33.226706686378]},"properties":{"common_id":"E3848400010201","name":"スポーツ交流センター","address_pref":"愛媛県北宇和郡松野町大字松丸166-6","address_city":null,"address_detail":null,"contact":"0895-42-1111","flood":"1","landslide":"1","storm_surge":null,"earthquake":null,"tsunami":null,"large_fire":null,"inland_flood":null,"volcano":null,"shelter_overlap":"1","capacity":"900","capacity_basis":null,"notes":null,"changed":null,"new":null,"address":"愛媛県北宇和郡松野町大字松丸166-6","gsi_common_id":"E3848400010201","coordinate_join_method":"matched_by_id"}},{"type":"Feature","geometry":{"type":"Point","coordinates":[132.70655501503,33.226235728107]},"properties":{"common_id":"E3848400008201","name":"松野西小学校グラウンド","address_pref":"愛媛県北宇和郡松野町大字松丸165外","address_city":null,"address_detail":null,"contact":"0895-42-1111","flood":null,"landslide":null,"storm_surge":null,"earthquake":"1","tsunami":null,"large_fire":"1","inland_flood":null,"volcano":null,"shelter_overlap":null,"capacity":"5300","capacity_basis":null,"notes":null,"changed":null,"new":null,"address":"愛媛県北宇和郡松野町大字松丸165外","gsi_common_id":"E3848400008201","coordinate_join_method":"matched_by_id"}},{"type":"Feature","geometry":{"type":"Point","coordinates":[132.70674931342,33.225288561868]},"properties":{"common_id":"E3848400006201","name":"松丸スポーツ広場","address_pref":"愛媛県北宇和郡松野町大字松丸1581","address_city":null,"address_detail":null,"contact":"0895-42-1111","flood":null,"landslide":null,"storm_surge":null,"earthquake":"1","tsunami":null,"large_fire":"1","inland_flood":null,"volcano":null,"shelter_overlap":null,"capacity":"2900","capacity_basis":null,"notes":null,"changed":null,"new":null,"address":"愛媛県北宇和郡松野町大字松丸1581","gsi_common_id":"E3848400006201","coordinate_join_method":"matched_by_id"}},{"type":"Feature","geometry":{"type":"Point","coordinates":[132.7125418875,33.234057367679]},"properties":{"common_id":"E3848400001202","name":"松野中学校グラウンド","address_pref":"愛媛県北宇和郡松野町大字延野々1863-2","address_city":null,"address_detail":null,"contact":"0895-42-1111","flood":null,"landslide":null,"storm_surge":null,"earthquake":"1","tsunami":null,"large_fire":"1","inland_flood":null,"volcano":null,"shelter_overlap":null,"capacity":"8400","capacity_basis":null,"notes":null,"changed":null,"new":null,"address":"愛媛県北宇和郡松野町大字延野々1863-2","gsi_common_id":"E3848400001202","coordinate_join_method":"matched_by_id"}},{"type":"Feature","geometry":{"type":"Point","coordinates":[132.71336130185,33.233540238722]},"properties":{"common_id":"E3848400001201","name":"松野中学校体育館","address_pref":"愛媛県北宇和郡松野町大字延野々1863-2","address_city":null,"address_detail":null,"contact":"0895-42-1111","flood":"1","landslide":"1","storm_surge":null,"earthquake":null,"tsunami":null,"large_fire":null,"inland_flood":null,"volcano":null,"shelter_overlap":"1","capacity":"400","capacity_basis":null,"notes":null,"changed":null,"new":null,"address":"愛媛県北宇和郡松野町大字延野々1863-2","gsi_common_id":"E3848400001201","coordinate_join_method":"matched_by_id"}},{"type":"Feature","geometry":{"type":"Point","coordinates":[132.70001160438,33.239081915919]},"properties":{"common_id":"E3848400019201","name":"松野町隣保館グラウンド","address_pref":"愛媛県北宇和郡松野町大字豊岡807外","address_city":null,"address_detail":null,"contact":"0895-42-1111","flood":null,"landslide":null,"storm_surge":null,"earthquake":"1","tsunami":null,"large_fire":"1","inland_flood":null,"volcano":null,"shelter_overlap":null,"capacity":"900","capacity_basis":null,"notes":null,"changed":null,"new":null,"address":"愛媛県北宇和郡松野町大字豊岡807外","gsi_common_id":"E3848400019201","coordinate_join_method":"matched_by_id"}},{"type":"Feature","geometry":{"type":"Point","coordinates":[132.70471157363,33.2260335762]},"properties":{"common_id":"E3848400018201","name":"松野町多目的広場（森の国ドーム）","address_pref":"愛媛県北宇和郡松野町大字豊岡4610外","address_city":null,"address_detail":null,"contact":"0895-42-1111","flood":"1","landslide":"1","storm_surge":null,"earthquake":null,"tsunami":null,"large_fire":null,"inland_flood":null,"volcano":null,"shelter_overlap":"1","capacity":"750","capacity_basis":null,"notes":null,"changed":null,"new":null,"address":"愛媛県北宇和郡松野町大字豊岡4610外","gsi_common_id":"E3848400018201","coordinate_join_method":"matched_by_id"}},{"type":"Feature","geometry":{"type":"Point","coordinates":[132.69709157327,33.226380502751]},"properties":{"common_id":"E3848400015201","name":"豊岡前集会所グラウンド","address_pref":"愛媛県北宇和郡松野町大字豊岡3616外","address_city":null,"address_detail":null,"contact":"0895-42-1111","flood":null,"landslide":null,"storm_surge":null,"earthquake":"1","tsunami":null,"large_fire":"1","inland_flood":null,"volcano":null,"shelter_overlap":null,"capacity":"400","capacity_basis":null,"notes":null,"changed":null,"new":null,"address":"愛媛県北宇和郡松野町大字豊岡3616外","gsi_common_id":"E3848400015201","coordinate_join_method":"matched_by_id"}},{"type":"Feature","geometry":{"type":"Point","coordinates":[132.71130012207,33.214359441205]},"properties":{"common_id":"E3848400014201","name":"富岡公民館グラウンド","address_pref":"愛媛県北宇和郡松野町大字富岡525","address_city":null,"address_detail":null,"contact":"0895-42-1111","flood":null,"landslide":null,"storm_surge":null,"earthquake":"1","tsunami":null,"large_fire":"1","inland_flood":null,"volcano":null,"shelter_overlap":null,"capacity":"600","capacity_basis":null,"notes":null,"changed":null,"new":null,"address":"愛媛県北宇和郡松野町大字富岡525","gsi_common_id":"E3848400014201","coordinate_join_method":"matched_by_id"}},{"type":"Feature","geometry":{"type":"Point","coordinates":[132.73424676066,33.186516744783]},"properties":{"common_id":"E3848400013201","name":"上家地集会所前広場","address_pref":"愛媛県北宇和郡松野町大字上家地165","address_city":null,"address_detail":null,"contact":"0895-42-1111","flood":null,"landslide":null,"storm_surge":null,"earthquake":"1","tsunami":null,"large_fire":"1","inland_flood":null,"volcano":null,"shelter_overlap":null,"capacity":"800","capacity_basis":null,"notes":null,"changed":null,"new":null,"address":"愛媛県北宇和郡松野町大字上家地165","gsi_common_id":"E3848400013201","coordinate_join_method":"matched_by_id"}},{"type":"Feature","geometry":{"type":"Point","coordinates":[132.75819817026,33.237068392537]},"properties":{"common_id":"E3848400003201","name":"奥野川住民センター前広場","address_pref":"愛媛県北宇和郡松野町大字奥野川465外","address_city":null,"address_detail":null,"contact":"0895-42-1111","flood":null,"landslide":null,"storm_surge":null,"earthquake":null,"tsunami":null,"large_fire":"1","inland_flood":null,"volcano":null,"shelter_overlap":null,"capacity":"400","capacity_basis":null,"notes":null,"changed":null,"new":null,"address":"愛媛県北宇和郡松野町大字奥野川465外","gsi_common_id":"E3848400003201","coordinate_join_method":"matched_by_id"}},{"type":"Feature","geometry":{"type":"Point","coordinates":[132.71127820371,33.226924505274]},"properties":{"common_id":"E3848400012201","name":"松野町防災拠点施設","address_pref":"愛媛県松野町大字松丸３４３","address_city":null,"address_detail":null,"contact":"0895-42-1110","flood":"1","landslide":"1","storm_surge":null,"earthquake":"1","tsunami":null,"large_fire":"1","inland_flood":null,"volcano":null,"shelter_overlap":null,"capacity":"50","capacity_basis":null,"notes":null,"changed":null,"new":null,"address":"愛媛県松野町大字松丸３４３","gsi_common_id":"E3848400012201","coordinate_join_method":"matched_by_id"}},{"type":"Feature","geometry":{"type":"Point","coordinates":[132.74450043714,33.305083400543]},"properties":{"common_id":"E3848800005202","name":"三島小学校グラウンド","address_pref":"愛媛県北宇和郡鬼北町大字延川41","address_city":null,"address_detail":null,"contact":"0895-48-0011","flood":"1","landslide":"1","storm_surge":null,"earthquake":"1","tsunami":null,"large_fire":"1","inland_flood":null,"volcano":null,"shelter_overlap":null,"capacity":"7445","capacity_basis":null,"notes":null,"changed":null,"new":null,"address":"愛媛県北宇和郡鬼北町大字延川41","gsi_common_id":"E3848800005202","coordinate_join_method":"matched_by_id"}},{"type":"Feature","geometry":{"type":"Point","coordinates":[132.74440924203,33.305585535279]},"properties":{"common_id":"E3848800005201","name":"三島小学校体育館","address_pref":"愛媛県北宇和郡鬼北町大字延川41","address_city":null,"address_detail":null,"contact":"0895-48-0011","flood":"1","landslide":"1","storm_surge":null,"earthquake":"1","tsunami":null,"large_fire":"1","inland_flood":null,"volcano":null,"shelter_overlap":"1","capacity":"658","capacity_basis":null,"notes":null,"changed":null,"new":null,"address":"愛媛県北宇和郡鬼北町大字延川41","gsi_common_id":"E3848800005201","coordinate_join_method":"matched_by_id"}},{"type":"Feature","geometry":{"type":"Point","coordinates":[132.67225415492,33.250454062235]},"properties":{"common_id":"E3848800029202","name":"近永小学校グラウンド","address_pref":"愛媛県北宇和郡鬼北町大字奈良3774","address_city":null,"address_detail":null,"contact":"0895-45-1135","flood":"1","landslide":"1","storm_surge":null,"earthquake":"1","tsunami":null,"large_fire":"1","inland_flood":null,"volcano":null,"shelter_overlap":null,"capacity":"15700","capacity_basis":null,"notes":null,"changed":null,"new":null,"address":"愛媛県北宇和郡鬼北町大字奈良3774","gsi_common_id":"E3848800029202","coordinate_join_method":"matched_by_id"}},{"type":"Feature","geometry":{"type":"Point","coordinates":[132.6721575954,33.251292971104]},"properties":{"common_id":"E3848800029201","name":"近永小学校体育館","address_pref":"愛媛県北宇和郡鬼北町大字奈良3774","address_city":null,"address_detail":null,"contact":"0895-45-1135","flood":"1","landslide":"1","storm_surge":null,"earthquake":"1","tsunami":null,"large_fire":"1","inland_flood":null,"volcano":null,"shelter_overlap":"1","capacity":"703","capacity_basis":null,"notes":null,"changed":null,"new":null,"address":"愛媛県北宇和郡鬼北町大字奈良3774","gsi_common_id":"E3848800029201","coordinate_join_method":"matched_by_id"}},{"type":"Feature","geometry":{"type":"Point","coordinates":[132.6873300268,33.253800598575]},"properties":{"common_id":"E3848800003201","name":"道の駅三角ぼうし駐車場","address_pref":"愛媛県北宇和郡鬼北町大字永野市138-6","address_city":null,"address_detail":null,"contact":"0895-45-3751","flood":"1","landslide":"1","storm_surge":null,"earthquake":"1","tsunami":null,"large_fire":"1","inland_flood":null,"volcano":null,"shelter_overlap":null,"capacity":"1200","capacity_basis":null,"notes":null,"changed":null,"new":null,"address":"愛媛県北宇和郡鬼北町大字永野市138-6","gsi_common_id":"E3848800003201","coordinate_join_method":"matched_by_id"}},{"type":"Feature","geometry":{"type":"Point","coordinates":[132.68308442372,33.246879738568]},"properties":{"common_id":"E3848800002201","name":"鬼北総合公園グラウンド","address_pref":"愛媛県北宇和郡鬼北町大字永野市1290-1","address_city":null,"address_detail":null,"contact":"0895-45-3596","flood":"1","landslide":null,"storm_surge":null,"earthquake":"1","tsunami":null,"large_fire":"1","inland_flood":null,"volcano":null,"shelter_overlap":null,"capacity":"22000","capacity_basis":null,"notes":null,"changed":null,"new":null,"address":"愛媛県北宇和郡鬼北町大字永野市1290-1","gsi_common_id":"E3848800002201","coordinate_join_method":"matched_by_id"}},{"type":"Feature","geometry":{"type":"Point","coordinates":[132.68063237823,33.247658912794]},"properties":{"common_id":"E3848800001202","name":"広見中学校体育館","address_pref":"愛媛県北宇和郡鬼北町大字永野市1200","address_city":null,"address_detail":null,"contact":"0895-45-0035","flood":"1","landslide":"1","storm_surge":null,"earthquake":"1","tsunami":null,"large_fire":"1","inland_flood":null,"volcano":null,"shelter_overlap":"1","capacity":"1910","capacity_basis":null,"notes":null,"changed":null,"new":null,"address":"愛媛県北宇和郡鬼北町大字永野市1200","gsi_common_id":"E3848800001202","coordinate_join_method":"matched_by_id"}},{"type":"Feature","geometry":{"type":"Point","coordinates":[132.86784494587,33.323931576913]},"properties":{"common_id":"E3848800032201","name":"富母里施設グラウンド","address_pref":"愛媛県北宇和郡鬼北町大字父野川上93","address_city":null,"address_detail":null,"contact":"0895-44-2211","flood":"1","landslide":null,"storm_surge":null,"earthquake":"1","tsunami":null,"large_fire":"1","inland_flood":null,"volcano":null,"shelter_overlap":null,"capacity":"1520","capacity_basis":null,"notes":null,"changed":null,"new":null,"address":"愛媛県北宇和郡鬼北町大字父野川上93","gsi_common_id":"E3848800032201","coordinate_join_method":"matched_by_id"}},{"type":"Feature","geometry":{"type":"Point","coordinates":[132.6748809914,33.254254729879]},"properties":{"common_id":"E3848800022201","name":"北宇和高等学校グラウンド","address_pref":"愛媛県北宇和郡鬼北町大字近永942","address_city":null,"address_detail":null,"contact":"0895-45-1241","flood":"1","landslide":"1","storm_surge":null,"earthquake":"1","tsunami":null,"large_fire":"1","inland_flood":null,"volcano":null,"shelter_overlap":null,"capacity":"16001","capacity_basis":null,"notes":null,"changed":null,"new":null,"address":"愛媛県北宇和郡鬼北町大字近永942","gsi_common_id":"E3848800022201","coordinate_join_method":"matched_by_id"}},{"type":"Feature","geometry":{"type":"Point","coordinates":[132.68471715783,33.256447158225]},"properties":{"common_id":"E3848800020201","name":"近永公民館","address_pref":"愛媛県北宇和郡鬼北町大字近永797","address_city":null,"address_detail":null,"contact":"0895-45-1111","flood":"1","landslide":"1","storm_surge":null,"earthquake":"1","tsunami":null,"large_fire":"1","inland_flood":null,"volcano":null,"shelter_overlap":"1","capacity":"719","capacity_basis":null,"notes":null,"changed":null,"new":null,"address":"愛媛県北宇和郡鬼北町大字近永797","gsi_common_id":"E3848800020201","coordinate_join_method":"matched_by_id"}},{"type":"Feature","geometry":{"type":"Point","coordinates":[132.79980783104,33.331776312035]},"properties":{"common_id":"E3848800012201","name":"日吉小中学校グラウンド","address_pref":"愛媛県北宇和郡鬼北町大字下鍵山810","address_city":null,"address_detail":null,"contact":"0895-44-2023","flood":"1","landslide":null,"storm_surge":null,"earthquake":"1","tsunami":null,"large_fire":"1","inland_flood":null,"volcano":null,"shelter_overlap":null,"capacity":"5000","capacity_basis":null,"notes":null,"changed":null,"new":null,"address":"愛媛県北宇和郡鬼北町大字下鍵山810","gsi_common_id":"E3848800012201","coordinate_join_method":"matched_by_id"}},{"type":"Feature","geometry":{"type":"Point","coordinates":[132.799810058,33.3326862956]},"properties":{"common_id":"E3848800011201","name":"農林業者ﾄﾚｰﾆﾝｸﾞｾﾝﾀｰ","address_pref":"愛媛県北宇和郡鬼北町大字下鍵山734","address_city":null,"address_detail":null,"contact":"0895-44-2211","flood":"1","landslide":null,"storm_surge":null,"earthquake":"1","tsunami":null,"large_fire":"1","inland_flood":null,"volcano":null,"shelter_overlap":"1","capacity":"1085","capacity_basis":null,"notes":null,"changed":null,"new":null,"address":"愛媛県北宇和郡鬼北町大字下鍵山734","gsi_common_id":"E3848800011201","coordinate_join_method":"matched_by_id"}},{"type":"Feature","geometry":{"type":"Point","coordinates":[132.79842650366,33.330619005881]},"properties":{"common_id":"E3848800010201","name":"日吉夢産地駐車場","address_pref":"愛媛県北宇和郡鬼北町大字下鍵山54","address_city":null,"address_detail":null,"contact":"0895-44-2340","flood":"1","landslide":null,"storm_surge":null,"earthquake":"1","tsunami":null,"large_fire":"1","inland_flood":null,"volcano":null,"shelter_overlap":null,"capacity":"6247","capacity_basis":null,"notes":null,"changed":null,"new":null,"address":"愛媛県北宇和郡鬼北町大字下鍵山54","gsi_common_id":"E3848800010201","coordinate_join_method":"matched_by_id"}},{"type":"Feature","geometry":{"type":"Point","coordinates":[132.79740827146,33.334106262722]},"properties":{"common_id":"E3848800008201","name":"日吉住民センター","address_pref":"愛媛県北宇和郡鬼北町大字下鍵山463","address_city":null,"address_detail":null,"contact":"0895-44-2211","flood":"1","landslide":"1","storm_surge":null,"earthquake":"1","tsunami":null,"large_fire":"1","inland_flood":null,"volcano":null,"shelter_overlap":"1","capacity":"1228","capacity_basis":null,"notes":null,"changed":null,"new":null,"address":"愛媛県北宇和郡鬼北町大字下鍵山463","gsi_common_id":"E3848800008201","coordinate_join_method":"matched_by_id"}},{"type":"Feature","geometry":{"type":"Point","coordinates":[132.728505954,33.3009923426]},"properties":{"common_id":"E3848800024201","name":"三島グラウンド","address_pref":"愛媛県北宇和郡鬼北町大字小松235","address_city":null,"address_detail":null,"contact":"0895-48-0111","flood":"1","landslide":"1","storm_surge":null,"earthquake":"1","tsunami":null,"large_fire":"1","inland_flood":null,"volcano":null,"shelter_overlap":null,"capacity":"10060","capacity_basis":null,"notes":null,"changed":null,"new":null,"address":"愛媛県北宇和郡鬼北町大字小松235","gsi_common_id":"E3848800024201","coordinate_join_method":"matched_by_id"}},{"type":"Feature","geometry":{"type":"Point","coordinates":[132.74290665205,33.307032484228]},"properties":{"common_id":"E3848800023201","name":"三島公民館","address_pref":"愛媛県北宇和郡鬼北町大字小松1523","address_city":null,"address_detail":null,"contact":"0895-48-0111","flood":"1","landslide":null,"storm_surge":null,"earthquake":"1","tsunami":null,"large_fire":"1","inland_flood":null,"volcano":null,"shelter_overlap":"1","capacity":"606","capacity_basis":null,"notes":null,"changed":null,"new":null,"address":"愛媛県北宇和郡鬼北町大字小松1523","gsi_common_id":"E3848800023201","coordinate_join_method":"matched_by_id"}},{"type":"Feature","geometry":{"type":"Point","coordinates":[132.68625003326,33.301997694384]},"properties":{"common_id":"E3848800027202","name":"愛治小学校グラウンド","address_pref":"愛媛県北宇和郡鬼北町大字清水351","address_city":null,"address_detail":null,"contact":"0895-46-0007","flood":"1","landslide":null,"storm_surge":null,"earthquake":"1","tsunami":null,"large_fire":"1","inland_flood":null,"volcano":null,"shelter_overlap":null,"capacity":"5270","capacity_basis":null,"notes":null,"changed":null,"new":null,"address":"愛媛県北宇和郡鬼北町大字清水351","gsi_common_id":"E3848800027202","coordinate_join_method":"matched_by_id"}},{"type":"Feature","geometry":{"type":"Point","coordinates":[132.68649143207,33.302585033185]},"properties":{"common_id":"E3848800027201","name":"愛治小学校体育館","address_pref":"愛媛県北宇和郡鬼北町大字清水351","address_city":null,"address_detail":null,"contact":"0895-46-0007","flood":"1","landslide":null,"storm_surge":null,"earthquake":"1","tsunami":null,"large_fire":"1","inland_flood":null,"volcano":null,"shelter_overlap":"1","capacity":"749","capacity_basis":null,"notes":null,"changed":null,"new":null,"address":"愛媛県北宇和郡鬼北町大字清水351","gsi_common_id":"E3848800027201","coordinate_join_method":"matched_by_id"}},{"type":"Feature","geometry":{"type":"Point","coordinates":[132.69119,33.303466]},"properties":{"common_id":"E3848800026201","name":"愛治公民館","address_pref":"愛媛県北宇和郡鬼北町大字清水1043","address_city":null,"address_detail":null,"contact":"0895-46-0001","flood":"1","landslide":null,"storm_surge":null,"earthquake":"1","tsunami":null,"large_fire":"1","inland_flood":null,"volcano":null,"shelter_overlap":"1","capacity":"566","capacity_basis":null,"notes":null,"changed":null,"new":null,"address":"愛媛県北宇和郡鬼北町大字清水1043","gsi_common_id":"E3848800026201","coordinate_join_method":"matched_by_id"}},{"type":"Feature","geometry":{"type":"Point","coordinates":[132.65838431331,33.268412524823]},"properties":{"common_id":"E3848800031202","name":"好藤小学校グラウンド","address_pref":"愛媛県北宇和郡鬼北町大字内深田805-1","address_city":null,"address_detail":null,"contact":"0895-45-0077","flood":"1","landslide":null,"storm_surge":null,"earthquake":"1","tsunami":null,"large_fire":"1","inland_flood":null,"volcano":null,"shelter_overlap":null,"capacity":"6131","capacity_basis":null,"notes":null,"changed":null,"new":null,"address":"愛媛県北宇和郡鬼北町大字内深田805-1","gsi_common_id":"E3848800031202","coordinate_join_method":"matched_by_id"}},{"type":"Feature","geometry":{"type":"Point","coordinates":[132.658765187,33.269009060117]},"properties":{"common_id":"E3848800031201","name":"好藤小学校体育館","address_pref":"愛媛県北宇和郡鬼北町大字内深田805-1","address_city":null,"address_detail":null,"contact":"085-45-0077","flood":"1","landslide":null,"storm_surge":null,"earthquake":"1","tsunami":null,"large_fire":"1","inland_flood":null,"volcano":null,"shelter_overlap":"1","capacity":"473","capacity_basis":null,"notes":null,"changed":null,"new":null,"address":"愛媛県北宇和郡鬼北町大字内深田805-1","gsi_common_id":"E3848800031201","coordinate_join_method":"matched_by_id"}},{"type":"Feature","geometry":{"type":"Point","coordinates":[132.66251137302,33.26648932597]},"properties":{"common_id":"E3848800030201","name":"好藤公民館","address_pref":"愛媛県北宇和郡鬼北町大字内深田1174","address_city":null,"address_detail":null,"contact":"0895-45-0439","flood":"1","landslide":"1","storm_surge":null,"earthquake":"1","tsunami":null,"large_fire":"1","inland_flood":null,"volcano":null,"shelter_overlap":"1","capacity":"600","capacity_basis":null,"notes":null,"changed":null,"new":null,"address":"愛媛県北宇和郡鬼北町大字内深田1174","gsi_common_id":"E3848800030201","coordinate_join_method":"matched_by_id"}},{"type":"Feature","geometry":{"type":"Point","coordinates":[132.71231537671,33.263574097054]},"properties":{"common_id":"E3848800015201","name":"泉公民館","address_pref":"愛媛県北宇和郡鬼北町大字岩谷275","address_city":null,"address_detail":null,"contact":"0895-47-0353","flood":"1","landslide":"1","storm_surge":null,"earthquake":"1","tsunami":null,"large_fire":"1","inland_flood":null,"volcano":null,"shelter_overlap":"1","capacity":"528","capacity_basis":null,"notes":null,"changed":null,"new":null,"address":"愛媛県北宇和郡鬼北町大字岩谷275","gsi_common_id":"E3848800015201","coordinate_join_method":"matched_by_id"}},{"type":"Feature","geometry":{"type":"Point","coordinates":[132.7112120151,33.262950312486]},"properties":{"common_id":"E3848800014202","name":"泉小学校グラウンド","address_pref":"愛媛県北宇和郡鬼北町大字岩谷233-6","address_city":null,"address_detail":null,"contact":"0895-47-0518","flood":null,"landslide":"1","storm_surge":null,"earthquake":"1","tsunami":null,"large_fire":"1","inland_flood":null,"volcano":null,"shelter_overlap":null,"capacity":"5870","capacity_basis":null,"notes":null,"changed":null,"new":null,"address":"愛媛県北宇和郡鬼北町大字岩谷233-6","gsi_common_id":"E3848800014202","coordinate_join_method":"matched_by_id"}},{"type":"Feature","geometry":{"type":"Point","coordinates":[132.71165189738,33.263291211615]},"properties":{"common_id":"E3848800014201","name":"泉小学校 体育館","address_pref":"愛媛県北宇和郡鬼北町大字岩谷233-6","address_city":null,"address_detail":null,"contact":"0895-47-0518","flood":null,"landslide":"1","storm_surge":null,"earthquake":"1","tsunami":null,"large_fire":"1","inland_flood":null,"volcano":null,"shelter_overlap":"1","capacity":"680","capacity_basis":null,"notes":null,"changed":null,"new":null,"address":"愛媛県北宇和郡鬼北町大字岩谷233-6","gsi_common_id":"E3848800014201","coordinate_join_method":"matched_by_id"}},{"type":"Feature","geometry":{"type":"Point","coordinates":[132.68016567386,33.248524766085]},"properties":{"common_id":"E3848800001201","name":"広見中学校グラウンド","address_pref":"愛媛県北宇和郡鬼北町大字永野市1200","address_city":null,"address_detail":null,"contact":"0895-45-0035","flood":"1","landslide":"1","storm_surge":null,"earthquake":"1","tsunami":null,"large_fire":"1","inland_flood":null,"volcano":null,"shelter_overlap":null,"capacity":"26249","capacity_basis":null,"notes":null,"changed":null,"new":null,"address":"愛媛県北宇和郡鬼北町大字永野市1200","gsi_common_id":"E3848800001201","coordinate_join_method":"matched_by_id"}},{"type":"Feature","geometry":{"type":"Point","coordinates":[132.57878035727,32.946416344066]},"properties":{"common_id":"E3850600232201","name":"鯆越トンネル鯆越口付近","address_pref":"愛媛県南宇和郡愛南町鯆越114-3付近","address_city":null,"address_detail":null,"contact":"0895-72-0131","flood":null,"landslide":null,"storm_surge":null,"earthquake":"1","tsunami":"1","large_fire":null,"inland_flood":null,"volcano":null,"shelter_overlap":null,"capacity":null,"capacity_basis":null,"notes":null,"changed":null,"new":null,"address":"愛媛県南宇和郡愛南町鯆越114-3付近","gsi_common_id":"E3850600232201","coordinate_join_method":"matched_by_id"}},{"type":"Feature","geometry":{"type":"Point","coordinates":[132.65473674952,32.927547474309]},"properties":{"common_id":"E3850600231201","name":"脇本集会所上町道","address_pref":"愛媛県南宇和郡愛南町脇本637付近","address_city":null,"address_detail":null,"contact":"0895-72-0131","flood":null,"landslide":null,"storm_surge":null,"earthquake":"1","tsunami":"1","large_fire":null,"inland_flood":null,"volcano":null,"shelter_overlap":null,"capacity":null,"capacity_basis":null,"notes":null,"changed":null,"new":null,"address":"愛媛県南宇和郡愛南町脇本637付近","gsi_common_id":"E3850600231201","coordinate_join_method":"matched_by_id"}},{"type":"Feature","geometry":{"type":"Point","coordinates":[132.6023760965,32.97513667133]},"properties":{"common_id":"E3850600228201","name":"緑基幹集落センター（緑公民館）","address_pref":"愛媛県南宇和郡愛南町緑乙1514","address_city":null,"address_detail":null,"contact":"0895-70-1501","flood":"1","landslide":"1","storm_surge":"1","earthquake":null,"tsunami":null,"large_fire":"1","inland_flood":null,"volcano":null,"shelter_overlap":"1","capacity":"294","capacity_basis":null,"notes":null,"changed":null,"new":null,"address":"愛媛県南宇和郡愛南町緑乙1514","gsi_common_id":"E3850600228201","coordinate_join_method":"matched_by_id"}},{"type":"Feature","geometry":{"type":"Point","coordinates":[132.45755017126,33.049858437905]},"properties":{"common_id":"E3850600227201","name":"火打バス停上墓地","address_pref":"愛媛県南宇和郡愛南町油袋643","address_city":null,"address_detail":null,"contact":"0895-72-0131","flood":null,"landslide":null,"storm_surge":null,"earthquake":"1","tsunami":"1","large_fire":null,"inland_flood":null,"volcano":null,"shelter_overlap":null,"capacity":null,"capacity_basis":null,"notes":null,"changed":null,"new":null,"address":"愛媛県南宇和郡愛南町油袋643","gsi_common_id":"E3850600227201","coordinate_join_method":"matched_by_id"}},{"type":"Feature","geometry":{"type":"Point","coordinates":[132.4545436705,33.049814543297]},"properties":{"common_id":"E3850600226201","name":"油袋-火打バス停中間県道","address_pref":"愛媛県南宇和郡愛南町油袋554-1","address_city":null,"address_detail":null,"contact":"0895-72-0131","flood":null,"landslide":null,"storm_surge":null,"earthquake":"1","tsunami":"1","large_fire":null,"inland_flood":null,"volcano":null,"shelter_overlap":null,"capacity":null,"capacity_basis":null,"notes":null,"changed":null,"new":null,"address":"愛媛県南宇和郡愛南町油袋554-1","gsi_common_id":"E3850600226201","coordinate_join_method":"matched_by_id"}},{"type":"Feature","geometry":{"type":"Point","coordinates":[132.45345443802,33.048134067077]},"properties":{"common_id":"E3850600225201","name":"油袋県道広場","address_pref":"愛媛県南宇和郡愛南町油袋546-1付近","address_city":null,"address_detail":null,"contact":"0895-72-0131","flood":null,"landslide":null,"storm_surge":null,"earthquake":"1","tsunami":"1","large_fire":null,"inland_flood":null,"volcano":null,"shelter_overlap":null,"capacity":null,"capacity_basis":null,"notes":null,"changed":null,"new":null,"address":"愛媛県南宇和郡愛南町油袋546-1付近","gsi_common_id":"E3850600225201","coordinate_join_method":"matched_by_id"}},{"type":"Feature","geometry":{"type":"Point","coordinates":[132.44934529381,33.049302031294]},"properties":{"common_id":"E3850600224201","name":"油袋中里道奥（旧水源地）","address_pref":"愛媛県南宇和郡愛南町油袋431付近","address_city":null,"address_detail":null,"contact":"0895-72-0131","flood":null,"landslide":null,"storm_surge":null,"earthquake":"1","tsunami":"1","large_fire":null,"inland_flood":null,"volcano":null,"shelter_overlap":null,"capacity":null,"capacity_basis":null,"notes":null,"changed":null,"new":null,"address":"愛媛県南宇和郡愛南町油袋431付近","gsi_common_id":"E3850600224201","coordinate_join_method":"matched_by_id"}},{"type":"Feature","geometry":{"type":"Point","coordinates":[132.44855664315,33.04821237669]},"properties":{"common_id":"E3850600223201","name":"油袋墓地","address_pref":"愛媛県南宇和郡愛南町油袋369","address_city":null,"address_detail":null,"contact":"0895-72-0131","flood":null,"landslide":null,"storm_surge":null,"earthquake":"1","tsunami":"1","large_fire":null,"inland_flood":null,"volcano":null,"shelter_overlap":null,"capacity":null,"capacity_basis":null,"notes":null,"changed":null,"new":null,"address":"愛媛県南宇和郡愛南町油袋369","gsi_common_id":"E3850600223201","coordinate_join_method":"matched_by_id"}},{"type":"Feature","geometry":{"type":"Point","coordinates":[132.44811684209,33.044423232933]},"properties":{"common_id":"E3850600222201","name":"上の谷","address_pref":"愛媛県南宇和郡愛南町油袋289付近","address_city":null,"address_detail":null,"contact":"0895-72-0131","flood":null,"landslide":null,"storm_surge":null,"earthquake":"1","tsunami":"1","large_fire":null,"inland_flood":null,"volcano":null,"shelter_overlap":null,"capacity":null,"capacity_basis":null,"notes":null,"changed":null,"new":null,"address":"愛媛県南宇和郡愛南町油袋289付近","gsi_common_id":"E3850600222201","coordinate_join_method":"matched_by_id"}},{"type":"Feature","geometry":{"type":"Point","coordinates":[132.40639169403,33.040940886256]},"properties":{"common_id":"E3850600221201","name":"町道荒樫2号線-中腹","address_pref":"愛媛県南宇和郡愛南町網代511-2","address_city":null,"address_detail":null,"contact":"0895-72-0131","flood":null,"landslide":null,"storm_surge":null,"earthquake":"1","tsunami":"1","large_fire":null,"inland_flood":null,"volcano":null,"shelter_overlap":null,"capacity":null,"capacity_basis":null,"notes":null,"changed":null,"new":null,"address":"愛媛県南宇和郡愛南町網代511-2","gsi_common_id":"E3850600221201","coordinate_join_method":"matched_by_id"}},{"type":"Feature","geometry":{"type":"Point","coordinates":[132.40560945552,33.037880226658]},"properties":{"common_id":"E3850600220201","name":"本谷県道高台","address_pref":"愛媛県南宇和郡愛南町網代330付近","address_city":null,"address_detail":null,"contact":"0895-72-0131","flood":null,"landslide":null,"storm_surge":null,"earthquake":"1","tsunami":"1","large_fire":null,"inland_flood":null,"volcano":null,"shelter_overlap":null,"capacity":null,"capacity_basis":null,"notes":null,"changed":null,"new":null,"address":"愛媛県南宇和郡愛南町網代330付近","gsi_common_id":"E3850600220201","coordinate_join_method":"matched_by_id"}},{"type":"Feature","geometry":{"type":"Point","coordinates":[132.40445801367,33.03302539045]},"properties":{"common_id":"E3850600219201","name":"本網代墓地","address_pref":"愛媛県南宇和郡愛南町網代124","address_city":null,"address_detail":null,"contact":"0895-72-0131","flood":null,"landslide":null,"storm_surge":null,"earthquake":"1","tsunami":"1","large_fire":null,"inland_flood":null,"volcano":null,"shelter_overlap":null,"capacity":null,"capacity_basis":null,"notes":null,"changed":null,"new":null,"address":"愛媛県南宇和郡愛南町網代124","gsi_common_id":"E3850600219201","coordinate_join_method":"matched_by_id"}},{"type":"Feature","geometry":{"type":"Point","coordinates":[132.60748523819,32.945949497369]},"properties":{"common_id":"E3850600218201","name":"満倉浜組２","address_pref":"愛媛県南宇和郡愛南町満倉2893付近","address_city":null,"address_detail":null,"contact":"0895-72-0131","flood":null,"landslide":null,"storm_surge":null,"earthquake":"1","tsunami":"1","large_fire":null,"inland_flood":null,"volcano":null,"shelter_overlap":null,"capacity":null,"capacity_basis":null,"notes":null,"changed":null,"new":null,"address":"愛媛県南宇和郡愛南町満倉2893付近","gsi_common_id":"E3850600218201","coordinate_join_method":"matched_by_id"}},{"type":"Feature","geometry":{"type":"Point","coordinates":[132.610349843,32.9479123587]},"properties":{"common_id":"E3850600217201","name":"善林寺","address_pref":"愛媛県南宇和郡愛南町満倉2842","address_city":null,"address_detail":null,"contact":"0895-72-0131","flood":null,"landslide":null,"storm_surge":null,"earthquake":"1","tsunami":"1","large_fire":null,"inland_flood":null,"volcano":null,"shelter_overlap":null,"capacity":null,"capacity_basis":null,"notes":null,"changed":null,"new":null,"address":"愛媛県南宇和郡愛南町満倉2842","gsi_common_id":"E3850600217201","coordinate_join_method":"matched_by_id"}},{"type":"Feature","geometry":{"type":"Point","coordinates":[132.60966319192,32.948911588519]},"properties":{"common_id":"E3850600216201","name":"踊り駄場","address_pref":"愛媛県南宇和郡愛南町満倉2756","address_city":null,"address_detail":null,"contact":"0895-72-0131","flood":null,"landslide":null,"storm_surge":null,"earthquake":"1","tsunami":"1","large_fire":null,"inland_flood":null,"volcano":null,"shelter_overlap":null,"capacity":null,"capacity_basis":null,"notes":null,"changed":null,"new":null,"address":"愛媛県南宇和郡愛南町満倉2756","gsi_common_id":"E3850600216201","coordinate_join_method":"matched_by_id"}},{"type":"Feature","geometry":{"type":"Point","coordinates":[132.60239675127,32.95231380958]},"properties":{"common_id":"E3850600214201","name":"自在園入口付近","address_pref":"愛媛県南宇和郡愛南町満倉2300-5付近","address_city":null,"address_detail":null,"contact":"0895-72-0131","flood":null,"landslide":null,"storm_surge":null,"earthquake":"1","tsunami":"1","large_fire":null,"inland_flood":null,"volcano":null,"shelter_overlap":null,"capacity":null,"capacity_basis":null,"notes":null,"changed":null,"new":null,"address":"愛媛県南宇和郡愛南町満倉2300-5付近","gsi_common_id":"E3850600214201","coordinate_join_method":"matched_by_id"}},{"type":"Feature","geometry":{"type":"Point","coordinates":[132.61444642355,32.958252082252]},"properties":{"common_id":"E3850600213201","name":"農道西谷線高台","address_pref":"愛媛県南宇和郡愛南町満倉1745-5","address_city":null,"address_detail":null,"contact":"0895-72-0131","flood":null,"landslide":null,"storm_surge":null,"earthquake":"1","tsunami":"1","large_fire":null,"inland_flood":null,"volcano":null,"shelter_overlap":null,"capacity":null,"capacity_basis":null,"notes":null,"changed":null,"new":null,"address":"愛媛県南宇和郡愛南町満倉1745-5","gsi_common_id":"E3850600213201","coordinate_join_method":"matched_by_id"}},{"type":"Feature","geometry":{"type":"Point","coordinates":[132.5388200954,32.962349789744]},"properties":{"common_id":"E3850600212201","name":"町道防城線-高台","address_pref":"愛媛県南宇和郡愛南町防城成川54-3付近","address_city":null,"address_detail":null,"contact":"0895-72-0131","flood":null,"landslide":null,"storm_surge":null,"earthquake":"1","tsunami":"1","large_fire":null,"inland_flood":null,"volcano":null,"shelter_overlap":null,"capacity":null,"capacity_basis":null,"notes":null,"changed":null,"new":null,"address":"愛媛県南宇和郡愛南町防城成川54-3付近","gsi_common_id":"E3850600212201","coordinate_join_method":"matched_by_id"}},{"type":"Feature","geometry":{"type":"Point","coordinates":[132.53467401289,32.963189010513]},"properties":{"common_id":"E3850600211201","name":"成川県道上","address_pref":"愛媛県南宇和郡愛南町防城成川231-2付近","address_city":null,"address_detail":null,"contact":"0895-72-0131","flood":null,"landslide":null,"storm_surge":null,"earthquake":"1","tsunami":"1","large_fire":null,"inland_flood":null,"volcano":null,"shelter_overlap":null,"capacity":null,"capacity_basis":null,"notes":null,"changed":null,"new":null,"address":"愛媛県南宇和郡愛南町防城成川231-2付近","gsi_common_id":"E3850600211201","coordinate_join_method":"matched_by_id"}},{"type":"Feature","geometry":{"type":"Point","coordinates":[132.47442097424,33.045688697607]},"properties":{"common_id":"E3850600210201","name":"猪ノ泊","address_pref":"愛媛県南宇和郡愛南町平碆95付近","address_city":null,"address_detail":null,"contact":"0895-72-0131","flood":null,"landslide":null,"storm_surge":null,"earthquake":"1","tsunami":"1","large_fire":null,"inland_flood":null,"volcano":null,"shelter_overlap":null,"capacity":null,"capacity_basis":null,"notes":null,"changed":null,"new":null,"address":"愛媛県南宇和郡愛南町平碆95付近","gsi_common_id":"E3850600210201","coordinate_join_method":"matched_by_id"}},{"type":"Feature","geometry":{"type":"Point","coordinates":[132.47991572165,33.050352066721]},"properties":{"common_id":"E3850600209201","name":"県道-町道元越線分岐付近","address_pref":"愛媛県南宇和郡愛南町平碆717-10","address_city":null,"address_detail":null,"contact":"0895-72-0131","flood":null,"landslide":null,"storm_surge":null,"earthquake":"1","tsunami":"1","large_fire":null,"inland_flood":null,"volcano":null,"shelter_overlap":null,"capacity":null,"capacity_basis":null,"notes":null,"changed":null,"new":null,"address":"愛媛県南宇和郡愛南町平碆717-10","gsi_common_id":"E3850600209201","coordinate_join_method":"matched_by_id"}},{"type":"Feature","geometry":{"type":"Point","coordinates":[132.47613839921,33.048905363038]},"properties":{"common_id":"E3850600208201","name":"平碆展望台（こんぴら山）","address_pref":"愛媛県南宇和郡愛南町平碆614","address_city":null,"address_detail":null,"contact":"0895-72-0131","flood":null,"landslide":null,"storm_surge":null,"earthquake":"1","tsunami":"1","large_fire":null,"inland_flood":null,"volcano":null,"shelter_overlap":null,"capacity":null,"capacity_basis":null,"notes":null,"changed":null,"new":null,"address":"愛媛県南宇和郡愛南町平碆614","gsi_common_id":"E3850600208201","coordinate_join_method":"matched_by_id"}},{"type":"Feature","geometry":{"type":"Point","coordinates":[132.47665834776,33.049540697775]},"properties":{"common_id":"E3850600207201","name":"若宮神社","address_pref":"愛媛県南宇和郡愛南町平碆611","address_city":null,"address_detail":null,"contact":"0895-72-0131","flood":null,"landslide":null,"storm_surge":null,"earthquake":"1","tsunami":"1","large_fire":null,"inland_flood":null,"volcano":null,"shelter_overlap":null,"capacity":null,"capacity_basis":null,"notes":null,"changed":null,"new":null,"address":"愛媛県南宇和郡愛南町平碆611","gsi_common_id":"E3850600207201","coordinate_join_method":"matched_by_id"}},{"type":"Feature","geometry":{"type":"Point","coordinates":[132.497986587,32.9162876201]},"properties":{"common_id":"E3850600206201","name":"福浦公民館","address_pref":"愛媛県南宇和郡愛南町福浦994","address_city":null,"address_detail":null,"contact":"0895-83-0363","flood":"1","landslide":"1","storm_surge":"1","earthquake":null,"tsunami":null,"large_fire":"1","inland_flood":null,"volcano":null,"shelter_overlap":"1","capacity":"325","capacity_basis":null,"notes":null,"changed":null,"new":null,"address":"愛媛県南宇和郡愛南町福浦994","gsi_common_id":"E3850600206201","coordinate_join_method":"matched_by_id"}},{"type":"Feature","geometry":{"type":"Point","coordinates":[132.495302,32.917107]},"properties":{"common_id":"E3850600205201","name":"太駄高台","address_pref":"愛媛県南宇和郡愛南町福浦693","address_city":null,"address_detail":null,"contact":"0895-72-0131","flood":null,"landslide":null,"storm_surge":null,"earthquake":"1","tsunami":"1","large_fire":null,"inland_flood":null,"volcano":null,"shelter_overlap":null,"capacity":null,"capacity_basis":null,"notes":null,"changed":null,"new":null,"address":"愛媛県南宇和郡愛南町福浦693","gsi_common_id":"E3850600205201","coordinate_join_method":"matched_by_id"}},{"type":"Feature","geometry":{"type":"Point","coordinates":[132.4953910103,32.920033355772]},"properties":{"common_id":"E3850600204201","name":"町道大碆線-岡山小川大碆線分岐付近","address_pref":"愛媛県南宇和郡愛南町福浦504付近","address_city":null,"address_detail":null,"contact":"0895-72-0131","flood":null,"landslide":null,"storm_surge":null,"earthquake":"1","tsunami":"1","large_fire":null,"inland_flood":null,"volcano":null,"shelter_overlap":null,"capacity":null,"capacity_basis":null,"notes":null,"changed":null,"new":null,"address":"愛媛県南宇和郡愛南町福浦504付近","gsi_common_id":"E3850600204201","coordinate_join_method":"matched_by_id"}},{"type":"Feature","geometry":{"type":"Point","coordinates":[132.49558767288,32.923104557562]},"properties":{"common_id":"E3850600202201","name":"町道大碆線-新岡山川線分岐付近","address_pref":"愛媛県南宇和郡愛南町福浦317付近","address_city":null,"address_detail":null,"contact":"0895-72-0131","flood":null,"landslide":null,"storm_surge":null,"earthquake":"1","tsunami":"1","large_fire":null,"inland_flood":null,"volcano":null,"shelter_overlap":null,"capacity":null,"capacity_basis":null,"notes":null,"changed":null,"new":null,"address":"愛媛県南宇和郡愛南町福浦317付近","gsi_common_id":"E3850600202201","coordinate_join_method":"matched_by_id"}},{"type":"Feature","geometry":{"type":"Point","coordinates":[132.50818320455,32.91447851207]},"properties":{"common_id":"E3850600201201","name":"和田内福浦側川沿い里道高台","address_pref":"愛媛県南宇和郡愛南町福浦1907付近","address_city":null,"address_detail":null,"contact":"0895-72-0131","flood":null,"landslide":null,"storm_surge":null,"earthquake":"1","tsunami":"1","large_fire":null,"inland_flood":null,"volcano":null,"shelter_overlap":null,"capacity":null,"capacity_basis":null,"notes":null,"changed":null,"new":null,"address":"愛媛県南宇和郡愛南町福浦1907付近","gsi_common_id":"E3850600201201","coordinate_join_method":"matched_by_id"}},{"type":"Feature","geometry":{"type":"Point","coordinates":[132.50398726662,32.913406830454]},"properties":{"common_id":"E3850600200201","name":"町道中下和田内線中下高台","address_pref":"愛媛県南宇和郡愛南町福浦1674","address_city":null,"address_detail":null,"contact":"0895-72-0131","flood":null,"landslide":null,"storm_surge":null,"earthquake":"1","tsunami":"1","large_fire":null,"inland_flood":null,"volcano":null,"shelter_overlap":null,"capacity":null,"capacity_basis":null,"notes":null,"changed":null,"new":null,"address":"愛媛県南宇和郡愛南町福浦1674","gsi_common_id":"E3850600200201","coordinate_join_method":"matched_by_id"}},{"type":"Feature","geometry":{"type":"Point","coordinates":[132.49788453146,32.913408981372]},"properties":{"common_id":"E3850600199201","name":"町道福浦扇山線終点付近","address_pref":"愛媛県南宇和郡愛南町福浦1362付近","address_city":null,"address_detail":null,"contact":"0895-72-0131","flood":null,"landslide":null,"storm_surge":null,"earthquake":"1","tsunami":"1","large_fire":null,"inland_flood":null,"volcano":null,"shelter_overlap":null,"capacity":null,"capacity_basis":null,"notes":null,"changed":null,"new":null,"address":"愛媛県南宇和郡愛南町福浦1362付近","gsi_common_id":"E3850600199201","coordinate_join_method":"matched_by_id"}},{"type":"Feature","geometry":{"type":"Point","coordinates":[132.49687133595,32.915820736041]},"properties":{"common_id":"E3850600198201","name":"若宮神社公園上高台","address_pref":"愛媛県南宇和郡愛南町福浦1020付近","address_city":null,"address_detail":null,"contact":"0895-72-0131","flood":null,"landslide":null,"storm_surge":null,"earthquake":"1","tsunami":"1","large_fire":null,"inland_flood":null,"volcano":null,"shelter_overlap":null,"capacity":null,"capacity_basis":null,"notes":null,"changed":null,"new":null,"address":"愛媛県南宇和郡愛南町福浦1020付近","gsi_common_id":"E3850600198201","coordinate_join_method":"matched_by_id"}},{"type":"Feature","geometry":{"type":"Point","coordinates":[132.51733224572,32.910854972759]},"properties":{"common_id":"E3850600196201","name":"県道-町道武者泊線分岐付近","address_pref":"愛媛県南宇和郡愛南町武者泊545-2付近","address_city":null,"address_detail":null,"contact":"0895-72-0131","flood":null,"landslide":null,"storm_surge":null,"earthquake":"1","tsunami":"1","large_fire":null,"inland_flood":null,"volcano":null,"shelter_overlap":null,"capacity":null,"capacity_basis":null,"notes":null,"changed":null,"new":null,"address":"愛媛県南宇和郡愛南町武者泊545-2付近","gsi_common_id":"E3850600196201","coordinate_join_method":"matched_by_id"}},{"type":"Feature","geometry":{"type":"Point","coordinates":[132.51801240728,32.911554488225]},"properties":{"common_id":"E3850600195201","name":"武者泊バス停付近","address_pref":"愛媛県南宇和郡愛南町武者泊412付近","address_city":null,"address_detail":null,"contact":"0895-72-0131","flood":null,"landslide":null,"storm_surge":null,"earthquake":"1","tsunami":"1","large_fire":null,"inland_flood":null,"volcano":null,"shelter_overlap":null,"capacity":null,"capacity_basis":null,"notes":null,"changed":null,"new":null,"address":"愛媛県南宇和郡愛南町武者泊412付近","gsi_common_id":"E3850600195201","coordinate_join_method":"matched_by_id"}},{"type":"Feature","geometry":{"type":"Point","coordinates":[132.51147443797,32.915199945929]},"properties":{"common_id":"E3850600194201","name":"町道麦ヶ浦西谷線終点付近","address_pref":"愛媛県南宇和郡愛南町麦ケ浦53付近","address_city":null,"address_detail":null,"contact":"0895-72-0131","flood":null,"landslide":null,"storm_surge":null,"earthquake":"1","tsunami":"1","large_fire":null,"inland_flood":null,"volcano":null,"shelter_overlap":null,"capacity":null,"capacity_basis":null,"notes":null,"changed":null,"new":null,"address":"愛媛県南宇和郡愛南町麦ケ浦53付近","gsi_common_id":"E3850600194201","coordinate_join_method":"matched_by_id"}},{"type":"Feature","geometry":{"type":"Point","coordinates":[132.51269100472,32.915658618274]},"properties":{"common_id":"E3850600193201","name":"庵寺墓地高台","address_pref":"愛媛県南宇和郡愛南町麦ケ浦169付近","address_city":null,"address_detail":null,"contact":"0895-72-0131","flood":null,"landslide":null,"storm_surge":null,"earthquake":"1","tsunami":"1","large_fire":null,"inland_flood":null,"volcano":null,"shelter_overlap":null,"capacity":null,"capacity_basis":null,"notes":null,"changed":null,"new":null,"address":"愛媛県南宇和郡愛南町麦ケ浦169付近","gsi_common_id":"E3850600193201","coordinate_join_method":"matched_by_id"}},{"type":"Feature","geometry":{"type":"Point","coordinates":[132.49180163135,33.017823488731]},"properties":{"common_id":"E3850600192201","name":"町道柏崎線終点付近","address_pref":"愛媛県南宇和郡愛南町柏崎954","address_city":null,"address_detail":null,"contact":"0895-72-0131","flood":null,"landslide":null,"storm_surge":null,"earthquake":"1","tsunami":"1","large_fire":null,"inland_flood":null,"volcano":null,"shelter_overlap":null,"capacity":null,"capacity_basis":null,"notes":null,"changed":null,"new":null,"address":"愛媛県南宇和郡愛南町柏崎954","gsi_common_id":"E3850600192201","coordinate_join_method":"matched_by_id"}},{"type":"Feature","geometry":{"type":"Point","coordinates":[132.48968694702,33.013429424913]},"properties":{"common_id":"E3850600191201","name":"柏崎下常会高台","address_pref":"愛媛県南宇和郡愛南町柏崎349付近","address_city":null,"address_detail":null,"contact":"0895-72-0131","flood":null,"landslide":null,"storm_surge":null,"earthquake":"1","tsunami":"1","large_fire":null,"inland_flood":null,"volcano":null,"shelter_overlap":null,"capacity":null,"capacity_basis":null,"notes":null,"changed":null,"new":null,"address":"愛媛県南宇和郡愛南町柏崎349付近","gsi_common_id":"E3850600191201","coordinate_join_method":"matched_by_id"}},{"type":"Feature","geometry":{"type":"Point","coordinates":[132.48597987461,33.02386916814]},"properties":{"common_id":"E3850600190201","name":"内海隧道-大浜口公園","address_pref":"愛媛県南宇和郡愛南町柏63","address_city":null,"address_detail":null,"contact":"0895-72-0131","flood":null,"landslide":null,"storm_surge":null,"earthquake":"1","tsunami":"1","large_fire":null,"inland_flood":null,"volcano":null,"shelter_overlap":null,"capacity":null,"capacity_basis":null,"notes":null,"changed":null,"new":null,"address":"愛媛県南宇和郡愛南町柏63","gsi_common_id":"E3850600190201","coordinate_join_method":"matched_by_id"}},{"type":"Feature","geometry":{"type":"Point","coordinates":[132.49796364418,33.018556458744]},"properties":{"common_id":"E3850600188201","name":"愛南町役場内海支所（DE・あ・い･21）","address_pref":"愛媛県南宇和郡愛南町柏390","address_city":null,"address_detail":null,"contact":"0895-85-1021","flood":"1","landslide":"1","storm_surge":"1","earthquake":null,"tsunami":null,"large_fire":"1","inland_flood":null,"volcano":null,"shelter_overlap":"1","capacity":"957","capacity_basis":null,"notes":null,"changed":null,"new":null,"address":"愛媛県南宇和郡愛南町柏390","gsi_common_id":"E3850600188201","coordinate_join_method":"matched_by_id"}},{"type":"Feature","geometry":{"type":"Point","coordinates":[132.49553344692,33.022139464154]},"properties":{"common_id":"E3850600187201","name":"内海隧道-北原口","address_pref":"愛媛県南宇和郡愛南町柏249-4","address_city":null,"address_detail":null,"contact":"0895-72-0131","flood":null,"landslide":null,"storm_surge":null,"earthquake":"1","tsunami":"1","large_fire":null,"inland_flood":null,"volcano":null,"shelter_overlap":null,"capacity":null,"capacity_basis":null,"notes":null,"changed":null,"new":null,"address":"愛媛県南宇和郡愛南町柏249-4","gsi_common_id":"E3850600187201","coordinate_join_method":"matched_by_id"}},{"type":"Feature","geometry":{"type":"Point","coordinates":[132.50043762051,33.01102266505]},"properties":{"common_id":"E3850600186201","name":"内海展望所","address_pref":"愛媛県南宇和郡愛南町柏2179付近","address_city":null,"address_detail":null,"contact":"0895-72-0131","flood":null,"landslide":null,"storm_surge":null,"earthquake":"1","tsunami":"1","large_fire":null,"inland_flood":null,"volcano":null,"shelter_overlap":null,"capacity":null,"capacity_basis":null,"notes":null,"changed":null,"new":null,"address":"愛媛県南宇和郡愛南町柏2179付近","gsi_common_id":"E3850600186201","coordinate_join_method":"matched_by_id"}},{"type":"Feature","geometry":{"type":"Point","coordinates":[132.501335014,33.018017483262]},"properties":{"common_id":"E3850600185201","name":"法性寺","address_pref":"愛媛県南宇和郡愛南町柏1872","address_city":null,"address_detail":null,"contact":"0895-72-0131","flood":null,"landslide":null,"storm_surge":null,"earthquake":"1","tsunami":"1","large_fire":null,"inland_flood":null,"volcano":null,"shelter_overlap":null,"capacity":null,"capacity_basis":null,"notes":null,"changed":null,"new":null,"address":"愛媛県南宇和郡愛南町柏1872","gsi_common_id":"E3850600185201","coordinate_join_method":"matched_by_id"}},{"type":"Feature","geometry":{"type":"Point","coordinates":[132.50512836712,33.02301620531]},"properties":{"common_id":"E3850600184201","name":"柏寿園駐車場","address_pref":"愛媛県南宇和郡愛南町柏1542-1","address_city":null,"address_detail":null,"contact":"0895-72-0131","flood":null,"landslide":null,"storm_surge":null,"earthquake":"1","tsunami":"1","large_fire":null,"inland_flood":null,"volcano":null,"shelter_overlap":null,"capacity":null,"capacity_basis":null,"notes":null,"changed":null,"new":null,"address":"愛媛県南宇和郡愛南町柏1542-1","gsi_common_id":"E3850600184201","coordinate_join_method":"matched_by_id"}},{"type":"Feature","geometry":{"type":"Point","coordinates":[132.48624420853,32.943025225893]},"properties":{"common_id":"E3850600183201","name":"西浦中学校跡地","address_pref":"愛媛県南宇和郡愛南町内泊8-1","address_city":null,"address_detail":null,"contact":"0895-72-0131","flood":null,"landslide":null,"storm_surge":null,"earthquake":"1","tsunami":"1","large_fire":null,"inland_flood":null,"volcano":null,"shelter_overlap":null,"capacity":null,"capacity_basis":null,"notes":null,"changed":null,"new":null,"address":"愛媛県南宇和郡愛南町内泊8-1","gsi_common_id":"E3850600183201","coordinate_join_method":"matched_by_id"}},{"type":"Feature","geometry":{"type":"Point","coordinates":[132.493173,32.938595]},"properties":{"common_id":"E3850600182201","name":"地蔵堂付近","address_pref":"愛媛県南宇和郡愛南町内泊767","address_city":null,"address_detail":null,"contact":"0895-72-0131","flood":null,"landslide":null,"storm_surge":null,"earthquake":"1","tsunami":"1","large_fire":null,"inland_flood":null,"volcano":null,"shelter_overlap":null,"capacity":null,"capacity_basis":null,"notes":null,"changed":null,"new":null,"address":"愛媛県南宇和郡愛南町内泊767","gsi_common_id":"E3850600182201","coordinate_join_method":"matched_by_id"}},{"type":"Feature","geometry":{"type":"Point","coordinates":[132.49546217763,32.942306365639]},"properties":{"common_id":"E3850600180201","name":"県道船越方面-高台","address_pref":"愛媛県南宇和郡愛南町内泊1407付近","address_city":null,"address_detail":null,"contact":"0895-72-0131","flood":null,"landslide":null,"storm_surge":null,"earthquake":"1","tsunami":"1","large_fire":null,"inland_flood":null,"volcano":null,"shelter_overlap":null,"capacity":null,"capacity_basis":null,"notes":null,"changed":null,"new":null,"address":"愛媛県南宇和郡愛南町内泊1407付近","gsi_common_id":"E3850600180201","coordinate_join_method":"matched_by_id"}},{"type":"Feature","geometry":{"type":"Point","coordinates":[132.59387913917,32.942045991972]},"properties":{"common_id":"E3850600179201","name":"町道敦盛柿ノ浦線柿ノ浦側高台","address_pref":"愛媛県南宇和郡愛南町敦盛522付近","address_city":null,"address_detail":null,"contact":"0895-72-0131","flood":null,"landslide":null,"storm_surge":null,"earthquake":"1","tsunami":"1","large_fire":null,"inland_flood":null,"volcano":null,"shelter_overlap":null,"capacity":null,"capacity_basis":null,"notes":null,"changed":null,"new":null,"address":"愛媛県南宇和郡愛南町敦盛522付近","gsi_common_id":"E3850600179201","coordinate_join_method":"matched_by_id"}},{"type":"Feature","geometry":{"type":"Point","coordinates":[132.59426788807,32.940463423604]},"properties":{"common_id":"E3850600178201","name":"敦盛墓地","address_pref":"愛媛県南宇和郡愛南町敦盛477","address_city":null,"address_detail":null,"contact":"0895-72-0131","flood":null,"landslide":null,"storm_surge":null,"earthquake":"1","tsunami":"1","large_fire":null,"inland_flood":null,"volcano":null,"shelter_overlap":null,"capacity":null,"capacity_basis":null,"notes":null,"changed":null,"new":null,"address":"愛媛県南宇和郡愛南町敦盛477","gsi_common_id":"E3850600178201","coordinate_join_method":"matched_by_id"}},{"type":"Feature","geometry":{"type":"Point","coordinates":[132.59562991502,32.937673306552]},"properties":{"common_id":"E3850600177201","name":"県道大浜方面-高台","address_pref":"愛媛県南宇和郡愛南町敦盛457-2","address_city":null,"address_detail":null,"contact":"0895-72-0131","flood":null,"landslide":null,"storm_surge":null,"earthquake":"1","tsunami":"1","large_fire":null,"inland_flood":null,"volcano":null,"shelter_overlap":null,"capacity":null,"capacity_basis":null,"notes":null,"changed":null,"new":null,"address":"愛媛県南宇和郡愛南町敦盛457-2","gsi_common_id":"E3850600177201","coordinate_join_method":"matched_by_id"}},{"type":"Feature","geometry":{"type":"Point","coordinates":[132.48497403434,32.940614873041]},"properties":{"common_id":"E3850600176201","name":"県道-町道中外線分岐付近","address_pref":"愛媛県南宇和郡愛南町中泊951付近","address_city":null,"address_detail":null,"contact":"0895-72-0131","flood":null,"landslide":null,"storm_surge":null,"earthquake":"1","tsunami":"1","large_fire":null,"inland_flood":null,"volcano":null,"shelter_overlap":null,"capacity":null,"capacity_basis":null,"notes":null,"changed":null,"new":null,"address":"愛媛県南宇和郡愛南町中泊951付近","gsi_common_id":"E3850600176201","coordinate_join_method":"matched_by_id"}},{"type":"Feature","geometry":{"type":"Point","coordinates":[132.48246362525,32.936324171426]},"properties":{"common_id":"E3850600175201","name":"県道中峰橋付近","address_pref":"愛媛県南宇和郡愛南町中泊706付近","address_city":null,"address_detail":null,"contact":"0895-72-0131","flood":null,"landslide":null,"storm_surge":null,"earthquake":"1","tsunami":"1","large_fire":null,"inland_flood":null,"volcano":null,"shelter_overlap":null,"capacity":null,"capacity_basis":null,"notes":null,"changed":null,"new":null,"address":"愛媛県南宇和郡愛南町中泊706付近","gsi_common_id":"E3850600175201","coordinate_join_method":"matched_by_id"}},{"type":"Feature","geometry":{"type":"Point","coordinates":[132.48082696209,32.938085036769]},"properties":{"common_id":"E3850600174201","name":"中泊集会所（西浦公民館）","address_pref":"愛媛県南宇和郡愛南町中泊10","address_city":null,"address_detail":null,"contact":"0895-82-0701","flood":"1","landslide":"1","storm_surge":"1","earthquake":null,"tsunami":null,"large_fire":"1","inland_flood":null,"volcano":null,"shelter_overlap":null,"capacity":"96","capacity_basis":null,"notes":null,"changed":null,"new":null,"address":"愛媛県南宇和郡愛南町中泊10","gsi_common_id":"E3850600174201","coordinate_join_method":"matched_by_id"}},{"type":"Feature","geometry":{"type":"Point","coordinates":[132.62421763452,32.951799699016]},"properties":{"common_id":"E3850600172201","name":"中川隧道中川口付近","address_pref":"愛媛県南宇和郡愛南町中川784-1付近","address_city":null,"address_detail":null,"contact":"0895-72-0131","flood":null,"landslide":null,"storm_surge":null,"earthquake":"1","tsunami":"1","large_fire":null,"inland_flood":null,"volcano":null,"shelter_overlap":null,"capacity":null,"capacity_basis":null,"notes":null,"changed":null,"new":null,"address":"愛媛県南宇和郡愛南町中川784-1付近","gsi_common_id":"E3850600172201","coordinate_join_method":"matched_by_id"}},{"type":"Feature","geometry":{"type":"Point","coordinates":[132.61529522418,32.920849118199]},"properties":{"common_id":"E3850600169201","name":"中玉（新谷）県道入口付近","address_pref":"愛媛県南宇和郡愛南町中玉89-2付近","address_city":null,"address_detail":null,"contact":"0895-72-0131","flood":null,"landslide":null,"storm_surge":null,"earthquake":"1","tsunami":"1","large_fire":null,"inland_flood":null,"volcano":null,"shelter_overlap":null,"capacity":null,"capacity_basis":null,"notes":null,"changed":null,"new":null,"address":"愛媛県南宇和郡愛南町中玉89-2付近","gsi_common_id":"E3850600169201","coordinate_join_method":"matched_by_id"}},{"type":"Feature","geometry":{"type":"Point","coordinates":[132.62334362698,32.922641046752]},"properties":{"common_id":"E3850600168201","name":"東海公民館中玉分館","address_pref":"愛媛県南宇和郡愛南町中玉303","address_city":null,"address_detail":null,"contact":"0895-72-3410","flood":"1","landslide":"1","storm_surge":"1","earthquake":null,"tsunami":null,"large_fire":"1","inland_flood":null,"volcano":null,"shelter_overlap":"1","capacity":"154","capacity_basis":null,"notes":null,"changed":null,"new":null,"address":"愛媛県南宇和郡愛南町中玉303","gsi_common_id":"E3850600168201","coordinate_join_method":"matched_by_id"}},{"type":"Feature","geometry":{"type":"Point","coordinates":[132.62428875354,32.922508646068]},"properties":{"common_id":"E3850600167201","name":"旧スクールバスバス停","address_pref":"愛媛県南宇和郡愛南町中玉168-5","address_city":null,"address_detail":null,"contact":"0895-72-0131","flood":null,"landslide":null,"storm_surge":null,"earthquake":"1","tsunami":"1","large_fire":null,"inland_flood":null,"volcano":null,"shelter_overlap":null,"capacity":null,"capacity_basis":null,"notes":null,"changed":null,"new":null,"address":"愛媛県南宇和郡愛南町中玉168-5","gsi_common_id":"E3850600167201","coordinate_join_method":"matched_by_id"}},{"type":"Feature","geometry":{"type":"Point","coordinates":[132.49296530443,32.96426290241]},"properties":{"common_id":"E3850600166201","name":"中浦漁村振興センター（中浦公民館）","address_pref":"愛媛県南宇和郡愛南町中浦830","address_city":null,"address_detail":null,"contact":"0895-75-0334","flood":"1","landslide":"1","storm_surge":"1","earthquake":null,"tsunami":null,"large_fire":"1","inland_flood":null,"volcano":null,"shelter_overlap":"1","capacity":"542","capacity_basis":null,"notes":null,"changed":null,"new":null,"address":"愛媛県南宇和郡愛南町中浦830","gsi_common_id":"E3850600166201","coordinate_join_method":"matched_by_id"}},{"type":"Feature","geometry":{"type":"Point","coordinates":[132.49718106726,32.963089993888]},"properties":{"common_id":"E3850600165201","name":"町道中浦西海線-広場","address_pref":"愛媛県南宇和郡愛南町中浦686-1付近","address_city":null,"address_detail":null,"contact":"0895-72-0131","flood":null,"landslide":null,"storm_surge":null,"earthquake":"1","tsunami":"1","large_fire":null,"inland_flood":null,"volcano":null,"shelter_overlap":null,"capacity":null,"capacity_basis":null,"notes":null,"changed":null,"new":null,"address":"愛媛県南宇和郡愛南町中浦686-1付近","gsi_common_id":"E3850600165201","coordinate_join_method":"matched_by_id"}},{"type":"Feature","geometry":{"type":"Point","coordinates":[132.50593704246,32.966544631622]},"properties":{"common_id":"E3850600164201","name":"県道猿鳴平城線-高台","address_pref":"愛媛県南宇和郡愛南町中浦6-7付近","address_city":null,"address_detail":null,"contact":"0895-72-0131","flood":null,"landslide":null,"storm_surge":null,"earthquake":"1","tsunami":"1","large_fire":null,"inland_flood":null,"volcano":null,"shelter_overlap":null,"capacity":null,"capacity_basis":null,"notes":null,"changed":null,"new":null,"address":"愛媛県南宇和郡愛南町中浦6-7付近","gsi_common_id":"E3850600164201","coordinate_join_method":"matched_by_id"}},{"type":"Feature","geometry":{"type":"Point","coordinates":[132.50356275526,32.958420912731]},"properties":{"common_id":"E3850600162201","name":"県道中浦西海線-中腹広場","address_pref":"愛媛県南宇和郡愛南町中浦355-5付近","address_city":null,"address_detail":null,"contact":"0895-72-0131","flood":null,"landslide":null,"storm_surge":null,"earthquake":"1","tsunami":"1","large_fire":null,"inland_flood":null,"volcano":null,"shelter_overlap":null,"capacity":null,"capacity_basis":null,"notes":null,"changed":null,"new":null,"address":"愛媛県南宇和郡愛南町中浦355-5付近","gsi_common_id":"E3850600162201","coordinate_join_method":"matched_by_id"}},{"type":"Feature","geometry":{"type":"Point","coordinates":[132.491452,32.978141]},"properties":{"common_id":"E3850600161201","name":"県道-町道左右水線分岐付近","address_pref":"愛媛県南宇和郡愛南町中浦2053付近","address_city":null,"address_detail":null,"contact":"0895-72-0131","flood":null,"landslide":null,"storm_surge":null,"earthquake":"1","tsunami":"1","large_fire":null,"inland_flood":null,"volcano":null,"shelter_overlap":null,"capacity":null,"capacity_basis":null,"notes":null,"changed":null,"new":null,"address":"愛媛県南宇和郡愛南町中浦2053付近","gsi_common_id":"E3850600161201","coordinate_join_method":"matched_by_id"}},{"type":"Feature","geometry":{"type":"Point","coordinates":[132.49525708281,32.977686101112]},"properties":{"common_id":"E3850600160201","name":"樫の浦","address_pref":"愛媛県南宇和郡愛南町中浦1881","address_city":null,"address_detail":null,"contact":"0895-72-0131","flood":null,"landslide":null,"storm_surge":null,"earthquake":"1","tsunami":"1","large_fire":null,"inland_flood":null,"volcano":null,"shelter_overlap":null,"capacity":null,"capacity_basis":null,"notes":null,"changed":null,"new":null,"address":"愛媛県南宇和郡愛南町中浦1881","gsi_common_id":"E3850600160201","coordinate_join_method":"matched_by_id"}},{"type":"Feature","geometry":{"type":"Point","coordinates":[132.49602955899,32.970449616459]},"properties":{"common_id":"E3850600159201","name":"県道平城猿鳴線面浦","address_pref":"愛媛県南宇和郡愛南町中浦1719-2","address_city":null,"address_detail":null,"contact":"0895-72-0131","flood":null,"landslide":null,"storm_surge":null,"earthquake":"1","tsunami":"1","large_fire":null,"inland_flood":null,"volcano":null,"shelter_overlap":null,"capacity":null,"capacity_basis":null,"notes":null,"changed":null,"new":null,"address":"愛媛県南宇和郡愛南町中浦1719-2","gsi_common_id":"E3850600159201","coordinate_join_method":"matched_by_id"}},{"type":"Feature","geometry":{"type":"Point","coordinates":[132.49742681321,32.967783909157]},"properties":{"common_id":"E3850600158201","name":"県道猿鳴平城線灘前方面-高台","address_pref":"愛媛県南宇和郡愛南町中浦1641-4","address_city":null,"address_detail":null,"contact":"0895-72-0131","flood":null,"landslide":null,"storm_surge":null,"earthquake":"1","tsunami":"1","large_fire":null,"inland_flood":null,"volcano":null,"shelter_overlap":null,"capacity":null,"capacity_basis":null,"notes":null,"changed":null,"new":null,"address":"愛媛県南宇和郡愛南町中浦1641-4","gsi_common_id":"E3850600158201","coordinate_join_method":"matched_by_id"}},{"type":"Feature","geometry":{"type":"Point","coordinates":[132.50597174448,32.959334333965]},"properties":{"common_id":"E3850600157201","name":"町道尻貝線-尻貝下線分岐付近","address_pref":"愛媛県南宇和郡愛南町中浦159-2","address_city":null,"address_detail":null,"contact":"0895-72-0131","flood":null,"landslide":null,"storm_surge":null,"earthquake":"1","tsunami":"1","large_fire":null,"inland_flood":null,"volcano":null,"shelter_overlap":null,"capacity":null,"capacity_basis":null,"notes":null,"changed":null,"new":null,"address":"愛媛県南宇和郡愛南町中浦159-2","gsi_common_id":"E3850600157201","coordinate_join_method":"matched_by_id"}},{"type":"Feature","geometry":{"type":"Point","coordinates":[132.49128741345,32.966646624116]},"properties":{"common_id":"E3850600156201","name":"町道中浦猿鳴線奥","address_pref":"愛媛県南宇和郡愛南町中浦1337-1付近","address_city":null,"address_detail":null,"contact":"0895-72-0131","flood":null,"landslide":null,"storm_surge":null,"earthquake":"1","tsunami":"1","large_fire":null,"inland_flood":null,"volcano":null,"shelter_overlap":null,"capacity":null,"capacity_basis":null,"notes":null,"changed":null,"new":null,"address":"愛媛県南宇和郡愛南町中浦1337-1付近","gsi_common_id":"E3850600156201","coordinate_join_method":"matched_by_id"}},{"type":"Feature","geometry":{"type":"Point","coordinates":[132.49111513838,32.965958142574]},"properties":{"common_id":"E3850600155201","name":"桜公園","address_pref":"愛媛県南宇和郡愛南町中浦1231-1","address_city":null,"address_detail":null,"contact":"0895-72-0131","flood":null,"landslide":null,"storm_surge":null,"earthquake":"1","tsunami":"1","large_fire":null,"inland_flood":null,"volcano":null,"shelter_overlap":null,"capacity":null,"capacity_basis":null,"notes":null,"changed":null,"new":null,"address":"愛媛県南宇和郡愛南町中浦1231-1","gsi_common_id":"E3850600155201","coordinate_join_method":"matched_by_id"}},{"type":"Feature","geometry":{"type":"Point","coordinates":[132.48868567071,32.965251402443]},"properties":{"common_id":"E3850600154201","name":"町道奥ノ谷線奥砂防ダム付近","address_pref":"愛媛県南宇和郡愛南町中浦1089-1付近","address_city":null,"address_detail":null,"contact":"0895-72-0131","flood":null,"landslide":null,"storm_surge":null,"earthquake":"1","tsunami":"1","large_fire":null,"inland_flood":null,"volcano":null,"shelter_overlap":null,"capacity":null,"capacity_basis":null,"notes":null,"changed":null,"new":null,"address":"愛媛県南宇和郡愛南町中浦1089-1付近","gsi_common_id":"E3850600154201","coordinate_join_method":"matched_by_id"}},{"type":"Feature","geometry":{"type":"Point","coordinates":[132.51309333605,32.929748245461]},"properties":{"common_id":"E3850600153201","name":"県道樽見方面-高台","address_pref":"愛媛県南宇和郡愛南町樽見708付近","address_city":null,"address_detail":null,"contact":"0895-72-0131","flood":null,"landslide":null,"storm_surge":null,"earthquake":"1","tsunami":"1","large_fire":null,"inland_flood":null,"volcano":null,"shelter_overlap":null,"capacity":null,"capacity_basis":null,"notes":null,"changed":null,"new":null,"address":"愛媛県南宇和郡愛南町樽見708付近","gsi_common_id":"E3850600153201","coordinate_join_method":"matched_by_id"}},{"type":"Feature","geometry":{"type":"Point","coordinates":[132.51424345603,32.931716405232]},"properties":{"common_id":"E3850600152201","name":"福浦側樽見バス停前","address_pref":"愛媛県南宇和郡愛南町樽見630-2付近","address_city":null,"address_detail":null,"contact":"0895-72-0131","flood":null,"landslide":null,"storm_surge":null,"earthquake":"1","tsunami":"1","large_fire":null,"inland_flood":null,"volcano":null,"shelter_overlap":null,"capacity":null,"capacity_basis":null,"notes":null,"changed":null,"new":null,"address":"愛媛県南宇和郡愛南町樽見630-2付近","gsi_common_id":"E3850600152201","coordinate_join_method":"matched_by_id"}},{"type":"Feature","geometry":{"type":"Point","coordinates":[132.5160131172,32.932671629248]},"properties":{"common_id":"E3850600151201","name":"県道高茂岬船越線若宮神社付近高台","address_pref":"愛媛県南宇和郡愛南町樽見270付近","address_city":null,"address_detail":null,"contact":"0895-72-0131","flood":null,"landslide":null,"storm_surge":null,"earthquake":"1","tsunami":"1","large_fire":null,"inland_flood":null,"volcano":null,"shelter_overlap":null,"capacity":null,"capacity_basis":null,"notes":null,"changed":null,"new":null,"address":"愛媛県南宇和郡愛南町樽見270付近","gsi_common_id":"E3850600151201","coordinate_join_method":"matched_by_id"}},{"type":"Feature","geometry":{"type":"Point","coordinates":[132.6012828543,32.923116586804]},"properties":{"common_id":"E3850600150201","name":"大浜入口道路広場","address_pref":"愛媛県南宇和郡愛南町大浜181","address_city":null,"address_detail":null,"contact":"0895-72-0131","flood":null,"landslide":null,"storm_surge":null,"earthquake":"1","tsunami":"1","large_fire":null,"inland_flood":null,"volcano":null,"shelter_overlap":null,"capacity":null,"capacity_basis":null,"notes":null,"changed":null,"new":null,"address":"愛媛県南宇和郡愛南町大浜181","gsi_common_id":"E3850600150201","coordinate_join_method":"matched_by_id"}},{"type":"Feature","geometry":{"type":"Point","coordinates":[132.50614641471,32.927636520337]},"properties":{"common_id":"E3850600149201","name":"ゲートボール場上高台","address_pref":"愛媛県南宇和郡愛南町大成川525","address_city":null,"address_detail":null,"contact":"0895-72-0131","flood":null,"landslide":null,"storm_surge":null,"earthquake":"1","tsunami":"1","large_fire":null,"inland_flood":null,"volcano":null,"shelter_overlap":null,"capacity":null,"capacity_basis":null,"notes":null,"changed":null,"new":null,"address":"愛媛県南宇和郡愛南町大成川525","gsi_common_id":"E3850600149201","coordinate_join_method":"matched_by_id"}},{"type":"Feature","geometry":{"type":"Point","coordinates":[132.50654874606,32.927987727583]},"properties":{"common_id":"E3850600148201","name":"町道大成川谷線東側高台","address_pref":"愛媛県南宇和郡愛南町大成川249","address_city":null,"address_detail":null,"contact":"0895-72-0131","flood":null,"landslide":null,"storm_surge":null,"earthquake":"1","tsunami":"1","large_fire":null,"inland_flood":null,"volcano":null,"shelter_overlap":null,"capacity":null,"capacity_basis":null,"notes":null,"changed":null,"new":null,"address":"愛媛県南宇和郡愛南町大成川249","gsi_common_id":"E3850600148201","coordinate_join_method":"matched_by_id"}},{"type":"Feature","geometry":{"type":"Point","coordinates":[132.57980844908,33.019349931879]},"properties":{"common_id":"E3850600144201","name":"僧都ふれあい交流館（僧都公民館）","address_pref":"愛媛県南宇和郡愛南町僧都279","address_city":null,"address_detail":null,"contact":"0895-70-1502","flood":"1","landslide":"1","storm_surge":"1","earthquake":null,"tsunami":null,"large_fire":"1","inland_flood":null,"volcano":null,"shelter_overlap":"1","capacity":"232","capacity_basis":null,"notes":null,"changed":null,"new":null,"address":"愛媛県南宇和郡愛南町僧都279","gsi_common_id":"E3850600144201","coordinate_join_method":"matched_by_id"}},{"type":"Feature","geometry":{"type":"Point","coordinates":[132.50809432817,32.948537257853]},"properties":{"common_id":"E3850600142201","name":"旧JA西海給油所前","address_pref":"愛媛県南宇和郡愛南町船越442","address_city":null,"address_detail":null,"contact":"0895-72-0131","flood":null,"landslide":null,"storm_surge":null,"earthquake":"1","tsunami":"1","large_fire":null,"inland_flood":null,"volcano":null,"shelter_overlap":null,"capacity":null,"capacity_basis":null,"notes":null,"changed":null,"new":null,"address":"愛媛県南宇和郡愛南町船越442","gsi_common_id":"E3850600142201","coordinate_join_method":"matched_by_id"}},{"type":"Feature","geometry":{"type":"Point","coordinates":[132.5102454598,32.954456666186]},"properties":{"common_id":"E3850600141201","name":"新竹倉バス停付近","address_pref":"愛媛県南宇和郡愛南町船越160付近","address_city":null,"address_detail":null,"contact":"0895-72-0131","flood":null,"landslide":null,"storm_surge":null,"earthquake":"1","tsunami":"1","large_fire":null,"inland_flood":null,"volcano":null,"shelter_overlap":null,"capacity":null,"capacity_basis":null,"notes":null,"changed":null,"new":null,"address":"愛媛県南宇和郡愛南町船越160付近","gsi_common_id":"E3850600141201","coordinate_join_method":"matched_by_id"}},{"type":"Feature","geometry":{"type":"Point","coordinates":[132.50333105159,32.945974418829]},"properties":{"common_id":"E3850600140201","name":"船越小学校","address_pref":"愛媛県南宇和郡愛南町船越1268-1","address_city":null,"address_detail":null,"contact":"0895-72-0131","flood":null,"landslide":null,"storm_surge":null,"earthquake":"1","tsunami":"1","large_fire":null,"inland_flood":null,"volcano":null,"shelter_overlap":null,"capacity":null,"capacity_basis":null,"notes":null,"changed":null,"new":null,"address":"愛媛県南宇和郡愛南町船越1268-1","gsi_common_id":"E3850600140201","coordinate_join_method":"matched_by_id"}},{"type":"Feature","geometry":{"type":"Point","coordinates":[132.50402340174,32.947114157276]},"properties":{"common_id":"E3850600138201","name":"西海町民会館（西海公民館）","address_pref":"愛媛県南宇和郡愛南町船越1057","address_city":null,"address_detail":null,"contact":"0895-82-0069","flood":"1","landslide":"1","storm_surge":"1","earthquake":null,"tsunami":null,"large_fire":"1","inland_flood":null,"volcano":null,"shelter_overlap":"1","capacity":"583","capacity_basis":null,"notes":null,"changed":null,"new":null,"address":"愛媛県南宇和郡愛南町船越1057","gsi_common_id":"E3850600138201","coordinate_join_method":"matched_by_id"}},{"type":"Feature","geometry":{"type":"Point","coordinates":[132.522266,32.960038]},"properties":{"common_id":"E3850600136201","name":"赤水西組バス停付近","address_pref":"愛媛県南宇和郡愛南町赤水798-2","address_city":null,"address_detail":null,"contact":"0895-72-0131","flood":null,"landslide":null,"storm_surge":null,"earthquake":"1","tsunami":"1","large_fire":null,"inland_flood":null,"volcano":null,"shelter_overlap":null,"capacity":null,"capacity_basis":null,"notes":null,"changed":null,"new":null,"address":"愛媛県南宇和郡愛南町赤水798-2","gsi_common_id":"E3850600136201","coordinate_join_method":"matched_by_id"}},{"type":"Feature","geometry":{"type":"Point","coordinates":[132.52267183716,32.961265468336]},"properties":{"common_id":"E3850600135201","name":"冷﨑・中ノ谷墓地","address_pref":"愛媛県南宇和郡愛南町赤水777","address_city":null,"address_detail":null,"contact":"0895-72-0131","flood":null,"landslide":null,"storm_surge":null,"earthquake":"1","tsunami":"1","large_fire":null,"inland_flood":null,"volcano":null,"shelter_overlap":null,"capacity":null,"capacity_basis":null,"notes":null,"changed":null,"new":null,"address":"愛媛県南宇和郡愛南町赤水777","gsi_common_id":"E3850600135201","coordinate_join_method":"matched_by_id"}},{"type":"Feature","geometry":{"type":"Point","coordinates":[132.524603,32.960429]},"properties":{"common_id":"E3850600133201","name":"赤水公民館","address_pref":"愛媛県南宇和郡愛南町赤水580","address_city":null,"address_detail":null,"contact":"0895-75-0096","flood":"1","landslide":"1","storm_surge":"1","earthquake":null,"tsunami":null,"large_fire":"1","inland_flood":null,"volcano":null,"shelter_overlap":null,"capacity":"129","capacity_basis":null,"notes":null,"changed":null,"new":null,"address":"愛媛県南宇和郡愛南町赤水580","gsi_common_id":"E3850600133201","coordinate_join_method":"matched_by_id"}},{"type":"Feature","geometry":{"type":"Point","coordinates":[132.5268775409,32.957502590952]},"properties":{"common_id":"E3850600132201","name":"赤水深山","address_pref":"愛媛県南宇和郡愛南町赤水394付近","address_city":null,"address_detail":null,"contact":"0895-72-0131","flood":null,"landslide":null,"storm_surge":null,"earthquake":"1","tsunami":"1","large_fire":null,"inland_flood":null,"volcano":null,"shelter_overlap":null,"capacity":null,"capacity_basis":null,"notes":null,"changed":null,"new":null,"address":"愛媛県南宇和郡愛南町赤水394付近","gsi_common_id":"E3850600132201","coordinate_join_method":"matched_by_id"}},{"type":"Feature","geometry":{"type":"Point","coordinates":[132.53044067734,32.963363577376]},"properties":{"common_id":"E3850600131201","name":"県道沿い一本桜","address_pref":"愛媛県南宇和郡愛南町赤水18-3","address_city":null,"address_detail":null,"contact":"0895-72-0131","flood":null,"landslide":null,"storm_surge":null,"earthquake":"1","tsunami":"1","large_fire":null,"inland_flood":null,"volcano":null,"shelter_overlap":null,"capacity":null,"capacity_basis":null,"notes":null,"changed":null,"new":null,"address":"愛媛県南宇和郡愛南町赤水18-3","gsi_common_id":"E3850600131201","coordinate_join_method":"matched_by_id"}},{"type":"Feature","geometry":{"type":"Point","coordinates":[132.659926426,33.008789809299]},"properties":{"common_id":"E3850600130201","name":"太田集会所","address_pref":"愛媛県南宇和郡愛南町正木1859","address_city":null,"address_detail":null,"contact":"0895-72-7310","flood":"1","landslide":"1","storm_surge":"1","earthquake":null,"tsunami":null,"large_fire":"1","inland_flood":null,"volcano":null,"shelter_overlap":null,"capacity":"38","capacity_basis":null,"notes":null,"changed":null,"new":null,"address":"愛媛県南宇和郡愛南町正木1859","gsi_common_id":"E3850600130201","coordinate_join_method":"matched_by_id"}},{"type":"Feature","geometry":{"type":"Point","coordinates":[132.68456646627,32.99769848468]},"properties":{"common_id":"E3850600128201","name":"正木公民館","address_pref":"愛媛県南宇和郡愛南町正木1247","address_city":null,"address_detail":null,"contact":"0895-84-3518","flood":"1","landslide":"1","storm_surge":"1","earthquake":null,"tsunami":null,"large_fire":"1","inland_flood":null,"volcano":null,"shelter_overlap":null,"capacity":"39","capacity_basis":null,"notes":null,"changed":null,"new":null,"address":"愛媛県南宇和郡愛南町正木1247","gsi_common_id":"E3850600128201","coordinate_join_method":"matched_by_id"}},{"type":"Feature","geometry":{"type":"Point","coordinates":[132.48727791801,33.036522910086]},"properties":{"common_id":"E3850600127201","name":"町道中ノ谷線-高台","address_pref":"愛媛県南宇和郡愛南町須ノ川989-2","address_city":null,"address_detail":null,"contact":"0895-72-0131","flood":null,"landslide":null,"storm_surge":null,"earthquake":"1","tsunami":"1","large_fire":null,"inland_flood":null,"volcano":null,"shelter_overlap":null,"capacity":null,"capacity_basis":null,"notes":null,"changed":null,"new":null,"address":"愛媛県南宇和郡愛南町須ノ川989-2","gsi_common_id":"E3850600127201","coordinate_join_method":"matched_by_id"}},{"type":"Feature","geometry":{"type":"Point","coordinates":[132.49093270633,33.039388227272]},"properties":{"common_id":"E3850600125201","name":"須の川若宮神社","address_pref":"愛媛県南宇和郡愛南町須の川250","address_city":null,"address_detail":null,"contact":"0895-72-0131","flood":null,"landslide":null,"storm_surge":null,"earthquake":"1","tsunami":"1","large_fire":null,"inland_flood":null,"volcano":null,"shelter_overlap":null,"capacity":null,"capacity_basis":null,"notes":null,"changed":null,"new":null,"address":"愛媛県南宇和郡愛南町須の川250","gsi_common_id":"E3850600125201","coordinate_join_method":"matched_by_id"}},{"type":"Feature","geometry":{"type":"Point","coordinates":[132.48363350604,33.031477496176]},"properties":{"common_id":"E3850600124201","name":"須ノ川灘バス停付近","address_pref":"愛媛県南宇和郡愛南町須ノ川1201付近","address_city":null,"address_detail":null,"contact":"0895-72-0131","flood":null,"landslide":null,"storm_surge":null,"earthquake":"1","tsunami":"1","large_fire":null,"inland_flood":null,"volcano":null,"shelter_overlap":null,"capacity":null,"capacity_basis":null,"notes":null,"changed":null,"new":null,"address":"愛媛県南宇和郡愛南町須ノ川1201付近","gsi_common_id":"E3850600124201","coordinate_join_method":"matched_by_id"}},{"type":"Feature","geometry":{"type":"Point","coordinates":[132.54281794973,32.959341382624]},"properties":{"common_id":"E3850600123201","name":"老健施設なんぐん館駐車場","address_pref":"愛媛県南宇和郡愛南町深泥703-2","address_city":null,"address_detail":null,"contact":"0895-72-0131","flood":null,"landslide":null,"storm_surge":null,"earthquake":"1","tsunami":"1","large_fire":null,"inland_flood":null,"volcano":null,"shelter_overlap":null,"capacity":null,"capacity_basis":null,"notes":null,"changed":null,"new":null,"address":"愛媛県南宇和郡愛南町深泥703-2","gsi_common_id":"E3850600123201","coordinate_join_method":"matched_by_id"}},{"type":"Feature","geometry":{"type":"Point","coordinates":[132.5370897656,32.958767638906]},"properties":{"common_id":"E3850600122201","name":"町道深泥西谷線終点付近","address_pref":"愛媛県南宇和郡愛南町深泥599-2","address_city":null,"address_detail":null,"contact":"0895-72-0131","flood":null,"landslide":null,"storm_surge":null,"earthquake":"1","tsunami":"1","large_fire":null,"inland_flood":null,"volcano":null,"shelter_overlap":null,"capacity":null,"capacity_basis":null,"notes":null,"changed":null,"new":null,"address":"愛媛県南宇和郡愛南町深泥599-2","gsi_common_id":"E3850600122201","coordinate_join_method":"matched_by_id"}},{"type":"Feature","geometry":{"type":"Point","coordinates":[132.54083155507,32.954509968202]},"properties":{"common_id":"E3850600121201","name":"アキワ様","address_pref":"愛媛県南宇和郡愛南町深泥267-1","address_city":null,"address_detail":null,"contact":"0895-72-0131","flood":null,"landslide":null,"storm_surge":null,"earthquake":"1","tsunami":"1","large_fire":null,"inland_flood":null,"volcano":null,"shelter_overlap":null,"capacity":null,"capacity_basis":null,"notes":null,"changed":null,"new":null,"address":"愛媛県南宇和郡愛南町深泥267-1","gsi_common_id":"E3850600121201","coordinate_join_method":"matched_by_id"}},{"type":"Feature","geometry":{"type":"Point","coordinates":[132.59172801003,32.946076439903]},"properties":{"common_id":"E3850600120201","name":"蘇家神社","address_pref":"愛媛県南宇和郡愛南町深浦42-2","address_city":null,"address_detail":null,"contact":"0895-72-0131","flood":null,"landslide":null,"storm_surge":null,"earthquake":"1","tsunami":"1","large_fire":null,"inland_flood":null,"volcano":null,"shelter_overlap":null,"capacity":null,"capacity_basis":null,"notes":null,"changed":null,"new":null,"address":"愛媛県南宇和郡愛南町深浦42-2","gsi_common_id":"E3850600120201","coordinate_join_method":"matched_by_id"}},{"type":"Feature","geometry":{"type":"Point","coordinates":[132.59112388314,32.94783437132]},"properties":{"common_id":"E3850600119201","name":"万福寺駐車場","address_pref":"愛媛県南宇和郡愛南町深浦386付近","address_city":null,"address_detail":null,"contact":"0895-72-0131","flood":null,"landslide":null,"storm_surge":null,"earthquake":"1","tsunami":"1","large_fire":null,"inland_flood":null,"volcano":null,"shelter_overlap":null,"capacity":null,"capacity_basis":null,"notes":null,"changed":null,"new":null,"address":"愛媛県南宇和郡愛南町深浦386付近","gsi_common_id":"E3850600119201","coordinate_join_method":"matched_by_id"}},{"type":"Feature","geometry":{"type":"Point","coordinates":[132.59107319511,32.946005522521]},"properties":{"common_id":"E3850600116201","name":"深浦公民館","address_pref":"愛媛県南宇和郡愛南町深浦260","address_city":null,"address_detail":null,"contact":"0895-70-1503","flood":"1","landslide":"1","storm_surge":"1","earthquake":null,"tsunami":null,"large_fire":"1","inland_flood":null,"volcano":null,"shelter_overlap":"1","capacity":"411","capacity_basis":null,"notes":null,"changed":null,"new":null,"address":"愛媛県南宇和郡愛南町深浦260","gsi_common_id":"E3850600116201","coordinate_join_method":"matched_by_id"}},{"type":"Feature","geometry":{"type":"Point","coordinates":[132.58900932787,32.944438889011]},"properties":{"common_id":"E3850600115201","name":"町道深浦7号線-山側高台","address_pref":"愛媛県南宇和郡愛南町深浦1782付近","address_city":null,"address_detail":null,"contact":"0895-72-0131","flood":null,"landslide":null,"storm_surge":null,"earthquake":"1","tsunami":"1","large_fire":null,"inland_flood":null,"volcano":null,"shelter_overlap":null,"capacity":null,"capacity_basis":null,"notes":null,"changed":null,"new":null,"address":"愛媛県南宇和郡愛南町深浦1782付近","gsi_common_id":"E3850600115201","coordinate_join_method":"matched_by_id"}},{"type":"Feature","geometry":{"type":"Point","coordinates":[132.58808202916,32.948370193355]},"properties":{"common_id":"E3850600114201","name":"西光寺","address_pref":"愛媛県南宇和郡愛南町深浦1093","address_city":null,"address_detail":null,"contact":"0895-72-0131","flood":null,"landslide":null,"storm_surge":null,"earthquake":"1","tsunami":"1","large_fire":null,"inland_flood":null,"volcano":null,"shelter_overlap":null,"capacity":null,"capacity_basis":null,"notes":null,"changed":null,"new":null,"address":"愛媛県南宇和郡愛南町深浦1093","gsi_common_id":"E3850600114201","coordinate_join_method":"matched_by_id"}},{"type":"Feature","geometry":{"type":"Point","coordinates":[132.57422771109,32.957695204908]},"properties":{"common_id":"E3850600113201","name":"南宇和自動車教習所","address_pref":"愛媛県南宇和郡愛南町城辺甲531-10","address_city":null,"address_detail":null,"contact":"0895-72-0131","flood":null,"landslide":null,"storm_surge":null,"earthquake":"1","tsunami":"1","large_fire":null,"inland_flood":null,"volcano":null,"shelter_overlap":null,"capacity":null,"capacity_basis":null,"notes":null,"changed":null,"new":null,"address":"愛媛県南宇和郡愛南町城辺甲531-10","gsi_common_id":"E3850600113201","coordinate_join_method":"matched_by_id"}},{"type":"Feature","geometry":{"type":"Point","coordinates":[132.58712847771,32.957838766343]},"properties":{"common_id":"E3850600112201","name":"大森文化会館","address_pref":"愛媛県南宇和郡愛南町城辺甲2962","address_city":null,"address_detail":null,"contact":"0895-72-0837","flood":"1","landslide":"1","storm_surge":"1","earthquake":null,"tsunami":null,"large_fire":"1","inland_flood":null,"volcano":null,"shelter_overlap":"1","capacity":"99","capacity_basis":null,"notes":null,"changed":null,"new":null,"address":"愛媛県南宇和郡愛南町城辺甲2962","gsi_common_id":"E3850600112201","coordinate_join_method":"matched_by_id"}},{"type":"Feature","geometry":{"type":"Point","coordinates":[132.58100921557,32.960536650336]},"properties":{"common_id":"E3850600110201","name":"諏訪公園","address_pref":"愛媛県南宇和郡愛南町城辺甲2086","address_city":null,"address_detail":null,"contact":"0895-72-0131","flood":null,"landslide":null,"storm_surge":null,"earthquake":"1","tsunami":"1","large_fire":null,"inland_flood":null,"volcano":null,"shelter_overlap":null,"capacity":null,"capacity_basis":null,"notes":null,"changed":null,"new":null,"address":"愛媛県南宇和郡愛南町城辺甲2086","gsi_common_id":"E3850600110201","coordinate_join_method":"matched_by_id"}},{"type":"Feature","geometry":{"type":"Point","coordinates":[132.57903060032,32.959988024699]},"properties":{"common_id":"E3850600109201","name":"城の辺学習館","address_pref":"愛媛県南宇和郡愛南町城辺甲1943","address_city":null,"address_detail":null,"contact":"0895-72-0065","flood":"1","landslide":"1","storm_surge":"1","earthquake":null,"tsunami":null,"large_fire":"1","inland_flood":null,"volcano":null,"shelter_overlap":"1","capacity":"535","capacity_basis":null,"notes":null,"changed":null,"new":null,"address":"愛媛県南宇和郡愛南町城辺甲1943","gsi_common_id":"E3850600109201","coordinate_join_method":"matched_by_id"}},{"type":"Feature","geometry":{"type":"Point","coordinates":[132.61589083697,32.966617972739]},"properties":{"common_id":"E3850600106201","name":"上大道集会所（上大道公民館）","address_pref":"愛媛県南宇和郡愛南町上大道796-1","address_city":null,"address_detail":null,"contact":"0895-84-3751","flood":"1","landslide":"1","storm_surge":"1","earthquake":null,"tsunami":null,"large_fire":"1","inland_flood":null,"volcano":null,"shelter_overlap":null,"capacity":"66","capacity_basis":null,"notes":null,"changed":null,"new":null,"address":"愛媛県南宇和郡愛南町上大道796-1","gsi_common_id":"E3850600106201","coordinate_join_method":"matched_by_id"}},{"type":"Feature","geometry":{"type":"Point","coordinates":[132.5035255338,32.925919371607]},"properties":{"common_id":"E3850600104201","name":"町道小成川谷線終点付近","address_pref":"愛媛県南宇和郡愛南町小成川299付近","address_city":null,"address_detail":null,"contact":"0895-72-0131","flood":null,"landslide":null,"storm_surge":null,"earthquake":"1","tsunami":"1","large_fire":null,"inland_flood":null,"volcano":null,"shelter_overlap":null,"capacity":null,"capacity_basis":null,"notes":null,"changed":null,"new":null,"address":"愛媛県南宇和郡愛南町小成川299付近","gsi_common_id":"E3850600104201","coordinate_join_method":"matched_by_id"}},{"type":"Feature","geometry":{"type":"Point","coordinates":[132.52529001361,32.95003723315]},"properties":{"common_id":"E3850600103201","name":"町道樫月小浦線-高台","address_pref":"愛媛県南宇和郡愛南町小浦46-3付近","address_city":null,"address_detail":null,"contact":"0895-72-0131","flood":null,"landslide":null,"storm_surge":null,"earthquake":"1","tsunami":"1","large_fire":null,"inland_flood":null,"volcano":null,"shelter_overlap":null,"capacity":null,"capacity_basis":null,"notes":null,"changed":null,"new":null,"address":"愛媛県南宇和郡愛南町小浦46-3付近","gsi_common_id":"E3850600103201","coordinate_join_method":"matched_by_id"}},{"type":"Feature","geometry":{"type":"Point","coordinates":[132.51164980495,32.965672067085]},"properties":{"common_id":"E3850600102201","name":"猿越バス停付近","address_pref":"愛媛県南宇和郡愛南町高畑966-1","address_city":null,"address_detail":null,"contact":"0895-72-0131","flood":null,"landslide":null,"storm_surge":null,"earthquake":"1","tsunami":"1","large_fire":null,"inland_flood":null,"volcano":null,"shelter_overlap":null,"capacity":null,"capacity_basis":null,"notes":null,"changed":null,"new":null,"address":"愛媛県南宇和郡愛南町高畑966-1","gsi_common_id":"E3850600102201","coordinate_join_method":"matched_by_id"}},{"type":"Feature","geometry":{"type":"Point","coordinates":[132.51548816999,32.964070448252]},"properties":{"common_id":"E3850600101201","name":"県道中浦方面-高台","address_pref":"愛媛県南宇和郡愛南町高畑871-2付近","address_city":null,"address_detail":null,"contact":"0895-72-0131","flood":null,"landslide":null,"storm_surge":null,"earthquake":"1","tsunami":"1","large_fire":null,"inland_flood":null,"volcano":null,"shelter_overlap":null,"capacity":null,"capacity_basis":null,"notes":null,"changed":null,"new":null,"address":"愛媛県南宇和郡愛南町高畑871-2付近","gsi_common_id":"E3850600101201","coordinate_join_method":"matched_by_id"}},{"type":"Feature","geometry":{"type":"Point","coordinates":[132.520834,32.960523]},"properties":{"common_id":"E3850600100201","name":"県道町道合流点","address_pref":"愛媛県南宇和郡愛南町高畑5-4","address_city":null,"address_detail":null,"contact":"0895-72-0131","flood":null,"landslide":null,"storm_surge":null,"earthquake":"1","tsunami":"1","large_fire":null,"inland_flood":null,"volcano":null,"shelter_overlap":null,"capacity":null,"capacity_basis":null,"notes":null,"changed":null,"new":null,"address":"愛媛県南宇和郡愛南町高畑5-4","gsi_common_id":"E3850600100201","coordinate_join_method":"matched_by_id"}},{"type":"Feature","geometry":{"type":"Point","coordinates":[132.51650554261,32.95738374008]},"properties":{"common_id":"E3850600099201","name":"とのやぶ","address_pref":"愛媛県南宇和郡愛南町高畑306付近","address_city":null,"address_detail":null,"contact":"0895-72-0131","flood":null,"landslide":null,"storm_surge":null,"earthquake":"1","tsunami":"1","large_fire":null,"inland_flood":null,"volcano":null,"shelter_overlap":null,"capacity":null,"capacity_basis":null,"notes":null,"changed":null,"new":null,"address":"愛媛県南宇和郡愛南町高畑306付近","gsi_common_id":"E3850600099201","coordinate_join_method":"matched_by_id"}},{"type":"Feature","geometry":{"type":"Point","coordinates":[132.57047999241,32.971601487194]},"properties":{"common_id":"E3850600097201","name":"御荘学校給食センター駐車場","address_pref":"愛媛県南宇和郡愛南町御荘和口174","address_city":null,"address_detail":null,"contact":"0895-72-0131","flood":null,"landslide":null,"storm_surge":null,"earthquake":"1","tsunami":"1","large_fire":null,"inland_flood":null,"volcano":null,"shelter_overlap":null,"capacity":null,"capacity_basis":null,"notes":null,"changed":null,"new":null,"address":"愛媛県南宇和郡愛南町御荘和口174","gsi_common_id":"E3850600097201","coordinate_join_method":"matched_by_id"}},{"type":"Feature","geometry":{"type":"Point","coordinates":[132.55347502441,32.969792805034]},"properties":{"common_id":"E3850600096201","name":"松軒山公園駐車場","address_pref":"愛媛県南宇和郡愛南町御荘平城969-3","address_city":null,"address_detail":null,"contact":"0895-72-0131","flood":null,"landslide":null,"storm_surge":null,"earthquake":"1","tsunami":"1","large_fire":null,"inland_flood":null,"volcano":null,"shelter_overlap":null,"capacity":null,"capacity_basis":null,"notes":null,"changed":null,"new":null,"address":"愛媛県南宇和郡愛南町御荘平城969-3","gsi_common_id":"E3850600096201","coordinate_join_method":"matched_by_id"}},{"type":"Feature","geometry":{"type":"Point","coordinates":[132.55081853978,32.956137301618]},"properties":{"common_id":"E3850600095201","name":"香木園駐車場階段上","address_pref":"愛媛県南宇和郡愛南町御荘平城5736","address_city":null,"address_detail":null,"contact":"0895-72-0131","flood":null,"landslide":null,"storm_surge":null,"earthquake":"1","tsunami":"1","large_fire":null,"inland_flood":null,"volcano":null,"shelter_overlap":null,"capacity":null,"capacity_basis":null,"notes":null,"changed":null,"new":null,"address":"愛媛県南宇和郡愛南町御荘平城5736","gsi_common_id":"E3850600095201","coordinate_join_method":"matched_by_id"}},{"type":"Feature","geometry":{"type":"Point","coordinates":[132.55440465323,32.953771881545]},"properties":{"common_id":"E3850600094201","name":"町道馬瀬線終点付近上畑","address_pref":"愛媛県南宇和郡愛南町御荘平城5663-2","address_city":null,"address_detail":null,"contact":"0895-72-0131","flood":null,"landslide":null,"storm_surge":null,"earthquake":"1","tsunami":"1","large_fire":null,"inland_flood":null,"volcano":null,"shelter_overlap":null,"capacity":null,"capacity_basis":null,"notes":null,"changed":null,"new":null,"address":"愛媛県南宇和郡愛南町御荘平城5663-2","gsi_common_id":"E3850600094201","coordinate_join_method":"matched_by_id"}},{"type":"Feature","geometry":{"type":"Point","coordinates":[132.55854056086,32.956118606645]},"properties":{"common_id":"E3850600093201","name":"はまゆう保育所駐車場","address_pref":"愛媛県南宇和郡愛南町御荘平城5283","address_city":null,"address_detail":null,"contact":"0895-72-0131","flood":null,"landslide":null,"storm_surge":null,"earthquake":"1","tsunami":"1","large_fire":null,"inland_flood":null,"volcano":null,"shelter_overlap":null,"capacity":null,"capacity_basis":null,"notes":null,"changed":null,"new":null,"address":"愛媛県南宇和郡愛南町御荘平城5283","gsi_common_id":"E3850600093201","coordinate_join_method":"matched_by_id"}},{"type":"Feature","geometry":{"type":"Point","coordinates":[132.55836091154,32.955471119306]},"properties":{"common_id":"E3850600091201","name":"はまゆう保育所バス停付近","address_pref":"愛媛県南宇和郡愛南町御荘平城5268-3","address_city":null,"address_detail":null,"contact":"0895-72-0131","flood":null,"landslide":null,"storm_surge":null,"earthquake":"1","tsunami":"1","large_fire":null,"inland_flood":null,"volcano":null,"shelter_overlap":null,"capacity":null,"capacity_basis":null,"notes":null,"changed":null,"new":null,"address":"愛媛県南宇和郡愛南町御荘平城5268-3","gsi_common_id":"E3850600091201","coordinate_join_method":"matched_by_id"}},{"type":"Feature","geometry":{"type":"Point","coordinates":[132.56219647043,32.955570146724]},"properties":{"common_id":"E3850600090201","name":"節崎墓地","address_pref":"愛媛県南宇和郡愛南町御荘平城4989-2付近","address_city":null,"address_detail":null,"contact":"0895-72-0131","flood":null,"landslide":null,"storm_surge":null,"earthquake":"1","tsunami":"1","large_fire":null,"inland_flood":null,"volcano":null,"shelter_overlap":null,"capacity":null,"capacity_basis":null,"notes":null,"changed":null,"new":null,"address":"愛媛県南宇和郡愛南町御荘平城4989-2付近","gsi_common_id":"E3850600090201","coordinate_join_method":"matched_by_id"}},{"type":"Feature","geometry":{"type":"Point","coordinates":[132.566767,32.955812]},"properties":{"common_id":"E3850600089201","name":"県道久良城辺線広場","address_pref":"愛媛県南宇和郡愛南町御荘平城4804","address_city":null,"address_detail":null,"contact":"0895-72-0131","flood":null,"landslide":null,"storm_surge":null,"earthquake":"1","tsunami":"1","large_fire":null,"inland_flood":null,"volcano":null,"shelter_overlap":null,"capacity":null,"capacity_basis":null,"notes":null,"changed":null,"new":null,"address":"愛媛県南宇和郡愛南町御荘平城4804","gsi_common_id":"E3850600089201","coordinate_join_method":"matched_by_id"}},{"type":"Feature","geometry":{"type":"Point","coordinates":[132.57257381575,32.967400694503]},"properties":{"common_id":"E3850600087201","name":"御荘県職員住宅跡地","address_pref":"愛媛県南宇和郡愛南町御荘平城3384-1","address_city":null,"address_detail":null,"contact":"0895-72-0131","flood":null,"landslide":null,"storm_surge":null,"earthquake":"1","tsunami":"1","large_fire":null,"inland_flood":null,"volcano":null,"shelter_overlap":null,"capacity":null,"capacity_basis":null,"notes":null,"changed":null,"new":null,"address":"愛媛県南宇和郡愛南町御荘平城3384-1","gsi_common_id":"E3850600087201","coordinate_join_method":"matched_by_id"}},{"type":"Feature","geometry":{"type":"Point","coordinates":[132.5720149564,32.966407083735]},"properties":{"common_id":"E3850600085201","name":"町営永ﾉ岡団地","address_pref":"愛媛県南宇和郡愛南町御荘平城3117-2","address_city":null,"address_detail":null,"contact":"0895-72-0131","flood":null,"landslide":null,"storm_surge":null,"earthquake":"1","tsunami":"1","large_fire":null,"inland_flood":null,"volcano":null,"shelter_overlap":null,"capacity":null,"capacity_basis":null,"notes":null,"changed":null,"new":null,"address":"愛媛県南宇和郡愛南町御荘平城3117-2","gsi_common_id":"E3850600085201","coordinate_join_method":"matched_by_id"}},{"type":"Feature","geometry":{"type":"Point","coordinates":[132.569453,32.963863]},"properties":{"common_id":"E3850600084201","name":"御荘文化センター","address_pref":"愛媛県南宇和郡愛南町御荘平城3063-１","address_city":null,"address_detail":null,"contact":"0895-73-1111","flood":"1","landslide":"1","storm_surge":"1","earthquake":null,"tsunami":null,"large_fire":"1","inland_flood":null,"volcano":null,"shelter_overlap":"1","capacity":"2400","capacity_basis":null,"notes":null,"changed":null,"new":null,"address":"愛媛県南宇和郡愛南町御荘平城3063-１","gsi_common_id":"E3850600084201","coordinate_join_method":"matched_by_id"}},{"type":"Feature","geometry":{"type":"Point","coordinates":[132.56635389439,32.965602849522]},"properties":{"common_id":"E3850600083201","name":"グループホーム福寿草前","address_pref":"愛媛県南宇和郡愛南町御荘平城2729-1","address_city":null,"address_detail":null,"contact":"0895-72-0131","flood":null,"landslide":null,"storm_surge":null,"earthquake":"1","tsunami":"1","large_fire":null,"inland_flood":null,"volcano":null,"shelter_overlap":null,"capacity":null,"capacity_basis":null,"notes":null,"changed":null,"new":null,"address":"愛媛県南宇和郡愛南町御荘平城2729-1","gsi_common_id":"E3850600083201","coordinate_join_method":"matched_by_id"}},{"type":"Feature","geometry":{"type":"Point","coordinates":[132.56451658122,32.969696171083]},"properties":{"common_id":"E3850600082201","name":"御荘霊苑駐車場","address_pref":"愛媛県南宇和郡愛南町御荘平城2579-1","address_city":null,"address_detail":null,"contact":"0895-72-0131","flood":null,"landslide":null,"storm_surge":null,"earthquake":"1","tsunami":"1","large_fire":null,"inland_flood":null,"volcano":null,"shelter_overlap":null,"capacity":null,"capacity_basis":null,"notes":null,"changed":null,"new":null,"address":"愛媛県南宇和郡愛南町御荘平城2579-1","gsi_common_id":"E3850600082201","coordinate_join_method":"matched_by_id"}},{"type":"Feature","geometry":{"type":"Point","coordinates":[132.54640696447,32.96880912106]},"properties":{"common_id":"E3850600081201","name":"大山祗神社（山の神様）","address_pref":"愛媛県南宇和郡愛南町御荘平城241","address_city":null,"address_detail":null,"contact":"0895-72-0131","flood":null,"landslide":null,"storm_surge":null,"earthquake":"1","tsunami":"1","large_fire":null,"inland_flood":null,"volcano":null,"shelter_overlap":null,"capacity":null,"capacity_basis":null,"notes":null,"changed":null,"new":null,"address":"愛媛県南宇和郡愛南町御荘平城241","gsi_common_id":"E3850600081201","coordinate_join_method":"matched_by_id"}},{"type":"Feature","geometry":{"type":"Point","coordinates":[132.56334445589,32.966509742507]},"properties":{"common_id":"E3850600080201","name":"光霊苑跡駐車場","address_pref":"愛媛県南宇和郡愛南町御荘平城2409","address_city":null,"address_detail":null,"contact":"0895-72-0131","flood":null,"landslide":null,"storm_surge":null,"earthquake":"1","tsunami":"1","large_fire":null,"inland_flood":null,"volcano":null,"shelter_overlap":null,"capacity":null,"capacity_basis":null,"notes":null,"changed":null,"new":null,"address":"愛媛県南宇和郡愛南町御荘平城2409","gsi_common_id":"E3850600080201","coordinate_join_method":"matched_by_id"}},{"type":"Feature","geometry":{"type":"Point","coordinates":[132.55980930439,32.967326613332]},"properties":{"common_id":"E3850600078201","name":"テンガンジ高台","address_pref":"愛媛県南宇和郡愛南町御荘平城1405","address_city":null,"address_detail":null,"contact":"0895-72-0131","flood":null,"landslide":null,"storm_surge":null,"earthquake":"1","tsunami":"1","large_fire":null,"inland_flood":null,"volcano":null,"shelter_overlap":null,"capacity":null,"capacity_basis":null,"notes":null,"changed":null,"new":null,"address":"愛媛県南宇和郡愛南町御荘平城1405","gsi_common_id":"E3850600078201","coordinate_join_method":"matched_by_id"}},{"type":"Feature","geometry":{"type":"Point","coordinates":[132.5567193996,32.967596651613]},"properties":{"common_id":"E3850600077201","name":"秋葉権現さま","address_pref":"愛媛県南宇和郡愛南町御荘平城1144","address_city":null,"address_detail":null,"contact":"0895-72-0131","flood":null,"landslide":null,"storm_surge":null,"earthquake":"1","tsunami":"1","large_fire":null,"inland_flood":null,"volcano":null,"shelter_overlap":null,"capacity":null,"capacity_basis":null,"notes":null,"changed":null,"new":null,"address":"愛媛県南宇和郡愛南町御荘平城1144","gsi_common_id":"E3850600077201","coordinate_join_method":"matched_by_id"}},{"type":"Feature","geometry":{"type":"Point","coordinates":[132.554488058,32.9666523259]},"properties":{"common_id":"E3850600076201","name":"来迎寺境内","address_pref":"愛媛県南宇和郡愛南町御荘平城1056","address_city":null,"address_detail":null,"contact":"0895-72-0131","flood":null,"landslide":null,"storm_surge":null,"earthquake":"1","tsunami":"1","large_fire":null,"inland_flood":null,"volcano":null,"shelter_overlap":null,"capacity":null,"capacity_basis":null,"notes":null,"changed":null,"new":null,"address":"愛媛県南宇和郡愛南町御荘平城1056","gsi_common_id":"E3850600076201","coordinate_join_method":"matched_by_id"}},{"type":"Feature","geometry":{"type":"Point","coordinates":[132.53410711045,32.974860017176]},"properties":{"common_id":"E3850600075201","name":"(財)正光会御荘病院駐車場","address_pref":"愛媛県南宇和郡愛南町御荘平山831-2","address_city":null,"address_detail":null,"contact":"0895-72-0131","flood":null,"landslide":null,"storm_surge":null,"earthquake":"1","tsunami":"1","large_fire":null,"inland_flood":null,"volcano":null,"shelter_overlap":null,"capacity":null,"capacity_basis":null,"notes":null,"changed":null,"new":null,"address":"愛媛県南宇和郡愛南町御荘平山831-2","gsi_common_id":"E3850600075201","coordinate_join_method":"matched_by_id"}},{"type":"Feature","geometry":{"type":"Point","coordinates":[132.53696021224,32.970322898582]},"properties":{"common_id":"E3850600074201","name":"延命寺上-農道分岐付近","address_pref":"愛媛県南宇和郡愛南町御荘平山559-2","address_city":null,"address_detail":null,"contact":"0895-72-0131","flood":null,"landslide":null,"storm_surge":null,"earthquake":"1","tsunami":"1","large_fire":null,"inland_flood":null,"volcano":null,"shelter_overlap":null,"capacity":null,"capacity_basis":null,"notes":null,"changed":null,"new":null,"address":"愛媛県南宇和郡愛南町御荘平山559-2","gsi_common_id":"E3850600074201","coordinate_join_method":"matched_by_id"}},{"type":"Feature","geometry":{"type":"Point","coordinates":[132.53994913572,32.972378093966]},"properties":{"common_id":"E3850600073201","name":"国道長洲側山頂付近","address_pref":"愛媛県南宇和郡愛南町御荘平山1787付近","address_city":null,"address_detail":null,"contact":"0895-72-0131","flood":null,"landslide":null,"storm_surge":null,"earthquake":"1","tsunami":"1","large_fire":null,"inland_flood":null,"volcano":null,"shelter_overlap":null,"capacity":null,"capacity_basis":null,"notes":null,"changed":null,"new":null,"address":"愛媛県南宇和郡愛南町御荘平山1787付近","gsi_common_id":"E3850600073201","coordinate_join_method":"matched_by_id"}},{"type":"Feature","geometry":{"type":"Point","coordinates":[132.52863565121,32.980621485857]},"properties":{"common_id":"E3850600072201","name":"国道-町道平山線分岐付近","address_pref":"愛媛県南宇和郡愛南町御荘平山121付近","address_city":null,"address_detail":null,"contact":"0895-72-0131","flood":null,"landslide":null,"storm_surge":null,"earthquake":"1","tsunami":"1","large_fire":null,"inland_flood":null,"volcano":null,"shelter_overlap":null,"capacity":null,"capacity_basis":null,"notes":null,"changed":null,"new":null,"address":"愛媛県南宇和郡愛南町御荘平山121付近","gsi_common_id":"E3850600072201","coordinate_join_method":"matched_by_id"}},{"type":"Feature","geometry":{"type":"Point","coordinates":[132.54850487738,32.972167428347]},"properties":{"common_id":"E3850600071201","name":"笹子谷峠付近","address_pref":"愛媛県南宇和郡愛南町御荘長洲271","address_city":null,"address_detail":null,"contact":"0895-72-0131","flood":null,"landslide":null,"storm_surge":null,"earthquake":"1","tsunami":"1","large_fire":null,"inland_flood":null,"volcano":null,"shelter_overlap":null,"capacity":null,"capacity_basis":null,"notes":null,"changed":null,"new":null,"address":"愛媛県南宇和郡愛南町御荘長洲271","gsi_common_id":"E3850600071201","coordinate_join_method":"matched_by_id"}},{"type":"Feature","geometry":{"type":"Point","coordinates":[132.54456335103,32.982059722111]},"properties":{"common_id":"E3850600070201","name":"町道長洲寺線終点","address_pref":"愛媛県南宇和郡愛南町御荘長洲1046付近","address_city":null,"address_detail":null,"contact":"0895-72-0131","flood":null,"landslide":null,"storm_surge":null,"earthquake":"1","tsunami":"1","large_fire":null,"inland_flood":null,"volcano":null,"shelter_overlap":null,"capacity":null,"capacity_basis":null,"notes":null,"changed":null,"new":null,"address":"愛媛県南宇和郡愛南町御荘長洲1046付近","gsi_common_id":"E3850600070201","coordinate_join_method":"matched_by_id"}},{"type":"Feature","geometry":{"type":"Point","coordinates":[132.583132537,32.978585662]},"properties":{"common_id":"E3850600069201","name":"長月小学校体育館（長月公民館）","address_pref":"愛媛県南宇和郡愛南町御荘長月913-1","address_city":null,"address_detail":null,"contact":"0895-72-1659","flood":"1","landslide":"1","storm_surge":"1","earthquake":null,"tsunami":null,"large_fire":"1","inland_flood":null,"volcano":null,"shelter_overlap":"1","capacity":"444","capacity_basis":null,"notes":null,"changed":null,"new":null,"address":"愛媛県南宇和郡愛南町御荘長月913-1","gsi_common_id":"E3850600069201","coordinate_join_method":"matched_by_id"}},{"type":"Feature","geometry":{"type":"Point","coordinates":[132.51927974309,32.988221551531]},"properties":{"common_id":"E3850600067201","name":"厳島神社境内","address_pref":"愛媛県南宇和郡愛南町御荘菊川3394付近","address_city":null,"address_detail":null,"contact":"0895-72-0131","flood":null,"landslide":null,"storm_surge":null,"earthquake":"1","tsunami":"1","large_fire":null,"inland_flood":null,"volcano":null,"shelter_overlap":null,"capacity":null,"capacity_basis":null,"notes":null,"changed":null,"new":null,"address":"愛媛県南宇和郡愛南町御荘菊川3394付近","gsi_common_id":"E3850600067201","coordinate_join_method":"matched_by_id"}},{"type":"Feature","geometry":{"type":"Point","coordinates":[132.51510194203,32.978865401692]},"properties":{"common_id":"E3850600066201","name":"町道浜銭坪線-高台","address_pref":"愛媛県南宇和郡愛南町御荘菊川2533-2付近","address_city":null,"address_detail":null,"contact":"0895-72-0131","flood":null,"landslide":null,"storm_surge":null,"earthquake":"1","tsunami":"1","large_fire":null,"inland_flood":null,"volcano":null,"shelter_overlap":null,"capacity":null,"capacity_basis":null,"notes":null,"changed":null,"new":null,"address":"愛媛県南宇和郡愛南町御荘菊川2533-2付近","gsi_common_id":"E3850600066201","coordinate_join_method":"matched_by_id"}},{"type":"Feature","geometry":{"type":"Point","coordinates":[132.50720440771,33.0054517246]},"properties":{"common_id":"E3850600065201","name":"外室手バス停付近","address_pref":"愛媛県南宇和郡愛南町御荘菊川17付近","address_city":null,"address_detail":null,"contact":"0895-72-0131","flood":null,"landslide":null,"storm_surge":null,"earthquake":"1","tsunami":"1","large_fire":null,"inland_flood":null,"volcano":null,"shelter_overlap":null,"capacity":null,"capacity_basis":null,"notes":null,"changed":null,"new":null,"address":"愛媛県南宇和郡愛南町御荘菊川17付近","gsi_common_id":"E3850600065201","coordinate_join_method":"matched_by_id"}},{"type":"Feature","geometry":{"type":"Point","coordinates":[132.52612494439,32.9810080771]},"properties":{"common_id":"E3850600064201","name":"八百坂峠バス停（宿毛方面行）付近","address_pref":"愛媛県南宇和郡愛南町御荘菊川1745付近","address_city":null,"address_detail":null,"contact":"0895-72-0131","flood":null,"landslide":null,"storm_surge":null,"earthquake":"1","tsunami":"1","large_fire":null,"inland_flood":null,"volcano":null,"shelter_overlap":null,"capacity":null,"capacity_basis":null,"notes":null,"changed":null,"new":null,"address":"愛媛県南宇和郡愛南町御荘菊川1745付近","gsi_common_id":"E3850600064201","coordinate_join_method":"matched_by_id"}},{"type":"Feature","geometry":{"type":"Point","coordinates":[132.5186191936,32.990793638859]},"properties":{"common_id":"E3850600063201","name":"御荘農村研修センター（菊川公民館）","address_pref":"愛媛県南宇和郡愛南町御荘菊川1159-１","address_city":null,"address_detail":null,"contact":"0895-74-0334","flood":"1","landslide":"1","storm_surge":"1","earthquake":null,"tsunami":null,"large_fire":"1","inland_flood":null,"volcano":null,"shelter_overlap":"1","capacity":"183","capacity_basis":null,"notes":null,"changed":null,"new":null,"address":"愛媛県南宇和郡愛南町御荘菊川1159-１","gsi_common_id":"E3850600063201","coordinate_join_method":"matched_by_id"}},{"type":"Feature","geometry":{"type":"Point","coordinates":[132.57500349888,32.947568237328]},"properties":{"common_id":"E3850600061201","name":"古月東神社","address_pref":"愛媛県南宇和郡愛南町古月195","address_city":null,"address_detail":null,"contact":"0895-72-0131","flood":null,"landslide":null,"storm_surge":null,"earthquake":"1","tsunami":"1","large_fire":null,"inland_flood":null,"volcano":null,"shelter_overlap":null,"capacity":null,"capacity_basis":null,"notes":null,"changed":null,"new":null,"address":"愛媛県南宇和郡愛南町古月195","gsi_common_id":"E3850600061201","coordinate_join_method":"matched_by_id"}},{"type":"Feature","geometry":{"type":"Point","coordinates":[132.57223583282,32.947287388782]},"properties":{"common_id":"E3850600060201","name":"町道古月線高台","address_pref":"愛媛県南宇和郡愛南町古月121付近","address_city":null,"address_detail":null,"contact":"0895-72-0131","flood":null,"landslide":null,"storm_surge":null,"earthquake":"1","tsunami":"1","large_fire":null,"inland_flood":null,"volcano":null,"shelter_overlap":null,"capacity":null,"capacity_basis":null,"notes":null,"changed":null,"new":null,"address":"愛媛県南宇和郡愛南町古月121付近","gsi_common_id":"E3850600060201","coordinate_join_method":"matched_by_id"}},{"type":"Feature","geometry":{"type":"Point","coordinates":[132.40748215779,33.055816681427]},"properties":{"common_id":"E3850600059201","name":"金毘羅神社","address_pref":"愛媛県南宇和郡愛南町魚神山685","address_city":null,"address_detail":null,"contact":"0895-72-0131","flood":null,"landslide":null,"storm_surge":null,"earthquake":"1","tsunami":"1","large_fire":null,"inland_flood":null,"volcano":null,"shelter_overlap":null,"capacity":null,"capacity_basis":null,"notes":null,"changed":null,"new":null,"address":"愛媛県南宇和郡愛南町魚神山685","gsi_common_id":"E3850600059201","coordinate_join_method":"matched_by_id"}},{"type":"Feature","geometry":{"type":"Point","coordinates":[132.40727703707,33.055374545986]},"properties":{"common_id":"E3850600058201","name":"魚神山公民館分館","address_pref":"愛媛県南宇和郡愛南町魚神山569","address_city":null,"address_detail":null,"contact":"0895-85-1021","flood":"1","landslide":"1","storm_surge":"1","earthquake":null,"tsunami":null,"large_fire":"1","inland_flood":null,"volcano":null,"shelter_overlap":"1","capacity":"148","capacity_basis":null,"notes":null,"changed":null,"new":null,"address":"愛媛県南宇和郡愛南町魚神山569","gsi_common_id":"E3850600058201","coordinate_join_method":"matched_by_id"}},{"type":"Feature","geometry":{"type":"Point","coordinates":[132.40688207775,33.053871685114]},"properties":{"common_id":"E3850600057201","name":"西泊お堂","address_pref":"愛媛県南宇和郡愛南町魚神山431","address_city":null,"address_detail":null,"contact":"0895-72-0131","flood":null,"landslide":null,"storm_surge":null,"earthquake":"1","tsunami":"1","large_fire":null,"inland_flood":null,"volcano":null,"shelter_overlap":null,"capacity":null,"capacity_basis":null,"notes":null,"changed":null,"new":null,"address":"愛媛県南宇和郡愛南町魚神山431","gsi_common_id":"E3850600057201","coordinate_join_method":"matched_by_id"}},{"type":"Feature","geometry":{"type":"Point","coordinates":[132.43241487292,33.052569362681]},"properties":{"common_id":"E3850600056201","name":"船越運河バス停","address_pref":"愛媛県南宇和郡愛南町魚神山1656付近","address_city":null,"address_detail":null,"contact":"0895-72-0131","flood":null,"landslide":null,"storm_surge":null,"earthquake":"1","tsunami":"1","large_fire":null,"inland_flood":null,"volcano":null,"shelter_overlap":null,"capacity":null,"capacity_basis":null,"notes":null,"changed":null,"new":null,"address":"愛媛県南宇和郡愛南町魚神山1656付近","gsi_common_id":"E3850600056201","coordinate_join_method":"matched_by_id"}},{"type":"Feature","geometry":{"type":"Point","coordinates":[132.40715105139,33.046712054128]},"properties":{"common_id":"E3850600055201","name":"魚神山小学校上-県道","address_pref":"愛媛県南宇和郡愛南町魚神山152-2付近","address_city":null,"address_detail":null,"contact":"0895-72-0131","flood":null,"landslide":null,"storm_surge":null,"earthquake":"1","tsunami":"1","large_fire":null,"inland_flood":null,"volcano":null,"shelter_overlap":null,"capacity":null,"capacity_basis":null,"notes":null,"changed":null,"new":null,"address":"愛媛県南宇和郡愛南町魚神山152-2付近","gsi_common_id":"E3850600055201","coordinate_join_method":"matched_by_id"}},{"type":"Feature","geometry":{"type":"Point","coordinates":[132.41409785147,33.055479926592]},"properties":{"common_id":"E3850600054201","name":"走下県道高台","address_pref":"愛媛県南宇和郡愛南町魚神山1158付近","address_city":null,"address_detail":null,"contact":"0895-72-0131","flood":null,"landslide":null,"storm_surge":null,"earthquake":"1","tsunami":"1","large_fire":null,"inland_flood":null,"volcano":null,"shelter_overlap":null,"capacity":null,"capacity_basis":null,"notes":null,"changed":null,"new":null,"address":"愛媛県南宇和郡愛南町魚神山1158付近","gsi_common_id":"E3850600054201","coordinate_join_method":"matched_by_id"}},{"type":"Feature","geometry":{"type":"Point","coordinates":[132.53033199046,32.949655366582]},"properties":{"common_id":"E3850600053201","name":"町道弓立大滝線-高台","address_pref":"愛媛県南宇和郡愛南町弓立126付近","address_city":null,"address_detail":null,"contact":"0895-72-0131","flood":null,"landslide":null,"storm_surge":null,"earthquake":"1","tsunami":"1","large_fire":null,"inland_flood":null,"volcano":null,"shelter_overlap":null,"capacity":null,"capacity_basis":null,"notes":null,"changed":null,"new":null,"address":"愛媛県南宇和郡愛南町弓立126付近","gsi_common_id":"E3850600053201","coordinate_join_method":"matched_by_id"}},{"type":"Feature","geometry":{"type":"Point","coordinates":[132.55175504644,32.94851295546]},"properties":{"common_id":"E3850600052201","name":"元駐在所","address_pref":"愛媛県南宇和郡愛南町久良848","address_city":null,"address_detail":null,"contact":"0895-72-0131","flood":null,"landslide":null,"storm_surge":null,"earthquake":"1","tsunami":"1","large_fire":null,"inland_flood":null,"volcano":null,"shelter_overlap":null,"capacity":null,"capacity_basis":null,"notes":null,"changed":null,"new":null,"address":"愛媛県南宇和郡愛南町久良848","gsi_common_id":"E3850600052201","coordinate_join_method":"matched_by_id"}},{"type":"Feature","geometry":{"type":"Point","coordinates":[132.55524127489,32.945014994068]},"properties":{"common_id":"E3850600051201","name":"小屋ﾉ浦竜王先道路","address_pref":"愛媛県南宇和郡愛南町久良719-6","address_city":null,"address_detail":null,"contact":"0895-72-0131","flood":null,"landslide":null,"storm_surge":null,"earthquake":"1","tsunami":"1","large_fire":null,"inland_flood":null,"volcano":null,"shelter_overlap":null,"capacity":null,"capacity_basis":null,"notes":null,"changed":null,"new":null,"address":"愛媛県南宇和郡愛南町久良719-6","gsi_common_id":"E3850600051201","coordinate_join_method":"matched_by_id"}},{"type":"Feature","geometry":{"type":"Point","coordinates":[132.55662144534,32.948275234955]},"properties":{"common_id":"E3850600050201","name":"小屋ﾉ浦墓場里道","address_pref":"愛媛県南宇和郡愛南町久良630-3付近","address_city":null,"address_detail":null,"contact":"0895-72-0131","flood":null,"landslide":null,"storm_surge":null,"earthquake":"1","tsunami":"1","large_fire":null,"inland_flood":null,"volcano":null,"shelter_overlap":null,"capacity":null,"capacity_basis":null,"notes":null,"changed":null,"new":null,"address":"愛媛県南宇和郡愛南町久良630-3付近","gsi_common_id":"E3850600050201","coordinate_join_method":"matched_by_id"}},{"type":"Feature","geometry":{"type":"Point","coordinates":[132.55591727318,32.936275629105]},"properties":{"common_id":"E3850600049201","name":"鹿ノ谷墓地下","address_pref":"愛媛県南宇和郡愛南町久良3960","address_city":null,"address_detail":null,"contact":"0895-72-0131","flood":null,"landslide":null,"storm_surge":null,"earthquake":"1","tsunami":"1","large_fire":null,"inland_flood":null,"volcano":null,"shelter_overlap":null,"capacity":null,"capacity_basis":null,"notes":null,"changed":null,"new":null,"address":"愛媛県南宇和郡愛南町久良3960","gsi_common_id":"E3850600049201","coordinate_join_method":"matched_by_id"}},{"type":"Feature","geometry":{"type":"Point","coordinates":[132.55423284591,32.93767130822]},"properties":{"common_id":"E3850600048201","name":"コモズラ山の神様","address_pref":"愛媛県南宇和郡愛南町久良3829-1","address_city":null,"address_detail":null,"contact":"0895-72-0131","flood":null,"landslide":null,"storm_surge":null,"earthquake":"1","tsunami":"1","large_fire":null,"inland_flood":null,"volcano":null,"shelter_overlap":null,"capacity":null,"capacity_basis":null,"notes":null,"changed":null,"new":null,"address":"愛媛県南宇和郡愛南町久良3829-1","gsi_common_id":"E3850600048201","coordinate_join_method":"matched_by_id"}},{"type":"Feature","geometry":{"type":"Point","coordinates":[132.55391098084,32.938553726229]},"properties":{"common_id":"E3850600047201","name":"コモズラ墓場里道","address_pref":"愛媛県南宇和郡愛南町久良3708","address_city":null,"address_detail":null,"contact":"0895-72-0131","flood":null,"landslide":null,"storm_surge":null,"earthquake":"1","tsunami":"1","large_fire":null,"inland_flood":null,"volcano":null,"shelter_overlap":null,"capacity":null,"capacity_basis":null,"notes":null,"changed":null,"new":null,"address":"愛媛県南宇和郡愛南町久良3708","gsi_common_id":"E3850600047201","coordinate_join_method":"matched_by_id"}},{"type":"Feature","geometry":{"type":"Point","coordinates":[132.55303658069,32.938666278913]},"properties":{"common_id":"E3850600046201","name":"網代墓地","address_pref":"愛媛県南宇和郡愛南町久良3667付近","address_city":null,"address_detail":null,"contact":"0895-72-0131","flood":null,"landslide":null,"storm_surge":null,"earthquake":"1","tsunami":"1","large_fire":null,"inland_flood":null,"volcano":null,"shelter_overlap":null,"capacity":null,"capacity_basis":null,"notes":null,"changed":null,"new":null,"address":"愛媛県南宇和郡愛南町久良3667付近","gsi_common_id":"E3850600046201","coordinate_join_method":"matched_by_id"}},{"type":"Feature","geometry":{"type":"Point","coordinates":[132.55040068584,32.937487167162]},"properties":{"common_id":"E3850600045201","name":"広谷高台里道","address_pref":"愛媛県南宇和郡愛南町久良3369付近","address_city":null,"address_detail":null,"contact":"0895-72-0131","flood":null,"landslide":null,"storm_surge":null,"earthquake":"1","tsunami":"1","large_fire":null,"inland_flood":null,"volcano":null,"shelter_overlap":null,"capacity":null,"capacity_basis":null,"notes":null,"changed":null,"new":null,"address":"愛媛県南宇和郡愛南町久良3369付近","gsi_common_id":"E3850600045201","coordinate_join_method":"matched_by_id"}},{"type":"Feature","geometry":{"type":"Point","coordinates":[132.54973173249,32.938112526931]},"properties":{"common_id":"E3850600044201","name":"小屋ﾉ浦春日神社境内","address_pref":"愛媛県南宇和郡愛南町久良2868","address_city":null,"address_detail":null,"contact":"0895-72-0131","flood":null,"landslide":null,"storm_surge":null,"earthquake":"1","tsunami":"1","large_fire":null,"inland_flood":null,"volcano":null,"shelter_overlap":null,"capacity":null,"capacity_basis":null,"notes":null,"changed":null,"new":null,"address":"愛媛県南宇和郡愛南町久良2868","gsi_common_id":"E3850600044201","coordinate_join_method":"matched_by_id"}},{"type":"Feature","geometry":{"type":"Point","coordinates":[132.54771507802,32.939697254838]},"properties":{"common_id":"E3850600043201","name":"高良ダム根元","address_pref":"愛媛県南宇和郡愛南町久良2681付近","address_city":null,"address_detail":null,"contact":"0895-72-0131","flood":null,"landslide":null,"storm_surge":null,"earthquake":"1","tsunami":"1","large_fire":null,"inland_flood":null,"volcano":null,"shelter_overlap":null,"capacity":null,"capacity_basis":null,"notes":null,"changed":null,"new":null,"address":"愛媛県南宇和郡愛南町久良2681付近","gsi_common_id":"E3850600043201","coordinate_join_method":"matched_by_id"}},{"type":"Feature","geometry":{"type":"Point","coordinates":[132.56164943342,32.947803609851]},"properties":{"common_id":"E3850600042201","name":"日土墓上道路","address_pref":"愛媛県南宇和郡愛南町久良262付近","address_city":null,"address_detail":null,"contact":"0895-72-0131","flood":null,"landslide":null,"storm_surge":null,"earthquake":"1","tsunami":"1","large_fire":null,"inland_flood":null,"volcano":null,"shelter_overlap":null,"capacity":null,"capacity_basis":null,"notes":null,"changed":null,"new":null,"address":"愛媛県南宇和郡愛南町久良262付近","gsi_common_id":"E3850600042201","coordinate_join_method":"matched_by_id"}},{"type":"Feature","geometry":{"type":"Point","coordinates":[132.5488556918,32.941509566763]},"properties":{"common_id":"E3850600041201","name":"水谷県道-高台","address_pref":"愛媛県南宇和郡愛南町久良2283付近","address_city":null,"address_detail":null,"contact":"0895-72-0131","flood":null,"landslide":null,"storm_surge":null,"earthquake":"1","tsunami":"1","large_fire":null,"inland_flood":null,"volcano":null,"shelter_overlap":null,"capacity":null,"capacity_basis":null,"notes":null,"changed":null,"new":null,"address":"愛媛県南宇和郡愛南町久良2283付近","gsi_common_id":"E3850600041201","coordinate_join_method":"matched_by_id"}},{"type":"Feature","geometry":{"type":"Point","coordinates":[132.54866864418,32.943033547126]},"properties":{"common_id":"E3850600040201","name":"久良ふるさとセンター（久良公民館）","address_pref":"愛媛県南宇和郡愛南町久良2095","address_city":null,"address_detail":null,"contact":"0895-70-1505","flood":"1","landslide":"1","storm_surge":"1","earthquake":null,"tsunami":null,"large_fire":"1","inland_flood":null,"volcano":null,"shelter_overlap":"1","capacity":"264","capacity_basis":null,"notes":null,"changed":null,"new":null,"address":"愛媛県南宇和郡愛南町久良2095","gsi_common_id":"E3850600040201","coordinate_join_method":"matched_by_id"}},{"type":"Feature","geometry":{"type":"Point","coordinates":[132.546923,32.944034]},"properties":{"common_id":"E3850600038201","name":"久良小学校","address_pref":"愛媛県南宇和郡愛南町久良2035付近","address_city":null,"address_detail":null,"contact":"0895-72-0131","flood":null,"landslide":null,"storm_surge":null,"earthquake":"1","tsunami":"1","large_fire":null,"inland_flood":null,"volcano":null,"shelter_overlap":null,"capacity":null,"capacity_basis":null,"notes":null,"changed":null,"new":null,"address":"愛媛県南宇和郡愛南町久良2035付近","gsi_common_id":"E3850600038201","coordinate_join_method":"matched_by_id"}},{"type":"Feature","geometry":{"type":"Point","coordinates":[132.56412013726,32.948650183511]},"properties":{"common_id":"E3850600037201","name":"日土峠道路","address_pref":"愛媛県南宇和郡愛南町久良164付近","address_city":null,"address_detail":null,"contact":"0895-72-0131","flood":null,"landslide":null,"storm_surge":null,"earthquake":"1","tsunami":"1","large_fire":null,"inland_flood":null,"volcano":null,"shelter_overlap":null,"capacity":null,"capacity_basis":null,"notes":null,"changed":null,"new":null,"address":"愛媛県南宇和郡愛南町久良164付近","gsi_common_id":"E3850600037201","coordinate_join_method":"matched_by_id"}},{"type":"Feature","geometry":{"type":"Point","coordinates":[132.54703986246,32.946939792845]},"properties":{"common_id":"E3850600036201","name":"真浦高台里道","address_pref":"愛媛県南宇和郡愛南町久良1416付近","address_city":null,"address_detail":null,"contact":"0895-72-0131","flood":null,"landslide":null,"storm_surge":null,"earthquake":"1","tsunami":"1","large_fire":null,"inland_flood":null,"volcano":null,"shelter_overlap":null,"capacity":null,"capacity_basis":null,"notes":null,"changed":null,"new":null,"address":"愛媛県南宇和郡愛南町久良1416付近","gsi_common_id":"E3850600036201","coordinate_join_method":"matched_by_id"}},{"type":"Feature","geometry":{"type":"Point","coordinates":[132.5484231812,32.947683534465]},"properties":{"common_id":"E3850600035201","name":"墓場高台里道","address_pref":"愛媛県南宇和郡愛南町久良1300","address_city":null,"address_detail":null,"contact":"0895-72-0131","flood":null,"landslide":null,"storm_surge":null,"earthquake":"1","tsunami":"1","large_fire":null,"inland_flood":null,"volcano":null,"shelter_overlap":null,"capacity":null,"capacity_basis":null,"notes":null,"changed":null,"new":null,"address":"愛媛県南宇和郡愛南町久良1300","gsi_common_id":"E3850600035201","coordinate_join_method":"matched_by_id"}},{"type":"Feature","geometry":{"type":"Point","coordinates":[132.55054212632,32.947111823651]},"properties":{"common_id":"E3850600034201","name":"和霊さま下道路","address_pref":"愛媛県南宇和郡愛南町久良1032付近","address_city":null,"address_detail":null,"contact":"0895-72-0131","flood":null,"landslide":null,"storm_surge":null,"earthquake":"1","tsunami":"1","large_fire":null,"inland_flood":null,"volcano":null,"shelter_overlap":null,"capacity":null,"capacity_basis":null,"notes":null,"changed":null,"new":null,"address":"愛媛県南宇和郡愛南町久良1032付近","gsi_common_id":"E3850600034201","coordinate_join_method":"matched_by_id"}},{"type":"Feature","geometry":{"type":"Point","coordinates":[132.50320617845,32.941856382348]},"properties":{"common_id":"E3850600033201","name":"西海トンネル-久家口広場","address_pref":"愛媛県南宇和郡愛南町久家337-1付近","address_city":null,"address_detail":null,"contact":"0895-72-0131","flood":null,"landslide":null,"storm_surge":null,"earthquake":"1","tsunami":"1","large_fire":null,"inland_flood":null,"volcano":null,"shelter_overlap":null,"capacity":null,"capacity_basis":null,"notes":null,"changed":null,"new":null,"address":"愛媛県南宇和郡愛南町久家337-1付近","gsi_common_id":"E3850600033201","coordinate_join_method":"matched_by_id"}},{"type":"Feature","geometry":{"type":"Point","coordinates":[132.608544949,32.9429799324]},"properties":{"common_id":"E3850600032201","name":"岩水テレビ塔登口付近","address_pref":"愛媛県南宇和郡愛南町岩水800-6","address_city":null,"address_detail":null,"contact":"0895-72-0131","flood":null,"landslide":null,"storm_surge":null,"earthquake":"1","tsunami":"1","large_fire":null,"inland_flood":null,"volcano":null,"shelter_overlap":null,"capacity":null,"capacity_basis":null,"notes":null,"changed":null,"new":null,"address":"愛媛県南宇和郡愛南町岩水800-6","gsi_common_id":"E3850600032201","coordinate_join_method":"matched_by_id"}},{"type":"Feature","geometry":{"type":"Point","coordinates":[132.60468056018,32.945601236277]},"properties":{"common_id":"E3850600030201","name":"東海小学校前高台","address_pref":"愛媛県南宇和郡愛南町岩水45付近","address_city":null,"address_detail":null,"contact":"0895-72-0131","flood":null,"landslide":null,"storm_surge":null,"earthquake":"1","tsunami":"1","large_fire":null,"inland_flood":null,"volcano":null,"shelter_overlap":null,"capacity":null,"capacity_basis":null,"notes":null,"changed":null,"new":null,"address":"愛媛県南宇和郡愛南町岩水45付近","gsi_common_id":"E3850600030201","coordinate_join_method":"matched_by_id"}},{"type":"Feature","geometry":{"type":"Point","coordinates":[132.59816030365,32.942547858308]},"properties":{"common_id":"E3850600029201","name":"県道敦盛方面-高台","address_pref":"愛媛県南宇和郡愛南町岩水1484-3付近","address_city":null,"address_detail":null,"contact":"0895-72-0131","flood":null,"landslide":null,"storm_surge":null,"earthquake":"1","tsunami":"1","large_fire":null,"inland_flood":null,"volcano":null,"shelter_overlap":null,"capacity":null,"capacity_basis":null,"notes":null,"changed":null,"new":null,"address":"愛媛県南宇和郡愛南町岩水1484-3付近","gsi_common_id":"E3850600029201","coordinate_join_method":"matched_by_id"}},{"type":"Feature","geometry":{"type":"Point","coordinates":[132.59727196219,32.943263631366]},"properties":{"common_id":"E3850600028201","name":"県道岩水方面上墓地","address_pref":"愛媛県南宇和郡愛南町岩水1483-1","address_city":null,"address_detail":null,"contact":"0895-72-0131","flood":null,"landslide":null,"storm_surge":null,"earthquake":"1","tsunami":"1","large_fire":null,"inland_flood":null,"volcano":null,"shelter_overlap":null,"capacity":null,"capacity_basis":null,"notes":null,"changed":null,"new":null,"address":"愛媛県南宇和郡愛南町岩水1483-1","gsi_common_id":"E3850600028201","coordinate_join_method":"matched_by_id"}},{"type":"Feature","geometry":{"type":"Point","coordinates":[132.60309772017,32.942129152733]},"properties":{"common_id":"E3850600027201","name":"岩水オガタマの木","address_pref":"愛媛県南宇和郡愛南町岩水1373付近","address_city":null,"address_detail":null,"contact":"0895-72-0131","flood":null,"landslide":null,"storm_surge":null,"earthquake":"1","tsunami":"1","large_fire":null,"inland_flood":null,"volcano":null,"shelter_overlap":null,"capacity":null,"capacity_basis":null,"notes":null,"changed":null,"new":null,"address":"愛媛県南宇和郡愛南町岩水1373付近","gsi_common_id":"E3850600027201","coordinate_join_method":"matched_by_id"}},{"type":"Feature","geometry":{"type":"Point","coordinates":[132.60412768843,32.942574842503]},"properties":{"common_id":"E3850600026201","name":"岩水寺上","address_pref":"愛媛県南宇和郡愛南町岩水1255付近","address_city":null,"address_detail":null,"contact":"0895-72-0131","flood":null,"landslide":null,"storm_surge":null,"earthquake":"1","tsunami":"1","large_fire":null,"inland_flood":null,"volcano":null,"shelter_overlap":null,"capacity":null,"capacity_basis":null,"notes":null,"changed":null,"new":null,"address":"愛媛県南宇和郡愛南町岩水1255付近","gsi_common_id":"E3850600026201","coordinate_join_method":"matched_by_id"}},{"type":"Feature","geometry":{"type":"Point","coordinates":[132.60368618651,32.944683025197]},"properties":{"common_id":"E3850600025201","name":"東海公民館","address_pref":"愛媛県南宇和郡愛南町岩水114","address_city":null,"address_detail":null,"contact":"0895-70-1504","flood":"1","landslide":"1","storm_surge":"1","earthquake":null,"tsunami":null,"large_fire":"1","inland_flood":null,"volcano":null,"shelter_overlap":"1","capacity":"275","capacity_basis":null,"notes":null,"changed":null,"new":null,"address":"愛媛県南宇和郡愛南町岩水114","gsi_common_id":"E3850600025201","coordinate_join_method":"matched_by_id"}},{"type":"Feature","geometry":{"type":"Point","coordinates":[132.604138969,32.944316307]},"properties":{"common_id":"E3850600024201","name":"東海公民館上墓地","address_pref":"愛媛県南宇和郡愛南町岩水113","address_city":null,"address_detail":null,"contact":"0895-72-0131","flood":null,"landslide":null,"storm_surge":null,"earthquake":"1","tsunami":"1","large_fire":null,"inland_flood":null,"volcano":null,"shelter_overlap":null,"capacity":null,"capacity_basis":null,"notes":null,"changed":null,"new":null,"address":"愛媛県南宇和郡愛南町岩水113","gsi_common_id":"E3850600024201","coordinate_join_method":"matched_by_id"}},{"type":"Feature","geometry":{"type":"Point","coordinates":[132.51977189619,32.951090573067]},"properties":{"common_id":"E3850600023201","name":"町道樫月小浦線-樫月奥谷線接点付近","address_pref":"愛媛県南宇和郡愛南町樫月85-2付近","address_city":null,"address_detail":null,"contact":"0895-72-0131","flood":null,"landslide":null,"storm_surge":null,"earthquake":"1","tsunami":"1","large_fire":null,"inland_flood":null,"volcano":null,"shelter_overlap":null,"capacity":null,"capacity_basis":null,"notes":null,"changed":null,"new":null,"address":"愛媛県南宇和郡愛南町樫月85-2付近","gsi_common_id":"E3850600023201","coordinate_join_method":"matched_by_id"}},{"type":"Feature","geometry":{"type":"Point","coordinates":[132.51790310318,32.95135275162]},"properties":{"common_id":"E3850600022202","name":"西海ふれあい公園","address_pref":"愛媛県南宇和郡愛南町樫月212-1","address_city":null,"address_detail":null,"contact":"0895-72-0131","flood":null,"landslide":null,"storm_surge":null,"earthquake":"1","tsunami":"1","large_fire":null,"inland_flood":null,"volcano":null,"shelter_overlap":null,"capacity":null,"capacity_basis":null,"notes":null,"changed":null,"new":null,"address":"愛媛県南宇和郡愛南町樫月212-1","gsi_common_id":"E3850600022202","coordinate_join_method":"matched_by_id"}},{"type":"Feature","geometry":{"type":"Point","coordinates":[132.51724864418,32.9521269991]},"properties":{"common_id":"E3850600022201","name":"西海保健福祉センター","address_pref":"愛媛県南宇和郡愛南町樫月212-１","address_city":null,"address_detail":null,"contact":"0895-82-0033","flood":"1","landslide":"1","storm_surge":"1","earthquake":null,"tsunami":null,"large_fire":"1","inland_flood":null,"volcano":null,"shelter_overlap":"1","capacity":"1100","capacity_basis":null,"notes":null,"changed":null,"new":null,"address":"愛媛県南宇和郡愛南町樫月212-１","gsi_common_id":"E3850600022201","coordinate_join_method":"matched_by_id"}},{"type":"Feature","geometry":{"type":"Point","coordinates":[132.58856658325,32.935593441962]},"properties":{"common_id":"E3850600021201","name":"町道敦盛柿ノ浦線敦盛側高台","address_pref":"愛媛県南宇和郡愛南町柿ノ浦125付近","address_city":null,"address_detail":null,"contact":"0895-72-0131","flood":null,"landslide":null,"storm_surge":null,"earthquake":"1","tsunami":"1","large_fire":null,"inland_flood":null,"volcano":null,"shelter_overlap":null,"capacity":null,"capacity_basis":null,"notes":null,"changed":null,"new":null,"address":"愛媛県南宇和郡愛南町柿ノ浦125付近","gsi_common_id":"E3850600021201","coordinate_join_method":"matched_by_id"}},{"type":"Feature","geometry":{"type":"Point","coordinates":[132.60505534233,32.948862957693]},"properties":{"common_id":"E3850600020201","name":"垣内東","address_pref":"愛媛県南宇和郡愛南町垣内372","address_city":null,"address_detail":null,"contact":"0895-72-0131","flood":null,"landslide":null,"storm_surge":null,"earthquake":"1","tsunami":"1","large_fire":null,"inland_flood":null,"volcano":null,"shelter_overlap":null,"capacity":null,"capacity_basis":null,"notes":null,"changed":null,"new":null,"address":"愛媛県南宇和郡愛南町垣内372","gsi_common_id":"E3850600020201","coordinate_join_method":"matched_by_id"}},{"type":"Feature","geometry":{"type":"Point","coordinates":[132.59840346396,32.949142055544]},"properties":{"common_id":"E3850600019201","name":"県道宿毛城辺線蓮乗寺方面広場","address_pref":"愛媛県南宇和郡愛南町垣内238付近","address_city":null,"address_detail":null,"contact":"0895-72-0131","flood":null,"landslide":null,"storm_surge":null,"earthquake":"1","tsunami":"1","large_fire":null,"inland_flood":null,"volcano":null,"shelter_overlap":null,"capacity":null,"capacity_basis":null,"notes":null,"changed":null,"new":null,"address":"愛媛県南宇和郡愛南町垣内238付近","gsi_common_id":"E3850600019201","coordinate_join_method":"matched_by_id"}},{"type":"Feature","geometry":{"type":"Point","coordinates":[132.476136,32.939267]},"properties":{"common_id":"E3850600018201","name":"県道高茂岬方面高台","address_pref":"愛媛県南宇和郡愛南町外泊44付近","address_city":null,"address_detail":null,"contact":"0895-72-0131","flood":null,"landslide":null,"storm_surge":null,"earthquake":"1","tsunami":"1","large_fire":null,"inland_flood":null,"volcano":null,"shelter_overlap":null,"capacity":null,"capacity_basis":null,"notes":null,"changed":null,"new":null,"address":"愛媛県南宇和郡愛南町外泊44付近","gsi_common_id":"E3850600018201","coordinate_join_method":"matched_by_id"}},{"type":"Feature","geometry":{"type":"Point","coordinates":[132.47851409054,32.936250081786]},"properties":{"common_id":"E3850600017201","name":"外泊川右岸高台畑","address_pref":"愛媛県南宇和郡愛南町外泊441","address_city":null,"address_detail":null,"contact":"0895-72-0131","flood":null,"landslide":null,"storm_surge":null,"earthquake":"1","tsunami":"1","large_fire":null,"inland_flood":null,"volcano":null,"shelter_overlap":null,"capacity":null,"capacity_basis":null,"notes":null,"changed":null,"new":null,"address":"愛媛県南宇和郡愛南町外泊441","gsi_common_id":"E3850600017201","coordinate_join_method":"matched_by_id"}},{"type":"Feature","geometry":{"type":"Point","coordinates":[132.47144989787,33.050042966155]},"properties":{"common_id":"E3850600016201","name":"寺上","address_pref":"愛媛県南宇和郡愛南町家串944","address_city":null,"address_detail":null,"contact":"0895-72-0131","flood":null,"landslide":null,"storm_surge":null,"earthquake":"1","tsunami":"1","large_fire":null,"inland_flood":null,"volcano":null,"shelter_overlap":null,"capacity":null,"capacity_basis":null,"notes":null,"changed":null,"new":null,"address":"愛媛県南宇和郡愛南町家串944","gsi_common_id":"E3850600016201","coordinate_join_method":"matched_by_id"}},{"type":"Feature","geometry":{"type":"Point","coordinates":[132.47098711459,33.049230736923]},"properties":{"common_id":"E3850600015201","name":"家串公民館","address_pref":"愛媛県南宇和郡愛南町家串907-2","address_city":null,"address_detail":null,"contact":"0895-85-1121","flood":"1","landslide":"1","storm_surge":"1","earthquake":null,"tsunami":null,"large_fire":"1","inland_flood":null,"volcano":null,"shelter_overlap":null,"capacity":"147","capacity_basis":null,"notes":null,"changed":null,"new":null,"address":"愛媛県南宇和郡愛南町家串907-2","gsi_common_id":"E3850600015201","coordinate_join_method":"matched_by_id"}},{"type":"Feature","geometry":{"type":"Point","coordinates":[132.47153572855,33.0508253408]},"properties":{"common_id":"E3850600014201","name":"荒神さま","address_pref":"愛媛県南宇和郡愛南町家串793","address_city":null,"address_detail":null,"contact":"0895-72-0131","flood":null,"landslide":null,"storm_surge":null,"earthquake":"1","tsunami":"1","large_fire":null,"inland_flood":null,"volcano":null,"shelter_overlap":null,"capacity":null,"capacity_basis":null,"notes":null,"changed":null,"new":null,"address":"愛媛県南宇和郡愛南町家串793","gsi_common_id":"E3850600014201","coordinate_join_method":"matched_by_id"}},{"type":"Feature","geometry":{"type":"Point","coordinates":[132.47118506157,33.051355894198]},"properties":{"common_id":"E3850600013201","name":"農道中腹","address_pref":"愛媛県南宇和郡愛南町家串681-1","address_city":null,"address_detail":null,"contact":"0895-72-0131","flood":null,"landslide":null,"storm_surge":null,"earthquake":"1","tsunami":"1","large_fire":null,"inland_flood":null,"volcano":null,"shelter_overlap":null,"capacity":null,"capacity_basis":null,"notes":null,"changed":null,"new":null,"address":"愛媛県南宇和郡愛南町家串681-1","gsi_common_id":"E3850600013201","coordinate_join_method":"matched_by_id"}},{"type":"Feature","geometry":{"type":"Point","coordinates":[132.4682795268,33.05045213997]},"properties":{"common_id":"E3850600012201","name":"県道高台（農道入口付近）","address_pref":"愛媛県南宇和郡愛南町家串333付近","address_city":null,"address_detail":null,"contact":"0895-72-0131","flood":null,"landslide":null,"storm_surge":null,"earthquake":"1","tsunami":"1","large_fire":null,"inland_flood":null,"volcano":null,"shelter_overlap":null,"capacity":null,"capacity_basis":null,"notes":null,"changed":null,"new":null,"address":"愛媛県南宇和郡愛南町家串333付近","gsi_common_id":"E3850600012201","coordinate_join_method":"matched_by_id"}},{"type":"Feature","geometry":{"type":"Point","coordinates":[132.47127287206,33.045416022285]},"properties":{"common_id":"E3850600010201","name":"家串小学校上畑","address_pref":"愛媛県南宇和郡愛南町家串1209-3付近","address_city":null,"address_detail":null,"contact":"0895-72-0131","flood":null,"landslide":null,"storm_surge":null,"earthquake":"1","tsunami":"1","large_fire":null,"inland_flood":null,"volcano":null,"shelter_overlap":null,"capacity":null,"capacity_basis":null,"notes":null,"changed":null,"new":null,"address":"愛媛県南宇和郡愛南町家串1209-3付近","gsi_common_id":"E3850600010201","coordinate_join_method":"matched_by_id"}},{"type":"Feature","geometry":{"type":"Point","coordinates":[132.47183613595,33.047520435058]},"properties":{"common_id":"E3850600009201","name":"家串東","address_pref":"愛媛県南宇和郡愛南町家串1114付近","address_city":null,"address_detail":null,"contact":"0895-72-0131","flood":null,"landslide":null,"storm_surge":null,"earthquake":"1","tsunami":"1","large_fire":null,"inland_flood":null,"volcano":null,"shelter_overlap":null,"capacity":null,"capacity_basis":null,"notes":null,"changed":null,"new":null,"address":"愛媛県南宇和郡愛南町家串1114付近","gsi_common_id":"E3850600009201","coordinate_join_method":"matched_by_id"}},{"type":"Feature","geometry":{"type":"Point","coordinates":[132.50922292129,32.938488344112]},"properties":{"common_id":"E3850600241201","name":"秋葉神社付近","address_pref":"愛媛県南宇和郡愛南町下久家128","address_city":null,"address_detail":null,"contact":"0895-72-0131","flood":null,"landslide":null,"storm_surge":null,"earthquake":"1","tsunami":"1","large_fire":null,"inland_flood":null,"volcano":null,"shelter_overlap":null,"capacity":null,"capacity_basis":null,"notes":null,"changed":null,"new":null,"address":"愛媛県南宇和郡愛南町下久家128","gsi_common_id":"E3850600241201","coordinate_join_method":"matched_by_id"}},{"type":"Feature","geometry":{"type":"Point","coordinates":[132.4887892233,32.974573411352]},"properties":{"common_id":"E3850600007201","name":"県道-町道矢呂線分岐付近","address_pref":"愛媛県南宇和郡愛南町猿鳴54-3","address_city":null,"address_detail":null,"contact":"0895-72-0131","flood":null,"landslide":null,"storm_surge":null,"earthquake":"1","tsunami":"1","large_fire":null,"inland_flood":null,"volcano":null,"shelter_overlap":null,"capacity":null,"capacity_basis":null,"notes":null,"changed":null,"new":null,"address":"愛媛県南宇和郡愛南町猿鳴54-3","gsi_common_id":"E3850600007201","coordinate_join_method":"matched_by_id"}},{"type":"Feature","geometry":{"type":"Point","coordinates":[132.48552102579,32.972326047635]},"properties":{"common_id":"E3850600239201","name":"猿鳴集会所","address_pref":"愛媛県南宇和郡愛南町猿鳴160-2","address_city":null,"address_detail":null,"contact":"0895-72-0131","flood":null,"landslide":null,"storm_surge":null,"earthquake":"1","tsunami":"1","large_fire":null,"inland_flood":null,"volcano":null,"shelter_overlap":null,"capacity":null,"capacity_basis":null,"notes":null,"changed":null,"new":null,"address":"愛媛県南宇和郡愛南町猿鳴160-2","gsi_common_id":"E3850600239201","coordinate_join_method":"matched_by_id"}},{"type":"Feature","geometry":{"type":"Point","coordinates":[132.53854086903,32.94814628582]},"properties":{"common_id":"E3850600238201","name":"町道弓立越田線-高台","address_pref":"愛媛県南宇和郡愛南町越田296付近","address_city":null,"address_detail":null,"contact":"0895-72-0131","flood":null,"landslide":null,"storm_surge":null,"earthquake":"1","tsunami":"1","large_fire":null,"inland_flood":null,"volcano":null,"shelter_overlap":null,"capacity":null,"capacity_basis":null,"notes":null,"changed":null,"new":null,"address":"愛媛県南宇和郡愛南町越田296付近","gsi_common_id":"E3850600238201","coordinate_join_method":"matched_by_id"}},{"type":"Feature","geometry":{"type":"Point","coordinates":[132.53854086903,32.94814628582]},"properties":{"common_id":"E3850600238201","name":"一本松山村開発センター（一本松公民館）","address_pref":"愛媛県南宇和郡愛南町一本松3520","address_city":null,"address_detail":null,"contact":"0895-84-1252","flood":"1","landslide":"1","storm_surge":"1","earthquake":null,"tsunami":null,"large_fire":"1","inland_flood":null,"volcano":null,"shelter_overlap":"1","capacity":"488","capacity_basis":null,"notes":null,"changed":null,"new":null,"address":"愛媛県南宇和郡愛南町一本松3520","gsi_common_id":"E3850600238201","coordinate_join_method":"matched_by_id"}},{"type":"Feature","geometry":{"type":"Point","coordinates":[132.57739168725,32.95813993028]},"properties":{"common_id":"E3850600108201","name":"町道太郎谷線広場","address_pref":"愛媛県南宇和郡愛南町1632-9","address_city":null,"address_detail":null,"contact":"0895-72-0131","flood":null,"landslide":null,"storm_surge":null,"earthquake":"1","tsunami":"1","large_fire":null,"inland_flood":null,"volcano":null,"shelter_overlap":null,"capacity":null,"capacity_basis":null,"notes":null,"changed":null,"new":null,"address":"愛媛県南宇和郡愛南町1632-9","gsi_common_id":"E3850600108201","coordinate_join_method":"matched_by_id"}},{"type":"Feature","geometry":{"type":"Point","coordinates":[132.499596,32.922292]},"properties":{"common_id":"E3850600233201","name":"柿崎高台","address_pref":"愛媛県南宇和郡愛南町福浦142","address_city":null,"address_detail":null,"contact":"0895-72-0131","flood":null,"landslide":null,"storm_surge":null,"earthquake":"1","tsunami":"1","large_fire":null,"inland_flood":null,"volcano":null,"shelter_overlap":null,"capacity":null,"capacity_basis":null,"notes":null,"changed":null,"new":null,"address":"愛媛県南宇和郡愛南町福浦142","gsi_common_id":"E3850600233201","coordinate_join_method":"matched_by_id"}},{"type":"Feature","geometry":{"type":"Point","coordinates":[132.499334,32.913738]},"properties":{"common_id":"E3850600234201","name":"東高台","address_pref":"愛媛県南宇和郡愛南町福浦1440","address_city":null,"address_detail":null,"contact":"0895-72-0131","flood":null,"landslide":null,"storm_surge":null,"earthquake":"1","tsunami":"1","large_fire":null,"inland_flood":null,"volcano":null,"shelter_overlap":null,"capacity":null,"capacity_basis":null,"notes":null,"changed":null,"new":null,"address":"愛媛県南宇和郡愛南町福浦1440","gsi_common_id":"E3850600234201","coordinate_join_method":"matched_by_id"}},{"type":"Feature","geometry":{"type":"Point","coordinates":[132.464436,33.051493]},"properties":{"common_id":"E3850600243201","name":"廃フロート処理施設","address_pref":"愛媛県南宇和郡愛南町家串153-2外","address_city":null,"address_detail":null,"contact":"0895-72-0131","flood":null,"landslide":null,"storm_surge":null,"earthquake":"1","tsunami":"1","large_fire":null,"inland_flood":null,"volcano":null,"shelter_overlap":null,"capacity":null,"capacity_basis":null,"notes":null,"changed":null,"new":null,"address":"愛媛県南宇和郡愛南町家串153-2外","gsi_common_id":"E3850600243201","coordinate_join_method":"matched_by_id"}}]}