{"type":"FeatureCollection","features":[{"type":"Feature","geometry":{"type":"Polygon","coordinates":[[[132.34375,33.375],[132.35,33.375],[132.35,33.37916666666667],[132.34375,33.37916666666667],[132.34375,33.375]]]},"properties":{"type":"Feature","mesh_id":"503202573","municipality_code":"38204","municipality":"八幡浜市","total_population":7,"population_65plus":null,"population_75plus":null,"aging_rate_65plus":null,"aging_rate_75plus":null,"population_status":"2","population_status_target":"503202671","population_aggregation_target":null,"age_65plus_missing":true,"age_75plus_missing":true,"age_quality_flag":"ok","data_completeness":"partial"}},{"type":"Feature","geometry":{"type":"Polygon","coordinates":[[[132.3375,33.38333333333333],[132.34375,33.38333333333333],[132.34375,33.3875],[132.3375,33.3875],[132.3375,33.38333333333333]]]},"properties":{"type":"Feature","mesh_id":"503202671","municipality_code":"38204","municipality":"八幡浜市","total_population":60,"population_65plus":48,"population_75plus":32,"aging_rate_65plus":0.8,"aging_rate_75plus":0.5333333333333333,"population_status":"1","population_status_target":null,"population_aggregation_target":"503202573","age_65plus_missing":false,"age_75plus_missing":false,"age_quality_flag":"ok","data_completeness":"complete"}},{"type":"Feature","geometry":{"type":"Polygon","coordinates":[[[132.3375,33.391666666666666],[132.34375,33.391666666666666],[132.34375,33.395833333333336],[132.3375,33.395833333333336],[132.3375,33.391666666666666]]]},"properties":{"type":"Feature","mesh_id":"503202771","municipality_code":"38204","municipality":"八幡浜市","total_population":18,"population_65plus":14,"population_75plus":11,"aging_rate_65plus":0.7777777777777778,"aging_rate_75plus":0.6111111111111112,"population_status":"0","population_status_target":null,"population_aggregation_target":null,"age_65plus_missing":false,"age_75plus_missing":false,"age_quality_flag":"ok","data_completeness":"complete"}},{"type":"Feature","geometry":{"type":"Polygon","coordinates":[[[132.39374999999998,33.395833333333336],[132.39999999999998,33.395833333333336],[132.39999999999998,33.400000000000006],[132.39374999999998,33.400000000000006],[132.39374999999998,33.395833333333336]]]},"properties":{"type":"Feature","mesh_id":"503203714","municipality_code":"38204","municipality":"八幡浜市","total_population":425,"population_65plus":217,"population_75plus":133,"aging_rate_65plus":0.5105882352941177,"aging_rate_75plus":0.3129411764705882,"population_status":"1","population_status_target":null,"population_aggregation_target":"503203723","age_65plus_missing":false,"age_75plus_missing":false,"age_quality_flag":"ok","data_completeness":"complete"}},{"type":"Feature","geometry":{"type":"Polygon","coordinates":[[[132.39374999999998,33.400000000000006],[132.39999999999998,33.400000000000006],[132.39999999999998,33.404166666666676],[132.39374999999998,33.404166666666676],[132.39374999999998,33.400000000000006]]]},"properties":{"type":"Feature","mesh_id":"503203813","municipality_code":"38204","municipality":"八幡浜市","total_population":2,"population_65plus":null,"population_75plus":null,"aging_rate_65plus":null,"aging_rate_75plus":null,"population_status":"2","population_status_target":"503203814","population_aggregation_target":null,"age_65plus_missing":true,"age_75plus_missing":true,"age_quality_flag":"ok","data_completeness":"partial"}},{"type":"Feature","geometry":{"type":"Polygon","coordinates":[[[132.39374999999998,33.404166666666676],[132.39999999999998,33.404166666666676],[132.39999999999998,33.408333333333346],[132.39374999999998,33.408333333333346],[132.39374999999998,33.404166666666676]]]},"properties":{"type":"Feature","mesh_id":"503203814","municipality_code":"38204","municipality":"八幡浜市","total_population":123,"population_65plus":51,"population_75plus":28,"aging_rate_65plus":0.4146341463414634,"aging_rate_75plus":0.22764227642276422,"population_status":"1","population_status_target":null,"population_aggregation_target":"503203813","age_65plus_missing":false,"age_75plus_missing":false,"age_quality_flag":"ok","data_completeness":"complete"}},{"type":"Feature","geometry":{"type":"Polygon","coordinates":[[[132.45624999999998,33.404166666666676],[132.46249999999998,33.404166666666676],[132.46249999999998,33.408333333333346],[132.45624999999998,33.408333333333346],[132.45624999999998,33.404166666666676]]]},"properties":{"type":"Feature","mesh_id":"503203864","municipality_code":"38204","municipality":"八幡浜市","total_population":1,"population_65plus":null,"population_75plus":null,"aging_rate_65plus":null,"aging_rate_75plus":null,"population_status":"2","population_status_target":"503203962","population_aggregation_target":null,"age_65plus_missing":true,"age_75plus_missing":true,"age_quality_flag":"ok","data_completeness":"partial"}},{"type":"Feature","geometry":{"type":"Polygon","coordinates":[[[132.3875,33.41250000000001],[132.39374999999998,33.41250000000001],[132.39374999999998,33.41666666666668],[132.3875,33.41666666666668],[132.3875,33.41250000000001]]]},"properties":{"type":"Feature","mesh_id":"503203912","municipality_code":"38204","municipality":"八幡浜市","total_population":70,"population_65plus":30,"population_75plus":14,"aging_rate_65plus":0.42857142857142855,"aging_rate_75plus":0.2,"population_status":"0","population_status_target":null,"population_aggregation_target":null,"age_65plus_missing":false,"age_75plus_missing":false,"age_quality_flag":"ok","data_completeness":"complete"}},{"type":"Feature","geometry":{"type":"Polygon","coordinates":[[[132.39374999999998,33.40833333333334],[132.39999999999998,33.40833333333334],[132.39999999999998,33.41250000000001],[132.39374999999998,33.41250000000001],[132.39374999999998,33.40833333333334]]]},"properties":{"type":"Feature","mesh_id":"503203913","municipality_code":"38204","municipality":"八幡浜市","total_population":147,"population_65plus":63,"population_75plus":32,"aging_rate_65plus":0.42857142857142855,"aging_rate_75plus":0.21768707482993196,"population_status":"0","population_status_target":null,"population_aggregation_target":null,"age_65plus_missing":false,"age_75plus_missing":false,"age_quality_flag":"ok","data_completeness":"complete"}},{"type":"Feature","geometry":{"type":"Polygon","coordinates":[[[132.39374999999998,33.41250000000001],[132.39999999999998,33.41250000000001],[132.39999999999998,33.41666666666668],[132.39374999999998,33.41666666666668],[132.39374999999998,33.41250000000001]]]},"properties":{"type":"Feature","mesh_id":"503203914","municipality_code":"38204","municipality":"八幡浜市","total_population":162,"population_65plus":73,"population_75plus":38,"aging_rate_65plus":0.4506172839506173,"aging_rate_75plus":0.2345679012345679,"population_status":"0","population_status_target":null,"population_aggregation_target":null,"age_65plus_missing":false,"age_75plus_missing":false,"age_quality_flag":"ok","data_completeness":"complete"}},{"type":"Feature","geometry":{"type":"Polygon","coordinates":[[[132.4125,33.41250000000001],[132.41875,33.41250000000001],[132.41875,33.41666666666668],[132.4125,33.41666666666668],[132.4125,33.41250000000001]]]},"properties":{"type":"Feature","mesh_id":"503203932","municipality_code":"38204","municipality":"八幡浜市","total_population":8,"population_65plus":5,"population_75plus":3,"aging_rate_65plus":0.625,"aging_rate_75plus":0.375,"population_status":"1","population_status_target":null,"population_aggregation_target":"503203931;503203934","age_65plus_missing":false,"age_75plus_missing":false,"age_quality_flag":"ok","data_completeness":"complete"}},{"type":"Feature","geometry":{"type":"Polygon","coordinates":[[[132.425,33.41250000000001],[132.43125,33.41250000000001],[132.43125,33.41666666666668],[132.425,33.41666666666668],[132.425,33.41250000000001]]]},"properties":{"type":"Feature","mesh_id":"503203942","municipality_code":"38204","municipality":"八幡浜市","total_population":7,"population_65plus":null,"population_75plus":null,"aging_rate_65plus":null,"aging_rate_75plus":null,"population_status":"2","population_status_target":"503203944","population_aggregation_target":null,"age_65plus_missing":true,"age_75plus_missing":true,"age_quality_flag":"ok","data_completeness":"partial"}},{"type":"Feature","geometry":{"type":"Polygon","coordinates":[[[132.43125,33.41250000000001],[132.4375,33.41250000000001],[132.4375,33.41666666666668],[132.43125,33.41666666666668],[132.43125,33.41250000000001]]]},"properties":{"type":"Feature","mesh_id":"503203944","municipality_code":"38204","municipality":"八幡浜市","total_population":12,"population_65plus":7,"population_75plus":6,"aging_rate_65plus":0.5833333333333334,"aging_rate_75plus":0.5,"population_status":"1","population_status_target":null,"population_aggregation_target":"503203942","age_65plus_missing":false,"age_75plus_missing":false,"age_quality_flag":"ok","data_completeness":"complete"}},{"type":"Feature","geometry":{"type":"Polygon","coordinates":[[[132.4375,33.40833333333334],[132.44375,33.40833333333334],[132.44375,33.41250000000001],[132.4375,33.41250000000001],[132.4375,33.40833333333334]]]},"properties":{"type":"Feature","mesh_id":"503203951","municipality_code":"38204","municipality":"八幡浜市","total_population":21,"population_65plus":15,"population_75plus":4,"aging_rate_65plus":0.7142857142857143,"aging_rate_75plus":0.19047619047619047,"population_status":"0","population_status_target":null,"population_aggregation_target":null,"age_65plus_missing":false,"age_75plus_missing":false,"age_quality_flag":"ok","data_completeness":"complete"}},{"type":"Feature","geometry":{"type":"Polygon","coordinates":[[[132.4375,33.41250000000001],[132.44375,33.41250000000001],[132.44375,33.41666666666668],[132.4375,33.41666666666668],[132.4375,33.41250000000001]]]},"properties":{"type":"Feature","mesh_id":"503203952","municipality_code":"38204","municipality":"八幡浜市","total_population":11,"population_65plus":4,"population_75plus":4,"aging_rate_65plus":0.36363636363636365,"aging_rate_75plus":0.36363636363636365,"population_status":"0","population_status_target":null,"population_aggregation_target":null,"age_65plus_missing":false,"age_75plus_missing":false,"age_quality_flag":"ok","data_completeness":"complete"}},{"type":"Feature","geometry":{"type":"Polygon","coordinates":[[[132.45,33.41250000000001],[132.45624999999998,33.41250000000001],[132.45624999999998,33.41666666666668],[132.45,33.41666666666668],[132.45,33.41250000000001]]]},"properties":{"type":"Feature","mesh_id":"503203962","municipality_code":"38204","municipality":"八幡浜市","total_population":40,"population_65plus":21,"population_75plus":15,"aging_rate_65plus":0.525,"aging_rate_75plus":0.375,"population_status":"1","population_status_target":null,"population_aggregation_target":"503203863;503203864","age_65plus_missing":false,"age_75plus_missing":false,"age_quality_flag":"ok","data_completeness":"complete"}},{"type":"Feature","geometry":{"type":"Polygon","coordinates":[[[132.4625,33.40833333333334],[132.46875,33.40833333333334],[132.46875,33.41250000000001],[132.4625,33.41250000000001],[132.4625,33.40833333333334]]]},"properties":{"type":"Feature","mesh_id":"503203971","municipality_code":"38204","municipality":"八幡浜市","total_population":29,"population_65plus":12,"population_75plus":6,"aging_rate_65plus":0.41379310344827586,"aging_rate_75plus":0.20689655172413793,"population_status":"1","population_status_target":null,"population_aggregation_target":"503203973","age_65plus_missing":false,"age_75plus_missing":false,"age_quality_flag":"ok","data_completeness":"complete"}},{"type":"Feature","geometry":{"type":"Polygon","coordinates":[[[132.46875,33.40833333333334],[132.475,33.40833333333334],[132.475,33.41250000000001],[132.46875,33.41250000000001],[132.46875,33.40833333333334]]]},"properties":{"type":"Feature","mesh_id":"503203973","municipality_code":"38204","municipality":"八幡浜市","total_population":4,"population_65plus":null,"population_75plus":null,"aging_rate_65plus":null,"aging_rate_75plus":null,"population_status":"2","population_status_target":"503203971","population_aggregation_target":null,"age_65plus_missing":true,"age_75plus_missing":true,"age_quality_flag":"ok","data_completeness":"partial"}},{"type":"Feature","geometry":{"type":"Polygon","coordinates":[[[132.36875,33.495833333333344],[132.375,33.495833333333344],[132.375,33.500000000000014],[132.36875,33.500000000000014],[132.36875,33.495833333333344]]]},"properties":{"type":"Feature","mesh_id":"503212994","municipality_code":"38204","municipality":"八幡浜市","total_population":11,"population_65plus":6,"population_75plus":3,"aging_rate_65plus":0.5454545454545454,"aging_rate_75plus":0.2727272727272727,"population_status":"0","population_status_target":null,"population_aggregation_target":null,"age_65plus_missing":false,"age_75plus_missing":false,"age_quality_flag":"ok","data_completeness":"complete"}},{"type":"Feature","geometry":{"type":"Polygon","coordinates":[[[132.39374999999998,33.41666666666667],[132.39999999999998,33.41666666666667],[132.39999999999998,33.42083333333334],[132.39374999999998,33.42083333333334],[132.39374999999998,33.41666666666667]]]},"properties":{"type":"Feature","mesh_id":"503213013","municipality_code":"38204","municipality":"八幡浜市","total_population":28,"population_65plus":18,"population_75plus":10,"aging_rate_65plus":0.6428571428571429,"aging_rate_75plus":0.35714285714285715,"population_status":"1","population_status_target":null,"population_aggregation_target":"503213014","age_65plus_missing":false,"age_75plus_missing":false,"age_quality_flag":"ok","data_completeness":"complete"}},{"type":"Feature","geometry":{"type":"Polygon","coordinates":[[[132.39374999999998,33.42083333333334],[132.39999999999998,33.42083333333334],[132.39999999999998,33.42500000000001],[132.39374999999998,33.42500000000001],[132.39374999999998,33.42083333333334]]]},"properties":{"type":"Feature","mesh_id":"503213014","municipality_code":"38204","municipality":"八幡浜市","total_population":12,"population_65plus":null,"population_75plus":null,"aging_rate_65plus":null,"aging_rate_75plus":null,"population_status":"2","population_status_target":"503213013","population_aggregation_target":null,"age_65plus_missing":true,"age_75plus_missing":true,"age_quality_flag":"ok","data_completeness":"partial"}},{"type":"Feature","geometry":{"type":"Polygon","coordinates":[[[132.4,33.42083333333334],[132.40625,33.42083333333334],[132.40625,33.42500000000001],[132.4,33.42500000000001],[132.4,33.42083333333334]]]},"properties":{"type":"Feature","mesh_id":"503213022","municipality_code":"38204","municipality":"八幡浜市","total_population":6,"population_65plus":null,"population_75plus":null,"aging_rate_65plus":null,"aging_rate_75plus":null,"population_status":"2","population_status_target":"503213024","population_aggregation_target":null,"age_65plus_missing":true,"age_75plus_missing":true,"age_quality_flag":"ok","data_completeness":"partial"}},{"type":"Feature","geometry":{"type":"Polygon","coordinates":[[[132.40625,33.41666666666667],[132.4125,33.41666666666667],[132.4125,33.42083333333334],[132.40625,33.42083333333334],[132.40625,33.41666666666667]]]},"properties":{"type":"Feature","mesh_id":"503213023","municipality_code":"38204","municipality":"八幡浜市","total_population":64,"population_65plus":30,"population_75plus":10,"aging_rate_65plus":0.46875,"aging_rate_75plus":0.15625,"population_status":"0","population_status_target":null,"population_aggregation_target":null,"age_65plus_missing":false,"age_75plus_missing":false,"age_quality_flag":"ok","data_completeness":"complete"}},{"type":"Feature","geometry":{"type":"Polygon","coordinates":[[[132.40625,33.42083333333334],[132.4125,33.42083333333334],[132.4125,33.42500000000001],[132.40625,33.42500000000001],[132.40625,33.42083333333334]]]},"properties":{"type":"Feature","mesh_id":"503213024","municipality_code":"38204","municipality":"八幡浜市","total_population":388,"population_65plus":189,"population_75plus":94,"aging_rate_65plus":0.48711340206185566,"aging_rate_75plus":0.2422680412371134,"population_status":"1","population_status_target":null,"population_aggregation_target":"503213022","age_65plus_missing":false,"age_75plus_missing":false,"age_quality_flag":"ok","data_completeness":"complete"}},{"type":"Feature","geometry":{"type":"Polygon","coordinates":[[[132.425,33.41666666666667],[132.43125,33.41666666666667],[132.43125,33.42083333333334],[132.425,33.42083333333334],[132.425,33.41666666666667]]]},"properties":{"type":"Feature","mesh_id":"503213041","municipality_code":"38204","municipality":"八幡浜市","total_population":55,"population_65plus":32,"population_75plus":15,"aging_rate_65plus":0.5818181818181818,"aging_rate_75plus":0.2727272727272727,"population_status":"0","population_status_target":null,"population_aggregation_target":null,"age_65plus_missing":false,"age_75plus_missing":false,"age_quality_flag":"ok","data_completeness":"complete"}},{"type":"Feature","geometry":{"type":"Polygon","coordinates":[[[132.43125,33.42083333333334],[132.4375,33.42083333333334],[132.4375,33.42500000000001],[132.43125,33.42500000000001],[132.43125,33.42083333333334]]]},"properties":{"type":"Feature","mesh_id":"503213044","municipality_code":"38204","municipality":"八幡浜市","total_population":31,"population_65plus":17,"population_75plus":7,"aging_rate_65plus":0.5483870967741935,"aging_rate_75plus":0.22580645161290322,"population_status":"0","population_status_target":null,"population_aggregation_target":null,"age_65plus_missing":false,"age_75plus_missing":false,"age_quality_flag":"ok","data_completeness":"complete"}},{"type":"Feature","geometry":{"type":"Polygon","coordinates":[[[132.44375,33.41666666666667],[132.45,33.41666666666667],[132.45,33.42083333333334],[132.44375,33.42083333333334],[132.44375,33.41666666666667]]]},"properties":{"type":"Feature","mesh_id":"503213053","municipality_code":"38204","municipality":"八幡浜市","total_population":103,"population_65plus":39,"population_75plus":21,"aging_rate_65plus":0.3786407766990291,"aging_rate_75plus":0.20388349514563106,"population_status":"0","population_status_target":null,"population_aggregation_target":null,"age_65plus_missing":false,"age_75plus_missing":false,"age_quality_flag":"ok","data_completeness":"complete"}},{"type":"Feature","geometry":{"type":"Polygon","coordinates":[[[132.45,33.41666666666667],[132.45624999999998,33.41666666666667],[132.45624999999998,33.42083333333334],[132.45,33.42083333333334],[132.45,33.41666666666667]]]},"properties":{"type":"Feature","mesh_id":"503213061","municipality_code":"38204","municipality":"八幡浜市","total_population":46,"population_65plus":26,"population_75plus":11,"aging_rate_65plus":0.5652173913043478,"aging_rate_75plus":0.2391304347826087,"population_status":"0","population_status_target":null,"population_aggregation_target":null,"age_65plus_missing":false,"age_75plus_missing":false,"age_quality_flag":"ok","data_completeness":"complete"}},{"type":"Feature","geometry":{"type":"Polygon","coordinates":[[[132.45,33.42083333333334],[132.45624999999998,33.42083333333334],[132.45624999999998,33.42500000000001],[132.45,33.42500000000001],[132.45,33.42083333333334]]]},"properties":{"type":"Feature","mesh_id":"503213062","municipality_code":"38204","municipality":"八幡浜市","total_population":59,"population_65plus":13,"population_75plus":9,"aging_rate_65plus":0.22033898305084745,"aging_rate_75plus":0.15254237288135594,"population_status":"0","population_status_target":null,"population_aggregation_target":null,"age_65plus_missing":false,"age_75plus_missing":false,"age_quality_flag":"ok","data_completeness":"complete"}},{"type":"Feature","geometry":{"type":"Polygon","coordinates":[[[132.45624999999998,33.41666666666667],[132.46249999999998,33.41666666666667],[132.46249999999998,33.42083333333334],[132.45624999999998,33.42083333333334],[132.45624999999998,33.41666666666667]]]},"properties":{"type":"Feature","mesh_id":"503213063","municipality_code":"38204","municipality":"八幡浜市","total_population":38,"population_65plus":12,"population_75plus":4,"aging_rate_65plus":0.3157894736842105,"aging_rate_75plus":0.10526315789473684,"population_status":"0","population_status_target":null,"population_aggregation_target":null,"age_65plus_missing":false,"age_75plus_missing":false,"age_quality_flag":"ok","data_completeness":"complete"}},{"type":"Feature","geometry":{"type":"Polygon","coordinates":[[[132.45624999999998,33.42083333333334],[132.46249999999998,33.42083333333334],[132.46249999999998,33.42500000000001],[132.45624999999998,33.42500000000001],[132.45624999999998,33.42083333333334]]]},"properties":{"type":"Feature","mesh_id":"503213064","municipality_code":"38204","municipality":"八幡浜市","total_population":514,"population_65plus":243,"population_75plus":141,"aging_rate_65plus":0.4727626459143969,"aging_rate_75plus":0.27431906614785995,"population_status":"0","population_status_target":null,"population_aggregation_target":null,"age_65plus_missing":false,"age_75plus_missing":false,"age_quality_flag":"ok","data_completeness":"complete"}},{"type":"Feature","geometry":{"type":"Polygon","coordinates":[[[132.4625,33.41666666666667],[132.46875,33.41666666666667],[132.46875,33.42083333333334],[132.4625,33.42083333333334],[132.4625,33.41666666666667]]]},"properties":{"type":"Feature","mesh_id":"503213071","municipality_code":"38204","municipality":"八幡浜市","total_population":5,"population_65plus":null,"population_75plus":null,"aging_rate_65plus":null,"aging_rate_75plus":null,"population_status":"2","population_status_target":"503213073","population_aggregation_target":null,"age_65plus_missing":true,"age_75plus_missing":true,"age_quality_flag":"ok","data_completeness":"partial"}},{"type":"Feature","geometry":{"type":"Polygon","coordinates":[[[132.46875,33.41666666666667],[132.475,33.41666666666667],[132.475,33.42083333333334],[132.46875,33.42083333333334],[132.46875,33.41666666666667]]]},"properties":{"type":"Feature","mesh_id":"503213073","municipality_code":"38204","municipality":"八幡浜市","total_population":33,"population_65plus":4,"population_75plus":2,"aging_rate_65plus":0.12121212121212122,"aging_rate_75plus":0.06060606060606061,"population_status":"1","population_status_target":null,"population_aggregation_target":"503213071","age_65plus_missing":false,"age_75plus_missing":false,"age_quality_flag":"ok","data_completeness":"complete"}},{"type":"Feature","geometry":{"type":"Polygon","coordinates":[[[132.475,33.42083333333334],[132.48125,33.42083333333334],[132.48125,33.42500000000001],[132.475,33.42500000000001],[132.475,33.42083333333334]]]},"properties":{"type":"Feature","mesh_id":"503213082","municipality_code":"38204","municipality":"八幡浜市","total_population":13,"population_65plus":5,"population_75plus":1,"aging_rate_65plus":0.38461538461538464,"aging_rate_75plus":0.07692307692307693,"population_status":"0","population_status_target":null,"population_aggregation_target":null,"age_65plus_missing":false,"age_75plus_missing":false,"age_quality_flag":"ok","data_completeness":"complete"}},{"type":"Feature","geometry":{"type":"Polygon","coordinates":[[[132.40625,33.425000000000004],[132.4125,33.425000000000004],[132.4125,33.429166666666674],[132.40625,33.429166666666674],[132.40625,33.425000000000004]]]},"properties":{"type":"Feature","mesh_id":"503213123","municipality_code":"38204","municipality":"八幡浜市","total_population":80,"population_65plus":34,"population_75plus":15,"aging_rate_65plus":0.425,"aging_rate_75plus":0.1875,"population_status":"0","population_status_target":null,"population_aggregation_target":null,"age_65plus_missing":false,"age_75plus_missing":false,"age_quality_flag":"ok","data_completeness":"complete"}},{"type":"Feature","geometry":{"type":"Polygon","coordinates":[[[132.40625,33.429166666666674],[132.4125,33.429166666666674],[132.4125,33.433333333333344],[132.40625,33.433333333333344],[132.40625,33.429166666666674]]]},"properties":{"type":"Feature","mesh_id":"503213124","municipality_code":"38204","municipality":"八幡浜市","total_population":12,"population_65plus":4,"population_75plus":3,"aging_rate_65plus":0.3333333333333333,"aging_rate_75plus":0.25,"population_status":"0","population_status_target":null,"population_aggregation_target":null,"age_65plus_missing":false,"age_75plus_missing":false,"age_quality_flag":"ok","data_completeness":"complete"}},{"type":"Feature","geometry":{"type":"Polygon","coordinates":[[[132.4375,33.425000000000004],[132.44375,33.425000000000004],[132.44375,33.429166666666674],[132.4375,33.429166666666674],[132.4375,33.425000000000004]]]},"properties":{"type":"Feature","mesh_id":"503213151","municipality_code":"38204","municipality":"八幡浜市","total_population":130,"population_65plus":61,"population_75plus":20,"aging_rate_65plus":0.46923076923076923,"aging_rate_75plus":0.15384615384615385,"population_status":"1","population_status_target":null,"population_aggregation_target":"503213153","age_65plus_missing":false,"age_75plus_missing":false,"age_quality_flag":"ok","data_completeness":"complete"}},{"type":"Feature","geometry":{"type":"Polygon","coordinates":[[[132.44375,33.425000000000004],[132.45,33.425000000000004],[132.45,33.429166666666674],[132.44375,33.429166666666674],[132.44375,33.425000000000004]]]},"properties":{"type":"Feature","mesh_id":"503213153","municipality_code":"38204","municipality":"八幡浜市","total_population":6,"population_65plus":null,"population_75plus":null,"aging_rate_65plus":null,"aging_rate_75plus":null,"population_status":"2","population_status_target":"503213151","population_aggregation_target":null,"age_65plus_missing":true,"age_75plus_missing":true,"age_quality_flag":"ok","data_completeness":"partial"}},{"type":"Feature","geometry":{"type":"Polygon","coordinates":[[[132.44375,33.429166666666674],[132.45,33.429166666666674],[132.45,33.433333333333344],[132.44375,33.433333333333344],[132.44375,33.429166666666674]]]},"properties":{"type":"Feature","mesh_id":"503213154","municipality_code":"38204","municipality":"八幡浜市","total_population":171,"population_65plus":71,"population_75plus":32,"aging_rate_65plus":0.4152046783625731,"aging_rate_75plus":0.1871345029239766,"population_status":"0","population_status_target":null,"population_aggregation_target":null,"age_65plus_missing":false,"age_75plus_missing":false,"age_quality_flag":"ok","data_completeness":"complete"}},{"type":"Feature","geometry":{"type":"Polygon","coordinates":[[[132.45,33.429166666666674],[132.45624999999998,33.429166666666674],[132.45624999999998,33.433333333333344],[132.45,33.433333333333344],[132.45,33.429166666666674]]]},"properties":{"type":"Feature","mesh_id":"503213162","municipality_code":"38204","municipality":"八幡浜市","total_population":152,"population_65plus":71,"population_75plus":33,"aging_rate_65plus":0.46710526315789475,"aging_rate_75plus":0.21710526315789475,"population_status":"1","population_status_target":null,"population_aggregation_target":"503213163;503213164","age_65plus_missing":false,"age_75plus_missing":false,"age_quality_flag":"ok","data_completeness":"complete"}},{"type":"Feature","geometry":{"type":"Polygon","coordinates":[[[132.45624999999998,33.425000000000004],[132.46249999999998,33.425000000000004],[132.46249999999998,33.429166666666674],[132.45624999999998,33.429166666666674],[132.45624999999998,33.425000000000004]]]},"properties":{"type":"Feature","mesh_id":"503213163","municipality_code":"38204","municipality":"八幡浜市","total_population":1,"population_65plus":null,"population_75plus":null,"aging_rate_65plus":null,"aging_rate_75plus":null,"population_status":"2","population_status_target":"503213162","population_aggregation_target":null,"age_65plus_missing":true,"age_75plus_missing":true,"age_quality_flag":"ok","data_completeness":"partial"}},{"type":"Feature","geometry":{"type":"Polygon","coordinates":[[[132.45624999999998,33.429166666666674],[132.46249999999998,33.429166666666674],[132.46249999999998,33.433333333333344],[132.45624999999998,33.433333333333344],[132.45624999999998,33.429166666666674]]]},"properties":{"type":"Feature","mesh_id":"503213164","municipality_code":"38204","municipality":"八幡浜市","total_population":6,"population_65plus":null,"population_75plus":null,"aging_rate_65plus":null,"aging_rate_75plus":null,"population_status":"2","population_status_target":"503213162","population_aggregation_target":null,"age_65plus_missing":true,"age_75plus_missing":true,"age_quality_flag":"ok","data_completeness":"partial"}},{"type":"Feature","geometry":{"type":"Polygon","coordinates":[[[132.46875,33.425000000000004],[132.475,33.425000000000004],[132.475,33.429166666666674],[132.46875,33.429166666666674],[132.46875,33.425000000000004]]]},"properties":{"type":"Feature","mesh_id":"503213173","municipality_code":"38204","municipality":"八幡浜市","total_population":1,"population_65plus":null,"population_75plus":null,"aging_rate_65plus":null,"aging_rate_75plus":null,"population_status":"2","population_status_target":"503213262","population_aggregation_target":null,"age_65plus_missing":true,"age_75plus_missing":true,"age_quality_flag":"ok","data_completeness":"partial"}},{"type":"Feature","geometry":{"type":"Polygon","coordinates":[[[132.41875,33.43333333333334],[132.42499999999998,33.43333333333334],[132.42499999999998,33.43750000000001],[132.41875,33.43750000000001],[132.41875,33.43333333333334]]]},"properties":{"type":"Feature","mesh_id":"503213233","municipality_code":"38204","municipality":"八幡浜市","total_population":90,"population_65plus":57,"population_75plus":27,"aging_rate_65plus":0.6333333333333333,"aging_rate_75plus":0.3,"population_status":"0","population_status_target":null,"population_aggregation_target":null,"age_65plus_missing":false,"age_75plus_missing":false,"age_quality_flag":"ok","data_completeness":"complete"}},{"type":"Feature","geometry":{"type":"Polygon","coordinates":[[[132.4375,33.43750000000001],[132.44375,33.43750000000001],[132.44375,33.44166666666668],[132.4375,33.44166666666668],[132.4375,33.43750000000001]]]},"properties":{"type":"Feature","mesh_id":"503213252","municipality_code":"38204","municipality":"八幡浜市","total_population":75,"population_65plus":22,"population_75plus":12,"aging_rate_65plus":0.29333333333333333,"aging_rate_75plus":0.16,"population_status":"0","population_status_target":null,"population_aggregation_target":null,"age_65plus_missing":false,"age_75plus_missing":false,"age_quality_flag":"ok","data_completeness":"complete"}},{"type":"Feature","geometry":{"type":"Polygon","coordinates":[[[132.44375,33.43750000000001],[132.45,33.43750000000001],[132.45,33.44166666666668],[132.44375,33.44166666666668],[132.44375,33.43750000000001]]]},"properties":{"type":"Feature","mesh_id":"503213254","municipality_code":"38204","municipality":"八幡浜市","total_population":66,"population_65plus":36,"population_75plus":25,"aging_rate_65plus":0.5454545454545454,"aging_rate_75plus":0.3787878787878788,"population_status":"0","population_status_target":null,"population_aggregation_target":null,"age_65plus_missing":false,"age_75plus_missing":false,"age_quality_flag":"ok","data_completeness":"complete"}},{"type":"Feature","geometry":{"type":"Polygon","coordinates":[[[132.45,33.43750000000001],[132.45624999999998,33.43750000000001],[132.45624999999998,33.44166666666668],[132.45,33.44166666666668],[132.45,33.43750000000001]]]},"properties":{"type":"Feature","mesh_id":"503213262","municipality_code":"38204","municipality":"八幡浜市","total_population":41,"population_65plus":21,"population_75plus":10,"aging_rate_65plus":0.5121951219512195,"aging_rate_75plus":0.24390243902439024,"population_status":"1","population_status_target":null,"population_aggregation_target":"503213173","age_65plus_missing":false,"age_75plus_missing":false,"age_quality_flag":"ok","data_completeness":"complete"}},{"type":"Feature","geometry":{"type":"Polygon","coordinates":[[[132.45624999999998,33.43750000000001],[132.46249999999998,33.43750000000001],[132.46249999999998,33.44166666666668],[132.45624999999998,33.44166666666668],[132.45624999999998,33.43750000000001]]]},"properties":{"type":"Feature","mesh_id":"503213264","municipality_code":"38204","municipality":"八幡浜市","total_population":19,"population_65plus":13,"population_75plus":4,"aging_rate_65plus":0.6842105263157895,"aging_rate_75plus":0.21052631578947367,"population_status":"0","population_status_target":null,"population_aggregation_target":null,"age_65plus_missing":false,"age_75plus_missing":false,"age_quality_flag":"ok","data_completeness":"complete"}},{"type":"Feature","geometry":{"type":"Polygon","coordinates":[[[132.4625,33.43333333333334],[132.46875,33.43333333333334],[132.46875,33.43750000000001],[132.4625,33.43750000000001],[132.4625,33.43333333333334]]]},"properties":{"type":"Feature","mesh_id":"503213271","municipality_code":"38204","municipality":"八幡浜市","total_population":35,"population_65plus":20,"population_75plus":15,"aging_rate_65plus":0.5714285714285714,"aging_rate_75plus":0.42857142857142855,"population_status":"0","population_status_target":null,"population_aggregation_target":null,"age_65plus_missing":false,"age_75plus_missing":false,"age_quality_flag":"ok","data_completeness":"complete"}},{"type":"Feature","geometry":{"type":"Polygon","coordinates":[[[132.46875,33.43333333333334],[132.475,33.43333333333334],[132.475,33.43750000000001],[132.46875,33.43750000000001],[132.46875,33.43333333333334]]]},"properties":{"type":"Feature","mesh_id":"503213273","municipality_code":"38204","municipality":"八幡浜市","total_population":22,"population_65plus":15,"population_75plus":3,"aging_rate_65plus":0.6818181818181818,"aging_rate_75plus":0.13636363636363635,"population_status":"0","population_status_target":null,"population_aggregation_target":null,"age_65plus_missing":false,"age_75plus_missing":false,"age_quality_flag":"ok","data_completeness":"complete"}},{"type":"Feature","geometry":{"type":"Polygon","coordinates":[[[132.4,33.44166666666667],[132.40625,33.44166666666667],[132.40625,33.44583333333334],[132.4,33.44583333333334],[132.4,33.44166666666667]]]},"properties":{"type":"Feature","mesh_id":"503213321","municipality_code":"38204","municipality":"八幡浜市","total_population":15,"population_65plus":6,"population_75plus":1,"aging_rate_65plus":0.4,"aging_rate_75plus":0.06666666666666667,"population_status":"0","population_status_target":null,"population_aggregation_target":null,"age_65plus_missing":false,"age_75plus_missing":false,"age_quality_flag":"ok","data_completeness":"complete"}},{"type":"Feature","geometry":{"type":"Polygon","coordinates":[[[132.40625,33.44583333333334],[132.4125,33.44583333333334],[132.4125,33.45000000000001],[132.40625,33.45000000000001],[132.40625,33.44583333333334]]]},"properties":{"type":"Feature","mesh_id":"503213324","municipality_code":"38204","municipality":"八幡浜市","total_population":23,"population_65plus":9,"population_75plus":3,"aging_rate_65plus":0.391304347826087,"aging_rate_75plus":0.13043478260869565,"population_status":"1","population_status_target":null,"population_aggregation_target":"503213322","age_65plus_missing":false,"age_75plus_missing":false,"age_quality_flag":"ok","data_completeness":"complete"}},{"type":"Feature","geometry":{"type":"Polygon","coordinates":[[[132.4125,33.44583333333334],[132.41875,33.44583333333334],[132.41875,33.45000000000001],[132.4125,33.45000000000001],[132.4125,33.44583333333334]]]},"properties":{"type":"Feature","mesh_id":"503213332","municipality_code":"38204","municipality":"八幡浜市","total_population":280,"population_65plus":119,"population_75plus":63,"aging_rate_65plus":0.425,"aging_rate_75plus":0.225,"population_status":"0","population_status_target":null,"population_aggregation_target":null,"age_65plus_missing":false,"age_75plus_missing":false,"age_quality_flag":"ok","data_completeness":"complete"}},{"type":"Feature","geometry":{"type":"Polygon","coordinates":[[[132.425,33.44166666666667],[132.43125,33.44166666666667],[132.43125,33.44583333333334],[132.425,33.44583333333334],[132.425,33.44166666666667]]]},"properties":{"type":"Feature","mesh_id":"503213341","municipality_code":"38204","municipality":"八幡浜市","total_population":167,"population_65plus":78,"population_75plus":40,"aging_rate_65plus":0.46706586826347307,"aging_rate_75plus":0.23952095808383234,"population_status":"0","population_status_target":null,"population_aggregation_target":null,"age_65plus_missing":false,"age_75plus_missing":false,"age_quality_flag":"ok","data_completeness":"complete"}},{"type":"Feature","geometry":{"type":"Polygon","coordinates":[[[132.425,33.44583333333334],[132.43125,33.44583333333334],[132.43125,33.45000000000001],[132.425,33.45000000000001],[132.425,33.44583333333334]]]},"properties":{"type":"Feature","mesh_id":"503213342","municipality_code":"38204","municipality":"八幡浜市","total_population":23,"population_65plus":6,"population_75plus":4,"aging_rate_65plus":0.2608695652173913,"aging_rate_75plus":0.17391304347826086,"population_status":"0","population_status_target":null,"population_aggregation_target":null,"age_65plus_missing":false,"age_75plus_missing":false,"age_quality_flag":"ok","data_completeness":"complete"}},{"type":"Feature","geometry":{"type":"Polygon","coordinates":[[[132.43125,33.44166666666667],[132.4375,33.44166666666667],[132.4375,33.44583333333334],[132.43125,33.44583333333334],[132.43125,33.44166666666667]]]},"properties":{"type":"Feature","mesh_id":"503213343","municipality_code":"38204","municipality":"八幡浜市","total_population":489,"population_65plus":142,"population_75plus":71,"aging_rate_65plus":0.2903885480572597,"aging_rate_75plus":0.14519427402862986,"population_status":"0","population_status_target":null,"population_aggregation_target":null,"age_65plus_missing":false,"age_75plus_missing":false,"age_quality_flag":"ok","data_completeness":"complete"}},{"type":"Feature","geometry":{"type":"Polygon","coordinates":[[[132.43125,33.44583333333334],[132.4375,33.44583333333334],[132.4375,33.45000000000001],[132.43125,33.45000000000001],[132.43125,33.44583333333334]]]},"properties":{"type":"Feature","mesh_id":"503213344","municipality_code":"38204","municipality":"八幡浜市","total_population":880,"population_65plus":378,"population_75plus":251,"aging_rate_65plus":0.42954545454545456,"aging_rate_75plus":0.2852272727272727,"population_status":"0","population_status_target":null,"population_aggregation_target":null,"age_65plus_missing":false,"age_75plus_missing":false,"age_quality_flag":"ok","data_completeness":"complete"}},{"type":"Feature","geometry":{"type":"Polygon","coordinates":[[[132.4375,33.44166666666667],[132.44375,33.44166666666667],[132.44375,33.44583333333334],[132.4375,33.44583333333334],[132.4375,33.44166666666667]]]},"properties":{"type":"Feature","mesh_id":"503213351","municipality_code":"38204","municipality":"八幡浜市","total_population":253,"population_65plus":108,"population_75plus":62,"aging_rate_65plus":0.4268774703557312,"aging_rate_75plus":0.2450592885375494,"population_status":"0","population_status_target":null,"population_aggregation_target":null,"age_65plus_missing":false,"age_75plus_missing":false,"age_quality_flag":"ok","data_completeness":"complete"}},{"type":"Feature","geometry":{"type":"Polygon","coordinates":[[[132.4375,33.44583333333334],[132.44375,33.44583333333334],[132.44375,33.45000000000001],[132.4375,33.45000000000001],[132.4375,33.44583333333334]]]},"properties":{"type":"Feature","mesh_id":"503213352","municipality_code":"38204","municipality":"八幡浜市","total_population":29,"population_65plus":13,"population_75plus":9,"aging_rate_65plus":0.4482758620689655,"aging_rate_75plus":0.3103448275862069,"population_status":"0","population_status_target":null,"population_aggregation_target":null,"age_65plus_missing":false,"age_75plus_missing":false,"age_quality_flag":"ok","data_completeness":"complete"}},{"type":"Feature","geometry":{"type":"Polygon","coordinates":[[[132.44375,33.44166666666667],[132.45,33.44166666666667],[132.45,33.44583333333334],[132.44375,33.44583333333334],[132.44375,33.44166666666667]]]},"properties":{"type":"Feature","mesh_id":"503213353","municipality_code":"38204","municipality":"八幡浜市","total_population":718,"population_65plus":286,"population_75plus":146,"aging_rate_65plus":0.3983286908077994,"aging_rate_75plus":0.20334261838440112,"population_status":"0","population_status_target":null,"population_aggregation_target":null,"age_65plus_missing":false,"age_75plus_missing":false,"age_quality_flag":"ok","data_completeness":"complete"}},{"type":"Feature","geometry":{"type":"Polygon","coordinates":[[[132.44375,33.44583333333334],[132.45,33.44583333333334],[132.45,33.45000000000001],[132.44375,33.45000000000001],[132.44375,33.44583333333334]]]},"properties":{"type":"Feature","mesh_id":"503213354","municipality_code":"38204","municipality":"八幡浜市","total_population":90,"population_65plus":38,"population_75plus":16,"aging_rate_65plus":0.4222222222222222,"aging_rate_75plus":0.17777777777777778,"population_status":"0","population_status_target":null,"population_aggregation_target":null,"age_65plus_missing":false,"age_75plus_missing":false,"age_quality_flag":"ok","data_completeness":"complete"}},{"type":"Feature","geometry":{"type":"Polygon","coordinates":[[[132.45624999999998,33.44166666666667],[132.46249999999998,33.44166666666667],[132.46249999999998,33.44583333333334],[132.45624999999998,33.44583333333334],[132.45624999999998,33.44166666666667]]]},"properties":{"type":"Feature","mesh_id":"503213363","municipality_code":"38204","municipality":"八幡浜市","total_population":42,"population_65plus":18,"population_75plus":14,"aging_rate_65plus":0.42857142857142855,"aging_rate_75plus":0.3333333333333333,"population_status":"0","population_status_target":null,"population_aggregation_target":null,"age_65plus_missing":false,"age_75plus_missing":false,"age_quality_flag":"ok","data_completeness":"complete"}},{"type":"Feature","geometry":{"type":"Polygon","coordinates":[[[132.45624999999998,33.44583333333334],[132.46249999999998,33.44583333333334],[132.46249999999998,33.45000000000001],[132.45624999999998,33.45000000000001],[132.45624999999998,33.44583333333334]]]},"properties":{"type":"Feature","mesh_id":"503213364","municipality_code":"38204","municipality":"八幡浜市","total_population":16,"population_65plus":6,"population_75plus":2,"aging_rate_65plus":0.375,"aging_rate_75plus":0.125,"population_status":"0","population_status_target":null,"population_aggregation_target":null,"age_65plus_missing":false,"age_75plus_missing":false,"age_quality_flag":"ok","data_completeness":"complete"}},{"type":"Feature","geometry":{"type":"Polygon","coordinates":[[[132.4625,33.44166666666667],[132.46875,33.44166666666667],[132.46875,33.44583333333334],[132.4625,33.44583333333334],[132.4625,33.44166666666667]]]},"properties":{"type":"Feature","mesh_id":"503213371","municipality_code":"38204","municipality":"八幡浜市","total_population":12,"population_65plus":null,"population_75plus":null,"aging_rate_65plus":null,"aging_rate_75plus":null,"population_status":"2","population_status_target":"503213372","population_aggregation_target":null,"age_65plus_missing":true,"age_75plus_missing":true,"age_quality_flag":"ok","data_completeness":"partial"}},{"type":"Feature","geometry":{"type":"Polygon","coordinates":[[[132.4625,33.44583333333334],[132.46875,33.44583333333334],[132.46875,33.45000000000001],[132.4625,33.45000000000001],[132.4625,33.44583333333334]]]},"properties":{"type":"Feature","mesh_id":"503213372","municipality_code":"38204","municipality":"八幡浜市","total_population":7,"population_65plus":7,"population_75plus":7,"aging_rate_65plus":1.0,"aging_rate_75plus":1.0,"population_status":"1","population_status_target":null,"population_aggregation_target":"503213371","age_65plus_missing":false,"age_75plus_missing":false,"age_quality_flag":"ok","data_completeness":"complete"}},{"type":"Feature","geometry":{"type":"Polygon","coordinates":[[[132.4125,33.45],[132.41875,33.45],[132.41875,33.45416666666667],[132.4125,33.45416666666667],[132.4125,33.45]]]},"properties":{"type":"Feature","mesh_id":"503213431","municipality_code":"38204","municipality":"八幡浜市","total_population":52,"population_65plus":16,"population_75plus":8,"aging_rate_65plus":0.3076923076923077,"aging_rate_75plus":0.15384615384615385,"population_status":"0","population_status_target":null,"population_aggregation_target":null,"age_65plus_missing":false,"age_75plus_missing":false,"age_quality_flag":"ok","data_completeness":"complete"}},{"type":"Feature","geometry":{"type":"Polygon","coordinates":[[[132.41875,33.45],[132.42499999999998,33.45],[132.42499999999998,33.45416666666667],[132.41875,33.45416666666667],[132.41875,33.45]]]},"properties":{"type":"Feature","mesh_id":"503213433","municipality_code":"38204","municipality":"八幡浜市","total_population":5,"population_65plus":null,"population_75plus":null,"aging_rate_65plus":null,"aging_rate_75plus":null,"population_status":"2","population_status_target":"503213434","population_aggregation_target":null,"age_65plus_missing":true,"age_75plus_missing":true,"age_quality_flag":"ok","data_completeness":"partial"}},{"type":"Feature","geometry":{"type":"Polygon","coordinates":[[[132.41875,33.45416666666667],[132.42499999999998,33.45416666666667],[132.42499999999998,33.45833333333334],[132.41875,33.45833333333334],[132.41875,33.45416666666667]]]},"properties":{"type":"Feature","mesh_id":"503213434","municipality_code":"38204","municipality":"八幡浜市","total_population":849,"population_65plus":424,"population_75plus":231,"aging_rate_65plus":0.4994110718492344,"aging_rate_75plus":0.27208480565371024,"population_status":"1","population_status_target":null,"population_aggregation_target":"503213432;503213433","age_65plus_missing":false,"age_75plus_missing":false,"age_quality_flag":"ok","data_completeness":"complete"}},{"type":"Feature","geometry":{"type":"Polygon","coordinates":[[[132.425,33.45],[132.43125,33.45],[132.43125,33.45416666666667],[132.425,33.45416666666667],[132.425,33.45]]]},"properties":{"type":"Feature","mesh_id":"503213441","municipality_code":"38204","municipality":"八幡浜市","total_population":230,"population_65plus":91,"population_75plus":44,"aging_rate_65plus":0.39565217391304347,"aging_rate_75plus":0.19130434782608696,"population_status":"0","population_status_target":null,"population_aggregation_target":null,"age_65plus_missing":false,"age_75plus_missing":false,"age_quality_flag":"ok","data_completeness":"complete"}},{"type":"Feature","geometry":{"type":"Polygon","coordinates":[[[132.425,33.45416666666667],[132.43125,33.45416666666667],[132.43125,33.45833333333334],[132.425,33.45833333333334],[132.425,33.45416666666667]]]},"properties":{"type":"Feature","mesh_id":"503213442","municipality_code":"38204","municipality":"八幡浜市","total_population":546,"population_65plus":158,"population_75plus":72,"aging_rate_65plus":0.2893772893772894,"aging_rate_75plus":0.13186813186813187,"population_status":"0","population_status_target":null,"population_aggregation_target":null,"age_65plus_missing":false,"age_75plus_missing":false,"age_quality_flag":"ok","data_completeness":"complete"}},{"type":"Feature","geometry":{"type":"Polygon","coordinates":[[[132.43125,33.45],[132.4375,33.45],[132.4375,33.45416666666667],[132.43125,33.45416666666667],[132.43125,33.45]]]},"properties":{"type":"Feature","mesh_id":"503213443","municipality_code":"38204","municipality":"八幡浜市","total_population":1330,"population_65plus":581,"population_75plus":342,"aging_rate_65plus":0.4368421052631579,"aging_rate_75plus":0.2571428571428571,"population_status":"0","population_status_target":null,"population_aggregation_target":null,"age_65plus_missing":false,"age_75plus_missing":false,"age_quality_flag":"ok","data_completeness":"complete"}},{"type":"Feature","geometry":{"type":"Polygon","coordinates":[[[132.43125,33.45416666666667],[132.4375,33.45416666666667],[132.4375,33.45833333333334],[132.43125,33.45833333333334],[132.43125,33.45416666666667]]]},"properties":{"type":"Feature","mesh_id":"503213444","municipality_code":"38204","municipality":"八幡浜市","total_population":791,"population_65plus":292,"population_75plus":176,"aging_rate_65plus":0.3691529709228824,"aging_rate_75plus":0.2225031605562579,"population_status":"0","population_status_target":null,"population_aggregation_target":null,"age_65plus_missing":false,"age_75plus_missing":false,"age_quality_flag":"ok","data_completeness":"complete"}},{"type":"Feature","geometry":{"type":"Polygon","coordinates":[[[132.4375,33.45],[132.44375,33.45],[132.44375,33.45416666666667],[132.4375,33.45416666666667],[132.4375,33.45]]]},"properties":{"type":"Feature","mesh_id":"503213451","municipality_code":"38204","municipality":"八幡浜市","total_population":91,"population_65plus":58,"population_75plus":28,"aging_rate_65plus":0.6373626373626373,"aging_rate_75plus":0.3076923076923077,"population_status":"0","population_status_target":null,"population_aggregation_target":null,"age_65plus_missing":false,"age_75plus_missing":false,"age_quality_flag":"ok","data_completeness":"complete"}},{"type":"Feature","geometry":{"type":"Polygon","coordinates":[[[132.4375,33.45416666666667],[132.44375,33.45416666666667],[132.44375,33.45833333333334],[132.4375,33.45833333333334],[132.4375,33.45416666666667]]]},"properties":{"type":"Feature","mesh_id":"503213452","municipality_code":"38204","municipality":"八幡浜市","total_population":227,"population_65plus":87,"population_75plus":44,"aging_rate_65plus":0.3832599118942731,"aging_rate_75plus":0.19383259911894274,"population_status":"0","population_status_target":null,"population_aggregation_target":null,"age_65plus_missing":false,"age_75plus_missing":false,"age_quality_flag":"ok","data_completeness":"complete"}},{"type":"Feature","geometry":{"type":"Polygon","coordinates":[[[132.44375,33.45],[132.45,33.45],[132.45,33.45416666666667],[132.44375,33.45416666666667],[132.44375,33.45]]]},"properties":{"type":"Feature","mesh_id":"503213453","municipality_code":"38204","municipality":"八幡浜市","total_population":128,"population_65plus":35,"population_75plus":11,"aging_rate_65plus":0.2734375,"aging_rate_75plus":0.0859375,"population_status":"0","population_status_target":null,"population_aggregation_target":null,"age_65plus_missing":false,"age_75plus_missing":false,"age_quality_flag":"ok","data_completeness":"complete"}},{"type":"Feature","geometry":{"type":"Polygon","coordinates":[[[132.45,33.45],[132.45624999999998,33.45],[132.45624999999998,33.45416666666667],[132.45,33.45416666666667],[132.45,33.45]]]},"properties":{"type":"Feature","mesh_id":"503213461","municipality_code":"38204","municipality":"八幡浜市","total_population":87,"population_65plus":42,"population_75plus":16,"aging_rate_65plus":0.4827586206896552,"aging_rate_75plus":0.1839080459770115,"population_status":"1","population_status_target":null,"population_aggregation_target":"503213462","age_65plus_missing":false,"age_75plus_missing":false,"age_quality_flag":"ok","data_completeness":"complete"}},{"type":"Feature","geometry":{"type":"Polygon","coordinates":[[[132.45,33.45416666666667],[132.45624999999998,33.45416666666667],[132.45624999999998,33.45833333333334],[132.45,33.45833333333334],[132.45,33.45416666666667]]]},"properties":{"type":"Feature","mesh_id":"503213462","municipality_code":"38204","municipality":"八幡浜市","total_population":8,"population_65plus":null,"population_75plus":null,"aging_rate_65plus":null,"aging_rate_75plus":null,"population_status":"2","population_status_target":"503213461","population_aggregation_target":null,"age_65plus_missing":true,"age_75plus_missing":true,"age_quality_flag":"ok","data_completeness":"partial"}},{"type":"Feature","geometry":{"type":"Polygon","coordinates":[[[132.46875,33.45],[132.475,33.45],[132.475,33.45416666666667],[132.46875,33.45416666666667],[132.46875,33.45]]]},"properties":{"type":"Feature","mesh_id":"503213473","municipality_code":"38204","municipality":"八幡浜市","total_population":18,"population_65plus":14,"population_75plus":6,"aging_rate_65plus":0.7777777777777778,"aging_rate_75plus":0.3333333333333333,"population_status":"0","population_status_target":null,"population_aggregation_target":null,"age_65plus_missing":false,"age_75plus_missing":false,"age_quality_flag":"ok","data_completeness":"complete"}},{"type":"Feature","geometry":{"type":"Polygon","coordinates":[[[132.48125,33.45416666666667],[132.48749999999998,33.45416666666667],[132.48749999999998,33.45833333333334],[132.48125,33.45833333333334],[132.48125,33.45416666666667]]]},"properties":{"type":"Feature","mesh_id":"503213484","municipality_code":"38204","municipality":"八幡浜市","total_population":5,"population_65plus":null,"population_75plus":null,"aging_rate_65plus":null,"aging_rate_75plus":null,"population_status":"2","population_status_target":"503213491","population_aggregation_target":null,"age_65plus_missing":true,"age_75plus_missing":true,"age_quality_flag":"ok","data_completeness":"partial"}},{"type":"Feature","geometry":{"type":"Polygon","coordinates":[[[132.4875,33.45],[132.49375,33.45],[132.49375,33.45416666666667],[132.4875,33.45416666666667],[132.4875,33.45]]]},"properties":{"type":"Feature","mesh_id":"503213491","municipality_code":"38204","municipality":"八幡浜市","total_population":11,"population_65plus":null,"population_75plus":null,"aging_rate_65plus":null,"aging_rate_75plus":null,"population_status":"1","population_status_target":null,"population_aggregation_target":"503213484;503213493","age_65plus_missing":true,"age_75plus_missing":true,"age_quality_flag":"inconsistent_with_total","data_completeness":"partial"}},{"type":"Feature","geometry":{"type":"Polygon","coordinates":[[[132.49375,33.45],[132.5,33.45],[132.5,33.45416666666667],[132.49375,33.45416666666667],[132.49375,33.45]]]},"properties":{"type":"Feature","mesh_id":"503213493","municipality_code":"38204","municipality":"八幡浜市","total_population":3,"population_65plus":null,"population_75plus":null,"aging_rate_65plus":null,"aging_rate_75plus":null,"population_status":"2","population_status_target":"503213491","population_aggregation_target":null,"age_65plus_missing":true,"age_75plus_missing":true,"age_quality_flag":"ok","data_completeness":"partial"}},{"type":"Feature","geometry":{"type":"Polygon","coordinates":[[[132.3875,33.458333333333336],[132.39374999999998,33.458333333333336],[132.39374999999998,33.462500000000006],[132.3875,33.462500000000006],[132.3875,33.458333333333336]]]},"properties":{"type":"Feature","mesh_id":"503213511","municipality_code":"38204","municipality":"八幡浜市","total_population":2,"population_65plus":null,"population_75plus":null,"aging_rate_65plus":null,"aging_rate_75plus":null,"population_status":"2","population_status_target":"503213514","population_aggregation_target":null,"age_65plus_missing":true,"age_75plus_missing":true,"age_quality_flag":"ok","data_completeness":"partial"}},{"type":"Feature","geometry":{"type":"Polygon","coordinates":[[[132.39374999999998,33.462500000000006],[132.39999999999998,33.462500000000006],[132.39999999999998,33.466666666666676],[132.39374999999998,33.466666666666676],[132.39374999999998,33.462500000000006]]]},"properties":{"type":"Feature","mesh_id":"503213514","municipality_code":"38204","municipality":"八幡浜市","total_population":7,"population_65plus":5,"population_75plus":0,"aging_rate_65plus":0.7142857142857143,"aging_rate_75plus":0.0,"population_status":"1","population_status_target":null,"population_aggregation_target":"503213511","age_65plus_missing":false,"age_75plus_missing":false,"age_quality_flag":"ok","data_completeness":"complete"}},{"type":"Feature","geometry":{"type":"Polygon","coordinates":[[[132.4,33.458333333333336],[132.40625,33.458333333333336],[132.40625,33.462500000000006],[132.4,33.462500000000006],[132.4,33.458333333333336]]]},"properties":{"type":"Feature","mesh_id":"503213521","municipality_code":"38204","municipality":"八幡浜市","total_population":18,"population_65plus":7,"population_75plus":4,"aging_rate_65plus":0.3888888888888889,"aging_rate_75plus":0.2222222222222222,"population_status":"1","population_status_target":null,"population_aggregation_target":"503213523","age_65plus_missing":false,"age_75plus_missing":false,"age_quality_flag":"ok","data_completeness":"complete"}},{"type":"Feature","geometry":{"type":"Polygon","coordinates":[[[132.4,33.462500000000006],[132.40625,33.462500000000006],[132.40625,33.466666666666676],[132.4,33.466666666666676],[132.4,33.462500000000006]]]},"properties":{"type":"Feature","mesh_id":"503213522","municipality_code":"38204","municipality":"八幡浜市","total_population":145,"population_65plus":79,"population_75plus":39,"aging_rate_65plus":0.5448275862068965,"aging_rate_75plus":0.2689655172413793,"population_status":"0","population_status_target":null,"population_aggregation_target":null,"age_65plus_missing":false,"age_75plus_missing":false,"age_quality_flag":"ok","data_completeness":"complete"}},{"type":"Feature","geometry":{"type":"Polygon","coordinates":[[[132.40625,33.458333333333336],[132.4125,33.458333333333336],[132.4125,33.462500000000006],[132.40625,33.462500000000006],[132.40625,33.458333333333336]]]},"properties":{"type":"Feature","mesh_id":"503213523","municipality_code":"38204","municipality":"八幡浜市","total_population":1,"population_65plus":null,"population_75plus":null,"aging_rate_65plus":null,"aging_rate_75plus":null,"population_status":"2","population_status_target":"503213521","population_aggregation_target":null,"age_65plus_missing":true,"age_75plus_missing":true,"age_quality_flag":"ok","data_completeness":"partial"}},{"type":"Feature","geometry":{"type":"Polygon","coordinates":[[[132.4125,33.462500000000006],[132.41875,33.462500000000006],[132.41875,33.466666666666676],[132.4125,33.466666666666676],[132.4125,33.462500000000006]]]},"properties":{"type":"Feature","mesh_id":"503213532","municipality_code":"38204","municipality":"八幡浜市","total_population":1223,"population_65plus":501,"population_75plus":272,"aging_rate_65plus":0.40964840556009813,"aging_rate_75plus":0.2224039247751431,"population_status":"0","population_status_target":null,"population_aggregation_target":null,"age_65plus_missing":false,"age_75plus_missing":false,"age_quality_flag":"ok","data_completeness":"complete"}},{"type":"Feature","geometry":{"type":"Polygon","coordinates":[[[132.41875,33.458333333333336],[132.42499999999998,33.458333333333336],[132.42499999999998,33.462500000000006],[132.41875,33.462500000000006],[132.41875,33.458333333333336]]]},"properties":{"type":"Feature","mesh_id":"503213533","municipality_code":"38204","municipality":"八幡浜市","total_population":150,"population_65plus":73,"population_75plus":41,"aging_rate_65plus":0.4866666666666667,"aging_rate_75plus":0.2733333333333333,"population_status":"0","population_status_target":null,"population_aggregation_target":null,"age_65plus_missing":false,"age_75plus_missing":false,"age_quality_flag":"ok","data_completeness":"complete"}},{"type":"Feature","geometry":{"type":"Polygon","coordinates":[[[132.41875,33.462500000000006],[132.42499999999998,33.462500000000006],[132.42499999999998,33.466666666666676],[132.41875,33.466666666666676],[132.41875,33.462500000000006]]]},"properties":{"type":"Feature","mesh_id":"503213534","municipality_code":"38204","municipality":"八幡浜市","total_population":1246,"population_65plus":661,"population_75plus":457,"aging_rate_65plus":0.5304975922953451,"aging_rate_75plus":0.3667736757624398,"population_status":"0","population_status_target":null,"population_aggregation_target":null,"age_65plus_missing":false,"age_75plus_missing":false,"age_quality_flag":"ok","data_completeness":"complete"}},{"type":"Feature","geometry":{"type":"Polygon","coordinates":[[[132.425,33.458333333333336],[132.43125,33.458333333333336],[132.43125,33.462500000000006],[132.425,33.462500000000006],[132.425,33.458333333333336]]]},"properties":{"type":"Feature","mesh_id":"503213541","municipality_code":"38204","municipality":"八幡浜市","total_population":622,"population_65plus":232,"population_75plus":125,"aging_rate_65plus":0.3729903536977492,"aging_rate_75plus":0.20096463022508038,"population_status":"0","population_status_target":null,"population_aggregation_target":null,"age_65plus_missing":false,"age_75plus_missing":false,"age_quality_flag":"ok","data_completeness":"complete"}},{"type":"Feature","geometry":{"type":"Polygon","coordinates":[[[132.425,33.462500000000006],[132.43125,33.462500000000006],[132.43125,33.466666666666676],[132.425,33.466666666666676],[132.425,33.462500000000006]]]},"properties":{"type":"Feature","mesh_id":"503213542","municipality_code":"38204","municipality":"八幡浜市","total_population":657,"population_65plus":231,"population_75plus":117,"aging_rate_65plus":0.3515981735159817,"aging_rate_75plus":0.1780821917808219,"population_status":"0","population_status_target":null,"population_aggregation_target":null,"age_65plus_missing":false,"age_75plus_missing":false,"age_quality_flag":"ok","data_completeness":"complete"}},{"type":"Feature","geometry":{"type":"Polygon","coordinates":[[[132.43125,33.458333333333336],[132.4375,33.458333333333336],[132.4375,33.462500000000006],[132.43125,33.462500000000006],[132.43125,33.458333333333336]]]},"properties":{"type":"Feature","mesh_id":"503213543","municipality_code":"38204","municipality":"八幡浜市","total_population":871,"population_65plus":400,"population_75plus":255,"aging_rate_65plus":0.4592422502870264,"aging_rate_75plus":0.2927669345579793,"population_status":"0","population_status_target":null,"population_aggregation_target":null,"age_65plus_missing":false,"age_75plus_missing":false,"age_quality_flag":"ok","data_completeness":"complete"}},{"type":"Feature","geometry":{"type":"Polygon","coordinates":[[[132.4375,33.458333333333336],[132.44375,33.458333333333336],[132.44375,33.462500000000006],[132.4375,33.462500000000006],[132.4375,33.458333333333336]]]},"properties":{"type":"Feature","mesh_id":"503213551","municipality_code":"38204","municipality":"八幡浜市","total_population":816,"population_65plus":259,"population_75plus":110,"aging_rate_65plus":0.3174019607843137,"aging_rate_75plus":0.13480392156862744,"population_status":"0","population_status_target":null,"population_aggregation_target":null,"age_65plus_missing":false,"age_75plus_missing":false,"age_quality_flag":"ok","data_completeness":"complete"}},{"type":"Feature","geometry":{"type":"Polygon","coordinates":[[[132.4375,33.462500000000006],[132.44375,33.462500000000006],[132.44375,33.466666666666676],[132.4375,33.466666666666676],[132.4375,33.462500000000006]]]},"properties":{"type":"Feature","mesh_id":"503213552","municipality_code":"38204","municipality":"八幡浜市","total_population":26,"population_65plus":15,"population_75plus":10,"aging_rate_65plus":0.5769230769230769,"aging_rate_75plus":0.38461538461538464,"population_status":"0","population_status_target":null,"population_aggregation_target":null,"age_65plus_missing":false,"age_75plus_missing":false,"age_quality_flag":"ok","data_completeness":"complete"}},{"type":"Feature","geometry":{"type":"Polygon","coordinates":[[[132.44375,33.458333333333336],[132.45,33.458333333333336],[132.45,33.462500000000006],[132.44375,33.462500000000006],[132.44375,33.458333333333336]]]},"properties":{"type":"Feature","mesh_id":"503213553","municipality_code":"38204","municipality":"八幡浜市","total_population":385,"population_65plus":172,"population_75plus":89,"aging_rate_65plus":0.44675324675324674,"aging_rate_75plus":0.23116883116883116,"population_status":"0","population_status_target":null,"population_aggregation_target":null,"age_65plus_missing":false,"age_75plus_missing":false,"age_quality_flag":"ok","data_completeness":"complete"}},{"type":"Feature","geometry":{"type":"Polygon","coordinates":[[[132.44375,33.462500000000006],[132.45,33.462500000000006],[132.45,33.466666666666676],[132.44375,33.466666666666676],[132.44375,33.462500000000006]]]},"properties":{"type":"Feature","mesh_id":"503213554","municipality_code":"38204","municipality":"八幡浜市","total_population":511,"population_65plus":199,"population_75plus":123,"aging_rate_65plus":0.38943248532289626,"aging_rate_75plus":0.24070450097847357,"population_status":"0","population_status_target":null,"population_aggregation_target":null,"age_65plus_missing":false,"age_75plus_missing":false,"age_quality_flag":"ok","data_completeness":"complete"}},{"type":"Feature","geometry":{"type":"Polygon","coordinates":[[[132.45,33.458333333333336],[132.45624999999998,33.458333333333336],[132.45624999999998,33.462500000000006],[132.45,33.462500000000006],[132.45,33.458333333333336]]]},"properties":{"type":"Feature","mesh_id":"503213561","municipality_code":"38204","municipality":"八幡浜市","total_population":8,"population_65plus":null,"population_75plus":null,"aging_rate_65plus":null,"aging_rate_75plus":null,"population_status":"2","population_status_target":"503213563","population_aggregation_target":null,"age_65plus_missing":true,"age_75plus_missing":true,"age_quality_flag":"ok","data_completeness":"partial"}},{"type":"Feature","geometry":{"type":"Polygon","coordinates":[[[132.45624999999998,33.458333333333336],[132.46249999999998,33.458333333333336],[132.46249999999998,33.462500000000006],[132.45624999999998,33.462500000000006],[132.45624999999998,33.458333333333336]]]},"properties":{"type":"Feature","mesh_id":"503213563","municipality_code":"38204","municipality":"八幡浜市","total_population":480,"population_65plus":191,"population_75plus":92,"aging_rate_65plus":0.39791666666666664,"aging_rate_75plus":0.19166666666666668,"population_status":"1","population_status_target":null,"population_aggregation_target":"503213561","age_65plus_missing":false,"age_75plus_missing":false,"age_quality_flag":"ok","data_completeness":"complete"}},{"type":"Feature","geometry":{"type":"Polygon","coordinates":[[[132.45624999999998,33.462500000000006],[132.46249999999998,33.462500000000006],[132.46249999999998,33.466666666666676],[132.45624999999998,33.466666666666676],[132.45624999999998,33.462500000000006]]]},"properties":{"type":"Feature","mesh_id":"503213564","municipality_code":"38204","municipality":"八幡浜市","total_population":159,"population_65plus":48,"population_75plus":19,"aging_rate_65plus":0.3018867924528302,"aging_rate_75plus":0.11949685534591195,"population_status":"0","population_status_target":null,"population_aggregation_target":null,"age_65plus_missing":false,"age_75plus_missing":false,"age_quality_flag":"ok","data_completeness":"complete"}},{"type":"Feature","geometry":{"type":"Polygon","coordinates":[[[132.4625,33.462500000000006],[132.46875,33.462500000000006],[132.46875,33.466666666666676],[132.4625,33.466666666666676],[132.4625,33.462500000000006]]]},"properties":{"type":"Feature","mesh_id":"503213572","municipality_code":"38204","municipality":"八幡浜市","total_population":5,"population_65plus":null,"population_75plus":null,"aging_rate_65plus":null,"aging_rate_75plus":null,"population_status":"2","population_status_target":"503213573","population_aggregation_target":null,"age_65plus_missing":true,"age_75plus_missing":true,"age_quality_flag":"ok","data_completeness":"partial"}},{"type":"Feature","geometry":{"type":"Polygon","coordinates":[[[132.46875,33.458333333333336],[132.475,33.458333333333336],[132.475,33.462500000000006],[132.46875,33.462500000000006],[132.46875,33.458333333333336]]]},"properties":{"type":"Feature","mesh_id":"503213573","municipality_code":"38204","municipality":"八幡浜市","total_population":35,"population_65plus":22,"population_75plus":11,"aging_rate_65plus":0.6285714285714286,"aging_rate_75plus":0.3142857142857143,"population_status":"1","population_status_target":null,"population_aggregation_target":"503213572","age_65plus_missing":false,"age_75plus_missing":false,"age_quality_flag":"ok","data_completeness":"complete"}},{"type":"Feature","geometry":{"type":"Polygon","coordinates":[[[132.48125,33.458333333333336],[132.48749999999998,33.458333333333336],[132.48749999999998,33.462500000000006],[132.48125,33.462500000000006],[132.48125,33.458333333333336]]]},"properties":{"type":"Feature","mesh_id":"503213583","municipality_code":"38204","municipality":"八幡浜市","total_population":69,"population_65plus":25,"population_75plus":9,"aging_rate_65plus":0.36231884057971014,"aging_rate_75plus":0.13043478260869565,"population_status":"0","population_status_target":null,"population_aggregation_target":null,"age_65plus_missing":false,"age_75plus_missing":false,"age_quality_flag":"ok","data_completeness":"complete"}},{"type":"Feature","geometry":{"type":"Polygon","coordinates":[[[132.375,33.46666666666667],[132.38125,33.46666666666667],[132.38125,33.47083333333334],[132.375,33.47083333333334],[132.375,33.46666666666667]]]},"properties":{"type":"Feature","mesh_id":"503213601","municipality_code":"38204","municipality":"八幡浜市","total_population":81,"population_65plus":52,"population_75plus":21,"aging_rate_65plus":0.6419753086419753,"aging_rate_75plus":0.25925925925925924,"population_status":"0","population_status_target":null,"population_aggregation_target":null,"age_65plus_missing":false,"age_75plus_missing":false,"age_quality_flag":"ok","data_completeness":"complete"}},{"type":"Feature","geometry":{"type":"Polygon","coordinates":[[[132.4,33.46666666666667],[132.40625,33.46666666666667],[132.40625,33.47083333333334],[132.4,33.47083333333334],[132.4,33.46666666666667]]]},"properties":{"type":"Feature","mesh_id":"503213621","municipality_code":"38204","municipality":"八幡浜市","total_population":19,"population_65plus":11,"population_75plus":8,"aging_rate_65plus":0.5789473684210527,"aging_rate_75plus":0.42105263157894735,"population_status":"0","population_status_target":null,"population_aggregation_target":null,"age_65plus_missing":false,"age_75plus_missing":false,"age_quality_flag":"ok","data_completeness":"complete"}},{"type":"Feature","geometry":{"type":"Polygon","coordinates":[[[132.40625,33.46666666666667],[132.4125,33.46666666666667],[132.4125,33.47083333333334],[132.40625,33.47083333333334],[132.40625,33.46666666666667]]]},"properties":{"type":"Feature","mesh_id":"503213623","municipality_code":"38204","municipality":"八幡浜市","total_population":410,"population_65plus":178,"population_75plus":98,"aging_rate_65plus":0.43414634146341463,"aging_rate_75plus":0.23902439024390243,"population_status":"0","population_status_target":null,"population_aggregation_target":null,"age_65plus_missing":false,"age_75plus_missing":false,"age_quality_flag":"ok","data_completeness":"complete"}},{"type":"Feature","geometry":{"type":"Polygon","coordinates":[[[132.4125,33.47083333333334],[132.41875,33.47083333333334],[132.41875,33.47500000000001],[132.4125,33.47500000000001],[132.4125,33.47083333333334]]]},"properties":{"type":"Feature","mesh_id":"503213632","municipality_code":"38204","municipality":"八幡浜市","total_population":215,"population_65plus":66,"population_75plus":36,"aging_rate_65plus":0.30697674418604654,"aging_rate_75plus":0.16744186046511628,"population_status":"0","population_status_target":null,"population_aggregation_target":null,"age_65plus_missing":false,"age_75plus_missing":false,"age_quality_flag":"ok","data_completeness":"complete"}},{"type":"Feature","geometry":{"type":"Polygon","coordinates":[[[132.41875,33.47083333333334],[132.42499999999998,33.47083333333334],[132.42499999999998,33.47500000000001],[132.41875,33.47500000000001],[132.41875,33.47083333333334]]]},"properties":{"type":"Feature","mesh_id":"503213634","municipality_code":"38204","municipality":"八幡浜市","total_population":42,"population_65plus":26,"population_75plus":11,"aging_rate_65plus":0.6190476190476191,"aging_rate_75plus":0.2619047619047619,"population_status":"0","population_status_target":null,"population_aggregation_target":null,"age_65plus_missing":false,"age_75plus_missing":false,"age_quality_flag":"ok","data_completeness":"complete"}},{"type":"Feature","geometry":{"type":"Polygon","coordinates":[[[132.425,33.46666666666667],[132.43125,33.46666666666667],[132.43125,33.47083333333334],[132.425,33.47083333333334],[132.425,33.46666666666667]]]},"properties":{"type":"Feature","mesh_id":"503213641","municipality_code":"38204","municipality":"八幡浜市","total_population":623,"population_65plus":251,"population_75plus":142,"aging_rate_65plus":0.4028892455858748,"aging_rate_75plus":0.22792937399678972,"population_status":"0","population_status_target":null,"population_aggregation_target":null,"age_65plus_missing":false,"age_75plus_missing":false,"age_quality_flag":"ok","data_completeness":"complete"}},{"type":"Feature","geometry":{"type":"Polygon","coordinates":[[[132.425,33.47083333333334],[132.43125,33.47083333333334],[132.43125,33.47500000000001],[132.425,33.47500000000001],[132.425,33.47083333333334]]]},"properties":{"type":"Feature","mesh_id":"503213642","municipality_code":"38204","municipality":"八幡浜市","total_population":72,"population_65plus":29,"population_75plus":15,"aging_rate_65plus":0.4027777777777778,"aging_rate_75plus":0.20833333333333334,"population_status":"0","population_status_target":null,"population_aggregation_target":null,"age_65plus_missing":false,"age_75plus_missing":false,"age_quality_flag":"ok","data_completeness":"complete"}},{"type":"Feature","geometry":{"type":"Polygon","coordinates":[[[132.43125,33.46666666666667],[132.4375,33.46666666666667],[132.4375,33.47083333333334],[132.43125,33.47083333333334],[132.43125,33.46666666666667]]]},"properties":{"type":"Feature","mesh_id":"503213643","municipality_code":"38204","municipality":"八幡浜市","total_population":16,"population_65plus":6,"population_75plus":3,"aging_rate_65plus":0.375,"aging_rate_75plus":0.1875,"population_status":"0","population_status_target":null,"population_aggregation_target":null,"age_65plus_missing":false,"age_75plus_missing":false,"age_quality_flag":"ok","data_completeness":"complete"}},{"type":"Feature","geometry":{"type":"Polygon","coordinates":[[[132.43125,33.47083333333334],[132.4375,33.47083333333334],[132.4375,33.47500000000001],[132.43125,33.47500000000001],[132.43125,33.47083333333334]]]},"properties":{"type":"Feature","mesh_id":"503213644","municipality_code":"38204","municipality":"八幡浜市","total_population":128,"population_65plus":76,"population_75plus":42,"aging_rate_65plus":0.59375,"aging_rate_75plus":0.328125,"population_status":"0","population_status_target":null,"population_aggregation_target":null,"age_65plus_missing":false,"age_75plus_missing":false,"age_quality_flag":"ok","data_completeness":"complete"}},{"type":"Feature","geometry":{"type":"Polygon","coordinates":[[[132.4375,33.46666666666667],[132.44375,33.46666666666667],[132.44375,33.47083333333334],[132.4375,33.47083333333334],[132.4375,33.46666666666667]]]},"properties":{"type":"Feature","mesh_id":"503213651","municipality_code":"38204","municipality":"八幡浜市","total_population":29,"population_65plus":14,"population_75plus":9,"aging_rate_65plus":0.4827586206896552,"aging_rate_75plus":0.3103448275862069,"population_status":"0","population_status_target":null,"population_aggregation_target":null,"age_65plus_missing":false,"age_75plus_missing":false,"age_quality_flag":"ok","data_completeness":"complete"}},{"type":"Feature","geometry":{"type":"Polygon","coordinates":[[[132.4375,33.47083333333334],[132.44375,33.47083333333334],[132.44375,33.47500000000001],[132.4375,33.47500000000001],[132.4375,33.47083333333334]]]},"properties":{"type":"Feature","mesh_id":"503213652","municipality_code":"38204","municipality":"八幡浜市","total_population":9,"population_65plus":8,"population_75plus":7,"aging_rate_65plus":0.8888888888888888,"aging_rate_75plus":0.7777777777777778,"population_status":"0","population_status_target":null,"population_aggregation_target":null,"age_65plus_missing":false,"age_75plus_missing":false,"age_quality_flag":"ok","data_completeness":"complete"}},{"type":"Feature","geometry":{"type":"Polygon","coordinates":[[[132.45,33.46666666666667],[132.45624999999998,33.46666666666667],[132.45624999999998,33.47083333333334],[132.45,33.47083333333334],[132.45,33.46666666666667]]]},"properties":{"type":"Feature","mesh_id":"503213661","municipality_code":"38204","municipality":"八幡浜市","total_population":10,"population_65plus":6,"population_75plus":4,"aging_rate_65plus":0.6,"aging_rate_75plus":0.4,"population_status":"0","population_status_target":null,"population_aggregation_target":null,"age_65plus_missing":false,"age_75plus_missing":false,"age_quality_flag":"ok","data_completeness":"complete"}},{"type":"Feature","geometry":{"type":"Polygon","coordinates":[[[132.45,33.47083333333334],[132.45624999999998,33.47083333333334],[132.45624999999998,33.47500000000001],[132.45,33.47500000000001],[132.45,33.47083333333334]]]},"properties":{"type":"Feature","mesh_id":"503213662","municipality_code":"38204","municipality":"八幡浜市","total_population":198,"population_65plus":106,"population_75plus":56,"aging_rate_65plus":0.5353535353535354,"aging_rate_75plus":0.2828282828282828,"population_status":"0","population_status_target":null,"population_aggregation_target":null,"age_65plus_missing":false,"age_75plus_missing":false,"age_quality_flag":"ok","data_completeness":"complete"}},{"type":"Feature","geometry":{"type":"Polygon","coordinates":[[[132.4625,33.46666666666667],[132.46875,33.46666666666667],[132.46875,33.47083333333334],[132.4625,33.47083333333334],[132.4625,33.46666666666667]]]},"properties":{"type":"Feature","mesh_id":"503213671","municipality_code":"38204","municipality":"八幡浜市","total_population":108,"population_65plus":40,"population_75plus":19,"aging_rate_65plus":0.37037037037037035,"aging_rate_75plus":0.17592592592592593,"population_status":"0","population_status_target":null,"population_aggregation_target":null,"age_65plus_missing":false,"age_75plus_missing":false,"age_quality_flag":"ok","data_completeness":"complete"}},{"type":"Feature","geometry":{"type":"Polygon","coordinates":[[[132.4625,33.47083333333334],[132.46875,33.47083333333334],[132.46875,33.47500000000001],[132.4625,33.47500000000001],[132.4625,33.47083333333334]]]},"properties":{"type":"Feature","mesh_id":"503213672","municipality_code":"38204","municipality":"八幡浜市","total_population":15,"population_65plus":9,"population_75plus":2,"aging_rate_65plus":0.6,"aging_rate_75plus":0.13333333333333333,"population_status":"0","population_status_target":null,"population_aggregation_target":null,"age_65plus_missing":false,"age_75plus_missing":false,"age_quality_flag":"ok","data_completeness":"complete"}},{"type":"Feature","geometry":{"type":"Polygon","coordinates":[[[132.46875,33.46666666666667],[132.475,33.46666666666667],[132.475,33.47083333333334],[132.46875,33.47083333333334],[132.46875,33.46666666666667]]]},"properties":{"type":"Feature","mesh_id":"503213673","municipality_code":"38204","municipality":"八幡浜市","total_population":76,"population_65plus":35,"population_75plus":13,"aging_rate_65plus":0.4605263157894737,"aging_rate_75plus":0.17105263157894737,"population_status":"0","population_status_target":null,"population_aggregation_target":null,"age_65plus_missing":false,"age_75plus_missing":false,"age_quality_flag":"ok","data_completeness":"complete"}},{"type":"Feature","geometry":{"type":"Polygon","coordinates":[[[132.46875,33.47083333333334],[132.475,33.47083333333334],[132.475,33.47500000000001],[132.46875,33.47500000000001],[132.46875,33.47083333333334]]]},"properties":{"type":"Feature","mesh_id":"503213674","municipality_code":"38204","municipality":"八幡浜市","total_population":52,"population_65plus":35,"population_75plus":20,"aging_rate_65plus":0.6730769230769231,"aging_rate_75plus":0.38461538461538464,"population_status":"1","population_status_target":null,"population_aggregation_target":"503213781","age_65plus_missing":false,"age_75plus_missing":false,"age_quality_flag":"ok","data_completeness":"complete"}},{"type":"Feature","geometry":{"type":"Polygon","coordinates":[[[132.475,33.46666666666667],[132.48125,33.46666666666667],[132.48125,33.47083333333334],[132.475,33.47083333333334],[132.475,33.46666666666667]]]},"properties":{"type":"Feature","mesh_id":"503213681","municipality_code":"38204","municipality":"八幡浜市","total_population":37,"population_65plus":23,"population_75plus":9,"aging_rate_65plus":0.6216216216216216,"aging_rate_75plus":0.24324324324324326,"population_status":"0","population_status_target":null,"population_aggregation_target":null,"age_65plus_missing":false,"age_75plus_missing":false,"age_quality_flag":"ok","data_completeness":"complete"}},{"type":"Feature","geometry":{"type":"Polygon","coordinates":[[[132.475,33.47083333333334],[132.48125,33.47083333333334],[132.48125,33.47500000000001],[132.475,33.47500000000001],[132.475,33.47083333333334]]]},"properties":{"type":"Feature","mesh_id":"503213682","municipality_code":"38204","municipality":"八幡浜市","total_population":52,"population_65plus":30,"population_75plus":18,"aging_rate_65plus":0.5769230769230769,"aging_rate_75plus":0.34615384615384615,"population_status":"1","population_status_target":null,"population_aggregation_target":"503213691","age_65plus_missing":false,"age_75plus_missing":false,"age_quality_flag":"ok","data_completeness":"complete"}},{"type":"Feature","geometry":{"type":"Polygon","coordinates":[[[132.48125,33.47083333333334],[132.48749999999998,33.47083333333334],[132.48749999999998,33.47500000000001],[132.48125,33.47500000000001],[132.48125,33.47083333333334]]]},"properties":{"type":"Feature","mesh_id":"503213684","municipality_code":"38204","municipality":"八幡浜市","total_population":34,"population_65plus":24,"population_75plus":17,"aging_rate_65plus":0.7058823529411765,"aging_rate_75plus":0.5,"population_status":"0","population_status_target":null,"population_aggregation_target":null,"age_65plus_missing":false,"age_75plus_missing":false,"age_quality_flag":"ok","data_completeness":"complete"}},{"type":"Feature","geometry":{"type":"Polygon","coordinates":[[[132.4875,33.46666666666667],[132.49375,33.46666666666667],[132.49375,33.47083333333334],[132.4875,33.47083333333334],[132.4875,33.46666666666667]]]},"properties":{"type":"Feature","mesh_id":"503213691","municipality_code":"38204","municipality":"八幡浜市","total_population":6,"population_65plus":null,"population_75plus":null,"aging_rate_65plus":null,"aging_rate_75plus":null,"population_status":"2","population_status_target":"503213682","population_aggregation_target":null,"age_65plus_missing":true,"age_75plus_missing":true,"age_quality_flag":"ok","data_completeness":"partial"}},{"type":"Feature","geometry":{"type":"Polygon","coordinates":[[[132.375,33.47916666666667],[132.38125,33.47916666666667],[132.38125,33.48333333333334],[132.375,33.48333333333334],[132.375,33.47916666666667]]]},"properties":{"type":"Feature","mesh_id":"503213702","municipality_code":"38204","municipality":"八幡浜市","total_population":168,"population_65plus":97,"population_75plus":55,"aging_rate_65plus":0.5773809523809523,"aging_rate_75plus":0.3273809523809524,"population_status":"0","population_status_target":null,"population_aggregation_target":null,"age_65plus_missing":false,"age_75plus_missing":false,"age_quality_flag":"ok","data_completeness":"complete"}},{"type":"Feature","geometry":{"type":"Polygon","coordinates":[[[132.3875,33.475],[132.39374999999998,33.475],[132.39374999999998,33.47916666666667],[132.3875,33.47916666666667],[132.3875,33.475]]]},"properties":{"type":"Feature","mesh_id":"503213711","municipality_code":"38204","municipality":"八幡浜市","total_population":323,"population_65plus":161,"population_75plus":93,"aging_rate_65plus":0.4984520123839009,"aging_rate_75plus":0.28792569659442724,"population_status":"0","population_status_target":null,"population_aggregation_target":null,"age_65plus_missing":false,"age_75plus_missing":false,"age_quality_flag":"ok","data_completeness":"complete"}},{"type":"Feature","geometry":{"type":"Polygon","coordinates":[[[132.3875,33.47916666666667],[132.39374999999998,33.47916666666667],[132.39374999999998,33.48333333333334],[132.3875,33.48333333333334],[132.3875,33.47916666666667]]]},"properties":{"type":"Feature","mesh_id":"503213712","municipality_code":"38204","municipality":"八幡浜市","total_population":709,"population_65plus":242,"population_75plus":128,"aging_rate_65plus":0.34132581100141046,"aging_rate_75plus":0.18053596614950634,"population_status":"0","population_status_target":null,"population_aggregation_target":null,"age_65plus_missing":false,"age_75plus_missing":false,"age_quality_flag":"ok","data_completeness":"complete"}},{"type":"Feature","geometry":{"type":"Polygon","coordinates":[[[132.39374999999998,33.47916666666667],[132.39999999999998,33.47916666666667],[132.39999999999998,33.48333333333334],[132.39374999999998,33.48333333333334],[132.39374999999998,33.47916666666667]]]},"properties":{"type":"Feature","mesh_id":"503213714","municipality_code":"38204","municipality":"八幡浜市","total_population":540,"population_65plus":161,"population_75plus":90,"aging_rate_65plus":0.29814814814814816,"aging_rate_75plus":0.16666666666666666,"population_status":"0","population_status_target":null,"population_aggregation_target":null,"age_65plus_missing":false,"age_75plus_missing":false,"age_quality_flag":"ok","data_completeness":"complete"}},{"type":"Feature","geometry":{"type":"Polygon","coordinates":[[[132.4,33.475],[132.40625,33.475],[132.40625,33.47916666666667],[132.4,33.47916666666667],[132.4,33.475]]]},"properties":{"type":"Feature","mesh_id":"503213721","municipality_code":"38204","municipality":"八幡浜市","total_population":138,"population_65plus":32,"population_75plus":10,"aging_rate_65plus":0.2318840579710145,"aging_rate_75plus":0.07246376811594203,"population_status":"0","population_status_target":null,"population_aggregation_target":null,"age_65plus_missing":false,"age_75plus_missing":false,"age_quality_flag":"ok","data_completeness":"complete"}},{"type":"Feature","geometry":{"type":"Polygon","coordinates":[[[132.40625,33.475],[132.4125,33.475],[132.4125,33.47916666666667],[132.40625,33.47916666666667],[132.40625,33.475]]]},"properties":{"type":"Feature","mesh_id":"503213723","municipality_code":"38204","municipality":"八幡浜市","total_population":835,"population_65plus":234,"population_75plus":117,"aging_rate_65plus":0.28023952095808385,"aging_rate_75plus":0.14011976047904193,"population_status":"0","population_status_target":null,"population_aggregation_target":null,"age_65plus_missing":false,"age_75plus_missing":false,"age_quality_flag":"ok","data_completeness":"complete"}},{"type":"Feature","geometry":{"type":"Polygon","coordinates":[[[132.40625,33.47916666666667],[132.4125,33.47916666666667],[132.4125,33.48333333333334],[132.40625,33.48333333333334],[132.40625,33.47916666666667]]]},"properties":{"type":"Feature","mesh_id":"503213724","municipality_code":"38204","municipality":"八幡浜市","total_population":301,"population_65plus":101,"population_75plus":59,"aging_rate_65plus":0.33554817275747506,"aging_rate_75plus":0.19601328903654486,"population_status":"0","population_status_target":null,"population_aggregation_target":null,"age_65plus_missing":false,"age_75plus_missing":false,"age_quality_flag":"ok","data_completeness":"complete"}},{"type":"Feature","geometry":{"type":"Polygon","coordinates":[[[132.4125,33.47916666666667],[132.41875,33.47916666666667],[132.41875,33.48333333333334],[132.4125,33.48333333333334],[132.4125,33.47916666666667]]]},"properties":{"type":"Feature","mesh_id":"503213732","municipality_code":"38204","municipality":"八幡浜市","total_population":17,"population_65plus":3,"population_75plus":2,"aging_rate_65plus":0.17647058823529413,"aging_rate_75plus":0.11764705882352941,"population_status":"0","population_status_target":null,"population_aggregation_target":null,"age_65plus_missing":false,"age_75plus_missing":false,"age_quality_flag":"ok","data_completeness":"complete"}},{"type":"Feature","geometry":{"type":"Polygon","coordinates":[[[132.41875,33.475],[132.42499999999998,33.475],[132.42499999999998,33.47916666666667],[132.41875,33.47916666666667],[132.41875,33.475]]]},"properties":{"type":"Feature","mesh_id":"503213733","municipality_code":"38204","municipality":"八幡浜市","total_population":203,"population_65plus":62,"population_75plus":22,"aging_rate_65plus":0.3054187192118227,"aging_rate_75plus":0.10837438423645321,"population_status":"0","population_status_target":null,"population_aggregation_target":null,"age_65plus_missing":false,"age_75plus_missing":false,"age_quality_flag":"ok","data_completeness":"complete"}},{"type":"Feature","geometry":{"type":"Polygon","coordinates":[[[132.41875,33.47916666666667],[132.42499999999998,33.47916666666667],[132.42499999999998,33.48333333333334],[132.41875,33.48333333333334],[132.41875,33.47916666666667]]]},"properties":{"type":"Feature","mesh_id":"503213734","municipality_code":"38204","municipality":"八幡浜市","total_population":189,"population_65plus":86,"population_75plus":41,"aging_rate_65plus":0.455026455026455,"aging_rate_75plus":0.21693121693121692,"population_status":"0","population_status_target":null,"population_aggregation_target":null,"age_65plus_missing":false,"age_75plus_missing":false,"age_quality_flag":"ok","data_completeness":"complete"}},{"type":"Feature","geometry":{"type":"Polygon","coordinates":[[[132.43125,33.475],[132.4375,33.475],[132.4375,33.47916666666667],[132.43125,33.47916666666667],[132.43125,33.475]]]},"properties":{"type":"Feature","mesh_id":"503213743","municipality_code":"38204","municipality":"八幡浜市","total_population":29,"population_65plus":7,"population_75plus":3,"aging_rate_65plus":0.2413793103448276,"aging_rate_75plus":0.10344827586206896,"population_status":"0","population_status_target":null,"population_aggregation_target":null,"age_65plus_missing":false,"age_75plus_missing":false,"age_quality_flag":"ok","data_completeness":"complete"}},{"type":"Feature","geometry":{"type":"Polygon","coordinates":[[[132.4375,33.47916666666667],[132.44375,33.47916666666667],[132.44375,33.48333333333334],[132.4375,33.48333333333334],[132.4375,33.47916666666667]]]},"properties":{"type":"Feature","mesh_id":"503213752","municipality_code":"38204","municipality":"八幡浜市","total_population":53,"population_65plus":28,"population_75plus":14,"aging_rate_65plus":0.5283018867924528,"aging_rate_75plus":0.2641509433962264,"population_status":"0","population_status_target":null,"population_aggregation_target":null,"age_65plus_missing":false,"age_75plus_missing":false,"age_quality_flag":"ok","data_completeness":"complete"}},{"type":"Feature","geometry":{"type":"Polygon","coordinates":[[[132.44375,33.47916666666667],[132.45,33.47916666666667],[132.45,33.48333333333334],[132.44375,33.48333333333334],[132.44375,33.47916666666667]]]},"properties":{"type":"Feature","mesh_id":"503213754","municipality_code":"38204","municipality":"八幡浜市","total_population":31,"population_65plus":17,"population_75plus":8,"aging_rate_65plus":0.5483870967741935,"aging_rate_75plus":0.25806451612903225,"population_status":"0","population_status_target":null,"population_aggregation_target":null,"age_65plus_missing":false,"age_75plus_missing":false,"age_quality_flag":"ok","data_completeness":"complete"}},{"type":"Feature","geometry":{"type":"Polygon","coordinates":[[[132.45,33.475],[132.45624999999998,33.475],[132.45624999999998,33.47916666666667],[132.45,33.47916666666667],[132.45,33.475]]]},"properties":{"type":"Feature","mesh_id":"503213761","municipality_code":"38204","municipality":"八幡浜市","total_population":5,"population_65plus":null,"population_75plus":null,"aging_rate_65plus":null,"aging_rate_75plus":null,"population_status":"2","population_status_target":"503213763","population_aggregation_target":null,"age_65plus_missing":true,"age_75plus_missing":true,"age_quality_flag":"ok","data_completeness":"partial"}},{"type":"Feature","geometry":{"type":"Polygon","coordinates":[[[132.45,33.47916666666667],[132.45624999999998,33.47916666666667],[132.45624999999998,33.48333333333334],[132.45,33.48333333333334],[132.45,33.47916666666667]]]},"properties":{"type":"Feature","mesh_id":"503213762","municipality_code":"38204","municipality":"八幡浜市","total_population":11,"population_65plus":null,"population_75plus":null,"aging_rate_65plus":null,"aging_rate_75plus":null,"population_status":"2","population_status_target":"503213763","population_aggregation_target":null,"age_65plus_missing":true,"age_75plus_missing":true,"age_quality_flag":"ok","data_completeness":"partial"}},{"type":"Feature","geometry":{"type":"Polygon","coordinates":[[[132.45624999999998,33.475],[132.46249999999998,33.475],[132.46249999999998,33.47916666666667],[132.45624999999998,33.47916666666667],[132.45624999999998,33.475]]]},"properties":{"type":"Feature","mesh_id":"503213763","municipality_code":"38204","municipality":"八幡浜市","total_population":31,"population_65plus":15,"population_75plus":11,"aging_rate_65plus":0.4838709677419355,"aging_rate_75plus":0.3548387096774194,"population_status":"1","population_status_target":null,"population_aggregation_target":"503213761;503213762","age_65plus_missing":false,"age_75plus_missing":false,"age_quality_flag":"ok","data_completeness":"complete"}},{"type":"Feature","geometry":{"type":"Polygon","coordinates":[[[132.475,33.475],[132.48125,33.475],[132.48125,33.47916666666667],[132.475,33.47916666666667],[132.475,33.475]]]},"properties":{"type":"Feature","mesh_id":"503213781","municipality_code":"38204","municipality":"八幡浜市","total_population":4,"population_65plus":null,"population_75plus":null,"aging_rate_65plus":null,"aging_rate_75plus":null,"population_status":"2","population_status_target":"503213674","population_aggregation_target":null,"age_65plus_missing":true,"age_75plus_missing":true,"age_quality_flag":"ok","data_completeness":"partial"}},{"type":"Feature","geometry":{"type":"Polygon","coordinates":[[[132.38125,33.48750000000001],[132.3875,33.48750000000001],[132.3875,33.49166666666668],[132.38125,33.49166666666668],[132.38125,33.48750000000001]]]},"properties":{"type":"Feature","mesh_id":"503213804","municipality_code":"38204","municipality":"八幡浜市","total_population":4,"population_65plus":null,"population_75plus":null,"aging_rate_65plus":null,"aging_rate_75plus":null,"population_status":"2","population_status_target":"503213813","population_aggregation_target":null,"age_65plus_missing":true,"age_75plus_missing":true,"age_quality_flag":"ok","data_completeness":"partial"}},{"type":"Feature","geometry":{"type":"Polygon","coordinates":[[[132.3875,33.48750000000001],[132.39374999999998,33.48750000000001],[132.39374999999998,33.49166666666668],[132.3875,33.49166666666668],[132.3875,33.48750000000001]]]},"properties":{"type":"Feature","mesh_id":"503213812","municipality_code":"38204","municipality":"八幡浜市","total_population":626,"population_65plus":174,"population_75plus":81,"aging_rate_65plus":0.2779552715654952,"aging_rate_75plus":0.12939297124600638,"population_status":"0","population_status_target":null,"population_aggregation_target":null,"age_65plus_missing":false,"age_75plus_missing":false,"age_quality_flag":"ok","data_completeness":"complete"}},{"type":"Feature","geometry":{"type":"Polygon","coordinates":[[[132.39374999999998,33.48333333333334],[132.39999999999998,33.48333333333334],[132.39999999999998,33.48750000000001],[132.39374999999998,33.48750000000001],[132.39374999999998,33.48333333333334]]]},"properties":{"type":"Feature","mesh_id":"503213813","municipality_code":"38204","municipality":"八幡浜市","total_population":133,"population_65plus":62,"population_75plus":24,"aging_rate_65plus":0.46616541353383456,"aging_rate_75plus":0.18045112781954886,"population_status":"1","population_status_target":null,"population_aggregation_target":"503213804","age_65plus_missing":false,"age_75plus_missing":false,"age_quality_flag":"ok","data_completeness":"complete"}},{"type":"Feature","geometry":{"type":"Polygon","coordinates":[[[132.39374999999998,33.48750000000001],[132.39999999999998,33.48750000000001],[132.39999999999998,33.49166666666668],[132.39374999999998,33.49166666666668],[132.39374999999998,33.48750000000001]]]},"properties":{"type":"Feature","mesh_id":"503213814","municipality_code":"38204","municipality":"八幡浜市","total_population":303,"population_65plus":95,"population_75plus":43,"aging_rate_65plus":0.31353135313531355,"aging_rate_75plus":0.1419141914191419,"population_status":"0","population_status_target":null,"population_aggregation_target":null,"age_65plus_missing":false,"age_75plus_missing":false,"age_quality_flag":"ok","data_completeness":"complete"}},{"type":"Feature","geometry":{"type":"Polygon","coordinates":[[[132.4,33.48333333333334],[132.40625,33.48333333333334],[132.40625,33.48750000000001],[132.4,33.48750000000001],[132.4,33.48333333333334]]]},"properties":{"type":"Feature","mesh_id":"503213821","municipality_code":"38204","municipality":"八幡浜市","total_population":673,"population_65plus":165,"population_75plus":82,"aging_rate_65plus":0.2451708766716196,"aging_rate_75plus":0.12184249628528974,"population_status":"0","population_status_target":null,"population_aggregation_target":null,"age_65plus_missing":false,"age_75plus_missing":false,"age_quality_flag":"ok","data_completeness":"complete"}},{"type":"Feature","geometry":{"type":"Polygon","coordinates":[[[132.4,33.48750000000001],[132.40625,33.48750000000001],[132.40625,33.49166666666668],[132.4,33.49166666666668],[132.4,33.48750000000001]]]},"properties":{"type":"Feature","mesh_id":"503213822","municipality_code":"38204","municipality":"八幡浜市","total_population":857,"population_65plus":195,"population_75plus":93,"aging_rate_65plus":0.22753792298716452,"aging_rate_75plus":0.10851808634772463,"population_status":"0","population_status_target":null,"population_aggregation_target":null,"age_65plus_missing":false,"age_75plus_missing":false,"age_quality_flag":"ok","data_completeness":"complete"}},{"type":"Feature","geometry":{"type":"Polygon","coordinates":[[[132.40625,33.48333333333334],[132.4125,33.48333333333334],[132.4125,33.48750000000001],[132.40625,33.48750000000001],[132.40625,33.48333333333334]]]},"properties":{"type":"Feature","mesh_id":"503213823","municipality_code":"38204","municipality":"八幡浜市","total_population":256,"population_65plus":82,"population_75plus":45,"aging_rate_65plus":0.3203125,"aging_rate_75plus":0.17578125,"population_status":"0","population_status_target":null,"population_aggregation_target":null,"age_65plus_missing":false,"age_75plus_missing":false,"age_quality_flag":"ok","data_completeness":"complete"}},{"type":"Feature","geometry":{"type":"Polygon","coordinates":[[[132.40625,33.48750000000001],[132.4125,33.48750000000001],[132.4125,33.49166666666668],[132.40625,33.49166666666668],[132.40625,33.48750000000001]]]},"properties":{"type":"Feature","mesh_id":"503213824","municipality_code":"38204","municipality":"八幡浜市","total_population":26,"population_65plus":13,"population_75plus":8,"aging_rate_65plus":0.5,"aging_rate_75plus":0.3076923076923077,"population_status":"0","population_status_target":null,"population_aggregation_target":null,"age_65plus_missing":false,"age_75plus_missing":false,"age_quality_flag":"ok","data_completeness":"complete"}},{"type":"Feature","geometry":{"type":"Polygon","coordinates":[[[132.4125,33.48333333333334],[132.41875,33.48333333333334],[132.41875,33.48750000000001],[132.4125,33.48750000000001],[132.4125,33.48333333333334]]]},"properties":{"type":"Feature","mesh_id":"503213831","municipality_code":"38204","municipality":"八幡浜市","total_population":364,"population_65plus":132,"population_75plus":61,"aging_rate_65plus":0.3626373626373626,"aging_rate_75plus":0.16758241758241757,"population_status":"0","population_status_target":null,"population_aggregation_target":null,"age_65plus_missing":false,"age_75plus_missing":false,"age_quality_flag":"ok","data_completeness":"complete"}},{"type":"Feature","geometry":{"type":"Polygon","coordinates":[[[132.4125,33.48750000000001],[132.41875,33.48750000000001],[132.41875,33.49166666666668],[132.4125,33.49166666666668],[132.4125,33.48750000000001]]]},"properties":{"type":"Feature","mesh_id":"503213832","municipality_code":"38204","municipality":"八幡浜市","total_population":40,"population_65plus":19,"population_75plus":11,"aging_rate_65plus":0.475,"aging_rate_75plus":0.275,"population_status":"0","population_status_target":null,"population_aggregation_target":null,"age_65plus_missing":false,"age_75plus_missing":false,"age_quality_flag":"ok","data_completeness":"complete"}},{"type":"Feature","geometry":{"type":"Polygon","coordinates":[[[132.41875,33.48333333333334],[132.42499999999998,33.48333333333334],[132.42499999999998,33.48750000000001],[132.41875,33.48750000000001],[132.41875,33.48333333333334]]]},"properties":{"type":"Feature","mesh_id":"503213833","municipality_code":"38204","municipality":"八幡浜市","total_population":215,"population_65plus":86,"population_75plus":43,"aging_rate_65plus":0.4,"aging_rate_75plus":0.2,"population_status":"0","population_status_target":null,"population_aggregation_target":null,"age_65plus_missing":false,"age_75plus_missing":false,"age_quality_flag":"ok","data_completeness":"complete"}},{"type":"Feature","geometry":{"type":"Polygon","coordinates":[[[132.425,33.48333333333334],[132.43125,33.48333333333334],[132.43125,33.48750000000001],[132.425,33.48750000000001],[132.425,33.48333333333334]]]},"properties":{"type":"Feature","mesh_id":"503213841","municipality_code":"38204","municipality":"八幡浜市","total_population":25,"population_65plus":16,"population_75plus":7,"aging_rate_65plus":0.64,"aging_rate_75plus":0.28,"population_status":"0","population_status_target":null,"population_aggregation_target":null,"age_65plus_missing":false,"age_75plus_missing":false,"age_quality_flag":"ok","data_completeness":"complete"}},{"type":"Feature","geometry":{"type":"Polygon","coordinates":[[[132.38125,33.491666666666674],[132.3875,33.491666666666674],[132.3875,33.495833333333344],[132.38125,33.495833333333344],[132.38125,33.491666666666674]]]},"properties":{"type":"Feature","mesh_id":"503213903","municipality_code":"38204","municipality":"八幡浜市","total_population":51,"population_65plus":38,"population_75plus":20,"aging_rate_65plus":0.7450980392156863,"aging_rate_75plus":0.39215686274509803,"population_status":"1","population_status_target":null,"population_aggregation_target":"503213904","age_65plus_missing":false,"age_75plus_missing":false,"age_quality_flag":"ok","data_completeness":"complete"}},{"type":"Feature","geometry":{"type":"Polygon","coordinates":[[[132.38125,33.495833333333344],[132.3875,33.495833333333344],[132.3875,33.500000000000014],[132.38125,33.500000000000014],[132.38125,33.495833333333344]]]},"properties":{"type":"Feature","mesh_id":"503213904","municipality_code":"38204","municipality":"八幡浜市","total_population":3,"population_65plus":null,"population_75plus":null,"aging_rate_65plus":null,"aging_rate_75plus":null,"population_status":"2","population_status_target":"503213903","population_aggregation_target":null,"age_65plus_missing":true,"age_75plus_missing":true,"age_quality_flag":"ok","data_completeness":"partial"}},{"type":"Feature","geometry":{"type":"Polygon","coordinates":[[[132.3875,33.491666666666674],[132.39374999999998,33.491666666666674],[132.39374999999998,33.495833333333344],[132.3875,33.495833333333344],[132.3875,33.491666666666674]]]},"properties":{"type":"Feature","mesh_id":"503213911","municipality_code":"38204","municipality":"八幡浜市","total_population":120,"population_65plus":41,"population_75plus":21,"aging_rate_65plus":0.3416666666666667,"aging_rate_75plus":0.175,"population_status":"0","population_status_target":null,"population_aggregation_target":null,"age_65plus_missing":false,"age_75plus_missing":false,"age_quality_flag":"ok","data_completeness":"complete"}},{"type":"Feature","geometry":{"type":"Polygon","coordinates":[[[132.3875,33.495833333333344],[132.39374999999998,33.495833333333344],[132.39374999999998,33.500000000000014],[132.3875,33.500000000000014],[132.3875,33.495833333333344]]]},"properties":{"type":"Feature","mesh_id":"503213912","municipality_code":"38204","municipality":"八幡浜市","total_population":552,"population_65plus":119,"population_75plus":53,"aging_rate_65plus":0.21557971014492755,"aging_rate_75plus":0.09601449275362318,"population_status":"0","population_status_target":null,"population_aggregation_target":null,"age_65plus_missing":false,"age_75plus_missing":false,"age_quality_flag":"ok","data_completeness":"complete"}},{"type":"Feature","geometry":{"type":"Polygon","coordinates":[[[132.39374999999998,33.495833333333344],[132.39999999999998,33.495833333333344],[132.39999999999998,33.500000000000014],[132.39374999999998,33.500000000000014],[132.39374999999998,33.495833333333344]]]},"properties":{"type":"Feature","mesh_id":"503213914","municipality_code":"38204","municipality":"八幡浜市","total_population":92,"population_65plus":33,"population_75plus":22,"aging_rate_65plus":0.358695652173913,"aging_rate_75plus":0.2391304347826087,"population_status":"0","population_status_target":null,"population_aggregation_target":null,"age_65plus_missing":false,"age_75plus_missing":false,"age_quality_flag":"ok","data_completeness":"complete"}},{"type":"Feature","geometry":{"type":"Polygon","coordinates":[[[132.4,33.491666666666674],[132.40625,33.491666666666674],[132.40625,33.495833333333344],[132.4,33.495833333333344],[132.4,33.491666666666674]]]},"properties":{"type":"Feature","mesh_id":"503213921","municipality_code":"38204","municipality":"八幡浜市","total_population":2,"population_65plus":null,"population_75plus":null,"aging_rate_65plus":null,"aging_rate_75plus":null,"population_status":"2","population_status_target":"503213922","population_aggregation_target":null,"age_65plus_missing":true,"age_75plus_missing":true,"age_quality_flag":"ok","data_completeness":"partial"}},{"type":"Feature","geometry":{"type":"Polygon","coordinates":[[[132.4,33.495833333333344],[132.40625,33.495833333333344],[132.40625,33.500000000000014],[132.4,33.500000000000014],[132.4,33.495833333333344]]]},"properties":{"type":"Feature","mesh_id":"503213922","municipality_code":"38204","municipality":"八幡浜市","total_population":12,"population_65plus":3,"population_75plus":0,"aging_rate_65plus":0.25,"aging_rate_75plus":0.0,"population_status":"1","population_status_target":null,"population_aggregation_target":"503213921","age_65plus_missing":false,"age_75plus_missing":false,"age_quality_flag":"ok","data_completeness":"complete"}},{"type":"Feature","geometry":{"type":"Polygon","coordinates":[[[132.4125,33.491666666666674],[132.41875,33.491666666666674],[132.41875,33.495833333333344],[132.4125,33.495833333333344],[132.4125,33.491666666666674]]]},"properties":{"type":"Feature","mesh_id":"503213931","municipality_code":"38204","municipality":"八幡浜市","total_population":159,"population_65plus":63,"population_75plus":36,"aging_rate_65plus":0.39622641509433965,"aging_rate_75plus":0.22641509433962265,"population_status":"0","population_status_target":null,"population_aggregation_target":null,"age_65plus_missing":false,"age_75plus_missing":false,"age_quality_flag":"ok","data_completeness":"complete"}},{"type":"Feature","geometry":{"type":"Polygon","coordinates":[[[132.4125,33.495833333333344],[132.41875,33.495833333333344],[132.41875,33.500000000000014],[132.4125,33.500000000000014],[132.4125,33.495833333333344]]]},"properties":{"type":"Feature","mesh_id":"503213932","municipality_code":"38204","municipality":"八幡浜市","total_population":172,"population_65plus":92,"population_75plus":40,"aging_rate_65plus":0.5348837209302325,"aging_rate_75plus":0.23255813953488372,"population_status":"0","population_status_target":null,"population_aggregation_target":null,"age_65plus_missing":false,"age_75plus_missing":false,"age_quality_flag":"ok","data_completeness":"complete"}},{"type":"Feature","geometry":{"type":"Polygon","coordinates":[[[132.41875,33.495833333333344],[132.42499999999998,33.495833333333344],[132.42499999999998,33.500000000000014],[132.41875,33.500000000000014],[132.41875,33.495833333333344]]]},"properties":{"type":"Feature","mesh_id":"503213934","municipality_code":"38204","municipality":"八幡浜市","total_population":31,"population_65plus":16,"population_75plus":8,"aging_rate_65plus":0.5161290322580645,"aging_rate_75plus":0.25806451612903225,"population_status":"0","population_status_target":null,"population_aggregation_target":null,"age_65plus_missing":false,"age_75plus_missing":false,"age_quality_flag":"ok","data_completeness":"complete"}},{"type":"Feature","geometry":{"type":"Polygon","coordinates":[[[132.425,33.491666666666674],[132.43125,33.491666666666674],[132.43125,33.495833333333344],[132.425,33.495833333333344],[132.425,33.491666666666674]]]},"properties":{"type":"Feature","mesh_id":"503213941","municipality_code":"38204","municipality":"八幡浜市","total_population":73,"population_65plus":35,"population_75plus":18,"aging_rate_65plus":0.4794520547945205,"aging_rate_75plus":0.2465753424657534,"population_status":"0","population_status_target":null,"population_aggregation_target":null,"age_65plus_missing":false,"age_75plus_missing":false,"age_quality_flag":"ok","data_completeness":"complete"}},{"type":"Feature","geometry":{"type":"Polygon","coordinates":[[[132.43125,33.491666666666674],[132.4375,33.491666666666674],[132.4375,33.495833333333344],[132.43125,33.495833333333344],[132.43125,33.491666666666674]]]},"properties":{"type":"Feature","mesh_id":"503213943","municipality_code":"38204","municipality":"八幡浜市","total_population":44,"population_65plus":22,"population_75plus":12,"aging_rate_65plus":0.5,"aging_rate_75plus":0.2727272727272727,"population_status":"0","population_status_target":null,"population_aggregation_target":null,"age_65plus_missing":false,"age_75plus_missing":false,"age_quality_flag":"ok","data_completeness":"complete"}},{"type":"Feature","geometry":{"type":"Polygon","coordinates":[[[132.4375,33.491666666666674],[132.44375,33.491666666666674],[132.44375,33.495833333333344],[132.4375,33.495833333333344],[132.4375,33.491666666666674]]]},"properties":{"type":"Feature","mesh_id":"503213951","municipality_code":"38204","municipality":"八幡浜市","total_population":21,"population_65plus":13,"population_75plus":7,"aging_rate_65plus":0.6190476190476191,"aging_rate_75plus":0.3333333333333333,"population_status":"0","population_status_target":null,"population_aggregation_target":null,"age_65plus_missing":false,"age_75plus_missing":false,"age_quality_flag":"ok","data_completeness":"complete"}},{"type":"Feature","geometry":{"type":"Polygon","coordinates":[[[132.44375,33.491666666666674],[132.45,33.491666666666674],[132.45,33.495833333333344],[132.44375,33.495833333333344],[132.44375,33.491666666666674]]]},"properties":{"type":"Feature","mesh_id":"503213953","municipality_code":"38204","municipality":"八幡浜市","total_population":15,"population_65plus":6,"population_75plus":4,"aging_rate_65plus":0.4,"aging_rate_75plus":0.26666666666666666,"population_status":"0","population_status_target":null,"population_aggregation_target":null,"age_65plus_missing":false,"age_75plus_missing":false,"age_quality_flag":"ok","data_completeness":"complete"}},{"type":"Feature","geometry":{"type":"Polygon","coordinates":[[[132.45624999999998,33.491666666666674],[132.46249999999998,33.491666666666674],[132.46249999999998,33.495833333333344],[132.45624999999998,33.495833333333344],[132.45624999999998,33.491666666666674]]]},"properties":{"type":"Feature","mesh_id":"503213963","municipality_code":"38204","municipality":"八幡浜市","total_population":21,"population_65plus":10,"population_75plus":6,"aging_rate_65plus":0.47619047619047616,"aging_rate_75plus":0.2857142857142857,"population_status":"0","population_status_target":null,"population_aggregation_target":null,"age_65plus_missing":false,"age_75plus_missing":false,"age_quality_flag":"ok","data_completeness":"complete"}},{"type":"Feature","geometry":{"type":"Polygon","coordinates":[[[132.3875,33.5],[132.39374999999998,33.5],[132.39374999999998,33.50416666666667],[132.3875,33.50416666666667],[132.3875,33.5]]]},"properties":{"type":"Feature","mesh_id":"503223011","municipality_code":"38204","municipality":"八幡浜市","total_population":15,"population_65plus":9,"population_75plus":4,"aging_rate_65plus":0.6,"aging_rate_75plus":0.26666666666666666,"population_status":"0","population_status_target":null,"population_aggregation_target":null,"age_65plus_missing":false,"age_75plus_missing":false,"age_quality_flag":"ok","data_completeness":"complete"}},{"type":"Feature","geometry":{"type":"Polygon","coordinates":[[[132.3875,33.50416666666667],[132.39374999999998,33.50416666666667],[132.39374999999998,33.50833333333334],[132.3875,33.50833333333334],[132.3875,33.50416666666667]]]},"properties":{"type":"Feature","mesh_id":"503223012","municipality_code":"38204","municipality":"八幡浜市","total_population":99,"population_65plus":43,"population_75plus":23,"aging_rate_65plus":0.43434343434343436,"aging_rate_75plus":0.23232323232323232,"population_status":"1","population_status_target":null,"population_aggregation_target":"503223013","age_65plus_missing":false,"age_75plus_missing":false,"age_quality_flag":"ok","data_completeness":"complete"}},{"type":"Feature","geometry":{"type":"Polygon","coordinates":[[[132.39374999999998,33.5],[132.39999999999998,33.5],[132.39999999999998,33.50416666666667],[132.39374999999998,33.50416666666667],[132.39374999999998,33.5]]]},"properties":{"type":"Feature","mesh_id":"503223013","municipality_code":"38204","municipality":"八幡浜市","total_population":4,"population_65plus":null,"population_75plus":null,"aging_rate_65plus":null,"aging_rate_75plus":null,"population_status":"2","population_status_target":"503223012","population_aggregation_target":null,"age_65plus_missing":true,"age_75plus_missing":true,"age_quality_flag":"ok","data_completeness":"partial"}},{"type":"Feature","geometry":{"type":"Polygon","coordinates":[[[132.39374999999998,33.50416666666667],[132.39999999999998,33.50416666666667],[132.39999999999998,33.50833333333334],[132.39374999999998,33.50833333333334],[132.39374999999998,33.50416666666667]]]},"properties":{"type":"Feature","mesh_id":"503223014","municipality_code":"38204","municipality":"八幡浜市","total_population":38,"population_65plus":15,"population_75plus":9,"aging_rate_65plus":0.39473684210526316,"aging_rate_75plus":0.23684210526315788,"population_status":"0","population_status_target":null,"population_aggregation_target":null,"age_65plus_missing":false,"age_75plus_missing":false,"age_quality_flag":"ok","data_completeness":"complete"}},{"type":"Feature","geometry":{"type":"Polygon","coordinates":[[[132.4,33.5],[132.40625,33.5],[132.40625,33.50416666666667],[132.4,33.50416666666667],[132.4,33.5]]]},"properties":{"type":"Feature","mesh_id":"503223021","municipality_code":"38204","municipality":"八幡浜市","total_population":9,"population_65plus":4,"population_75plus":2,"aging_rate_65plus":0.4444444444444444,"aging_rate_75plus":0.2222222222222222,"population_status":"0","population_status_target":null,"population_aggregation_target":null,"age_65plus_missing":false,"age_75plus_missing":false,"age_quality_flag":"ok","data_completeness":"complete"}},{"type":"Feature","geometry":{"type":"Polygon","coordinates":[[[132.40625,33.5],[132.4125,33.5],[132.4125,33.50416666666667],[132.40625,33.50416666666667],[132.40625,33.5]]]},"properties":{"type":"Feature","mesh_id":"503223023","municipality_code":"38204","municipality":"八幡浜市","total_population":11,"population_65plus":5,"population_75plus":1,"aging_rate_65plus":0.45454545454545453,"aging_rate_75plus":0.09090909090909091,"population_status":"0","population_status_target":null,"population_aggregation_target":null,"age_65plus_missing":false,"age_75plus_missing":false,"age_quality_flag":"ok","data_completeness":"complete"}},{"type":"Feature","geometry":{"type":"Polygon","coordinates":[[[132.4125,33.5],[132.41875,33.5],[132.41875,33.50416666666667],[132.4125,33.50416666666667],[132.4125,33.5]]]},"properties":{"type":"Feature","mesh_id":"503223031","municipality_code":"38204","municipality":"八幡浜市","total_population":10,"population_65plus":null,"population_75plus":null,"aging_rate_65plus":null,"aging_rate_75plus":null,"population_status":"2","population_status_target":"503223033","population_aggregation_target":null,"age_65plus_missing":true,"age_75plus_missing":true,"age_quality_flag":"ok","data_completeness":"partial"}},{"type":"Feature","geometry":{"type":"Polygon","coordinates":[[[132.41875,33.5],[132.42499999999998,33.5],[132.42499999999998,33.50416666666667],[132.41875,33.50416666666667],[132.41875,33.5]]]},"properties":{"type":"Feature","mesh_id":"503223033","municipality_code":"38204","municipality":"八幡浜市","total_population":21,"population_65plus":14,"population_75plus":6,"aging_rate_65plus":0.6666666666666666,"aging_rate_75plus":0.2857142857142857,"population_status":"1","population_status_target":null,"population_aggregation_target":"503223031","age_65plus_missing":false,"age_75plus_missing":false,"age_quality_flag":"ok","data_completeness":"complete"}},{"type":"Feature","geometry":{"type":"Polygon","coordinates":[[[132.425,33.5],[132.43125,33.5],[132.43125,33.50416666666667],[132.425,33.50416666666667],[132.425,33.5]]]},"properties":{"type":"Feature","mesh_id":"503223041","municipality_code":"38204","municipality":"八幡浜市","total_population":190,"population_65plus":98,"population_75plus":61,"aging_rate_65plus":0.5157894736842106,"aging_rate_75plus":0.32105263157894737,"population_status":"0","population_status_target":null,"population_aggregation_target":null,"age_65plus_missing":false,"age_75plus_missing":false,"age_quality_flag":"ok","data_completeness":"complete"}},{"type":"Feature","geometry":{"type":"Polygon","coordinates":[[[132.425,33.50416666666667],[132.43125,33.50416666666667],[132.43125,33.50833333333334],[132.425,33.50833333333334],[132.425,33.50416666666667]]]},"properties":{"type":"Feature","mesh_id":"503223042","municipality_code":"38204","municipality":"八幡浜市","total_population":21,"population_65plus":14,"population_75plus":6,"aging_rate_65plus":0.6666666666666666,"aging_rate_75plus":0.2857142857142857,"population_status":"0","population_status_target":null,"population_aggregation_target":null,"age_65plus_missing":false,"age_75plus_missing":false,"age_quality_flag":"ok","data_completeness":"complete"}},{"type":"Feature","geometry":{"type":"Polygon","coordinates":[[[132.43125,33.5],[132.4375,33.5],[132.4375,33.50416666666667],[132.43125,33.50416666666667],[132.43125,33.5]]]},"properties":{"type":"Feature","mesh_id":"503223043","municipality_code":"38204","municipality":"八幡浜市","total_population":19,"population_65plus":8,"population_75plus":4,"aging_rate_65plus":0.42105263157894735,"aging_rate_75plus":0.21052631578947367,"population_status":"0","population_status_target":null,"population_aggregation_target":null,"age_65plus_missing":false,"age_75plus_missing":false,"age_quality_flag":"ok","data_completeness":"complete"}},{"type":"Feature","geometry":{"type":"Polygon","coordinates":[[[132.43125,33.50416666666667],[132.4375,33.50416666666667],[132.4375,33.50833333333334],[132.43125,33.50833333333334],[132.43125,33.50416666666667]]]},"properties":{"type":"Feature","mesh_id":"503223044","municipality_code":"38204","municipality":"八幡浜市","total_population":12,"population_65plus":7,"population_75plus":2,"aging_rate_65plus":0.5833333333333334,"aging_rate_75plus":0.16666666666666666,"population_status":"0","population_status_target":null,"population_aggregation_target":null,"age_65plus_missing":false,"age_75plus_missing":false,"age_quality_flag":"ok","data_completeness":"complete"}},{"type":"Feature","geometry":{"type":"Polygon","coordinates":[[[132.4375,33.50416666666667],[132.44375,33.50416666666667],[132.44375,33.50833333333334],[132.4375,33.50833333333334],[132.4375,33.50416666666667]]]},"properties":{"type":"Feature","mesh_id":"503223052","municipality_code":"38204","municipality":"八幡浜市","total_population":32,"population_65plus":17,"population_75plus":10,"aging_rate_65plus":0.53125,"aging_rate_75plus":0.3125,"population_status":"0","population_status_target":null,"population_aggregation_target":null,"age_65plus_missing":false,"age_75plus_missing":false,"age_quality_flag":"ok","data_completeness":"complete"}},{"type":"Feature","geometry":{"type":"Polygon","coordinates":[[[132.44375,33.5],[132.45,33.5],[132.45,33.50416666666667],[132.44375,33.50416666666667],[132.44375,33.5]]]},"properties":{"type":"Feature","mesh_id":"503223053","municipality_code":"38204","municipality":"八幡浜市","total_population":9,"population_65plus":null,"population_75plus":null,"aging_rate_65plus":null,"aging_rate_75plus":null,"population_status":"2","population_status_target":"503223054","population_aggregation_target":null,"age_65plus_missing":true,"age_75plus_missing":true,"age_quality_flag":"ok","data_completeness":"partial"}},{"type":"Feature","geometry":{"type":"Polygon","coordinates":[[[132.44375,33.50416666666667],[132.45,33.50416666666667],[132.45,33.50833333333334],[132.44375,33.50833333333334],[132.44375,33.50416666666667]]]},"properties":{"type":"Feature","mesh_id":"503223054","municipality_code":"38204","municipality":"八幡浜市","total_population":29,"population_65plus":18,"population_75plus":8,"aging_rate_65plus":0.6206896551724138,"aging_rate_75plus":0.27586206896551724,"population_status":"1","population_status_target":null,"population_aggregation_target":"503223053","age_65plus_missing":false,"age_75plus_missing":false,"age_quality_flag":"ok","data_completeness":"complete"}},{"type":"Feature","geometry":{"type":"Polygon","coordinates":[[[132.45,33.5],[132.45624999999998,33.5],[132.45624999999998,33.50416666666667],[132.45,33.50416666666667],[132.45,33.5]]]},"properties":{"type":"Feature","mesh_id":"503223061","municipality_code":"38204","municipality":"八幡浜市","total_population":67,"population_65plus":30,"population_75plus":14,"aging_rate_65plus":0.44776119402985076,"aging_rate_75plus":0.208955223880597,"population_status":"0","population_status_target":null,"population_aggregation_target":null,"age_65plus_missing":false,"age_75plus_missing":false,"age_quality_flag":"ok","data_completeness":"complete"}},{"type":"Feature","geometry":{"type":"Polygon","coordinates":[[[132.45624999999998,33.5],[132.46249999999998,33.5],[132.46249999999998,33.50416666666667],[132.45624999999998,33.50416666666667],[132.45624999999998,33.5]]]},"properties":{"type":"Feature","mesh_id":"503223063","municipality_code":"38204","municipality":"八幡浜市","total_population":51,"population_65plus":21,"population_75plus":9,"aging_rate_65plus":0.4117647058823529,"aging_rate_75plus":0.17647058823529413,"population_status":"0","population_status_target":null,"population_aggregation_target":null,"age_65plus_missing":false,"age_75plus_missing":false,"age_quality_flag":"ok","data_completeness":"complete"}},{"type":"Feature","geometry":{"type":"Polygon","coordinates":[[[132.45624999999998,33.50416666666667],[132.46249999999998,33.50416666666667],[132.46249999999998,33.50833333333334],[132.45624999999998,33.50833333333334],[132.45624999999998,33.50416666666667]]]},"properties":{"type":"Feature","mesh_id":"503223064","municipality_code":"38204","municipality":"八幡浜市","total_population":13,"population_65plus":11,"population_75plus":8,"aging_rate_65plus":0.8461538461538461,"aging_rate_75plus":0.6153846153846154,"population_status":"1","population_status_target":null,"population_aggregation_target":"503223072","age_65plus_missing":false,"age_75plus_missing":false,"age_quality_flag":"ok","data_completeness":"complete"}},{"type":"Feature","geometry":{"type":"Polygon","coordinates":[[[132.4625,33.50416666666667],[132.46875,33.50416666666667],[132.46875,33.50833333333334],[132.4625,33.50833333333334],[132.4625,33.50416666666667]]]},"properties":{"type":"Feature","mesh_id":"503223072","municipality_code":"38204","municipality":"八幡浜市","total_population":3,"population_65plus":null,"population_75plus":null,"aging_rate_65plus":null,"aging_rate_75plus":null,"population_status":"2","population_status_target":"503223064","population_aggregation_target":null,"age_65plus_missing":true,"age_75plus_missing":true,"age_quality_flag":"ok","data_completeness":"partial"}},{"type":"Feature","geometry":{"type":"Polygon","coordinates":[[[132.4125,33.50833333333333],[132.41875,33.50833333333333],[132.41875,33.5125],[132.4125,33.5125],[132.4125,33.50833333333333]]]},"properties":{"type":"Feature","mesh_id":"503223131","municipality_code":"38204","municipality":"八幡浜市","total_population":51,"population_65plus":15,"population_75plus":10,"aging_rate_65plus":0.29411764705882354,"aging_rate_75plus":0.19607843137254902,"population_status":"0","population_status_target":null,"population_aggregation_target":null,"age_65plus_missing":false,"age_75plus_missing":false,"age_quality_flag":"ok","data_completeness":"complete"}},{"type":"Feature","geometry":{"type":"Polygon","coordinates":[[[132.425,33.5125],[132.43125,33.5125],[132.43125,33.51666666666667],[132.425,33.51666666666667],[132.425,33.5125]]]},"properties":{"type":"Feature","mesh_id":"503223142","municipality_code":"38204","municipality":"八幡浜市","total_population":10,"population_65plus":null,"population_75plus":null,"aging_rate_65plus":null,"aging_rate_75plus":null,"population_status":"2","population_status_target":"503223144","population_aggregation_target":null,"age_65plus_missing":true,"age_75plus_missing":true,"age_quality_flag":"ok","data_completeness":"partial"}},{"type":"Feature","geometry":{"type":"Polygon","coordinates":[[[132.43125,33.5125],[132.4375,33.5125],[132.4375,33.51666666666667],[132.43125,33.51666666666667],[132.43125,33.5125]]]},"properties":{"type":"Feature","mesh_id":"503223144","municipality_code":"38204","municipality":"八幡浜市","total_population":12,"population_65plus":null,"population_75plus":null,"aging_rate_65plus":null,"aging_rate_75plus":null,"population_status":"1","population_status_target":null,"population_aggregation_target":"503223142","age_65plus_missing":true,"age_75plus_missing":true,"age_quality_flag":"inconsistent_with_total","data_completeness":"partial"}},{"type":"Feature","geometry":{"type":"Polygon","coordinates":[[[132.4375,33.50833333333333],[132.44375,33.50833333333333],[132.44375,33.5125],[132.4375,33.5125],[132.4375,33.50833333333333]]]},"properties":{"type":"Feature","mesh_id":"503223151","municipality_code":"38204","municipality":"八幡浜市","total_population":41,"population_65plus":16,"population_75plus":10,"aging_rate_65plus":0.3902439024390244,"aging_rate_75plus":0.24390243902439024,"population_status":"0","population_status_target":null,"population_aggregation_target":null,"age_65plus_missing":false,"age_75plus_missing":false,"age_quality_flag":"ok","data_completeness":"complete"}},{"type":"Feature","geometry":{"type":"Polygon","coordinates":[[[132.44375,33.50833333333333],[132.45,33.50833333333333],[132.45,33.5125],[132.44375,33.5125],[132.44375,33.50833333333333]]]},"properties":{"type":"Feature","mesh_id":"503223153","municipality_code":"38204","municipality":"八幡浜市","total_population":44,"population_65plus":17,"population_75plus":9,"aging_rate_65plus":0.38636363636363635,"aging_rate_75plus":0.20454545454545456,"population_status":"0","population_status_target":null,"population_aggregation_target":null,"age_65plus_missing":false,"age_75plus_missing":false,"age_quality_flag":"ok","data_completeness":"complete"}},{"type":"Feature","geometry":{"type":"Polygon","coordinates":[[[132.44375,33.5125],[132.45,33.5125],[132.45,33.51666666666667],[132.44375,33.51666666666667],[132.44375,33.5125]]]},"properties":{"type":"Feature","mesh_id":"503223154","municipality_code":"38204","municipality":"八幡浜市","total_population":36,"population_65plus":17,"population_75plus":7,"aging_rate_65plus":0.4722222222222222,"aging_rate_75plus":0.19444444444444445,"population_status":"0","population_status_target":null,"population_aggregation_target":null,"age_65plus_missing":false,"age_75plus_missing":false,"age_quality_flag":"ok","data_completeness":"complete"}},{"type":"Feature","geometry":{"type":"Polygon","coordinates":[[[132.45,33.5125],[132.45624999999998,33.5125],[132.45624999999998,33.51666666666667],[132.45,33.51666666666667],[132.45,33.5125]]]},"properties":{"type":"Feature","mesh_id":"503223162","municipality_code":"38204","municipality":"八幡浜市","total_population":42,"population_65plus":20,"population_75plus":10,"aging_rate_65plus":0.47619047619047616,"aging_rate_75plus":0.23809523809523808,"population_status":"0","population_status_target":null,"population_aggregation_target":null,"age_65plus_missing":false,"age_75plus_missing":false,"age_quality_flag":"ok","data_completeness":"complete"}},{"type":"Feature","geometry":{"type":"Polygon","coordinates":[[[132.45624999999998,33.5125],[132.46249999999998,33.5125],[132.46249999999998,33.51666666666667],[132.45624999999998,33.51666666666667],[132.45624999999998,33.5125]]]},"properties":{"type":"Feature","mesh_id":"503223164","municipality_code":"38204","municipality":"八幡浜市","total_population":36,"population_65plus":23,"population_75plus":8,"aging_rate_65plus":0.6388888888888888,"aging_rate_75plus":0.2222222222222222,"population_status":"0","population_status_target":null,"population_aggregation_target":null,"age_65plus_missing":false,"age_75plus_missing":false,"age_quality_flag":"ok","data_completeness":"complete"}},{"type":"Feature","geometry":{"type":"Polygon","coordinates":[[[132.475,33.5125],[132.48125,33.5125],[132.48125,33.51666666666667],[132.475,33.51666666666667],[132.475,33.5125]]]},"properties":{"type":"Feature","mesh_id":"503223182","municipality_code":"38204","municipality":"八幡浜市","total_population":6,"population_65plus":null,"population_75plus":null,"aging_rate_65plus":null,"aging_rate_75plus":null,"population_status":"2","population_status_target":"503223184","population_aggregation_target":null,"age_65plus_missing":true,"age_75plus_missing":true,"age_quality_flag":"ok","data_completeness":"partial"}},{"type":"Feature","geometry":{"type":"Polygon","coordinates":[[[132.375,33.516666666666666],[132.38125,33.516666666666666],[132.38125,33.520833333333336],[132.375,33.520833333333336],[132.375,33.516666666666666]]]},"properties":{"type":"Feature","mesh_id":"503223201","municipality_code":"38204","municipality":"八幡浜市","total_population":22,"population_65plus":15,"population_75plus":8,"aging_rate_65plus":0.6818181818181818,"aging_rate_75plus":0.36363636363636365,"population_status":"0","population_status_target":null,"population_aggregation_target":null,"age_65plus_missing":false,"age_75plus_missing":false,"age_quality_flag":"ok","data_completeness":"complete"}},{"type":"Feature","geometry":{"type":"Polygon","coordinates":[[[132.38125,33.516666666666666],[132.3875,33.516666666666666],[132.3875,33.520833333333336],[132.38125,33.520833333333336],[132.38125,33.516666666666666]]]},"properties":{"type":"Feature","mesh_id":"503223203","municipality_code":"38204","municipality":"八幡浜市","total_population":33,"population_65plus":18,"population_75plus":13,"aging_rate_65plus":0.5454545454545454,"aging_rate_75plus":0.3939393939393939,"population_status":"1","population_status_target":null,"population_aggregation_target":"503223204","age_65plus_missing":false,"age_75plus_missing":false,"age_quality_flag":"ok","data_completeness":"complete"}},{"type":"Feature","geometry":{"type":"Polygon","coordinates":[[[132.38125,33.520833333333336],[132.3875,33.520833333333336],[132.3875,33.525000000000006],[132.38125,33.525000000000006],[132.38125,33.520833333333336]]]},"properties":{"type":"Feature","mesh_id":"503223204","municipality_code":"38204","municipality":"八幡浜市","total_population":9,"population_65plus":null,"population_75plus":null,"aging_rate_65plus":null,"aging_rate_75plus":null,"population_status":"2","population_status_target":"503223203","population_aggregation_target":null,"age_65plus_missing":true,"age_75plus_missing":true,"age_quality_flag":"ok","data_completeness":"partial"}},{"type":"Feature","geometry":{"type":"Polygon","coordinates":[[[132.39374999999998,33.516666666666666],[132.39999999999998,33.516666666666666],[132.39999999999998,33.520833333333336],[132.39374999999998,33.520833333333336],[132.39374999999998,33.516666666666666]]]},"properties":{"type":"Feature","mesh_id":"503223213","municipality_code":"38204","municipality":"八幡浜市","total_population":10,"population_65plus":null,"population_75plus":null,"aging_rate_65plus":null,"aging_rate_75plus":null,"population_status":"2","population_status_target":"503223302","population_aggregation_target":null,"age_65plus_missing":true,"age_75plus_missing":true,"age_quality_flag":"ok","data_completeness":"partial"}},{"type":"Feature","geometry":{"type":"Polygon","coordinates":[[[132.4375,33.520833333333336],[132.44375,33.520833333333336],[132.44375,33.525000000000006],[132.4375,33.525000000000006],[132.4375,33.520833333333336]]]},"properties":{"type":"Feature","mesh_id":"503223252","municipality_code":"38204","municipality":"八幡浜市","total_population":7,"population_65plus":null,"population_75plus":null,"aging_rate_65plus":null,"aging_rate_75plus":null,"population_status":"2","population_status_target":"503223254","population_aggregation_target":null,"age_65plus_missing":true,"age_75plus_missing":true,"age_quality_flag":"ok","data_completeness":"partial"}},{"type":"Feature","geometry":{"type":"Polygon","coordinates":[[[132.44375,33.520833333333336],[132.45,33.520833333333336],[132.45,33.525000000000006],[132.44375,33.525000000000006],[132.44375,33.520833333333336]]]},"properties":{"type":"Feature","mesh_id":"503223254","municipality_code":"38204","municipality":"八幡浜市","total_population":7,"population_65plus":7,"population_75plus":5,"aging_rate_65plus":1.0,"aging_rate_75plus":0.7142857142857143,"population_status":"1","population_status_target":null,"population_aggregation_target":"503223252","age_65plus_missing":false,"age_75plus_missing":false,"age_quality_flag":"ok","data_completeness":"complete"}},{"type":"Feature","geometry":{"type":"Polygon","coordinates":[[[132.45,33.520833333333336],[132.45624999999998,33.520833333333336],[132.45624999999998,33.525000000000006],[132.45,33.525000000000006],[132.45,33.520833333333336]]]},"properties":{"type":"Feature","mesh_id":"503223262","municipality_code":"38204","municipality":"八幡浜市","total_population":5,"population_65plus":null,"population_75plus":null,"aging_rate_65plus":null,"aging_rate_75plus":null,"population_status":"2","population_status_target":"503223264","population_aggregation_target":null,"age_65plus_missing":true,"age_75plus_missing":true,"age_quality_flag":"ok","data_completeness":"partial"}},{"type":"Feature","geometry":{"type":"Polygon","coordinates":[[[132.45624999999998,33.520833333333336],[132.46249999999998,33.520833333333336],[132.46249999999998,33.525000000000006],[132.45624999999998,33.525000000000006],[132.45624999999998,33.520833333333336]]]},"properties":{"type":"Feature","mesh_id":"503223264","municipality_code":"38204","municipality":"八幡浜市","total_population":11,"population_65plus":6,"population_75plus":5,"aging_rate_65plus":0.5454545454545454,"aging_rate_75plus":0.45454545454545453,"population_status":"1","population_status_target":null,"population_aggregation_target":"503223262","age_65plus_missing":false,"age_75plus_missing":false,"age_quality_flag":"ok","data_completeness":"complete"}},{"type":"Feature","geometry":{"type":"Polygon","coordinates":[[[132.4625,33.516666666666666],[132.46875,33.516666666666666],[132.46875,33.520833333333336],[132.4625,33.520833333333336],[132.4625,33.516666666666666]]]},"properties":{"type":"Feature","mesh_id":"503223271","municipality_code":"38204","municipality":"八幡浜市","total_population":9,"population_65plus":null,"population_75plus":null,"aging_rate_65plus":null,"aging_rate_75plus":null,"population_status":"2","population_status_target":"503223272","population_aggregation_target":null,"age_65plus_missing":true,"age_75plus_missing":true,"age_quality_flag":"ok","data_completeness":"partial"}},{"type":"Feature","geometry":{"type":"Polygon","coordinates":[[[132.4625,33.520833333333336],[132.46875,33.520833333333336],[132.46875,33.525000000000006],[132.4625,33.525000000000006],[132.4625,33.520833333333336]]]},"properties":{"type":"Feature","mesh_id":"503223272","municipality_code":"38204","municipality":"八幡浜市","total_population":1,"population_65plus":null,"population_75plus":null,"aging_rate_65plus":null,"aging_rate_75plus":null,"population_status":"1","population_status_target":null,"population_aggregation_target":"503223271;503223281","age_65plus_missing":true,"age_75plus_missing":true,"age_quality_flag":"inconsistent_with_total","data_completeness":"partial"}},{"type":"Feature","geometry":{"type":"Polygon","coordinates":[[[132.46875,33.516666666666666],[132.475,33.516666666666666],[132.475,33.520833333333336],[132.46875,33.520833333333336],[132.46875,33.516666666666666]]]},"properties":{"type":"Feature","mesh_id":"503223273","municipality_code":"38204","municipality":"八幡浜市","total_population":17,"population_65plus":14,"population_75plus":8,"aging_rate_65plus":0.8235294117647058,"aging_rate_75plus":0.47058823529411764,"population_status":"1","population_status_target":null,"population_aggregation_target":"503223371","age_65plus_missing":false,"age_75plus_missing":false,"age_quality_flag":"ok","data_completeness":"complete"}},{"type":"Feature","geometry":{"type":"Polygon","coordinates":[[[132.475,33.516666666666666],[132.48125,33.516666666666666],[132.48125,33.520833333333336],[132.475,33.520833333333336],[132.475,33.516666666666666]]]},"properties":{"type":"Feature","mesh_id":"503223281","municipality_code":"38204","municipality":"八幡浜市","total_population":2,"population_65plus":null,"population_75plus":null,"aging_rate_65plus":null,"aging_rate_75plus":null,"population_status":"2","population_status_target":"503223272","population_aggregation_target":null,"age_65plus_missing":true,"age_75plus_missing":true,"age_quality_flag":"ok","data_completeness":"partial"}},{"type":"Feature","geometry":{"type":"Polygon","coordinates":[[[132.3875,33.525],[132.39374999999998,33.525],[132.39374999999998,33.52916666666667],[132.3875,33.52916666666667],[132.3875,33.525]]]},"properties":{"type":"Feature","mesh_id":"503223311","municipality_code":"38204","municipality":"八幡浜市","total_population":11,"population_65plus":8,"population_75plus":4,"aging_rate_65plus":0.7272727272727273,"aging_rate_75plus":0.36363636363636365,"population_status":"0","population_status_target":null,"population_aggregation_target":null,"age_65plus_missing":false,"age_75plus_missing":false,"age_quality_flag":"ok","data_completeness":"complete"}},{"type":"Feature","geometry":{"type":"Polygon","coordinates":[[[132.39374999999998,33.525],[132.39999999999998,33.525],[132.39999999999998,33.52916666666667],[132.39374999999998,33.52916666666667],[132.39374999999998,33.525]]]},"properties":{"type":"Feature","mesh_id":"503223313","municipality_code":"38204","municipality":"八幡浜市","total_population":8,"population_65plus":5,"population_75plus":0,"aging_rate_65plus":0.625,"aging_rate_75plus":0.0,"population_status":"0","population_status_target":null,"population_aggregation_target":null,"age_65plus_missing":false,"age_75plus_missing":false,"age_quality_flag":"ok","data_completeness":"complete"}},{"type":"Feature","geometry":{"type":"Polygon","coordinates":[[[132.4375,33.52916666666667],[132.44375,33.52916666666667],[132.44375,33.53333333333334],[132.4375,33.53333333333334],[132.4375,33.52916666666667]]]},"properties":{"type":"Feature","mesh_id":"503223352","municipality_code":"38204","municipality":"八幡浜市","total_population":14,"population_65plus":7,"population_75plus":4,"aging_rate_65plus":0.5,"aging_rate_75plus":0.2857142857142857,"population_status":"0","population_status_target":null,"population_aggregation_target":null,"age_65plus_missing":false,"age_75plus_missing":false,"age_quality_flag":"ok","data_completeness":"complete"}},{"type":"Feature","geometry":{"type":"Polygon","coordinates":[[[132.45,33.52916666666667],[132.45624999999998,33.52916666666667],[132.45624999999998,33.53333333333334],[132.45,33.53333333333334],[132.45,33.52916666666667]]]},"properties":{"type":"Feature","mesh_id":"503223362","municipality_code":"38204","municipality":"八幡浜市","total_population":6,"population_65plus":null,"population_75plus":null,"aging_rate_65plus":null,"aging_rate_75plus":null,"population_status":"2","population_status_target":"503223364","population_aggregation_target":null,"age_65plus_missing":true,"age_75plus_missing":true,"age_quality_flag":"ok","data_completeness":"partial"}},{"type":"Feature","geometry":{"type":"Polygon","coordinates":[[[132.45624999999998,33.52916666666667],[132.46249999999998,33.52916666666667],[132.46249999999998,33.53333333333334],[132.45624999999998,33.53333333333334],[132.45624999999998,33.52916666666667]]]},"properties":{"type":"Feature","mesh_id":"503223364","municipality_code":"38204","municipality":"八幡浜市","total_population":6,"population_65plus":4,"population_75plus":4,"aging_rate_65plus":0.6666666666666666,"aging_rate_75plus":0.6666666666666666,"population_status":"1","population_status_target":null,"population_aggregation_target":"503223362","age_65plus_missing":false,"age_75plus_missing":false,"age_quality_flag":"ok","data_completeness":"complete"}},{"type":"Feature","geometry":{"type":"Polygon","coordinates":[[[132.4625,33.525],[132.46875,33.525],[132.46875,33.52916666666667],[132.4625,33.52916666666667],[132.4625,33.525]]]},"properties":{"type":"Feature","mesh_id":"503223371","municipality_code":"38204","municipality":"八幡浜市","total_population":10,"population_65plus":null,"population_75plus":null,"aging_rate_65plus":null,"aging_rate_75plus":null,"population_status":"2","population_status_target":"503223273","population_aggregation_target":null,"age_65plus_missing":true,"age_75plus_missing":true,"age_quality_flag":"ok","data_completeness":"partial"}},{"type":"Feature","geometry":{"type":"Polygon","coordinates":[[[132.4,33.53333333333333],[132.40625,33.53333333333333],[132.40625,33.5375],[132.4,33.5375],[132.4,33.53333333333333]]]},"properties":{"type":"Feature","mesh_id":"503223421","municipality_code":"38204","municipality":"八幡浜市","total_population":3,"population_65plus":null,"population_75plus":null,"aging_rate_65plus":null,"aging_rate_75plus":null,"population_status":"2","population_status_target":"503223422","population_aggregation_target":null,"age_65plus_missing":true,"age_75plus_missing":true,"age_quality_flag":"ok","data_completeness":"partial"}},{"type":"Feature","geometry":{"type":"Polygon","coordinates":[[[132.4,33.5375],[132.40625,33.5375],[132.40625,33.54166666666667],[132.4,33.54166666666667],[132.4,33.5375]]]},"properties":{"type":"Feature","mesh_id":"503223422","municipality_code":"38204","municipality":"八幡浜市","total_population":13,"population_65plus":12,"population_75plus":8,"aging_rate_65plus":0.9230769230769231,"aging_rate_75plus":0.6153846153846154,"population_status":"1","population_status_target":null,"population_aggregation_target":"503223421","age_65plus_missing":false,"age_75plus_missing":false,"age_quality_flag":"ok","data_completeness":"complete"}},{"type":"Feature","geometry":{"type":"Polygon","coordinates":[[[132.40625,33.53333333333333],[132.4125,33.53333333333333],[132.4125,33.5375],[132.40625,33.5375],[132.40625,33.53333333333333]]]},"properties":{"type":"Feature","mesh_id":"503223423","municipality_code":"38204","municipality":"八幡浜市","total_population":9,"population_65plus":6,"population_75plus":4,"aging_rate_65plus":0.6666666666666666,"aging_rate_75plus":0.4444444444444444,"population_status":"0","population_status_target":null,"population_aggregation_target":null,"age_65plus_missing":false,"age_75plus_missing":false,"age_quality_flag":"ok","data_completeness":"complete"}},{"type":"Feature","geometry":{"type":"Polygon","coordinates":[[[132.40625,33.5375],[132.4125,33.5375],[132.4125,33.54166666666667],[132.40625,33.54166666666667],[132.40625,33.5375]]]},"properties":{"type":"Feature","mesh_id":"503223424","municipality_code":"38204","municipality":"八幡浜市","total_population":120,"population_65plus":104,"population_75plus":95,"aging_rate_65plus":0.8666666666666667,"aging_rate_75plus":0.7916666666666666,"population_status":"0","population_status_target":null,"population_aggregation_target":null,"age_65plus_missing":false,"age_75plus_missing":false,"age_quality_flag":"ok","data_completeness":"complete"}},{"type":"Feature","geometry":{"type":"Polygon","coordinates":[[[132.41875,33.53333333333333],[132.42499999999998,33.53333333333333],[132.42499999999998,33.5375],[132.41875,33.5375],[132.41875,33.53333333333333]]]},"properties":{"type":"Feature","mesh_id":"503223433","municipality_code":"38204","municipality":"八幡浜市","total_population":78,"population_65plus":47,"population_75plus":23,"aging_rate_65plus":0.6025641025641025,"aging_rate_75plus":0.2948717948717949,"population_status":"1","population_status_target":null,"population_aggregation_target":"503223434","age_65plus_missing":false,"age_75plus_missing":false,"age_quality_flag":"ok","data_completeness":"complete"}},{"type":"Feature","geometry":{"type":"Polygon","coordinates":[[[132.41875,33.5375],[132.42499999999998,33.5375],[132.42499999999998,33.54166666666667],[132.41875,33.54166666666667],[132.41875,33.5375]]]},"properties":{"type":"Feature","mesh_id":"503223434","municipality_code":"38204","municipality":"八幡浜市","total_population":3,"population_65plus":null,"population_75plus":null,"aging_rate_65plus":null,"aging_rate_75plus":null,"population_status":"2","population_status_target":"503223433","population_aggregation_target":null,"age_65plus_missing":true,"age_75plus_missing":true,"age_quality_flag":"ok","data_completeness":"partial"}},{"type":"Feature","geometry":{"type":"Polygon","coordinates":[[[132.4125,33.541666666666664],[132.41875,33.541666666666664],[132.41875,33.545833333333334],[132.4125,33.545833333333334],[132.4125,33.541666666666664]]]},"properties":{"type":"Feature","mesh_id":"503223531","municipality_code":"38204","municipality":"八幡浜市","total_population":137,"population_65plus":84,"population_75plus":36,"aging_rate_65plus":0.6131386861313869,"aging_rate_75plus":0.26277372262773724,"population_status":"0","population_status_target":null,"population_aggregation_target":null,"age_65plus_missing":false,"age_75plus_missing":false,"age_quality_flag":"ok","data_completeness":"complete"}}]}