{"type":"FeatureCollection","features":[{"type":"Feature","geometry":{"type":"Polygon","coordinates":[[[132.825,33.70416666666667],[132.83124999999998,33.70416666666667],[132.83124999999998,33.70833333333334],[132.825,33.70833333333334],[132.825,33.70416666666667]]]},"properties":{"type":"Feature","mesh_id":"503246462","municipality_code":"38201","municipality":"松山市","total_population":2,"population_65plus":null,"population_75plus":null,"aging_rate_65plus":null,"aging_rate_75plus":null,"population_status":"2","population_status_target":"503246463","population_aggregation_target":null,"age_65plus_missing":true,"age_75plus_missing":true,"age_quality_flag":"ok","data_completeness":"partial"}},{"type":"Feature","geometry":{"type":"Polygon","coordinates":[[[132.83124999999998,33.7],[132.83749999999998,33.7],[132.83749999999998,33.70416666666667],[132.83124999999998,33.70416666666667],[132.83124999999998,33.7]]]},"properties":{"type":"Feature","mesh_id":"503246463","municipality_code":"38201","municipality":"松山市","total_population":5,"population_65plus":null,"population_75plus":null,"aging_rate_65plus":null,"aging_rate_75plus":null,"population_status":"1","population_status_target":null,"population_aggregation_target":"503246462;503246464","age_65plus_missing":true,"age_75plus_missing":true,"age_quality_flag":"inconsistent_with_total","data_completeness":"partial"}},{"type":"Feature","geometry":{"type":"Polygon","coordinates":[[[132.83124999999998,33.70416666666667],[132.83749999999998,33.70416666666667],[132.83749999999998,33.70833333333334],[132.83124999999998,33.70833333333334],[132.83124999999998,33.70416666666667]]]},"properties":{"type":"Feature","mesh_id":"503246464","municipality_code":"38201","municipality":"松山市","total_population":5,"population_65plus":null,"population_75plus":null,"aging_rate_65plus":null,"aging_rate_75plus":null,"population_status":"2","population_status_target":"503246463","population_aggregation_target":null,"age_65plus_missing":true,"age_75plus_missing":true,"age_quality_flag":"ok","data_completeness":"partial"}},{"type":"Feature","geometry":{"type":"Polygon","coordinates":[[[132.85625,33.70416666666667],[132.86249999999998,33.70416666666667],[132.86249999999998,33.70833333333334],[132.85625,33.70833333333334],[132.85625,33.70416666666667]]]},"properties":{"type":"Feature","mesh_id":"503246484","municipality_code":"38201","municipality":"松山市","total_population":2,"population_65plus":null,"population_75plus":null,"aging_rate_65plus":null,"aging_rate_75plus":null,"population_status":"2","population_status_target":"503246674","population_aggregation_target":null,"age_65plus_missing":true,"age_75plus_missing":true,"age_quality_flag":"ok","data_completeness":"partial"}},{"type":"Feature","geometry":{"type":"Polygon","coordinates":[[[132.81875,33.708333333333336],[132.825,33.708333333333336],[132.825,33.712500000000006],[132.81875,33.712500000000006],[132.81875,33.708333333333336]]]},"properties":{"type":"Feature","mesh_id":"503246553","municipality_code":"38201","municipality":"松山市","total_population":9,"population_65plus":8,"population_75plus":6,"aging_rate_65plus":0.8888888888888888,"aging_rate_75plus":0.6666666666666666,"population_status":"1","population_status_target":null,"population_aggregation_target":"503246554","age_65plus_missing":false,"age_75plus_missing":false,"age_quality_flag":"ok","data_completeness":"complete"}},{"type":"Feature","geometry":{"type":"Polygon","coordinates":[[[132.825,33.72083333333334],[132.83124999999998,33.72083333333334],[132.83124999999998,33.72500000000001],[132.825,33.72500000000001],[132.825,33.72083333333334]]]},"properties":{"type":"Feature","mesh_id":"503246662","municipality_code":"38201","municipality":"松山市","total_population":14,"population_65plus":9,"population_75plus":5,"aging_rate_65plus":0.6428571428571429,"aging_rate_75plus":0.35714285714285715,"population_status":"0","population_status_target":null,"population_aggregation_target":null,"age_65plus_missing":false,"age_75plus_missing":false,"age_quality_flag":"ok","data_completeness":"complete"}},{"type":"Feature","geometry":{"type":"Polygon","coordinates":[[[132.83124999999998,33.71666666666667],[132.83749999999998,33.71666666666667],[132.83749999999998,33.72083333333334],[132.83124999999998,33.72083333333334],[132.83124999999998,33.71666666666667]]]},"properties":{"type":"Feature","mesh_id":"503246663","municipality_code":"38201","municipality":"松山市","total_population":13,"population_65plus":12,"population_75plus":11,"aging_rate_65plus":0.9230769230769231,"aging_rate_75plus":0.8461538461538461,"population_status":"0","population_status_target":null,"population_aggregation_target":null,"age_65plus_missing":false,"age_75plus_missing":false,"age_quality_flag":"ok","data_completeness":"complete"}},{"type":"Feature","geometry":{"type":"Polygon","coordinates":[[[132.83124999999998,33.72083333333334],[132.83749999999998,33.72083333333334],[132.83749999999998,33.72500000000001],[132.83124999999998,33.72500000000001],[132.83124999999998,33.72083333333334]]]},"properties":{"type":"Feature","mesh_id":"503246664","municipality_code":"38201","municipality":"松山市","total_population":45,"population_65plus":22,"population_75plus":14,"aging_rate_65plus":0.4888888888888889,"aging_rate_75plus":0.3111111111111111,"population_status":"0","population_status_target":null,"population_aggregation_target":null,"age_65plus_missing":false,"age_75plus_missing":false,"age_quality_flag":"ok","data_completeness":"complete"}},{"type":"Feature","geometry":{"type":"Polygon","coordinates":[[[132.8375,33.71666666666667],[132.84375,33.71666666666667],[132.84375,33.72083333333334],[132.8375,33.72083333333334],[132.8375,33.71666666666667]]]},"properties":{"type":"Feature","mesh_id":"503246671","municipality_code":"38201","municipality":"松山市","total_population":17,"population_65plus":10,"population_75plus":5,"aging_rate_65plus":0.5882352941176471,"aging_rate_75plus":0.29411764705882354,"population_status":"1","population_status_target":null,"population_aggregation_target":"503246673","age_65plus_missing":false,"age_75plus_missing":false,"age_quality_flag":"ok","data_completeness":"complete"}},{"type":"Feature","geometry":{"type":"Polygon","coordinates":[[[132.84375,33.71666666666667],[132.85,33.71666666666667],[132.85,33.72083333333334],[132.84375,33.72083333333334],[132.84375,33.71666666666667]]]},"properties":{"type":"Feature","mesh_id":"503246673","municipality_code":"38201","municipality":"松山市","total_population":2,"population_65plus":null,"population_75plus":null,"aging_rate_65plus":null,"aging_rate_75plus":null,"population_status":"2","population_status_target":"503246671","population_aggregation_target":null,"age_65plus_missing":true,"age_75plus_missing":true,"age_quality_flag":"ok","data_completeness":"partial"}},{"type":"Feature","geometry":{"type":"Polygon","coordinates":[[[132.84375,33.72083333333334],[132.85,33.72083333333334],[132.85,33.72500000000001],[132.84375,33.72500000000001],[132.84375,33.72083333333334]]]},"properties":{"type":"Feature","mesh_id":"503246674","municipality_code":"38201","municipality":"松山市","total_population":23,"population_65plus":22,"population_75plus":17,"aging_rate_65plus":0.9565217391304348,"aging_rate_75plus":0.7391304347826086,"population_status":"1","population_status_target":null,"population_aggregation_target":"503246484;503246772;503246773","age_65plus_missing":false,"age_75plus_missing":false,"age_quality_flag":"ok","data_completeness":"complete"}},{"type":"Feature","geometry":{"type":"Polygon","coordinates":[[[132.825,33.725],[132.83124999999998,33.725],[132.83124999999998,33.72916666666667],[132.825,33.72916666666667],[132.825,33.725]]]},"properties":{"type":"Feature","mesh_id":"503246761","municipality_code":"38201","municipality":"松山市","total_population":4,"population_65plus":null,"population_75plus":null,"aging_rate_65plus":null,"aging_rate_75plus":null,"population_status":"2","population_status_target":"503246762","population_aggregation_target":null,"age_65plus_missing":true,"age_75plus_missing":true,"age_quality_flag":"ok","data_completeness":"partial"}},{"type":"Feature","geometry":{"type":"Polygon","coordinates":[[[132.825,33.72916666666667],[132.83124999999998,33.72916666666667],[132.83124999999998,33.73333333333334],[132.825,33.73333333333334],[132.825,33.72916666666667]]]},"properties":{"type":"Feature","mesh_id":"503246762","municipality_code":"38201","municipality":"松山市","total_population":12,"population_65plus":7,"population_75plus":2,"aging_rate_65plus":0.5833333333333334,"aging_rate_75plus":0.16666666666666666,"population_status":"1","population_status_target":null,"population_aggregation_target":"503246761;503246764","age_65plus_missing":false,"age_75plus_missing":false,"age_quality_flag":"ok","data_completeness":"complete"}},{"type":"Feature","geometry":{"type":"Polygon","coordinates":[[[132.83124999999998,33.72916666666667],[132.83749999999998,33.72916666666667],[132.83749999999998,33.73333333333334],[132.83124999999998,33.73333333333334],[132.83124999999998,33.72916666666667]]]},"properties":{"type":"Feature","mesh_id":"503246764","municipality_code":"38201","municipality":"松山市","total_population":8,"population_65plus":null,"population_75plus":null,"aging_rate_65plus":null,"aging_rate_75plus":null,"population_status":"2","population_status_target":"503246762","population_aggregation_target":null,"age_65plus_missing":true,"age_75plus_missing":true,"age_quality_flag":"ok","data_completeness":"partial"}},{"type":"Feature","geometry":{"type":"Polygon","coordinates":[[[132.8375,33.72916666666667],[132.84375,33.72916666666667],[132.84375,33.73333333333334],[132.8375,33.73333333333334],[132.8375,33.72916666666667]]]},"properties":{"type":"Feature","mesh_id":"503246772","municipality_code":"38201","municipality":"松山市","total_population":5,"population_65plus":null,"population_75plus":null,"aging_rate_65plus":null,"aging_rate_75plus":null,"population_status":"2","population_status_target":"503246674","population_aggregation_target":null,"age_65plus_missing":true,"age_75plus_missing":true,"age_quality_flag":"ok","data_completeness":"partial"}},{"type":"Feature","geometry":{"type":"Polygon","coordinates":[[[132.84375,33.725],[132.85,33.725],[132.85,33.72916666666667],[132.84375,33.72916666666667],[132.84375,33.725]]]},"properties":{"type":"Feature","mesh_id":"503246773","municipality_code":"38201","municipality":"松山市","total_population":1,"population_65plus":null,"population_75plus":null,"aging_rate_65plus":null,"aging_rate_75plus":null,"population_status":"2","population_status_target":"503246674","population_aggregation_target":null,"age_65plus_missing":true,"age_75plus_missing":true,"age_quality_flag":"ok","data_completeness":"partial"}},{"type":"Feature","geometry":{"type":"Polygon","coordinates":[[[132.8125,33.73333333333334],[132.81875,33.73333333333334],[132.81875,33.73750000000001],[132.8125,33.73750000000001],[132.8125,33.73333333333334]]]},"properties":{"type":"Feature","mesh_id":"503246851","municipality_code":"38201","municipality":"松山市","total_population":7,"population_65plus":null,"population_75plus":null,"aging_rate_65plus":null,"aging_rate_75plus":null,"population_status":"2","population_status_target":"503246743","population_aggregation_target":null,"age_65plus_missing":true,"age_75plus_missing":true,"age_quality_flag":"ok","data_completeness":"partial"}},{"type":"Feature","geometry":{"type":"Polygon","coordinates":[[[132.825,33.73333333333334],[132.83124999999998,33.73333333333334],[132.83124999999998,33.73750000000001],[132.825,33.73750000000001],[132.825,33.73333333333334]]]},"properties":{"type":"Feature","mesh_id":"503246861","municipality_code":"38201","municipality":"松山市","total_population":43,"population_65plus":22,"population_75plus":11,"aging_rate_65plus":0.5116279069767442,"aging_rate_75plus":0.2558139534883721,"population_status":"1","population_status_target":null,"population_aggregation_target":"503246862","age_65plus_missing":false,"age_75plus_missing":false,"age_quality_flag":"ok","data_completeness":"complete"}},{"type":"Feature","geometry":{"type":"Polygon","coordinates":[[[132.825,33.73750000000001],[132.83124999999998,33.73750000000001],[132.83124999999998,33.74166666666668],[132.825,33.74166666666668],[132.825,33.73750000000001]]]},"properties":{"type":"Feature","mesh_id":"503246862","municipality_code":"38201","municipality":"松山市","total_population":9,"population_65plus":null,"population_75plus":null,"aging_rate_65plus":null,"aging_rate_75plus":null,"population_status":"2","population_status_target":"503246861","population_aggregation_target":null,"age_65plus_missing":true,"age_75plus_missing":true,"age_quality_flag":"ok","data_completeness":"partial"}},{"type":"Feature","geometry":{"type":"Polygon","coordinates":[[[132.83124999999998,33.73333333333334],[132.83749999999998,33.73333333333334],[132.83749999999998,33.73750000000001],[132.83124999999998,33.73750000000001],[132.83124999999998,33.73333333333334]]]},"properties":{"type":"Feature","mesh_id":"503246863","municipality_code":"38201","municipality":"松山市","total_population":21,"population_65plus":12,"population_75plus":12,"aging_rate_65plus":0.5714285714285714,"aging_rate_75plus":0.5714285714285714,"population_status":"0","population_status_target":null,"population_aggregation_target":null,"age_65plus_missing":false,"age_75plus_missing":false,"age_quality_flag":"ok","data_completeness":"complete"}},{"type":"Feature","geometry":{"type":"Polygon","coordinates":[[[132.83124999999998,33.73750000000001],[132.83749999999998,33.73750000000001],[132.83749999999998,33.74166666666668],[132.83124999999998,33.74166666666668],[132.83124999999998,33.73750000000001]]]},"properties":{"type":"Feature","mesh_id":"503246864","municipality_code":"38201","municipality":"松山市","total_population":28,"population_65plus":12,"population_75plus":7,"aging_rate_65plus":0.42857142857142855,"aging_rate_75plus":0.25,"population_status":"0","population_status_target":null,"population_aggregation_target":null,"age_65plus_missing":false,"age_75plus_missing":false,"age_quality_flag":"ok","data_completeness":"complete"}},{"type":"Feature","geometry":{"type":"Polygon","coordinates":[[[132.8375,33.73333333333334],[132.84375,33.73333333333334],[132.84375,33.73750000000001],[132.8375,33.73750000000001],[132.8375,33.73333333333334]]]},"properties":{"type":"Feature","mesh_id":"503246871","municipality_code":"38201","municipality":"松山市","total_population":45,"population_65plus":29,"population_75plus":16,"aging_rate_65plus":0.6444444444444445,"aging_rate_75plus":0.35555555555555557,"population_status":"0","population_status_target":null,"population_aggregation_target":null,"age_65plus_missing":false,"age_75plus_missing":false,"age_quality_flag":"ok","data_completeness":"complete"}},{"type":"Feature","geometry":{"type":"Polygon","coordinates":[[[132.8375,33.73750000000001],[132.84375,33.73750000000001],[132.84375,33.74166666666668],[132.8375,33.74166666666668],[132.8375,33.73750000000001]]]},"properties":{"type":"Feature","mesh_id":"503246872","municipality_code":"38201","municipality":"松山市","total_population":46,"population_65plus":19,"population_75plus":13,"aging_rate_65plus":0.41304347826086957,"aging_rate_75plus":0.2826086956521739,"population_status":"0","population_status_target":null,"population_aggregation_target":null,"age_65plus_missing":false,"age_75plus_missing":false,"age_quality_flag":"ok","data_completeness":"complete"}},{"type":"Feature","geometry":{"type":"Polygon","coordinates":[[[132.84375,33.73333333333334],[132.85,33.73333333333334],[132.85,33.73750000000001],[132.84375,33.73750000000001],[132.84375,33.73333333333334]]]},"properties":{"type":"Feature","mesh_id":"503246873","municipality_code":"38201","municipality":"松山市","total_population":77,"population_65plus":37,"population_75plus":24,"aging_rate_65plus":0.4805194805194805,"aging_rate_75plus":0.3116883116883117,"population_status":"1","population_status_target":null,"population_aggregation_target":"503246971","age_65plus_missing":false,"age_75plus_missing":false,"age_quality_flag":"ok","data_completeness":"complete"}},{"type":"Feature","geometry":{"type":"Polygon","coordinates":[[[132.84375,33.73750000000001],[132.85,33.73750000000001],[132.85,33.74166666666668],[132.84375,33.74166666666668],[132.84375,33.73750000000001]]]},"properties":{"type":"Feature","mesh_id":"503246874","municipality_code":"38201","municipality":"松山市","total_population":10,"population_65plus":6,"population_75plus":4,"aging_rate_65plus":0.6,"aging_rate_75plus":0.4,"population_status":"0","population_status_target":null,"population_aggregation_target":null,"age_65plus_missing":false,"age_75plus_missing":false,"age_quality_flag":"ok","data_completeness":"complete"}},{"type":"Feature","geometry":{"type":"Polygon","coordinates":[[[132.85,33.73333333333334],[132.85625,33.73333333333334],[132.85625,33.73750000000001],[132.85,33.73750000000001],[132.85,33.73333333333334]]]},"properties":{"type":"Feature","mesh_id":"503246881","municipality_code":"38201","municipality":"松山市","total_population":23,"population_65plus":13,"population_75plus":8,"aging_rate_65plus":0.5652173913043478,"aging_rate_75plus":0.34782608695652173,"population_status":"0","population_status_target":null,"population_aggregation_target":null,"age_65plus_missing":false,"age_75plus_missing":false,"age_quality_flag":"ok","data_completeness":"complete"}},{"type":"Feature","geometry":{"type":"Polygon","coordinates":[[[132.85625,33.73333333333334],[132.86249999999998,33.73333333333334],[132.86249999999998,33.73750000000001],[132.85625,33.73750000000001],[132.85625,33.73333333333334]]]},"properties":{"type":"Feature","mesh_id":"503246883","municipality_code":"38201","municipality":"松山市","total_population":27,"population_65plus":26,"population_75plus":10,"aging_rate_65plus":0.9629629629629629,"aging_rate_75plus":0.37037037037037035,"population_status":"1","population_status_target":null,"population_aggregation_target":"503246884;503246993","age_65plus_missing":false,"age_75plus_missing":false,"age_quality_flag":"ok","data_completeness":"complete"}},{"type":"Feature","geometry":{"type":"Polygon","coordinates":[[[132.85625,33.73750000000001],[132.86249999999998,33.73750000000001],[132.86249999999998,33.74166666666668],[132.85625,33.74166666666668],[132.85625,33.73750000000001]]]},"properties":{"type":"Feature","mesh_id":"503246884","municipality_code":"38201","municipality":"松山市","total_population":7,"population_65plus":null,"population_75plus":null,"aging_rate_65plus":null,"aging_rate_75plus":null,"population_status":"2","population_status_target":"503246883","population_aggregation_target":null,"age_65plus_missing":true,"age_75plus_missing":true,"age_quality_flag":"ok","data_completeness":"partial"}},{"type":"Feature","geometry":{"type":"Polygon","coordinates":[[[132.81875,33.745833333333344],[132.825,33.745833333333344],[132.825,33.750000000000014],[132.81875,33.750000000000014],[132.81875,33.745833333333344]]]},"properties":{"type":"Feature","mesh_id":"503246954","municipality_code":"38201","municipality":"松山市","total_population":179,"population_65plus":54,"population_75plus":28,"aging_rate_65plus":0.3016759776536313,"aging_rate_75plus":0.1564245810055866,"population_status":"0","population_status_target":null,"population_aggregation_target":null,"age_65plus_missing":false,"age_75plus_missing":false,"age_quality_flag":"ok","data_completeness":"complete"}},{"type":"Feature","geometry":{"type":"Polygon","coordinates":[[[132.825,33.741666666666674],[132.83124999999998,33.741666666666674],[132.83124999999998,33.745833333333344],[132.825,33.745833333333344],[132.825,33.741666666666674]]]},"properties":{"type":"Feature","mesh_id":"503246961","municipality_code":"38201","municipality":"松山市","total_population":112,"population_65plus":51,"population_75plus":32,"aging_rate_65plus":0.45535714285714285,"aging_rate_75plus":0.2857142857142857,"population_status":"0","population_status_target":null,"population_aggregation_target":null,"age_65plus_missing":false,"age_75plus_missing":false,"age_quality_flag":"ok","data_completeness":"complete"}},{"type":"Feature","geometry":{"type":"Polygon","coordinates":[[[132.825,33.745833333333344],[132.83124999999998,33.745833333333344],[132.83124999999998,33.750000000000014],[132.825,33.750000000000014],[132.825,33.745833333333344]]]},"properties":{"type":"Feature","mesh_id":"503246962","municipality_code":"38201","municipality":"松山市","total_population":36,"population_65plus":16,"population_75plus":9,"aging_rate_65plus":0.4444444444444444,"aging_rate_75plus":0.25,"population_status":"1","population_status_target":null,"population_aggregation_target":"503246964","age_65plus_missing":false,"age_75plus_missing":false,"age_quality_flag":"ok","data_completeness":"complete"}},{"type":"Feature","geometry":{"type":"Polygon","coordinates":[[[132.83124999999998,33.741666666666674],[132.83749999999998,33.741666666666674],[132.83749999999998,33.745833333333344],[132.83124999999998,33.745833333333344],[132.83124999999998,33.741666666666674]]]},"properties":{"type":"Feature","mesh_id":"503246963","municipality_code":"38201","municipality":"松山市","total_population":161,"population_65plus":31,"population_75plus":18,"aging_rate_65plus":0.19254658385093168,"aging_rate_75plus":0.11180124223602485,"population_status":"0","population_status_target":null,"population_aggregation_target":null,"age_65plus_missing":false,"age_75plus_missing":false,"age_quality_flag":"ok","data_completeness":"complete"}},{"type":"Feature","geometry":{"type":"Polygon","coordinates":[[[132.83124999999998,33.745833333333344],[132.83749999999998,33.745833333333344],[132.83749999999998,33.750000000000014],[132.83124999999998,33.750000000000014],[132.83124999999998,33.745833333333344]]]},"properties":{"type":"Feature","mesh_id":"503246964","municipality_code":"38201","municipality":"松山市","total_population":2,"population_65plus":null,"population_75plus":null,"aging_rate_65plus":null,"aging_rate_75plus":null,"population_status":"2","population_status_target":"503246962","population_aggregation_target":null,"age_65plus_missing":true,"age_75plus_missing":true,"age_quality_flag":"ok","data_completeness":"partial"}},{"type":"Feature","geometry":{"type":"Polygon","coordinates":[[[132.8375,33.741666666666674],[132.84375,33.741666666666674],[132.84375,33.745833333333344],[132.8375,33.745833333333344],[132.8375,33.741666666666674]]]},"properties":{"type":"Feature","mesh_id":"503246971","municipality_code":"38201","municipality":"松山市","total_population":7,"population_65plus":null,"population_75plus":null,"aging_rate_65plus":null,"aging_rate_75plus":null,"population_status":"2","population_status_target":"503246873","population_aggregation_target":null,"age_65plus_missing":true,"age_75plus_missing":true,"age_quality_flag":"ok","data_completeness":"partial"}},{"type":"Feature","geometry":{"type":"Polygon","coordinates":[[[132.6875,33.80416666666667],[132.69375,33.80416666666667],[132.69375,33.80833333333334],[132.6875,33.80833333333334],[132.6875,33.80416666666667]]]},"properties":{"type":"Feature","mesh_id":"503255652","municipality_code":"38201","municipality":"松山市","total_population":208,"population_65plus":78,"population_75plus":37,"aging_rate_65plus":0.375,"aging_rate_75plus":0.1778846153846154,"population_status":"0","population_status_target":null,"population_aggregation_target":null,"age_65plus_missing":false,"age_75plus_missing":false,"age_quality_flag":"ok","data_completeness":"complete"}},{"type":"Feature","geometry":{"type":"Polygon","coordinates":[[[132.69375,33.80416666666667],[132.7,33.80416666666667],[132.7,33.80833333333334],[132.69375,33.80833333333334],[132.69375,33.80416666666667]]]},"properties":{"type":"Feature","mesh_id":"503255654","municipality_code":"38201","municipality":"松山市","total_population":360,"population_65plus":125,"population_75plus":69,"aging_rate_65plus":0.3472222222222222,"aging_rate_75plus":0.19166666666666668,"population_status":"0","population_status_target":null,"population_aggregation_target":null,"age_65plus_missing":false,"age_75plus_missing":false,"age_quality_flag":"ok","data_completeness":"complete"}},{"type":"Feature","geometry":{"type":"Polygon","coordinates":[[[132.7,33.80416666666667],[132.70624999999998,33.80416666666667],[132.70624999999998,33.80833333333334],[132.7,33.80833333333334],[132.7,33.80416666666667]]]},"properties":{"type":"Feature","mesh_id":"503255662","municipality_code":"38201","municipality":"松山市","total_population":483,"population_65plus":159,"population_75plus":93,"aging_rate_65plus":0.32919254658385094,"aging_rate_75plus":0.19254658385093168,"population_status":"0","population_status_target":null,"population_aggregation_target":null,"age_65plus_missing":false,"age_75plus_missing":false,"age_quality_flag":"ok","data_completeness":"complete"}},{"type":"Feature","geometry":{"type":"Polygon","coordinates":[[[132.725,33.80416666666667],[132.73125,33.80416666666667],[132.73125,33.80833333333334],[132.725,33.80833333333334],[132.725,33.80416666666667]]]},"properties":{"type":"Feature","mesh_id":"503255682","municipality_code":"38201","municipality":"松山市","total_population":214,"population_65plus":75,"population_75plus":35,"aging_rate_65plus":0.35046728971962615,"aging_rate_75plus":0.16355140186915887,"population_status":"0","population_status_target":null,"population_aggregation_target":null,"age_65plus_missing":false,"age_75plus_missing":false,"age_quality_flag":"ok","data_completeness":"complete"}},{"type":"Feature","geometry":{"type":"Polygon","coordinates":[[[132.73125,33.80416666666667],[132.73749999999998,33.80416666666667],[132.73749999999998,33.80833333333334],[132.73125,33.80833333333334],[132.73125,33.80416666666667]]]},"properties":{"type":"Feature","mesh_id":"503255684","municipality_code":"38201","municipality":"松山市","total_population":85,"population_65plus":30,"population_75plus":28,"aging_rate_65plus":0.35294117647058826,"aging_rate_75plus":0.32941176470588235,"population_status":"0","population_status_target":null,"population_aggregation_target":null,"age_65plus_missing":false,"age_75plus_missing":false,"age_quality_flag":"ok","data_completeness":"complete"}},{"type":"Feature","geometry":{"type":"Polygon","coordinates":[[[132.7375,33.80416666666667],[132.74375,33.80416666666667],[132.74375,33.80833333333334],[132.7375,33.80833333333334],[132.7375,33.80416666666667]]]},"properties":{"type":"Feature","mesh_id":"503255692","municipality_code":"38201","municipality":"松山市","total_population":131,"population_65plus":39,"population_75plus":24,"aging_rate_65plus":0.29770992366412213,"aging_rate_75plus":0.183206106870229,"population_status":"0","population_status_target":null,"population_aggregation_target":null,"age_65plus_missing":false,"age_75plus_missing":false,"age_quality_flag":"ok","data_completeness":"complete"}},{"type":"Feature","geometry":{"type":"Polygon","coordinates":[[[132.74375,33.80416666666667],[132.75,33.80416666666667],[132.75,33.80833333333334],[132.74375,33.80833333333334],[132.74375,33.80416666666667]]]},"properties":{"type":"Feature","mesh_id":"503255694","municipality_code":"38201","municipality":"松山市","total_population":14,"population_65plus":8,"population_75plus":4,"aging_rate_65plus":0.5714285714285714,"aging_rate_75plus":0.2857142857142857,"population_status":"0","population_status_target":null,"population_aggregation_target":null,"age_65plus_missing":false,"age_75plus_missing":false,"age_quality_flag":"ok","data_completeness":"complete"}},{"type":"Feature","geometry":{"type":"Polygon","coordinates":[[[132.69375,33.8125],[132.7,33.8125],[132.7,33.81666666666667],[132.69375,33.81666666666667],[132.69375,33.8125]]]},"properties":{"type":"Feature","mesh_id":"503255754","municipality_code":"38201","municipality":"松山市","total_population":434,"population_65plus":143,"population_75plus":66,"aging_rate_65plus":0.3294930875576037,"aging_rate_75plus":0.15207373271889402,"population_status":"0","population_status_target":null,"population_aggregation_target":null,"age_65plus_missing":false,"age_75plus_missing":false,"age_quality_flag":"ok","data_completeness":"complete"}},{"type":"Feature","geometry":{"type":"Polygon","coordinates":[[[132.7,33.80833333333333],[132.70624999999998,33.80833333333333],[132.70624999999998,33.8125],[132.7,33.8125],[132.7,33.80833333333333]]]},"properties":{"type":"Feature","mesh_id":"503255761","municipality_code":"38201","municipality":"松山市","total_population":1381,"population_65plus":340,"population_75plus":186,"aging_rate_65plus":0.24619840695148443,"aging_rate_75plus":0.13468501086169443,"population_status":"0","population_status_target":null,"population_aggregation_target":null,"age_65plus_missing":false,"age_75plus_missing":false,"age_quality_flag":"ok","data_completeness":"complete"}},{"type":"Feature","geometry":{"type":"Polygon","coordinates":[[[132.7,33.8125],[132.70624999999998,33.8125],[132.70624999999998,33.81666666666667],[132.7,33.81666666666667],[132.7,33.8125]]]},"properties":{"type":"Feature","mesh_id":"503255762","municipality_code":"38201","municipality":"松山市","total_population":2181,"population_65plus":476,"population_75plus":297,"aging_rate_65plus":0.21824850985786337,"aging_rate_75plus":0.1361760660247593,"population_status":"0","population_status_target":null,"population_aggregation_target":null,"age_65plus_missing":false,"age_75plus_missing":false,"age_quality_flag":"ok","data_completeness":"complete"}},{"type":"Feature","geometry":{"type":"Polygon","coordinates":[[[132.70624999999998,33.80833333333333],[132.71249999999998,33.80833333333333],[132.71249999999998,33.8125],[132.70624999999998,33.8125],[132.70624999999998,33.80833333333333]]]},"properties":{"type":"Feature","mesh_id":"503255763","municipality_code":"38201","municipality":"松山市","total_population":1424,"population_65plus":465,"population_75plus":250,"aging_rate_65plus":0.3265449438202247,"aging_rate_75plus":0.175561797752809,"population_status":"0","population_status_target":null,"population_aggregation_target":null,"age_65plus_missing":false,"age_75plus_missing":false,"age_quality_flag":"ok","data_completeness":"complete"}},{"type":"Feature","geometry":{"type":"Polygon","coordinates":[[[132.70624999999998,33.8125],[132.71249999999998,33.8125],[132.71249999999998,33.81666666666667],[132.70624999999998,33.81666666666667],[132.70624999999998,33.8125]]]},"properties":{"type":"Feature","mesh_id":"503255764","municipality_code":"38201","municipality":"松山市","total_population":1633,"population_65plus":332,"population_75plus":157,"aging_rate_65plus":0.20330679730557258,"aging_rate_75plus":0.09614206981016533,"population_status":"0","population_status_target":null,"population_aggregation_target":null,"age_65plus_missing":false,"age_75plus_missing":false,"age_quality_flag":"ok","data_completeness":"complete"}},{"type":"Feature","geometry":{"type":"Polygon","coordinates":[[[132.7125,33.80833333333333],[132.71875,33.80833333333333],[132.71875,33.8125],[132.7125,33.8125],[132.7125,33.80833333333333]]]},"properties":{"type":"Feature","mesh_id":"503255771","municipality_code":"38201","municipality":"松山市","total_population":958,"population_65plus":169,"population_75plus":100,"aging_rate_65plus":0.17640918580375783,"aging_rate_75plus":0.10438413361169102,"population_status":"0","population_status_target":null,"population_aggregation_target":null,"age_65plus_missing":false,"age_75plus_missing":false,"age_quality_flag":"ok","data_completeness":"complete"}},{"type":"Feature","geometry":{"type":"Polygon","coordinates":[[[132.7125,33.8125],[132.71875,33.8125],[132.71875,33.81666666666667],[132.7125,33.81666666666667],[132.7125,33.8125]]]},"properties":{"type":"Feature","mesh_id":"503255772","municipality_code":"38201","municipality":"松山市","total_population":850,"population_65plus":301,"population_75plus":218,"aging_rate_65plus":0.35411764705882354,"aging_rate_75plus":0.2564705882352941,"population_status":"0","population_status_target":null,"population_aggregation_target":null,"age_65plus_missing":false,"age_75plus_missing":false,"age_quality_flag":"ok","data_completeness":"complete"}},{"type":"Feature","geometry":{"type":"Polygon","coordinates":[[[132.71875,33.80833333333333],[132.725,33.80833333333333],[132.725,33.8125],[132.71875,33.8125],[132.71875,33.80833333333333]]]},"properties":{"type":"Feature","mesh_id":"503255773","municipality_code":"38201","municipality":"松山市","total_population":732,"population_65plus":161,"population_75plus":83,"aging_rate_65plus":0.21994535519125682,"aging_rate_75plus":0.1133879781420765,"population_status":"0","population_status_target":null,"population_aggregation_target":null,"age_65plus_missing":false,"age_75plus_missing":false,"age_quality_flag":"ok","data_completeness":"complete"}},{"type":"Feature","geometry":{"type":"Polygon","coordinates":[[[132.71875,33.8125],[132.725,33.8125],[132.725,33.81666666666667],[132.71875,33.81666666666667],[132.71875,33.8125]]]},"properties":{"type":"Feature","mesh_id":"503255774","municipality_code":"38201","municipality":"松山市","total_population":1169,"population_65plus":306,"population_75plus":132,"aging_rate_65plus":0.2617621899059025,"aging_rate_75plus":0.11291702309666382,"population_status":"0","population_status_target":null,"population_aggregation_target":null,"age_65plus_missing":false,"age_75plus_missing":false,"age_quality_flag":"ok","data_completeness":"complete"}},{"type":"Feature","geometry":{"type":"Polygon","coordinates":[[[132.725,33.80833333333333],[132.73125,33.80833333333333],[132.73125,33.8125],[132.725,33.8125],[132.725,33.80833333333333]]]},"properties":{"type":"Feature","mesh_id":"503255781","municipality_code":"38201","municipality":"松山市","total_population":2130,"population_65plus":532,"population_75plus":257,"aging_rate_65plus":0.24976525821596243,"aging_rate_75plus":0.12065727699530517,"population_status":"0","population_status_target":null,"population_aggregation_target":null,"age_65plus_missing":false,"age_75plus_missing":false,"age_quality_flag":"ok","data_completeness":"complete"}},{"type":"Feature","geometry":{"type":"Polygon","coordinates":[[[132.725,33.8125],[132.73125,33.8125],[132.73125,33.81666666666667],[132.725,33.81666666666667],[132.725,33.8125]]]},"properties":{"type":"Feature","mesh_id":"503255782","municipality_code":"38201","municipality":"松山市","total_population":811,"population_65plus":228,"population_75plus":113,"aging_rate_65plus":0.281134401972873,"aging_rate_75plus":0.13933415536374846,"population_status":"0","population_status_target":null,"population_aggregation_target":null,"age_65plus_missing":false,"age_75plus_missing":false,"age_quality_flag":"ok","data_completeness":"complete"}},{"type":"Feature","geometry":{"type":"Polygon","coordinates":[[[132.73125,33.80833333333333],[132.73749999999998,33.80833333333333],[132.73749999999998,33.8125],[132.73125,33.8125],[132.73125,33.80833333333333]]]},"properties":{"type":"Feature","mesh_id":"503255783","municipality_code":"38201","municipality":"松山市","total_population":2237,"population_65plus":573,"population_75plus":280,"aging_rate_65plus":0.2561466249441216,"aging_rate_75plus":0.12516763522574878,"population_status":"0","population_status_target":null,"population_aggregation_target":null,"age_65plus_missing":false,"age_75plus_missing":false,"age_quality_flag":"ok","data_completeness":"complete"}},{"type":"Feature","geometry":{"type":"Polygon","coordinates":[[[132.73125,33.8125],[132.73749999999998,33.8125],[132.73749999999998,33.81666666666667],[132.73125,33.81666666666667],[132.73125,33.8125]]]},"properties":{"type":"Feature","mesh_id":"503255784","municipality_code":"38201","municipality":"松山市","total_population":2110,"population_65plus":614,"population_75plus":318,"aging_rate_65plus":0.2909952606635071,"aging_rate_75plus":0.15071090047393365,"population_status":"0","population_status_target":null,"population_aggregation_target":null,"age_65plus_missing":false,"age_75plus_missing":false,"age_quality_flag":"ok","data_completeness":"complete"}},{"type":"Feature","geometry":{"type":"Polygon","coordinates":[[[132.7375,33.80833333333333],[132.74375,33.80833333333333],[132.74375,33.8125],[132.7375,33.8125],[132.7375,33.80833333333333]]]},"properties":{"type":"Feature","mesh_id":"503255791","municipality_code":"38201","municipality":"松山市","total_population":406,"population_65plus":145,"population_75plus":83,"aging_rate_65plus":0.35714285714285715,"aging_rate_75plus":0.2044334975369458,"population_status":"0","population_status_target":null,"population_aggregation_target":null,"age_65plus_missing":false,"age_75plus_missing":false,"age_quality_flag":"ok","data_completeness":"complete"}},{"type":"Feature","geometry":{"type":"Polygon","coordinates":[[[132.7375,33.8125],[132.74375,33.8125],[132.74375,33.81666666666667],[132.7375,33.81666666666667],[132.7375,33.8125]]]},"properties":{"type":"Feature","mesh_id":"503255792","municipality_code":"38201","municipality":"松山市","total_population":245,"population_65plus":41,"population_75plus":17,"aging_rate_65plus":0.1673469387755102,"aging_rate_75plus":0.06938775510204082,"population_status":"0","population_status_target":null,"population_aggregation_target":null,"age_65plus_missing":false,"age_75plus_missing":false,"age_quality_flag":"ok","data_completeness":"complete"}},{"type":"Feature","geometry":{"type":"Polygon","coordinates":[[[132.74375,33.80833333333333],[132.75,33.80833333333333],[132.75,33.8125],[132.74375,33.8125],[132.74375,33.80833333333333]]]},"properties":{"type":"Feature","mesh_id":"503255793","municipality_code":"38201","municipality":"松山市","total_population":1283,"population_65plus":311,"population_75plus":137,"aging_rate_65plus":0.24240062353858144,"aging_rate_75plus":0.10678098207326578,"population_status":"0","population_status_target":null,"population_aggregation_target":null,"age_65plus_missing":false,"age_75plus_missing":false,"age_quality_flag":"ok","data_completeness":"complete"}},{"type":"Feature","geometry":{"type":"Polygon","coordinates":[[[132.74375,33.8125],[132.75,33.8125],[132.75,33.81666666666667],[132.74375,33.81666666666667],[132.74375,33.8125]]]},"properties":{"type":"Feature","mesh_id":"503255794","municipality_code":"38201","municipality":"松山市","total_population":1193,"population_65plus":341,"population_75plus":198,"aging_rate_65plus":0.28583403185247275,"aging_rate_75plus":0.16596814752724226,"population_status":"0","population_status_target":null,"population_aggregation_target":null,"age_65plus_missing":false,"age_75plus_missing":false,"age_quality_flag":"ok","data_completeness":"complete"}},{"type":"Feature","geometry":{"type":"Polygon","coordinates":[[[132.7,33.81666666666667],[132.70624999999998,33.81666666666667],[132.70624999999998,33.82083333333334],[132.7,33.82083333333334],[132.7,33.81666666666667]]]},"properties":{"type":"Feature","mesh_id":"503255861","municipality_code":"38201","municipality":"松山市","total_population":586,"population_65plus":137,"population_75plus":73,"aging_rate_65plus":0.23378839590443687,"aging_rate_75plus":0.12457337883959044,"population_status":"0","population_status_target":null,"population_aggregation_target":null,"age_65plus_missing":false,"age_75plus_missing":false,"age_quality_flag":"ok","data_completeness":"complete"}},{"type":"Feature","geometry":{"type":"Polygon","coordinates":[[[132.7,33.82083333333334],[132.70624999999998,33.82083333333334],[132.70624999999998,33.82500000000001],[132.7,33.82500000000001],[132.7,33.82083333333334]]]},"properties":{"type":"Feature","mesh_id":"503255862","municipality_code":"38201","municipality":"松山市","total_population":282,"population_65plus":62,"population_75plus":25,"aging_rate_65plus":0.2198581560283688,"aging_rate_75plus":0.08865248226950355,"population_status":"0","population_status_target":null,"population_aggregation_target":null,"age_65plus_missing":false,"age_75plus_missing":false,"age_quality_flag":"ok","data_completeness":"complete"}},{"type":"Feature","geometry":{"type":"Polygon","coordinates":[[[132.70624999999998,33.82083333333334],[132.71249999999998,33.82083333333334],[132.71249999999998,33.82500000000001],[132.70624999999998,33.82500000000001],[132.70624999999998,33.82083333333334]]]},"properties":{"type":"Feature","mesh_id":"503255864","municipality_code":"38201","municipality":"松山市","total_population":602,"population_65plus":167,"population_75plus":70,"aging_rate_65plus":0.27740863787375414,"aging_rate_75plus":0.11627906976744186,"population_status":"0","population_status_target":null,"population_aggregation_target":null,"age_65plus_missing":false,"age_75plus_missing":false,"age_quality_flag":"ok","data_completeness":"complete"}},{"type":"Feature","geometry":{"type":"Polygon","coordinates":[[[132.7125,33.81666666666667],[132.71875,33.81666666666667],[132.71875,33.82083333333334],[132.7125,33.82083333333334],[132.7125,33.81666666666667]]]},"properties":{"type":"Feature","mesh_id":"503255871","municipality_code":"38201","municipality":"松山市","total_population":542,"population_65plus":116,"population_75plus":61,"aging_rate_65plus":0.2140221402214022,"aging_rate_75plus":0.11254612546125461,"population_status":"0","population_status_target":null,"population_aggregation_target":null,"age_65plus_missing":false,"age_75plus_missing":false,"age_quality_flag":"ok","data_completeness":"complete"}},{"type":"Feature","geometry":{"type":"Polygon","coordinates":[[[132.7125,33.82083333333334],[132.71875,33.82083333333334],[132.71875,33.82500000000001],[132.7125,33.82500000000001],[132.7125,33.82083333333334]]]},"properties":{"type":"Feature","mesh_id":"503255872","municipality_code":"38201","municipality":"松山市","total_population":750,"population_65plus":204,"population_75plus":108,"aging_rate_65plus":0.272,"aging_rate_75plus":0.144,"population_status":"0","population_status_target":null,"population_aggregation_target":null,"age_65plus_missing":false,"age_75plus_missing":false,"age_quality_flag":"ok","data_completeness":"complete"}},{"type":"Feature","geometry":{"type":"Polygon","coordinates":[[[132.71875,33.81666666666667],[132.725,33.81666666666667],[132.725,33.82083333333334],[132.71875,33.82083333333334],[132.71875,33.81666666666667]]]},"properties":{"type":"Feature","mesh_id":"503255873","municipality_code":"38201","municipality":"松山市","total_population":1329,"population_65plus":193,"population_75plus":76,"aging_rate_65plus":0.145221971407073,"aging_rate_75plus":0.05718585402558315,"population_status":"0","population_status_target":null,"population_aggregation_target":null,"age_65plus_missing":false,"age_75plus_missing":false,"age_quality_flag":"ok","data_completeness":"complete"}},{"type":"Feature","geometry":{"type":"Polygon","coordinates":[[[132.71875,33.82083333333334],[132.725,33.82083333333334],[132.725,33.82500000000001],[132.71875,33.82500000000001],[132.71875,33.82083333333334]]]},"properties":{"type":"Feature","mesh_id":"503255874","municipality_code":"38201","municipality":"松山市","total_population":2137,"population_65plus":663,"population_75plus":316,"aging_rate_65plus":0.31024801123069723,"aging_rate_75plus":0.14787084698175013,"population_status":"0","population_status_target":null,"population_aggregation_target":null,"age_65plus_missing":false,"age_75plus_missing":false,"age_quality_flag":"ok","data_completeness":"complete"}},{"type":"Feature","geometry":{"type":"Polygon","coordinates":[[[132.725,33.81666666666667],[132.73125,33.81666666666667],[132.73125,33.82083333333334],[132.725,33.82083333333334],[132.725,33.81666666666667]]]},"properties":{"type":"Feature","mesh_id":"503255881","municipality_code":"38201","municipality":"松山市","total_population":738,"population_65plus":251,"population_75plus":140,"aging_rate_65plus":0.34010840108401086,"aging_rate_75plus":0.1897018970189702,"population_status":"0","population_status_target":null,"population_aggregation_target":null,"age_65plus_missing":false,"age_75plus_missing":false,"age_quality_flag":"ok","data_completeness":"complete"}},{"type":"Feature","geometry":{"type":"Polygon","coordinates":[[[132.725,33.82083333333334],[132.73125,33.82083333333334],[132.73125,33.82500000000001],[132.725,33.82500000000001],[132.725,33.82083333333334]]]},"properties":{"type":"Feature","mesh_id":"503255882","municipality_code":"38201","municipality":"松山市","total_population":1488,"population_65plus":329,"population_75plus":161,"aging_rate_65plus":0.2211021505376344,"aging_rate_75plus":0.1081989247311828,"population_status":"0","population_status_target":null,"population_aggregation_target":null,"age_65plus_missing":false,"age_75plus_missing":false,"age_quality_flag":"ok","data_completeness":"complete"}},{"type":"Feature","geometry":{"type":"Polygon","coordinates":[[[132.73125,33.81666666666667],[132.73749999999998,33.81666666666667],[132.73749999999998,33.82083333333334],[132.73125,33.82083333333334],[132.73125,33.81666666666667]]]},"properties":{"type":"Feature","mesh_id":"503255883","municipality_code":"38201","municipality":"松山市","total_population":1364,"population_65plus":315,"population_75plus":131,"aging_rate_65plus":0.23093841642228738,"aging_rate_75plus":0.09604105571847507,"population_status":"0","population_status_target":null,"population_aggregation_target":null,"age_65plus_missing":false,"age_75plus_missing":false,"age_quality_flag":"ok","data_completeness":"complete"}},{"type":"Feature","geometry":{"type":"Polygon","coordinates":[[[132.73125,33.82083333333334],[132.73749999999998,33.82083333333334],[132.73749999999998,33.82500000000001],[132.73125,33.82500000000001],[132.73125,33.82083333333334]]]},"properties":{"type":"Feature","mesh_id":"503255884","municipality_code":"38201","municipality":"松山市","total_population":1692,"population_65plus":367,"population_75plus":165,"aging_rate_65plus":0.21690307328605202,"aging_rate_75plus":0.0975177304964539,"population_status":"0","population_status_target":null,"population_aggregation_target":null,"age_65plus_missing":false,"age_75plus_missing":false,"age_quality_flag":"ok","data_completeness":"complete"}},{"type":"Feature","geometry":{"type":"Polygon","coordinates":[[[132.7375,33.81666666666667],[132.74375,33.81666666666667],[132.74375,33.82083333333334],[132.7375,33.82083333333334],[132.7375,33.81666666666667]]]},"properties":{"type":"Feature","mesh_id":"503255891","municipality_code":"38201","municipality":"松山市","total_population":2617,"population_65plus":670,"population_75plus":316,"aging_rate_65plus":0.25601834161253345,"aging_rate_75plus":0.12074894917844861,"population_status":"0","population_status_target":null,"population_aggregation_target":null,"age_65plus_missing":false,"age_75plus_missing":false,"age_quality_flag":"ok","data_completeness":"complete"}},{"type":"Feature","geometry":{"type":"Polygon","coordinates":[[[132.7375,33.82083333333334],[132.74375,33.82083333333334],[132.74375,33.82500000000001],[132.7375,33.82500000000001],[132.7375,33.82083333333334]]]},"properties":{"type":"Feature","mesh_id":"503255892","municipality_code":"38201","municipality":"松山市","total_population":2531,"population_65plus":515,"population_75plus":242,"aging_rate_65plus":0.20347688660608454,"aging_rate_75plus":0.09561438166732517,"population_status":"0","population_status_target":null,"population_aggregation_target":null,"age_65plus_missing":false,"age_75plus_missing":false,"age_quality_flag":"ok","data_completeness":"complete"}},{"type":"Feature","geometry":{"type":"Polygon","coordinates":[[[132.74375,33.81666666666667],[132.75,33.81666666666667],[132.75,33.82083333333334],[132.74375,33.82083333333334],[132.74375,33.81666666666667]]]},"properties":{"type":"Feature","mesh_id":"503255893","municipality_code":"38201","municipality":"松山市","total_population":3185,"population_65plus":712,"population_75plus":307,"aging_rate_65plus":0.22354788069073783,"aging_rate_75plus":0.09638932496075353,"population_status":"0","population_status_target":null,"population_aggregation_target":null,"age_65plus_missing":false,"age_75plus_missing":false,"age_quality_flag":"ok","data_completeness":"complete"}},{"type":"Feature","geometry":{"type":"Polygon","coordinates":[[[132.74375,33.82083333333334],[132.75,33.82083333333334],[132.75,33.82500000000001],[132.74375,33.82500000000001],[132.74375,33.82083333333334]]]},"properties":{"type":"Feature","mesh_id":"503255894","municipality_code":"38201","municipality":"松山市","total_population":2496,"population_65plus":597,"population_75plus":307,"aging_rate_65plus":0.23918269230769232,"aging_rate_75plus":0.12299679487179487,"population_status":"0","population_status_target":null,"population_aggregation_target":null,"age_65plus_missing":false,"age_75plus_missing":false,"age_quality_flag":"ok","data_completeness":"complete"}},{"type":"Feature","geometry":{"type":"Polygon","coordinates":[[[132.7,33.825],[132.70624999999998,33.825],[132.70624999999998,33.82916666666667],[132.7,33.82916666666667],[132.7,33.825]]]},"properties":{"type":"Feature","mesh_id":"503255961","municipality_code":"38201","municipality":"松山市","total_population":55,"population_65plus":17,"population_75plus":10,"aging_rate_65plus":0.3090909090909091,"aging_rate_75plus":0.18181818181818182,"population_status":"0","population_status_target":null,"population_aggregation_target":null,"age_65plus_missing":false,"age_75plus_missing":false,"age_quality_flag":"ok","data_completeness":"complete"}},{"type":"Feature","geometry":{"type":"Polygon","coordinates":[[[132.7,33.82916666666667],[132.70624999999998,33.82916666666667],[132.70624999999998,33.83333333333334],[132.7,33.83333333333334],[132.7,33.82916666666667]]]},"properties":{"type":"Feature","mesh_id":"503255962","municipality_code":"38201","municipality":"松山市","total_population":1308,"population_65plus":414,"population_75plus":226,"aging_rate_65plus":0.3165137614678899,"aging_rate_75plus":0.172782874617737,"population_status":"0","population_status_target":null,"population_aggregation_target":null,"age_65plus_missing":false,"age_75plus_missing":false,"age_quality_flag":"ok","data_completeness":"complete"}},{"type":"Feature","geometry":{"type":"Polygon","coordinates":[[[132.70624999999998,33.82916666666667],[132.71249999999998,33.82916666666667],[132.71249999999998,33.83333333333334],[132.70624999999998,33.83333333333334],[132.70624999999998,33.82916666666667]]]},"properties":{"type":"Feature","mesh_id":"503255964","municipality_code":"38201","municipality":"松山市","total_population":1042,"population_65plus":320,"population_75plus":167,"aging_rate_65plus":0.30710172744721687,"aging_rate_75plus":0.16026871401151632,"population_status":"0","population_status_target":null,"population_aggregation_target":null,"age_65plus_missing":false,"age_75plus_missing":false,"age_quality_flag":"ok","data_completeness":"complete"}},{"type":"Feature","geometry":{"type":"Polygon","coordinates":[[[132.7125,33.825],[132.71875,33.825],[132.71875,33.82916666666667],[132.7125,33.82916666666667],[132.7125,33.825]]]},"properties":{"type":"Feature","mesh_id":"503255971","municipality_code":"38201","municipality":"松山市","total_population":1280,"population_65plus":218,"population_75plus":113,"aging_rate_65plus":0.1703125,"aging_rate_75plus":0.08828125,"population_status":"0","population_status_target":null,"population_aggregation_target":null,"age_65plus_missing":false,"age_75plus_missing":false,"age_quality_flag":"ok","data_completeness":"complete"}},{"type":"Feature","geometry":{"type":"Polygon","coordinates":[[[132.7125,33.82916666666667],[132.71875,33.82916666666667],[132.71875,33.83333333333334],[132.7125,33.83333333333334],[132.7125,33.82916666666667]]]},"properties":{"type":"Feature","mesh_id":"503255972","municipality_code":"38201","municipality":"松山市","total_population":1577,"population_65plus":244,"population_75plus":83,"aging_rate_65plus":0.15472415979708307,"aging_rate_75plus":0.05263157894736842,"population_status":"0","population_status_target":null,"population_aggregation_target":null,"age_65plus_missing":false,"age_75plus_missing":false,"age_quality_flag":"ok","data_completeness":"complete"}},{"type":"Feature","geometry":{"type":"Polygon","coordinates":[[[132.71875,33.825],[132.725,33.825],[132.725,33.82916666666667],[132.71875,33.82916666666667],[132.71875,33.825]]]},"properties":{"type":"Feature","mesh_id":"503255973","municipality_code":"38201","municipality":"松山市","total_population":2099,"population_65plus":596,"population_75plus":338,"aging_rate_65plus":0.2839447355883754,"aging_rate_75plus":0.16102906145783707,"population_status":"0","population_status_target":null,"population_aggregation_target":null,"age_65plus_missing":false,"age_75plus_missing":false,"age_quality_flag":"ok","data_completeness":"complete"}},{"type":"Feature","geometry":{"type":"Polygon","coordinates":[[[132.71875,33.82916666666667],[132.725,33.82916666666667],[132.725,33.83333333333334],[132.71875,33.83333333333334],[132.71875,33.82916666666667]]]},"properties":{"type":"Feature","mesh_id":"503255974","municipality_code":"38201","municipality":"松山市","total_population":1724,"population_65plus":398,"population_75plus":237,"aging_rate_65plus":0.2308584686774942,"aging_rate_75plus":0.13747099767981438,"population_status":"0","population_status_target":null,"population_aggregation_target":null,"age_65plus_missing":false,"age_75plus_missing":false,"age_quality_flag":"ok","data_completeness":"complete"}},{"type":"Feature","geometry":{"type":"Polygon","coordinates":[[[132.725,33.825],[132.73125,33.825],[132.73125,33.82916666666667],[132.725,33.82916666666667],[132.725,33.825]]]},"properties":{"type":"Feature","mesh_id":"503255981","municipality_code":"38201","municipality":"松山市","total_population":1566,"population_65plus":343,"population_75plus":117,"aging_rate_65plus":0.219029374201788,"aging_rate_75plus":0.07471264367816093,"population_status":"0","population_status_target":null,"population_aggregation_target":null,"age_65plus_missing":false,"age_75plus_missing":false,"age_quality_flag":"ok","data_completeness":"complete"}},{"type":"Feature","geometry":{"type":"Polygon","coordinates":[[[132.725,33.82916666666667],[132.73125,33.82916666666667],[132.73125,33.83333333333334],[132.725,33.83333333333334],[132.725,33.82916666666667]]]},"properties":{"type":"Feature","mesh_id":"503255982","municipality_code":"38201","municipality":"松山市","total_population":902,"population_65plus":268,"population_75plus":145,"aging_rate_65plus":0.29711751662971175,"aging_rate_75plus":0.1607538802660754,"population_status":"0","population_status_target":null,"population_aggregation_target":null,"age_65plus_missing":false,"age_75plus_missing":false,"age_quality_flag":"ok","data_completeness":"complete"}},{"type":"Feature","geometry":{"type":"Polygon","coordinates":[[[132.73125,33.825],[132.73749999999998,33.825],[132.73749999999998,33.82916666666667],[132.73125,33.82916666666667],[132.73125,33.825]]]},"properties":{"type":"Feature","mesh_id":"503255983","municipality_code":"38201","municipality":"松山市","total_population":1989,"population_65plus":319,"population_75plus":167,"aging_rate_65plus":0.16038210155857216,"aging_rate_75plus":0.08396178984414278,"population_status":"0","population_status_target":null,"population_aggregation_target":null,"age_65plus_missing":false,"age_75plus_missing":false,"age_quality_flag":"ok","data_completeness":"complete"}},{"type":"Feature","geometry":{"type":"Polygon","coordinates":[[[132.73125,33.82916666666667],[132.73749999999998,33.82916666666667],[132.73749999999998,33.83333333333334],[132.73125,33.83333333333334],[132.73125,33.82916666666667]]]},"properties":{"type":"Feature","mesh_id":"503255984","municipality_code":"38201","municipality":"松山市","total_population":1783,"population_65plus":419,"population_75plus":182,"aging_rate_65plus":0.23499719573752104,"aging_rate_75plus":0.10207515423443635,"population_status":"0","population_status_target":null,"population_aggregation_target":null,"age_65plus_missing":false,"age_75plus_missing":false,"age_quality_flag":"ok","data_completeness":"complete"}},{"type":"Feature","geometry":{"type":"Polygon","coordinates":[[[132.7375,33.825],[132.74375,33.825],[132.74375,33.82916666666667],[132.7375,33.82916666666667],[132.7375,33.825]]]},"properties":{"type":"Feature","mesh_id":"503255991","municipality_code":"38201","municipality":"松山市","total_population":2070,"population_65plus":436,"population_75plus":193,"aging_rate_65plus":0.2106280193236715,"aging_rate_75plus":0.09323671497584542,"population_status":"0","population_status_target":null,"population_aggregation_target":null,"age_65plus_missing":false,"age_75plus_missing":false,"age_quality_flag":"ok","data_completeness":"complete"}},{"type":"Feature","geometry":{"type":"Polygon","coordinates":[[[132.7375,33.82916666666667],[132.74375,33.82916666666667],[132.74375,33.83333333333334],[132.7375,33.83333333333334],[132.7375,33.82916666666667]]]},"properties":{"type":"Feature","mesh_id":"503255992","municipality_code":"38201","municipality":"松山市","total_population":2454,"population_65plus":456,"population_75plus":166,"aging_rate_65plus":0.18581907090464547,"aging_rate_75plus":0.06764466177669112,"population_status":"0","population_status_target":null,"population_aggregation_target":null,"age_65plus_missing":false,"age_75plus_missing":false,"age_quality_flag":"ok","data_completeness":"complete"}},{"type":"Feature","geometry":{"type":"Polygon","coordinates":[[[132.74375,33.825],[132.75,33.825],[132.75,33.82916666666667],[132.74375,33.82916666666667],[132.74375,33.825]]]},"properties":{"type":"Feature","mesh_id":"503255993","municipality_code":"38201","municipality":"松山市","total_population":2455,"population_65plus":505,"population_75plus":265,"aging_rate_65plus":0.20570264765784113,"aging_rate_75plus":0.1079429735234216,"population_status":"0","population_status_target":null,"population_aggregation_target":null,"age_65plus_missing":false,"age_75plus_missing":false,"age_quality_flag":"ok","data_completeness":"complete"}},{"type":"Feature","geometry":{"type":"Polygon","coordinates":[[[132.74375,33.82916666666667],[132.75,33.82916666666667],[132.75,33.83333333333334],[132.74375,33.83333333333334],[132.74375,33.82916666666667]]]},"properties":{"type":"Feature","mesh_id":"503255994","municipality_code":"38201","municipality":"松山市","total_population":2643,"population_65plus":562,"population_75plus":229,"aging_rate_65plus":0.21263715474839198,"aging_rate_75plus":0.08664396519107076,"population_status":"0","population_status_target":null,"population_aggregation_target":null,"age_65plus_missing":false,"age_75plus_missing":false,"age_quality_flag":"ok","data_completeness":"complete"}},{"type":"Feature","geometry":{"type":"Polygon","coordinates":[[[132.8125,33.75],[132.81875,33.75],[132.81875,33.75416666666667],[132.8125,33.75416666666667],[132.8125,33.75]]]},"properties":{"type":"Feature","mesh_id":"503256051","municipality_code":"38201","municipality":"松山市","total_population":20,"population_65plus":6,"population_75plus":1,"aging_rate_65plus":0.3,"aging_rate_75plus":0.05,"population_status":"0","population_status_target":null,"population_aggregation_target":null,"age_65plus_missing":false,"age_75plus_missing":false,"age_quality_flag":"ok","data_completeness":"complete"}},{"type":"Feature","geometry":{"type":"Polygon","coordinates":[[[132.8125,33.75416666666667],[132.81875,33.75416666666667],[132.81875,33.75833333333334],[132.8125,33.75833333333334],[132.8125,33.75416666666667]]]},"properties":{"type":"Feature","mesh_id":"503256052","municipality_code":"38201","municipality":"松山市","total_population":244,"population_65plus":77,"population_75plus":37,"aging_rate_65plus":0.3155737704918033,"aging_rate_75plus":0.15163934426229508,"population_status":"0","population_status_target":null,"population_aggregation_target":null,"age_65plus_missing":false,"age_75plus_missing":false,"age_quality_flag":"ok","data_completeness":"complete"}},{"type":"Feature","geometry":{"type":"Polygon","coordinates":[[[132.81875,33.75],[132.825,33.75],[132.825,33.75416666666667],[132.81875,33.75416666666667],[132.81875,33.75]]]},"properties":{"type":"Feature","mesh_id":"503256053","municipality_code":"38201","municipality":"松山市","total_population":220,"population_65plus":82,"population_75plus":47,"aging_rate_65plus":0.37272727272727274,"aging_rate_75plus":0.21363636363636362,"population_status":"0","population_status_target":null,"population_aggregation_target":null,"age_65plus_missing":false,"age_75plus_missing":false,"age_quality_flag":"ok","data_completeness":"complete"}},{"type":"Feature","geometry":{"type":"Polygon","coordinates":[[[132.81875,33.75416666666667],[132.825,33.75416666666667],[132.825,33.75833333333334],[132.81875,33.75833333333334],[132.81875,33.75416666666667]]]},"properties":{"type":"Feature","mesh_id":"503256054","municipality_code":"38201","municipality":"松山市","total_population":56,"population_65plus":18,"population_75plus":8,"aging_rate_65plus":0.32142857142857145,"aging_rate_75plus":0.14285714285714285,"population_status":"0","population_status_target":null,"population_aggregation_target":null,"age_65plus_missing":false,"age_75plus_missing":false,"age_quality_flag":"ok","data_completeness":"complete"}},{"type":"Feature","geometry":{"type":"Polygon","coordinates":[[[132.825,33.75],[132.83124999999998,33.75],[132.83124999999998,33.75416666666667],[132.825,33.75416666666667],[132.825,33.75]]]},"properties":{"type":"Feature","mesh_id":"503256061","municipality_code":"38201","municipality":"松山市","total_population":53,"population_65plus":5,"population_75plus":3,"aging_rate_65plus":0.09433962264150944,"aging_rate_75plus":0.05660377358490566,"population_status":"0","population_status_target":null,"population_aggregation_target":null,"age_65plus_missing":false,"age_75plus_missing":false,"age_quality_flag":"ok","data_completeness":"complete"}},{"type":"Feature","geometry":{"type":"Polygon","coordinates":[[[132.79375,33.7625],[132.79999999999998,33.7625],[132.79999999999998,33.76666666666667],[132.79375,33.76666666666667],[132.79375,33.7625]]]},"properties":{"type":"Feature","mesh_id":"503256134","municipality_code":"38201","municipality":"松山市","total_population":7,"population_65plus":7,"population_75plus":4,"aging_rate_65plus":1.0,"aging_rate_75plus":0.5714285714285714,"population_status":"1","population_status_target":null,"population_aggregation_target":"503256132","age_65plus_missing":false,"age_75plus_missing":false,"age_quality_flag":"ok","data_completeness":"complete"}},{"type":"Feature","geometry":{"type":"Polygon","coordinates":[[[132.8,33.75833333333333],[132.80625,33.75833333333333],[132.80625,33.7625],[132.8,33.7625],[132.8,33.75833333333333]]]},"properties":{"type":"Feature","mesh_id":"503256141","municipality_code":"38201","municipality":"松山市","total_population":4,"population_65plus":null,"population_75plus":null,"aging_rate_65plus":null,"aging_rate_75plus":null,"population_status":"2","population_status_target":"503256143","population_aggregation_target":null,"age_65plus_missing":true,"age_75plus_missing":true,"age_quality_flag":"ok","data_completeness":"partial"}},{"type":"Feature","geometry":{"type":"Polygon","coordinates":[[[132.8,33.7625],[132.80625,33.7625],[132.80625,33.76666666666667],[132.8,33.76666666666667],[132.8,33.7625]]]},"properties":{"type":"Feature","mesh_id":"503256142","municipality_code":"38201","municipality":"松山市","total_population":18,"population_65plus":8,"population_75plus":4,"aging_rate_65plus":0.4444444444444444,"aging_rate_75plus":0.2222222222222222,"population_status":"0","population_status_target":null,"population_aggregation_target":null,"age_65plus_missing":false,"age_75plus_missing":false,"age_quality_flag":"ok","data_completeness":"complete"}},{"type":"Feature","geometry":{"type":"Polygon","coordinates":[[[132.80625,33.75833333333333],[132.8125,33.75833333333333],[132.8125,33.7625],[132.80625,33.7625],[132.80625,33.75833333333333]]]},"properties":{"type":"Feature","mesh_id":"503256143","municipality_code":"38201","municipality":"松山市","total_population":144,"population_65plus":70,"population_75plus":44,"aging_rate_65plus":0.4861111111111111,"aging_rate_75plus":0.3055555555555556,"population_status":"1","population_status_target":null,"population_aggregation_target":"503256141","age_65plus_missing":false,"age_75plus_missing":false,"age_quality_flag":"ok","data_completeness":"complete"}},{"type":"Feature","geometry":{"type":"Polygon","coordinates":[[[132.80625,33.7625],[132.8125,33.7625],[132.8125,33.76666666666667],[132.80625,33.76666666666667],[132.80625,33.7625]]]},"properties":{"type":"Feature","mesh_id":"503256144","municipality_code":"38201","municipality":"松山市","total_population":283,"population_65plus":102,"population_75plus":54,"aging_rate_65plus":0.36042402826855124,"aging_rate_75plus":0.19081272084805653,"population_status":"0","population_status_target":null,"population_aggregation_target":null,"age_65plus_missing":false,"age_75plus_missing":false,"age_quality_flag":"ok","data_completeness":"complete"}},{"type":"Feature","geometry":{"type":"Polygon","coordinates":[[[132.8125,33.75833333333333],[132.81875,33.75833333333333],[132.81875,33.7625],[132.8125,33.7625],[132.8125,33.75833333333333]]]},"properties":{"type":"Feature","mesh_id":"503256151","municipality_code":"38201","municipality":"松山市","total_population":187,"population_65plus":59,"population_75plus":28,"aging_rate_65plus":0.3155080213903743,"aging_rate_75plus":0.1497326203208556,"population_status":"0","population_status_target":null,"population_aggregation_target":null,"age_65plus_missing":false,"age_75plus_missing":false,"age_quality_flag":"ok","data_completeness":"complete"}},{"type":"Feature","geometry":{"type":"Polygon","coordinates":[[[132.8125,33.7625],[132.81875,33.7625],[132.81875,33.76666666666667],[132.8125,33.76666666666667],[132.8125,33.7625]]]},"properties":{"type":"Feature","mesh_id":"503256152","municipality_code":"38201","municipality":"松山市","total_population":84,"population_65plus":38,"population_75plus":15,"aging_rate_65plus":0.4523809523809524,"aging_rate_75plus":0.17857142857142858,"population_status":"0","population_status_target":null,"population_aggregation_target":null,"age_65plus_missing":false,"age_75plus_missing":false,"age_quality_flag":"ok","data_completeness":"complete"}},{"type":"Feature","geometry":{"type":"Polygon","coordinates":[[[132.81875,33.75833333333333],[132.825,33.75833333333333],[132.825,33.7625],[132.81875,33.7625],[132.81875,33.75833333333333]]]},"properties":{"type":"Feature","mesh_id":"503256153","municipality_code":"38201","municipality":"松山市","total_population":150,"population_65plus":51,"population_75plus":17,"aging_rate_65plus":0.34,"aging_rate_75plus":0.11333333333333333,"population_status":"0","population_status_target":null,"population_aggregation_target":null,"age_65plus_missing":false,"age_75plus_missing":false,"age_quality_flag":"ok","data_completeness":"complete"}},{"type":"Feature","geometry":{"type":"Polygon","coordinates":[[[132.81875,33.7625],[132.825,33.7625],[132.825,33.76666666666667],[132.81875,33.76666666666667],[132.81875,33.7625]]]},"properties":{"type":"Feature","mesh_id":"503256154","municipality_code":"38201","municipality":"松山市","total_population":303,"population_65plus":124,"population_75plus":47,"aging_rate_65plus":0.40924092409240925,"aging_rate_75plus":0.1551155115511551,"population_status":"0","population_status_target":null,"population_aggregation_target":null,"age_65plus_missing":false,"age_75plus_missing":false,"age_quality_flag":"ok","data_completeness":"complete"}},{"type":"Feature","geometry":{"type":"Polygon","coordinates":[[[132.83124999999998,33.75833333333333],[132.83749999999998,33.75833333333333],[132.83749999999998,33.7625],[132.83124999999998,33.7625],[132.83124999999998,33.75833333333333]]]},"properties":{"type":"Feature","mesh_id":"503256163","municipality_code":"38201","municipality":"松山市","total_population":11,"population_65plus":null,"population_75plus":null,"aging_rate_65plus":null,"aging_rate_75plus":null,"population_status":"2","population_status_target":"503256261","population_aggregation_target":null,"age_65plus_missing":true,"age_75plus_missing":true,"age_quality_flag":"ok","data_completeness":"partial"}},{"type":"Feature","geometry":{"type":"Polygon","coordinates":[[[132.79375,33.766666666666666],[132.79999999999998,33.766666666666666],[132.79999999999998,33.770833333333336],[132.79375,33.770833333333336],[132.79375,33.766666666666666]]]},"properties":{"type":"Feature","mesh_id":"503256233","municipality_code":"38201","municipality":"松山市","total_population":529,"population_65plus":196,"population_75plus":87,"aging_rate_65plus":0.3705103969754253,"aging_rate_75plus":0.16446124763705103,"population_status":"0","population_status_target":null,"population_aggregation_target":null,"age_65plus_missing":false,"age_75plus_missing":false,"age_quality_flag":"ok","data_completeness":"complete"}},{"type":"Feature","geometry":{"type":"Polygon","coordinates":[[[132.79375,33.770833333333336],[132.79999999999998,33.770833333333336],[132.79999999999998,33.775000000000006],[132.79375,33.775000000000006],[132.79375,33.770833333333336]]]},"properties":{"type":"Feature","mesh_id":"503256234","municipality_code":"38201","municipality":"松山市","total_population":1243,"population_65plus":455,"population_75plus":215,"aging_rate_65plus":0.3660498793242156,"aging_rate_75plus":0.17296862429605792,"population_status":"0","population_status_target":null,"population_aggregation_target":null,"age_65plus_missing":false,"age_75plus_missing":false,"age_quality_flag":"ok","data_completeness":"complete"}},{"type":"Feature","geometry":{"type":"Polygon","coordinates":[[[132.8,33.766666666666666],[132.80625,33.766666666666666],[132.80625,33.770833333333336],[132.8,33.770833333333336],[132.8,33.766666666666666]]]},"properties":{"type":"Feature","mesh_id":"503256241","municipality_code":"38201","municipality":"松山市","total_population":180,"population_65plus":64,"population_75plus":24,"aging_rate_65plus":0.35555555555555557,"aging_rate_75plus":0.13333333333333333,"population_status":"0","population_status_target":null,"population_aggregation_target":null,"age_65plus_missing":false,"age_75plus_missing":false,"age_quality_flag":"ok","data_completeness":"complete"}},{"type":"Feature","geometry":{"type":"Polygon","coordinates":[[[132.8,33.770833333333336],[132.80625,33.770833333333336],[132.80625,33.775000000000006],[132.8,33.775000000000006],[132.8,33.770833333333336]]]},"properties":{"type":"Feature","mesh_id":"503256242","municipality_code":"38201","municipality":"松山市","total_population":223,"population_65plus":91,"population_75plus":49,"aging_rate_65plus":0.4080717488789238,"aging_rate_75plus":0.21973094170403587,"population_status":"0","population_status_target":null,"population_aggregation_target":null,"age_65plus_missing":false,"age_75plus_missing":false,"age_quality_flag":"ok","data_completeness":"complete"}},{"type":"Feature","geometry":{"type":"Polygon","coordinates":[[[132.80625,33.766666666666666],[132.8125,33.766666666666666],[132.8125,33.770833333333336],[132.80625,33.770833333333336],[132.80625,33.766666666666666]]]},"properties":{"type":"Feature","mesh_id":"503256243","municipality_code":"38201","municipality":"松山市","total_population":388,"population_65plus":128,"population_75plus":59,"aging_rate_65plus":0.32989690721649484,"aging_rate_75plus":0.15206185567010308,"population_status":"0","population_status_target":null,"population_aggregation_target":null,"age_65plus_missing":false,"age_75plus_missing":false,"age_quality_flag":"ok","data_completeness":"complete"}},{"type":"Feature","geometry":{"type":"Polygon","coordinates":[[[132.80625,33.770833333333336],[132.8125,33.770833333333336],[132.8125,33.775000000000006],[132.80625,33.775000000000006],[132.80625,33.770833333333336]]]},"properties":{"type":"Feature","mesh_id":"503256244","municipality_code":"38201","municipality":"松山市","total_population":281,"population_65plus":90,"population_75plus":48,"aging_rate_65plus":0.3202846975088968,"aging_rate_75plus":0.1708185053380783,"population_status":"0","population_status_target":null,"population_aggregation_target":null,"age_65plus_missing":false,"age_75plus_missing":false,"age_quality_flag":"ok","data_completeness":"complete"}},{"type":"Feature","geometry":{"type":"Polygon","coordinates":[[[132.8125,33.766666666666666],[132.81875,33.766666666666666],[132.81875,33.770833333333336],[132.8125,33.770833333333336],[132.8125,33.766666666666666]]]},"properties":{"type":"Feature","mesh_id":"503256251","municipality_code":"38201","municipality":"松山市","total_population":731,"population_65plus":497,"population_75plus":341,"aging_rate_65plus":0.679890560875513,"aging_rate_75plus":0.466484268125855,"population_status":"0","population_status_target":null,"population_aggregation_target":null,"age_65plus_missing":false,"age_75plus_missing":false,"age_quality_flag":"ok","data_completeness":"complete"}},{"type":"Feature","geometry":{"type":"Polygon","coordinates":[[[132.8125,33.770833333333336],[132.81875,33.770833333333336],[132.81875,33.775000000000006],[132.8125,33.775000000000006],[132.8125,33.770833333333336]]]},"properties":{"type":"Feature","mesh_id":"503256252","municipality_code":"38201","municipality":"松山市","total_population":249,"population_65plus":92,"population_75plus":36,"aging_rate_65plus":0.36947791164658633,"aging_rate_75plus":0.14457831325301204,"population_status":"0","population_status_target":null,"population_aggregation_target":null,"age_65plus_missing":false,"age_75plus_missing":false,"age_quality_flag":"ok","data_completeness":"complete"}},{"type":"Feature","geometry":{"type":"Polygon","coordinates":[[[132.81875,33.766666666666666],[132.825,33.766666666666666],[132.825,33.770833333333336],[132.81875,33.770833333333336],[132.81875,33.766666666666666]]]},"properties":{"type":"Feature","mesh_id":"503256253","municipality_code":"38201","municipality":"松山市","total_population":147,"population_65plus":51,"population_75plus":28,"aging_rate_65plus":0.3469387755102041,"aging_rate_75plus":0.19047619047619047,"population_status":"0","population_status_target":null,"population_aggregation_target":null,"age_65plus_missing":false,"age_75plus_missing":false,"age_quality_flag":"ok","data_completeness":"complete"}},{"type":"Feature","geometry":{"type":"Polygon","coordinates":[[[132.81875,33.770833333333336],[132.825,33.770833333333336],[132.825,33.775000000000006],[132.81875,33.775000000000006],[132.81875,33.770833333333336]]]},"properties":{"type":"Feature","mesh_id":"503256254","municipality_code":"38201","municipality":"松山市","total_population":216,"population_65plus":56,"population_75plus":29,"aging_rate_65plus":0.25925925925925924,"aging_rate_75plus":0.13425925925925927,"population_status":"0","population_status_target":null,"population_aggregation_target":null,"age_65plus_missing":false,"age_75plus_missing":false,"age_quality_flag":"ok","data_completeness":"complete"}},{"type":"Feature","geometry":{"type":"Polygon","coordinates":[[[132.825,33.766666666666666],[132.83124999999998,33.766666666666666],[132.83124999999998,33.770833333333336],[132.825,33.770833333333336],[132.825,33.766666666666666]]]},"properties":{"type":"Feature","mesh_id":"503256261","municipality_code":"38201","municipality":"松山市","total_population":185,"population_65plus":72,"population_75plus":31,"aging_rate_65plus":0.3891891891891892,"aging_rate_75plus":0.16756756756756758,"population_status":"1","population_status_target":null,"population_aggregation_target":"503256163","age_65plus_missing":false,"age_75plus_missing":false,"age_quality_flag":"ok","data_completeness":"complete"}},{"type":"Feature","geometry":{"type":"Polygon","coordinates":[[[132.825,33.770833333333336],[132.83124999999998,33.770833333333336],[132.83124999999998,33.775000000000006],[132.825,33.775000000000006],[132.825,33.770833333333336]]]},"properties":{"type":"Feature","mesh_id":"503256262","municipality_code":"38201","municipality":"松山市","total_population":262,"population_65plus":78,"population_75plus":35,"aging_rate_65plus":0.29770992366412213,"aging_rate_75plus":0.13358778625954199,"population_status":"0","population_status_target":null,"population_aggregation_target":null,"age_65plus_missing":false,"age_75plus_missing":false,"age_quality_flag":"ok","data_completeness":"complete"}},{"type":"Feature","geometry":{"type":"Polygon","coordinates":[[[132.83124999999998,33.766666666666666],[132.83749999999998,33.766666666666666],[132.83749999999998,33.770833333333336],[132.83124999999998,33.770833333333336],[132.83124999999998,33.766666666666666]]]},"properties":{"type":"Feature","mesh_id":"503256263","municipality_code":"38201","municipality":"松山市","total_population":122,"population_65plus":51,"population_75plus":30,"aging_rate_65plus":0.4180327868852459,"aging_rate_75plus":0.2459016393442623,"population_status":"0","population_status_target":null,"population_aggregation_target":null,"age_65plus_missing":false,"age_75plus_missing":false,"age_quality_flag":"ok","data_completeness":"complete"}},{"type":"Feature","geometry":{"type":"Polygon","coordinates":[[[132.83124999999998,33.770833333333336],[132.83749999999998,33.770833333333336],[132.83749999999998,33.775000000000006],[132.83124999999998,33.775000000000006],[132.83124999999998,33.770833333333336]]]},"properties":{"type":"Feature","mesh_id":"503256264","municipality_code":"38201","municipality":"松山市","total_population":189,"population_65plus":77,"population_75plus":46,"aging_rate_65plus":0.4074074074074074,"aging_rate_75plus":0.24338624338624337,"population_status":"0","population_status_target":null,"population_aggregation_target":null,"age_65plus_missing":false,"age_75plus_missing":false,"age_quality_flag":"ok","data_completeness":"complete"}},{"type":"Feature","geometry":{"type":"Polygon","coordinates":[[[132.8375,33.766666666666666],[132.84375,33.766666666666666],[132.84375,33.770833333333336],[132.8375,33.770833333333336],[132.8375,33.766666666666666]]]},"properties":{"type":"Feature","mesh_id":"503256271","municipality_code":"38201","municipality":"松山市","total_population":4,"population_65plus":null,"population_75plus":null,"aging_rate_65plus":null,"aging_rate_75plus":null,"population_status":"2","population_status_target":"503256273","population_aggregation_target":null,"age_65plus_missing":true,"age_75plus_missing":true,"age_quality_flag":"ok","data_completeness":"partial"}},{"type":"Feature","geometry":{"type":"Polygon","coordinates":[[[132.79375,33.775],[132.79999999999998,33.775],[132.79999999999998,33.77916666666667],[132.79375,33.77916666666667],[132.79375,33.775]]]},"properties":{"type":"Feature","mesh_id":"503256333","municipality_code":"38201","municipality":"松山市","total_population":745,"population_65plus":321,"population_75plus":266,"aging_rate_65plus":0.43087248322147653,"aging_rate_75plus":0.35704697986577183,"population_status":"0","population_status_target":null,"population_aggregation_target":null,"age_65plus_missing":false,"age_75plus_missing":false,"age_quality_flag":"ok","data_completeness":"complete"}},{"type":"Feature","geometry":{"type":"Polygon","coordinates":[[[132.8,33.775],[132.80625,33.775],[132.80625,33.77916666666667],[132.8,33.77916666666667],[132.8,33.775]]]},"properties":{"type":"Feature","mesh_id":"503256341","municipality_code":"38201","municipality":"松山市","total_population":135,"population_65plus":43,"population_75plus":14,"aging_rate_65plus":0.31851851851851853,"aging_rate_75plus":0.1037037037037037,"population_status":"0","population_status_target":null,"population_aggregation_target":null,"age_65plus_missing":false,"age_75plus_missing":false,"age_quality_flag":"ok","data_completeness":"complete"}},{"type":"Feature","geometry":{"type":"Polygon","coordinates":[[[132.8,33.77916666666667],[132.80625,33.77916666666667],[132.80625,33.78333333333334],[132.8,33.78333333333334],[132.8,33.77916666666667]]]},"properties":{"type":"Feature","mesh_id":"503256342","municipality_code":"38201","municipality":"松山市","total_population":347,"population_65plus":96,"population_75plus":37,"aging_rate_65plus":0.276657060518732,"aging_rate_75plus":0.10662824207492795,"population_status":"0","population_status_target":null,"population_aggregation_target":null,"age_65plus_missing":false,"age_75plus_missing":false,"age_quality_flag":"ok","data_completeness":"complete"}},{"type":"Feature","geometry":{"type":"Polygon","coordinates":[[[132.80625,33.775],[132.8125,33.775],[132.8125,33.77916666666667],[132.80625,33.77916666666667],[132.80625,33.775]]]},"properties":{"type":"Feature","mesh_id":"503256343","municipality_code":"38201","municipality":"松山市","total_population":175,"population_65plus":51,"population_75plus":24,"aging_rate_65plus":0.2914285714285714,"aging_rate_75plus":0.13714285714285715,"population_status":"0","population_status_target":null,"population_aggregation_target":null,"age_65plus_missing":false,"age_75plus_missing":false,"age_quality_flag":"ok","data_completeness":"complete"}},{"type":"Feature","geometry":{"type":"Polygon","coordinates":[[[132.80625,33.77916666666667],[132.8125,33.77916666666667],[132.8125,33.78333333333334],[132.80625,33.78333333333334],[132.80625,33.77916666666667]]]},"properties":{"type":"Feature","mesh_id":"503256344","municipality_code":"38201","municipality":"松山市","total_population":245,"population_65plus":87,"population_75plus":48,"aging_rate_65plus":0.3551020408163265,"aging_rate_75plus":0.19591836734693877,"population_status":"0","population_status_target":null,"population_aggregation_target":null,"age_65plus_missing":false,"age_75plus_missing":false,"age_quality_flag":"ok","data_completeness":"complete"}},{"type":"Feature","geometry":{"type":"Polygon","coordinates":[[[132.8125,33.775],[132.81875,33.775],[132.81875,33.77916666666667],[132.8125,33.77916666666667],[132.8125,33.775]]]},"properties":{"type":"Feature","mesh_id":"503256351","municipality_code":"38201","municipality":"松山市","total_population":231,"population_65plus":113,"population_75plus":62,"aging_rate_65plus":0.48917748917748916,"aging_rate_75plus":0.2683982683982684,"population_status":"0","population_status_target":null,"population_aggregation_target":null,"age_65plus_missing":false,"age_75plus_missing":false,"age_quality_flag":"ok","data_completeness":"complete"}},{"type":"Feature","geometry":{"type":"Polygon","coordinates":[[[132.8125,33.77916666666667],[132.81875,33.77916666666667],[132.81875,33.78333333333334],[132.8125,33.78333333333334],[132.8125,33.77916666666667]]]},"properties":{"type":"Feature","mesh_id":"503256352","municipality_code":"38201","municipality":"松山市","total_population":642,"population_65plus":169,"population_75plus":75,"aging_rate_65plus":0.2632398753894081,"aging_rate_75plus":0.11682242990654206,"population_status":"0","population_status_target":null,"population_aggregation_target":null,"age_65plus_missing":false,"age_75plus_missing":false,"age_quality_flag":"ok","data_completeness":"complete"}},{"type":"Feature","geometry":{"type":"Polygon","coordinates":[[[132.81875,33.775],[132.825,33.775],[132.825,33.77916666666667],[132.81875,33.77916666666667],[132.81875,33.775]]]},"properties":{"type":"Feature","mesh_id":"503256353","municipality_code":"38201","municipality":"松山市","total_population":236,"population_65plus":87,"population_75plus":39,"aging_rate_65plus":0.3686440677966102,"aging_rate_75plus":0.1652542372881356,"population_status":"0","population_status_target":null,"population_aggregation_target":null,"age_65plus_missing":false,"age_75plus_missing":false,"age_quality_flag":"ok","data_completeness":"complete"}},{"type":"Feature","geometry":{"type":"Polygon","coordinates":[[[132.81875,33.77916666666667],[132.825,33.77916666666667],[132.825,33.78333333333334],[132.81875,33.78333333333334],[132.81875,33.77916666666667]]]},"properties":{"type":"Feature","mesh_id":"503256354","municipality_code":"38201","municipality":"松山市","total_population":205,"population_65plus":29,"population_75plus":10,"aging_rate_65plus":0.14146341463414633,"aging_rate_75plus":0.04878048780487805,"population_status":"0","population_status_target":null,"population_aggregation_target":null,"age_65plus_missing":false,"age_75plus_missing":false,"age_quality_flag":"ok","data_completeness":"complete"}},{"type":"Feature","geometry":{"type":"Polygon","coordinates":[[[132.825,33.775],[132.83124999999998,33.775],[132.83124999999998,33.77916666666667],[132.825,33.77916666666667],[132.825,33.775]]]},"properties":{"type":"Feature","mesh_id":"503256361","municipality_code":"38201","municipality":"松山市","total_population":425,"population_65plus":121,"population_75plus":55,"aging_rate_65plus":0.2847058823529412,"aging_rate_75plus":0.12941176470588237,"population_status":"0","population_status_target":null,"population_aggregation_target":null,"age_65plus_missing":false,"age_75plus_missing":false,"age_quality_flag":"ok","data_completeness":"complete"}},{"type":"Feature","geometry":{"type":"Polygon","coordinates":[[[132.825,33.77916666666667],[132.83124999999998,33.77916666666667],[132.83124999999998,33.78333333333334],[132.825,33.78333333333334],[132.825,33.77916666666667]]]},"properties":{"type":"Feature","mesh_id":"503256362","municipality_code":"38201","municipality":"松山市","total_population":138,"population_65plus":43,"population_75plus":21,"aging_rate_65plus":0.3115942028985507,"aging_rate_75plus":0.15217391304347827,"population_status":"0","population_status_target":null,"population_aggregation_target":null,"age_65plus_missing":false,"age_75plus_missing":false,"age_quality_flag":"ok","data_completeness":"complete"}},{"type":"Feature","geometry":{"type":"Polygon","coordinates":[[[132.83124999999998,33.775],[132.83749999999998,33.775],[132.83749999999998,33.77916666666667],[132.83124999999998,33.77916666666667],[132.83124999999998,33.775]]]},"properties":{"type":"Feature","mesh_id":"503256363","municipality_code":"38201","municipality":"松山市","total_population":112,"population_65plus":47,"population_75plus":30,"aging_rate_65plus":0.41964285714285715,"aging_rate_75plus":0.26785714285714285,"population_status":"0","population_status_target":null,"population_aggregation_target":null,"age_65plus_missing":false,"age_75plus_missing":false,"age_quality_flag":"ok","data_completeness":"complete"}},{"type":"Feature","geometry":{"type":"Polygon","coordinates":[[[132.83124999999998,33.77916666666667],[132.83749999999998,33.77916666666667],[132.83749999999998,33.78333333333334],[132.83124999999998,33.78333333333334],[132.83124999999998,33.77916666666667]]]},"properties":{"type":"Feature","mesh_id":"503256364","municipality_code":"38201","municipality":"松山市","total_population":20,"population_65plus":8,"population_75plus":4,"aging_rate_65plus":0.4,"aging_rate_75plus":0.2,"population_status":"0","population_status_target":null,"population_aggregation_target":null,"age_65plus_missing":false,"age_75plus_missing":false,"age_quality_flag":"ok","data_completeness":"complete"}},{"type":"Feature","geometry":{"type":"Polygon","coordinates":[[[132.78125,33.7875],[132.7875,33.7875],[132.7875,33.79166666666667],[132.78125,33.79166666666667],[132.78125,33.7875]]]},"properties":{"type":"Feature","mesh_id":"503256424","municipality_code":"38201","municipality":"松山市","total_population":198,"population_65plus":64,"population_75plus":37,"aging_rate_65plus":0.32323232323232326,"aging_rate_75plus":0.18686868686868688,"population_status":"0","population_status_target":null,"population_aggregation_target":null,"age_65plus_missing":false,"age_75plus_missing":false,"age_quality_flag":"ok","data_completeness":"complete"}},{"type":"Feature","geometry":{"type":"Polygon","coordinates":[[[132.7875,33.7875],[132.79375,33.7875],[132.79375,33.79166666666667],[132.7875,33.79166666666667],[132.7875,33.7875]]]},"properties":{"type":"Feature","mesh_id":"503256432","municipality_code":"38201","municipality":"松山市","total_population":822,"population_65plus":337,"population_75plus":158,"aging_rate_65plus":0.4099756690997567,"aging_rate_75plus":0.1922141119221411,"population_status":"0","population_status_target":null,"population_aggregation_target":null,"age_65plus_missing":false,"age_75plus_missing":false,"age_quality_flag":"ok","data_completeness":"complete"}},{"type":"Feature","geometry":{"type":"Polygon","coordinates":[[[132.79375,33.7875],[132.79999999999998,33.7875],[132.79999999999998,33.79166666666667],[132.79375,33.79166666666667],[132.79375,33.7875]]]},"properties":{"type":"Feature","mesh_id":"503256434","municipality_code":"38201","municipality":"松山市","total_population":1448,"population_65plus":584,"population_75plus":249,"aging_rate_65plus":0.40331491712707185,"aging_rate_75plus":0.17196132596685082,"population_status":"0","population_status_target":null,"population_aggregation_target":null,"age_65plus_missing":false,"age_75plus_missing":false,"age_quality_flag":"ok","data_completeness":"complete"}},{"type":"Feature","geometry":{"type":"Polygon","coordinates":[[[132.8,33.78333333333333],[132.80625,33.78333333333333],[132.80625,33.7875],[132.8,33.7875],[132.8,33.78333333333333]]]},"properties":{"type":"Feature","mesh_id":"503256441","municipality_code":"38201","municipality":"松山市","total_population":85,"population_65plus":36,"population_75plus":15,"aging_rate_65plus":0.4235294117647059,"aging_rate_75plus":0.17647058823529413,"population_status":"0","population_status_target":null,"population_aggregation_target":null,"age_65plus_missing":false,"age_75plus_missing":false,"age_quality_flag":"ok","data_completeness":"complete"}},{"type":"Feature","geometry":{"type":"Polygon","coordinates":[[[132.8,33.7875],[132.80625,33.7875],[132.80625,33.79166666666667],[132.8,33.79166666666667],[132.8,33.7875]]]},"properties":{"type":"Feature","mesh_id":"503256442","municipality_code":"38201","municipality":"松山市","total_population":54,"population_65plus":11,"population_75plus":6,"aging_rate_65plus":0.2037037037037037,"aging_rate_75plus":0.1111111111111111,"population_status":"0","population_status_target":null,"population_aggregation_target":null,"age_65plus_missing":false,"age_75plus_missing":false,"age_quality_flag":"ok","data_completeness":"complete"}},{"type":"Feature","geometry":{"type":"Polygon","coordinates":[[[132.80625,33.78333333333333],[132.8125,33.78333333333333],[132.8125,33.7875],[132.80625,33.7875],[132.80625,33.78333333333333]]]},"properties":{"type":"Feature","mesh_id":"503256443","municipality_code":"38201","municipality":"松山市","total_population":299,"population_65plus":124,"population_75plus":46,"aging_rate_65plus":0.41471571906354515,"aging_rate_75plus":0.15384615384615385,"population_status":"0","population_status_target":null,"population_aggregation_target":null,"age_65plus_missing":false,"age_75plus_missing":false,"age_quality_flag":"ok","data_completeness":"complete"}},{"type":"Feature","geometry":{"type":"Polygon","coordinates":[[[132.80625,33.7875],[132.8125,33.7875],[132.8125,33.79166666666667],[132.80625,33.79166666666667],[132.80625,33.7875]]]},"properties":{"type":"Feature","mesh_id":"503256444","municipality_code":"38201","municipality":"松山市","total_population":223,"population_65plus":76,"population_75plus":39,"aging_rate_65plus":0.34080717488789236,"aging_rate_75plus":0.17488789237668162,"population_status":"0","population_status_target":null,"population_aggregation_target":null,"age_65plus_missing":false,"age_75plus_missing":false,"age_quality_flag":"ok","data_completeness":"complete"}},{"type":"Feature","geometry":{"type":"Polygon","coordinates":[[[132.8125,33.78333333333333],[132.81875,33.78333333333333],[132.81875,33.7875],[132.8125,33.7875],[132.8125,33.78333333333333]]]},"properties":{"type":"Feature","mesh_id":"503256451","municipality_code":"38201","municipality":"松山市","total_population":20,"population_65plus":7,"population_75plus":4,"aging_rate_65plus":0.35,"aging_rate_75plus":0.2,"population_status":"0","population_status_target":null,"population_aggregation_target":null,"age_65plus_missing":false,"age_75plus_missing":false,"age_quality_flag":"ok","data_completeness":"complete"}},{"type":"Feature","geometry":{"type":"Polygon","coordinates":[[[132.8125,33.7875],[132.81875,33.7875],[132.81875,33.79166666666667],[132.8125,33.79166666666667],[132.8125,33.7875]]]},"properties":{"type":"Feature","mesh_id":"503256452","municipality_code":"38201","municipality":"松山市","total_population":295,"population_65plus":264,"population_75plus":213,"aging_rate_65plus":0.8949152542372881,"aging_rate_75plus":0.7220338983050848,"population_status":"0","population_status_target":null,"population_aggregation_target":null,"age_65plus_missing":false,"age_75plus_missing":false,"age_quality_flag":"ok","data_completeness":"complete"}},{"type":"Feature","geometry":{"type":"Polygon","coordinates":[[[132.81875,33.78333333333333],[132.825,33.78333333333333],[132.825,33.7875],[132.81875,33.7875],[132.81875,33.78333333333333]]]},"properties":{"type":"Feature","mesh_id":"503256453","municipality_code":"38201","municipality":"松山市","total_population":443,"population_65plus":161,"population_75plus":86,"aging_rate_65plus":0.36343115124153497,"aging_rate_75plus":0.19413092550790068,"population_status":"0","population_status_target":null,"population_aggregation_target":null,"age_65plus_missing":false,"age_75plus_missing":false,"age_quality_flag":"ok","data_completeness":"complete"}},{"type":"Feature","geometry":{"type":"Polygon","coordinates":[[[132.81875,33.7875],[132.825,33.7875],[132.825,33.79166666666667],[132.81875,33.79166666666667],[132.81875,33.7875]]]},"properties":{"type":"Feature","mesh_id":"503256454","municipality_code":"38201","municipality":"松山市","total_population":113,"population_65plus":64,"population_75plus":48,"aging_rate_65plus":0.5663716814159292,"aging_rate_75plus":0.4247787610619469,"population_status":"0","population_status_target":null,"population_aggregation_target":null,"age_65plus_missing":false,"age_75plus_missing":false,"age_quality_flag":"ok","data_completeness":"complete"}},{"type":"Feature","geometry":{"type":"Polygon","coordinates":[[[132.76874999999998,33.795833333333334],[132.77499999999998,33.795833333333334],[132.77499999999998,33.800000000000004],[132.76874999999998,33.800000000000004],[132.76874999999998,33.795833333333334]]]},"properties":{"type":"Feature","mesh_id":"503256514","municipality_code":"38201","municipality":"松山市","total_population":44,"population_65plus":16,"population_75plus":6,"aging_rate_65plus":0.36363636363636365,"aging_rate_75plus":0.13636363636363635,"population_status":"0","population_status_target":null,"population_aggregation_target":null,"age_65plus_missing":false,"age_75plus_missing":false,"age_quality_flag":"ok","data_completeness":"complete"}},{"type":"Feature","geometry":{"type":"Polygon","coordinates":[[[132.775,33.791666666666664],[132.78125,33.791666666666664],[132.78125,33.795833333333334],[132.775,33.795833333333334],[132.775,33.791666666666664]]]},"properties":{"type":"Feature","mesh_id":"503256521","municipality_code":"38201","municipality":"松山市","total_population":28,"population_65plus":8,"population_75plus":2,"aging_rate_65plus":0.2857142857142857,"aging_rate_75plus":0.07142857142857142,"population_status":"0","population_status_target":null,"population_aggregation_target":null,"age_65plus_missing":false,"age_75plus_missing":false,"age_quality_flag":"ok","data_completeness":"complete"}},{"type":"Feature","geometry":{"type":"Polygon","coordinates":[[[132.775,33.795833333333334],[132.78125,33.795833333333334],[132.78125,33.800000000000004],[132.775,33.800000000000004],[132.775,33.795833333333334]]]},"properties":{"type":"Feature","mesh_id":"503256522","municipality_code":"38201","municipality":"松山市","total_population":410,"population_65plus":104,"population_75plus":45,"aging_rate_65plus":0.25365853658536586,"aging_rate_75plus":0.10975609756097561,"population_status":"0","population_status_target":null,"population_aggregation_target":null,"age_65plus_missing":false,"age_75plus_missing":false,"age_quality_flag":"ok","data_completeness":"complete"}},{"type":"Feature","geometry":{"type":"Polygon","coordinates":[[[132.78125,33.791666666666664],[132.7875,33.791666666666664],[132.7875,33.795833333333334],[132.78125,33.795833333333334],[132.78125,33.791666666666664]]]},"properties":{"type":"Feature","mesh_id":"503256523","municipality_code":"38201","municipality":"松山市","total_population":321,"population_65plus":199,"population_75plus":150,"aging_rate_65plus":0.6199376947040498,"aging_rate_75plus":0.4672897196261682,"population_status":"0","population_status_target":null,"population_aggregation_target":null,"age_65plus_missing":false,"age_75plus_missing":false,"age_quality_flag":"ok","data_completeness":"complete"}},{"type":"Feature","geometry":{"type":"Polygon","coordinates":[[[132.78125,33.795833333333334],[132.7875,33.795833333333334],[132.7875,33.800000000000004],[132.78125,33.800000000000004],[132.78125,33.795833333333334]]]},"properties":{"type":"Feature","mesh_id":"503256524","municipality_code":"38201","municipality":"松山市","total_population":688,"population_65plus":166,"population_75plus":77,"aging_rate_65plus":0.24127906976744187,"aging_rate_75plus":0.1119186046511628,"population_status":"0","population_status_target":null,"population_aggregation_target":null,"age_65plus_missing":false,"age_75plus_missing":false,"age_quality_flag":"ok","data_completeness":"complete"}},{"type":"Feature","geometry":{"type":"Polygon","coordinates":[[[132.7875,33.791666666666664],[132.79375,33.791666666666664],[132.79375,33.795833333333334],[132.7875,33.795833333333334],[132.7875,33.791666666666664]]]},"properties":{"type":"Feature","mesh_id":"503256531","municipality_code":"38201","municipality":"松山市","total_population":1785,"population_65plus":337,"population_75plus":151,"aging_rate_65plus":0.1887955182072829,"aging_rate_75plus":0.08459383753501401,"population_status":"0","population_status_target":null,"population_aggregation_target":null,"age_65plus_missing":false,"age_75plus_missing":false,"age_quality_flag":"ok","data_completeness":"complete"}},{"type":"Feature","geometry":{"type":"Polygon","coordinates":[[[132.7875,33.795833333333334],[132.79375,33.795833333333334],[132.79375,33.800000000000004],[132.7875,33.800000000000004],[132.7875,33.795833333333334]]]},"properties":{"type":"Feature","mesh_id":"503256532","municipality_code":"38201","municipality":"松山市","total_population":622,"population_65plus":107,"population_75plus":56,"aging_rate_65plus":0.1720257234726688,"aging_rate_75plus":0.09003215434083602,"population_status":"0","population_status_target":null,"population_aggregation_target":null,"age_65plus_missing":false,"age_75plus_missing":false,"age_quality_flag":"ok","data_completeness":"complete"}},{"type":"Feature","geometry":{"type":"Polygon","coordinates":[[[132.79375,33.791666666666664],[132.79999999999998,33.791666666666664],[132.79999999999998,33.795833333333334],[132.79375,33.795833333333334],[132.79375,33.791666666666664]]]},"properties":{"type":"Feature","mesh_id":"503256533","municipality_code":"38201","municipality":"松山市","total_population":1001,"population_65plus":262,"population_75plus":121,"aging_rate_65plus":0.26173826173826176,"aging_rate_75plus":0.12087912087912088,"population_status":"0","population_status_target":null,"population_aggregation_target":null,"age_65plus_missing":false,"age_75plus_missing":false,"age_quality_flag":"ok","data_completeness":"complete"}},{"type":"Feature","geometry":{"type":"Polygon","coordinates":[[[132.79375,33.795833333333334],[132.79999999999998,33.795833333333334],[132.79999999999998,33.800000000000004],[132.79375,33.800000000000004],[132.79375,33.795833333333334]]]},"properties":{"type":"Feature","mesh_id":"503256534","municipality_code":"38201","municipality":"松山市","total_population":318,"population_65plus":79,"population_75plus":40,"aging_rate_65plus":0.24842767295597484,"aging_rate_75plus":0.12578616352201258,"population_status":"0","population_status_target":null,"population_aggregation_target":null,"age_65plus_missing":false,"age_75plus_missing":false,"age_quality_flag":"ok","data_completeness":"complete"}},{"type":"Feature","geometry":{"type":"Polygon","coordinates":[[[132.8,33.791666666666664],[132.80625,33.791666666666664],[132.80625,33.795833333333334],[132.8,33.795833333333334],[132.8,33.791666666666664]]]},"properties":{"type":"Feature","mesh_id":"503256541","municipality_code":"38201","municipality":"松山市","total_population":356,"population_65plus":130,"population_75plus":63,"aging_rate_65plus":0.3651685393258427,"aging_rate_75plus":0.17696629213483145,"population_status":"0","population_status_target":null,"population_aggregation_target":null,"age_65plus_missing":false,"age_75plus_missing":false,"age_quality_flag":"ok","data_completeness":"complete"}},{"type":"Feature","geometry":{"type":"Polygon","coordinates":[[[132.8,33.795833333333334],[132.80625,33.795833333333334],[132.80625,33.800000000000004],[132.8,33.800000000000004],[132.8,33.795833333333334]]]},"properties":{"type":"Feature","mesh_id":"503256542","municipality_code":"38201","municipality":"松山市","total_population":194,"population_65plus":71,"population_75plus":46,"aging_rate_65plus":0.36597938144329895,"aging_rate_75plus":0.23711340206185566,"population_status":"0","population_status_target":null,"population_aggregation_target":null,"age_65plus_missing":false,"age_75plus_missing":false,"age_quality_flag":"ok","data_completeness":"complete"}},{"type":"Feature","geometry":{"type":"Polygon","coordinates":[[[132.80625,33.791666666666664],[132.8125,33.791666666666664],[132.8125,33.795833333333334],[132.80625,33.795833333333334],[132.80625,33.791666666666664]]]},"properties":{"type":"Feature","mesh_id":"503256543","municipality_code":"38201","municipality":"松山市","total_population":341,"population_65plus":127,"population_75plus":60,"aging_rate_65plus":0.3724340175953079,"aging_rate_75plus":0.17595307917888564,"population_status":"0","population_status_target":null,"population_aggregation_target":null,"age_65plus_missing":false,"age_75plus_missing":false,"age_quality_flag":"ok","data_completeness":"complete"}},{"type":"Feature","geometry":{"type":"Polygon","coordinates":[[[132.80625,33.795833333333334],[132.8125,33.795833333333334],[132.8125,33.800000000000004],[132.80625,33.800000000000004],[132.80625,33.795833333333334]]]},"properties":{"type":"Feature","mesh_id":"503256544","municipality_code":"38201","municipality":"松山市","total_population":395,"population_65plus":192,"population_75plus":125,"aging_rate_65plus":0.4860759493670886,"aging_rate_75plus":0.31645569620253167,"population_status":"0","population_status_target":null,"population_aggregation_target":null,"age_65plus_missing":false,"age_75plus_missing":false,"age_quality_flag":"ok","data_completeness":"complete"}},{"type":"Feature","geometry":{"type":"Polygon","coordinates":[[[132.8125,33.791666666666664],[132.81875,33.791666666666664],[132.81875,33.795833333333334],[132.8125,33.795833333333334],[132.8125,33.791666666666664]]]},"properties":{"type":"Feature","mesh_id":"503256551","municipality_code":"38201","municipality":"松山市","total_population":413,"population_65plus":142,"population_75plus":68,"aging_rate_65plus":0.34382566585956414,"aging_rate_75plus":0.16464891041162227,"population_status":"0","population_status_target":null,"population_aggregation_target":null,"age_65plus_missing":false,"age_75plus_missing":false,"age_quality_flag":"ok","data_completeness":"complete"}},{"type":"Feature","geometry":{"type":"Polygon","coordinates":[[[132.8125,33.795833333333334],[132.81875,33.795833333333334],[132.81875,33.800000000000004],[132.8125,33.800000000000004],[132.8125,33.795833333333334]]]},"properties":{"type":"Feature","mesh_id":"503256552","municipality_code":"38201","municipality":"松山市","total_population":49,"population_65plus":11,"population_75plus":2,"aging_rate_65plus":0.22448979591836735,"aging_rate_75plus":0.04081632653061224,"population_status":"0","population_status_target":null,"population_aggregation_target":null,"age_65plus_missing":false,"age_75plus_missing":false,"age_quality_flag":"ok","data_completeness":"complete"}},{"type":"Feature","geometry":{"type":"Polygon","coordinates":[[[132.81875,33.791666666666664],[132.825,33.791666666666664],[132.825,33.795833333333334],[132.81875,33.795833333333334],[132.81875,33.791666666666664]]]},"properties":{"type":"Feature","mesh_id":"503256553","municipality_code":"38201","municipality":"松山市","total_population":438,"population_65plus":156,"population_75plus":99,"aging_rate_65plus":0.3561643835616438,"aging_rate_75plus":0.22602739726027396,"population_status":"0","population_status_target":null,"population_aggregation_target":null,"age_65plus_missing":false,"age_75plus_missing":false,"age_quality_flag":"ok","data_completeness":"complete"}},{"type":"Feature","geometry":{"type":"Polygon","coordinates":[[[132.81875,33.795833333333334],[132.825,33.795833333333334],[132.825,33.800000000000004],[132.81875,33.800000000000004],[132.81875,33.795833333333334]]]},"properties":{"type":"Feature","mesh_id":"503256554","municipality_code":"38201","municipality":"松山市","total_population":122,"population_65plus":44,"population_75plus":21,"aging_rate_65plus":0.36065573770491804,"aging_rate_75plus":0.1721311475409836,"population_status":"0","population_status_target":null,"population_aggregation_target":null,"age_65plus_missing":false,"age_75plus_missing":false,"age_quality_flag":"ok","data_completeness":"complete"}},{"type":"Feature","geometry":{"type":"Polygon","coordinates":[[[132.825,33.791666666666664],[132.83124999999998,33.791666666666664],[132.83124999999998,33.795833333333334],[132.825,33.795833333333334],[132.825,33.791666666666664]]]},"properties":{"type":"Feature","mesh_id":"503256561","municipality_code":"38201","municipality":"松山市","total_population":314,"population_65plus":55,"population_75plus":25,"aging_rate_65plus":0.1751592356687898,"aging_rate_75plus":0.07961783439490445,"population_status":"0","population_status_target":null,"population_aggregation_target":null,"age_65plus_missing":false,"age_75plus_missing":false,"age_quality_flag":"ok","data_completeness":"complete"}},{"type":"Feature","geometry":{"type":"Polygon","coordinates":[[[132.83124999999998,33.795833333333334],[132.83749999999998,33.795833333333334],[132.83749999999998,33.800000000000004],[132.83124999999998,33.800000000000004],[132.83124999999998,33.795833333333334]]]},"properties":{"type":"Feature","mesh_id":"503256564","municipality_code":"38201","municipality":"松山市","total_population":1124,"population_65plus":338,"population_75plus":175,"aging_rate_65plus":0.30071174377224197,"aging_rate_75plus":0.15569395017793594,"population_status":"0","population_status_target":null,"population_aggregation_target":null,"age_65plus_missing":false,"age_75plus_missing":false,"age_quality_flag":"ok","data_completeness":"complete"}},{"type":"Feature","geometry":{"type":"Polygon","coordinates":[[[132.8375,33.795833333333334],[132.84375,33.795833333333334],[132.84375,33.800000000000004],[132.8375,33.800000000000004],[132.8375,33.795833333333334]]]},"properties":{"type":"Feature","mesh_id":"503256572","municipality_code":"38201","municipality":"松山市","total_population":619,"population_65plus":197,"population_75plus":107,"aging_rate_65plus":0.3182552504038772,"aging_rate_75plus":0.172859450726979,"population_status":"0","population_status_target":null,"population_aggregation_target":null,"age_65plus_missing":false,"age_75plus_missing":false,"age_quality_flag":"ok","data_completeness":"complete"}},{"type":"Feature","geometry":{"type":"Polygon","coordinates":[[[132.75,33.80416666666667],[132.75625,33.80416666666667],[132.75625,33.80833333333334],[132.75,33.80833333333334],[132.75,33.80416666666667]]]},"properties":{"type":"Feature","mesh_id":"503256602","municipality_code":"38201","municipality":"松山市","total_population":78,"population_65plus":26,"population_75plus":13,"aging_rate_65plus":0.3333333333333333,"aging_rate_75plus":0.16666666666666666,"population_status":"0","population_status_target":null,"population_aggregation_target":null,"age_65plus_missing":false,"age_75plus_missing":false,"age_quality_flag":"ok","data_completeness":"complete"}},{"type":"Feature","geometry":{"type":"Polygon","coordinates":[[[132.75625,33.8],[132.7625,33.8],[132.7625,33.80416666666667],[132.75625,33.80416666666667],[132.75625,33.8]]]},"properties":{"type":"Feature","mesh_id":"503256603","municipality_code":"38201","municipality":"松山市","total_population":592,"population_65plus":158,"population_75plus":91,"aging_rate_65plus":0.2668918918918919,"aging_rate_75plus":0.15371621621621623,"population_status":"0","population_status_target":null,"population_aggregation_target":null,"age_65plus_missing":false,"age_75plus_missing":false,"age_quality_flag":"ok","data_completeness":"complete"}},{"type":"Feature","geometry":{"type":"Polygon","coordinates":[[[132.75625,33.80416666666667],[132.7625,33.80416666666667],[132.7625,33.80833333333334],[132.75625,33.80833333333334],[132.75625,33.80416666666667]]]},"properties":{"type":"Feature","mesh_id":"503256604","municipality_code":"38201","municipality":"松山市","total_population":1971,"population_65plus":359,"population_75plus":161,"aging_rate_65plus":0.18214104515474377,"aging_rate_75plus":0.08168442415017757,"population_status":"0","population_status_target":null,"population_aggregation_target":null,"age_65plus_missing":false,"age_75plus_missing":false,"age_quality_flag":"ok","data_completeness":"complete"}},{"type":"Feature","geometry":{"type":"Polygon","coordinates":[[[132.7625,33.8],[132.76874999999998,33.8],[132.76874999999998,33.80416666666667],[132.7625,33.80416666666667],[132.7625,33.8]]]},"properties":{"type":"Feature","mesh_id":"503256611","municipality_code":"38201","municipality":"松山市","total_population":390,"population_65plus":125,"population_75plus":74,"aging_rate_65plus":0.32051282051282054,"aging_rate_75plus":0.18974358974358974,"population_status":"0","population_status_target":null,"population_aggregation_target":null,"age_65plus_missing":false,"age_75plus_missing":false,"age_quality_flag":"ok","data_completeness":"complete"}},{"type":"Feature","geometry":{"type":"Polygon","coordinates":[[[132.7625,33.80416666666667],[132.76874999999998,33.80416666666667],[132.76874999999998,33.80833333333334],[132.7625,33.80833333333334],[132.7625,33.80416666666667]]]},"properties":{"type":"Feature","mesh_id":"503256612","municipality_code":"38201","municipality":"松山市","total_population":444,"population_65plus":123,"population_75plus":53,"aging_rate_65plus":0.27702702702702703,"aging_rate_75plus":0.11936936936936937,"population_status":"0","population_status_target":null,"population_aggregation_target":null,"age_65plus_missing":false,"age_75plus_missing":false,"age_quality_flag":"ok","data_completeness":"complete"}},{"type":"Feature","geometry":{"type":"Polygon","coordinates":[[[132.76874999999998,33.8],[132.77499999999998,33.8],[132.77499999999998,33.80416666666667],[132.76874999999998,33.80416666666667],[132.76874999999998,33.8]]]},"properties":{"type":"Feature","mesh_id":"503256613","municipality_code":"38201","municipality":"松山市","total_population":2193,"population_65plus":593,"population_75plus":299,"aging_rate_65plus":0.270405836753306,"aging_rate_75plus":0.13634290925672596,"population_status":"0","population_status_target":null,"population_aggregation_target":null,"age_65plus_missing":false,"age_75plus_missing":false,"age_quality_flag":"ok","data_completeness":"complete"}},{"type":"Feature","geometry":{"type":"Polygon","coordinates":[[[132.76874999999998,33.80416666666667],[132.77499999999998,33.80416666666667],[132.77499999999998,33.80833333333334],[132.76874999999998,33.80833333333334],[132.76874999999998,33.80416666666667]]]},"properties":{"type":"Feature","mesh_id":"503256614","municipality_code":"38201","municipality":"松山市","total_population":2667,"population_65plus":644,"population_75plus":298,"aging_rate_65plus":0.24146981627296588,"aging_rate_75plus":0.11173603299587552,"population_status":"0","population_status_target":null,"population_aggregation_target":null,"age_65plus_missing":false,"age_75plus_missing":false,"age_quality_flag":"ok","data_completeness":"complete"}},{"type":"Feature","geometry":{"type":"Polygon","coordinates":[[[132.775,33.8],[132.78125,33.8],[132.78125,33.80416666666667],[132.775,33.80416666666667],[132.775,33.8]]]},"properties":{"type":"Feature","mesh_id":"503256621","municipality_code":"38201","municipality":"松山市","total_population":899,"population_65plus":252,"population_75plus":134,"aging_rate_65plus":0.2803114571746385,"aging_rate_75plus":0.14905450500556172,"population_status":"0","population_status_target":null,"population_aggregation_target":null,"age_65plus_missing":false,"age_75plus_missing":false,"age_quality_flag":"ok","data_completeness":"complete"}},{"type":"Feature","geometry":{"type":"Polygon","coordinates":[[[132.775,33.80416666666667],[132.78125,33.80416666666667],[132.78125,33.80833333333334],[132.775,33.80833333333334],[132.775,33.80416666666667]]]},"properties":{"type":"Feature","mesh_id":"503256622","municipality_code":"38201","municipality":"松山市","total_population":1106,"population_65plus":248,"population_75plus":92,"aging_rate_65plus":0.22423146473779385,"aging_rate_75plus":0.08318264014466546,"population_status":"0","population_status_target":null,"population_aggregation_target":null,"age_65plus_missing":false,"age_75plus_missing":false,"age_quality_flag":"ok","data_completeness":"complete"}},{"type":"Feature","geometry":{"type":"Polygon","coordinates":[[[132.78125,33.8],[132.7875,33.8],[132.7875,33.80416666666667],[132.78125,33.80416666666667],[132.78125,33.8]]]},"properties":{"type":"Feature","mesh_id":"503256623","municipality_code":"38201","municipality":"松山市","total_population":2062,"population_65plus":452,"population_75plus":239,"aging_rate_65plus":0.2192046556741028,"aging_rate_75plus":0.11590688651794374,"population_status":"0","population_status_target":null,"population_aggregation_target":null,"age_65plus_missing":false,"age_75plus_missing":false,"age_quality_flag":"ok","data_completeness":"complete"}},{"type":"Feature","geometry":{"type":"Polygon","coordinates":[[[132.78125,33.80416666666667],[132.7875,33.80416666666667],[132.7875,33.80833333333334],[132.78125,33.80833333333334],[132.78125,33.80416666666667]]]},"properties":{"type":"Feature","mesh_id":"503256624","municipality_code":"38201","municipality":"松山市","total_population":1864,"population_65plus":439,"population_75plus":205,"aging_rate_65plus":0.23551502145922748,"aging_rate_75plus":0.10997854077253219,"population_status":"0","population_status_target":null,"population_aggregation_target":null,"age_65plus_missing":false,"age_75plus_missing":false,"age_quality_flag":"ok","data_completeness":"complete"}},{"type":"Feature","geometry":{"type":"Polygon","coordinates":[[[132.7875,33.8],[132.79375,33.8],[132.79375,33.80416666666667],[132.7875,33.80416666666667],[132.7875,33.8]]]},"properties":{"type":"Feature","mesh_id":"503256631","municipality_code":"38201","municipality":"松山市","total_population":1719,"population_65plus":339,"population_75plus":157,"aging_rate_65plus":0.19720767888307156,"aging_rate_75plus":0.09133216986620128,"population_status":"0","population_status_target":null,"population_aggregation_target":null,"age_65plus_missing":false,"age_75plus_missing":false,"age_quality_flag":"ok","data_completeness":"complete"}},{"type":"Feature","geometry":{"type":"Polygon","coordinates":[[[132.7875,33.80416666666667],[132.79375,33.80416666666667],[132.79375,33.80833333333334],[132.7875,33.80833333333334],[132.7875,33.80416666666667]]]},"properties":{"type":"Feature","mesh_id":"503256632","municipality_code":"38201","municipality":"松山市","total_population":485,"population_65plus":156,"population_75plus":66,"aging_rate_65plus":0.3216494845360825,"aging_rate_75plus":0.1360824742268041,"population_status":"0","population_status_target":null,"population_aggregation_target":null,"age_65plus_missing":false,"age_75plus_missing":false,"age_quality_flag":"ok","data_completeness":"complete"}},{"type":"Feature","geometry":{"type":"Polygon","coordinates":[[[132.79375,33.8],[132.79999999999998,33.8],[132.79999999999998,33.80416666666667],[132.79375,33.80416666666667],[132.79375,33.8]]]},"properties":{"type":"Feature","mesh_id":"503256633","municipality_code":"38201","municipality":"松山市","total_population":2236,"population_65plus":533,"population_75plus":231,"aging_rate_65plus":0.23837209302325582,"aging_rate_75plus":0.10330948121645796,"population_status":"0","population_status_target":null,"population_aggregation_target":null,"age_65plus_missing":false,"age_75plus_missing":false,"age_quality_flag":"ok","data_completeness":"complete"}},{"type":"Feature","geometry":{"type":"Polygon","coordinates":[[[132.79375,33.80416666666667],[132.79999999999998,33.80416666666667],[132.79999999999998,33.80833333333334],[132.79375,33.80833333333334],[132.79375,33.80416666666667]]]},"properties":{"type":"Feature","mesh_id":"503256634","municipality_code":"38201","municipality":"松山市","total_population":1228,"population_65plus":368,"population_75plus":231,"aging_rate_65plus":0.2996742671009772,"aging_rate_75plus":0.18811074918566775,"population_status":"0","population_status_target":null,"population_aggregation_target":null,"age_65plus_missing":false,"age_75plus_missing":false,"age_quality_flag":"ok","data_completeness":"complete"}},{"type":"Feature","geometry":{"type":"Polygon","coordinates":[[[132.8,33.8],[132.80625,33.8],[132.80625,33.80416666666667],[132.8,33.80416666666667],[132.8,33.8]]]},"properties":{"type":"Feature","mesh_id":"503256641","municipality_code":"38201","municipality":"松山市","total_population":379,"population_65plus":95,"population_75plus":43,"aging_rate_65plus":0.25065963060686014,"aging_rate_75plus":0.11345646437994723,"population_status":"0","population_status_target":null,"population_aggregation_target":null,"age_65plus_missing":false,"age_75plus_missing":false,"age_quality_flag":"ok","data_completeness":"complete"}},{"type":"Feature","geometry":{"type":"Polygon","coordinates":[[[132.8,33.80416666666667],[132.80625,33.80416666666667],[132.80625,33.80833333333334],[132.8,33.80833333333334],[132.8,33.80416666666667]]]},"properties":{"type":"Feature","mesh_id":"503256642","municipality_code":"38201","municipality":"松山市","total_population":715,"population_65plus":261,"population_75plus":145,"aging_rate_65plus":0.365034965034965,"aging_rate_75plus":0.20279720279720279,"population_status":"0","population_status_target":null,"population_aggregation_target":null,"age_65plus_missing":false,"age_75plus_missing":false,"age_quality_flag":"ok","data_completeness":"complete"}},{"type":"Feature","geometry":{"type":"Polygon","coordinates":[[[132.80625,33.8],[132.8125,33.8],[132.8125,33.80416666666667],[132.80625,33.80416666666667],[132.80625,33.8]]]},"properties":{"type":"Feature","mesh_id":"503256643","municipality_code":"38201","municipality":"松山市","total_population":1083,"population_65plus":265,"population_75plus":136,"aging_rate_65plus":0.24469067405355494,"aging_rate_75plus":0.12557710064635272,"population_status":"0","population_status_target":null,"population_aggregation_target":null,"age_65plus_missing":false,"age_75plus_missing":false,"age_quality_flag":"ok","data_completeness":"complete"}},{"type":"Feature","geometry":{"type":"Polygon","coordinates":[[[132.80625,33.80416666666667],[132.8125,33.80416666666667],[132.8125,33.80833333333334],[132.80625,33.80833333333334],[132.80625,33.80416666666667]]]},"properties":{"type":"Feature","mesh_id":"503256644","municipality_code":"38201","municipality":"松山市","total_population":1487,"population_65plus":456,"population_75plus":251,"aging_rate_65plus":0.3066577000672495,"aging_rate_75plus":0.16879623402824478,"population_status":"0","population_status_target":null,"population_aggregation_target":null,"age_65plus_missing":false,"age_75plus_missing":false,"age_quality_flag":"ok","data_completeness":"complete"}},{"type":"Feature","geometry":{"type":"Polygon","coordinates":[[[132.8125,33.8],[132.81875,33.8],[132.81875,33.80416666666667],[132.8125,33.80416666666667],[132.8125,33.8]]]},"properties":{"type":"Feature","mesh_id":"503256651","municipality_code":"38201","municipality":"松山市","total_population":275,"population_65plus":110,"population_75plus":48,"aging_rate_65plus":0.4,"aging_rate_75plus":0.17454545454545456,"population_status":"0","population_status_target":null,"population_aggregation_target":null,"age_65plus_missing":false,"age_75plus_missing":false,"age_quality_flag":"ok","data_completeness":"complete"}},{"type":"Feature","geometry":{"type":"Polygon","coordinates":[[[132.8125,33.80416666666667],[132.81875,33.80416666666667],[132.81875,33.80833333333334],[132.8125,33.80833333333334],[132.8125,33.80416666666667]]]},"properties":{"type":"Feature","mesh_id":"503256652","municipality_code":"38201","municipality":"松山市","total_population":478,"population_65plus":249,"population_75plus":148,"aging_rate_65plus":0.5209205020920502,"aging_rate_75plus":0.30962343096234307,"population_status":"0","population_status_target":null,"population_aggregation_target":null,"age_65plus_missing":false,"age_75plus_missing":false,"age_quality_flag":"ok","data_completeness":"complete"}},{"type":"Feature","geometry":{"type":"Polygon","coordinates":[[[132.81875,33.8],[132.825,33.8],[132.825,33.80416666666667],[132.81875,33.80416666666667],[132.81875,33.8]]]},"properties":{"type":"Feature","mesh_id":"503256653","municipality_code":"38201","municipality":"松山市","total_population":811,"population_65plus":377,"population_75plus":269,"aging_rate_65plus":0.4648581997533909,"aging_rate_75plus":0.3316892725030826,"population_status":"0","population_status_target":null,"population_aggregation_target":null,"age_65plus_missing":false,"age_75plus_missing":false,"age_quality_flag":"ok","data_completeness":"complete"}},{"type":"Feature","geometry":{"type":"Polygon","coordinates":[[[132.81875,33.80416666666667],[132.825,33.80416666666667],[132.825,33.80833333333334],[132.81875,33.80833333333334],[132.81875,33.80416666666667]]]},"properties":{"type":"Feature","mesh_id":"503256654","municipality_code":"38201","municipality":"松山市","total_population":100,"population_65plus":29,"population_75plus":19,"aging_rate_65plus":0.29,"aging_rate_75plus":0.19,"population_status":"0","population_status_target":null,"population_aggregation_target":null,"age_65plus_missing":false,"age_75plus_missing":false,"age_quality_flag":"ok","data_completeness":"complete"}},{"type":"Feature","geometry":{"type":"Polygon","coordinates":[[[132.825,33.8],[132.83124999999998,33.8],[132.83124999999998,33.80416666666667],[132.825,33.80416666666667],[132.825,33.8]]]},"properties":{"type":"Feature","mesh_id":"503256661","municipality_code":"38201","municipality":"松山市","total_population":338,"population_65plus":130,"population_75plus":63,"aging_rate_65plus":0.38461538461538464,"aging_rate_75plus":0.1863905325443787,"population_status":"0","population_status_target":null,"population_aggregation_target":null,"age_65plus_missing":false,"age_75plus_missing":false,"age_quality_flag":"ok","data_completeness":"complete"}},{"type":"Feature","geometry":{"type":"Polygon","coordinates":[[[132.825,33.80416666666667],[132.83124999999998,33.80416666666667],[132.83124999999998,33.80833333333334],[132.825,33.80833333333334],[132.825,33.80416666666667]]]},"properties":{"type":"Feature","mesh_id":"503256662","municipality_code":"38201","municipality":"松山市","total_population":2071,"population_65plus":657,"population_75plus":302,"aging_rate_65plus":0.3172380492515693,"aging_rate_75plus":0.14582327378078222,"population_status":"0","population_status_target":null,"population_aggregation_target":null,"age_65plus_missing":false,"age_75plus_missing":false,"age_quality_flag":"ok","data_completeness":"complete"}},{"type":"Feature","geometry":{"type":"Polygon","coordinates":[[[132.83124999999998,33.8],[132.83749999999998,33.8],[132.83749999999998,33.80416666666667],[132.83124999999998,33.80416666666667],[132.83124999999998,33.8]]]},"properties":{"type":"Feature","mesh_id":"503256663","municipality_code":"38201","municipality":"松山市","total_population":802,"population_65plus":287,"population_75plus":182,"aging_rate_65plus":0.35785536159601,"aging_rate_75plus":0.22693266832917705,"population_status":"0","population_status_target":null,"population_aggregation_target":null,"age_65plus_missing":false,"age_75plus_missing":false,"age_quality_flag":"ok","data_completeness":"complete"}},{"type":"Feature","geometry":{"type":"Polygon","coordinates":[[[132.83124999999998,33.80416666666667],[132.83749999999998,33.80416666666667],[132.83749999999998,33.80833333333334],[132.83124999999998,33.80833333333334],[132.83124999999998,33.80416666666667]]]},"properties":{"type":"Feature","mesh_id":"503256664","municipality_code":"38201","municipality":"松山市","total_population":1642,"population_65plus":432,"population_75plus":231,"aging_rate_65plus":0.2630937880633374,"aging_rate_75plus":0.14068209500609014,"population_status":"0","population_status_target":null,"population_aggregation_target":null,"age_65plus_missing":false,"age_75plus_missing":false,"age_quality_flag":"ok","data_completeness":"complete"}},{"type":"Feature","geometry":{"type":"Polygon","coordinates":[[[132.8375,33.8],[132.84375,33.8],[132.84375,33.80416666666667],[132.8375,33.80416666666667],[132.8375,33.8]]]},"properties":{"type":"Feature","mesh_id":"503256671","municipality_code":"38201","municipality":"松山市","total_population":1008,"population_65plus":287,"population_75plus":159,"aging_rate_65plus":0.2847222222222222,"aging_rate_75plus":0.15773809523809523,"population_status":"0","population_status_target":null,"population_aggregation_target":null,"age_65plus_missing":false,"age_75plus_missing":false,"age_quality_flag":"ok","data_completeness":"complete"}},{"type":"Feature","geometry":{"type":"Polygon","coordinates":[[[132.8375,33.80416666666667],[132.84375,33.80416666666667],[132.84375,33.80833333333334],[132.8375,33.80833333333334],[132.8375,33.80416666666667]]]},"properties":{"type":"Feature","mesh_id":"503256672","municipality_code":"38201","municipality":"松山市","total_population":128,"population_65plus":35,"population_75plus":15,"aging_rate_65plus":0.2734375,"aging_rate_75plus":0.1171875,"population_status":"0","population_status_target":null,"population_aggregation_target":null,"age_65plus_missing":false,"age_75plus_missing":false,"age_quality_flag":"ok","data_completeness":"complete"}},{"type":"Feature","geometry":{"type":"Polygon","coordinates":[[[132.84375,33.8],[132.85,33.8],[132.85,33.80416666666667],[132.84375,33.80416666666667],[132.84375,33.8]]]},"properties":{"type":"Feature","mesh_id":"503256673","municipality_code":"38201","municipality":"松山市","total_population":1433,"population_65plus":398,"population_75plus":210,"aging_rate_65plus":0.2777390090718772,"aging_rate_75plus":0.1465457083042568,"population_status":"0","population_status_target":null,"population_aggregation_target":null,"age_65plus_missing":false,"age_75plus_missing":false,"age_quality_flag":"ok","data_completeness":"complete"}},{"type":"Feature","geometry":{"type":"Polygon","coordinates":[[[132.84375,33.80416666666667],[132.85,33.80416666666667],[132.85,33.80833333333334],[132.84375,33.80833333333334],[132.84375,33.80416666666667]]]},"properties":{"type":"Feature","mesh_id":"503256674","municipality_code":"38201","municipality":"松山市","total_population":177,"population_65plus":62,"population_75plus":30,"aging_rate_65plus":0.3502824858757062,"aging_rate_75plus":0.1694915254237288,"population_status":"0","population_status_target":null,"population_aggregation_target":null,"age_65plus_missing":false,"age_75plus_missing":false,"age_quality_flag":"ok","data_completeness":"complete"}},{"type":"Feature","geometry":{"type":"Polygon","coordinates":[[[132.85,33.80416666666667],[132.85625,33.80416666666667],[132.85625,33.80833333333334],[132.85,33.80833333333334],[132.85,33.80416666666667]]]},"properties":{"type":"Feature","mesh_id":"503256682","municipality_code":"38201","municipality":"松山市","total_population":173,"population_65plus":46,"population_75plus":25,"aging_rate_65plus":0.2658959537572254,"aging_rate_75plus":0.14450867052023122,"population_status":"0","population_status_target":null,"population_aggregation_target":null,"age_65plus_missing":false,"age_75plus_missing":false,"age_quality_flag":"ok","data_completeness":"complete"}},{"type":"Feature","geometry":{"type":"Polygon","coordinates":[[[132.85625,33.80416666666667],[132.86249999999998,33.80416666666667],[132.86249999999998,33.80833333333334],[132.85625,33.80833333333334],[132.85625,33.80416666666667]]]},"properties":{"type":"Feature","mesh_id":"503256684","municipality_code":"38201","municipality":"松山市","total_population":109,"population_65plus":41,"population_75plus":26,"aging_rate_65plus":0.3761467889908257,"aging_rate_75plus":0.23853211009174313,"population_status":"0","population_status_target":null,"population_aggregation_target":null,"age_65plus_missing":false,"age_75plus_missing":false,"age_quality_flag":"ok","data_completeness":"complete"}},{"type":"Feature","geometry":{"type":"Polygon","coordinates":[[[132.75,33.80833333333333],[132.75625,33.80833333333333],[132.75625,33.8125],[132.75,33.8125],[132.75,33.80833333333333]]]},"properties":{"type":"Feature","mesh_id":"503256701","municipality_code":"38201","municipality":"松山市","total_population":2156,"population_65plus":541,"population_75plus":231,"aging_rate_65plus":0.25092764378478666,"aging_rate_75plus":0.10714285714285714,"population_status":"0","population_status_target":null,"population_aggregation_target":null,"age_65plus_missing":false,"age_75plus_missing":false,"age_quality_flag":"ok","data_completeness":"complete"}},{"type":"Feature","geometry":{"type":"Polygon","coordinates":[[[132.75,33.8125],[132.75625,33.8125],[132.75625,33.81666666666667],[132.75,33.81666666666667],[132.75,33.8125]]]},"properties":{"type":"Feature","mesh_id":"503256702","municipality_code":"38201","municipality":"松山市","total_population":1886,"population_65plus":507,"population_75plus":237,"aging_rate_65plus":0.26882290562036054,"aging_rate_75plus":0.1256627783669141,"population_status":"0","population_status_target":null,"population_aggregation_target":null,"age_65plus_missing":false,"age_75plus_missing":false,"age_quality_flag":"ok","data_completeness":"complete"}},{"type":"Feature","geometry":{"type":"Polygon","coordinates":[[[132.75625,33.80833333333333],[132.7625,33.80833333333333],[132.7625,33.8125],[132.75625,33.8125],[132.75625,33.80833333333333]]]},"properties":{"type":"Feature","mesh_id":"503256703","municipality_code":"38201","municipality":"松山市","total_population":2155,"population_65plus":636,"population_75plus":282,"aging_rate_65plus":0.2951276102088167,"aging_rate_75plus":0.1308584686774942,"population_status":"0","population_status_target":null,"population_aggregation_target":null,"age_65plus_missing":false,"age_75plus_missing":false,"age_quality_flag":"ok","data_completeness":"complete"}},{"type":"Feature","geometry":{"type":"Polygon","coordinates":[[[132.75625,33.8125],[132.7625,33.8125],[132.7625,33.81666666666667],[132.75625,33.81666666666667],[132.75625,33.8125]]]},"properties":{"type":"Feature","mesh_id":"503256704","municipality_code":"38201","municipality":"松山市","total_population":2270,"population_65plus":619,"population_75plus":301,"aging_rate_65plus":0.27268722466960355,"aging_rate_75plus":0.13259911894273127,"population_status":"0","population_status_target":null,"population_aggregation_target":null,"age_65plus_missing":false,"age_75plus_missing":false,"age_quality_flag":"ok","data_completeness":"complete"}},{"type":"Feature","geometry":{"type":"Polygon","coordinates":[[[132.7625,33.80833333333333],[132.76874999999998,33.80833333333333],[132.76874999999998,33.8125],[132.7625,33.8125],[132.7625,33.80833333333333]]]},"properties":{"type":"Feature","mesh_id":"503256711","municipality_code":"38201","municipality":"松山市","total_population":1936,"population_65plus":521,"population_75plus":262,"aging_rate_65plus":0.26911157024793386,"aging_rate_75plus":0.1353305785123967,"population_status":"0","population_status_target":null,"population_aggregation_target":null,"age_65plus_missing":false,"age_75plus_missing":false,"age_quality_flag":"ok","data_completeness":"complete"}},{"type":"Feature","geometry":{"type":"Polygon","coordinates":[[[132.7625,33.8125],[132.76874999999998,33.8125],[132.76874999999998,33.81666666666667],[132.7625,33.81666666666667],[132.7625,33.8125]]]},"properties":{"type":"Feature","mesh_id":"503256712","municipality_code":"38201","municipality":"松山市","total_population":2104,"population_65plus":561,"population_75plus":275,"aging_rate_65plus":0.2666349809885932,"aging_rate_75plus":0.13070342205323193,"population_status":"0","population_status_target":null,"population_aggregation_target":null,"age_65plus_missing":false,"age_75plus_missing":false,"age_quality_flag":"ok","data_completeness":"complete"}},{"type":"Feature","geometry":{"type":"Polygon","coordinates":[[[132.76874999999998,33.80833333333333],[132.77499999999998,33.80833333333333],[132.77499999999998,33.8125],[132.76874999999998,33.8125],[132.76874999999998,33.80833333333333]]]},"properties":{"type":"Feature","mesh_id":"503256713","municipality_code":"38201","municipality":"松山市","total_population":2727,"population_65plus":588,"population_75plus":261,"aging_rate_65plus":0.2156215621562156,"aging_rate_75plus":0.09570957095709572,"population_status":"0","population_status_target":null,"population_aggregation_target":null,"age_65plus_missing":false,"age_75plus_missing":false,"age_quality_flag":"ok","data_completeness":"complete"}},{"type":"Feature","geometry":{"type":"Polygon","coordinates":[[[132.76874999999998,33.8125],[132.77499999999998,33.8125],[132.77499999999998,33.81666666666667],[132.76874999999998,33.81666666666667],[132.76874999999998,33.8125]]]},"properties":{"type":"Feature","mesh_id":"503256714","municipality_code":"38201","municipality":"松山市","total_population":2605,"population_65plus":656,"population_75plus":346,"aging_rate_65plus":0.25182341650671786,"aging_rate_75plus":0.1328214971209213,"population_status":"0","population_status_target":null,"population_aggregation_target":null,"age_65plus_missing":false,"age_75plus_missing":false,"age_quality_flag":"ok","data_completeness":"complete"}},{"type":"Feature","geometry":{"type":"Polygon","coordinates":[[[132.775,33.80833333333333],[132.78125,33.80833333333333],[132.78125,33.8125],[132.775,33.8125],[132.775,33.80833333333333]]]},"properties":{"type":"Feature","mesh_id":"503256721","municipality_code":"38201","municipality":"松山市","total_population":1658,"population_65plus":351,"population_75plus":170,"aging_rate_65plus":0.21170084439083234,"aging_rate_75plus":0.10253317249698432,"population_status":"0","population_status_target":null,"population_aggregation_target":null,"age_65plus_missing":false,"age_75plus_missing":false,"age_quality_flag":"ok","data_completeness":"complete"}},{"type":"Feature","geometry":{"type":"Polygon","coordinates":[[[132.775,33.8125],[132.78125,33.8125],[132.78125,33.81666666666667],[132.775,33.81666666666667],[132.775,33.8125]]]},"properties":{"type":"Feature","mesh_id":"503256722","municipality_code":"38201","municipality":"松山市","total_population":2278,"population_65plus":583,"population_75plus":312,"aging_rate_65plus":0.2559262510974539,"aging_rate_75plus":0.1369622475856014,"population_status":"0","population_status_target":null,"population_aggregation_target":null,"age_65plus_missing":false,"age_75plus_missing":false,"age_quality_flag":"ok","data_completeness":"complete"}},{"type":"Feature","geometry":{"type":"Polygon","coordinates":[[[132.78125,33.80833333333333],[132.7875,33.80833333333333],[132.7875,33.8125],[132.78125,33.8125],[132.78125,33.80833333333333]]]},"properties":{"type":"Feature","mesh_id":"503256723","municipality_code":"38201","municipality":"松山市","total_population":2052,"population_65plus":483,"population_75plus":270,"aging_rate_65plus":0.23538011695906433,"aging_rate_75plus":0.13157894736842105,"population_status":"0","population_status_target":null,"population_aggregation_target":null,"age_65plus_missing":false,"age_75plus_missing":false,"age_quality_flag":"ok","data_completeness":"complete"}},{"type":"Feature","geometry":{"type":"Polygon","coordinates":[[[132.78125,33.8125],[132.7875,33.8125],[132.7875,33.81666666666667],[132.78125,33.81666666666667],[132.78125,33.8125]]]},"properties":{"type":"Feature","mesh_id":"503256724","municipality_code":"38201","municipality":"松山市","total_population":1428,"population_65plus":480,"population_75plus":241,"aging_rate_65plus":0.33613445378151263,"aging_rate_75plus":0.16876750700280113,"population_status":"0","population_status_target":null,"population_aggregation_target":null,"age_65plus_missing":false,"age_75plus_missing":false,"age_quality_flag":"ok","data_completeness":"complete"}},{"type":"Feature","geometry":{"type":"Polygon","coordinates":[[[132.7875,33.80833333333333],[132.79375,33.80833333333333],[132.79375,33.8125],[132.7875,33.8125],[132.7875,33.80833333333333]]]},"properties":{"type":"Feature","mesh_id":"503256731","municipality_code":"38201","municipality":"松山市","total_population":2055,"population_65plus":365,"population_75plus":144,"aging_rate_65plus":0.17761557177615572,"aging_rate_75plus":0.07007299270072993,"population_status":"0","population_status_target":null,"population_aggregation_target":null,"age_65plus_missing":false,"age_75plus_missing":false,"age_quality_flag":"ok","data_completeness":"complete"}},{"type":"Feature","geometry":{"type":"Polygon","coordinates":[[[132.7875,33.8125],[132.79375,33.8125],[132.79375,33.81666666666667],[132.7875,33.81666666666667],[132.7875,33.8125]]]},"properties":{"type":"Feature","mesh_id":"503256732","municipality_code":"38201","municipality":"松山市","total_population":1308,"population_65plus":283,"population_75plus":176,"aging_rate_65plus":0.21636085626911314,"aging_rate_75plus":0.1345565749235474,"population_status":"0","population_status_target":null,"population_aggregation_target":null,"age_65plus_missing":false,"age_75plus_missing":false,"age_quality_flag":"ok","data_completeness":"complete"}},{"type":"Feature","geometry":{"type":"Polygon","coordinates":[[[132.79375,33.80833333333333],[132.79999999999998,33.80833333333333],[132.79999999999998,33.8125],[132.79375,33.8125],[132.79375,33.80833333333333]]]},"properties":{"type":"Feature","mesh_id":"503256733","municipality_code":"38201","municipality":"松山市","total_population":1009,"population_65plus":194,"population_75plus":66,"aging_rate_65plus":0.19226957383548068,"aging_rate_75plus":0.06541129831516353,"population_status":"0","population_status_target":null,"population_aggregation_target":null,"age_65plus_missing":false,"age_75plus_missing":false,"age_quality_flag":"ok","data_completeness":"complete"}},{"type":"Feature","geometry":{"type":"Polygon","coordinates":[[[132.79375,33.8125],[132.79999999999998,33.8125],[132.79999999999998,33.81666666666667],[132.79375,33.81666666666667],[132.79375,33.8125]]]},"properties":{"type":"Feature","mesh_id":"503256734","municipality_code":"38201","municipality":"松山市","total_population":1473,"population_65plus":279,"population_75plus":136,"aging_rate_65plus":0.1894093686354379,"aging_rate_75plus":0.0923285811269518,"population_status":"0","population_status_target":null,"population_aggregation_target":null,"age_65plus_missing":false,"age_75plus_missing":false,"age_quality_flag":"ok","data_completeness":"complete"}},{"type":"Feature","geometry":{"type":"Polygon","coordinates":[[[132.8,33.80833333333333],[132.80625,33.80833333333333],[132.80625,33.8125],[132.8,33.8125],[132.8,33.80833333333333]]]},"properties":{"type":"Feature","mesh_id":"503256741","municipality_code":"38201","municipality":"松山市","total_population":1699,"population_65plus":414,"population_75plus":184,"aging_rate_65plus":0.24367274867569158,"aging_rate_75plus":0.10829899941141848,"population_status":"0","population_status_target":null,"population_aggregation_target":null,"age_65plus_missing":false,"age_75plus_missing":false,"age_quality_flag":"ok","data_completeness":"complete"}},{"type":"Feature","geometry":{"type":"Polygon","coordinates":[[[132.8,33.8125],[132.80625,33.8125],[132.80625,33.81666666666667],[132.8,33.81666666666667],[132.8,33.8125]]]},"properties":{"type":"Feature","mesh_id":"503256742","municipality_code":"38201","municipality":"松山市","total_population":1398,"population_65plus":333,"population_75plus":177,"aging_rate_65plus":0.23819742489270387,"aging_rate_75plus":0.12660944206008584,"population_status":"0","population_status_target":null,"population_aggregation_target":null,"age_65plus_missing":false,"age_75plus_missing":false,"age_quality_flag":"ok","data_completeness":"complete"}},{"type":"Feature","geometry":{"type":"Polygon","coordinates":[[[132.80625,33.80833333333333],[132.8125,33.80833333333333],[132.8125,33.8125],[132.80625,33.8125],[132.80625,33.80833333333333]]]},"properties":{"type":"Feature","mesh_id":"503256743","municipality_code":"38201","municipality":"松山市","total_population":2621,"population_65plus":654,"population_75plus":282,"aging_rate_65plus":0.24952308279282717,"aging_rate_75plus":0.10759252193819153,"population_status":"0","population_status_target":null,"population_aggregation_target":null,"age_65plus_missing":false,"age_75plus_missing":false,"age_quality_flag":"ok","data_completeness":"complete"}},{"type":"Feature","geometry":{"type":"Polygon","coordinates":[[[132.80625,33.8125],[132.8125,33.8125],[132.8125,33.81666666666667],[132.80625,33.81666666666667],[132.80625,33.8125]]]},"properties":{"type":"Feature","mesh_id":"503256744","municipality_code":"38201","municipality":"松山市","total_population":2165,"population_65plus":498,"population_75plus":234,"aging_rate_65plus":0.2300230946882217,"aging_rate_75plus":0.10808314087759816,"population_status":"0","population_status_target":null,"population_aggregation_target":null,"age_65plus_missing":false,"age_75plus_missing":false,"age_quality_flag":"ok","data_completeness":"complete"}},{"type":"Feature","geometry":{"type":"Polygon","coordinates":[[[132.8125,33.80833333333333],[132.81875,33.80833333333333],[132.81875,33.8125],[132.8125,33.8125],[132.8125,33.80833333333333]]]},"properties":{"type":"Feature","mesh_id":"503256751","municipality_code":"38201","municipality":"松山市","total_population":730,"population_65plus":182,"population_75plus":92,"aging_rate_65plus":0.2493150684931507,"aging_rate_75plus":0.12602739726027398,"population_status":"0","population_status_target":null,"population_aggregation_target":null,"age_65plus_missing":false,"age_75plus_missing":false,"age_quality_flag":"ok","data_completeness":"complete"}},{"type":"Feature","geometry":{"type":"Polygon","coordinates":[[[132.8125,33.8125],[132.81875,33.8125],[132.81875,33.81666666666667],[132.8125,33.81666666666667],[132.8125,33.8125]]]},"properties":{"type":"Feature","mesh_id":"503256752","municipality_code":"38201","municipality":"松山市","total_population":835,"population_65plus":214,"population_75plus":132,"aging_rate_65plus":0.2562874251497006,"aging_rate_75plus":0.15808383233532936,"population_status":"0","population_status_target":null,"population_aggregation_target":null,"age_65plus_missing":false,"age_75plus_missing":false,"age_quality_flag":"ok","data_completeness":"complete"}},{"type":"Feature","geometry":{"type":"Polygon","coordinates":[[[132.81875,33.80833333333333],[132.825,33.80833333333333],[132.825,33.8125],[132.81875,33.8125],[132.81875,33.80833333333333]]]},"properties":{"type":"Feature","mesh_id":"503256753","municipality_code":"38201","municipality":"松山市","total_population":756,"population_65plus":265,"population_75plus":162,"aging_rate_65plus":0.3505291005291005,"aging_rate_75plus":0.21428571428571427,"population_status":"0","population_status_target":null,"population_aggregation_target":null,"age_65plus_missing":false,"age_75plus_missing":false,"age_quality_flag":"ok","data_completeness":"complete"}},{"type":"Feature","geometry":{"type":"Polygon","coordinates":[[[132.81875,33.8125],[132.825,33.8125],[132.825,33.81666666666667],[132.81875,33.81666666666667],[132.81875,33.8125]]]},"properties":{"type":"Feature","mesh_id":"503256754","municipality_code":"38201","municipality":"松山市","total_population":435,"population_65plus":157,"population_75plus":61,"aging_rate_65plus":0.36091954022988504,"aging_rate_75plus":0.14022988505747128,"population_status":"0","population_status_target":null,"population_aggregation_target":null,"age_65plus_missing":false,"age_75plus_missing":false,"age_quality_flag":"ok","data_completeness":"complete"}},{"type":"Feature","geometry":{"type":"Polygon","coordinates":[[[132.825,33.80833333333333],[132.83124999999998,33.80833333333333],[132.83124999999998,33.8125],[132.825,33.8125],[132.825,33.80833333333333]]]},"properties":{"type":"Feature","mesh_id":"503256761","municipality_code":"38201","municipality":"松山市","total_population":910,"population_65plus":252,"population_75plus":135,"aging_rate_65plus":0.27692307692307694,"aging_rate_75plus":0.14835164835164835,"population_status":"0","population_status_target":null,"population_aggregation_target":null,"age_65plus_missing":false,"age_75plus_missing":false,"age_quality_flag":"ok","data_completeness":"complete"}},{"type":"Feature","geometry":{"type":"Polygon","coordinates":[[[132.825,33.8125],[132.83124999999998,33.8125],[132.83124999999998,33.81666666666667],[132.825,33.81666666666667],[132.825,33.8125]]]},"properties":{"type":"Feature","mesh_id":"503256762","municipality_code":"38201","municipality":"松山市","total_population":650,"population_65plus":256,"population_75plus":158,"aging_rate_65plus":0.39384615384615385,"aging_rate_75plus":0.24307692307692308,"population_status":"0","population_status_target":null,"population_aggregation_target":null,"age_65plus_missing":false,"age_75plus_missing":false,"age_quality_flag":"ok","data_completeness":"complete"}},{"type":"Feature","geometry":{"type":"Polygon","coordinates":[[[132.83124999999998,33.80833333333333],[132.83749999999998,33.80833333333333],[132.83749999999998,33.8125],[132.83124999999998,33.8125],[132.83124999999998,33.80833333333333]]]},"properties":{"type":"Feature","mesh_id":"503256763","municipality_code":"38201","municipality":"松山市","total_population":221,"population_65plus":66,"population_75plus":32,"aging_rate_65plus":0.2986425339366516,"aging_rate_75plus":0.14479638009049775,"population_status":"0","population_status_target":null,"population_aggregation_target":null,"age_65plus_missing":false,"age_75plus_missing":false,"age_quality_flag":"ok","data_completeness":"complete"}},{"type":"Feature","geometry":{"type":"Polygon","coordinates":[[[132.83124999999998,33.8125],[132.83749999999998,33.8125],[132.83749999999998,33.81666666666667],[132.83124999999998,33.81666666666667],[132.83124999999998,33.8125]]]},"properties":{"type":"Feature","mesh_id":"503256764","municipality_code":"38201","municipality":"松山市","total_population":154,"population_65plus":55,"population_75plus":21,"aging_rate_65plus":0.35714285714285715,"aging_rate_75plus":0.13636363636363635,"population_status":"0","population_status_target":null,"population_aggregation_target":null,"age_65plus_missing":false,"age_75plus_missing":false,"age_quality_flag":"ok","data_completeness":"complete"}},{"type":"Feature","geometry":{"type":"Polygon","coordinates":[[[132.8375,33.80833333333333],[132.84375,33.80833333333333],[132.84375,33.8125],[132.8375,33.8125],[132.8375,33.80833333333333]]]},"properties":{"type":"Feature","mesh_id":"503256771","municipality_code":"38201","municipality":"松山市","total_population":1092,"population_65plus":290,"population_75plus":122,"aging_rate_65plus":0.26556776556776557,"aging_rate_75plus":0.11172161172161173,"population_status":"0","population_status_target":null,"population_aggregation_target":null,"age_65plus_missing":false,"age_75plus_missing":false,"age_quality_flag":"ok","data_completeness":"complete"}},{"type":"Feature","geometry":{"type":"Polygon","coordinates":[[[132.8375,33.8125],[132.84375,33.8125],[132.84375,33.81666666666667],[132.8375,33.81666666666667],[132.8375,33.8125]]]},"properties":{"type":"Feature","mesh_id":"503256772","municipality_code":"38201","municipality":"松山市","total_population":348,"population_65plus":113,"population_75plus":58,"aging_rate_65plus":0.32471264367816094,"aging_rate_75plus":0.16666666666666666,"population_status":"0","population_status_target":null,"population_aggregation_target":null,"age_65plus_missing":false,"age_75plus_missing":false,"age_quality_flag":"ok","data_completeness":"complete"}},{"type":"Feature","geometry":{"type":"Polygon","coordinates":[[[132.84375,33.80833333333333],[132.85,33.80833333333333],[132.85,33.8125],[132.84375,33.8125],[132.84375,33.80833333333333]]]},"properties":{"type":"Feature","mesh_id":"503256773","municipality_code":"38201","municipality":"松山市","total_population":103,"population_65plus":29,"population_75plus":12,"aging_rate_65plus":0.2815533980582524,"aging_rate_75plus":0.11650485436893204,"population_status":"0","population_status_target":null,"population_aggregation_target":null,"age_65plus_missing":false,"age_75plus_missing":false,"age_quality_flag":"ok","data_completeness":"complete"}},{"type":"Feature","geometry":{"type":"Polygon","coordinates":[[[132.84375,33.8125],[132.85,33.8125],[132.85,33.81666666666667],[132.84375,33.81666666666667],[132.84375,33.8125]]]},"properties":{"type":"Feature","mesh_id":"503256774","municipality_code":"38201","municipality":"松山市","total_population":63,"population_65plus":17,"population_75plus":10,"aging_rate_65plus":0.2698412698412698,"aging_rate_75plus":0.15873015873015872,"population_status":"0","population_status_target":null,"population_aggregation_target":null,"age_65plus_missing":false,"age_75plus_missing":false,"age_quality_flag":"ok","data_completeness":"complete"}},{"type":"Feature","geometry":{"type":"Polygon","coordinates":[[[132.85,33.80833333333333],[132.85625,33.80833333333333],[132.85625,33.8125],[132.85,33.8125],[132.85,33.80833333333333]]]},"properties":{"type":"Feature","mesh_id":"503256781","municipality_code":"38201","municipality":"松山市","total_population":22,"population_65plus":14,"population_75plus":8,"aging_rate_65plus":0.6363636363636364,"aging_rate_75plus":0.36363636363636365,"population_status":"0","population_status_target":null,"population_aggregation_target":null,"age_65plus_missing":false,"age_75plus_missing":false,"age_quality_flag":"ok","data_completeness":"complete"}},{"type":"Feature","geometry":{"type":"Polygon","coordinates":[[[132.85,33.8125],[132.85625,33.8125],[132.85625,33.81666666666667],[132.85,33.81666666666667],[132.85,33.8125]]]},"properties":{"type":"Feature","mesh_id":"503256782","municipality_code":"38201","municipality":"松山市","total_population":81,"population_65plus":38,"population_75plus":21,"aging_rate_65plus":0.4691358024691358,"aging_rate_75plus":0.25925925925925924,"population_status":"0","population_status_target":null,"population_aggregation_target":null,"age_65plus_missing":false,"age_75plus_missing":false,"age_quality_flag":"ok","data_completeness":"complete"}},{"type":"Feature","geometry":{"type":"Polygon","coordinates":[[[132.85625,33.80833333333333],[132.86249999999998,33.80833333333333],[132.86249999999998,33.8125],[132.85625,33.8125],[132.85625,33.80833333333333]]]},"properties":{"type":"Feature","mesh_id":"503256783","municipality_code":"38201","municipality":"松山市","total_population":145,"population_65plus":140,"population_75plus":121,"aging_rate_65plus":0.9655172413793104,"aging_rate_75plus":0.8344827586206897,"population_status":"0","population_status_target":null,"population_aggregation_target":null,"age_65plus_missing":false,"age_75plus_missing":false,"age_quality_flag":"ok","data_completeness":"complete"}},{"type":"Feature","geometry":{"type":"Polygon","coordinates":[[[132.8625,33.8125],[132.86875,33.8125],[132.86875,33.81666666666667],[132.8625,33.81666666666667],[132.8625,33.8125]]]},"properties":{"type":"Feature","mesh_id":"503256792","municipality_code":"38201","municipality":"松山市","total_population":1,"population_65plus":null,"population_75plus":null,"aging_rate_65plus":null,"aging_rate_75plus":null,"population_status":"2","population_status_target":"503256694","population_aggregation_target":null,"age_65plus_missing":true,"age_75plus_missing":true,"age_quality_flag":"ok","data_completeness":"partial"}},{"type":"Feature","geometry":{"type":"Polygon","coordinates":[[[132.75,33.81666666666667],[132.75625,33.81666666666667],[132.75625,33.82083333333334],[132.75,33.82083333333334],[132.75,33.81666666666667]]]},"properties":{"type":"Feature","mesh_id":"503256801","municipality_code":"38201","municipality":"松山市","total_population":1956,"population_65plus":410,"population_75plus":192,"aging_rate_65plus":0.20961145194274028,"aging_rate_75plus":0.09815950920245399,"population_status":"0","population_status_target":null,"population_aggregation_target":null,"age_65plus_missing":false,"age_75plus_missing":false,"age_quality_flag":"ok","data_completeness":"complete"}},{"type":"Feature","geometry":{"type":"Polygon","coordinates":[[[132.75,33.82083333333334],[132.75625,33.82083333333334],[132.75625,33.82500000000001],[132.75,33.82500000000001],[132.75,33.82083333333334]]]},"properties":{"type":"Feature","mesh_id":"503256802","municipality_code":"38201","municipality":"松山市","total_population":1508,"population_65plus":329,"population_75plus":149,"aging_rate_65plus":0.21816976127320956,"aging_rate_75plus":0.09880636604774536,"population_status":"0","population_status_target":null,"population_aggregation_target":null,"age_65plus_missing":false,"age_75plus_missing":false,"age_quality_flag":"ok","data_completeness":"complete"}},{"type":"Feature","geometry":{"type":"Polygon","coordinates":[[[132.75625,33.81666666666667],[132.7625,33.81666666666667],[132.7625,33.82083333333334],[132.75625,33.82083333333334],[132.75625,33.81666666666667]]]},"properties":{"type":"Feature","mesh_id":"503256803","municipality_code":"38201","municipality":"松山市","total_population":1707,"population_65plus":343,"population_75plus":185,"aging_rate_65plus":0.20093731693028705,"aging_rate_75plus":0.10837727006444053,"population_status":"0","population_status_target":null,"population_aggregation_target":null,"age_65plus_missing":false,"age_75plus_missing":false,"age_quality_flag":"ok","data_completeness":"complete"}},{"type":"Feature","geometry":{"type":"Polygon","coordinates":[[[132.75625,33.82083333333334],[132.7625,33.82083333333334],[132.7625,33.82500000000001],[132.75625,33.82500000000001],[132.75625,33.82083333333334]]]},"properties":{"type":"Feature","mesh_id":"503256804","municipality_code":"38201","municipality":"松山市","total_population":1718,"population_65plus":390,"population_75plus":188,"aging_rate_65plus":0.2270081490104773,"aging_rate_75plus":0.10942956926658906,"population_status":"0","population_status_target":null,"population_aggregation_target":null,"age_65plus_missing":false,"age_75plus_missing":false,"age_quality_flag":"ok","data_completeness":"complete"}},{"type":"Feature","geometry":{"type":"Polygon","coordinates":[[[132.7625,33.81666666666667],[132.76874999999998,33.81666666666667],[132.76874999999998,33.82083333333334],[132.7625,33.82083333333334],[132.7625,33.81666666666667]]]},"properties":{"type":"Feature","mesh_id":"503256811","municipality_code":"38201","municipality":"松山市","total_population":1919,"population_65plus":394,"population_75plus":175,"aging_rate_65plus":0.20531526836894215,"aging_rate_75plus":0.09119332985930172,"population_status":"0","population_status_target":null,"population_aggregation_target":null,"age_65plus_missing":false,"age_75plus_missing":false,"age_quality_flag":"ok","data_completeness":"complete"}},{"type":"Feature","geometry":{"type":"Polygon","coordinates":[[[132.7625,33.82083333333334],[132.76874999999998,33.82083333333334],[132.76874999999998,33.82500000000001],[132.7625,33.82500000000001],[132.7625,33.82083333333334]]]},"properties":{"type":"Feature","mesh_id":"503256812","municipality_code":"38201","municipality":"松山市","total_population":2945,"population_65plus":699,"population_75plus":310,"aging_rate_65plus":0.23735144312393888,"aging_rate_75plus":0.10526315789473684,"population_status":"0","population_status_target":null,"population_aggregation_target":null,"age_65plus_missing":false,"age_75plus_missing":false,"age_quality_flag":"ok","data_completeness":"complete"}},{"type":"Feature","geometry":{"type":"Polygon","coordinates":[[[132.76874999999998,33.81666666666667],[132.77499999999998,33.81666666666667],[132.77499999999998,33.82083333333334],[132.76874999999998,33.82083333333334],[132.76874999999998,33.81666666666667]]]},"properties":{"type":"Feature","mesh_id":"503256813","municipality_code":"38201","municipality":"松山市","total_population":1319,"population_65plus":354,"population_75plus":201,"aging_rate_65plus":0.26838514025777105,"aging_rate_75plus":0.15238817285822592,"population_status":"0","population_status_target":null,"population_aggregation_target":null,"age_65plus_missing":false,"age_75plus_missing":false,"age_quality_flag":"ok","data_completeness":"complete"}},{"type":"Feature","geometry":{"type":"Polygon","coordinates":[[[132.76874999999998,33.82083333333334],[132.77499999999998,33.82083333333334],[132.77499999999998,33.82500000000001],[132.76874999999998,33.82500000000001],[132.76874999999998,33.82083333333334]]]},"properties":{"type":"Feature","mesh_id":"503256814","municipality_code":"38201","municipality":"松山市","total_population":1873,"population_65plus":466,"population_75plus":269,"aging_rate_65plus":0.24879871863320877,"aging_rate_75plus":0.1436198611852643,"population_status":"0","population_status_target":null,"population_aggregation_target":null,"age_65plus_missing":false,"age_75plus_missing":false,"age_quality_flag":"ok","data_completeness":"complete"}},{"type":"Feature","geometry":{"type":"Polygon","coordinates":[[[132.775,33.81666666666667],[132.78125,33.81666666666667],[132.78125,33.82083333333334],[132.775,33.82083333333334],[132.775,33.81666666666667]]]},"properties":{"type":"Feature","mesh_id":"503256821","municipality_code":"38201","municipality":"松山市","total_population":1671,"population_65plus":569,"population_75plus":381,"aging_rate_65plus":0.3405146618791143,"aging_rate_75plus":0.22800718132854578,"population_status":"0","population_status_target":null,"population_aggregation_target":null,"age_65plus_missing":false,"age_75plus_missing":false,"age_quality_flag":"ok","data_completeness":"complete"}},{"type":"Feature","geometry":{"type":"Polygon","coordinates":[[[132.775,33.82083333333334],[132.78125,33.82083333333334],[132.78125,33.82500000000001],[132.775,33.82500000000001],[132.775,33.82083333333334]]]},"properties":{"type":"Feature","mesh_id":"503256822","municipality_code":"38201","municipality":"松山市","total_population":1240,"population_65plus":407,"population_75plus":224,"aging_rate_65plus":0.3282258064516129,"aging_rate_75plus":0.18064516129032257,"population_status":"0","population_status_target":null,"population_aggregation_target":null,"age_65plus_missing":false,"age_75plus_missing":false,"age_quality_flag":"ok","data_completeness":"complete"}},{"type":"Feature","geometry":{"type":"Polygon","coordinates":[[[132.78125,33.81666666666667],[132.7875,33.81666666666667],[132.7875,33.82083333333334],[132.78125,33.82083333333334],[132.78125,33.81666666666667]]]},"properties":{"type":"Feature","mesh_id":"503256823","municipality_code":"38201","municipality":"松山市","total_population":1776,"population_65plus":428,"population_75plus":195,"aging_rate_65plus":0.240990990990991,"aging_rate_75plus":0.1097972972972973,"population_status":"0","population_status_target":null,"population_aggregation_target":null,"age_65plus_missing":false,"age_75plus_missing":false,"age_quality_flag":"ok","data_completeness":"complete"}},{"type":"Feature","geometry":{"type":"Polygon","coordinates":[[[132.78125,33.82083333333334],[132.7875,33.82083333333334],[132.7875,33.82500000000001],[132.78125,33.82500000000001],[132.78125,33.82083333333334]]]},"properties":{"type":"Feature","mesh_id":"503256824","municipality_code":"38201","municipality":"松山市","total_population":1874,"population_65plus":380,"population_75plus":206,"aging_rate_65plus":0.20277481323372465,"aging_rate_75plus":0.10992529348986126,"population_status":"0","population_status_target":null,"population_aggregation_target":null,"age_65plus_missing":false,"age_75plus_missing":false,"age_quality_flag":"ok","data_completeness":"complete"}},{"type":"Feature","geometry":{"type":"Polygon","coordinates":[[[132.7875,33.81666666666667],[132.79375,33.81666666666667],[132.79375,33.82083333333334],[132.7875,33.82083333333334],[132.7875,33.81666666666667]]]},"properties":{"type":"Feature","mesh_id":"503256831","municipality_code":"38201","municipality":"松山市","total_population":527,"population_65plus":158,"population_75plus":84,"aging_rate_65plus":0.2998102466793169,"aging_rate_75plus":0.15939278937381404,"population_status":"0","population_status_target":null,"population_aggregation_target":null,"age_65plus_missing":false,"age_75plus_missing":false,"age_quality_flag":"ok","data_completeness":"complete"}},{"type":"Feature","geometry":{"type":"Polygon","coordinates":[[[132.7875,33.82083333333334],[132.79375,33.82083333333334],[132.79375,33.82500000000001],[132.7875,33.82500000000001],[132.7875,33.82083333333334]]]},"properties":{"type":"Feature","mesh_id":"503256832","municipality_code":"38201","municipality":"松山市","total_population":1552,"population_65plus":344,"population_75plus":157,"aging_rate_65plus":0.22164948453608246,"aging_rate_75plus":0.10115979381443299,"population_status":"0","population_status_target":null,"population_aggregation_target":null,"age_65plus_missing":false,"age_75plus_missing":false,"age_quality_flag":"ok","data_completeness":"complete"}},{"type":"Feature","geometry":{"type":"Polygon","coordinates":[[[132.79375,33.81666666666667],[132.79999999999998,33.81666666666667],[132.79999999999998,33.82083333333334],[132.79375,33.82083333333334],[132.79375,33.81666666666667]]]},"properties":{"type":"Feature","mesh_id":"503256833","municipality_code":"38201","municipality":"松山市","total_population":1626,"population_65plus":347,"population_75plus":141,"aging_rate_65plus":0.2134071340713407,"aging_rate_75plus":0.08671586715867159,"population_status":"0","population_status_target":null,"population_aggregation_target":null,"age_65plus_missing":false,"age_75plus_missing":false,"age_quality_flag":"ok","data_completeness":"complete"}},{"type":"Feature","geometry":{"type":"Polygon","coordinates":[[[132.79375,33.82083333333334],[132.79999999999998,33.82083333333334],[132.79999999999998,33.82500000000001],[132.79375,33.82500000000001],[132.79375,33.82083333333334]]]},"properties":{"type":"Feature","mesh_id":"503256834","municipality_code":"38201","municipality":"松山市","total_population":1784,"population_65plus":452,"population_75plus":194,"aging_rate_65plus":0.2533632286995516,"aging_rate_75plus":0.10874439461883408,"population_status":"0","population_status_target":null,"population_aggregation_target":null,"age_65plus_missing":false,"age_75plus_missing":false,"age_quality_flag":"ok","data_completeness":"complete"}},{"type":"Feature","geometry":{"type":"Polygon","coordinates":[[[132.8,33.81666666666667],[132.80625,33.81666666666667],[132.80625,33.82083333333334],[132.8,33.82083333333334],[132.8,33.81666666666667]]]},"properties":{"type":"Feature","mesh_id":"503256841","municipality_code":"38201","municipality":"松山市","total_population":1698,"population_65plus":476,"population_75plus":218,"aging_rate_65plus":0.28032979976442873,"aging_rate_75plus":0.12838633686690223,"population_status":"0","population_status_target":null,"population_aggregation_target":null,"age_65plus_missing":false,"age_75plus_missing":false,"age_quality_flag":"ok","data_completeness":"complete"}},{"type":"Feature","geometry":{"type":"Polygon","coordinates":[[[132.8,33.82083333333334],[132.80625,33.82083333333334],[132.80625,33.82500000000001],[132.8,33.82500000000001],[132.8,33.82083333333334]]]},"properties":{"type":"Feature","mesh_id":"503256842","municipality_code":"38201","municipality":"松山市","total_population":218,"population_65plus":62,"population_75plus":37,"aging_rate_65plus":0.28440366972477066,"aging_rate_75plus":0.16972477064220184,"population_status":"0","population_status_target":null,"population_aggregation_target":null,"age_65plus_missing":false,"age_75plus_missing":false,"age_quality_flag":"ok","data_completeness":"complete"}},{"type":"Feature","geometry":{"type":"Polygon","coordinates":[[[132.80625,33.81666666666667],[132.8125,33.81666666666667],[132.8125,33.82083333333334],[132.80625,33.82083333333334],[132.80625,33.81666666666667]]]},"properties":{"type":"Feature","mesh_id":"503256843","municipality_code":"38201","municipality":"松山市","total_population":1490,"population_65plus":423,"population_75plus":203,"aging_rate_65plus":0.28389261744966443,"aging_rate_75plus":0.13624161073825503,"population_status":"0","population_status_target":null,"population_aggregation_target":null,"age_65plus_missing":false,"age_75plus_missing":false,"age_quality_flag":"ok","data_completeness":"complete"}},{"type":"Feature","geometry":{"type":"Polygon","coordinates":[[[132.8125,33.81666666666667],[132.81875,33.81666666666667],[132.81875,33.82083333333334],[132.8125,33.82083333333334],[132.8125,33.81666666666667]]]},"properties":{"type":"Feature","mesh_id":"503256851","municipality_code":"38201","municipality":"松山市","total_population":62,"population_65plus":26,"population_75plus":16,"aging_rate_65plus":0.41935483870967744,"aging_rate_75plus":0.25806451612903225,"population_status":"0","population_status_target":null,"population_aggregation_target":null,"age_65plus_missing":false,"age_75plus_missing":false,"age_quality_flag":"ok","data_completeness":"complete"}},{"type":"Feature","geometry":{"type":"Polygon","coordinates":[[[132.825,33.81666666666667],[132.83124999999998,33.81666666666667],[132.83124999999998,33.82083333333334],[132.825,33.82083333333334],[132.825,33.81666666666667]]]},"properties":{"type":"Feature","mesh_id":"503256861","municipality_code":"38201","municipality":"松山市","total_population":40,"population_65plus":14,"population_75plus":8,"aging_rate_65plus":0.35,"aging_rate_75plus":0.2,"population_status":"0","population_status_target":null,"population_aggregation_target":null,"age_65plus_missing":false,"age_75plus_missing":false,"age_quality_flag":"ok","data_completeness":"complete"}},{"type":"Feature","geometry":{"type":"Polygon","coordinates":[[[132.825,33.82083333333334],[132.83124999999998,33.82083333333334],[132.83124999999998,33.82500000000001],[132.825,33.82500000000001],[132.825,33.82083333333334]]]},"properties":{"type":"Feature","mesh_id":"503256862","municipality_code":"38201","municipality":"松山市","total_population":113,"population_65plus":52,"population_75plus":22,"aging_rate_65plus":0.46017699115044247,"aging_rate_75plus":0.19469026548672566,"population_status":"0","population_status_target":null,"population_aggregation_target":null,"age_65plus_missing":false,"age_75plus_missing":false,"age_quality_flag":"ok","data_completeness":"complete"}},{"type":"Feature","geometry":{"type":"Polygon","coordinates":[[[132.8375,33.82083333333334],[132.84375,33.82083333333334],[132.84375,33.82500000000001],[132.8375,33.82500000000001],[132.8375,33.82083333333334]]]},"properties":{"type":"Feature","mesh_id":"503256872","municipality_code":"38201","municipality":"松山市","total_population":61,"population_65plus":25,"population_75plus":12,"aging_rate_65plus":0.4098360655737705,"aging_rate_75plus":0.19672131147540983,"population_status":"0","population_status_target":null,"population_aggregation_target":null,"age_65plus_missing":false,"age_75plus_missing":false,"age_quality_flag":"ok","data_completeness":"complete"}},{"type":"Feature","geometry":{"type":"Polygon","coordinates":[[[132.85,33.81666666666667],[132.85625,33.81666666666667],[132.85625,33.82083333333334],[132.85,33.82083333333334],[132.85,33.81666666666667]]]},"properties":{"type":"Feature","mesh_id":"503256881","municipality_code":"38201","municipality":"松山市","total_population":9,"population_65plus":null,"population_75plus":null,"aging_rate_65plus":null,"aging_rate_75plus":null,"population_status":"2","population_status_target":"503256883","population_aggregation_target":null,"age_65plus_missing":true,"age_75plus_missing":true,"age_quality_flag":"ok","data_completeness":"partial"}},{"type":"Feature","geometry":{"type":"Polygon","coordinates":[[[132.85,33.82083333333334],[132.85625,33.82083333333334],[132.85625,33.82500000000001],[132.85,33.82500000000001],[132.85,33.82083333333334]]]},"properties":{"type":"Feature","mesh_id":"503256882","municipality_code":"38201","municipality":"松山市","total_population":3,"population_65plus":null,"population_75plus":null,"aging_rate_65plus":null,"aging_rate_75plus":null,"population_status":"2","population_status_target":"503256883","population_aggregation_target":null,"age_65plus_missing":true,"age_75plus_missing":true,"age_quality_flag":"ok","data_completeness":"partial"}},{"type":"Feature","geometry":{"type":"Polygon","coordinates":[[[132.85625,33.81666666666667],[132.86249999999998,33.81666666666667],[132.86249999999998,33.82083333333334],[132.85625,33.82083333333334],[132.85625,33.81666666666667]]]},"properties":{"type":"Feature","mesh_id":"503256883","municipality_code":"38201","municipality":"松山市","total_population":34,"population_65plus":24,"population_75plus":14,"aging_rate_65plus":0.7058823529411765,"aging_rate_75plus":0.4117647058823529,"population_status":"1","population_status_target":null,"population_aggregation_target":"503256881;503256882","age_65plus_missing":false,"age_75plus_missing":false,"age_quality_flag":"ok","data_completeness":"complete"}},{"type":"Feature","geometry":{"type":"Polygon","coordinates":[[[132.75,33.825],[132.75625,33.825],[132.75625,33.82916666666667],[132.75,33.82916666666667],[132.75,33.825]]]},"properties":{"type":"Feature","mesh_id":"503256901","municipality_code":"38201","municipality":"松山市","total_population":2258,"population_65plus":539,"population_75plus":270,"aging_rate_65plus":0.23870682019486272,"aging_rate_75plus":0.1195748449955713,"population_status":"0","population_status_target":null,"population_aggregation_target":null,"age_65plus_missing":false,"age_75plus_missing":false,"age_quality_flag":"ok","data_completeness":"complete"}},{"type":"Feature","geometry":{"type":"Polygon","coordinates":[[[132.75,33.82916666666667],[132.75625,33.82916666666667],[132.75625,33.83333333333334],[132.75,33.83333333333334],[132.75,33.82916666666667]]]},"properties":{"type":"Feature","mesh_id":"503256902","municipality_code":"38201","municipality":"松山市","total_population":2309,"population_65plus":643,"population_75plus":348,"aging_rate_65plus":0.27847553053269813,"aging_rate_75plus":0.15071459506279775,"population_status":"0","population_status_target":null,"population_aggregation_target":null,"age_65plus_missing":false,"age_75plus_missing":false,"age_quality_flag":"ok","data_completeness":"complete"}},{"type":"Feature","geometry":{"type":"Polygon","coordinates":[[[132.75625,33.825],[132.7625,33.825],[132.7625,33.82916666666667],[132.75625,33.82916666666667],[132.75625,33.825]]]},"properties":{"type":"Feature","mesh_id":"503256903","municipality_code":"38201","municipality":"松山市","total_population":3194,"population_65plus":769,"population_75plus":359,"aging_rate_65plus":0.24076393237319976,"aging_rate_75plus":0.1123982467125861,"population_status":"0","population_status_target":null,"population_aggregation_target":null,"age_65plus_missing":false,"age_75plus_missing":false,"age_quality_flag":"ok","data_completeness":"complete"}},{"type":"Feature","geometry":{"type":"Polygon","coordinates":[[[132.75625,33.82916666666667],[132.7625,33.82916666666667],[132.7625,33.83333333333334],[132.75625,33.83333333333334],[132.75625,33.82916666666667]]]},"properties":{"type":"Feature","mesh_id":"503256904","municipality_code":"38201","municipality":"松山市","total_population":1753,"population_65plus":382,"population_75plus":194,"aging_rate_65plus":0.21791215059897318,"aging_rate_75plus":0.11066742726754136,"population_status":"0","population_status_target":null,"population_aggregation_target":null,"age_65plus_missing":false,"age_75plus_missing":false,"age_quality_flag":"ok","data_completeness":"complete"}},{"type":"Feature","geometry":{"type":"Polygon","coordinates":[[[132.7625,33.825],[132.76874999999998,33.825],[132.76874999999998,33.82916666666667],[132.7625,33.82916666666667],[132.7625,33.825]]]},"properties":{"type":"Feature","mesh_id":"503256911","municipality_code":"38201","municipality":"松山市","total_population":1418,"population_65plus":377,"population_75plus":182,"aging_rate_65plus":0.26586741889985893,"aging_rate_75plus":0.12834978843441466,"population_status":"0","population_status_target":null,"population_aggregation_target":null,"age_65plus_missing":false,"age_75plus_missing":false,"age_quality_flag":"ok","data_completeness":"complete"}},{"type":"Feature","geometry":{"type":"Polygon","coordinates":[[[132.7625,33.82916666666667],[132.76874999999998,33.82916666666667],[132.76874999999998,33.83333333333334],[132.7625,33.83333333333334],[132.7625,33.82916666666667]]]},"properties":{"type":"Feature","mesh_id":"503256912","municipality_code":"38201","municipality":"松山市","total_population":3127,"population_65plus":877,"population_75plus":469,"aging_rate_65plus":0.280460505276623,"aging_rate_75plus":0.1499840102334506,"population_status":"0","population_status_target":null,"population_aggregation_target":null,"age_65plus_missing":false,"age_75plus_missing":false,"age_quality_flag":"ok","data_completeness":"complete"}},{"type":"Feature","geometry":{"type":"Polygon","coordinates":[[[132.76874999999998,33.825],[132.77499999999998,33.825],[132.77499999999998,33.82916666666667],[132.76874999999998,33.82916666666667],[132.76874999999998,33.825]]]},"properties":{"type":"Feature","mesh_id":"503256913","municipality_code":"38201","municipality":"松山市","total_population":1696,"population_65plus":447,"population_75plus":252,"aging_rate_65plus":0.263561320754717,"aging_rate_75plus":0.14858490566037735,"population_status":"0","population_status_target":null,"population_aggregation_target":null,"age_65plus_missing":false,"age_75plus_missing":false,"age_quality_flag":"ok","data_completeness":"complete"}},{"type":"Feature","geometry":{"type":"Polygon","coordinates":[[[132.76874999999998,33.82916666666667],[132.77499999999998,33.82916666666667],[132.77499999999998,33.83333333333334],[132.76874999999998,33.83333333333334],[132.76874999999998,33.82916666666667]]]},"properties":{"type":"Feature","mesh_id":"503256914","municipality_code":"38201","municipality":"松山市","total_population":2259,"population_65plus":691,"population_75plus":401,"aging_rate_65plus":0.3058875608676406,"aging_rate_75plus":0.17751217352810977,"population_status":"0","population_status_target":null,"population_aggregation_target":null,"age_65plus_missing":false,"age_75plus_missing":false,"age_quality_flag":"ok","data_completeness":"complete"}},{"type":"Feature","geometry":{"type":"Polygon","coordinates":[[[132.775,33.825],[132.78125,33.825],[132.78125,33.82916666666667],[132.775,33.82916666666667],[132.775,33.825]]]},"properties":{"type":"Feature","mesh_id":"503256921","municipality_code":"38201","municipality":"松山市","total_population":3146,"population_65plus":853,"population_75plus":438,"aging_rate_65plus":0.2711379529561348,"aging_rate_75plus":0.13922441195168467,"population_status":"0","population_status_target":null,"population_aggregation_target":null,"age_65plus_missing":false,"age_75plus_missing":false,"age_quality_flag":"ok","data_completeness":"complete"}},{"type":"Feature","geometry":{"type":"Polygon","coordinates":[[[132.775,33.82916666666667],[132.78125,33.82916666666667],[132.78125,33.83333333333334],[132.775,33.83333333333334],[132.775,33.82916666666667]]]},"properties":{"type":"Feature","mesh_id":"503256922","municipality_code":"38201","municipality":"松山市","total_population":1806,"population_65plus":488,"population_75plus":257,"aging_rate_65plus":0.2702104097452935,"aging_rate_75plus":0.14230343300110743,"population_status":"0","population_status_target":null,"population_aggregation_target":null,"age_65plus_missing":false,"age_75plus_missing":false,"age_quality_flag":"ok","data_completeness":"complete"}},{"type":"Feature","geometry":{"type":"Polygon","coordinates":[[[132.78125,33.825],[132.7875,33.825],[132.7875,33.82916666666667],[132.78125,33.82916666666667],[132.78125,33.825]]]},"properties":{"type":"Feature","mesh_id":"503256923","municipality_code":"38201","municipality":"松山市","total_population":2342,"population_65plus":644,"population_75plus":354,"aging_rate_65plus":0.2749786507258753,"aging_rate_75plus":0.1511528608027327,"population_status":"0","population_status_target":null,"population_aggregation_target":null,"age_65plus_missing":false,"age_75plus_missing":false,"age_quality_flag":"ok","data_completeness":"complete"}},{"type":"Feature","geometry":{"type":"Polygon","coordinates":[[[132.78125,33.82916666666667],[132.7875,33.82916666666667],[132.7875,33.83333333333334],[132.78125,33.83333333333334],[132.78125,33.82916666666667]]]},"properties":{"type":"Feature","mesh_id":"503256924","municipality_code":"38201","municipality":"松山市","total_population":1960,"population_65plus":508,"population_75plus":260,"aging_rate_65plus":0.25918367346938775,"aging_rate_75plus":0.1326530612244898,"population_status":"0","population_status_target":null,"population_aggregation_target":null,"age_65plus_missing":false,"age_75plus_missing":false,"age_quality_flag":"ok","data_completeness":"complete"}},{"type":"Feature","geometry":{"type":"Polygon","coordinates":[[[132.7875,33.825],[132.79375,33.825],[132.79375,33.82916666666667],[132.7875,33.82916666666667],[132.7875,33.825]]]},"properties":{"type":"Feature","mesh_id":"503256931","municipality_code":"38201","municipality":"松山市","total_population":2532,"population_65plus":612,"population_75plus":311,"aging_rate_65plus":0.24170616113744076,"aging_rate_75plus":0.12282780410742496,"population_status":"0","population_status_target":null,"population_aggregation_target":null,"age_65plus_missing":false,"age_75plus_missing":false,"age_quality_flag":"ok","data_completeness":"complete"}},{"type":"Feature","geometry":{"type":"Polygon","coordinates":[[[132.7875,33.82916666666667],[132.79375,33.82916666666667],[132.79375,33.83333333333334],[132.7875,33.83333333333334],[132.7875,33.82916666666667]]]},"properties":{"type":"Feature","mesh_id":"503256932","municipality_code":"38201","municipality":"松山市","total_population":2004,"population_65plus":521,"population_75plus":268,"aging_rate_65plus":0.25998003992015967,"aging_rate_75plus":0.13373253493013973,"population_status":"0","population_status_target":null,"population_aggregation_target":null,"age_65plus_missing":false,"age_75plus_missing":false,"age_quality_flag":"ok","data_completeness":"complete"}},{"type":"Feature","geometry":{"type":"Polygon","coordinates":[[[132.79375,33.825],[132.79999999999998,33.825],[132.79999999999998,33.82916666666667],[132.79375,33.82916666666667],[132.79375,33.825]]]},"properties":{"type":"Feature","mesh_id":"503256933","municipality_code":"38201","municipality":"松山市","total_population":2338,"population_65plus":499,"population_75plus":227,"aging_rate_65plus":0.21343028229255775,"aging_rate_75plus":0.09709153122326775,"population_status":"0","population_status_target":null,"population_aggregation_target":null,"age_65plus_missing":false,"age_75plus_missing":false,"age_quality_flag":"ok","data_completeness":"complete"}},{"type":"Feature","geometry":{"type":"Polygon","coordinates":[[[132.79375,33.82916666666667],[132.79999999999998,33.82916666666667],[132.79999999999998,33.83333333333334],[132.79375,33.83333333333334],[132.79375,33.82916666666667]]]},"properties":{"type":"Feature","mesh_id":"503256934","municipality_code":"38201","municipality":"松山市","total_population":1962,"population_65plus":502,"population_75plus":240,"aging_rate_65plus":0.2558613659531091,"aging_rate_75plus":0.12232415902140673,"population_status":"0","population_status_target":null,"population_aggregation_target":null,"age_65plus_missing":false,"age_75plus_missing":false,"age_quality_flag":"ok","data_completeness":"complete"}},{"type":"Feature","geometry":{"type":"Polygon","coordinates":[[[132.8,33.825],[132.80625,33.825],[132.80625,33.82916666666667],[132.8,33.82916666666667],[132.8,33.825]]]},"properties":{"type":"Feature","mesh_id":"503256941","municipality_code":"38201","municipality":"松山市","total_population":1082,"population_65plus":296,"population_75plus":138,"aging_rate_65plus":0.2735674676524954,"aging_rate_75plus":0.12754158964879853,"population_status":"0","population_status_target":null,"population_aggregation_target":null,"age_65plus_missing":false,"age_75plus_missing":false,"age_quality_flag":"ok","data_completeness":"complete"}},{"type":"Feature","geometry":{"type":"Polygon","coordinates":[[[132.80625,33.825],[132.8125,33.825],[132.8125,33.82916666666667],[132.80625,33.82916666666667],[132.80625,33.825]]]},"properties":{"type":"Feature","mesh_id":"503256943","municipality_code":"38201","municipality":"松山市","total_population":693,"population_65plus":220,"population_75plus":137,"aging_rate_65plus":0.31746031746031744,"aging_rate_75plus":0.1976911976911977,"population_status":"0","population_status_target":null,"population_aggregation_target":null,"age_65plus_missing":false,"age_75plus_missing":false,"age_quality_flag":"ok","data_completeness":"complete"}},{"type":"Feature","geometry":{"type":"Polygon","coordinates":[[[132.85,33.825],[132.85625,33.825],[132.85625,33.82916666666667],[132.85,33.82916666666667],[132.85,33.825]]]},"properties":{"type":"Feature","mesh_id":"503256981","municipality_code":"38201","municipality":"松山市","total_population":38,"population_65plus":18,"population_75plus":8,"aging_rate_65plus":0.47368421052631576,"aging_rate_75plus":0.21052631578947367,"population_status":"1","population_status_target":null,"population_aggregation_target":"503256982","age_65plus_missing":false,"age_75plus_missing":false,"age_quality_flag":"ok","data_completeness":"complete"}},{"type":"Feature","geometry":{"type":"Polygon","coordinates":[[[132.85,33.82916666666667],[132.85625,33.82916666666667],[132.85625,33.83333333333334],[132.85,33.83333333333334],[132.85,33.82916666666667]]]},"properties":{"type":"Feature","mesh_id":"503256982","municipality_code":"38201","municipality":"松山市","total_population":5,"population_65plus":null,"population_75plus":null,"aging_rate_65plus":null,"aging_rate_75plus":null,"population_status":"2","population_status_target":"503256981","population_aggregation_target":null,"age_65plus_missing":true,"age_75plus_missing":true,"age_quality_flag":"ok","data_completeness":"partial"}},{"type":"Feature","geometry":{"type":"Polygon","coordinates":[[[132.85625,33.825],[132.86249999999998,33.825],[132.86249999999998,33.82916666666667],[132.85625,33.82916666666667],[132.85625,33.825]]]},"properties":{"type":"Feature","mesh_id":"503256983","municipality_code":"38201","municipality":"松山市","total_population":27,"population_65plus":14,"population_75plus":7,"aging_rate_65plus":0.5185185185185185,"aging_rate_75plus":0.25925925925925924,"population_status":"0","population_status_target":null,"population_aggregation_target":null,"age_65plus_missing":false,"age_75plus_missing":false,"age_quality_flag":"ok","data_completeness":"complete"}},{"type":"Feature","geometry":{"type":"Polygon","coordinates":[[[132.7,33.837500000000006],[132.70624999999998,33.837500000000006],[132.70624999999998,33.841666666666676],[132.7,33.841666666666676],[132.7,33.837500000000006]]]},"properties":{"type":"Feature","mesh_id":"503265062","municipality_code":"38201","municipality":"松山市","total_population":578,"population_65plus":131,"population_75plus":65,"aging_rate_65plus":0.22664359861591696,"aging_rate_75plus":0.11245674740484429,"population_status":"0","population_status_target":null,"population_aggregation_target":null,"age_65plus_missing":false,"age_75plus_missing":false,"age_quality_flag":"ok","data_completeness":"complete"}},{"type":"Feature","geometry":{"type":"Polygon","coordinates":[[[132.70624999999998,33.837500000000006],[132.71249999999998,33.837500000000006],[132.71249999999998,33.841666666666676],[132.70624999999998,33.841666666666676],[132.70624999999998,33.837500000000006]]]},"properties":{"type":"Feature","mesh_id":"503265064","municipality_code":"38201","municipality":"松山市","total_population":629,"population_65plus":205,"population_75plus":103,"aging_rate_65plus":0.32591414944356123,"aging_rate_75plus":0.16375198728139906,"population_status":"0","population_status_target":null,"population_aggregation_target":null,"age_65plus_missing":false,"age_75plus_missing":false,"age_quality_flag":"ok","data_completeness":"complete"}},{"type":"Feature","geometry":{"type":"Polygon","coordinates":[[[132.7125,33.833333333333336],[132.71875,33.833333333333336],[132.71875,33.837500000000006],[132.7125,33.837500000000006],[132.7125,33.833333333333336]]]},"properties":{"type":"Feature","mesh_id":"503265071","municipality_code":"38201","municipality":"松山市","total_population":702,"population_65plus":243,"population_75plus":156,"aging_rate_65plus":0.34615384615384615,"aging_rate_75plus":0.2222222222222222,"population_status":"0","population_status_target":null,"population_aggregation_target":null,"age_65plus_missing":false,"age_75plus_missing":false,"age_quality_flag":"ok","data_completeness":"complete"}},{"type":"Feature","geometry":{"type":"Polygon","coordinates":[[[132.7125,33.837500000000006],[132.71875,33.837500000000006],[132.71875,33.841666666666676],[132.7125,33.841666666666676],[132.7125,33.837500000000006]]]},"properties":{"type":"Feature","mesh_id":"503265072","municipality_code":"38201","municipality":"松山市","total_population":1413,"population_65plus":537,"population_75plus":328,"aging_rate_65plus":0.38004246284501064,"aging_rate_75plus":0.23213021939136588,"population_status":"0","population_status_target":null,"population_aggregation_target":null,"age_65plus_missing":false,"age_75plus_missing":false,"age_quality_flag":"ok","data_completeness":"complete"}},{"type":"Feature","geometry":{"type":"Polygon","coordinates":[[[132.71875,33.833333333333336],[132.725,33.833333333333336],[132.725,33.837500000000006],[132.71875,33.837500000000006],[132.71875,33.833333333333336]]]},"properties":{"type":"Feature","mesh_id":"503265073","municipality_code":"38201","municipality":"松山市","total_population":134,"population_65plus":68,"population_75plus":51,"aging_rate_65plus":0.5074626865671642,"aging_rate_75plus":0.3805970149253731,"population_status":"0","population_status_target":null,"population_aggregation_target":null,"age_65plus_missing":false,"age_75plus_missing":false,"age_quality_flag":"ok","data_completeness":"complete"}},{"type":"Feature","geometry":{"type":"Polygon","coordinates":[[[132.71875,33.837500000000006],[132.725,33.837500000000006],[132.725,33.841666666666676],[132.71875,33.841666666666676],[132.71875,33.837500000000006]]]},"properties":{"type":"Feature","mesh_id":"503265074","municipality_code":"38201","municipality":"松山市","total_population":982,"population_65plus":310,"population_75plus":152,"aging_rate_65plus":0.31568228105906315,"aging_rate_75plus":0.15478615071283094,"population_status":"0","population_status_target":null,"population_aggregation_target":null,"age_65plus_missing":false,"age_75plus_missing":false,"age_quality_flag":"ok","data_completeness":"complete"}},{"type":"Feature","geometry":{"type":"Polygon","coordinates":[[[132.725,33.833333333333336],[132.73125,33.833333333333336],[132.73125,33.837500000000006],[132.725,33.837500000000006],[132.725,33.833333333333336]]]},"properties":{"type":"Feature","mesh_id":"503265081","municipality_code":"38201","municipality":"松山市","total_population":2054,"population_65plus":430,"population_75plus":183,"aging_rate_65plus":0.20934761441090555,"aging_rate_75plus":0.08909444985394352,"population_status":"0","population_status_target":null,"population_aggregation_target":null,"age_65plus_missing":false,"age_75plus_missing":false,"age_quality_flag":"ok","data_completeness":"complete"}},{"type":"Feature","geometry":{"type":"Polygon","coordinates":[[[132.725,33.837500000000006],[132.73125,33.837500000000006],[132.73125,33.841666666666676],[132.725,33.841666666666676],[132.725,33.837500000000006]]]},"properties":{"type":"Feature","mesh_id":"503265082","municipality_code":"38201","municipality":"松山市","total_population":1772,"population_65plus":584,"population_75plus":347,"aging_rate_65plus":0.3295711060948081,"aging_rate_75plus":0.19582392776523702,"population_status":"0","population_status_target":null,"population_aggregation_target":null,"age_65plus_missing":false,"age_75plus_missing":false,"age_quality_flag":"ok","data_completeness":"complete"}},{"type":"Feature","geometry":{"type":"Polygon","coordinates":[[[132.73125,33.833333333333336],[132.73749999999998,33.833333333333336],[132.73749999999998,33.837500000000006],[132.73125,33.837500000000006],[132.73125,33.833333333333336]]]},"properties":{"type":"Feature","mesh_id":"503265083","municipality_code":"38201","municipality":"松山市","total_population":1239,"population_65plus":298,"population_75plus":128,"aging_rate_65plus":0.24051654560129138,"aging_rate_75plus":0.1033091202582728,"population_status":"0","population_status_target":null,"population_aggregation_target":null,"age_65plus_missing":false,"age_75plus_missing":false,"age_quality_flag":"ok","data_completeness":"complete"}},{"type":"Feature","geometry":{"type":"Polygon","coordinates":[[[132.73125,33.837500000000006],[132.73749999999998,33.837500000000006],[132.73749999999998,33.841666666666676],[132.73125,33.841666666666676],[132.73125,33.837500000000006]]]},"properties":{"type":"Feature","mesh_id":"503265084","municipality_code":"38201","municipality":"松山市","total_population":295,"population_65plus":85,"population_75plus":40,"aging_rate_65plus":0.288135593220339,"aging_rate_75plus":0.13559322033898305,"population_status":"0","population_status_target":null,"population_aggregation_target":null,"age_65plus_missing":false,"age_75plus_missing":false,"age_quality_flag":"ok","data_completeness":"complete"}},{"type":"Feature","geometry":{"type":"Polygon","coordinates":[[[132.7375,33.833333333333336],[132.74375,33.833333333333336],[132.74375,33.837500000000006],[132.7375,33.837500000000006],[132.7375,33.833333333333336]]]},"properties":{"type":"Feature","mesh_id":"503265091","municipality_code":"38201","municipality":"松山市","total_population":1393,"population_65plus":319,"population_75plus":171,"aging_rate_65plus":0.2290021536252692,"aging_rate_75plus":0.12275664034458005,"population_status":"0","population_status_target":null,"population_aggregation_target":null,"age_65plus_missing":false,"age_75plus_missing":false,"age_quality_flag":"ok","data_completeness":"complete"}},{"type":"Feature","geometry":{"type":"Polygon","coordinates":[[[132.7375,33.837500000000006],[132.74375,33.837500000000006],[132.74375,33.841666666666676],[132.7375,33.841666666666676],[132.7375,33.837500000000006]]]},"properties":{"type":"Feature","mesh_id":"503265092","municipality_code":"38201","municipality":"松山市","total_population":1197,"population_65plus":182,"population_75plus":85,"aging_rate_65plus":0.15204678362573099,"aging_rate_75plus":0.07101086048454469,"population_status":"0","population_status_target":null,"population_aggregation_target":null,"age_65plus_missing":false,"age_75plus_missing":false,"age_quality_flag":"ok","data_completeness":"complete"}},{"type":"Feature","geometry":{"type":"Polygon","coordinates":[[[132.74375,33.833333333333336],[132.75,33.833333333333336],[132.75,33.837500000000006],[132.74375,33.837500000000006],[132.74375,33.833333333333336]]]},"properties":{"type":"Feature","mesh_id":"503265093","municipality_code":"38201","municipality":"松山市","total_population":1606,"population_65plus":448,"population_75plus":227,"aging_rate_65plus":0.27895392278953923,"aging_rate_75plus":0.14134495641344957,"population_status":"0","population_status_target":null,"population_aggregation_target":null,"age_65plus_missing":false,"age_75plus_missing":false,"age_quality_flag":"ok","data_completeness":"complete"}},{"type":"Feature","geometry":{"type":"Polygon","coordinates":[[[132.74375,33.837500000000006],[132.75,33.837500000000006],[132.75,33.841666666666676],[132.74375,33.841666666666676],[132.74375,33.837500000000006]]]},"properties":{"type":"Feature","mesh_id":"503265094","municipality_code":"38201","municipality":"松山市","total_population":2009,"population_65plus":517,"population_75plus":272,"aging_rate_65plus":0.2573419611747138,"aging_rate_75plus":0.13539074166251866,"population_status":"0","population_status_target":null,"population_aggregation_target":null,"age_65plus_missing":false,"age_75plus_missing":false,"age_quality_flag":"ok","data_completeness":"complete"}},{"type":"Feature","geometry":{"type":"Polygon","coordinates":[[[132.7,33.84583333333334],[132.70624999999998,33.84583333333334],[132.70624999999998,33.85000000000001],[132.7,33.85000000000001],[132.7,33.84583333333334]]]},"properties":{"type":"Feature","mesh_id":"503265162","municipality_code":"38201","municipality":"松山市","total_population":16,"population_65plus":10,"population_75plus":5,"aging_rate_65plus":0.625,"aging_rate_75plus":0.3125,"population_status":"1","population_status_target":null,"population_aggregation_target":"503265164","age_65plus_missing":false,"age_75plus_missing":false,"age_quality_flag":"ok","data_completeness":"complete"}},{"type":"Feature","geometry":{"type":"Polygon","coordinates":[[[132.70624999999998,33.84583333333334],[132.71249999999998,33.84583333333334],[132.71249999999998,33.85000000000001],[132.70624999999998,33.85000000000001],[132.70624999999998,33.84583333333334]]]},"properties":{"type":"Feature","mesh_id":"503265164","municipality_code":"38201","municipality":"松山市","total_population":4,"population_65plus":null,"population_75plus":null,"aging_rate_65plus":null,"aging_rate_75plus":null,"population_status":"2","population_status_target":"503265162","population_aggregation_target":null,"age_65plus_missing":true,"age_75plus_missing":true,"age_quality_flag":"ok","data_completeness":"partial"}},{"type":"Feature","geometry":{"type":"Polygon","coordinates":[[[132.7125,33.84583333333334],[132.71875,33.84583333333334],[132.71875,33.85000000000001],[132.7125,33.85000000000001],[132.7125,33.84583333333334]]]},"properties":{"type":"Feature","mesh_id":"503265172","municipality_code":"38201","municipality":"松山市","total_population":1313,"population_65plus":294,"population_75plus":116,"aging_rate_65plus":0.22391469916222392,"aging_rate_75plus":0.08834729626808835,"population_status":"0","population_status_target":null,"population_aggregation_target":null,"age_65plus_missing":false,"age_75plus_missing":false,"age_quality_flag":"ok","data_completeness":"complete"}},{"type":"Feature","geometry":{"type":"Polygon","coordinates":[[[132.71875,33.84166666666667],[132.725,33.84166666666667],[132.725,33.84583333333334],[132.71875,33.84583333333334],[132.71875,33.84166666666667]]]},"properties":{"type":"Feature","mesh_id":"503265173","municipality_code":"38201","municipality":"松山市","total_population":1305,"population_65plus":329,"population_75plus":131,"aging_rate_65plus":0.25210727969348656,"aging_rate_75plus":0.10038314176245211,"population_status":"0","population_status_target":null,"population_aggregation_target":null,"age_65plus_missing":false,"age_75plus_missing":false,"age_quality_flag":"ok","data_completeness":"complete"}},{"type":"Feature","geometry":{"type":"Polygon","coordinates":[[[132.71875,33.84583333333334],[132.725,33.84583333333334],[132.725,33.85000000000001],[132.71875,33.85000000000001],[132.71875,33.84583333333334]]]},"properties":{"type":"Feature","mesh_id":"503265174","municipality_code":"38201","municipality":"松山市","total_population":1588,"population_65plus":359,"population_75plus":142,"aging_rate_65plus":0.2260705289672544,"aging_rate_75plus":0.08942065491183879,"population_status":"0","population_status_target":null,"population_aggregation_target":null,"age_65plus_missing":false,"age_75plus_missing":false,"age_quality_flag":"ok","data_completeness":"complete"}},{"type":"Feature","geometry":{"type":"Polygon","coordinates":[[[132.725,33.84166666666667],[132.73125,33.84166666666667],[132.73125,33.84583333333334],[132.725,33.84583333333334],[132.725,33.84166666666667]]]},"properties":{"type":"Feature","mesh_id":"503265181","municipality_code":"38201","municipality":"松山市","total_population":1322,"population_65plus":357,"population_75plus":176,"aging_rate_65plus":0.2700453857791225,"aging_rate_75plus":0.13313161875945537,"population_status":"0","population_status_target":null,"population_aggregation_target":null,"age_65plus_missing":false,"age_75plus_missing":false,"age_quality_flag":"ok","data_completeness":"complete"}},{"type":"Feature","geometry":{"type":"Polygon","coordinates":[[[132.725,33.84583333333334],[132.73125,33.84583333333334],[132.73125,33.85000000000001],[132.725,33.85000000000001],[132.725,33.84583333333334]]]},"properties":{"type":"Feature","mesh_id":"503265182","municipality_code":"38201","municipality":"松山市","total_population":977,"population_65plus":216,"population_75plus":88,"aging_rate_65plus":0.2210849539406346,"aging_rate_75plus":0.09007164790174002,"population_status":"0","population_status_target":null,"population_aggregation_target":null,"age_65plus_missing":false,"age_75plus_missing":false,"age_quality_flag":"ok","data_completeness":"complete"}},{"type":"Feature","geometry":{"type":"Polygon","coordinates":[[[132.73125,33.84166666666667],[132.73749999999998,33.84166666666667],[132.73749999999998,33.84583333333334],[132.73125,33.84583333333334],[132.73125,33.84166666666667]]]},"properties":{"type":"Feature","mesh_id":"503265183","municipality_code":"38201","municipality":"松山市","total_population":821,"population_65plus":200,"population_75plus":75,"aging_rate_65plus":0.243605359317905,"aging_rate_75plus":0.09135200974421437,"population_status":"0","population_status_target":null,"population_aggregation_target":null,"age_65plus_missing":false,"age_75plus_missing":false,"age_quality_flag":"ok","data_completeness":"complete"}},{"type":"Feature","geometry":{"type":"Polygon","coordinates":[[[132.73125,33.84583333333334],[132.73749999999998,33.84583333333334],[132.73749999999998,33.85000000000001],[132.73125,33.85000000000001],[132.73125,33.84583333333334]]]},"properties":{"type":"Feature","mesh_id":"503265184","municipality_code":"38201","municipality":"松山市","total_population":1278,"population_65plus":381,"population_75plus":202,"aging_rate_65plus":0.2981220657276995,"aging_rate_75plus":0.15805946791862285,"population_status":"0","population_status_target":null,"population_aggregation_target":null,"age_65plus_missing":false,"age_75plus_missing":false,"age_quality_flag":"ok","data_completeness":"complete"}},{"type":"Feature","geometry":{"type":"Polygon","coordinates":[[[132.7375,33.84583333333334],[132.74375,33.84583333333334],[132.74375,33.85000000000001],[132.7375,33.85000000000001],[132.7375,33.84583333333334]]]},"properties":{"type":"Feature","mesh_id":"503265192","municipality_code":"38201","municipality":"松山市","total_population":1871,"population_65plus":397,"population_75plus":183,"aging_rate_65plus":0.21218599679315875,"aging_rate_75plus":0.09780865847140567,"population_status":"0","population_status_target":null,"population_aggregation_target":null,"age_65plus_missing":false,"age_75plus_missing":false,"age_quality_flag":"ok","data_completeness":"complete"}},{"type":"Feature","geometry":{"type":"Polygon","coordinates":[[[132.74375,33.84166666666667],[132.75,33.84166666666667],[132.75,33.84583333333334],[132.74375,33.84583333333334],[132.74375,33.84166666666667]]]},"properties":{"type":"Feature","mesh_id":"503265193","municipality_code":"38201","municipality":"松山市","total_population":1808,"population_65plus":500,"population_75plus":218,"aging_rate_65plus":0.27654867256637167,"aging_rate_75plus":0.12057522123893805,"population_status":"0","population_status_target":null,"population_aggregation_target":null,"age_65plus_missing":false,"age_75plus_missing":false,"age_quality_flag":"ok","data_completeness":"complete"}},{"type":"Feature","geometry":{"type":"Polygon","coordinates":[[[132.74375,33.84583333333334],[132.75,33.84583333333334],[132.75,33.85000000000001],[132.74375,33.85000000000001],[132.74375,33.84583333333334]]]},"properties":{"type":"Feature","mesh_id":"503265194","municipality_code":"38201","municipality":"松山市","total_population":2206,"population_65plus":571,"population_75plus":278,"aging_rate_65plus":0.25883952855847686,"aging_rate_75plus":0.12601994560290117,"population_status":"0","population_status_target":null,"population_aggregation_target":null,"age_65plus_missing":false,"age_75plus_missing":false,"age_quality_flag":"ok","data_completeness":"complete"}},{"type":"Feature","geometry":{"type":"Polygon","coordinates":[[[132.7125,33.85],[132.71875,33.85],[132.71875,33.85416666666667],[132.7125,33.85416666666667],[132.7125,33.85]]]},"properties":{"type":"Feature","mesh_id":"503265271","municipality_code":"38201","municipality":"松山市","total_population":1605,"population_65plus":429,"population_75plus":214,"aging_rate_65plus":0.2672897196261682,"aging_rate_75plus":0.13333333333333333,"population_status":"1","population_status_target":null,"population_aggregation_target":"503265262","age_65plus_missing":false,"age_75plus_missing":false,"age_quality_flag":"ok","data_completeness":"complete"}},{"type":"Feature","geometry":{"type":"Polygon","coordinates":[[[132.7125,33.85416666666667],[132.71875,33.85416666666667],[132.71875,33.85833333333334],[132.7125,33.85833333333334],[132.7125,33.85416666666667]]]},"properties":{"type":"Feature","mesh_id":"503265272","municipality_code":"38201","municipality":"松山市","total_population":1422,"population_65plus":414,"population_75plus":232,"aging_rate_65plus":0.2911392405063291,"aging_rate_75plus":0.1631504922644163,"population_status":"0","population_status_target":null,"population_aggregation_target":null,"age_65plus_missing":false,"age_75plus_missing":false,"age_quality_flag":"ok","data_completeness":"complete"}},{"type":"Feature","geometry":{"type":"Polygon","coordinates":[[[132.71875,33.85],[132.725,33.85],[132.725,33.85416666666667],[132.71875,33.85416666666667],[132.71875,33.85]]]},"properties":{"type":"Feature","mesh_id":"503265273","municipality_code":"38201","municipality":"松山市","total_population":1069,"population_65plus":311,"population_75plus":164,"aging_rate_65plus":0.2909260991580917,"aging_rate_75plus":0.15341440598690365,"population_status":"0","population_status_target":null,"population_aggregation_target":null,"age_65plus_missing":false,"age_75plus_missing":false,"age_quality_flag":"ok","data_completeness":"complete"}},{"type":"Feature","geometry":{"type":"Polygon","coordinates":[[[132.71875,33.85416666666667],[132.725,33.85416666666667],[132.725,33.85833333333334],[132.71875,33.85833333333334],[132.71875,33.85416666666667]]]},"properties":{"type":"Feature","mesh_id":"503265274","municipality_code":"38201","municipality":"松山市","total_population":1613,"population_65plus":551,"population_75plus":250,"aging_rate_65plus":0.3415995040297582,"aging_rate_75plus":0.15499070055796652,"population_status":"0","population_status_target":null,"population_aggregation_target":null,"age_65plus_missing":false,"age_75plus_missing":false,"age_quality_flag":"ok","data_completeness":"complete"}},{"type":"Feature","geometry":{"type":"Polygon","coordinates":[[[132.725,33.85],[132.73125,33.85],[132.73125,33.85416666666667],[132.725,33.85416666666667],[132.725,33.85]]]},"properties":{"type":"Feature","mesh_id":"503265281","municipality_code":"38201","municipality":"松山市","total_population":1505,"population_65plus":482,"population_75plus":208,"aging_rate_65plus":0.320265780730897,"aging_rate_75plus":0.1382059800664452,"population_status":"0","population_status_target":null,"population_aggregation_target":null,"age_65plus_missing":false,"age_75plus_missing":false,"age_quality_flag":"ok","data_completeness":"complete"}},{"type":"Feature","geometry":{"type":"Polygon","coordinates":[[[132.725,33.85416666666667],[132.73125,33.85416666666667],[132.73125,33.85833333333334],[132.725,33.85833333333334],[132.725,33.85416666666667]]]},"properties":{"type":"Feature","mesh_id":"503265282","municipality_code":"38201","municipality":"松山市","total_population":282,"population_65plus":76,"population_75plus":39,"aging_rate_65plus":0.2695035460992908,"aging_rate_75plus":0.13829787234042554,"population_status":"0","population_status_target":null,"population_aggregation_target":null,"age_65plus_missing":false,"age_75plus_missing":false,"age_quality_flag":"ok","data_completeness":"complete"}},{"type":"Feature","geometry":{"type":"Polygon","coordinates":[[[132.73125,33.85],[132.73749999999998,33.85],[132.73749999999998,33.85416666666667],[132.73125,33.85416666666667],[132.73125,33.85]]]},"properties":{"type":"Feature","mesh_id":"503265283","municipality_code":"38201","municipality":"松山市","total_population":1337,"population_65plus":503,"population_75plus":301,"aging_rate_65plus":0.37621540762902017,"aging_rate_75plus":0.225130890052356,"population_status":"0","population_status_target":null,"population_aggregation_target":null,"age_65plus_missing":false,"age_75plus_missing":false,"age_quality_flag":"ok","data_completeness":"complete"}},{"type":"Feature","geometry":{"type":"Polygon","coordinates":[[[132.73125,33.85416666666667],[132.73749999999998,33.85416666666667],[132.73749999999998,33.85833333333334],[132.73125,33.85833333333334],[132.73125,33.85416666666667]]]},"properties":{"type":"Feature","mesh_id":"503265284","municipality_code":"38201","municipality":"松山市","total_population":841,"population_65plus":207,"population_75plus":95,"aging_rate_65plus":0.24613555291319858,"aging_rate_75plus":0.11296076099881094,"population_status":"0","population_status_target":null,"population_aggregation_target":null,"age_65plus_missing":false,"age_75plus_missing":false,"age_quality_flag":"ok","data_completeness":"complete"}},{"type":"Feature","geometry":{"type":"Polygon","coordinates":[[[132.7375,33.85],[132.74375,33.85],[132.74375,33.85416666666667],[132.7375,33.85416666666667],[132.7375,33.85]]]},"properties":{"type":"Feature","mesh_id":"503265291","municipality_code":"38201","municipality":"松山市","total_population":1409,"population_65plus":423,"population_75plus":251,"aging_rate_65plus":0.30021291696238467,"aging_rate_75plus":0.17814052519517387,"population_status":"0","population_status_target":null,"population_aggregation_target":null,"age_65plus_missing":false,"age_75plus_missing":false,"age_quality_flag":"ok","data_completeness":"complete"}},{"type":"Feature","geometry":{"type":"Polygon","coordinates":[[[132.7375,33.85416666666667],[132.74375,33.85416666666667],[132.74375,33.85833333333334],[132.7375,33.85833333333334],[132.7375,33.85416666666667]]]},"properties":{"type":"Feature","mesh_id":"503265292","municipality_code":"38201","municipality":"松山市","total_population":1281,"population_65plus":315,"population_75plus":186,"aging_rate_65plus":0.2459016393442623,"aging_rate_75plus":0.1451990632318501,"population_status":"0","population_status_target":null,"population_aggregation_target":null,"age_65plus_missing":false,"age_75plus_missing":false,"age_quality_flag":"ok","data_completeness":"complete"}},{"type":"Feature","geometry":{"type":"Polygon","coordinates":[[[132.74375,33.85],[132.75,33.85],[132.75,33.85416666666667],[132.74375,33.85416666666667],[132.74375,33.85]]]},"properties":{"type":"Feature","mesh_id":"503265293","municipality_code":"38201","municipality":"松山市","total_population":1033,"population_65plus":266,"population_75plus":126,"aging_rate_65plus":0.2575024201355276,"aging_rate_75plus":0.12197483059051308,"population_status":"0","population_status_target":null,"population_aggregation_target":null,"age_65plus_missing":false,"age_75plus_missing":false,"age_quality_flag":"ok","data_completeness":"complete"}},{"type":"Feature","geometry":{"type":"Polygon","coordinates":[[[132.74375,33.85416666666667],[132.75,33.85416666666667],[132.75,33.85833333333334],[132.74375,33.85833333333334],[132.74375,33.85416666666667]]]},"properties":{"type":"Feature","mesh_id":"503265294","municipality_code":"38201","municipality":"松山市","total_population":1241,"population_65plus":253,"population_75plus":138,"aging_rate_65plus":0.20386784850926673,"aging_rate_75plus":0.11120064464141821,"population_status":"0","population_status_target":null,"population_aggregation_target":null,"age_65plus_missing":false,"age_75plus_missing":false,"age_quality_flag":"ok","data_completeness":"complete"}},{"type":"Feature","geometry":{"type":"Polygon","coordinates":[[[132.70624999999998,33.862500000000004],[132.71249999999998,33.862500000000004],[132.71249999999998,33.866666666666674],[132.70624999999998,33.866666666666674],[132.70624999999998,33.862500000000004]]]},"properties":{"type":"Feature","mesh_id":"503265364","municipality_code":"38201","municipality":"松山市","total_population":345,"population_65plus":119,"population_75plus":57,"aging_rate_65plus":0.34492753623188405,"aging_rate_75plus":0.16521739130434782,"population_status":"1","population_status_target":null,"population_aggregation_target":"503265362","age_65plus_missing":false,"age_75plus_missing":false,"age_quality_flag":"ok","data_completeness":"complete"}},{"type":"Feature","geometry":{"type":"Polygon","coordinates":[[[132.7125,33.858333333333334],[132.71875,33.858333333333334],[132.71875,33.862500000000004],[132.7125,33.862500000000004],[132.7125,33.858333333333334]]]},"properties":{"type":"Feature","mesh_id":"503265371","municipality_code":"38201","municipality":"松山市","total_population":1731,"population_65plus":686,"population_75plus":404,"aging_rate_65plus":0.3963027151935298,"aging_rate_75plus":0.23339110340843444,"population_status":"0","population_status_target":null,"population_aggregation_target":null,"age_65plus_missing":false,"age_75plus_missing":false,"age_quality_flag":"ok","data_completeness":"complete"}},{"type":"Feature","geometry":{"type":"Polygon","coordinates":[[[132.7125,33.862500000000004],[132.71875,33.862500000000004],[132.71875,33.866666666666674],[132.7125,33.866666666666674],[132.7125,33.862500000000004]]]},"properties":{"type":"Feature","mesh_id":"503265372","municipality_code":"38201","municipality":"松山市","total_population":1842,"population_65plus":595,"population_75plus":282,"aging_rate_65plus":0.32301845819761127,"aging_rate_75plus":0.15309446254071662,"population_status":"0","population_status_target":null,"population_aggregation_target":null,"age_65plus_missing":false,"age_75plus_missing":false,"age_quality_flag":"ok","data_completeness":"complete"}},{"type":"Feature","geometry":{"type":"Polygon","coordinates":[[[132.71875,33.858333333333334],[132.725,33.858333333333334],[132.725,33.862500000000004],[132.71875,33.862500000000004],[132.71875,33.858333333333334]]]},"properties":{"type":"Feature","mesh_id":"503265373","municipality_code":"38201","municipality":"松山市","total_population":1488,"population_65plus":554,"population_75plus":279,"aging_rate_65plus":0.37231182795698925,"aging_rate_75plus":0.1875,"population_status":"0","population_status_target":null,"population_aggregation_target":null,"age_65plus_missing":false,"age_75plus_missing":false,"age_quality_flag":"ok","data_completeness":"complete"}},{"type":"Feature","geometry":{"type":"Polygon","coordinates":[[[132.71875,33.862500000000004],[132.725,33.862500000000004],[132.725,33.866666666666674],[132.71875,33.866666666666674],[132.71875,33.862500000000004]]]},"properties":{"type":"Feature","mesh_id":"503265374","municipality_code":"38201","municipality":"松山市","total_population":1637,"population_65plus":541,"population_75plus":290,"aging_rate_65plus":0.3304825901038485,"aging_rate_75plus":0.177153329260843,"population_status":"0","population_status_target":null,"population_aggregation_target":null,"age_65plus_missing":false,"age_75plus_missing":false,"age_quality_flag":"ok","data_completeness":"complete"}},{"type":"Feature","geometry":{"type":"Polygon","coordinates":[[[132.725,33.858333333333334],[132.73125,33.858333333333334],[132.73125,33.862500000000004],[132.725,33.862500000000004],[132.725,33.858333333333334]]]},"properties":{"type":"Feature","mesh_id":"503265381","municipality_code":"38201","municipality":"松山市","total_population":1573,"population_65plus":501,"population_75plus":261,"aging_rate_65plus":0.3184996821360458,"aging_rate_75plus":0.1659249841068023,"population_status":"0","population_status_target":null,"population_aggregation_target":null,"age_65plus_missing":false,"age_75plus_missing":false,"age_quality_flag":"ok","data_completeness":"complete"}},{"type":"Feature","geometry":{"type":"Polygon","coordinates":[[[132.725,33.862500000000004],[132.73125,33.862500000000004],[132.73125,33.866666666666674],[132.725,33.866666666666674],[132.725,33.862500000000004]]]},"properties":{"type":"Feature","mesh_id":"503265382","municipality_code":"38201","municipality":"松山市","total_population":1200,"population_65plus":416,"population_75plus":237,"aging_rate_65plus":0.3466666666666667,"aging_rate_75plus":0.1975,"population_status":"0","population_status_target":null,"population_aggregation_target":null,"age_65plus_missing":false,"age_75plus_missing":false,"age_quality_flag":"ok","data_completeness":"complete"}},{"type":"Feature","geometry":{"type":"Polygon","coordinates":[[[132.73125,33.858333333333334],[132.73749999999998,33.858333333333334],[132.73749999999998,33.862500000000004],[132.73125,33.862500000000004],[132.73125,33.858333333333334]]]},"properties":{"type":"Feature","mesh_id":"503265383","municipality_code":"38201","municipality":"松山市","total_population":1599,"population_65plus":499,"population_75plus":243,"aging_rate_65plus":0.31207004377736086,"aging_rate_75plus":0.15196998123827393,"population_status":"0","population_status_target":null,"population_aggregation_target":null,"age_65plus_missing":false,"age_75plus_missing":false,"age_quality_flag":"ok","data_completeness":"complete"}},{"type":"Feature","geometry":{"type":"Polygon","coordinates":[[[132.73125,33.862500000000004],[132.73749999999998,33.862500000000004],[132.73749999999998,33.866666666666674],[132.73125,33.866666666666674],[132.73125,33.862500000000004]]]},"properties":{"type":"Feature","mesh_id":"503265384","municipality_code":"38201","municipality":"松山市","total_population":465,"population_65plus":193,"population_75plus":81,"aging_rate_65plus":0.4150537634408602,"aging_rate_75plus":0.17419354838709677,"population_status":"0","population_status_target":null,"population_aggregation_target":null,"age_65plus_missing":false,"age_75plus_missing":false,"age_quality_flag":"ok","data_completeness":"complete"}},{"type":"Feature","geometry":{"type":"Polygon","coordinates":[[[132.7375,33.858333333333334],[132.74375,33.858333333333334],[132.74375,33.862500000000004],[132.7375,33.862500000000004],[132.7375,33.858333333333334]]]},"properties":{"type":"Feature","mesh_id":"503265391","municipality_code":"38201","municipality":"松山市","total_population":1423,"population_65plus":325,"population_75plus":146,"aging_rate_65plus":0.22839072382290934,"aging_rate_75plus":0.10260014054813774,"population_status":"0","population_status_target":null,"population_aggregation_target":null,"age_65plus_missing":false,"age_75plus_missing":false,"age_quality_flag":"ok","data_completeness":"complete"}},{"type":"Feature","geometry":{"type":"Polygon","coordinates":[[[132.7375,33.862500000000004],[132.74375,33.862500000000004],[132.74375,33.866666666666674],[132.7375,33.866666666666674],[132.7375,33.862500000000004]]]},"properties":{"type":"Feature","mesh_id":"503265392","municipality_code":"38201","municipality":"松山市","total_population":1031,"population_65plus":140,"population_75plus":60,"aging_rate_65plus":0.13579049466537343,"aging_rate_75plus":0.058195926285160036,"population_status":"0","population_status_target":null,"population_aggregation_target":null,"age_65plus_missing":false,"age_75plus_missing":false,"age_quality_flag":"ok","data_completeness":"complete"}},{"type":"Feature","geometry":{"type":"Polygon","coordinates":[[[132.74375,33.858333333333334],[132.75,33.858333333333334],[132.75,33.862500000000004],[132.74375,33.862500000000004],[132.74375,33.858333333333334]]]},"properties":{"type":"Feature","mesh_id":"503265393","municipality_code":"38201","municipality":"松山市","total_population":1581,"population_65plus":369,"population_75plus":189,"aging_rate_65plus":0.2333965844402277,"aging_rate_75plus":0.11954459203036052,"population_status":"0","population_status_target":null,"population_aggregation_target":null,"age_65plus_missing":false,"age_75plus_missing":false,"age_quality_flag":"ok","data_completeness":"complete"}},{"type":"Feature","geometry":{"type":"Polygon","coordinates":[[[132.74375,33.862500000000004],[132.75,33.862500000000004],[132.75,33.866666666666674],[132.74375,33.866666666666674],[132.74375,33.862500000000004]]]},"properties":{"type":"Feature","mesh_id":"503265394","municipality_code":"38201","municipality":"松山市","total_population":2010,"population_65plus":528,"population_75plus":200,"aging_rate_65plus":0.2626865671641791,"aging_rate_75plus":0.09950248756218906,"population_status":"0","population_status_target":null,"population_aggregation_target":null,"age_65plus_missing":false,"age_75plus_missing":false,"age_quality_flag":"ok","data_completeness":"complete"}},{"type":"Feature","geometry":{"type":"Polygon","coordinates":[[[132.70624999999998,33.87083333333334],[132.71249999999998,33.87083333333334],[132.71249999999998,33.87500000000001],[132.70624999999998,33.87500000000001],[132.70624999999998,33.87083333333334]]]},"properties":{"type":"Feature","mesh_id":"503265464","municipality_code":"38201","municipality":"松山市","total_population":201,"population_65plus":83,"population_75plus":50,"aging_rate_65plus":0.4129353233830846,"aging_rate_75plus":0.24875621890547264,"population_status":"0","population_status_target":null,"population_aggregation_target":null,"age_65plus_missing":false,"age_75plus_missing":false,"age_quality_flag":"ok","data_completeness":"complete"}},{"type":"Feature","geometry":{"type":"Polygon","coordinates":[[[132.7125,33.86666666666667],[132.71875,33.86666666666667],[132.71875,33.87083333333334],[132.7125,33.87083333333334],[132.7125,33.86666666666667]]]},"properties":{"type":"Feature","mesh_id":"503265471","municipality_code":"38201","municipality":"松山市","total_population":953,"population_65plus":329,"population_75plus":189,"aging_rate_65plus":0.34522560335781743,"aging_rate_75plus":0.19832109129066108,"population_status":"0","population_status_target":null,"population_aggregation_target":null,"age_65plus_missing":false,"age_75plus_missing":false,"age_quality_flag":"ok","data_completeness":"complete"}},{"type":"Feature","geometry":{"type":"Polygon","coordinates":[[[132.7125,33.87083333333334],[132.71875,33.87083333333334],[132.71875,33.87500000000001],[132.7125,33.87500000000001],[132.7125,33.87083333333334]]]},"properties":{"type":"Feature","mesh_id":"503265472","municipality_code":"38201","municipality":"松山市","total_population":2140,"population_65plus":744,"population_75plus":343,"aging_rate_65plus":0.34766355140186916,"aging_rate_75plus":0.1602803738317757,"population_status":"0","population_status_target":null,"population_aggregation_target":null,"age_65plus_missing":false,"age_75plus_missing":false,"age_quality_flag":"ok","data_completeness":"complete"}},{"type":"Feature","geometry":{"type":"Polygon","coordinates":[[[132.71875,33.86666666666667],[132.725,33.86666666666667],[132.725,33.87083333333334],[132.71875,33.87083333333334],[132.71875,33.86666666666667]]]},"properties":{"type":"Feature","mesh_id":"503265473","municipality_code":"38201","municipality":"松山市","total_population":1422,"population_65plus":519,"population_75plus":277,"aging_rate_65plus":0.3649789029535865,"aging_rate_75plus":0.19479606188466947,"population_status":"0","population_status_target":null,"population_aggregation_target":null,"age_65plus_missing":false,"age_75plus_missing":false,"age_quality_flag":"ok","data_completeness":"complete"}},{"type":"Feature","geometry":{"type":"Polygon","coordinates":[[[132.71875,33.87083333333334],[132.725,33.87083333333334],[132.725,33.87500000000001],[132.71875,33.87500000000001],[132.71875,33.87083333333334]]]},"properties":{"type":"Feature","mesh_id":"503265474","municipality_code":"38201","municipality":"松山市","total_population":617,"population_65plus":227,"population_75plus":110,"aging_rate_65plus":0.3679092382495948,"aging_rate_75plus":0.17828200972447325,"population_status":"0","population_status_target":null,"population_aggregation_target":null,"age_65plus_missing":false,"age_75plus_missing":false,"age_quality_flag":"ok","data_completeness":"complete"}},{"type":"Feature","geometry":{"type":"Polygon","coordinates":[[[132.725,33.86666666666667],[132.73125,33.86666666666667],[132.73125,33.87083333333334],[132.725,33.87083333333334],[132.725,33.86666666666667]]]},"properties":{"type":"Feature","mesh_id":"503265481","municipality_code":"38201","municipality":"松山市","total_population":965,"population_65plus":327,"population_75plus":166,"aging_rate_65plus":0.338860103626943,"aging_rate_75plus":0.17202072538860103,"population_status":"1","population_status_target":null,"population_aggregation_target":"503265483","age_65plus_missing":false,"age_75plus_missing":false,"age_quality_flag":"ok","data_completeness":"complete"}},{"type":"Feature","geometry":{"type":"Polygon","coordinates":[[[132.725,33.87083333333334],[132.73125,33.87083333333334],[132.73125,33.87500000000001],[132.725,33.87500000000001],[132.725,33.87083333333334]]]},"properties":{"type":"Feature","mesh_id":"503265482","municipality_code":"38201","municipality":"松山市","total_population":193,"population_65plus":68,"population_75plus":31,"aging_rate_65plus":0.35233160621761656,"aging_rate_75plus":0.16062176165803108,"population_status":"0","population_status_target":null,"population_aggregation_target":null,"age_65plus_missing":false,"age_75plus_missing":false,"age_quality_flag":"ok","data_completeness":"complete"}},{"type":"Feature","geometry":{"type":"Polygon","coordinates":[[[132.73125,33.86666666666667],[132.73749999999998,33.86666666666667],[132.73749999999998,33.87083333333334],[132.73125,33.87083333333334],[132.73125,33.86666666666667]]]},"properties":{"type":"Feature","mesh_id":"503265483","municipality_code":"38201","municipality":"松山市","total_population":5,"population_65plus":null,"population_75plus":null,"aging_rate_65plus":null,"aging_rate_75plus":null,"population_status":"2","population_status_target":"503265481","population_aggregation_target":null,"age_65plus_missing":true,"age_75plus_missing":true,"age_quality_flag":"ok","data_completeness":"partial"}},{"type":"Feature","geometry":{"type":"Polygon","coordinates":[[[132.73125,33.87083333333334],[132.73749999999998,33.87083333333334],[132.73749999999998,33.87500000000001],[132.73125,33.87500000000001],[132.73125,33.87083333333334]]]},"properties":{"type":"Feature","mesh_id":"503265484","municipality_code":"38201","municipality":"松山市","total_population":84,"population_65plus":24,"population_75plus":13,"aging_rate_65plus":0.2857142857142857,"aging_rate_75plus":0.15476190476190477,"population_status":"0","population_status_target":null,"population_aggregation_target":null,"age_65plus_missing":false,"age_75plus_missing":false,"age_quality_flag":"ok","data_completeness":"complete"}},{"type":"Feature","geometry":{"type":"Polygon","coordinates":[[[132.7375,33.86666666666667],[132.74375,33.86666666666667],[132.74375,33.87083333333334],[132.7375,33.87083333333334],[132.7375,33.86666666666667]]]},"properties":{"type":"Feature","mesh_id":"503265491","municipality_code":"38201","municipality":"松山市","total_population":1683,"population_65plus":425,"population_75plus":234,"aging_rate_65plus":0.25252525252525254,"aging_rate_75plus":0.13903743315508021,"population_status":"0","population_status_target":null,"population_aggregation_target":null,"age_65plus_missing":false,"age_75plus_missing":false,"age_quality_flag":"ok","data_completeness":"complete"}},{"type":"Feature","geometry":{"type":"Polygon","coordinates":[[[132.7375,33.87083333333334],[132.74375,33.87083333333334],[132.74375,33.87500000000001],[132.7375,33.87500000000001],[132.7375,33.87083333333334]]]},"properties":{"type":"Feature","mesh_id":"503265492","municipality_code":"38201","municipality":"松山市","total_population":2555,"population_65plus":622,"population_75plus":272,"aging_rate_65plus":0.24344422700587084,"aging_rate_75plus":0.10645792563600782,"population_status":"0","population_status_target":null,"population_aggregation_target":null,"age_65plus_missing":false,"age_75plus_missing":false,"age_quality_flag":"ok","data_completeness":"complete"}},{"type":"Feature","geometry":{"type":"Polygon","coordinates":[[[132.74375,33.86666666666667],[132.75,33.86666666666667],[132.75,33.87083333333334],[132.74375,33.87083333333334],[132.74375,33.86666666666667]]]},"properties":{"type":"Feature","mesh_id":"503265493","municipality_code":"38201","municipality":"松山市","total_population":702,"population_65plus":141,"population_75plus":62,"aging_rate_65plus":0.20085470085470086,"aging_rate_75plus":0.08831908831908832,"population_status":"0","population_status_target":null,"population_aggregation_target":null,"age_65plus_missing":false,"age_75plus_missing":false,"age_quality_flag":"ok","data_completeness":"complete"}},{"type":"Feature","geometry":{"type":"Polygon","coordinates":[[[132.74375,33.87083333333334],[132.75,33.87083333333334],[132.75,33.87500000000001],[132.74375,33.87500000000001],[132.74375,33.87083333333334]]]},"properties":{"type":"Feature","mesh_id":"503265494","municipality_code":"38201","municipality":"松山市","total_population":1951,"population_65plus":453,"population_75plus":180,"aging_rate_65plus":0.23218862121988723,"aging_rate_75plus":0.09226037929267042,"population_status":"0","population_status_target":null,"population_aggregation_target":null,"age_65plus_missing":false,"age_75plus_missing":false,"age_quality_flag":"ok","data_completeness":"complete"}},{"type":"Feature","geometry":{"type":"Polygon","coordinates":[[[132.675,33.875],[132.68125,33.875],[132.68125,33.87916666666667],[132.675,33.87916666666667],[132.675,33.875]]]},"properties":{"type":"Feature","mesh_id":"503265541","municipality_code":"38201","municipality":"松山市","total_population":4,"population_65plus":null,"population_75plus":null,"aging_rate_65plus":null,"aging_rate_75plus":null,"population_status":"2","population_status_target":"503265542","population_aggregation_target":null,"age_65plus_missing":true,"age_75plus_missing":true,"age_quality_flag":"ok","data_completeness":"partial"}},{"type":"Feature","geometry":{"type":"Polygon","coordinates":[[[132.675,33.87916666666667],[132.68125,33.87916666666667],[132.68125,33.88333333333334],[132.675,33.88333333333334],[132.675,33.87916666666667]]]},"properties":{"type":"Feature","mesh_id":"503265542","municipality_code":"38201","municipality":"松山市","total_population":21,"population_65plus":14,"population_75plus":9,"aging_rate_65plus":0.6666666666666666,"aging_rate_75plus":0.42857142857142855,"population_status":"1","population_status_target":null,"population_aggregation_target":"503265541","age_65plus_missing":false,"age_75plus_missing":false,"age_quality_flag":"ok","data_completeness":"complete"}},{"type":"Feature","geometry":{"type":"Polygon","coordinates":[[[132.68125,33.875],[132.6875,33.875],[132.6875,33.87916666666667],[132.68125,33.87916666666667],[132.68125,33.875]]]},"properties":{"type":"Feature","mesh_id":"503265543","municipality_code":"38201","municipality":"松山市","total_population":95,"population_65plus":64,"population_75plus":36,"aging_rate_65plus":0.6736842105263158,"aging_rate_75plus":0.37894736842105264,"population_status":"0","population_status_target":null,"population_aggregation_target":null,"age_65plus_missing":false,"age_75plus_missing":false,"age_quality_flag":"ok","data_completeness":"complete"}},{"type":"Feature","geometry":{"type":"Polygon","coordinates":[[[132.7,33.875],[132.70624999999998,33.875],[132.70624999999998,33.87916666666667],[132.7,33.87916666666667],[132.7,33.875]]]},"properties":{"type":"Feature","mesh_id":"503265561","municipality_code":"38201","municipality":"松山市","total_population":528,"population_65plus":215,"population_75plus":108,"aging_rate_65plus":0.4071969696969697,"aging_rate_75plus":0.20454545454545456,"population_status":"0","population_status_target":null,"population_aggregation_target":null,"age_65plus_missing":false,"age_75plus_missing":false,"age_quality_flag":"ok","data_completeness":"complete"}},{"type":"Feature","geometry":{"type":"Polygon","coordinates":[[[132.7,33.87916666666667],[132.70624999999998,33.87916666666667],[132.70624999999998,33.88333333333334],[132.7,33.88333333333334],[132.7,33.87916666666667]]]},"properties":{"type":"Feature","mesh_id":"503265562","municipality_code":"38201","municipality":"松山市","total_population":161,"population_65plus":103,"population_75plus":72,"aging_rate_65plus":0.639751552795031,"aging_rate_75plus":0.4472049689440994,"population_status":"0","population_status_target":null,"population_aggregation_target":null,"age_65plus_missing":false,"age_75plus_missing":false,"age_quality_flag":"ok","data_completeness":"complete"}},{"type":"Feature","geometry":{"type":"Polygon","coordinates":[[[132.70624999999998,33.875],[132.71249999999998,33.875],[132.71249999999998,33.87916666666667],[132.70624999999998,33.87916666666667],[132.70624999999998,33.875]]]},"properties":{"type":"Feature","mesh_id":"503265563","municipality_code":"38201","municipality":"松山市","total_population":387,"population_65plus":167,"population_75plus":96,"aging_rate_65plus":0.4315245478036176,"aging_rate_75plus":0.24806201550387597,"population_status":"0","population_status_target":null,"population_aggregation_target":null,"age_65plus_missing":false,"age_75plus_missing":false,"age_quality_flag":"ok","data_completeness":"complete"}},{"type":"Feature","geometry":{"type":"Polygon","coordinates":[[[132.7125,33.875],[132.71875,33.875],[132.71875,33.87916666666667],[132.7125,33.87916666666667],[132.7125,33.875]]]},"properties":{"type":"Feature","mesh_id":"503265571","municipality_code":"38201","municipality":"松山市","total_population":844,"population_65plus":298,"population_75plus":119,"aging_rate_65plus":0.35308056872037913,"aging_rate_75plus":0.14099526066350712,"population_status":"1","population_status_target":null,"population_aggregation_target":"503265573","age_65plus_missing":false,"age_75plus_missing":false,"age_quality_flag":"ok","data_completeness":"complete"}},{"type":"Feature","geometry":{"type":"Polygon","coordinates":[[[132.7125,33.87916666666667],[132.71875,33.87916666666667],[132.71875,33.88333333333334],[132.7125,33.88333333333334],[132.7125,33.87916666666667]]]},"properties":{"type":"Feature","mesh_id":"503265572","municipality_code":"38201","municipality":"松山市","total_population":217,"population_65plus":96,"population_75plus":37,"aging_rate_65plus":0.4423963133640553,"aging_rate_75plus":0.17050691244239632,"population_status":"0","population_status_target":null,"population_aggregation_target":null,"age_65plus_missing":false,"age_75plus_missing":false,"age_quality_flag":"ok","data_completeness":"complete"}},{"type":"Feature","geometry":{"type":"Polygon","coordinates":[[[132.71875,33.875],[132.725,33.875],[132.725,33.87916666666667],[132.71875,33.87916666666667],[132.71875,33.875]]]},"properties":{"type":"Feature","mesh_id":"503265573","municipality_code":"38201","municipality":"松山市","total_population":6,"population_65plus":null,"population_75plus":null,"aging_rate_65plus":null,"aging_rate_75plus":null,"population_status":"2","population_status_target":"503265571","population_aggregation_target":null,"age_65plus_missing":true,"age_75plus_missing":true,"age_quality_flag":"ok","data_completeness":"partial"}},{"type":"Feature","geometry":{"type":"Polygon","coordinates":[[[132.71875,33.87916666666667],[132.725,33.87916666666667],[132.725,33.88333333333334],[132.71875,33.88333333333334],[132.71875,33.87916666666667]]]},"properties":{"type":"Feature","mesh_id":"503265574","municipality_code":"38201","municipality":"松山市","total_population":63,"population_65plus":30,"population_75plus":14,"aging_rate_65plus":0.47619047619047616,"aging_rate_75plus":0.2222222222222222,"population_status":"0","population_status_target":null,"population_aggregation_target":null,"age_65plus_missing":false,"age_75plus_missing":false,"age_quality_flag":"ok","data_completeness":"complete"}},{"type":"Feature","geometry":{"type":"Polygon","coordinates":[[[132.725,33.87916666666667],[132.73125,33.87916666666667],[132.73125,33.88333333333334],[132.725,33.88333333333334],[132.725,33.87916666666667]]]},"properties":{"type":"Feature","mesh_id":"503265582","municipality_code":"38201","municipality":"松山市","total_population":801,"population_65plus":290,"population_75plus":129,"aging_rate_65plus":0.3620474406991261,"aging_rate_75plus":0.16104868913857678,"population_status":"0","population_status_target":null,"population_aggregation_target":null,"age_65plus_missing":false,"age_75plus_missing":false,"age_quality_flag":"ok","data_completeness":"complete"}},{"type":"Feature","geometry":{"type":"Polygon","coordinates":[[[132.73125,33.875],[132.73749999999998,33.875],[132.73749999999998,33.87916666666667],[132.73125,33.87916666666667],[132.73125,33.875]]]},"properties":{"type":"Feature","mesh_id":"503265583","municipality_code":"38201","municipality":"松山市","total_population":6,"population_65plus":null,"population_75plus":null,"aging_rate_65plus":null,"aging_rate_75plus":null,"population_status":"2","population_status_target":"503265584","population_aggregation_target":null,"age_65plus_missing":true,"age_75plus_missing":true,"age_quality_flag":"ok","data_completeness":"partial"}},{"type":"Feature","geometry":{"type":"Polygon","coordinates":[[[132.73125,33.87916666666667],[132.73749999999998,33.87916666666667],[132.73749999999998,33.88333333333334],[132.73125,33.88333333333334],[132.73125,33.87916666666667]]]},"properties":{"type":"Feature","mesh_id":"503265584","municipality_code":"38201","municipality":"松山市","total_population":28,"population_65plus":10,"population_75plus":4,"aging_rate_65plus":0.35714285714285715,"aging_rate_75plus":0.14285714285714285,"population_status":"1","population_status_target":null,"population_aggregation_target":"503265583","age_65plus_missing":false,"age_75plus_missing":false,"age_quality_flag":"ok","data_completeness":"complete"}},{"type":"Feature","geometry":{"type":"Polygon","coordinates":[[[132.7375,33.875],[132.74375,33.875],[132.74375,33.87916666666667],[132.7375,33.87916666666667],[132.7375,33.875]]]},"properties":{"type":"Feature","mesh_id":"503265591","municipality_code":"38201","municipality":"松山市","total_population":337,"population_65plus":120,"population_75plus":47,"aging_rate_65plus":0.3560830860534125,"aging_rate_75plus":0.1394658753709199,"population_status":"0","population_status_target":null,"population_aggregation_target":null,"age_65plus_missing":false,"age_75plus_missing":false,"age_quality_flag":"ok","data_completeness":"complete"}},{"type":"Feature","geometry":{"type":"Polygon","coordinates":[[[132.7375,33.87916666666667],[132.74375,33.87916666666667],[132.74375,33.88333333333334],[132.7375,33.88333333333334],[132.7375,33.87916666666667]]]},"properties":{"type":"Feature","mesh_id":"503265592","municipality_code":"38201","municipality":"松山市","total_population":832,"population_65plus":224,"population_75plus":106,"aging_rate_65plus":0.2692307692307692,"aging_rate_75plus":0.12740384615384615,"population_status":"0","population_status_target":null,"population_aggregation_target":null,"age_65plus_missing":false,"age_75plus_missing":false,"age_quality_flag":"ok","data_completeness":"complete"}},{"type":"Feature","geometry":{"type":"Polygon","coordinates":[[[132.74375,33.875],[132.75,33.875],[132.75,33.87916666666667],[132.74375,33.87916666666667],[132.74375,33.875]]]},"properties":{"type":"Feature","mesh_id":"503265593","municipality_code":"38201","municipality":"松山市","total_population":499,"population_65plus":192,"population_75plus":86,"aging_rate_65plus":0.3847695390781563,"aging_rate_75plus":0.17234468937875752,"population_status":"0","population_status_target":null,"population_aggregation_target":null,"age_65plus_missing":false,"age_75plus_missing":false,"age_quality_flag":"ok","data_completeness":"complete"}},{"type":"Feature","geometry":{"type":"Polygon","coordinates":[[[132.74375,33.87916666666667],[132.75,33.87916666666667],[132.75,33.88333333333334],[132.74375,33.88333333333334],[132.74375,33.87916666666667]]]},"properties":{"type":"Feature","mesh_id":"503265594","municipality_code":"38201","municipality":"松山市","total_population":74,"population_65plus":41,"population_75plus":33,"aging_rate_65plus":0.5540540540540541,"aging_rate_75plus":0.44594594594594594,"population_status":"0","population_status_target":null,"population_aggregation_target":null,"age_65plus_missing":false,"age_75plus_missing":false,"age_quality_flag":"ok","data_completeness":"complete"}},{"type":"Feature","geometry":{"type":"Polygon","coordinates":[[[132.66875,33.8875],[132.67499999999998,33.8875],[132.67499999999998,33.89166666666667],[132.66875,33.89166666666667],[132.66875,33.8875]]]},"properties":{"type":"Feature","mesh_id":"503265634","municipality_code":"38201","municipality":"松山市","total_population":5,"population_65plus":null,"population_75plus":null,"aging_rate_65plus":null,"aging_rate_75plus":null,"population_status":"2","population_status_target":"503265641","population_aggregation_target":null,"age_65plus_missing":true,"age_75plus_missing":true,"age_quality_flag":"ok","data_completeness":"partial"}},{"type":"Feature","geometry":{"type":"Polygon","coordinates":[[[132.675,33.88333333333333],[132.68125,33.88333333333333],[132.68125,33.8875],[132.675,33.8875],[132.675,33.88333333333333]]]},"properties":{"type":"Feature","mesh_id":"503265641","municipality_code":"38201","municipality":"松山市","total_population":105,"population_65plus":60,"population_75plus":37,"aging_rate_65plus":0.5714285714285714,"aging_rate_75plus":0.3523809523809524,"population_status":"1","population_status_target":null,"population_aggregation_target":"503265634;503265643","age_65plus_missing":false,"age_75plus_missing":false,"age_quality_flag":"ok","data_completeness":"complete"}},{"type":"Feature","geometry":{"type":"Polygon","coordinates":[[[132.7,33.88333333333333],[132.70624999999998,33.88333333333333],[132.70624999999998,33.8875],[132.7,33.8875],[132.7,33.88333333333333]]]},"properties":{"type":"Feature","mesh_id":"503265661","municipality_code":"38201","municipality":"松山市","total_population":434,"population_65plus":222,"population_75plus":120,"aging_rate_65plus":0.511520737327189,"aging_rate_75plus":0.2764976958525346,"population_status":"0","population_status_target":null,"population_aggregation_target":null,"age_65plus_missing":false,"age_75plus_missing":false,"age_quality_flag":"ok","data_completeness":"complete"}},{"type":"Feature","geometry":{"type":"Polygon","coordinates":[[[132.70624999999998,33.88333333333333],[132.71249999999998,33.88333333333333],[132.71249999999998,33.8875],[132.70624999999998,33.8875],[132.70624999999998,33.88333333333333]]]},"properties":{"type":"Feature","mesh_id":"503265663","municipality_code":"38201","municipality":"松山市","total_population":175,"population_65plus":73,"population_75plus":27,"aging_rate_65plus":0.41714285714285715,"aging_rate_75plus":0.15428571428571428,"population_status":"0","population_status_target":null,"population_aggregation_target":null,"age_65plus_missing":false,"age_75plus_missing":false,"age_quality_flag":"ok","data_completeness":"complete"}},{"type":"Feature","geometry":{"type":"Polygon","coordinates":[[[132.70624999999998,33.8875],[132.71249999999998,33.8875],[132.71249999999998,33.89166666666667],[132.70624999999998,33.89166666666667],[132.70624999999998,33.8875]]]},"properties":{"type":"Feature","mesh_id":"503265664","municipality_code":"38201","municipality":"松山市","total_population":104,"population_65plus":31,"population_75plus":15,"aging_rate_65plus":0.2980769230769231,"aging_rate_75plus":0.14423076923076922,"population_status":"0","population_status_target":null,"population_aggregation_target":null,"age_65plus_missing":false,"age_75plus_missing":false,"age_quality_flag":"ok","data_completeness":"complete"}},{"type":"Feature","geometry":{"type":"Polygon","coordinates":[[[132.7125,33.88333333333333],[132.71875,33.88333333333333],[132.71875,33.8875],[132.7125,33.8875],[132.7125,33.88333333333333]]]},"properties":{"type":"Feature","mesh_id":"503265671","municipality_code":"38201","municipality":"松山市","total_population":40,"population_65plus":18,"population_75plus":8,"aging_rate_65plus":0.45,"aging_rate_75plus":0.2,"population_status":"0","population_status_target":null,"population_aggregation_target":null,"age_65plus_missing":false,"age_75plus_missing":false,"age_quality_flag":"ok","data_completeness":"complete"}},{"type":"Feature","geometry":{"type":"Polygon","coordinates":[[[132.7125,33.8875],[132.71875,33.8875],[132.71875,33.89166666666667],[132.7125,33.89166666666667],[132.7125,33.8875]]]},"properties":{"type":"Feature","mesh_id":"503265672","municipality_code":"38201","municipality":"松山市","total_population":225,"population_65plus":119,"population_75plus":59,"aging_rate_65plus":0.5288888888888889,"aging_rate_75plus":0.26222222222222225,"population_status":"1","population_status_target":null,"population_aggregation_target":"503265673;503265674","age_65plus_missing":false,"age_75plus_missing":false,"age_quality_flag":"ok","data_completeness":"complete"}},{"type":"Feature","geometry":{"type":"Polygon","coordinates":[[[132.71875,33.88333333333333],[132.725,33.88333333333333],[132.725,33.8875],[132.71875,33.8875],[132.71875,33.88333333333333]]]},"properties":{"type":"Feature","mesh_id":"503265673","municipality_code":"38201","municipality":"松山市","total_population":7,"population_65plus":null,"population_75plus":null,"aging_rate_65plus":null,"aging_rate_75plus":null,"population_status":"2","population_status_target":"503265672","population_aggregation_target":null,"age_65plus_missing":true,"age_75plus_missing":true,"age_quality_flag":"ok","data_completeness":"partial"}},{"type":"Feature","geometry":{"type":"Polygon","coordinates":[[[132.71875,33.8875],[132.725,33.8875],[132.725,33.89166666666667],[132.71875,33.89166666666667],[132.71875,33.8875]]]},"properties":{"type":"Feature","mesh_id":"503265674","municipality_code":"38201","municipality":"松山市","total_population":7,"population_65plus":null,"population_75plus":null,"aging_rate_65plus":null,"aging_rate_75plus":null,"population_status":"2","population_status_target":"503265672","population_aggregation_target":null,"age_65plus_missing":true,"age_75plus_missing":true,"age_quality_flag":"ok","data_completeness":"partial"}},{"type":"Feature","geometry":{"type":"Polygon","coordinates":[[[132.725,33.88333333333333],[132.73125,33.88333333333333],[132.73125,33.8875],[132.725,33.8875],[132.725,33.88333333333333]]]},"properties":{"type":"Feature","mesh_id":"503265681","municipality_code":"38201","municipality":"松山市","total_population":221,"population_65plus":119,"population_75plus":75,"aging_rate_65plus":0.5384615384615384,"aging_rate_75plus":0.3393665158371041,"population_status":"0","population_status_target":null,"population_aggregation_target":null,"age_65plus_missing":false,"age_75plus_missing":false,"age_quality_flag":"ok","data_completeness":"complete"}},{"type":"Feature","geometry":{"type":"Polygon","coordinates":[[[132.725,33.8875],[132.73125,33.8875],[132.73125,33.89166666666667],[132.725,33.89166666666667],[132.725,33.8875]]]},"properties":{"type":"Feature","mesh_id":"503265682","municipality_code":"38201","municipality":"松山市","total_population":308,"population_65plus":163,"population_75plus":97,"aging_rate_65plus":0.5292207792207793,"aging_rate_75plus":0.31493506493506496,"population_status":"0","population_status_target":null,"population_aggregation_target":null,"age_65plus_missing":false,"age_75plus_missing":false,"age_quality_flag":"ok","data_completeness":"complete"}},{"type":"Feature","geometry":{"type":"Polygon","coordinates":[[[132.73125,33.88333333333333],[132.73749999999998,33.88333333333333],[132.73749999999998,33.8875],[132.73125,33.8875],[132.73125,33.88333333333333]]]},"properties":{"type":"Feature","mesh_id":"503265683","municipality_code":"38201","municipality":"松山市","total_population":449,"population_65plus":172,"population_75plus":76,"aging_rate_65plus":0.3830734966592428,"aging_rate_75plus":0.16926503340757237,"population_status":"0","population_status_target":null,"population_aggregation_target":null,"age_65plus_missing":false,"age_75plus_missing":false,"age_quality_flag":"ok","data_completeness":"complete"}},{"type":"Feature","geometry":{"type":"Polygon","coordinates":[[[132.73125,33.8875],[132.73749999999998,33.8875],[132.73749999999998,33.89166666666667],[132.73125,33.89166666666667],[132.73125,33.8875]]]},"properties":{"type":"Feature","mesh_id":"503265684","municipality_code":"38201","municipality":"松山市","total_population":442,"population_65plus":124,"population_75plus":53,"aging_rate_65plus":0.28054298642533937,"aging_rate_75plus":0.11990950226244344,"population_status":"0","population_status_target":null,"population_aggregation_target":null,"age_65plus_missing":false,"age_75plus_missing":false,"age_quality_flag":"ok","data_completeness":"complete"}},{"type":"Feature","geometry":{"type":"Polygon","coordinates":[[[132.7375,33.88333333333333],[132.74375,33.88333333333333],[132.74375,33.8875],[132.7375,33.8875],[132.7375,33.88333333333333]]]},"properties":{"type":"Feature","mesh_id":"503265691","municipality_code":"38201","municipality":"松山市","total_population":589,"population_65plus":175,"population_75plus":91,"aging_rate_65plus":0.29711375212224106,"aging_rate_75plus":0.15449915110356535,"population_status":"0","population_status_target":null,"population_aggregation_target":null,"age_65plus_missing":false,"age_75plus_missing":false,"age_quality_flag":"ok","data_completeness":"complete"}},{"type":"Feature","geometry":{"type":"Polygon","coordinates":[[[132.7375,33.8875],[132.74375,33.8875],[132.74375,33.89166666666667],[132.7375,33.89166666666667],[132.7375,33.8875]]]},"properties":{"type":"Feature","mesh_id":"503265692","municipality_code":"38201","municipality":"松山市","total_population":413,"population_65plus":65,"population_75plus":32,"aging_rate_65plus":0.15738498789346247,"aging_rate_75plus":0.0774818401937046,"population_status":"0","population_status_target":null,"population_aggregation_target":null,"age_65plus_missing":false,"age_75plus_missing":false,"age_quality_flag":"ok","data_completeness":"complete"}},{"type":"Feature","geometry":{"type":"Polygon","coordinates":[[[132.74375,33.88333333333333],[132.75,33.88333333333333],[132.75,33.8875],[132.74375,33.8875],[132.74375,33.88333333333333]]]},"properties":{"type":"Feature","mesh_id":"503265693","municipality_code":"38201","municipality":"松山市","total_population":1447,"population_65plus":465,"population_75plus":236,"aging_rate_65plus":0.3213545266067726,"aging_rate_75plus":0.1630960608154803,"population_status":"0","population_status_target":null,"population_aggregation_target":null,"age_65plus_missing":false,"age_75plus_missing":false,"age_quality_flag":"ok","data_completeness":"complete"}},{"type":"Feature","geometry":{"type":"Polygon","coordinates":[[[132.74375,33.8875],[132.75,33.8875],[132.75,33.89166666666667],[132.74375,33.89166666666667],[132.74375,33.8875]]]},"properties":{"type":"Feature","mesh_id":"503265694","municipality_code":"38201","municipality":"松山市","total_population":1136,"population_65plus":119,"population_75plus":53,"aging_rate_65plus":0.10475352112676056,"aging_rate_75plus":0.04665492957746479,"population_status":"0","population_status_target":null,"population_aggregation_target":null,"age_65plus_missing":false,"age_75plus_missing":false,"age_quality_flag":"ok","data_completeness":"complete"}},{"type":"Feature","geometry":{"type":"Polygon","coordinates":[[[132.6375,33.891666666666666],[132.64374999999998,33.891666666666666],[132.64374999999998,33.895833333333336],[132.6375,33.895833333333336],[132.6375,33.891666666666666]]]},"properties":{"type":"Feature","mesh_id":"503265711","municipality_code":"38201","municipality":"松山市","total_population":33,"population_65plus":26,"population_75plus":14,"aging_rate_65plus":0.7878787878787878,"aging_rate_75plus":0.42424242424242425,"population_status":"0","population_status_target":null,"population_aggregation_target":null,"age_65plus_missing":false,"age_75plus_missing":false,"age_quality_flag":"ok","data_completeness":"complete"}},{"type":"Feature","geometry":{"type":"Polygon","coordinates":[[[132.66875,33.895833333333336],[132.67499999999998,33.895833333333336],[132.67499999999998,33.900000000000006],[132.66875,33.900000000000006],[132.66875,33.895833333333336]]]},"properties":{"type":"Feature","mesh_id":"503265734","municipality_code":"38201","municipality":"松山市","total_population":13,"population_65plus":5,"population_75plus":1,"aging_rate_65plus":0.38461538461538464,"aging_rate_75plus":0.07692307692307693,"population_status":"0","population_status_target":null,"population_aggregation_target":null,"age_65plus_missing":false,"age_75plus_missing":false,"age_quality_flag":"ok","data_completeness":"complete"}},{"type":"Feature","geometry":{"type":"Polygon","coordinates":[[[132.7125,33.895833333333336],[132.71875,33.895833333333336],[132.71875,33.900000000000006],[132.7125,33.900000000000006],[132.7125,33.895833333333336]]]},"properties":{"type":"Feature","mesh_id":"503265772","municipality_code":"38201","municipality":"松山市","total_population":243,"population_65plus":85,"population_75plus":22,"aging_rate_65plus":0.3497942386831276,"aging_rate_75plus":0.09053497942386832,"population_status":"0","population_status_target":null,"population_aggregation_target":null,"age_65plus_missing":false,"age_75plus_missing":false,"age_quality_flag":"ok","data_completeness":"complete"}},{"type":"Feature","geometry":{"type":"Polygon","coordinates":[[[132.71875,33.895833333333336],[132.725,33.895833333333336],[132.725,33.900000000000006],[132.71875,33.900000000000006],[132.71875,33.895833333333336]]]},"properties":{"type":"Feature","mesh_id":"503265774","municipality_code":"38201","municipality":"松山市","total_population":163,"population_65plus":55,"population_75plus":22,"aging_rate_65plus":0.3374233128834356,"aging_rate_75plus":0.13496932515337423,"population_status":"0","population_status_target":null,"population_aggregation_target":null,"age_65plus_missing":false,"age_75plus_missing":false,"age_quality_flag":"ok","data_completeness":"complete"}},{"type":"Feature","geometry":{"type":"Polygon","coordinates":[[[132.725,33.891666666666666],[132.73125,33.891666666666666],[132.73125,33.895833333333336],[132.725,33.895833333333336],[132.725,33.891666666666666]]]},"properties":{"type":"Feature","mesh_id":"503265781","municipality_code":"38201","municipality":"松山市","total_population":1603,"population_65plus":577,"population_75plus":261,"aging_rate_65plus":0.3599500935745477,"aging_rate_75plus":0.16281971303805365,"population_status":"0","population_status_target":null,"population_aggregation_target":null,"age_65plus_missing":false,"age_75plus_missing":false,"age_quality_flag":"ok","data_completeness":"complete"}},{"type":"Feature","geometry":{"type":"Polygon","coordinates":[[[132.725,33.895833333333336],[132.73125,33.895833333333336],[132.73125,33.900000000000006],[132.725,33.900000000000006],[132.725,33.895833333333336]]]},"properties":{"type":"Feature","mesh_id":"503265782","municipality_code":"38201","municipality":"松山市","total_population":120,"population_65plus":35,"population_75plus":14,"aging_rate_65plus":0.2916666666666667,"aging_rate_75plus":0.11666666666666667,"population_status":"0","population_status_target":null,"population_aggregation_target":null,"age_65plus_missing":false,"age_75plus_missing":false,"age_quality_flag":"ok","data_completeness":"complete"}},{"type":"Feature","geometry":{"type":"Polygon","coordinates":[[[132.73125,33.891666666666666],[132.73749999999998,33.891666666666666],[132.73749999999998,33.895833333333336],[132.73125,33.895833333333336],[132.73125,33.891666666666666]]]},"properties":{"type":"Feature","mesh_id":"503265783","municipality_code":"38201","municipality":"松山市","total_population":1241,"population_65plus":293,"population_75plus":107,"aging_rate_65plus":0.23609991941982272,"aging_rate_75plus":0.0862207896857373,"population_status":"0","population_status_target":null,"population_aggregation_target":null,"age_65plus_missing":false,"age_75plus_missing":false,"age_quality_flag":"ok","data_completeness":"complete"}},{"type":"Feature","geometry":{"type":"Polygon","coordinates":[[[132.73125,33.895833333333336],[132.73749999999998,33.895833333333336],[132.73749999999998,33.900000000000006],[132.73125,33.900000000000006],[132.73125,33.895833333333336]]]},"properties":{"type":"Feature","mesh_id":"503265784","municipality_code":"38201","municipality":"松山市","total_population":807,"population_65plus":330,"population_75plus":144,"aging_rate_65plus":0.40892193308550184,"aging_rate_75plus":0.17843866171003717,"population_status":"0","population_status_target":null,"population_aggregation_target":null,"age_65plus_missing":false,"age_75plus_missing":false,"age_quality_flag":"ok","data_completeness":"complete"}},{"type":"Feature","geometry":{"type":"Polygon","coordinates":[[[132.7375,33.891666666666666],[132.74375,33.891666666666666],[132.74375,33.895833333333336],[132.7375,33.895833333333336],[132.7375,33.891666666666666]]]},"properties":{"type":"Feature","mesh_id":"503265791","municipality_code":"38201","municipality":"松山市","total_population":827,"population_65plus":210,"population_75plus":86,"aging_rate_65plus":0.2539298669891173,"aging_rate_75plus":0.10399032648125756,"population_status":"0","population_status_target":null,"population_aggregation_target":null,"age_65plus_missing":false,"age_75plus_missing":false,"age_quality_flag":"ok","data_completeness":"complete"}},{"type":"Feature","geometry":{"type":"Polygon","coordinates":[[[132.7375,33.895833333333336],[132.74375,33.895833333333336],[132.74375,33.900000000000006],[132.7375,33.900000000000006],[132.7375,33.895833333333336]]]},"properties":{"type":"Feature","mesh_id":"503265792","municipality_code":"38201","municipality":"松山市","total_population":1127,"population_65plus":307,"population_75plus":156,"aging_rate_65plus":0.2724046140195209,"aging_rate_75plus":0.13842058562555457,"population_status":"0","population_status_target":null,"population_aggregation_target":null,"age_65plus_missing":false,"age_75plus_missing":false,"age_quality_flag":"ok","data_completeness":"complete"}},{"type":"Feature","geometry":{"type":"Polygon","coordinates":[[[132.74375,33.891666666666666],[132.75,33.891666666666666],[132.75,33.895833333333336],[132.74375,33.895833333333336],[132.74375,33.891666666666666]]]},"properties":{"type":"Feature","mesh_id":"503265793","municipality_code":"38201","municipality":"松山市","total_population":324,"population_65plus":98,"population_75plus":31,"aging_rate_65plus":0.30246913580246915,"aging_rate_75plus":0.09567901234567901,"population_status":"0","population_status_target":null,"population_aggregation_target":null,"age_65plus_missing":false,"age_75plus_missing":false,"age_quality_flag":"ok","data_completeness":"complete"}},{"type":"Feature","geometry":{"type":"Polygon","coordinates":[[[132.74375,33.895833333333336],[132.75,33.895833333333336],[132.75,33.900000000000006],[132.74375,33.900000000000006],[132.74375,33.895833333333336]]]},"properties":{"type":"Feature","mesh_id":"503265794","municipality_code":"38201","municipality":"松山市","total_population":1115,"population_65plus":238,"population_75plus":89,"aging_rate_65plus":0.21345291479820627,"aging_rate_75plus":0.07982062780269059,"population_status":"0","population_status_target":null,"population_aggregation_target":null,"age_65plus_missing":false,"age_75plus_missing":false,"age_quality_flag":"ok","data_completeness":"complete"}},{"type":"Feature","geometry":{"type":"Polygon","coordinates":[[[132.6625,33.900000000000006],[132.66875,33.900000000000006],[132.66875,33.904166666666676],[132.6625,33.904166666666676],[132.6625,33.900000000000006]]]},"properties":{"type":"Feature","mesh_id":"503265831","municipality_code":"38201","municipality":"松山市","total_population":68,"population_65plus":50,"population_75plus":32,"aging_rate_65plus":0.7352941176470589,"aging_rate_75plus":0.47058823529411764,"population_status":"0","population_status_target":null,"population_aggregation_target":null,"age_65plus_missing":false,"age_75plus_missing":false,"age_quality_flag":"ok","data_completeness":"complete"}},{"type":"Feature","geometry":{"type":"Polygon","coordinates":[[[132.6625,33.904166666666676],[132.66875,33.904166666666676],[132.66875,33.908333333333346],[132.6625,33.908333333333346],[132.6625,33.904166666666676]]]},"properties":{"type":"Feature","mesh_id":"503265832","municipality_code":"38201","municipality":"松山市","total_population":21,"population_65plus":8,"population_75plus":8,"aging_rate_65plus":0.38095238095238093,"aging_rate_75plus":0.38095238095238093,"population_status":"0","population_status_target":null,"population_aggregation_target":null,"age_65plus_missing":false,"age_75plus_missing":false,"age_quality_flag":"ok","data_completeness":"complete"}},{"type":"Feature","geometry":{"type":"Polygon","coordinates":[[[132.675,33.904166666666676],[132.68125,33.904166666666676],[132.68125,33.908333333333346],[132.675,33.908333333333346],[132.675,33.904166666666676]]]},"properties":{"type":"Feature","mesh_id":"503265842","municipality_code":"38201","municipality":"松山市","total_population":113,"population_65plus":78,"population_75plus":52,"aging_rate_65plus":0.6902654867256637,"aging_rate_75plus":0.46017699115044247,"population_status":"0","population_status_target":null,"population_aggregation_target":null,"age_65plus_missing":false,"age_75plus_missing":false,"age_quality_flag":"ok","data_completeness":"complete"}},{"type":"Feature","geometry":{"type":"Polygon","coordinates":[[[132.68125,33.900000000000006],[132.6875,33.900000000000006],[132.6875,33.904166666666676],[132.68125,33.904166666666676],[132.68125,33.900000000000006]]]},"properties":{"type":"Feature","mesh_id":"503265843","municipality_code":"38201","municipality":"松山市","total_population":72,"population_65plus":43,"population_75plus":30,"aging_rate_65plus":0.5972222222222222,"aging_rate_75plus":0.4166666666666667,"population_status":"0","population_status_target":null,"population_aggregation_target":null,"age_65plus_missing":false,"age_75plus_missing":false,"age_quality_flag":"ok","data_completeness":"complete"}},{"type":"Feature","geometry":{"type":"Polygon","coordinates":[[[132.68125,33.904166666666676],[132.6875,33.904166666666676],[132.6875,33.908333333333346],[132.68125,33.908333333333346],[132.68125,33.904166666666676]]]},"properties":{"type":"Feature","mesh_id":"503265844","municipality_code":"38201","municipality":"松山市","total_population":47,"population_65plus":24,"population_75plus":14,"aging_rate_65plus":0.5106382978723404,"aging_rate_75plus":0.2978723404255319,"population_status":"0","population_status_target":null,"population_aggregation_target":null,"age_65plus_missing":false,"age_75plus_missing":false,"age_quality_flag":"ok","data_completeness":"complete"}},{"type":"Feature","geometry":{"type":"Polygon","coordinates":[[[132.725,33.900000000000006],[132.73125,33.900000000000006],[132.73125,33.904166666666676],[132.725,33.904166666666676],[132.725,33.900000000000006]]]},"properties":{"type":"Feature","mesh_id":"503265881","municipality_code":"38201","municipality":"松山市","total_population":66,"population_65plus":15,"population_75plus":5,"aging_rate_65plus":0.22727272727272727,"aging_rate_75plus":0.07575757575757576,"population_status":"0","population_status_target":null,"population_aggregation_target":null,"age_65plus_missing":false,"age_75plus_missing":false,"age_quality_flag":"ok","data_completeness":"complete"}},{"type":"Feature","geometry":{"type":"Polygon","coordinates":[[[132.7375,33.900000000000006],[132.74375,33.900000000000006],[132.74375,33.904166666666676],[132.7375,33.904166666666676],[132.7375,33.900000000000006]]]},"properties":{"type":"Feature","mesh_id":"503265891","municipality_code":"38201","municipality":"松山市","total_population":1104,"population_65plus":372,"population_75plus":158,"aging_rate_65plus":0.33695652173913043,"aging_rate_75plus":0.1431159420289855,"population_status":"0","population_status_target":null,"population_aggregation_target":null,"age_65plus_missing":false,"age_75plus_missing":false,"age_quality_flag":"ok","data_completeness":"complete"}},{"type":"Feature","geometry":{"type":"Polygon","coordinates":[[[132.68125,33.90833333333334],[132.6875,33.90833333333334],[132.6875,33.91250000000001],[132.68125,33.91250000000001],[132.68125,33.90833333333334]]]},"properties":{"type":"Feature","mesh_id":"503265943","municipality_code":"38201","municipality":"松山市","total_population":2,"population_65plus":null,"population_75plus":null,"aging_rate_65plus":null,"aging_rate_75plus":null,"population_status":"2","population_status_target":"503265941","population_aggregation_target":null,"age_65plus_missing":true,"age_75plus_missing":true,"age_quality_flag":"ok","data_completeness":"partial"}},{"type":"Feature","geometry":{"type":"Polygon","coordinates":[[[132.68125,33.91250000000001],[132.6875,33.91250000000001],[132.6875,33.91666666666668],[132.68125,33.91666666666668],[132.68125,33.91250000000001]]]},"properties":{"type":"Feature","mesh_id":"503265944","municipality_code":"38201","municipality":"松山市","total_population":6,"population_65plus":null,"population_75plus":null,"aging_rate_65plus":null,"aging_rate_75plus":null,"population_status":"2","population_status_target":"503265941","population_aggregation_target":null,"age_65plus_missing":true,"age_75plus_missing":true,"age_quality_flag":"ok","data_completeness":"partial"}},{"type":"Feature","geometry":{"type":"Polygon","coordinates":[[[132.75,33.833333333333336],[132.75625,33.833333333333336],[132.75625,33.837500000000006],[132.75,33.837500000000006],[132.75,33.833333333333336]]]},"properties":{"type":"Feature","mesh_id":"503266001","municipality_code":"38201","municipality":"松山市","total_population":1833,"population_65plus":387,"population_75plus":179,"aging_rate_65plus":0.21112929623567922,"aging_rate_75plus":0.09765411893071467,"population_status":"0","population_status_target":null,"population_aggregation_target":null,"age_65plus_missing":false,"age_75plus_missing":false,"age_quality_flag":"ok","data_completeness":"complete"}},{"type":"Feature","geometry":{"type":"Polygon","coordinates":[[[132.75,33.837500000000006],[132.75625,33.837500000000006],[132.75625,33.841666666666676],[132.75,33.841666666666676],[132.75,33.837500000000006]]]},"properties":{"type":"Feature","mesh_id":"503266002","municipality_code":"38201","municipality":"松山市","total_population":2758,"population_65plus":559,"population_75plus":274,"aging_rate_65plus":0.20268310369833212,"aging_rate_75plus":0.09934735315445975,"population_status":"0","population_status_target":null,"population_aggregation_target":null,"age_65plus_missing":false,"age_75plus_missing":false,"age_quality_flag":"ok","data_completeness":"complete"}},{"type":"Feature","geometry":{"type":"Polygon","coordinates":[[[132.75625,33.833333333333336],[132.7625,33.833333333333336],[132.7625,33.837500000000006],[132.75625,33.837500000000006],[132.75625,33.833333333333336]]]},"properties":{"type":"Feature","mesh_id":"503266003","municipality_code":"38201","municipality":"松山市","total_population":1389,"population_65plus":384,"population_75plus":178,"aging_rate_65plus":0.27645788336933047,"aging_rate_75plus":0.12814974802015838,"population_status":"0","population_status_target":null,"population_aggregation_target":null,"age_65plus_missing":false,"age_75plus_missing":false,"age_quality_flag":"ok","data_completeness":"complete"}},{"type":"Feature","geometry":{"type":"Polygon","coordinates":[[[132.75625,33.837500000000006],[132.7625,33.837500000000006],[132.7625,33.841666666666676],[132.75625,33.841666666666676],[132.75625,33.837500000000006]]]},"properties":{"type":"Feature","mesh_id":"503266004","municipality_code":"38201","municipality":"松山市","total_population":1381,"population_65plus":359,"population_75plus":187,"aging_rate_65plus":0.25995655322230266,"aging_rate_75plus":0.13540912382331644,"population_status":"0","population_status_target":null,"population_aggregation_target":null,"age_65plus_missing":false,"age_75plus_missing":false,"age_quality_flag":"ok","data_completeness":"complete"}},{"type":"Feature","geometry":{"type":"Polygon","coordinates":[[[132.7625,33.833333333333336],[132.76874999999998,33.833333333333336],[132.76874999999998,33.837500000000006],[132.7625,33.837500000000006],[132.7625,33.833333333333336]]]},"properties":{"type":"Feature","mesh_id":"503266011","municipality_code":"38201","municipality":"松山市","total_population":1742,"population_65plus":543,"population_75plus":292,"aging_rate_65plus":0.31171067738231917,"aging_rate_75plus":0.16762342135476463,"population_status":"0","population_status_target":null,"population_aggregation_target":null,"age_65plus_missing":false,"age_75plus_missing":false,"age_quality_flag":"ok","data_completeness":"complete"}},{"type":"Feature","geometry":{"type":"Polygon","coordinates":[[[132.7625,33.837500000000006],[132.76874999999998,33.837500000000006],[132.76874999999998,33.841666666666676],[132.7625,33.841666666666676],[132.7625,33.837500000000006]]]},"properties":{"type":"Feature","mesh_id":"503266012","municipality_code":"38201","municipality":"松山市","total_population":2910,"population_65plus":826,"population_75plus":453,"aging_rate_65plus":0.2838487972508591,"aging_rate_75plus":0.1556701030927835,"population_status":"0","population_status_target":null,"population_aggregation_target":null,"age_65plus_missing":false,"age_75plus_missing":false,"age_quality_flag":"ok","data_completeness":"complete"}},{"type":"Feature","geometry":{"type":"Polygon","coordinates":[[[132.76874999999998,33.833333333333336],[132.77499999999998,33.833333333333336],[132.77499999999998,33.837500000000006],[132.76874999999998,33.837500000000006],[132.76874999999998,33.833333333333336]]]},"properties":{"type":"Feature","mesh_id":"503266013","municipality_code":"38201","municipality":"松山市","total_population":521,"population_65plus":135,"population_75plus":55,"aging_rate_65plus":0.2591170825335892,"aging_rate_75plus":0.10556621880998081,"population_status":"0","population_status_target":null,"population_aggregation_target":null,"age_65plus_missing":false,"age_75plus_missing":false,"age_quality_flag":"ok","data_completeness":"complete"}},{"type":"Feature","geometry":{"type":"Polygon","coordinates":[[[132.76874999999998,33.837500000000006],[132.77499999999998,33.837500000000006],[132.77499999999998,33.841666666666676],[132.76874999999998,33.841666666666676],[132.76874999999998,33.837500000000006]]]},"properties":{"type":"Feature","mesh_id":"503266014","municipality_code":"38201","municipality":"松山市","total_population":1523,"population_65plus":323,"population_75plus":165,"aging_rate_65plus":0.21208141825344715,"aging_rate_75plus":0.10833880499015101,"population_status":"0","population_status_target":null,"population_aggregation_target":null,"age_65plus_missing":false,"age_75plus_missing":false,"age_quality_flag":"ok","data_completeness":"complete"}},{"type":"Feature","geometry":{"type":"Polygon","coordinates":[[[132.775,33.833333333333336],[132.78125,33.833333333333336],[132.78125,33.837500000000006],[132.775,33.837500000000006],[132.775,33.833333333333336]]]},"properties":{"type":"Feature","mesh_id":"503266021","municipality_code":"38201","municipality":"松山市","total_population":1692,"population_65plus":467,"population_75plus":240,"aging_rate_65plus":0.2760047281323877,"aging_rate_75plus":0.14184397163120568,"population_status":"0","population_status_target":null,"population_aggregation_target":null,"age_65plus_missing":false,"age_75plus_missing":false,"age_quality_flag":"ok","data_completeness":"complete"}},{"type":"Feature","geometry":{"type":"Polygon","coordinates":[[[132.775,33.837500000000006],[132.78125,33.837500000000006],[132.78125,33.841666666666676],[132.775,33.841666666666676],[132.775,33.837500000000006]]]},"properties":{"type":"Feature","mesh_id":"503266022","municipality_code":"38201","municipality":"松山市","total_population":2253,"population_65plus":553,"population_75plus":248,"aging_rate_65plus":0.24545051043053706,"aging_rate_75plus":0.11007545494895694,"population_status":"0","population_status_target":null,"population_aggregation_target":null,"age_65plus_missing":false,"age_75plus_missing":false,"age_quality_flag":"ok","data_completeness":"complete"}},{"type":"Feature","geometry":{"type":"Polygon","coordinates":[[[132.78125,33.833333333333336],[132.7875,33.833333333333336],[132.7875,33.837500000000006],[132.78125,33.837500000000006],[132.78125,33.833333333333336]]]},"properties":{"type":"Feature","mesh_id":"503266023","municipality_code":"38201","municipality":"松山市","total_population":2745,"population_65plus":644,"population_75plus":341,"aging_rate_65plus":0.23460837887067396,"aging_rate_75plus":0.12422586520947176,"population_status":"0","population_status_target":null,"population_aggregation_target":null,"age_65plus_missing":false,"age_75plus_missing":false,"age_quality_flag":"ok","data_completeness":"complete"}},{"type":"Feature","geometry":{"type":"Polygon","coordinates":[[[132.78125,33.837500000000006],[132.7875,33.837500000000006],[132.7875,33.841666666666676],[132.78125,33.841666666666676],[132.78125,33.837500000000006]]]},"properties":{"type":"Feature","mesh_id":"503266024","municipality_code":"38201","municipality":"松山市","total_population":1825,"population_65plus":493,"population_75plus":250,"aging_rate_65plus":0.27013698630136984,"aging_rate_75plus":0.136986301369863,"population_status":"0","population_status_target":null,"population_aggregation_target":null,"age_65plus_missing":false,"age_75plus_missing":false,"age_quality_flag":"ok","data_completeness":"complete"}},{"type":"Feature","geometry":{"type":"Polygon","coordinates":[[[132.7875,33.833333333333336],[132.79375,33.833333333333336],[132.79375,33.837500000000006],[132.7875,33.837500000000006],[132.7875,33.833333333333336]]]},"properties":{"type":"Feature","mesh_id":"503266031","municipality_code":"38201","municipality":"松山市","total_population":2410,"population_65plus":582,"population_75plus":303,"aging_rate_65plus":0.24149377593360996,"aging_rate_75plus":0.12572614107883817,"population_status":"0","population_status_target":null,"population_aggregation_target":null,"age_65plus_missing":false,"age_75plus_missing":false,"age_quality_flag":"ok","data_completeness":"complete"}},{"type":"Feature","geometry":{"type":"Polygon","coordinates":[[[132.7875,33.837500000000006],[132.79375,33.837500000000006],[132.79375,33.841666666666676],[132.7875,33.841666666666676],[132.7875,33.837500000000006]]]},"properties":{"type":"Feature","mesh_id":"503266032","municipality_code":"38201","municipality":"松山市","total_population":2128,"population_65plus":572,"population_75plus":294,"aging_rate_65plus":0.26879699248120303,"aging_rate_75plus":0.13815789473684212,"population_status":"0","population_status_target":null,"population_aggregation_target":null,"age_65plus_missing":false,"age_75plus_missing":false,"age_quality_flag":"ok","data_completeness":"complete"}},{"type":"Feature","geometry":{"type":"Polygon","coordinates":[[[132.79375,33.833333333333336],[132.79999999999998,33.833333333333336],[132.79999999999998,33.837500000000006],[132.79375,33.837500000000006],[132.79375,33.833333333333336]]]},"properties":{"type":"Feature","mesh_id":"503266033","municipality_code":"38201","municipality":"松山市","total_population":1421,"population_65plus":305,"population_75plus":178,"aging_rate_65plus":0.21463757916959889,"aging_rate_75plus":0.12526389866291343,"population_status":"0","population_status_target":null,"population_aggregation_target":null,"age_65plus_missing":false,"age_75plus_missing":false,"age_quality_flag":"ok","data_completeness":"complete"}},{"type":"Feature","geometry":{"type":"Polygon","coordinates":[[[132.79375,33.837500000000006],[132.79999999999998,33.837500000000006],[132.79999999999998,33.841666666666676],[132.79375,33.841666666666676],[132.79375,33.837500000000006]]]},"properties":{"type":"Feature","mesh_id":"503266034","municipality_code":"38201","municipality":"松山市","total_population":1740,"population_65plus":471,"population_75plus":253,"aging_rate_65plus":0.2706896551724138,"aging_rate_75plus":0.1454022988505747,"population_status":"0","population_status_target":null,"population_aggregation_target":null,"age_65plus_missing":false,"age_75plus_missing":false,"age_quality_flag":"ok","data_completeness":"complete"}},{"type":"Feature","geometry":{"type":"Polygon","coordinates":[[[132.8,33.833333333333336],[132.80625,33.833333333333336],[132.80625,33.837500000000006],[132.8,33.837500000000006],[132.8,33.833333333333336]]]},"properties":{"type":"Feature","mesh_id":"503266041","municipality_code":"38201","municipality":"松山市","total_population":1112,"population_65plus":427,"population_75plus":265,"aging_rate_65plus":0.3839928057553957,"aging_rate_75plus":0.2383093525179856,"population_status":"0","population_status_target":null,"population_aggregation_target":null,"age_65plus_missing":false,"age_75plus_missing":false,"age_quality_flag":"ok","data_completeness":"complete"}},{"type":"Feature","geometry":{"type":"Polygon","coordinates":[[[132.80625,33.833333333333336],[132.8125,33.833333333333336],[132.8125,33.837500000000006],[132.80625,33.837500000000006],[132.80625,33.833333333333336]]]},"properties":{"type":"Feature","mesh_id":"503266043","municipality_code":"38201","municipality":"松山市","total_population":1435,"population_65plus":376,"population_75plus":176,"aging_rate_65plus":0.2620209059233449,"aging_rate_75plus":0.12264808362369338,"population_status":"0","population_status_target":null,"population_aggregation_target":null,"age_65plus_missing":false,"age_75plus_missing":false,"age_quality_flag":"ok","data_completeness":"complete"}},{"type":"Feature","geometry":{"type":"Polygon","coordinates":[[[132.80625,33.837500000000006],[132.8125,33.837500000000006],[132.8125,33.841666666666676],[132.80625,33.841666666666676],[132.80625,33.837500000000006]]]},"properties":{"type":"Feature","mesh_id":"503266044","municipality_code":"38201","municipality":"松山市","total_population":285,"population_65plus":89,"population_75plus":59,"aging_rate_65plus":0.312280701754386,"aging_rate_75plus":0.20701754385964913,"population_status":"1","population_status_target":null,"population_aggregation_target":"503266053","age_65plus_missing":false,"age_75plus_missing":false,"age_quality_flag":"ok","data_completeness":"complete"}},{"type":"Feature","geometry":{"type":"Polygon","coordinates":[[[132.81875,33.833333333333336],[132.825,33.833333333333336],[132.825,33.837500000000006],[132.81875,33.837500000000006],[132.81875,33.833333333333336]]]},"properties":{"type":"Feature","mesh_id":"503266053","municipality_code":"38201","municipality":"松山市","total_population":7,"population_65plus":null,"population_75plus":null,"aging_rate_65plus":null,"aging_rate_75plus":null,"population_status":"2","population_status_target":"503266044","population_aggregation_target":null,"age_65plus_missing":true,"age_75plus_missing":true,"age_quality_flag":"ok","data_completeness":"partial"}},{"type":"Feature","geometry":{"type":"Polygon","coordinates":[[[132.85,33.833333333333336],[132.85625,33.833333333333336],[132.85625,33.837500000000006],[132.85,33.837500000000006],[132.85,33.833333333333336]]]},"properties":{"type":"Feature","mesh_id":"503266081","municipality_code":"38201","municipality":"松山市","total_population":14,"population_65plus":11,"population_75plus":4,"aging_rate_65plus":0.7857142857142857,"aging_rate_75plus":0.2857142857142857,"population_status":"0","population_status_target":null,"population_aggregation_target":null,"age_65plus_missing":false,"age_75plus_missing":false,"age_quality_flag":"ok","data_completeness":"complete"}},{"type":"Feature","geometry":{"type":"Polygon","coordinates":[[[132.85625,33.833333333333336],[132.86249999999998,33.833333333333336],[132.86249999999998,33.837500000000006],[132.85625,33.837500000000006],[132.85625,33.833333333333336]]]},"properties":{"type":"Feature","mesh_id":"503266083","municipality_code":"38201","municipality":"松山市","total_population":12,"population_65plus":6,"population_75plus":3,"aging_rate_65plus":0.5,"aging_rate_75plus":0.25,"population_status":"0","population_status_target":null,"population_aggregation_target":null,"age_65plus_missing":false,"age_75plus_missing":false,"age_quality_flag":"ok","data_completeness":"complete"}},{"type":"Feature","geometry":{"type":"Polygon","coordinates":[[[132.75,33.84166666666667],[132.75625,33.84166666666667],[132.75625,33.84583333333334],[132.75,33.84583333333334],[132.75,33.84166666666667]]]},"properties":{"type":"Feature","mesh_id":"503266101","municipality_code":"38201","municipality":"松山市","total_population":2418,"population_65plus":539,"population_75plus":230,"aging_rate_65plus":0.2229114971050455,"aging_rate_75plus":0.09511993382961124,"population_status":"0","population_status_target":null,"population_aggregation_target":null,"age_65plus_missing":false,"age_75plus_missing":false,"age_quality_flag":"ok","data_completeness":"complete"}},{"type":"Feature","geometry":{"type":"Polygon","coordinates":[[[132.75,33.84583333333334],[132.75625,33.84583333333334],[132.75625,33.85000000000001],[132.75,33.85000000000001],[132.75,33.84583333333334]]]},"properties":{"type":"Feature","mesh_id":"503266102","municipality_code":"38201","municipality":"松山市","total_population":2024,"population_65plus":430,"population_75plus":233,"aging_rate_65plus":0.2124505928853755,"aging_rate_75plus":0.11511857707509882,"population_status":"0","population_status_target":null,"population_aggregation_target":null,"age_65plus_missing":false,"age_75plus_missing":false,"age_quality_flag":"ok","data_completeness":"complete"}},{"type":"Feature","geometry":{"type":"Polygon","coordinates":[[[132.75625,33.84166666666667],[132.7625,33.84166666666667],[132.7625,33.84583333333334],[132.75625,33.84583333333334],[132.75625,33.84166666666667]]]},"properties":{"type":"Feature","mesh_id":"503266103","municipality_code":"38201","municipality":"松山市","total_population":2599,"population_65plus":621,"population_75plus":287,"aging_rate_65plus":0.23893805309734514,"aging_rate_75plus":0.1104270873412851,"population_status":"0","population_status_target":null,"population_aggregation_target":null,"age_65plus_missing":false,"age_75plus_missing":false,"age_quality_flag":"ok","data_completeness":"complete"}},{"type":"Feature","geometry":{"type":"Polygon","coordinates":[[[132.75625,33.84583333333334],[132.7625,33.84583333333334],[132.7625,33.85000000000001],[132.75625,33.85000000000001],[132.75625,33.84583333333334]]]},"properties":{"type":"Feature","mesh_id":"503266104","municipality_code":"38201","municipality":"松山市","total_population":3627,"population_65plus":692,"population_75plus":358,"aging_rate_65plus":0.1907912875654811,"aging_rate_75plus":0.09870416322029225,"population_status":"0","population_status_target":null,"population_aggregation_target":null,"age_65plus_missing":false,"age_75plus_missing":false,"age_quality_flag":"ok","data_completeness":"complete"}},{"type":"Feature","geometry":{"type":"Polygon","coordinates":[[[132.7625,33.84166666666667],[132.76874999999998,33.84166666666667],[132.76874999999998,33.84583333333334],[132.7625,33.84583333333334],[132.7625,33.84166666666667]]]},"properties":{"type":"Feature","mesh_id":"503266111","municipality_code":"38201","municipality":"松山市","total_population":15,"population_65plus":4,"population_75plus":3,"aging_rate_65plus":0.26666666666666666,"aging_rate_75plus":0.2,"population_status":"0","population_status_target":null,"population_aggregation_target":null,"age_65plus_missing":false,"age_75plus_missing":false,"age_quality_flag":"ok","data_completeness":"complete"}},{"type":"Feature","geometry":{"type":"Polygon","coordinates":[[[132.7625,33.84583333333334],[132.76874999999998,33.84583333333334],[132.76874999999998,33.85000000000001],[132.7625,33.85000000000001],[132.7625,33.84583333333334]]]},"properties":{"type":"Feature","mesh_id":"503266112","municipality_code":"38201","municipality":"松山市","total_population":3059,"population_65plus":553,"population_75plus":254,"aging_rate_65plus":0.18077803203661327,"aging_rate_75plus":0.08303367113435764,"population_status":"0","population_status_target":null,"population_aggregation_target":null,"age_65plus_missing":false,"age_75plus_missing":false,"age_quality_flag":"ok","data_completeness":"complete"}},{"type":"Feature","geometry":{"type":"Polygon","coordinates":[[[132.76874999999998,33.84166666666667],[132.77499999999998,33.84166666666667],[132.77499999999998,33.84583333333334],[132.76874999999998,33.84583333333334],[132.76874999999998,33.84166666666667]]]},"properties":{"type":"Feature","mesh_id":"503266113","municipality_code":"38201","municipality":"松山市","total_population":2950,"population_65plus":348,"population_75plus":197,"aging_rate_65plus":0.11796610169491525,"aging_rate_75plus":0.06677966101694915,"population_status":"0","population_status_target":null,"population_aggregation_target":null,"age_65plus_missing":false,"age_75plus_missing":false,"age_quality_flag":"ok","data_completeness":"complete"}},{"type":"Feature","geometry":{"type":"Polygon","coordinates":[[[132.76874999999998,33.84583333333334],[132.77499999999998,33.84583333333334],[132.77499999999998,33.85000000000001],[132.76874999999998,33.85000000000001],[132.76874999999998,33.84583333333334]]]},"properties":{"type":"Feature","mesh_id":"503266114","municipality_code":"38201","municipality":"松山市","total_population":2333,"population_65plus":421,"population_75plus":214,"aging_rate_65plus":0.18045435062151735,"aging_rate_75plus":0.09172738962708958,"population_status":"0","population_status_target":null,"population_aggregation_target":null,"age_65plus_missing":false,"age_75plus_missing":false,"age_quality_flag":"ok","data_completeness":"complete"}},{"type":"Feature","geometry":{"type":"Polygon","coordinates":[[[132.775,33.84166666666667],[132.78125,33.84166666666667],[132.78125,33.84583333333334],[132.775,33.84583333333334],[132.775,33.84166666666667]]]},"properties":{"type":"Feature","mesh_id":"503266121","municipality_code":"38201","municipality":"松山市","total_population":2762,"population_65plus":619,"population_75plus":332,"aging_rate_65plus":0.22411296162201302,"aging_rate_75plus":0.12020275162925416,"population_status":"0","population_status_target":null,"population_aggregation_target":null,"age_65plus_missing":false,"age_75plus_missing":false,"age_quality_flag":"ok","data_completeness":"complete"}},{"type":"Feature","geometry":{"type":"Polygon","coordinates":[[[132.775,33.84583333333334],[132.78125,33.84583333333334],[132.78125,33.85000000000001],[132.775,33.85000000000001],[132.775,33.84583333333334]]]},"properties":{"type":"Feature","mesh_id":"503266122","municipality_code":"38201","municipality":"松山市","total_population":2165,"population_65plus":438,"population_75plus":212,"aging_rate_65plus":0.2023094688221709,"aging_rate_75plus":0.09792147806004618,"population_status":"0","population_status_target":null,"population_aggregation_target":null,"age_65plus_missing":false,"age_75plus_missing":false,"age_quality_flag":"ok","data_completeness":"complete"}},{"type":"Feature","geometry":{"type":"Polygon","coordinates":[[[132.78125,33.84166666666667],[132.7875,33.84166666666667],[132.7875,33.84583333333334],[132.78125,33.84583333333334],[132.78125,33.84166666666667]]]},"properties":{"type":"Feature","mesh_id":"503266123","municipality_code":"38201","municipality":"松山市","total_population":2006,"population_65plus":518,"population_75plus":278,"aging_rate_65plus":0.25822532402791626,"aging_rate_75plus":0.13858424725822532,"population_status":"0","population_status_target":null,"population_aggregation_target":null,"age_65plus_missing":false,"age_75plus_missing":false,"age_quality_flag":"ok","data_completeness":"complete"}},{"type":"Feature","geometry":{"type":"Polygon","coordinates":[[[132.78125,33.84583333333334],[132.7875,33.84583333333334],[132.7875,33.85000000000001],[132.78125,33.85000000000001],[132.78125,33.84583333333334]]]},"properties":{"type":"Feature","mesh_id":"503266124","municipality_code":"38201","municipality":"松山市","total_population":2042,"population_65plus":549,"population_75plus":305,"aging_rate_65plus":0.26885406464250733,"aging_rate_75plus":0.1493633692458374,"population_status":"0","population_status_target":null,"population_aggregation_target":null,"age_65plus_missing":false,"age_75plus_missing":false,"age_quality_flag":"ok","data_completeness":"complete"}},{"type":"Feature","geometry":{"type":"Polygon","coordinates":[[[132.7875,33.84166666666667],[132.79375,33.84166666666667],[132.79375,33.84583333333334],[132.7875,33.84583333333334],[132.7875,33.84166666666667]]]},"properties":{"type":"Feature","mesh_id":"503266131","municipality_code":"38201","municipality":"松山市","total_population":2605,"population_65plus":700,"population_75plus":398,"aging_rate_65plus":0.2687140115163148,"aging_rate_75plus":0.1527831094049904,"population_status":"0","population_status_target":null,"population_aggregation_target":null,"age_65plus_missing":false,"age_75plus_missing":false,"age_quality_flag":"ok","data_completeness":"complete"}},{"type":"Feature","geometry":{"type":"Polygon","coordinates":[[[132.7875,33.84583333333334],[132.79375,33.84583333333334],[132.79375,33.85000000000001],[132.7875,33.85000000000001],[132.7875,33.84583333333334]]]},"properties":{"type":"Feature","mesh_id":"503266132","municipality_code":"38201","municipality":"松山市","total_population":1359,"population_65plus":360,"population_75plus":185,"aging_rate_65plus":0.26490066225165565,"aging_rate_75plus":0.13612950699043413,"population_status":"0","population_status_target":null,"population_aggregation_target":null,"age_65plus_missing":false,"age_75plus_missing":false,"age_quality_flag":"ok","data_completeness":"complete"}},{"type":"Feature","geometry":{"type":"Polygon","coordinates":[[[132.79375,33.84166666666667],[132.79999999999998,33.84166666666667],[132.79999999999998,33.84583333333334],[132.79375,33.84583333333334],[132.79375,33.84166666666667]]]},"properties":{"type":"Feature","mesh_id":"503266133","municipality_code":"38201","municipality":"松山市","total_population":1737,"population_65plus":402,"population_75plus":209,"aging_rate_65plus":0.231433506044905,"aging_rate_75plus":0.1203223949337939,"population_status":"0","population_status_target":null,"population_aggregation_target":null,"age_65plus_missing":false,"age_75plus_missing":false,"age_quality_flag":"ok","data_completeness":"complete"}},{"type":"Feature","geometry":{"type":"Polygon","coordinates":[[[132.79375,33.84583333333334],[132.79999999999998,33.84583333333334],[132.79999999999998,33.85000000000001],[132.79375,33.85000000000001],[132.79375,33.84583333333334]]]},"properties":{"type":"Feature","mesh_id":"503266134","municipality_code":"38201","municipality":"松山市","total_population":871,"population_65plus":265,"population_75plus":139,"aging_rate_65plus":0.30424799081515497,"aging_rate_75plus":0.15958668197474168,"population_status":"0","population_status_target":null,"population_aggregation_target":null,"age_65plus_missing":false,"age_75plus_missing":false,"age_quality_flag":"ok","data_completeness":"complete"}},{"type":"Feature","geometry":{"type":"Polygon","coordinates":[[[132.8,33.84166666666667],[132.80625,33.84166666666667],[132.80625,33.84583333333334],[132.8,33.84583333333334],[132.8,33.84166666666667]]]},"properties":{"type":"Feature","mesh_id":"503266141","municipality_code":"38201","municipality":"松山市","total_population":1775,"population_65plus":477,"population_75plus":207,"aging_rate_65plus":0.26873239436619717,"aging_rate_75plus":0.11661971830985915,"population_status":"0","population_status_target":null,"population_aggregation_target":null,"age_65plus_missing":false,"age_75plus_missing":false,"age_quality_flag":"ok","data_completeness":"complete"}},{"type":"Feature","geometry":{"type":"Polygon","coordinates":[[[132.8,33.84583333333334],[132.80625,33.84583333333334],[132.80625,33.85000000000001],[132.8,33.85000000000001],[132.8,33.84583333333334]]]},"properties":{"type":"Feature","mesh_id":"503266142","municipality_code":"38201","municipality":"松山市","total_population":574,"population_65plus":253,"population_75plus":119,"aging_rate_65plus":0.44076655052264807,"aging_rate_75plus":0.2073170731707317,"population_status":"1","population_status_target":null,"population_aggregation_target":"503266153","age_65plus_missing":false,"age_75plus_missing":false,"age_quality_flag":"ok","data_completeness":"complete"}},{"type":"Feature","geometry":{"type":"Polygon","coordinates":[[[132.80625,33.84166666666667],[132.8125,33.84166666666667],[132.8125,33.84583333333334],[132.80625,33.84583333333334],[132.80625,33.84166666666667]]]},"properties":{"type":"Feature","mesh_id":"503266143","municipality_code":"38201","municipality":"松山市","total_population":1690,"population_65plus":610,"population_75plus":335,"aging_rate_65plus":0.3609467455621302,"aging_rate_75plus":0.19822485207100593,"population_status":"0","population_status_target":null,"population_aggregation_target":null,"age_65plus_missing":false,"age_75plus_missing":false,"age_quality_flag":"ok","data_completeness":"complete"}},{"type":"Feature","geometry":{"type":"Polygon","coordinates":[[[132.80625,33.84583333333334],[132.8125,33.84583333333334],[132.8125,33.85000000000001],[132.80625,33.85000000000001],[132.80625,33.84583333333334]]]},"properties":{"type":"Feature","mesh_id":"503266144","municipality_code":"38201","municipality":"松山市","total_population":612,"population_65plus":230,"population_75plus":114,"aging_rate_65plus":0.3758169934640523,"aging_rate_75plus":0.18627450980392157,"population_status":"0","population_status_target":null,"population_aggregation_target":null,"age_65plus_missing":false,"age_75plus_missing":false,"age_quality_flag":"ok","data_completeness":"complete"}},{"type":"Feature","geometry":{"type":"Polygon","coordinates":[[[132.81875,33.84166666666667],[132.825,33.84166666666667],[132.825,33.84583333333334],[132.81875,33.84583333333334],[132.81875,33.84166666666667]]]},"properties":{"type":"Feature","mesh_id":"503266153","municipality_code":"38201","municipality":"松山市","total_population":2,"population_65plus":null,"population_75plus":null,"aging_rate_65plus":null,"aging_rate_75plus":null,"population_status":"2","population_status_target":"503266142","population_aggregation_target":null,"age_65plus_missing":true,"age_75plus_missing":true,"age_quality_flag":"ok","data_completeness":"partial"}},{"type":"Feature","geometry":{"type":"Polygon","coordinates":[[[132.75,33.85],[132.75625,33.85],[132.75625,33.85416666666667],[132.75,33.85416666666667],[132.75,33.85]]]},"properties":{"type":"Feature","mesh_id":"503266201","municipality_code":"38201","municipality":"松山市","total_population":2910,"population_65plus":711,"population_75plus":331,"aging_rate_65plus":0.2443298969072165,"aging_rate_75plus":0.11374570446735395,"population_status":"0","population_status_target":null,"population_aggregation_target":null,"age_65plus_missing":false,"age_75plus_missing":false,"age_quality_flag":"ok","data_completeness":"complete"}},{"type":"Feature","geometry":{"type":"Polygon","coordinates":[[[132.75,33.85416666666667],[132.75625,33.85416666666667],[132.75625,33.85833333333334],[132.75,33.85833333333334],[132.75,33.85416666666667]]]},"properties":{"type":"Feature","mesh_id":"503266202","municipality_code":"38201","municipality":"松山市","total_population":4143,"population_65plus":852,"population_75plus":449,"aging_rate_65plus":0.2056480811006517,"aging_rate_75plus":0.10837557325609462,"population_status":"0","population_status_target":null,"population_aggregation_target":null,"age_65plus_missing":false,"age_75plus_missing":false,"age_quality_flag":"ok","data_completeness":"complete"}},{"type":"Feature","geometry":{"type":"Polygon","coordinates":[[[132.75625,33.85],[132.7625,33.85],[132.7625,33.85416666666667],[132.75625,33.85416666666667],[132.75625,33.85]]]},"properties":{"type":"Feature","mesh_id":"503266203","municipality_code":"38201","municipality":"松山市","total_population":2415,"population_65plus":572,"population_75plus":268,"aging_rate_65plus":0.23685300207039336,"aging_rate_75plus":0.11097308488612836,"population_status":"0","population_status_target":null,"population_aggregation_target":null,"age_65plus_missing":false,"age_75plus_missing":false,"age_quality_flag":"ok","data_completeness":"complete"}},{"type":"Feature","geometry":{"type":"Polygon","coordinates":[[[132.75625,33.85416666666667],[132.7625,33.85416666666667],[132.7625,33.85833333333334],[132.75625,33.85833333333334],[132.75625,33.85416666666667]]]},"properties":{"type":"Feature","mesh_id":"503266204","municipality_code":"38201","municipality":"松山市","total_population":3488,"population_65plus":687,"population_75plus":338,"aging_rate_65plus":0.19696100917431192,"aging_rate_75plus":0.09690366972477064,"population_status":"0","population_status_target":null,"population_aggregation_target":null,"age_65plus_missing":false,"age_75plus_missing":false,"age_quality_flag":"ok","data_completeness":"complete"}},{"type":"Feature","geometry":{"type":"Polygon","coordinates":[[[132.7625,33.85],[132.76874999999998,33.85],[132.76874999999998,33.85416666666667],[132.7625,33.85416666666667],[132.7625,33.85]]]},"properties":{"type":"Feature","mesh_id":"503266211","municipality_code":"38201","municipality":"松山市","total_population":2326,"population_65plus":334,"population_75plus":176,"aging_rate_65plus":0.14359415305245055,"aging_rate_75plus":0.07566638005159071,"population_status":"0","population_status_target":null,"population_aggregation_target":null,"age_65plus_missing":false,"age_75plus_missing":false,"age_quality_flag":"ok","data_completeness":"complete"}},{"type":"Feature","geometry":{"type":"Polygon","coordinates":[[[132.7625,33.85416666666667],[132.76874999999998,33.85416666666667],[132.76874999999998,33.85833333333334],[132.7625,33.85833333333334],[132.7625,33.85416666666667]]]},"properties":{"type":"Feature","mesh_id":"503266212","municipality_code":"38201","municipality":"松山市","total_population":1208,"population_65plus":193,"population_75plus":82,"aging_rate_65plus":0.1597682119205298,"aging_rate_75plus":0.06788079470198675,"population_status":"0","population_status_target":null,"population_aggregation_target":null,"age_65plus_missing":false,"age_75plus_missing":false,"age_quality_flag":"ok","data_completeness":"complete"}},{"type":"Feature","geometry":{"type":"Polygon","coordinates":[[[132.76874999999998,33.85],[132.77499999999998,33.85],[132.77499999999998,33.85416666666667],[132.76874999999998,33.85416666666667],[132.76874999999998,33.85]]]},"properties":{"type":"Feature","mesh_id":"503266213","municipality_code":"38201","municipality":"松山市","total_population":1107,"population_65plus":331,"population_75plus":164,"aging_rate_65plus":0.2990063233965673,"aging_rate_75plus":0.14814814814814814,"population_status":"0","population_status_target":null,"population_aggregation_target":null,"age_65plus_missing":false,"age_75plus_missing":false,"age_quality_flag":"ok","data_completeness":"complete"}},{"type":"Feature","geometry":{"type":"Polygon","coordinates":[[[132.76874999999998,33.85416666666667],[132.77499999999998,33.85416666666667],[132.77499999999998,33.85833333333334],[132.76874999999998,33.85833333333334],[132.76874999999998,33.85416666666667]]]},"properties":{"type":"Feature","mesh_id":"503266214","municipality_code":"38201","municipality":"松山市","total_population":140,"population_65plus":40,"population_75plus":10,"aging_rate_65plus":0.2857142857142857,"aging_rate_75plus":0.07142857142857142,"population_status":"0","population_status_target":null,"population_aggregation_target":null,"age_65plus_missing":false,"age_75plus_missing":false,"age_quality_flag":"ok","data_completeness":"complete"}},{"type":"Feature","geometry":{"type":"Polygon","coordinates":[[[132.775,33.85],[132.78125,33.85],[132.78125,33.85416666666667],[132.775,33.85416666666667],[132.775,33.85]]]},"properties":{"type":"Feature","mesh_id":"503266221","municipality_code":"38201","municipality":"松山市","total_population":3058,"population_65plus":541,"population_75plus":298,"aging_rate_65plus":0.17691301504251145,"aging_rate_75plus":0.0974493132766514,"population_status":"0","population_status_target":null,"population_aggregation_target":null,"age_65plus_missing":false,"age_75plus_missing":false,"age_quality_flag":"ok","data_completeness":"complete"}},{"type":"Feature","geometry":{"type":"Polygon","coordinates":[[[132.775,33.85416666666667],[132.78125,33.85416666666667],[132.78125,33.85833333333334],[132.775,33.85833333333334],[132.775,33.85416666666667]]]},"properties":{"type":"Feature","mesh_id":"503266222","municipality_code":"38201","municipality":"松山市","total_population":1787,"population_65plus":499,"population_75plus":258,"aging_rate_65plus":0.2792389479574706,"aging_rate_75plus":0.14437604924454392,"population_status":"0","population_status_target":null,"population_aggregation_target":null,"age_65plus_missing":false,"age_75plus_missing":false,"age_quality_flag":"ok","data_completeness":"complete"}},{"type":"Feature","geometry":{"type":"Polygon","coordinates":[[[132.78125,33.85],[132.7875,33.85],[132.7875,33.85416666666667],[132.78125,33.85416666666667],[132.78125,33.85]]]},"properties":{"type":"Feature","mesh_id":"503266223","municipality_code":"38201","municipality":"松山市","total_population":1964,"population_65plus":525,"population_75plus":287,"aging_rate_65plus":0.26731160896130346,"aging_rate_75plus":0.14613034623217921,"population_status":"0","population_status_target":null,"population_aggregation_target":null,"age_65plus_missing":false,"age_75plus_missing":false,"age_quality_flag":"ok","data_completeness":"complete"}},{"type":"Feature","geometry":{"type":"Polygon","coordinates":[[[132.78125,33.85416666666667],[132.7875,33.85416666666667],[132.7875,33.85833333333334],[132.78125,33.85833333333334],[132.78125,33.85416666666667]]]},"properties":{"type":"Feature","mesh_id":"503266224","municipality_code":"38201","municipality":"松山市","total_population":996,"population_65plus":331,"population_75plus":169,"aging_rate_65plus":0.33232931726907633,"aging_rate_75plus":0.16967871485943775,"population_status":"0","population_status_target":null,"population_aggregation_target":null,"age_65plus_missing":false,"age_75plus_missing":false,"age_quality_flag":"ok","data_completeness":"complete"}},{"type":"Feature","geometry":{"type":"Polygon","coordinates":[[[132.7875,33.85],[132.79375,33.85],[132.79375,33.85416666666667],[132.7875,33.85416666666667],[132.7875,33.85]]]},"properties":{"type":"Feature","mesh_id":"503266231","municipality_code":"38201","municipality":"松山市","total_population":148,"population_65plus":45,"population_75plus":21,"aging_rate_65plus":0.30405405405405406,"aging_rate_75plus":0.14189189189189189,"population_status":"0","population_status_target":null,"population_aggregation_target":null,"age_65plus_missing":false,"age_75plus_missing":false,"age_quality_flag":"ok","data_completeness":"complete"}},{"type":"Feature","geometry":{"type":"Polygon","coordinates":[[[132.7875,33.85416666666667],[132.79375,33.85416666666667],[132.79375,33.85833333333334],[132.7875,33.85833333333334],[132.7875,33.85416666666667]]]},"properties":{"type":"Feature","mesh_id":"503266232","municipality_code":"38201","municipality":"松山市","total_population":24,"population_65plus":9,"population_75plus":3,"aging_rate_65plus":0.375,"aging_rate_75plus":0.125,"population_status":"0","population_status_target":null,"population_aggregation_target":null,"age_65plus_missing":false,"age_75plus_missing":false,"age_quality_flag":"ok","data_completeness":"complete"}},{"type":"Feature","geometry":{"type":"Polygon","coordinates":[[[132.79375,33.85],[132.79999999999998,33.85],[132.79999999999998,33.85416666666667],[132.79375,33.85416666666667],[132.79375,33.85]]]},"properties":{"type":"Feature","mesh_id":"503266233","municipality_code":"38201","municipality":"松山市","total_population":472,"population_65plus":112,"population_75plus":58,"aging_rate_65plus":0.23728813559322035,"aging_rate_75plus":0.1228813559322034,"population_status":"0","population_status_target":null,"population_aggregation_target":null,"age_65plus_missing":false,"age_75plus_missing":false,"age_quality_flag":"ok","data_completeness":"complete"}},{"type":"Feature","geometry":{"type":"Polygon","coordinates":[[[132.8,33.85],[132.80625,33.85],[132.80625,33.85416666666667],[132.8,33.85416666666667],[132.8,33.85]]]},"properties":{"type":"Feature","mesh_id":"503266241","municipality_code":"38201","municipality":"松山市","total_population":946,"population_65plus":439,"population_75plus":272,"aging_rate_65plus":0.46405919661733613,"aging_rate_75plus":0.28752642706131076,"population_status":"0","population_status_target":null,"population_aggregation_target":null,"age_65plus_missing":false,"age_75plus_missing":false,"age_quality_flag":"ok","data_completeness":"complete"}},{"type":"Feature","geometry":{"type":"Polygon","coordinates":[[[132.8,33.85416666666667],[132.80625,33.85416666666667],[132.80625,33.85833333333334],[132.8,33.85833333333334],[132.8,33.85416666666667]]]},"properties":{"type":"Feature","mesh_id":"503266242","municipality_code":"38201","municipality":"松山市","total_population":667,"population_65plus":239,"population_75plus":108,"aging_rate_65plus":0.3583208395802099,"aging_rate_75plus":0.1619190404797601,"population_status":"0","population_status_target":null,"population_aggregation_target":null,"age_65plus_missing":false,"age_75plus_missing":false,"age_quality_flag":"ok","data_completeness":"complete"}},{"type":"Feature","geometry":{"type":"Polygon","coordinates":[[[132.80625,33.85],[132.8125,33.85],[132.8125,33.85416666666667],[132.80625,33.85416666666667],[132.80625,33.85]]]},"properties":{"type":"Feature","mesh_id":"503266243","municipality_code":"38201","municipality":"松山市","total_population":9,"population_65plus":null,"population_75plus":null,"aging_rate_65plus":null,"aging_rate_75plus":null,"population_status":"2","population_status_target":"503266244","population_aggregation_target":null,"age_65plus_missing":true,"age_75plus_missing":true,"age_quality_flag":"ok","data_completeness":"partial"}},{"type":"Feature","geometry":{"type":"Polygon","coordinates":[[[132.80625,33.85416666666667],[132.8125,33.85416666666667],[132.8125,33.85833333333334],[132.80625,33.85833333333334],[132.80625,33.85416666666667]]]},"properties":{"type":"Feature","mesh_id":"503266244","municipality_code":"38201","municipality":"松山市","total_population":485,"population_65plus":168,"population_75plus":87,"aging_rate_65plus":0.3463917525773196,"aging_rate_75plus":0.17938144329896907,"population_status":"1","population_status_target":null,"population_aggregation_target":"503266243","age_65plus_missing":false,"age_75plus_missing":false,"age_quality_flag":"ok","data_completeness":"complete"}},{"type":"Feature","geometry":{"type":"Polygon","coordinates":[[[132.81875,33.85],[132.825,33.85],[132.825,33.85416666666667],[132.81875,33.85416666666667],[132.81875,33.85]]]},"properties":{"type":"Feature","mesh_id":"503266253","municipality_code":"38201","municipality":"松山市","total_population":29,"population_65plus":16,"population_75plus":9,"aging_rate_65plus":0.5517241379310345,"aging_rate_75plus":0.3103448275862069,"population_status":"0","population_status_target":null,"population_aggregation_target":null,"age_65plus_missing":false,"age_75plus_missing":false,"age_quality_flag":"ok","data_completeness":"complete"}},{"type":"Feature","geometry":{"type":"Polygon","coordinates":[[[132.75,33.858333333333334],[132.75625,33.858333333333334],[132.75625,33.862500000000004],[132.75,33.862500000000004],[132.75,33.858333333333334]]]},"properties":{"type":"Feature","mesh_id":"503266301","municipality_code":"38201","municipality":"松山市","total_population":1868,"population_65plus":332,"population_75plus":136,"aging_rate_65plus":0.1777301927194861,"aging_rate_75plus":0.0728051391862955,"population_status":"0","population_status_target":null,"population_aggregation_target":null,"age_65plus_missing":false,"age_75plus_missing":false,"age_quality_flag":"ok","data_completeness":"complete"}},{"type":"Feature","geometry":{"type":"Polygon","coordinates":[[[132.75,33.862500000000004],[132.75625,33.862500000000004],[132.75625,33.866666666666674],[132.75,33.866666666666674],[132.75,33.862500000000004]]]},"properties":{"type":"Feature","mesh_id":"503266302","municipality_code":"38201","municipality":"松山市","total_population":2280,"population_65plus":601,"population_75plus":327,"aging_rate_65plus":0.26359649122807016,"aging_rate_75plus":0.14342105263157895,"population_status":"0","population_status_target":null,"population_aggregation_target":null,"age_65plus_missing":false,"age_75plus_missing":false,"age_quality_flag":"ok","data_completeness":"complete"}},{"type":"Feature","geometry":{"type":"Polygon","coordinates":[[[132.75625,33.858333333333334],[132.7625,33.858333333333334],[132.7625,33.862500000000004],[132.75625,33.862500000000004],[132.75625,33.858333333333334]]]},"properties":{"type":"Feature","mesh_id":"503266303","municipality_code":"38201","municipality":"松山市","total_population":1324,"population_65plus":263,"population_75plus":136,"aging_rate_65plus":0.1986404833836858,"aging_rate_75plus":0.1027190332326284,"population_status":"0","population_status_target":null,"population_aggregation_target":null,"age_65plus_missing":false,"age_75plus_missing":false,"age_quality_flag":"ok","data_completeness":"complete"}},{"type":"Feature","geometry":{"type":"Polygon","coordinates":[[[132.75625,33.862500000000004],[132.7625,33.862500000000004],[132.7625,33.866666666666674],[132.75625,33.866666666666674],[132.75625,33.862500000000004]]]},"properties":{"type":"Feature","mesh_id":"503266304","municipality_code":"38201","municipality":"松山市","total_population":2396,"population_65plus":447,"population_75plus":195,"aging_rate_65plus":0.1865609348914858,"aging_rate_75plus":0.08138564273789649,"population_status":"0","population_status_target":null,"population_aggregation_target":null,"age_65plus_missing":false,"age_75plus_missing":false,"age_quality_flag":"ok","data_completeness":"complete"}},{"type":"Feature","geometry":{"type":"Polygon","coordinates":[[[132.7625,33.858333333333334],[132.76874999999998,33.858333333333334],[132.76874999999998,33.862500000000004],[132.7625,33.862500000000004],[132.7625,33.858333333333334]]]},"properties":{"type":"Feature","mesh_id":"503266311","municipality_code":"38201","municipality":"松山市","total_population":178,"population_65plus":56,"population_75plus":27,"aging_rate_65plus":0.3146067415730337,"aging_rate_75plus":0.15168539325842698,"population_status":"0","population_status_target":null,"population_aggregation_target":null,"age_65plus_missing":false,"age_75plus_missing":false,"age_quality_flag":"ok","data_completeness":"complete"}},{"type":"Feature","geometry":{"type":"Polygon","coordinates":[[[132.7625,33.862500000000004],[132.76874999999998,33.862500000000004],[132.76874999999998,33.866666666666674],[132.7625,33.866666666666674],[132.7625,33.862500000000004]]]},"properties":{"type":"Feature","mesh_id":"503266312","municipality_code":"38201","municipality":"松山市","total_population":204,"population_65plus":52,"population_75plus":21,"aging_rate_65plus":0.2549019607843137,"aging_rate_75plus":0.10294117647058823,"population_status":"0","population_status_target":null,"population_aggregation_target":null,"age_65plus_missing":false,"age_75plus_missing":false,"age_quality_flag":"ok","data_completeness":"complete"}},{"type":"Feature","geometry":{"type":"Polygon","coordinates":[[[132.76874999999998,33.858333333333334],[132.77499999999998,33.858333333333334],[132.77499999999998,33.862500000000004],[132.76874999999998,33.862500000000004],[132.76874999999998,33.858333333333334]]]},"properties":{"type":"Feature","mesh_id":"503266313","municipality_code":"38201","municipality":"松山市","total_population":184,"population_65plus":43,"population_75plus":21,"aging_rate_65plus":0.23369565217391305,"aging_rate_75plus":0.11413043478260869,"population_status":"0","population_status_target":null,"population_aggregation_target":null,"age_65plus_missing":false,"age_75plus_missing":false,"age_quality_flag":"ok","data_completeness":"complete"}},{"type":"Feature","geometry":{"type":"Polygon","coordinates":[[[132.76874999999998,33.862500000000004],[132.77499999999998,33.862500000000004],[132.77499999999998,33.866666666666674],[132.76874999999998,33.866666666666674],[132.76874999999998,33.862500000000004]]]},"properties":{"type":"Feature","mesh_id":"503266314","municipality_code":"38201","municipality":"松山市","total_population":458,"population_65plus":291,"population_75plus":234,"aging_rate_65plus":0.6353711790393013,"aging_rate_75plus":0.5109170305676856,"population_status":"0","population_status_target":null,"population_aggregation_target":null,"age_65plus_missing":false,"age_75plus_missing":false,"age_quality_flag":"ok","data_completeness":"complete"}},{"type":"Feature","geometry":{"type":"Polygon","coordinates":[[[132.775,33.858333333333334],[132.78125,33.858333333333334],[132.78125,33.862500000000004],[132.775,33.862500000000004],[132.775,33.858333333333334]]]},"properties":{"type":"Feature","mesh_id":"503266321","municipality_code":"38201","municipality":"松山市","total_population":758,"population_65plus":306,"population_75plus":205,"aging_rate_65plus":0.40369393139841686,"aging_rate_75plus":0.2704485488126649,"population_status":"0","population_status_target":null,"population_aggregation_target":null,"age_65plus_missing":false,"age_75plus_missing":false,"age_quality_flag":"ok","data_completeness":"complete"}},{"type":"Feature","geometry":{"type":"Polygon","coordinates":[[[132.775,33.862500000000004],[132.78125,33.862500000000004],[132.78125,33.866666666666674],[132.775,33.866666666666674],[132.775,33.862500000000004]]]},"properties":{"type":"Feature","mesh_id":"503266322","municipality_code":"38201","municipality":"松山市","total_population":12,"population_65plus":6,"population_75plus":5,"aging_rate_65plus":0.5,"aging_rate_75plus":0.4166666666666667,"population_status":"0","population_status_target":null,"population_aggregation_target":null,"age_65plus_missing":false,"age_75plus_missing":false,"age_quality_flag":"ok","data_completeness":"complete"}},{"type":"Feature","geometry":{"type":"Polygon","coordinates":[[[132.78125,33.858333333333334],[132.7875,33.858333333333334],[132.7875,33.862500000000004],[132.78125,33.862500000000004],[132.78125,33.858333333333334]]]},"properties":{"type":"Feature","mesh_id":"503266323","municipality_code":"38201","municipality":"松山市","total_population":133,"population_65plus":38,"population_75plus":24,"aging_rate_65plus":0.2857142857142857,"aging_rate_75plus":0.18045112781954886,"population_status":"0","population_status_target":null,"population_aggregation_target":null,"age_65plus_missing":false,"age_75plus_missing":false,"age_quality_flag":"ok","data_completeness":"complete"}},{"type":"Feature","geometry":{"type":"Polygon","coordinates":[[[132.78125,33.862500000000004],[132.7875,33.862500000000004],[132.7875,33.866666666666674],[132.78125,33.866666666666674],[132.78125,33.862500000000004]]]},"properties":{"type":"Feature","mesh_id":"503266324","municipality_code":"38201","municipality":"松山市","total_population":675,"population_65plus":57,"population_75plus":18,"aging_rate_65plus":0.08444444444444445,"aging_rate_75plus":0.02666666666666667,"population_status":"0","population_status_target":null,"population_aggregation_target":null,"age_65plus_missing":false,"age_75plus_missing":false,"age_quality_flag":"ok","data_completeness":"complete"}},{"type":"Feature","geometry":{"type":"Polygon","coordinates":[[[132.7875,33.858333333333334],[132.79375,33.858333333333334],[132.79375,33.862500000000004],[132.7875,33.862500000000004],[132.7875,33.858333333333334]]]},"properties":{"type":"Feature","mesh_id":"503266331","municipality_code":"38201","municipality":"松山市","total_population":186,"population_65plus":113,"population_75plus":86,"aging_rate_65plus":0.6075268817204301,"aging_rate_75plus":0.46236559139784944,"population_status":"0","population_status_target":null,"population_aggregation_target":null,"age_65plus_missing":false,"age_75plus_missing":false,"age_quality_flag":"ok","data_completeness":"complete"}},{"type":"Feature","geometry":{"type":"Polygon","coordinates":[[[132.7875,33.862500000000004],[132.79375,33.862500000000004],[132.79375,33.866666666666674],[132.7875,33.866666666666674],[132.7875,33.862500000000004]]]},"properties":{"type":"Feature","mesh_id":"503266332","municipality_code":"38201","municipality":"松山市","total_population":15,"population_65plus":9,"population_75plus":2,"aging_rate_65plus":0.6,"aging_rate_75plus":0.13333333333333333,"population_status":"0","population_status_target":null,"population_aggregation_target":null,"age_65plus_missing":false,"age_75plus_missing":false,"age_quality_flag":"ok","data_completeness":"complete"}},{"type":"Feature","geometry":{"type":"Polygon","coordinates":[[[132.79375,33.858333333333334],[132.79999999999998,33.858333333333334],[132.79999999999998,33.862500000000004],[132.79375,33.862500000000004],[132.79375,33.858333333333334]]]},"properties":{"type":"Feature","mesh_id":"503266333","municipality_code":"38201","municipality":"松山市","total_population":356,"population_65plus":34,"population_75plus":18,"aging_rate_65plus":0.09550561797752809,"aging_rate_75plus":0.05056179775280899,"population_status":"0","population_status_target":null,"population_aggregation_target":null,"age_65plus_missing":false,"age_75plus_missing":false,"age_quality_flag":"ok","data_completeness":"complete"}},{"type":"Feature","geometry":{"type":"Polygon","coordinates":[[[132.8,33.858333333333334],[132.80625,33.858333333333334],[132.80625,33.862500000000004],[132.8,33.862500000000004],[132.8,33.858333333333334]]]},"properties":{"type":"Feature","mesh_id":"503266341","municipality_code":"38201","municipality":"松山市","total_population":11,"population_65plus":null,"population_75plus":null,"aging_rate_65plus":null,"aging_rate_75plus":null,"population_status":"2","population_status_target":"503266343","population_aggregation_target":null,"age_65plus_missing":true,"age_75plus_missing":true,"age_quality_flag":"ok","data_completeness":"partial"}},{"type":"Feature","geometry":{"type":"Polygon","coordinates":[[[132.8,33.862500000000004],[132.80625,33.862500000000004],[132.80625,33.866666666666674],[132.8,33.866666666666674],[132.8,33.862500000000004]]]},"properties":{"type":"Feature","mesh_id":"503266342","municipality_code":"38201","municipality":"松山市","total_population":39,"population_65plus":9,"population_75plus":1,"aging_rate_65plus":0.23076923076923078,"aging_rate_75plus":0.02564102564102564,"population_status":"0","population_status_target":null,"population_aggregation_target":null,"age_65plus_missing":false,"age_75plus_missing":false,"age_quality_flag":"ok","data_completeness":"complete"}},{"type":"Feature","geometry":{"type":"Polygon","coordinates":[[[132.80625,33.858333333333334],[132.8125,33.858333333333334],[132.8125,33.862500000000004],[132.80625,33.862500000000004],[132.80625,33.858333333333334]]]},"properties":{"type":"Feature","mesh_id":"503266343","municipality_code":"38201","municipality":"松山市","total_population":11,"population_65plus":null,"population_75plus":null,"aging_rate_65plus":null,"aging_rate_75plus":null,"population_status":"1","population_status_target":null,"population_aggregation_target":"503266341","age_65plus_missing":true,"age_75plus_missing":true,"age_quality_flag":"inconsistent_with_total","data_completeness":"partial"}},{"type":"Feature","geometry":{"type":"Polygon","coordinates":[[[132.8125,33.858333333333334],[132.81875,33.858333333333334],[132.81875,33.862500000000004],[132.8125,33.862500000000004],[132.8125,33.858333333333334]]]},"properties":{"type":"Feature","mesh_id":"503266351","municipality_code":"38201","municipality":"松山市","total_population":140,"population_65plus":46,"population_75plus":28,"aging_rate_65plus":0.32857142857142857,"aging_rate_75plus":0.2,"population_status":"0","population_status_target":null,"population_aggregation_target":null,"age_65plus_missing":false,"age_75plus_missing":false,"age_quality_flag":"ok","data_completeness":"complete"}},{"type":"Feature","geometry":{"type":"Polygon","coordinates":[[[132.8125,33.862500000000004],[132.81875,33.862500000000004],[132.81875,33.866666666666674],[132.8125,33.866666666666674],[132.8125,33.862500000000004]]]},"properties":{"type":"Feature","mesh_id":"503266352","municipality_code":"38201","municipality":"松山市","total_population":14,"population_65plus":1,"population_75plus":0,"aging_rate_65plus":0.07142857142857142,"aging_rate_75plus":0.0,"population_status":"0","population_status_target":null,"population_aggregation_target":null,"age_65plus_missing":false,"age_75plus_missing":false,"age_quality_flag":"ok","data_completeness":"complete"}},{"type":"Feature","geometry":{"type":"Polygon","coordinates":[[[132.81875,33.858333333333334],[132.825,33.858333333333334],[132.825,33.862500000000004],[132.81875,33.862500000000004],[132.81875,33.858333333333334]]]},"properties":{"type":"Feature","mesh_id":"503266353","municipality_code":"38201","municipality":"松山市","total_population":441,"population_65plus":184,"population_75plus":112,"aging_rate_65plus":0.41723356009070295,"aging_rate_75plus":0.25396825396825395,"population_status":"0","population_status_target":null,"population_aggregation_target":null,"age_65plus_missing":false,"age_75plus_missing":false,"age_quality_flag":"ok","data_completeness":"complete"}},{"type":"Feature","geometry":{"type":"Polygon","coordinates":[[[132.81875,33.862500000000004],[132.825,33.862500000000004],[132.825,33.866666666666674],[132.81875,33.866666666666674],[132.81875,33.862500000000004]]]},"properties":{"type":"Feature","mesh_id":"503266354","municipality_code":"38201","municipality":"松山市","total_population":54,"population_65plus":19,"population_75plus":13,"aging_rate_65plus":0.35185185185185186,"aging_rate_75plus":0.24074074074074073,"population_status":"0","population_status_target":null,"population_aggregation_target":null,"age_65plus_missing":false,"age_75plus_missing":false,"age_quality_flag":"ok","data_completeness":"complete"}},{"type":"Feature","geometry":{"type":"Polygon","coordinates":[[[132.75,33.86666666666667],[132.75625,33.86666666666667],[132.75625,33.87083333333334],[132.75,33.87083333333334],[132.75,33.86666666666667]]]},"properties":{"type":"Feature","mesh_id":"503266401","municipality_code":"38201","municipality":"松山市","total_population":1799,"population_65plus":405,"population_75plus":158,"aging_rate_65plus":0.22512506948304614,"aging_rate_75plus":0.08782657031684268,"population_status":"0","population_status_target":null,"population_aggregation_target":null,"age_65plus_missing":false,"age_75plus_missing":false,"age_quality_flag":"ok","data_completeness":"complete"}},{"type":"Feature","geometry":{"type":"Polygon","coordinates":[[[132.75,33.87083333333334],[132.75625,33.87083333333334],[132.75625,33.87500000000001],[132.75,33.87500000000001],[132.75,33.87083333333334]]]},"properties":{"type":"Feature","mesh_id":"503266402","municipality_code":"38201","municipality":"松山市","total_population":1918,"population_65plus":522,"population_75plus":248,"aging_rate_65plus":0.2721584984358707,"aging_rate_75plus":0.12930135557872785,"population_status":"0","population_status_target":null,"population_aggregation_target":null,"age_65plus_missing":false,"age_75plus_missing":false,"age_quality_flag":"ok","data_completeness":"complete"}},{"type":"Feature","geometry":{"type":"Polygon","coordinates":[[[132.75625,33.86666666666667],[132.7625,33.86666666666667],[132.7625,33.87083333333334],[132.75625,33.87083333333334],[132.75625,33.86666666666667]]]},"properties":{"type":"Feature","mesh_id":"503266403","municipality_code":"38201","municipality":"松山市","total_population":1439,"population_65plus":448,"population_75plus":228,"aging_rate_65plus":0.3113273106323836,"aging_rate_75plus":0.15844336344683807,"population_status":"0","population_status_target":null,"population_aggregation_target":null,"age_65plus_missing":false,"age_75plus_missing":false,"age_quality_flag":"ok","data_completeness":"complete"}},{"type":"Feature","geometry":{"type":"Polygon","coordinates":[[[132.75625,33.87083333333334],[132.7625,33.87083333333334],[132.7625,33.87500000000001],[132.75625,33.87500000000001],[132.75625,33.87083333333334]]]},"properties":{"type":"Feature","mesh_id":"503266404","municipality_code":"38201","municipality":"松山市","total_population":2236,"population_65plus":511,"population_75plus":194,"aging_rate_65plus":0.22853309481216458,"aging_rate_75plus":0.08676207513416816,"population_status":"0","population_status_target":null,"population_aggregation_target":null,"age_65plus_missing":false,"age_75plus_missing":false,"age_quality_flag":"ok","data_completeness":"complete"}},{"type":"Feature","geometry":{"type":"Polygon","coordinates":[[[132.7625,33.86666666666667],[132.76874999999998,33.86666666666667],[132.76874999999998,33.87083333333334],[132.7625,33.87083333333334],[132.7625,33.86666666666667]]]},"properties":{"type":"Feature","mesh_id":"503266411","municipality_code":"38201","municipality":"松山市","total_population":164,"population_65plus":113,"population_75plus":98,"aging_rate_65plus":0.6890243902439024,"aging_rate_75plus":0.5975609756097561,"population_status":"0","population_status_target":null,"population_aggregation_target":null,"age_65plus_missing":false,"age_75plus_missing":false,"age_quality_flag":"ok","data_completeness":"complete"}},{"type":"Feature","geometry":{"type":"Polygon","coordinates":[[[132.7625,33.87083333333334],[132.76874999999998,33.87083333333334],[132.76874999999998,33.87500000000001],[132.7625,33.87500000000001],[132.7625,33.87083333333334]]]},"properties":{"type":"Feature","mesh_id":"503266412","municipality_code":"38201","municipality":"松山市","total_population":34,"population_65plus":13,"population_75plus":12,"aging_rate_65plus":0.38235294117647056,"aging_rate_75plus":0.35294117647058826,"population_status":"0","population_status_target":null,"population_aggregation_target":null,"age_65plus_missing":false,"age_75plus_missing":false,"age_quality_flag":"ok","data_completeness":"complete"}},{"type":"Feature","geometry":{"type":"Polygon","coordinates":[[[132.76874999999998,33.86666666666667],[132.77499999999998,33.86666666666667],[132.77499999999998,33.87083333333334],[132.76874999999998,33.87083333333334],[132.76874999999998,33.86666666666667]]]},"properties":{"type":"Feature","mesh_id":"503266413","municipality_code":"38201","municipality":"松山市","total_population":261,"population_65plus":92,"population_75plus":45,"aging_rate_65plus":0.3524904214559387,"aging_rate_75plus":0.1724137931034483,"population_status":"0","population_status_target":null,"population_aggregation_target":null,"age_65plus_missing":false,"age_75plus_missing":false,"age_quality_flag":"ok","data_completeness":"complete"}},{"type":"Feature","geometry":{"type":"Polygon","coordinates":[[[132.775,33.86666666666667],[132.78125,33.86666666666667],[132.78125,33.87083333333334],[132.775,33.87083333333334],[132.775,33.86666666666667]]]},"properties":{"type":"Feature","mesh_id":"503266421","municipality_code":"38201","municipality":"松山市","total_population":10,"population_65plus":null,"population_75plus":null,"aging_rate_65plus":null,"aging_rate_75plus":null,"population_status":"2","population_status_target":"503266423","population_aggregation_target":null,"age_65plus_missing":true,"age_75plus_missing":true,"age_quality_flag":"ok","data_completeness":"partial"}},{"type":"Feature","geometry":{"type":"Polygon","coordinates":[[[132.775,33.87083333333334],[132.78125,33.87083333333334],[132.78125,33.87500000000001],[132.775,33.87500000000001],[132.775,33.87083333333334]]]},"properties":{"type":"Feature","mesh_id":"503266422","municipality_code":"38201","municipality":"松山市","total_population":435,"population_65plus":45,"population_75plus":20,"aging_rate_65plus":0.10344827586206896,"aging_rate_75plus":0.04597701149425287,"population_status":"0","population_status_target":null,"population_aggregation_target":null,"age_65plus_missing":false,"age_75plus_missing":false,"age_quality_flag":"ok","data_completeness":"complete"}},{"type":"Feature","geometry":{"type":"Polygon","coordinates":[[[132.78125,33.86666666666667],[132.7875,33.86666666666667],[132.7875,33.87083333333334],[132.78125,33.87083333333334],[132.78125,33.86666666666667]]]},"properties":{"type":"Feature","mesh_id":"503266423","municipality_code":"38201","municipality":"松山市","total_population":916,"population_65plus":285,"population_75plus":110,"aging_rate_65plus":0.3111353711790393,"aging_rate_75plus":0.12008733624454149,"population_status":"1","population_status_target":null,"population_aggregation_target":"503266421","age_65plus_missing":false,"age_75plus_missing":false,"age_quality_flag":"ok","data_completeness":"complete"}},{"type":"Feature","geometry":{"type":"Polygon","coordinates":[[[132.78125,33.87083333333334],[132.7875,33.87083333333334],[132.7875,33.87500000000001],[132.78125,33.87500000000001],[132.78125,33.87083333333334]]]},"properties":{"type":"Feature","mesh_id":"503266424","municipality_code":"38201","municipality":"松山市","total_population":144,"population_65plus":66,"population_75plus":45,"aging_rate_65plus":0.4583333333333333,"aging_rate_75plus":0.3125,"population_status":"0","population_status_target":null,"population_aggregation_target":null,"age_65plus_missing":false,"age_75plus_missing":false,"age_quality_flag":"ok","data_completeness":"complete"}},{"type":"Feature","geometry":{"type":"Polygon","coordinates":[[[132.7875,33.86666666666667],[132.79375,33.86666666666667],[132.79375,33.87083333333334],[132.7875,33.87083333333334],[132.7875,33.86666666666667]]]},"properties":{"type":"Feature","mesh_id":"503266431","municipality_code":"38201","municipality":"松山市","total_population":385,"population_65plus":27,"population_75plus":11,"aging_rate_65plus":0.07012987012987013,"aging_rate_75plus":0.02857142857142857,"population_status":"0","population_status_target":null,"population_aggregation_target":null,"age_65plus_missing":false,"age_75plus_missing":false,"age_quality_flag":"ok","data_completeness":"complete"}},{"type":"Feature","geometry":{"type":"Polygon","coordinates":[[[132.7875,33.87083333333334],[132.79375,33.87083333333334],[132.79375,33.87500000000001],[132.7875,33.87500000000001],[132.7875,33.87083333333334]]]},"properties":{"type":"Feature","mesh_id":"503266432","municipality_code":"38201","municipality":"松山市","total_population":58,"population_65plus":18,"population_75plus":8,"aging_rate_65plus":0.3103448275862069,"aging_rate_75plus":0.13793103448275862,"population_status":"0","population_status_target":null,"population_aggregation_target":null,"age_65plus_missing":false,"age_75plus_missing":false,"age_quality_flag":"ok","data_completeness":"complete"}},{"type":"Feature","geometry":{"type":"Polygon","coordinates":[[[132.79375,33.86666666666667],[132.79999999999998,33.86666666666667],[132.79999999999998,33.87083333333334],[132.79375,33.87083333333334],[132.79375,33.86666666666667]]]},"properties":{"type":"Feature","mesh_id":"503266433","municipality_code":"38201","municipality":"松山市","total_population":695,"population_65plus":268,"population_75plus":117,"aging_rate_65plus":0.3856115107913669,"aging_rate_75plus":0.1683453237410072,"population_status":"0","population_status_target":null,"population_aggregation_target":null,"age_65plus_missing":false,"age_75plus_missing":false,"age_quality_flag":"ok","data_completeness":"complete"}},{"type":"Feature","geometry":{"type":"Polygon","coordinates":[[[132.79375,33.87083333333334],[132.79999999999998,33.87083333333334],[132.79999999999998,33.87500000000001],[132.79375,33.87500000000001],[132.79375,33.87083333333334]]]},"properties":{"type":"Feature","mesh_id":"503266434","municipality_code":"38201","municipality":"松山市","total_population":15,"population_65plus":10,"population_75plus":6,"aging_rate_65plus":0.6666666666666666,"aging_rate_75plus":0.4,"population_status":"0","population_status_target":null,"population_aggregation_target":null,"age_65plus_missing":false,"age_75plus_missing":false,"age_quality_flag":"ok","data_completeness":"complete"}},{"type":"Feature","geometry":{"type":"Polygon","coordinates":[[[132.8,33.86666666666667],[132.80625,33.86666666666667],[132.80625,33.87083333333334],[132.8,33.87083333333334],[132.8,33.86666666666667]]]},"properties":{"type":"Feature","mesh_id":"503266441","municipality_code":"38201","municipality":"松山市","total_population":3,"population_65plus":null,"population_75plus":null,"aging_rate_65plus":null,"aging_rate_75plus":null,"population_status":"2","population_status_target":"503266443","population_aggregation_target":null,"age_65plus_missing":true,"age_75plus_missing":true,"age_quality_flag":"ok","data_completeness":"partial"}},{"type":"Feature","geometry":{"type":"Polygon","coordinates":[[[132.8,33.87083333333334],[132.80625,33.87083333333334],[132.80625,33.87500000000001],[132.8,33.87500000000001],[132.8,33.87083333333334]]]},"properties":{"type":"Feature","mesh_id":"503266442","municipality_code":"38201","municipality":"松山市","total_population":179,"population_65plus":45,"population_75plus":24,"aging_rate_65plus":0.25139664804469275,"aging_rate_75plus":0.1340782122905028,"population_status":"0","population_status_target":null,"population_aggregation_target":null,"age_65plus_missing":false,"age_75plus_missing":false,"age_quality_flag":"ok","data_completeness":"complete"}},{"type":"Feature","geometry":{"type":"Polygon","coordinates":[[[132.80625,33.86666666666667],[132.8125,33.86666666666667],[132.8125,33.87083333333334],[132.80625,33.87083333333334],[132.80625,33.86666666666667]]]},"properties":{"type":"Feature","mesh_id":"503266443","municipality_code":"38201","municipality":"松山市","total_population":163,"population_65plus":76,"population_75plus":33,"aging_rate_65plus":0.4662576687116564,"aging_rate_75plus":0.20245398773006135,"population_status":"1","population_status_target":null,"population_aggregation_target":"503266441","age_65plus_missing":false,"age_75plus_missing":false,"age_quality_flag":"ok","data_completeness":"complete"}},{"type":"Feature","geometry":{"type":"Polygon","coordinates":[[[132.80625,33.87083333333334],[132.8125,33.87083333333334],[132.8125,33.87500000000001],[132.80625,33.87500000000001],[132.80625,33.87083333333334]]]},"properties":{"type":"Feature","mesh_id":"503266444","municipality_code":"38201","municipality":"松山市","total_population":453,"population_65plus":187,"population_75plus":75,"aging_rate_65plus":0.41280353200883,"aging_rate_75plus":0.16556291390728478,"population_status":"0","population_status_target":null,"population_aggregation_target":null,"age_65plus_missing":false,"age_75plus_missing":false,"age_quality_flag":"ok","data_completeness":"complete"}},{"type":"Feature","geometry":{"type":"Polygon","coordinates":[[[132.8125,33.86666666666667],[132.81875,33.86666666666667],[132.81875,33.87083333333334],[132.8125,33.87083333333334],[132.8125,33.86666666666667]]]},"properties":{"type":"Feature","mesh_id":"503266451","municipality_code":"38201","municipality":"松山市","total_population":1366,"population_65plus":431,"population_75plus":158,"aging_rate_65plus":0.31551976573938506,"aging_rate_75plus":0.11566617862371889,"population_status":"0","population_status_target":null,"population_aggregation_target":null,"age_65plus_missing":false,"age_75plus_missing":false,"age_quality_flag":"ok","data_completeness":"complete"}},{"type":"Feature","geometry":{"type":"Polygon","coordinates":[[[132.8125,33.87083333333334],[132.81875,33.87083333333334],[132.81875,33.87500000000001],[132.8125,33.87500000000001],[132.8125,33.87083333333334]]]},"properties":{"type":"Feature","mesh_id":"503266452","municipality_code":"38201","municipality":"松山市","total_population":97,"population_65plus":29,"population_75plus":10,"aging_rate_65plus":0.29896907216494845,"aging_rate_75plus":0.10309278350515463,"population_status":"0","population_status_target":null,"population_aggregation_target":null,"age_65plus_missing":false,"age_75plus_missing":false,"age_quality_flag":"ok","data_completeness":"complete"}},{"type":"Feature","geometry":{"type":"Polygon","coordinates":[[[132.81875,33.86666666666667],[132.825,33.86666666666667],[132.825,33.87083333333334],[132.81875,33.87083333333334],[132.81875,33.86666666666667]]]},"properties":{"type":"Feature","mesh_id":"503266453","municipality_code":"38201","municipality":"松山市","total_population":502,"population_65plus":97,"population_75plus":31,"aging_rate_65plus":0.19322709163346613,"aging_rate_75plus":0.061752988047808766,"population_status":"0","population_status_target":null,"population_aggregation_target":null,"age_65plus_missing":false,"age_75plus_missing":false,"age_quality_flag":"ok","data_completeness":"complete"}},{"type":"Feature","geometry":{"type":"Polygon","coordinates":[[[132.81875,33.87083333333334],[132.825,33.87083333333334],[132.825,33.87500000000001],[132.81875,33.87500000000001],[132.81875,33.87083333333334]]]},"properties":{"type":"Feature","mesh_id":"503266454","municipality_code":"38201","municipality":"松山市","total_population":1162,"population_65plus":75,"population_75plus":23,"aging_rate_65plus":0.06454388984509467,"aging_rate_75plus":0.019793459552495698,"population_status":"0","population_status_target":null,"population_aggregation_target":null,"age_65plus_missing":false,"age_75plus_missing":false,"age_quality_flag":"ok","data_completeness":"complete"}},{"type":"Feature","geometry":{"type":"Polygon","coordinates":[[[132.83124999999998,33.87083333333334],[132.83749999999998,33.87083333333334],[132.83749999999998,33.87500000000001],[132.83124999999998,33.87500000000001],[132.83124999999998,33.87083333333334]]]},"properties":{"type":"Feature","mesh_id":"503266464","municipality_code":"38201","municipality":"松山市","total_population":24,"population_65plus":16,"population_75plus":7,"aging_rate_65plus":0.6666666666666666,"aging_rate_75plus":0.2916666666666667,"population_status":"1","population_status_target":null,"population_aggregation_target":"503266571","age_65plus_missing":false,"age_75plus_missing":false,"age_quality_flag":"ok","data_completeness":"complete"}},{"type":"Feature","geometry":{"type":"Polygon","coordinates":[[[132.75,33.875],[132.75625,33.875],[132.75625,33.87916666666667],[132.75,33.87916666666667],[132.75,33.875]]]},"properties":{"type":"Feature","mesh_id":"503266501","municipality_code":"38201","municipality":"松山市","total_population":1776,"population_65plus":429,"population_75plus":225,"aging_rate_65plus":0.24155405405405406,"aging_rate_75plus":0.1266891891891892,"population_status":"0","population_status_target":null,"population_aggregation_target":null,"age_65plus_missing":false,"age_75plus_missing":false,"age_quality_flag":"ok","data_completeness":"complete"}},{"type":"Feature","geometry":{"type":"Polygon","coordinates":[[[132.75,33.87916666666667],[132.75625,33.87916666666667],[132.75625,33.88333333333334],[132.75,33.88333333333334],[132.75,33.87916666666667]]]},"properties":{"type":"Feature","mesh_id":"503266502","municipality_code":"38201","municipality":"松山市","total_population":675,"population_65plus":171,"population_75plus":100,"aging_rate_65plus":0.25333333333333335,"aging_rate_75plus":0.14814814814814814,"population_status":"1","population_status_target":null,"population_aggregation_target":"503266504","age_65plus_missing":false,"age_75plus_missing":false,"age_quality_flag":"ok","data_completeness":"complete"}},{"type":"Feature","geometry":{"type":"Polygon","coordinates":[[[132.75625,33.875],[132.7625,33.875],[132.7625,33.87916666666667],[132.75625,33.87916666666667],[132.75625,33.875]]]},"properties":{"type":"Feature","mesh_id":"503266503","municipality_code":"38201","municipality":"松山市","total_population":528,"population_65plus":168,"population_75plus":84,"aging_rate_65plus":0.3181818181818182,"aging_rate_75plus":0.1590909090909091,"population_status":"0","population_status_target":null,"population_aggregation_target":null,"age_65plus_missing":false,"age_75plus_missing":false,"age_quality_flag":"ok","data_completeness":"complete"}},{"type":"Feature","geometry":{"type":"Polygon","coordinates":[[[132.75625,33.87916666666667],[132.7625,33.87916666666667],[132.7625,33.88333333333334],[132.75625,33.88333333333334],[132.75625,33.87916666666667]]]},"properties":{"type":"Feature","mesh_id":"503266504","municipality_code":"38201","municipality":"松山市","total_population":3,"population_65plus":null,"population_75plus":null,"aging_rate_65plus":null,"aging_rate_75plus":null,"population_status":"2","population_status_target":"503266502","population_aggregation_target":null,"age_65plus_missing":true,"age_75plus_missing":true,"age_quality_flag":"ok","data_completeness":"partial"}},{"type":"Feature","geometry":{"type":"Polygon","coordinates":[[[132.7625,33.875],[132.76874999999998,33.875],[132.76874999999998,33.87916666666667],[132.7625,33.87916666666667],[132.7625,33.875]]]},"properties":{"type":"Feature","mesh_id":"503266511","municipality_code":"38201","municipality":"松山市","total_population":138,"population_65plus":60,"population_75plus":32,"aging_rate_65plus":0.43478260869565216,"aging_rate_75plus":0.2318840579710145,"population_status":"0","population_status_target":null,"population_aggregation_target":null,"age_65plus_missing":false,"age_75plus_missing":false,"age_quality_flag":"ok","data_completeness":"complete"}},{"type":"Feature","geometry":{"type":"Polygon","coordinates":[[[132.76874999999998,33.875],[132.77499999999998,33.875],[132.77499999999998,33.87916666666667],[132.76874999999998,33.87916666666667],[132.76874999999998,33.875]]]},"properties":{"type":"Feature","mesh_id":"503266513","municipality_code":"38201","municipality":"松山市","total_population":8,"population_65plus":null,"population_75plus":null,"aging_rate_65plus":null,"aging_rate_75plus":null,"population_status":"2","population_status_target":"503266514","population_aggregation_target":null,"age_65plus_missing":true,"age_75plus_missing":true,"age_quality_flag":"ok","data_completeness":"partial"}},{"type":"Feature","geometry":{"type":"Polygon","coordinates":[[[132.76874999999998,33.87916666666667],[132.77499999999998,33.87916666666667],[132.77499999999998,33.88333333333334],[132.76874999999998,33.88333333333334],[132.76874999999998,33.87916666666667]]]},"properties":{"type":"Feature","mesh_id":"503266514","municipality_code":"38201","municipality":"松山市","total_population":40,"population_65plus":18,"population_75plus":8,"aging_rate_65plus":0.45,"aging_rate_75plus":0.2,"population_status":"1","population_status_target":null,"population_aggregation_target":"503266513","age_65plus_missing":false,"age_75plus_missing":false,"age_quality_flag":"ok","data_completeness":"complete"}},{"type":"Feature","geometry":{"type":"Polygon","coordinates":[[[132.775,33.875],[132.78125,33.875],[132.78125,33.87916666666667],[132.775,33.87916666666667],[132.775,33.875]]]},"properties":{"type":"Feature","mesh_id":"503266521","municipality_code":"38201","municipality":"松山市","total_population":288,"population_65plus":88,"population_75plus":40,"aging_rate_65plus":0.3055555555555556,"aging_rate_75plus":0.1388888888888889,"population_status":"0","population_status_target":null,"population_aggregation_target":null,"age_65plus_missing":false,"age_75plus_missing":false,"age_quality_flag":"ok","data_completeness":"complete"}},{"type":"Feature","geometry":{"type":"Polygon","coordinates":[[[132.775,33.87916666666667],[132.78125,33.87916666666667],[132.78125,33.88333333333334],[132.775,33.88333333333334],[132.775,33.87916666666667]]]},"properties":{"type":"Feature","mesh_id":"503266522","municipality_code":"38201","municipality":"松山市","total_population":104,"population_65plus":38,"population_75plus":16,"aging_rate_65plus":0.36538461538461536,"aging_rate_75plus":0.15384615384615385,"population_status":"0","population_status_target":null,"population_aggregation_target":null,"age_65plus_missing":false,"age_75plus_missing":false,"age_quality_flag":"ok","data_completeness":"complete"}},{"type":"Feature","geometry":{"type":"Polygon","coordinates":[[[132.78125,33.875],[132.7875,33.875],[132.7875,33.87916666666667],[132.78125,33.87916666666667],[132.78125,33.875]]]},"properties":{"type":"Feature","mesh_id":"503266523","municipality_code":"38201","municipality":"松山市","total_population":13,"population_65plus":5,"population_75plus":3,"aging_rate_65plus":0.38461538461538464,"aging_rate_75plus":0.23076923076923078,"population_status":"0","population_status_target":null,"population_aggregation_target":null,"age_65plus_missing":false,"age_75plus_missing":false,"age_quality_flag":"ok","data_completeness":"complete"}},{"type":"Feature","geometry":{"type":"Polygon","coordinates":[[[132.7875,33.875],[132.79375,33.875],[132.79375,33.87916666666667],[132.7875,33.87916666666667],[132.7875,33.875]]]},"properties":{"type":"Feature","mesh_id":"503266531","municipality_code":"38201","municipality":"松山市","total_population":334,"population_65plus":151,"population_75plus":72,"aging_rate_65plus":0.45209580838323354,"aging_rate_75plus":0.2155688622754491,"population_status":"1","population_status_target":null,"population_aggregation_target":"503266533","age_65plus_missing":false,"age_75plus_missing":false,"age_quality_flag":"ok","data_completeness":"complete"}},{"type":"Feature","geometry":{"type":"Polygon","coordinates":[[[132.7875,33.87916666666667],[132.79375,33.87916666666667],[132.79375,33.88333333333334],[132.7875,33.88333333333334],[132.7875,33.87916666666667]]]},"properties":{"type":"Feature","mesh_id":"503266532","municipality_code":"38201","municipality":"松山市","total_population":254,"population_65plus":110,"population_75plus":60,"aging_rate_65plus":0.4330708661417323,"aging_rate_75plus":0.23622047244094488,"population_status":"0","population_status_target":null,"population_aggregation_target":null,"age_65plus_missing":false,"age_75plus_missing":false,"age_quality_flag":"ok","data_completeness":"complete"}},{"type":"Feature","geometry":{"type":"Polygon","coordinates":[[[132.79375,33.875],[132.79999999999998,33.875],[132.79999999999998,33.87916666666667],[132.79375,33.87916666666667],[132.79375,33.875]]]},"properties":{"type":"Feature","mesh_id":"503266533","municipality_code":"38201","municipality":"松山市","total_population":1,"population_65plus":null,"population_75plus":null,"aging_rate_65plus":null,"aging_rate_75plus":null,"population_status":"2","population_status_target":"503266531","population_aggregation_target":null,"age_65plus_missing":true,"age_75plus_missing":true,"age_quality_flag":"ok","data_completeness":"partial"}},{"type":"Feature","geometry":{"type":"Polygon","coordinates":[[[132.79375,33.87916666666667],[132.79999999999998,33.87916666666667],[132.79999999999998,33.88333333333334],[132.79375,33.88333333333334],[132.79375,33.87916666666667]]]},"properties":{"type":"Feature","mesh_id":"503266534","municipality_code":"38201","municipality":"松山市","total_population":67,"population_65plus":31,"population_75plus":18,"aging_rate_65plus":0.4626865671641791,"aging_rate_75plus":0.26865671641791045,"population_status":"0","population_status_target":null,"population_aggregation_target":null,"age_65plus_missing":false,"age_75plus_missing":false,"age_quality_flag":"ok","data_completeness":"complete"}},{"type":"Feature","geometry":{"type":"Polygon","coordinates":[[[132.8,33.875],[132.80625,33.875],[132.80625,33.87916666666667],[132.8,33.87916666666667],[132.8,33.875]]]},"properties":{"type":"Feature","mesh_id":"503266541","municipality_code":"38201","municipality":"松山市","total_population":147,"population_65plus":30,"population_75plus":15,"aging_rate_65plus":0.20408163265306123,"aging_rate_75plus":0.10204081632653061,"population_status":"0","population_status_target":null,"population_aggregation_target":null,"age_65plus_missing":false,"age_75plus_missing":false,"age_quality_flag":"ok","data_completeness":"complete"}},{"type":"Feature","geometry":{"type":"Polygon","coordinates":[[[132.8,33.87916666666667],[132.80625,33.87916666666667],[132.80625,33.88333333333334],[132.8,33.88333333333334],[132.8,33.87916666666667]]]},"properties":{"type":"Feature","mesh_id":"503266542","municipality_code":"38201","municipality":"松山市","total_population":254,"population_65plus":119,"population_75plus":47,"aging_rate_65plus":0.468503937007874,"aging_rate_75plus":0.18503937007874016,"population_status":"0","population_status_target":null,"population_aggregation_target":null,"age_65plus_missing":false,"age_75plus_missing":false,"age_quality_flag":"ok","data_completeness":"complete"}},{"type":"Feature","geometry":{"type":"Polygon","coordinates":[[[132.80625,33.875],[132.8125,33.875],[132.8125,33.87916666666667],[132.80625,33.87916666666667],[132.80625,33.875]]]},"properties":{"type":"Feature","mesh_id":"503266543","municipality_code":"38201","municipality":"松山市","total_population":34,"population_65plus":16,"population_75plus":8,"aging_rate_65plus":0.47058823529411764,"aging_rate_75plus":0.23529411764705882,"population_status":"0","population_status_target":null,"population_aggregation_target":null,"age_65plus_missing":false,"age_75plus_missing":false,"age_quality_flag":"ok","data_completeness":"complete"}},{"type":"Feature","geometry":{"type":"Polygon","coordinates":[[[132.81875,33.87916666666667],[132.825,33.87916666666667],[132.825,33.88333333333334],[132.81875,33.88333333333334],[132.81875,33.87916666666667]]]},"properties":{"type":"Feature","mesh_id":"503266554","municipality_code":"38201","municipality":"松山市","total_population":4,"population_65plus":null,"population_75plus":null,"aging_rate_65plus":null,"aging_rate_75plus":null,"population_status":"2","population_status_target":"503266652","population_aggregation_target":null,"age_65plus_missing":true,"age_75plus_missing":true,"age_quality_flag":"ok","data_completeness":"partial"}},{"type":"Feature","geometry":{"type":"Polygon","coordinates":[[[132.8375,33.875],[132.84375,33.875],[132.84375,33.87916666666667],[132.8375,33.87916666666667],[132.8375,33.875]]]},"properties":{"type":"Feature","mesh_id":"503266571","municipality_code":"38201","municipality":"松山市","total_population":8,"population_65plus":null,"population_75plus":null,"aging_rate_65plus":null,"aging_rate_75plus":null,"population_status":"2","population_status_target":"503266464","population_aggregation_target":null,"age_65plus_missing":true,"age_75plus_missing":true,"age_quality_flag":"ok","data_completeness":"partial"}},{"type":"Feature","geometry":{"type":"Polygon","coordinates":[[[132.85625,33.875],[132.86249999999998,33.875],[132.86249999999998,33.87916666666667],[132.85625,33.87916666666667],[132.85625,33.875]]]},"properties":{"type":"Feature","mesh_id":"503266583","municipality_code":"38201","municipality":"松山市","total_population":4,"population_65plus":null,"population_75plus":null,"aging_rate_65plus":null,"aging_rate_75plus":null,"population_status":"2","population_status_target":"503266681","population_aggregation_target":null,"age_65plus_missing":true,"age_75plus_missing":true,"age_quality_flag":"ok","data_completeness":"partial"}},{"type":"Feature","geometry":{"type":"Polygon","coordinates":[[[132.8625,33.875],[132.86875,33.875],[132.86875,33.87916666666667],[132.8625,33.87916666666667],[132.8625,33.875]]]},"properties":{"type":"Feature","mesh_id":"503266591","municipality_code":"38201","municipality":"松山市","total_population":5,"population_65plus":null,"population_75plus":null,"aging_rate_65plus":null,"aging_rate_75plus":null,"population_status":"2","population_status_target":"503266593","population_aggregation_target":null,"age_65plus_missing":true,"age_75plus_missing":true,"age_quality_flag":"ok","data_completeness":"partial"}},{"type":"Feature","geometry":{"type":"Polygon","coordinates":[[[132.86875,33.875],[132.875,33.875],[132.875,33.87916666666667],[132.86875,33.87916666666667],[132.86875,33.875]]]},"properties":{"type":"Feature","mesh_id":"503266593","municipality_code":"38201","municipality":"松山市","total_population":13,"population_65plus":9,"population_75plus":2,"aging_rate_65plus":0.6923076923076923,"aging_rate_75plus":0.15384615384615385,"population_status":"1","population_status_target":null,"population_aggregation_target":"503266591","age_65plus_missing":false,"age_75plus_missing":false,"age_quality_flag":"ok","data_completeness":"complete"}},{"type":"Feature","geometry":{"type":"Polygon","coordinates":[[[132.75,33.88333333333333],[132.75625,33.88333333333333],[132.75625,33.8875],[132.75,33.8875],[132.75,33.88333333333333]]]},"properties":{"type":"Feature","mesh_id":"503266601","municipality_code":"38201","municipality":"松山市","total_population":366,"population_65plus":102,"population_75plus":50,"aging_rate_65plus":0.2786885245901639,"aging_rate_75plus":0.1366120218579235,"population_status":"0","population_status_target":null,"population_aggregation_target":null,"age_65plus_missing":false,"age_75plus_missing":false,"age_quality_flag":"ok","data_completeness":"complete"}},{"type":"Feature","geometry":{"type":"Polygon","coordinates":[[[132.75625,33.88333333333333],[132.7625,33.88333333333333],[132.7625,33.8875],[132.75625,33.8875],[132.75625,33.88333333333333]]]},"properties":{"type":"Feature","mesh_id":"503266603","municipality_code":"38201","municipality":"松山市","total_population":428,"population_65plus":147,"population_75plus":87,"aging_rate_65plus":0.34345794392523366,"aging_rate_75plus":0.20327102803738317,"population_status":"0","population_status_target":null,"population_aggregation_target":null,"age_65plus_missing":false,"age_75plus_missing":false,"age_quality_flag":"ok","data_completeness":"complete"}},{"type":"Feature","geometry":{"type":"Polygon","coordinates":[[[132.7625,33.88333333333333],[132.76874999999998,33.88333333333333],[132.76874999999998,33.8875],[132.7625,33.8875],[132.7625,33.88333333333333]]]},"properties":{"type":"Feature","mesh_id":"503266611","municipality_code":"38201","municipality":"松山市","total_population":11,"population_65plus":10,"population_75plus":6,"aging_rate_65plus":0.9090909090909091,"aging_rate_75plus":0.5454545454545454,"population_status":"1","population_status_target":null,"population_aggregation_target":"503266614","age_65plus_missing":false,"age_75plus_missing":false,"age_quality_flag":"ok","data_completeness":"complete"}},{"type":"Feature","geometry":{"type":"Polygon","coordinates":[[[132.7625,33.8875],[132.76874999999998,33.8875],[132.76874999999998,33.89166666666667],[132.7625,33.89166666666667],[132.7625,33.8875]]]},"properties":{"type":"Feature","mesh_id":"503266612","municipality_code":"38201","municipality":"松山市","total_population":21,"population_65plus":11,"population_75plus":6,"aging_rate_65plus":0.5238095238095238,"aging_rate_75plus":0.2857142857142857,"population_status":"0","population_status_target":null,"population_aggregation_target":null,"age_65plus_missing":false,"age_75plus_missing":false,"age_quality_flag":"ok","data_completeness":"complete"}},{"type":"Feature","geometry":{"type":"Polygon","coordinates":[[[132.76874999999998,33.8875],[132.77499999999998,33.8875],[132.77499999999998,33.89166666666667],[132.76874999999998,33.89166666666667],[132.76874999999998,33.8875]]]},"properties":{"type":"Feature","mesh_id":"503266614","municipality_code":"38201","municipality":"松山市","total_population":7,"population_65plus":null,"population_75plus":null,"aging_rate_65plus":null,"aging_rate_75plus":null,"population_status":"2","population_status_target":"503266611","population_aggregation_target":null,"age_65plus_missing":true,"age_75plus_missing":true,"age_quality_flag":"ok","data_completeness":"partial"}},{"type":"Feature","geometry":{"type":"Polygon","coordinates":[[[132.7875,33.88333333333333],[132.79375,33.88333333333333],[132.79375,33.8875],[132.7875,33.8875],[132.7875,33.88333333333333]]]},"properties":{"type":"Feature","mesh_id":"503266631","municipality_code":"38201","municipality":"松山市","total_population":14,"population_65plus":8,"population_75plus":4,"aging_rate_65plus":0.5714285714285714,"aging_rate_75plus":0.2857142857142857,"population_status":"0","population_status_target":null,"population_aggregation_target":null,"age_65plus_missing":false,"age_75plus_missing":false,"age_quality_flag":"ok","data_completeness":"complete"}},{"type":"Feature","geometry":{"type":"Polygon","coordinates":[[[132.7875,33.8875],[132.79375,33.8875],[132.79375,33.89166666666667],[132.7875,33.89166666666667],[132.7875,33.8875]]]},"properties":{"type":"Feature","mesh_id":"503266632","municipality_code":"38201","municipality":"松山市","total_population":38,"population_65plus":21,"population_75plus":9,"aging_rate_65plus":0.5526315789473685,"aging_rate_75plus":0.23684210526315788,"population_status":"0","population_status_target":null,"population_aggregation_target":null,"age_65plus_missing":false,"age_75plus_missing":false,"age_quality_flag":"ok","data_completeness":"complete"}},{"type":"Feature","geometry":{"type":"Polygon","coordinates":[[[132.8,33.88333333333333],[132.80625,33.88333333333333],[132.80625,33.8875],[132.8,33.8875],[132.8,33.88333333333333]]]},"properties":{"type":"Feature","mesh_id":"503266641","municipality_code":"38201","municipality":"松山市","total_population":3,"population_65plus":null,"population_75plus":null,"aging_rate_65plus":null,"aging_rate_75plus":null,"population_status":"2","population_status_target":"503266643","population_aggregation_target":null,"age_65plus_missing":true,"age_75plus_missing":true,"age_quality_flag":"ok","data_completeness":"partial"}},{"type":"Feature","geometry":{"type":"Polygon","coordinates":[[[132.8,33.8875],[132.80625,33.8875],[132.80625,33.89166666666667],[132.8,33.89166666666667],[132.8,33.8875]]]},"properties":{"type":"Feature","mesh_id":"503266642","municipality_code":"38201","municipality":"松山市","total_population":4,"population_65plus":null,"population_75plus":null,"aging_rate_65plus":null,"aging_rate_75plus":null,"population_status":"2","population_status_target":"503266643","population_aggregation_target":null,"age_65plus_missing":true,"age_75plus_missing":true,"age_quality_flag":"ok","data_completeness":"partial"}},{"type":"Feature","geometry":{"type":"Polygon","coordinates":[[[132.80625,33.88333333333333],[132.8125,33.88333333333333],[132.8125,33.8875],[132.80625,33.8875],[132.80625,33.88333333333333]]]},"properties":{"type":"Feature","mesh_id":"503266643","municipality_code":"38201","municipality":"松山市","total_population":109,"population_65plus":49,"population_75plus":27,"aging_rate_65plus":0.44954128440366975,"aging_rate_75plus":0.24770642201834864,"population_status":"1","population_status_target":null,"population_aggregation_target":"503266641;503266642","age_65plus_missing":false,"age_75plus_missing":false,"age_quality_flag":"ok","data_completeness":"complete"}},{"type":"Feature","geometry":{"type":"Polygon","coordinates":[[[132.8125,33.8875],[132.81875,33.8875],[132.81875,33.89166666666667],[132.8125,33.89166666666667],[132.8125,33.8875]]]},"properties":{"type":"Feature","mesh_id":"503266652","municipality_code":"38201","municipality":"松山市","total_population":7,"population_65plus":null,"population_75plus":null,"aging_rate_65plus":null,"aging_rate_75plus":null,"population_status":"1","population_status_target":null,"population_aggregation_target":"503266554","age_65plus_missing":true,"age_75plus_missing":true,"age_quality_flag":"inconsistent_with_total","data_completeness":"partial"}},{"type":"Feature","geometry":{"type":"Polygon","coordinates":[[[132.825,33.88333333333333],[132.83124999999998,33.88333333333333],[132.83124999999998,33.8875],[132.825,33.8875],[132.825,33.88333333333333]]]},"properties":{"type":"Feature","mesh_id":"503266661","municipality_code":"38201","municipality":"松山市","total_population":6,"population_65plus":null,"population_75plus":null,"aging_rate_65plus":null,"aging_rate_75plus":null,"population_status":"2","population_status_target":"503266662","population_aggregation_target":null,"age_65plus_missing":true,"age_75plus_missing":true,"age_quality_flag":"ok","data_completeness":"partial"}},{"type":"Feature","geometry":{"type":"Polygon","coordinates":[[[132.825,33.8875],[132.83124999999998,33.8875],[132.83124999999998,33.89166666666667],[132.825,33.89166666666667],[132.825,33.8875]]]},"properties":{"type":"Feature","mesh_id":"503266662","municipality_code":"38201","municipality":"松山市","total_population":20,"population_65plus":18,"population_75plus":10,"aging_rate_65plus":0.9,"aging_rate_75plus":0.5,"population_status":"1","population_status_target":null,"population_aggregation_target":"503266661;503266663;503266664","age_65plus_missing":false,"age_75plus_missing":false,"age_quality_flag":"ok","data_completeness":"complete"}},{"type":"Feature","geometry":{"type":"Polygon","coordinates":[[[132.83124999999998,33.88333333333333],[132.83749999999998,33.88333333333333],[132.83749999999998,33.8875],[132.83124999999998,33.8875],[132.83124999999998,33.88333333333333]]]},"properties":{"type":"Feature","mesh_id":"503266663","municipality_code":"38201","municipality":"松山市","total_population":2,"population_65plus":null,"population_75plus":null,"aging_rate_65plus":null,"aging_rate_75plus":null,"population_status":"2","population_status_target":"503266662","population_aggregation_target":null,"age_65plus_missing":true,"age_75plus_missing":true,"age_quality_flag":"ok","data_completeness":"partial"}},{"type":"Feature","geometry":{"type":"Polygon","coordinates":[[[132.83124999999998,33.8875],[132.83749999999998,33.8875],[132.83749999999998,33.89166666666667],[132.83124999999998,33.89166666666667],[132.83124999999998,33.8875]]]},"properties":{"type":"Feature","mesh_id":"503266664","municipality_code":"38201","municipality":"松山市","total_population":2,"population_65plus":null,"population_75plus":null,"aging_rate_65plus":null,"aging_rate_75plus":null,"population_status":"2","population_status_target":"503266662","population_aggregation_target":null,"age_65plus_missing":true,"age_75plus_missing":true,"age_quality_flag":"ok","data_completeness":"partial"}},{"type":"Feature","geometry":{"type":"Polygon","coordinates":[[[132.85,33.88333333333333],[132.85625,33.88333333333333],[132.85625,33.8875],[132.85,33.8875],[132.85,33.88333333333333]]]},"properties":{"type":"Feature","mesh_id":"503266681","municipality_code":"38201","municipality":"松山市","total_population":15,"population_65plus":null,"population_75plus":null,"aging_rate_65plus":null,"aging_rate_75plus":null,"population_status":"1","population_status_target":null,"population_aggregation_target":"503266583;503266682","age_65plus_missing":true,"age_75plus_missing":true,"age_quality_flag":"inconsistent_with_total","data_completeness":"partial"}},{"type":"Feature","geometry":{"type":"Polygon","coordinates":[[[132.85,33.8875],[132.85625,33.8875],[132.85625,33.89166666666667],[132.85,33.89166666666667],[132.85,33.8875]]]},"properties":{"type":"Feature","mesh_id":"503266682","municipality_code":"38201","municipality":"松山市","total_population":2,"population_65plus":null,"population_75plus":null,"aging_rate_65plus":null,"aging_rate_75plus":null,"population_status":"2","population_status_target":"503266681","population_aggregation_target":null,"age_65plus_missing":true,"age_75plus_missing":true,"age_quality_flag":"ok","data_completeness":"partial"}},{"type":"Feature","geometry":{"type":"Polygon","coordinates":[[[132.8625,33.88333333333333],[132.86875,33.88333333333333],[132.86875,33.8875],[132.8625,33.8875],[132.8625,33.88333333333333]]]},"properties":{"type":"Feature","mesh_id":"503266691","municipality_code":"38201","municipality":"松山市","total_population":9,"population_65plus":4,"population_75plus":2,"aging_rate_65plus":0.4444444444444444,"aging_rate_75plus":0.2222222222222222,"population_status":"0","population_status_target":null,"population_aggregation_target":null,"age_65plus_missing":false,"age_75plus_missing":false,"age_quality_flag":"ok","data_completeness":"complete"}},{"type":"Feature","geometry":{"type":"Polygon","coordinates":[[[132.86875,33.8875],[132.875,33.8875],[132.875,33.89166666666667],[132.86875,33.89166666666667],[132.86875,33.8875]]]},"properties":{"type":"Feature","mesh_id":"503266694","municipality_code":"38201","municipality":"松山市","total_population":9,"population_65plus":6,"population_75plus":2,"aging_rate_65plus":0.6666666666666666,"aging_rate_75plus":0.2222222222222222,"population_status":"0","population_status_target":null,"population_aggregation_target":null,"age_65plus_missing":false,"age_75plus_missing":false,"age_quality_flag":"ok","data_completeness":"complete"}},{"type":"Feature","geometry":{"type":"Polygon","coordinates":[[[132.75,33.891666666666666],[132.75625,33.891666666666666],[132.75625,33.895833333333336],[132.75,33.895833333333336],[132.75,33.891666666666666]]]},"properties":{"type":"Feature","mesh_id":"503266701","municipality_code":"38201","municipality":"松山市","total_population":385,"population_65plus":193,"population_75plus":91,"aging_rate_65plus":0.5012987012987012,"aging_rate_75plus":0.23636363636363636,"population_status":"0","population_status_target":null,"population_aggregation_target":null,"age_65plus_missing":false,"age_75plus_missing":false,"age_quality_flag":"ok","data_completeness":"complete"}},{"type":"Feature","geometry":{"type":"Polygon","coordinates":[[[132.75,33.895833333333336],[132.75625,33.895833333333336],[132.75625,33.900000000000006],[132.75,33.900000000000006],[132.75,33.895833333333336]]]},"properties":{"type":"Feature","mesh_id":"503266702","municipality_code":"38201","municipality":"松山市","total_population":74,"population_65plus":22,"population_75plus":11,"aging_rate_65plus":0.2972972972972973,"aging_rate_75plus":0.14864864864864866,"population_status":"0","population_status_target":null,"population_aggregation_target":null,"age_65plus_missing":false,"age_75plus_missing":false,"age_quality_flag":"ok","data_completeness":"complete"}},{"type":"Feature","geometry":{"type":"Polygon","coordinates":[[[132.75625,33.891666666666666],[132.7625,33.891666666666666],[132.7625,33.895833333333336],[132.75625,33.895833333333336],[132.75625,33.891666666666666]]]},"properties":{"type":"Feature","mesh_id":"503266703","municipality_code":"38201","municipality":"松山市","total_population":544,"population_65plus":188,"population_75plus":88,"aging_rate_65plus":0.34558823529411764,"aging_rate_75plus":0.16176470588235295,"population_status":"0","population_status_target":null,"population_aggregation_target":null,"age_65plus_missing":false,"age_75plus_missing":false,"age_quality_flag":"ok","data_completeness":"complete"}},{"type":"Feature","geometry":{"type":"Polygon","coordinates":[[[132.75625,33.895833333333336],[132.7625,33.895833333333336],[132.7625,33.900000000000006],[132.75625,33.900000000000006],[132.75625,33.895833333333336]]]},"properties":{"type":"Feature","mesh_id":"503266704","municipality_code":"38201","municipality":"松山市","total_population":545,"population_65plus":174,"population_75plus":89,"aging_rate_65plus":0.3192660550458716,"aging_rate_75plus":0.163302752293578,"population_status":"0","population_status_target":null,"population_aggregation_target":null,"age_65plus_missing":false,"age_75plus_missing":false,"age_quality_flag":"ok","data_completeness":"complete"}},{"type":"Feature","geometry":{"type":"Polygon","coordinates":[[[132.7625,33.891666666666666],[132.76874999999998,33.891666666666666],[132.76874999999998,33.895833333333336],[132.7625,33.895833333333336],[132.7625,33.891666666666666]]]},"properties":{"type":"Feature","mesh_id":"503266711","municipality_code":"38201","municipality":"松山市","total_population":27,"population_65plus":null,"population_75plus":null,"aging_rate_65plus":null,"aging_rate_75plus":null,"population_status":"1","population_status_target":null,"population_aggregation_target":"503266712;503266714","age_65plus_missing":true,"age_75plus_missing":true,"age_quality_flag":"inconsistent_with_total","data_completeness":"partial"}},{"type":"Feature","geometry":{"type":"Polygon","coordinates":[[[132.7625,33.895833333333336],[132.76874999999998,33.895833333333336],[132.76874999999998,33.900000000000006],[132.7625,33.900000000000006],[132.7625,33.895833333333336]]]},"properties":{"type":"Feature","mesh_id":"503266712","municipality_code":"38201","municipality":"松山市","total_population":80,"population_65plus":null,"population_75plus":null,"aging_rate_65plus":null,"aging_rate_75plus":null,"population_status":"2","population_status_target":"503266711","population_aggregation_target":null,"age_65plus_missing":true,"age_75plus_missing":true,"age_quality_flag":"ok","data_completeness":"partial"}},{"type":"Feature","geometry":{"type":"Polygon","coordinates":[[[132.76874999999998,33.891666666666666],[132.77499999999998,33.891666666666666],[132.77499999999998,33.895833333333336],[132.76874999999998,33.895833333333336],[132.76874999999998,33.891666666666666]]]},"properties":{"type":"Feature","mesh_id":"503266713","municipality_code":"38201","municipality":"松山市","total_population":323,"population_65plus":104,"population_75plus":41,"aging_rate_65plus":0.3219814241486068,"aging_rate_75plus":0.12693498452012383,"population_status":"0","population_status_target":null,"population_aggregation_target":null,"age_65plus_missing":false,"age_75plus_missing":false,"age_quality_flag":"ok","data_completeness":"complete"}},{"type":"Feature","geometry":{"type":"Polygon","coordinates":[[[132.76874999999998,33.895833333333336],[132.77499999999998,33.895833333333336],[132.77499999999998,33.900000000000006],[132.76874999999998,33.900000000000006],[132.76874999999998,33.895833333333336]]]},"properties":{"type":"Feature","mesh_id":"503266714","municipality_code":"38201","municipality":"松山市","total_population":2,"population_65plus":null,"population_75plus":null,"aging_rate_65plus":null,"aging_rate_75plus":null,"population_status":"2","population_status_target":"503266711","population_aggregation_target":null,"age_65plus_missing":true,"age_75plus_missing":true,"age_quality_flag":"ok","data_completeness":"partial"}},{"type":"Feature","geometry":{"type":"Polygon","coordinates":[[[132.7875,33.891666666666666],[132.79375,33.891666666666666],[132.79375,33.895833333333336],[132.7875,33.895833333333336],[132.7875,33.891666666666666]]]},"properties":{"type":"Feature","mesh_id":"503266731","municipality_code":"38201","municipality":"松山市","total_population":2,"population_65plus":null,"population_75plus":null,"aging_rate_65plus":null,"aging_rate_75plus":null,"population_status":"2","population_status_target":"503266822","population_aggregation_target":null,"age_65plus_missing":true,"age_75plus_missing":true,"age_quality_flag":"ok","data_completeness":"partial"}},{"type":"Feature","geometry":{"type":"Polygon","coordinates":[[[132.79375,33.891666666666666],[132.79999999999998,33.891666666666666],[132.79999999999998,33.895833333333336],[132.79375,33.895833333333336],[132.79375,33.891666666666666]]]},"properties":{"type":"Feature","mesh_id":"503266733","municipality_code":"38201","municipality":"松山市","total_population":3,"population_65plus":null,"population_75plus":null,"aging_rate_65plus":null,"aging_rate_75plus":null,"population_status":"2","population_status_target":"503266822","population_aggregation_target":null,"age_65plus_missing":true,"age_75plus_missing":true,"age_quality_flag":"ok","data_completeness":"partial"}},{"type":"Feature","geometry":{"type":"Polygon","coordinates":[[[132.8,33.891666666666666],[132.80625,33.891666666666666],[132.80625,33.895833333333336],[132.8,33.895833333333336],[132.8,33.891666666666666]]]},"properties":{"type":"Feature","mesh_id":"503266741","municipality_code":"38201","municipality":"松山市","total_population":42,"population_65plus":19,"population_75plus":10,"aging_rate_65plus":0.4523809523809524,"aging_rate_75plus":0.23809523809523808,"population_status":"0","population_status_target":null,"population_aggregation_target":null,"age_65plus_missing":false,"age_75plus_missing":false,"age_quality_flag":"ok","data_completeness":"complete"}},{"type":"Feature","geometry":{"type":"Polygon","coordinates":[[[132.8,33.895833333333336],[132.80625,33.895833333333336],[132.80625,33.900000000000006],[132.8,33.900000000000006],[132.8,33.895833333333336]]]},"properties":{"type":"Feature","mesh_id":"503266742","municipality_code":"38201","municipality":"松山市","total_population":31,"population_65plus":15,"population_75plus":6,"aging_rate_65plus":0.4838709677419355,"aging_rate_75plus":0.1935483870967742,"population_status":"0","population_status_target":null,"population_aggregation_target":null,"age_65plus_missing":false,"age_75plus_missing":false,"age_quality_flag":"ok","data_completeness":"complete"}},{"type":"Feature","geometry":{"type":"Polygon","coordinates":[[[132.81875,33.895833333333336],[132.825,33.895833333333336],[132.825,33.900000000000006],[132.81875,33.900000000000006],[132.81875,33.895833333333336]]]},"properties":{"type":"Feature","mesh_id":"503266754","municipality_code":"38201","municipality":"松山市","total_population":15,"population_65plus":5,"population_75plus":4,"aging_rate_65plus":0.3333333333333333,"aging_rate_75plus":0.26666666666666666,"population_status":"0","population_status_target":null,"population_aggregation_target":null,"age_65plus_missing":false,"age_75plus_missing":false,"age_quality_flag":"ok","data_completeness":"complete"}},{"type":"Feature","geometry":{"type":"Polygon","coordinates":[[[132.84375,33.895833333333336],[132.85,33.895833333333336],[132.85,33.900000000000006],[132.84375,33.900000000000006],[132.84375,33.895833333333336]]]},"properties":{"type":"Feature","mesh_id":"503266774","municipality_code":"38201","municipality":"松山市","total_population":9,"population_65plus":7,"population_75plus":5,"aging_rate_65plus":0.7777777777777778,"aging_rate_75plus":0.5555555555555556,"population_status":"0","population_status_target":null,"population_aggregation_target":null,"age_65plus_missing":false,"age_75plus_missing":false,"age_quality_flag":"ok","data_completeness":"complete"}},{"type":"Feature","geometry":{"type":"Polygon","coordinates":[[[132.85625,33.895833333333336],[132.86249999999998,33.895833333333336],[132.86249999999998,33.900000000000006],[132.85625,33.900000000000006],[132.85625,33.895833333333336]]]},"properties":{"type":"Feature","mesh_id":"503266784","municipality_code":"38201","municipality":"松山市","total_population":37,"population_65plus":20,"population_75plus":8,"aging_rate_65plus":0.5405405405405406,"aging_rate_75plus":0.21621621621621623,"population_status":"0","population_status_target":null,"population_aggregation_target":null,"age_65plus_missing":false,"age_75plus_missing":false,"age_quality_flag":"ok","data_completeness":"complete"}},{"type":"Feature","geometry":{"type":"Polygon","coordinates":[[[132.8625,33.895833333333336],[132.86875,33.895833333333336],[132.86875,33.900000000000006],[132.8625,33.900000000000006],[132.8625,33.895833333333336]]]},"properties":{"type":"Feature","mesh_id":"503266792","municipality_code":"38201","municipality":"松山市","total_population":9,"population_65plus":8,"population_75plus":7,"aging_rate_65plus":0.8888888888888888,"aging_rate_75plus":0.7777777777777778,"population_status":"0","population_status_target":null,"population_aggregation_target":null,"age_65plus_missing":false,"age_75plus_missing":false,"age_quality_flag":"ok","data_completeness":"complete"}},{"type":"Feature","geometry":{"type":"Polygon","coordinates":[[[132.86875,33.891666666666666],[132.875,33.891666666666666],[132.875,33.895833333333336],[132.86875,33.895833333333336],[132.86875,33.891666666666666]]]},"properties":{"type":"Feature","mesh_id":"503266793","municipality_code":"38201","municipality":"松山市","total_population":12,"population_65plus":10,"population_75plus":2,"aging_rate_65plus":0.8333333333333334,"aging_rate_75plus":0.16666666666666666,"population_status":"1","population_status_target":null,"population_aggregation_target":"503266794","age_65plus_missing":false,"age_75plus_missing":false,"age_quality_flag":"ok","data_completeness":"complete"}},{"type":"Feature","geometry":{"type":"Polygon","coordinates":[[[132.86875,33.895833333333336],[132.875,33.895833333333336],[132.875,33.900000000000006],[132.86875,33.900000000000006],[132.86875,33.895833333333336]]]},"properties":{"type":"Feature","mesh_id":"503266794","municipality_code":"38201","municipality":"松山市","total_population":6,"population_65plus":null,"population_75plus":null,"aging_rate_65plus":null,"aging_rate_75plus":null,"population_status":"2","population_status_target":"503266793","population_aggregation_target":null,"age_65plus_missing":true,"age_75plus_missing":true,"age_quality_flag":"ok","data_completeness":"partial"}},{"type":"Feature","geometry":{"type":"Polygon","coordinates":[[[132.75,33.900000000000006],[132.75625,33.900000000000006],[132.75625,33.904166666666676],[132.75,33.904166666666676],[132.75,33.900000000000006]]]},"properties":{"type":"Feature","mesh_id":"503266801","municipality_code":"38201","municipality":"松山市","total_population":1220,"population_65plus":284,"population_75plus":111,"aging_rate_65plus":0.23278688524590163,"aging_rate_75plus":0.09098360655737706,"population_status":"0","population_status_target":null,"population_aggregation_target":null,"age_65plus_missing":false,"age_75plus_missing":false,"age_quality_flag":"ok","data_completeness":"complete"}},{"type":"Feature","geometry":{"type":"Polygon","coordinates":[[[132.75,33.904166666666676],[132.75625,33.904166666666676],[132.75625,33.908333333333346],[132.75,33.908333333333346],[132.75,33.904166666666676]]]},"properties":{"type":"Feature","mesh_id":"503266802","municipality_code":"38201","municipality":"松山市","total_population":357,"population_65plus":145,"population_75plus":75,"aging_rate_65plus":0.4061624649859944,"aging_rate_75plus":0.21008403361344538,"population_status":"0","population_status_target":null,"population_aggregation_target":null,"age_65plus_missing":false,"age_75plus_missing":false,"age_quality_flag":"ok","data_completeness":"complete"}},{"type":"Feature","geometry":{"type":"Polygon","coordinates":[[[132.75625,33.900000000000006],[132.7625,33.900000000000006],[132.7625,33.904166666666676],[132.75625,33.904166666666676],[132.75625,33.900000000000006]]]},"properties":{"type":"Feature","mesh_id":"503266803","municipality_code":"38201","municipality":"松山市","total_population":1717,"population_65plus":493,"population_75plus":228,"aging_rate_65plus":0.2871287128712871,"aging_rate_75plus":0.13278974956319162,"population_status":"0","population_status_target":null,"population_aggregation_target":null,"age_65plus_missing":false,"age_75plus_missing":false,"age_quality_flag":"ok","data_completeness":"complete"}},{"type":"Feature","geometry":{"type":"Polygon","coordinates":[[[132.75625,33.904166666666676],[132.7625,33.904166666666676],[132.7625,33.908333333333346],[132.75625,33.908333333333346],[132.75625,33.904166666666676]]]},"properties":{"type":"Feature","mesh_id":"503266804","municipality_code":"38201","municipality":"松山市","total_population":85,"population_65plus":29,"population_75plus":14,"aging_rate_65plus":0.3411764705882353,"aging_rate_75plus":0.16470588235294117,"population_status":"0","population_status_target":null,"population_aggregation_target":null,"age_65plus_missing":false,"age_75plus_missing":false,"age_quality_flag":"ok","data_completeness":"complete"}},{"type":"Feature","geometry":{"type":"Polygon","coordinates":[[[132.7625,33.900000000000006],[132.76874999999998,33.900000000000006],[132.76874999999998,33.904166666666676],[132.7625,33.904166666666676],[132.7625,33.900000000000006]]]},"properties":{"type":"Feature","mesh_id":"503266811","municipality_code":"38201","municipality":"松山市","total_population":312,"population_65plus":102,"population_75plus":72,"aging_rate_65plus":0.3269230769230769,"aging_rate_75plus":0.23076923076923078,"population_status":"0","population_status_target":null,"population_aggregation_target":null,"age_65plus_missing":false,"age_75plus_missing":false,"age_quality_flag":"ok","data_completeness":"complete"}},{"type":"Feature","geometry":{"type":"Polygon","coordinates":[[[132.76874999999998,33.900000000000006],[132.77499999999998,33.900000000000006],[132.77499999999998,33.904166666666676],[132.76874999999998,33.904166666666676],[132.76874999999998,33.900000000000006]]]},"properties":{"type":"Feature","mesh_id":"503266813","municipality_code":"38201","municipality":"松山市","total_population":219,"population_65plus":137,"population_75plus":121,"aging_rate_65plus":0.6255707762557078,"aging_rate_75plus":0.5525114155251142,"population_status":"0","population_status_target":null,"population_aggregation_target":null,"age_65plus_missing":false,"age_75plus_missing":false,"age_quality_flag":"ok","data_completeness":"complete"}},{"type":"Feature","geometry":{"type":"Polygon","coordinates":[[[132.775,33.904166666666676],[132.78125,33.904166666666676],[132.78125,33.908333333333346],[132.775,33.908333333333346],[132.775,33.904166666666676]]]},"properties":{"type":"Feature","mesh_id":"503266822","municipality_code":"38201","municipality":"松山市","total_population":46,"population_65plus":25,"population_75plus":18,"aging_rate_65plus":0.5434782608695652,"aging_rate_75plus":0.391304347826087,"population_status":"1","population_status_target":null,"population_aggregation_target":"503266731;503266733;503266832;503266833","age_65plus_missing":false,"age_75plus_missing":false,"age_quality_flag":"ok","data_completeness":"complete"}},{"type":"Feature","geometry":{"type":"Polygon","coordinates":[[[132.78125,33.900000000000006],[132.7875,33.900000000000006],[132.7875,33.904166666666676],[132.78125,33.904166666666676],[132.78125,33.900000000000006]]]},"properties":{"type":"Feature","mesh_id":"503266823","municipality_code":"38201","municipality":"松山市","total_population":19,"population_65plus":9,"population_75plus":3,"aging_rate_65plus":0.47368421052631576,"aging_rate_75plus":0.15789473684210525,"population_status":"0","population_status_target":null,"population_aggregation_target":null,"age_65plus_missing":false,"age_75plus_missing":false,"age_quality_flag":"ok","data_completeness":"complete"}},{"type":"Feature","geometry":{"type":"Polygon","coordinates":[[[132.78125,33.904166666666676],[132.7875,33.904166666666676],[132.7875,33.908333333333346],[132.78125,33.908333333333346],[132.78125,33.904166666666676]]]},"properties":{"type":"Feature","mesh_id":"503266824","municipality_code":"38201","municipality":"松山市","total_population":112,"population_65plus":53,"population_75plus":33,"aging_rate_65plus":0.4732142857142857,"aging_rate_75plus":0.29464285714285715,"population_status":"0","population_status_target":null,"population_aggregation_target":null,"age_65plus_missing":false,"age_75plus_missing":false,"age_quality_flag":"ok","data_completeness":"complete"}},{"type":"Feature","geometry":{"type":"Polygon","coordinates":[[[132.7875,33.904166666666676],[132.79375,33.904166666666676],[132.79375,33.908333333333346],[132.7875,33.908333333333346],[132.7875,33.904166666666676]]]},"properties":{"type":"Feature","mesh_id":"503266832","municipality_code":"38201","municipality":"松山市","total_population":1,"population_65plus":null,"population_75plus":null,"aging_rate_65plus":null,"aging_rate_75plus":null,"population_status":"2","population_status_target":"503266822","population_aggregation_target":null,"age_65plus_missing":true,"age_75plus_missing":true,"age_quality_flag":"ok","data_completeness":"partial"}},{"type":"Feature","geometry":{"type":"Polygon","coordinates":[[[132.79375,33.900000000000006],[132.79999999999998,33.900000000000006],[132.79999999999998,33.904166666666676],[132.79375,33.904166666666676],[132.79375,33.900000000000006]]]},"properties":{"type":"Feature","mesh_id":"503266833","municipality_code":"38201","municipality":"松山市","total_population":5,"population_65plus":null,"population_75plus":null,"aging_rate_65plus":null,"aging_rate_75plus":null,"population_status":"2","population_status_target":"503266822","population_aggregation_target":null,"age_65plus_missing":true,"age_75plus_missing":true,"age_quality_flag":"ok","data_completeness":"partial"}},{"type":"Feature","geometry":{"type":"Polygon","coordinates":[[[132.8,33.900000000000006],[132.80625,33.900000000000006],[132.80625,33.904166666666676],[132.8,33.904166666666676],[132.8,33.900000000000006]]]},"properties":{"type":"Feature","mesh_id":"503266841","municipality_code":"38201","municipality":"松山市","total_population":12,"population_65plus":4,"population_75plus":2,"aging_rate_65plus":0.3333333333333333,"aging_rate_75plus":0.16666666666666666,"population_status":"0","population_status_target":null,"population_aggregation_target":null,"age_65plus_missing":false,"age_75plus_missing":false,"age_quality_flag":"ok","data_completeness":"complete"}},{"type":"Feature","geometry":{"type":"Polygon","coordinates":[[[132.8,33.904166666666676],[132.80625,33.904166666666676],[132.80625,33.908333333333346],[132.8,33.908333333333346],[132.8,33.904166666666676]]]},"properties":{"type":"Feature","mesh_id":"503266842","municipality_code":"38201","municipality":"松山市","total_population":224,"population_65plus":152,"population_75plus":102,"aging_rate_65plus":0.6785714285714286,"aging_rate_75plus":0.45535714285714285,"population_status":"0","population_status_target":null,"population_aggregation_target":null,"age_65plus_missing":false,"age_75plus_missing":false,"age_quality_flag":"ok","data_completeness":"complete"}},{"type":"Feature","geometry":{"type":"Polygon","coordinates":[[[132.80625,33.904166666666676],[132.8125,33.904166666666676],[132.8125,33.908333333333346],[132.80625,33.908333333333346],[132.80625,33.904166666666676]]]},"properties":{"type":"Feature","mesh_id":"503266844","municipality_code":"38201","municipality":"松山市","total_population":96,"population_65plus":38,"population_75plus":18,"aging_rate_65plus":0.3958333333333333,"aging_rate_75plus":0.1875,"population_status":"1","population_status_target":null,"population_aggregation_target":"503266942","age_65plus_missing":false,"age_75plus_missing":false,"age_quality_flag":"ok","data_completeness":"complete"}},{"type":"Feature","geometry":{"type":"Polygon","coordinates":[[[132.8125,33.900000000000006],[132.81875,33.900000000000006],[132.81875,33.904166666666676],[132.8125,33.904166666666676],[132.8125,33.900000000000006]]]},"properties":{"type":"Feature","mesh_id":"503266851","municipality_code":"38201","municipality":"松山市","total_population":89,"population_65plus":45,"population_75plus":29,"aging_rate_65plus":0.5056179775280899,"aging_rate_75plus":0.3258426966292135,"population_status":"1","population_status_target":null,"population_aggregation_target":"503266852;503266853","age_65plus_missing":false,"age_75plus_missing":false,"age_quality_flag":"ok","data_completeness":"complete"}},{"type":"Feature","geometry":{"type":"Polygon","coordinates":[[[132.8125,33.904166666666676],[132.81875,33.904166666666676],[132.81875,33.908333333333346],[132.8125,33.908333333333346],[132.8125,33.904166666666676]]]},"properties":{"type":"Feature","mesh_id":"503266852","municipality_code":"38201","municipality":"松山市","total_population":4,"population_65plus":null,"population_75plus":null,"aging_rate_65plus":null,"aging_rate_75plus":null,"population_status":"2","population_status_target":"503266851","population_aggregation_target":null,"age_65plus_missing":true,"age_75plus_missing":true,"age_quality_flag":"ok","data_completeness":"partial"}},{"type":"Feature","geometry":{"type":"Polygon","coordinates":[[[132.81875,33.900000000000006],[132.825,33.900000000000006],[132.825,33.904166666666676],[132.81875,33.904166666666676],[132.81875,33.900000000000006]]]},"properties":{"type":"Feature","mesh_id":"503266853","municipality_code":"38201","municipality":"松山市","total_population":2,"population_65plus":null,"population_75plus":null,"aging_rate_65plus":null,"aging_rate_75plus":null,"population_status":"2","population_status_target":"503266851","population_aggregation_target":null,"age_65plus_missing":true,"age_75plus_missing":true,"age_quality_flag":"ok","data_completeness":"partial"}},{"type":"Feature","geometry":{"type":"Polygon","coordinates":[[[132.825,33.900000000000006],[132.83124999999998,33.900000000000006],[132.83124999999998,33.904166666666676],[132.825,33.904166666666676],[132.825,33.900000000000006]]]},"properties":{"type":"Feature","mesh_id":"503266861","municipality_code":"38201","municipality":"松山市","total_population":40,"population_65plus":19,"population_75plus":11,"aging_rate_65plus":0.475,"aging_rate_75plus":0.275,"population_status":"0","population_status_target":null,"population_aggregation_target":null,"age_65plus_missing":false,"age_75plus_missing":false,"age_quality_flag":"ok","data_completeness":"complete"}},{"type":"Feature","geometry":{"type":"Polygon","coordinates":[[[132.85,33.900000000000006],[132.85625,33.900000000000006],[132.85625,33.904166666666676],[132.85,33.904166666666676],[132.85,33.900000000000006]]]},"properties":{"type":"Feature","mesh_id":"503266881","municipality_code":"38201","municipality":"松山市","total_population":3,"population_65plus":null,"population_75plus":null,"aging_rate_65plus":null,"aging_rate_75plus":null,"population_status":"2","population_status_target":"503266882","population_aggregation_target":null,"age_65plus_missing":true,"age_75plus_missing":true,"age_quality_flag":"ok","data_completeness":"partial"}},{"type":"Feature","geometry":{"type":"Polygon","coordinates":[[[132.85,33.904166666666676],[132.85625,33.904166666666676],[132.85625,33.908333333333346],[132.85,33.908333333333346],[132.85,33.904166666666676]]]},"properties":{"type":"Feature","mesh_id":"503266882","municipality_code":"38201","municipality":"松山市","total_population":8,"population_65plus":null,"population_75plus":null,"aging_rate_65plus":null,"aging_rate_75plus":null,"population_status":"1","population_status_target":null,"population_aggregation_target":"503266881","age_65plus_missing":true,"age_75plus_missing":true,"age_quality_flag":"inconsistent_with_total","data_completeness":"partial"}},{"type":"Feature","geometry":{"type":"Polygon","coordinates":[[[132.8625,33.900000000000006],[132.86875,33.900000000000006],[132.86875,33.904166666666676],[132.8625,33.904166666666676],[132.8625,33.900000000000006]]]},"properties":{"type":"Feature","mesh_id":"503266891","municipality_code":"38201","municipality":"松山市","total_population":9,"population_65plus":3,"population_75plus":2,"aging_rate_65plus":0.3333333333333333,"aging_rate_75plus":0.2222222222222222,"population_status":"0","population_status_target":null,"population_aggregation_target":null,"age_65plus_missing":false,"age_75plus_missing":false,"age_quality_flag":"ok","data_completeness":"complete"}},{"type":"Feature","geometry":{"type":"Polygon","coordinates":[[[132.8625,33.904166666666676],[132.86875,33.904166666666676],[132.86875,33.908333333333346],[132.8625,33.908333333333346],[132.8625,33.904166666666676]]]},"properties":{"type":"Feature","mesh_id":"503266892","municipality_code":"38201","municipality":"松山市","total_population":46,"population_65plus":27,"population_75plus":15,"aging_rate_65plus":0.5869565217391305,"aging_rate_75plus":0.32608695652173914,"population_status":"0","population_status_target":null,"population_aggregation_target":null,"age_65plus_missing":false,"age_75plus_missing":false,"age_quality_flag":"ok","data_completeness":"complete"}},{"type":"Feature","geometry":{"type":"Polygon","coordinates":[[[132.86875,33.904166666666676],[132.875,33.904166666666676],[132.875,33.908333333333346],[132.86875,33.908333333333346],[132.86875,33.904166666666676]]]},"properties":{"type":"Feature","mesh_id":"503266894","municipality_code":"38201","municipality":"松山市","total_population":15,"population_65plus":null,"population_75plus":null,"aging_rate_65plus":null,"aging_rate_75plus":null,"population_status":"1","population_status_target":null,"population_aggregation_target":"503266992","age_65plus_missing":true,"age_75plus_missing":true,"age_quality_flag":"inconsistent_with_total","data_completeness":"partial"}},{"type":"Feature","geometry":{"type":"Polygon","coordinates":[[[132.75625,33.91250000000001],[132.7625,33.91250000000001],[132.7625,33.91666666666668],[132.75625,33.91666666666668],[132.75625,33.91250000000001]]]},"properties":{"type":"Feature","mesh_id":"503266904","municipality_code":"38201","municipality":"松山市","total_population":9,"population_65plus":null,"population_75plus":null,"aging_rate_65plus":null,"aging_rate_75plus":null,"population_status":"2","population_status_target":"503266901","population_aggregation_target":null,"age_65plus_missing":true,"age_75plus_missing":true,"age_quality_flag":"ok","data_completeness":"partial"}},{"type":"Feature","geometry":{"type":"Polygon","coordinates":[[[132.78125,33.91250000000001],[132.7875,33.91250000000001],[132.7875,33.91666666666668],[132.78125,33.91666666666668],[132.78125,33.91250000000001]]]},"properties":{"type":"Feature","mesh_id":"503266924","municipality_code":"38201","municipality":"松山市","total_population":7,"population_65plus":null,"population_75plus":null,"aging_rate_65plus":null,"aging_rate_75plus":null,"population_status":"2","population_status_target":"503266931","population_aggregation_target":null,"age_65plus_missing":true,"age_75plus_missing":true,"age_quality_flag":"ok","data_completeness":"partial"}},{"type":"Feature","geometry":{"type":"Polygon","coordinates":[[[132.7875,33.90833333333334],[132.79375,33.90833333333334],[132.79375,33.91250000000001],[132.7875,33.91250000000001],[132.7875,33.90833333333334]]]},"properties":{"type":"Feature","mesh_id":"503266931","municipality_code":"38201","municipality":"松山市","total_population":26,"population_65plus":12,"population_75plus":9,"aging_rate_65plus":0.46153846153846156,"aging_rate_75plus":0.34615384615384615,"population_status":"1","population_status_target":null,"population_aggregation_target":"503266924","age_65plus_missing":false,"age_75plus_missing":false,"age_quality_flag":"ok","data_completeness":"complete"}},{"type":"Feature","geometry":{"type":"Polygon","coordinates":[[[132.7875,33.91250000000001],[132.79375,33.91250000000001],[132.79375,33.91666666666668],[132.7875,33.91666666666668],[132.7875,33.91250000000001]]]},"properties":{"type":"Feature","mesh_id":"503266932","municipality_code":"38201","municipality":"松山市","total_population":11,"population_65plus":3,"population_75plus":2,"aging_rate_65plus":0.2727272727272727,"aging_rate_75plus":0.18181818181818182,"population_status":"0","population_status_target":null,"population_aggregation_target":null,"age_65plus_missing":false,"age_75plus_missing":false,"age_quality_flag":"ok","data_completeness":"complete"}},{"type":"Feature","geometry":{"type":"Polygon","coordinates":[[[132.8,33.91250000000001],[132.80625,33.91250000000001],[132.80625,33.91666666666668],[132.8,33.91666666666668],[132.8,33.91250000000001]]]},"properties":{"type":"Feature","mesh_id":"503266942","municipality_code":"38201","municipality":"松山市","total_population":2,"population_65plus":null,"population_75plus":null,"aging_rate_65plus":null,"aging_rate_75plus":null,"population_status":"2","population_status_target":"503266844","population_aggregation_target":null,"age_65plus_missing":true,"age_75plus_missing":true,"age_quality_flag":"ok","data_completeness":"partial"}},{"type":"Feature","geometry":{"type":"Polygon","coordinates":[[[132.8125,33.91250000000001],[132.81875,33.91250000000001],[132.81875,33.91666666666668],[132.8125,33.91666666666668],[132.8125,33.91250000000001]]]},"properties":{"type":"Feature","mesh_id":"503266952","municipality_code":"38201","municipality":"松山市","total_population":15,"population_65plus":6,"population_75plus":2,"aging_rate_65plus":0.4,"aging_rate_75plus":0.13333333333333333,"population_status":"0","population_status_target":null,"population_aggregation_target":null,"age_65plus_missing":false,"age_75plus_missing":false,"age_quality_flag":"ok","data_completeness":"complete"}},{"type":"Feature","geometry":{"type":"Polygon","coordinates":[[[132.825,33.90833333333334],[132.83124999999998,33.90833333333334],[132.83124999999998,33.91250000000001],[132.825,33.91250000000001],[132.825,33.90833333333334]]]},"properties":{"type":"Feature","mesh_id":"503266961","municipality_code":"38201","municipality":"松山市","total_population":8,"population_65plus":null,"population_75plus":null,"aging_rate_65plus":null,"aging_rate_75plus":null,"population_status":"2","population_status_target":"503266963","population_aggregation_target":null,"age_65plus_missing":true,"age_75plus_missing":true,"age_quality_flag":"ok","data_completeness":"partial"}},{"type":"Feature","geometry":{"type":"Polygon","coordinates":[[[132.83124999999998,33.90833333333334],[132.83749999999998,33.90833333333334],[132.83749999999998,33.91250000000001],[132.83124999999998,33.91250000000001],[132.83124999999998,33.90833333333334]]]},"properties":{"type":"Feature","mesh_id":"503266963","municipality_code":"38201","municipality":"松山市","total_population":10,"population_65plus":9,"population_75plus":9,"aging_rate_65plus":0.9,"aging_rate_75plus":0.9,"population_status":"1","population_status_target":null,"population_aggregation_target":"503266961","age_65plus_missing":false,"age_75plus_missing":false,"age_quality_flag":"ok","data_completeness":"complete"}},{"type":"Feature","geometry":{"type":"Polygon","coordinates":[[[132.8625,33.91250000000001],[132.86875,33.91250000000001],[132.86875,33.91666666666668],[132.8625,33.91666666666668],[132.8625,33.91250000000001]]]},"properties":{"type":"Feature","mesh_id":"503266992","municipality_code":"38201","municipality":"松山市","total_population":4,"population_65plus":null,"population_75plus":null,"aging_rate_65plus":null,"aging_rate_75plus":null,"population_status":"2","population_status_target":"503266894","population_aggregation_target":null,"age_65plus_missing":true,"age_75plus_missing":true,"age_quality_flag":"ok","data_completeness":"partial"}},{"type":"Feature","geometry":{"type":"Polygon","coordinates":[[[132.88125,33.900000000000006],[132.8875,33.900000000000006],[132.8875,33.904166666666676],[132.88125,33.904166666666676],[132.88125,33.900000000000006]]]},"properties":{"type":"Feature","mesh_id":"503267803","municipality_code":"38201","municipality":"松山市","total_population":3,"population_65plus":null,"population_75plus":null,"aging_rate_65plus":null,"aging_rate_75plus":null,"population_status":"2","population_status_target":"503267452","population_aggregation_target":null,"age_65plus_missing":true,"age_75plus_missing":true,"age_quality_flag":"ok","data_completeness":"partial"}},{"type":"Feature","geometry":{"type":"Polygon","coordinates":[[[132.875,33.90833333333334],[132.88125,33.90833333333334],[132.88125,33.91250000000001],[132.875,33.91250000000001],[132.875,33.90833333333334]]]},"properties":{"type":"Feature","mesh_id":"503267901","municipality_code":"38201","municipality":"松山市","total_population":8,"population_65plus":null,"population_75plus":null,"aging_rate_65plus":null,"aging_rate_75plus":null,"population_status":"2","population_status_target":"503267452","population_aggregation_target":null,"age_65plus_missing":true,"age_75plus_missing":true,"age_quality_flag":"ok","data_completeness":"partial"}},{"type":"Feature","geometry":{"type":"Polygon","coordinates":[[[132.53125,33.929166666666674],[132.5375,33.929166666666674],[132.5375,33.933333333333344],[132.53125,33.933333333333344],[132.53125,33.929166666666674]]]},"properties":{"type":"Feature","mesh_id":"503274124","municipality_code":"38201","municipality":"松山市","total_population":1,"population_65plus":null,"population_75plus":null,"aging_rate_65plus":null,"aging_rate_75plus":null,"population_status":"2","population_status_target":"503274133","population_aggregation_target":null,"age_65plus_missing":true,"age_75plus_missing":true,"age_quality_flag":"ok","data_completeness":"partial"}},{"type":"Feature","geometry":{"type":"Polygon","coordinates":[[[132.5375,33.93333333333334],[132.54375,33.93333333333334],[132.54375,33.93750000000001],[132.5375,33.93750000000001],[132.5375,33.93333333333334]]]},"properties":{"type":"Feature","mesh_id":"503274231","municipality_code":"38201","municipality":"松山市","total_population":33,"population_65plus":26,"population_75plus":19,"aging_rate_65plus":0.7878787878787878,"aging_rate_75plus":0.5757575757575758,"population_status":"0","population_status_target":null,"population_aggregation_target":null,"age_65plus_missing":false,"age_75plus_missing":false,"age_quality_flag":"ok","data_completeness":"complete"}},{"type":"Feature","geometry":{"type":"Polygon","coordinates":[[[132.6,33.95],[132.60625,33.95],[132.60625,33.95416666666667],[132.6,33.95416666666667],[132.6,33.95]]]},"properties":{"type":"Feature","mesh_id":"503274481","municipality_code":"38201","municipality":"松山市","total_population":128,"population_65plus":81,"population_75plus":39,"aging_rate_65plus":0.6328125,"aging_rate_75plus":0.3046875,"population_status":"0","population_status_target":null,"population_aggregation_target":null,"age_65plus_missing":false,"age_75plus_missing":false,"age_quality_flag":"ok","data_completeness":"complete"}},{"type":"Feature","geometry":{"type":"Polygon","coordinates":[[[132.6,33.95416666666667],[132.60625,33.95416666666667],[132.60625,33.95833333333334],[132.6,33.95833333333334],[132.6,33.95416666666667]]]},"properties":{"type":"Feature","mesh_id":"503274482","municipality_code":"38201","municipality":"松山市","total_population":60,"population_65plus":33,"population_75plus":15,"aging_rate_65plus":0.55,"aging_rate_75plus":0.25,"population_status":"0","population_status_target":null,"population_aggregation_target":null,"age_65plus_missing":false,"age_75plus_missing":false,"age_quality_flag":"ok","data_completeness":"complete"}},{"type":"Feature","geometry":{"type":"Polygon","coordinates":[[[132.60625,33.95],[132.61249999999998,33.95],[132.61249999999998,33.95416666666667],[132.60625,33.95416666666667],[132.60625,33.95]]]},"properties":{"type":"Feature","mesh_id":"503274483","municipality_code":"38201","municipality":"松山市","total_population":28,"population_65plus":25,"population_75plus":12,"aging_rate_65plus":0.8928571428571429,"aging_rate_75plus":0.42857142857142855,"population_status":"0","population_status_target":null,"population_aggregation_target":null,"age_65plus_missing":false,"age_75plus_missing":false,"age_quality_flag":"ok","data_completeness":"complete"}},{"type":"Feature","geometry":{"type":"Polygon","coordinates":[[[132.60625,33.95416666666667],[132.61249999999998,33.95416666666667],[132.61249999999998,33.95833333333334],[132.60625,33.95833333333334],[132.60625,33.95416666666667]]]},"properties":{"type":"Feature","mesh_id":"503274484","municipality_code":"38201","municipality":"松山市","total_population":9,"population_65plus":6,"population_75plus":3,"aging_rate_65plus":0.6666666666666666,"aging_rate_75plus":0.3333333333333333,"population_status":"0","population_status_target":null,"population_aggregation_target":null,"age_65plus_missing":false,"age_75plus_missing":false,"age_quality_flag":"ok","data_completeness":"complete"}},{"type":"Feature","geometry":{"type":"Polygon","coordinates":[[[132.58124999999998,33.962500000000006],[132.58749999999998,33.962500000000006],[132.58749999999998,33.966666666666676],[132.58124999999998,33.966666666666676],[132.58124999999998,33.962500000000006]]]},"properties":{"type":"Feature","mesh_id":"503274564","municipality_code":"38201","municipality":"松山市","total_population":2,"population_65plus":null,"population_75plus":null,"aging_rate_65plus":null,"aging_rate_75plus":null,"population_status":"2","population_status_target":"503274662","population_aggregation_target":null,"age_65plus_missing":true,"age_75plus_missing":true,"age_quality_flag":"ok","data_completeness":"partial"}},{"type":"Feature","geometry":{"type":"Polygon","coordinates":[[[132.6,33.962500000000006],[132.60625,33.962500000000006],[132.60625,33.966666666666676],[132.6,33.966666666666676],[132.6,33.962500000000006]]]},"properties":{"type":"Feature","mesh_id":"503274582","municipality_code":"38201","municipality":"松山市","total_population":26,"population_65plus":23,"population_75plus":15,"aging_rate_65plus":0.8846153846153846,"aging_rate_75plus":0.5769230769230769,"population_status":"0","population_status_target":null,"population_aggregation_target":null,"age_65plus_missing":false,"age_75plus_missing":false,"age_quality_flag":"ok","data_completeness":"complete"}},{"type":"Feature","geometry":{"type":"Polygon","coordinates":[[[132.6125,33.958333333333336],[132.61875,33.958333333333336],[132.61875,33.962500000000006],[132.6125,33.962500000000006],[132.6125,33.958333333333336]]]},"properties":{"type":"Feature","mesh_id":"503274591","municipality_code":"38201","municipality":"松山市","total_population":35,"population_65plus":23,"population_75plus":14,"aging_rate_65plus":0.6571428571428571,"aging_rate_75plus":0.4,"population_status":"0","population_status_target":null,"population_aggregation_target":null,"age_65plus_missing":false,"age_75plus_missing":false,"age_quality_flag":"ok","data_completeness":"complete"}},{"type":"Feature","geometry":{"type":"Polygon","coordinates":[[[132.6125,33.962500000000006],[132.61875,33.962500000000006],[132.61875,33.966666666666676],[132.6125,33.966666666666676],[132.6125,33.962500000000006]]]},"properties":{"type":"Feature","mesh_id":"503274592","municipality_code":"38201","municipality":"松山市","total_population":33,"population_65plus":22,"population_75plus":17,"aging_rate_65plus":0.6666666666666666,"aging_rate_75plus":0.5151515151515151,"population_status":"0","population_status_target":null,"population_aggregation_target":null,"age_65plus_missing":false,"age_75plus_missing":false,"age_quality_flag":"ok","data_completeness":"complete"}},{"type":"Feature","geometry":{"type":"Polygon","coordinates":[[[132.61875,33.962500000000006],[132.625,33.962500000000006],[132.625,33.966666666666676],[132.61875,33.966666666666676],[132.61875,33.962500000000006]]]},"properties":{"type":"Feature","mesh_id":"503274594","municipality_code":"38201","municipality":"松山市","total_population":23,"population_65plus":17,"population_75plus":6,"aging_rate_65plus":0.7391304347826086,"aging_rate_75plus":0.2608695652173913,"population_status":"0","population_status_target":null,"population_aggregation_target":null,"age_65plus_missing":false,"age_75plus_missing":false,"age_quality_flag":"ok","data_completeness":"complete"}},{"type":"Feature","geometry":{"type":"Polygon","coordinates":[[[132.5875,33.96666666666667],[132.59375,33.96666666666667],[132.59375,33.97083333333334],[132.5875,33.97083333333334],[132.5875,33.96666666666667]]]},"properties":{"type":"Feature","mesh_id":"503274671","municipality_code":"38201","municipality":"松山市","total_population":43,"population_65plus":18,"population_75plus":9,"aging_rate_65plus":0.4186046511627907,"aging_rate_75plus":0.20930232558139536,"population_status":"0","population_status_target":null,"population_aggregation_target":null,"age_65plus_missing":false,"age_75plus_missing":false,"age_quality_flag":"ok","data_completeness":"complete"}},{"type":"Feature","geometry":{"type":"Polygon","coordinates":[[[132.59375,33.96666666666667],[132.6,33.96666666666667],[132.6,33.97083333333334],[132.59375,33.97083333333334],[132.59375,33.96666666666667]]]},"properties":{"type":"Feature","mesh_id":"503274673","municipality_code":"38201","municipality":"松山市","total_population":38,"population_65plus":16,"population_75plus":9,"aging_rate_65plus":0.42105263157894735,"aging_rate_75plus":0.23684210526315788,"population_status":"0","population_status_target":null,"population_aggregation_target":null,"age_65plus_missing":false,"age_75plus_missing":false,"age_quality_flag":"ok","data_completeness":"complete"}},{"type":"Feature","geometry":{"type":"Polygon","coordinates":[[[132.59375,33.97083333333334],[132.6,33.97083333333334],[132.6,33.97500000000001],[132.59375,33.97500000000001],[132.59375,33.97083333333334]]]},"properties":{"type":"Feature","mesh_id":"503274674","municipality_code":"38201","municipality":"松山市","total_population":20,"population_65plus":10,"population_75plus":4,"aging_rate_65plus":0.5,"aging_rate_75plus":0.2,"population_status":"1","population_status_target":null,"population_aggregation_target":"503274772","age_65plus_missing":false,"age_75plus_missing":false,"age_quality_flag":"ok","data_completeness":"complete"}},{"type":"Feature","geometry":{"type":"Polygon","coordinates":[[[132.61875,33.97083333333334],[132.625,33.97083333333334],[132.625,33.97500000000001],[132.61875,33.97500000000001],[132.61875,33.97083333333334]]]},"properties":{"type":"Feature","mesh_id":"503274694","municipality_code":"38201","municipality":"松山市","total_population":53,"population_65plus":34,"population_75plus":20,"aging_rate_65plus":0.6415094339622641,"aging_rate_75plus":0.37735849056603776,"population_status":"0","population_status_target":null,"population_aggregation_target":null,"age_65plus_missing":false,"age_75plus_missing":false,"age_quality_flag":"ok","data_completeness":"complete"}},{"type":"Feature","geometry":{"type":"Polygon","coordinates":[[[132.5,33.97916666666667],[132.50625,33.97916666666667],[132.50625,33.98333333333334],[132.5,33.98333333333334],[132.5,33.97916666666667]]]},"properties":{"type":"Feature","mesh_id":"503274702","municipality_code":"38201","municipality":"松山市","total_population":46,"population_65plus":32,"population_75plus":21,"aging_rate_65plus":0.6956521739130435,"aging_rate_75plus":0.45652173913043476,"population_status":"0","population_status_target":null,"population_aggregation_target":null,"age_65plus_missing":false,"age_75plus_missing":false,"age_quality_flag":"ok","data_completeness":"complete"}},{"type":"Feature","geometry":{"type":"Polygon","coordinates":[[[132.50625,33.97916666666667],[132.5125,33.97916666666667],[132.5125,33.98333333333334],[132.50625,33.98333333333334],[132.50625,33.97916666666667]]]},"properties":{"type":"Feature","mesh_id":"503274704","municipality_code":"38201","municipality":"松山市","total_population":81,"population_65plus":57,"population_75plus":32,"aging_rate_65plus":0.7037037037037037,"aging_rate_75plus":0.3950617283950617,"population_status":"0","population_status_target":null,"population_aggregation_target":null,"age_65plus_missing":false,"age_75plus_missing":false,"age_quality_flag":"ok","data_completeness":"complete"}},{"type":"Feature","geometry":{"type":"Polygon","coordinates":[[[132.5375,33.975],[132.54375,33.975],[132.54375,33.97916666666667],[132.5375,33.97916666666667],[132.5375,33.975]]]},"properties":{"type":"Feature","mesh_id":"503274731","municipality_code":"38201","municipality":"松山市","total_population":135,"population_65plus":102,"population_75plus":51,"aging_rate_65plus":0.7555555555555555,"aging_rate_75plus":0.37777777777777777,"population_status":"0","population_status_target":null,"population_aggregation_target":null,"age_65plus_missing":false,"age_75plus_missing":false,"age_quality_flag":"ok","data_completeness":"complete"}},{"type":"Feature","geometry":{"type":"Polygon","coordinates":[[[132.6,33.975],[132.60625,33.975],[132.60625,33.97916666666667],[132.6,33.97916666666667],[132.6,33.975]]]},"properties":{"type":"Feature","mesh_id":"503274781","municipality_code":"38201","municipality":"松山市","total_population":15,"population_65plus":10,"population_75plus":4,"aging_rate_65plus":0.6666666666666666,"aging_rate_75plus":0.26666666666666666,"population_status":"0","population_status_target":null,"population_aggregation_target":null,"age_65plus_missing":false,"age_75plus_missing":false,"age_quality_flag":"ok","data_completeness":"complete"}},{"type":"Feature","geometry":{"type":"Polygon","coordinates":[[[132.60625,33.975],[132.61249999999998,33.975],[132.61249999999998,33.97916666666667],[132.60625,33.97916666666667],[132.60625,33.975]]]},"properties":{"type":"Feature","mesh_id":"503274783","municipality_code":"38201","municipality":"松山市","total_population":111,"population_65plus":53,"population_75plus":28,"aging_rate_65plus":0.4774774774774775,"aging_rate_75plus":0.25225225225225223,"population_status":"0","population_status_target":null,"population_aggregation_target":null,"age_65plus_missing":false,"age_75plus_missing":false,"age_quality_flag":"ok","data_completeness":"complete"}},{"type":"Feature","geometry":{"type":"Polygon","coordinates":[[[132.6125,33.97916666666667],[132.61875,33.97916666666667],[132.61875,33.98333333333334],[132.6125,33.98333333333334],[132.6125,33.97916666666667]]]},"properties":{"type":"Feature","mesh_id":"503274792","municipality_code":"38201","municipality":"松山市","total_population":21,"population_65plus":12,"population_75plus":7,"aging_rate_65plus":0.5714285714285714,"aging_rate_75plus":0.3333333333333333,"population_status":"0","population_status_target":null,"population_aggregation_target":null,"age_65plus_missing":false,"age_75plus_missing":false,"age_quality_flag":"ok","data_completeness":"complete"}},{"type":"Feature","geometry":{"type":"Polygon","coordinates":[[[132.5125,33.98333333333334],[132.51874999999998,33.98333333333334],[132.51874999999998,33.98750000000001],[132.5125,33.98750000000001],[132.5125,33.98333333333334]]]},"properties":{"type":"Feature","mesh_id":"503274811","municipality_code":"38201","municipality":"松山市","total_population":34,"population_65plus":26,"population_75plus":16,"aging_rate_65plus":0.7647058823529411,"aging_rate_75plus":0.47058823529411764,"population_status":"1","population_status_target":null,"population_aggregation_target":"503274812","age_65plus_missing":false,"age_75plus_missing":false,"age_quality_flag":"ok","data_completeness":"complete"}},{"type":"Feature","geometry":{"type":"Polygon","coordinates":[[[132.55,33.98333333333334],[132.55625,33.98333333333334],[132.55625,33.98750000000001],[132.55,33.98750000000001],[132.55,33.98333333333334]]]},"properties":{"type":"Feature","mesh_id":"503274841","municipality_code":"38201","municipality":"松山市","total_population":9,"population_65plus":null,"population_75plus":null,"aging_rate_65plus":null,"aging_rate_75plus":null,"population_status":"2","population_status_target":"503274842","population_aggregation_target":null,"age_65plus_missing":true,"age_75plus_missing":true,"age_quality_flag":"ok","data_completeness":"partial"}},{"type":"Feature","geometry":{"type":"Polygon","coordinates":[[[132.55,33.98750000000001],[132.55625,33.98750000000001],[132.55625,33.99166666666668],[132.55,33.99166666666668],[132.55,33.98750000000001]]]},"properties":{"type":"Feature","mesh_id":"503274842","municipality_code":"38201","municipality":"松山市","total_population":9,"population_65plus":null,"population_75plus":null,"aging_rate_65plus":null,"aging_rate_75plus":null,"population_status":"1","population_status_target":null,"population_aggregation_target":"503274841","age_65plus_missing":true,"age_75plus_missing":true,"age_quality_flag":"inconsistent_with_total","data_completeness":"partial"}},{"type":"Feature","geometry":{"type":"Polygon","coordinates":[[[132.60625,33.98750000000001],[132.61249999999998,33.98750000000001],[132.61249999999998,33.99166666666668],[132.60625,33.99166666666668],[132.60625,33.98750000000001]]]},"properties":{"type":"Feature","mesh_id":"503274884","municipality_code":"38201","municipality":"松山市","total_population":19,"population_65plus":15,"population_75plus":8,"aging_rate_65plus":0.7894736842105263,"aging_rate_75plus":0.42105263157894735,"population_status":"0","population_status_target":null,"population_aggregation_target":null,"age_65plus_missing":false,"age_75plus_missing":false,"age_quality_flag":"ok","data_completeness":"complete"}},{"type":"Feature","geometry":{"type":"Polygon","coordinates":[[[132.61875,33.98333333333334],[132.625,33.98333333333334],[132.625,33.98750000000001],[132.61875,33.98750000000001],[132.61875,33.98333333333334]]]},"properties":{"type":"Feature","mesh_id":"503274893","municipality_code":"38201","municipality":"松山市","total_population":5,"population_65plus":null,"population_75plus":null,"aging_rate_65plus":null,"aging_rate_75plus":null,"population_status":"2","population_status_target":"503274894","population_aggregation_target":null,"age_65plus_missing":true,"age_75plus_missing":true,"age_quality_flag":"ok","data_completeness":"partial"}},{"type":"Feature","geometry":{"type":"Polygon","coordinates":[[[132.61875,33.98750000000001],[132.625,33.98750000000001],[132.625,33.99166666666668],[132.61875,33.99166666666668],[132.61875,33.98750000000001]]]},"properties":{"type":"Feature","mesh_id":"503274894","municipality_code":"38201","municipality":"松山市","total_population":11,"population_65plus":9,"population_75plus":4,"aging_rate_65plus":0.8181818181818182,"aging_rate_75plus":0.36363636363636365,"population_status":"1","population_status_target":null,"population_aggregation_target":"503274893","age_65plus_missing":false,"age_75plus_missing":false,"age_quality_flag":"ok","data_completeness":"complete"}},{"type":"Feature","geometry":{"type":"Polygon","coordinates":[[[132.6875,33.92083333333334],[132.69375,33.92083333333334],[132.69375,33.92500000000001],[132.6875,33.92500000000001],[132.6875,33.92083333333334]]]},"properties":{"type":"Feature","mesh_id":"503275052","municipality_code":"38201","municipality":"松山市","total_population":1,"population_65plus":null,"population_75plus":null,"aging_rate_65plus":null,"aging_rate_75plus":null,"population_status":"2","population_status_target":"503275054","population_aggregation_target":null,"age_65plus_missing":true,"age_75plus_missing":true,"age_quality_flag":"ok","data_completeness":"partial"}},{"type":"Feature","geometry":{"type":"Polygon","coordinates":[[[132.66875,33.95416666666667],[132.67499999999998,33.95416666666667],[132.67499999999998,33.95833333333334],[132.66875,33.95833333333334],[132.66875,33.95416666666667]]]},"properties":{"type":"Feature","mesh_id":"503275434","municipality_code":"38201","municipality":"松山市","total_population":22,"population_65plus":22,"population_75plus":16,"aging_rate_65plus":1.0,"aging_rate_75plus":0.7272727272727273,"population_status":"0","population_status_target":null,"population_aggregation_target":null,"age_65plus_missing":false,"age_75plus_missing":false,"age_quality_flag":"ok","data_completeness":"complete"}},{"type":"Feature","geometry":{"type":"Polygon","coordinates":[[[132.625,33.958333333333336],[132.63125,33.958333333333336],[132.63125,33.962500000000006],[132.625,33.962500000000006],[132.625,33.958333333333336]]]},"properties":{"type":"Feature","mesh_id":"503275501","municipality_code":"38201","municipality":"松山市","total_population":108,"population_65plus":102,"population_75plus":94,"aging_rate_65plus":0.9444444444444444,"aging_rate_75plus":0.8703703703703703,"population_status":"0","population_status_target":null,"population_aggregation_target":null,"age_65plus_missing":false,"age_75plus_missing":false,"age_quality_flag":"ok","data_completeness":"complete"}},{"type":"Feature","geometry":{"type":"Polygon","coordinates":[[[132.63125,33.958333333333336],[132.6375,33.958333333333336],[132.6375,33.962500000000006],[132.63125,33.962500000000006],[132.63125,33.958333333333336]]]},"properties":{"type":"Feature","mesh_id":"503275503","municipality_code":"38201","municipality":"松山市","total_population":44,"population_65plus":14,"population_75plus":10,"aging_rate_65plus":0.3181818181818182,"aging_rate_75plus":0.22727272727272727,"population_status":"0","population_status_target":null,"population_aggregation_target":null,"age_65plus_missing":false,"age_75plus_missing":false,"age_quality_flag":"ok","data_completeness":"complete"}},{"type":"Feature","geometry":{"type":"Polygon","coordinates":[[[132.6625,33.958333333333336],[132.66875,33.958333333333336],[132.66875,33.962500000000006],[132.6625,33.962500000000006],[132.6625,33.958333333333336]]]},"properties":{"type":"Feature","mesh_id":"503275531","municipality_code":"38201","municipality":"松山市","total_population":23,"population_65plus":21,"population_75plus":15,"aging_rate_65plus":0.9130434782608695,"aging_rate_75plus":0.6521739130434783,"population_status":"0","population_status_target":null,"population_aggregation_target":null,"age_65plus_missing":false,"age_75plus_missing":false,"age_quality_flag":"ok","data_completeness":"complete"}},{"type":"Feature","geometry":{"type":"Polygon","coordinates":[[[132.625,33.96666666666667],[132.63125,33.96666666666667],[132.63125,33.97083333333334],[132.625,33.97083333333334],[132.625,33.96666666666667]]]},"properties":{"type":"Feature","mesh_id":"503275601","municipality_code":"38201","municipality":"松山市","total_population":266,"population_65plus":178,"population_75plus":113,"aging_rate_65plus":0.6691729323308271,"aging_rate_75plus":0.424812030075188,"population_status":"0","population_status_target":null,"population_aggregation_target":null,"age_65plus_missing":false,"age_75plus_missing":false,"age_quality_flag":"ok","data_completeness":"complete"}},{"type":"Feature","geometry":{"type":"Polygon","coordinates":[[[132.625,33.97083333333334],[132.63125,33.97083333333334],[132.63125,33.97500000000001],[132.625,33.97500000000001],[132.625,33.97083333333334]]]},"properties":{"type":"Feature","mesh_id":"503275602","municipality_code":"38201","municipality":"松山市","total_population":16,"population_65plus":11,"population_75plus":3,"aging_rate_65plus":0.6875,"aging_rate_75plus":0.1875,"population_status":"0","population_status_target":null,"population_aggregation_target":null,"age_65plus_missing":false,"age_75plus_missing":false,"age_quality_flag":"ok","data_completeness":"complete"}},{"type":"Feature","geometry":{"type":"Polygon","coordinates":[[[132.63125,33.96666666666667],[132.6375,33.96666666666667],[132.6375,33.97083333333334],[132.63125,33.97083333333334],[132.63125,33.96666666666667]]]},"properties":{"type":"Feature","mesh_id":"503275603","municipality_code":"38201","municipality":"松山市","total_population":297,"population_65plus":212,"population_75plus":142,"aging_rate_65plus":0.7138047138047138,"aging_rate_75plus":0.4781144781144781,"population_status":"0","population_status_target":null,"population_aggregation_target":null,"age_65plus_missing":false,"age_75plus_missing":false,"age_quality_flag":"ok","data_completeness":"complete"}},{"type":"Feature","geometry":{"type":"Polygon","coordinates":[[[132.625,33.975],[132.63125,33.975],[132.63125,33.97916666666667],[132.625,33.97916666666667],[132.625,33.975]]]},"properties":{"type":"Feature","mesh_id":"503275701","municipality_code":"38201","municipality":"松山市","total_population":348,"population_65plus":209,"population_75plus":128,"aging_rate_65plus":0.6005747126436781,"aging_rate_75plus":0.367816091954023,"population_status":"0","population_status_target":null,"population_aggregation_target":null,"age_65plus_missing":false,"age_75plus_missing":false,"age_quality_flag":"ok","data_completeness":"complete"}},{"type":"Feature","geometry":{"type":"Polygon","coordinates":[[[132.625,33.97916666666667],[132.63125,33.97916666666667],[132.63125,33.98333333333334],[132.625,33.98333333333334],[132.625,33.97916666666667]]]},"properties":{"type":"Feature","mesh_id":"503275702","municipality_code":"38201","municipality":"松山市","total_population":23,"population_65plus":18,"population_75plus":8,"aging_rate_65plus":0.782608695652174,"aging_rate_75plus":0.34782608695652173,"population_status":"1","population_status_target":null,"population_aggregation_target":"503275704;503275713","age_65plus_missing":false,"age_75plus_missing":false,"age_quality_flag":"ok","data_completeness":"complete"}},{"type":"Feature","geometry":{"type":"Polygon","coordinates":[[[132.63125,33.97916666666667],[132.6375,33.97916666666667],[132.6375,33.98333333333334],[132.63125,33.98333333333334],[132.63125,33.97916666666667]]]},"properties":{"type":"Feature","mesh_id":"503275704","municipality_code":"38201","municipality":"松山市","total_population":4,"population_65plus":null,"population_75plus":null,"aging_rate_65plus":null,"aging_rate_75plus":null,"population_status":"2","population_status_target":"503275702","population_aggregation_target":null,"age_65plus_missing":true,"age_75plus_missing":true,"age_quality_flag":"ok","data_completeness":"partial"}},{"type":"Feature","geometry":{"type":"Polygon","coordinates":[[[132.625,33.995833333333344],[132.63125,33.995833333333344],[132.63125,34.000000000000014],[132.625,34.000000000000014],[132.625,33.995833333333344]]]},"properties":{"type":"Feature","mesh_id":"503275902","municipality_code":"38201","municipality":"松山市","total_population":7,"population_65plus":null,"population_75plus":null,"aging_rate_65plus":null,"aging_rate_75plus":null,"population_status":"2","population_status_target":"503275911","population_aggregation_target":null,"age_65plus_missing":true,"age_75plus_missing":true,"age_quality_flag":"ok","data_completeness":"partial"}},{"type":"Feature","geometry":{"type":"Polygon","coordinates":[[[132.75625,33.92083333333334],[132.7625,33.92083333333334],[132.7625,33.92500000000001],[132.75625,33.92500000000001],[132.75625,33.92083333333334]]]},"properties":{"type":"Feature","mesh_id":"503276004","municipality_code":"38201","municipality":"松山市","total_population":199,"population_65plus":101,"population_75plus":50,"aging_rate_65plus":0.507537688442211,"aging_rate_75plus":0.25125628140703515,"population_status":"0","population_status_target":null,"population_aggregation_target":null,"age_65plus_missing":false,"age_75plus_missing":false,"age_quality_flag":"ok","data_completeness":"complete"}},{"type":"Feature","geometry":{"type":"Polygon","coordinates":[[[132.7625,33.91666666666667],[132.76874999999998,33.91666666666667],[132.76874999999998,33.92083333333334],[132.7625,33.92083333333334],[132.7625,33.91666666666667]]]},"properties":{"type":"Feature","mesh_id":"503276011","municipality_code":"38201","municipality":"松山市","total_population":107,"population_65plus":62,"population_75plus":28,"aging_rate_65plus":0.5794392523364486,"aging_rate_75plus":0.2616822429906542,"population_status":"0","population_status_target":null,"population_aggregation_target":null,"age_65plus_missing":false,"age_75plus_missing":false,"age_quality_flag":"ok","data_completeness":"complete"}},{"type":"Feature","geometry":{"type":"Polygon","coordinates":[[[132.76874999999998,33.91666666666667],[132.77499999999998,33.91666666666667],[132.77499999999998,33.92083333333334],[132.76874999999998,33.92083333333334],[132.76874999999998,33.91666666666667]]]},"properties":{"type":"Feature","mesh_id":"503276013","municipality_code":"38201","municipality":"松山市","total_population":369,"population_65plus":190,"population_75plus":93,"aging_rate_65plus":0.5149051490514905,"aging_rate_75plus":0.25203252032520324,"population_status":"0","population_status_target":null,"population_aggregation_target":null,"age_65plus_missing":false,"age_75plus_missing":false,"age_quality_flag":"ok","data_completeness":"complete"}},{"type":"Feature","geometry":{"type":"Polygon","coordinates":[[[132.775,33.92083333333334],[132.78125,33.92083333333334],[132.78125,33.92500000000001],[132.775,33.92500000000001],[132.775,33.92083333333334]]]},"properties":{"type":"Feature","mesh_id":"503276022","municipality_code":"38201","municipality":"松山市","total_population":16,"population_65plus":6,"population_75plus":3,"aging_rate_65plus":0.375,"aging_rate_75plus":0.1875,"population_status":"1","population_status_target":null,"population_aggregation_target":"503276024","age_65plus_missing":false,"age_75plus_missing":false,"age_quality_flag":"ok","data_completeness":"complete"}},{"type":"Feature","geometry":{"type":"Polygon","coordinates":[[[132.78125,33.92083333333334],[132.7875,33.92083333333334],[132.7875,33.92500000000001],[132.78125,33.92500000000001],[132.78125,33.92083333333334]]]},"properties":{"type":"Feature","mesh_id":"503276024","municipality_code":"38201","municipality":"松山市","total_population":13,"population_65plus":null,"population_75plus":null,"aging_rate_65plus":null,"aging_rate_75plus":null,"population_status":"2","population_status_target":"503276022","population_aggregation_target":null,"age_65plus_missing":true,"age_75plus_missing":true,"age_quality_flag":"ok","data_completeness":"partial"}},{"type":"Feature","geometry":{"type":"Polygon","coordinates":[[[132.7875,33.91666666666667],[132.79375,33.91666666666667],[132.79375,33.92083333333334],[132.7875,33.92083333333334],[132.7875,33.91666666666667]]]},"properties":{"type":"Feature","mesh_id":"503276031","municipality_code":"38201","municipality":"松山市","total_population":19,"population_65plus":11,"population_75plus":7,"aging_rate_65plus":0.5789473684210527,"aging_rate_75plus":0.3684210526315789,"population_status":"0","population_status_target":null,"population_aggregation_target":null,"age_65plus_missing":false,"age_75plus_missing":false,"age_quality_flag":"ok","data_completeness":"complete"}},{"type":"Feature","geometry":{"type":"Polygon","coordinates":[[[132.7875,33.92083333333334],[132.79375,33.92083333333334],[132.79375,33.92500000000001],[132.7875,33.92500000000001],[132.7875,33.92083333333334]]]},"properties":{"type":"Feature","mesh_id":"503276032","municipality_code":"38201","municipality":"松山市","total_population":17,"population_65plus":15,"population_75plus":8,"aging_rate_65plus":0.8823529411764706,"aging_rate_75plus":0.47058823529411764,"population_status":"0","population_status_target":null,"population_aggregation_target":null,"age_65plus_missing":false,"age_75plus_missing":false,"age_quality_flag":"ok","data_completeness":"complete"}},{"type":"Feature","geometry":{"type":"Polygon","coordinates":[[[132.79375,33.91666666666667],[132.79999999999998,33.91666666666667],[132.79999999999998,33.92083333333334],[132.79375,33.92083333333334],[132.79375,33.91666666666667]]]},"properties":{"type":"Feature","mesh_id":"503276033","municipality_code":"38201","municipality":"松山市","total_population":27,"population_65plus":12,"population_75plus":3,"aging_rate_65plus":0.4444444444444444,"aging_rate_75plus":0.1111111111111111,"population_status":"1","population_status_target":null,"population_aggregation_target":"503276034","age_65plus_missing":false,"age_75plus_missing":false,"age_quality_flag":"ok","data_completeness":"complete"}},{"type":"Feature","geometry":{"type":"Polygon","coordinates":[[[132.79375,33.92083333333334],[132.79999999999998,33.92083333333334],[132.79999999999998,33.92500000000001],[132.79375,33.92500000000001],[132.79375,33.92083333333334]]]},"properties":{"type":"Feature","mesh_id":"503276034","municipality_code":"38201","municipality":"松山市","total_population":2,"population_65plus":null,"population_75plus":null,"aging_rate_65plus":null,"aging_rate_75plus":null,"population_status":"2","population_status_target":"503276033","population_aggregation_target":null,"age_65plus_missing":true,"age_75plus_missing":true,"age_quality_flag":"ok","data_completeness":"partial"}},{"type":"Feature","geometry":{"type":"Polygon","coordinates":[[[132.80625,33.91666666666667],[132.8125,33.91666666666667],[132.8125,33.92083333333334],[132.80625,33.92083333333334],[132.80625,33.91666666666667]]]},"properties":{"type":"Feature","mesh_id":"503276043","municipality_code":"38201","municipality":"松山市","total_population":22,"population_65plus":9,"population_75plus":6,"aging_rate_65plus":0.4090909090909091,"aging_rate_75plus":0.2727272727272727,"population_status":"0","population_status_target":null,"population_aggregation_target":null,"age_65plus_missing":false,"age_75plus_missing":false,"age_quality_flag":"ok","data_completeness":"complete"}},{"type":"Feature","geometry":{"type":"Polygon","coordinates":[[[132.8125,33.92083333333334],[132.81875,33.92083333333334],[132.81875,33.92500000000001],[132.8125,33.92500000000001],[132.8125,33.92083333333334]]]},"properties":{"type":"Feature","mesh_id":"503276052","municipality_code":"38201","municipality":"松山市","total_population":3,"population_65plus":null,"population_75plus":null,"aging_rate_65plus":null,"aging_rate_75plus":null,"population_status":"2","population_status_target":"503276054","population_aggregation_target":null,"age_65plus_missing":true,"age_75plus_missing":true,"age_quality_flag":"ok","data_completeness":"partial"}},{"type":"Feature","geometry":{"type":"Polygon","coordinates":[[[132.81875,33.92083333333334],[132.825,33.92083333333334],[132.825,33.92500000000001],[132.81875,33.92500000000001],[132.81875,33.92083333333334]]]},"properties":{"type":"Feature","mesh_id":"503276054","municipality_code":"38201","municipality":"松山市","total_population":12,"population_65plus":null,"population_75plus":null,"aging_rate_65plus":null,"aging_rate_75plus":null,"population_status":"1","population_status_target":null,"population_aggregation_target":"503276052;503276061;503276063","age_65plus_missing":true,"age_75plus_missing":true,"age_quality_flag":"inconsistent_with_total","data_completeness":"partial"}},{"type":"Feature","geometry":{"type":"Polygon","coordinates":[[[132.825,33.91666666666667],[132.83124999999998,33.91666666666667],[132.83124999999998,33.92083333333334],[132.825,33.92083333333334],[132.825,33.91666666666667]]]},"properties":{"type":"Feature","mesh_id":"503276061","municipality_code":"38201","municipality":"松山市","total_population":7,"population_65plus":null,"population_75plus":null,"aging_rate_65plus":null,"aging_rate_75plus":null,"population_status":"2","population_status_target":"503276054","population_aggregation_target":null,"age_65plus_missing":true,"age_75plus_missing":true,"age_quality_flag":"ok","data_completeness":"partial"}},{"type":"Feature","geometry":{"type":"Polygon","coordinates":[[[132.83124999999998,33.91666666666667],[132.83749999999998,33.91666666666667],[132.83749999999998,33.92083333333334],[132.83124999999998,33.92083333333334],[132.83124999999998,33.91666666666667]]]},"properties":{"type":"Feature","mesh_id":"503276063","municipality_code":"38201","municipality":"松山市","total_population":4,"population_65plus":null,"population_75plus":null,"aging_rate_65plus":null,"aging_rate_75plus":null,"population_status":"2","population_status_target":"503276054","population_aggregation_target":null,"age_65plus_missing":true,"age_75plus_missing":true,"age_quality_flag":"ok","data_completeness":"partial"}},{"type":"Feature","geometry":{"type":"Polygon","coordinates":[[[132.8625,33.92083333333334],[132.86875,33.92083333333334],[132.86875,33.92500000000001],[132.8625,33.92500000000001],[132.8625,33.92083333333334]]]},"properties":{"type":"Feature","mesh_id":"503276092","municipality_code":"38201","municipality":"松山市","total_population":11,"population_65plus":9,"population_75plus":9,"aging_rate_65plus":0.8181818181818182,"aging_rate_75plus":0.8181818181818182,"population_status":"0","population_status_target":null,"population_aggregation_target":null,"age_65plus_missing":false,"age_75plus_missing":false,"age_quality_flag":"ok","data_completeness":"complete"}},{"type":"Feature","geometry":{"type":"Polygon","coordinates":[[[132.7625,33.925000000000004],[132.76874999999998,33.925000000000004],[132.76874999999998,33.929166666666674],[132.7625,33.929166666666674],[132.7625,33.925000000000004]]]},"properties":{"type":"Feature","mesh_id":"503276111","municipality_code":"38201","municipality":"松山市","total_population":190,"population_65plus":120,"population_75plus":88,"aging_rate_65plus":0.631578947368421,"aging_rate_75plus":0.4631578947368421,"population_status":"0","population_status_target":null,"population_aggregation_target":null,"age_65plus_missing":false,"age_75plus_missing":false,"age_quality_flag":"ok","data_completeness":"complete"}},{"type":"Feature","geometry":{"type":"Polygon","coordinates":[[[132.7625,33.929166666666674],[132.76874999999998,33.929166666666674],[132.76874999999998,33.933333333333344],[132.7625,33.933333333333344],[132.7625,33.929166666666674]]]},"properties":{"type":"Feature","mesh_id":"503276112","municipality_code":"38201","municipality":"松山市","total_population":32,"population_65plus":16,"population_75plus":3,"aging_rate_65plus":0.5,"aging_rate_75plus":0.09375,"population_status":"0","population_status_target":null,"population_aggregation_target":null,"age_65plus_missing":false,"age_75plus_missing":false,"age_quality_flag":"ok","data_completeness":"complete"}},{"type":"Feature","geometry":{"type":"Polygon","coordinates":[[[132.76874999999998,33.925000000000004],[132.77499999999998,33.925000000000004],[132.77499999999998,33.929166666666674],[132.76874999999998,33.929166666666674],[132.76874999999998,33.925000000000004]]]},"properties":{"type":"Feature","mesh_id":"503276113","municipality_code":"38201","municipality":"松山市","total_population":469,"population_65plus":149,"population_75plus":74,"aging_rate_65plus":0.31769722814498935,"aging_rate_75plus":0.15778251599147122,"population_status":"0","population_status_target":null,"population_aggregation_target":null,"age_65plus_missing":false,"age_75plus_missing":false,"age_quality_flag":"ok","data_completeness":"complete"}},{"type":"Feature","geometry":{"type":"Polygon","coordinates":[[[132.76874999999998,33.929166666666674],[132.77499999999998,33.929166666666674],[132.77499999999998,33.933333333333344],[132.76874999999998,33.933333333333344],[132.76874999999998,33.929166666666674]]]},"properties":{"type":"Feature","mesh_id":"503276114","municipality_code":"38201","municipality":"松山市","total_population":172,"population_65plus":35,"population_75plus":20,"aging_rate_65plus":0.20348837209302326,"aging_rate_75plus":0.11627906976744186,"population_status":"0","population_status_target":null,"population_aggregation_target":null,"age_65plus_missing":false,"age_75plus_missing":false,"age_quality_flag":"ok","data_completeness":"complete"}},{"type":"Feature","geometry":{"type":"Polygon","coordinates":[[[132.775,33.925000000000004],[132.78125,33.925000000000004],[132.78125,33.929166666666674],[132.775,33.929166666666674],[132.775,33.925000000000004]]]},"properties":{"type":"Feature","mesh_id":"503276121","municipality_code":"38201","municipality":"松山市","total_population":9,"population_65plus":null,"population_75plus":null,"aging_rate_65plus":null,"aging_rate_75plus":null,"population_status":"2","population_status_target":"503276123","population_aggregation_target":null,"age_65plus_missing":true,"age_75plus_missing":true,"age_quality_flag":"ok","data_completeness":"partial"}},{"type":"Feature","geometry":{"type":"Polygon","coordinates":[[[132.775,33.929166666666674],[132.78125,33.929166666666674],[132.78125,33.933333333333344],[132.775,33.933333333333344],[132.775,33.929166666666674]]]},"properties":{"type":"Feature","mesh_id":"503276122","municipality_code":"38201","municipality":"松山市","total_population":110,"population_65plus":42,"population_75plus":20,"aging_rate_65plus":0.38181818181818183,"aging_rate_75plus":0.18181818181818182,"population_status":"0","population_status_target":null,"population_aggregation_target":null,"age_65plus_missing":false,"age_75plus_missing":false,"age_quality_flag":"ok","data_completeness":"complete"}},{"type":"Feature","geometry":{"type":"Polygon","coordinates":[[[132.78125,33.925000000000004],[132.7875,33.925000000000004],[132.7875,33.929166666666674],[132.78125,33.929166666666674],[132.78125,33.925000000000004]]]},"properties":{"type":"Feature","mesh_id":"503276123","municipality_code":"38201","municipality":"松山市","total_population":170,"population_65plus":51,"population_75plus":24,"aging_rate_65plus":0.3,"aging_rate_75plus":0.1411764705882353,"population_status":"1","population_status_target":null,"population_aggregation_target":"503276121","age_65plus_missing":false,"age_75plus_missing":false,"age_quality_flag":"ok","data_completeness":"complete"}},{"type":"Feature","geometry":{"type":"Polygon","coordinates":[[[132.78125,33.929166666666674],[132.7875,33.929166666666674],[132.7875,33.933333333333344],[132.78125,33.933333333333344],[132.78125,33.929166666666674]]]},"properties":{"type":"Feature","mesh_id":"503276124","municipality_code":"38201","municipality":"松山市","total_population":48,"population_65plus":18,"population_75plus":7,"aging_rate_65plus":0.375,"aging_rate_75plus":0.14583333333333334,"population_status":"0","population_status_target":null,"population_aggregation_target":null,"age_65plus_missing":false,"age_75plus_missing":false,"age_quality_flag":"ok","data_completeness":"complete"}},{"type":"Feature","geometry":{"type":"Polygon","coordinates":[[[132.7875,33.925000000000004],[132.79375,33.925000000000004],[132.79375,33.929166666666674],[132.7875,33.929166666666674],[132.7875,33.925000000000004]]]},"properties":{"type":"Feature","mesh_id":"503276131","municipality_code":"38201","municipality":"松山市","total_population":42,"population_65plus":17,"population_75plus":6,"aging_rate_65plus":0.40476190476190477,"aging_rate_75plus":0.14285714285714285,"population_status":"0","population_status_target":null,"population_aggregation_target":null,"age_65plus_missing":false,"age_75plus_missing":false,"age_quality_flag":"ok","data_completeness":"complete"}},{"type":"Feature","geometry":{"type":"Polygon","coordinates":[[[132.79375,33.925000000000004],[132.79999999999998,33.925000000000004],[132.79999999999998,33.929166666666674],[132.79375,33.929166666666674],[132.79375,33.925000000000004]]]},"properties":{"type":"Feature","mesh_id":"503276133","municipality_code":"38201","municipality":"松山市","total_population":22,"population_65plus":13,"population_75plus":6,"aging_rate_65plus":0.5909090909090909,"aging_rate_75plus":0.2727272727272727,"population_status":"0","population_status_target":null,"population_aggregation_target":null,"age_65plus_missing":false,"age_75plus_missing":false,"age_quality_flag":"ok","data_completeness":"complete"}},{"type":"Feature","geometry":{"type":"Polygon","coordinates":[[[132.7625,33.93333333333334],[132.76874999999998,33.93333333333334],[132.76874999999998,33.93750000000001],[132.7625,33.93750000000001],[132.7625,33.93333333333334]]]},"properties":{"type":"Feature","mesh_id":"503276211","municipality_code":"38201","municipality":"松山市","total_population":763,"population_65plus":174,"population_75plus":67,"aging_rate_65plus":0.22804718217562253,"aging_rate_75plus":0.08781127129750983,"population_status":"0","population_status_target":null,"population_aggregation_target":null,"age_65plus_missing":false,"age_75plus_missing":false,"age_quality_flag":"ok","data_completeness":"complete"}},{"type":"Feature","geometry":{"type":"Polygon","coordinates":[[[132.7625,33.93750000000001],[132.76874999999998,33.93750000000001],[132.76874999999998,33.94166666666668],[132.7625,33.94166666666668],[132.7625,33.93750000000001]]]},"properties":{"type":"Feature","mesh_id":"503276212","municipality_code":"38201","municipality":"松山市","total_population":338,"population_65plus":104,"population_75plus":53,"aging_rate_65plus":0.3076923076923077,"aging_rate_75plus":0.15680473372781065,"population_status":"0","population_status_target":null,"population_aggregation_target":null,"age_65plus_missing":false,"age_75plus_missing":false,"age_quality_flag":"ok","data_completeness":"complete"}},{"type":"Feature","geometry":{"type":"Polygon","coordinates":[[[132.76874999999998,33.93333333333334],[132.77499999999998,33.93333333333334],[132.77499999999998,33.93750000000001],[132.76874999999998,33.93750000000001],[132.76874999999998,33.93333333333334]]]},"properties":{"type":"Feature","mesh_id":"503276213","municipality_code":"38201","municipality":"松山市","total_population":987,"population_65plus":348,"population_75plus":151,"aging_rate_65plus":0.3525835866261398,"aging_rate_75plus":0.1529888551165147,"population_status":"0","population_status_target":null,"population_aggregation_target":null,"age_65plus_missing":false,"age_75plus_missing":false,"age_quality_flag":"ok","data_completeness":"complete"}},{"type":"Feature","geometry":{"type":"Polygon","coordinates":[[[132.76874999999998,33.93750000000001],[132.77499999999998,33.93750000000001],[132.77499999999998,33.94166666666668],[132.76874999999998,33.94166666666668],[132.76874999999998,33.93750000000001]]]},"properties":{"type":"Feature","mesh_id":"503276214","municipality_code":"38201","municipality":"松山市","total_population":604,"population_65plus":199,"population_75plus":88,"aging_rate_65plus":0.3294701986754967,"aging_rate_75plus":0.1456953642384106,"population_status":"0","population_status_target":null,"population_aggregation_target":null,"age_65plus_missing":false,"age_75plus_missing":false,"age_quality_flag":"ok","data_completeness":"complete"}},{"type":"Feature","geometry":{"type":"Polygon","coordinates":[[[132.775,33.93333333333334],[132.78125,33.93333333333334],[132.78125,33.93750000000001],[132.775,33.93750000000001],[132.775,33.93333333333334]]]},"properties":{"type":"Feature","mesh_id":"503276221","municipality_code":"38201","municipality":"松山市","total_population":100,"population_65plus":35,"population_75plus":21,"aging_rate_65plus":0.35,"aging_rate_75plus":0.21,"population_status":"0","population_status_target":null,"population_aggregation_target":null,"age_65plus_missing":false,"age_75plus_missing":false,"age_quality_flag":"ok","data_completeness":"complete"}},{"type":"Feature","geometry":{"type":"Polygon","coordinates":[[[132.78125,33.93333333333334],[132.7875,33.93333333333334],[132.7875,33.93750000000001],[132.78125,33.93750000000001],[132.78125,33.93333333333334]]]},"properties":{"type":"Feature","mesh_id":"503276223","municipality_code":"38201","municipality":"松山市","total_population":231,"population_65plus":132,"population_75plus":83,"aging_rate_65plus":0.5714285714285714,"aging_rate_75plus":0.3593073593073593,"population_status":"0","population_status_target":null,"population_aggregation_target":null,"age_65plus_missing":false,"age_75plus_missing":false,"age_quality_flag":"ok","data_completeness":"complete"}},{"type":"Feature","geometry":{"type":"Polygon","coordinates":[[[132.8,33.93750000000001],[132.80625,33.93750000000001],[132.80625,33.94166666666668],[132.8,33.94166666666668],[132.8,33.93750000000001]]]},"properties":{"type":"Feature","mesh_id":"503276242","municipality_code":"38201","municipality":"松山市","total_population":4,"population_65plus":null,"population_75plus":null,"aging_rate_65plus":null,"aging_rate_75plus":null,"population_status":"2","population_status_target":"503276341","population_aggregation_target":null,"age_65plus_missing":true,"age_75plus_missing":true,"age_quality_flag":"ok","data_completeness":"partial"}},{"type":"Feature","geometry":{"type":"Polygon","coordinates":[[[132.80625,33.93333333333334],[132.8125,33.93333333333334],[132.8125,33.93750000000001],[132.80625,33.93750000000001],[132.80625,33.93333333333334]]]},"properties":{"type":"Feature","mesh_id":"503276243","municipality_code":"38201","municipality":"松山市","total_population":5,"population_65plus":null,"population_75plus":null,"aging_rate_65plus":null,"aging_rate_75plus":null,"population_status":"2","population_status_target":"503276341","population_aggregation_target":null,"age_65plus_missing":true,"age_75plus_missing":true,"age_quality_flag":"ok","data_completeness":"partial"}},{"type":"Feature","geometry":{"type":"Polygon","coordinates":[[[132.76874999999998,33.94166666666667],[132.77499999999998,33.94166666666667],[132.77499999999998,33.94583333333334],[132.76874999999998,33.94583333333334],[132.76874999999998,33.94166666666667]]]},"properties":{"type":"Feature","mesh_id":"503276313","municipality_code":"38201","municipality":"松山市","total_population":46,"population_65plus":30,"population_75plus":15,"aging_rate_65plus":0.6521739130434783,"aging_rate_75plus":0.32608695652173914,"population_status":"0","population_status_target":null,"population_aggregation_target":null,"age_65plus_missing":false,"age_75plus_missing":false,"age_quality_flag":"ok","data_completeness":"complete"}},{"type":"Feature","geometry":{"type":"Polygon","coordinates":[[[132.76874999999998,33.94583333333334],[132.77499999999998,33.94583333333334],[132.77499999999998,33.95000000000001],[132.76874999999998,33.95000000000001],[132.76874999999998,33.94583333333334]]]},"properties":{"type":"Feature","mesh_id":"503276314","municipality_code":"38201","municipality":"松山市","total_population":637,"population_65plus":236,"population_75plus":126,"aging_rate_65plus":0.3704866562009419,"aging_rate_75plus":0.1978021978021978,"population_status":"0","population_status_target":null,"population_aggregation_target":null,"age_65plus_missing":false,"age_75plus_missing":false,"age_quality_flag":"ok","data_completeness":"complete"}},{"type":"Feature","geometry":{"type":"Polygon","coordinates":[[[132.775,33.94166666666667],[132.78125,33.94166666666667],[132.78125,33.94583333333334],[132.775,33.94583333333334],[132.775,33.94166666666667]]]},"properties":{"type":"Feature","mesh_id":"503276321","municipality_code":"38201","municipality":"松山市","total_population":256,"population_65plus":91,"population_75plus":42,"aging_rate_65plus":0.35546875,"aging_rate_75plus":0.1640625,"population_status":"0","population_status_target":null,"population_aggregation_target":null,"age_65plus_missing":false,"age_75plus_missing":false,"age_quality_flag":"ok","data_completeness":"complete"}},{"type":"Feature","geometry":{"type":"Polygon","coordinates":[[[132.775,33.94583333333334],[132.78125,33.94583333333334],[132.78125,33.95000000000001],[132.775,33.95000000000001],[132.775,33.94583333333334]]]},"properties":{"type":"Feature","mesh_id":"503276322","municipality_code":"38201","municipality":"松山市","total_population":135,"population_65plus":67,"population_75plus":31,"aging_rate_65plus":0.4962962962962963,"aging_rate_75plus":0.22962962962962963,"population_status":"0","population_status_target":null,"population_aggregation_target":null,"age_65plus_missing":false,"age_75plus_missing":false,"age_quality_flag":"ok","data_completeness":"complete"}},{"type":"Feature","geometry":{"type":"Polygon","coordinates":[[[132.78125,33.94166666666667],[132.7875,33.94166666666667],[132.7875,33.94583333333334],[132.78125,33.94583333333334],[132.78125,33.94166666666667]]]},"properties":{"type":"Feature","mesh_id":"503276323","municipality_code":"38201","municipality":"松山市","total_population":80,"population_65plus":31,"population_75plus":19,"aging_rate_65plus":0.3875,"aging_rate_75plus":0.2375,"population_status":"0","population_status_target":null,"population_aggregation_target":null,"age_65plus_missing":false,"age_75plus_missing":false,"age_quality_flag":"ok","data_completeness":"complete"}},{"type":"Feature","geometry":{"type":"Polygon","coordinates":[[[132.78125,33.94583333333334],[132.7875,33.94583333333334],[132.7875,33.95000000000001],[132.78125,33.95000000000001],[132.78125,33.94583333333334]]]},"properties":{"type":"Feature","mesh_id":"503276324","municipality_code":"38201","municipality":"松山市","total_population":169,"population_65plus":69,"population_75plus":35,"aging_rate_65plus":0.40828402366863903,"aging_rate_75plus":0.20710059171597633,"population_status":"0","population_status_target":null,"population_aggregation_target":null,"age_65plus_missing":false,"age_75plus_missing":false,"age_quality_flag":"ok","data_completeness":"complete"}},{"type":"Feature","geometry":{"type":"Polygon","coordinates":[[[132.7875,33.94166666666667],[132.79375,33.94166666666667],[132.79375,33.94583333333334],[132.7875,33.94583333333334],[132.7875,33.94166666666667]]]},"properties":{"type":"Feature","mesh_id":"503276331","municipality_code":"38201","municipality":"松山市","total_population":156,"population_65plus":42,"population_75plus":21,"aging_rate_65plus":0.2692307692307692,"aging_rate_75plus":0.1346153846153846,"population_status":"0","population_status_target":null,"population_aggregation_target":null,"age_65plus_missing":false,"age_75plus_missing":false,"age_quality_flag":"ok","data_completeness":"complete"}},{"type":"Feature","geometry":{"type":"Polygon","coordinates":[[[132.7875,33.94583333333334],[132.79375,33.94583333333334],[132.79375,33.95000000000001],[132.7875,33.95000000000001],[132.7875,33.94583333333334]]]},"properties":{"type":"Feature","mesh_id":"503276332","municipality_code":"38201","municipality":"松山市","total_population":151,"population_65plus":60,"population_75plus":31,"aging_rate_65plus":0.3973509933774834,"aging_rate_75plus":0.2052980132450331,"population_status":"0","population_status_target":null,"population_aggregation_target":null,"age_65plus_missing":false,"age_75plus_missing":false,"age_quality_flag":"ok","data_completeness":"complete"}},{"type":"Feature","geometry":{"type":"Polygon","coordinates":[[[132.79375,33.94166666666667],[132.79999999999998,33.94166666666667],[132.79999999999998,33.94583333333334],[132.79375,33.94583333333334],[132.79375,33.94166666666667]]]},"properties":{"type":"Feature","mesh_id":"503276333","municipality_code":"38201","municipality":"松山市","total_population":343,"population_65plus":92,"population_75plus":48,"aging_rate_65plus":0.26822157434402333,"aging_rate_75plus":0.13994169096209913,"population_status":"0","population_status_target":null,"population_aggregation_target":null,"age_65plus_missing":false,"age_75plus_missing":false,"age_quality_flag":"ok","data_completeness":"complete"}},{"type":"Feature","geometry":{"type":"Polygon","coordinates":[[[132.79375,33.94583333333334],[132.79999999999998,33.94583333333334],[132.79999999999998,33.95000000000001],[132.79375,33.95000000000001],[132.79375,33.94583333333334]]]},"properties":{"type":"Feature","mesh_id":"503276334","municipality_code":"38201","municipality":"松山市","total_population":86,"population_65plus":23,"population_75plus":5,"aging_rate_65plus":0.26744186046511625,"aging_rate_75plus":0.05813953488372093,"population_status":"0","population_status_target":null,"population_aggregation_target":null,"age_65plus_missing":false,"age_75plus_missing":false,"age_quality_flag":"ok","data_completeness":"complete"}},{"type":"Feature","geometry":{"type":"Polygon","coordinates":[[[132.8,33.94166666666667],[132.80625,33.94166666666667],[132.80625,33.94583333333334],[132.8,33.94583333333334],[132.8,33.94166666666667]]]},"properties":{"type":"Feature","mesh_id":"503276341","municipality_code":"38201","municipality":"松山市","total_population":3,"population_65plus":null,"population_75plus":null,"aging_rate_65plus":null,"aging_rate_75plus":null,"population_status":"1","population_status_target":null,"population_aggregation_target":"503276242;503276243","age_65plus_missing":true,"age_75plus_missing":true,"age_quality_flag":"inconsistent_with_total","data_completeness":"partial"}},{"type":"Feature","geometry":{"type":"Polygon","coordinates":[[[132.81875,33.94166666666667],[132.825,33.94166666666667],[132.825,33.94583333333334],[132.81875,33.94583333333334],[132.81875,33.94166666666667]]]},"properties":{"type":"Feature","mesh_id":"503276353","municipality_code":"38201","municipality":"松山市","total_population":28,"population_65plus":19,"population_75plus":11,"aging_rate_65plus":0.6785714285714286,"aging_rate_75plus":0.39285714285714285,"population_status":"0","population_status_target":null,"population_aggregation_target":null,"age_65plus_missing":false,"age_75plus_missing":false,"age_quality_flag":"ok","data_completeness":"complete"}},{"type":"Feature","geometry":{"type":"Polygon","coordinates":[[[132.76874999999998,33.95416666666667],[132.77499999999998,33.95416666666667],[132.77499999999998,33.95833333333334],[132.76874999999998,33.95833333333334],[132.76874999999998,33.95416666666667]]]},"properties":{"type":"Feature","mesh_id":"503276414","municipality_code":"38201","municipality":"松山市","total_population":747,"population_65plus":289,"population_75plus":144,"aging_rate_65plus":0.3868808567603748,"aging_rate_75plus":0.1927710843373494,"population_status":"0","population_status_target":null,"population_aggregation_target":null,"age_65plus_missing":false,"age_75plus_missing":false,"age_quality_flag":"ok","data_completeness":"complete"}},{"type":"Feature","geometry":{"type":"Polygon","coordinates":[[[132.775,33.95],[132.78125,33.95],[132.78125,33.95416666666667],[132.775,33.95416666666667],[132.775,33.95]]]},"properties":{"type":"Feature","mesh_id":"503276421","municipality_code":"38201","municipality":"松山市","total_population":136,"population_65plus":50,"population_75plus":27,"aging_rate_65plus":0.36764705882352944,"aging_rate_75plus":0.19852941176470587,"population_status":"0","population_status_target":null,"population_aggregation_target":null,"age_65plus_missing":false,"age_75plus_missing":false,"age_quality_flag":"ok","data_completeness":"complete"}},{"type":"Feature","geometry":{"type":"Polygon","coordinates":[[[132.775,33.95416666666667],[132.78125,33.95416666666667],[132.78125,33.95833333333334],[132.775,33.95833333333334],[132.775,33.95416666666667]]]},"properties":{"type":"Feature","mesh_id":"503276422","municipality_code":"38201","municipality":"松山市","total_population":322,"population_65plus":121,"population_75plus":69,"aging_rate_65plus":0.37577639751552794,"aging_rate_75plus":0.21428571428571427,"population_status":"0","population_status_target":null,"population_aggregation_target":null,"age_65plus_missing":false,"age_75plus_missing":false,"age_quality_flag":"ok","data_completeness":"complete"}},{"type":"Feature","geometry":{"type":"Polygon","coordinates":[[[132.78125,33.95],[132.7875,33.95],[132.7875,33.95416666666667],[132.78125,33.95416666666667],[132.78125,33.95]]]},"properties":{"type":"Feature","mesh_id":"503276423","municipality_code":"38201","municipality":"松山市","total_population":29,"population_65plus":7,"population_75plus":3,"aging_rate_65plus":0.2413793103448276,"aging_rate_75plus":0.10344827586206896,"population_status":"0","population_status_target":null,"population_aggregation_target":null,"age_65plus_missing":false,"age_75plus_missing":false,"age_quality_flag":"ok","data_completeness":"complete"}},{"type":"Feature","geometry":{"type":"Polygon","coordinates":[[[132.78125,33.95416666666667],[132.7875,33.95416666666667],[132.7875,33.95833333333334],[132.78125,33.95833333333334],[132.78125,33.95416666666667]]]},"properties":{"type":"Feature","mesh_id":"503276424","municipality_code":"38201","municipality":"松山市","total_population":64,"population_65plus":39,"population_75plus":28,"aging_rate_65plus":0.609375,"aging_rate_75plus":0.4375,"population_status":"0","population_status_target":null,"population_aggregation_target":null,"age_65plus_missing":false,"age_75plus_missing":false,"age_quality_flag":"ok","data_completeness":"complete"}},{"type":"Feature","geometry":{"type":"Polygon","coordinates":[[[132.7875,33.95],[132.79375,33.95],[132.79375,33.95416666666667],[132.7875,33.95416666666667],[132.7875,33.95]]]},"properties":{"type":"Feature","mesh_id":"503276431","municipality_code":"38201","municipality":"松山市","total_population":31,"population_65plus":10,"population_75plus":6,"aging_rate_65plus":0.3225806451612903,"aging_rate_75plus":0.1935483870967742,"population_status":"0","population_status_target":null,"population_aggregation_target":null,"age_65plus_missing":false,"age_75plus_missing":false,"age_quality_flag":"ok","data_completeness":"complete"}},{"type":"Feature","geometry":{"type":"Polygon","coordinates":[[[132.7875,33.95416666666667],[132.79375,33.95416666666667],[132.79375,33.95833333333334],[132.7875,33.95833333333334],[132.7875,33.95416666666667]]]},"properties":{"type":"Feature","mesh_id":"503276432","municipality_code":"38201","municipality":"松山市","total_population":90,"population_65plus":34,"population_75plus":14,"aging_rate_65plus":0.37777777777777777,"aging_rate_75plus":0.15555555555555556,"population_status":"0","population_status_target":null,"population_aggregation_target":null,"age_65plus_missing":false,"age_75plus_missing":false,"age_quality_flag":"ok","data_completeness":"complete"}},{"type":"Feature","geometry":{"type":"Polygon","coordinates":[[[132.79375,33.95],[132.79999999999998,33.95],[132.79999999999998,33.95416666666667],[132.79375,33.95416666666667],[132.79375,33.95]]]},"properties":{"type":"Feature","mesh_id":"503276433","municipality_code":"38201","municipality":"松山市","total_population":28,"population_65plus":8,"population_75plus":6,"aging_rate_65plus":0.2857142857142857,"aging_rate_75plus":0.21428571428571427,"population_status":"0","population_status_target":null,"population_aggregation_target":null,"age_65plus_missing":false,"age_75plus_missing":false,"age_quality_flag":"ok","data_completeness":"complete"}},{"type":"Feature","geometry":{"type":"Polygon","coordinates":[[[132.8,33.95],[132.80625,33.95],[132.80625,33.95416666666667],[132.8,33.95416666666667],[132.8,33.95]]]},"properties":{"type":"Feature","mesh_id":"503276441","municipality_code":"38201","municipality":"松山市","total_population":17,"population_65plus":5,"population_75plus":1,"aging_rate_65plus":0.29411764705882354,"aging_rate_75plus":0.058823529411764705,"population_status":"0","population_status_target":null,"population_aggregation_target":null,"age_65plus_missing":false,"age_75plus_missing":false,"age_quality_flag":"ok","data_completeness":"complete"}},{"type":"Feature","geometry":{"type":"Polygon","coordinates":[[[132.8125,33.95],[132.81875,33.95],[132.81875,33.95416666666667],[132.8125,33.95416666666667],[132.8125,33.95]]]},"properties":{"type":"Feature","mesh_id":"503276451","municipality_code":"38201","municipality":"松山市","total_population":10,"population_65plus":8,"population_75plus":4,"aging_rate_65plus":0.8,"aging_rate_75plus":0.4,"population_status":"0","population_status_target":null,"population_aggregation_target":null,"age_65plus_missing":false,"age_75plus_missing":false,"age_quality_flag":"ok","data_completeness":"complete"}},{"type":"Feature","geometry":{"type":"Polygon","coordinates":[[[132.76874999999998,33.962500000000006],[132.77499999999998,33.962500000000006],[132.77499999999998,33.966666666666676],[132.76874999999998,33.966666666666676],[132.76874999999998,33.962500000000006]]]},"properties":{"type":"Feature","mesh_id":"503276514","municipality_code":"38201","municipality":"松山市","total_population":738,"population_65plus":229,"population_75plus":135,"aging_rate_65plus":0.31029810298102983,"aging_rate_75plus":0.18292682926829268,"population_status":"0","population_status_target":null,"population_aggregation_target":null,"age_65plus_missing":false,"age_75plus_missing":false,"age_quality_flag":"ok","data_completeness":"complete"}},{"type":"Feature","geometry":{"type":"Polygon","coordinates":[[[132.775,33.958333333333336],[132.78125,33.958333333333336],[132.78125,33.962500000000006],[132.775,33.962500000000006],[132.775,33.958333333333336]]]},"properties":{"type":"Feature","mesh_id":"503276521","municipality_code":"38201","municipality":"松山市","total_population":103,"population_65plus":35,"population_75plus":12,"aging_rate_65plus":0.33980582524271846,"aging_rate_75plus":0.11650485436893204,"population_status":"0","population_status_target":null,"population_aggregation_target":null,"age_65plus_missing":false,"age_75plus_missing":false,"age_quality_flag":"ok","data_completeness":"complete"}},{"type":"Feature","geometry":{"type":"Polygon","coordinates":[[[132.775,33.962500000000006],[132.78125,33.962500000000006],[132.78125,33.966666666666676],[132.775,33.966666666666676],[132.775,33.962500000000006]]]},"properties":{"type":"Feature","mesh_id":"503276522","municipality_code":"38201","municipality":"松山市","total_population":211,"population_65plus":54,"population_75plus":28,"aging_rate_65plus":0.2559241706161137,"aging_rate_75plus":0.13270142180094788,"population_status":"0","population_status_target":null,"population_aggregation_target":null,"age_65plus_missing":false,"age_75plus_missing":false,"age_quality_flag":"ok","data_completeness":"complete"}},{"type":"Feature","geometry":{"type":"Polygon","coordinates":[[[132.78125,33.958333333333336],[132.7875,33.958333333333336],[132.7875,33.962500000000006],[132.78125,33.962500000000006],[132.78125,33.958333333333336]]]},"properties":{"type":"Feature","mesh_id":"503276523","municipality_code":"38201","municipality":"松山市","total_population":571,"population_65plus":157,"population_75plus":76,"aging_rate_65plus":0.27495621716287216,"aging_rate_75plus":0.1330998248686515,"population_status":"0","population_status_target":null,"population_aggregation_target":null,"age_65plus_missing":false,"age_75plus_missing":false,"age_quality_flag":"ok","data_completeness":"complete"}},{"type":"Feature","geometry":{"type":"Polygon","coordinates":[[[132.78125,33.962500000000006],[132.7875,33.962500000000006],[132.7875,33.966666666666676],[132.78125,33.966666666666676],[132.78125,33.962500000000006]]]},"properties":{"type":"Feature","mesh_id":"503276524","municipality_code":"38201","municipality":"松山市","total_population":206,"population_65plus":85,"population_75plus":34,"aging_rate_65plus":0.41262135922330095,"aging_rate_75plus":0.1650485436893204,"population_status":"0","population_status_target":null,"population_aggregation_target":null,"age_65plus_missing":false,"age_75plus_missing":false,"age_quality_flag":"ok","data_completeness":"complete"}},{"type":"Feature","geometry":{"type":"Polygon","coordinates":[[[132.7875,33.958333333333336],[132.79375,33.958333333333336],[132.79375,33.962500000000006],[132.7875,33.962500000000006],[132.7875,33.958333333333336]]]},"properties":{"type":"Feature","mesh_id":"503276531","municipality_code":"38201","municipality":"松山市","total_population":25,"population_65plus":13,"population_75plus":5,"aging_rate_65plus":0.52,"aging_rate_75plus":0.2,"population_status":"0","population_status_target":null,"population_aggregation_target":null,"age_65plus_missing":false,"age_75plus_missing":false,"age_quality_flag":"ok","data_completeness":"complete"}},{"type":"Feature","geometry":{"type":"Polygon","coordinates":[[[132.7875,33.962500000000006],[132.79375,33.962500000000006],[132.79375,33.966666666666676],[132.7875,33.966666666666676],[132.7875,33.962500000000006]]]},"properties":{"type":"Feature","mesh_id":"503276532","municipality_code":"38201","municipality":"松山市","total_population":21,"population_65plus":13,"population_75plus":8,"aging_rate_65plus":0.6190476190476191,"aging_rate_75plus":0.38095238095238093,"population_status":"1","population_status_target":null,"population_aggregation_target":"503276533","age_65plus_missing":false,"age_75plus_missing":false,"age_quality_flag":"ok","data_completeness":"complete"}},{"type":"Feature","geometry":{"type":"Polygon","coordinates":[[[132.79375,33.958333333333336],[132.79999999999998,33.958333333333336],[132.79999999999998,33.962500000000006],[132.79375,33.962500000000006],[132.79375,33.958333333333336]]]},"properties":{"type":"Feature","mesh_id":"503276533","municipality_code":"38201","municipality":"松山市","total_population":2,"population_65plus":null,"population_75plus":null,"aging_rate_65plus":null,"aging_rate_75plus":null,"population_status":"2","population_status_target":"503276532","population_aggregation_target":null,"age_65plus_missing":true,"age_75plus_missing":true,"age_quality_flag":"ok","data_completeness":"partial"}},{"type":"Feature","geometry":{"type":"Polygon","coordinates":[[[132.79375,33.962500000000006],[132.79999999999998,33.962500000000006],[132.79999999999998,33.966666666666676],[132.79375,33.966666666666676],[132.79375,33.962500000000006]]]},"properties":{"type":"Feature","mesh_id":"503276534","municipality_code":"38201","municipality":"松山市","total_population":10,"population_65plus":8,"population_75plus":2,"aging_rate_65plus":0.8,"aging_rate_75plus":0.2,"population_status":"0","population_status_target":null,"population_aggregation_target":null,"age_65plus_missing":false,"age_75plus_missing":false,"age_quality_flag":"ok","data_completeness":"complete"}},{"type":"Feature","geometry":{"type":"Polygon","coordinates":[[[132.8,33.962500000000006],[132.80625,33.962500000000006],[132.80625,33.966666666666676],[132.8,33.966666666666676],[132.8,33.962500000000006]]]},"properties":{"type":"Feature","mesh_id":"503276542","municipality_code":"38201","municipality":"松山市","total_population":2,"population_65plus":null,"population_75plus":null,"aging_rate_65plus":null,"aging_rate_75plus":null,"population_status":"2","population_status_target":"503276544","population_aggregation_target":null,"age_65plus_missing":true,"age_75plus_missing":true,"age_quality_flag":"ok","data_completeness":"partial"}},{"type":"Feature","geometry":{"type":"Polygon","coordinates":[[[132.80625,33.958333333333336],[132.8125,33.958333333333336],[132.8125,33.962500000000006],[132.80625,33.962500000000006],[132.80625,33.958333333333336]]]},"properties":{"type":"Feature","mesh_id":"503276543","municipality_code":"38201","municipality":"松山市","total_population":24,"population_65plus":14,"population_75plus":10,"aging_rate_65plus":0.5833333333333334,"aging_rate_75plus":0.4166666666666667,"population_status":"0","population_status_target":null,"population_aggregation_target":null,"age_65plus_missing":false,"age_75plus_missing":false,"age_quality_flag":"ok","data_completeness":"complete"}},{"type":"Feature","geometry":{"type":"Polygon","coordinates":[[[132.80625,33.962500000000006],[132.8125,33.962500000000006],[132.8125,33.966666666666676],[132.80625,33.966666666666676],[132.80625,33.962500000000006]]]},"properties":{"type":"Feature","mesh_id":"503276544","municipality_code":"38201","municipality":"松山市","total_population":25,"population_65plus":11,"population_75plus":2,"aging_rate_65plus":0.44,"aging_rate_75plus":0.08,"population_status":"1","population_status_target":null,"population_aggregation_target":"503276542","age_65plus_missing":false,"age_75plus_missing":false,"age_quality_flag":"ok","data_completeness":"complete"}},{"type":"Feature","geometry":{"type":"Polygon","coordinates":[[[132.8125,33.958333333333336],[132.81875,33.958333333333336],[132.81875,33.962500000000006],[132.8125,33.962500000000006],[132.8125,33.958333333333336]]]},"properties":{"type":"Feature","mesh_id":"503276551","municipality_code":"38201","municipality":"松山市","total_population":22,"population_65plus":14,"population_75plus":8,"aging_rate_65plus":0.6363636363636364,"aging_rate_75plus":0.36363636363636365,"population_status":"0","population_status_target":null,"population_aggregation_target":null,"age_65plus_missing":false,"age_75plus_missing":false,"age_quality_flag":"ok","data_completeness":"complete"}},{"type":"Feature","geometry":{"type":"Polygon","coordinates":[[[132.825,33.962500000000006],[132.83124999999998,33.962500000000006],[132.83124999999998,33.966666666666676],[132.825,33.966666666666676],[132.825,33.962500000000006]]]},"properties":{"type":"Feature","mesh_id":"503276562","municipality_code":"38201","municipality":"松山市","total_population":1,"population_65plus":null,"population_75plus":null,"aging_rate_65plus":null,"aging_rate_75plus":null,"population_status":"2","population_status_target":"503276563","population_aggregation_target":null,"age_65plus_missing":true,"age_75plus_missing":true,"age_quality_flag":"ok","data_completeness":"partial"}},{"type":"Feature","geometry":{"type":"Polygon","coordinates":[[[132.83124999999998,33.958333333333336],[132.83749999999998,33.958333333333336],[132.83749999999998,33.962500000000006],[132.83124999999998,33.962500000000006],[132.83124999999998,33.958333333333336]]]},"properties":{"type":"Feature","mesh_id":"503276563","municipality_code":"38201","municipality":"松山市","total_population":9,"population_65plus":9,"population_75plus":5,"aging_rate_65plus":1.0,"aging_rate_75plus":0.5555555555555556,"population_status":"1","population_status_target":null,"population_aggregation_target":"503276562","age_65plus_missing":false,"age_75plus_missing":false,"age_quality_flag":"ok","data_completeness":"complete"}},{"type":"Feature","geometry":{"type":"Polygon","coordinates":[[[132.7625,33.97083333333334],[132.76874999999998,33.97083333333334],[132.76874999999998,33.97500000000001],[132.7625,33.97500000000001],[132.7625,33.97083333333334]]]},"properties":{"type":"Feature","mesh_id":"503276612","municipality_code":"38201","municipality":"松山市","total_population":609,"population_65plus":156,"population_75plus":88,"aging_rate_65plus":0.2561576354679803,"aging_rate_75plus":0.1444991789819376,"population_status":"0","population_status_target":null,"population_aggregation_target":null,"age_65plus_missing":false,"age_75plus_missing":false,"age_quality_flag":"ok","data_completeness":"complete"}},{"type":"Feature","geometry":{"type":"Polygon","coordinates":[[[132.76874999999998,33.97083333333334],[132.77499999999998,33.97083333333334],[132.77499999999998,33.97500000000001],[132.76874999999998,33.97500000000001],[132.76874999999998,33.97083333333334]]]},"properties":{"type":"Feature","mesh_id":"503276614","municipality_code":"38201","municipality":"松山市","total_population":856,"population_65plus":411,"population_75plus":253,"aging_rate_65plus":0.48014018691588783,"aging_rate_75plus":0.2955607476635514,"population_status":"0","population_status_target":null,"population_aggregation_target":null,"age_65plus_missing":false,"age_75plus_missing":false,"age_quality_flag":"ok","data_completeness":"complete"}},{"type":"Feature","geometry":{"type":"Polygon","coordinates":[[[132.775,33.96666666666667],[132.78125,33.96666666666667],[132.78125,33.97083333333334],[132.775,33.97083333333334],[132.775,33.96666666666667]]]},"properties":{"type":"Feature","mesh_id":"503276621","municipality_code":"38201","municipality":"松山市","total_population":701,"population_65plus":152,"population_75plus":71,"aging_rate_65plus":0.21683309557774608,"aging_rate_75plus":0.10128388017118402,"population_status":"0","population_status_target":null,"population_aggregation_target":null,"age_65plus_missing":false,"age_75plus_missing":false,"age_quality_flag":"ok","data_completeness":"complete"}},{"type":"Feature","geometry":{"type":"Polygon","coordinates":[[[132.775,33.97083333333334],[132.78125,33.97083333333334],[132.78125,33.97500000000001],[132.775,33.97500000000001],[132.775,33.97083333333334]]]},"properties":{"type":"Feature","mesh_id":"503276622","municipality_code":"38201","municipality":"松山市","total_population":199,"population_65plus":84,"population_75plus":47,"aging_rate_65plus":0.4221105527638191,"aging_rate_75plus":0.23618090452261306,"population_status":"0","population_status_target":null,"population_aggregation_target":null,"age_65plus_missing":false,"age_75plus_missing":false,"age_quality_flag":"ok","data_completeness":"complete"}},{"type":"Feature","geometry":{"type":"Polygon","coordinates":[[[132.78125,33.96666666666667],[132.7875,33.96666666666667],[132.7875,33.97083333333334],[132.78125,33.97083333333334],[132.78125,33.96666666666667]]]},"properties":{"type":"Feature","mesh_id":"503276623","municipality_code":"38201","municipality":"松山市","total_population":1038,"population_65plus":279,"population_75plus":155,"aging_rate_65plus":0.26878612716763006,"aging_rate_75plus":0.14932562620423892,"population_status":"0","population_status_target":null,"population_aggregation_target":null,"age_65plus_missing":false,"age_75plus_missing":false,"age_quality_flag":"ok","data_completeness":"complete"}},{"type":"Feature","geometry":{"type":"Polygon","coordinates":[[[132.78125,33.97083333333334],[132.7875,33.97083333333334],[132.7875,33.97500000000001],[132.78125,33.97500000000001],[132.78125,33.97083333333334]]]},"properties":{"type":"Feature","mesh_id":"503276624","municipality_code":"38201","municipality":"松山市","total_population":428,"population_65plus":194,"population_75plus":133,"aging_rate_65plus":0.4532710280373832,"aging_rate_75plus":0.3107476635514019,"population_status":"0","population_status_target":null,"population_aggregation_target":null,"age_65plus_missing":false,"age_75plus_missing":false,"age_quality_flag":"ok","data_completeness":"complete"}},{"type":"Feature","geometry":{"type":"Polygon","coordinates":[[[132.7875,33.96666666666667],[132.79375,33.96666666666667],[132.79375,33.97083333333334],[132.7875,33.97083333333334],[132.7875,33.96666666666667]]]},"properties":{"type":"Feature","mesh_id":"503276631","municipality_code":"38201","municipality":"松山市","total_population":272,"population_65plus":102,"population_75plus":66,"aging_rate_65plus":0.375,"aging_rate_75plus":0.2426470588235294,"population_status":"0","population_status_target":null,"population_aggregation_target":null,"age_65plus_missing":false,"age_75plus_missing":false,"age_quality_flag":"ok","data_completeness":"complete"}},{"type":"Feature","geometry":{"type":"Polygon","coordinates":[[[132.7875,33.97083333333334],[132.79375,33.97083333333334],[132.79375,33.97500000000001],[132.7875,33.97500000000001],[132.7875,33.97083333333334]]]},"properties":{"type":"Feature","mesh_id":"503276632","municipality_code":"38201","municipality":"松山市","total_population":215,"population_65plus":99,"population_75plus":41,"aging_rate_65plus":0.4604651162790698,"aging_rate_75plus":0.19069767441860466,"population_status":"0","population_status_target":null,"population_aggregation_target":null,"age_65plus_missing":false,"age_75plus_missing":false,"age_quality_flag":"ok","data_completeness":"complete"}},{"type":"Feature","geometry":{"type":"Polygon","coordinates":[[[132.79375,33.96666666666667],[132.79999999999998,33.96666666666667],[132.79999999999998,33.97083333333334],[132.79375,33.97083333333334],[132.79375,33.96666666666667]]]},"properties":{"type":"Feature","mesh_id":"503276633","municipality_code":"38201","municipality":"松山市","total_population":159,"population_65plus":74,"population_75plus":34,"aging_rate_65plus":0.46540880503144655,"aging_rate_75plus":0.2138364779874214,"population_status":"0","population_status_target":null,"population_aggregation_target":null,"age_65plus_missing":false,"age_75plus_missing":false,"age_quality_flag":"ok","data_completeness":"complete"}},{"type":"Feature","geometry":{"type":"Polygon","coordinates":[[[132.79375,33.97083333333334],[132.79999999999998,33.97083333333334],[132.79999999999998,33.97500000000001],[132.79375,33.97500000000001],[132.79375,33.97083333333334]]]},"properties":{"type":"Feature","mesh_id":"503276634","municipality_code":"38201","municipality":"松山市","total_population":77,"population_65plus":35,"population_75plus":13,"aging_rate_65plus":0.45454545454545453,"aging_rate_75plus":0.16883116883116883,"population_status":"0","population_status_target":null,"population_aggregation_target":null,"age_65plus_missing":false,"age_75plus_missing":false,"age_quality_flag":"ok","data_completeness":"complete"}},{"type":"Feature","geometry":{"type":"Polygon","coordinates":[[[132.8,33.96666666666667],[132.80625,33.96666666666667],[132.80625,33.97083333333334],[132.8,33.97083333333334],[132.8,33.96666666666667]]]},"properties":{"type":"Feature","mesh_id":"503276641","municipality_code":"38201","municipality":"松山市","total_population":47,"population_65plus":18,"population_75plus":11,"aging_rate_65plus":0.3829787234042553,"aging_rate_75plus":0.23404255319148937,"population_status":"0","population_status_target":null,"population_aggregation_target":null,"age_65plus_missing":false,"age_75plus_missing":false,"age_quality_flag":"ok","data_completeness":"complete"}},{"type":"Feature","geometry":{"type":"Polygon","coordinates":[[[132.8,33.97083333333334],[132.80625,33.97083333333334],[132.80625,33.97500000000001],[132.8,33.97500000000001],[132.8,33.97083333333334]]]},"properties":{"type":"Feature","mesh_id":"503276642","municipality_code":"38201","municipality":"松山市","total_population":74,"population_65plus":34,"population_75plus":18,"aging_rate_65plus":0.4594594594594595,"aging_rate_75plus":0.24324324324324326,"population_status":"0","population_status_target":null,"population_aggregation_target":null,"age_65plus_missing":false,"age_75plus_missing":false,"age_quality_flag":"ok","data_completeness":"complete"}},{"type":"Feature","geometry":{"type":"Polygon","coordinates":[[[132.80625,33.96666666666667],[132.8125,33.96666666666667],[132.8125,33.97083333333334],[132.80625,33.97083333333334],[132.80625,33.96666666666667]]]},"properties":{"type":"Feature","mesh_id":"503276643","municipality_code":"38201","municipality":"松山市","total_population":130,"population_65plus":56,"population_75plus":28,"aging_rate_65plus":0.4307692307692308,"aging_rate_75plus":0.2153846153846154,"population_status":"0","population_status_target":null,"population_aggregation_target":null,"age_65plus_missing":false,"age_75plus_missing":false,"age_quality_flag":"ok","data_completeness":"complete"}},{"type":"Feature","geometry":{"type":"Polygon","coordinates":[[[132.81875,33.96666666666667],[132.825,33.96666666666667],[132.825,33.97083333333334],[132.81875,33.97083333333334],[132.81875,33.96666666666667]]]},"properties":{"type":"Feature","mesh_id":"503276653","municipality_code":"38201","municipality":"松山市","total_population":44,"population_65plus":22,"population_75plus":10,"aging_rate_65plus":0.5,"aging_rate_75plus":0.22727272727272727,"population_status":"0","population_status_target":null,"population_aggregation_target":null,"age_65plus_missing":false,"age_75plus_missing":false,"age_quality_flag":"ok","data_completeness":"complete"}},{"type":"Feature","geometry":{"type":"Polygon","coordinates":[[[132.81875,33.97083333333334],[132.825,33.97083333333334],[132.825,33.97500000000001],[132.81875,33.97500000000001],[132.81875,33.97083333333334]]]},"properties":{"type":"Feature","mesh_id":"503276654","municipality_code":"38201","municipality":"松山市","total_population":26,"population_65plus":14,"population_75plus":4,"aging_rate_65plus":0.5384615384615384,"aging_rate_75plus":0.15384615384615385,"population_status":"0","population_status_target":null,"population_aggregation_target":null,"age_65plus_missing":false,"age_75plus_missing":false,"age_quality_flag":"ok","data_completeness":"complete"}},{"type":"Feature","geometry":{"type":"Polygon","coordinates":[[[132.825,33.96666666666667],[132.83124999999998,33.96666666666667],[132.83124999999998,33.97083333333334],[132.825,33.97083333333334],[132.825,33.96666666666667]]]},"properties":{"type":"Feature","mesh_id":"503276661","municipality_code":"38201","municipality":"松山市","total_population":62,"population_65plus":39,"population_75plus":19,"aging_rate_65plus":0.6290322580645161,"aging_rate_75plus":0.3064516129032258,"population_status":"0","population_status_target":null,"population_aggregation_target":null,"age_65plus_missing":false,"age_75plus_missing":false,"age_quality_flag":"ok","data_completeness":"complete"}},{"type":"Feature","geometry":{"type":"Polygon","coordinates":[[[132.83124999999998,33.96666666666667],[132.83749999999998,33.96666666666667],[132.83749999999998,33.97083333333334],[132.83124999999998,33.97083333333334],[132.83124999999998,33.96666666666667]]]},"properties":{"type":"Feature","mesh_id":"503276663","municipality_code":"38201","municipality":"松山市","total_population":63,"population_65plus":32,"population_75plus":18,"aging_rate_65plus":0.5079365079365079,"aging_rate_75plus":0.2857142857142857,"population_status":"0","population_status_target":null,"population_aggregation_target":null,"age_65plus_missing":false,"age_75plus_missing":false,"age_quality_flag":"ok","data_completeness":"complete"}},{"type":"Feature","geometry":{"type":"Polygon","coordinates":[[[132.83124999999998,33.97083333333334],[132.83749999999998,33.97083333333334],[132.83749999999998,33.97500000000001],[132.83124999999998,33.97500000000001],[132.83124999999998,33.97083333333334]]]},"properties":{"type":"Feature","mesh_id":"503276664","municipality_code":"38201","municipality":"松山市","total_population":14,"population_65plus":7,"population_75plus":3,"aging_rate_65plus":0.5,"aging_rate_75plus":0.21428571428571427,"population_status":"0","population_status_target":null,"population_aggregation_target":null,"age_65plus_missing":false,"age_75plus_missing":false,"age_quality_flag":"ok","data_completeness":"complete"}},{"type":"Feature","geometry":{"type":"Polygon","coordinates":[[[132.8375,33.96666666666667],[132.84375,33.96666666666667],[132.84375,33.97083333333334],[132.8375,33.97083333333334],[132.8375,33.96666666666667]]]},"properties":{"type":"Feature","mesh_id":"503276671","municipality_code":"38201","municipality":"松山市","total_population":41,"population_65plus":24,"population_75plus":11,"aging_rate_65plus":0.5853658536585366,"aging_rate_75plus":0.2682926829268293,"population_status":"0","population_status_target":null,"population_aggregation_target":null,"age_65plus_missing":false,"age_75plus_missing":false,"age_quality_flag":"ok","data_completeness":"complete"}},{"type":"Feature","geometry":{"type":"Polygon","coordinates":[[[132.84375,33.96666666666667],[132.85,33.96666666666667],[132.85,33.97083333333334],[132.84375,33.97083333333334],[132.84375,33.96666666666667]]]},"properties":{"type":"Feature","mesh_id":"503276673","municipality_code":"38201","municipality":"松山市","total_population":64,"population_65plus":44,"population_75plus":25,"aging_rate_65plus":0.6875,"aging_rate_75plus":0.390625,"population_status":"1","population_status_target":null,"population_aggregation_target":"503276674","age_65plus_missing":false,"age_75plus_missing":false,"age_quality_flag":"ok","data_completeness":"complete"}},{"type":"Feature","geometry":{"type":"Polygon","coordinates":[[[132.84375,33.97083333333334],[132.85,33.97083333333334],[132.85,33.97500000000001],[132.84375,33.97500000000001],[132.84375,33.97083333333334]]]},"properties":{"type":"Feature","mesh_id":"503276674","municipality_code":"38201","municipality":"松山市","total_population":6,"population_65plus":null,"population_75plus":null,"aging_rate_65plus":null,"aging_rate_75plus":null,"population_status":"2","population_status_target":"503276673","population_aggregation_target":null,"age_65plus_missing":true,"age_75plus_missing":true,"age_quality_flag":"ok","data_completeness":"partial"}},{"type":"Feature","geometry":{"type":"Polygon","coordinates":[[[132.85625,33.96666666666667],[132.86249999999998,33.96666666666667],[132.86249999999998,33.97083333333334],[132.85625,33.97083333333334],[132.85625,33.96666666666667]]]},"properties":{"type":"Feature","mesh_id":"503276683","municipality_code":"38201","municipality":"松山市","total_population":18,"population_65plus":13,"population_75plus":6,"aging_rate_65plus":0.7222222222222222,"aging_rate_75plus":0.3333333333333333,"population_status":"0","population_status_target":null,"population_aggregation_target":null,"age_65plus_missing":false,"age_75plus_missing":false,"age_quality_flag":"ok","data_completeness":"complete"}},{"type":"Feature","geometry":{"type":"Polygon","coordinates":[[[132.8625,33.97083333333334],[132.86875,33.97083333333334],[132.86875,33.97500000000001],[132.8625,33.97500000000001],[132.8625,33.97083333333334]]]},"properties":{"type":"Feature","mesh_id":"503276692","municipality_code":"38201","municipality":"松山市","total_population":2,"population_65plus":null,"population_75plus":null,"aging_rate_65plus":null,"aging_rate_75plus":null,"population_status":"2","population_status_target":"503276694","population_aggregation_target":null,"age_65plus_missing":true,"age_75plus_missing":true,"age_quality_flag":"ok","data_completeness":"partial"}},{"type":"Feature","geometry":{"type":"Polygon","coordinates":[[[132.86875,33.97083333333334],[132.875,33.97083333333334],[132.875,33.97500000000001],[132.86875,33.97500000000001],[132.86875,33.97083333333334]]]},"properties":{"type":"Feature","mesh_id":"503276694","municipality_code":"38201","municipality":"松山市","total_population":13,"population_65plus":12,"population_75plus":8,"aging_rate_65plus":0.9230769230769231,"aging_rate_75plus":0.6153846153846154,"population_status":"1","population_status_target":null,"population_aggregation_target":"503276692","age_65plus_missing":false,"age_75plus_missing":false,"age_quality_flag":"ok","data_completeness":"complete"}},{"type":"Feature","geometry":{"type":"Polygon","coordinates":[[[132.76874999999998,33.97916666666667],[132.77499999999998,33.97916666666667],[132.77499999999998,33.98333333333334],[132.76874999999998,33.98333333333334],[132.76874999999998,33.97916666666667]]]},"properties":{"type":"Feature","mesh_id":"503276714","municipality_code":"38201","municipality":"松山市","total_population":19,"population_65plus":5,"population_75plus":3,"aging_rate_65plus":0.2631578947368421,"aging_rate_75plus":0.15789473684210525,"population_status":"0","population_status_target":null,"population_aggregation_target":null,"age_65plus_missing":false,"age_75plus_missing":false,"age_quality_flag":"ok","data_completeness":"complete"}},{"type":"Feature","geometry":{"type":"Polygon","coordinates":[[[132.775,33.975],[132.78125,33.975],[132.78125,33.97916666666667],[132.775,33.97916666666667],[132.775,33.975]]]},"properties":{"type":"Feature","mesh_id":"503276721","municipality_code":"38201","municipality":"松山市","total_population":1256,"population_65plus":394,"population_75plus":215,"aging_rate_65plus":0.31369426751592355,"aging_rate_75plus":0.17117834394904458,"population_status":"0","population_status_target":null,"population_aggregation_target":null,"age_65plus_missing":false,"age_75plus_missing":false,"age_quality_flag":"ok","data_completeness":"complete"}},{"type":"Feature","geometry":{"type":"Polygon","coordinates":[[[132.775,33.97916666666667],[132.78125,33.97916666666667],[132.78125,33.98333333333334],[132.775,33.98333333333334],[132.775,33.97916666666667]]]},"properties":{"type":"Feature","mesh_id":"503276722","municipality_code":"38201","municipality":"松山市","total_population":237,"population_65plus":33,"population_75plus":14,"aging_rate_65plus":0.13924050632911392,"aging_rate_75plus":0.05907172995780591,"population_status":"0","population_status_target":null,"population_aggregation_target":null,"age_65plus_missing":false,"age_75plus_missing":false,"age_quality_flag":"ok","data_completeness":"complete"}},{"type":"Feature","geometry":{"type":"Polygon","coordinates":[[[132.78125,33.975],[132.7875,33.975],[132.7875,33.97916666666667],[132.78125,33.97916666666667],[132.78125,33.975]]]},"properties":{"type":"Feature","mesh_id":"503276723","municipality_code":"38201","municipality":"松山市","total_population":489,"population_65plus":187,"population_75plus":93,"aging_rate_65plus":0.3824130879345603,"aging_rate_75plus":0.1901840490797546,"population_status":"0","population_status_target":null,"population_aggregation_target":null,"age_65plus_missing":false,"age_75plus_missing":false,"age_quality_flag":"ok","data_completeness":"complete"}},{"type":"Feature","geometry":{"type":"Polygon","coordinates":[[[132.78125,33.97916666666667],[132.7875,33.97916666666667],[132.7875,33.98333333333334],[132.78125,33.98333333333334],[132.78125,33.97916666666667]]]},"properties":{"type":"Feature","mesh_id":"503276724","municipality_code":"38201","municipality":"松山市","total_population":399,"population_65plus":105,"population_75plus":61,"aging_rate_65plus":0.2631578947368421,"aging_rate_75plus":0.15288220551378445,"population_status":"0","population_status_target":null,"population_aggregation_target":null,"age_65plus_missing":false,"age_75plus_missing":false,"age_quality_flag":"ok","data_completeness":"complete"}},{"type":"Feature","geometry":{"type":"Polygon","coordinates":[[[132.7875,33.975],[132.79375,33.975],[132.79375,33.97916666666667],[132.7875,33.97916666666667],[132.7875,33.975]]]},"properties":{"type":"Feature","mesh_id":"503276731","municipality_code":"38201","municipality":"松山市","total_population":98,"population_65plus":33,"population_75plus":14,"aging_rate_65plus":0.336734693877551,"aging_rate_75plus":0.14285714285714285,"population_status":"0","population_status_target":null,"population_aggregation_target":null,"age_65plus_missing":false,"age_75plus_missing":false,"age_quality_flag":"ok","data_completeness":"complete"}},{"type":"Feature","geometry":{"type":"Polygon","coordinates":[[[132.7875,33.97916666666667],[132.79375,33.97916666666667],[132.79375,33.98333333333334],[132.7875,33.98333333333334],[132.7875,33.97916666666667]]]},"properties":{"type":"Feature","mesh_id":"503276732","municipality_code":"38201","municipality":"松山市","total_population":72,"population_65plus":34,"population_75plus":17,"aging_rate_65plus":0.4722222222222222,"aging_rate_75plus":0.2361111111111111,"population_status":"0","population_status_target":null,"population_aggregation_target":null,"age_65plus_missing":false,"age_75plus_missing":false,"age_quality_flag":"ok","data_completeness":"complete"}},{"type":"Feature","geometry":{"type":"Polygon","coordinates":[[[132.79375,33.975],[132.79999999999998,33.975],[132.79999999999998,33.97916666666667],[132.79375,33.97916666666667],[132.79375,33.975]]]},"properties":{"type":"Feature","mesh_id":"503276733","municipality_code":"38201","municipality":"松山市","total_population":87,"population_65plus":34,"population_75plus":14,"aging_rate_65plus":0.39080459770114945,"aging_rate_75plus":0.16091954022988506,"population_status":"0","population_status_target":null,"population_aggregation_target":null,"age_65plus_missing":false,"age_75plus_missing":false,"age_quality_flag":"ok","data_completeness":"complete"}},{"type":"Feature","geometry":{"type":"Polygon","coordinates":[[[132.79375,33.97916666666667],[132.79999999999998,33.97916666666667],[132.79999999999998,33.98333333333334],[132.79375,33.98333333333334],[132.79375,33.97916666666667]]]},"properties":{"type":"Feature","mesh_id":"503276734","municipality_code":"38201","municipality":"松山市","total_population":138,"population_65plus":66,"population_75plus":41,"aging_rate_65plus":0.4782608695652174,"aging_rate_75plus":0.2971014492753623,"population_status":"0","population_status_target":null,"population_aggregation_target":null,"age_65plus_missing":false,"age_75plus_missing":false,"age_quality_flag":"ok","data_completeness":"complete"}},{"type":"Feature","geometry":{"type":"Polygon","coordinates":[[[132.8,33.975],[132.80625,33.975],[132.80625,33.97916666666667],[132.8,33.97916666666667],[132.8,33.975]]]},"properties":{"type":"Feature","mesh_id":"503276741","municipality_code":"38201","municipality":"松山市","total_population":52,"population_65plus":28,"population_75plus":17,"aging_rate_65plus":0.5384615384615384,"aging_rate_75plus":0.3269230769230769,"population_status":"0","population_status_target":null,"population_aggregation_target":null,"age_65plus_missing":false,"age_75plus_missing":false,"age_quality_flag":"ok","data_completeness":"complete"}},{"type":"Feature","geometry":{"type":"Polygon","coordinates":[[[132.825,33.975],[132.83124999999998,33.975],[132.83124999999998,33.97916666666667],[132.825,33.97916666666667],[132.825,33.975]]]},"properties":{"type":"Feature","mesh_id":"503276761","municipality_code":"38201","municipality":"松山市","total_population":37,"population_65plus":11,"population_75plus":6,"aging_rate_65plus":0.2972972972972973,"aging_rate_75plus":0.16216216216216217,"population_status":"0","population_status_target":null,"population_aggregation_target":null,"age_65plus_missing":false,"age_75plus_missing":false,"age_quality_flag":"ok","data_completeness":"complete"}},{"type":"Feature","geometry":{"type":"Polygon","coordinates":[[[132.825,33.97916666666667],[132.83124999999998,33.97916666666667],[132.83124999999998,33.98333333333334],[132.825,33.98333333333334],[132.825,33.97916666666667]]]},"properties":{"type":"Feature","mesh_id":"503276762","municipality_code":"38201","municipality":"松山市","total_population":31,"population_65plus":19,"population_75plus":9,"aging_rate_65plus":0.6129032258064516,"aging_rate_75plus":0.2903225806451613,"population_status":"1","population_status_target":null,"population_aggregation_target":"503276764","age_65plus_missing":false,"age_75plus_missing":false,"age_quality_flag":"ok","data_completeness":"complete"}},{"type":"Feature","geometry":{"type":"Polygon","coordinates":[[[132.83124999999998,33.97916666666667],[132.83749999999998,33.97916666666667],[132.83749999999998,33.98333333333334],[132.83124999999998,33.98333333333334],[132.83124999999998,33.97916666666667]]]},"properties":{"type":"Feature","mesh_id":"503276764","municipality_code":"38201","municipality":"松山市","total_population":6,"population_65plus":null,"population_75plus":null,"aging_rate_65plus":null,"aging_rate_75plus":null,"population_status":"2","population_status_target":"503276762","population_aggregation_target":null,"age_65plus_missing":true,"age_75plus_missing":true,"age_quality_flag":"ok","data_completeness":"partial"}},{"type":"Feature","geometry":{"type":"Polygon","coordinates":[[[132.8375,33.975],[132.84375,33.975],[132.84375,33.97916666666667],[132.8375,33.97916666666667],[132.8375,33.975]]]},"properties":{"type":"Feature","mesh_id":"503276771","municipality_code":"38201","municipality":"松山市","total_population":51,"population_65plus":17,"population_75plus":9,"aging_rate_65plus":0.3333333333333333,"aging_rate_75plus":0.17647058823529413,"population_status":"0","population_status_target":null,"population_aggregation_target":null,"age_65plus_missing":false,"age_75plus_missing":false,"age_quality_flag":"ok","data_completeness":"complete"}},{"type":"Feature","geometry":{"type":"Polygon","coordinates":[[[132.8375,33.97916666666667],[132.84375,33.97916666666667],[132.84375,33.98333333333334],[132.8375,33.98333333333334],[132.8375,33.97916666666667]]]},"properties":{"type":"Feature","mesh_id":"503276772","municipality_code":"38201","municipality":"松山市","total_population":21,"population_65plus":9,"population_75plus":2,"aging_rate_65plus":0.42857142857142855,"aging_rate_75plus":0.09523809523809523,"population_status":"0","population_status_target":null,"population_aggregation_target":null,"age_65plus_missing":false,"age_75plus_missing":false,"age_quality_flag":"ok","data_completeness":"complete"}},{"type":"Feature","geometry":{"type":"Polygon","coordinates":[[[132.85,33.975],[132.85625,33.975],[132.85625,33.97916666666667],[132.85,33.97916666666667],[132.85,33.975]]]},"properties":{"type":"Feature","mesh_id":"503276781","municipality_code":"38201","municipality":"松山市","total_population":46,"population_65plus":45,"population_75plus":42,"aging_rate_65plus":0.9782608695652174,"aging_rate_75plus":0.9130434782608695,"population_status":"0","population_status_target":null,"population_aggregation_target":null,"age_65plus_missing":false,"age_75plus_missing":false,"age_quality_flag":"ok","data_completeness":"complete"}},{"type":"Feature","geometry":{"type":"Polygon","coordinates":[[[132.85,33.97916666666667],[132.85625,33.97916666666667],[132.85625,33.98333333333334],[132.85,33.98333333333334],[132.85,33.97916666666667]]]},"properties":{"type":"Feature","mesh_id":"503276782","municipality_code":"38201","municipality":"松山市","total_population":26,"population_65plus":20,"population_75plus":9,"aging_rate_65plus":0.7692307692307693,"aging_rate_75plus":0.34615384615384615,"population_status":"0","population_status_target":null,"population_aggregation_target":null,"age_65plus_missing":false,"age_75plus_missing":false,"age_quality_flag":"ok","data_completeness":"complete"}},{"type":"Feature","geometry":{"type":"Polygon","coordinates":[[[132.85625,33.97916666666667],[132.86249999999998,33.97916666666667],[132.86249999999998,33.98333333333334],[132.85625,33.98333333333334],[132.85625,33.97916666666667]]]},"properties":{"type":"Feature","mesh_id":"503276784","municipality_code":"38201","municipality":"松山市","total_population":44,"population_65plus":20,"population_75plus":11,"aging_rate_65plus":0.45454545454545453,"aging_rate_75plus":0.25,"population_status":"0","population_status_target":null,"population_aggregation_target":null,"age_65plus_missing":false,"age_75plus_missing":false,"age_quality_flag":"ok","data_completeness":"complete"}},{"type":"Feature","geometry":{"type":"Polygon","coordinates":[[[132.8625,33.975],[132.86875,33.975],[132.86875,33.97916666666667],[132.8625,33.97916666666667],[132.8625,33.975]]]},"properties":{"type":"Feature","mesh_id":"503276791","municipality_code":"38201","municipality":"松山市","total_population":21,"population_65plus":16,"population_75plus":11,"aging_rate_65plus":0.7619047619047619,"aging_rate_75plus":0.5238095238095238,"population_status":"0","population_status_target":null,"population_aggregation_target":null,"age_65plus_missing":false,"age_75plus_missing":false,"age_quality_flag":"ok","data_completeness":"complete"}},{"type":"Feature","geometry":{"type":"Polygon","coordinates":[[[132.86875,33.975],[132.875,33.975],[132.875,33.97916666666667],[132.86875,33.97916666666667],[132.86875,33.975]]]},"properties":{"type":"Feature","mesh_id":"503276793","municipality_code":"38201","municipality":"松山市","total_population":6,"population_65plus":null,"population_75plus":null,"aging_rate_65plus":null,"aging_rate_75plus":null,"population_status":"2","population_status_target":"503276794","population_aggregation_target":null,"age_65plus_missing":true,"age_75plus_missing":true,"age_quality_flag":"ok","data_completeness":"partial"}},{"type":"Feature","geometry":{"type":"Polygon","coordinates":[[[132.86875,33.97916666666667],[132.875,33.97916666666667],[132.875,33.98333333333334],[132.86875,33.98333333333334],[132.86875,33.97916666666667]]]},"properties":{"type":"Feature","mesh_id":"503276794","municipality_code":"38201","municipality":"松山市","total_population":26,"population_65plus":25,"population_75plus":17,"aging_rate_65plus":0.9615384615384616,"aging_rate_75plus":0.6538461538461539,"population_status":"1","population_status_target":null,"population_aggregation_target":"503276793","age_65plus_missing":false,"age_75plus_missing":false,"age_quality_flag":"ok","data_completeness":"complete"}},{"type":"Feature","geometry":{"type":"Polygon","coordinates":[[[132.775,33.98333333333334],[132.78125,33.98333333333334],[132.78125,33.98750000000001],[132.775,33.98750000000001],[132.775,33.98333333333334]]]},"properties":{"type":"Feature","mesh_id":"503276821","municipality_code":"38201","municipality":"松山市","total_population":94,"population_65plus":23,"population_75plus":13,"aging_rate_65plus":0.24468085106382978,"aging_rate_75plus":0.13829787234042554,"population_status":"0","population_status_target":null,"population_aggregation_target":null,"age_65plus_missing":false,"age_75plus_missing":false,"age_quality_flag":"ok","data_completeness":"complete"}},{"type":"Feature","geometry":{"type":"Polygon","coordinates":[[[132.775,33.98750000000001],[132.78125,33.98750000000001],[132.78125,33.99166666666668],[132.775,33.99166666666668],[132.775,33.98750000000001]]]},"properties":{"type":"Feature","mesh_id":"503276822","municipality_code":"38201","municipality":"松山市","total_population":157,"population_65plus":61,"population_75plus":38,"aging_rate_65plus":0.3885350318471338,"aging_rate_75plus":0.24203821656050956,"population_status":"0","population_status_target":null,"population_aggregation_target":null,"age_65plus_missing":false,"age_75plus_missing":false,"age_quality_flag":"ok","data_completeness":"complete"}},{"type":"Feature","geometry":{"type":"Polygon","coordinates":[[[132.78125,33.98333333333334],[132.7875,33.98333333333334],[132.7875,33.98750000000001],[132.78125,33.98750000000001],[132.78125,33.98333333333334]]]},"properties":{"type":"Feature","mesh_id":"503276823","municipality_code":"38201","municipality":"松山市","total_population":145,"population_65plus":67,"population_75plus":44,"aging_rate_65plus":0.46206896551724136,"aging_rate_75plus":0.30344827586206896,"population_status":"1","population_status_target":null,"population_aggregation_target":"503276814","age_65plus_missing":false,"age_75plus_missing":false,"age_quality_flag":"ok","data_completeness":"complete"}},{"type":"Feature","geometry":{"type":"Polygon","coordinates":[[[132.78125,33.98750000000001],[132.7875,33.98750000000001],[132.7875,33.99166666666668],[132.78125,33.99166666666668],[132.78125,33.98750000000001]]]},"properties":{"type":"Feature","mesh_id":"503276824","municipality_code":"38201","municipality":"松山市","total_population":31,"population_65plus":15,"population_75plus":12,"aging_rate_65plus":0.4838709677419355,"aging_rate_75plus":0.3870967741935484,"population_status":"0","population_status_target":null,"population_aggregation_target":null,"age_65plus_missing":false,"age_75plus_missing":false,"age_quality_flag":"ok","data_completeness":"complete"}},{"type":"Feature","geometry":{"type":"Polygon","coordinates":[[[132.7875,33.98333333333334],[132.79375,33.98333333333334],[132.79375,33.98750000000001],[132.7875,33.98750000000001],[132.7875,33.98333333333334]]]},"properties":{"type":"Feature","mesh_id":"503276831","municipality_code":"38201","municipality":"松山市","total_population":157,"population_65plus":80,"population_75plus":50,"aging_rate_65plus":0.5095541401273885,"aging_rate_75plus":0.3184713375796178,"population_status":"0","population_status_target":null,"population_aggregation_target":null,"age_65plus_missing":false,"age_75plus_missing":false,"age_quality_flag":"ok","data_completeness":"complete"}},{"type":"Feature","geometry":{"type":"Polygon","coordinates":[[[132.7875,33.98750000000001],[132.79375,33.98750000000001],[132.79375,33.99166666666668],[132.7875,33.99166666666668],[132.7875,33.98750000000001]]]},"properties":{"type":"Feature","mesh_id":"503276832","municipality_code":"38201","municipality":"松山市","total_population":93,"population_65plus":51,"population_75plus":27,"aging_rate_65plus":0.5483870967741935,"aging_rate_75plus":0.2903225806451613,"population_status":"0","population_status_target":null,"population_aggregation_target":null,"age_65plus_missing":false,"age_75plus_missing":false,"age_quality_flag":"ok","data_completeness":"complete"}},{"type":"Feature","geometry":{"type":"Polygon","coordinates":[[[132.80625,33.98750000000001],[132.8125,33.98750000000001],[132.8125,33.99166666666668],[132.80625,33.99166666666668],[132.80625,33.98750000000001]]]},"properties":{"type":"Feature","mesh_id":"503276844","municipality_code":"38201","municipality":"松山市","total_population":1,"population_65plus":null,"population_75plus":null,"aging_rate_65plus":null,"aging_rate_75plus":null,"population_status":"2","population_status_target":"503276951","population_aggregation_target":null,"age_65plus_missing":true,"age_75plus_missing":true,"age_quality_flag":"ok","data_completeness":"partial"}},{"type":"Feature","geometry":{"type":"Polygon","coordinates":[[[132.81875,33.98333333333334],[132.825,33.98333333333334],[132.825,33.98750000000001],[132.81875,33.98750000000001],[132.81875,33.98333333333334]]]},"properties":{"type":"Feature","mesh_id":"503276853","municipality_code":"38201","municipality":"松山市","total_population":18,"population_65plus":14,"population_75plus":7,"aging_rate_65plus":0.7777777777777778,"aging_rate_75plus":0.3888888888888889,"population_status":"0","population_status_target":null,"population_aggregation_target":null,"age_65plus_missing":false,"age_75plus_missing":false,"age_quality_flag":"ok","data_completeness":"complete"}},{"type":"Feature","geometry":{"type":"Polygon","coordinates":[[[132.8375,33.98333333333334],[132.84375,33.98333333333334],[132.84375,33.98750000000001],[132.8375,33.98750000000001],[132.8375,33.98333333333334]]]},"properties":{"type":"Feature","mesh_id":"503276871","municipality_code":"38201","municipality":"松山市","total_population":34,"population_65plus":24,"population_75plus":13,"aging_rate_65plus":0.7058823529411765,"aging_rate_75plus":0.38235294117647056,"population_status":"0","population_status_target":null,"population_aggregation_target":null,"age_65plus_missing":false,"age_75plus_missing":false,"age_quality_flag":"ok","data_completeness":"complete"}},{"type":"Feature","geometry":{"type":"Polygon","coordinates":[[[132.84375,33.98333333333334],[132.85,33.98333333333334],[132.85,33.98750000000001],[132.84375,33.98750000000001],[132.84375,33.98333333333334]]]},"properties":{"type":"Feature","mesh_id":"503276873","municipality_code":"38201","municipality":"松山市","total_population":29,"population_65plus":20,"population_75plus":11,"aging_rate_65plus":0.6896551724137931,"aging_rate_75plus":0.3793103448275862,"population_status":"1","population_status_target":null,"population_aggregation_target":"503276874","age_65plus_missing":false,"age_75plus_missing":false,"age_quality_flag":"ok","data_completeness":"complete"}},{"type":"Feature","geometry":{"type":"Polygon","coordinates":[[[132.84375,33.98750000000001],[132.85,33.98750000000001],[132.85,33.99166666666668],[132.84375,33.99166666666668],[132.84375,33.98750000000001]]]},"properties":{"type":"Feature","mesh_id":"503276874","municipality_code":"38201","municipality":"松山市","total_population":12,"population_65plus":null,"population_75plus":null,"aging_rate_65plus":null,"aging_rate_75plus":null,"population_status":"2","population_status_target":"503276873","population_aggregation_target":null,"age_65plus_missing":true,"age_75plus_missing":true,"age_quality_flag":"ok","data_completeness":"partial"}},{"type":"Feature","geometry":{"type":"Polygon","coordinates":[[[132.76874999999998,33.995833333333344],[132.77499999999998,33.995833333333344],[132.77499999999998,34.000000000000014],[132.76874999999998,34.000000000000014],[132.76874999999998,33.995833333333344]]]},"properties":{"type":"Feature","mesh_id":"503276914","municipality_code":"38201","municipality":"松山市","total_population":58,"population_65plus":29,"population_75plus":19,"aging_rate_65plus":0.5,"aging_rate_75plus":0.3275862068965517,"population_status":"1","population_status_target":null,"population_aggregation_target":"503276912","age_65plus_missing":false,"age_75plus_missing":false,"age_quality_flag":"ok","data_completeness":"complete"}},{"type":"Feature","geometry":{"type":"Polygon","coordinates":[[[132.775,33.991666666666674],[132.78125,33.991666666666674],[132.78125,33.995833333333344],[132.775,33.995833333333344],[132.775,33.991666666666674]]]},"properties":{"type":"Feature","mesh_id":"503276921","municipality_code":"38201","municipality":"松山市","total_population":17,"population_65plus":5,"population_75plus":5,"aging_rate_65plus":0.29411764705882354,"aging_rate_75plus":0.29411764705882354,"population_status":"0","population_status_target":null,"population_aggregation_target":null,"age_65plus_missing":false,"age_75plus_missing":false,"age_quality_flag":"ok","data_completeness":"complete"}},{"type":"Feature","geometry":{"type":"Polygon","coordinates":[[[132.775,33.995833333333344],[132.78125,33.995833333333344],[132.78125,34.000000000000014],[132.775,34.000000000000014],[132.775,33.995833333333344]]]},"properties":{"type":"Feature","mesh_id":"503276922","municipality_code":"38201","municipality":"松山市","total_population":40,"population_65plus":11,"population_75plus":1,"aging_rate_65plus":0.275,"aging_rate_75plus":0.025,"population_status":"0","population_status_target":null,"population_aggregation_target":null,"age_65plus_missing":false,"age_75plus_missing":false,"age_quality_flag":"ok","data_completeness":"complete"}},{"type":"Feature","geometry":{"type":"Polygon","coordinates":[[[132.78125,33.991666666666674],[132.7875,33.991666666666674],[132.7875,33.995833333333344],[132.78125,33.995833333333344],[132.78125,33.991666666666674]]]},"properties":{"type":"Feature","mesh_id":"503276923","municipality_code":"38201","municipality":"松山市","total_population":19,"population_65plus":12,"population_75plus":8,"aging_rate_65plus":0.631578947368421,"aging_rate_75plus":0.42105263157894735,"population_status":"0","population_status_target":null,"population_aggregation_target":null,"age_65plus_missing":false,"age_75plus_missing":false,"age_quality_flag":"ok","data_completeness":"complete"}},{"type":"Feature","geometry":{"type":"Polygon","coordinates":[[[132.7875,33.991666666666674],[132.79375,33.991666666666674],[132.79375,33.995833333333344],[132.7875,33.995833333333344],[132.7875,33.991666666666674]]]},"properties":{"type":"Feature","mesh_id":"503276931","municipality_code":"38201","municipality":"松山市","total_population":19,"population_65plus":10,"population_75plus":1,"aging_rate_65plus":0.5263157894736842,"aging_rate_75plus":0.05263157894736842,"population_status":"0","population_status_target":null,"population_aggregation_target":null,"age_65plus_missing":false,"age_75plus_missing":false,"age_quality_flag":"ok","data_completeness":"complete"}},{"type":"Feature","geometry":{"type":"Polygon","coordinates":[[[132.79375,33.991666666666674],[132.79999999999998,33.991666666666674],[132.79999999999998,33.995833333333344],[132.79375,33.995833333333344],[132.79375,33.991666666666674]]]},"properties":{"type":"Feature","mesh_id":"503276933","municipality_code":"38201","municipality":"松山市","total_population":13,"population_65plus":null,"population_75plus":null,"aging_rate_65plus":null,"aging_rate_75plus":null,"population_status":"1","population_status_target":null,"population_aggregation_target":"503276934","age_65plus_missing":true,"age_75plus_missing":true,"age_quality_flag":"inconsistent_with_total","data_completeness":"partial"}},{"type":"Feature","geometry":{"type":"Polygon","coordinates":[[[132.79375,33.995833333333344],[132.79999999999998,33.995833333333344],[132.79999999999998,34.000000000000014],[132.79375,34.000000000000014],[132.79375,33.995833333333344]]]},"properties":{"type":"Feature","mesh_id":"503276934","municipality_code":"38201","municipality":"松山市","total_population":6,"population_65plus":null,"population_75plus":null,"aging_rate_65plus":null,"aging_rate_75plus":null,"population_status":"2","population_status_target":"503276933","population_aggregation_target":null,"age_65plus_missing":true,"age_75plus_missing":true,"age_quality_flag":"ok","data_completeness":"partial"}},{"type":"Feature","geometry":{"type":"Polygon","coordinates":[[[132.8,33.995833333333344],[132.80625,33.995833333333344],[132.80625,34.000000000000014],[132.8,34.000000000000014],[132.8,33.995833333333344]]]},"properties":{"type":"Feature","mesh_id":"503276942","municipality_code":"38201","municipality":"松山市","total_population":4,"population_65plus":null,"population_75plus":null,"aging_rate_65plus":null,"aging_rate_75plus":null,"population_status":"2","population_status_target":"503276951","population_aggregation_target":null,"age_65plus_missing":true,"age_75plus_missing":true,"age_quality_flag":"ok","data_completeness":"partial"}},{"type":"Feature","geometry":{"type":"Polygon","coordinates":[[[132.8125,33.991666666666674],[132.81875,33.991666666666674],[132.81875,33.995833333333344],[132.8125,33.995833333333344],[132.8125,33.991666666666674]]]},"properties":{"type":"Feature","mesh_id":"503276951","municipality_code":"38201","municipality":"松山市","total_population":38,"population_65plus":31,"population_75plus":13,"aging_rate_65plus":0.8157894736842105,"aging_rate_75plus":0.34210526315789475,"population_status":"1","population_status_target":null,"population_aggregation_target":"503276844;503276942;503276953","age_65plus_missing":false,"age_75plus_missing":false,"age_quality_flag":"ok","data_completeness":"complete"}},{"type":"Feature","geometry":{"type":"Polygon","coordinates":[[[132.8125,33.995833333333344],[132.81875,33.995833333333344],[132.81875,34.000000000000014],[132.8125,34.000000000000014],[132.8125,33.995833333333344]]]},"properties":{"type":"Feature","mesh_id":"503276952","municipality_code":"38201","municipality":"松山市","total_population":5,"population_65plus":null,"population_75plus":null,"aging_rate_65plus":null,"aging_rate_75plus":null,"population_status":"2","population_status_target":"503276954","population_aggregation_target":null,"age_65plus_missing":true,"age_75plus_missing":true,"age_quality_flag":"ok","data_completeness":"partial"}},{"type":"Feature","geometry":{"type":"Polygon","coordinates":[[[132.81875,33.991666666666674],[132.825,33.991666666666674],[132.825,33.995833333333344],[132.81875,33.995833333333344],[132.81875,33.991666666666674]]]},"properties":{"type":"Feature","mesh_id":"503276953","municipality_code":"38201","municipality":"松山市","total_population":4,"population_65plus":null,"population_75plus":null,"aging_rate_65plus":null,"aging_rate_75plus":null,"population_status":"2","population_status_target":"503276951","population_aggregation_target":null,"age_65plus_missing":true,"age_75plus_missing":true,"age_quality_flag":"ok","data_completeness":"partial"}},{"type":"Feature","geometry":{"type":"Polygon","coordinates":[[[132.81875,33.995833333333344],[132.825,33.995833333333344],[132.825,34.000000000000014],[132.81875,34.000000000000014],[132.81875,33.995833333333344]]]},"properties":{"type":"Feature","mesh_id":"503276954","municipality_code":"38201","municipality":"松山市","total_population":14,"population_65plus":6,"population_75plus":2,"aging_rate_65plus":0.42857142857142855,"aging_rate_75plus":0.14285714285714285,"population_status":"1","population_status_target":null,"population_aggregation_target":"503276952","age_65plus_missing":false,"age_75plus_missing":false,"age_quality_flag":"ok","data_completeness":"complete"}},{"type":"Feature","geometry":{"type":"Polygon","coordinates":[[[132.8375,33.991666666666674],[132.84375,33.991666666666674],[132.84375,33.995833333333344],[132.8375,33.995833333333344],[132.8375,33.991666666666674]]]},"properties":{"type":"Feature","mesh_id":"503276971","municipality_code":"38201","municipality":"松山市","total_population":12,"population_65plus":null,"population_75plus":null,"aging_rate_65plus":null,"aging_rate_75plus":null,"population_status":"2","population_status_target":"503276972","population_aggregation_target":null,"age_65plus_missing":true,"age_75plus_missing":true,"age_quality_flag":"ok","data_completeness":"partial"}},{"type":"Feature","geometry":{"type":"Polygon","coordinates":[[[132.8375,33.995833333333344],[132.84375,33.995833333333344],[132.84375,34.000000000000014],[132.8375,34.000000000000014],[132.8375,33.995833333333344]]]},"properties":{"type":"Feature","mesh_id":"503276972","municipality_code":"38201","municipality":"松山市","total_population":32,"population_65plus":28,"population_75plus":14,"aging_rate_65plus":0.875,"aging_rate_75plus":0.4375,"population_status":"1","population_status_target":null,"population_aggregation_target":"503276971","age_65plus_missing":false,"age_75plus_missing":false,"age_quality_flag":"ok","data_completeness":"complete"}},{"type":"Feature","geometry":{"type":"Polygon","coordinates":[[[132.875,33.92083333333334],[132.88125,33.92083333333334],[132.88125,33.92500000000001],[132.875,33.92500000000001],[132.875,33.92083333333334]]]},"properties":{"type":"Feature","mesh_id":"503277002","municipality_code":"38201","municipality":"松山市","total_population":21,"population_65plus":13,"population_75plus":5,"aging_rate_65plus":0.6190476190476191,"aging_rate_75plus":0.23809523809523808,"population_status":"1","population_status_target":null,"population_aggregation_target":"503277013;503277111","age_65plus_missing":false,"age_75plus_missing":false,"age_quality_flag":"ok","data_completeness":"complete"}},{"type":"Feature","geometry":{"type":"Polygon","coordinates":[[[132.89374999999998,33.91666666666667],[132.89999999999998,33.91666666666667],[132.89999999999998,33.92083333333334],[132.89374999999998,33.92083333333334],[132.89374999999998,33.91666666666667]]]},"properties":{"type":"Feature","mesh_id":"503277013","municipality_code":"38201","municipality":"松山市","total_population":5,"population_65plus":null,"population_75plus":null,"aging_rate_65plus":null,"aging_rate_75plus":null,"population_status":"2","population_status_target":"503277002","population_aggregation_target":null,"age_65plus_missing":true,"age_75plus_missing":true,"age_quality_flag":"ok","data_completeness":"partial"}},{"type":"Feature","geometry":{"type":"Polygon","coordinates":[[[132.8875,33.925000000000004],[132.89374999999998,33.925000000000004],[132.89374999999998,33.929166666666674],[132.8875,33.929166666666674],[132.8875,33.925000000000004]]]},"properties":{"type":"Feature","mesh_id":"503277111","municipality_code":"38201","municipality":"松山市","total_population":7,"population_65plus":null,"population_75plus":null,"aging_rate_65plus":null,"aging_rate_75plus":null,"population_status":"2","population_status_target":"503277002","population_aggregation_target":null,"age_65plus_missing":true,"age_75plus_missing":true,"age_quality_flag":"ok","data_completeness":"partial"}},{"type":"Feature","geometry":{"type":"Polygon","coordinates":[[[132.775,34.0],[132.78125,34.0],[132.78125,34.00416666666667],[132.775,34.00416666666667],[132.775,34.0]]]},"properties":{"type":"Feature","mesh_id":"513206021","municipality_code":"38201","municipality":"松山市","total_population":73,"population_65plus":33,"population_75plus":19,"aging_rate_65plus":0.4520547945205479,"aging_rate_75plus":0.2602739726027397,"population_status":"1","population_status_target":null,"population_aggregation_target":"513206024","age_65plus_missing":false,"age_75plus_missing":false,"age_quality_flag":"ok","data_completeness":"complete"}},{"type":"Feature","geometry":{"type":"Polygon","coordinates":[[[132.78125,34.00416666666667],[132.7875,34.00416666666667],[132.7875,34.00833333333334],[132.78125,34.00833333333334],[132.78125,34.00416666666667]]]},"properties":{"type":"Feature","mesh_id":"513206024","municipality_code":"38201","municipality":"松山市","total_population":1,"population_65plus":null,"population_75plus":null,"aging_rate_65plus":null,"aging_rate_75plus":null,"population_status":"2","population_status_target":"513206021","population_aggregation_target":null,"age_65plus_missing":true,"age_75plus_missing":true,"age_quality_flag":"ok","data_completeness":"partial"}},{"type":"Feature","geometry":{"type":"Polygon","coordinates":[[[132.7875,34.0],[132.79375,34.0],[132.79375,34.00416666666667],[132.7875,34.00416666666667],[132.7875,34.0]]]},"properties":{"type":"Feature","mesh_id":"513206031","municipality_code":"38201","municipality":"松山市","total_population":13,"population_65plus":12,"population_75plus":6,"aging_rate_65plus":0.9230769230769231,"aging_rate_75plus":0.46153846153846156,"population_status":"0","population_status_target":null,"population_aggregation_target":null,"age_65plus_missing":false,"age_75plus_missing":false,"age_quality_flag":"ok","data_completeness":"complete"}},{"type":"Feature","geometry":{"type":"Polygon","coordinates":[[[132.7875,34.00416666666667],[132.79375,34.00416666666667],[132.79375,34.00833333333334],[132.7875,34.00833333333334],[132.7875,34.00416666666667]]]},"properties":{"type":"Feature","mesh_id":"513206032","municipality_code":"38201","municipality":"松山市","total_population":119,"population_65plus":55,"population_75plus":33,"aging_rate_65plus":0.46218487394957986,"aging_rate_75plus":0.2773109243697479,"population_status":"0","population_status_target":null,"population_aggregation_target":null,"age_65plus_missing":false,"age_75plus_missing":false,"age_quality_flag":"ok","data_completeness":"complete"}},{"type":"Feature","geometry":{"type":"Polygon","coordinates":[[[132.79375,34.00416666666667],[132.79999999999998,34.00416666666667],[132.79999999999998,34.00833333333334],[132.79375,34.00833333333334],[132.79375,34.00416666666667]]]},"properties":{"type":"Feature","mesh_id":"513206034","municipality_code":"38201","municipality":"松山市","total_population":169,"population_65plus":81,"population_75plus":34,"aging_rate_65plus":0.47928994082840237,"aging_rate_75plus":0.20118343195266272,"population_status":"0","population_status_target":null,"population_aggregation_target":null,"age_65plus_missing":false,"age_75plus_missing":false,"age_quality_flag":"ok","data_completeness":"complete"}},{"type":"Feature","geometry":{"type":"Polygon","coordinates":[[[132.80625,34.0],[132.8125,34.0],[132.8125,34.00416666666667],[132.80625,34.00416666666667],[132.80625,34.0]]]},"properties":{"type":"Feature","mesh_id":"513206043","municipality_code":"38201","municipality":"松山市","total_population":43,"population_65plus":20,"population_75plus":3,"aging_rate_65plus":0.46511627906976744,"aging_rate_75plus":0.06976744186046512,"population_status":"0","population_status_target":null,"population_aggregation_target":null,"age_65plus_missing":false,"age_75plus_missing":false,"age_quality_flag":"ok","data_completeness":"complete"}},{"type":"Feature","geometry":{"type":"Polygon","coordinates":[[[132.80625,34.00416666666667],[132.8125,34.00416666666667],[132.8125,34.00833333333334],[132.80625,34.00833333333334],[132.80625,34.00416666666667]]]},"properties":{"type":"Feature","mesh_id":"513206044","municipality_code":"38201","municipality":"松山市","total_population":37,"population_65plus":19,"population_75plus":10,"aging_rate_65plus":0.5135135135135135,"aging_rate_75plus":0.2702702702702703,"population_status":"1","population_status_target":null,"population_aggregation_target":"513206051","age_65plus_missing":false,"age_75plus_missing":false,"age_quality_flag":"ok","data_completeness":"complete"}},{"type":"Feature","geometry":{"type":"Polygon","coordinates":[[[132.8125,34.0],[132.81875,34.0],[132.81875,34.00416666666667],[132.8125,34.00416666666667],[132.8125,34.0]]]},"properties":{"type":"Feature","mesh_id":"513206051","municipality_code":"38201","municipality":"松山市","total_population":3,"population_65plus":null,"population_75plus":null,"aging_rate_65plus":null,"aging_rate_75plus":null,"population_status":"2","population_status_target":"513206044","population_aggregation_target":null,"age_65plus_missing":true,"age_75plus_missing":true,"age_quality_flag":"ok","data_completeness":"partial"}},{"type":"Feature","geometry":{"type":"Polygon","coordinates":[[[132.8,34.00833333333333],[132.80625,34.00833333333333],[132.80625,34.0125],[132.8,34.0125],[132.8,34.00833333333333]]]},"properties":{"type":"Feature","mesh_id":"513206141","municipality_code":"38201","municipality":"松山市","total_population":296,"population_65plus":143,"population_75plus":77,"aging_rate_65plus":0.4831081081081081,"aging_rate_75plus":0.26013513513513514,"population_status":"0","population_status_target":null,"population_aggregation_target":null,"age_65plus_missing":false,"age_75plus_missing":false,"age_quality_flag":"ok","data_completeness":"complete"}},{"type":"Feature","geometry":{"type":"Polygon","coordinates":[[[132.80625,34.00833333333333],[132.8125,34.00833333333333],[132.8125,34.0125],[132.80625,34.0125],[132.80625,34.00833333333333]]]},"properties":{"type":"Feature","mesh_id":"513206143","municipality_code":"38201","municipality":"松山市","total_population":73,"population_65plus":36,"population_75plus":15,"aging_rate_65plus":0.4931506849315068,"aging_rate_75plus":0.2054794520547945,"population_status":"1","population_status_target":null,"population_aggregation_target":"513206144","age_65plus_missing":false,"age_75plus_missing":false,"age_quality_flag":"ok","data_completeness":"complete"}},{"type":"Feature","geometry":{"type":"Polygon","coordinates":[[[132.80625,34.0125],[132.8125,34.0125],[132.8125,34.01666666666667],[132.80625,34.01666666666667],[132.80625,34.0125]]]},"properties":{"type":"Feature","mesh_id":"513206144","municipality_code":"38201","municipality":"松山市","total_population":5,"population_65plus":null,"population_75plus":null,"aging_rate_65plus":null,"aging_rate_75plus":null,"population_status":"2","population_status_target":"513206143","population_aggregation_target":null,"age_65plus_missing":true,"age_75plus_missing":true,"age_quality_flag":"ok","data_completeness":"partial"}}]}