{"type":"FeatureCollection","features":[{"type":"Feature","geometry":{"type":"Polygon","coordinates":[[[132.36875,33.32083333333334],[132.375,33.32083333333334],[132.375,33.32500000000001],[132.36875,33.32500000000001],[132.36875,33.32083333333334]]]},"properties":{"type":"Feature","mesh_id":"493272894","municipality_code":"38214","municipality":"西予市","total_population":2,"population_65plus":null,"population_75plus":null,"aging_rate_65plus":null,"aging_rate_75plus":null,"population_status":"2","population_status_target":"493273811","population_aggregation_target":null,"age_65plus_missing":true,"age_75plus_missing":true,"age_quality_flag":"ok","data_completeness":"partial"}},{"type":"Feature","geometry":{"type":"Polygon","coordinates":[[[132.41875,33.30416666666667],[132.42499999999998,33.30416666666667],[132.42499999999998,33.30833333333334],[132.41875,33.30833333333334],[132.41875,33.30416666666667]]]},"properties":{"type":"Feature","mesh_id":"493273634","municipality_code":"38214","municipality":"西予市","total_population":14,"population_65plus":4,"population_75plus":2,"aging_rate_65plus":0.2857142857142857,"aging_rate_75plus":0.14285714285714285,"population_status":"0","population_status_target":null,"population_aggregation_target":null,"age_65plus_missing":false,"age_75plus_missing":false,"age_quality_flag":"ok","data_completeness":"complete"}},{"type":"Feature","geometry":{"type":"Polygon","coordinates":[[[132.4125,33.3125],[132.41875,33.3125],[132.41875,33.31666666666667],[132.4125,33.31666666666667],[132.4125,33.3125]]]},"properties":{"type":"Feature","mesh_id":"493273732","municipality_code":"38214","municipality":"西予市","total_population":3,"population_65plus":null,"population_75plus":null,"aging_rate_65plus":null,"aging_rate_75plus":null,"population_status":"2","population_status_target":"493273734","population_aggregation_target":null,"age_65plus_missing":true,"age_75plus_missing":true,"age_quality_flag":"ok","data_completeness":"partial"}},{"type":"Feature","geometry":{"type":"Polygon","coordinates":[[[132.41875,33.3125],[132.42499999999998,33.3125],[132.42499999999998,33.31666666666667],[132.41875,33.31666666666667],[132.41875,33.3125]]]},"properties":{"type":"Feature","mesh_id":"493273734","municipality_code":"38214","municipality":"西予市","total_population":158,"population_65plus":93,"population_75plus":48,"aging_rate_65plus":0.5886075949367089,"aging_rate_75plus":0.3037974683544304,"population_status":"1","population_status_target":null,"population_aggregation_target":"493273732","age_65plus_missing":false,"age_75plus_missing":false,"age_quality_flag":"ok","data_completeness":"complete"}},{"type":"Feature","geometry":{"type":"Polygon","coordinates":[[[132.44375,33.30833333333333],[132.45,33.30833333333333],[132.45,33.3125],[132.44375,33.3125],[132.44375,33.30833333333333]]]},"properties":{"type":"Feature","mesh_id":"493273753","municipality_code":"38214","municipality":"西予市","total_population":20,"population_65plus":null,"population_75plus":null,"aging_rate_65plus":null,"aging_rate_75plus":null,"population_status":"2","population_status_target":"493273842","population_aggregation_target":null,"age_65plus_missing":true,"age_75plus_missing":true,"age_quality_flag":"ok","data_completeness":"partial"}},{"type":"Feature","geometry":{"type":"Polygon","coordinates":[[[132.45624999999998,33.3125],[132.46249999999998,33.3125],[132.46249999999998,33.31666666666667],[132.45624999999998,33.31666666666667],[132.45624999999998,33.3125]]]},"properties":{"type":"Feature","mesh_id":"493273764","municipality_code":"38214","municipality":"西予市","total_population":20,"population_65plus":10,"population_75plus":7,"aging_rate_65plus":0.5,"aging_rate_75plus":0.35,"population_status":"0","population_status_target":null,"population_aggregation_target":null,"age_65plus_missing":false,"age_75plus_missing":false,"age_quality_flag":"ok","data_completeness":"complete"}},{"type":"Feature","geometry":{"type":"Polygon","coordinates":[[[132.3875,33.32083333333334],[132.39374999999998,33.32083333333334],[132.39374999999998,33.32500000000001],[132.3875,33.32500000000001],[132.3875,33.32083333333334]]]},"properties":{"type":"Feature","mesh_id":"493273812","municipality_code":"38214","municipality":"西予市","total_population":170,"population_65plus":101,"population_75plus":63,"aging_rate_65plus":0.5941176470588235,"aging_rate_75plus":0.37058823529411766,"population_status":"0","population_status_target":null,"population_aggregation_target":null,"age_65plus_missing":false,"age_75plus_missing":false,"age_quality_flag":"ok","data_completeness":"complete"}},{"type":"Feature","geometry":{"type":"Polygon","coordinates":[[[132.425,33.31666666666667],[132.43125,33.31666666666667],[132.43125,33.32083333333334],[132.425,33.32083333333334],[132.425,33.31666666666667]]]},"properties":{"type":"Feature","mesh_id":"493273841","municipality_code":"38214","municipality":"西予市","total_population":62,"population_65plus":32,"population_75plus":14,"aging_rate_65plus":0.5161290322580645,"aging_rate_75plus":0.22580645161290322,"population_status":"0","population_status_target":null,"population_aggregation_target":null,"age_65plus_missing":false,"age_75plus_missing":false,"age_quality_flag":"ok","data_completeness":"complete"}},{"type":"Feature","geometry":{"type":"Polygon","coordinates":[[[132.425,33.32083333333334],[132.43125,33.32083333333334],[132.43125,33.32500000000001],[132.425,33.32500000000001],[132.425,33.32083333333334]]]},"properties":{"type":"Feature","mesh_id":"493273842","municipality_code":"38214","municipality":"西予市","total_population":135,"population_65plus":90,"population_75plus":58,"aging_rate_65plus":0.6666666666666666,"aging_rate_75plus":0.42962962962962964,"population_status":"1","population_status_target":null,"population_aggregation_target":"493273753","age_65plus_missing":false,"age_75plus_missing":false,"age_quality_flag":"ok","data_completeness":"complete"}},{"type":"Feature","geometry":{"type":"Polygon","coordinates":[[[132.43125,33.31666666666667],[132.4375,33.31666666666667],[132.4375,33.32083333333334],[132.43125,33.32083333333334],[132.43125,33.31666666666667]]]},"properties":{"type":"Feature","mesh_id":"493273843","municipality_code":"38214","municipality":"西予市","total_population":19,"population_65plus":13,"population_75plus":9,"aging_rate_65plus":0.6842105263157895,"aging_rate_75plus":0.47368421052631576,"population_status":"0","population_status_target":null,"population_aggregation_target":null,"age_65plus_missing":false,"age_75plus_missing":false,"age_quality_flag":"ok","data_completeness":"complete"}},{"type":"Feature","geometry":{"type":"Polygon","coordinates":[[[132.43125,33.32083333333334],[132.4375,33.32083333333334],[132.4375,33.32500000000001],[132.43125,33.32500000000001],[132.43125,33.32083333333334]]]},"properties":{"type":"Feature","mesh_id":"493273844","municipality_code":"38214","municipality":"西予市","total_population":296,"population_65plus":182,"population_75plus":115,"aging_rate_65plus":0.6148648648648649,"aging_rate_75plus":0.3885135135135135,"population_status":"1","population_status_target":null,"population_aggregation_target":"493273954","age_65plus_missing":false,"age_75plus_missing":false,"age_quality_flag":"ok","data_completeness":"complete"}},{"type":"Feature","geometry":{"type":"Polygon","coordinates":[[[132.4625,33.31666666666667],[132.46875,33.31666666666667],[132.46875,33.32083333333334],[132.4625,33.32083333333334],[132.4625,33.31666666666667]]]},"properties":{"type":"Feature","mesh_id":"493273871","municipality_code":"38214","municipality":"西予市","total_population":226,"population_65plus":218,"population_75plus":166,"aging_rate_65plus":0.9646017699115044,"aging_rate_75plus":0.7345132743362832,"population_status":"1","population_status_target":null,"population_aggregation_target":"493273873","age_65plus_missing":false,"age_75plus_missing":false,"age_quality_flag":"ok","data_completeness":"complete"}},{"type":"Feature","geometry":{"type":"Polygon","coordinates":[[[132.4625,33.32083333333334],[132.46875,33.32083333333334],[132.46875,33.32500000000001],[132.4625,33.32500000000001],[132.4625,33.32083333333334]]]},"properties":{"type":"Feature","mesh_id":"493273872","municipality_code":"38214","municipality":"西予市","total_population":76,"population_65plus":34,"population_75plus":19,"aging_rate_65plus":0.4473684210526316,"aging_rate_75plus":0.25,"population_status":"0","population_status_target":null,"population_aggregation_target":null,"age_65plus_missing":false,"age_75plus_missing":false,"age_quality_flag":"ok","data_completeness":"complete"}},{"type":"Feature","geometry":{"type":"Polygon","coordinates":[[[132.46875,33.31666666666667],[132.475,33.31666666666667],[132.475,33.32083333333334],[132.46875,33.32083333333334],[132.46875,33.31666666666667]]]},"properties":{"type":"Feature","mesh_id":"493273873","municipality_code":"38214","municipality":"西予市","total_population":117,"population_65plus":null,"population_75plus":null,"aging_rate_65plus":null,"aging_rate_75plus":null,"population_status":"2","population_status_target":"493273871","population_aggregation_target":null,"age_65plus_missing":true,"age_75plus_missing":true,"age_quality_flag":"ok","data_completeness":"partial"}},{"type":"Feature","geometry":{"type":"Polygon","coordinates":[[[132.475,33.31666666666667],[132.48125,33.31666666666667],[132.48125,33.32083333333334],[132.475,33.32083333333334],[132.475,33.31666666666667]]]},"properties":{"type":"Feature","mesh_id":"493273881","municipality_code":"38214","municipality":"西予市","total_population":102,"population_65plus":57,"population_75plus":34,"aging_rate_65plus":0.5588235294117647,"aging_rate_75plus":0.3333333333333333,"population_status":"0","population_status_target":null,"population_aggregation_target":null,"age_65plus_missing":false,"age_75plus_missing":false,"age_quality_flag":"ok","data_completeness":"complete"}},{"type":"Feature","geometry":{"type":"Polygon","coordinates":[[[132.475,33.32083333333334],[132.48125,33.32083333333334],[132.48125,33.32500000000001],[132.475,33.32500000000001],[132.475,33.32083333333334]]]},"properties":{"type":"Feature","mesh_id":"493273882","municipality_code":"38214","municipality":"西予市","total_population":58,"population_65plus":25,"population_75plus":14,"aging_rate_65plus":0.43103448275862066,"aging_rate_75plus":0.2413793103448276,"population_status":"0","population_status_target":null,"population_aggregation_target":null,"age_65plus_missing":false,"age_75plus_missing":false,"age_quality_flag":"ok","data_completeness":"complete"}},{"type":"Feature","geometry":{"type":"Polygon","coordinates":[[[132.48125,33.32083333333334],[132.48749999999998,33.32083333333334],[132.48749999999998,33.32500000000001],[132.48125,33.32500000000001],[132.48125,33.32083333333334]]]},"properties":{"type":"Feature","mesh_id":"493273884","municipality_code":"38214","municipality":"西予市","total_population":24,"population_65plus":7,"population_75plus":3,"aging_rate_65plus":0.2916666666666667,"aging_rate_75plus":0.125,"population_status":"0","population_status_target":null,"population_aggregation_target":null,"age_65plus_missing":false,"age_75plus_missing":false,"age_quality_flag":"ok","data_completeness":"complete"}},{"type":"Feature","geometry":{"type":"Polygon","coordinates":[[[132.49375,33.31666666666667],[132.5,33.31666666666667],[132.5,33.32083333333334],[132.49375,33.32083333333334],[132.49375,33.31666666666667]]]},"properties":{"type":"Feature","mesh_id":"493273893","municipality_code":"38214","municipality":"西予市","total_population":50,"population_65plus":31,"population_75plus":16,"aging_rate_65plus":0.62,"aging_rate_75plus":0.32,"population_status":"0","population_status_target":null,"population_aggregation_target":null,"age_65plus_missing":false,"age_75plus_missing":false,"age_quality_flag":"ok","data_completeness":"complete"}},{"type":"Feature","geometry":{"type":"Polygon","coordinates":[[[132.49375,33.32083333333334],[132.5,33.32083333333334],[132.5,33.32500000000001],[132.49375,33.32500000000001],[132.49375,33.32083333333334]]]},"properties":{"type":"Feature","mesh_id":"493273894","municipality_code":"38214","municipality":"西予市","total_population":237,"population_65plus":120,"population_75plus":62,"aging_rate_65plus":0.5063291139240507,"aging_rate_75plus":0.2616033755274262,"population_status":"0","population_status_target":null,"population_aggregation_target":null,"age_65plus_missing":false,"age_75plus_missing":false,"age_quality_flag":"ok","data_completeness":"complete"}},{"type":"Feature","geometry":{"type":"Polygon","coordinates":[[[132.44375,33.32916666666667],[132.45,33.32916666666667],[132.45,33.33333333333334],[132.44375,33.33333333333334],[132.44375,33.32916666666667]]]},"properties":{"type":"Feature","mesh_id":"493273954","municipality_code":"38214","municipality":"西予市","total_population":6,"population_65plus":null,"population_75plus":null,"aging_rate_65plus":null,"aging_rate_75plus":null,"population_status":"2","population_status_target":"493273844","population_aggregation_target":null,"age_65plus_missing":true,"age_75plus_missing":true,"age_quality_flag":"ok","data_completeness":"partial"}},{"type":"Feature","geometry":{"type":"Polygon","coordinates":[[[132.475,33.32916666666667],[132.48125,33.32916666666667],[132.48125,33.33333333333334],[132.475,33.33333333333334],[132.475,33.32916666666667]]]},"properties":{"type":"Feature","mesh_id":"493273982","municipality_code":"38214","municipality":"西予市","total_population":40,"population_65plus":18,"population_75plus":10,"aging_rate_65plus":0.45,"aging_rate_75plus":0.25,"population_status":"0","population_status_target":null,"population_aggregation_target":null,"age_65plus_missing":false,"age_75plus_missing":false,"age_quality_flag":"ok","data_completeness":"complete"}},{"type":"Feature","geometry":{"type":"Polygon","coordinates":[[[132.48125,33.32916666666667],[132.48749999999998,33.32916666666667],[132.48749999999998,33.33333333333334],[132.48125,33.33333333333334],[132.48125,33.32916666666667]]]},"properties":{"type":"Feature","mesh_id":"493273984","municipality_code":"38214","municipality":"西予市","total_population":110,"population_65plus":59,"population_75plus":28,"aging_rate_65plus":0.5363636363636364,"aging_rate_75plus":0.2545454545454545,"population_status":"0","population_status_target":null,"population_aggregation_target":null,"age_65plus_missing":false,"age_75plus_missing":false,"age_quality_flag":"ok","data_completeness":"complete"}},{"type":"Feature","geometry":{"type":"Polygon","coordinates":[[[132.4875,33.325],[132.49375,33.325],[132.49375,33.32916666666667],[132.4875,33.32916666666667],[132.4875,33.325]]]},"properties":{"type":"Feature","mesh_id":"493273991","municipality_code":"38214","municipality":"西予市","total_population":391,"population_65plus":189,"population_75plus":112,"aging_rate_65plus":0.4833759590792839,"aging_rate_75plus":0.2864450127877238,"population_status":"0","population_status_target":null,"population_aggregation_target":null,"age_65plus_missing":false,"age_75plus_missing":false,"age_quality_flag":"ok","data_completeness":"complete"}},{"type":"Feature","geometry":{"type":"Polygon","coordinates":[[[132.4875,33.32916666666667],[132.49375,33.32916666666667],[132.49375,33.33333333333334],[132.4875,33.33333333333334],[132.4875,33.32916666666667]]]},"properties":{"type":"Feature","mesh_id":"493273992","municipality_code":"38214","municipality":"西予市","total_population":40,"population_65plus":16,"population_75plus":11,"aging_rate_65plus":0.4,"aging_rate_75plus":0.275,"population_status":"0","population_status_target":null,"population_aggregation_target":null,"age_65plus_missing":false,"age_75plus_missing":false,"age_quality_flag":"ok","data_completeness":"complete"}},{"type":"Feature","geometry":{"type":"Polygon","coordinates":[[[132.49375,33.325],[132.5,33.325],[132.5,33.32916666666667],[132.49375,33.32916666666667],[132.49375,33.325]]]},"properties":{"type":"Feature","mesh_id":"493273993","municipality_code":"38214","municipality":"西予市","total_population":45,"population_65plus":28,"population_75plus":23,"aging_rate_65plus":0.6222222222222222,"aging_rate_75plus":0.5111111111111111,"population_status":"0","population_status_target":null,"population_aggregation_target":null,"age_65plus_missing":false,"age_75plus_missing":false,"age_quality_flag":"ok","data_completeness":"complete"}},{"type":"Feature","geometry":{"type":"Polygon","coordinates":[[[132.3875,33.333333333333336],[132.39374999999998,33.333333333333336],[132.39374999999998,33.337500000000006],[132.3875,33.337500000000006],[132.3875,33.333333333333336]]]},"properties":{"type":"Feature","mesh_id":"503203011","municipality_code":"38214","municipality":"西予市","total_population":113,"population_65plus":78,"population_75plus":47,"aging_rate_65plus":0.6902654867256637,"aging_rate_75plus":0.415929203539823,"population_status":"0","population_status_target":null,"population_aggregation_target":null,"age_65plus_missing":false,"age_75plus_missing":false,"age_quality_flag":"ok","data_completeness":"complete"}},{"type":"Feature","geometry":{"type":"Polygon","coordinates":[[[132.39374999999998,33.333333333333336],[132.39999999999998,33.333333333333336],[132.39999999999998,33.337500000000006],[132.39374999999998,33.337500000000006],[132.39374999999998,33.333333333333336]]]},"properties":{"type":"Feature","mesh_id":"503203013","municipality_code":"38214","municipality":"西予市","total_population":70,"population_65plus":55,"population_75plus":34,"aging_rate_65plus":0.7857142857142857,"aging_rate_75plus":0.4857142857142857,"population_status":"1","population_status_target":null,"population_aggregation_target":"503203014;503203111;503203112","age_65plus_missing":false,"age_75plus_missing":false,"age_quality_flag":"ok","data_completeness":"complete"}},{"type":"Feature","geometry":{"type":"Polygon","coordinates":[[[132.39374999999998,33.337500000000006],[132.39999999999998,33.337500000000006],[132.39999999999998,33.341666666666676],[132.39374999999998,33.341666666666676],[132.39374999999998,33.337500000000006]]]},"properties":{"type":"Feature","mesh_id":"503203014","municipality_code":"38214","municipality":"西予市","total_population":6,"population_65plus":null,"population_75plus":null,"aging_rate_65plus":null,"aging_rate_75plus":null,"population_status":"2","population_status_target":"503203013","population_aggregation_target":null,"age_65plus_missing":true,"age_75plus_missing":true,"age_quality_flag":"ok","data_completeness":"partial"}},{"type":"Feature","geometry":{"type":"Polygon","coordinates":[[[132.40625,33.337500000000006],[132.4125,33.337500000000006],[132.4125,33.341666666666676],[132.40625,33.341666666666676],[132.40625,33.337500000000006]]]},"properties":{"type":"Feature","mesh_id":"503203024","municipality_code":"38214","municipality":"西予市","total_population":66,"population_65plus":39,"population_75plus":32,"aging_rate_65plus":0.5909090909090909,"aging_rate_75plus":0.48484848484848486,"population_status":"0","population_status_target":null,"population_aggregation_target":null,"age_65plus_missing":false,"age_75plus_missing":false,"age_quality_flag":"ok","data_completeness":"complete"}},{"type":"Feature","geometry":{"type":"Polygon","coordinates":[[[132.475,33.337500000000006],[132.48125,33.337500000000006],[132.48125,33.341666666666676],[132.475,33.341666666666676],[132.475,33.337500000000006]]]},"properties":{"type":"Feature","mesh_id":"503203082","municipality_code":"38214","municipality":"西予市","total_population":15,"population_65plus":4,"population_75plus":1,"aging_rate_65plus":0.26666666666666666,"aging_rate_75plus":0.06666666666666667,"population_status":"0","population_status_target":null,"population_aggregation_target":null,"age_65plus_missing":false,"age_75plus_missing":false,"age_quality_flag":"ok","data_completeness":"complete"}},{"type":"Feature","geometry":{"type":"Polygon","coordinates":[[[132.4125,33.34166666666667],[132.41875,33.34166666666667],[132.41875,33.34583333333334],[132.4125,33.34583333333334],[132.4125,33.34166666666667]]]},"properties":{"type":"Feature","mesh_id":"503203131","municipality_code":"38214","municipality":"西予市","total_population":30,"population_65plus":15,"population_75plus":8,"aging_rate_65plus":0.5,"aging_rate_75plus":0.26666666666666666,"population_status":"0","population_status_target":null,"population_aggregation_target":null,"age_65plus_missing":false,"age_75plus_missing":false,"age_quality_flag":"ok","data_completeness":"complete"}},{"type":"Feature","geometry":{"type":"Polygon","coordinates":[[[132.41875,33.35416666666667],[132.42499999999998,33.35416666666667],[132.42499999999998,33.35833333333334],[132.41875,33.35833333333334],[132.41875,33.35416666666667]]]},"properties":{"type":"Feature","mesh_id":"503203234","municipality_code":"38214","municipality":"西予市","total_population":191,"population_65plus":98,"population_75plus":52,"aging_rate_65plus":0.5130890052356021,"aging_rate_75plus":0.27225130890052357,"population_status":"0","population_status_target":null,"population_aggregation_target":null,"age_65plus_missing":false,"age_75plus_missing":false,"age_quality_flag":"ok","data_completeness":"complete"}},{"type":"Feature","geometry":{"type":"Polygon","coordinates":[[[132.425,33.35],[132.43125,33.35],[132.43125,33.35416666666667],[132.425,33.35416666666667],[132.425,33.35]]]},"properties":{"type":"Feature","mesh_id":"503203241","municipality_code":"38214","municipality":"西予市","total_population":70,"population_65plus":40,"population_75plus":18,"aging_rate_65plus":0.5714285714285714,"aging_rate_75plus":0.2571428571428571,"population_status":"0","population_status_target":null,"population_aggregation_target":null,"age_65plus_missing":false,"age_75plus_missing":false,"age_quality_flag":"ok","data_completeness":"complete"}},{"type":"Feature","geometry":{"type":"Polygon","coordinates":[[[132.425,33.35416666666667],[132.43125,33.35416666666667],[132.43125,33.35833333333334],[132.425,33.35833333333334],[132.425,33.35416666666667]]]},"properties":{"type":"Feature","mesh_id":"503203242","municipality_code":"38214","municipality":"西予市","total_population":35,"population_65plus":19,"population_75plus":14,"aging_rate_65plus":0.5428571428571428,"aging_rate_75plus":0.4,"population_status":"0","population_status_target":null,"population_aggregation_target":null,"age_65plus_missing":false,"age_75plus_missing":false,"age_quality_flag":"ok","data_completeness":"complete"}},{"type":"Feature","geometry":{"type":"Polygon","coordinates":[[[132.43125,33.35],[132.4375,33.35],[132.4375,33.35416666666667],[132.43125,33.35416666666667],[132.43125,33.35]]]},"properties":{"type":"Feature","mesh_id":"503203243","municipality_code":"38214","municipality":"西予市","total_population":104,"population_65plus":63,"population_75plus":37,"aging_rate_65plus":0.6057692307692307,"aging_rate_75plus":0.3557692307692308,"population_status":"0","population_status_target":null,"population_aggregation_target":null,"age_65plus_missing":false,"age_75plus_missing":false,"age_quality_flag":"ok","data_completeness":"complete"}},{"type":"Feature","geometry":{"type":"Polygon","coordinates":[[[132.43125,33.35416666666667],[132.4375,33.35416666666667],[132.4375,33.35833333333334],[132.43125,33.35833333333334],[132.43125,33.35416666666667]]]},"properties":{"type":"Feature","mesh_id":"503203244","municipality_code":"38214","municipality":"西予市","total_population":10,"population_65plus":6,"population_75plus":2,"aging_rate_65plus":0.6,"aging_rate_75plus":0.2,"population_status":"0","population_status_target":null,"population_aggregation_target":null,"age_65plus_missing":false,"age_75plus_missing":false,"age_quality_flag":"ok","data_completeness":"complete"}},{"type":"Feature","geometry":{"type":"Polygon","coordinates":[[[132.48125,33.35416666666667],[132.48749999999998,33.35416666666667],[132.48749999999998,33.35833333333334],[132.48125,33.35833333333334],[132.48125,33.35416666666667]]]},"properties":{"type":"Feature","mesh_id":"503203284","municipality_code":"38214","municipality":"西予市","total_population":70,"population_65plus":43,"population_75plus":20,"aging_rate_65plus":0.6142857142857143,"aging_rate_75plus":0.2857142857142857,"population_status":"0","population_status_target":null,"population_aggregation_target":null,"age_65plus_missing":false,"age_75plus_missing":false,"age_quality_flag":"ok","data_completeness":"complete"}},{"type":"Feature","geometry":{"type":"Polygon","coordinates":[[[132.49375,33.35],[132.5,33.35],[132.5,33.35416666666667],[132.49375,33.35416666666667],[132.49375,33.35]]]},"properties":{"type":"Feature","mesh_id":"503203293","municipality_code":"38214","municipality":"西予市","total_population":12,"population_65plus":8,"population_75plus":4,"aging_rate_65plus":0.6666666666666666,"aging_rate_75plus":0.3333333333333333,"population_status":"0","population_status_target":null,"population_aggregation_target":null,"age_65plus_missing":false,"age_75plus_missing":false,"age_quality_flag":"ok","data_completeness":"complete"}},{"type":"Feature","geometry":{"type":"Polygon","coordinates":[[[132.49375,33.35416666666667],[132.5,33.35416666666667],[132.5,33.35833333333334],[132.49375,33.35833333333334],[132.49375,33.35416666666667]]]},"properties":{"type":"Feature","mesh_id":"503203294","municipality_code":"38214","municipality":"西予市","total_population":15,"population_65plus":3,"population_75plus":0,"aging_rate_65plus":0.2,"aging_rate_75plus":0.0,"population_status":"0","population_status_target":null,"population_aggregation_target":null,"age_65plus_missing":false,"age_75plus_missing":false,"age_quality_flag":"ok","data_completeness":"complete"}},{"type":"Feature","geometry":{"type":"Polygon","coordinates":[[[132.4125,33.362500000000004],[132.41875,33.362500000000004],[132.41875,33.366666666666674],[132.4125,33.366666666666674],[132.4125,33.362500000000004]]]},"properties":{"type":"Feature","mesh_id":"503203332","municipality_code":"38214","municipality":"西予市","total_population":73,"population_65plus":62,"population_75plus":50,"aging_rate_65plus":0.8493150684931506,"aging_rate_75plus":0.684931506849315,"population_status":"0","population_status_target":null,"population_aggregation_target":null,"age_65plus_missing":false,"age_75plus_missing":false,"age_quality_flag":"ok","data_completeness":"complete"}},{"type":"Feature","geometry":{"type":"Polygon","coordinates":[[[132.41875,33.358333333333334],[132.42499999999998,33.358333333333334],[132.42499999999998,33.362500000000004],[132.41875,33.362500000000004],[132.41875,33.358333333333334]]]},"properties":{"type":"Feature","mesh_id":"503203333","municipality_code":"38214","municipality":"西予市","total_population":37,"population_65plus":19,"population_75plus":11,"aging_rate_65plus":0.5135135135135135,"aging_rate_75plus":0.2972972972972973,"population_status":"0","population_status_target":null,"population_aggregation_target":null,"age_65plus_missing":false,"age_75plus_missing":false,"age_quality_flag":"ok","data_completeness":"complete"}},{"type":"Feature","geometry":{"type":"Polygon","coordinates":[[[132.475,33.362500000000004],[132.48125,33.362500000000004],[132.48125,33.366666666666674],[132.475,33.366666666666674],[132.475,33.362500000000004]]]},"properties":{"type":"Feature","mesh_id":"503203382","municipality_code":"38214","municipality":"西予市","total_population":6,"population_65plus":null,"population_75plus":null,"aging_rate_65plus":null,"aging_rate_75plus":null,"population_status":"2","population_status_target":"503203384","population_aggregation_target":null,"age_65plus_missing":true,"age_75plus_missing":true,"age_quality_flag":"ok","data_completeness":"partial"}},{"type":"Feature","geometry":{"type":"Polygon","coordinates":[[[132.48125,33.362500000000004],[132.48749999999998,33.362500000000004],[132.48749999999998,33.366666666666674],[132.48125,33.366666666666674],[132.48125,33.362500000000004]]]},"properties":{"type":"Feature","mesh_id":"503203384","municipality_code":"38214","municipality":"西予市","total_population":7,"population_65plus":4,"population_75plus":2,"aging_rate_65plus":0.5714285714285714,"aging_rate_75plus":0.2857142857142857,"population_status":"1","population_status_target":null,"population_aggregation_target":"503203382","age_65plus_missing":false,"age_75plus_missing":false,"age_quality_flag":"ok","data_completeness":"complete"}},{"type":"Feature","geometry":{"type":"Polygon","coordinates":[[[132.4875,33.358333333333334],[132.49375,33.358333333333334],[132.49375,33.362500000000004],[132.4875,33.362500000000004],[132.4875,33.358333333333334]]]},"properties":{"type":"Feature","mesh_id":"503203391","municipality_code":"38214","municipality":"西予市","total_population":10,"population_65plus":null,"population_75plus":null,"aging_rate_65plus":null,"aging_rate_75plus":null,"population_status":"2","population_status_target":"503203392","population_aggregation_target":null,"age_65plus_missing":true,"age_75plus_missing":true,"age_quality_flag":"ok","data_completeness":"partial"}},{"type":"Feature","geometry":{"type":"Polygon","coordinates":[[[132.4875,33.362500000000004],[132.49375,33.362500000000004],[132.49375,33.366666666666674],[132.4875,33.366666666666674],[132.4875,33.362500000000004]]]},"properties":{"type":"Feature","mesh_id":"503203392","municipality_code":"38214","municipality":"西予市","total_population":99,"population_65plus":45,"population_75plus":16,"aging_rate_65plus":0.45454545454545453,"aging_rate_75plus":0.16161616161616163,"population_status":"1","population_status_target":null,"population_aggregation_target":"503203391","age_65plus_missing":false,"age_75plus_missing":false,"age_quality_flag":"ok","data_completeness":"complete"}},{"type":"Feature","geometry":{"type":"Polygon","coordinates":[[[132.49375,33.358333333333334],[132.5,33.358333333333334],[132.5,33.362500000000004],[132.49375,33.362500000000004],[132.49375,33.358333333333334]]]},"properties":{"type":"Feature","mesh_id":"503203393","municipality_code":"38214","municipality":"西予市","total_population":128,"population_65plus":114,"population_75plus":99,"aging_rate_65plus":0.890625,"aging_rate_75plus":0.7734375,"population_status":"0","population_status_target":null,"population_aggregation_target":null,"age_65plus_missing":false,"age_75plus_missing":false,"age_quality_flag":"ok","data_completeness":"complete"}},{"type":"Feature","geometry":{"type":"Polygon","coordinates":[[[132.49375,33.362500000000004],[132.5,33.362500000000004],[132.5,33.366666666666674],[132.49375,33.366666666666674],[132.49375,33.362500000000004]]]},"properties":{"type":"Feature","mesh_id":"503203394","municipality_code":"38214","municipality":"西予市","total_population":126,"population_65plus":41,"population_75plus":22,"aging_rate_65plus":0.3253968253968254,"aging_rate_75plus":0.1746031746031746,"population_status":"0","population_status_target":null,"population_aggregation_target":null,"age_65plus_missing":false,"age_75plus_missing":false,"age_quality_flag":"ok","data_completeness":"complete"}},{"type":"Feature","geometry":{"type":"Polygon","coordinates":[[[132.3875,33.37083333333334],[132.39374999999998,33.37083333333334],[132.39374999999998,33.37500000000001],[132.3875,33.37500000000001],[132.3875,33.37083333333334]]]},"properties":{"type":"Feature","mesh_id":"503203412","municipality_code":"38214","municipality":"西予市","total_population":61,"population_65plus":33,"population_75plus":17,"aging_rate_65plus":0.5409836065573771,"aging_rate_75plus":0.2786885245901639,"population_status":"0","population_status_target":null,"population_aggregation_target":null,"age_65plus_missing":false,"age_75plus_missing":false,"age_quality_flag":"ok","data_completeness":"complete"}},{"type":"Feature","geometry":{"type":"Polygon","coordinates":[[[132.39374999999998,33.37083333333334],[132.39999999999998,33.37083333333334],[132.39999999999998,33.37500000000001],[132.39374999999998,33.37500000000001],[132.39374999999998,33.37083333333334]]]},"properties":{"type":"Feature","mesh_id":"503203414","municipality_code":"38214","municipality":"西予市","total_population":98,"population_65plus":68,"population_75plus":35,"aging_rate_65plus":0.6938775510204082,"aging_rate_75plus":0.35714285714285715,"population_status":"0","population_status_target":null,"population_aggregation_target":null,"age_65plus_missing":false,"age_75plus_missing":false,"age_quality_flag":"ok","data_completeness":"complete"}},{"type":"Feature","geometry":{"type":"Polygon","coordinates":[[[132.41875,33.36666666666667],[132.42499999999998,33.36666666666667],[132.42499999999998,33.37083333333334],[132.41875,33.37083333333334],[132.41875,33.36666666666667]]]},"properties":{"type":"Feature","mesh_id":"503203433","municipality_code":"38214","municipality":"西予市","total_population":44,"population_65plus":19,"population_75plus":12,"aging_rate_65plus":0.4318181818181818,"aging_rate_75plus":0.2727272727272727,"population_status":"0","population_status_target":null,"population_aggregation_target":null,"age_65plus_missing":false,"age_75plus_missing":false,"age_quality_flag":"ok","data_completeness":"complete"}},{"type":"Feature","geometry":{"type":"Polygon","coordinates":[[[132.425,33.37083333333334],[132.43125,33.37083333333334],[132.43125,33.37500000000001],[132.425,33.37500000000001],[132.425,33.37083333333334]]]},"properties":{"type":"Feature","mesh_id":"503203442","municipality_code":"38214","municipality":"西予市","total_population":2,"population_65plus":null,"population_75plus":null,"aging_rate_65plus":null,"aging_rate_75plus":null,"population_status":"2","population_status_target":"503203443","population_aggregation_target":null,"age_65plus_missing":true,"age_75plus_missing":true,"age_quality_flag":"ok","data_completeness":"partial"}},{"type":"Feature","geometry":{"type":"Polygon","coordinates":[[[132.43125,33.36666666666667],[132.4375,33.36666666666667],[132.4375,33.37083333333334],[132.43125,33.37083333333334],[132.43125,33.36666666666667]]]},"properties":{"type":"Feature","mesh_id":"503203443","municipality_code":"38214","municipality":"西予市","total_population":172,"population_65plus":68,"population_75plus":35,"aging_rate_65plus":0.3953488372093023,"aging_rate_75plus":0.20348837209302326,"population_status":"1","population_status_target":null,"population_aggregation_target":"503203442","age_65plus_missing":false,"age_75plus_missing":false,"age_quality_flag":"ok","data_completeness":"complete"}},{"type":"Feature","geometry":{"type":"Polygon","coordinates":[[[132.45624999999998,33.36666666666667],[132.46249999999998,33.36666666666667],[132.46249999999998,33.37083333333334],[132.45624999999998,33.37083333333334],[132.45624999999998,33.36666666666667]]]},"properties":{"type":"Feature","mesh_id":"503203463","municipality_code":"38214","municipality":"西予市","total_population":2,"population_65plus":null,"population_75plus":null,"aging_rate_65plus":null,"aging_rate_75plus":null,"population_status":"2","population_status_target":"503203571","population_aggregation_target":null,"age_65plus_missing":true,"age_75plus_missing":true,"age_quality_flag":"ok","data_completeness":"partial"}},{"type":"Feature","geometry":{"type":"Polygon","coordinates":[[[132.4625,33.37083333333334],[132.46875,33.37083333333334],[132.46875,33.37500000000001],[132.4625,33.37500000000001],[132.4625,33.37083333333334]]]},"properties":{"type":"Feature","mesh_id":"503203472","municipality_code":"38214","municipality":"西予市","total_population":2,"population_65plus":null,"population_75plus":null,"aging_rate_65plus":null,"aging_rate_75plus":null,"population_status":"2","population_status_target":"503203474","population_aggregation_target":null,"age_65plus_missing":true,"age_75plus_missing":true,"age_quality_flag":"ok","data_completeness":"partial"}},{"type":"Feature","geometry":{"type":"Polygon","coordinates":[[[132.46875,33.36666666666667],[132.475,33.36666666666667],[132.475,33.37083333333334],[132.46875,33.37083333333334],[132.46875,33.36666666666667]]]},"properties":{"type":"Feature","mesh_id":"503203473","municipality_code":"38214","municipality":"西予市","total_population":29,"population_65plus":18,"population_75plus":11,"aging_rate_65plus":0.6206896551724138,"aging_rate_75plus":0.3793103448275862,"population_status":"0","population_status_target":null,"population_aggregation_target":null,"age_65plus_missing":false,"age_75plus_missing":false,"age_quality_flag":"ok","data_completeness":"complete"}},{"type":"Feature","geometry":{"type":"Polygon","coordinates":[[[132.46875,33.37083333333334],[132.475,33.37083333333334],[132.475,33.37500000000001],[132.46875,33.37500000000001],[132.46875,33.37083333333334]]]},"properties":{"type":"Feature","mesh_id":"503203474","municipality_code":"38214","municipality":"西予市","total_population":156,"population_65plus":87,"population_75plus":57,"aging_rate_65plus":0.5576923076923077,"aging_rate_75plus":0.36538461538461536,"population_status":"1","population_status_target":null,"population_aggregation_target":"503203472","age_65plus_missing":false,"age_75plus_missing":false,"age_quality_flag":"ok","data_completeness":"complete"}},{"type":"Feature","geometry":{"type":"Polygon","coordinates":[[[132.48125,33.36666666666667],[132.48749999999998,33.36666666666667],[132.48749999999998,33.37083333333334],[132.48125,33.37083333333334],[132.48125,33.36666666666667]]]},"properties":{"type":"Feature","mesh_id":"503203483","municipality_code":"38214","municipality":"西予市","total_population":17,"population_65plus":13,"population_75plus":5,"aging_rate_65plus":0.7647058823529411,"aging_rate_75plus":0.29411764705882354,"population_status":"0","population_status_target":null,"population_aggregation_target":null,"age_65plus_missing":false,"age_75plus_missing":false,"age_quality_flag":"ok","data_completeness":"complete"}},{"type":"Feature","geometry":{"type":"Polygon","coordinates":[[[132.4875,33.36666666666667],[132.49375,33.36666666666667],[132.49375,33.37083333333334],[132.4875,33.37083333333334],[132.4875,33.36666666666667]]]},"properties":{"type":"Feature","mesh_id":"503203491","municipality_code":"38214","municipality":"西予市","total_population":129,"population_65plus":33,"population_75plus":17,"aging_rate_65plus":0.2558139534883721,"aging_rate_75plus":0.13178294573643412,"population_status":"0","population_status_target":null,"population_aggregation_target":null,"age_65plus_missing":false,"age_75plus_missing":false,"age_quality_flag":"ok","data_completeness":"complete"}},{"type":"Feature","geometry":{"type":"Polygon","coordinates":[[[132.4875,33.37083333333334],[132.49375,33.37083333333334],[132.49375,33.37500000000001],[132.4875,33.37500000000001],[132.4875,33.37083333333334]]]},"properties":{"type":"Feature","mesh_id":"503203492","municipality_code":"38214","municipality":"西予市","total_population":90,"population_65plus":40,"population_75plus":15,"aging_rate_65plus":0.4444444444444444,"aging_rate_75plus":0.16666666666666666,"population_status":"0","population_status_target":null,"population_aggregation_target":null,"age_65plus_missing":false,"age_75plus_missing":false,"age_quality_flag":"ok","data_completeness":"complete"}},{"type":"Feature","geometry":{"type":"Polygon","coordinates":[[[132.49375,33.37083333333334],[132.5,33.37083333333334],[132.5,33.37500000000001],[132.49375,33.37500000000001],[132.49375,33.37083333333334]]]},"properties":{"type":"Feature","mesh_id":"503203494","municipality_code":"38214","municipality":"西予市","total_population":22,"population_65plus":11,"population_75plus":10,"aging_rate_65plus":0.5,"aging_rate_75plus":0.45454545454545453,"population_status":"0","population_status_target":null,"population_aggregation_target":null,"age_65plus_missing":false,"age_75plus_missing":false,"age_quality_flag":"ok","data_completeness":"complete"}},{"type":"Feature","geometry":{"type":"Polygon","coordinates":[[[132.3875,33.375],[132.39374999999998,33.375],[132.39374999999998,33.37916666666667],[132.3875,33.37916666666667],[132.3875,33.375]]]},"properties":{"type":"Feature","mesh_id":"503203511","municipality_code":"38214","municipality":"西予市","total_population":49,"population_65plus":19,"population_75plus":9,"aging_rate_65plus":0.3877551020408163,"aging_rate_75plus":0.1836734693877551,"population_status":"0","population_status_target":null,"population_aggregation_target":null,"age_65plus_missing":false,"age_75plus_missing":false,"age_quality_flag":"ok","data_completeness":"complete"}},{"type":"Feature","geometry":{"type":"Polygon","coordinates":[[[132.4,33.375],[132.40625,33.375],[132.40625,33.37916666666667],[132.4,33.37916666666667],[132.4,33.375]]]},"properties":{"type":"Feature","mesh_id":"503203521","municipality_code":"38214","municipality":"西予市","total_population":289,"population_65plus":151,"population_75plus":99,"aging_rate_65plus":0.5224913494809689,"aging_rate_75plus":0.34256055363321797,"population_status":"0","population_status_target":null,"population_aggregation_target":null,"age_65plus_missing":false,"age_75plus_missing":false,"age_quality_flag":"ok","data_completeness":"complete"}},{"type":"Feature","geometry":{"type":"Polygon","coordinates":[[[132.4,33.37916666666667],[132.40625,33.37916666666667],[132.40625,33.38333333333334],[132.4,33.38333333333334],[132.4,33.37916666666667]]]},"properties":{"type":"Feature","mesh_id":"503203522","municipality_code":"38214","municipality":"西予市","total_population":79,"population_65plus":30,"population_75plus":16,"aging_rate_65plus":0.379746835443038,"aging_rate_75plus":0.20253164556962025,"population_status":"0","population_status_target":null,"population_aggregation_target":null,"age_65plus_missing":false,"age_75plus_missing":false,"age_quality_flag":"ok","data_completeness":"complete"}},{"type":"Feature","geometry":{"type":"Polygon","coordinates":[[[132.40625,33.37916666666667],[132.4125,33.37916666666667],[132.4125,33.38333333333334],[132.40625,33.38333333333334],[132.40625,33.37916666666667]]]},"properties":{"type":"Feature","mesh_id":"503203524","municipality_code":"38214","municipality":"西予市","total_population":45,"population_65plus":21,"population_75plus":16,"aging_rate_65plus":0.4666666666666667,"aging_rate_75plus":0.35555555555555557,"population_status":"0","population_status_target":null,"population_aggregation_target":null,"age_65plus_missing":false,"age_75plus_missing":false,"age_quality_flag":"ok","data_completeness":"complete"}},{"type":"Feature","geometry":{"type":"Polygon","coordinates":[[[132.4125,33.375],[132.41875,33.375],[132.41875,33.37916666666667],[132.4125,33.37916666666667],[132.4125,33.375]]]},"properties":{"type":"Feature","mesh_id":"503203531","municipality_code":"38214","municipality":"西予市","total_population":102,"population_65plus":54,"population_75plus":33,"aging_rate_65plus":0.5294117647058824,"aging_rate_75plus":0.3235294117647059,"population_status":"0","population_status_target":null,"population_aggregation_target":null,"age_65plus_missing":false,"age_75plus_missing":false,"age_quality_flag":"ok","data_completeness":"complete"}},{"type":"Feature","geometry":{"type":"Polygon","coordinates":[[[132.41875,33.375],[132.42499999999998,33.375],[132.42499999999998,33.37916666666667],[132.41875,33.37916666666667],[132.41875,33.375]]]},"properties":{"type":"Feature","mesh_id":"503203533","municipality_code":"38214","municipality":"西予市","total_population":1,"population_65plus":null,"population_75plus":null,"aging_rate_65plus":null,"aging_rate_75plus":null,"population_status":"2","population_status_target":"503203534","population_aggregation_target":null,"age_65plus_missing":true,"age_75plus_missing":true,"age_quality_flag":"ok","data_completeness":"partial"}},{"type":"Feature","geometry":{"type":"Polygon","coordinates":[[[132.41875,33.37916666666667],[132.42499999999998,33.37916666666667],[132.42499999999998,33.38333333333334],[132.41875,33.38333333333334],[132.41875,33.37916666666667]]]},"properties":{"type":"Feature","mesh_id":"503203534","municipality_code":"38214","municipality":"西予市","total_population":566,"population_65plus":282,"population_75plus":165,"aging_rate_65plus":0.49823321554770317,"aging_rate_75plus":0.2915194346289753,"population_status":"1","population_status_target":null,"population_aggregation_target":"503203533","age_65plus_missing":false,"age_75plus_missing":false,"age_quality_flag":"ok","data_completeness":"complete"}},{"type":"Feature","geometry":{"type":"Polygon","coordinates":[[[132.425,33.375],[132.43125,33.375],[132.43125,33.37916666666667],[132.425,33.37916666666667],[132.425,33.375]]]},"properties":{"type":"Feature","mesh_id":"503203541","municipality_code":"38214","municipality":"西予市","total_population":492,"population_65plus":189,"population_75plus":97,"aging_rate_65plus":0.38414634146341464,"aging_rate_75plus":0.19715447154471544,"population_status":"0","population_status_target":null,"population_aggregation_target":null,"age_65plus_missing":false,"age_75plus_missing":false,"age_quality_flag":"ok","data_completeness":"complete"}},{"type":"Feature","geometry":{"type":"Polygon","coordinates":[[[132.43125,33.375],[132.4375,33.375],[132.4375,33.37916666666667],[132.43125,33.37916666666667],[132.43125,33.375]]]},"properties":{"type":"Feature","mesh_id":"503203543","municipality_code":"38214","municipality":"西予市","total_population":60,"population_65plus":22,"population_75plus":16,"aging_rate_65plus":0.36666666666666664,"aging_rate_75plus":0.26666666666666666,"population_status":"0","population_status_target":null,"population_aggregation_target":null,"age_65plus_missing":false,"age_75plus_missing":false,"age_quality_flag":"ok","data_completeness":"complete"}},{"type":"Feature","geometry":{"type":"Polygon","coordinates":[[[132.45624999999998,33.37916666666667],[132.46249999999998,33.37916666666667],[132.46249999999998,33.38333333333334],[132.45624999999998,33.38333333333334],[132.45624999999998,33.37916666666667]]]},"properties":{"type":"Feature","mesh_id":"503203564","municipality_code":"38214","municipality":"西予市","total_population":16,"population_65plus":8,"population_75plus":3,"aging_rate_65plus":0.5,"aging_rate_75plus":0.1875,"population_status":"0","population_status_target":null,"population_aggregation_target":null,"age_65plus_missing":false,"age_75plus_missing":false,"age_quality_flag":"ok","data_completeness":"complete"}},{"type":"Feature","geometry":{"type":"Polygon","coordinates":[[[132.4625,33.375],[132.46875,33.375],[132.46875,33.37916666666667],[132.4625,33.37916666666667],[132.4625,33.375]]]},"properties":{"type":"Feature","mesh_id":"503203571","municipality_code":"38214","municipality":"西予市","total_population":27,"population_65plus":22,"population_75plus":10,"aging_rate_65plus":0.8148148148148148,"aging_rate_75plus":0.37037037037037035,"population_status":"1","population_status_target":null,"population_aggregation_target":"503203463","age_65plus_missing":false,"age_75plus_missing":false,"age_quality_flag":"ok","data_completeness":"complete"}},{"type":"Feature","geometry":{"type":"Polygon","coordinates":[[[132.4625,33.37916666666667],[132.46875,33.37916666666667],[132.46875,33.38333333333334],[132.4625,33.38333333333334],[132.4625,33.37916666666667]]]},"properties":{"type":"Feature","mesh_id":"503203572","municipality_code":"38214","municipality":"西予市","total_population":105,"population_65plus":53,"population_75plus":32,"aging_rate_65plus":0.5047619047619047,"aging_rate_75plus":0.3047619047619048,"population_status":"0","population_status_target":null,"population_aggregation_target":null,"age_65plus_missing":false,"age_75plus_missing":false,"age_quality_flag":"ok","data_completeness":"complete"}},{"type":"Feature","geometry":{"type":"Polygon","coordinates":[[[132.46875,33.375],[132.475,33.375],[132.475,33.37916666666667],[132.46875,33.37916666666667],[132.46875,33.375]]]},"properties":{"type":"Feature","mesh_id":"503203573","municipality_code":"38214","municipality":"西予市","total_population":47,"population_65plus":25,"population_75plus":17,"aging_rate_65plus":0.5319148936170213,"aging_rate_75plus":0.3617021276595745,"population_status":"0","population_status_target":null,"population_aggregation_target":null,"age_65plus_missing":false,"age_75plus_missing":false,"age_quality_flag":"ok","data_completeness":"complete"}},{"type":"Feature","geometry":{"type":"Polygon","coordinates":[[[132.46875,33.37916666666667],[132.475,33.37916666666667],[132.475,33.38333333333334],[132.46875,33.38333333333334],[132.46875,33.37916666666667]]]},"properties":{"type":"Feature","mesh_id":"503203574","municipality_code":"38214","municipality":"西予市","total_population":48,"population_65plus":30,"population_75plus":17,"aging_rate_65plus":0.625,"aging_rate_75plus":0.3541666666666667,"population_status":"0","population_status_target":null,"population_aggregation_target":null,"age_65plus_missing":false,"age_75plus_missing":false,"age_quality_flag":"ok","data_completeness":"complete"}},{"type":"Feature","geometry":{"type":"Polygon","coordinates":[[[132.475,33.375],[132.48125,33.375],[132.48125,33.37916666666667],[132.475,33.37916666666667],[132.475,33.375]]]},"properties":{"type":"Feature","mesh_id":"503203581","municipality_code":"38214","municipality":"西予市","total_population":61,"population_65plus":41,"population_75plus":24,"aging_rate_65plus":0.6721311475409836,"aging_rate_75plus":0.39344262295081966,"population_status":"0","population_status_target":null,"population_aggregation_target":null,"age_65plus_missing":false,"age_75plus_missing":false,"age_quality_flag":"ok","data_completeness":"complete"}},{"type":"Feature","geometry":{"type":"Polygon","coordinates":[[[132.475,33.37916666666667],[132.48125,33.37916666666667],[132.48125,33.38333333333334],[132.475,33.38333333333334],[132.475,33.37916666666667]]]},"properties":{"type":"Feature","mesh_id":"503203582","municipality_code":"38214","municipality":"西予市","total_population":15,"population_65plus":6,"population_75plus":5,"aging_rate_65plus":0.4,"aging_rate_75plus":0.3333333333333333,"population_status":"0","population_status_target":null,"population_aggregation_target":null,"age_65plus_missing":false,"age_75plus_missing":false,"age_quality_flag":"ok","data_completeness":"complete"}},{"type":"Feature","geometry":{"type":"Polygon","coordinates":[[[132.48125,33.375],[132.48749999999998,33.375],[132.48749999999998,33.37916666666667],[132.48125,33.37916666666667],[132.48125,33.375]]]},"properties":{"type":"Feature","mesh_id":"503203583","municipality_code":"38214","municipality":"西予市","total_population":31,"population_65plus":18,"population_75plus":12,"aging_rate_65plus":0.5806451612903226,"aging_rate_75plus":0.3870967741935484,"population_status":"0","population_status_target":null,"population_aggregation_target":null,"age_65plus_missing":false,"age_75plus_missing":false,"age_quality_flag":"ok","data_completeness":"complete"}},{"type":"Feature","geometry":{"type":"Polygon","coordinates":[[[132.48125,33.37916666666667],[132.48749999999998,33.37916666666667],[132.48749999999998,33.38333333333334],[132.48125,33.38333333333334],[132.48125,33.37916666666667]]]},"properties":{"type":"Feature","mesh_id":"503203584","municipality_code":"38214","municipality":"西予市","total_population":33,"population_65plus":14,"population_75plus":5,"aging_rate_65plus":0.42424242424242425,"aging_rate_75plus":0.15151515151515152,"population_status":"0","population_status_target":null,"population_aggregation_target":null,"age_65plus_missing":false,"age_75plus_missing":false,"age_quality_flag":"ok","data_completeness":"complete"}},{"type":"Feature","geometry":{"type":"Polygon","coordinates":[[[132.4875,33.37916666666667],[132.49375,33.37916666666667],[132.49375,33.38333333333334],[132.4875,33.38333333333334],[132.4875,33.37916666666667]]]},"properties":{"type":"Feature","mesh_id":"503203592","municipality_code":"38214","municipality":"西予市","total_population":286,"population_65plus":113,"population_75plus":45,"aging_rate_65plus":0.3951048951048951,"aging_rate_75plus":0.15734265734265734,"population_status":"0","population_status_target":null,"population_aggregation_target":null,"age_65plus_missing":false,"age_75plus_missing":false,"age_quality_flag":"ok","data_completeness":"complete"}},{"type":"Feature","geometry":{"type":"Polygon","coordinates":[[[132.49375,33.37916666666667],[132.5,33.37916666666667],[132.5,33.38333333333334],[132.49375,33.38333333333334],[132.49375,33.37916666666667]]]},"properties":{"type":"Feature","mesh_id":"503203594","municipality_code":"38214","municipality":"西予市","total_population":176,"population_65plus":69,"population_75plus":40,"aging_rate_65plus":0.39204545454545453,"aging_rate_75plus":0.22727272727272727,"population_status":"0","population_status_target":null,"population_aggregation_target":null,"age_65plus_missing":false,"age_75plus_missing":false,"age_quality_flag":"ok","data_completeness":"complete"}},{"type":"Feature","geometry":{"type":"Polygon","coordinates":[[[132.4,33.3875],[132.40625,33.3875],[132.40625,33.39166666666667],[132.4,33.39166666666667],[132.4,33.3875]]]},"properties":{"type":"Feature","mesh_id":"503203622","municipality_code":"38214","municipality":"西予市","total_population":389,"population_65plus":173,"population_75plus":77,"aging_rate_65plus":0.44473007712082263,"aging_rate_75plus":0.19794344473007713,"population_status":"0","population_status_target":null,"population_aggregation_target":null,"age_65plus_missing":false,"age_75plus_missing":false,"age_quality_flag":"ok","data_completeness":"complete"}},{"type":"Feature","geometry":{"type":"Polygon","coordinates":[[[132.40625,33.3875],[132.4125,33.3875],[132.4125,33.39166666666667],[132.40625,33.39166666666667],[132.40625,33.3875]]]},"properties":{"type":"Feature","mesh_id":"503203624","municipality_code":"38214","municipality":"西予市","total_population":221,"population_65plus":92,"population_75plus":37,"aging_rate_65plus":0.416289592760181,"aging_rate_75plus":0.167420814479638,"population_status":"0","population_status_target":null,"population_aggregation_target":null,"age_65plus_missing":false,"age_75plus_missing":false,"age_quality_flag":"ok","data_completeness":"complete"}},{"type":"Feature","geometry":{"type":"Polygon","coordinates":[[[132.4125,33.38333333333333],[132.41875,33.38333333333333],[132.41875,33.3875],[132.4125,33.3875],[132.4125,33.38333333333333]]]},"properties":{"type":"Feature","mesh_id":"503203631","municipality_code":"38214","municipality":"西予市","total_population":76,"population_65plus":34,"population_75plus":21,"aging_rate_65plus":0.4473684210526316,"aging_rate_75plus":0.27631578947368424,"population_status":"0","population_status_target":null,"population_aggregation_target":null,"age_65plus_missing":false,"age_75plus_missing":false,"age_quality_flag":"ok","data_completeness":"complete"}},{"type":"Feature","geometry":{"type":"Polygon","coordinates":[[[132.4125,33.3875],[132.41875,33.3875],[132.41875,33.39166666666667],[132.4125,33.39166666666667],[132.4125,33.3875]]]},"properties":{"type":"Feature","mesh_id":"503203632","municipality_code":"38214","municipality":"西予市","total_population":422,"population_65plus":201,"population_75plus":122,"aging_rate_65plus":0.476303317535545,"aging_rate_75plus":0.2890995260663507,"population_status":"0","population_status_target":null,"population_aggregation_target":null,"age_65plus_missing":false,"age_75plus_missing":false,"age_quality_flag":"ok","data_completeness":"complete"}},{"type":"Feature","geometry":{"type":"Polygon","coordinates":[[[132.425,33.38333333333333],[132.43125,33.38333333333333],[132.43125,33.3875],[132.425,33.3875],[132.425,33.38333333333333]]]},"properties":{"type":"Feature","mesh_id":"503203641","municipality_code":"38214","municipality":"西予市","total_population":513,"population_65plus":244,"population_75plus":143,"aging_rate_65plus":0.4756335282651072,"aging_rate_75plus":0.2787524366471735,"population_status":"0","population_status_target":null,"population_aggregation_target":null,"age_65plus_missing":false,"age_75plus_missing":false,"age_quality_flag":"ok","data_completeness":"complete"}},{"type":"Feature","geometry":{"type":"Polygon","coordinates":[[[132.43125,33.38333333333333],[132.4375,33.38333333333333],[132.4375,33.3875],[132.43125,33.3875],[132.43125,33.38333333333333]]]},"properties":{"type":"Feature","mesh_id":"503203643","municipality_code":"38214","municipality":"西予市","total_population":148,"population_65plus":69,"population_75plus":38,"aging_rate_65plus":0.46621621621621623,"aging_rate_75plus":0.25675675675675674,"population_status":"0","population_status_target":null,"population_aggregation_target":null,"age_65plus_missing":false,"age_75plus_missing":false,"age_quality_flag":"ok","data_completeness":"complete"}},{"type":"Feature","geometry":{"type":"Polygon","coordinates":[[[132.43125,33.3875],[132.4375,33.3875],[132.4375,33.39166666666667],[132.43125,33.39166666666667],[132.43125,33.3875]]]},"properties":{"type":"Feature","mesh_id":"503203644","municipality_code":"38214","municipality":"西予市","total_population":9,"population_65plus":1,"population_75plus":0,"aging_rate_65plus":0.1111111111111111,"aging_rate_75plus":0.0,"population_status":"0","population_status_target":null,"population_aggregation_target":null,"age_65plus_missing":false,"age_75plus_missing":false,"age_quality_flag":"ok","data_completeness":"complete"}},{"type":"Feature","geometry":{"type":"Polygon","coordinates":[[[132.45,33.38333333333333],[132.45624999999998,33.38333333333333],[132.45624999999998,33.3875],[132.45,33.3875],[132.45,33.38333333333333]]]},"properties":{"type":"Feature","mesh_id":"503203661","municipality_code":"38214","municipality":"西予市","total_population":15,"population_65plus":11,"population_75plus":7,"aging_rate_65plus":0.7333333333333333,"aging_rate_75plus":0.4666666666666667,"population_status":"0","population_status_target":null,"population_aggregation_target":null,"age_65plus_missing":false,"age_75plus_missing":false,"age_quality_flag":"ok","data_completeness":"complete"}},{"type":"Feature","geometry":{"type":"Polygon","coordinates":[[[132.45,33.3875],[132.45624999999998,33.3875],[132.45624999999998,33.39166666666667],[132.45,33.39166666666667],[132.45,33.3875]]]},"properties":{"type":"Feature","mesh_id":"503203662","municipality_code":"38214","municipality":"西予市","total_population":19,"population_65plus":7,"population_75plus":4,"aging_rate_65plus":0.3684210526315789,"aging_rate_75plus":0.21052631578947367,"population_status":"0","population_status_target":null,"population_aggregation_target":null,"age_65plus_missing":false,"age_75plus_missing":false,"age_quality_flag":"ok","data_completeness":"complete"}},{"type":"Feature","geometry":{"type":"Polygon","coordinates":[[[132.45624999999998,33.38333333333333],[132.46249999999998,33.38333333333333],[132.46249999999998,33.3875],[132.45624999999998,33.3875],[132.45624999999998,33.38333333333333]]]},"properties":{"type":"Feature","mesh_id":"503203663","municipality_code":"38214","municipality":"西予市","total_population":10,"population_65plus":8,"population_75plus":7,"aging_rate_65plus":0.8,"aging_rate_75plus":0.7,"population_status":"0","population_status_target":null,"population_aggregation_target":null,"age_65plus_missing":false,"age_75plus_missing":false,"age_quality_flag":"ok","data_completeness":"complete"}},{"type":"Feature","geometry":{"type":"Polygon","coordinates":[[[132.45624999999998,33.3875],[132.46249999999998,33.3875],[132.46249999999998,33.39166666666667],[132.45624999999998,33.39166666666667],[132.45624999999998,33.3875]]]},"properties":{"type":"Feature","mesh_id":"503203664","municipality_code":"38214","municipality":"西予市","total_population":100,"population_65plus":48,"population_75plus":27,"aging_rate_65plus":0.48,"aging_rate_75plus":0.27,"population_status":"0","population_status_target":null,"population_aggregation_target":null,"age_65plus_missing":false,"age_75plus_missing":false,"age_quality_flag":"ok","data_completeness":"complete"}},{"type":"Feature","geometry":{"type":"Polygon","coordinates":[[[132.4625,33.38333333333333],[132.46875,33.38333333333333],[132.46875,33.3875],[132.4625,33.3875],[132.4625,33.38333333333333]]]},"properties":{"type":"Feature","mesh_id":"503203671","municipality_code":"38214","municipality":"西予市","total_population":2,"population_65plus":null,"population_75plus":null,"aging_rate_65plus":null,"aging_rate_75plus":null,"population_status":"2","population_status_target":"503203673","population_aggregation_target":null,"age_65plus_missing":true,"age_75plus_missing":true,"age_quality_flag":"ok","data_completeness":"partial"}},{"type":"Feature","geometry":{"type":"Polygon","coordinates":[[[132.46875,33.38333333333333],[132.475,33.38333333333333],[132.475,33.3875],[132.46875,33.3875],[132.46875,33.38333333333333]]]},"properties":{"type":"Feature","mesh_id":"503203673","municipality_code":"38214","municipality":"西予市","total_population":34,"population_65plus":22,"population_75plus":16,"aging_rate_65plus":0.6470588235294118,"aging_rate_75plus":0.47058823529411764,"population_status":"1","population_status_target":null,"population_aggregation_target":"503203671","age_65plus_missing":false,"age_75plus_missing":false,"age_quality_flag":"ok","data_completeness":"complete"}},{"type":"Feature","geometry":{"type":"Polygon","coordinates":[[[132.46875,33.3875],[132.475,33.3875],[132.475,33.39166666666667],[132.46875,33.39166666666667],[132.46875,33.3875]]]},"properties":{"type":"Feature","mesh_id":"503203674","municipality_code":"38214","municipality":"西予市","total_population":18,"population_65plus":8,"population_75plus":5,"aging_rate_65plus":0.4444444444444444,"aging_rate_75plus":0.2777777777777778,"population_status":"0","population_status_target":null,"population_aggregation_target":null,"age_65plus_missing":false,"age_75plus_missing":false,"age_quality_flag":"ok","data_completeness":"complete"}},{"type":"Feature","geometry":{"type":"Polygon","coordinates":[[[132.48125,33.3875],[132.48749999999998,33.3875],[132.48749999999998,33.39166666666667],[132.48125,33.39166666666667],[132.48125,33.3875]]]},"properties":{"type":"Feature","mesh_id":"503203684","municipality_code":"38214","municipality":"西予市","total_population":121,"population_65plus":53,"population_75plus":20,"aging_rate_65plus":0.4380165289256198,"aging_rate_75plus":0.1652892561983471,"population_status":"0","population_status_target":null,"population_aggregation_target":null,"age_65plus_missing":false,"age_75plus_missing":false,"age_quality_flag":"ok","data_completeness":"complete"}},{"type":"Feature","geometry":{"type":"Polygon","coordinates":[[[132.4875,33.38333333333333],[132.49375,33.38333333333333],[132.49375,33.3875],[132.4875,33.3875],[132.4875,33.38333333333333]]]},"properties":{"type":"Feature","mesh_id":"503203691","municipality_code":"38214","municipality":"西予市","total_population":1,"population_65plus":null,"population_75plus":null,"aging_rate_65plus":null,"aging_rate_75plus":null,"population_status":"2","population_status_target":"503203693","population_aggregation_target":null,"age_65plus_missing":true,"age_75plus_missing":true,"age_quality_flag":"ok","data_completeness":"partial"}},{"type":"Feature","geometry":{"type":"Polygon","coordinates":[[[132.4875,33.3875],[132.49375,33.3875],[132.49375,33.39166666666667],[132.4875,33.39166666666667],[132.4875,33.3875]]]},"properties":{"type":"Feature","mesh_id":"503203692","municipality_code":"38214","municipality":"西予市","total_population":472,"population_65plus":197,"population_75plus":73,"aging_rate_65plus":0.4173728813559322,"aging_rate_75plus":0.15466101694915255,"population_status":"0","population_status_target":null,"population_aggregation_target":null,"age_65plus_missing":false,"age_75plus_missing":false,"age_quality_flag":"ok","data_completeness":"complete"}},{"type":"Feature","geometry":{"type":"Polygon","coordinates":[[[132.49375,33.38333333333333],[132.5,33.38333333333333],[132.5,33.3875],[132.49375,33.3875],[132.49375,33.38333333333333]]]},"properties":{"type":"Feature","mesh_id":"503203693","municipality_code":"38214","municipality":"西予市","total_population":113,"population_65plus":40,"population_75plus":20,"aging_rate_65plus":0.35398230088495575,"aging_rate_75plus":0.17699115044247787,"population_status":"1","population_status_target":null,"population_aggregation_target":"503203691;503203694","age_65plus_missing":false,"age_75plus_missing":false,"age_quality_flag":"ok","data_completeness":"complete"}},{"type":"Feature","geometry":{"type":"Polygon","coordinates":[[[132.49375,33.3875],[132.5,33.3875],[132.5,33.39166666666667],[132.49375,33.39166666666667],[132.49375,33.3875]]]},"properties":{"type":"Feature","mesh_id":"503203694","municipality_code":"38214","municipality":"西予市","total_population":3,"population_65plus":null,"population_75plus":null,"aging_rate_65plus":null,"aging_rate_75plus":null,"population_status":"2","population_status_target":"503203693","population_aggregation_target":null,"age_65plus_missing":true,"age_75plus_missing":true,"age_quality_flag":"ok","data_completeness":"partial"}},{"type":"Feature","geometry":{"type":"Polygon","coordinates":[[[132.40625,33.391666666666666],[132.4125,33.391666666666666],[132.4125,33.395833333333336],[132.40625,33.395833333333336],[132.40625,33.391666666666666]]]},"properties":{"type":"Feature","mesh_id":"503203723","municipality_code":"38214","municipality":"西予市","total_population":6,"population_65plus":null,"population_75plus":null,"aging_rate_65plus":null,"aging_rate_75plus":null,"population_status":"2","population_status_target":"503203714","population_aggregation_target":null,"age_65plus_missing":true,"age_75plus_missing":true,"age_quality_flag":"ok","data_completeness":"partial"}},{"type":"Feature","geometry":{"type":"Polygon","coordinates":[[[132.425,33.391666666666666],[132.43125,33.391666666666666],[132.43125,33.395833333333336],[132.425,33.395833333333336],[132.425,33.391666666666666]]]},"properties":{"type":"Feature","mesh_id":"503203741","municipality_code":"38214","municipality":"西予市","total_population":28,"population_65plus":17,"population_75plus":6,"aging_rate_65plus":0.6071428571428571,"aging_rate_75plus":0.21428571428571427,"population_status":"0","population_status_target":null,"population_aggregation_target":null,"age_65plus_missing":false,"age_75plus_missing":false,"age_quality_flag":"ok","data_completeness":"complete"}},{"type":"Feature","geometry":{"type":"Polygon","coordinates":[[[132.44375,33.391666666666666],[132.45,33.391666666666666],[132.45,33.395833333333336],[132.44375,33.395833333333336],[132.44375,33.391666666666666]]]},"properties":{"type":"Feature","mesh_id":"503203753","municipality_code":"38214","municipality":"西予市","total_population":12,"population_65plus":7,"population_75plus":6,"aging_rate_65plus":0.5833333333333334,"aging_rate_75plus":0.5,"population_status":"0","population_status_target":null,"population_aggregation_target":null,"age_65plus_missing":false,"age_75plus_missing":false,"age_quality_flag":"ok","data_completeness":"complete"}},{"type":"Feature","geometry":{"type":"Polygon","coordinates":[[[132.45,33.391666666666666],[132.45624999999998,33.391666666666666],[132.45624999999998,33.395833333333336],[132.45,33.395833333333336],[132.45,33.391666666666666]]]},"properties":{"type":"Feature","mesh_id":"503203761","municipality_code":"38214","municipality":"西予市","total_population":3,"population_65plus":null,"population_75plus":null,"aging_rate_65plus":null,"aging_rate_75plus":null,"population_status":"2","population_status_target":"503203762","population_aggregation_target":null,"age_65plus_missing":true,"age_75plus_missing":true,"age_quality_flag":"ok","data_completeness":"partial"}},{"type":"Feature","geometry":{"type":"Polygon","coordinates":[[[132.45,33.395833333333336],[132.45624999999998,33.395833333333336],[132.45624999999998,33.400000000000006],[132.45,33.400000000000006],[132.45,33.395833333333336]]]},"properties":{"type":"Feature","mesh_id":"503203762","municipality_code":"38214","municipality":"西予市","total_population":70,"population_65plus":30,"population_75plus":16,"aging_rate_65plus":0.42857142857142855,"aging_rate_75plus":0.22857142857142856,"population_status":"1","population_status_target":null,"population_aggregation_target":"503203761","age_65plus_missing":false,"age_75plus_missing":false,"age_quality_flag":"ok","data_completeness":"complete"}},{"type":"Feature","geometry":{"type":"Polygon","coordinates":[[[132.45624999999998,33.395833333333336],[132.46249999999998,33.395833333333336],[132.46249999999998,33.400000000000006],[132.45624999999998,33.400000000000006],[132.45624999999998,33.395833333333336]]]},"properties":{"type":"Feature","mesh_id":"503203764","municipality_code":"38214","municipality":"西予市","total_population":11,"population_65plus":10,"population_75plus":3,"aging_rate_65plus":0.9090909090909091,"aging_rate_75plus":0.2727272727272727,"population_status":"0","population_status_target":null,"population_aggregation_target":null,"age_65plus_missing":false,"age_75plus_missing":false,"age_quality_flag":"ok","data_completeness":"complete"}},{"type":"Feature","geometry":{"type":"Polygon","coordinates":[[[132.4625,33.391666666666666],[132.46875,33.391666666666666],[132.46875,33.395833333333336],[132.4625,33.395833333333336],[132.4625,33.391666666666666]]]},"properties":{"type":"Feature","mesh_id":"503203771","municipality_code":"38214","municipality":"西予市","total_population":71,"population_65plus":21,"population_75plus":11,"aging_rate_65plus":0.29577464788732394,"aging_rate_75plus":0.15492957746478872,"population_status":"0","population_status_target":null,"population_aggregation_target":null,"age_65plus_missing":false,"age_75plus_missing":false,"age_quality_flag":"ok","data_completeness":"complete"}},{"type":"Feature","geometry":{"type":"Polygon","coordinates":[[[132.4625,33.395833333333336],[132.46875,33.395833333333336],[132.46875,33.400000000000006],[132.4625,33.400000000000006],[132.4625,33.395833333333336]]]},"properties":{"type":"Feature","mesh_id":"503203772","municipality_code":"38214","municipality":"西予市","total_population":2,"population_65plus":null,"population_75plus":null,"aging_rate_65plus":null,"aging_rate_75plus":null,"population_status":"2","population_status_target":"503203774","population_aggregation_target":null,"age_65plus_missing":true,"age_75plus_missing":true,"age_quality_flag":"ok","data_completeness":"partial"}},{"type":"Feature","geometry":{"type":"Polygon","coordinates":[[[132.46875,33.391666666666666],[132.475,33.391666666666666],[132.475,33.395833333333336],[132.46875,33.395833333333336],[132.46875,33.391666666666666]]]},"properties":{"type":"Feature","mesh_id":"503203773","municipality_code":"38214","municipality":"西予市","total_population":109,"population_65plus":21,"population_75plus":7,"aging_rate_65plus":0.1926605504587156,"aging_rate_75plus":0.06422018348623854,"population_status":"0","population_status_target":null,"population_aggregation_target":null,"age_65plus_missing":false,"age_75plus_missing":false,"age_quality_flag":"ok","data_completeness":"complete"}},{"type":"Feature","geometry":{"type":"Polygon","coordinates":[[[132.46875,33.395833333333336],[132.475,33.395833333333336],[132.475,33.400000000000006],[132.46875,33.400000000000006],[132.46875,33.395833333333336]]]},"properties":{"type":"Feature","mesh_id":"503203774","municipality_code":"38214","municipality":"西予市","total_population":108,"population_65plus":39,"population_75plus":23,"aging_rate_65plus":0.3611111111111111,"aging_rate_75plus":0.21296296296296297,"population_status":"1","population_status_target":null,"population_aggregation_target":"503203772","age_65plus_missing":false,"age_75plus_missing":false,"age_quality_flag":"ok","data_completeness":"complete"}},{"type":"Feature","geometry":{"type":"Polygon","coordinates":[[[132.475,33.391666666666666],[132.48125,33.391666666666666],[132.48125,33.395833333333336],[132.475,33.395833333333336],[132.475,33.391666666666666]]]},"properties":{"type":"Feature","mesh_id":"503203781","municipality_code":"38214","municipality":"西予市","total_population":50,"population_65plus":26,"population_75plus":16,"aging_rate_65plus":0.52,"aging_rate_75plus":0.32,"population_status":"0","population_status_target":null,"population_aggregation_target":null,"age_65plus_missing":false,"age_75plus_missing":false,"age_quality_flag":"ok","data_completeness":"complete"}},{"type":"Feature","geometry":{"type":"Polygon","coordinates":[[[132.475,33.395833333333336],[132.48125,33.395833333333336],[132.48125,33.400000000000006],[132.475,33.400000000000006],[132.475,33.395833333333336]]]},"properties":{"type":"Feature","mesh_id":"503203782","municipality_code":"38214","municipality":"西予市","total_population":24,"population_65plus":7,"population_75plus":3,"aging_rate_65plus":0.2916666666666667,"aging_rate_75plus":0.125,"population_status":"0","population_status_target":null,"population_aggregation_target":null,"age_65plus_missing":false,"age_75plus_missing":false,"age_quality_flag":"ok","data_completeness":"complete"}},{"type":"Feature","geometry":{"type":"Polygon","coordinates":[[[132.48125,33.391666666666666],[132.48749999999998,33.391666666666666],[132.48749999999998,33.395833333333336],[132.48125,33.395833333333336],[132.48125,33.391666666666666]]]},"properties":{"type":"Feature","mesh_id":"503203783","municipality_code":"38214","municipality":"西予市","total_population":153,"population_65plus":56,"population_75plus":35,"aging_rate_65plus":0.3660130718954248,"aging_rate_75plus":0.22875816993464052,"population_status":"0","population_status_target":null,"population_aggregation_target":null,"age_65plus_missing":false,"age_75plus_missing":false,"age_quality_flag":"ok","data_completeness":"complete"}},{"type":"Feature","geometry":{"type":"Polygon","coordinates":[[[132.4875,33.391666666666666],[132.49375,33.391666666666666],[132.49375,33.395833333333336],[132.4875,33.395833333333336],[132.4875,33.391666666666666]]]},"properties":{"type":"Feature","mesh_id":"503203791","municipality_code":"38214","municipality":"西予市","total_population":54,"population_65plus":27,"population_75plus":20,"aging_rate_65plus":0.5,"aging_rate_75plus":0.37037037037037035,"population_status":"0","population_status_target":null,"population_aggregation_target":null,"age_65plus_missing":false,"age_75plus_missing":false,"age_quality_flag":"ok","data_completeness":"complete"}},{"type":"Feature","geometry":{"type":"Polygon","coordinates":[[[132.4875,33.395833333333336],[132.49375,33.395833333333336],[132.49375,33.400000000000006],[132.4875,33.400000000000006],[132.4875,33.395833333333336]]]},"properties":{"type":"Feature","mesh_id":"503203792","municipality_code":"38214","municipality":"西予市","total_population":23,"population_65plus":11,"population_75plus":9,"aging_rate_65plus":0.4782608695652174,"aging_rate_75plus":0.391304347826087,"population_status":"0","population_status_target":null,"population_aggregation_target":null,"age_65plus_missing":false,"age_75plus_missing":false,"age_quality_flag":"ok","data_completeness":"complete"}},{"type":"Feature","geometry":{"type":"Polygon","coordinates":[[[132.49375,33.395833333333336],[132.5,33.395833333333336],[132.5,33.400000000000006],[132.49375,33.400000000000006],[132.49375,33.395833333333336]]]},"properties":{"type":"Feature","mesh_id":"503203794","municipality_code":"38214","municipality":"西予市","total_population":27,"population_65plus":10,"population_75plus":7,"aging_rate_65plus":0.37037037037037035,"aging_rate_75plus":0.25925925925925924,"population_status":"0","population_status_target":null,"population_aggregation_target":null,"age_65plus_missing":false,"age_75plus_missing":false,"age_quality_flag":"ok","data_completeness":"complete"}},{"type":"Feature","geometry":{"type":"Polygon","coordinates":[[[132.425,33.400000000000006],[132.43125,33.400000000000006],[132.43125,33.404166666666676],[132.425,33.404166666666676],[132.425,33.400000000000006]]]},"properties":{"type":"Feature","mesh_id":"503203841","municipality_code":"38214","municipality":"西予市","total_population":15,"population_65plus":11,"population_75plus":6,"aging_rate_65plus":0.7333333333333333,"aging_rate_75plus":0.4,"population_status":"1","population_status_target":null,"population_aggregation_target":"503203844","age_65plus_missing":false,"age_75plus_missing":false,"age_quality_flag":"ok","data_completeness":"complete"}},{"type":"Feature","geometry":{"type":"Polygon","coordinates":[[[132.425,33.404166666666676],[132.43125,33.404166666666676],[132.43125,33.408333333333346],[132.425,33.408333333333346],[132.425,33.404166666666676]]]},"properties":{"type":"Feature","mesh_id":"503203842","municipality_code":"38214","municipality":"西予市","total_population":29,"population_65plus":22,"population_75plus":9,"aging_rate_65plus":0.7586206896551724,"aging_rate_75plus":0.3103448275862069,"population_status":"0","population_status_target":null,"population_aggregation_target":null,"age_65plus_missing":false,"age_75plus_missing":false,"age_quality_flag":"ok","data_completeness":"complete"}},{"type":"Feature","geometry":{"type":"Polygon","coordinates":[[[132.43125,33.404166666666676],[132.4375,33.404166666666676],[132.4375,33.408333333333346],[132.43125,33.408333333333346],[132.43125,33.404166666666676]]]},"properties":{"type":"Feature","mesh_id":"503203844","municipality_code":"38214","municipality":"西予市","total_population":7,"population_65plus":null,"population_75plus":null,"aging_rate_65plus":null,"aging_rate_75plus":null,"population_status":"2","population_status_target":"503203841","population_aggregation_target":null,"age_65plus_missing":true,"age_75plus_missing":true,"age_quality_flag":"ok","data_completeness":"partial"}},{"type":"Feature","geometry":{"type":"Polygon","coordinates":[[[132.4375,33.400000000000006],[132.44375,33.400000000000006],[132.44375,33.404166666666676],[132.4375,33.404166666666676],[132.4375,33.400000000000006]]]},"properties":{"type":"Feature","mesh_id":"503203851","municipality_code":"38214","municipality":"西予市","total_population":20,"population_65plus":11,"population_75plus":5,"aging_rate_65plus":0.55,"aging_rate_75plus":0.25,"population_status":"0","population_status_target":null,"population_aggregation_target":null,"age_65plus_missing":false,"age_75plus_missing":false,"age_quality_flag":"ok","data_completeness":"complete"}},{"type":"Feature","geometry":{"type":"Polygon","coordinates":[[[132.45624999999998,33.400000000000006],[132.46249999999998,33.400000000000006],[132.46249999999998,33.404166666666676],[132.45624999999998,33.404166666666676],[132.45624999999998,33.400000000000006]]]},"properties":{"type":"Feature","mesh_id":"503203863","municipality_code":"38214","municipality":"西予市","total_population":1,"population_65plus":null,"population_75plus":null,"aging_rate_65plus":null,"aging_rate_75plus":null,"population_status":"2","population_status_target":"503203962","population_aggregation_target":null,"age_65plus_missing":true,"age_75plus_missing":true,"age_quality_flag":"ok","data_completeness":"partial"}},{"type":"Feature","geometry":{"type":"Polygon","coordinates":[[[132.475,33.400000000000006],[132.48125,33.400000000000006],[132.48125,33.404166666666676],[132.475,33.404166666666676],[132.475,33.400000000000006]]]},"properties":{"type":"Feature","mesh_id":"503203881","municipality_code":"38214","municipality":"西予市","total_population":38,"population_65plus":20,"population_75plus":13,"aging_rate_65plus":0.5263157894736842,"aging_rate_75plus":0.34210526315789475,"population_status":"0","population_status_target":null,"population_aggregation_target":null,"age_65plus_missing":false,"age_75plus_missing":false,"age_quality_flag":"ok","data_completeness":"complete"}},{"type":"Feature","geometry":{"type":"Polygon","coordinates":[[[132.4875,33.404166666666676],[132.49375,33.404166666666676],[132.49375,33.408333333333346],[132.4875,33.408333333333346],[132.4875,33.404166666666676]]]},"properties":{"type":"Feature","mesh_id":"503203892","municipality_code":"38214","municipality":"西予市","total_population":54,"population_65plus":19,"population_75plus":12,"aging_rate_65plus":0.35185185185185186,"aging_rate_75plus":0.2222222222222222,"population_status":"0","population_status_target":null,"population_aggregation_target":null,"age_65plus_missing":false,"age_75plus_missing":false,"age_quality_flag":"ok","data_completeness":"complete"}},{"type":"Feature","geometry":{"type":"Polygon","coordinates":[[[132.49375,33.404166666666676],[132.5,33.404166666666676],[132.5,33.408333333333346],[132.49375,33.408333333333346],[132.49375,33.404166666666676]]]},"properties":{"type":"Feature","mesh_id":"503203894","municipality_code":"38214","municipality":"西予市","total_population":70,"population_65plus":26,"population_75plus":17,"aging_rate_65plus":0.37142857142857144,"aging_rate_75plus":0.24285714285714285,"population_status":"0","population_status_target":null,"population_aggregation_target":null,"age_65plus_missing":false,"age_75plus_missing":false,"age_quality_flag":"ok","data_completeness":"complete"}},{"type":"Feature","geometry":{"type":"Polygon","coordinates":[[[132.4125,33.40833333333334],[132.41875,33.40833333333334],[132.41875,33.41250000000001],[132.4125,33.41250000000001],[132.4125,33.40833333333334]]]},"properties":{"type":"Feature","mesh_id":"503203931","municipality_code":"38214","municipality":"西予市","total_population":2,"population_65plus":null,"population_75plus":null,"aging_rate_65plus":null,"aging_rate_75plus":null,"population_status":"2","population_status_target":"503203932","population_aggregation_target":null,"age_65plus_missing":true,"age_75plus_missing":true,"age_quality_flag":"ok","data_completeness":"partial"}},{"type":"Feature","geometry":{"type":"Polygon","coordinates":[[[132.41875,33.41250000000001],[132.42499999999998,33.41250000000001],[132.42499999999998,33.41666666666668],[132.41875,33.41666666666668],[132.41875,33.41250000000001]]]},"properties":{"type":"Feature","mesh_id":"503203934","municipality_code":"38214","municipality":"西予市","total_population":2,"population_65plus":null,"population_75plus":null,"aging_rate_65plus":null,"aging_rate_75plus":null,"population_status":"2","population_status_target":"503203932","population_aggregation_target":null,"age_65plus_missing":true,"age_75plus_missing":true,"age_quality_flag":"ok","data_completeness":"partial"}},{"type":"Feature","geometry":{"type":"Polygon","coordinates":[[[132.48125,33.40833333333334],[132.48749999999998,33.40833333333334],[132.48749999999998,33.41250000000001],[132.48125,33.41250000000001],[132.48125,33.40833333333334]]]},"properties":{"type":"Feature","mesh_id":"503203983","municipality_code":"38214","municipality":"西予市","total_population":3,"population_65plus":null,"population_75plus":null,"aging_rate_65plus":null,"aging_rate_75plus":null,"population_status":"2","population_status_target":"503203984","population_aggregation_target":null,"age_65plus_missing":true,"age_75plus_missing":true,"age_quality_flag":"ok","data_completeness":"partial"}},{"type":"Feature","geometry":{"type":"Polygon","coordinates":[[[132.48125,33.41250000000001],[132.48749999999998,33.41250000000001],[132.48749999999998,33.41666666666668],[132.48125,33.41666666666668],[132.48125,33.41250000000001]]]},"properties":{"type":"Feature","mesh_id":"503203984","municipality_code":"38214","municipality":"西予市","total_population":43,"population_65plus":24,"population_75plus":13,"aging_rate_65plus":0.5581395348837209,"aging_rate_75plus":0.3023255813953488,"population_status":"1","population_status_target":null,"population_aggregation_target":"503203983","age_65plus_missing":false,"age_75plus_missing":false,"age_quality_flag":"ok","data_completeness":"complete"}},{"type":"Feature","geometry":{"type":"Polygon","coordinates":[[[132.49375,33.40833333333334],[132.5,33.40833333333334],[132.5,33.41250000000001],[132.49375,33.41250000000001],[132.49375,33.40833333333334]]]},"properties":{"type":"Feature","mesh_id":"503203993","municipality_code":"38214","municipality":"西予市","total_population":9,"population_65plus":8,"population_75plus":4,"aging_rate_65plus":0.8888888888888888,"aging_rate_75plus":0.4444444444444444,"population_status":"0","population_status_target":null,"population_aggregation_target":null,"age_65plus_missing":false,"age_75plus_missing":false,"age_quality_flag":"ok","data_completeness":"complete"}},{"type":"Feature","geometry":{"type":"Polygon","coordinates":[[[132.54375,33.333333333333336],[132.54999999999998,33.333333333333336],[132.54999999999998,33.337500000000006],[132.54375,33.337500000000006],[132.54375,33.333333333333336]]]},"properties":{"type":"Feature","mesh_id":"503204033","municipality_code":"38214","municipality":"西予市","total_population":5,"population_65plus":null,"population_75plus":null,"aging_rate_65plus":null,"aging_rate_75plus":null,"population_status":"2","population_status_target":"503204122","population_aggregation_target":null,"age_65plus_missing":true,"age_75plus_missing":true,"age_quality_flag":"ok","data_completeness":"partial"}},{"type":"Feature","geometry":{"type":"Polygon","coordinates":[[[132.55625,33.333333333333336],[132.5625,33.333333333333336],[132.5625,33.337500000000006],[132.55625,33.337500000000006],[132.55625,33.333333333333336]]]},"properties":{"type":"Feature","mesh_id":"503204043","municipality_code":"38214","municipality":"西予市","total_population":19,"population_65plus":8,"population_75plus":5,"aging_rate_65plus":0.42105263157894735,"aging_rate_75plus":0.2631578947368421,"population_status":"0","population_status_target":null,"population_aggregation_target":null,"age_65plus_missing":false,"age_75plus_missing":false,"age_quality_flag":"ok","data_completeness":"complete"}},{"type":"Feature","geometry":{"type":"Polygon","coordinates":[[[132.55625,33.337500000000006],[132.5625,33.337500000000006],[132.5625,33.341666666666676],[132.55625,33.341666666666676],[132.55625,33.337500000000006]]]},"properties":{"type":"Feature","mesh_id":"503204044","municipality_code":"38214","municipality":"西予市","total_population":9,"population_65plus":4,"population_75plus":4,"aging_rate_65plus":0.4444444444444444,"aging_rate_75plus":0.4444444444444444,"population_status":"0","population_status_target":null,"population_aggregation_target":null,"age_65plus_missing":false,"age_75plus_missing":false,"age_quality_flag":"ok","data_completeness":"complete"}},{"type":"Feature","geometry":{"type":"Polygon","coordinates":[[[132.58124999999998,33.333333333333336],[132.58749999999998,33.333333333333336],[132.58749999999998,33.337500000000006],[132.58124999999998,33.337500000000006],[132.58124999999998,33.333333333333336]]]},"properties":{"type":"Feature","mesh_id":"503204063","municipality_code":"38214","municipality":"西予市","total_population":8,"population_65plus":null,"population_75plus":null,"aging_rate_65plus":null,"aging_rate_75plus":null,"population_status":"2","population_status_target":"503204064","population_aggregation_target":null,"age_65plus_missing":true,"age_75plus_missing":true,"age_quality_flag":"ok","data_completeness":"partial"}},{"type":"Feature","geometry":{"type":"Polygon","coordinates":[[[132.58124999999998,33.337500000000006],[132.58749999999998,33.337500000000006],[132.58749999999998,33.341666666666676],[132.58124999999998,33.341666666666676],[132.58124999999998,33.337500000000006]]]},"properties":{"type":"Feature","mesh_id":"503204064","municipality_code":"38214","municipality":"西予市","total_population":9,"population_65plus":5,"population_75plus":2,"aging_rate_65plus":0.5555555555555556,"aging_rate_75plus":0.2222222222222222,"population_status":"1","population_status_target":null,"population_aggregation_target":"503204063","age_65plus_missing":false,"age_75plus_missing":false,"age_quality_flag":"ok","data_completeness":"complete"}},{"type":"Feature","geometry":{"type":"Polygon","coordinates":[[[132.6125,33.333333333333336],[132.61875,33.333333333333336],[132.61875,33.337500000000006],[132.6125,33.337500000000006],[132.6125,33.333333333333336]]]},"properties":{"type":"Feature","mesh_id":"503204091","municipality_code":"38214","municipality":"西予市","total_population":4,"population_65plus":null,"population_75plus":null,"aging_rate_65plus":null,"aging_rate_75plus":null,"population_status":"2","population_status_target":"503204093","population_aggregation_target":null,"age_65plus_missing":true,"age_75plus_missing":true,"age_quality_flag":"ok","data_completeness":"partial"}},{"type":"Feature","geometry":{"type":"Polygon","coordinates":[[[132.61875,33.333333333333336],[132.625,33.333333333333336],[132.625,33.337500000000006],[132.61875,33.337500000000006],[132.61875,33.333333333333336]]]},"properties":{"type":"Feature","mesh_id":"503204093","municipality_code":"38214","municipality":"西予市","total_population":16,"population_65plus":12,"population_75plus":10,"aging_rate_65plus":0.75,"aging_rate_75plus":0.625,"population_status":"1","population_status_target":null,"population_aggregation_target":"503204091","age_65plus_missing":false,"age_75plus_missing":false,"age_quality_flag":"ok","data_completeness":"complete"}},{"type":"Feature","geometry":{"type":"Polygon","coordinates":[[[132.50625,33.34166666666667],[132.5125,33.34166666666667],[132.5125,33.34583333333334],[132.50625,33.34583333333334],[132.50625,33.34166666666667]]]},"properties":{"type":"Feature","mesh_id":"503204103","municipality_code":"38214","municipality":"西予市","total_population":2,"population_65plus":null,"population_75plus":null,"aging_rate_65plus":null,"aging_rate_75plus":null,"population_status":"2","population_status_target":"503204104","population_aggregation_target":null,"age_65plus_missing":true,"age_75plus_missing":true,"age_quality_flag":"ok","data_completeness":"partial"}},{"type":"Feature","geometry":{"type":"Polygon","coordinates":[[[132.50625,33.34583333333334],[132.5125,33.34583333333334],[132.5125,33.35000000000001],[132.50625,33.35000000000001],[132.50625,33.34583333333334]]]},"properties":{"type":"Feature","mesh_id":"503204104","municipality_code":"38214","municipality":"西予市","total_population":65,"population_65plus":41,"population_75plus":21,"aging_rate_65plus":0.6307692307692307,"aging_rate_75plus":0.3230769230769231,"population_status":"1","population_status_target":null,"population_aggregation_target":"503204103","age_65plus_missing":false,"age_75plus_missing":false,"age_quality_flag":"ok","data_completeness":"complete"}},{"type":"Feature","geometry":{"type":"Polygon","coordinates":[[[132.51874999999998,33.34166666666667],[132.52499999999998,33.34166666666667],[132.52499999999998,33.34583333333334],[132.51874999999998,33.34583333333334],[132.51874999999998,33.34166666666667]]]},"properties":{"type":"Feature","mesh_id":"503204113","municipality_code":"38214","municipality":"西予市","total_population":103,"population_65plus":45,"population_75plus":27,"aging_rate_65plus":0.4368932038834951,"aging_rate_75plus":0.2621359223300971,"population_status":"0","population_status_target":null,"population_aggregation_target":null,"age_65plus_missing":false,"age_75plus_missing":false,"age_quality_flag":"ok","data_completeness":"complete"}},{"type":"Feature","geometry":{"type":"Polygon","coordinates":[[[132.525,33.34166666666667],[132.53125,33.34166666666667],[132.53125,33.34583333333334],[132.525,33.34583333333334],[132.525,33.34166666666667]]]},"properties":{"type":"Feature","mesh_id":"503204121","municipality_code":"38214","municipality":"西予市","total_population":8,"population_65plus":null,"population_75plus":null,"aging_rate_65plus":null,"aging_rate_75plus":null,"population_status":"2","population_status_target":"503204123","population_aggregation_target":null,"age_65plus_missing":true,"age_75plus_missing":true,"age_quality_flag":"ok","data_completeness":"partial"}},{"type":"Feature","geometry":{"type":"Polygon","coordinates":[[[132.525,33.34583333333334],[132.53125,33.34583333333334],[132.53125,33.35000000000001],[132.525,33.35000000000001],[132.525,33.34583333333334]]]},"properties":{"type":"Feature","mesh_id":"503204122","municipality_code":"38214","municipality":"西予市","total_population":69,"population_65plus":33,"population_75plus":18,"aging_rate_65plus":0.4782608695652174,"aging_rate_75plus":0.2608695652173913,"population_status":"1","population_status_target":null,"population_aggregation_target":"503204033","age_65plus_missing":false,"age_75plus_missing":false,"age_quality_flag":"ok","data_completeness":"complete"}},{"type":"Feature","geometry":{"type":"Polygon","coordinates":[[[132.53125,33.34166666666667],[132.5375,33.34166666666667],[132.5375,33.34583333333334],[132.53125,33.34583333333334],[132.53125,33.34166666666667]]]},"properties":{"type":"Feature","mesh_id":"503204123","municipality_code":"38214","municipality":"西予市","total_population":17,"population_65plus":16,"population_75plus":8,"aging_rate_65plus":0.9411764705882353,"aging_rate_75plus":0.47058823529411764,"population_status":"1","population_status_target":null,"population_aggregation_target":"503204121","age_65plus_missing":false,"age_75plus_missing":false,"age_quality_flag":"ok","data_completeness":"complete"}},{"type":"Feature","geometry":{"type":"Polygon","coordinates":[[[132.53125,33.34583333333334],[132.5375,33.34583333333334],[132.5375,33.35000000000001],[132.53125,33.35000000000001],[132.53125,33.34583333333334]]]},"properties":{"type":"Feature","mesh_id":"503204124","municipality_code":"38214","municipality":"西予市","total_population":112,"population_65plus":56,"population_75plus":30,"aging_rate_65plus":0.5,"aging_rate_75plus":0.26785714285714285,"population_status":"0","population_status_target":null,"population_aggregation_target":null,"age_65plus_missing":false,"age_75plus_missing":false,"age_quality_flag":"ok","data_completeness":"complete"}},{"type":"Feature","geometry":{"type":"Polygon","coordinates":[[[132.5375,33.34166666666667],[132.54375,33.34166666666667],[132.54375,33.34583333333334],[132.5375,33.34583333333334],[132.5375,33.34166666666667]]]},"properties":{"type":"Feature","mesh_id":"503204131","municipality_code":"38214","municipality":"西予市","total_population":115,"population_65plus":40,"population_75plus":16,"aging_rate_65plus":0.34782608695652173,"aging_rate_75plus":0.1391304347826087,"population_status":"0","population_status_target":null,"population_aggregation_target":null,"age_65plus_missing":false,"age_75plus_missing":false,"age_quality_flag":"ok","data_completeness":"complete"}},{"type":"Feature","geometry":{"type":"Polygon","coordinates":[[[132.5375,33.34583333333334],[132.54375,33.34583333333334],[132.54375,33.35000000000001],[132.5375,33.35000000000001],[132.5375,33.34583333333334]]]},"properties":{"type":"Feature","mesh_id":"503204132","municipality_code":"38214","municipality":"西予市","total_population":55,"population_65plus":22,"population_75plus":13,"aging_rate_65plus":0.4,"aging_rate_75plus":0.23636363636363636,"population_status":"0","population_status_target":null,"population_aggregation_target":null,"age_65plus_missing":false,"age_75plus_missing":false,"age_quality_flag":"ok","data_completeness":"complete"}},{"type":"Feature","geometry":{"type":"Polygon","coordinates":[[[132.54375,33.34166666666667],[132.54999999999998,33.34166666666667],[132.54999999999998,33.34583333333334],[132.54375,33.34583333333334],[132.54375,33.34166666666667]]]},"properties":{"type":"Feature","mesh_id":"503204133","municipality_code":"38214","municipality":"西予市","total_population":32,"population_65plus":6,"population_75plus":4,"aging_rate_65plus":0.1875,"aging_rate_75plus":0.125,"population_status":"0","population_status_target":null,"population_aggregation_target":null,"age_65plus_missing":false,"age_75plus_missing":false,"age_quality_flag":"ok","data_completeness":"complete"}},{"type":"Feature","geometry":{"type":"Polygon","coordinates":[[[132.55,33.34166666666667],[132.55625,33.34166666666667],[132.55625,33.34583333333334],[132.55,33.34583333333334],[132.55,33.34166666666667]]]},"properties":{"type":"Feature","mesh_id":"503204141","municipality_code":"38214","municipality":"西予市","total_population":74,"population_65plus":42,"population_75plus":22,"aging_rate_65plus":0.5675675675675675,"aging_rate_75plus":0.2972972972972973,"population_status":"0","population_status_target":null,"population_aggregation_target":null,"age_65plus_missing":false,"age_75plus_missing":false,"age_quality_flag":"ok","data_completeness":"complete"}},{"type":"Feature","geometry":{"type":"Polygon","coordinates":[[[132.5625,33.34583333333334],[132.56875,33.34583333333334],[132.56875,33.35000000000001],[132.5625,33.35000000000001],[132.5625,33.34583333333334]]]},"properties":{"type":"Feature","mesh_id":"503204152","municipality_code":"38214","municipality":"西予市","total_population":33,"population_65plus":13,"population_75plus":9,"aging_rate_65plus":0.3939393939393939,"aging_rate_75plus":0.2727272727272727,"population_status":"0","population_status_target":null,"population_aggregation_target":null,"age_65plus_missing":false,"age_75plus_missing":false,"age_quality_flag":"ok","data_completeness":"complete"}},{"type":"Feature","geometry":{"type":"Polygon","coordinates":[[[132.575,33.34166666666667],[132.58124999999998,33.34166666666667],[132.58124999999998,33.34583333333334],[132.575,33.34583333333334],[132.575,33.34166666666667]]]},"properties":{"type":"Feature","mesh_id":"503204161","municipality_code":"38214","municipality":"西予市","total_population":63,"population_65plus":36,"population_75plus":19,"aging_rate_65plus":0.5714285714285714,"aging_rate_75plus":0.30158730158730157,"population_status":"0","population_status_target":null,"population_aggregation_target":null,"age_65plus_missing":false,"age_75plus_missing":false,"age_quality_flag":"ok","data_completeness":"complete"}},{"type":"Feature","geometry":{"type":"Polygon","coordinates":[[[132.575,33.34583333333334],[132.58124999999998,33.34583333333334],[132.58124999999998,33.35000000000001],[132.575,33.35000000000001],[132.575,33.34583333333334]]]},"properties":{"type":"Feature","mesh_id":"503204162","municipality_code":"38214","municipality":"西予市","total_population":60,"population_65plus":30,"population_75plus":24,"aging_rate_65plus":0.5,"aging_rate_75plus":0.4,"population_status":"0","population_status_target":null,"population_aggregation_target":null,"age_65plus_missing":false,"age_75plus_missing":false,"age_quality_flag":"ok","data_completeness":"complete"}},{"type":"Feature","geometry":{"type":"Polygon","coordinates":[[[132.58124999999998,33.34166666666667],[132.58749999999998,33.34166666666667],[132.58749999999998,33.34583333333334],[132.58124999999998,33.34583333333334],[132.58124999999998,33.34166666666667]]]},"properties":{"type":"Feature","mesh_id":"503204163","municipality_code":"38214","municipality":"西予市","total_population":66,"population_65plus":35,"population_75plus":20,"aging_rate_65plus":0.5303030303030303,"aging_rate_75plus":0.30303030303030304,"population_status":"0","population_status_target":null,"population_aggregation_target":null,"age_65plus_missing":false,"age_75plus_missing":false,"age_quality_flag":"ok","data_completeness":"complete"}},{"type":"Feature","geometry":{"type":"Polygon","coordinates":[[[132.58124999999998,33.34583333333334],[132.58749999999998,33.34583333333334],[132.58749999999998,33.35000000000001],[132.58124999999998,33.35000000000001],[132.58124999999998,33.34583333333334]]]},"properties":{"type":"Feature","mesh_id":"503204164","municipality_code":"38214","municipality":"西予市","total_population":98,"population_65plus":49,"population_75plus":24,"aging_rate_65plus":0.5,"aging_rate_75plus":0.24489795918367346,"population_status":"0","population_status_target":null,"population_aggregation_target":null,"age_65plus_missing":false,"age_75plus_missing":false,"age_quality_flag":"ok","data_completeness":"complete"}},{"type":"Feature","geometry":{"type":"Polygon","coordinates":[[[132.59375,33.34166666666667],[132.6,33.34166666666667],[132.6,33.34583333333334],[132.59375,33.34583333333334],[132.59375,33.34166666666667]]]},"properties":{"type":"Feature","mesh_id":"503204173","municipality_code":"38214","municipality":"西予市","total_population":41,"population_65plus":25,"population_75plus":13,"aging_rate_65plus":0.6097560975609756,"aging_rate_75plus":0.3170731707317073,"population_status":"0","population_status_target":null,"population_aggregation_target":null,"age_65plus_missing":false,"age_75plus_missing":false,"age_quality_flag":"ok","data_completeness":"complete"}},{"type":"Feature","geometry":{"type":"Polygon","coordinates":[[[132.5,33.35],[132.50625,33.35],[132.50625,33.35416666666667],[132.5,33.35416666666667],[132.5,33.35]]]},"properties":{"type":"Feature","mesh_id":"503204201","municipality_code":"38214","municipality":"西予市","total_population":7,"population_65plus":null,"population_75plus":null,"aging_rate_65plus":null,"aging_rate_75plus":null,"population_status":"2","population_status_target":"503204202","population_aggregation_target":null,"age_65plus_missing":true,"age_75plus_missing":true,"age_quality_flag":"ok","data_completeness":"partial"}},{"type":"Feature","geometry":{"type":"Polygon","coordinates":[[[132.5,33.35416666666667],[132.50625,33.35416666666667],[132.50625,33.35833333333334],[132.5,33.35833333333334],[132.5,33.35416666666667]]]},"properties":{"type":"Feature","mesh_id":"503204202","municipality_code":"38214","municipality":"西予市","total_population":43,"population_65plus":18,"population_75plus":14,"aging_rate_65plus":0.4186046511627907,"aging_rate_75plus":0.32558139534883723,"population_status":"1","population_status_target":null,"population_aggregation_target":"503204201","age_65plus_missing":false,"age_75plus_missing":false,"age_quality_flag":"ok","data_completeness":"complete"}},{"type":"Feature","geometry":{"type":"Polygon","coordinates":[[[132.5125,33.35],[132.51874999999998,33.35],[132.51874999999998,33.35416666666667],[132.5125,33.35416666666667],[132.5125,33.35]]]},"properties":{"type":"Feature","mesh_id":"503204211","municipality_code":"38214","municipality":"西予市","total_population":60,"population_65plus":28,"population_75plus":15,"aging_rate_65plus":0.4666666666666667,"aging_rate_75plus":0.25,"population_status":"0","population_status_target":null,"population_aggregation_target":null,"age_65plus_missing":false,"age_75plus_missing":false,"age_quality_flag":"ok","data_completeness":"complete"}},{"type":"Feature","geometry":{"type":"Polygon","coordinates":[[[132.5125,33.35416666666667],[132.51874999999998,33.35416666666667],[132.51874999999998,33.35833333333334],[132.5125,33.35833333333334],[132.5125,33.35416666666667]]]},"properties":{"type":"Feature","mesh_id":"503204212","municipality_code":"38214","municipality":"西予市","total_population":30,"population_65plus":15,"population_75plus":6,"aging_rate_65plus":0.5,"aging_rate_75plus":0.2,"population_status":"0","population_status_target":null,"population_aggregation_target":null,"age_65plus_missing":false,"age_75plus_missing":false,"age_quality_flag":"ok","data_completeness":"complete"}},{"type":"Feature","geometry":{"type":"Polygon","coordinates":[[[132.51874999999998,33.35],[132.52499999999998,33.35],[132.52499999999998,33.35416666666667],[132.51874999999998,33.35416666666667],[132.51874999999998,33.35]]]},"properties":{"type":"Feature","mesh_id":"503204213","municipality_code":"38214","municipality":"西予市","total_population":97,"population_65plus":34,"population_75plus":16,"aging_rate_65plus":0.35051546391752575,"aging_rate_75plus":0.16494845360824742,"population_status":"0","population_status_target":null,"population_aggregation_target":null,"age_65plus_missing":false,"age_75plus_missing":false,"age_quality_flag":"ok","data_completeness":"complete"}},{"type":"Feature","geometry":{"type":"Polygon","coordinates":[[[132.51874999999998,33.35416666666667],[132.52499999999998,33.35416666666667],[132.52499999999998,33.35833333333334],[132.51874999999998,33.35833333333334],[132.51874999999998,33.35416666666667]]]},"properties":{"type":"Feature","mesh_id":"503204214","municipality_code":"38214","municipality":"西予市","total_population":371,"population_65plus":98,"population_75plus":51,"aging_rate_65plus":0.2641509433962264,"aging_rate_75plus":0.13746630727762804,"population_status":"0","population_status_target":null,"population_aggregation_target":null,"age_65plus_missing":false,"age_75plus_missing":false,"age_quality_flag":"ok","data_completeness":"complete"}},{"type":"Feature","geometry":{"type":"Polygon","coordinates":[[[132.525,33.35],[132.53125,33.35],[132.53125,33.35416666666667],[132.525,33.35416666666667],[132.525,33.35]]]},"properties":{"type":"Feature","mesh_id":"503204221","municipality_code":"38214","municipality":"西予市","total_population":18,"population_65plus":1,"population_75plus":0,"aging_rate_65plus":0.05555555555555555,"aging_rate_75plus":0.0,"population_status":"0","population_status_target":null,"population_aggregation_target":null,"age_65plus_missing":false,"age_75plus_missing":false,"age_quality_flag":"ok","data_completeness":"complete"}},{"type":"Feature","geometry":{"type":"Polygon","coordinates":[[[132.525,33.35416666666667],[132.53125,33.35416666666667],[132.53125,33.35833333333334],[132.525,33.35833333333334],[132.525,33.35416666666667]]]},"properties":{"type":"Feature","mesh_id":"503204222","municipality_code":"38214","municipality":"西予市","total_population":26,"population_65plus":5,"population_75plus":1,"aging_rate_65plus":0.19230769230769232,"aging_rate_75plus":0.038461538461538464,"population_status":"0","population_status_target":null,"population_aggregation_target":null,"age_65plus_missing":false,"age_75plus_missing":false,"age_quality_flag":"ok","data_completeness":"complete"}},{"type":"Feature","geometry":{"type":"Polygon","coordinates":[[[132.53125,33.35],[132.5375,33.35],[132.5375,33.35416666666667],[132.53125,33.35416666666667],[132.53125,33.35]]]},"properties":{"type":"Feature","mesh_id":"503204223","municipality_code":"38214","municipality":"西予市","total_population":323,"population_65plus":62,"population_75plus":32,"aging_rate_65plus":0.19195046439628483,"aging_rate_75plus":0.09907120743034056,"population_status":"0","population_status_target":null,"population_aggregation_target":null,"age_65plus_missing":false,"age_75plus_missing":false,"age_quality_flag":"ok","data_completeness":"complete"}},{"type":"Feature","geometry":{"type":"Polygon","coordinates":[[[132.53125,33.35416666666667],[132.5375,33.35416666666667],[132.5375,33.35833333333334],[132.53125,33.35833333333334],[132.53125,33.35416666666667]]]},"properties":{"type":"Feature","mesh_id":"503204224","municipality_code":"38214","municipality":"西予市","total_population":89,"population_65plus":29,"population_75plus":15,"aging_rate_65plus":0.3258426966292135,"aging_rate_75plus":0.16853932584269662,"population_status":"0","population_status_target":null,"population_aggregation_target":null,"age_65plus_missing":false,"age_75plus_missing":false,"age_quality_flag":"ok","data_completeness":"complete"}},{"type":"Feature","geometry":{"type":"Polygon","coordinates":[[[132.58124999999998,33.35416666666667],[132.58749999999998,33.35416666666667],[132.58749999999998,33.35833333333334],[132.58124999999998,33.35833333333334],[132.58124999999998,33.35416666666667]]]},"properties":{"type":"Feature","mesh_id":"503204264","municipality_code":"38214","municipality":"西予市","total_population":2,"population_65plus":null,"population_75plus":null,"aging_rate_65plus":null,"aging_rate_75plus":null,"population_status":"2","population_status_target":"503204273","population_aggregation_target":null,"age_65plus_missing":true,"age_75plus_missing":true,"age_quality_flag":"ok","data_completeness":"partial"}},{"type":"Feature","geometry":{"type":"Polygon","coordinates":[[[132.59375,33.35],[132.6,33.35],[132.6,33.35416666666667],[132.59375,33.35416666666667],[132.59375,33.35]]]},"properties":{"type":"Feature","mesh_id":"503204273","municipality_code":"38214","municipality":"西予市","total_population":27,"population_65plus":23,"population_75plus":13,"aging_rate_65plus":0.8518518518518519,"aging_rate_75plus":0.48148148148148145,"population_status":"1","population_status_target":null,"population_aggregation_target":"503204264","age_65plus_missing":false,"age_75plus_missing":false,"age_quality_flag":"ok","data_completeness":"complete"}},{"type":"Feature","geometry":{"type":"Polygon","coordinates":[[[132.61875,33.35],[132.625,33.35],[132.625,33.35416666666667],[132.61875,33.35416666666667],[132.61875,33.35]]]},"properties":{"type":"Feature","mesh_id":"503204293","municipality_code":"38214","municipality":"西予市","total_population":10,"population_65plus":6,"population_75plus":4,"aging_rate_65plus":0.6,"aging_rate_75plus":0.4,"population_status":"0","population_status_target":null,"population_aggregation_target":null,"age_65plus_missing":false,"age_75plus_missing":false,"age_quality_flag":"ok","data_completeness":"complete"}},{"type":"Feature","geometry":{"type":"Polygon","coordinates":[[[132.61875,33.35416666666667],[132.625,33.35416666666667],[132.625,33.35833333333334],[132.61875,33.35833333333334],[132.61875,33.35416666666667]]]},"properties":{"type":"Feature","mesh_id":"503204294","municipality_code":"38214","municipality":"西予市","total_population":80,"population_65plus":0,"population_75plus":0,"aging_rate_65plus":0.0,"aging_rate_75plus":0.0,"population_status":"0","population_status_target":null,"population_aggregation_target":null,"age_65plus_missing":false,"age_75plus_missing":false,"age_quality_flag":"ok","data_completeness":"complete"}},{"type":"Feature","geometry":{"type":"Polygon","coordinates":[[[132.5,33.362500000000004],[132.50625,33.362500000000004],[132.50625,33.366666666666674],[132.5,33.366666666666674],[132.5,33.362500000000004]]]},"properties":{"type":"Feature","mesh_id":"503204302","municipality_code":"38214","municipality":"西予市","total_population":96,"population_65plus":50,"population_75plus":29,"aging_rate_65plus":0.5208333333333334,"aging_rate_75plus":0.3020833333333333,"population_status":"0","population_status_target":null,"population_aggregation_target":null,"age_65plus_missing":false,"age_75plus_missing":false,"age_quality_flag":"ok","data_completeness":"complete"}},{"type":"Feature","geometry":{"type":"Polygon","coordinates":[[[132.50625,33.358333333333334],[132.5125,33.358333333333334],[132.5125,33.362500000000004],[132.50625,33.362500000000004],[132.50625,33.358333333333334]]]},"properties":{"type":"Feature","mesh_id":"503204303","municipality_code":"38214","municipality":"西予市","total_population":119,"population_65plus":30,"population_75plus":16,"aging_rate_65plus":0.25210084033613445,"aging_rate_75plus":0.13445378151260504,"population_status":"0","population_status_target":null,"population_aggregation_target":null,"age_65plus_missing":false,"age_75plus_missing":false,"age_quality_flag":"ok","data_completeness":"complete"}},{"type":"Feature","geometry":{"type":"Polygon","coordinates":[[[132.50625,33.362500000000004],[132.5125,33.362500000000004],[132.5125,33.366666666666674],[132.50625,33.366666666666674],[132.50625,33.362500000000004]]]},"properties":{"type":"Feature","mesh_id":"503204304","municipality_code":"38214","municipality":"西予市","total_population":806,"population_65plus":299,"population_75plus":180,"aging_rate_65plus":0.3709677419354839,"aging_rate_75plus":0.22332506203473945,"population_status":"0","population_status_target":null,"population_aggregation_target":null,"age_65plus_missing":false,"age_75plus_missing":false,"age_quality_flag":"ok","data_completeness":"complete"}},{"type":"Feature","geometry":{"type":"Polygon","coordinates":[[[132.5125,33.358333333333334],[132.51874999999998,33.358333333333334],[132.51874999999998,33.362500000000004],[132.5125,33.362500000000004],[132.5125,33.358333333333334]]]},"properties":{"type":"Feature","mesh_id":"503204311","municipality_code":"38214","municipality":"西予市","total_population":581,"population_65plus":227,"population_75plus":127,"aging_rate_65plus":0.39070567986230637,"aging_rate_75plus":0.21858864027538727,"population_status":"0","population_status_target":null,"population_aggregation_target":null,"age_65plus_missing":false,"age_75plus_missing":false,"age_quality_flag":"ok","data_completeness":"complete"}},{"type":"Feature","geometry":{"type":"Polygon","coordinates":[[[132.5125,33.362500000000004],[132.51874999999998,33.362500000000004],[132.51874999999998,33.366666666666674],[132.5125,33.366666666666674],[132.5125,33.362500000000004]]]},"properties":{"type":"Feature","mesh_id":"503204312","municipality_code":"38214","municipality":"西予市","total_population":533,"population_65plus":166,"population_75plus":90,"aging_rate_65plus":0.31144465290806755,"aging_rate_75plus":0.16885553470919323,"population_status":"0","population_status_target":null,"population_aggregation_target":null,"age_65plus_missing":false,"age_75plus_missing":false,"age_quality_flag":"ok","data_completeness":"complete"}},{"type":"Feature","geometry":{"type":"Polygon","coordinates":[[[132.51874999999998,33.358333333333334],[132.52499999999998,33.358333333333334],[132.52499999999998,33.362500000000004],[132.51874999999998,33.362500000000004],[132.51874999999998,33.358333333333334]]]},"properties":{"type":"Feature","mesh_id":"503204313","municipality_code":"38214","municipality":"西予市","total_population":200,"population_65plus":93,"population_75plus":51,"aging_rate_65plus":0.465,"aging_rate_75plus":0.255,"population_status":"0","population_status_target":null,"population_aggregation_target":null,"age_65plus_missing":false,"age_75plus_missing":false,"age_quality_flag":"ok","data_completeness":"complete"}},{"type":"Feature","geometry":{"type":"Polygon","coordinates":[[[132.51874999999998,33.362500000000004],[132.52499999999998,33.362500000000004],[132.52499999999998,33.366666666666674],[132.51874999999998,33.366666666666674],[132.51874999999998,33.362500000000004]]]},"properties":{"type":"Feature","mesh_id":"503204314","municipality_code":"38214","municipality":"西予市","total_population":77,"population_65plus":29,"population_75plus":16,"aging_rate_65plus":0.37662337662337664,"aging_rate_75plus":0.2077922077922078,"population_status":"0","population_status_target":null,"population_aggregation_target":null,"age_65plus_missing":false,"age_75plus_missing":false,"age_quality_flag":"ok","data_completeness":"complete"}},{"type":"Feature","geometry":{"type":"Polygon","coordinates":[[[132.525,33.358333333333334],[132.53125,33.358333333333334],[132.53125,33.362500000000004],[132.525,33.362500000000004],[132.525,33.358333333333334]]]},"properties":{"type":"Feature","mesh_id":"503204321","municipality_code":"38214","municipality":"西予市","total_population":183,"population_65plus":95,"population_75plus":74,"aging_rate_65plus":0.5191256830601093,"aging_rate_75plus":0.40437158469945356,"population_status":"0","population_status_target":null,"population_aggregation_target":null,"age_65plus_missing":false,"age_75plus_missing":false,"age_quality_flag":"ok","data_completeness":"complete"}},{"type":"Feature","geometry":{"type":"Polygon","coordinates":[[[132.53125,33.358333333333334],[132.5375,33.358333333333334],[132.5375,33.362500000000004],[132.53125,33.362500000000004],[132.53125,33.358333333333334]]]},"properties":{"type":"Feature","mesh_id":"503204323","municipality_code":"38214","municipality":"西予市","total_population":64,"population_65plus":30,"population_75plus":16,"aging_rate_65plus":0.46875,"aging_rate_75plus":0.25,"population_status":"0","population_status_target":null,"population_aggregation_target":null,"age_65plus_missing":false,"age_75plus_missing":false,"age_quality_flag":"ok","data_completeness":"complete"}},{"type":"Feature","geometry":{"type":"Polygon","coordinates":[[[132.6,33.362500000000004],[132.60625,33.362500000000004],[132.60625,33.366666666666674],[132.6,33.366666666666674],[132.6,33.362500000000004]]]},"properties":{"type":"Feature","mesh_id":"503204382","municipality_code":"38214","municipality":"西予市","total_population":5,"population_65plus":null,"population_75plus":null,"aging_rate_65plus":null,"aging_rate_75plus":null,"population_status":"2","population_status_target":"503204383","population_aggregation_target":null,"age_65plus_missing":true,"age_75plus_missing":true,"age_quality_flag":"ok","data_completeness":"partial"}},{"type":"Feature","geometry":{"type":"Polygon","coordinates":[[[132.60625,33.358333333333334],[132.61249999999998,33.358333333333334],[132.61249999999998,33.362500000000004],[132.60625,33.362500000000004],[132.60625,33.358333333333334]]]},"properties":{"type":"Feature","mesh_id":"503204383","municipality_code":"38214","municipality":"西予市","total_population":23,"population_65plus":14,"population_75plus":6,"aging_rate_65plus":0.6086956521739131,"aging_rate_75plus":0.2608695652173913,"population_status":"1","population_status_target":null,"population_aggregation_target":"503204382;503204483","age_65plus_missing":false,"age_75plus_missing":false,"age_quality_flag":"ok","data_completeness":"complete"}},{"type":"Feature","geometry":{"type":"Polygon","coordinates":[[[132.6125,33.358333333333334],[132.61875,33.358333333333334],[132.61875,33.362500000000004],[132.6125,33.362500000000004],[132.6125,33.358333333333334]]]},"properties":{"type":"Feature","mesh_id":"503204391","municipality_code":"38214","municipality":"西予市","total_population":23,"population_65plus":8,"population_75plus":3,"aging_rate_65plus":0.34782608695652173,"aging_rate_75plus":0.13043478260869565,"population_status":"0","population_status_target":null,"population_aggregation_target":null,"age_65plus_missing":false,"age_75plus_missing":false,"age_quality_flag":"ok","data_completeness":"complete"}},{"type":"Feature","geometry":{"type":"Polygon","coordinates":[[[132.5,33.36666666666667],[132.50625,33.36666666666667],[132.50625,33.37083333333334],[132.5,33.37083333333334],[132.5,33.36666666666667]]]},"properties":{"type":"Feature","mesh_id":"503204401","municipality_code":"38214","municipality":"西予市","total_population":330,"population_65plus":80,"population_75plus":29,"aging_rate_65plus":0.24242424242424243,"aging_rate_75plus":0.08787878787878788,"population_status":"0","population_status_target":null,"population_aggregation_target":null,"age_65plus_missing":false,"age_75plus_missing":false,"age_quality_flag":"ok","data_completeness":"complete"}},{"type":"Feature","geometry":{"type":"Polygon","coordinates":[[[132.5,33.37083333333334],[132.50625,33.37083333333334],[132.50625,33.37500000000001],[132.5,33.37500000000001],[132.5,33.37083333333334]]]},"properties":{"type":"Feature","mesh_id":"503204402","municipality_code":"38214","municipality":"西予市","total_population":698,"population_65plus":216,"population_75plus":131,"aging_rate_65plus":0.30945558739255014,"aging_rate_75plus":0.1876790830945559,"population_status":"0","population_status_target":null,"population_aggregation_target":null,"age_65plus_missing":false,"age_75plus_missing":false,"age_quality_flag":"ok","data_completeness":"complete"}},{"type":"Feature","geometry":{"type":"Polygon","coordinates":[[[132.50625,33.36666666666667],[132.5125,33.36666666666667],[132.5125,33.37083333333334],[132.50625,33.37083333333334],[132.50625,33.36666666666667]]]},"properties":{"type":"Feature","mesh_id":"503204403","municipality_code":"38214","municipality":"西予市","total_population":656,"population_65plus":89,"population_75plus":52,"aging_rate_65plus":0.13567073170731708,"aging_rate_75plus":0.07926829268292683,"population_status":"0","population_status_target":null,"population_aggregation_target":null,"age_65plus_missing":false,"age_75plus_missing":false,"age_quality_flag":"ok","data_completeness":"complete"}},{"type":"Feature","geometry":{"type":"Polygon","coordinates":[[[132.50625,33.37083333333334],[132.5125,33.37083333333334],[132.5125,33.37500000000001],[132.50625,33.37500000000001],[132.50625,33.37083333333334]]]},"properties":{"type":"Feature","mesh_id":"503204404","municipality_code":"38214","municipality":"西予市","total_population":130,"population_65plus":39,"population_75plus":21,"aging_rate_65plus":0.3,"aging_rate_75plus":0.16153846153846155,"population_status":"0","population_status_target":null,"population_aggregation_target":null,"age_65plus_missing":false,"age_75plus_missing":false,"age_quality_flag":"ok","data_completeness":"complete"}},{"type":"Feature","geometry":{"type":"Polygon","coordinates":[[[132.5125,33.36666666666667],[132.51874999999998,33.36666666666667],[132.51874999999998,33.37083333333334],[132.5125,33.37083333333334],[132.5125,33.36666666666667]]]},"properties":{"type":"Feature","mesh_id":"503204411","municipality_code":"38214","municipality":"西予市","total_population":16,"population_65plus":3,"population_75plus":1,"aging_rate_65plus":0.1875,"aging_rate_75plus":0.0625,"population_status":"0","population_status_target":null,"population_aggregation_target":null,"age_65plus_missing":false,"age_75plus_missing":false,"age_quality_flag":"ok","data_completeness":"complete"}},{"type":"Feature","geometry":{"type":"Polygon","coordinates":[[[132.5125,33.37083333333334],[132.51874999999998,33.37083333333334],[132.51874999999998,33.37500000000001],[132.5125,33.37500000000001],[132.5125,33.37083333333334]]]},"properties":{"type":"Feature","mesh_id":"503204412","municipality_code":"38214","municipality":"西予市","total_population":20,"population_65plus":13,"population_75plus":3,"aging_rate_65plus":0.65,"aging_rate_75plus":0.15,"population_status":"0","population_status_target":null,"population_aggregation_target":null,"age_65plus_missing":false,"age_75plus_missing":false,"age_quality_flag":"ok","data_completeness":"complete"}},{"type":"Feature","geometry":{"type":"Polygon","coordinates":[[[132.525,33.36666666666667],[132.53125,33.36666666666667],[132.53125,33.37083333333334],[132.525,33.37083333333334],[132.525,33.36666666666667]]]},"properties":{"type":"Feature","mesh_id":"503204421","municipality_code":"38214","municipality":"西予市","total_population":124,"population_65plus":60,"population_75plus":36,"aging_rate_65plus":0.4838709677419355,"aging_rate_75plus":0.2903225806451613,"population_status":"0","population_status_target":null,"population_aggregation_target":null,"age_65plus_missing":false,"age_75plus_missing":false,"age_quality_flag":"ok","data_completeness":"complete"}},{"type":"Feature","geometry":{"type":"Polygon","coordinates":[[[132.53125,33.36666666666667],[132.5375,33.36666666666667],[132.5375,33.37083333333334],[132.53125,33.37083333333334],[132.53125,33.36666666666667]]]},"properties":{"type":"Feature","mesh_id":"503204423","municipality_code":"38214","municipality":"西予市","total_population":184,"population_65plus":43,"population_75plus":18,"aging_rate_65plus":0.23369565217391305,"aging_rate_75plus":0.09782608695652174,"population_status":"0","population_status_target":null,"population_aggregation_target":null,"age_65plus_missing":false,"age_75plus_missing":false,"age_quality_flag":"ok","data_completeness":"complete"}},{"type":"Feature","geometry":{"type":"Polygon","coordinates":[[[132.60625,33.36666666666667],[132.61249999999998,33.36666666666667],[132.61249999999998,33.37083333333334],[132.60625,33.37083333333334],[132.60625,33.36666666666667]]]},"properties":{"type":"Feature","mesh_id":"503204483","municipality_code":"38214","municipality":"西予市","total_population":8,"population_65plus":null,"population_75plus":null,"aging_rate_65plus":null,"aging_rate_75plus":null,"population_status":"2","population_status_target":"503204383","population_aggregation_target":null,"age_65plus_missing":true,"age_75plus_missing":true,"age_quality_flag":"ok","data_completeness":"partial"}},{"type":"Feature","geometry":{"type":"Polygon","coordinates":[[[132.5,33.375],[132.50625,33.375],[132.50625,33.37916666666667],[132.5,33.37916666666667],[132.5,33.375]]]},"properties":{"type":"Feature","mesh_id":"503204501","municipality_code":"38214","municipality":"西予市","total_population":575,"population_65plus":116,"population_75plus":44,"aging_rate_65plus":0.20173913043478262,"aging_rate_75plus":0.07652173913043478,"population_status":"0","population_status_target":null,"population_aggregation_target":null,"age_65plus_missing":false,"age_75plus_missing":false,"age_quality_flag":"ok","data_completeness":"complete"}},{"type":"Feature","geometry":{"type":"Polygon","coordinates":[[[132.5,33.37916666666667],[132.50625,33.37916666666667],[132.50625,33.38333333333334],[132.5,33.38333333333334],[132.5,33.37916666666667]]]},"properties":{"type":"Feature","mesh_id":"503204502","municipality_code":"38214","municipality":"西予市","total_population":13,"population_65plus":0,"population_75plus":0,"aging_rate_65plus":0.0,"aging_rate_75plus":0.0,"population_status":"0","population_status_target":null,"population_aggregation_target":null,"age_65plus_missing":false,"age_75plus_missing":false,"age_quality_flag":"ok","data_completeness":"complete"}},{"type":"Feature","geometry":{"type":"Polygon","coordinates":[[[132.50625,33.375],[132.5125,33.375],[132.5125,33.37916666666667],[132.50625,33.37916666666667],[132.50625,33.375]]]},"properties":{"type":"Feature","mesh_id":"503204503","municipality_code":"38214","municipality":"西予市","total_population":579,"population_65plus":106,"population_75plus":48,"aging_rate_65plus":0.18307426597582038,"aging_rate_75plus":0.08290155440414508,"population_status":"0","population_status_target":null,"population_aggregation_target":null,"age_65plus_missing":false,"age_75plus_missing":false,"age_quality_flag":"ok","data_completeness":"complete"}},{"type":"Feature","geometry":{"type":"Polygon","coordinates":[[[132.50625,33.37916666666667],[132.5125,33.37916666666667],[132.5125,33.38333333333334],[132.50625,33.38333333333334],[132.50625,33.37916666666667]]]},"properties":{"type":"Feature","mesh_id":"503204504","municipality_code":"38214","municipality":"西予市","total_population":95,"population_65plus":32,"population_75plus":19,"aging_rate_65plus":0.3368421052631579,"aging_rate_75plus":0.2,"population_status":"0","population_status_target":null,"population_aggregation_target":null,"age_65plus_missing":false,"age_75plus_missing":false,"age_quality_flag":"ok","data_completeness":"complete"}},{"type":"Feature","geometry":{"type":"Polygon","coordinates":[[[132.525,33.375],[132.53125,33.375],[132.53125,33.37916666666667],[132.525,33.37916666666667],[132.525,33.375]]]},"properties":{"type":"Feature","mesh_id":"503204521","municipality_code":"38214","municipality":"西予市","total_population":173,"population_65plus":30,"population_75plus":7,"aging_rate_65plus":0.17341040462427745,"aging_rate_75plus":0.04046242774566474,"population_status":"0","population_status_target":null,"population_aggregation_target":null,"age_65plus_missing":false,"age_75plus_missing":false,"age_quality_flag":"ok","data_completeness":"complete"}},{"type":"Feature","geometry":{"type":"Polygon","coordinates":[[[132.525,33.37916666666667],[132.53125,33.37916666666667],[132.53125,33.38333333333334],[132.525,33.38333333333334],[132.525,33.37916666666667]]]},"properties":{"type":"Feature","mesh_id":"503204522","municipality_code":"38214","municipality":"西予市","total_population":105,"population_65plus":42,"population_75plus":24,"aging_rate_65plus":0.4,"aging_rate_75plus":0.22857142857142856,"population_status":"0","population_status_target":null,"population_aggregation_target":null,"age_65plus_missing":false,"age_75plus_missing":false,"age_quality_flag":"ok","data_completeness":"complete"}},{"type":"Feature","geometry":{"type":"Polygon","coordinates":[[[132.53125,33.375],[132.5375,33.375],[132.5375,33.37916666666667],[132.53125,33.37916666666667],[132.53125,33.375]]]},"properties":{"type":"Feature","mesh_id":"503204523","municipality_code":"38214","municipality":"西予市","total_population":7,"population_65plus":null,"population_75plus":null,"aging_rate_65plus":null,"aging_rate_75plus":null,"population_status":"2","population_status_target":"503204524","population_aggregation_target":null,"age_65plus_missing":true,"age_75plus_missing":true,"age_quality_flag":"ok","data_completeness":"partial"}},{"type":"Feature","geometry":{"type":"Polygon","coordinates":[[[132.53125,33.37916666666667],[132.5375,33.37916666666667],[132.5375,33.38333333333334],[132.53125,33.38333333333334],[132.53125,33.37916666666667]]]},"properties":{"type":"Feature","mesh_id":"503204524","municipality_code":"38214","municipality":"西予市","total_population":164,"population_65plus":68,"population_75plus":41,"aging_rate_65plus":0.4146341463414634,"aging_rate_75plus":0.25,"population_status":"1","population_status_target":null,"population_aggregation_target":"503204523","age_65plus_missing":false,"age_75plus_missing":false,"age_quality_flag":"ok","data_completeness":"complete"}},{"type":"Feature","geometry":{"type":"Polygon","coordinates":[[[132.5625,33.37916666666667],[132.56875,33.37916666666667],[132.56875,33.38333333333334],[132.5625,33.38333333333334],[132.5625,33.37916666666667]]]},"properties":{"type":"Feature","mesh_id":"503204552","municipality_code":"38214","municipality":"西予市","total_population":6,"population_65plus":null,"population_75plus":null,"aging_rate_65plus":null,"aging_rate_75plus":null,"population_status":"2","population_status_target":"503204554","population_aggregation_target":null,"age_65plus_missing":true,"age_75plus_missing":true,"age_quality_flag":"ok","data_completeness":"partial"}},{"type":"Feature","geometry":{"type":"Polygon","coordinates":[[[132.56875,33.37916666666667],[132.575,33.37916666666667],[132.575,33.38333333333334],[132.56875,33.38333333333334],[132.56875,33.37916666666667]]]},"properties":{"type":"Feature","mesh_id":"503204554","municipality_code":"38214","municipality":"西予市","total_population":80,"population_65plus":41,"population_75plus":16,"aging_rate_65plus":0.5125,"aging_rate_75plus":0.2,"population_status":"1","population_status_target":null,"population_aggregation_target":"503204552;503204563","age_65plus_missing":false,"age_75plus_missing":false,"age_quality_flag":"ok","data_completeness":"complete"}},{"type":"Feature","geometry":{"type":"Polygon","coordinates":[[[132.58124999999998,33.375],[132.58749999999998,33.375],[132.58749999999998,33.37916666666667],[132.58124999999998,33.37916666666667],[132.58124999999998,33.375]]]},"properties":{"type":"Feature","mesh_id":"503204563","municipality_code":"38214","municipality":"西予市","total_population":3,"population_65plus":null,"population_75plus":null,"aging_rate_65plus":null,"aging_rate_75plus":null,"population_status":"2","population_status_target":"503204554","population_aggregation_target":null,"age_65plus_missing":true,"age_75plus_missing":true,"age_quality_flag":"ok","data_completeness":"partial"}},{"type":"Feature","geometry":{"type":"Polygon","coordinates":[[[132.6,33.37916666666667],[132.60625,33.37916666666667],[132.60625,33.38333333333334],[132.6,33.38333333333334],[132.6,33.37916666666667]]]},"properties":{"type":"Feature","mesh_id":"503204582","municipality_code":"38214","municipality":"西予市","total_population":6,"population_65plus":null,"population_75plus":null,"aging_rate_65plus":null,"aging_rate_75plus":null,"population_status":"2","population_status_target":"503204672","population_aggregation_target":null,"age_65plus_missing":true,"age_75plus_missing":true,"age_quality_flag":"ok","data_completeness":"partial"}},{"type":"Feature","geometry":{"type":"Polygon","coordinates":[[[132.5,33.38333333333333],[132.50625,33.38333333333333],[132.50625,33.3875],[132.5,33.3875],[132.5,33.38333333333333]]]},"properties":{"type":"Feature","mesh_id":"503204601","municipality_code":"38214","municipality":"西予市","total_population":602,"population_65plus":218,"population_75plus":184,"aging_rate_65plus":0.36212624584717606,"aging_rate_75plus":0.30564784053156147,"population_status":"0","population_status_target":null,"population_aggregation_target":null,"age_65plus_missing":false,"age_75plus_missing":false,"age_quality_flag":"ok","data_completeness":"complete"}},{"type":"Feature","geometry":{"type":"Polygon","coordinates":[[[132.5,33.3875],[132.50625,33.3875],[132.50625,33.39166666666667],[132.5,33.39166666666667],[132.5,33.3875]]]},"properties":{"type":"Feature","mesh_id":"503204602","municipality_code":"38214","municipality":"西予市","total_population":18,"population_65plus":6,"population_75plus":3,"aging_rate_65plus":0.3333333333333333,"aging_rate_75plus":0.16666666666666666,"population_status":"0","population_status_target":null,"population_aggregation_target":null,"age_65plus_missing":false,"age_75plus_missing":false,"age_quality_flag":"ok","data_completeness":"complete"}},{"type":"Feature","geometry":{"type":"Polygon","coordinates":[[[132.50625,33.38333333333333],[132.5125,33.38333333333333],[132.5125,33.3875],[132.50625,33.3875],[132.50625,33.38333333333333]]]},"properties":{"type":"Feature","mesh_id":"503204603","municipality_code":"38214","municipality":"西予市","total_population":447,"population_65plus":65,"population_75plus":35,"aging_rate_65plus":0.14541387024608501,"aging_rate_75plus":0.07829977628635347,"population_status":"0","population_status_target":null,"population_aggregation_target":null,"age_65plus_missing":false,"age_75plus_missing":false,"age_quality_flag":"ok","data_completeness":"complete"}},{"type":"Feature","geometry":{"type":"Polygon","coordinates":[[[132.50625,33.3875],[132.5125,33.3875],[132.5125,33.39166666666667],[132.50625,33.39166666666667],[132.50625,33.3875]]]},"properties":{"type":"Feature","mesh_id":"503204604","municipality_code":"38214","municipality":"西予市","total_population":34,"population_65plus":6,"population_75plus":3,"aging_rate_65plus":0.17647058823529413,"aging_rate_75plus":0.08823529411764706,"population_status":"0","population_status_target":null,"population_aggregation_target":null,"age_65plus_missing":false,"age_75plus_missing":false,"age_quality_flag":"ok","data_completeness":"complete"}},{"type":"Feature","geometry":{"type":"Polygon","coordinates":[[[132.525,33.38333333333333],[132.53125,33.38333333333333],[132.53125,33.3875],[132.525,33.3875],[132.525,33.38333333333333]]]},"properties":{"type":"Feature","mesh_id":"503204621","municipality_code":"38214","municipality":"西予市","total_population":24,"population_65plus":7,"population_75plus":4,"aging_rate_65plus":0.2916666666666667,"aging_rate_75plus":0.16666666666666666,"population_status":"0","population_status_target":null,"population_aggregation_target":null,"age_65plus_missing":false,"age_75plus_missing":false,"age_quality_flag":"ok","data_completeness":"complete"}},{"type":"Feature","geometry":{"type":"Polygon","coordinates":[[[132.525,33.3875],[132.53125,33.3875],[132.53125,33.39166666666667],[132.525,33.39166666666667],[132.525,33.3875]]]},"properties":{"type":"Feature","mesh_id":"503204622","municipality_code":"38214","municipality":"西予市","total_population":76,"population_65plus":41,"population_75plus":25,"aging_rate_65plus":0.5394736842105263,"aging_rate_75plus":0.32894736842105265,"population_status":"0","population_status_target":null,"population_aggregation_target":null,"age_65plus_missing":false,"age_75plus_missing":false,"age_quality_flag":"ok","data_completeness":"complete"}},{"type":"Feature","geometry":{"type":"Polygon","coordinates":[[[132.53125,33.38333333333333],[132.5375,33.38333333333333],[132.5375,33.3875],[132.53125,33.3875],[132.53125,33.38333333333333]]]},"properties":{"type":"Feature","mesh_id":"503204623","municipality_code":"38214","municipality":"西予市","total_population":4,"population_65plus":null,"population_75plus":null,"aging_rate_65plus":null,"aging_rate_75plus":null,"population_status":"2","population_status_target":"503204624","population_aggregation_target":null,"age_65plus_missing":true,"age_75plus_missing":true,"age_quality_flag":"ok","data_completeness":"partial"}},{"type":"Feature","geometry":{"type":"Polygon","coordinates":[[[132.53125,33.3875],[132.5375,33.3875],[132.5375,33.39166666666667],[132.53125,33.39166666666667],[132.53125,33.3875]]]},"properties":{"type":"Feature","mesh_id":"503204624","municipality_code":"38214","municipality":"西予市","total_population":40,"population_65plus":12,"population_75plus":5,"aging_rate_65plus":0.3,"aging_rate_75plus":0.125,"population_status":"1","population_status_target":null,"population_aggregation_target":"503204623","age_65plus_missing":false,"age_75plus_missing":false,"age_quality_flag":"ok","data_completeness":"complete"}},{"type":"Feature","geometry":{"type":"Polygon","coordinates":[[[132.575,33.38333333333333],[132.58124999999998,33.38333333333333],[132.58124999999998,33.3875],[132.575,33.3875],[132.575,33.38333333333333]]]},"properties":{"type":"Feature","mesh_id":"503204661","municipality_code":"38214","municipality":"西予市","total_population":9,"population_65plus":6,"population_75plus":4,"aging_rate_65plus":0.6666666666666666,"aging_rate_75plus":0.4444444444444444,"population_status":"0","population_status_target":null,"population_aggregation_target":null,"age_65plus_missing":false,"age_75plus_missing":false,"age_quality_flag":"ok","data_completeness":"complete"}},{"type":"Feature","geometry":{"type":"Polygon","coordinates":[[[132.5875,33.3875],[132.59375,33.3875],[132.59375,33.39166666666667],[132.5875,33.39166666666667],[132.5875,33.3875]]]},"properties":{"type":"Feature","mesh_id":"503204672","municipality_code":"38214","municipality":"西予市","total_population":25,"population_65plus":18,"population_75plus":10,"aging_rate_65plus":0.72,"aging_rate_75plus":0.4,"population_status":"1","population_status_target":null,"population_aggregation_target":"503204582","age_65plus_missing":false,"age_75plus_missing":false,"age_quality_flag":"ok","data_completeness":"complete"}},{"type":"Feature","geometry":{"type":"Polygon","coordinates":[[[132.59375,33.38333333333333],[132.6,33.38333333333333],[132.6,33.3875],[132.59375,33.3875],[132.59375,33.38333333333333]]]},"properties":{"type":"Feature","mesh_id":"503204673","municipality_code":"38214","municipality":"西予市","total_population":31,"population_65plus":17,"population_75plus":11,"aging_rate_65plus":0.5483870967741935,"aging_rate_75plus":0.3548387096774194,"population_status":"0","population_status_target":null,"population_aggregation_target":null,"age_65plus_missing":false,"age_75plus_missing":false,"age_quality_flag":"ok","data_completeness":"complete"}},{"type":"Feature","geometry":{"type":"Polygon","coordinates":[[[132.59375,33.3875],[132.6,33.3875],[132.6,33.39166666666667],[132.59375,33.39166666666667],[132.59375,33.3875]]]},"properties":{"type":"Feature","mesh_id":"503204674","municipality_code":"38214","municipality":"西予市","total_population":12,"population_65plus":7,"population_75plus":2,"aging_rate_65plus":0.5833333333333334,"aging_rate_75plus":0.16666666666666666,"population_status":"0","population_status_target":null,"population_aggregation_target":null,"age_65plus_missing":false,"age_75plus_missing":false,"age_quality_flag":"ok","data_completeness":"complete"}},{"type":"Feature","geometry":{"type":"Polygon","coordinates":[[[132.6,33.38333333333333],[132.60625,33.38333333333333],[132.60625,33.3875],[132.6,33.3875],[132.6,33.38333333333333]]]},"properties":{"type":"Feature","mesh_id":"503204681","municipality_code":"38214","municipality":"西予市","total_population":71,"population_65plus":29,"population_75plus":18,"aging_rate_65plus":0.4084507042253521,"aging_rate_75plus":0.2535211267605634,"population_status":"0","population_status_target":null,"population_aggregation_target":null,"age_65plus_missing":false,"age_75plus_missing":false,"age_quality_flag":"ok","data_completeness":"complete"}},{"type":"Feature","geometry":{"type":"Polygon","coordinates":[[[132.6,33.3875],[132.60625,33.3875],[132.60625,33.39166666666667],[132.6,33.39166666666667],[132.6,33.3875]]]},"properties":{"type":"Feature","mesh_id":"503204682","municipality_code":"38214","municipality":"西予市","total_population":21,"population_65plus":12,"population_75plus":11,"aging_rate_65plus":0.5714285714285714,"aging_rate_75plus":0.5238095238095238,"population_status":"1","population_status_target":null,"population_aggregation_target":"503204691","age_65plus_missing":false,"age_75plus_missing":false,"age_quality_flag":"ok","data_completeness":"complete"}},{"type":"Feature","geometry":{"type":"Polygon","coordinates":[[[132.60625,33.3875],[132.61249999999998,33.3875],[132.61249999999998,33.39166666666667],[132.60625,33.39166666666667],[132.60625,33.3875]]]},"properties":{"type":"Feature","mesh_id":"503204684","municipality_code":"38214","municipality":"西予市","total_population":65,"population_65plus":35,"population_75plus":23,"aging_rate_65plus":0.5384615384615384,"aging_rate_75plus":0.35384615384615387,"population_status":"0","population_status_target":null,"population_aggregation_target":null,"age_65plus_missing":false,"age_75plus_missing":false,"age_quality_flag":"ok","data_completeness":"complete"}},{"type":"Feature","geometry":{"type":"Polygon","coordinates":[[[132.6125,33.38333333333333],[132.61875,33.38333333333333],[132.61875,33.3875],[132.6125,33.3875],[132.6125,33.38333333333333]]]},"properties":{"type":"Feature","mesh_id":"503204691","municipality_code":"38214","municipality":"西予市","total_population":3,"population_65plus":null,"population_75plus":null,"aging_rate_65plus":null,"aging_rate_75plus":null,"population_status":"2","population_status_target":"503204682","population_aggregation_target":null,"age_65plus_missing":true,"age_75plus_missing":true,"age_quality_flag":"ok","data_completeness":"partial"}},{"type":"Feature","geometry":{"type":"Polygon","coordinates":[[[132.5,33.391666666666666],[132.50625,33.391666666666666],[132.50625,33.395833333333336],[132.5,33.395833333333336],[132.5,33.391666666666666]]]},"properties":{"type":"Feature","mesh_id":"503204701","municipality_code":"38214","municipality":"西予市","total_population":73,"population_65plus":27,"population_75plus":14,"aging_rate_65plus":0.3698630136986301,"aging_rate_75plus":0.1917808219178082,"population_status":"0","population_status_target":null,"population_aggregation_target":null,"age_65plus_missing":false,"age_75plus_missing":false,"age_quality_flag":"ok","data_completeness":"complete"}},{"type":"Feature","geometry":{"type":"Polygon","coordinates":[[[132.5,33.395833333333336],[132.50625,33.395833333333336],[132.50625,33.400000000000006],[132.5,33.400000000000006],[132.5,33.395833333333336]]]},"properties":{"type":"Feature","mesh_id":"503204702","municipality_code":"38214","municipality":"西予市","total_population":229,"population_65plus":88,"population_75plus":35,"aging_rate_65plus":0.38427947598253276,"aging_rate_75plus":0.15283842794759825,"population_status":"0","population_status_target":null,"population_aggregation_target":null,"age_65plus_missing":false,"age_75plus_missing":false,"age_quality_flag":"ok","data_completeness":"complete"}},{"type":"Feature","geometry":{"type":"Polygon","coordinates":[[[132.50625,33.391666666666666],[132.5125,33.391666666666666],[132.5125,33.395833333333336],[132.50625,33.395833333333336],[132.50625,33.391666666666666]]]},"properties":{"type":"Feature","mesh_id":"503204703","municipality_code":"38214","municipality":"西予市","total_population":30,"population_65plus":12,"population_75plus":6,"aging_rate_65plus":0.4,"aging_rate_75plus":0.2,"population_status":"0","population_status_target":null,"population_aggregation_target":null,"age_65plus_missing":false,"age_75plus_missing":false,"age_quality_flag":"ok","data_completeness":"complete"}},{"type":"Feature","geometry":{"type":"Polygon","coordinates":[[[132.50625,33.395833333333336],[132.5125,33.395833333333336],[132.5125,33.400000000000006],[132.50625,33.400000000000006],[132.50625,33.395833333333336]]]},"properties":{"type":"Feature","mesh_id":"503204704","municipality_code":"38214","municipality":"西予市","total_population":76,"population_65plus":28,"population_75plus":18,"aging_rate_65plus":0.3684210526315789,"aging_rate_75plus":0.23684210526315788,"population_status":"0","population_status_target":null,"population_aggregation_target":null,"age_65plus_missing":false,"age_75plus_missing":false,"age_quality_flag":"ok","data_completeness":"complete"}},{"type":"Feature","geometry":{"type":"Polygon","coordinates":[[[132.51874999999998,33.391666666666666],[132.52499999999998,33.391666666666666],[132.52499999999998,33.395833333333336],[132.51874999999998,33.395833333333336],[132.51874999999998,33.391666666666666]]]},"properties":{"type":"Feature","mesh_id":"503204713","municipality_code":"38214","municipality":"西予市","total_population":2,"population_65plus":null,"population_75plus":null,"aging_rate_65plus":null,"aging_rate_75plus":null,"population_status":"2","population_status_target":"503204811","population_aggregation_target":null,"age_65plus_missing":true,"age_75plus_missing":true,"age_quality_flag":"ok","data_completeness":"partial"}},{"type":"Feature","geometry":{"type":"Polygon","coordinates":[[[132.525,33.391666666666666],[132.53125,33.391666666666666],[132.53125,33.395833333333336],[132.525,33.395833333333336],[132.525,33.391666666666666]]]},"properties":{"type":"Feature","mesh_id":"503204721","municipality_code":"38214","municipality":"西予市","total_population":19,"population_65plus":13,"population_75plus":10,"aging_rate_65plus":0.6842105263157895,"aging_rate_75plus":0.5263157894736842,"population_status":"0","population_status_target":null,"population_aggregation_target":null,"age_65plus_missing":false,"age_75plus_missing":false,"age_quality_flag":"ok","data_completeness":"complete"}},{"type":"Feature","geometry":{"type":"Polygon","coordinates":[[[132.525,33.395833333333336],[132.53125,33.395833333333336],[132.53125,33.400000000000006],[132.525,33.400000000000006],[132.525,33.395833333333336]]]},"properties":{"type":"Feature","mesh_id":"503204722","municipality_code":"38214","municipality":"西予市","total_population":46,"population_65plus":23,"population_75plus":10,"aging_rate_65plus":0.5,"aging_rate_75plus":0.21739130434782608,"population_status":"0","population_status_target":null,"population_aggregation_target":null,"age_65plus_missing":false,"age_75plus_missing":false,"age_quality_flag":"ok","data_completeness":"complete"}},{"type":"Feature","geometry":{"type":"Polygon","coordinates":[[[132.53125,33.391666666666666],[132.5375,33.391666666666666],[132.5375,33.395833333333336],[132.53125,33.395833333333336],[132.53125,33.391666666666666]]]},"properties":{"type":"Feature","mesh_id":"503204723","municipality_code":"38214","municipality":"西予市","total_population":42,"population_65plus":21,"population_75plus":13,"aging_rate_65plus":0.5,"aging_rate_75plus":0.30952380952380953,"population_status":"0","population_status_target":null,"population_aggregation_target":null,"age_65plus_missing":false,"age_75plus_missing":false,"age_quality_flag":"ok","data_completeness":"complete"}},{"type":"Feature","geometry":{"type":"Polygon","coordinates":[[[132.53125,33.395833333333336],[132.5375,33.395833333333336],[132.5375,33.400000000000006],[132.53125,33.400000000000006],[132.53125,33.395833333333336]]]},"properties":{"type":"Feature","mesh_id":"503204724","municipality_code":"38214","municipality":"西予市","total_population":82,"population_65plus":38,"population_75plus":23,"aging_rate_65plus":0.4634146341463415,"aging_rate_75plus":0.2804878048780488,"population_status":"0","population_status_target":null,"population_aggregation_target":null,"age_65plus_missing":false,"age_75plus_missing":false,"age_quality_flag":"ok","data_completeness":"complete"}},{"type":"Feature","geometry":{"type":"Polygon","coordinates":[[[132.54375,33.391666666666666],[132.54999999999998,33.391666666666666],[132.54999999999998,33.395833333333336],[132.54375,33.395833333333336],[132.54375,33.391666666666666]]]},"properties":{"type":"Feature","mesh_id":"503204733","municipality_code":"38214","municipality":"西予市","total_population":20,"population_65plus":14,"population_75plus":6,"aging_rate_65plus":0.7,"aging_rate_75plus":0.3,"population_status":"0","population_status_target":null,"population_aggregation_target":null,"age_65plus_missing":false,"age_75plus_missing":false,"age_quality_flag":"ok","data_completeness":"complete"}},{"type":"Feature","geometry":{"type":"Polygon","coordinates":[[[132.58124999999998,33.395833333333336],[132.58749999999998,33.395833333333336],[132.58749999999998,33.400000000000006],[132.58124999999998,33.400000000000006],[132.58124999999998,33.395833333333336]]]},"properties":{"type":"Feature","mesh_id":"503204764","municipality_code":"38214","municipality":"西予市","total_population":5,"population_65plus":null,"population_75plus":null,"aging_rate_65plus":null,"aging_rate_75plus":null,"population_status":"2","population_status_target":"503204771","population_aggregation_target":null,"age_65plus_missing":true,"age_75plus_missing":true,"age_quality_flag":"ok","data_completeness":"partial"}},{"type":"Feature","geometry":{"type":"Polygon","coordinates":[[[132.5875,33.391666666666666],[132.59375,33.391666666666666],[132.59375,33.395833333333336],[132.5875,33.395833333333336],[132.5875,33.391666666666666]]]},"properties":{"type":"Feature","mesh_id":"503204771","municipality_code":"38214","municipality":"西予市","total_population":17,"population_65plus":13,"population_75plus":12,"aging_rate_65plus":0.7647058823529411,"aging_rate_75plus":0.7058823529411765,"population_status":"1","population_status_target":null,"population_aggregation_target":"503204764","age_65plus_missing":false,"age_75plus_missing":false,"age_quality_flag":"ok","data_completeness":"complete"}},{"type":"Feature","geometry":{"type":"Polygon","coordinates":[[[132.59375,33.391666666666666],[132.6,33.391666666666666],[132.6,33.395833333333336],[132.59375,33.395833333333336],[132.59375,33.391666666666666]]]},"properties":{"type":"Feature","mesh_id":"503204773","municipality_code":"38214","municipality":"西予市","total_population":10,"population_65plus":4,"population_75plus":3,"aging_rate_65plus":0.4,"aging_rate_75plus":0.3,"population_status":"0","population_status_target":null,"population_aggregation_target":null,"age_65plus_missing":false,"age_75plus_missing":false,"age_quality_flag":"ok","data_completeness":"complete"}},{"type":"Feature","geometry":{"type":"Polygon","coordinates":[[[132.6,33.395833333333336],[132.60625,33.395833333333336],[132.60625,33.400000000000006],[132.6,33.400000000000006],[132.6,33.395833333333336]]]},"properties":{"type":"Feature","mesh_id":"503204782","municipality_code":"38214","municipality":"西予市","total_population":15,"population_65plus":7,"population_75plus":5,"aging_rate_65plus":0.4666666666666667,"aging_rate_75plus":0.3333333333333333,"population_status":"0","population_status_target":null,"population_aggregation_target":null,"age_65plus_missing":false,"age_75plus_missing":false,"age_quality_flag":"ok","data_completeness":"complete"}},{"type":"Feature","geometry":{"type":"Polygon","coordinates":[[[132.5,33.400000000000006],[132.50625,33.400000000000006],[132.50625,33.404166666666676],[132.5,33.404166666666676],[132.5,33.400000000000006]]]},"properties":{"type":"Feature","mesh_id":"503204801","municipality_code":"38214","municipality":"西予市","total_population":39,"population_65plus":19,"population_75plus":12,"aging_rate_65plus":0.48717948717948717,"aging_rate_75plus":0.3076923076923077,"population_status":"0","population_status_target":null,"population_aggregation_target":null,"age_65plus_missing":false,"age_75plus_missing":false,"age_quality_flag":"ok","data_completeness":"complete"}},{"type":"Feature","geometry":{"type":"Polygon","coordinates":[[[132.5,33.404166666666676],[132.50625,33.404166666666676],[132.50625,33.408333333333346],[132.5,33.408333333333346],[132.5,33.404166666666676]]]},"properties":{"type":"Feature","mesh_id":"503204802","municipality_code":"38214","municipality":"西予市","total_population":180,"population_65plus":73,"population_75plus":45,"aging_rate_65plus":0.40555555555555556,"aging_rate_75plus":0.25,"population_status":"1","population_status_target":null,"population_aggregation_target":"503204804","age_65plus_missing":false,"age_75plus_missing":false,"age_quality_flag":"ok","data_completeness":"complete"}},{"type":"Feature","geometry":{"type":"Polygon","coordinates":[[[132.50625,33.400000000000006],[132.5125,33.400000000000006],[132.5125,33.404166666666676],[132.50625,33.404166666666676],[132.50625,33.400000000000006]]]},"properties":{"type":"Feature","mesh_id":"503204803","municipality_code":"38214","municipality":"西予市","total_population":37,"population_65plus":14,"population_75plus":8,"aging_rate_65plus":0.3783783783783784,"aging_rate_75plus":0.21621621621621623,"population_status":"0","population_status_target":null,"population_aggregation_target":null,"age_65plus_missing":false,"age_75plus_missing":false,"age_quality_flag":"ok","data_completeness":"complete"}},{"type":"Feature","geometry":{"type":"Polygon","coordinates":[[[132.50625,33.404166666666676],[132.5125,33.404166666666676],[132.5125,33.408333333333346],[132.50625,33.408333333333346],[132.50625,33.404166666666676]]]},"properties":{"type":"Feature","mesh_id":"503204804","municipality_code":"38214","municipality":"西予市","total_population":1,"population_65plus":null,"population_75plus":null,"aging_rate_65plus":null,"aging_rate_75plus":null,"population_status":"2","population_status_target":"503204802","population_aggregation_target":null,"age_65plus_missing":true,"age_75plus_missing":true,"age_quality_flag":"ok","data_completeness":"partial"}},{"type":"Feature","geometry":{"type":"Polygon","coordinates":[[[132.5125,33.400000000000006],[132.51874999999998,33.400000000000006],[132.51874999999998,33.404166666666676],[132.5125,33.404166666666676],[132.5125,33.400000000000006]]]},"properties":{"type":"Feature","mesh_id":"503204811","municipality_code":"38214","municipality":"西予市","total_population":58,"population_65plus":24,"population_75plus":10,"aging_rate_65plus":0.41379310344827586,"aging_rate_75plus":0.1724137931034483,"population_status":"1","population_status_target":null,"population_aggregation_target":"503204713","age_65plus_missing":false,"age_75plus_missing":false,"age_quality_flag":"ok","data_completeness":"complete"}},{"type":"Feature","geometry":{"type":"Polygon","coordinates":[[[132.51874999999998,33.400000000000006],[132.52499999999998,33.400000000000006],[132.52499999999998,33.404166666666676],[132.51874999999998,33.404166666666676],[132.51874999999998,33.400000000000006]]]},"properties":{"type":"Feature","mesh_id":"503204813","municipality_code":"38214","municipality":"西予市","total_population":83,"population_65plus":32,"population_75plus":12,"aging_rate_65plus":0.3855421686746988,"aging_rate_75plus":0.14457831325301204,"population_status":"1","population_status_target":null,"population_aggregation_target":"503204911","age_65plus_missing":false,"age_75plus_missing":false,"age_quality_flag":"ok","data_completeness":"complete"}},{"type":"Feature","geometry":{"type":"Polygon","coordinates":[[[132.525,33.404166666666676],[132.53125,33.404166666666676],[132.53125,33.408333333333346],[132.525,33.408333333333346],[132.525,33.404166666666676]]]},"properties":{"type":"Feature","mesh_id":"503204822","municipality_code":"38214","municipality":"西予市","total_population":123,"population_65plus":60,"population_75plus":35,"aging_rate_65plus":0.4878048780487805,"aging_rate_75plus":0.2845528455284553,"population_status":"1","population_status_target":null,"population_aggregation_target":"503204824","age_65plus_missing":false,"age_75plus_missing":false,"age_quality_flag":"ok","data_completeness":"complete"}},{"type":"Feature","geometry":{"type":"Polygon","coordinates":[[[132.53125,33.404166666666676],[132.5375,33.404166666666676],[132.5375,33.408333333333346],[132.53125,33.408333333333346],[132.53125,33.404166666666676]]]},"properties":{"type":"Feature","mesh_id":"503204824","municipality_code":"38214","municipality":"西予市","total_population":2,"population_65plus":null,"population_75plus":null,"aging_rate_65plus":null,"aging_rate_75plus":null,"population_status":"2","population_status_target":"503204822","population_aggregation_target":null,"age_65plus_missing":true,"age_75plus_missing":true,"age_quality_flag":"ok","data_completeness":"partial"}},{"type":"Feature","geometry":{"type":"Polygon","coordinates":[[[132.5375,33.400000000000006],[132.54375,33.400000000000006],[132.54375,33.404166666666676],[132.5375,33.404166666666676],[132.5375,33.400000000000006]]]},"properties":{"type":"Feature","mesh_id":"503204831","municipality_code":"38214","municipality":"西予市","total_population":8,"population_65plus":4,"population_75plus":1,"aging_rate_65plus":0.5,"aging_rate_75plus":0.125,"population_status":"0","population_status_target":null,"population_aggregation_target":null,"age_65plus_missing":false,"age_75plus_missing":false,"age_quality_flag":"ok","data_completeness":"complete"}},{"type":"Feature","geometry":{"type":"Polygon","coordinates":[[[132.54375,33.400000000000006],[132.54999999999998,33.400000000000006],[132.54999999999998,33.404166666666676],[132.54375,33.404166666666676],[132.54375,33.400000000000006]]]},"properties":{"type":"Feature","mesh_id":"503204833","municipality_code":"38214","municipality":"西予市","total_population":17,"population_65plus":11,"population_75plus":7,"aging_rate_65plus":0.6470588235294118,"aging_rate_75plus":0.4117647058823529,"population_status":"0","population_status_target":null,"population_aggregation_target":null,"age_65plus_missing":false,"age_75plus_missing":false,"age_quality_flag":"ok","data_completeness":"complete"}},{"type":"Feature","geometry":{"type":"Polygon","coordinates":[[[132.575,33.404166666666676],[132.58124999999998,33.404166666666676],[132.58124999999998,33.408333333333346],[132.575,33.408333333333346],[132.575,33.404166666666676]]]},"properties":{"type":"Feature","mesh_id":"503204862","municipality_code":"38214","municipality":"西予市","total_population":22,"population_65plus":14,"population_75plus":9,"aging_rate_65plus":0.6363636363636364,"aging_rate_75plus":0.4090909090909091,"population_status":"0","population_status_target":null,"population_aggregation_target":null,"age_65plus_missing":false,"age_75plus_missing":false,"age_quality_flag":"ok","data_completeness":"complete"}},{"type":"Feature","geometry":{"type":"Polygon","coordinates":[[[132.58124999999998,33.404166666666676],[132.58749999999998,33.404166666666676],[132.58749999999998,33.408333333333346],[132.58124999999998,33.408333333333346],[132.58124999999998,33.404166666666676]]]},"properties":{"type":"Feature","mesh_id":"503204864","municipality_code":"38214","municipality":"西予市","total_population":13,"population_65plus":7,"population_75plus":2,"aging_rate_65plus":0.5384615384615384,"aging_rate_75plus":0.15384615384615385,"population_status":"0","population_status_target":null,"population_aggregation_target":null,"age_65plus_missing":false,"age_75plus_missing":false,"age_quality_flag":"ok","data_completeness":"complete"}},{"type":"Feature","geometry":{"type":"Polygon","coordinates":[[[132.5875,33.400000000000006],[132.59375,33.400000000000006],[132.59375,33.404166666666676],[132.5875,33.404166666666676],[132.5875,33.400000000000006]]]},"properties":{"type":"Feature","mesh_id":"503204871","municipality_code":"38214","municipality":"西予市","total_population":40,"population_65plus":18,"population_75plus":8,"aging_rate_65plus":0.45,"aging_rate_75plus":0.2,"population_status":"0","population_status_target":null,"population_aggregation_target":null,"age_65plus_missing":false,"age_75plus_missing":false,"age_quality_flag":"ok","data_completeness":"complete"}},{"type":"Feature","geometry":{"type":"Polygon","coordinates":[[[132.59375,33.400000000000006],[132.6,33.400000000000006],[132.6,33.404166666666676],[132.59375,33.404166666666676],[132.59375,33.400000000000006]]]},"properties":{"type":"Feature","mesh_id":"503204873","municipality_code":"38214","municipality":"西予市","total_population":15,"population_65plus":10,"population_75plus":5,"aging_rate_65plus":0.6666666666666666,"aging_rate_75plus":0.3333333333333333,"population_status":"0","population_status_target":null,"population_aggregation_target":null,"age_65plus_missing":false,"age_75plus_missing":false,"age_quality_flag":"ok","data_completeness":"complete"}},{"type":"Feature","geometry":{"type":"Polygon","coordinates":[[[132.5,33.40833333333334],[132.50625,33.40833333333334],[132.50625,33.41250000000001],[132.5,33.41250000000001],[132.5,33.40833333333334]]]},"properties":{"type":"Feature","mesh_id":"503204901","municipality_code":"38214","municipality":"西予市","total_population":1,"population_65plus":null,"population_75plus":null,"aging_rate_65plus":null,"aging_rate_75plus":null,"population_status":"2","population_status_target":"503204902","population_aggregation_target":null,"age_65plus_missing":true,"age_75plus_missing":true,"age_quality_flag":"ok","data_completeness":"partial"}},{"type":"Feature","geometry":{"type":"Polygon","coordinates":[[[132.5,33.41250000000001],[132.50625,33.41250000000001],[132.50625,33.41666666666668],[132.5,33.41666666666668],[132.5,33.41250000000001]]]},"properties":{"type":"Feature","mesh_id":"503204902","municipality_code":"38214","municipality":"西予市","total_population":104,"population_65plus":42,"population_75plus":21,"aging_rate_65plus":0.40384615384615385,"aging_rate_75plus":0.20192307692307693,"population_status":"1","population_status_target":null,"population_aggregation_target":"503204901","age_65plus_missing":false,"age_75plus_missing":false,"age_quality_flag":"ok","data_completeness":"complete"}},{"type":"Feature","geometry":{"type":"Polygon","coordinates":[[[132.50625,33.41250000000001],[132.5125,33.41250000000001],[132.5125,33.41666666666668],[132.50625,33.41666666666668],[132.50625,33.41250000000001]]]},"properties":{"type":"Feature","mesh_id":"503204904","municipality_code":"38214","municipality":"西予市","total_population":28,"population_65plus":9,"population_75plus":3,"aging_rate_65plus":0.32142857142857145,"aging_rate_75plus":0.10714285714285714,"population_status":"0","population_status_target":null,"population_aggregation_target":null,"age_65plus_missing":false,"age_75plus_missing":false,"age_quality_flag":"ok","data_completeness":"complete"}},{"type":"Feature","geometry":{"type":"Polygon","coordinates":[[[132.5125,33.40833333333334],[132.51874999999998,33.40833333333334],[132.51874999999998,33.41250000000001],[132.5125,33.41250000000001],[132.5125,33.40833333333334]]]},"properties":{"type":"Feature","mesh_id":"503204911","municipality_code":"38214","municipality":"西予市","total_population":7,"population_65plus":null,"population_75plus":null,"aging_rate_65plus":null,"aging_rate_75plus":null,"population_status":"2","population_status_target":"503204813","population_aggregation_target":null,"age_65plus_missing":true,"age_75plus_missing":true,"age_quality_flag":"ok","data_completeness":"partial"}},{"type":"Feature","geometry":{"type":"Polygon","coordinates":[[[132.5875,33.40833333333334],[132.59375,33.40833333333334],[132.59375,33.41250000000001],[132.5875,33.41250000000001],[132.5875,33.40833333333334]]]},"properties":{"type":"Feature","mesh_id":"503204971","municipality_code":"38214","municipality":"西予市","total_population":27,"population_65plus":15,"population_75plus":11,"aging_rate_65plus":0.5555555555555556,"aging_rate_75plus":0.4074074074074074,"population_status":"0","population_status_target":null,"population_aggregation_target":null,"age_65plus_missing":false,"age_75plus_missing":false,"age_quality_flag":"ok","data_completeness":"complete"}},{"type":"Feature","geometry":{"type":"Polygon","coordinates":[[[132.59375,33.40833333333334],[132.6,33.40833333333334],[132.6,33.41250000000001],[132.59375,33.41250000000001],[132.59375,33.40833333333334]]]},"properties":{"type":"Feature","mesh_id":"503204973","municipality_code":"38214","municipality":"西予市","total_population":58,"population_65plus":25,"population_75plus":14,"aging_rate_65plus":0.43103448275862066,"aging_rate_75plus":0.2413793103448276,"population_status":"0","population_status_target":null,"population_aggregation_target":null,"age_65plus_missing":false,"age_75plus_missing":false,"age_quality_flag":"ok","data_completeness":"complete"}},{"type":"Feature","geometry":{"type":"Polygon","coordinates":[[[132.59375,33.41250000000001],[132.6,33.41250000000001],[132.6,33.41666666666668],[132.59375,33.41666666666668],[132.59375,33.41250000000001]]]},"properties":{"type":"Feature","mesh_id":"503204974","municipality_code":"38214","municipality":"西予市","total_population":26,"population_65plus":14,"population_75plus":4,"aging_rate_65plus":0.5384615384615384,"aging_rate_75plus":0.15384615384615385,"population_status":"0","population_status_target":null,"population_aggregation_target":null,"age_65plus_missing":false,"age_75plus_missing":false,"age_quality_flag":"ok","data_completeness":"complete"}},{"type":"Feature","geometry":{"type":"Polygon","coordinates":[[[132.60625,33.41250000000001],[132.61249999999998,33.41250000000001],[132.61249999999998,33.41666666666668],[132.60625,33.41666666666668],[132.60625,33.41250000000001]]]},"properties":{"type":"Feature","mesh_id":"503204984","municipality_code":"38214","municipality":"西予市","total_population":8,"population_65plus":6,"population_75plus":6,"aging_rate_65plus":0.75,"aging_rate_75plus":0.75,"population_status":"0","population_status_target":null,"population_aggregation_target":null,"age_65plus_missing":false,"age_75plus_missing":false,"age_quality_flag":"ok","data_completeness":"complete"}},{"type":"Feature","geometry":{"type":"Polygon","coordinates":[[[132.6125,33.41250000000001],[132.61875,33.41250000000001],[132.61875,33.41666666666668],[132.6125,33.41666666666668],[132.6125,33.41250000000001]]]},"properties":{"type":"Feature","mesh_id":"503204992","municipality_code":"38214","municipality":"西予市","total_population":10,"population_65plus":null,"population_75plus":null,"aging_rate_65plus":null,"aging_rate_75plus":null,"population_status":"2","population_status_target":"503204994","population_aggregation_target":null,"age_65plus_missing":true,"age_75plus_missing":true,"age_quality_flag":"ok","data_completeness":"partial"}},{"type":"Feature","geometry":{"type":"Polygon","coordinates":[[[132.61875,33.40833333333334],[132.625,33.40833333333334],[132.625,33.41250000000001],[132.61875,33.41250000000001],[132.61875,33.40833333333334]]]},"properties":{"type":"Feature","mesh_id":"503204993","municipality_code":"38214","municipality":"西予市","total_population":25,"population_65plus":12,"population_75plus":9,"aging_rate_65plus":0.48,"aging_rate_75plus":0.36,"population_status":"0","population_status_target":null,"population_aggregation_target":null,"age_65plus_missing":false,"age_75plus_missing":false,"age_quality_flag":"ok","data_completeness":"complete"}},{"type":"Feature","geometry":{"type":"Polygon","coordinates":[[[132.61875,33.41250000000001],[132.625,33.41250000000001],[132.625,33.41666666666668],[132.61875,33.41666666666668],[132.61875,33.41250000000001]]]},"properties":{"type":"Feature","mesh_id":"503204994","municipality_code":"38214","municipality":"西予市","total_population":52,"population_65plus":33,"population_75plus":18,"aging_rate_65plus":0.6346153846153846,"aging_rate_75plus":0.34615384615384615,"population_status":"1","population_status_target":null,"population_aggregation_target":"503204992","age_65plus_missing":false,"age_75plus_missing":false,"age_quality_flag":"ok","data_completeness":"complete"}},{"type":"Feature","geometry":{"type":"Polygon","coordinates":[[[132.6375,33.333333333333336],[132.64374999999998,33.333333333333336],[132.64374999999998,33.337500000000006],[132.6375,33.337500000000006],[132.6375,33.333333333333336]]]},"properties":{"type":"Feature","mesh_id":"503205011","municipality_code":"38214","municipality":"西予市","total_population":1,"population_65plus":null,"population_75plus":null,"aging_rate_65plus":null,"aging_rate_75plus":null,"population_status":"2","population_status_target":"503205204","population_aggregation_target":null,"age_65plus_missing":true,"age_75plus_missing":true,"age_quality_flag":"ok","data_completeness":"partial"}},{"type":"Feature","geometry":{"type":"Polygon","coordinates":[[[132.64374999999998,33.333333333333336],[132.64999999999998,33.333333333333336],[132.64999999999998,33.337500000000006],[132.64374999999998,33.337500000000006],[132.64374999999998,33.333333333333336]]]},"properties":{"type":"Feature","mesh_id":"503205013","municipality_code":"38214","municipality":"西予市","total_population":1,"population_65plus":null,"population_75plus":null,"aging_rate_65plus":null,"aging_rate_75plus":null,"population_status":"2","population_status_target":"503205204","population_aggregation_target":null,"age_65plus_missing":true,"age_75plus_missing":true,"age_quality_flag":"ok","data_completeness":"partial"}},{"type":"Feature","geometry":{"type":"Polygon","coordinates":[[[132.65,33.34166666666667],[132.65625,33.34166666666667],[132.65625,33.34583333333334],[132.65,33.34583333333334],[132.65,33.34166666666667]]]},"properties":{"type":"Feature","mesh_id":"503205121","municipality_code":"38214","municipality":"西予市","total_population":2,"population_65plus":null,"population_75plus":null,"aging_rate_65plus":null,"aging_rate_75plus":null,"population_status":"2","population_status_target":"503205222","population_aggregation_target":null,"age_65plus_missing":true,"age_75plus_missing":true,"age_quality_flag":"ok","data_completeness":"partial"}},{"type":"Feature","geometry":{"type":"Polygon","coordinates":[[[132.65625,33.34166666666667],[132.6625,33.34166666666667],[132.6625,33.34583333333334],[132.65625,33.34583333333334],[132.65625,33.34166666666667]]]},"properties":{"type":"Feature","mesh_id":"503205123","municipality_code":"38214","municipality":"西予市","total_population":5,"population_65plus":null,"population_75plus":null,"aging_rate_65plus":null,"aging_rate_75plus":null,"population_status":"2","population_status_target":"503205222","population_aggregation_target":null,"age_65plus_missing":true,"age_75plus_missing":true,"age_quality_flag":"ok","data_completeness":"partial"}},{"type":"Feature","geometry":{"type":"Polygon","coordinates":[[[132.63125,33.35416666666667],[132.6375,33.35416666666667],[132.6375,33.35833333333334],[132.63125,33.35833333333334],[132.63125,33.35416666666667]]]},"properties":{"type":"Feature","mesh_id":"503205204","municipality_code":"38214","municipality":"西予市","total_population":7,"population_65plus":6,"population_75plus":5,"aging_rate_65plus":0.8571428571428571,"aging_rate_75plus":0.7142857142857143,"population_status":"1","population_status_target":null,"population_aggregation_target":"503205011;503205013","age_65plus_missing":false,"age_75plus_missing":false,"age_quality_flag":"ok","data_completeness":"complete"}},{"type":"Feature","geometry":{"type":"Polygon","coordinates":[[[132.64374999999998,33.35],[132.64999999999998,33.35],[132.64999999999998,33.35416666666667],[132.64374999999998,33.35416666666667],[132.64374999999998,33.35]]]},"properties":{"type":"Feature","mesh_id":"503205213","municipality_code":"38214","municipality":"西予市","total_population":10,"population_65plus":null,"population_75plus":null,"aging_rate_65plus":null,"aging_rate_75plus":null,"population_status":"2","population_status_target":"503205311","population_aggregation_target":null,"age_65plus_missing":true,"age_75plus_missing":true,"age_quality_flag":"ok","data_completeness":"partial"}},{"type":"Feature","geometry":{"type":"Polygon","coordinates":[[[132.65,33.35416666666667],[132.65625,33.35416666666667],[132.65625,33.35833333333334],[132.65,33.35833333333334],[132.65,33.35416666666667]]]},"properties":{"type":"Feature","mesh_id":"503205222","municipality_code":"38214","municipality":"西予市","total_population":3,"population_65plus":null,"population_75plus":null,"aging_rate_65plus":null,"aging_rate_75plus":null,"population_status":"1","population_status_target":null,"population_aggregation_target":"503205121;503205123;503205224","age_65plus_missing":true,"age_75plus_missing":true,"age_quality_flag":"inconsistent_with_total","data_completeness":"partial"}},{"type":"Feature","geometry":{"type":"Polygon","coordinates":[[[132.65625,33.35416666666667],[132.6625,33.35416666666667],[132.6625,33.35833333333334],[132.65625,33.35833333333334],[132.65625,33.35416666666667]]]},"properties":{"type":"Feature","mesh_id":"503205224","municipality_code":"38214","municipality":"西予市","total_population":3,"population_65plus":null,"population_75plus":null,"aging_rate_65plus":null,"aging_rate_75plus":null,"population_status":"2","population_status_target":"503205222","population_aggregation_target":null,"age_65plus_missing":true,"age_75plus_missing":true,"age_quality_flag":"ok","data_completeness":"partial"}},{"type":"Feature","geometry":{"type":"Polygon","coordinates":[[[132.70624999999998,33.35],[132.71249999999998,33.35],[132.71249999999998,33.35416666666667],[132.70624999999998,33.35416666666667],[132.70624999999998,33.35]]]},"properties":{"type":"Feature","mesh_id":"503205263","municipality_code":"38214","municipality":"西予市","total_population":14,"population_65plus":10,"population_75plus":7,"aging_rate_65plus":0.7142857142857143,"aging_rate_75plus":0.5,"population_status":"1","population_status_target":null,"population_aggregation_target":"503205074;503205091","age_65plus_missing":false,"age_75plus_missing":false,"age_quality_flag":"ok","data_completeness":"complete"}},{"type":"Feature","geometry":{"type":"Polygon","coordinates":[[[132.625,33.358333333333334],[132.63125,33.358333333333334],[132.63125,33.362500000000004],[132.625,33.362500000000004],[132.625,33.358333333333334]]]},"properties":{"type":"Feature","mesh_id":"503205301","municipality_code":"38214","municipality":"西予市","total_population":8,"population_65plus":null,"population_75plus":null,"aging_rate_65plus":null,"aging_rate_75plus":null,"population_status":"2","population_status_target":"503205302","population_aggregation_target":null,"age_65plus_missing":true,"age_75plus_missing":true,"age_quality_flag":"ok","data_completeness":"partial"}},{"type":"Feature","geometry":{"type":"Polygon","coordinates":[[[132.625,33.362500000000004],[132.63125,33.362500000000004],[132.63125,33.366666666666674],[132.625,33.366666666666674],[132.625,33.362500000000004]]]},"properties":{"type":"Feature","mesh_id":"503205302","municipality_code":"38214","municipality":"西予市","total_population":20,"population_65plus":12,"population_75plus":6,"aging_rate_65plus":0.6,"aging_rate_75plus":0.3,"population_status":"1","population_status_target":null,"population_aggregation_target":"503205301","age_65plus_missing":false,"age_75plus_missing":false,"age_quality_flag":"ok","data_completeness":"complete"}},{"type":"Feature","geometry":{"type":"Polygon","coordinates":[[[132.63125,33.362500000000004],[132.6375,33.362500000000004],[132.6375,33.366666666666674],[132.63125,33.366666666666674],[132.63125,33.362500000000004]]]},"properties":{"type":"Feature","mesh_id":"503205304","municipality_code":"38214","municipality":"西予市","total_population":60,"population_65plus":18,"population_75plus":5,"aging_rate_65plus":0.3,"aging_rate_75plus":0.08333333333333333,"population_status":"0","population_status_target":null,"population_aggregation_target":null,"age_65plus_missing":false,"age_75plus_missing":false,"age_quality_flag":"ok","data_completeness":"complete"}},{"type":"Feature","geometry":{"type":"Polygon","coordinates":[[[132.6375,33.358333333333334],[132.64374999999998,33.358333333333334],[132.64374999999998,33.362500000000004],[132.6375,33.362500000000004],[132.6375,33.358333333333334]]]},"properties":{"type":"Feature","mesh_id":"503205311","municipality_code":"38214","municipality":"西予市","total_population":28,"population_65plus":18,"population_75plus":5,"aging_rate_65plus":0.6428571428571429,"aging_rate_75plus":0.17857142857142858,"population_status":"1","population_status_target":null,"population_aggregation_target":"503205213;503205312","age_65plus_missing":false,"age_75plus_missing":false,"age_quality_flag":"ok","data_completeness":"complete"}},{"type":"Feature","geometry":{"type":"Polygon","coordinates":[[[132.6375,33.362500000000004],[132.64374999999998,33.362500000000004],[132.64374999999998,33.366666666666674],[132.6375,33.366666666666674],[132.6375,33.362500000000004]]]},"properties":{"type":"Feature","mesh_id":"503205312","municipality_code":"38214","municipality":"西予市","total_population":1,"population_65plus":null,"population_75plus":null,"aging_rate_65plus":null,"aging_rate_75plus":null,"population_status":"2","population_status_target":"503205311","population_aggregation_target":null,"age_65plus_missing":true,"age_75plus_missing":true,"age_quality_flag":"ok","data_completeness":"partial"}},{"type":"Feature","geometry":{"type":"Polygon","coordinates":[[[132.64374999999998,33.358333333333334],[132.64999999999998,33.358333333333334],[132.64999999999998,33.362500000000004],[132.64374999999998,33.362500000000004],[132.64374999999998,33.358333333333334]]]},"properties":{"type":"Feature","mesh_id":"503205313","municipality_code":"38214","municipality":"西予市","total_population":90,"population_65plus":45,"population_75plus":24,"aging_rate_65plus":0.5,"aging_rate_75plus":0.26666666666666666,"population_status":"1","population_status_target":null,"population_aggregation_target":"503205314","age_65plus_missing":false,"age_75plus_missing":false,"age_quality_flag":"ok","data_completeness":"complete"}},{"type":"Feature","geometry":{"type":"Polygon","coordinates":[[[132.64374999999998,33.362500000000004],[132.64999999999998,33.362500000000004],[132.64999999999998,33.366666666666674],[132.64374999999998,33.366666666666674],[132.64374999999998,33.362500000000004]]]},"properties":{"type":"Feature","mesh_id":"503205314","municipality_code":"38214","municipality":"西予市","total_population":9,"population_65plus":null,"population_75plus":null,"aging_rate_65plus":null,"aging_rate_75plus":null,"population_status":"2","population_status_target":"503205313","population_aggregation_target":null,"age_65plus_missing":true,"age_75plus_missing":true,"age_quality_flag":"ok","data_completeness":"partial"}},{"type":"Feature","geometry":{"type":"Polygon","coordinates":[[[132.65625,33.362500000000004],[132.6625,33.362500000000004],[132.6625,33.366666666666674],[132.65625,33.366666666666674],[132.65625,33.362500000000004]]]},"properties":{"type":"Feature","mesh_id":"503205324","municipality_code":"38214","municipality":"西予市","total_population":18,"population_65plus":13,"population_75plus":7,"aging_rate_65plus":0.7222222222222222,"aging_rate_75plus":0.3888888888888889,"population_status":"1","population_status_target":null,"population_aggregation_target":"503205331","age_65plus_missing":false,"age_75plus_missing":false,"age_quality_flag":"ok","data_completeness":"complete"}},{"type":"Feature","geometry":{"type":"Polygon","coordinates":[[[132.6625,33.358333333333334],[132.66875,33.358333333333334],[132.66875,33.362500000000004],[132.6625,33.362500000000004],[132.6625,33.358333333333334]]]},"properties":{"type":"Feature","mesh_id":"503205331","municipality_code":"38214","municipality":"西予市","total_population":2,"population_65plus":null,"population_75plus":null,"aging_rate_65plus":null,"aging_rate_75plus":null,"population_status":"2","population_status_target":"503205324","population_aggregation_target":null,"age_65plus_missing":true,"age_75plus_missing":true,"age_quality_flag":"ok","data_completeness":"partial"}},{"type":"Feature","geometry":{"type":"Polygon","coordinates":[[[132.675,33.362500000000004],[132.68125,33.362500000000004],[132.68125,33.366666666666674],[132.675,33.366666666666674],[132.675,33.362500000000004]]]},"properties":{"type":"Feature","mesh_id":"503205342","municipality_code":"38214","municipality":"西予市","total_population":10,"population_65plus":5,"population_75plus":1,"aging_rate_65plus":0.5,"aging_rate_75plus":0.1,"population_status":"0","population_status_target":null,"population_aggregation_target":null,"age_65plus_missing":false,"age_75plus_missing":false,"age_quality_flag":"ok","data_completeness":"complete"}},{"type":"Feature","geometry":{"type":"Polygon","coordinates":[[[132.6875,33.362500000000004],[132.69375,33.362500000000004],[132.69375,33.366666666666674],[132.6875,33.366666666666674],[132.6875,33.362500000000004]]]},"properties":{"type":"Feature","mesh_id":"503205352","municipality_code":"38214","municipality":"西予市","total_population":3,"population_65plus":null,"population_75plus":null,"aging_rate_65plus":null,"aging_rate_75plus":null,"population_status":"2","population_status_target":"503205363","population_aggregation_target":null,"age_65plus_missing":true,"age_75plus_missing":true,"age_quality_flag":"ok","data_completeness":"partial"}},{"type":"Feature","geometry":{"type":"Polygon","coordinates":[[[132.69375,33.362500000000004],[132.7,33.362500000000004],[132.7,33.366666666666674],[132.69375,33.366666666666674],[132.69375,33.362500000000004]]]},"properties":{"type":"Feature","mesh_id":"503205354","municipality_code":"38214","municipality":"西予市","total_population":5,"population_65plus":null,"population_75plus":null,"aging_rate_65plus":null,"aging_rate_75plus":null,"population_status":"2","population_status_target":"503205363","population_aggregation_target":null,"age_65plus_missing":true,"age_75plus_missing":true,"age_quality_flag":"ok","data_completeness":"partial"}},{"type":"Feature","geometry":{"type":"Polygon","coordinates":[[[132.70624999999998,33.358333333333334],[132.71249999999998,33.358333333333334],[132.71249999999998,33.362500000000004],[132.70624999999998,33.362500000000004],[132.70624999999998,33.358333333333334]]]},"properties":{"type":"Feature","mesh_id":"503205363","municipality_code":"38214","municipality":"西予市","total_population":12,"population_65plus":null,"population_75plus":null,"aging_rate_65plus":null,"aging_rate_75plus":null,"population_status":"1","population_status_target":null,"population_aggregation_target":"503205352;503205354;503205364","age_65plus_missing":true,"age_75plus_missing":true,"age_quality_flag":"inconsistent_with_total","data_completeness":"partial"}},{"type":"Feature","geometry":{"type":"Polygon","coordinates":[[[132.70624999999998,33.362500000000004],[132.71249999999998,33.362500000000004],[132.71249999999998,33.366666666666674],[132.70624999999998,33.366666666666674],[132.70624999999998,33.362500000000004]]]},"properties":{"type":"Feature","mesh_id":"503205364","municipality_code":"38214","municipality":"西予市","total_population":5,"population_65plus":null,"population_75plus":null,"aging_rate_65plus":null,"aging_rate_75plus":null,"population_status":"2","population_status_target":"503205363","population_aggregation_target":null,"age_65plus_missing":true,"age_75plus_missing":true,"age_quality_flag":"ok","data_completeness":"partial"}},{"type":"Feature","geometry":{"type":"Polygon","coordinates":[[[132.725,33.362500000000004],[132.73125,33.362500000000004],[132.73125,33.366666666666674],[132.725,33.366666666666674],[132.725,33.362500000000004]]]},"properties":{"type":"Feature","mesh_id":"503205382","municipality_code":"38214","municipality":"西予市","total_population":4,"population_65plus":null,"population_75plus":null,"aging_rate_65plus":null,"aging_rate_75plus":null,"population_status":"2","population_status_target":"503205384","population_aggregation_target":null,"age_65plus_missing":true,"age_75plus_missing":true,"age_quality_flag":"ok","data_completeness":"partial"}},{"type":"Feature","geometry":{"type":"Polygon","coordinates":[[[132.73125,33.362500000000004],[132.73749999999998,33.362500000000004],[132.73749999999998,33.366666666666674],[132.73125,33.366666666666674],[132.73125,33.362500000000004]]]},"properties":{"type":"Feature","mesh_id":"503205384","municipality_code":"38214","municipality":"西予市","total_population":11,"population_65plus":9,"population_75plus":6,"aging_rate_65plus":0.8181818181818182,"aging_rate_75plus":0.5454545454545454,"population_status":"1","population_status_target":null,"population_aggregation_target":"503205382","age_65plus_missing":false,"age_75plus_missing":false,"age_quality_flag":"ok","data_completeness":"complete"}},{"type":"Feature","geometry":{"type":"Polygon","coordinates":[[[132.74375,33.358333333333334],[132.75,33.358333333333334],[132.75,33.362500000000004],[132.74375,33.362500000000004],[132.74375,33.358333333333334]]]},"properties":{"type":"Feature","mesh_id":"503205393","municipality_code":"38214","municipality":"西予市","total_population":17,"population_65plus":14,"population_75plus":8,"aging_rate_65plus":0.8235294117647058,"aging_rate_75plus":0.47058823529411764,"population_status":"0","population_status_target":null,"population_aggregation_target":null,"age_65plus_missing":false,"age_75plus_missing":false,"age_quality_flag":"ok","data_completeness":"complete"}},{"type":"Feature","geometry":{"type":"Polygon","coordinates":[[[132.625,33.37083333333334],[132.63125,33.37083333333334],[132.63125,33.37500000000001],[132.625,33.37500000000001],[132.625,33.37083333333334]]]},"properties":{"type":"Feature","mesh_id":"503205402","municipality_code":"38214","municipality":"西予市","total_population":152,"population_65plus":96,"population_75plus":68,"aging_rate_65plus":0.631578947368421,"aging_rate_75plus":0.4473684210526316,"population_status":"0","population_status_target":null,"population_aggregation_target":null,"age_65plus_missing":false,"age_75plus_missing":false,"age_quality_flag":"ok","data_completeness":"complete"}},{"type":"Feature","geometry":{"type":"Polygon","coordinates":[[[132.6375,33.36666666666667],[132.64374999999998,33.36666666666667],[132.64374999999998,33.37083333333334],[132.6375,33.37083333333334],[132.6375,33.36666666666667]]]},"properties":{"type":"Feature","mesh_id":"503205411","municipality_code":"38214","municipality":"西予市","total_population":170,"population_65plus":68,"population_75plus":33,"aging_rate_65plus":0.4,"aging_rate_75plus":0.19411764705882353,"population_status":"0","population_status_target":null,"population_aggregation_target":null,"age_65plus_missing":false,"age_75plus_missing":false,"age_quality_flag":"ok","data_completeness":"complete"}},{"type":"Feature","geometry":{"type":"Polygon","coordinates":[[[132.6375,33.37083333333334],[132.64374999999998,33.37083333333334],[132.64374999999998,33.37500000000001],[132.6375,33.37500000000001],[132.6375,33.37083333333334]]]},"properties":{"type":"Feature","mesh_id":"503205412","municipality_code":"38214","municipality":"西予市","total_population":239,"population_65plus":82,"population_75plus":38,"aging_rate_65plus":0.34309623430962344,"aging_rate_75plus":0.1589958158995816,"population_status":"0","population_status_target":null,"population_aggregation_target":null,"age_65plus_missing":false,"age_75plus_missing":false,"age_quality_flag":"ok","data_completeness":"complete"}},{"type":"Feature","geometry":{"type":"Polygon","coordinates":[[[132.64374999999998,33.36666666666667],[132.64999999999998,33.36666666666667],[132.64999999999998,33.37083333333334],[132.64374999999998,33.37083333333334],[132.64374999999998,33.36666666666667]]]},"properties":{"type":"Feature","mesh_id":"503205413","municipality_code":"38214","municipality":"西予市","total_population":334,"population_65plus":170,"population_75plus":117,"aging_rate_65plus":0.5089820359281437,"aging_rate_75plus":0.3502994011976048,"population_status":"0","population_status_target":null,"population_aggregation_target":null,"age_65plus_missing":false,"age_75plus_missing":false,"age_quality_flag":"ok","data_completeness":"complete"}},{"type":"Feature","geometry":{"type":"Polygon","coordinates":[[[132.64374999999998,33.37083333333334],[132.64999999999998,33.37083333333334],[132.64999999999998,33.37500000000001],[132.64374999999998,33.37500000000001],[132.64374999999998,33.37083333333334]]]},"properties":{"type":"Feature","mesh_id":"503205414","municipality_code":"38214","municipality":"西予市","total_population":284,"population_65plus":144,"population_75plus":102,"aging_rate_65plus":0.5070422535211268,"aging_rate_75plus":0.3591549295774648,"population_status":"0","population_status_target":null,"population_aggregation_target":null,"age_65plus_missing":false,"age_75plus_missing":false,"age_quality_flag":"ok","data_completeness":"complete"}},{"type":"Feature","geometry":{"type":"Polygon","coordinates":[[[132.65625,33.36666666666667],[132.6625,33.36666666666667],[132.6625,33.37083333333334],[132.65625,33.37083333333334],[132.65625,33.36666666666667]]]},"properties":{"type":"Feature","mesh_id":"503205423","municipality_code":"38214","municipality":"西予市","total_population":4,"population_65plus":null,"population_75plus":null,"aging_rate_65plus":null,"aging_rate_75plus":null,"population_status":"2","population_status_target":"503205424","population_aggregation_target":null,"age_65plus_missing":true,"age_75plus_missing":true,"age_quality_flag":"ok","data_completeness":"partial"}},{"type":"Feature","geometry":{"type":"Polygon","coordinates":[[[132.65625,33.37083333333334],[132.6625,33.37083333333334],[132.6625,33.37500000000001],[132.65625,33.37500000000001],[132.65625,33.37083333333334]]]},"properties":{"type":"Feature","mesh_id":"503205424","municipality_code":"38214","municipality":"西予市","total_population":83,"population_65plus":34,"population_75plus":16,"aging_rate_65plus":0.40963855421686746,"aging_rate_75plus":0.1927710843373494,"population_status":"1","population_status_target":null,"population_aggregation_target":"503205423","age_65plus_missing":false,"age_75plus_missing":false,"age_quality_flag":"ok","data_completeness":"complete"}},{"type":"Feature","geometry":{"type":"Polygon","coordinates":[[[132.675,33.36666666666667],[132.68125,33.36666666666667],[132.68125,33.37083333333334],[132.675,33.37083333333334],[132.675,33.36666666666667]]]},"properties":{"type":"Feature","mesh_id":"503205441","municipality_code":"38214","municipality":"西予市","total_population":35,"population_65plus":22,"population_75plus":4,"aging_rate_65plus":0.6285714285714286,"aging_rate_75plus":0.11428571428571428,"population_status":"0","population_status_target":null,"population_aggregation_target":null,"age_65plus_missing":false,"age_75plus_missing":false,"age_quality_flag":"ok","data_completeness":"complete"}},{"type":"Feature","geometry":{"type":"Polygon","coordinates":[[[132.675,33.37083333333334],[132.68125,33.37083333333334],[132.68125,33.37500000000001],[132.675,33.37500000000001],[132.675,33.37083333333334]]]},"properties":{"type":"Feature","mesh_id":"503205442","municipality_code":"38214","municipality":"西予市","total_population":37,"population_65plus":16,"population_75plus":6,"aging_rate_65plus":0.43243243243243246,"aging_rate_75plus":0.16216216216216217,"population_status":"1","population_status_target":null,"population_aggregation_target":"503205443;503205444","age_65plus_missing":false,"age_75plus_missing":false,"age_quality_flag":"ok","data_completeness":"complete"}},{"type":"Feature","geometry":{"type":"Polygon","coordinates":[[[132.68125,33.36666666666667],[132.6875,33.36666666666667],[132.6875,33.37083333333334],[132.68125,33.37083333333334],[132.68125,33.36666666666667]]]},"properties":{"type":"Feature","mesh_id":"503205443","municipality_code":"38214","municipality":"西予市","total_population":3,"population_65plus":null,"population_75plus":null,"aging_rate_65plus":null,"aging_rate_75plus":null,"population_status":"2","population_status_target":"503205442","population_aggregation_target":null,"age_65plus_missing":true,"age_75plus_missing":true,"age_quality_flag":"ok","data_completeness":"partial"}},{"type":"Feature","geometry":{"type":"Polygon","coordinates":[[[132.68125,33.37083333333334],[132.6875,33.37083333333334],[132.6875,33.37500000000001],[132.68125,33.37500000000001],[132.68125,33.37083333333334]]]},"properties":{"type":"Feature","mesh_id":"503205444","municipality_code":"38214","municipality":"西予市","total_population":14,"population_65plus":null,"population_75plus":null,"aging_rate_65plus":null,"aging_rate_75plus":null,"population_status":"2","population_status_target":"503205442","population_aggregation_target":null,"age_65plus_missing":true,"age_75plus_missing":true,"age_quality_flag":"ok","data_completeness":"partial"}},{"type":"Feature","geometry":{"type":"Polygon","coordinates":[[[132.6875,33.36666666666667],[132.69375,33.36666666666667],[132.69375,33.37083333333334],[132.6875,33.37083333333334],[132.6875,33.36666666666667]]]},"properties":{"type":"Feature","mesh_id":"503205451","municipality_code":"38214","municipality":"西予市","total_population":9,"population_65plus":null,"population_75plus":null,"aging_rate_65plus":null,"aging_rate_75plus":null,"population_status":"2","population_status_target":"503205453","population_aggregation_target":null,"age_65plus_missing":true,"age_75plus_missing":true,"age_quality_flag":"ok","data_completeness":"partial"}},{"type":"Feature","geometry":{"type":"Polygon","coordinates":[[[132.69375,33.36666666666667],[132.7,33.36666666666667],[132.7,33.37083333333334],[132.69375,33.37083333333334],[132.69375,33.36666666666667]]]},"properties":{"type":"Feature","mesh_id":"503205453","municipality_code":"38214","municipality":"西予市","total_population":56,"population_65plus":35,"population_75plus":28,"aging_rate_65plus":0.625,"aging_rate_75plus":0.5,"population_status":"1","population_status_target":null,"population_aggregation_target":"503205451;503205454","age_65plus_missing":false,"age_75plus_missing":false,"age_quality_flag":"ok","data_completeness":"complete"}},{"type":"Feature","geometry":{"type":"Polygon","coordinates":[[[132.69375,33.37083333333334],[132.7,33.37083333333334],[132.7,33.37500000000001],[132.69375,33.37500000000001],[132.69375,33.37083333333334]]]},"properties":{"type":"Feature","mesh_id":"503205454","municipality_code":"38214","municipality":"西予市","total_population":7,"population_65plus":null,"population_75plus":null,"aging_rate_65plus":null,"aging_rate_75plus":null,"population_status":"2","population_status_target":"503205453","population_aggregation_target":null,"age_65plus_missing":true,"age_75plus_missing":true,"age_quality_flag":"ok","data_completeness":"partial"}},{"type":"Feature","geometry":{"type":"Polygon","coordinates":[[[132.7,33.36666666666667],[132.70624999999998,33.36666666666667],[132.70624999999998,33.37083333333334],[132.7,33.37083333333334],[132.7,33.36666666666667]]]},"properties":{"type":"Feature","mesh_id":"503205461","municipality_code":"38214","municipality":"西予市","total_population":35,"population_65plus":20,"population_75plus":7,"aging_rate_65plus":0.5714285714285714,"aging_rate_75plus":0.2,"population_status":"1","population_status_target":null,"population_aggregation_target":"503205463","age_65plus_missing":false,"age_75plus_missing":false,"age_quality_flag":"ok","data_completeness":"complete"}},{"type":"Feature","geometry":{"type":"Polygon","coordinates":[[[132.7,33.37083333333334],[132.70624999999998,33.37083333333334],[132.70624999999998,33.37500000000001],[132.7,33.37500000000001],[132.7,33.37083333333334]]]},"properties":{"type":"Feature","mesh_id":"503205462","municipality_code":"38214","municipality":"西予市","total_population":11,"population_65plus":5,"population_75plus":3,"aging_rate_65plus":0.45454545454545453,"aging_rate_75plus":0.2727272727272727,"population_status":"0","population_status_target":null,"population_aggregation_target":null,"age_65plus_missing":false,"age_75plus_missing":false,"age_quality_flag":"ok","data_completeness":"complete"}},{"type":"Feature","geometry":{"type":"Polygon","coordinates":[[[132.70624999999998,33.36666666666667],[132.71249999999998,33.36666666666667],[132.71249999999998,33.37083333333334],[132.70624999999998,33.37083333333334],[132.70624999999998,33.36666666666667]]]},"properties":{"type":"Feature","mesh_id":"503205463","municipality_code":"38214","municipality":"西予市","total_population":5,"population_65plus":null,"population_75plus":null,"aging_rate_65plus":null,"aging_rate_75plus":null,"population_status":"2","population_status_target":"503205461","population_aggregation_target":null,"age_65plus_missing":true,"age_75plus_missing":true,"age_quality_flag":"ok","data_completeness":"partial"}},{"type":"Feature","geometry":{"type":"Polygon","coordinates":[[[132.70624999999998,33.37083333333334],[132.71249999999998,33.37083333333334],[132.71249999999998,33.37500000000001],[132.70624999999998,33.37500000000001],[132.70624999999998,33.37083333333334]]]},"properties":{"type":"Feature","mesh_id":"503205464","municipality_code":"38214","municipality":"西予市","total_population":84,"population_65plus":33,"population_75plus":24,"aging_rate_65plus":0.39285714285714285,"aging_rate_75plus":0.2857142857142857,"population_status":"0","population_status_target":null,"population_aggregation_target":null,"age_65plus_missing":false,"age_75plus_missing":false,"age_quality_flag":"ok","data_completeness":"complete"}},{"type":"Feature","geometry":{"type":"Polygon","coordinates":[[[132.71875,33.36666666666667],[132.725,33.36666666666667],[132.725,33.37083333333334],[132.71875,33.37083333333334],[132.71875,33.36666666666667]]]},"properties":{"type":"Feature","mesh_id":"503205473","municipality_code":"38214","municipality":"西予市","total_population":2,"population_65plus":null,"population_75plus":null,"aging_rate_65plus":null,"aging_rate_75plus":null,"population_status":"1","population_status_target":null,"population_aggregation_target":"503205474","age_65plus_missing":true,"age_75plus_missing":true,"age_quality_flag":"inconsistent_with_total","data_completeness":"partial"}},{"type":"Feature","geometry":{"type":"Polygon","coordinates":[[[132.71875,33.37083333333334],[132.725,33.37083333333334],[132.725,33.37500000000001],[132.71875,33.37500000000001],[132.71875,33.37083333333334]]]},"properties":{"type":"Feature","mesh_id":"503205474","municipality_code":"38214","municipality":"西予市","total_population":9,"population_65plus":null,"population_75plus":null,"aging_rate_65plus":null,"aging_rate_75plus":null,"population_status":"2","population_status_target":"503205473","population_aggregation_target":null,"age_65plus_missing":true,"age_75plus_missing":true,"age_quality_flag":"ok","data_completeness":"partial"}},{"type":"Feature","geometry":{"type":"Polygon","coordinates":[[[132.725,33.37083333333334],[132.73125,33.37083333333334],[132.73125,33.37500000000001],[132.725,33.37500000000001],[132.725,33.37083333333334]]]},"properties":{"type":"Feature","mesh_id":"503205482","municipality_code":"38214","municipality":"西予市","total_population":4,"population_65plus":null,"population_75plus":null,"aging_rate_65plus":null,"aging_rate_75plus":null,"population_status":"2","population_status_target":"503205483","population_aggregation_target":null,"age_65plus_missing":true,"age_75plus_missing":true,"age_quality_flag":"ok","data_completeness":"partial"}},{"type":"Feature","geometry":{"type":"Polygon","coordinates":[[[132.73125,33.36666666666667],[132.73749999999998,33.36666666666667],[132.73749999999998,33.37083333333334],[132.73125,33.37083333333334],[132.73125,33.36666666666667]]]},"properties":{"type":"Feature","mesh_id":"503205483","municipality_code":"38214","municipality":"西予市","total_population":13,"population_65plus":6,"population_75plus":4,"aging_rate_65plus":0.46153846153846156,"aging_rate_75plus":0.3076923076923077,"population_status":"1","population_status_target":null,"population_aggregation_target":"503205482","age_65plus_missing":false,"age_75plus_missing":false,"age_quality_flag":"ok","data_completeness":"complete"}},{"type":"Feature","geometry":{"type":"Polygon","coordinates":[[[132.7375,33.36666666666667],[132.74375,33.36666666666667],[132.74375,33.37083333333334],[132.7375,33.37083333333334],[132.7375,33.36666666666667]]]},"properties":{"type":"Feature","mesh_id":"503205491","municipality_code":"38214","municipality":"西予市","total_population":16,"population_65plus":null,"population_75plus":null,"aging_rate_65plus":null,"aging_rate_75plus":null,"population_status":"2","population_status_target":"503205492","population_aggregation_target":null,"age_65plus_missing":true,"age_75plus_missing":true,"age_quality_flag":"ok","data_completeness":"partial"}},{"type":"Feature","geometry":{"type":"Polygon","coordinates":[[[132.7375,33.37083333333334],[132.74375,33.37083333333334],[132.74375,33.37500000000001],[132.7375,33.37500000000001],[132.7375,33.37083333333334]]]},"properties":{"type":"Feature","mesh_id":"503205492","municipality_code":"38214","municipality":"西予市","total_population":4,"population_65plus":null,"population_75plus":null,"aging_rate_65plus":null,"aging_rate_75plus":null,"population_status":"1","population_status_target":null,"population_aggregation_target":"503205491;503205493","age_65plus_missing":true,"age_75plus_missing":true,"age_quality_flag":"inconsistent_with_total","data_completeness":"partial"}},{"type":"Feature","geometry":{"type":"Polygon","coordinates":[[[132.74375,33.36666666666667],[132.75,33.36666666666667],[132.75,33.37083333333334],[132.74375,33.37083333333334],[132.74375,33.36666666666667]]]},"properties":{"type":"Feature","mesh_id":"503205493","municipality_code":"38214","municipality":"西予市","total_population":9,"population_65plus":null,"population_75plus":null,"aging_rate_65plus":null,"aging_rate_75plus":null,"population_status":"2","population_status_target":"503205492","population_aggregation_target":null,"age_65plus_missing":true,"age_75plus_missing":true,"age_quality_flag":"ok","data_completeness":"partial"}},{"type":"Feature","geometry":{"type":"Polygon","coordinates":[[[132.63125,33.375],[132.6375,33.375],[132.6375,33.37916666666667],[132.63125,33.37916666666667],[132.63125,33.375]]]},"properties":{"type":"Feature","mesh_id":"503205503","municipality_code":"38214","municipality":"西予市","total_population":20,"population_65plus":11,"population_75plus":6,"aging_rate_65plus":0.55,"aging_rate_75plus":0.3,"population_status":"0","population_status_target":null,"population_aggregation_target":null,"age_65plus_missing":false,"age_75plus_missing":false,"age_quality_flag":"ok","data_completeness":"complete"}},{"type":"Feature","geometry":{"type":"Polygon","coordinates":[[[132.63125,33.37916666666667],[132.6375,33.37916666666667],[132.6375,33.38333333333334],[132.63125,33.38333333333334],[132.63125,33.37916666666667]]]},"properties":{"type":"Feature","mesh_id":"503205504","municipality_code":"38214","municipality":"西予市","total_population":15,"population_65plus":9,"population_75plus":5,"aging_rate_65plus":0.6,"aging_rate_75plus":0.3333333333333333,"population_status":"0","population_status_target":null,"population_aggregation_target":null,"age_65plus_missing":false,"age_75plus_missing":false,"age_quality_flag":"ok","data_completeness":"complete"}},{"type":"Feature","geometry":{"type":"Polygon","coordinates":[[[132.6375,33.375],[132.64374999999998,33.375],[132.64374999999998,33.37916666666667],[132.6375,33.37916666666667],[132.6375,33.375]]]},"properties":{"type":"Feature","mesh_id":"503205511","municipality_code":"38214","municipality":"西予市","total_population":537,"population_65plus":268,"population_75plus":185,"aging_rate_65plus":0.49906890130353815,"aging_rate_75plus":0.34450651769087526,"population_status":"0","population_status_target":null,"population_aggregation_target":null,"age_65plus_missing":false,"age_75plus_missing":false,"age_quality_flag":"ok","data_completeness":"complete"}},{"type":"Feature","geometry":{"type":"Polygon","coordinates":[[[132.6375,33.37916666666667],[132.64374999999998,33.37916666666667],[132.64374999999998,33.38333333333334],[132.6375,33.38333333333334],[132.6375,33.37916666666667]]]},"properties":{"type":"Feature","mesh_id":"503205512","municipality_code":"38214","municipality":"西予市","total_population":293,"population_65plus":150,"population_75plus":79,"aging_rate_65plus":0.5119453924914675,"aging_rate_75plus":0.2696245733788396,"population_status":"0","population_status_target":null,"population_aggregation_target":null,"age_65plus_missing":false,"age_75plus_missing":false,"age_quality_flag":"ok","data_completeness":"complete"}},{"type":"Feature","geometry":{"type":"Polygon","coordinates":[[[132.64374999999998,33.375],[132.64999999999998,33.375],[132.64999999999998,33.37916666666667],[132.64374999999998,33.37916666666667],[132.64374999999998,33.375]]]},"properties":{"type":"Feature","mesh_id":"503205513","municipality_code":"38214","municipality":"西予市","total_population":434,"population_65plus":154,"population_75plus":78,"aging_rate_65plus":0.3548387096774194,"aging_rate_75plus":0.17972350230414746,"population_status":"0","population_status_target":null,"population_aggregation_target":null,"age_65plus_missing":false,"age_75plus_missing":false,"age_quality_flag":"ok","data_completeness":"complete"}},{"type":"Feature","geometry":{"type":"Polygon","coordinates":[[[132.64374999999998,33.37916666666667],[132.64999999999998,33.37916666666667],[132.64999999999998,33.38333333333334],[132.64374999999998,33.38333333333334],[132.64374999999998,33.37916666666667]]]},"properties":{"type":"Feature","mesh_id":"503205514","municipality_code":"38214","municipality":"西予市","total_population":448,"population_65plus":226,"population_75plus":141,"aging_rate_65plus":0.5044642857142857,"aging_rate_75plus":0.31473214285714285,"population_status":"0","population_status_target":null,"population_aggregation_target":null,"age_65plus_missing":false,"age_75plus_missing":false,"age_quality_flag":"ok","data_completeness":"complete"}},{"type":"Feature","geometry":{"type":"Polygon","coordinates":[[[132.65,33.375],[132.65625,33.375],[132.65625,33.37916666666667],[132.65,33.37916666666667],[132.65,33.375]]]},"properties":{"type":"Feature","mesh_id":"503205521","municipality_code":"38214","municipality":"西予市","total_population":108,"population_65plus":56,"population_75plus":28,"aging_rate_65plus":0.5185185185185185,"aging_rate_75plus":0.25925925925925924,"population_status":"0","population_status_target":null,"population_aggregation_target":null,"age_65plus_missing":false,"age_75plus_missing":false,"age_quality_flag":"ok","data_completeness":"complete"}},{"type":"Feature","geometry":{"type":"Polygon","coordinates":[[[132.65625,33.375],[132.6625,33.375],[132.6625,33.37916666666667],[132.65625,33.37916666666667],[132.65625,33.375]]]},"properties":{"type":"Feature","mesh_id":"503205523","municipality_code":"38214","municipality":"西予市","total_population":240,"population_65plus":77,"population_75plus":34,"aging_rate_65plus":0.32083333333333336,"aging_rate_75plus":0.14166666666666666,"population_status":"0","population_status_target":null,"population_aggregation_target":null,"age_65plus_missing":false,"age_75plus_missing":false,"age_quality_flag":"ok","data_completeness":"complete"}},{"type":"Feature","geometry":{"type":"Polygon","coordinates":[[[132.6625,33.37916666666667],[132.66875,33.37916666666667],[132.66875,33.38333333333334],[132.6625,33.38333333333334],[132.6625,33.37916666666667]]]},"properties":{"type":"Feature","mesh_id":"503205532","municipality_code":"38214","municipality":"西予市","total_population":6,"population_65plus":null,"population_75plus":null,"aging_rate_65plus":null,"aging_rate_75plus":null,"population_status":"2","population_status_target":"503205534","population_aggregation_target":null,"age_65plus_missing":true,"age_75plus_missing":true,"age_quality_flag":"ok","data_completeness":"partial"}},{"type":"Feature","geometry":{"type":"Polygon","coordinates":[[[132.66875,33.37916666666667],[132.67499999999998,33.37916666666667],[132.67499999999998,33.38333333333334],[132.66875,33.38333333333334],[132.66875,33.37916666666667]]]},"properties":{"type":"Feature","mesh_id":"503205534","municipality_code":"38214","municipality":"西予市","total_population":5,"population_65plus":null,"population_75plus":null,"aging_rate_65plus":null,"aging_rate_75plus":null,"population_status":"1","population_status_target":null,"population_aggregation_target":"503205532","age_65plus_missing":true,"age_75plus_missing":true,"age_quality_flag":"inconsistent_with_total","data_completeness":"partial"}},{"type":"Feature","geometry":{"type":"Polygon","coordinates":[[[132.6875,33.37916666666667],[132.69375,33.37916666666667],[132.69375,33.38333333333334],[132.6875,33.38333333333334],[132.6875,33.37916666666667]]]},"properties":{"type":"Feature","mesh_id":"503205552","municipality_code":"38214","municipality":"西予市","total_population":18,"population_65plus":7,"population_75plus":2,"aging_rate_65plus":0.3888888888888889,"aging_rate_75plus":0.1111111111111111,"population_status":"0","population_status_target":null,"population_aggregation_target":null,"age_65plus_missing":false,"age_75plus_missing":false,"age_quality_flag":"ok","data_completeness":"complete"}},{"type":"Feature","geometry":{"type":"Polygon","coordinates":[[[132.7,33.375],[132.70624999999998,33.375],[132.70624999999998,33.37916666666667],[132.7,33.37916666666667],[132.7,33.375]]]},"properties":{"type":"Feature","mesh_id":"503205561","municipality_code":"38214","municipality":"西予市","total_population":63,"population_65plus":26,"population_75plus":15,"aging_rate_65plus":0.4126984126984127,"aging_rate_75plus":0.23809523809523808,"population_status":"0","population_status_target":null,"population_aggregation_target":null,"age_65plus_missing":false,"age_75plus_missing":false,"age_quality_flag":"ok","data_completeness":"complete"}},{"type":"Feature","geometry":{"type":"Polygon","coordinates":[[[132.7,33.37916666666667],[132.70624999999998,33.37916666666667],[132.70624999999998,33.38333333333334],[132.7,33.38333333333334],[132.7,33.37916666666667]]]},"properties":{"type":"Feature","mesh_id":"503205562","municipality_code":"38214","municipality":"西予市","total_population":86,"population_65plus":38,"population_75plus":18,"aging_rate_65plus":0.4418604651162791,"aging_rate_75plus":0.20930232558139536,"population_status":"1","population_status_target":null,"population_aggregation_target":"503205564","age_65plus_missing":false,"age_75plus_missing":false,"age_quality_flag":"ok","data_completeness":"complete"}},{"type":"Feature","geometry":{"type":"Polygon","coordinates":[[[132.70624999999998,33.37916666666667],[132.71249999999998,33.37916666666667],[132.71249999999998,33.38333333333334],[132.70624999999998,33.38333333333334],[132.70624999999998,33.37916666666667]]]},"properties":{"type":"Feature","mesh_id":"503205564","municipality_code":"38214","municipality":"西予市","total_population":2,"population_65plus":null,"population_75plus":null,"aging_rate_65plus":null,"aging_rate_75plus":null,"population_status":"2","population_status_target":"503205562","population_aggregation_target":null,"age_65plus_missing":true,"age_75plus_missing":true,"age_quality_flag":"ok","data_completeness":"partial"}},{"type":"Feature","geometry":{"type":"Polygon","coordinates":[[[132.7125,33.375],[132.71875,33.375],[132.71875,33.37916666666667],[132.7125,33.37916666666667],[132.7125,33.375]]]},"properties":{"type":"Feature","mesh_id":"503205571","municipality_code":"38214","municipality":"西予市","total_population":48,"population_65plus":20,"population_75plus":11,"aging_rate_65plus":0.4166666666666667,"aging_rate_75plus":0.22916666666666666,"population_status":"0","population_status_target":null,"population_aggregation_target":null,"age_65plus_missing":false,"age_75plus_missing":false,"age_quality_flag":"ok","data_completeness":"complete"}},{"type":"Feature","geometry":{"type":"Polygon","coordinates":[[[132.7125,33.37916666666667],[132.71875,33.37916666666667],[132.71875,33.38333333333334],[132.7125,33.38333333333334],[132.7125,33.37916666666667]]]},"properties":{"type":"Feature","mesh_id":"503205572","municipality_code":"38214","municipality":"西予市","total_population":70,"population_65plus":34,"population_75plus":23,"aging_rate_65plus":0.4857142857142857,"aging_rate_75plus":0.32857142857142857,"population_status":"1","population_status_target":null,"population_aggregation_target":"503205573;503205574","age_65plus_missing":false,"age_75plus_missing":false,"age_quality_flag":"ok","data_completeness":"complete"}},{"type":"Feature","geometry":{"type":"Polygon","coordinates":[[[132.71875,33.375],[132.725,33.375],[132.725,33.37916666666667],[132.71875,33.37916666666667],[132.71875,33.375]]]},"properties":{"type":"Feature","mesh_id":"503205573","municipality_code":"38214","municipality":"西予市","total_population":4,"population_65plus":null,"population_75plus":null,"aging_rate_65plus":null,"aging_rate_75plus":null,"population_status":"2","population_status_target":"503205572","population_aggregation_target":null,"age_65plus_missing":true,"age_75plus_missing":true,"age_quality_flag":"ok","data_completeness":"partial"}},{"type":"Feature","geometry":{"type":"Polygon","coordinates":[[[132.71875,33.37916666666667],[132.725,33.37916666666667],[132.725,33.38333333333334],[132.71875,33.38333333333334],[132.71875,33.37916666666667]]]},"properties":{"type":"Feature","mesh_id":"503205574","municipality_code":"38214","municipality":"西予市","total_population":2,"population_65plus":null,"population_75plus":null,"aging_rate_65plus":null,"aging_rate_75plus":null,"population_status":"2","population_status_target":"503205572","population_aggregation_target":null,"age_65plus_missing":true,"age_75plus_missing":true,"age_quality_flag":"ok","data_completeness":"partial"}},{"type":"Feature","geometry":{"type":"Polygon","coordinates":[[[132.725,33.375],[132.73125,33.375],[132.73125,33.37916666666667],[132.725,33.37916666666667],[132.725,33.375]]]},"properties":{"type":"Feature","mesh_id":"503205581","municipality_code":"38214","municipality":"西予市","total_population":45,"population_65plus":20,"population_75plus":14,"aging_rate_65plus":0.4444444444444444,"aging_rate_75plus":0.3111111111111111,"population_status":"0","population_status_target":null,"population_aggregation_target":null,"age_65plus_missing":false,"age_75plus_missing":false,"age_quality_flag":"ok","data_completeness":"complete"}},{"type":"Feature","geometry":{"type":"Polygon","coordinates":[[[132.725,33.37916666666667],[132.73125,33.37916666666667],[132.73125,33.38333333333334],[132.725,33.38333333333334],[132.725,33.37916666666667]]]},"properties":{"type":"Feature","mesh_id":"503205582","municipality_code":"38214","municipality":"西予市","total_population":43,"population_65plus":20,"population_75plus":10,"aging_rate_65plus":0.46511627906976744,"aging_rate_75plus":0.23255813953488372,"population_status":"0","population_status_target":null,"population_aggregation_target":null,"age_65plus_missing":false,"age_75plus_missing":false,"age_quality_flag":"ok","data_completeness":"complete"}},{"type":"Feature","geometry":{"type":"Polygon","coordinates":[[[132.73125,33.375],[132.73749999999998,33.375],[132.73749999999998,33.37916666666667],[132.73125,33.37916666666667],[132.73125,33.375]]]},"properties":{"type":"Feature","mesh_id":"503205583","municipality_code":"38214","municipality":"西予市","total_population":100,"population_65plus":78,"population_75plus":56,"aging_rate_65plus":0.78,"aging_rate_75plus":0.56,"population_status":"0","population_status_target":null,"population_aggregation_target":null,"age_65plus_missing":false,"age_75plus_missing":false,"age_quality_flag":"ok","data_completeness":"complete"}},{"type":"Feature","geometry":{"type":"Polygon","coordinates":[[[132.73125,33.37916666666667],[132.73749999999998,33.37916666666667],[132.73749999999998,33.38333333333334],[132.73125,33.38333333333334],[132.73125,33.37916666666667]]]},"properties":{"type":"Feature","mesh_id":"503205584","municipality_code":"38214","municipality":"西予市","total_population":38,"population_65plus":15,"population_75plus":11,"aging_rate_65plus":0.39473684210526316,"aging_rate_75plus":0.2894736842105263,"population_status":"0","population_status_target":null,"population_aggregation_target":null,"age_65plus_missing":false,"age_75plus_missing":false,"age_quality_flag":"ok","data_completeness":"complete"}},{"type":"Feature","geometry":{"type":"Polygon","coordinates":[[[132.7375,33.375],[132.74375,33.375],[132.74375,33.37916666666667],[132.7375,33.37916666666667],[132.7375,33.375]]]},"properties":{"type":"Feature","mesh_id":"503205591","municipality_code":"38214","municipality":"西予市","total_population":24,"population_65plus":8,"population_75plus":5,"aging_rate_65plus":0.3333333333333333,"aging_rate_75plus":0.20833333333333334,"population_status":"0","population_status_target":null,"population_aggregation_target":null,"age_65plus_missing":false,"age_75plus_missing":false,"age_quality_flag":"ok","data_completeness":"complete"}},{"type":"Feature","geometry":{"type":"Polygon","coordinates":[[[132.7375,33.37916666666667],[132.74375,33.37916666666667],[132.74375,33.38333333333334],[132.7375,33.38333333333334],[132.7375,33.37916666666667]]]},"properties":{"type":"Feature","mesh_id":"503205592","municipality_code":"38214","municipality":"西予市","total_population":74,"population_65plus":44,"population_75plus":30,"aging_rate_65plus":0.5945945945945946,"aging_rate_75plus":0.40540540540540543,"population_status":"0","population_status_target":null,"population_aggregation_target":null,"age_65plus_missing":false,"age_75plus_missing":false,"age_quality_flag":"ok","data_completeness":"complete"}},{"type":"Feature","geometry":{"type":"Polygon","coordinates":[[[132.74375,33.375],[132.75,33.375],[132.75,33.37916666666667],[132.74375,33.37916666666667],[132.74375,33.375]]]},"properties":{"type":"Feature","mesh_id":"503205593","municipality_code":"38214","municipality":"西予市","total_population":13,"population_65plus":11,"population_75plus":3,"aging_rate_65plus":0.8461538461538461,"aging_rate_75plus":0.23076923076923078,"population_status":"0","population_status_target":null,"population_aggregation_target":null,"age_65plus_missing":false,"age_75plus_missing":false,"age_quality_flag":"ok","data_completeness":"complete"}},{"type":"Feature","geometry":{"type":"Polygon","coordinates":[[[132.74375,33.37916666666667],[132.75,33.37916666666667],[132.75,33.38333333333334],[132.74375,33.38333333333334],[132.74375,33.37916666666667]]]},"properties":{"type":"Feature","mesh_id":"503205594","municipality_code":"38214","municipality":"西予市","total_population":29,"population_65plus":15,"population_75plus":10,"aging_rate_65plus":0.5172413793103449,"aging_rate_75plus":0.3448275862068966,"population_status":"0","population_status_target":null,"population_aggregation_target":null,"age_65plus_missing":false,"age_75plus_missing":false,"age_quality_flag":"ok","data_completeness":"complete"}},{"type":"Feature","geometry":{"type":"Polygon","coordinates":[[[132.63125,33.38333333333333],[132.6375,33.38333333333333],[132.6375,33.3875],[132.63125,33.3875],[132.63125,33.38333333333333]]]},"properties":{"type":"Feature","mesh_id":"503205603","municipality_code":"38214","municipality":"西予市","total_population":30,"population_65plus":21,"population_75plus":11,"aging_rate_65plus":0.7,"aging_rate_75plus":0.36666666666666664,"population_status":"0","population_status_target":null,"population_aggregation_target":null,"age_65plus_missing":false,"age_75plus_missing":false,"age_quality_flag":"ok","data_completeness":"complete"}},{"type":"Feature","geometry":{"type":"Polygon","coordinates":[[[132.63125,33.3875],[132.6375,33.3875],[132.6375,33.39166666666667],[132.63125,33.39166666666667],[132.63125,33.3875]]]},"properties":{"type":"Feature","mesh_id":"503205604","municipality_code":"38214","municipality":"西予市","total_population":21,"population_65plus":13,"population_75plus":4,"aging_rate_65plus":0.6190476190476191,"aging_rate_75plus":0.19047619047619047,"population_status":"0","population_status_target":null,"population_aggregation_target":null,"age_65plus_missing":false,"age_75plus_missing":false,"age_quality_flag":"ok","data_completeness":"complete"}},{"type":"Feature","geometry":{"type":"Polygon","coordinates":[[[132.6375,33.38333333333333],[132.64374999999998,33.38333333333333],[132.64374999999998,33.3875],[132.6375,33.3875],[132.6375,33.38333333333333]]]},"properties":{"type":"Feature","mesh_id":"503205611","municipality_code":"38214","municipality":"西予市","total_population":2,"population_65plus":null,"population_75plus":null,"aging_rate_65plus":null,"aging_rate_75plus":null,"population_status":"2","population_status_target":"503205612","population_aggregation_target":null,"age_65plus_missing":true,"age_75plus_missing":true,"age_quality_flag":"ok","data_completeness":"partial"}},{"type":"Feature","geometry":{"type":"Polygon","coordinates":[[[132.6375,33.3875],[132.64374999999998,33.3875],[132.64374999999998,33.39166666666667],[132.6375,33.39166666666667],[132.6375,33.3875]]]},"properties":{"type":"Feature","mesh_id":"503205612","municipality_code":"38214","municipality":"西予市","total_population":42,"population_65plus":11,"population_75plus":5,"aging_rate_65plus":0.2619047619047619,"aging_rate_75plus":0.11904761904761904,"population_status":"1","population_status_target":null,"population_aggregation_target":"503205611","age_65plus_missing":false,"age_75plus_missing":false,"age_quality_flag":"ok","data_completeness":"complete"}},{"type":"Feature","geometry":{"type":"Polygon","coordinates":[[[132.64374999999998,33.38333333333333],[132.64999999999998,33.38333333333333],[132.64999999999998,33.3875],[132.64374999999998,33.3875],[132.64374999999998,33.38333333333333]]]},"properties":{"type":"Feature","mesh_id":"503205613","municipality_code":"38214","municipality":"西予市","total_population":23,"population_65plus":8,"population_75plus":3,"aging_rate_65plus":0.34782608695652173,"aging_rate_75plus":0.13043478260869565,"population_status":"0","population_status_target":null,"population_aggregation_target":null,"age_65plus_missing":false,"age_75plus_missing":false,"age_quality_flag":"ok","data_completeness":"complete"}},{"type":"Feature","geometry":{"type":"Polygon","coordinates":[[[132.64374999999998,33.3875],[132.64999999999998,33.3875],[132.64999999999998,33.39166666666667],[132.64374999999998,33.39166666666667],[132.64374999999998,33.3875]]]},"properties":{"type":"Feature","mesh_id":"503205614","municipality_code":"38214","municipality":"西予市","total_population":23,"population_65plus":7,"population_75plus":5,"aging_rate_65plus":0.30434782608695654,"aging_rate_75plus":0.21739130434782608,"population_status":"0","population_status_target":null,"population_aggregation_target":null,"age_65plus_missing":false,"age_75plus_missing":false,"age_quality_flag":"ok","data_completeness":"complete"}},{"type":"Feature","geometry":{"type":"Polygon","coordinates":[[[132.65,33.38333333333333],[132.65625,33.38333333333333],[132.65625,33.3875],[132.65,33.3875],[132.65,33.38333333333333]]]},"properties":{"type":"Feature","mesh_id":"503205621","municipality_code":"38214","municipality":"西予市","total_population":158,"population_65plus":41,"population_75plus":23,"aging_rate_65plus":0.25949367088607594,"aging_rate_75plus":0.14556962025316456,"population_status":"0","population_status_target":null,"population_aggregation_target":null,"age_65plus_missing":false,"age_75plus_missing":false,"age_quality_flag":"ok","data_completeness":"complete"}},{"type":"Feature","geometry":{"type":"Polygon","coordinates":[[[132.65,33.3875],[132.65625,33.3875],[132.65625,33.39166666666667],[132.65,33.39166666666667],[132.65,33.3875]]]},"properties":{"type":"Feature","mesh_id":"503205622","municipality_code":"38214","municipality":"西予市","total_population":57,"population_65plus":17,"population_75plus":8,"aging_rate_65plus":0.2982456140350877,"aging_rate_75plus":0.14035087719298245,"population_status":"0","population_status_target":null,"population_aggregation_target":null,"age_65plus_missing":false,"age_75plus_missing":false,"age_quality_flag":"ok","data_completeness":"complete"}},{"type":"Feature","geometry":{"type":"Polygon","coordinates":[[[132.65625,33.38333333333333],[132.6625,33.38333333333333],[132.6625,33.3875],[132.65625,33.3875],[132.65625,33.38333333333333]]]},"properties":{"type":"Feature","mesh_id":"503205623","municipality_code":"38214","municipality":"西予市","total_population":16,"population_65plus":2,"population_75plus":2,"aging_rate_65plus":0.125,"aging_rate_75plus":0.125,"population_status":"1","population_status_target":null,"population_aggregation_target":"503205624","age_65plus_missing":false,"age_75plus_missing":false,"age_quality_flag":"ok","data_completeness":"complete"}},{"type":"Feature","geometry":{"type":"Polygon","coordinates":[[[132.65625,33.3875],[132.6625,33.3875],[132.6625,33.39166666666667],[132.65625,33.39166666666667],[132.65625,33.3875]]]},"properties":{"type":"Feature","mesh_id":"503205624","municipality_code":"38214","municipality":"西予市","total_population":9,"population_65plus":null,"population_75plus":null,"aging_rate_65plus":null,"aging_rate_75plus":null,"population_status":"2","population_status_target":"503205623","population_aggregation_target":null,"age_65plus_missing":true,"age_75plus_missing":true,"age_quality_flag":"ok","data_completeness":"partial"}},{"type":"Feature","geometry":{"type":"Polygon","coordinates":[[[132.6625,33.38333333333333],[132.66875,33.38333333333333],[132.66875,33.3875],[132.6625,33.3875],[132.6625,33.38333333333333]]]},"properties":{"type":"Feature","mesh_id":"503205631","municipality_code":"38214","municipality":"西予市","total_population":3,"population_65plus":null,"population_75plus":null,"aging_rate_65plus":null,"aging_rate_75plus":null,"population_status":"2","population_status_target":"503205633","population_aggregation_target":null,"age_65plus_missing":true,"age_75plus_missing":true,"age_quality_flag":"ok","data_completeness":"partial"}},{"type":"Feature","geometry":{"type":"Polygon","coordinates":[[[132.6625,33.3875],[132.66875,33.3875],[132.66875,33.39166666666667],[132.6625,33.39166666666667],[132.6625,33.3875]]]},"properties":{"type":"Feature","mesh_id":"503205632","municipality_code":"38214","municipality":"西予市","total_population":11,"population_65plus":null,"population_75plus":null,"aging_rate_65plus":null,"aging_rate_75plus":null,"population_status":"2","population_status_target":"503205633","population_aggregation_target":null,"age_65plus_missing":true,"age_75plus_missing":true,"age_quality_flag":"ok","data_completeness":"partial"}},{"type":"Feature","geometry":{"type":"Polygon","coordinates":[[[132.66875,33.38333333333333],[132.67499999999998,33.38333333333333],[132.67499999999998,33.3875],[132.66875,33.3875],[132.66875,33.38333333333333]]]},"properties":{"type":"Feature","mesh_id":"503205633","municipality_code":"38214","municipality":"西予市","total_population":45,"population_65plus":32,"population_75plus":14,"aging_rate_65plus":0.7111111111111111,"aging_rate_75plus":0.3111111111111111,"population_status":"1","population_status_target":null,"population_aggregation_target":"503205631;503205632","age_65plus_missing":false,"age_75plus_missing":false,"age_quality_flag":"ok","data_completeness":"complete"}},{"type":"Feature","geometry":{"type":"Polygon","coordinates":[[[132.66875,33.3875],[132.67499999999998,33.3875],[132.67499999999998,33.39166666666667],[132.66875,33.39166666666667],[132.66875,33.3875]]]},"properties":{"type":"Feature","mesh_id":"503205634","municipality_code":"38214","municipality":"西予市","total_population":58,"population_65plus":22,"population_75plus":14,"aging_rate_65plus":0.3793103448275862,"aging_rate_75plus":0.2413793103448276,"population_status":"0","population_status_target":null,"population_aggregation_target":null,"age_65plus_missing":false,"age_75plus_missing":false,"age_quality_flag":"ok","data_completeness":"complete"}},{"type":"Feature","geometry":{"type":"Polygon","coordinates":[[[132.675,33.38333333333333],[132.68125,33.38333333333333],[132.68125,33.3875],[132.675,33.3875],[132.675,33.38333333333333]]]},"properties":{"type":"Feature","mesh_id":"503205641","municipality_code":"38214","municipality":"西予市","total_population":4,"population_65plus":null,"population_75plus":null,"aging_rate_65plus":null,"aging_rate_75plus":null,"population_status":"2","population_status_target":"503205643","population_aggregation_target":null,"age_65plus_missing":true,"age_75plus_missing":true,"age_quality_flag":"ok","data_completeness":"partial"}},{"type":"Feature","geometry":{"type":"Polygon","coordinates":[[[132.675,33.3875],[132.68125,33.3875],[132.68125,33.39166666666667],[132.675,33.39166666666667],[132.675,33.3875]]]},"properties":{"type":"Feature","mesh_id":"503205642","municipality_code":"38214","municipality":"西予市","total_population":4,"population_65plus":null,"population_75plus":null,"aging_rate_65plus":null,"aging_rate_75plus":null,"population_status":"2","population_status_target":"503205644","population_aggregation_target":null,"age_65plus_missing":true,"age_75plus_missing":true,"age_quality_flag":"ok","data_completeness":"partial"}},{"type":"Feature","geometry":{"type":"Polygon","coordinates":[[[132.68125,33.38333333333333],[132.6875,33.38333333333333],[132.6875,33.3875],[132.68125,33.3875],[132.68125,33.38333333333333]]]},"properties":{"type":"Feature","mesh_id":"503205643","municipality_code":"38214","municipality":"西予市","total_population":26,"population_65plus":14,"population_75plus":5,"aging_rate_65plus":0.5384615384615384,"aging_rate_75plus":0.19230769230769232,"population_status":"1","population_status_target":null,"population_aggregation_target":"503205641","age_65plus_missing":false,"age_75plus_missing":false,"age_quality_flag":"ok","data_completeness":"complete"}},{"type":"Feature","geometry":{"type":"Polygon","coordinates":[[[132.68125,33.3875],[132.6875,33.3875],[132.6875,33.39166666666667],[132.68125,33.39166666666667],[132.68125,33.3875]]]},"properties":{"type":"Feature","mesh_id":"503205644","municipality_code":"38214","municipality":"西予市","total_population":16,"population_65plus":null,"population_75plus":null,"aging_rate_65plus":null,"aging_rate_75plus":null,"population_status":"1","population_status_target":null,"population_aggregation_target":"503205642","age_65plus_missing":true,"age_75plus_missing":true,"age_quality_flag":"inconsistent_with_total","data_completeness":"partial"}},{"type":"Feature","geometry":{"type":"Polygon","coordinates":[[[132.6875,33.38333333333333],[132.69375,33.38333333333333],[132.69375,33.3875],[132.6875,33.3875],[132.6875,33.38333333333333]]]},"properties":{"type":"Feature","mesh_id":"503205651","municipality_code":"38214","municipality":"西予市","total_population":20,"population_65plus":8,"population_75plus":5,"aging_rate_65plus":0.4,"aging_rate_75plus":0.25,"population_status":"0","population_status_target":null,"population_aggregation_target":null,"age_65plus_missing":false,"age_75plus_missing":false,"age_quality_flag":"ok","data_completeness":"complete"}},{"type":"Feature","geometry":{"type":"Polygon","coordinates":[[[132.70624999999998,33.38333333333333],[132.71249999999998,33.38333333333333],[132.71249999999998,33.3875],[132.70624999999998,33.3875],[132.70624999999998,33.38333333333333]]]},"properties":{"type":"Feature","mesh_id":"503205663","municipality_code":"38214","municipality":"西予市","total_population":25,"population_65plus":15,"population_75plus":13,"aging_rate_65plus":0.6,"aging_rate_75plus":0.52,"population_status":"0","population_status_target":null,"population_aggregation_target":null,"age_65plus_missing":false,"age_75plus_missing":false,"age_quality_flag":"ok","data_completeness":"complete"}},{"type":"Feature","geometry":{"type":"Polygon","coordinates":[[[132.7125,33.38333333333333],[132.71875,33.38333333333333],[132.71875,33.3875],[132.7125,33.3875],[132.7125,33.38333333333333]]]},"properties":{"type":"Feature","mesh_id":"503205671","municipality_code":"38214","municipality":"西予市","total_population":14,"population_65plus":7,"population_75plus":4,"aging_rate_65plus":0.5,"aging_rate_75plus":0.2857142857142857,"population_status":"0","population_status_target":null,"population_aggregation_target":null,"age_65plus_missing":false,"age_75plus_missing":false,"age_quality_flag":"ok","data_completeness":"complete"}},{"type":"Feature","geometry":{"type":"Polygon","coordinates":[[[132.7125,33.3875],[132.71875,33.3875],[132.71875,33.39166666666667],[132.7125,33.39166666666667],[132.7125,33.3875]]]},"properties":{"type":"Feature","mesh_id":"503205672","municipality_code":"38214","municipality":"西予市","total_population":11,"population_65plus":7,"population_75plus":5,"aging_rate_65plus":0.6363636363636364,"aging_rate_75plus":0.45454545454545453,"population_status":"0","population_status_target":null,"population_aggregation_target":null,"age_65plus_missing":false,"age_75plus_missing":false,"age_quality_flag":"ok","data_completeness":"complete"}},{"type":"Feature","geometry":{"type":"Polygon","coordinates":[[[132.725,33.38333333333333],[132.73125,33.38333333333333],[132.73125,33.3875],[132.725,33.3875],[132.725,33.38333333333333]]]},"properties":{"type":"Feature","mesh_id":"503205681","municipality_code":"38214","municipality":"西予市","total_population":1,"population_65plus":null,"population_75plus":null,"aging_rate_65plus":null,"aging_rate_75plus":null,"population_status":"2","population_status_target":"503205682","population_aggregation_target":null,"age_65plus_missing":true,"age_75plus_missing":true,"age_quality_flag":"ok","data_completeness":"partial"}},{"type":"Feature","geometry":{"type":"Polygon","coordinates":[[[132.725,33.3875],[132.73125,33.3875],[132.73125,33.39166666666667],[132.725,33.39166666666667],[132.725,33.3875]]]},"properties":{"type":"Feature","mesh_id":"503205682","municipality_code":"38214","municipality":"西予市","total_population":45,"population_65plus":27,"population_75plus":18,"aging_rate_65plus":0.6,"aging_rate_75plus":0.4,"population_status":"1","population_status_target":null,"population_aggregation_target":"503205681;503205684","age_65plus_missing":false,"age_75plus_missing":false,"age_quality_flag":"ok","data_completeness":"complete"}},{"type":"Feature","geometry":{"type":"Polygon","coordinates":[[[132.73125,33.38333333333333],[132.73749999999998,33.38333333333333],[132.73749999999998,33.3875],[132.73125,33.3875],[132.73125,33.38333333333333]]]},"properties":{"type":"Feature","mesh_id":"503205683","municipality_code":"38214","municipality":"西予市","total_population":9,"population_65plus":7,"population_75plus":1,"aging_rate_65plus":0.7777777777777778,"aging_rate_75plus":0.1111111111111111,"population_status":"0","population_status_target":null,"population_aggregation_target":null,"age_65plus_missing":false,"age_75plus_missing":false,"age_quality_flag":"ok","data_completeness":"complete"}},{"type":"Feature","geometry":{"type":"Polygon","coordinates":[[[132.73125,33.3875],[132.73749999999998,33.3875],[132.73749999999998,33.39166666666667],[132.73125,33.39166666666667],[132.73125,33.3875]]]},"properties":{"type":"Feature","mesh_id":"503205684","municipality_code":"38214","municipality":"西予市","total_population":6,"population_65plus":null,"population_75plus":null,"aging_rate_65plus":null,"aging_rate_75plus":null,"population_status":"2","population_status_target":"503205682","population_aggregation_target":null,"age_65plus_missing":true,"age_75plus_missing":true,"age_quality_flag":"ok","data_completeness":"partial"}},{"type":"Feature","geometry":{"type":"Polygon","coordinates":[[[132.74375,33.38333333333333],[132.75,33.38333333333333],[132.75,33.3875],[132.74375,33.3875],[132.74375,33.38333333333333]]]},"properties":{"type":"Feature","mesh_id":"503205693","municipality_code":"38214","municipality":"西予市","total_population":10,"population_65plus":null,"population_75plus":null,"aging_rate_65plus":null,"aging_rate_75plus":null,"population_status":"2","population_status_target":"503205694","population_aggregation_target":null,"age_65plus_missing":true,"age_75plus_missing":true,"age_quality_flag":"ok","data_completeness":"partial"}},{"type":"Feature","geometry":{"type":"Polygon","coordinates":[[[132.74375,33.3875],[132.75,33.3875],[132.75,33.39166666666667],[132.74375,33.39166666666667],[132.74375,33.3875]]]},"properties":{"type":"Feature","mesh_id":"503205694","municipality_code":"38214","municipality":"西予市","total_population":9,"population_65plus":9,"population_75plus":6,"aging_rate_65plus":1.0,"aging_rate_75plus":0.6666666666666666,"population_status":"1","population_status_target":null,"population_aggregation_target":"503205693","age_65plus_missing":false,"age_75plus_missing":false,"age_quality_flag":"ok","data_completeness":"complete"}},{"type":"Feature","geometry":{"type":"Polygon","coordinates":[[[132.625,33.391666666666666],[132.63125,33.391666666666666],[132.63125,33.395833333333336],[132.625,33.395833333333336],[132.625,33.391666666666666]]]},"properties":{"type":"Feature","mesh_id":"503205701","municipality_code":"38214","municipality":"西予市","total_population":19,"population_65plus":null,"population_75plus":null,"aging_rate_65plus":null,"aging_rate_75plus":null,"population_status":"1","population_status_target":null,"population_aggregation_target":"503205703","age_65plus_missing":true,"age_75plus_missing":true,"age_quality_flag":"inconsistent_with_total","data_completeness":"partial"}},{"type":"Feature","geometry":{"type":"Polygon","coordinates":[[[132.63125,33.391666666666666],[132.6375,33.391666666666666],[132.6375,33.395833333333336],[132.63125,33.395833333333336],[132.63125,33.391666666666666]]]},"properties":{"type":"Feature","mesh_id":"503205703","municipality_code":"38214","municipality":"西予市","total_population":5,"population_65plus":null,"population_75plus":null,"aging_rate_65plus":null,"aging_rate_75plus":null,"population_status":"2","population_status_target":"503205701","population_aggregation_target":null,"age_65plus_missing":true,"age_75plus_missing":true,"age_quality_flag":"ok","data_completeness":"partial"}},{"type":"Feature","geometry":{"type":"Polygon","coordinates":[[[132.6375,33.391666666666666],[132.64374999999998,33.391666666666666],[132.64374999999998,33.395833333333336],[132.6375,33.395833333333336],[132.6375,33.391666666666666]]]},"properties":{"type":"Feature","mesh_id":"503205711","municipality_code":"38214","municipality":"西予市","total_population":12,"population_65plus":9,"population_75plus":4,"aging_rate_65plus":0.75,"aging_rate_75plus":0.3333333333333333,"population_status":"1","population_status_target":null,"population_aggregation_target":"503205712;503205714","age_65plus_missing":false,"age_75plus_missing":false,"age_quality_flag":"ok","data_completeness":"complete"}},{"type":"Feature","geometry":{"type":"Polygon","coordinates":[[[132.6375,33.395833333333336],[132.64374999999998,33.395833333333336],[132.64374999999998,33.400000000000006],[132.6375,33.400000000000006],[132.6375,33.395833333333336]]]},"properties":{"type":"Feature","mesh_id":"503205712","municipality_code":"38214","municipality":"西予市","total_population":1,"population_65plus":null,"population_75plus":null,"aging_rate_65plus":null,"aging_rate_75plus":null,"population_status":"2","population_status_target":"503205711","population_aggregation_target":null,"age_65plus_missing":true,"age_75plus_missing":true,"age_quality_flag":"ok","data_completeness":"partial"}},{"type":"Feature","geometry":{"type":"Polygon","coordinates":[[[132.64374999999998,33.395833333333336],[132.64999999999998,33.395833333333336],[132.64999999999998,33.400000000000006],[132.64374999999998,33.400000000000006],[132.64374999999998,33.395833333333336]]]},"properties":{"type":"Feature","mesh_id":"503205714","municipality_code":"38214","municipality":"西予市","total_population":1,"population_65plus":null,"population_75plus":null,"aging_rate_65plus":null,"aging_rate_75plus":null,"population_status":"2","population_status_target":"503205711","population_aggregation_target":null,"age_65plus_missing":true,"age_75plus_missing":true,"age_quality_flag":"ok","data_completeness":"partial"}},{"type":"Feature","geometry":{"type":"Polygon","coordinates":[[[132.65,33.391666666666666],[132.65625,33.391666666666666],[132.65625,33.395833333333336],[132.65,33.395833333333336],[132.65,33.391666666666666]]]},"properties":{"type":"Feature","mesh_id":"503205721","municipality_code":"38214","municipality":"西予市","total_population":9,"population_65plus":2,"population_75plus":2,"aging_rate_65plus":0.2222222222222222,"aging_rate_75plus":0.2222222222222222,"population_status":"0","population_status_target":null,"population_aggregation_target":null,"age_65plus_missing":false,"age_75plus_missing":false,"age_quality_flag":"ok","data_completeness":"complete"}},{"type":"Feature","geometry":{"type":"Polygon","coordinates":[[[132.65,33.395833333333336],[132.65625,33.395833333333336],[132.65625,33.400000000000006],[132.65,33.400000000000006],[132.65,33.395833333333336]]]},"properties":{"type":"Feature","mesh_id":"503205722","municipality_code":"38214","municipality":"西予市","total_population":68,"population_65plus":39,"population_75plus":18,"aging_rate_65plus":0.5735294117647058,"aging_rate_75plus":0.2647058823529412,"population_status":"1","population_status_target":null,"population_aggregation_target":"503205724","age_65plus_missing":false,"age_75plus_missing":false,"age_quality_flag":"ok","data_completeness":"complete"}},{"type":"Feature","geometry":{"type":"Polygon","coordinates":[[[132.65625,33.391666666666666],[132.6625,33.391666666666666],[132.6625,33.395833333333336],[132.65625,33.395833333333336],[132.65625,33.391666666666666]]]},"properties":{"type":"Feature","mesh_id":"503205723","municipality_code":"38214","municipality":"西予市","total_population":18,"population_65plus":5,"population_75plus":2,"aging_rate_65plus":0.2777777777777778,"aging_rate_75plus":0.1111111111111111,"population_status":"0","population_status_target":null,"population_aggregation_target":null,"age_65plus_missing":false,"age_75plus_missing":false,"age_quality_flag":"ok","data_completeness":"complete"}},{"type":"Feature","geometry":{"type":"Polygon","coordinates":[[[132.65625,33.395833333333336],[132.6625,33.395833333333336],[132.6625,33.400000000000006],[132.65625,33.400000000000006],[132.65625,33.395833333333336]]]},"properties":{"type":"Feature","mesh_id":"503205724","municipality_code":"38214","municipality":"西予市","total_population":4,"population_65plus":null,"population_75plus":null,"aging_rate_65plus":null,"aging_rate_75plus":null,"population_status":"2","population_status_target":"503205722","population_aggregation_target":null,"age_65plus_missing":true,"age_75plus_missing":true,"age_quality_flag":"ok","data_completeness":"partial"}},{"type":"Feature","geometry":{"type":"Polygon","coordinates":[[[132.6625,33.391666666666666],[132.66875,33.391666666666666],[132.66875,33.395833333333336],[132.6625,33.395833333333336],[132.6625,33.391666666666666]]]},"properties":{"type":"Feature","mesh_id":"503205731","municipality_code":"38214","municipality":"西予市","total_population":6,"population_65plus":null,"population_75plus":null,"aging_rate_65plus":null,"aging_rate_75plus":null,"population_status":"2","population_status_target":"503205733","population_aggregation_target":null,"age_65plus_missing":true,"age_75plus_missing":true,"age_quality_flag":"ok","data_completeness":"partial"}},{"type":"Feature","geometry":{"type":"Polygon","coordinates":[[[132.6625,33.395833333333336],[132.66875,33.395833333333336],[132.66875,33.400000000000006],[132.6625,33.400000000000006],[132.6625,33.395833333333336]]]},"properties":{"type":"Feature","mesh_id":"503205732","municipality_code":"38214","municipality":"西予市","total_population":17,"population_65plus":7,"population_75plus":2,"aging_rate_65plus":0.4117647058823529,"aging_rate_75plus":0.11764705882352941,"population_status":"0","population_status_target":null,"population_aggregation_target":null,"age_65plus_missing":false,"age_75plus_missing":false,"age_quality_flag":"ok","data_completeness":"complete"}},{"type":"Feature","geometry":{"type":"Polygon","coordinates":[[[132.66875,33.391666666666666],[132.67499999999998,33.391666666666666],[132.67499999999998,33.395833333333336],[132.66875,33.395833333333336],[132.66875,33.391666666666666]]]},"properties":{"type":"Feature","mesh_id":"503205733","municipality_code":"38214","municipality":"西予市","total_population":83,"population_65plus":35,"population_75plus":17,"aging_rate_65plus":0.42168674698795183,"aging_rate_75plus":0.20481927710843373,"population_status":"1","population_status_target":null,"population_aggregation_target":"503205731","age_65plus_missing":false,"age_75plus_missing":false,"age_quality_flag":"ok","data_completeness":"complete"}},{"type":"Feature","geometry":{"type":"Polygon","coordinates":[[[132.66875,33.395833333333336],[132.67499999999998,33.395833333333336],[132.67499999999998,33.400000000000006],[132.66875,33.400000000000006],[132.66875,33.395833333333336]]]},"properties":{"type":"Feature","mesh_id":"503205734","municipality_code":"38214","municipality":"西予市","total_population":41,"population_65plus":20,"population_75plus":8,"aging_rate_65plus":0.4878048780487805,"aging_rate_75plus":0.1951219512195122,"population_status":"0","population_status_target":null,"population_aggregation_target":null,"age_65plus_missing":false,"age_75plus_missing":false,"age_quality_flag":"ok","data_completeness":"complete"}},{"type":"Feature","geometry":{"type":"Polygon","coordinates":[[[132.68125,33.391666666666666],[132.6875,33.391666666666666],[132.6875,33.395833333333336],[132.68125,33.395833333333336],[132.68125,33.391666666666666]]]},"properties":{"type":"Feature","mesh_id":"503205743","municipality_code":"38214","municipality":"西予市","total_population":35,"population_65plus":24,"population_75plus":13,"aging_rate_65plus":0.6857142857142857,"aging_rate_75plus":0.37142857142857144,"population_status":"0","population_status_target":null,"population_aggregation_target":null,"age_65plus_missing":false,"age_75plus_missing":false,"age_quality_flag":"ok","data_completeness":"complete"}},{"type":"Feature","geometry":{"type":"Polygon","coordinates":[[[132.68125,33.395833333333336],[132.6875,33.395833333333336],[132.6875,33.400000000000006],[132.68125,33.400000000000006],[132.68125,33.395833333333336]]]},"properties":{"type":"Feature","mesh_id":"503205744","municipality_code":"38214","municipality":"西予市","total_population":14,"population_65plus":3,"population_75plus":0,"aging_rate_65plus":0.21428571428571427,"aging_rate_75plus":0.0,"population_status":"0","population_status_target":null,"population_aggregation_target":null,"age_65plus_missing":false,"age_75plus_missing":false,"age_quality_flag":"ok","data_completeness":"complete"}},{"type":"Feature","geometry":{"type":"Polygon","coordinates":[[[132.69375,33.391666666666666],[132.7,33.391666666666666],[132.7,33.395833333333336],[132.69375,33.395833333333336],[132.69375,33.391666666666666]]]},"properties":{"type":"Feature","mesh_id":"503205753","municipality_code":"38214","municipality":"西予市","total_population":43,"population_65plus":28,"population_75plus":18,"aging_rate_65plus":0.6511627906976745,"aging_rate_75plus":0.4186046511627907,"population_status":"1","population_status_target":null,"population_aggregation_target":"503205754","age_65plus_missing":false,"age_75plus_missing":false,"age_quality_flag":"ok","data_completeness":"complete"}},{"type":"Feature","geometry":{"type":"Polygon","coordinates":[[[132.69375,33.395833333333336],[132.7,33.395833333333336],[132.7,33.400000000000006],[132.69375,33.400000000000006],[132.69375,33.395833333333336]]]},"properties":{"type":"Feature","mesh_id":"503205754","municipality_code":"38214","municipality":"西予市","total_population":6,"population_65plus":null,"population_75plus":null,"aging_rate_65plus":null,"aging_rate_75plus":null,"population_status":"2","population_status_target":"503205753","population_aggregation_target":null,"age_65plus_missing":true,"age_75plus_missing":true,"age_quality_flag":"ok","data_completeness":"partial"}},{"type":"Feature","geometry":{"type":"Polygon","coordinates":[[[132.7,33.391666666666666],[132.70624999999998,33.391666666666666],[132.70624999999998,33.395833333333336],[132.7,33.395833333333336],[132.7,33.391666666666666]]]},"properties":{"type":"Feature","mesh_id":"503205761","municipality_code":"38214","municipality":"西予市","total_population":14,"population_65plus":6,"population_75plus":2,"aging_rate_65plus":0.42857142857142855,"aging_rate_75plus":0.14285714285714285,"population_status":"0","population_status_target":null,"population_aggregation_target":null,"age_65plus_missing":false,"age_75plus_missing":false,"age_quality_flag":"ok","data_completeness":"complete"}},{"type":"Feature","geometry":{"type":"Polygon","coordinates":[[[132.7125,33.395833333333336],[132.71875,33.395833333333336],[132.71875,33.400000000000006],[132.7125,33.400000000000006],[132.7125,33.395833333333336]]]},"properties":{"type":"Feature","mesh_id":"503205772","municipality_code":"38214","municipality":"西予市","total_population":10,"population_65plus":6,"population_75plus":3,"aging_rate_65plus":0.6,"aging_rate_75plus":0.3,"population_status":"0","population_status_target":null,"population_aggregation_target":null,"age_65plus_missing":false,"age_75plus_missing":false,"age_quality_flag":"ok","data_completeness":"complete"}},{"type":"Feature","geometry":{"type":"Polygon","coordinates":[[[132.71875,33.395833333333336],[132.725,33.395833333333336],[132.725,33.400000000000006],[132.71875,33.400000000000006],[132.71875,33.395833333333336]]]},"properties":{"type":"Feature","mesh_id":"503205774","municipality_code":"38214","municipality":"西予市","total_population":61,"population_65plus":21,"population_75plus":13,"aging_rate_65plus":0.3442622950819672,"aging_rate_75plus":0.21311475409836064,"population_status":"1","population_status_target":null,"population_aggregation_target":"503205862","age_65plus_missing":false,"age_75plus_missing":false,"age_quality_flag":"ok","data_completeness":"complete"}},{"type":"Feature","geometry":{"type":"Polygon","coordinates":[[[132.725,33.391666666666666],[132.73125,33.391666666666666],[132.73125,33.395833333333336],[132.725,33.395833333333336],[132.725,33.391666666666666]]]},"properties":{"type":"Feature","mesh_id":"503205781","municipality_code":"38214","municipality":"西予市","total_population":14,"population_65plus":null,"population_75plus":null,"aging_rate_65plus":null,"aging_rate_75plus":null,"population_status":"1","population_status_target":null,"population_aggregation_target":"503205782;503205783","age_65plus_missing":true,"age_75plus_missing":true,"age_quality_flag":"inconsistent_with_total","data_completeness":"partial"}},{"type":"Feature","geometry":{"type":"Polygon","coordinates":[[[132.725,33.395833333333336],[132.73125,33.395833333333336],[132.73125,33.400000000000006],[132.725,33.400000000000006],[132.725,33.395833333333336]]]},"properties":{"type":"Feature","mesh_id":"503205782","municipality_code":"38214","municipality":"西予市","total_population":7,"population_65plus":null,"population_75plus":null,"aging_rate_65plus":null,"aging_rate_75plus":null,"population_status":"2","population_status_target":"503205781","population_aggregation_target":null,"age_65plus_missing":true,"age_75plus_missing":true,"age_quality_flag":"ok","data_completeness":"partial"}},{"type":"Feature","geometry":{"type":"Polygon","coordinates":[[[132.73125,33.391666666666666],[132.73749999999998,33.391666666666666],[132.73749999999998,33.395833333333336],[132.73125,33.395833333333336],[132.73125,33.391666666666666]]]},"properties":{"type":"Feature","mesh_id":"503205783","municipality_code":"38214","municipality":"西予市","total_population":6,"population_65plus":null,"population_75plus":null,"aging_rate_65plus":null,"aging_rate_75plus":null,"population_status":"2","population_status_target":"503205781","population_aggregation_target":null,"age_65plus_missing":true,"age_75plus_missing":true,"age_quality_flag":"ok","data_completeness":"partial"}},{"type":"Feature","geometry":{"type":"Polygon","coordinates":[[[132.73125,33.395833333333336],[132.73749999999998,33.395833333333336],[132.73749999999998,33.400000000000006],[132.73125,33.400000000000006],[132.73125,33.395833333333336]]]},"properties":{"type":"Feature","mesh_id":"503205784","municipality_code":"38214","municipality":"西予市","total_population":16,"population_65plus":11,"population_75plus":5,"aging_rate_65plus":0.6875,"aging_rate_75plus":0.3125,"population_status":"0","population_status_target":null,"population_aggregation_target":null,"age_65plus_missing":false,"age_75plus_missing":false,"age_quality_flag":"ok","data_completeness":"complete"}},{"type":"Feature","geometry":{"type":"Polygon","coordinates":[[[132.7375,33.395833333333336],[132.74375,33.395833333333336],[132.74375,33.400000000000006],[132.7375,33.400000000000006],[132.7375,33.395833333333336]]]},"properties":{"type":"Feature","mesh_id":"503205792","municipality_code":"38214","municipality":"西予市","total_population":19,"population_65plus":6,"population_75plus":5,"aging_rate_65plus":0.3157894736842105,"aging_rate_75plus":0.2631578947368421,"population_status":"0","population_status_target":null,"population_aggregation_target":null,"age_65plus_missing":false,"age_75plus_missing":false,"age_quality_flag":"ok","data_completeness":"complete"}},{"type":"Feature","geometry":{"type":"Polygon","coordinates":[[[132.74375,33.391666666666666],[132.75,33.391666666666666],[132.75,33.395833333333336],[132.74375,33.395833333333336],[132.74375,33.391666666666666]]]},"properties":{"type":"Feature","mesh_id":"503205793","municipality_code":"38214","municipality":"西予市","total_population":15,"population_65plus":15,"population_75plus":7,"aging_rate_65plus":1.0,"aging_rate_75plus":0.4666666666666667,"population_status":"1","population_status_target":null,"population_aggregation_target":"503205891;503205893","age_65plus_missing":false,"age_75plus_missing":false,"age_quality_flag":"ok","data_completeness":"complete"}},{"type":"Feature","geometry":{"type":"Polygon","coordinates":[[[132.625,33.404166666666676],[132.63125,33.404166666666676],[132.63125,33.408333333333346],[132.625,33.408333333333346],[132.625,33.404166666666676]]]},"properties":{"type":"Feature","mesh_id":"503205802","municipality_code":"38214","municipality":"西予市","total_population":2,"population_65plus":null,"population_75plus":null,"aging_rate_65plus":null,"aging_rate_75plus":null,"population_status":"2","population_status_target":"503205804","population_aggregation_target":null,"age_65plus_missing":true,"age_75plus_missing":true,"age_quality_flag":"ok","data_completeness":"partial"}},{"type":"Feature","geometry":{"type":"Polygon","coordinates":[[[132.63125,33.404166666666676],[132.6375,33.404166666666676],[132.6375,33.408333333333346],[132.63125,33.408333333333346],[132.63125,33.404166666666676]]]},"properties":{"type":"Feature","mesh_id":"503205804","municipality_code":"38214","municipality":"西予市","total_population":20,"population_65plus":11,"population_75plus":7,"aging_rate_65plus":0.55,"aging_rate_75plus":0.35,"population_status":"1","population_status_target":null,"population_aggregation_target":"503205802","age_65plus_missing":false,"age_75plus_missing":false,"age_quality_flag":"ok","data_completeness":"complete"}},{"type":"Feature","geometry":{"type":"Polygon","coordinates":[[[132.6375,33.400000000000006],[132.64374999999998,33.400000000000006],[132.64374999999998,33.404166666666676],[132.6375,33.404166666666676],[132.6375,33.400000000000006]]]},"properties":{"type":"Feature","mesh_id":"503205811","municipality_code":"38214","municipality":"西予市","total_population":25,"population_65plus":10,"population_75plus":6,"aging_rate_65plus":0.4,"aging_rate_75plus":0.24,"population_status":"0","population_status_target":null,"population_aggregation_target":null,"age_65plus_missing":false,"age_75plus_missing":false,"age_quality_flag":"ok","data_completeness":"complete"}},{"type":"Feature","geometry":{"type":"Polygon","coordinates":[[[132.6375,33.404166666666676],[132.64374999999998,33.404166666666676],[132.64374999999998,33.408333333333346],[132.6375,33.408333333333346],[132.6375,33.404166666666676]]]},"properties":{"type":"Feature","mesh_id":"503205812","municipality_code":"38214","municipality":"西予市","total_population":32,"population_65plus":21,"population_75plus":13,"aging_rate_65plus":0.65625,"aging_rate_75plus":0.40625,"population_status":"1","population_status_target":null,"population_aggregation_target":"503205814","age_65plus_missing":false,"age_75plus_missing":false,"age_quality_flag":"ok","data_completeness":"complete"}},{"type":"Feature","geometry":{"type":"Polygon","coordinates":[[[132.64374999999998,33.400000000000006],[132.64999999999998,33.400000000000006],[132.64999999999998,33.404166666666676],[132.64374999999998,33.404166666666676],[132.64374999999998,33.400000000000006]]]},"properties":{"type":"Feature","mesh_id":"503205813","municipality_code":"38214","municipality":"西予市","total_population":10,"population_65plus":7,"population_75plus":5,"aging_rate_65plus":0.7,"aging_rate_75plus":0.5,"population_status":"0","population_status_target":null,"population_aggregation_target":null,"age_65plus_missing":false,"age_75plus_missing":false,"age_quality_flag":"ok","data_completeness":"complete"}},{"type":"Feature","geometry":{"type":"Polygon","coordinates":[[[132.64374999999998,33.404166666666676],[132.64999999999998,33.404166666666676],[132.64999999999998,33.408333333333346],[132.64374999999998,33.408333333333346],[132.64374999999998,33.404166666666676]]]},"properties":{"type":"Feature","mesh_id":"503205814","municipality_code":"38214","municipality":"西予市","total_population":2,"population_65plus":null,"population_75plus":null,"aging_rate_65plus":null,"aging_rate_75plus":null,"population_status":"2","population_status_target":"503205812","population_aggregation_target":null,"age_65plus_missing":true,"age_75plus_missing":true,"age_quality_flag":"ok","data_completeness":"partial"}},{"type":"Feature","geometry":{"type":"Polygon","coordinates":[[[132.65625,33.400000000000006],[132.6625,33.400000000000006],[132.6625,33.404166666666676],[132.65625,33.404166666666676],[132.65625,33.400000000000006]]]},"properties":{"type":"Feature","mesh_id":"503205823","municipality_code":"38214","municipality":"西予市","total_population":16,"population_65plus":12,"population_75plus":7,"aging_rate_65plus":0.75,"aging_rate_75plus":0.4375,"population_status":"0","population_status_target":null,"population_aggregation_target":null,"age_65plus_missing":false,"age_75plus_missing":false,"age_quality_flag":"ok","data_completeness":"complete"}},{"type":"Feature","geometry":{"type":"Polygon","coordinates":[[[132.6625,33.404166666666676],[132.66875,33.404166666666676],[132.66875,33.408333333333346],[132.6625,33.408333333333346],[132.6625,33.404166666666676]]]},"properties":{"type":"Feature","mesh_id":"503205832","municipality_code":"38214","municipality":"西予市","total_population":28,"population_65plus":23,"population_75plus":10,"aging_rate_65plus":0.8214285714285714,"aging_rate_75plus":0.35714285714285715,"population_status":"0","population_status_target":null,"population_aggregation_target":null,"age_65plus_missing":false,"age_75plus_missing":false,"age_quality_flag":"ok","data_completeness":"complete"}},{"type":"Feature","geometry":{"type":"Polygon","coordinates":[[[132.675,33.400000000000006],[132.68125,33.400000000000006],[132.68125,33.404166666666676],[132.675,33.404166666666676],[132.675,33.400000000000006]]]},"properties":{"type":"Feature","mesh_id":"503205841","municipality_code":"38214","municipality":"西予市","total_population":16,"population_65plus":4,"population_75plus":4,"aging_rate_65plus":0.25,"aging_rate_75plus":0.25,"population_status":"0","population_status_target":null,"population_aggregation_target":null,"age_65plus_missing":false,"age_75plus_missing":false,"age_quality_flag":"ok","data_completeness":"complete"}},{"type":"Feature","geometry":{"type":"Polygon","coordinates":[[[132.675,33.404166666666676],[132.68125,33.404166666666676],[132.68125,33.408333333333346],[132.675,33.408333333333346],[132.675,33.404166666666676]]]},"properties":{"type":"Feature","mesh_id":"503205842","municipality_code":"38214","municipality":"西予市","total_population":28,"population_65plus":17,"population_75plus":10,"aging_rate_65plus":0.6071428571428571,"aging_rate_75plus":0.35714285714285715,"population_status":"0","population_status_target":null,"population_aggregation_target":null,"age_65plus_missing":false,"age_75plus_missing":false,"age_quality_flag":"ok","data_completeness":"complete"}},{"type":"Feature","geometry":{"type":"Polygon","coordinates":[[[132.68125,33.404166666666676],[132.6875,33.404166666666676],[132.6875,33.408333333333346],[132.68125,33.408333333333346],[132.68125,33.404166666666676]]]},"properties":{"type":"Feature","mesh_id":"503205844","municipality_code":"38214","municipality":"西予市","total_population":18,"population_65plus":9,"population_75plus":5,"aging_rate_65plus":0.5,"aging_rate_75plus":0.2777777777777778,"population_status":"0","population_status_target":null,"population_aggregation_target":null,"age_65plus_missing":false,"age_75plus_missing":false,"age_quality_flag":"ok","data_completeness":"complete"}},{"type":"Feature","geometry":{"type":"Polygon","coordinates":[[[132.6875,33.400000000000006],[132.69375,33.400000000000006],[132.69375,33.404166666666676],[132.6875,33.404166666666676],[132.6875,33.400000000000006]]]},"properties":{"type":"Feature","mesh_id":"503205851","municipality_code":"38214","municipality":"西予市","total_population":22,"population_65plus":11,"population_75plus":4,"aging_rate_65plus":0.5,"aging_rate_75plus":0.18181818181818182,"population_status":"1","population_status_target":null,"population_aggregation_target":"503205852","age_65plus_missing":false,"age_75plus_missing":false,"age_quality_flag":"ok","data_completeness":"complete"}},{"type":"Feature","geometry":{"type":"Polygon","coordinates":[[[132.6875,33.404166666666676],[132.69375,33.404166666666676],[132.69375,33.408333333333346],[132.6875,33.408333333333346],[132.6875,33.404166666666676]]]},"properties":{"type":"Feature","mesh_id":"503205852","municipality_code":"38214","municipality":"西予市","total_population":3,"population_65plus":null,"population_75plus":null,"aging_rate_65plus":null,"aging_rate_75plus":null,"population_status":"2","population_status_target":"503205851","population_aggregation_target":null,"age_65plus_missing":true,"age_75plus_missing":true,"age_quality_flag":"ok","data_completeness":"partial"}},{"type":"Feature","geometry":{"type":"Polygon","coordinates":[[[132.69375,33.400000000000006],[132.7,33.400000000000006],[132.7,33.404166666666676],[132.69375,33.404166666666676],[132.69375,33.400000000000006]]]},"properties":{"type":"Feature","mesh_id":"503205853","municipality_code":"38214","municipality":"西予市","total_population":21,"population_65plus":6,"population_75plus":4,"aging_rate_65plus":0.2857142857142857,"aging_rate_75plus":0.19047619047619047,"population_status":"0","population_status_target":null,"population_aggregation_target":null,"age_65plus_missing":false,"age_75plus_missing":false,"age_quality_flag":"ok","data_completeness":"complete"}},{"type":"Feature","geometry":{"type":"Polygon","coordinates":[[[132.7,33.404166666666676],[132.70624999999998,33.404166666666676],[132.70624999999998,33.408333333333346],[132.7,33.408333333333346],[132.7,33.404166666666676]]]},"properties":{"type":"Feature","mesh_id":"503205862","municipality_code":"38214","municipality":"西予市","total_population":1,"population_65plus":null,"population_75plus":null,"aging_rate_65plus":null,"aging_rate_75plus":null,"population_status":"2","population_status_target":"503205774","population_aggregation_target":null,"age_65plus_missing":true,"age_75plus_missing":true,"age_quality_flag":"ok","data_completeness":"partial"}},{"type":"Feature","geometry":{"type":"Polygon","coordinates":[[[132.725,33.404166666666676],[132.73125,33.404166666666676],[132.73125,33.408333333333346],[132.725,33.408333333333346],[132.725,33.404166666666676]]]},"properties":{"type":"Feature","mesh_id":"503205882","municipality_code":"38214","municipality":"西予市","total_population":57,"population_65plus":24,"population_75plus":16,"aging_rate_65plus":0.42105263157894735,"aging_rate_75plus":0.2807017543859649,"population_status":"0","population_status_target":null,"population_aggregation_target":null,"age_65plus_missing":false,"age_75plus_missing":false,"age_quality_flag":"ok","data_completeness":"complete"}},{"type":"Feature","geometry":{"type":"Polygon","coordinates":[[[132.73125,33.404166666666676],[132.73749999999998,33.404166666666676],[132.73749999999998,33.408333333333346],[132.73125,33.408333333333346],[132.73125,33.404166666666676]]]},"properties":{"type":"Feature","mesh_id":"503205884","municipality_code":"38214","municipality":"西予市","total_population":23,"population_65plus":15,"population_75plus":8,"aging_rate_65plus":0.6521739130434783,"aging_rate_75plus":0.34782608695652173,"population_status":"1","population_status_target":null,"population_aggregation_target":"503205981","age_65plus_missing":false,"age_75plus_missing":false,"age_quality_flag":"ok","data_completeness":"complete"}},{"type":"Feature","geometry":{"type":"Polygon","coordinates":[[[132.7375,33.400000000000006],[132.74375,33.400000000000006],[132.74375,33.404166666666676],[132.7375,33.404166666666676],[132.7375,33.400000000000006]]]},"properties":{"type":"Feature","mesh_id":"503205891","municipality_code":"38214","municipality":"西予市","total_population":5,"population_65plus":null,"population_75plus":null,"aging_rate_65plus":null,"aging_rate_75plus":null,"population_status":"2","population_status_target":"503205793","population_aggregation_target":null,"age_65plus_missing":true,"age_75plus_missing":true,"age_quality_flag":"ok","data_completeness":"partial"}},{"type":"Feature","geometry":{"type":"Polygon","coordinates":[[[132.74375,33.400000000000006],[132.75,33.400000000000006],[132.75,33.404166666666676],[132.74375,33.404166666666676],[132.74375,33.400000000000006]]]},"properties":{"type":"Feature","mesh_id":"503205893","municipality_code":"38214","municipality":"西予市","total_population":3,"population_65plus":null,"population_75plus":null,"aging_rate_65plus":null,"aging_rate_75plus":null,"population_status":"2","population_status_target":"503205793","population_aggregation_target":null,"age_65plus_missing":true,"age_75plus_missing":true,"age_quality_flag":"ok","data_completeness":"partial"}},{"type":"Feature","geometry":{"type":"Polygon","coordinates":[[[132.625,33.40833333333334],[132.63125,33.40833333333334],[132.63125,33.41250000000001],[132.625,33.41250000000001],[132.625,33.40833333333334]]]},"properties":{"type":"Feature","mesh_id":"503205901","municipality_code":"38214","municipality":"西予市","total_population":38,"population_65plus":20,"population_75plus":9,"aging_rate_65plus":0.5263157894736842,"aging_rate_75plus":0.23684210526315788,"population_status":"0","population_status_target":null,"population_aggregation_target":null,"age_65plus_missing":false,"age_75plus_missing":false,"age_quality_flag":"ok","data_completeness":"complete"}},{"type":"Feature","geometry":{"type":"Polygon","coordinates":[[[132.625,33.41250000000001],[132.63125,33.41250000000001],[132.63125,33.41666666666668],[132.625,33.41666666666668],[132.625,33.41250000000001]]]},"properties":{"type":"Feature","mesh_id":"503205902","municipality_code":"38214","municipality":"西予市","total_population":31,"population_65plus":15,"population_75plus":11,"aging_rate_65plus":0.4838709677419355,"aging_rate_75plus":0.3548387096774194,"population_status":"0","population_status_target":null,"population_aggregation_target":null,"age_65plus_missing":false,"age_75plus_missing":false,"age_quality_flag":"ok","data_completeness":"complete"}},{"type":"Feature","geometry":{"type":"Polygon","coordinates":[[[132.63125,33.40833333333334],[132.6375,33.40833333333334],[132.6375,33.41250000000001],[132.63125,33.41250000000001],[132.63125,33.40833333333334]]]},"properties":{"type":"Feature","mesh_id":"503205903","municipality_code":"38214","municipality":"西予市","total_population":11,"population_65plus":1,"population_75plus":1,"aging_rate_65plus":0.09090909090909091,"aging_rate_75plus":0.09090909090909091,"population_status":"0","population_status_target":null,"population_aggregation_target":null,"age_65plus_missing":false,"age_75plus_missing":false,"age_quality_flag":"ok","data_completeness":"complete"}},{"type":"Feature","geometry":{"type":"Polygon","coordinates":[[[132.63125,33.41250000000001],[132.6375,33.41250000000001],[132.6375,33.41666666666668],[132.63125,33.41666666666668],[132.63125,33.41250000000001]]]},"properties":{"type":"Feature","mesh_id":"503205904","municipality_code":"38214","municipality":"西予市","total_population":131,"population_65plus":58,"population_75plus":38,"aging_rate_65plus":0.44274809160305345,"aging_rate_75plus":0.2900763358778626,"population_status":"0","population_status_target":null,"population_aggregation_target":null,"age_65plus_missing":false,"age_75plus_missing":false,"age_quality_flag":"ok","data_completeness":"complete"}},{"type":"Feature","geometry":{"type":"Polygon","coordinates":[[[132.6375,33.40833333333334],[132.64374999999998,33.40833333333334],[132.64374999999998,33.41250000000001],[132.6375,33.41250000000001],[132.6375,33.40833333333334]]]},"properties":{"type":"Feature","mesh_id":"503205911","municipality_code":"38214","municipality":"西予市","total_population":12,"population_65plus":11,"population_75plus":8,"aging_rate_65plus":0.9166666666666666,"aging_rate_75plus":0.6666666666666666,"population_status":"1","population_status_target":null,"population_aggregation_target":"503205913","age_65plus_missing":false,"age_75plus_missing":false,"age_quality_flag":"ok","data_completeness":"complete"}},{"type":"Feature","geometry":{"type":"Polygon","coordinates":[[[132.6375,33.41250000000001],[132.64374999999998,33.41250000000001],[132.64374999999998,33.41666666666668],[132.6375,33.41666666666668],[132.6375,33.41250000000001]]]},"properties":{"type":"Feature","mesh_id":"503205912","municipality_code":"38214","municipality":"西予市","total_population":14,"population_65plus":10,"population_75plus":6,"aging_rate_65plus":0.7142857142857143,"aging_rate_75plus":0.42857142857142855,"population_status":"0","population_status_target":null,"population_aggregation_target":null,"age_65plus_missing":false,"age_75plus_missing":false,"age_quality_flag":"ok","data_completeness":"complete"}},{"type":"Feature","geometry":{"type":"Polygon","coordinates":[[[132.64374999999998,33.40833333333334],[132.64999999999998,33.40833333333334],[132.64999999999998,33.41250000000001],[132.64374999999998,33.41250000000001],[132.64374999999998,33.40833333333334]]]},"properties":{"type":"Feature","mesh_id":"503205913","municipality_code":"38214","municipality":"西予市","total_population":8,"population_65plus":null,"population_75plus":null,"aging_rate_65plus":null,"aging_rate_75plus":null,"population_status":"2","population_status_target":"503205911","population_aggregation_target":null,"age_65plus_missing":true,"age_75plus_missing":true,"age_quality_flag":"ok","data_completeness":"partial"}},{"type":"Feature","geometry":{"type":"Polygon","coordinates":[[[132.65,33.40833333333334],[132.65625,33.40833333333334],[132.65625,33.41250000000001],[132.65,33.41250000000001],[132.65,33.40833333333334]]]},"properties":{"type":"Feature","mesh_id":"503205921","municipality_code":"38214","municipality":"西予市","total_population":15,"population_65plus":7,"population_75plus":4,"aging_rate_65plus":0.4666666666666667,"aging_rate_75plus":0.26666666666666666,"population_status":"1","population_status_target":null,"population_aggregation_target":"503205924","age_65plus_missing":false,"age_75plus_missing":false,"age_quality_flag":"ok","data_completeness":"complete"}},{"type":"Feature","geometry":{"type":"Polygon","coordinates":[[[132.65625,33.41250000000001],[132.6625,33.41250000000001],[132.6625,33.41666666666668],[132.65625,33.41666666666668],[132.65625,33.41250000000001]]]},"properties":{"type":"Feature","mesh_id":"503205924","municipality_code":"38214","municipality":"西予市","total_population":1,"population_65plus":null,"population_75plus":null,"aging_rate_65plus":null,"aging_rate_75plus":null,"population_status":"2","population_status_target":"503205921","population_aggregation_target":null,"age_65plus_missing":true,"age_75plus_missing":true,"age_quality_flag":"ok","data_completeness":"partial"}},{"type":"Feature","geometry":{"type":"Polygon","coordinates":[[[132.6625,33.41250000000001],[132.66875,33.41250000000001],[132.66875,33.41666666666668],[132.6625,33.41666666666668],[132.6625,33.41250000000001]]]},"properties":{"type":"Feature","mesh_id":"503205932","municipality_code":"38214","municipality":"西予市","total_population":52,"population_65plus":32,"population_75plus":21,"aging_rate_65plus":0.6153846153846154,"aging_rate_75plus":0.40384615384615385,"population_status":"0","population_status_target":null,"population_aggregation_target":null,"age_65plus_missing":false,"age_75plus_missing":false,"age_quality_flag":"ok","data_completeness":"complete"}},{"type":"Feature","geometry":{"type":"Polygon","coordinates":[[[132.66875,33.40833333333334],[132.67499999999998,33.40833333333334],[132.67499999999998,33.41250000000001],[132.66875,33.41250000000001],[132.66875,33.40833333333334]]]},"properties":{"type":"Feature","mesh_id":"503205933","municipality_code":"38214","municipality":"西予市","total_population":28,"population_65plus":11,"population_75plus":7,"aging_rate_65plus":0.39285714285714285,"aging_rate_75plus":0.25,"population_status":"0","population_status_target":null,"population_aggregation_target":null,"age_65plus_missing":false,"age_75plus_missing":false,"age_quality_flag":"ok","data_completeness":"complete"}},{"type":"Feature","geometry":{"type":"Polygon","coordinates":[[[132.68125,33.41250000000001],[132.6875,33.41250000000001],[132.6875,33.41666666666668],[132.68125,33.41666666666668],[132.68125,33.41250000000001]]]},"properties":{"type":"Feature","mesh_id":"503205944","municipality_code":"38214","municipality":"西予市","total_population":10,"population_65plus":7,"population_75plus":5,"aging_rate_65plus":0.7,"aging_rate_75plus":0.5,"population_status":"0","population_status_target":null,"population_aggregation_target":null,"age_65plus_missing":false,"age_75plus_missing":false,"age_quality_flag":"ok","data_completeness":"complete"}},{"type":"Feature","geometry":{"type":"Polygon","coordinates":[[[132.69375,33.40833333333334],[132.7,33.40833333333334],[132.7,33.41250000000001],[132.69375,33.41250000000001],[132.69375,33.40833333333334]]]},"properties":{"type":"Feature","mesh_id":"503205953","municipality_code":"38214","municipality":"西予市","total_population":14,"population_65plus":8,"population_75plus":4,"aging_rate_65plus":0.5714285714285714,"aging_rate_75plus":0.2857142857142857,"population_status":"0","population_status_target":null,"population_aggregation_target":null,"age_65plus_missing":false,"age_75plus_missing":false,"age_quality_flag":"ok","data_completeness":"complete"}},{"type":"Feature","geometry":{"type":"Polygon","coordinates":[[[132.69375,33.41250000000001],[132.7,33.41250000000001],[132.7,33.41666666666668],[132.69375,33.41666666666668],[132.69375,33.41250000000001]]]},"properties":{"type":"Feature","mesh_id":"503205954","municipality_code":"38214","municipality":"西予市","total_population":19,"population_65plus":8,"population_75plus":1,"aging_rate_65plus":0.42105263157894735,"aging_rate_75plus":0.05263157894736842,"population_status":"0","population_status_target":null,"population_aggregation_target":null,"age_65plus_missing":false,"age_75plus_missing":false,"age_quality_flag":"ok","data_completeness":"complete"}},{"type":"Feature","geometry":{"type":"Polygon","coordinates":[[[132.7,33.40833333333334],[132.70624999999998,33.40833333333334],[132.70624999999998,33.41250000000001],[132.7,33.41250000000001],[132.7,33.40833333333334]]]},"properties":{"type":"Feature","mesh_id":"503205961","municipality_code":"38214","municipality":"西予市","total_population":17,"population_65plus":8,"population_75plus":5,"aging_rate_65plus":0.47058823529411764,"aging_rate_75plus":0.29411764705882354,"population_status":"1","population_status_target":null,"population_aggregation_target":"503205963","age_65plus_missing":false,"age_75plus_missing":false,"age_quality_flag":"ok","data_completeness":"complete"}},{"type":"Feature","geometry":{"type":"Polygon","coordinates":[[[132.7,33.41250000000001],[132.70624999999998,33.41250000000001],[132.70624999999998,33.41666666666668],[132.7,33.41666666666668],[132.7,33.41250000000001]]]},"properties":{"type":"Feature","mesh_id":"503205962","municipality_code":"38214","municipality":"西予市","total_population":31,"population_65plus":20,"population_75plus":11,"aging_rate_65plus":0.6451612903225806,"aging_rate_75plus":0.3548387096774194,"population_status":"0","population_status_target":null,"population_aggregation_target":null,"age_65plus_missing":false,"age_75plus_missing":false,"age_quality_flag":"ok","data_completeness":"complete"}},{"type":"Feature","geometry":{"type":"Polygon","coordinates":[[[132.70624999999998,33.40833333333334],[132.71249999999998,33.40833333333334],[132.71249999999998,33.41250000000001],[132.70624999999998,33.41250000000001],[132.70624999999998,33.40833333333334]]]},"properties":{"type":"Feature","mesh_id":"503205963","municipality_code":"38214","municipality":"西予市","total_population":4,"population_65plus":null,"population_75plus":null,"aging_rate_65plus":null,"aging_rate_75plus":null,"population_status":"2","population_status_target":"503205961","population_aggregation_target":null,"age_65plus_missing":true,"age_75plus_missing":true,"age_quality_flag":"ok","data_completeness":"partial"}},{"type":"Feature","geometry":{"type":"Polygon","coordinates":[[[132.70624999999998,33.41250000000001],[132.71249999999998,33.41250000000001],[132.71249999999998,33.41666666666668],[132.70624999999998,33.41666666666668],[132.70624999999998,33.41250000000001]]]},"properties":{"type":"Feature","mesh_id":"503205964","municipality_code":"38214","municipality":"西予市","total_population":28,"population_65plus":18,"population_75plus":12,"aging_rate_65plus":0.6428571428571429,"aging_rate_75plus":0.42857142857142855,"population_status":"0","population_status_target":null,"population_aggregation_target":null,"age_65plus_missing":false,"age_75plus_missing":false,"age_quality_flag":"ok","data_completeness":"complete"}},{"type":"Feature","geometry":{"type":"Polygon","coordinates":[[[132.7125,33.40833333333334],[132.71875,33.40833333333334],[132.71875,33.41250000000001],[132.7125,33.41250000000001],[132.7125,33.40833333333334]]]},"properties":{"type":"Feature","mesh_id":"503205971","municipality_code":"38214","municipality":"西予市","total_population":17,"population_65plus":9,"population_75plus":3,"aging_rate_65plus":0.5294117647058824,"aging_rate_75plus":0.17647058823529413,"population_status":"0","population_status_target":null,"population_aggregation_target":null,"age_65plus_missing":false,"age_75plus_missing":false,"age_quality_flag":"ok","data_completeness":"complete"}},{"type":"Feature","geometry":{"type":"Polygon","coordinates":[[[132.71875,33.40833333333334],[132.725,33.40833333333334],[132.725,33.41250000000001],[132.71875,33.41250000000001],[132.71875,33.40833333333334]]]},"properties":{"type":"Feature","mesh_id":"503205973","municipality_code":"38214","municipality":"西予市","total_population":47,"population_65plus":22,"population_75plus":12,"aging_rate_65plus":0.46808510638297873,"aging_rate_75plus":0.2553191489361702,"population_status":"0","population_status_target":null,"population_aggregation_target":null,"age_65plus_missing":false,"age_75plus_missing":false,"age_quality_flag":"ok","data_completeness":"complete"}},{"type":"Feature","geometry":{"type":"Polygon","coordinates":[[[132.71875,33.41250000000001],[132.725,33.41250000000001],[132.725,33.41666666666668],[132.71875,33.41666666666668],[132.71875,33.41250000000001]]]},"properties":{"type":"Feature","mesh_id":"503205974","municipality_code":"38214","municipality":"西予市","total_population":22,"population_65plus":12,"population_75plus":8,"aging_rate_65plus":0.5454545454545454,"aging_rate_75plus":0.36363636363636365,"population_status":"0","population_status_target":null,"population_aggregation_target":null,"age_65plus_missing":false,"age_75plus_missing":false,"age_quality_flag":"ok","data_completeness":"complete"}},{"type":"Feature","geometry":{"type":"Polygon","coordinates":[[[132.725,33.40833333333334],[132.73125,33.40833333333334],[132.73125,33.41250000000001],[132.725,33.41250000000001],[132.725,33.40833333333334]]]},"properties":{"type":"Feature","mesh_id":"503205981","municipality_code":"38214","municipality":"西予市","total_population":8,"population_65plus":null,"population_75plus":null,"aging_rate_65plus":null,"aging_rate_75plus":null,"population_status":"2","population_status_target":"503205884","population_aggregation_target":null,"age_65plus_missing":true,"age_75plus_missing":true,"age_quality_flag":"ok","data_completeness":"partial"}},{"type":"Feature","geometry":{"type":"Polygon","coordinates":[[[132.7375,33.41250000000001],[132.74375,33.41250000000001],[132.74375,33.41666666666668],[132.7375,33.41666666666668],[132.7375,33.41250000000001]]]},"properties":{"type":"Feature","mesh_id":"503205992","municipality_code":"38214","municipality":"西予市","total_population":1,"population_65plus":null,"population_75plus":null,"aging_rate_65plus":null,"aging_rate_75plus":null,"population_status":"2","population_status_target":"503205993","population_aggregation_target":null,"age_65plus_missing":true,"age_75plus_missing":true,"age_quality_flag":"ok","data_completeness":"partial"}},{"type":"Feature","geometry":{"type":"Polygon","coordinates":[[[132.74375,33.40833333333334],[132.75,33.40833333333334],[132.75,33.41250000000001],[132.74375,33.41250000000001],[132.74375,33.40833333333334]]]},"properties":{"type":"Feature","mesh_id":"503205993","municipality_code":"38214","municipality":"西予市","total_population":13,"population_65plus":null,"population_75plus":null,"aging_rate_65plus":null,"aging_rate_75plus":null,"population_status":"1","population_status_target":null,"population_aggregation_target":"503205992;503205994","age_65plus_missing":true,"age_75plus_missing":true,"age_quality_flag":"inconsistent_with_total","data_completeness":"partial"}},{"type":"Feature","geometry":{"type":"Polygon","coordinates":[[[132.74375,33.41250000000001],[132.75,33.41250000000001],[132.75,33.41666666666668],[132.74375,33.41666666666668],[132.74375,33.41250000000001]]]},"properties":{"type":"Feature","mesh_id":"503205994","municipality_code":"38214","municipality":"西予市","total_population":5,"population_65plus":null,"population_75plus":null,"aging_rate_65plus":null,"aging_rate_75plus":null,"population_status":"2","population_status_target":"503205993","population_aggregation_target":null,"age_65plus_missing":true,"age_75plus_missing":true,"age_quality_flag":"ok","data_completeness":"partial"}},{"type":"Feature","geometry":{"type":"Polygon","coordinates":[[[132.7875,33.34166666666667],[132.79375,33.34166666666667],[132.79375,33.34583333333334],[132.7875,33.34583333333334],[132.7875,33.34166666666667]]]},"properties":{"type":"Feature","mesh_id":"503206131","municipality_code":"38214","municipality":"西予市","total_population":40,"population_65plus":24,"population_75plus":11,"aging_rate_65plus":0.6,"aging_rate_75plus":0.275,"population_status":"0","population_status_target":null,"population_aggregation_target":null,"age_65plus_missing":false,"age_75plus_missing":false,"age_quality_flag":"ok","data_completeness":"complete"}},{"type":"Feature","geometry":{"type":"Polygon","coordinates":[[[132.79375,33.34166666666667],[132.79999999999998,33.34166666666667],[132.79999999999998,33.34583333333334],[132.79375,33.34583333333334],[132.79375,33.34166666666667]]]},"properties":{"type":"Feature","mesh_id":"503206133","municipality_code":"38214","municipality":"西予市","total_population":20,"population_65plus":7,"population_75plus":5,"aging_rate_65plus":0.35,"aging_rate_75plus":0.25,"population_status":"1","population_status_target":null,"population_aggregation_target":"503206134","age_65plus_missing":false,"age_75plus_missing":false,"age_quality_flag":"ok","data_completeness":"complete"}},{"type":"Feature","geometry":{"type":"Polygon","coordinates":[[[132.79375,33.34583333333334],[132.79999999999998,33.34583333333334],[132.79999999999998,33.35000000000001],[132.79375,33.35000000000001],[132.79375,33.34583333333334]]]},"properties":{"type":"Feature","mesh_id":"503206134","municipality_code":"38214","municipality":"西予市","total_population":2,"population_65plus":null,"population_75plus":null,"aging_rate_65plus":null,"aging_rate_75plus":null,"population_status":"2","population_status_target":"503206133","population_aggregation_target":null,"age_65plus_missing":true,"age_75plus_missing":true,"age_quality_flag":"ok","data_completeness":"partial"}},{"type":"Feature","geometry":{"type":"Polygon","coordinates":[[[132.7875,33.35],[132.79375,33.35],[132.79375,33.35416666666667],[132.7875,33.35416666666667],[132.7875,33.35]]]},"properties":{"type":"Feature","mesh_id":"503206231","municipality_code":"38214","municipality":"西予市","total_population":4,"population_65plus":null,"population_75plus":null,"aging_rate_65plus":null,"aging_rate_75plus":null,"population_status":"2","population_status_target":"503206232","population_aggregation_target":null,"age_65plus_missing":true,"age_75plus_missing":true,"age_quality_flag":"ok","data_completeness":"partial"}},{"type":"Feature","geometry":{"type":"Polygon","coordinates":[[[132.7875,33.35416666666667],[132.79375,33.35416666666667],[132.79375,33.35833333333334],[132.7875,33.35833333333334],[132.7875,33.35416666666667]]]},"properties":{"type":"Feature","mesh_id":"503206232","municipality_code":"38214","municipality":"西予市","total_population":14,"population_65plus":10,"population_75plus":7,"aging_rate_65plus":0.7142857142857143,"aging_rate_75plus":0.5,"population_status":"1","population_status_target":null,"population_aggregation_target":"503206231","age_65plus_missing":false,"age_75plus_missing":false,"age_quality_flag":"ok","data_completeness":"complete"}},{"type":"Feature","geometry":{"type":"Polygon","coordinates":[[[132.79375,33.35416666666667],[132.79999999999998,33.35416666666667],[132.79999999999998,33.35833333333334],[132.79375,33.35833333333334],[132.79375,33.35416666666667]]]},"properties":{"type":"Feature","mesh_id":"503206234","municipality_code":"38214","municipality":"西予市","total_population":18,"population_65plus":12,"population_75plus":7,"aging_rate_65plus":0.6666666666666666,"aging_rate_75plus":0.3888888888888889,"population_status":"0","population_status_target":null,"population_aggregation_target":null,"age_65plus_missing":false,"age_75plus_missing":false,"age_quality_flag":"ok","data_completeness":"complete"}},{"type":"Feature","geometry":{"type":"Polygon","coordinates":[[[132.80625,33.35],[132.8125,33.35],[132.8125,33.35416666666667],[132.80625,33.35416666666667],[132.80625,33.35]]]},"properties":{"type":"Feature","mesh_id":"503206243","municipality_code":"38214","municipality":"西予市","total_population":2,"population_65plus":null,"population_75plus":null,"aging_rate_65plus":null,"aging_rate_75plus":null,"population_status":"2","population_status_target":"503206341","population_aggregation_target":null,"age_65plus_missing":true,"age_75plus_missing":true,"age_quality_flag":"ok","data_completeness":"partial"}},{"type":"Feature","geometry":{"type":"Polygon","coordinates":[[[132.78125,33.362500000000004],[132.7875,33.362500000000004],[132.7875,33.366666666666674],[132.78125,33.366666666666674],[132.78125,33.362500000000004]]]},"properties":{"type":"Feature","mesh_id":"503206324","municipality_code":"38214","municipality":"西予市","total_population":14,"population_65plus":10,"population_75plus":6,"aging_rate_65plus":0.7142857142857143,"aging_rate_75plus":0.42857142857142855,"population_status":"0","population_status_target":null,"population_aggregation_target":null,"age_65plus_missing":false,"age_75plus_missing":false,"age_quality_flag":"ok","data_completeness":"complete"}},{"type":"Feature","geometry":{"type":"Polygon","coordinates":[[[132.7875,33.362500000000004],[132.79375,33.362500000000004],[132.79375,33.366666666666674],[132.7875,33.366666666666674],[132.7875,33.362500000000004]]]},"properties":{"type":"Feature","mesh_id":"503206332","municipality_code":"38214","municipality":"西予市","total_population":35,"population_65plus":21,"population_75plus":7,"aging_rate_65plus":0.6,"aging_rate_75plus":0.2,"population_status":"0","population_status_target":null,"population_aggregation_target":null,"age_65plus_missing":false,"age_75plus_missing":false,"age_quality_flag":"ok","data_completeness":"complete"}},{"type":"Feature","geometry":{"type":"Polygon","coordinates":[[[132.79375,33.358333333333334],[132.79999999999998,33.358333333333334],[132.79999999999998,33.362500000000004],[132.79375,33.362500000000004],[132.79375,33.358333333333334]]]},"properties":{"type":"Feature","mesh_id":"503206333","municipality_code":"38214","municipality":"西予市","total_population":16,"population_65plus":10,"population_75plus":7,"aging_rate_65plus":0.625,"aging_rate_75plus":0.4375,"population_status":"0","population_status_target":null,"population_aggregation_target":null,"age_65plus_missing":false,"age_75plus_missing":false,"age_quality_flag":"ok","data_completeness":"complete"}},{"type":"Feature","geometry":{"type":"Polygon","coordinates":[[[132.79375,33.362500000000004],[132.79999999999998,33.362500000000004],[132.79999999999998,33.366666666666674],[132.79375,33.366666666666674],[132.79375,33.362500000000004]]]},"properties":{"type":"Feature","mesh_id":"503206334","municipality_code":"38214","municipality":"西予市","total_population":57,"population_65plus":25,"population_75plus":12,"aging_rate_65plus":0.43859649122807015,"aging_rate_75plus":0.21052631578947367,"population_status":"0","population_status_target":null,"population_aggregation_target":null,"age_65plus_missing":false,"age_75plus_missing":false,"age_quality_flag":"ok","data_completeness":"complete"}},{"type":"Feature","geometry":{"type":"Polygon","coordinates":[[[132.8,33.358333333333334],[132.80625,33.358333333333334],[132.80625,33.362500000000004],[132.8,33.362500000000004],[132.8,33.358333333333334]]]},"properties":{"type":"Feature","mesh_id":"503206341","municipality_code":"38214","municipality":"西予市","total_population":18,"population_65plus":13,"population_75plus":6,"aging_rate_65plus":0.7222222222222222,"aging_rate_75plus":0.3333333333333333,"population_status":"1","population_status_target":null,"population_aggregation_target":"503206243","age_65plus_missing":false,"age_75plus_missing":false,"age_quality_flag":"ok","data_completeness":"complete"}},{"type":"Feature","geometry":{"type":"Polygon","coordinates":[[[132.8,33.362500000000004],[132.80625,33.362500000000004],[132.80625,33.366666666666674],[132.8,33.366666666666674],[132.8,33.362500000000004]]]},"properties":{"type":"Feature","mesh_id":"503206342","municipality_code":"38214","municipality":"西予市","total_population":3,"population_65plus":null,"population_75plus":null,"aging_rate_65plus":null,"aging_rate_75plus":null,"population_status":"2","population_status_target":"503206344","population_aggregation_target":null,"age_65plus_missing":true,"age_75plus_missing":true,"age_quality_flag":"ok","data_completeness":"partial"}},{"type":"Feature","geometry":{"type":"Polygon","coordinates":[[[132.80625,33.358333333333334],[132.8125,33.358333333333334],[132.8125,33.362500000000004],[132.80625,33.362500000000004],[132.80625,33.358333333333334]]]},"properties":{"type":"Feature","mesh_id":"503206343","municipality_code":"38214","municipality":"西予市","total_population":11,"population_65plus":5,"population_75plus":3,"aging_rate_65plus":0.45454545454545453,"aging_rate_75plus":0.2727272727272727,"population_status":"1","population_status_target":null,"population_aggregation_target":"503206432","age_65plus_missing":false,"age_75plus_missing":false,"age_quality_flag":"ok","data_completeness":"complete"}},{"type":"Feature","geometry":{"type":"Polygon","coordinates":[[[132.80625,33.362500000000004],[132.8125,33.362500000000004],[132.8125,33.366666666666674],[132.80625,33.366666666666674],[132.80625,33.362500000000004]]]},"properties":{"type":"Feature","mesh_id":"503206344","municipality_code":"38214","municipality":"西予市","total_population":22,"population_65plus":10,"population_75plus":3,"aging_rate_65plus":0.45454545454545453,"aging_rate_75plus":0.13636363636363635,"population_status":"1","population_status_target":null,"population_aggregation_target":"503206342","age_65plus_missing":false,"age_75plus_missing":false,"age_quality_flag":"ok","data_completeness":"complete"}},{"type":"Feature","geometry":{"type":"Polygon","coordinates":[[[132.8125,33.358333333333334],[132.81875,33.358333333333334],[132.81875,33.362500000000004],[132.8125,33.362500000000004],[132.8125,33.358333333333334]]]},"properties":{"type":"Feature","mesh_id":"503206351","municipality_code":"38214","municipality":"西予市","total_population":9,"population_65plus":null,"population_75plus":null,"aging_rate_65plus":null,"aging_rate_75plus":null,"population_status":"1","population_status_target":null,"population_aggregation_target":"503206353","age_65plus_missing":true,"age_75plus_missing":true,"age_quality_flag":"inconsistent_with_total","data_completeness":"partial"}},{"type":"Feature","geometry":{"type":"Polygon","coordinates":[[[132.81875,33.358333333333334],[132.825,33.358333333333334],[132.825,33.362500000000004],[132.81875,33.362500000000004],[132.81875,33.358333333333334]]]},"properties":{"type":"Feature","mesh_id":"503206353","municipality_code":"38214","municipality":"西予市","total_population":4,"population_65plus":null,"population_75plus":null,"aging_rate_65plus":null,"aging_rate_75plus":null,"population_status":"2","population_status_target":"503206351","population_aggregation_target":null,"age_65plus_missing":true,"age_75plus_missing":true,"age_quality_flag":"ok","data_completeness":"partial"}},{"type":"Feature","geometry":{"type":"Polygon","coordinates":[[[132.75,33.37083333333334],[132.75625,33.37083333333334],[132.75625,33.37500000000001],[132.75,33.37500000000001],[132.75,33.37083333333334]]]},"properties":{"type":"Feature","mesh_id":"503206402","municipality_code":"38214","municipality":"西予市","total_population":11,"population_65plus":9,"population_75plus":3,"aging_rate_65plus":0.8181818181818182,"aging_rate_75plus":0.2727272727272727,"population_status":"0","population_status_target":null,"population_aggregation_target":null,"age_65plus_missing":false,"age_75plus_missing":false,"age_quality_flag":"ok","data_completeness":"complete"}},{"type":"Feature","geometry":{"type":"Polygon","coordinates":[[[132.7625,33.36666666666667],[132.76874999999998,33.36666666666667],[132.76874999999998,33.37083333333334],[132.7625,33.37083333333334],[132.7625,33.36666666666667]]]},"properties":{"type":"Feature","mesh_id":"503206411","municipality_code":"38214","municipality":"西予市","total_population":13,"population_65plus":13,"population_75plus":7,"aging_rate_65plus":1.0,"aging_rate_75plus":0.5384615384615384,"population_status":"0","population_status_target":null,"population_aggregation_target":null,"age_65plus_missing":false,"age_75plus_missing":false,"age_quality_flag":"ok","data_completeness":"complete"}},{"type":"Feature","geometry":{"type":"Polygon","coordinates":[[[132.7625,33.37083333333334],[132.76874999999998,33.37083333333334],[132.76874999999998,33.37500000000001],[132.7625,33.37500000000001],[132.7625,33.37083333333334]]]},"properties":{"type":"Feature","mesh_id":"503206412","municipality_code":"38214","municipality":"西予市","total_population":16,"population_65plus":10,"population_75plus":4,"aging_rate_65plus":0.625,"aging_rate_75plus":0.25,"population_status":"0","population_status_target":null,"population_aggregation_target":null,"age_65plus_missing":false,"age_75plus_missing":false,"age_quality_flag":"ok","data_completeness":"complete"}},{"type":"Feature","geometry":{"type":"Polygon","coordinates":[[[132.76874999999998,33.37083333333334],[132.77499999999998,33.37083333333334],[132.77499999999998,33.37500000000001],[132.76874999999998,33.37500000000001],[132.76874999999998,33.37083333333334]]]},"properties":{"type":"Feature","mesh_id":"503206414","municipality_code":"38214","municipality":"西予市","total_population":14,"population_65plus":2,"population_75plus":1,"aging_rate_65plus":0.14285714285714285,"aging_rate_75plus":0.07142857142857142,"population_status":"0","population_status_target":null,"population_aggregation_target":null,"age_65plus_missing":false,"age_75plus_missing":false,"age_quality_flag":"ok","data_completeness":"complete"}},{"type":"Feature","geometry":{"type":"Polygon","coordinates":[[[132.775,33.36666666666667],[132.78125,33.36666666666667],[132.78125,33.37083333333334],[132.775,33.37083333333334],[132.775,33.36666666666667]]]},"properties":{"type":"Feature","mesh_id":"503206421","municipality_code":"38214","municipality":"西予市","total_population":62,"population_65plus":42,"population_75plus":27,"aging_rate_65plus":0.6774193548387096,"aging_rate_75plus":0.43548387096774194,"population_status":"0","population_status_target":null,"population_aggregation_target":null,"age_65plus_missing":false,"age_75plus_missing":false,"age_quality_flag":"ok","data_completeness":"complete"}},{"type":"Feature","geometry":{"type":"Polygon","coordinates":[[[132.775,33.37083333333334],[132.78125,33.37083333333334],[132.78125,33.37500000000001],[132.775,33.37500000000001],[132.775,33.37083333333334]]]},"properties":{"type":"Feature","mesh_id":"503206422","municipality_code":"38214","municipality":"西予市","total_population":31,"population_65plus":15,"population_75plus":10,"aging_rate_65plus":0.4838709677419355,"aging_rate_75plus":0.3225806451612903,"population_status":"0","population_status_target":null,"population_aggregation_target":null,"age_65plus_missing":false,"age_75plus_missing":false,"age_quality_flag":"ok","data_completeness":"complete"}},{"type":"Feature","geometry":{"type":"Polygon","coordinates":[[[132.78125,33.36666666666667],[132.7875,33.36666666666667],[132.7875,33.37083333333334],[132.78125,33.37083333333334],[132.78125,33.36666666666667]]]},"properties":{"type":"Feature","mesh_id":"503206423","municipality_code":"38214","municipality":"西予市","total_population":93,"population_65plus":76,"population_75plus":66,"aging_rate_65plus":0.8172043010752689,"aging_rate_75plus":0.7096774193548387,"population_status":"0","population_status_target":null,"population_aggregation_target":null,"age_65plus_missing":false,"age_75plus_missing":false,"age_quality_flag":"ok","data_completeness":"complete"}},{"type":"Feature","geometry":{"type":"Polygon","coordinates":[[[132.7875,33.37083333333334],[132.79375,33.37083333333334],[132.79375,33.37500000000001],[132.7875,33.37500000000001],[132.7875,33.37083333333334]]]},"properties":{"type":"Feature","mesh_id":"503206432","municipality_code":"38214","municipality":"西予市","total_population":1,"population_65plus":null,"population_75plus":null,"aging_rate_65plus":null,"aging_rate_75plus":null,"population_status":"2","population_status_target":"503206343","population_aggregation_target":null,"age_65plus_missing":true,"age_75plus_missing":true,"age_quality_flag":"ok","data_completeness":"partial"}},{"type":"Feature","geometry":{"type":"Polygon","coordinates":[[[132.8,33.36666666666667],[132.80625,33.36666666666667],[132.80625,33.37083333333334],[132.8,33.37083333333334],[132.8,33.36666666666667]]]},"properties":{"type":"Feature","mesh_id":"503206441","municipality_code":"38214","municipality":"西予市","total_population":22,"population_65plus":16,"population_75plus":8,"aging_rate_65plus":0.7272727272727273,"aging_rate_75plus":0.36363636363636365,"population_status":"1","population_status_target":null,"population_aggregation_target":"503206442;503206444","age_65plus_missing":false,"age_75plus_missing":false,"age_quality_flag":"ok","data_completeness":"complete"}},{"type":"Feature","geometry":{"type":"Polygon","coordinates":[[[132.8,33.37083333333334],[132.80625,33.37083333333334],[132.80625,33.37500000000001],[132.8,33.37500000000001],[132.8,33.37083333333334]]]},"properties":{"type":"Feature","mesh_id":"503206442","municipality_code":"38214","municipality":"西予市","total_population":5,"population_65plus":null,"population_75plus":null,"aging_rate_65plus":null,"aging_rate_75plus":null,"population_status":"2","population_status_target":"503206441","population_aggregation_target":null,"age_65plus_missing":true,"age_75plus_missing":true,"age_quality_flag":"ok","data_completeness":"partial"}},{"type":"Feature","geometry":{"type":"Polygon","coordinates":[[[132.80625,33.36666666666667],[132.8125,33.36666666666667],[132.8125,33.37083333333334],[132.80625,33.37083333333334],[132.80625,33.36666666666667]]]},"properties":{"type":"Feature","mesh_id":"503206443","municipality_code":"38214","municipality":"西予市","total_population":12,"population_65plus":10,"population_75plus":5,"aging_rate_65plus":0.8333333333333334,"aging_rate_75plus":0.4166666666666667,"population_status":"0","population_status_target":null,"population_aggregation_target":null,"age_65plus_missing":false,"age_75plus_missing":false,"age_quality_flag":"ok","data_completeness":"complete"}},{"type":"Feature","geometry":{"type":"Polygon","coordinates":[[[132.80625,33.37083333333334],[132.8125,33.37083333333334],[132.8125,33.37500000000001],[132.80625,33.37500000000001],[132.80625,33.37083333333334]]]},"properties":{"type":"Feature","mesh_id":"503206444","municipality_code":"38214","municipality":"西予市","total_population":7,"population_65plus":null,"population_75plus":null,"aging_rate_65plus":null,"aging_rate_75plus":null,"population_status":"2","population_status_target":"503206441","population_aggregation_target":null,"age_65plus_missing":true,"age_75plus_missing":true,"age_quality_flag":"ok","data_completeness":"partial"}},{"type":"Feature","geometry":{"type":"Polygon","coordinates":[[[132.8125,33.36666666666667],[132.81875,33.36666666666667],[132.81875,33.37083333333334],[132.8125,33.37083333333334],[132.8125,33.36666666666667]]]},"properties":{"type":"Feature","mesh_id":"503206451","municipality_code":"38214","municipality":"西予市","total_population":9,"population_65plus":7,"population_75plus":6,"aging_rate_65plus":0.7777777777777778,"aging_rate_75plus":0.6666666666666666,"population_status":"1","population_status_target":null,"population_aggregation_target":"503206452","age_65plus_missing":false,"age_75plus_missing":false,"age_quality_flag":"ok","data_completeness":"complete"}},{"type":"Feature","geometry":{"type":"Polygon","coordinates":[[[132.8125,33.37083333333334],[132.81875,33.37083333333334],[132.81875,33.37500000000001],[132.8125,33.37500000000001],[132.8125,33.37083333333334]]]},"properties":{"type":"Feature","mesh_id":"503206452","municipality_code":"38214","municipality":"西予市","total_population":1,"population_65plus":null,"population_75plus":null,"aging_rate_65plus":null,"aging_rate_75plus":null,"population_status":"2","population_status_target":"503206451","population_aggregation_target":null,"age_65plus_missing":true,"age_75plus_missing":true,"age_quality_flag":"ok","data_completeness":"partial"}},{"type":"Feature","geometry":{"type":"Polygon","coordinates":[[[132.81875,33.36666666666667],[132.825,33.36666666666667],[132.825,33.37083333333334],[132.81875,33.37083333333334],[132.81875,33.36666666666667]]]},"properties":{"type":"Feature","mesh_id":"503206453","municipality_code":"38214","municipality":"西予市","total_population":14,"population_65plus":8,"population_75plus":3,"aging_rate_65plus":0.5714285714285714,"aging_rate_75plus":0.21428571428571427,"population_status":"0","population_status_target":null,"population_aggregation_target":null,"age_65plus_missing":false,"age_75plus_missing":false,"age_quality_flag":"ok","data_completeness":"complete"}},{"type":"Feature","geometry":{"type":"Polygon","coordinates":[[[132.75,33.375],[132.75625,33.375],[132.75625,33.37916666666667],[132.75,33.37916666666667],[132.75,33.375]]]},"properties":{"type":"Feature","mesh_id":"503206501","municipality_code":"38214","municipality":"西予市","total_population":33,"population_65plus":16,"population_75plus":7,"aging_rate_65plus":0.48484848484848486,"aging_rate_75plus":0.21212121212121213,"population_status":"0","population_status_target":null,"population_aggregation_target":null,"age_65plus_missing":false,"age_75plus_missing":false,"age_quality_flag":"ok","data_completeness":"complete"}},{"type":"Feature","geometry":{"type":"Polygon","coordinates":[[[132.75625,33.375],[132.7625,33.375],[132.7625,33.37916666666667],[132.75625,33.37916666666667],[132.75625,33.375]]]},"properties":{"type":"Feature","mesh_id":"503206503","municipality_code":"38214","municipality":"西予市","total_population":55,"population_65plus":6,"population_75plus":2,"aging_rate_65plus":0.10909090909090909,"aging_rate_75plus":0.03636363636363636,"population_status":"0","population_status_target":null,"population_aggregation_target":null,"age_65plus_missing":false,"age_75plus_missing":false,"age_quality_flag":"ok","data_completeness":"complete"}},{"type":"Feature","geometry":{"type":"Polygon","coordinates":[[[132.7625,33.37916666666667],[132.76874999999998,33.37916666666667],[132.76874999999998,33.38333333333334],[132.7625,33.38333333333334],[132.7625,33.37916666666667]]]},"properties":{"type":"Feature","mesh_id":"503206512","municipality_code":"38214","municipality":"西予市","total_population":18,"population_65plus":10,"population_75plus":3,"aging_rate_65plus":0.5555555555555556,"aging_rate_75plus":0.16666666666666666,"population_status":"0","population_status_target":null,"population_aggregation_target":null,"age_65plus_missing":false,"age_75plus_missing":false,"age_quality_flag":"ok","data_completeness":"complete"}},{"type":"Feature","geometry":{"type":"Polygon","coordinates":[[[132.76874999999998,33.375],[132.77499999999998,33.375],[132.77499999999998,33.37916666666667],[132.76874999999998,33.37916666666667],[132.76874999999998,33.375]]]},"properties":{"type":"Feature","mesh_id":"503206513","municipality_code":"38214","municipality":"西予市","total_population":26,"population_65plus":14,"population_75plus":8,"aging_rate_65plus":0.5384615384615384,"aging_rate_75plus":0.3076923076923077,"population_status":"0","population_status_target":null,"population_aggregation_target":null,"age_65plus_missing":false,"age_75plus_missing":false,"age_quality_flag":"ok","data_completeness":"complete"}},{"type":"Feature","geometry":{"type":"Polygon","coordinates":[[[132.76874999999998,33.37916666666667],[132.77499999999998,33.37916666666667],[132.77499999999998,33.38333333333334],[132.76874999999998,33.38333333333334],[132.76874999999998,33.37916666666667]]]},"properties":{"type":"Feature","mesh_id":"503206514","municipality_code":"38214","municipality":"西予市","total_population":54,"population_65plus":28,"population_75plus":16,"aging_rate_65plus":0.5185185185185185,"aging_rate_75plus":0.2962962962962963,"population_status":"0","population_status_target":null,"population_aggregation_target":null,"age_65plus_missing":false,"age_75plus_missing":false,"age_quality_flag":"ok","data_completeness":"complete"}},{"type":"Feature","geometry":{"type":"Polygon","coordinates":[[[132.775,33.375],[132.78125,33.375],[132.78125,33.37916666666667],[132.775,33.37916666666667],[132.775,33.375]]]},"properties":{"type":"Feature","mesh_id":"503206521","municipality_code":"38214","municipality":"西予市","total_population":3,"population_65plus":null,"population_75plus":null,"aging_rate_65plus":null,"aging_rate_75plus":null,"population_status":"2","population_status_target":"503206524","population_aggregation_target":null,"age_65plus_missing":true,"age_75plus_missing":true,"age_quality_flag":"ok","data_completeness":"partial"}},{"type":"Feature","geometry":{"type":"Polygon","coordinates":[[[132.78125,33.37916666666667],[132.7875,33.37916666666667],[132.7875,33.38333333333334],[132.78125,33.38333333333334],[132.78125,33.37916666666667]]]},"properties":{"type":"Feature","mesh_id":"503206524","municipality_code":"38214","municipality":"西予市","total_population":8,"population_65plus":null,"population_75plus":null,"aging_rate_65plus":null,"aging_rate_75plus":null,"population_status":"1","population_status_target":null,"population_aggregation_target":"503206521;503206533;503206622;503206631","age_65plus_missing":true,"age_75plus_missing":true,"age_quality_flag":"inconsistent_with_total","data_completeness":"partial"}},{"type":"Feature","geometry":{"type":"Polygon","coordinates":[[[132.79375,33.375],[132.79999999999998,33.375],[132.79999999999998,33.37916666666667],[132.79375,33.37916666666667],[132.79375,33.375]]]},"properties":{"type":"Feature","mesh_id":"503206533","municipality_code":"38214","municipality":"西予市","total_population":2,"population_65plus":null,"population_75plus":null,"aging_rate_65plus":null,"aging_rate_75plus":null,"population_status":"2","population_status_target":"503206524","population_aggregation_target":null,"age_65plus_missing":true,"age_75plus_missing":true,"age_quality_flag":"ok","data_completeness":"partial"}},{"type":"Feature","geometry":{"type":"Polygon","coordinates":[[[132.8125,33.375],[132.81875,33.375],[132.81875,33.37916666666667],[132.8125,33.37916666666667],[132.8125,33.375]]]},"properties":{"type":"Feature","mesh_id":"503206551","municipality_code":"38214","municipality":"西予市","total_population":13,"population_65plus":12,"population_75plus":8,"aging_rate_65plus":0.9230769230769231,"aging_rate_75plus":0.6153846153846154,"population_status":"0","population_status_target":null,"population_aggregation_target":null,"age_65plus_missing":false,"age_75plus_missing":false,"age_quality_flag":"ok","data_completeness":"complete"}},{"type":"Feature","geometry":{"type":"Polygon","coordinates":[[[132.81875,33.375],[132.825,33.375],[132.825,33.37916666666667],[132.81875,33.37916666666667],[132.81875,33.375]]]},"properties":{"type":"Feature","mesh_id":"503206553","municipality_code":"38214","municipality":"西予市","total_population":24,"population_65plus":15,"population_75plus":9,"aging_rate_65plus":0.625,"aging_rate_75plus":0.375,"population_status":"0","population_status_target":null,"population_aggregation_target":null,"age_65plus_missing":false,"age_75plus_missing":false,"age_quality_flag":"ok","data_completeness":"complete"}},{"type":"Feature","geometry":{"type":"Polygon","coordinates":[[[132.81875,33.37916666666667],[132.825,33.37916666666667],[132.825,33.38333333333334],[132.81875,33.38333333333334],[132.81875,33.37916666666667]]]},"properties":{"type":"Feature","mesh_id":"503206554","municipality_code":"38214","municipality":"西予市","total_population":14,"population_65plus":4,"population_75plus":2,"aging_rate_65plus":0.2857142857142857,"aging_rate_75plus":0.14285714285714285,"population_status":"0","population_status_target":null,"population_aggregation_target":null,"age_65plus_missing":false,"age_75plus_missing":false,"age_quality_flag":"ok","data_completeness":"complete"}},{"type":"Feature","geometry":{"type":"Polygon","coordinates":[[[132.83124999999998,33.375],[132.83749999999998,33.375],[132.83749999999998,33.37916666666667],[132.83124999999998,33.37916666666667],[132.83124999999998,33.375]]]},"properties":{"type":"Feature","mesh_id":"503206563","municipality_code":"38214","municipality":"西予市","total_population":6,"population_65plus":null,"population_75plus":null,"aging_rate_65plus":null,"aging_rate_75plus":null,"population_status":"2","population_status_target":"503206661","population_aggregation_target":null,"age_65plus_missing":true,"age_75plus_missing":true,"age_quality_flag":"ok","data_completeness":"partial"}},{"type":"Feature","geometry":{"type":"Polygon","coordinates":[[[132.8375,33.37916666666667],[132.84375,33.37916666666667],[132.84375,33.38333333333334],[132.8375,33.38333333333334],[132.8375,33.37916666666667]]]},"properties":{"type":"Feature","mesh_id":"503206572","municipality_code":"38214","municipality":"西予市","total_population":12,"population_65plus":null,"population_75plus":null,"aging_rate_65plus":null,"aging_rate_75plus":null,"population_status":"2","population_status_target":"503206661","population_aggregation_target":null,"age_65plus_missing":true,"age_75plus_missing":true,"age_quality_flag":"ok","data_completeness":"partial"}},{"type":"Feature","geometry":{"type":"Polygon","coordinates":[[[132.7625,33.38333333333333],[132.76874999999998,33.38333333333333],[132.76874999999998,33.3875],[132.7625,33.3875],[132.7625,33.38333333333333]]]},"properties":{"type":"Feature","mesh_id":"503206611","municipality_code":"38214","municipality":"西予市","total_population":84,"population_65plus":47,"population_75plus":25,"aging_rate_65plus":0.5595238095238095,"aging_rate_75plus":0.2976190476190476,"population_status":"0","population_status_target":null,"population_aggregation_target":null,"age_65plus_missing":false,"age_75plus_missing":false,"age_quality_flag":"ok","data_completeness":"complete"}},{"type":"Feature","geometry":{"type":"Polygon","coordinates":[[[132.7625,33.3875],[132.76874999999998,33.3875],[132.76874999999998,33.39166666666667],[132.7625,33.39166666666667],[132.7625,33.3875]]]},"properties":{"type":"Feature","mesh_id":"503206612","municipality_code":"38214","municipality":"西予市","total_population":40,"population_65plus":17,"population_75plus":9,"aging_rate_65plus":0.425,"aging_rate_75plus":0.225,"population_status":"0","population_status_target":null,"population_aggregation_target":null,"age_65plus_missing":false,"age_75plus_missing":false,"age_quality_flag":"ok","data_completeness":"complete"}},{"type":"Feature","geometry":{"type":"Polygon","coordinates":[[[132.76874999999998,33.38333333333333],[132.77499999999998,33.38333333333333],[132.77499999999998,33.3875],[132.76874999999998,33.3875],[132.76874999999998,33.38333333333333]]]},"properties":{"type":"Feature","mesh_id":"503206613","municipality_code":"38214","municipality":"西予市","total_population":11,"population_65plus":10,"population_75plus":4,"aging_rate_65plus":0.9090909090909091,"aging_rate_75plus":0.36363636363636365,"population_status":"0","population_status_target":null,"population_aggregation_target":null,"age_65plus_missing":false,"age_75plus_missing":false,"age_quality_flag":"ok","data_completeness":"complete"}},{"type":"Feature","geometry":{"type":"Polygon","coordinates":[[[132.76874999999998,33.3875],[132.77499999999998,33.3875],[132.77499999999998,33.39166666666667],[132.76874999999998,33.39166666666667],[132.76874999999998,33.3875]]]},"properties":{"type":"Feature","mesh_id":"503206614","municipality_code":"38214","municipality":"西予市","total_population":9,"population_65plus":7,"population_75plus":4,"aging_rate_65plus":0.7777777777777778,"aging_rate_75plus":0.4444444444444444,"population_status":"0","population_status_target":null,"population_aggregation_target":null,"age_65plus_missing":false,"age_75plus_missing":false,"age_quality_flag":"ok","data_completeness":"complete"}},{"type":"Feature","geometry":{"type":"Polygon","coordinates":[[[132.775,33.3875],[132.78125,33.3875],[132.78125,33.39166666666667],[132.775,33.39166666666667],[132.775,33.3875]]]},"properties":{"type":"Feature","mesh_id":"503206622","municipality_code":"38214","municipality":"西予市","total_population":4,"population_65plus":null,"population_75plus":null,"aging_rate_65plus":null,"aging_rate_75plus":null,"population_status":"2","population_status_target":"503206524","population_aggregation_target":null,"age_65plus_missing":true,"age_75plus_missing":true,"age_quality_flag":"ok","data_completeness":"partial"}},{"type":"Feature","geometry":{"type":"Polygon","coordinates":[[[132.7875,33.38333333333333],[132.79375,33.38333333333333],[132.79375,33.3875],[132.7875,33.3875],[132.7875,33.38333333333333]]]},"properties":{"type":"Feature","mesh_id":"503206631","municipality_code":"38214","municipality":"西予市","total_population":2,"population_65plus":null,"population_75plus":null,"aging_rate_65plus":null,"aging_rate_75plus":null,"population_status":"2","population_status_target":"503206524","population_aggregation_target":null,"age_65plus_missing":true,"age_75plus_missing":true,"age_quality_flag":"ok","data_completeness":"partial"}},{"type":"Feature","geometry":{"type":"Polygon","coordinates":[[[132.8125,33.38333333333333],[132.81875,33.38333333333333],[132.81875,33.3875],[132.8125,33.3875],[132.8125,33.38333333333333]]]},"properties":{"type":"Feature","mesh_id":"503206651","municipality_code":"38214","municipality":"西予市","total_population":16,"population_65plus":8,"population_75plus":4,"aging_rate_65plus":0.5,"aging_rate_75plus":0.25,"population_status":"0","population_status_target":null,"population_aggregation_target":null,"age_65plus_missing":false,"age_75plus_missing":false,"age_quality_flag":"ok","data_completeness":"complete"}},{"type":"Feature","geometry":{"type":"Polygon","coordinates":[[[132.8125,33.3875],[132.81875,33.3875],[132.81875,33.39166666666667],[132.8125,33.39166666666667],[132.8125,33.3875]]]},"properties":{"type":"Feature","mesh_id":"503206652","municipality_code":"38214","municipality":"西予市","total_population":38,"population_65plus":17,"population_75plus":10,"aging_rate_65plus":0.4473684210526316,"aging_rate_75plus":0.2631578947368421,"population_status":"0","population_status_target":null,"population_aggregation_target":null,"age_65plus_missing":false,"age_75plus_missing":false,"age_quality_flag":"ok","data_completeness":"complete"}},{"type":"Feature","geometry":{"type":"Polygon","coordinates":[[[132.81875,33.3875],[132.825,33.3875],[132.825,33.39166666666667],[132.81875,33.39166666666667],[132.81875,33.3875]]]},"properties":{"type":"Feature","mesh_id":"503206654","municipality_code":"38214","municipality":"西予市","total_population":10,"population_65plus":4,"population_75plus":3,"aging_rate_65plus":0.4,"aging_rate_75plus":0.3,"population_status":"0","population_status_target":null,"population_aggregation_target":null,"age_65plus_missing":false,"age_75plus_missing":false,"age_quality_flag":"ok","data_completeness":"complete"}},{"type":"Feature","geometry":{"type":"Polygon","coordinates":[[[132.825,33.38333333333333],[132.83124999999998,33.38333333333333],[132.83124999999998,33.3875],[132.825,33.3875],[132.825,33.38333333333333]]]},"properties":{"type":"Feature","mesh_id":"503206661","municipality_code":"38214","municipality":"西予市","total_population":21,"population_65plus":19,"population_75plus":12,"aging_rate_65plus":0.9047619047619048,"aging_rate_75plus":0.5714285714285714,"population_status":"1","population_status_target":null,"population_aggregation_target":"503206563;503206572;503206662","age_65plus_missing":false,"age_75plus_missing":false,"age_quality_flag":"ok","data_completeness":"complete"}},{"type":"Feature","geometry":{"type":"Polygon","coordinates":[[[132.825,33.3875],[132.83124999999998,33.3875],[132.83124999999998,33.39166666666667],[132.825,33.39166666666667],[132.825,33.3875]]]},"properties":{"type":"Feature","mesh_id":"503206662","municipality_code":"38214","municipality":"西予市","total_population":2,"population_65plus":null,"population_75plus":null,"aging_rate_65plus":null,"aging_rate_75plus":null,"population_status":"2","population_status_target":"503206661","population_aggregation_target":null,"age_65plus_missing":true,"age_75plus_missing":true,"age_quality_flag":"ok","data_completeness":"partial"}},{"type":"Feature","geometry":{"type":"Polygon","coordinates":[[[132.85,33.3875],[132.85625,33.3875],[132.85625,33.39166666666667],[132.85,33.39166666666667],[132.85,33.3875]]]},"properties":{"type":"Feature","mesh_id":"503206682","municipality_code":"38214","municipality":"西予市","total_population":1,"population_65plus":null,"population_75plus":null,"aging_rate_65plus":null,"aging_rate_75plus":null,"population_status":"2","population_status_target":"503206593","population_aggregation_target":null,"age_65plus_missing":true,"age_75plus_missing":true,"age_quality_flag":"ok","data_completeness":"partial"}},{"type":"Feature","geometry":{"type":"Polygon","coordinates":[[[132.75,33.391666666666666],[132.75625,33.391666666666666],[132.75625,33.395833333333336],[132.75,33.395833333333336],[132.75,33.391666666666666]]]},"properties":{"type":"Feature","mesh_id":"503206701","municipality_code":"38214","municipality":"西予市","total_population":9,"population_65plus":null,"population_75plus":null,"aging_rate_65plus":null,"aging_rate_75plus":null,"population_status":"2","population_status_target":"503206703","population_aggregation_target":null,"age_65plus_missing":true,"age_75plus_missing":true,"age_quality_flag":"ok","data_completeness":"partial"}},{"type":"Feature","geometry":{"type":"Polygon","coordinates":[[[132.75625,33.391666666666666],[132.7625,33.391666666666666],[132.7625,33.395833333333336],[132.75625,33.395833333333336],[132.75625,33.391666666666666]]]},"properties":{"type":"Feature","mesh_id":"503206703","municipality_code":"38214","municipality":"西予市","total_population":1,"population_65plus":null,"population_75plus":null,"aging_rate_65plus":null,"aging_rate_75plus":null,"population_status":"1","population_status_target":null,"population_aggregation_target":"503206701;503206704","age_65plus_missing":true,"age_75plus_missing":true,"age_quality_flag":"inconsistent_with_total","data_completeness":"partial"}},{"type":"Feature","geometry":{"type":"Polygon","coordinates":[[[132.75625,33.395833333333336],[132.7625,33.395833333333336],[132.7625,33.400000000000006],[132.75625,33.400000000000006],[132.75625,33.395833333333336]]]},"properties":{"type":"Feature","mesh_id":"503206704","municipality_code":"38214","municipality":"西予市","total_population":2,"population_65plus":null,"population_75plus":null,"aging_rate_65plus":null,"aging_rate_75plus":null,"population_status":"2","population_status_target":"503206703","population_aggregation_target":null,"age_65plus_missing":true,"age_75plus_missing":true,"age_quality_flag":"ok","data_completeness":"partial"}},{"type":"Feature","geometry":{"type":"Polygon","coordinates":[[[132.7625,33.391666666666666],[132.76874999999998,33.391666666666666],[132.76874999999998,33.395833333333336],[132.7625,33.395833333333336],[132.7625,33.391666666666666]]]},"properties":{"type":"Feature","mesh_id":"503206711","municipality_code":"38214","municipality":"西予市","total_population":13,"population_65plus":9,"population_75plus":5,"aging_rate_65plus":0.6923076923076923,"aging_rate_75plus":0.38461538461538464,"population_status":"0","population_status_target":null,"population_aggregation_target":null,"age_65plus_missing":false,"age_75plus_missing":false,"age_quality_flag":"ok","data_completeness":"complete"}},{"type":"Feature","geometry":{"type":"Polygon","coordinates":[[[132.7625,33.395833333333336],[132.76874999999998,33.395833333333336],[132.76874999999998,33.400000000000006],[132.7625,33.400000000000006],[132.7625,33.395833333333336]]]},"properties":{"type":"Feature","mesh_id":"503206712","municipality_code":"38214","municipality":"西予市","total_population":15,"population_65plus":14,"population_75plus":9,"aging_rate_65plus":0.9333333333333333,"aging_rate_75plus":0.6,"population_status":"0","population_status_target":null,"population_aggregation_target":null,"age_65plus_missing":false,"age_75plus_missing":false,"age_quality_flag":"ok","data_completeness":"complete"}},{"type":"Feature","geometry":{"type":"Polygon","coordinates":[[[132.76874999999998,33.395833333333336],[132.77499999999998,33.395833333333336],[132.77499999999998,33.400000000000006],[132.76874999999998,33.400000000000006],[132.76874999999998,33.395833333333336]]]},"properties":{"type":"Feature","mesh_id":"503206714","municipality_code":"38214","municipality":"西予市","total_population":25,"population_65plus":18,"population_75plus":8,"aging_rate_65plus":0.72,"aging_rate_75plus":0.32,"population_status":"0","population_status_target":null,"population_aggregation_target":null,"age_65plus_missing":false,"age_75plus_missing":false,"age_quality_flag":"ok","data_completeness":"complete"}},{"type":"Feature","geometry":{"type":"Polygon","coordinates":[[[132.78125,33.391666666666666],[132.7875,33.391666666666666],[132.7875,33.395833333333336],[132.78125,33.395833333333336],[132.78125,33.391666666666666]]]},"properties":{"type":"Feature","mesh_id":"503206723","municipality_code":"38214","municipality":"西予市","total_population":24,"population_65plus":15,"population_75plus":4,"aging_rate_65plus":0.625,"aging_rate_75plus":0.16666666666666666,"population_status":"1","population_status_target":null,"population_aggregation_target":"503206724","age_65plus_missing":false,"age_75plus_missing":false,"age_quality_flag":"ok","data_completeness":"complete"}},{"type":"Feature","geometry":{"type":"Polygon","coordinates":[[[132.78125,33.395833333333336],[132.7875,33.395833333333336],[132.7875,33.400000000000006],[132.78125,33.400000000000006],[132.78125,33.395833333333336]]]},"properties":{"type":"Feature","mesh_id":"503206724","municipality_code":"38214","municipality":"西予市","total_population":6,"population_65plus":null,"population_75plus":null,"aging_rate_65plus":null,"aging_rate_75plus":null,"population_status":"2","population_status_target":"503206723","population_aggregation_target":null,"age_65plus_missing":true,"age_75plus_missing":true,"age_quality_flag":"ok","data_completeness":"partial"}},{"type":"Feature","geometry":{"type":"Polygon","coordinates":[[[132.825,33.391666666666666],[132.83124999999998,33.391666666666666],[132.83124999999998,33.395833333333336],[132.825,33.395833333333336],[132.825,33.391666666666666]]]},"properties":{"type":"Feature","mesh_id":"503206761","municipality_code":"38214","municipality":"西予市","total_population":14,"population_65plus":10,"population_75plus":8,"aging_rate_65plus":0.7142857142857143,"aging_rate_75plus":0.5714285714285714,"population_status":"1","population_status_target":null,"population_aggregation_target":"503206982;503206984","age_65plus_missing":false,"age_75plus_missing":false,"age_quality_flag":"ok","data_completeness":"complete"}},{"type":"Feature","geometry":{"type":"Polygon","coordinates":[[[132.75625,33.400000000000006],[132.7625,33.400000000000006],[132.7625,33.404166666666676],[132.75625,33.404166666666676],[132.75625,33.400000000000006]]]},"properties":{"type":"Feature","mesh_id":"503206803","municipality_code":"38214","municipality":"西予市","total_population":14,"population_65plus":null,"population_75plus":null,"aging_rate_65plus":null,"aging_rate_75plus":null,"population_status":"1","population_status_target":null,"population_aggregation_target":"503206904","age_65plus_missing":true,"age_75plus_missing":true,"age_quality_flag":"inconsistent_with_total","data_completeness":"partial"}},{"type":"Feature","geometry":{"type":"Polygon","coordinates":[[[132.7625,33.400000000000006],[132.76874999999998,33.400000000000006],[132.76874999999998,33.404166666666676],[132.7625,33.404166666666676],[132.7625,33.400000000000006]]]},"properties":{"type":"Feature","mesh_id":"503206811","municipality_code":"38214","municipality":"西予市","total_population":8,"population_65plus":null,"population_75plus":null,"aging_rate_65plus":null,"aging_rate_75plus":null,"population_status":"2","population_status_target":"503206812","population_aggregation_target":null,"age_65plus_missing":true,"age_75plus_missing":true,"age_quality_flag":"ok","data_completeness":"partial"}},{"type":"Feature","geometry":{"type":"Polygon","coordinates":[[[132.7625,33.404166666666676],[132.76874999999998,33.404166666666676],[132.76874999999998,33.408333333333346],[132.7625,33.408333333333346],[132.7625,33.404166666666676]]]},"properties":{"type":"Feature","mesh_id":"503206812","municipality_code":"38214","municipality":"西予市","total_population":7,"population_65plus":null,"population_75plus":null,"aging_rate_65plus":null,"aging_rate_75plus":null,"population_status":"1","population_status_target":null,"population_aggregation_target":"503206811","age_65plus_missing":true,"age_75plus_missing":true,"age_quality_flag":"inconsistent_with_total","data_completeness":"partial"}},{"type":"Feature","geometry":{"type":"Polygon","coordinates":[[[132.775,33.400000000000006],[132.78125,33.400000000000006],[132.78125,33.404166666666676],[132.775,33.404166666666676],[132.775,33.400000000000006]]]},"properties":{"type":"Feature","mesh_id":"503206821","municipality_code":"38214","municipality":"西予市","total_population":1,"population_65plus":null,"population_75plus":null,"aging_rate_65plus":null,"aging_rate_75plus":null,"population_status":"2","population_status_target":"503206822","population_aggregation_target":null,"age_65plus_missing":true,"age_75plus_missing":true,"age_quality_flag":"ok","data_completeness":"partial"}},{"type":"Feature","geometry":{"type":"Polygon","coordinates":[[[132.775,33.404166666666676],[132.78125,33.404166666666676],[132.78125,33.408333333333346],[132.775,33.408333333333346],[132.775,33.404166666666676]]]},"properties":{"type":"Feature","mesh_id":"503206822","municipality_code":"38214","municipality":"西予市","total_population":15,"population_65plus":14,"population_75plus":12,"aging_rate_65plus":0.9333333333333333,"aging_rate_75plus":0.8,"population_status":"1","population_status_target":null,"population_aggregation_target":"503206821;503206823;503206824","age_65plus_missing":false,"age_75plus_missing":false,"age_quality_flag":"ok","data_completeness":"complete"}},{"type":"Feature","geometry":{"type":"Polygon","coordinates":[[[132.78125,33.400000000000006],[132.7875,33.400000000000006],[132.7875,33.404166666666676],[132.78125,33.404166666666676],[132.78125,33.400000000000006]]]},"properties":{"type":"Feature","mesh_id":"503206823","municipality_code":"38214","municipality":"西予市","total_population":2,"population_65plus":null,"population_75plus":null,"aging_rate_65plus":null,"aging_rate_75plus":null,"population_status":"2","population_status_target":"503206822","population_aggregation_target":null,"age_65plus_missing":true,"age_75plus_missing":true,"age_quality_flag":"ok","data_completeness":"partial"}},{"type":"Feature","geometry":{"type":"Polygon","coordinates":[[[132.78125,33.404166666666676],[132.7875,33.404166666666676],[132.7875,33.408333333333346],[132.78125,33.408333333333346],[132.78125,33.404166666666676]]]},"properties":{"type":"Feature","mesh_id":"503206824","municipality_code":"38214","municipality":"西予市","total_population":3,"population_65plus":null,"population_75plus":null,"aging_rate_65plus":null,"aging_rate_75plus":null,"population_status":"2","population_status_target":"503206822","population_aggregation_target":null,"age_65plus_missing":true,"age_75plus_missing":true,"age_quality_flag":"ok","data_completeness":"partial"}},{"type":"Feature","geometry":{"type":"Polygon","coordinates":[[[132.7875,33.400000000000006],[132.79375,33.400000000000006],[132.79375,33.404166666666676],[132.7875,33.404166666666676],[132.7875,33.400000000000006]]]},"properties":{"type":"Feature","mesh_id":"503206831","municipality_code":"38214","municipality":"西予市","total_population":5,"population_65plus":null,"population_75plus":null,"aging_rate_65plus":null,"aging_rate_75plus":null,"population_status":"2","population_status_target":"503206833","population_aggregation_target":null,"age_65plus_missing":true,"age_75plus_missing":true,"age_quality_flag":"ok","data_completeness":"partial"}},{"type":"Feature","geometry":{"type":"Polygon","coordinates":[[[132.79375,33.400000000000006],[132.79999999999998,33.400000000000006],[132.79999999999998,33.404166666666676],[132.79375,33.404166666666676],[132.79375,33.400000000000006]]]},"properties":{"type":"Feature","mesh_id":"503206833","municipality_code":"38214","municipality":"西予市","total_population":34,"population_65plus":32,"population_75plus":17,"aging_rate_65plus":0.9411764705882353,"aging_rate_75plus":0.5,"population_status":"1","population_status_target":null,"population_aggregation_target":"503206831;503206922","age_65plus_missing":false,"age_75plus_missing":false,"age_quality_flag":"ok","data_completeness":"complete"}},{"type":"Feature","geometry":{"type":"Polygon","coordinates":[[[132.79375,33.404166666666676],[132.79999999999998,33.404166666666676],[132.79999999999998,33.408333333333346],[132.79375,33.408333333333346],[132.79375,33.404166666666676]]]},"properties":{"type":"Feature","mesh_id":"503206834","municipality_code":"38214","municipality":"西予市","total_population":14,"population_65plus":10,"population_75plus":9,"aging_rate_65plus":0.7142857142857143,"aging_rate_75plus":0.6428571428571429,"population_status":"0","population_status_target":null,"population_aggregation_target":null,"age_65plus_missing":false,"age_75plus_missing":false,"age_quality_flag":"ok","data_completeness":"complete"}},{"type":"Feature","geometry":{"type":"Polygon","coordinates":[[[132.80625,33.400000000000006],[132.8125,33.400000000000006],[132.8125,33.404166666666676],[132.80625,33.404166666666676],[132.80625,33.400000000000006]]]},"properties":{"type":"Feature","mesh_id":"503206843","municipality_code":"38214","municipality":"西予市","total_population":11,"population_65plus":9,"population_75plus":6,"aging_rate_65plus":0.8181818181818182,"aging_rate_75plus":0.5454545454545454,"population_status":"1","population_status_target":null,"population_aggregation_target":"503206844;503206951;503206953","age_65plus_missing":false,"age_75plus_missing":false,"age_quality_flag":"ok","data_completeness":"complete"}},{"type":"Feature","geometry":{"type":"Polygon","coordinates":[[[132.80625,33.404166666666676],[132.8125,33.404166666666676],[132.8125,33.408333333333346],[132.80625,33.408333333333346],[132.80625,33.404166666666676]]]},"properties":{"type":"Feature","mesh_id":"503206844","municipality_code":"38214","municipality":"西予市","total_population":3,"population_65plus":null,"population_75plus":null,"aging_rate_65plus":null,"aging_rate_75plus":null,"population_status":"2","population_status_target":"503206843","population_aggregation_target":null,"age_65plus_missing":true,"age_75plus_missing":true,"age_quality_flag":"ok","data_completeness":"partial"}},{"type":"Feature","geometry":{"type":"Polygon","coordinates":[[[132.75625,33.41250000000001],[132.7625,33.41250000000001],[132.7625,33.41666666666668],[132.75625,33.41666666666668],[132.75625,33.41250000000001]]]},"properties":{"type":"Feature","mesh_id":"503206904","municipality_code":"38214","municipality":"西予市","total_population":5,"population_65plus":null,"population_75plus":null,"aging_rate_65plus":null,"aging_rate_75plus":null,"population_status":"2","population_status_target":"503206803","population_aggregation_target":null,"age_65plus_missing":true,"age_75plus_missing":true,"age_quality_flag":"ok","data_completeness":"partial"}},{"type":"Feature","geometry":{"type":"Polygon","coordinates":[[[132.775,33.41250000000001],[132.78125,33.41250000000001],[132.78125,33.41666666666668],[132.775,33.41666666666668],[132.775,33.41250000000001]]]},"properties":{"type":"Feature","mesh_id":"503206922","municipality_code":"38214","municipality":"西予市","total_population":3,"population_65plus":null,"population_75plus":null,"aging_rate_65plus":null,"aging_rate_75plus":null,"population_status":"2","population_status_target":"503206833","population_aggregation_target":null,"age_65plus_missing":true,"age_75plus_missing":true,"age_quality_flag":"ok","data_completeness":"partial"}},{"type":"Feature","geometry":{"type":"Polygon","coordinates":[[[132.7875,33.41250000000001],[132.79375,33.41250000000001],[132.79375,33.41666666666668],[132.7875,33.41666666666668],[132.7875,33.41250000000001]]]},"properties":{"type":"Feature","mesh_id":"503206932","municipality_code":"38214","municipality":"西予市","total_population":5,"population_65plus":null,"population_75plus":null,"aging_rate_65plus":null,"aging_rate_75plus":null,"population_status":"2","population_status_target":"503206941","population_aggregation_target":null,"age_65plus_missing":true,"age_75plus_missing":true,"age_quality_flag":"ok","data_completeness":"partial"}},{"type":"Feature","geometry":{"type":"Polygon","coordinates":[[[132.8,33.40833333333334],[132.80625,33.40833333333334],[132.80625,33.41250000000001],[132.8,33.41250000000001],[132.8,33.40833333333334]]]},"properties":{"type":"Feature","mesh_id":"503206941","municipality_code":"38214","municipality":"西予市","total_population":6,"population_65plus":null,"population_75plus":null,"aging_rate_65plus":null,"aging_rate_75plus":null,"population_status":"1","population_status_target":null,"population_aggregation_target":"503206932;503206942;503206944","age_65plus_missing":true,"age_75plus_missing":true,"age_quality_flag":"inconsistent_with_total","data_completeness":"partial"}},{"type":"Feature","geometry":{"type":"Polygon","coordinates":[[[132.8,33.41250000000001],[132.80625,33.41250000000001],[132.80625,33.41666666666668],[132.8,33.41666666666668],[132.8,33.41250000000001]]]},"properties":{"type":"Feature","mesh_id":"503206942","municipality_code":"38214","municipality":"西予市","total_population":1,"population_65plus":null,"population_75plus":null,"aging_rate_65plus":null,"aging_rate_75plus":null,"population_status":"2","population_status_target":"503206941","population_aggregation_target":null,"age_65plus_missing":true,"age_75plus_missing":true,"age_quality_flag":"ok","data_completeness":"partial"}},{"type":"Feature","geometry":{"type":"Polygon","coordinates":[[[132.80625,33.41250000000001],[132.8125,33.41250000000001],[132.8125,33.41666666666668],[132.80625,33.41666666666668],[132.80625,33.41250000000001]]]},"properties":{"type":"Feature","mesh_id":"503206944","municipality_code":"38214","municipality":"西予市","total_population":2,"population_65plus":null,"population_75plus":null,"aging_rate_65plus":null,"aging_rate_75plus":null,"population_status":"2","population_status_target":"503206941","population_aggregation_target":null,"age_65plus_missing":true,"age_75plus_missing":true,"age_quality_flag":"ok","data_completeness":"partial"}},{"type":"Feature","geometry":{"type":"Polygon","coordinates":[[[132.8125,33.40833333333334],[132.81875,33.40833333333334],[132.81875,33.41250000000001],[132.8125,33.41250000000001],[132.8125,33.40833333333334]]]},"properties":{"type":"Feature","mesh_id":"503206951","municipality_code":"38214","municipality":"西予市","total_population":1,"population_65plus":null,"population_75plus":null,"aging_rate_65plus":null,"aging_rate_75plus":null,"population_status":"2","population_status_target":"503206843","population_aggregation_target":null,"age_65plus_missing":true,"age_75plus_missing":true,"age_quality_flag":"ok","data_completeness":"partial"}},{"type":"Feature","geometry":{"type":"Polygon","coordinates":[[[132.81875,33.40833333333334],[132.825,33.40833333333334],[132.825,33.41250000000001],[132.81875,33.41250000000001],[132.81875,33.40833333333334]]]},"properties":{"type":"Feature","mesh_id":"503206953","municipality_code":"38214","municipality":"西予市","total_population":4,"population_65plus":null,"population_75plus":null,"aging_rate_65plus":null,"aging_rate_75plus":null,"population_status":"2","population_status_target":"503206843","population_aggregation_target":null,"age_65plus_missing":true,"age_75plus_missing":true,"age_quality_flag":"ok","data_completeness":"partial"}},{"type":"Feature","geometry":{"type":"Polygon","coordinates":[[[132.4875,33.41666666666667],[132.49375,33.41666666666667],[132.49375,33.42083333333334],[132.4875,33.42083333333334],[132.4875,33.41666666666667]]]},"properties":{"type":"Feature","mesh_id":"503213091","municipality_code":"38214","municipality":"西予市","total_population":53,"population_65plus":36,"population_75plus":19,"aging_rate_65plus":0.6792452830188679,"aging_rate_75plus":0.3584905660377358,"population_status":"0","population_status_target":null,"population_aggregation_target":null,"age_65plus_missing":false,"age_75plus_missing":false,"age_quality_flag":"ok","data_completeness":"complete"}},{"type":"Feature","geometry":{"type":"Polygon","coordinates":[[[132.4875,33.42083333333334],[132.49375,33.42083333333334],[132.49375,33.42500000000001],[132.4875,33.42500000000001],[132.4875,33.42083333333334]]]},"properties":{"type":"Feature","mesh_id":"503213092","municipality_code":"38214","municipality":"西予市","total_population":9,"population_65plus":null,"population_75plus":null,"aging_rate_65plus":null,"aging_rate_75plus":null,"population_status":"2","population_status_target":"503213094","population_aggregation_target":null,"age_65plus_missing":true,"age_75plus_missing":true,"age_quality_flag":"ok","data_completeness":"partial"}},{"type":"Feature","geometry":{"type":"Polygon","coordinates":[[[132.49375,33.41666666666667],[132.5,33.41666666666667],[132.5,33.42083333333334],[132.49375,33.42083333333334],[132.49375,33.41666666666667]]]},"properties":{"type":"Feature","mesh_id":"503213093","municipality_code":"38214","municipality":"西予市","total_population":21,"population_65plus":7,"population_75plus":5,"aging_rate_65plus":0.3333333333333333,"aging_rate_75plus":0.23809523809523808,"population_status":"0","population_status_target":null,"population_aggregation_target":null,"age_65plus_missing":false,"age_75plus_missing":false,"age_quality_flag":"ok","data_completeness":"complete"}},{"type":"Feature","geometry":{"type":"Polygon","coordinates":[[[132.49375,33.42083333333334],[132.5,33.42083333333334],[132.5,33.42500000000001],[132.49375,33.42500000000001],[132.49375,33.42083333333334]]]},"properties":{"type":"Feature","mesh_id":"503213094","municipality_code":"38214","municipality":"西予市","total_population":128,"population_65plus":65,"population_75plus":35,"aging_rate_65plus":0.5078125,"aging_rate_75plus":0.2734375,"population_status":"1","population_status_target":null,"population_aggregation_target":"503213092","age_65plus_missing":false,"age_75plus_missing":false,"age_quality_flag":"ok","data_completeness":"complete"}},{"type":"Feature","geometry":{"type":"Polygon","coordinates":[[[132.4875,33.429166666666674],[132.49375,33.429166666666674],[132.49375,33.433333333333344],[132.4875,33.433333333333344],[132.4875,33.429166666666674]]]},"properties":{"type":"Feature","mesh_id":"503213192","municipality_code":"38214","municipality":"西予市","total_population":85,"population_65plus":40,"population_75plus":22,"aging_rate_65plus":0.47058823529411764,"aging_rate_75plus":0.25882352941176473,"population_status":"1","population_status_target":null,"population_aggregation_target":"503213194","age_65plus_missing":false,"age_75plus_missing":false,"age_quality_flag":"ok","data_completeness":"complete"}},{"type":"Feature","geometry":{"type":"Polygon","coordinates":[[[132.49375,33.429166666666674],[132.5,33.429166666666674],[132.5,33.433333333333344],[132.49375,33.433333333333344],[132.49375,33.429166666666674]]]},"properties":{"type":"Feature","mesh_id":"503213194","municipality_code":"38214","municipality":"西予市","total_population":2,"population_65plus":null,"population_75plus":null,"aging_rate_65plus":null,"aging_rate_75plus":null,"population_status":"2","population_status_target":"503213192","population_aggregation_target":null,"age_65plus_missing":true,"age_75plus_missing":true,"age_quality_flag":"ok","data_completeness":"partial"}},{"type":"Feature","geometry":{"type":"Polygon","coordinates":[[[132.5,33.41666666666667],[132.50625,33.41666666666667],[132.50625,33.42083333333334],[132.5,33.42083333333334],[132.5,33.41666666666667]]]},"properties":{"type":"Feature","mesh_id":"503214001","municipality_code":"38214","municipality":"西予市","total_population":29,"population_65plus":4,"population_75plus":1,"aging_rate_65plus":0.13793103448275862,"aging_rate_75plus":0.034482758620689655,"population_status":"0","population_status_target":null,"population_aggregation_target":null,"age_65plus_missing":false,"age_75plus_missing":false,"age_quality_flag":"ok","data_completeness":"complete"}},{"type":"Feature","geometry":{"type":"Polygon","coordinates":[[[132.5,33.42083333333334],[132.50625,33.42083333333334],[132.50625,33.42500000000001],[132.5,33.42500000000001],[132.5,33.42083333333334]]]},"properties":{"type":"Feature","mesh_id":"503214002","municipality_code":"38214","municipality":"西予市","total_population":73,"population_65plus":29,"population_75plus":10,"aging_rate_65plus":0.3972602739726027,"aging_rate_75plus":0.136986301369863,"population_status":"0","population_status_target":null,"population_aggregation_target":null,"age_65plus_missing":false,"age_75plus_missing":false,"age_quality_flag":"ok","data_completeness":"complete"}},{"type":"Feature","geometry":{"type":"Polygon","coordinates":[[[132.50625,33.41666666666667],[132.5125,33.41666666666667],[132.5125,33.42083333333334],[132.50625,33.42083333333334],[132.50625,33.41666666666667]]]},"properties":{"type":"Feature","mesh_id":"503214003","municipality_code":"38214","municipality":"西予市","total_population":51,"population_65plus":35,"population_75plus":29,"aging_rate_65plus":0.6862745098039216,"aging_rate_75plus":0.5686274509803921,"population_status":"0","population_status_target":null,"population_aggregation_target":null,"age_65plus_missing":false,"age_75plus_missing":false,"age_quality_flag":"ok","data_completeness":"complete"}},{"type":"Feature","geometry":{"type":"Polygon","coordinates":[[[132.50625,33.42083333333334],[132.5125,33.42083333333334],[132.5125,33.42500000000001],[132.50625,33.42500000000001],[132.50625,33.42083333333334]]]},"properties":{"type":"Feature","mesh_id":"503214004","municipality_code":"38214","municipality":"西予市","total_population":100,"population_65plus":51,"population_75plus":18,"aging_rate_65plus":0.51,"aging_rate_75plus":0.18,"population_status":"0","population_status_target":null,"population_aggregation_target":null,"age_65plus_missing":false,"age_75plus_missing":false,"age_quality_flag":"ok","data_completeness":"complete"}},{"type":"Feature","geometry":{"type":"Polygon","coordinates":[[[132.5125,33.41666666666667],[132.51874999999998,33.41666666666667],[132.51874999999998,33.42083333333334],[132.5125,33.42083333333334],[132.5125,33.41666666666667]]]},"properties":{"type":"Feature","mesh_id":"503214011","municipality_code":"38214","municipality":"西予市","total_population":47,"population_65plus":21,"population_75plus":4,"aging_rate_65plus":0.44680851063829785,"aging_rate_75plus":0.0851063829787234,"population_status":"0","population_status_target":null,"population_aggregation_target":null,"age_65plus_missing":false,"age_75plus_missing":false,"age_quality_flag":"ok","data_completeness":"complete"}},{"type":"Feature","geometry":{"type":"Polygon","coordinates":[[[132.51874999999998,33.41666666666667],[132.52499999999998,33.41666666666667],[132.52499999999998,33.42083333333334],[132.51874999999998,33.42083333333334],[132.51874999999998,33.41666666666667]]]},"properties":{"type":"Feature","mesh_id":"503214013","municipality_code":"38214","municipality":"西予市","total_population":17,"population_65plus":8,"population_75plus":5,"aging_rate_65plus":0.47058823529411764,"aging_rate_75plus":0.29411764705882354,"population_status":"0","population_status_target":null,"population_aggregation_target":null,"age_65plus_missing":false,"age_75plus_missing":false,"age_quality_flag":"ok","data_completeness":"complete"}},{"type":"Feature","geometry":{"type":"Polygon","coordinates":[[[132.58124999999998,33.42083333333334],[132.58749999999998,33.42083333333334],[132.58749999999998,33.42500000000001],[132.58124999999998,33.42500000000001],[132.58124999999998,33.42083333333334]]]},"properties":{"type":"Feature","mesh_id":"503214064","municipality_code":"38214","municipality":"西予市","total_population":16,"population_65plus":8,"population_75plus":6,"aging_rate_65plus":0.5,"aging_rate_75plus":0.375,"population_status":"0","population_status_target":null,"population_aggregation_target":null,"age_65plus_missing":false,"age_75plus_missing":false,"age_quality_flag":"ok","data_completeness":"complete"}},{"type":"Feature","geometry":{"type":"Polygon","coordinates":[[[132.5875,33.41666666666667],[132.59375,33.41666666666667],[132.59375,33.42083333333334],[132.5875,33.42083333333334],[132.5875,33.41666666666667]]]},"properties":{"type":"Feature","mesh_id":"503214071","municipality_code":"38214","municipality":"西予市","total_population":61,"population_65plus":26,"population_75plus":12,"aging_rate_65plus":0.4262295081967213,"aging_rate_75plus":0.19672131147540983,"population_status":"0","population_status_target":null,"population_aggregation_target":null,"age_65plus_missing":false,"age_75plus_missing":false,"age_quality_flag":"ok","data_completeness":"complete"}},{"type":"Feature","geometry":{"type":"Polygon","coordinates":[[[132.6,33.42083333333334],[132.60625,33.42083333333334],[132.60625,33.42500000000001],[132.6,33.42500000000001],[132.6,33.42083333333334]]]},"properties":{"type":"Feature","mesh_id":"503214082","municipality_code":"38214","municipality":"西予市","total_population":35,"population_65plus":20,"population_75plus":8,"aging_rate_65plus":0.5714285714285714,"aging_rate_75plus":0.22857142857142856,"population_status":"0","population_status_target":null,"population_aggregation_target":null,"age_65plus_missing":false,"age_75plus_missing":false,"age_quality_flag":"ok","data_completeness":"complete"}},{"type":"Feature","geometry":{"type":"Polygon","coordinates":[[[132.60625,33.42083333333334],[132.61249999999998,33.42083333333334],[132.61249999999998,33.42500000000001],[132.60625,33.42500000000001],[132.60625,33.42083333333334]]]},"properties":{"type":"Feature","mesh_id":"503214084","municipality_code":"38214","municipality":"西予市","total_population":26,"population_65plus":19,"population_75plus":14,"aging_rate_65plus":0.7307692307692307,"aging_rate_75plus":0.5384615384615384,"population_status":"0","population_status_target":null,"population_aggregation_target":null,"age_65plus_missing":false,"age_75plus_missing":false,"age_quality_flag":"ok","data_completeness":"complete"}},{"type":"Feature","geometry":{"type":"Polygon","coordinates":[[[132.6125,33.41666666666667],[132.61875,33.41666666666667],[132.61875,33.42083333333334],[132.6125,33.42083333333334],[132.6125,33.41666666666667]]]},"properties":{"type":"Feature","mesh_id":"503214091","municipality_code":"38214","municipality":"西予市","total_population":25,"population_65plus":13,"population_75plus":6,"aging_rate_65plus":0.52,"aging_rate_75plus":0.24,"population_status":"1","population_status_target":null,"population_aggregation_target":"503214094","age_65plus_missing":false,"age_75plus_missing":false,"age_quality_flag":"ok","data_completeness":"complete"}},{"type":"Feature","geometry":{"type":"Polygon","coordinates":[[[132.61875,33.42083333333334],[132.625,33.42083333333334],[132.625,33.42500000000001],[132.61875,33.42500000000001],[132.61875,33.42083333333334]]]},"properties":{"type":"Feature","mesh_id":"503214094","municipality_code":"38214","municipality":"西予市","total_population":2,"population_65plus":null,"population_75plus":null,"aging_rate_65plus":null,"aging_rate_75plus":null,"population_status":"2","population_status_target":"503214091","population_aggregation_target":null,"age_65plus_missing":true,"age_75plus_missing":true,"age_quality_flag":"ok","data_completeness":"partial"}},{"type":"Feature","geometry":{"type":"Polygon","coordinates":[[[132.5,33.425000000000004],[132.50625,33.425000000000004],[132.50625,33.429166666666674],[132.5,33.429166666666674],[132.5,33.425000000000004]]]},"properties":{"type":"Feature","mesh_id":"503214101","municipality_code":"38214","municipality":"西予市","total_population":37,"population_65plus":16,"population_75plus":9,"aging_rate_65plus":0.43243243243243246,"aging_rate_75plus":0.24324324324324326,"population_status":"0","population_status_target":null,"population_aggregation_target":null,"age_65plus_missing":false,"age_75plus_missing":false,"age_quality_flag":"ok","data_completeness":"complete"}},{"type":"Feature","geometry":{"type":"Polygon","coordinates":[[[132.5,33.429166666666674],[132.50625,33.429166666666674],[132.50625,33.433333333333344],[132.5,33.433333333333344],[132.5,33.429166666666674]]]},"properties":{"type":"Feature","mesh_id":"503214102","municipality_code":"38214","municipality":"西予市","total_population":83,"population_65plus":34,"population_75plus":18,"aging_rate_65plus":0.40963855421686746,"aging_rate_75plus":0.21686746987951808,"population_status":"0","population_status_target":null,"population_aggregation_target":null,"age_65plus_missing":false,"age_75plus_missing":false,"age_quality_flag":"ok","data_completeness":"complete"}},{"type":"Feature","geometry":{"type":"Polygon","coordinates":[[[132.50625,33.425000000000004],[132.5125,33.425000000000004],[132.5125,33.429166666666674],[132.50625,33.429166666666674],[132.50625,33.425000000000004]]]},"properties":{"type":"Feature","mesh_id":"503214103","municipality_code":"38214","municipality":"西予市","total_population":87,"population_65plus":39,"population_75plus":23,"aging_rate_65plus":0.4482758620689655,"aging_rate_75plus":0.26436781609195403,"population_status":"0","population_status_target":null,"population_aggregation_target":null,"age_65plus_missing":false,"age_75plus_missing":false,"age_quality_flag":"ok","data_completeness":"complete"}},{"type":"Feature","geometry":{"type":"Polygon","coordinates":[[[132.50625,33.429166666666674],[132.5125,33.429166666666674],[132.5125,33.433333333333344],[132.50625,33.433333333333344],[132.50625,33.429166666666674]]]},"properties":{"type":"Feature","mesh_id":"503214104","municipality_code":"38214","municipality":"西予市","total_population":31,"population_65plus":19,"population_75plus":13,"aging_rate_65plus":0.6129032258064516,"aging_rate_75plus":0.41935483870967744,"population_status":"0","population_status_target":null,"population_aggregation_target":null,"age_65plus_missing":false,"age_75plus_missing":false,"age_quality_flag":"ok","data_completeness":"complete"}},{"type":"Feature","geometry":{"type":"Polygon","coordinates":[[[132.5125,33.425000000000004],[132.51874999999998,33.425000000000004],[132.51874999999998,33.429166666666674],[132.5125,33.429166666666674],[132.5125,33.425000000000004]]]},"properties":{"type":"Feature","mesh_id":"503214111","municipality_code":"38214","municipality":"西予市","total_population":36,"population_65plus":14,"population_75plus":7,"aging_rate_65plus":0.3888888888888889,"aging_rate_75plus":0.19444444444444445,"population_status":"0","population_status_target":null,"population_aggregation_target":null,"age_65plus_missing":false,"age_75plus_missing":false,"age_quality_flag":"ok","data_completeness":"complete"}},{"type":"Feature","geometry":{"type":"Polygon","coordinates":[[[132.51874999999998,33.425000000000004],[132.52499999999998,33.425000000000004],[132.52499999999998,33.429166666666674],[132.51874999999998,33.429166666666674],[132.51874999999998,33.425000000000004]]]},"properties":{"type":"Feature","mesh_id":"503214113","municipality_code":"38214","municipality":"西予市","total_population":54,"population_65plus":25,"population_75plus":17,"aging_rate_65plus":0.46296296296296297,"aging_rate_75plus":0.3148148148148148,"population_status":"0","population_status_target":null,"population_aggregation_target":null,"age_65plus_missing":false,"age_75plus_missing":false,"age_quality_flag":"ok","data_completeness":"complete"}},{"type":"Feature","geometry":{"type":"Polygon","coordinates":[[[132.51874999999998,33.429166666666674],[132.52499999999998,33.429166666666674],[132.52499999999998,33.433333333333344],[132.51874999999998,33.433333333333344],[132.51874999999998,33.429166666666674]]]},"properties":{"type":"Feature","mesh_id":"503214114","municipality_code":"38214","municipality":"西予市","total_population":21,"population_65plus":8,"population_75plus":5,"aging_rate_65plus":0.38095238095238093,"aging_rate_75plus":0.23809523809523808,"population_status":"0","population_status_target":null,"population_aggregation_target":null,"age_65plus_missing":false,"age_75plus_missing":false,"age_quality_flag":"ok","data_completeness":"complete"}},{"type":"Feature","geometry":{"type":"Polygon","coordinates":[[[132.575,33.429166666666674],[132.58124999999998,33.429166666666674],[132.58124999999998,33.433333333333344],[132.575,33.433333333333344],[132.575,33.429166666666674]]]},"properties":{"type":"Feature","mesh_id":"503214162","municipality_code":"38214","municipality":"西予市","total_population":30,"population_65plus":11,"population_75plus":5,"aging_rate_65plus":0.36666666666666664,"aging_rate_75plus":0.16666666666666666,"population_status":"0","population_status_target":null,"population_aggregation_target":null,"age_65plus_missing":false,"age_75plus_missing":false,"age_quality_flag":"ok","data_completeness":"complete"}},{"type":"Feature","geometry":{"type":"Polygon","coordinates":[[[132.58124999999998,33.425000000000004],[132.58749999999998,33.425000000000004],[132.58749999999998,33.429166666666674],[132.58124999999998,33.429166666666674],[132.58124999999998,33.425000000000004]]]},"properties":{"type":"Feature","mesh_id":"503214163","municipality_code":"38214","municipality":"西予市","total_population":6,"population_65plus":null,"population_75plus":null,"aging_rate_65plus":null,"aging_rate_75plus":null,"population_status":"2","population_status_target":"503214164","population_aggregation_target":null,"age_65plus_missing":true,"age_75plus_missing":true,"age_quality_flag":"ok","data_completeness":"partial"}},{"type":"Feature","geometry":{"type":"Polygon","coordinates":[[[132.58124999999998,33.429166666666674],[132.58749999999998,33.429166666666674],[132.58749999999998,33.433333333333344],[132.58124999999998,33.433333333333344],[132.58124999999998,33.429166666666674]]]},"properties":{"type":"Feature","mesh_id":"503214164","municipality_code":"38214","municipality":"西予市","total_population":5,"population_65plus":5,"population_75plus":4,"aging_rate_65plus":1.0,"aging_rate_75plus":0.8,"population_status":"1","population_status_target":null,"population_aggregation_target":"503214163","age_65plus_missing":false,"age_75plus_missing":false,"age_quality_flag":"ok","data_completeness":"complete"}},{"type":"Feature","geometry":{"type":"Polygon","coordinates":[[[132.6125,33.429166666666674],[132.61875,33.429166666666674],[132.61875,33.433333333333344],[132.6125,33.433333333333344],[132.6125,33.429166666666674]]]},"properties":{"type":"Feature","mesh_id":"503214192","municipality_code":"38214","municipality":"西予市","total_population":21,"population_65plus":12,"population_75plus":7,"aging_rate_65plus":0.5714285714285714,"aging_rate_75plus":0.3333333333333333,"population_status":"0","population_status_target":null,"population_aggregation_target":null,"age_65plus_missing":false,"age_75plus_missing":false,"age_quality_flag":"ok","data_completeness":"complete"}},{"type":"Feature","geometry":{"type":"Polygon","coordinates":[[[132.61875,33.429166666666674],[132.625,33.429166666666674],[132.625,33.433333333333344],[132.61875,33.433333333333344],[132.61875,33.429166666666674]]]},"properties":{"type":"Feature","mesh_id":"503214194","municipality_code":"38214","municipality":"西予市","total_population":12,"population_65plus":7,"population_75plus":1,"aging_rate_65plus":0.5833333333333334,"aging_rate_75plus":0.08333333333333333,"population_status":"0","population_status_target":null,"population_aggregation_target":null,"age_65plus_missing":false,"age_75plus_missing":false,"age_quality_flag":"ok","data_completeness":"complete"}},{"type":"Feature","geometry":{"type":"Polygon","coordinates":[[[132.5,33.43333333333334],[132.50625,33.43333333333334],[132.50625,33.43750000000001],[132.5,33.43750000000001],[132.5,33.43333333333334]]]},"properties":{"type":"Feature","mesh_id":"503214201","municipality_code":"38214","municipality":"西予市","total_population":55,"population_65plus":48,"population_75plus":31,"aging_rate_65plus":0.8727272727272727,"aging_rate_75plus":0.5636363636363636,"population_status":"1","population_status_target":null,"population_aggregation_target":"503214202","age_65plus_missing":false,"age_75plus_missing":false,"age_quality_flag":"ok","data_completeness":"complete"}},{"type":"Feature","geometry":{"type":"Polygon","coordinates":[[[132.5,33.43750000000001],[132.50625,33.43750000000001],[132.50625,33.44166666666668],[132.5,33.44166666666668],[132.5,33.43750000000001]]]},"properties":{"type":"Feature","mesh_id":"503214202","municipality_code":"38214","municipality":"西予市","total_population":24,"population_65plus":null,"population_75plus":null,"aging_rate_65plus":null,"aging_rate_75plus":null,"population_status":"2","population_status_target":"503214201","population_aggregation_target":null,"age_65plus_missing":true,"age_75plus_missing":true,"age_quality_flag":"ok","data_completeness":"partial"}},{"type":"Feature","geometry":{"type":"Polygon","coordinates":[[[132.50625,33.43333333333334],[132.5125,33.43333333333334],[132.5125,33.43750000000001],[132.50625,33.43750000000001],[132.50625,33.43333333333334]]]},"properties":{"type":"Feature","mesh_id":"503214203","municipality_code":"38214","municipality":"西予市","total_population":16,"population_65plus":7,"population_75plus":5,"aging_rate_65plus":0.4375,"aging_rate_75plus":0.3125,"population_status":"0","population_status_target":null,"population_aggregation_target":null,"age_65plus_missing":false,"age_75plus_missing":false,"age_quality_flag":"ok","data_completeness":"complete"}},{"type":"Feature","geometry":{"type":"Polygon","coordinates":[[[132.5125,33.43333333333334],[132.51874999999998,33.43333333333334],[132.51874999999998,33.43750000000001],[132.5125,33.43750000000001],[132.5125,33.43333333333334]]]},"properties":{"type":"Feature","mesh_id":"503214211","municipality_code":"38214","municipality":"西予市","total_population":54,"population_65plus":30,"population_75plus":13,"aging_rate_65plus":0.5555555555555556,"aging_rate_75plus":0.24074074074074073,"population_status":"0","population_status_target":null,"population_aggregation_target":null,"age_65plus_missing":false,"age_75plus_missing":false,"age_quality_flag":"ok","data_completeness":"complete"}},{"type":"Feature","geometry":{"type":"Polygon","coordinates":[[[132.51874999999998,33.43333333333334],[132.52499999999998,33.43333333333334],[132.52499999999998,33.43750000000001],[132.51874999999998,33.43750000000001],[132.51874999999998,33.43333333333334]]]},"properties":{"type":"Feature","mesh_id":"503214213","municipality_code":"38214","municipality":"西予市","total_population":23,"population_65plus":12,"population_75plus":0,"aging_rate_65plus":0.5217391304347826,"aging_rate_75plus":0.0,"population_status":"1","population_status_target":null,"population_aggregation_target":"503214214","age_65plus_missing":false,"age_75plus_missing":false,"age_quality_flag":"ok","data_completeness":"complete"}},{"type":"Feature","geometry":{"type":"Polygon","coordinates":[[[132.51874999999998,33.43750000000001],[132.52499999999998,33.43750000000001],[132.52499999999998,33.44166666666668],[132.51874999999998,33.44166666666668],[132.51874999999998,33.43750000000001]]]},"properties":{"type":"Feature","mesh_id":"503214214","municipality_code":"38214","municipality":"西予市","total_population":2,"population_65plus":null,"population_75plus":null,"aging_rate_65plus":null,"aging_rate_75plus":null,"population_status":"2","population_status_target":"503214213","population_aggregation_target":null,"age_65plus_missing":true,"age_75plus_missing":true,"age_quality_flag":"ok","data_completeness":"partial"}},{"type":"Feature","geometry":{"type":"Polygon","coordinates":[[[132.56875,33.43333333333334],[132.575,33.43333333333334],[132.575,33.43750000000001],[132.56875,33.43750000000001],[132.56875,33.43333333333334]]]},"properties":{"type":"Feature","mesh_id":"503214253","municipality_code":"38214","municipality":"西予市","total_population":15,"population_65plus":10,"population_75plus":9,"aging_rate_65plus":0.6666666666666666,"aging_rate_75plus":0.6,"population_status":"1","population_status_target":null,"population_aggregation_target":"503214242;503214254","age_65plus_missing":false,"age_75plus_missing":false,"age_quality_flag":"ok","data_completeness":"complete"}},{"type":"Feature","geometry":{"type":"Polygon","coordinates":[[[132.56875,33.43750000000001],[132.575,33.43750000000001],[132.575,33.44166666666668],[132.56875,33.44166666666668],[132.56875,33.43750000000001]]]},"properties":{"type":"Feature","mesh_id":"503214254","municipality_code":"38214","municipality":"西予市","total_population":1,"population_65plus":null,"population_75plus":null,"aging_rate_65plus":null,"aging_rate_75plus":null,"population_status":"2","population_status_target":"503214253","population_aggregation_target":null,"age_65plus_missing":true,"age_75plus_missing":true,"age_quality_flag":"ok","data_completeness":"partial"}},{"type":"Feature","geometry":{"type":"Polygon","coordinates":[[[132.575,33.43333333333334],[132.58124999999998,33.43333333333334],[132.58124999999998,33.43750000000001],[132.575,33.43750000000001],[132.575,33.43333333333334]]]},"properties":{"type":"Feature","mesh_id":"503214261","municipality_code":"38214","municipality":"西予市","total_population":13,"population_65plus":10,"population_75plus":5,"aging_rate_65plus":0.7692307692307693,"aging_rate_75plus":0.38461538461538464,"population_status":"0","population_status_target":null,"population_aggregation_target":null,"age_65plus_missing":false,"age_75plus_missing":false,"age_quality_flag":"ok","data_completeness":"complete"}},{"type":"Feature","geometry":{"type":"Polygon","coordinates":[[[132.58124999999998,33.43333333333334],[132.58749999999998,33.43333333333334],[132.58749999999998,33.43750000000001],[132.58124999999998,33.43750000000001],[132.58124999999998,33.43333333333334]]]},"properties":{"type":"Feature","mesh_id":"503214263","municipality_code":"38214","municipality":"西予市","total_population":22,"population_65plus":14,"population_75plus":7,"aging_rate_65plus":0.6363636363636364,"aging_rate_75plus":0.3181818181818182,"population_status":"1","population_status_target":null,"population_aggregation_target":"503214361","age_65plus_missing":false,"age_75plus_missing":false,"age_quality_flag":"ok","data_completeness":"complete"}},{"type":"Feature","geometry":{"type":"Polygon","coordinates":[[[132.5125,33.44166666666667],[132.51874999999998,33.44166666666667],[132.51874999999998,33.44583333333334],[132.5125,33.44583333333334],[132.5125,33.44166666666667]]]},"properties":{"type":"Feature","mesh_id":"503214311","municipality_code":"38214","municipality":"西予市","total_population":41,"population_65plus":22,"population_75plus":11,"aging_rate_65plus":0.5365853658536586,"aging_rate_75plus":0.2682926829268293,"population_status":"0","population_status_target":null,"population_aggregation_target":null,"age_65plus_missing":false,"age_75plus_missing":false,"age_quality_flag":"ok","data_completeness":"complete"}},{"type":"Feature","geometry":{"type":"Polygon","coordinates":[[[132.5125,33.44583333333334],[132.51874999999998,33.44583333333334],[132.51874999999998,33.45000000000001],[132.5125,33.45000000000001],[132.5125,33.44583333333334]]]},"properties":{"type":"Feature","mesh_id":"503214312","municipality_code":"38214","municipality":"西予市","total_population":43,"population_65plus":18,"population_75plus":4,"aging_rate_65plus":0.4186046511627907,"aging_rate_75plus":0.09302325581395349,"population_status":"0","population_status_target":null,"population_aggregation_target":null,"age_65plus_missing":false,"age_75plus_missing":false,"age_quality_flag":"ok","data_completeness":"complete"}},{"type":"Feature","geometry":{"type":"Polygon","coordinates":[[[132.575,33.44166666666667],[132.58124999999998,33.44166666666667],[132.58124999999998,33.44583333333334],[132.575,33.44583333333334],[132.575,33.44166666666667]]]},"properties":{"type":"Feature","mesh_id":"503214361","municipality_code":"38214","municipality":"西予市","total_population":7,"population_65plus":null,"population_75plus":null,"aging_rate_65plus":null,"aging_rate_75plus":null,"population_status":"2","population_status_target":"503214263","population_aggregation_target":null,"age_65plus_missing":true,"age_75plus_missing":true,"age_quality_flag":"ok","data_completeness":"partial"}},{"type":"Feature","geometry":{"type":"Polygon","coordinates":[[[132.56875,33.45],[132.575,33.45],[132.575,33.45416666666667],[132.56875,33.45416666666667],[132.56875,33.45]]]},"properties":{"type":"Feature","mesh_id":"503214453","municipality_code":"38214","municipality":"西予市","total_population":8,"population_65plus":null,"population_75plus":null,"aging_rate_65plus":null,"aging_rate_75plus":null,"population_status":"2","population_status_target":"503214444","population_aggregation_target":null,"age_65plus_missing":true,"age_75plus_missing":true,"age_quality_flag":"ok","data_completeness":"partial"}},{"type":"Feature","geometry":{"type":"Polygon","coordinates":[[[132.625,33.41666666666667],[132.63125,33.41666666666667],[132.63125,33.42083333333334],[132.625,33.42083333333334],[132.625,33.41666666666667]]]},"properties":{"type":"Feature","mesh_id":"503215001","municipality_code":"38214","municipality":"西予市","total_population":1,"population_65plus":null,"population_75plus":null,"aging_rate_65plus":null,"aging_rate_75plus":null,"population_status":"2","population_status_target":"503215002","population_aggregation_target":null,"age_65plus_missing":true,"age_75plus_missing":true,"age_quality_flag":"ok","data_completeness":"partial"}},{"type":"Feature","geometry":{"type":"Polygon","coordinates":[[[132.625,33.42083333333334],[132.63125,33.42083333333334],[132.63125,33.42500000000001],[132.625,33.42500000000001],[132.625,33.42083333333334]]]},"properties":{"type":"Feature","mesh_id":"503215002","municipality_code":"38214","municipality":"西予市","total_population":36,"population_65plus":13,"population_75plus":12,"aging_rate_65plus":0.3611111111111111,"aging_rate_75plus":0.3333333333333333,"population_status":"1","population_status_target":null,"population_aggregation_target":"503215001","age_65plus_missing":false,"age_75plus_missing":false,"age_quality_flag":"ok","data_completeness":"complete"}},{"type":"Feature","geometry":{"type":"Polygon","coordinates":[[[132.63125,33.41666666666667],[132.6375,33.41666666666667],[132.6375,33.42083333333334],[132.63125,33.42083333333334],[132.63125,33.41666666666667]]]},"properties":{"type":"Feature","mesh_id":"503215003","municipality_code":"38214","municipality":"西予市","total_population":47,"population_65plus":22,"population_75plus":11,"aging_rate_65plus":0.46808510638297873,"aging_rate_75plus":0.23404255319148937,"population_status":"0","population_status_target":null,"population_aggregation_target":null,"age_65plus_missing":false,"age_75plus_missing":false,"age_quality_flag":"ok","data_completeness":"complete"}},{"type":"Feature","geometry":{"type":"Polygon","coordinates":[[[132.63125,33.42083333333334],[132.6375,33.42083333333334],[132.6375,33.42500000000001],[132.63125,33.42500000000001],[132.63125,33.42083333333334]]]},"properties":{"type":"Feature","mesh_id":"503215004","municipality_code":"38214","municipality":"西予市","total_population":21,"population_65plus":14,"population_75plus":8,"aging_rate_65plus":0.6666666666666666,"aging_rate_75plus":0.38095238095238093,"population_status":"0","population_status_target":null,"population_aggregation_target":null,"age_65plus_missing":false,"age_75plus_missing":false,"age_quality_flag":"ok","data_completeness":"complete"}},{"type":"Feature","geometry":{"type":"Polygon","coordinates":[[[132.6375,33.41666666666667],[132.64374999999998,33.41666666666667],[132.64374999999998,33.42083333333334],[132.6375,33.42083333333334],[132.6375,33.41666666666667]]]},"properties":{"type":"Feature","mesh_id":"503215011","municipality_code":"38214","municipality":"西予市","total_population":12,"population_65plus":5,"population_75plus":3,"aging_rate_65plus":0.4166666666666667,"aging_rate_75plus":0.25,"population_status":"1","population_status_target":null,"population_aggregation_target":"503215013","age_65plus_missing":false,"age_75plus_missing":false,"age_quality_flag":"ok","data_completeness":"complete"}},{"type":"Feature","geometry":{"type":"Polygon","coordinates":[[[132.64374999999998,33.41666666666667],[132.64999999999998,33.41666666666667],[132.64999999999998,33.42083333333334],[132.64374999999998,33.42083333333334],[132.64374999999998,33.41666666666667]]]},"properties":{"type":"Feature","mesh_id":"503215013","municipality_code":"38214","municipality":"西予市","total_population":2,"population_65plus":null,"population_75plus":null,"aging_rate_65plus":null,"aging_rate_75plus":null,"population_status":"2","population_status_target":"503215011","population_aggregation_target":null,"age_65plus_missing":true,"age_75plus_missing":true,"age_quality_flag":"ok","data_completeness":"partial"}},{"type":"Feature","geometry":{"type":"Polygon","coordinates":[[[132.675,33.42083333333334],[132.68125,33.42083333333334],[132.68125,33.42500000000001],[132.675,33.42500000000001],[132.675,33.42083333333334]]]},"properties":{"type":"Feature","mesh_id":"503215042","municipality_code":"38214","municipality":"西予市","total_population":7,"population_65plus":null,"population_75plus":null,"aging_rate_65plus":null,"aging_rate_75plus":null,"population_status":"2","population_status_target":"503215044","population_aggregation_target":null,"age_65plus_missing":true,"age_75plus_missing":true,"age_quality_flag":"ok","data_completeness":"partial"}},{"type":"Feature","geometry":{"type":"Polygon","coordinates":[[[132.68125,33.42083333333334],[132.6875,33.42083333333334],[132.6875,33.42500000000001],[132.68125,33.42500000000001],[132.68125,33.42083333333334]]]},"properties":{"type":"Feature","mesh_id":"503215044","municipality_code":"38214","municipality":"西予市","total_population":19,"population_65plus":11,"population_75plus":9,"aging_rate_65plus":0.5789473684210527,"aging_rate_75plus":0.47368421052631576,"population_status":"1","population_status_target":null,"population_aggregation_target":"503215042","age_65plus_missing":false,"age_75plus_missing":false,"age_quality_flag":"ok","data_completeness":"complete"}},{"type":"Feature","geometry":{"type":"Polygon","coordinates":[[[132.6875,33.41666666666667],[132.69375,33.41666666666667],[132.69375,33.42083333333334],[132.6875,33.42083333333334],[132.6875,33.41666666666667]]]},"properties":{"type":"Feature","mesh_id":"503215051","municipality_code":"38214","municipality":"西予市","total_population":4,"population_65plus":null,"population_75plus":null,"aging_rate_65plus":null,"aging_rate_75plus":null,"population_status":"2","population_status_target":"503215052","population_aggregation_target":null,"age_65plus_missing":true,"age_75plus_missing":true,"age_quality_flag":"ok","data_completeness":"partial"}},{"type":"Feature","geometry":{"type":"Polygon","coordinates":[[[132.7,33.41666666666667],[132.70624999999998,33.41666666666667],[132.70624999999998,33.42083333333334],[132.7,33.42083333333334],[132.7,33.41666666666667]]]},"properties":{"type":"Feature","mesh_id":"503215061","municipality_code":"38214","municipality":"西予市","total_population":14,"population_65plus":6,"population_75plus":3,"aging_rate_65plus":0.42857142857142855,"aging_rate_75plus":0.21428571428571427,"population_status":"0","population_status_target":null,"population_aggregation_target":null,"age_65plus_missing":false,"age_75plus_missing":false,"age_quality_flag":"ok","data_completeness":"complete"}},{"type":"Feature","geometry":{"type":"Polygon","coordinates":[[[132.7125,33.42083333333334],[132.71875,33.42083333333334],[132.71875,33.42500000000001],[132.7125,33.42500000000001],[132.7125,33.42083333333334]]]},"properties":{"type":"Feature","mesh_id":"503215072","municipality_code":"38214","municipality":"西予市","total_population":12,"population_65plus":11,"population_75plus":5,"aging_rate_65plus":0.9166666666666666,"aging_rate_75plus":0.4166666666666667,"population_status":"1","population_status_target":null,"population_aggregation_target":"503215074","age_65plus_missing":false,"age_75plus_missing":false,"age_quality_flag":"ok","data_completeness":"complete"}},{"type":"Feature","geometry":{"type":"Polygon","coordinates":[[[132.71875,33.42083333333334],[132.725,33.42083333333334],[132.725,33.42500000000001],[132.71875,33.42500000000001],[132.71875,33.42083333333334]]]},"properties":{"type":"Feature","mesh_id":"503215074","municipality_code":"38214","municipality":"西予市","total_population":2,"population_65plus":null,"population_75plus":null,"aging_rate_65plus":null,"aging_rate_75plus":null,"population_status":"2","population_status_target":"503215072","population_aggregation_target":null,"age_65plus_missing":true,"age_75plus_missing":true,"age_quality_flag":"ok","data_completeness":"partial"}},{"type":"Feature","geometry":{"type":"Polygon","coordinates":[[[132.725,33.41666666666667],[132.73125,33.41666666666667],[132.73125,33.42083333333334],[132.725,33.42083333333334],[132.725,33.41666666666667]]]},"properties":{"type":"Feature","mesh_id":"503215081","municipality_code":"38214","municipality":"西予市","total_population":13,"population_65plus":8,"population_75plus":6,"aging_rate_65plus":0.6153846153846154,"aging_rate_75plus":0.46153846153846156,"population_status":"1","population_status_target":null,"population_aggregation_target":"503215084","age_65plus_missing":false,"age_75plus_missing":false,"age_quality_flag":"ok","data_completeness":"complete"}},{"type":"Feature","geometry":{"type":"Polygon","coordinates":[[[132.73125,33.42083333333334],[132.73749999999998,33.42083333333334],[132.73749999999998,33.42500000000001],[132.73125,33.42500000000001],[132.73125,33.42083333333334]]]},"properties":{"type":"Feature","mesh_id":"503215084","municipality_code":"38214","municipality":"西予市","total_population":4,"population_65plus":null,"population_75plus":null,"aging_rate_65plus":null,"aging_rate_75plus":null,"population_status":"2","population_status_target":"503215081","population_aggregation_target":null,"age_65plus_missing":true,"age_75plus_missing":true,"age_quality_flag":"ok","data_completeness":"partial"}},{"type":"Feature","geometry":{"type":"Polygon","coordinates":[[[132.7375,33.42083333333334],[132.74375,33.42083333333334],[132.74375,33.42500000000001],[132.7375,33.42500000000001],[132.7375,33.42083333333334]]]},"properties":{"type":"Feature","mesh_id":"503215092","municipality_code":"38214","municipality":"西予市","total_population":2,"population_65plus":null,"population_75plus":null,"aging_rate_65plus":null,"aging_rate_75plus":null,"population_status":"2","population_status_target":"503215192","population_aggregation_target":null,"age_65plus_missing":true,"age_75plus_missing":true,"age_quality_flag":"ok","data_completeness":"partial"}},{"type":"Feature","geometry":{"type":"Polygon","coordinates":[[[132.74375,33.42083333333334],[132.75,33.42083333333334],[132.75,33.42500000000001],[132.74375,33.42500000000001],[132.74375,33.42083333333334]]]},"properties":{"type":"Feature","mesh_id":"503215094","municipality_code":"38214","municipality":"西予市","total_population":2,"population_65plus":null,"population_75plus":null,"aging_rate_65plus":null,"aging_rate_75plus":null,"population_status":"2","population_status_target":"503215192","population_aggregation_target":null,"age_65plus_missing":true,"age_75plus_missing":true,"age_quality_flag":"ok","data_completeness":"partial"}},{"type":"Feature","geometry":{"type":"Polygon","coordinates":[[[132.625,33.425000000000004],[132.63125,33.425000000000004],[132.63125,33.429166666666674],[132.625,33.429166666666674],[132.625,33.425000000000004]]]},"properties":{"type":"Feature","mesh_id":"503215101","municipality_code":"38214","municipality":"西予市","total_population":16,"population_65plus":10,"population_75plus":4,"aging_rate_65plus":0.625,"aging_rate_75plus":0.25,"population_status":"1","population_status_target":null,"population_aggregation_target":"503215102","age_65plus_missing":false,"age_75plus_missing":false,"age_quality_flag":"ok","data_completeness":"complete"}},{"type":"Feature","geometry":{"type":"Polygon","coordinates":[[[132.625,33.429166666666674],[132.63125,33.429166666666674],[132.63125,33.433333333333344],[132.625,33.433333333333344],[132.625,33.429166666666674]]]},"properties":{"type":"Feature","mesh_id":"503215102","municipality_code":"38214","municipality":"西予市","total_population":4,"population_65plus":null,"population_75plus":null,"aging_rate_65plus":null,"aging_rate_75plus":null,"population_status":"2","population_status_target":"503215101","population_aggregation_target":null,"age_65plus_missing":true,"age_75plus_missing":true,"age_quality_flag":"ok","data_completeness":"partial"}},{"type":"Feature","geometry":{"type":"Polygon","coordinates":[[[132.7125,33.425000000000004],[132.71875,33.425000000000004],[132.71875,33.429166666666674],[132.7125,33.429166666666674],[132.7125,33.425000000000004]]]},"properties":{"type":"Feature","mesh_id":"503215171","municipality_code":"38214","municipality":"西予市","total_population":2,"population_65plus":null,"population_75plus":null,"aging_rate_65plus":null,"aging_rate_75plus":null,"population_status":"2","population_status_target":"503215172","population_aggregation_target":null,"age_65plus_missing":true,"age_75plus_missing":true,"age_quality_flag":"ok","data_completeness":"partial"}},{"type":"Feature","geometry":{"type":"Polygon","coordinates":[[[132.7125,33.429166666666674],[132.71875,33.429166666666674],[132.71875,33.433333333333344],[132.7125,33.433333333333344],[132.7125,33.429166666666674]]]},"properties":{"type":"Feature","mesh_id":"503215172","municipality_code":"38214","municipality":"西予市","total_population":23,"population_65plus":16,"population_75plus":10,"aging_rate_65plus":0.6956521739130435,"aging_rate_75plus":0.43478260869565216,"population_status":"1","population_status_target":null,"population_aggregation_target":"503215171","age_65plus_missing":false,"age_75plus_missing":false,"age_quality_flag":"ok","data_completeness":"complete"}},{"type":"Feature","geometry":{"type":"Polygon","coordinates":[[[132.71875,33.425000000000004],[132.725,33.425000000000004],[132.725,33.429166666666674],[132.71875,33.429166666666674],[132.71875,33.425000000000004]]]},"properties":{"type":"Feature","mesh_id":"503215173","municipality_code":"38214","municipality":"西予市","total_population":11,"population_65plus":null,"population_75plus":null,"aging_rate_65plus":null,"aging_rate_75plus":null,"population_status":"2","population_status_target":"503215174","population_aggregation_target":null,"age_65plus_missing":true,"age_75plus_missing":true,"age_quality_flag":"ok","data_completeness":"partial"}},{"type":"Feature","geometry":{"type":"Polygon","coordinates":[[[132.71875,33.429166666666674],[132.725,33.429166666666674],[132.725,33.433333333333344],[132.71875,33.433333333333344],[132.71875,33.429166666666674]]]},"properties":{"type":"Feature","mesh_id":"503215174","municipality_code":"38214","municipality":"西予市","total_population":3,"population_65plus":null,"population_75plus":null,"aging_rate_65plus":null,"aging_rate_75plus":null,"population_status":"1","population_status_target":null,"population_aggregation_target":"503215173","age_65plus_missing":true,"age_75plus_missing":true,"age_quality_flag":"inconsistent_with_total","data_completeness":"partial"}},{"type":"Feature","geometry":{"type":"Polygon","coordinates":[[[132.725,33.425000000000004],[132.73125,33.425000000000004],[132.73125,33.429166666666674],[132.725,33.429166666666674],[132.725,33.425000000000004]]]},"properties":{"type":"Feature","mesh_id":"503215181","municipality_code":"38214","municipality":"西予市","total_population":9,"population_65plus":6,"population_75plus":2,"aging_rate_65plus":0.6666666666666666,"aging_rate_75plus":0.2222222222222222,"population_status":"0","population_status_target":null,"population_aggregation_target":null,"age_65plus_missing":false,"age_75plus_missing":false,"age_quality_flag":"ok","data_completeness":"complete"}},{"type":"Feature","geometry":{"type":"Polygon","coordinates":[[[132.725,33.429166666666674],[132.73125,33.429166666666674],[132.73125,33.433333333333344],[132.725,33.433333333333344],[132.725,33.429166666666674]]]},"properties":{"type":"Feature","mesh_id":"503215182","municipality_code":"38214","municipality":"西予市","total_population":11,"population_65plus":8,"population_75plus":6,"aging_rate_65plus":0.7272727272727273,"aging_rate_75plus":0.5454545454545454,"population_status":"0","population_status_target":null,"population_aggregation_target":null,"age_65plus_missing":false,"age_75plus_missing":false,"age_quality_flag":"ok","data_completeness":"complete"}},{"type":"Feature","geometry":{"type":"Polygon","coordinates":[[[132.73125,33.425000000000004],[132.73749999999998,33.425000000000004],[132.73749999999998,33.429166666666674],[132.73125,33.429166666666674],[132.73125,33.425000000000004]]]},"properties":{"type":"Feature","mesh_id":"503215183","municipality_code":"38214","municipality":"西予市","total_population":8,"population_65plus":null,"population_75plus":null,"aging_rate_65plus":null,"aging_rate_75plus":null,"population_status":"2","population_status_target":"503215184","population_aggregation_target":null,"age_65plus_missing":true,"age_75plus_missing":true,"age_quality_flag":"ok","data_completeness":"partial"}},{"type":"Feature","geometry":{"type":"Polygon","coordinates":[[[132.73125,33.429166666666674],[132.73749999999998,33.429166666666674],[132.73749999999998,33.433333333333344],[132.73125,33.433333333333344],[132.73125,33.429166666666674]]]},"properties":{"type":"Feature","mesh_id":"503215184","municipality_code":"38214","municipality":"西予市","total_population":8,"population_65plus":7,"population_75plus":2,"aging_rate_65plus":0.875,"aging_rate_75plus":0.25,"population_status":"1","population_status_target":null,"population_aggregation_target":"503215183","age_65plus_missing":false,"age_75plus_missing":false,"age_quality_flag":"ok","data_completeness":"complete"}},{"type":"Feature","geometry":{"type":"Polygon","coordinates":[[[132.7375,33.429166666666674],[132.74375,33.429166666666674],[132.74375,33.433333333333344],[132.7375,33.433333333333344],[132.7375,33.429166666666674]]]},"properties":{"type":"Feature","mesh_id":"503215192","municipality_code":"38214","municipality":"西予市","total_population":24,"population_65plus":17,"population_75plus":14,"aging_rate_65plus":0.7083333333333334,"aging_rate_75plus":0.5833333333333334,"population_status":"1","population_status_target":null,"population_aggregation_target":"503215092;503215094;503215292","age_65plus_missing":false,"age_75plus_missing":false,"age_quality_flag":"ok","data_completeness":"complete"}},{"type":"Feature","geometry":{"type":"Polygon","coordinates":[[[132.7375,33.43750000000001],[132.74375,33.43750000000001],[132.74375,33.44166666666668],[132.7375,33.44166666666668],[132.7375,33.43750000000001]]]},"properties":{"type":"Feature","mesh_id":"503215292","municipality_code":"38214","municipality":"西予市","total_population":2,"population_65plus":null,"population_75plus":null,"aging_rate_65plus":null,"aging_rate_75plus":null,"population_status":"2","population_status_target":"503215192","population_aggregation_target":null,"age_65plus_missing":true,"age_75plus_missing":true,"age_quality_flag":"ok","data_completeness":"partial"}},{"type":"Feature","geometry":{"type":"Polygon","coordinates":[[[132.7125,33.44583333333334],[132.71875,33.44583333333334],[132.71875,33.45000000000001],[132.7125,33.45000000000001],[132.7125,33.44583333333334]]]},"properties":{"type":"Feature","mesh_id":"503215372","municipality_code":"38214","municipality":"西予市","total_population":2,"population_65plus":null,"population_75plus":null,"aging_rate_65plus":null,"aging_rate_75plus":null,"population_status":"1","population_status_target":null,"population_aggregation_target":"503215374","age_65plus_missing":true,"age_75plus_missing":true,"age_quality_flag":"inconsistent_with_total","data_completeness":"partial"}},{"type":"Feature","geometry":{"type":"Polygon","coordinates":[[[132.71875,33.44583333333334],[132.725,33.44583333333334],[132.725,33.45000000000001],[132.71875,33.45000000000001],[132.71875,33.44583333333334]]]},"properties":{"type":"Feature","mesh_id":"503215374","municipality_code":"38214","municipality":"西予市","total_population":10,"population_65plus":null,"population_75plus":null,"aging_rate_65plus":null,"aging_rate_75plus":null,"population_status":"2","population_status_target":"503215372","population_aggregation_target":null,"age_65plus_missing":true,"age_75plus_missing":true,"age_quality_flag":"ok","data_completeness":"partial"}},{"type":"Feature","geometry":{"type":"Polygon","coordinates":[[[132.725,33.44166666666667],[132.73125,33.44166666666667],[132.73125,33.44583333333334],[132.725,33.44583333333334],[132.725,33.44166666666667]]]},"properties":{"type":"Feature","mesh_id":"503215381","municipality_code":"38214","municipality":"西予市","total_population":11,"population_65plus":null,"population_75plus":null,"aging_rate_65plus":null,"aging_rate_75plus":null,"population_status":"2","population_status_target":"503215383","population_aggregation_target":null,"age_65plus_missing":true,"age_75plus_missing":true,"age_quality_flag":"ok","data_completeness":"partial"}},{"type":"Feature","geometry":{"type":"Polygon","coordinates":[[[132.73125,33.44166666666667],[132.73749999999998,33.44166666666667],[132.73749999999998,33.44583333333334],[132.73125,33.44583333333334],[132.73125,33.44166666666667]]]},"properties":{"type":"Feature","mesh_id":"503215383","municipality_code":"38214","municipality":"西予市","total_population":3,"population_65plus":null,"population_75plus":null,"aging_rate_65plus":null,"aging_rate_75plus":null,"population_status":"1","population_status_target":null,"population_aggregation_target":"503215381;503215481;503215482;503215492","age_65plus_missing":true,"age_75plus_missing":true,"age_quality_flag":"inconsistent_with_total","data_completeness":"partial"}},{"type":"Feature","geometry":{"type":"Polygon","coordinates":[[[132.725,33.45],[132.73125,33.45],[132.73125,33.45416666666667],[132.725,33.45416666666667],[132.725,33.45]]]},"properties":{"type":"Feature","mesh_id":"503215481","municipality_code":"38214","municipality":"西予市","total_population":1,"population_65plus":null,"population_75plus":null,"aging_rate_65plus":null,"aging_rate_75plus":null,"population_status":"2","population_status_target":"503215383","population_aggregation_target":null,"age_65plus_missing":true,"age_75plus_missing":true,"age_quality_flag":"ok","data_completeness":"partial"}},{"type":"Feature","geometry":{"type":"Polygon","coordinates":[[[132.75,33.42083333333334],[132.75625,33.42083333333334],[132.75625,33.42500000000001],[132.75,33.42500000000001],[132.75,33.42083333333334]]]},"properties":{"type":"Feature","mesh_id":"503216002","municipality_code":"38214","municipality":"西予市","total_population":7,"population_65plus":null,"population_75plus":null,"aging_rate_65plus":null,"aging_rate_75plus":null,"population_status":"2","population_status_target":"503216004","population_aggregation_target":null,"age_65plus_missing":true,"age_75plus_missing":true,"age_quality_flag":"ok","data_completeness":"partial"}},{"type":"Feature","geometry":{"type":"Polygon","coordinates":[[[132.75625,33.42083333333334],[132.7625,33.42083333333334],[132.7625,33.42500000000001],[132.75625,33.42500000000001],[132.75625,33.42083333333334]]]},"properties":{"type":"Feature","mesh_id":"503216004","municipality_code":"38214","municipality":"西予市","total_population":11,"population_65plus":null,"population_75plus":null,"aging_rate_65plus":null,"aging_rate_75plus":null,"population_status":"1","population_status_target":null,"population_aggregation_target":"503216002","age_65plus_missing":true,"age_75plus_missing":true,"age_quality_flag":"inconsistent_with_total","data_completeness":"partial"}},{"type":"Feature","geometry":{"type":"Polygon","coordinates":[[[132.76874999999998,33.41666666666667],[132.77499999999998,33.41666666666667],[132.77499999999998,33.42083333333334],[132.76874999999998,33.42083333333334],[132.76874999999998,33.41666666666667]]]},"properties":{"type":"Feature","mesh_id":"503216013","municipality_code":"38214","municipality":"西予市","total_population":9,"population_65plus":null,"population_75plus":null,"aging_rate_65plus":null,"aging_rate_75plus":null,"population_status":"2","population_status_target":"503216014","population_aggregation_target":null,"age_65plus_missing":true,"age_75plus_missing":true,"age_quality_flag":"ok","data_completeness":"partial"}},{"type":"Feature","geometry":{"type":"Polygon","coordinates":[[[132.76874999999998,33.42083333333334],[132.77499999999998,33.42083333333334],[132.77499999999998,33.42500000000001],[132.76874999999998,33.42500000000001],[132.76874999999998,33.42083333333334]]]},"properties":{"type":"Feature","mesh_id":"503216014","municipality_code":"38214","municipality":"西予市","total_population":4,"population_65plus":null,"population_75plus":null,"aging_rate_65plus":null,"aging_rate_75plus":null,"population_status":"1","population_status_target":null,"population_aggregation_target":"503216013;503216031;503216033","age_65plus_missing":true,"age_75plus_missing":true,"age_quality_flag":"inconsistent_with_total","data_completeness":"partial"}},{"type":"Feature","geometry":{"type":"Polygon","coordinates":[[[132.7875,33.41666666666667],[132.79375,33.41666666666667],[132.79375,33.42083333333334],[132.7875,33.42083333333334],[132.7875,33.41666666666667]]]},"properties":{"type":"Feature","mesh_id":"503216031","municipality_code":"38214","municipality":"西予市","total_population":2,"population_65plus":null,"population_75plus":null,"aging_rate_65plus":null,"aging_rate_75plus":null,"population_status":"2","population_status_target":"503216014","population_aggregation_target":null,"age_65plus_missing":true,"age_75plus_missing":true,"age_quality_flag":"ok","data_completeness":"partial"}},{"type":"Feature","geometry":{"type":"Polygon","coordinates":[[[132.79375,33.41666666666667],[132.79999999999998,33.41666666666667],[132.79999999999998,33.42083333333334],[132.79375,33.42083333333334],[132.79375,33.41666666666667]]]},"properties":{"type":"Feature","mesh_id":"503216033","municipality_code":"38214","municipality":"西予市","total_population":1,"population_65plus":null,"population_75plus":null,"aging_rate_65plus":null,"aging_rate_75plus":null,"population_status":"2","population_status_target":"503216014","population_aggregation_target":null,"age_65plus_missing":true,"age_75plus_missing":true,"age_quality_flag":"ok","data_completeness":"partial"}},{"type":"Feature","geometry":{"type":"Polygon","coordinates":[[[132.80625,33.41666666666667],[132.8125,33.41666666666667],[132.8125,33.42083333333334],[132.80625,33.42083333333334],[132.80625,33.41666666666667]]]},"properties":{"type":"Feature","mesh_id":"503216043","municipality_code":"38214","municipality":"西予市","total_population":3,"population_65plus":null,"population_75plus":null,"aging_rate_65plus":null,"aging_rate_75plus":null,"population_status":"2","population_status_target":"503216233","population_aggregation_target":null,"age_65plus_missing":true,"age_75plus_missing":true,"age_quality_flag":"ok","data_completeness":"partial"}},{"type":"Feature","geometry":{"type":"Polygon","coordinates":[[[132.8125,33.41666666666667],[132.81875,33.41666666666667],[132.81875,33.42083333333334],[132.8125,33.42083333333334],[132.8125,33.41666666666667]]]},"properties":{"type":"Feature","mesh_id":"503216051","municipality_code":"38214","municipality":"西予市","total_population":3,"population_65plus":null,"population_75plus":null,"aging_rate_65plus":null,"aging_rate_75plus":null,"population_status":"2","population_status_target":"503216173","population_aggregation_target":null,"age_65plus_missing":true,"age_75plus_missing":true,"age_quality_flag":"ok","data_completeness":"partial"}},{"type":"Feature","geometry":{"type":"Polygon","coordinates":[[[132.75,33.429166666666674],[132.75625,33.429166666666674],[132.75625,33.433333333333344],[132.75,33.433333333333344],[132.75,33.429166666666674]]]},"properties":{"type":"Feature","mesh_id":"503216102","municipality_code":"38214","municipality":"西予市","total_population":27,"population_65plus":20,"population_75plus":10,"aging_rate_65plus":0.7407407407407407,"aging_rate_75plus":0.37037037037037035,"population_status":"1","population_status_target":null,"population_aggregation_target":"503216104","age_65plus_missing":false,"age_75plus_missing":false,"age_quality_flag":"ok","data_completeness":"complete"}},{"type":"Feature","geometry":{"type":"Polygon","coordinates":[[[132.75625,33.429166666666674],[132.7625,33.429166666666674],[132.7625,33.433333333333344],[132.75625,33.433333333333344],[132.75625,33.429166666666674]]]},"properties":{"type":"Feature","mesh_id":"503216104","municipality_code":"38214","municipality":"西予市","total_population":1,"population_65plus":null,"population_75plus":null,"aging_rate_65plus":null,"aging_rate_75plus":null,"population_status":"2","population_status_target":"503216102","population_aggregation_target":null,"age_65plus_missing":true,"age_75plus_missing":true,"age_quality_flag":"ok","data_completeness":"partial"}},{"type":"Feature","geometry":{"type":"Polygon","coordinates":[[[132.7625,33.425000000000004],[132.76874999999998,33.425000000000004],[132.76874999999998,33.429166666666674],[132.7625,33.429166666666674],[132.7625,33.425000000000004]]]},"properties":{"type":"Feature","mesh_id":"503216111","municipality_code":"38214","municipality":"西予市","total_population":15,"population_65plus":8,"population_75plus":4,"aging_rate_65plus":0.5333333333333333,"aging_rate_75plus":0.26666666666666666,"population_status":"0","population_status_target":null,"population_aggregation_target":null,"age_65plus_missing":false,"age_75plus_missing":false,"age_quality_flag":"ok","data_completeness":"complete"}},{"type":"Feature","geometry":{"type":"Polygon","coordinates":[[[132.76874999999998,33.425000000000004],[132.77499999999998,33.425000000000004],[132.77499999999998,33.429166666666674],[132.76874999999998,33.429166666666674],[132.76874999999998,33.425000000000004]]]},"properties":{"type":"Feature","mesh_id":"503216113","municipality_code":"38214","municipality":"西予市","total_population":5,"population_65plus":null,"population_75plus":null,"aging_rate_65plus":null,"aging_rate_75plus":null,"population_status":"2","population_status_target":"503216114","population_aggregation_target":null,"age_65plus_missing":true,"age_75plus_missing":true,"age_quality_flag":"ok","data_completeness":"partial"}},{"type":"Feature","geometry":{"type":"Polygon","coordinates":[[[132.76874999999998,33.429166666666674],[132.77499999999998,33.429166666666674],[132.77499999999998,33.433333333333344],[132.76874999999998,33.433333333333344],[132.76874999999998,33.429166666666674]]]},"properties":{"type":"Feature","mesh_id":"503216114","municipality_code":"38214","municipality":"西予市","total_population":6,"population_65plus":4,"population_75plus":1,"aging_rate_65plus":0.6666666666666666,"aging_rate_75plus":0.16666666666666666,"population_status":"1","population_status_target":null,"population_aggregation_target":"503216113","age_65plus_missing":false,"age_75plus_missing":false,"age_quality_flag":"ok","data_completeness":"complete"}},{"type":"Feature","geometry":{"type":"Polygon","coordinates":[[[132.775,33.425000000000004],[132.78125,33.425000000000004],[132.78125,33.429166666666674],[132.775,33.429166666666674],[132.775,33.425000000000004]]]},"properties":{"type":"Feature","mesh_id":"503216121","municipality_code":"38214","municipality":"西予市","total_population":8,"population_65plus":null,"population_75plus":null,"aging_rate_65plus":null,"aging_rate_75plus":null,"population_status":"1","population_status_target":null,"population_aggregation_target":"503216123;503216132","age_65plus_missing":true,"age_75plus_missing":true,"age_quality_flag":"inconsistent_with_total","data_completeness":"partial"}},{"type":"Feature","geometry":{"type":"Polygon","coordinates":[[[132.78125,33.425000000000004],[132.7875,33.425000000000004],[132.7875,33.429166666666674],[132.78125,33.429166666666674],[132.78125,33.425000000000004]]]},"properties":{"type":"Feature","mesh_id":"503216123","municipality_code":"38214","municipality":"西予市","total_population":7,"population_65plus":null,"population_75plus":null,"aging_rate_65plus":null,"aging_rate_75plus":null,"population_status":"2","population_status_target":"503216121","population_aggregation_target":null,"age_65plus_missing":true,"age_75plus_missing":true,"age_quality_flag":"ok","data_completeness":"partial"}},{"type":"Feature","geometry":{"type":"Polygon","coordinates":[[[132.7875,33.429166666666674],[132.79375,33.429166666666674],[132.79375,33.433333333333344],[132.7875,33.433333333333344],[132.7875,33.429166666666674]]]},"properties":{"type":"Feature","mesh_id":"503216132","municipality_code":"38214","municipality":"西予市","total_population":4,"population_65plus":null,"population_75plus":null,"aging_rate_65plus":null,"aging_rate_75plus":null,"population_status":"2","population_status_target":"503216121","population_aggregation_target":null,"age_65plus_missing":true,"age_75plus_missing":true,"age_quality_flag":"ok","data_completeness":"partial"}},{"type":"Feature","geometry":{"type":"Polygon","coordinates":[[[132.7625,33.43333333333334],[132.76874999999998,33.43333333333334],[132.76874999999998,33.43750000000001],[132.7625,33.43750000000001],[132.7625,33.43333333333334]]]},"properties":{"type":"Feature","mesh_id":"503216211","municipality_code":"38214","municipality":"西予市","total_population":12,"population_65plus":6,"population_75plus":3,"aging_rate_65plus":0.5,"aging_rate_75plus":0.25,"population_status":"0","population_status_target":null,"population_aggregation_target":null,"age_65plus_missing":false,"age_75plus_missing":false,"age_quality_flag":"ok","data_completeness":"complete"}},{"type":"Feature","geometry":{"type":"Polygon","coordinates":[[[132.7625,33.43750000000001],[132.76874999999998,33.43750000000001],[132.76874999999998,33.44166666666668],[132.7625,33.44166666666668],[132.7625,33.43750000000001]]]},"properties":{"type":"Feature","mesh_id":"503216212","municipality_code":"38214","municipality":"西予市","total_population":8,"population_65plus":4,"population_75plus":1,"aging_rate_65plus":0.5,"aging_rate_75plus":0.125,"population_status":"0","population_status_target":null,"population_aggregation_target":null,"age_65plus_missing":false,"age_75plus_missing":false,"age_quality_flag":"ok","data_completeness":"complete"}},{"type":"Feature","geometry":{"type":"Polygon","coordinates":[[[132.775,33.43333333333334],[132.78125,33.43333333333334],[132.78125,33.43750000000001],[132.775,33.43750000000001],[132.775,33.43333333333334]]]},"properties":{"type":"Feature","mesh_id":"503216221","municipality_code":"38214","municipality":"西予市","total_population":17,"population_65plus":5,"population_75plus":5,"aging_rate_65plus":0.29411764705882354,"aging_rate_75plus":0.29411764705882354,"population_status":"1","population_status_target":null,"population_aggregation_target":"503216222","age_65plus_missing":false,"age_75plus_missing":false,"age_quality_flag":"ok","data_completeness":"complete"}},{"type":"Feature","geometry":{"type":"Polygon","coordinates":[[[132.775,33.43750000000001],[132.78125,33.43750000000001],[132.78125,33.44166666666668],[132.775,33.44166666666668],[132.775,33.43750000000001]]]},"properties":{"type":"Feature","mesh_id":"503216222","municipality_code":"38214","municipality":"西予市","total_population":4,"population_65plus":null,"population_75plus":null,"aging_rate_65plus":null,"aging_rate_75plus":null,"population_status":"2","population_status_target":"503216221","population_aggregation_target":null,"age_65plus_missing":true,"age_75plus_missing":true,"age_quality_flag":"ok","data_completeness":"partial"}},{"type":"Feature","geometry":{"type":"Polygon","coordinates":[[[132.78125,33.43750000000001],[132.7875,33.43750000000001],[132.7875,33.44166666666668],[132.78125,33.44166666666668],[132.78125,33.43750000000001]]]},"properties":{"type":"Feature","mesh_id":"503216224","municipality_code":"38214","municipality":"西予市","total_population":18,"population_65plus":10,"population_75plus":9,"aging_rate_65plus":0.5555555555555556,"aging_rate_75plus":0.5,"population_status":"0","population_status_target":null,"population_aggregation_target":null,"age_65plus_missing":false,"age_75plus_missing":false,"age_quality_flag":"ok","data_completeness":"complete"}},{"type":"Feature","geometry":{"type":"Polygon","coordinates":[[[132.7875,33.43333333333334],[132.79375,33.43333333333334],[132.79375,33.43750000000001],[132.7875,33.43750000000001],[132.7875,33.43333333333334]]]},"properties":{"type":"Feature","mesh_id":"503216231","municipality_code":"38214","municipality":"西予市","total_population":4,"population_65plus":null,"population_75plus":null,"aging_rate_65plus":null,"aging_rate_75plus":null,"population_status":"2","population_status_target":"503216233","population_aggregation_target":null,"age_65plus_missing":true,"age_75plus_missing":true,"age_quality_flag":"ok","data_completeness":"partial"}},{"type":"Feature","geometry":{"type":"Polygon","coordinates":[[[132.79375,33.43333333333334],[132.79999999999998,33.43333333333334],[132.79999999999998,33.43750000000001],[132.79375,33.43750000000001],[132.79375,33.43333333333334]]]},"properties":{"type":"Feature","mesh_id":"503216233","municipality_code":"38214","municipality":"西予市","total_population":25,"population_65plus":19,"population_75plus":12,"aging_rate_65plus":0.76,"aging_rate_75plus":0.48,"population_status":"1","population_status_target":null,"population_aggregation_target":"503216043;503216231","age_65plus_missing":false,"age_75plus_missing":false,"age_quality_flag":"ok","data_completeness":"complete"}},{"type":"Feature","geometry":{"type":"Polygon","coordinates":[[[132.80625,33.43333333333334],[132.8125,33.43333333333334],[132.8125,33.43750000000001],[132.80625,33.43750000000001],[132.80625,33.43333333333334]]]},"properties":{"type":"Feature","mesh_id":"503216243","municipality_code":"38214","municipality":"西予市","total_population":11,"population_65plus":7,"population_75plus":5,"aging_rate_65plus":0.6363636363636364,"aging_rate_75plus":0.45454545454545453,"population_status":"0","population_status_target":null,"population_aggregation_target":null,"age_65plus_missing":false,"age_75plus_missing":false,"age_quality_flag":"ok","data_completeness":"complete"}},{"type":"Feature","geometry":{"type":"Polygon","coordinates":[[[132.80625,33.43750000000001],[132.8125,33.43750000000001],[132.8125,33.44166666666668],[132.80625,33.44166666666668],[132.80625,33.43750000000001]]]},"properties":{"type":"Feature","mesh_id":"503216244","municipality_code":"38214","municipality":"西予市","total_population":13,"population_65plus":6,"population_75plus":2,"aging_rate_65plus":0.46153846153846156,"aging_rate_75plus":0.15384615384615385,"population_status":"0","population_status_target":null,"population_aggregation_target":null,"age_65plus_missing":false,"age_75plus_missing":false,"age_quality_flag":"ok","data_completeness":"complete"}},{"type":"Feature","geometry":{"type":"Polygon","coordinates":[[[132.75,33.44166666666667],[132.75625,33.44166666666667],[132.75625,33.44583333333334],[132.75,33.44583333333334],[132.75,33.44166666666667]]]},"properties":{"type":"Feature","mesh_id":"503216301","municipality_code":"38214","municipality":"西予市","total_population":5,"population_65plus":null,"population_75plus":null,"aging_rate_65plus":null,"aging_rate_75plus":null,"population_status":"1","population_status_target":null,"population_aggregation_target":"503216303","age_65plus_missing":true,"age_75plus_missing":true,"age_quality_flag":"inconsistent_with_total","data_completeness":"partial"}},{"type":"Feature","geometry":{"type":"Polygon","coordinates":[[[132.75625,33.44166666666667],[132.7625,33.44166666666667],[132.7625,33.44583333333334],[132.75625,33.44583333333334],[132.75625,33.44166666666667]]]},"properties":{"type":"Feature","mesh_id":"503216303","municipality_code":"38214","municipality":"西予市","total_population":8,"population_65plus":null,"population_75plus":null,"aging_rate_65plus":null,"aging_rate_75plus":null,"population_status":"2","population_status_target":"503216301","population_aggregation_target":null,"age_65plus_missing":true,"age_75plus_missing":true,"age_quality_flag":"ok","data_completeness":"partial"}},{"type":"Feature","geometry":{"type":"Polygon","coordinates":[[[132.75625,33.45],[132.7625,33.45],[132.7625,33.45416666666667],[132.75625,33.45416666666667],[132.75625,33.45]]]},"properties":{"type":"Feature","mesh_id":"503216403","municipality_code":"38214","municipality":"西予市","total_population":2,"population_65plus":null,"population_75plus":null,"aging_rate_65plus":null,"aging_rate_75plus":null,"population_status":"2","population_status_target":"503216502","population_aggregation_target":null,"age_65plus_missing":true,"age_75plus_missing":true,"age_quality_flag":"ok","data_completeness":"partial"}},{"type":"Feature","geometry":{"type":"Polygon","coordinates":[[[132.75625,33.45416666666667],[132.7625,33.45416666666667],[132.7625,33.45833333333334],[132.75625,33.45833333333334],[132.75625,33.45416666666667]]]},"properties":{"type":"Feature","mesh_id":"503216404","municipality_code":"38214","municipality":"西予市","total_population":5,"population_65plus":null,"population_75plus":null,"aging_rate_65plus":null,"aging_rate_75plus":null,"population_status":"2","population_status_target":"503216502","population_aggregation_target":null,"age_65plus_missing":true,"age_75plus_missing":true,"age_quality_flag":"ok","data_completeness":"partial"}},{"type":"Feature","geometry":{"type":"Polygon","coordinates":[[[132.76874999999998,33.45416666666667],[132.77499999999998,33.45416666666667],[132.77499999999998,33.45833333333334],[132.76874999999998,33.45833333333334],[132.76874999999998,33.45416666666667]]]},"properties":{"type":"Feature","mesh_id":"503216414","municipality_code":"38214","municipality":"西予市","total_population":17,"population_65plus":null,"population_75plus":null,"aging_rate_65plus":null,"aging_rate_75plus":null,"population_status":"1","population_status_target":null,"population_aggregation_target":"503216512","age_65plus_missing":true,"age_75plus_missing":true,"age_quality_flag":"inconsistent_with_total","data_completeness":"partial"}},{"type":"Feature","geometry":{"type":"Polygon","coordinates":[[[132.78125,33.45],[132.7875,33.45],[132.7875,33.45416666666667],[132.78125,33.45416666666667],[132.78125,33.45]]]},"properties":{"type":"Feature","mesh_id":"503216423","municipality_code":"38214","municipality":"西予市","total_population":11,"population_65plus":6,"population_75plus":4,"aging_rate_65plus":0.5454545454545454,"aging_rate_75plus":0.36363636363636365,"population_status":"0","population_status_target":null,"population_aggregation_target":null,"age_65plus_missing":false,"age_75plus_missing":false,"age_quality_flag":"ok","data_completeness":"complete"}},{"type":"Feature","geometry":{"type":"Polygon","coordinates":[[[132.75,33.458333333333336],[132.75625,33.458333333333336],[132.75625,33.462500000000006],[132.75,33.462500000000006],[132.75,33.458333333333336]]]},"properties":{"type":"Feature","mesh_id":"503216501","municipality_code":"38214","municipality":"西予市","total_population":4,"population_65plus":null,"population_75plus":null,"aging_rate_65plus":null,"aging_rate_75plus":null,"population_status":"2","population_status_target":"503216502","population_aggregation_target":null,"age_65plus_missing":true,"age_75plus_missing":true,"age_quality_flag":"ok","data_completeness":"partial"}},{"type":"Feature","geometry":{"type":"Polygon","coordinates":[[[132.75,33.462500000000006],[132.75625,33.462500000000006],[132.75625,33.466666666666676],[132.75,33.466666666666676],[132.75,33.462500000000006]]]},"properties":{"type":"Feature","mesh_id":"503216502","municipality_code":"38214","municipality":"西予市","total_population":11,"population_65plus":null,"population_75plus":null,"aging_rate_65plus":null,"aging_rate_75plus":null,"population_status":"1","population_status_target":null,"population_aggregation_target":"503216403;503216404;503216501","age_65plus_missing":true,"age_75plus_missing":true,"age_quality_flag":"inconsistent_with_total","data_completeness":"partial"}},{"type":"Feature","geometry":{"type":"Polygon","coordinates":[[[132.7625,33.462500000000006],[132.76874999999998,33.462500000000006],[132.76874999999998,33.466666666666676],[132.7625,33.466666666666676],[132.7625,33.462500000000006]]]},"properties":{"type":"Feature","mesh_id":"503216512","municipality_code":"38214","municipality":"西予市","total_population":6,"population_65plus":null,"population_75plus":null,"aging_rate_65plus":null,"aging_rate_75plus":null,"population_status":"2","population_status_target":"503216414","population_aggregation_target":null,"age_65plus_missing":true,"age_75plus_missing":true,"age_quality_flag":"ok","data_completeness":"partial"}},{"type":"Feature","geometry":{"type":"Polygon","coordinates":[[[132.78125,33.458333333333336],[132.7875,33.458333333333336],[132.7875,33.462500000000006],[132.78125,33.462500000000006],[132.78125,33.458333333333336]]]},"properties":{"type":"Feature","mesh_id":"503216523","municipality_code":"38214","municipality":"西予市","total_population":2,"population_65plus":null,"population_75plus":null,"aging_rate_65plus":null,"aging_rate_75plus":null,"population_status":"2","population_status_target":"503216612","population_aggregation_target":null,"age_65plus_missing":true,"age_75plus_missing":true,"age_quality_flag":"ok","data_completeness":"partial"}},{"type":"Feature","geometry":{"type":"Polygon","coordinates":[[[132.78125,33.462500000000006],[132.7875,33.462500000000006],[132.7875,33.466666666666676],[132.78125,33.466666666666676],[132.78125,33.462500000000006]]]},"properties":{"type":"Feature","mesh_id":"503216524","municipality_code":"38214","municipality":"西予市","total_population":3,"population_65plus":null,"population_75plus":null,"aging_rate_65plus":null,"aging_rate_75plus":null,"population_status":"2","population_status_target":"503216612","population_aggregation_target":null,"age_65plus_missing":true,"age_75plus_missing":true,"age_quality_flag":"ok","data_completeness":"partial"}},{"type":"Feature","geometry":{"type":"Polygon","coordinates":[[[132.8125,33.462500000000006],[132.81875,33.462500000000006],[132.81875,33.466666666666676],[132.8125,33.466666666666676],[132.8125,33.462500000000006]]]},"properties":{"type":"Feature","mesh_id":"503216552","municipality_code":"38214","municipality":"西予市","total_population":10,"population_65plus":7,"population_75plus":6,"aging_rate_65plus":0.7,"aging_rate_75plus":0.6,"population_status":"0","population_status_target":null,"population_aggregation_target":null,"age_65plus_missing":false,"age_75plus_missing":false,"age_quality_flag":"ok","data_completeness":"complete"}},{"type":"Feature","geometry":{"type":"Polygon","coordinates":[[[132.7625,33.47083333333334],[132.76874999999998,33.47083333333334],[132.76874999999998,33.47500000000001],[132.7625,33.47500000000001],[132.7625,33.47083333333334]]]},"properties":{"type":"Feature","mesh_id":"503216612","municipality_code":"38214","municipality":"西予市","total_population":9,"population_65plus":null,"population_75plus":null,"aging_rate_65plus":null,"aging_rate_75plus":null,"population_status":"1","population_status_target":null,"population_aggregation_target":"503216523;503216524","age_65plus_missing":true,"age_75plus_missing":true,"age_quality_flag":"inconsistent_with_total","data_completeness":"partial"}},{"type":"Feature","geometry":{"type":"Polygon","coordinates":[[[132.775,33.46666666666667],[132.78125,33.46666666666667],[132.78125,33.47083333333334],[132.775,33.47083333333334],[132.775,33.46666666666667]]]},"properties":{"type":"Feature","mesh_id":"503216621","municipality_code":"38214","municipality":"西予市","total_population":8,"population_65plus":8,"population_75plus":3,"aging_rate_65plus":1.0,"aging_rate_75plus":0.375,"population_status":"0","population_status_target":null,"population_aggregation_target":null,"age_65plus_missing":false,"age_75plus_missing":false,"age_quality_flag":"ok","data_completeness":"complete"}},{"type":"Feature","geometry":{"type":"Polygon","coordinates":[[[132.775,33.47083333333334],[132.78125,33.47083333333334],[132.78125,33.47500000000001],[132.775,33.47500000000001],[132.775,33.47083333333334]]]},"properties":{"type":"Feature","mesh_id":"503216622","municipality_code":"38214","municipality":"西予市","total_population":4,"population_65plus":null,"population_75plus":null,"aging_rate_65plus":null,"aging_rate_75plus":null,"population_status":"2","population_status_target":"503216624","population_aggregation_target":null,"age_65plus_missing":true,"age_75plus_missing":true,"age_quality_flag":"ok","data_completeness":"partial"}},{"type":"Feature","geometry":{"type":"Polygon","coordinates":[[[132.78125,33.47083333333334],[132.7875,33.47083333333334],[132.7875,33.47500000000001],[132.78125,33.47500000000001],[132.78125,33.47083333333334]]]},"properties":{"type":"Feature","mesh_id":"503216624","municipality_code":"38214","municipality":"西予市","total_population":23,"population_65plus":15,"population_75plus":9,"aging_rate_65plus":0.6521739130434783,"aging_rate_75plus":0.391304347826087,"population_status":"1","population_status_target":null,"population_aggregation_target":"503216622","age_65plus_missing":false,"age_75plus_missing":false,"age_quality_flag":"ok","data_completeness":"complete"}},{"type":"Feature","geometry":{"type":"Polygon","coordinates":[[[132.7875,33.46666666666667],[132.79375,33.46666666666667],[132.79375,33.47083333333334],[132.7875,33.47083333333334],[132.7875,33.46666666666667]]]},"properties":{"type":"Feature","mesh_id":"503216631","municipality_code":"38214","municipality":"西予市","total_population":1,"population_65plus":null,"population_75plus":null,"aging_rate_65plus":null,"aging_rate_75plus":null,"population_status":"2","population_status_target":"503216633","population_aggregation_target":null,"age_65plus_missing":true,"age_75plus_missing":true,"age_quality_flag":"ok","data_completeness":"partial"}},{"type":"Feature","geometry":{"type":"Polygon","coordinates":[[[132.79375,33.46666666666667],[132.79999999999998,33.46666666666667],[132.79999999999998,33.47083333333334],[132.79375,33.47083333333334],[132.79375,33.46666666666667]]]},"properties":{"type":"Feature","mesh_id":"503216633","municipality_code":"38214","municipality":"西予市","total_population":24,"population_65plus":21,"population_75plus":17,"aging_rate_65plus":0.875,"aging_rate_75plus":0.7083333333333334,"population_status":"1","population_status_target":null,"population_aggregation_target":"503216631","age_65plus_missing":false,"age_75plus_missing":false,"age_quality_flag":"ok","data_completeness":"complete"}},{"type":"Feature","geometry":{"type":"Polygon","coordinates":[[[132.775,33.475],[132.78125,33.475],[132.78125,33.47916666666667],[132.775,33.47916666666667],[132.775,33.475]]]},"properties":{"type":"Feature","mesh_id":"503216721","municipality_code":"38214","municipality":"西予市","total_population":20,"population_65plus":8,"population_75plus":5,"aging_rate_65plus":0.4,"aging_rate_75plus":0.25,"population_status":"0","population_status_target":null,"population_aggregation_target":null,"age_65plus_missing":false,"age_75plus_missing":false,"age_quality_flag":"ok","data_completeness":"complete"}},{"type":"Feature","geometry":{"type":"Polygon","coordinates":[[[132.775,33.47916666666667],[132.78125,33.47916666666667],[132.78125,33.48333333333334],[132.775,33.48333333333334],[132.775,33.47916666666667]]]},"properties":{"type":"Feature","mesh_id":"503216722","municipality_code":"38214","municipality":"西予市","total_population":12,"population_65plus":9,"population_75plus":7,"aging_rate_65plus":0.75,"aging_rate_75plus":0.5833333333333334,"population_status":"0","population_status_target":null,"population_aggregation_target":null,"age_65plus_missing":false,"age_75plus_missing":false,"age_quality_flag":"ok","data_completeness":"complete"}},{"type":"Feature","geometry":{"type":"Polygon","coordinates":[[[132.78125,33.475],[132.7875,33.475],[132.7875,33.47916666666667],[132.78125,33.47916666666667],[132.78125,33.475]]]},"properties":{"type":"Feature","mesh_id":"503216723","municipality_code":"38214","municipality":"西予市","total_population":13,"population_65plus":8,"population_75plus":6,"aging_rate_65plus":0.6153846153846154,"aging_rate_75plus":0.46153846153846156,"population_status":"1","population_status_target":null,"population_aggregation_target":"503216804","age_65plus_missing":false,"age_75plus_missing":false,"age_quality_flag":"ok","data_completeness":"complete"}},{"type":"Feature","geometry":{"type":"Polygon","coordinates":[[[132.78125,33.47916666666667],[132.7875,33.47916666666667],[132.7875,33.48333333333334],[132.78125,33.48333333333334],[132.78125,33.47916666666667]]]},"properties":{"type":"Feature","mesh_id":"503216724","municipality_code":"38214","municipality":"西予市","total_population":12,"population_65plus":7,"population_75plus":4,"aging_rate_65plus":0.5833333333333334,"aging_rate_75plus":0.3333333333333333,"population_status":"0","population_status_target":null,"population_aggregation_target":null,"age_65plus_missing":false,"age_75plus_missing":false,"age_quality_flag":"ok","data_completeness":"complete"}},{"type":"Feature","geometry":{"type":"Polygon","coordinates":[[[132.7875,33.475],[132.79375,33.475],[132.79375,33.47916666666667],[132.7875,33.47916666666667],[132.7875,33.475]]]},"properties":{"type":"Feature","mesh_id":"503216731","municipality_code":"38214","municipality":"西予市","total_population":8,"population_65plus":null,"population_75plus":null,"aging_rate_65plus":null,"aging_rate_75plus":null,"population_status":"2","population_status_target":"503216734","population_aggregation_target":null,"age_65plus_missing":true,"age_75plus_missing":true,"age_quality_flag":"ok","data_completeness":"partial"}},{"type":"Feature","geometry":{"type":"Polygon","coordinates":[[[132.7875,33.47916666666667],[132.79375,33.47916666666667],[132.79375,33.48333333333334],[132.7875,33.48333333333334],[132.7875,33.47916666666667]]]},"properties":{"type":"Feature","mesh_id":"503216732","municipality_code":"38214","municipality":"西予市","total_population":9,"population_65plus":7,"population_75plus":3,"aging_rate_65plus":0.7777777777777778,"aging_rate_75plus":0.3333333333333333,"population_status":"0","population_status_target":null,"population_aggregation_target":null,"age_65plus_missing":false,"age_75plus_missing":false,"age_quality_flag":"ok","data_completeness":"complete"}},{"type":"Feature","geometry":{"type":"Polygon","coordinates":[[[132.79375,33.47916666666667],[132.79999999999998,33.47916666666667],[132.79999999999998,33.48333333333334],[132.79375,33.48333333333334],[132.79375,33.47916666666667]]]},"properties":{"type":"Feature","mesh_id":"503216734","municipality_code":"38214","municipality":"西予市","total_population":2,"population_65plus":null,"population_75plus":null,"aging_rate_65plus":null,"aging_rate_75plus":null,"population_status":"1","population_status_target":null,"population_aggregation_target":"503216731","age_65plus_missing":true,"age_75plus_missing":true,"age_quality_flag":"inconsistent_with_total","data_completeness":"partial"}},{"type":"Feature","geometry":{"type":"Polygon","coordinates":[[[132.83124999999998,33.47916666666667],[132.83749999999998,33.47916666666667],[132.83749999999998,33.48333333333334],[132.83124999999998,33.48333333333334],[132.83124999999998,33.47916666666667]]]},"properties":{"type":"Feature","mesh_id":"503216764","municipality_code":"38214","municipality":"西予市","total_population":2,"population_65plus":null,"population_75plus":null,"aging_rate_65plus":null,"aging_rate_75plus":null,"population_status":"2","population_status_target":"503216881","population_aggregation_target":null,"age_65plus_missing":true,"age_75plus_missing":true,"age_quality_flag":"ok","data_completeness":"partial"}},{"type":"Feature","geometry":{"type":"Polygon","coordinates":[[[132.86875,33.475],[132.875,33.475],[132.875,33.47916666666667],[132.86875,33.47916666666667],[132.86875,33.475]]]},"properties":{"type":"Feature","mesh_id":"503216793","municipality_code":"38214","municipality":"西予市","total_population":5,"population_65plus":null,"population_75plus":null,"aging_rate_65plus":null,"aging_rate_75plus":null,"population_status":"2","population_status_target":"503216794","population_aggregation_target":null,"age_65plus_missing":true,"age_75plus_missing":true,"age_quality_flag":"ok","data_completeness":"partial"}},{"type":"Feature","geometry":{"type":"Polygon","coordinates":[[[132.86875,33.47916666666667],[132.875,33.47916666666667],[132.875,33.48333333333334],[132.86875,33.48333333333334],[132.86875,33.47916666666667]]]},"properties":{"type":"Feature","mesh_id":"503216794","municipality_code":"38214","municipality":"西予市","total_population":35,"population_65plus":9,"population_75plus":6,"aging_rate_65plus":0.2571428571428571,"aging_rate_75plus":0.17142857142857143,"population_status":"1","population_status_target":null,"population_aggregation_target":"503216793","age_65plus_missing":false,"age_75plus_missing":false,"age_quality_flag":"ok","data_completeness":"complete"}},{"type":"Feature","geometry":{"type":"Polygon","coordinates":[[[132.8,33.48333333333334],[132.80625,33.48333333333334],[132.80625,33.48750000000001],[132.8,33.48750000000001],[132.8,33.48333333333334]]]},"properties":{"type":"Feature","mesh_id":"503216841","municipality_code":"38214","municipality":"西予市","total_population":12,"population_65plus":null,"population_75plus":null,"aging_rate_65plus":null,"aging_rate_75plus":null,"population_status":"1","population_status_target":null,"population_aggregation_target":"503216843","age_65plus_missing":true,"age_75plus_missing":true,"age_quality_flag":"inconsistent_with_total","data_completeness":"partial"}},{"type":"Feature","geometry":{"type":"Polygon","coordinates":[[[132.80625,33.48333333333334],[132.8125,33.48333333333334],[132.8125,33.48750000000001],[132.80625,33.48750000000001],[132.80625,33.48333333333334]]]},"properties":{"type":"Feature","mesh_id":"503216843","municipality_code":"38214","municipality":"西予市","total_population":6,"population_65plus":null,"population_75plus":null,"aging_rate_65plus":null,"aging_rate_75plus":null,"population_status":"2","population_status_target":"503216841","population_aggregation_target":null,"age_65plus_missing":true,"age_75plus_missing":true,"age_quality_flag":"ok","data_completeness":"partial"}},{"type":"Feature","geometry":{"type":"Polygon","coordinates":[[[132.8125,33.48333333333334],[132.81875,33.48333333333334],[132.81875,33.48750000000001],[132.8125,33.48750000000001],[132.8125,33.48333333333334]]]},"properties":{"type":"Feature","mesh_id":"503216851","municipality_code":"38214","municipality":"西予市","total_population":2,"population_65plus":null,"population_75plus":null,"aging_rate_65plus":null,"aging_rate_75plus":null,"population_status":"2","population_status_target":"503216854","population_aggregation_target":null,"age_65plus_missing":true,"age_75plus_missing":true,"age_quality_flag":"ok","data_completeness":"partial"}},{"type":"Feature","geometry":{"type":"Polygon","coordinates":[[[132.8125,33.48750000000001],[132.81875,33.48750000000001],[132.81875,33.49166666666668],[132.8125,33.49166666666668],[132.8125,33.48750000000001]]]},"properties":{"type":"Feature","mesh_id":"503216852","municipality_code":"38214","municipality":"西予市","total_population":6,"population_65plus":null,"population_75plus":null,"aging_rate_65plus":null,"aging_rate_75plus":null,"population_status":"2","population_status_target":"503216854","population_aggregation_target":null,"age_65plus_missing":true,"age_75plus_missing":true,"age_quality_flag":"ok","data_completeness":"partial"}},{"type":"Feature","geometry":{"type":"Polygon","coordinates":[[[132.81875,33.48333333333334],[132.825,33.48333333333334],[132.825,33.48750000000001],[132.81875,33.48750000000001],[132.81875,33.48333333333334]]]},"properties":{"type":"Feature","mesh_id":"503216853","municipality_code":"38214","municipality":"西予市","total_population":3,"population_65plus":null,"population_75plus":null,"aging_rate_65plus":null,"aging_rate_75plus":null,"population_status":"2","population_status_target":"503216854","population_aggregation_target":null,"age_65plus_missing":true,"age_75plus_missing":true,"age_quality_flag":"ok","data_completeness":"partial"}},{"type":"Feature","geometry":{"type":"Polygon","coordinates":[[[132.81875,33.48750000000001],[132.825,33.48750000000001],[132.825,33.49166666666668],[132.81875,33.49166666666668],[132.81875,33.48750000000001]]]},"properties":{"type":"Feature","mesh_id":"503216854","municipality_code":"38214","municipality":"西予市","total_population":5,"population_65plus":null,"population_75plus":null,"aging_rate_65plus":null,"aging_rate_75plus":null,"population_status":"1","population_status_target":null,"population_aggregation_target":"503216851;503216852;503216853;503216951","age_65plus_missing":true,"age_75plus_missing":true,"age_quality_flag":"inconsistent_with_total","data_completeness":"partial"}},{"type":"Feature","geometry":{"type":"Polygon","coordinates":[[[132.825,33.48333333333334],[132.83124999999998,33.48333333333334],[132.83124999999998,33.48750000000001],[132.825,33.48750000000001],[132.825,33.48333333333334]]]},"properties":{"type":"Feature","mesh_id":"503216861","municipality_code":"38214","municipality":"西予市","total_population":11,"population_65plus":null,"population_75plus":null,"aging_rate_65plus":null,"aging_rate_75plus":null,"population_status":"2","population_status_target":"503216863","population_aggregation_target":null,"age_65plus_missing":true,"age_75plus_missing":true,"age_quality_flag":"ok","data_completeness":"partial"}},{"type":"Feature","geometry":{"type":"Polygon","coordinates":[[[132.83124999999998,33.48333333333334],[132.83749999999998,33.48333333333334],[132.83749999999998,33.48750000000001],[132.83124999999998,33.48750000000001],[132.83124999999998,33.48333333333334]]]},"properties":{"type":"Feature","mesh_id":"503216863","municipality_code":"38214","municipality":"西予市","total_population":2,"population_65plus":null,"population_75plus":null,"aging_rate_65plus":null,"aging_rate_75plus":null,"population_status":"1","population_status_target":null,"population_aggregation_target":"503216861","age_65plus_missing":true,"age_75plus_missing":true,"age_quality_flag":"inconsistent_with_total","data_completeness":"partial"}},{"type":"Feature","geometry":{"type":"Polygon","coordinates":[[[132.85,33.48333333333334],[132.85625,33.48333333333334],[132.85625,33.48750000000001],[132.85,33.48750000000001],[132.85,33.48333333333334]]]},"properties":{"type":"Feature","mesh_id":"503216881","municipality_code":"38214","municipality":"西予市","total_population":16,"population_65plus":3,"population_75plus":2,"aging_rate_65plus":0.1875,"aging_rate_75plus":0.125,"population_status":"1","population_status_target":null,"population_aggregation_target":"503216764","age_65plus_missing":false,"age_75plus_missing":false,"age_quality_flag":"ok","data_completeness":"complete"}},{"type":"Feature","geometry":{"type":"Polygon","coordinates":[[[132.8125,33.491666666666674],[132.81875,33.491666666666674],[132.81875,33.495833333333344],[132.8125,33.495833333333344],[132.8125,33.491666666666674]]]},"properties":{"type":"Feature","mesh_id":"503216951","municipality_code":"38214","municipality":"西予市","total_population":3,"population_65plus":null,"population_75plus":null,"aging_rate_65plus":null,"aging_rate_75plus":null,"population_status":"2","population_status_target":"503216854","population_aggregation_target":null,"age_65plus_missing":true,"age_75plus_missing":true,"age_quality_flag":"ok","data_completeness":"partial"}},{"type":"Feature","geometry":{"type":"Polygon","coordinates":[[[132.875,33.47916666666667],[132.88125,33.47916666666667],[132.88125,33.48333333333334],[132.875,33.48333333333334],[132.875,33.47916666666667]]]},"properties":{"type":"Feature","mesh_id":"503217702","municipality_code":"38214","municipality":"西予市","total_population":16,"population_65plus":null,"population_75plus":null,"aging_rate_65plus":null,"aging_rate_75plus":null,"population_status":"1","population_status_target":null,"population_aggregation_target":"503217704","age_65plus_missing":true,"age_75plus_missing":true,"age_quality_flag":"inconsistent_with_total","data_completeness":"partial"}},{"type":"Feature","geometry":{"type":"Polygon","coordinates":[[[132.88125,33.47916666666667],[132.8875,33.47916666666667],[132.8875,33.48333333333334],[132.88125,33.48333333333334],[132.88125,33.47916666666667]]]},"properties":{"type":"Feature","mesh_id":"503217704","municipality_code":"38214","municipality":"西予市","total_population":8,"population_65plus":null,"population_75plus":null,"aging_rate_65plus":null,"aging_rate_75plus":null,"population_status":"2","population_status_target":"503217702","population_aggregation_target":null,"age_65plus_missing":true,"age_75plus_missing":true,"age_quality_flag":"ok","data_completeness":"partial"}}]}