{"type":"FeatureCollection","features":[{"type":"Feature","geometry":{"type":"Polygon","coordinates":[[[132.49375,32.9125],[132.5,32.9125],[132.5,32.91666666666667],[132.49375,32.91666666666667],[132.49375,32.9125]]]},"properties":{"type":"Feature","mesh_id":"493223994","municipality_code":"38506","municipality":"愛南町","total_population":160,"population_65plus":100,"population_75plus":48,"aging_rate_65plus":0.625,"aging_rate_75plus":0.3,"population_status":"0","population_status_target":null,"population_aggregation_target":null,"age_65plus_missing":false,"age_75plus_missing":false,"age_quality_flag":"ok","data_completeness":"complete"}},{"type":"Feature","geometry":{"type":"Polygon","coordinates":[[[132.50625,32.90833333333333],[132.5125,32.90833333333333],[132.5125,32.9125],[132.50625,32.9125],[132.50625,32.90833333333333]]]},"properties":{"type":"Feature","mesh_id":"493224903","municipality_code":"38506","municipality":"愛南町","total_population":72,"population_65plus":37,"population_75plus":12,"aging_rate_65plus":0.5138888888888888,"aging_rate_75plus":0.16666666666666666,"population_status":"0","population_status_target":null,"population_aggregation_target":null,"age_65plus_missing":false,"age_75plus_missing":false,"age_quality_flag":"ok","data_completeness":"complete"}},{"type":"Feature","geometry":{"type":"Polygon","coordinates":[[[132.50625,32.9125],[132.5125,32.9125],[132.5125,32.91666666666667],[132.50625,32.91666666666667],[132.50625,32.9125]]]},"properties":{"type":"Feature","mesh_id":"493224904","municipality_code":"38506","municipality":"愛南町","total_population":45,"population_65plus":31,"population_75plus":13,"aging_rate_65plus":0.6888888888888889,"aging_rate_75plus":0.28888888888888886,"population_status":"0","population_status_target":null,"population_aggregation_target":null,"age_65plus_missing":false,"age_75plus_missing":false,"age_quality_flag":"ok","data_completeness":"complete"}},{"type":"Feature","geometry":{"type":"Polygon","coordinates":[[[132.5125,32.90833333333333],[132.51874999999998,32.90833333333333],[132.51874999999998,32.9125],[132.5125,32.9125],[132.5125,32.90833333333333]]]},"properties":{"type":"Feature","mesh_id":"493224911","municipality_code":"38506","municipality":"愛南町","total_population":69,"population_65plus":58,"population_75plus":24,"aging_rate_65plus":0.8405797101449275,"aging_rate_75plus":0.34782608695652173,"population_status":"1","population_status_target":null,"population_aggregation_target":"493224912","age_65plus_missing":false,"age_75plus_missing":false,"age_quality_flag":"ok","data_completeness":"complete"}},{"type":"Feature","geometry":{"type":"Polygon","coordinates":[[[132.5125,32.9125],[132.51874999999998,32.9125],[132.51874999999998,32.91666666666667],[132.5125,32.91666666666667],[132.5125,32.9125]]]},"properties":{"type":"Feature","mesh_id":"493224912","municipality_code":"38506","municipality":"愛南町","total_population":6,"population_65plus":null,"population_75plus":null,"aging_rate_65plus":null,"aging_rate_75plus":null,"population_status":"2","population_status_target":"493224911","population_aggregation_target":null,"age_65plus_missing":true,"age_75plus_missing":true,"age_quality_flag":"ok","data_completeness":"partial"}},{"type":"Feature","geometry":{"type":"Polygon","coordinates":[[[132.4875,32.920833333333334],[132.49375,32.920833333333334],[132.49375,32.925000000000004],[132.4875,32.925000000000004],[132.4875,32.920833333333334]]]},"properties":{"type":"Feature","mesh_id":"493233092","municipality_code":"38506","municipality":"愛南町","total_population":149,"population_65plus":98,"population_75plus":53,"aging_rate_65plus":0.6577181208053692,"aging_rate_75plus":0.35570469798657717,"population_status":"0","population_status_target":null,"population_aggregation_target":null,"age_65plus_missing":false,"age_75plus_missing":false,"age_quality_flag":"ok","data_completeness":"complete"}},{"type":"Feature","geometry":{"type":"Polygon","coordinates":[[[132.49375,32.920833333333334],[132.5,32.920833333333334],[132.5,32.925000000000004],[132.49375,32.925000000000004],[132.49375,32.920833333333334]]]},"properties":{"type":"Feature","mesh_id":"493233094","municipality_code":"38506","municipality":"愛南町","total_population":83,"population_65plus":45,"population_75plus":20,"aging_rate_65plus":0.5421686746987951,"aging_rate_75plus":0.24096385542168675,"population_status":"0","population_status_target":null,"population_aggregation_target":null,"age_65plus_missing":false,"age_75plus_missing":false,"age_quality_flag":"ok","data_completeness":"complete"}},{"type":"Feature","geometry":{"type":"Polygon","coordinates":[[[132.475,32.93333333333333],[132.48125,32.93333333333333],[132.48125,32.9375],[132.475,32.9375],[132.475,32.93333333333333]]]},"properties":{"type":"Feature","mesh_id":"493233281","municipality_code":"38506","municipality":"愛南町","total_population":61,"population_65plus":34,"population_75plus":11,"aging_rate_65plus":0.5573770491803278,"aging_rate_75plus":0.18032786885245902,"population_status":"0","population_status_target":null,"population_aggregation_target":null,"age_65plus_missing":false,"age_75plus_missing":false,"age_quality_flag":"ok","data_completeness":"complete"}},{"type":"Feature","geometry":{"type":"Polygon","coordinates":[[[132.48125,32.93333333333333],[132.48749999999998,32.93333333333333],[132.48749999999998,32.9375],[132.48125,32.9375],[132.48125,32.93333333333333]]]},"properties":{"type":"Feature","mesh_id":"493233283","municipality_code":"38506","municipality":"愛南町","total_population":19,"population_65plus":11,"population_75plus":7,"aging_rate_65plus":0.5789473684210527,"aging_rate_75plus":0.3684210526315789,"population_status":"0","population_status_target":null,"population_aggregation_target":null,"age_65plus_missing":false,"age_75plus_missing":false,"age_quality_flag":"ok","data_completeness":"complete"}},{"type":"Feature","geometry":{"type":"Polygon","coordinates":[[[132.48125,32.9375],[132.48749999999998,32.9375],[132.48749999999998,32.94166666666667],[132.48125,32.94166666666667],[132.48125,32.9375]]]},"properties":{"type":"Feature","mesh_id":"493233284","municipality_code":"38506","municipality":"愛南町","total_population":80,"population_65plus":44,"population_75plus":21,"aging_rate_65plus":0.55,"aging_rate_75plus":0.2625,"population_status":"0","population_status_target":null,"population_aggregation_target":null,"age_65plus_missing":false,"age_75plus_missing":false,"age_quality_flag":"ok","data_completeness":"complete"}},{"type":"Feature","geometry":{"type":"Polygon","coordinates":[[[132.49375,32.93333333333333],[132.5,32.93333333333333],[132.5,32.9375],[132.49375,32.9375],[132.49375,32.93333333333333]]]},"properties":{"type":"Feature","mesh_id":"493233293","municipality_code":"38506","municipality":"愛南町","total_population":71,"population_65plus":51,"population_75plus":30,"aging_rate_65plus":0.7183098591549296,"aging_rate_75plus":0.4225352112676056,"population_status":"1","population_status_target":null,"population_aggregation_target":"493233382;493233394","age_65plus_missing":false,"age_75plus_missing":false,"age_quality_flag":"ok","data_completeness":"complete"}},{"type":"Feature","geometry":{"type":"Polygon","coordinates":[[[132.49375,32.95833333333333],[132.5,32.95833333333333],[132.5,32.9625],[132.49375,32.9625],[132.49375,32.95833333333333]]]},"properties":{"type":"Feature","mesh_id":"493233593","municipality_code":"38506","municipality":"愛南町","total_population":226,"population_65plus":134,"population_75plus":75,"aging_rate_65plus":0.5929203539823009,"aging_rate_75plus":0.33185840707964603,"population_status":"0","population_status_target":null,"population_aggregation_target":null,"age_65plus_missing":false,"age_75plus_missing":false,"age_quality_flag":"ok","data_completeness":"complete"}},{"type":"Feature","geometry":{"type":"Polygon","coordinates":[[[132.4875,32.96666666666666],[132.49375,32.96666666666666],[132.49375,32.97083333333333],[132.4875,32.97083333333333],[132.4875,32.96666666666666]]]},"properties":{"type":"Feature","mesh_id":"493233691","municipality_code":"38506","municipality":"愛南町","total_population":16,"population_65plus":12,"population_75plus":5,"aging_rate_65plus":0.75,"aging_rate_75plus":0.3125,"population_status":"0","population_status_target":null,"population_aggregation_target":null,"age_65plus_missing":false,"age_75plus_missing":false,"age_quality_flag":"ok","data_completeness":"complete"}},{"type":"Feature","geometry":{"type":"Polygon","coordinates":[[[132.4875,32.97083333333333],[132.49375,32.97083333333333],[132.49375,32.975],[132.4875,32.975],[132.4875,32.97083333333333]]]},"properties":{"type":"Feature","mesh_id":"493233692","municipality_code":"38506","municipality":"愛南町","total_population":30,"population_65plus":23,"population_75plus":11,"aging_rate_65plus":0.7666666666666667,"aging_rate_75plus":0.36666666666666664,"population_status":"0","population_status_target":null,"population_aggregation_target":null,"age_65plus_missing":false,"age_75plus_missing":false,"age_quality_flag":"ok","data_completeness":"complete"}},{"type":"Feature","geometry":{"type":"Polygon","coordinates":[[[132.49375,32.96666666666666],[132.5,32.96666666666666],[132.5,32.97083333333333],[132.49375,32.97083333333333],[132.49375,32.96666666666666]]]},"properties":{"type":"Feature","mesh_id":"493233693","municipality_code":"38506","municipality":"愛南町","total_population":7,"population_65plus":null,"population_75plus":null,"aging_rate_65plus":null,"aging_rate_75plus":null,"population_status":"2","population_status_target":"493233694","population_aggregation_target":null,"age_65plus_missing":true,"age_75plus_missing":true,"age_quality_flag":"ok","data_completeness":"partial"}},{"type":"Feature","geometry":{"type":"Polygon","coordinates":[[[132.49375,32.97083333333333],[132.5,32.97083333333333],[132.5,32.975],[132.49375,32.975],[132.49375,32.97083333333333]]]},"properties":{"type":"Feature","mesh_id":"493233694","municipality_code":"38506","municipality":"愛南町","total_population":11,"population_65plus":null,"population_75plus":null,"aging_rate_65plus":null,"aging_rate_75plus":null,"population_status":"1","population_status_target":null,"population_aggregation_target":"493233693","age_65plus_missing":true,"age_75plus_missing":true,"age_quality_flag":"inconsistent_with_total","data_completeness":"partial"}},{"type":"Feature","geometry":{"type":"Polygon","coordinates":[[[132.4875,32.979166666666664],[132.49375,32.979166666666664],[132.49375,32.983333333333334],[132.4875,32.983333333333334],[132.4875,32.979166666666664]]]},"properties":{"type":"Feature","mesh_id":"493233792","municipality_code":"38506","municipality":"愛南町","total_population":1,"population_65plus":null,"population_75plus":null,"aging_rate_65plus":null,"aging_rate_75plus":null,"population_status":"2","population_status_target":"493233793","population_aggregation_target":null,"age_65plus_missing":true,"age_75plus_missing":true,"age_quality_flag":"ok","data_completeness":"partial"}},{"type":"Feature","geometry":{"type":"Polygon","coordinates":[[[132.60625,32.916666666666664],[132.61249999999998,32.916666666666664],[132.61249999999998,32.920833333333334],[132.60625,32.920833333333334],[132.60625,32.916666666666664]]]},"properties":{"type":"Feature","mesh_id":"493234083","municipality_code":"38506","municipality":"愛南町","total_population":8,"population_65plus":3,"population_75plus":3,"aging_rate_65plus":0.375,"aging_rate_75plus":0.375,"population_status":"1","population_status_target":null,"population_aggregation_target":"493234074","age_65plus_missing":false,"age_75plus_missing":false,"age_quality_flag":"ok","data_completeness":"complete"}},{"type":"Feature","geometry":{"type":"Polygon","coordinates":[[[132.61875,32.920833333333334],[132.625,32.920833333333334],[132.625,32.925000000000004],[132.61875,32.925000000000004],[132.61875,32.920833333333334]]]},"properties":{"type":"Feature","mesh_id":"493234094","municipality_code":"38506","municipality":"愛南町","total_population":16,"population_65plus":11,"population_75plus":3,"aging_rate_65plus":0.6875,"aging_rate_75plus":0.1875,"population_status":"1","population_status_target":null,"population_aggregation_target":"493234091","age_65plus_missing":false,"age_75plus_missing":false,"age_quality_flag":"ok","data_completeness":"complete"}},{"type":"Feature","geometry":{"type":"Polygon","coordinates":[[[132.5,32.925],[132.50625,32.925],[132.50625,32.92916666666667],[132.5,32.92916666666667],[132.5,32.925]]]},"properties":{"type":"Feature","mesh_id":"493234101","municipality_code":"38506","municipality":"愛南町","total_population":41,"population_65plus":21,"population_75plus":8,"aging_rate_65plus":0.5121951219512195,"aging_rate_75plus":0.1951219512195122,"population_status":"0","population_status_target":null,"population_aggregation_target":null,"age_65plus_missing":false,"age_75plus_missing":false,"age_quality_flag":"ok","data_completeness":"complete"}},{"type":"Feature","geometry":{"type":"Polygon","coordinates":[[[132.5,32.92916666666667],[132.50625,32.92916666666667],[132.50625,32.93333333333334],[132.5,32.93333333333334],[132.5,32.92916666666667]]]},"properties":{"type":"Feature","mesh_id":"493234102","municipality_code":"38506","municipality":"愛南町","total_population":41,"population_65plus":22,"population_75plus":14,"aging_rate_65plus":0.5365853658536586,"aging_rate_75plus":0.34146341463414637,"population_status":"0","population_status_target":null,"population_aggregation_target":null,"age_65plus_missing":false,"age_75plus_missing":false,"age_quality_flag":"ok","data_completeness":"complete"}},{"type":"Feature","geometry":{"type":"Polygon","coordinates":[[[132.50625,32.93333333333333],[132.5125,32.93333333333333],[132.5125,32.9375],[132.50625,32.9375],[132.50625,32.93333333333333]]]},"properties":{"type":"Feature","mesh_id":"493234203","municipality_code":"38506","municipality":"愛南町","total_population":88,"population_65plus":58,"population_75plus":32,"aging_rate_65plus":0.6590909090909091,"aging_rate_75plus":0.36363636363636365,"population_status":"0","population_status_target":null,"population_aggregation_target":null,"age_65plus_missing":false,"age_75plus_missing":false,"age_quality_flag":"ok","data_completeness":"complete"}},{"type":"Feature","geometry":{"type":"Polygon","coordinates":[[[132.50625,32.9375],[132.5125,32.9375],[132.5125,32.94166666666667],[132.50625,32.94166666666667],[132.50625,32.9375]]]},"properties":{"type":"Feature","mesh_id":"493234204","municipality_code":"38506","municipality":"愛南町","total_population":50,"population_65plus":43,"population_75plus":18,"aging_rate_65plus":0.86,"aging_rate_75plus":0.36,"population_status":"1","population_status_target":null,"population_aggregation_target":"493234213","age_65plus_missing":false,"age_75plus_missing":false,"age_quality_flag":"ok","data_completeness":"complete"}},{"type":"Feature","geometry":{"type":"Polygon","coordinates":[[[132.51874999999998,32.93333333333333],[132.52499999999998,32.93333333333333],[132.52499999999998,32.9375],[132.51874999999998,32.9375],[132.51874999999998,32.93333333333333]]]},"properties":{"type":"Feature","mesh_id":"493234213","municipality_code":"38506","municipality":"愛南町","total_population":6,"population_65plus":null,"population_75plus":null,"aging_rate_65plus":null,"aging_rate_75plus":null,"population_status":"2","population_status_target":"493234204","population_aggregation_target":null,"age_65plus_missing":true,"age_75plus_missing":true,"age_quality_flag":"ok","data_completeness":"partial"}},{"type":"Feature","geometry":{"type":"Polygon","coordinates":[[[132.54375,32.9375],[132.54999999999998,32.9375],[132.54999999999998,32.94166666666667],[132.54375,32.94166666666667],[132.54375,32.9375]]]},"properties":{"type":"Feature","mesh_id":"493234234","municipality_code":"38506","municipality":"愛南町","total_population":82,"population_65plus":64,"population_75plus":34,"aging_rate_65plus":0.7804878048780488,"aging_rate_75plus":0.4146341463414634,"population_status":"0","population_status_target":null,"population_aggregation_target":null,"age_65plus_missing":false,"age_75plus_missing":false,"age_quality_flag":"ok","data_completeness":"complete"}},{"type":"Feature","geometry":{"type":"Polygon","coordinates":[[[132.55,32.93333333333333],[132.55625,32.93333333333333],[132.55625,32.9375],[132.55,32.9375],[132.55,32.93333333333333]]]},"properties":{"type":"Feature","mesh_id":"493234241","municipality_code":"38506","municipality":"愛南町","total_population":15,"population_65plus":7,"population_75plus":4,"aging_rate_65plus":0.4666666666666667,"aging_rate_75plus":0.26666666666666666,"population_status":"0","population_status_target":null,"population_aggregation_target":null,"age_65plus_missing":false,"age_75plus_missing":false,"age_quality_flag":"ok","data_completeness":"complete"}},{"type":"Feature","geometry":{"type":"Polygon","coordinates":[[[132.55,32.9375],[132.55625,32.9375],[132.55625,32.94166666666667],[132.55,32.94166666666667],[132.55,32.9375]]]},"properties":{"type":"Feature","mesh_id":"493234242","municipality_code":"38506","municipality":"愛南町","total_population":24,"population_65plus":9,"population_75plus":5,"aging_rate_65plus":0.375,"aging_rate_75plus":0.20833333333333334,"population_status":"0","population_status_target":null,"population_aggregation_target":null,"age_65plus_missing":false,"age_75plus_missing":false,"age_quality_flag":"ok","data_completeness":"complete"}},{"type":"Feature","geometry":{"type":"Polygon","coordinates":[[[132.55625,32.93333333333333],[132.5625,32.93333333333333],[132.5625,32.9375],[132.55625,32.9375],[132.55625,32.93333333333333]]]},"properties":{"type":"Feature","mesh_id":"493234243","municipality_code":"38506","municipality":"愛南町","total_population":119,"population_65plus":66,"population_75plus":39,"aging_rate_65plus":0.5546218487394958,"aging_rate_75plus":0.3277310924369748,"population_status":"0","population_status_target":null,"population_aggregation_target":null,"age_65plus_missing":false,"age_75plus_missing":false,"age_quality_flag":"ok","data_completeness":"complete"}},{"type":"Feature","geometry":{"type":"Polygon","coordinates":[[[132.5875,32.93333333333333],[132.59375,32.93333333333333],[132.59375,32.9375],[132.5875,32.9375],[132.5875,32.93333333333333]]]},"properties":{"type":"Feature","mesh_id":"493234271","municipality_code":"38506","municipality":"愛南町","total_population":8,"population_65plus":null,"population_75plus":null,"aging_rate_65plus":null,"aging_rate_75plus":null,"population_status":"2","population_status_target":"493234274","population_aggregation_target":null,"age_65plus_missing":true,"age_75plus_missing":true,"age_quality_flag":"ok","data_completeness":"partial"}},{"type":"Feature","geometry":{"type":"Polygon","coordinates":[[[132.59375,32.9375],[132.6,32.9375],[132.6,32.94166666666667],[132.59375,32.94166666666667],[132.59375,32.9375]]]},"properties":{"type":"Feature","mesh_id":"493234274","municipality_code":"38506","municipality":"愛南町","total_population":51,"population_65plus":33,"population_75plus":19,"aging_rate_65plus":0.6470588235294118,"aging_rate_75plus":0.37254901960784315,"population_status":"1","population_status_target":null,"population_aggregation_target":"493234271","age_65plus_missing":false,"age_75plus_missing":false,"age_quality_flag":"ok","data_completeness":"complete"}},{"type":"Feature","geometry":{"type":"Polygon","coordinates":[[[132.61875,32.9375],[132.625,32.9375],[132.625,32.94166666666667],[132.61875,32.94166666666667],[132.61875,32.9375]]]},"properties":{"type":"Feature","mesh_id":"493234294","municipality_code":"38506","municipality":"愛南町","total_population":9,"population_65plus":null,"population_75plus":null,"aging_rate_65plus":null,"aging_rate_75plus":null,"population_status":"2","population_status_target":"493234384","population_aggregation_target":null,"age_65plus_missing":true,"age_75plus_missing":true,"age_quality_flag":"ok","data_completeness":"partial"}},{"type":"Feature","geometry":{"type":"Polygon","coordinates":[[[132.5,32.94166666666666],[132.50625,32.94166666666666],[132.50625,32.94583333333333],[132.5,32.94583333333333],[132.5,32.94166666666666]]]},"properties":{"type":"Feature","mesh_id":"493234301","municipality_code":"38506","municipality":"愛南町","total_population":53,"population_65plus":26,"population_75plus":14,"aging_rate_65plus":0.49056603773584906,"aging_rate_75plus":0.2641509433962264,"population_status":"0","population_status_target":null,"population_aggregation_target":null,"age_65plus_missing":false,"age_75plus_missing":false,"age_quality_flag":"ok","data_completeness":"complete"}},{"type":"Feature","geometry":{"type":"Polygon","coordinates":[[[132.5375,32.94583333333333],[132.54375,32.94583333333333],[132.54375,32.95],[132.5375,32.95],[132.5375,32.94583333333333]]]},"properties":{"type":"Feature","mesh_id":"493234332","municipality_code":"38506","municipality":"愛南町","total_population":138,"population_65plus":95,"population_75plus":50,"aging_rate_65plus":0.6884057971014492,"aging_rate_75plus":0.36231884057971014,"population_status":"0","population_status_target":null,"population_aggregation_target":null,"age_65plus_missing":false,"age_75plus_missing":false,"age_quality_flag":"ok","data_completeness":"complete"}},{"type":"Feature","geometry":{"type":"Polygon","coordinates":[[[132.54375,32.94166666666666],[132.54999999999998,32.94166666666666],[132.54999999999998,32.94583333333333],[132.54375,32.94583333333333],[132.54375,32.94166666666666]]]},"properties":{"type":"Feature","mesh_id":"493234333","municipality_code":"38506","municipality":"愛南町","total_population":31,"population_65plus":14,"population_75plus":8,"aging_rate_65plus":0.45161290322580644,"aging_rate_75plus":0.25806451612903225,"population_status":"0","population_status_target":null,"population_aggregation_target":null,"age_65plus_missing":false,"age_75plus_missing":false,"age_quality_flag":"ok","data_completeness":"complete"}},{"type":"Feature","geometry":{"type":"Polygon","coordinates":[[[132.54375,32.94583333333333],[132.54999999999998,32.94583333333333],[132.54999999999998,32.95],[132.54375,32.95],[132.54375,32.94583333333333]]]},"properties":{"type":"Feature","mesh_id":"493234334","municipality_code":"38506","municipality":"愛南町","total_population":98,"population_65plus":48,"population_75plus":23,"aging_rate_65plus":0.4897959183673469,"aging_rate_75plus":0.23469387755102042,"population_status":"0","population_status_target":null,"population_aggregation_target":null,"age_65plus_missing":false,"age_75plus_missing":false,"age_quality_flag":"ok","data_completeness":"complete"}},{"type":"Feature","geometry":{"type":"Polygon","coordinates":[[[132.55,32.94583333333333],[132.55625,32.94583333333333],[132.55625,32.95],[132.55,32.95],[132.55,32.94583333333333]]]},"properties":{"type":"Feature","mesh_id":"493234342","municipality_code":"38506","municipality":"愛南町","total_population":8,"population_65plus":null,"population_75plus":null,"aging_rate_65plus":null,"aging_rate_75plus":null,"population_status":"2","population_status_target":"493234344","population_aggregation_target":null,"age_65plus_missing":true,"age_75plus_missing":true,"age_quality_flag":"ok","data_completeness":"partial"}},{"type":"Feature","geometry":{"type":"Polygon","coordinates":[[[132.55625,32.94583333333333],[132.5625,32.94583333333333],[132.5625,32.95],[132.55625,32.95],[132.55625,32.94583333333333]]]},"properties":{"type":"Feature","mesh_id":"493234344","municipality_code":"38506","municipality":"愛南町","total_population":70,"population_65plus":37,"population_75plus":24,"aging_rate_65plus":0.5285714285714286,"aging_rate_75plus":0.34285714285714286,"population_status":"1","population_status_target":null,"population_aggregation_target":"493234342","age_65plus_missing":false,"age_75plus_missing":false,"age_quality_flag":"ok","data_completeness":"complete"}},{"type":"Feature","geometry":{"type":"Polygon","coordinates":[[[132.56875,32.94583333333333],[132.575,32.94583333333333],[132.575,32.95],[132.56875,32.95],[132.56875,32.94583333333333]]]},"properties":{"type":"Feature","mesh_id":"493234354","municipality_code":"38506","municipality":"愛南町","total_population":26,"population_65plus":20,"population_75plus":12,"aging_rate_65plus":0.7692307692307693,"aging_rate_75plus":0.46153846153846156,"population_status":"0","population_status_target":null,"population_aggregation_target":null,"age_65plus_missing":false,"age_75plus_missing":false,"age_quality_flag":"ok","data_completeness":"complete"}},{"type":"Feature","geometry":{"type":"Polygon","coordinates":[[[132.575,32.94166666666666],[132.58124999999998,32.94166666666666],[132.58124999999998,32.94583333333333],[132.575,32.94583333333333],[132.575,32.94166666666666]]]},"properties":{"type":"Feature","mesh_id":"493234361","municipality_code":"38506","municipality":"愛南町","total_population":38,"population_65plus":20,"population_75plus":14,"aging_rate_65plus":0.5263157894736842,"aging_rate_75plus":0.3684210526315789,"population_status":"0","population_status_target":null,"population_aggregation_target":null,"age_65plus_missing":false,"age_75plus_missing":false,"age_quality_flag":"ok","data_completeness":"complete"}},{"type":"Feature","geometry":{"type":"Polygon","coordinates":[[[132.575,32.94583333333333],[132.58124999999998,32.94583333333333],[132.58124999999998,32.95],[132.575,32.95],[132.575,32.94583333333333]]]},"properties":{"type":"Feature","mesh_id":"493234362","municipality_code":"38506","municipality":"愛南町","total_population":20,"population_65plus":10,"population_75plus":3,"aging_rate_65plus":0.5,"aging_rate_75plus":0.15,"population_status":"0","population_status_target":null,"population_aggregation_target":null,"age_65plus_missing":false,"age_75plus_missing":false,"age_quality_flag":"ok","data_completeness":"complete"}},{"type":"Feature","geometry":{"type":"Polygon","coordinates":[[[132.58124999999998,32.94166666666666],[132.58749999999998,32.94166666666666],[132.58749999999998,32.94583333333333],[132.58124999999998,32.94583333333333],[132.58124999999998,32.94166666666666]]]},"properties":{"type":"Feature","mesh_id":"493234363","municipality_code":"38506","municipality":"愛南町","total_population":40,"population_65plus":18,"population_75plus":12,"aging_rate_65plus":0.45,"aging_rate_75plus":0.3,"population_status":"0","population_status_target":null,"population_aggregation_target":null,"age_65plus_missing":false,"age_75plus_missing":false,"age_quality_flag":"ok","data_completeness":"complete"}},{"type":"Feature","geometry":{"type":"Polygon","coordinates":[[[132.58124999999998,32.94583333333333],[132.58749999999998,32.94583333333333],[132.58749999999998,32.95],[132.58124999999998,32.95],[132.58124999999998,32.94583333333333]]]},"properties":{"type":"Feature","mesh_id":"493234364","municipality_code":"38506","municipality":"愛南町","total_population":9,"population_65plus":5,"population_75plus":4,"aging_rate_65plus":0.5555555555555556,"aging_rate_75plus":0.4444444444444444,"population_status":"0","population_status_target":null,"population_aggregation_target":null,"age_65plus_missing":false,"age_75plus_missing":false,"age_quality_flag":"ok","data_completeness":"complete"}},{"type":"Feature","geometry":{"type":"Polygon","coordinates":[[[132.5875,32.94583333333333],[132.59375,32.94583333333333],[132.59375,32.95],[132.5875,32.95],[132.5875,32.94583333333333]]]},"properties":{"type":"Feature","mesh_id":"493234372","municipality_code":"38506","municipality":"愛南町","total_population":13,"population_65plus":5,"population_75plus":2,"aging_rate_65plus":0.38461538461538464,"aging_rate_75plus":0.15384615384615385,"population_status":"0","population_status_target":null,"population_aggregation_target":null,"age_65plus_missing":false,"age_75plus_missing":false,"age_quality_flag":"ok","data_completeness":"complete"}},{"type":"Feature","geometry":{"type":"Polygon","coordinates":[[[132.59375,32.94583333333333],[132.6,32.94583333333333],[132.6,32.95],[132.59375,32.95],[132.59375,32.94583333333333]]]},"properties":{"type":"Feature","mesh_id":"493234374","municipality_code":"38506","municipality":"愛南町","total_population":32,"population_65plus":13,"population_75plus":6,"aging_rate_65plus":0.40625,"aging_rate_75plus":0.1875,"population_status":"0","population_status_target":null,"population_aggregation_target":null,"age_65plus_missing":false,"age_75plus_missing":false,"age_quality_flag":"ok","data_completeness":"complete"}},{"type":"Feature","geometry":{"type":"Polygon","coordinates":[[[132.6,32.94166666666666],[132.60625,32.94166666666666],[132.60625,32.94583333333333],[132.6,32.94583333333333],[132.6,32.94166666666666]]]},"properties":{"type":"Feature","mesh_id":"493234381","municipality_code":"38506","municipality":"愛南町","total_population":175,"population_65plus":93,"population_75plus":45,"aging_rate_65plus":0.5314285714285715,"aging_rate_75plus":0.2571428571428571,"population_status":"0","population_status_target":null,"population_aggregation_target":null,"age_65plus_missing":false,"age_75plus_missing":false,"age_quality_flag":"ok","data_completeness":"complete"}},{"type":"Feature","geometry":{"type":"Polygon","coordinates":[[[132.6,32.94583333333333],[132.60625,32.94583333333333],[132.60625,32.95],[132.6,32.95],[132.6,32.94583333333333]]]},"properties":{"type":"Feature","mesh_id":"493234382","municipality_code":"38506","municipality":"愛南町","total_population":28,"population_65plus":14,"population_75plus":4,"aging_rate_65plus":0.5,"aging_rate_75plus":0.14285714285714285,"population_status":"0","population_status_target":null,"population_aggregation_target":null,"age_65plus_missing":false,"age_75plus_missing":false,"age_quality_flag":"ok","data_completeness":"complete"}},{"type":"Feature","geometry":{"type":"Polygon","coordinates":[[[132.60625,32.94166666666666],[132.61249999999998,32.94166666666666],[132.61249999999998,32.94583333333333],[132.60625,32.94583333333333],[132.60625,32.94166666666666]]]},"properties":{"type":"Feature","mesh_id":"493234383","municipality_code":"38506","municipality":"愛南町","total_population":120,"population_65plus":53,"population_75plus":33,"aging_rate_65plus":0.44166666666666665,"aging_rate_75plus":0.275,"population_status":"0","population_status_target":null,"population_aggregation_target":null,"age_65plus_missing":false,"age_75plus_missing":false,"age_quality_flag":"ok","data_completeness":"complete"}},{"type":"Feature","geometry":{"type":"Polygon","coordinates":[[[132.60625,32.94583333333333],[132.61249999999998,32.94583333333333],[132.61249999999998,32.95],[132.60625,32.95],[132.60625,32.94583333333333]]]},"properties":{"type":"Feature","mesh_id":"493234384","municipality_code":"38506","municipality":"愛南町","total_population":68,"population_65plus":36,"population_75plus":16,"aging_rate_65plus":0.5294117647058824,"aging_rate_75plus":0.23529411764705882,"population_status":"1","population_status_target":null,"population_aggregation_target":"493234294","age_65plus_missing":false,"age_75plus_missing":false,"age_quality_flag":"ok","data_completeness":"complete"}},{"type":"Feature","geometry":{"type":"Polygon","coordinates":[[[132.5,32.954166666666666],[132.50625,32.954166666666666],[132.50625,32.958333333333336],[132.5,32.958333333333336],[132.5,32.954166666666666]]]},"properties":{"type":"Feature","mesh_id":"493234402","municipality_code":"38506","municipality":"愛南町","total_population":7,"population_65plus":null,"population_75plus":null,"aging_rate_65plus":null,"aging_rate_75plus":null,"population_status":"2","population_status_target":"493234411","population_aggregation_target":null,"age_65plus_missing":true,"age_75plus_missing":true,"age_quality_flag":"ok","data_completeness":"partial"}},{"type":"Feature","geometry":{"type":"Polygon","coordinates":[[[132.5125,32.949999999999996],[132.51874999999998,32.949999999999996],[132.51874999999998,32.954166666666666],[132.5125,32.954166666666666],[132.5125,32.949999999999996]]]},"properties":{"type":"Feature","mesh_id":"493234411","municipality_code":"38506","municipality":"愛南町","total_population":35,"population_65plus":32,"population_75plus":19,"aging_rate_65plus":0.9142857142857143,"aging_rate_75plus":0.5428571428571428,"population_status":"1","population_status_target":null,"population_aggregation_target":"493234402;493234412;493234413","age_65plus_missing":false,"age_75plus_missing":false,"age_quality_flag":"ok","data_completeness":"complete"}},{"type":"Feature","geometry":{"type":"Polygon","coordinates":[[[132.5125,32.954166666666666],[132.51874999999998,32.954166666666666],[132.51874999999998,32.958333333333336],[132.5125,32.958333333333336],[132.5125,32.954166666666666]]]},"properties":{"type":"Feature","mesh_id":"493234412","municipality_code":"38506","municipality":"愛南町","total_population":10,"population_65plus":null,"population_75plus":null,"aging_rate_65plus":null,"aging_rate_75plus":null,"population_status":"2","population_status_target":"493234411","population_aggregation_target":null,"age_65plus_missing":true,"age_75plus_missing":true,"age_quality_flag":"ok","data_completeness":"partial"}},{"type":"Feature","geometry":{"type":"Polygon","coordinates":[[[132.51874999999998,32.949999999999996],[132.52499999999998,32.949999999999996],[132.52499999999998,32.954166666666666],[132.51874999999998,32.954166666666666],[132.51874999999998,32.949999999999996]]]},"properties":{"type":"Feature","mesh_id":"493234413","municipality_code":"38506","municipality":"愛南町","total_population":4,"population_65plus":null,"population_75plus":null,"aging_rate_65plus":null,"aging_rate_75plus":null,"population_status":"2","population_status_target":"493234411","population_aggregation_target":null,"age_65plus_missing":true,"age_75plus_missing":true,"age_quality_flag":"ok","data_completeness":"partial"}},{"type":"Feature","geometry":{"type":"Polygon","coordinates":[[[132.53125,32.949999999999996],[132.5375,32.949999999999996],[132.5375,32.954166666666666],[132.53125,32.954166666666666],[132.53125,32.949999999999996]]]},"properties":{"type":"Feature","mesh_id":"493234423","municipality_code":"38506","municipality":"愛南町","total_population":13,"population_65plus":7,"population_75plus":3,"aging_rate_65plus":0.5384615384615384,"aging_rate_75plus":0.23076923076923078,"population_status":"0","population_status_target":null,"population_aggregation_target":null,"age_65plus_missing":false,"age_75plus_missing":false,"age_quality_flag":"ok","data_completeness":"complete"}},{"type":"Feature","geometry":{"type":"Polygon","coordinates":[[[132.5375,32.949999999999996],[132.54375,32.949999999999996],[132.54375,32.954166666666666],[132.5375,32.954166666666666],[132.5375,32.949999999999996]]]},"properties":{"type":"Feature","mesh_id":"493234431","municipality_code":"38506","municipality":"愛南町","total_population":21,"population_65plus":6,"population_75plus":3,"aging_rate_65plus":0.2857142857142857,"aging_rate_75plus":0.14285714285714285,"population_status":"0","population_status_target":null,"population_aggregation_target":null,"age_65plus_missing":false,"age_75plus_missing":false,"age_quality_flag":"ok","data_completeness":"complete"}},{"type":"Feature","geometry":{"type":"Polygon","coordinates":[[[132.5375,32.954166666666666],[132.54375,32.954166666666666],[132.54375,32.958333333333336],[132.5375,32.958333333333336],[132.5375,32.954166666666666]]]},"properties":{"type":"Feature","mesh_id":"493234432","municipality_code":"38506","municipality":"愛南町","total_population":7,"population_65plus":null,"population_75plus":null,"aging_rate_65plus":null,"aging_rate_75plus":null,"population_status":"2","population_status_target":"493234433","population_aggregation_target":null,"age_65plus_missing":true,"age_75plus_missing":true,"age_quality_flag":"ok","data_completeness":"partial"}},{"type":"Feature","geometry":{"type":"Polygon","coordinates":[[[132.54375,32.949999999999996],[132.54999999999998,32.949999999999996],[132.54999999999998,32.954166666666666],[132.54375,32.954166666666666],[132.54375,32.949999999999996]]]},"properties":{"type":"Feature","mesh_id":"493234433","municipality_code":"38506","municipality":"愛南町","total_population":66,"population_65plus":34,"population_75plus":18,"aging_rate_65plus":0.5151515151515151,"aging_rate_75plus":0.2727272727272727,"population_status":"1","population_status_target":null,"population_aggregation_target":"493234432","age_65plus_missing":false,"age_75plus_missing":false,"age_quality_flag":"ok","data_completeness":"complete"}},{"type":"Feature","geometry":{"type":"Polygon","coordinates":[[[132.54375,32.954166666666666],[132.54999999999998,32.954166666666666],[132.54999999999998,32.958333333333336],[132.54375,32.958333333333336],[132.54375,32.954166666666666]]]},"properties":{"type":"Feature","mesh_id":"493234434","municipality_code":"38506","municipality":"愛南町","total_population":41,"population_65plus":21,"population_75plus":7,"aging_rate_65plus":0.5121951219512195,"aging_rate_75plus":0.17073170731707318,"population_status":"0","population_status_target":null,"population_aggregation_target":null,"age_65plus_missing":false,"age_75plus_missing":false,"age_quality_flag":"ok","data_completeness":"complete"}},{"type":"Feature","geometry":{"type":"Polygon","coordinates":[[[132.55,32.949999999999996],[132.55625,32.949999999999996],[132.55625,32.954166666666666],[132.55,32.954166666666666],[132.55,32.949999999999996]]]},"properties":{"type":"Feature","mesh_id":"493234441","municipality_code":"38506","municipality":"愛南町","total_population":13,"population_65plus":5,"population_75plus":4,"aging_rate_65plus":0.38461538461538464,"aging_rate_75plus":0.3076923076923077,"population_status":"0","population_status_target":null,"population_aggregation_target":null,"age_65plus_missing":false,"age_75plus_missing":false,"age_quality_flag":"ok","data_completeness":"complete"}},{"type":"Feature","geometry":{"type":"Polygon","coordinates":[[[132.55,32.954166666666666],[132.55625,32.954166666666666],[132.55625,32.958333333333336],[132.55,32.958333333333336],[132.55,32.954166666666666]]]},"properties":{"type":"Feature","mesh_id":"493234442","municipality_code":"38506","municipality":"愛南町","total_population":14,"population_65plus":9,"population_75plus":3,"aging_rate_65plus":0.6428571428571429,"aging_rate_75plus":0.21428571428571427,"population_status":"0","population_status_target":null,"population_aggregation_target":null,"age_65plus_missing":false,"age_75plus_missing":false,"age_quality_flag":"ok","data_completeness":"complete"}},{"type":"Feature","geometry":{"type":"Polygon","coordinates":[[[132.55625,32.949999999999996],[132.5625,32.949999999999996],[132.5625,32.954166666666666],[132.55625,32.954166666666666],[132.55625,32.949999999999996]]]},"properties":{"type":"Feature","mesh_id":"493234443","municipality_code":"38506","municipality":"愛南町","total_population":133,"population_65plus":41,"population_75plus":12,"aging_rate_65plus":0.3082706766917293,"aging_rate_75plus":0.09022556390977443,"population_status":"0","population_status_target":null,"population_aggregation_target":null,"age_65plus_missing":false,"age_75plus_missing":false,"age_quality_flag":"ok","data_completeness":"complete"}},{"type":"Feature","geometry":{"type":"Polygon","coordinates":[[[132.55625,32.954166666666666],[132.5625,32.954166666666666],[132.5625,32.958333333333336],[132.55625,32.958333333333336],[132.55625,32.954166666666666]]]},"properties":{"type":"Feature","mesh_id":"493234444","municipality_code":"38506","municipality":"愛南町","total_population":177,"population_65plus":61,"population_75plus":28,"aging_rate_65plus":0.3446327683615819,"aging_rate_75plus":0.15819209039548024,"population_status":"0","population_status_target":null,"population_aggregation_target":null,"age_65plus_missing":false,"age_75plus_missing":false,"age_quality_flag":"ok","data_completeness":"complete"}},{"type":"Feature","geometry":{"type":"Polygon","coordinates":[[[132.5625,32.949999999999996],[132.56875,32.949999999999996],[132.56875,32.954166666666666],[132.5625,32.954166666666666],[132.5625,32.949999999999996]]]},"properties":{"type":"Feature","mesh_id":"493234451","municipality_code":"38506","municipality":"愛南町","total_population":53,"population_65plus":15,"population_75plus":10,"aging_rate_65plus":0.2830188679245283,"aging_rate_75plus":0.18867924528301888,"population_status":"0","population_status_target":null,"population_aggregation_target":null,"age_65plus_missing":false,"age_75plus_missing":false,"age_quality_flag":"ok","data_completeness":"complete"}},{"type":"Feature","geometry":{"type":"Polygon","coordinates":[[[132.5625,32.954166666666666],[132.56875,32.954166666666666],[132.56875,32.958333333333336],[132.5625,32.958333333333336],[132.5625,32.954166666666666]]]},"properties":{"type":"Feature","mesh_id":"493234452","municipality_code":"38506","municipality":"愛南町","total_population":68,"population_65plus":36,"population_75plus":10,"aging_rate_65plus":0.5294117647058824,"aging_rate_75plus":0.14705882352941177,"population_status":"0","population_status_target":null,"population_aggregation_target":null,"age_65plus_missing":false,"age_75plus_missing":false,"age_quality_flag":"ok","data_completeness":"complete"}},{"type":"Feature","geometry":{"type":"Polygon","coordinates":[[[132.56875,32.949999999999996],[132.575,32.949999999999996],[132.575,32.954166666666666],[132.56875,32.954166666666666],[132.56875,32.949999999999996]]]},"properties":{"type":"Feature","mesh_id":"493234453","municipality_code":"38506","municipality":"愛南町","total_population":254,"population_65plus":130,"population_75plus":55,"aging_rate_65plus":0.5118110236220472,"aging_rate_75plus":0.21653543307086615,"population_status":"0","population_status_target":null,"population_aggregation_target":null,"age_65plus_missing":false,"age_75plus_missing":false,"age_quality_flag":"ok","data_completeness":"complete"}},{"type":"Feature","geometry":{"type":"Polygon","coordinates":[[[132.56875,32.954166666666666],[132.575,32.954166666666666],[132.575,32.958333333333336],[132.56875,32.958333333333336],[132.56875,32.954166666666666]]]},"properties":{"type":"Feature","mesh_id":"493234454","municipality_code":"38506","municipality":"愛南町","total_population":108,"population_65plus":58,"population_75plus":29,"aging_rate_65plus":0.5370370370370371,"aging_rate_75plus":0.26851851851851855,"population_status":"0","population_status_target":null,"population_aggregation_target":null,"age_65plus_missing":false,"age_75plus_missing":false,"age_quality_flag":"ok","data_completeness":"complete"}},{"type":"Feature","geometry":{"type":"Polygon","coordinates":[[[132.575,32.954166666666666],[132.58124999999998,32.954166666666666],[132.58124999999998,32.958333333333336],[132.575,32.958333333333336],[132.575,32.954166666666666]]]},"properties":{"type":"Feature","mesh_id":"493234462","municipality_code":"38506","municipality":"愛南町","total_population":83,"population_65plus":44,"population_75plus":18,"aging_rate_65plus":0.5301204819277109,"aging_rate_75plus":0.21686746987951808,"population_status":"0","population_status_target":null,"population_aggregation_target":null,"age_65plus_missing":false,"age_75plus_missing":false,"age_quality_flag":"ok","data_completeness":"complete"}},{"type":"Feature","geometry":{"type":"Polygon","coordinates":[[[132.58124999999998,32.949999999999996],[132.58749999999998,32.949999999999996],[132.58749999999998,32.954166666666666],[132.58124999999998,32.954166666666666],[132.58124999999998,32.949999999999996]]]},"properties":{"type":"Feature","mesh_id":"493234463","municipality_code":"38506","municipality":"愛南町","total_population":90,"population_65plus":36,"population_75plus":15,"aging_rate_65plus":0.4,"aging_rate_75plus":0.16666666666666666,"population_status":"0","population_status_target":null,"population_aggregation_target":null,"age_65plus_missing":false,"age_75plus_missing":false,"age_quality_flag":"ok","data_completeness":"complete"}},{"type":"Feature","geometry":{"type":"Polygon","coordinates":[[[132.58124999999998,32.954166666666666],[132.58749999999998,32.954166666666666],[132.58749999999998,32.958333333333336],[132.58124999999998,32.958333333333336],[132.58124999999998,32.954166666666666]]]},"properties":{"type":"Feature","mesh_id":"493234464","municipality_code":"38506","municipality":"愛南町","total_population":177,"population_65plus":74,"population_75plus":37,"aging_rate_65plus":0.4180790960451977,"aging_rate_75plus":0.20903954802259886,"population_status":"0","population_status_target":null,"population_aggregation_target":null,"age_65plus_missing":false,"age_75plus_missing":false,"age_quality_flag":"ok","data_completeness":"complete"}},{"type":"Feature","geometry":{"type":"Polygon","coordinates":[[[132.5875,32.949999999999996],[132.59375,32.949999999999996],[132.59375,32.954166666666666],[132.5875,32.954166666666666],[132.5875,32.949999999999996]]]},"properties":{"type":"Feature","mesh_id":"493234471","municipality_code":"38506","municipality":"愛南町","total_population":183,"population_65plus":126,"population_75plus":85,"aging_rate_65plus":0.6885245901639344,"aging_rate_75plus":0.4644808743169399,"population_status":"0","population_status_target":null,"population_aggregation_target":null,"age_65plus_missing":false,"age_75plus_missing":false,"age_quality_flag":"ok","data_completeness":"complete"}},{"type":"Feature","geometry":{"type":"Polygon","coordinates":[[[132.59375,32.949999999999996],[132.6,32.949999999999996],[132.6,32.954166666666666],[132.59375,32.954166666666666],[132.59375,32.949999999999996]]]},"properties":{"type":"Feature","mesh_id":"493234473","municipality_code":"38506","municipality":"愛南町","total_population":89,"population_65plus":24,"population_75plus":10,"aging_rate_65plus":0.2696629213483146,"aging_rate_75plus":0.11235955056179775,"population_status":"0","population_status_target":null,"population_aggregation_target":null,"age_65plus_missing":false,"age_75plus_missing":false,"age_quality_flag":"ok","data_completeness":"complete"}},{"type":"Feature","geometry":{"type":"Polygon","coordinates":[[[132.6,32.949999999999996],[132.60625,32.949999999999996],[132.60625,32.954166666666666],[132.6,32.954166666666666],[132.6,32.949999999999996]]]},"properties":{"type":"Feature","mesh_id":"493234481","municipality_code":"38506","municipality":"愛南町","total_population":123,"population_65plus":119,"population_75plus":107,"aging_rate_65plus":0.967479674796748,"aging_rate_75plus":0.8699186991869918,"population_status":"0","population_status_target":null,"population_aggregation_target":null,"age_65plus_missing":false,"age_75plus_missing":false,"age_quality_flag":"ok","data_completeness":"complete"}},{"type":"Feature","geometry":{"type":"Polygon","coordinates":[[[132.6,32.954166666666666],[132.60625,32.954166666666666],[132.60625,32.958333333333336],[132.6,32.958333333333336],[132.6,32.954166666666666]]]},"properties":{"type":"Feature","mesh_id":"493234482","municipality_code":"38506","municipality":"愛南町","total_population":66,"population_65plus":24,"population_75plus":14,"aging_rate_65plus":0.36363636363636365,"aging_rate_75plus":0.21212121212121213,"population_status":"0","population_status_target":null,"population_aggregation_target":null,"age_65plus_missing":false,"age_75plus_missing":false,"age_quality_flag":"ok","data_completeness":"complete"}},{"type":"Feature","geometry":{"type":"Polygon","coordinates":[[[132.60625,32.954166666666666],[132.61249999999998,32.954166666666666],[132.61249999999998,32.958333333333336],[132.60625,32.958333333333336],[132.60625,32.954166666666666]]]},"properties":{"type":"Feature","mesh_id":"493234484","municipality_code":"38506","municipality":"愛南町","total_population":27,"population_65plus":15,"population_75plus":10,"aging_rate_65plus":0.5555555555555556,"aging_rate_75plus":0.37037037037037035,"population_status":"0","population_status_target":null,"population_aggregation_target":null,"age_65plus_missing":false,"age_75plus_missing":false,"age_quality_flag":"ok","data_completeness":"complete"}},{"type":"Feature","geometry":{"type":"Polygon","coordinates":[[[132.6125,32.949999999999996],[132.61875,32.949999999999996],[132.61875,32.954166666666666],[132.6125,32.954166666666666],[132.6125,32.949999999999996]]]},"properties":{"type":"Feature","mesh_id":"493234491","municipality_code":"38506","municipality":"愛南町","total_population":3,"population_65plus":null,"population_75plus":null,"aging_rate_65plus":null,"aging_rate_75plus":null,"population_status":"2","population_status_target":"493234493","population_aggregation_target":null,"age_65plus_missing":true,"age_75plus_missing":true,"age_quality_flag":"ok","data_completeness":"partial"}},{"type":"Feature","geometry":{"type":"Polygon","coordinates":[[[132.6125,32.954166666666666],[132.61875,32.954166666666666],[132.61875,32.958333333333336],[132.6125,32.958333333333336],[132.6125,32.954166666666666]]]},"properties":{"type":"Feature","mesh_id":"493234492","municipality_code":"38506","municipality":"愛南町","total_population":13,"population_65plus":3,"population_75plus":3,"aging_rate_65plus":0.23076923076923078,"aging_rate_75plus":0.23076923076923078,"population_status":"0","population_status_target":null,"population_aggregation_target":null,"age_65plus_missing":false,"age_75plus_missing":false,"age_quality_flag":"ok","data_completeness":"complete"}},{"type":"Feature","geometry":{"type":"Polygon","coordinates":[[[132.61875,32.949999999999996],[132.625,32.949999999999996],[132.625,32.954166666666666],[132.61875,32.954166666666666],[132.61875,32.949999999999996]]]},"properties":{"type":"Feature","mesh_id":"493234493","municipality_code":"38506","municipality":"愛南町","total_population":16,"population_65plus":10,"population_75plus":4,"aging_rate_65plus":0.625,"aging_rate_75plus":0.25,"population_status":"1","population_status_target":null,"population_aggregation_target":"493234491","age_65plus_missing":false,"age_75plus_missing":false,"age_quality_flag":"ok","data_completeness":"complete"}},{"type":"Feature","geometry":{"type":"Polygon","coordinates":[[[132.5,32.95833333333333],[132.50625,32.95833333333333],[132.50625,32.9625],[132.5,32.9625],[132.5,32.95833333333333]]]},"properties":{"type":"Feature","mesh_id":"493234501","municipality_code":"38506","municipality":"愛南町","total_population":81,"population_65plus":51,"population_75plus":29,"aging_rate_65plus":0.6296296296296297,"aging_rate_75plus":0.35802469135802467,"population_status":"1","population_status_target":null,"population_aggregation_target":"493234502","age_65plus_missing":false,"age_75plus_missing":false,"age_quality_flag":"ok","data_completeness":"complete"}},{"type":"Feature","geometry":{"type":"Polygon","coordinates":[[[132.50625,32.95833333333333],[132.5125,32.95833333333333],[132.5125,32.9625],[132.50625,32.9625],[132.50625,32.95833333333333]]]},"properties":{"type":"Feature","mesh_id":"493234503","municipality_code":"38506","municipality":"愛南町","total_population":28,"population_65plus":15,"population_75plus":5,"aging_rate_65plus":0.5357142857142857,"aging_rate_75plus":0.17857142857142858,"population_status":"0","population_status_target":null,"population_aggregation_target":null,"age_65plus_missing":false,"age_75plus_missing":false,"age_quality_flag":"ok","data_completeness":"complete"}},{"type":"Feature","geometry":{"type":"Polygon","coordinates":[[[132.50625,32.9625],[132.5125,32.9625],[132.5125,32.96666666666667],[132.50625,32.96666666666667],[132.50625,32.9625]]]},"properties":{"type":"Feature","mesh_id":"493234504","municipality_code":"38506","municipality":"愛南町","total_population":36,"population_65plus":17,"population_75plus":6,"aging_rate_65plus":0.4722222222222222,"aging_rate_75plus":0.16666666666666666,"population_status":"0","population_status_target":null,"population_aggregation_target":null,"age_65plus_missing":false,"age_75plus_missing":false,"age_quality_flag":"ok","data_completeness":"complete"}},{"type":"Feature","geometry":{"type":"Polygon","coordinates":[[[132.5125,32.95833333333333],[132.51874999999998,32.95833333333333],[132.51874999999998,32.9625],[132.5125,32.9625],[132.5125,32.95833333333333]]]},"properties":{"type":"Feature","mesh_id":"493234511","municipality_code":"38506","municipality":"愛南町","total_population":99,"population_65plus":44,"population_75plus":26,"aging_rate_65plus":0.4444444444444444,"aging_rate_75plus":0.26262626262626265,"population_status":"1","population_status_target":null,"population_aggregation_target":"493234513","age_65plus_missing":false,"age_75plus_missing":false,"age_quality_flag":"ok","data_completeness":"complete"}},{"type":"Feature","geometry":{"type":"Polygon","coordinates":[[[132.5125,32.9625],[132.51874999999998,32.9625],[132.51874999999998,32.96666666666667],[132.5125,32.96666666666667],[132.5125,32.9625]]]},"properties":{"type":"Feature","mesh_id":"493234512","municipality_code":"38506","municipality":"愛南町","total_population":56,"population_65plus":35,"population_75plus":20,"aging_rate_65plus":0.625,"aging_rate_75plus":0.35714285714285715,"population_status":"0","population_status_target":null,"population_aggregation_target":null,"age_65plus_missing":false,"age_75plus_missing":false,"age_quality_flag":"ok","data_completeness":"complete"}},{"type":"Feature","geometry":{"type":"Polygon","coordinates":[[[132.51874999999998,32.95833333333333],[132.52499999999998,32.95833333333333],[132.52499999999998,32.9625],[132.51874999999998,32.9625],[132.51874999999998,32.95833333333333]]]},"properties":{"type":"Feature","mesh_id":"493234513","municipality_code":"38506","municipality":"愛南町","total_population":2,"population_65plus":null,"population_75plus":null,"aging_rate_65plus":null,"aging_rate_75plus":null,"population_status":"2","population_status_target":"493234511","population_aggregation_target":null,"age_65plus_missing":true,"age_75plus_missing":true,"age_quality_flag":"ok","data_completeness":"partial"}},{"type":"Feature","geometry":{"type":"Polygon","coordinates":[[[132.51874999999998,32.9625],[132.52499999999998,32.9625],[132.52499999999998,32.96666666666667],[132.51874999999998,32.96666666666667],[132.51874999999998,32.9625]]]},"properties":{"type":"Feature","mesh_id":"493234514","municipality_code":"38506","municipality":"愛南町","total_population":31,"population_65plus":15,"population_75plus":10,"aging_rate_65plus":0.4838709677419355,"aging_rate_75plus":0.3225806451612903,"population_status":"0","population_status_target":null,"population_aggregation_target":null,"age_65plus_missing":false,"age_75plus_missing":false,"age_quality_flag":"ok","data_completeness":"complete"}},{"type":"Feature","geometry":{"type":"Polygon","coordinates":[[[132.5375,32.95833333333333],[132.54375,32.95833333333333],[132.54375,32.9625],[132.5375,32.9625],[132.5375,32.95833333333333]]]},"properties":{"type":"Feature","mesh_id":"493234531","municipality_code":"38506","municipality":"愛南町","total_population":110,"population_65plus":89,"population_75plus":68,"aging_rate_65plus":0.8090909090909091,"aging_rate_75plus":0.6181818181818182,"population_status":"0","population_status_target":null,"population_aggregation_target":null,"age_65plus_missing":false,"age_75plus_missing":false,"age_quality_flag":"ok","data_completeness":"complete"}},{"type":"Feature","geometry":{"type":"Polygon","coordinates":[[[132.55,32.9625],[132.55625,32.9625],[132.55625,32.96666666666667],[132.55,32.96666666666667],[132.55,32.9625]]]},"properties":{"type":"Feature","mesh_id":"493234542","municipality_code":"38506","municipality":"愛南町","total_population":390,"population_65plus":87,"population_75plus":32,"aging_rate_65plus":0.2230769230769231,"aging_rate_75plus":0.08205128205128205,"population_status":"0","population_status_target":null,"population_aggregation_target":null,"age_65plus_missing":false,"age_75plus_missing":false,"age_quality_flag":"ok","data_completeness":"complete"}},{"type":"Feature","geometry":{"type":"Polygon","coordinates":[[[132.55625,32.95833333333333],[132.5625,32.95833333333333],[132.5625,32.9625],[132.55625,32.9625],[132.55625,32.95833333333333]]]},"properties":{"type":"Feature","mesh_id":"493234543","municipality_code":"38506","municipality":"愛南町","total_population":142,"population_65plus":54,"population_75plus":18,"aging_rate_65plus":0.38028169014084506,"aging_rate_75plus":0.1267605633802817,"population_status":"0","population_status_target":null,"population_aggregation_target":null,"age_65plus_missing":false,"age_75plus_missing":false,"age_quality_flag":"ok","data_completeness":"complete"}},{"type":"Feature","geometry":{"type":"Polygon","coordinates":[[[132.55625,32.9625],[132.5625,32.9625],[132.5625,32.96666666666667],[132.55625,32.96666666666667],[132.55625,32.9625]]]},"properties":{"type":"Feature","mesh_id":"493234544","municipality_code":"38506","municipality":"愛南町","total_population":521,"population_65plus":207,"population_75plus":98,"aging_rate_65plus":0.39731285988483683,"aging_rate_75plus":0.18809980806142035,"population_status":"0","population_status_target":null,"population_aggregation_target":null,"age_65plus_missing":false,"age_75plus_missing":false,"age_quality_flag":"ok","data_completeness":"complete"}},{"type":"Feature","geometry":{"type":"Polygon","coordinates":[[[132.5625,32.95833333333333],[132.56875,32.95833333333333],[132.56875,32.9625],[132.5625,32.9625],[132.5625,32.95833333333333]]]},"properties":{"type":"Feature","mesh_id":"493234551","municipality_code":"38506","municipality":"愛南町","total_population":425,"population_65plus":137,"population_75plus":74,"aging_rate_65plus":0.32235294117647056,"aging_rate_75plus":0.17411764705882352,"population_status":"0","population_status_target":null,"population_aggregation_target":null,"age_65plus_missing":false,"age_75plus_missing":false,"age_quality_flag":"ok","data_completeness":"complete"}},{"type":"Feature","geometry":{"type":"Polygon","coordinates":[[[132.5625,32.9625],[132.56875,32.9625],[132.56875,32.96666666666667],[132.5625,32.96666666666667],[132.5625,32.9625]]]},"properties":{"type":"Feature","mesh_id":"493234552","municipality_code":"38506","municipality":"愛南町","total_population":509,"population_65plus":182,"population_75plus":94,"aging_rate_65plus":0.3575638506876228,"aging_rate_75plus":0.18467583497053044,"population_status":"0","population_status_target":null,"population_aggregation_target":null,"age_65plus_missing":false,"age_75plus_missing":false,"age_quality_flag":"ok","data_completeness":"complete"}},{"type":"Feature","geometry":{"type":"Polygon","coordinates":[[[132.56875,32.95833333333333],[132.575,32.95833333333333],[132.575,32.9625],[132.56875,32.9625],[132.56875,32.95833333333333]]]},"properties":{"type":"Feature","mesh_id":"493234553","municipality_code":"38506","municipality":"愛南町","total_population":698,"population_65plus":262,"population_75plus":140,"aging_rate_65plus":0.3753581661891118,"aging_rate_75plus":0.20057306590257878,"population_status":"0","population_status_target":null,"population_aggregation_target":null,"age_65plus_missing":false,"age_75plus_missing":false,"age_quality_flag":"ok","data_completeness":"complete"}},{"type":"Feature","geometry":{"type":"Polygon","coordinates":[[[132.56875,32.9625],[132.575,32.9625],[132.575,32.96666666666667],[132.56875,32.96666666666667],[132.56875,32.9625]]]},"properties":{"type":"Feature","mesh_id":"493234554","municipality_code":"38506","municipality":"愛南町","total_population":413,"population_65plus":159,"population_75plus":68,"aging_rate_65plus":0.38498789346246975,"aging_rate_75plus":0.16464891041162227,"population_status":"0","population_status_target":null,"population_aggregation_target":null,"age_65plus_missing":false,"age_75plus_missing":false,"age_quality_flag":"ok","data_completeness":"complete"}},{"type":"Feature","geometry":{"type":"Polygon","coordinates":[[[132.575,32.95833333333333],[132.58124999999998,32.95833333333333],[132.58124999999998,32.9625],[132.575,32.9625],[132.575,32.95833333333333]]]},"properties":{"type":"Feature","mesh_id":"493234561","municipality_code":"38506","municipality":"愛南町","total_population":657,"population_65plus":269,"population_75plus":147,"aging_rate_65plus":0.4094368340943683,"aging_rate_75plus":0.2237442922374429,"population_status":"0","population_status_target":null,"population_aggregation_target":null,"age_65plus_missing":false,"age_75plus_missing":false,"age_quality_flag":"ok","data_completeness":"complete"}},{"type":"Feature","geometry":{"type":"Polygon","coordinates":[[[132.575,32.9625],[132.58124999999998,32.9625],[132.58124999999998,32.96666666666667],[132.575,32.96666666666667],[132.575,32.9625]]]},"properties":{"type":"Feature","mesh_id":"493234562","municipality_code":"38506","municipality":"愛南町","total_population":583,"population_65plus":179,"population_75plus":97,"aging_rate_65plus":0.307032590051458,"aging_rate_75plus":0.16638078902229847,"population_status":"0","population_status_target":null,"population_aggregation_target":null,"age_65plus_missing":false,"age_75plus_missing":false,"age_quality_flag":"ok","data_completeness":"complete"}},{"type":"Feature","geometry":{"type":"Polygon","coordinates":[[[132.58124999999998,32.95833333333333],[132.58749999999998,32.95833333333333],[132.58749999999998,32.9625],[132.58124999999998,32.9625],[132.58124999999998,32.95833333333333]]]},"properties":{"type":"Feature","mesh_id":"493234563","municipality_code":"38506","municipality":"愛南町","total_population":186,"population_65plus":123,"population_75plus":101,"aging_rate_65plus":0.6612903225806451,"aging_rate_75plus":0.543010752688172,"population_status":"0","population_status_target":null,"population_aggregation_target":null,"age_65plus_missing":false,"age_75plus_missing":false,"age_quality_flag":"ok","data_completeness":"complete"}},{"type":"Feature","geometry":{"type":"Polygon","coordinates":[[[132.58124999999998,32.9625],[132.58749999999998,32.9625],[132.58749999999998,32.96666666666667],[132.58124999999998,32.96666666666667],[132.58124999999998,32.9625]]]},"properties":{"type":"Feature","mesh_id":"493234564","municipality_code":"38506","municipality":"愛南町","total_population":228,"population_65plus":90,"population_75plus":50,"aging_rate_65plus":0.39473684210526316,"aging_rate_75plus":0.21929824561403508,"population_status":"0","population_status_target":null,"population_aggregation_target":null,"age_65plus_missing":false,"age_75plus_missing":false,"age_quality_flag":"ok","data_completeness":"complete"}},{"type":"Feature","geometry":{"type":"Polygon","coordinates":[[[132.5875,32.95833333333333],[132.59375,32.95833333333333],[132.59375,32.9625],[132.5875,32.9625],[132.5875,32.95833333333333]]]},"properties":{"type":"Feature","mesh_id":"493234571","municipality_code":"38506","municipality":"愛南町","total_population":246,"population_65plus":118,"population_75plus":53,"aging_rate_65plus":0.4796747967479675,"aging_rate_75plus":0.21544715447154472,"population_status":"0","population_status_target":null,"population_aggregation_target":null,"age_65plus_missing":false,"age_75plus_missing":false,"age_quality_flag":"ok","data_completeness":"complete"}},{"type":"Feature","geometry":{"type":"Polygon","coordinates":[[[132.59375,32.95833333333333],[132.6,32.95833333333333],[132.6,32.9625],[132.59375,32.9625],[132.59375,32.95833333333333]]]},"properties":{"type":"Feature","mesh_id":"493234573","municipality_code":"38506","municipality":"愛南町","total_population":197,"population_65plus":67,"population_75plus":33,"aging_rate_65plus":0.3401015228426396,"aging_rate_75plus":0.16751269035532995,"population_status":"0","population_status_target":null,"population_aggregation_target":null,"age_65plus_missing":false,"age_75plus_missing":false,"age_quality_flag":"ok","data_completeness":"complete"}},{"type":"Feature","geometry":{"type":"Polygon","coordinates":[[[132.59375,32.9625],[132.6,32.9625],[132.6,32.96666666666667],[132.59375,32.96666666666667],[132.59375,32.9625]]]},"properties":{"type":"Feature","mesh_id":"493234574","municipality_code":"38506","municipality":"愛南町","total_population":120,"population_65plus":55,"population_75plus":22,"aging_rate_65plus":0.4583333333333333,"aging_rate_75plus":0.18333333333333332,"population_status":"0","population_status_target":null,"population_aggregation_target":null,"age_65plus_missing":false,"age_75plus_missing":false,"age_quality_flag":"ok","data_completeness":"complete"}},{"type":"Feature","geometry":{"type":"Polygon","coordinates":[[[132.6,32.95833333333333],[132.60625,32.95833333333333],[132.60625,32.9625],[132.6,32.9625],[132.6,32.95833333333333]]]},"properties":{"type":"Feature","mesh_id":"493234581","municipality_code":"38506","municipality":"愛南町","total_population":7,"population_65plus":null,"population_75plus":null,"aging_rate_65plus":null,"aging_rate_75plus":null,"population_status":"2","population_status_target":"493234584","population_aggregation_target":null,"age_65plus_missing":true,"age_75plus_missing":true,"age_quality_flag":"ok","data_completeness":"partial"}},{"type":"Feature","geometry":{"type":"Polygon","coordinates":[[[132.6,32.9625],[132.60625,32.9625],[132.60625,32.96666666666667],[132.6,32.96666666666667],[132.6,32.9625]]]},"properties":{"type":"Feature","mesh_id":"493234582","municipality_code":"38506","municipality":"愛南町","total_population":1,"population_65plus":null,"population_75plus":null,"aging_rate_65plus":null,"aging_rate_75plus":null,"population_status":"2","population_status_target":"493234584","population_aggregation_target":null,"age_65plus_missing":true,"age_75plus_missing":true,"age_quality_flag":"ok","data_completeness":"partial"}},{"type":"Feature","geometry":{"type":"Polygon","coordinates":[[[132.60625,32.95833333333333],[132.61249999999998,32.95833333333333],[132.61249999999998,32.9625],[132.60625,32.9625],[132.60625,32.95833333333333]]]},"properties":{"type":"Feature","mesh_id":"493234583","municipality_code":"38506","municipality":"愛南町","total_population":3,"population_65plus":null,"population_75plus":null,"aging_rate_65plus":null,"aging_rate_75plus":null,"population_status":"2","population_status_target":"493234584","population_aggregation_target":null,"age_65plus_missing":true,"age_75plus_missing":true,"age_quality_flag":"ok","data_completeness":"partial"}},{"type":"Feature","geometry":{"type":"Polygon","coordinates":[[[132.60625,32.9625],[132.61249999999998,32.9625],[132.61249999999998,32.96666666666667],[132.60625,32.96666666666667],[132.60625,32.9625]]]},"properties":{"type":"Feature","mesh_id":"493234584","municipality_code":"38506","municipality":"愛南町","total_population":11,"population_65plus":8,"population_75plus":3,"aging_rate_65plus":0.7272727272727273,"aging_rate_75plus":0.2727272727272727,"population_status":"1","population_status_target":null,"population_aggregation_target":"493234581;493234582;493234583","age_65plus_missing":false,"age_75plus_missing":false,"age_quality_flag":"ok","data_completeness":"complete"}},{"type":"Feature","geometry":{"type":"Polygon","coordinates":[[[132.6125,32.95833333333333],[132.61875,32.95833333333333],[132.61875,32.9625],[132.6125,32.9625],[132.6125,32.95833333333333]]]},"properties":{"type":"Feature","mesh_id":"493234591","municipality_code":"38506","municipality":"愛南町","total_population":1,"population_65plus":null,"population_75plus":null,"aging_rate_65plus":null,"aging_rate_75plus":null,"population_status":"2","population_status_target":"493234593","population_aggregation_target":null,"age_65plus_missing":true,"age_75plus_missing":true,"age_quality_flag":"ok","data_completeness":"partial"}},{"type":"Feature","geometry":{"type":"Polygon","coordinates":[[[132.61875,32.95833333333333],[132.625,32.95833333333333],[132.625,32.9625],[132.61875,32.9625],[132.61875,32.95833333333333]]]},"properties":{"type":"Feature","mesh_id":"493234593","municipality_code":"38506","municipality":"愛南町","total_population":61,"population_65plus":29,"population_75plus":13,"aging_rate_65plus":0.47540983606557374,"aging_rate_75plus":0.21311475409836064,"population_status":"1","population_status_target":null,"population_aggregation_target":"493234591;493234594","age_65plus_missing":false,"age_75plus_missing":false,"age_quality_flag":"ok","data_completeness":"complete"}},{"type":"Feature","geometry":{"type":"Polygon","coordinates":[[[132.61875,32.9625],[132.625,32.9625],[132.625,32.96666666666667],[132.61875,32.96666666666667],[132.61875,32.9625]]]},"properties":{"type":"Feature","mesh_id":"493234594","municipality_code":"38506","municipality":"愛南町","total_population":9,"population_65plus":null,"population_75plus":null,"aging_rate_65plus":null,"aging_rate_75plus":null,"population_status":"2","population_status_target":"493234593","population_aggregation_target":null,"age_65plus_missing":true,"age_75plus_missing":true,"age_quality_flag":"ok","data_completeness":"partial"}},{"type":"Feature","geometry":{"type":"Polygon","coordinates":[[[132.525,32.97083333333333],[132.53125,32.97083333333333],[132.53125,32.975],[132.525,32.975],[132.525,32.97083333333333]]]},"properties":{"type":"Feature","mesh_id":"493234622","municipality_code":"38506","municipality":"愛南町","total_population":31,"population_65plus":12,"population_75plus":2,"aging_rate_65plus":0.3870967741935484,"aging_rate_75plus":0.06451612903225806,"population_status":"0","population_status_target":null,"population_aggregation_target":null,"age_65plus_missing":false,"age_75plus_missing":false,"age_quality_flag":"ok","data_completeness":"complete"}},{"type":"Feature","geometry":{"type":"Polygon","coordinates":[[[132.53125,32.97083333333333],[132.5375,32.97083333333333],[132.5375,32.975],[132.53125,32.975],[132.53125,32.97083333333333]]]},"properties":{"type":"Feature","mesh_id":"493234624","municipality_code":"38506","municipality":"愛南町","total_population":143,"population_65plus":73,"population_75plus":37,"aging_rate_65plus":0.5104895104895105,"aging_rate_75plus":0.25874125874125875,"population_status":"0","population_status_target":null,"population_aggregation_target":null,"age_65plus_missing":false,"age_75plus_missing":false,"age_quality_flag":"ok","data_completeness":"complete"}},{"type":"Feature","geometry":{"type":"Polygon","coordinates":[[[132.5375,32.97083333333333],[132.54375,32.97083333333333],[132.54375,32.975],[132.5375,32.975],[132.5375,32.97083333333333]]]},"properties":{"type":"Feature","mesh_id":"493234632","municipality_code":"38506","municipality":"愛南町","total_population":184,"population_65plus":65,"population_75plus":35,"aging_rate_65plus":0.3532608695652174,"aging_rate_75plus":0.19021739130434784,"population_status":"0","population_status_target":null,"population_aggregation_target":null,"age_65plus_missing":false,"age_75plus_missing":false,"age_quality_flag":"ok","data_completeness":"complete"}},{"type":"Feature","geometry":{"type":"Polygon","coordinates":[[[132.54375,32.96666666666666],[132.54999999999998,32.96666666666666],[132.54999999999998,32.97083333333333],[132.54375,32.97083333333333],[132.54375,32.96666666666666]]]},"properties":{"type":"Feature","mesh_id":"493234633","municipality_code":"38506","municipality":"愛南町","total_population":74,"population_65plus":36,"population_75plus":15,"aging_rate_65plus":0.4864864864864865,"aging_rate_75plus":0.20270270270270271,"population_status":"1","population_status_target":null,"population_aggregation_target":"493234631","age_65plus_missing":false,"age_75plus_missing":false,"age_quality_flag":"ok","data_completeness":"complete"}},{"type":"Feature","geometry":{"type":"Polygon","coordinates":[[[132.54375,32.97083333333333],[132.54999999999998,32.97083333333333],[132.54999999999998,32.975],[132.54375,32.975],[132.54375,32.97083333333333]]]},"properties":{"type":"Feature","mesh_id":"493234634","municipality_code":"38506","municipality":"愛南町","total_population":37,"population_65plus":17,"population_75plus":7,"aging_rate_65plus":0.4594594594594595,"aging_rate_75plus":0.1891891891891892,"population_status":"0","population_status_target":null,"population_aggregation_target":null,"age_65plus_missing":false,"age_75plus_missing":false,"age_quality_flag":"ok","data_completeness":"complete"}},{"type":"Feature","geometry":{"type":"Polygon","coordinates":[[[132.55,32.96666666666666],[132.55625,32.96666666666666],[132.55625,32.97083333333333],[132.55,32.97083333333333],[132.55,32.96666666666666]]]},"properties":{"type":"Feature","mesh_id":"493234641","municipality_code":"38506","municipality":"愛南町","total_population":24,"population_65plus":7,"population_75plus":3,"aging_rate_65plus":0.2916666666666667,"aging_rate_75plus":0.125,"population_status":"0","population_status_target":null,"population_aggregation_target":null,"age_65plus_missing":false,"age_75plus_missing":false,"age_quality_flag":"ok","data_completeness":"complete"}},{"type":"Feature","geometry":{"type":"Polygon","coordinates":[[[132.55,32.97083333333333],[132.55625,32.97083333333333],[132.55625,32.975],[132.55,32.975],[132.55,32.97083333333333]]]},"properties":{"type":"Feature","mesh_id":"493234642","municipality_code":"38506","municipality":"愛南町","total_population":17,"population_65plus":10,"population_75plus":4,"aging_rate_65plus":0.5882352941176471,"aging_rate_75plus":0.23529411764705882,"population_status":"0","population_status_target":null,"population_aggregation_target":null,"age_65plus_missing":false,"age_75plus_missing":false,"age_quality_flag":"ok","data_completeness":"complete"}},{"type":"Feature","geometry":{"type":"Polygon","coordinates":[[[132.5625,32.96666666666666],[132.56875,32.96666666666666],[132.56875,32.97083333333333],[132.5625,32.97083333333333],[132.5625,32.96666666666666]]]},"properties":{"type":"Feature","mesh_id":"493234651","municipality_code":"38506","municipality":"愛南町","total_population":69,"population_65plus":33,"population_75plus":12,"aging_rate_65plus":0.4782608695652174,"aging_rate_75plus":0.17391304347826086,"population_status":"0","population_status_target":null,"population_aggregation_target":null,"age_65plus_missing":false,"age_75plus_missing":false,"age_quality_flag":"ok","data_completeness":"complete"}},{"type":"Feature","geometry":{"type":"Polygon","coordinates":[[[132.5625,32.97083333333333],[132.56875,32.97083333333333],[132.56875,32.975],[132.5625,32.975],[132.5625,32.97083333333333]]]},"properties":{"type":"Feature","mesh_id":"493234652","municipality_code":"38506","municipality":"愛南町","total_population":126,"population_65plus":53,"population_75plus":27,"aging_rate_65plus":0.42063492063492064,"aging_rate_75plus":0.21428571428571427,"population_status":"0","population_status_target":null,"population_aggregation_target":null,"age_65plus_missing":false,"age_75plus_missing":false,"age_quality_flag":"ok","data_completeness":"complete"}},{"type":"Feature","geometry":{"type":"Polygon","coordinates":[[[132.56875,32.96666666666666],[132.575,32.96666666666666],[132.575,32.97083333333333],[132.56875,32.97083333333333],[132.56875,32.96666666666666]]]},"properties":{"type":"Feature","mesh_id":"493234653","municipality_code":"38506","municipality":"愛南町","total_population":10,"population_65plus":5,"population_75plus":2,"aging_rate_65plus":0.5,"aging_rate_75plus":0.2,"population_status":"0","population_status_target":null,"population_aggregation_target":null,"age_65plus_missing":false,"age_75plus_missing":false,"age_quality_flag":"ok","data_completeness":"complete"}},{"type":"Feature","geometry":{"type":"Polygon","coordinates":[[[132.56875,32.97083333333333],[132.575,32.97083333333333],[132.575,32.975],[132.56875,32.975],[132.56875,32.97083333333333]]]},"properties":{"type":"Feature","mesh_id":"493234654","municipality_code":"38506","municipality":"愛南町","total_population":25,"population_65plus":14,"population_75plus":12,"aging_rate_65plus":0.56,"aging_rate_75plus":0.48,"population_status":"0","population_status_target":null,"population_aggregation_target":null,"age_65plus_missing":false,"age_75plus_missing":false,"age_quality_flag":"ok","data_completeness":"complete"}},{"type":"Feature","geometry":{"type":"Polygon","coordinates":[[[132.575,32.96666666666666],[132.58124999999998,32.96666666666666],[132.58124999999998,32.97083333333333],[132.575,32.97083333333333],[132.575,32.96666666666666]]]},"properties":{"type":"Feature","mesh_id":"493234661","municipality_code":"38506","municipality":"愛南町","total_population":168,"population_65plus":59,"population_75plus":21,"aging_rate_65plus":0.35119047619047616,"aging_rate_75plus":0.125,"population_status":"0","population_status_target":null,"population_aggregation_target":null,"age_65plus_missing":false,"age_75plus_missing":false,"age_quality_flag":"ok","data_completeness":"complete"}},{"type":"Feature","geometry":{"type":"Polygon","coordinates":[[[132.575,32.97083333333333],[132.58124999999998,32.97083333333333],[132.58124999999998,32.975],[132.575,32.975],[132.575,32.97083333333333]]]},"properties":{"type":"Feature","mesh_id":"493234662","municipality_code":"38506","municipality":"愛南町","total_population":206,"population_65plus":87,"population_75plus":31,"aging_rate_65plus":0.4223300970873786,"aging_rate_75plus":0.15048543689320387,"population_status":"0","population_status_target":null,"population_aggregation_target":null,"age_65plus_missing":false,"age_75plus_missing":false,"age_quality_flag":"ok","data_completeness":"complete"}},{"type":"Feature","geometry":{"type":"Polygon","coordinates":[[[132.58124999999998,32.96666666666666],[132.58749999999998,32.96666666666666],[132.58749999999998,32.97083333333333],[132.58124999999998,32.97083333333333],[132.58124999999998,32.96666666666666]]]},"properties":{"type":"Feature","mesh_id":"493234663","municipality_code":"38506","municipality":"愛南町","total_population":127,"population_65plus":39,"population_75plus":13,"aging_rate_65plus":0.30708661417322836,"aging_rate_75plus":0.10236220472440945,"population_status":"0","population_status_target":null,"population_aggregation_target":null,"age_65plus_missing":false,"age_75plus_missing":false,"age_quality_flag":"ok","data_completeness":"complete"}},{"type":"Feature","geometry":{"type":"Polygon","coordinates":[[[132.58124999999998,32.97083333333333],[132.58749999999998,32.97083333333333],[132.58749999999998,32.975],[132.58124999999998,32.975],[132.58124999999998,32.97083333333333]]]},"properties":{"type":"Feature","mesh_id":"493234664","municipality_code":"38506","municipality":"愛南町","total_population":69,"population_65plus":31,"population_75plus":16,"aging_rate_65plus":0.4492753623188406,"aging_rate_75plus":0.2318840579710145,"population_status":"0","population_status_target":null,"population_aggregation_target":null,"age_65plus_missing":false,"age_75plus_missing":false,"age_quality_flag":"ok","data_completeness":"complete"}},{"type":"Feature","geometry":{"type":"Polygon","coordinates":[[[132.5875,32.96666666666666],[132.59375,32.96666666666666],[132.59375,32.97083333333333],[132.5875,32.97083333333333],[132.5875,32.96666666666666]]]},"properties":{"type":"Feature","mesh_id":"493234671","municipality_code":"38506","municipality":"愛南町","total_population":14,"population_65plus":9,"population_75plus":2,"aging_rate_65plus":0.6428571428571429,"aging_rate_75plus":0.14285714285714285,"population_status":"0","population_status_target":null,"population_aggregation_target":null,"age_65plus_missing":false,"age_75plus_missing":false,"age_quality_flag":"ok","data_completeness":"complete"}},{"type":"Feature","geometry":{"type":"Polygon","coordinates":[[[132.5875,32.97083333333333],[132.59375,32.97083333333333],[132.59375,32.975],[132.5875,32.975],[132.5875,32.97083333333333]]]},"properties":{"type":"Feature","mesh_id":"493234672","municipality_code":"38506","municipality":"愛南町","total_population":133,"population_65plus":60,"population_75plus":36,"aging_rate_65plus":0.45112781954887216,"aging_rate_75plus":0.2706766917293233,"population_status":"0","population_status_target":null,"population_aggregation_target":null,"age_65plus_missing":false,"age_75plus_missing":false,"age_quality_flag":"ok","data_completeness":"complete"}},{"type":"Feature","geometry":{"type":"Polygon","coordinates":[[[132.59375,32.96666666666666],[132.6,32.96666666666666],[132.6,32.97083333333333],[132.59375,32.97083333333333],[132.59375,32.96666666666666]]]},"properties":{"type":"Feature","mesh_id":"493234673","municipality_code":"38506","municipality":"愛南町","total_population":71,"population_65plus":33,"population_75plus":16,"aging_rate_65plus":0.4647887323943662,"aging_rate_75plus":0.22535211267605634,"population_status":"0","population_status_target":null,"population_aggregation_target":null,"age_65plus_missing":false,"age_75plus_missing":false,"age_quality_flag":"ok","data_completeness":"complete"}},{"type":"Feature","geometry":{"type":"Polygon","coordinates":[[[132.59375,32.97083333333333],[132.6,32.97083333333333],[132.6,32.975],[132.59375,32.975],[132.59375,32.97083333333333]]]},"properties":{"type":"Feature","mesh_id":"493234674","municipality_code":"38506","municipality":"愛南町","total_population":146,"population_65plus":67,"population_75plus":34,"aging_rate_65plus":0.4589041095890411,"aging_rate_75plus":0.2328767123287671,"population_status":"0","population_status_target":null,"population_aggregation_target":null,"age_65plus_missing":false,"age_75plus_missing":false,"age_quality_flag":"ok","data_completeness":"complete"}},{"type":"Feature","geometry":{"type":"Polygon","coordinates":[[[132.6,32.97083333333333],[132.60625,32.97083333333333],[132.60625,32.975],[132.6,32.975],[132.6,32.97083333333333]]]},"properties":{"type":"Feature","mesh_id":"493234682","municipality_code":"38506","municipality":"愛南町","total_population":90,"population_65plus":40,"population_75plus":17,"aging_rate_65plus":0.4444444444444444,"aging_rate_75plus":0.18888888888888888,"population_status":"0","population_status_target":null,"population_aggregation_target":null,"age_65plus_missing":false,"age_75plus_missing":false,"age_quality_flag":"ok","data_completeness":"complete"}},{"type":"Feature","geometry":{"type":"Polygon","coordinates":[[[132.60625,32.96666666666666],[132.61249999999998,32.96666666666666],[132.61249999999998,32.97083333333333],[132.60625,32.97083333333333],[132.60625,32.96666666666666]]]},"properties":{"type":"Feature","mesh_id":"493234683","municipality_code":"38506","municipality":"愛南町","total_population":77,"population_65plus":30,"population_75plus":10,"aging_rate_65plus":0.38961038961038963,"aging_rate_75plus":0.12987012987012986,"population_status":"0","population_status_target":null,"population_aggregation_target":null,"age_65plus_missing":false,"age_75plus_missing":false,"age_quality_flag":"ok","data_completeness":"complete"}},{"type":"Feature","geometry":{"type":"Polygon","coordinates":[[[132.60625,32.97083333333333],[132.61249999999998,32.97083333333333],[132.61249999999998,32.975],[132.60625,32.975],[132.60625,32.97083333333333]]]},"properties":{"type":"Feature","mesh_id":"493234684","municipality_code":"38506","municipality":"愛南町","total_population":11,"population_65plus":6,"population_75plus":3,"aging_rate_65plus":0.5454545454545454,"aging_rate_75plus":0.2727272727272727,"population_status":"0","population_status_target":null,"population_aggregation_target":null,"age_65plus_missing":false,"age_75plus_missing":false,"age_quality_flag":"ok","data_completeness":"complete"}},{"type":"Feature","geometry":{"type":"Polygon","coordinates":[[[132.6125,32.96666666666666],[132.61875,32.96666666666666],[132.61875,32.97083333333333],[132.6125,32.97083333333333],[132.6125,32.96666666666666]]]},"properties":{"type":"Feature","mesh_id":"493234691","municipality_code":"38506","municipality":"愛南町","total_population":90,"population_65plus":42,"population_75plus":20,"aging_rate_65plus":0.4666666666666667,"aging_rate_75plus":0.2222222222222222,"population_status":"0","population_status_target":null,"population_aggregation_target":null,"age_65plus_missing":false,"age_75plus_missing":false,"age_quality_flag":"ok","data_completeness":"complete"}},{"type":"Feature","geometry":{"type":"Polygon","coordinates":[[[132.6125,32.97083333333333],[132.61875,32.97083333333333],[132.61875,32.975],[132.6125,32.975],[132.6125,32.97083333333333]]]},"properties":{"type":"Feature","mesh_id":"493234692","municipality_code":"38506","municipality":"愛南町","total_population":17,"population_65plus":8,"population_75plus":3,"aging_rate_65plus":0.47058823529411764,"aging_rate_75plus":0.17647058823529413,"population_status":"1","population_status_target":null,"population_aggregation_target":"493234694;493234792","age_65plus_missing":false,"age_75plus_missing":false,"age_quality_flag":"ok","data_completeness":"complete"}},{"type":"Feature","geometry":{"type":"Polygon","coordinates":[[[132.61875,32.97083333333333],[132.625,32.97083333333333],[132.625,32.975],[132.61875,32.975],[132.61875,32.97083333333333]]]},"properties":{"type":"Feature","mesh_id":"493234694","municipality_code":"38506","municipality":"愛南町","total_population":4,"population_65plus":null,"population_75plus":null,"aging_rate_65plus":null,"aging_rate_75plus":null,"population_status":"2","population_status_target":"493234692","population_aggregation_target":null,"age_65plus_missing":true,"age_75plus_missing":true,"age_quality_flag":"ok","data_completeness":"partial"}},{"type":"Feature","geometry":{"type":"Polygon","coordinates":[[[132.5125,32.974999999999994],[132.51874999999998,32.974999999999994],[132.51874999999998,32.979166666666664],[132.5125,32.979166666666664],[132.5125,32.974999999999994]]]},"properties":{"type":"Feature","mesh_id":"493234711","municipality_code":"38506","municipality":"愛南町","total_population":45,"population_65plus":23,"population_75plus":13,"aging_rate_65plus":0.5111111111111111,"aging_rate_75plus":0.28888888888888886,"population_status":"0","population_status_target":null,"population_aggregation_target":null,"age_65plus_missing":false,"age_75plus_missing":false,"age_quality_flag":"ok","data_completeness":"complete"}},{"type":"Feature","geometry":{"type":"Polygon","coordinates":[[[132.5125,32.979166666666664],[132.51874999999998,32.979166666666664],[132.51874999999998,32.983333333333334],[132.5125,32.983333333333334],[132.5125,32.979166666666664]]]},"properties":{"type":"Feature","mesh_id":"493234712","municipality_code":"38506","municipality":"愛南町","total_population":29,"population_65plus":14,"population_75plus":6,"aging_rate_65plus":0.4827586206896552,"aging_rate_75plus":0.20689655172413793,"population_status":"1","population_status_target":null,"population_aggregation_target":"493234713","age_65plus_missing":false,"age_75plus_missing":false,"age_quality_flag":"ok","data_completeness":"complete"}},{"type":"Feature","geometry":{"type":"Polygon","coordinates":[[[132.51874999999998,32.974999999999994],[132.52499999999998,32.974999999999994],[132.52499999999998,32.979166666666664],[132.51874999999998,32.979166666666664],[132.51874999999998,32.974999999999994]]]},"properties":{"type":"Feature","mesh_id":"493234713","municipality_code":"38506","municipality":"愛南町","total_population":9,"population_65plus":null,"population_75plus":null,"aging_rate_65plus":null,"aging_rate_75plus":null,"population_status":"2","population_status_target":"493234712","population_aggregation_target":null,"age_65plus_missing":true,"age_75plus_missing":true,"age_quality_flag":"ok","data_completeness":"partial"}},{"type":"Feature","geometry":{"type":"Polygon","coordinates":[[[132.51874999999998,32.979166666666664],[132.52499999999998,32.979166666666664],[132.52499999999998,32.983333333333334],[132.51874999999998,32.983333333333334],[132.51874999999998,32.979166666666664]]]},"properties":{"type":"Feature","mesh_id":"493234714","municipality_code":"38506","municipality":"愛南町","total_population":13,"population_65plus":10,"population_75plus":8,"aging_rate_65plus":0.7692307692307693,"aging_rate_75plus":0.6153846153846154,"population_status":"0","population_status_target":null,"population_aggregation_target":null,"age_65plus_missing":false,"age_75plus_missing":false,"age_quality_flag":"ok","data_completeness":"complete"}},{"type":"Feature","geometry":{"type":"Polygon","coordinates":[[[132.525,32.974999999999994],[132.53125,32.974999999999994],[132.53125,32.979166666666664],[132.525,32.979166666666664],[132.525,32.974999999999994]]]},"properties":{"type":"Feature","mesh_id":"493234721","municipality_code":"38506","municipality":"愛南町","total_population":17,"population_65plus":4,"population_75plus":2,"aging_rate_65plus":0.23529411764705882,"aging_rate_75plus":0.11764705882352941,"population_status":"0","population_status_target":null,"population_aggregation_target":null,"age_65plus_missing":false,"age_75plus_missing":false,"age_quality_flag":"ok","data_completeness":"complete"}},{"type":"Feature","geometry":{"type":"Polygon","coordinates":[[[132.525,32.979166666666664],[132.53125,32.979166666666664],[132.53125,32.983333333333334],[132.525,32.983333333333334],[132.525,32.979166666666664]]]},"properties":{"type":"Feature","mesh_id":"493234722","municipality_code":"38506","municipality":"愛南町","total_population":34,"population_65plus":16,"population_75plus":11,"aging_rate_65plus":0.47058823529411764,"aging_rate_75plus":0.3235294117647059,"population_status":"0","population_status_target":null,"population_aggregation_target":null,"age_65plus_missing":false,"age_75plus_missing":false,"age_quality_flag":"ok","data_completeness":"complete"}},{"type":"Feature","geometry":{"type":"Polygon","coordinates":[[[132.53125,32.974999999999994],[132.5375,32.974999999999994],[132.5375,32.979166666666664],[132.53125,32.979166666666664],[132.53125,32.974999999999994]]]},"properties":{"type":"Feature","mesh_id":"493234723","municipality_code":"38506","municipality":"愛南町","total_population":20,"population_65plus":5,"population_75plus":3,"aging_rate_65plus":0.25,"aging_rate_75plus":0.15,"population_status":"0","population_status_target":null,"population_aggregation_target":null,"age_65plus_missing":false,"age_75plus_missing":false,"age_quality_flag":"ok","data_completeness":"complete"}},{"type":"Feature","geometry":{"type":"Polygon","coordinates":[[[132.5375,32.979166666666664],[132.54375,32.979166666666664],[132.54375,32.983333333333334],[132.5375,32.983333333333334],[132.5375,32.979166666666664]]]},"properties":{"type":"Feature","mesh_id":"493234732","municipality_code":"38506","municipality":"愛南町","total_population":17,"population_65plus":7,"population_75plus":4,"aging_rate_65plus":0.4117647058823529,"aging_rate_75plus":0.23529411764705882,"population_status":"0","population_status_target":null,"population_aggregation_target":null,"age_65plus_missing":false,"age_75plus_missing":false,"age_quality_flag":"ok","data_completeness":"complete"}},{"type":"Feature","geometry":{"type":"Polygon","coordinates":[[[132.54375,32.979166666666664],[132.54999999999998,32.979166666666664],[132.54999999999998,32.983333333333334],[132.54375,32.983333333333334],[132.54375,32.979166666666664]]]},"properties":{"type":"Feature","mesh_id":"493234734","municipality_code":"38506","municipality":"愛南町","total_population":24,"population_65plus":15,"population_75plus":5,"aging_rate_65plus":0.625,"aging_rate_75plus":0.20833333333333334,"population_status":"1","population_status_target":null,"population_aggregation_target":"493234832","age_65plus_missing":false,"age_75plus_missing":false,"age_quality_flag":"ok","data_completeness":"complete"}},{"type":"Feature","geometry":{"type":"Polygon","coordinates":[[[132.5625,32.974999999999994],[132.56875,32.974999999999994],[132.56875,32.979166666666664],[132.5625,32.979166666666664],[132.5625,32.974999999999994]]]},"properties":{"type":"Feature","mesh_id":"493234751","municipality_code":"38506","municipality":"愛南町","total_population":2,"population_65plus":null,"population_75plus":null,"aging_rate_65plus":null,"aging_rate_75plus":null,"population_status":"2","population_status_target":"493234752","population_aggregation_target":null,"age_65plus_missing":true,"age_75plus_missing":true,"age_quality_flag":"ok","data_completeness":"partial"}},{"type":"Feature","geometry":{"type":"Polygon","coordinates":[[[132.5625,32.979166666666664],[132.56875,32.979166666666664],[132.56875,32.983333333333334],[132.5625,32.983333333333334],[132.5625,32.979166666666664]]]},"properties":{"type":"Feature","mesh_id":"493234752","municipality_code":"38506","municipality":"愛南町","total_population":42,"population_65plus":16,"population_75plus":9,"aging_rate_65plus":0.38095238095238093,"aging_rate_75plus":0.21428571428571427,"population_status":"1","population_status_target":null,"population_aggregation_target":"493234751","age_65plus_missing":false,"age_75plus_missing":false,"age_quality_flag":"ok","data_completeness":"complete"}},{"type":"Feature","geometry":{"type":"Polygon","coordinates":[[[132.56875,32.974999999999994],[132.575,32.974999999999994],[132.575,32.979166666666664],[132.56875,32.979166666666664],[132.56875,32.974999999999994]]]},"properties":{"type":"Feature","mesh_id":"493234753","municipality_code":"38506","municipality":"愛南町","total_population":22,"population_65plus":10,"population_75plus":3,"aging_rate_65plus":0.45454545454545453,"aging_rate_75plus":0.13636363636363635,"population_status":"0","population_status_target":null,"population_aggregation_target":null,"age_65plus_missing":false,"age_75plus_missing":false,"age_quality_flag":"ok","data_completeness":"complete"}},{"type":"Feature","geometry":{"type":"Polygon","coordinates":[[[132.56875,32.979166666666664],[132.575,32.979166666666664],[132.575,32.983333333333334],[132.56875,32.983333333333334],[132.56875,32.979166666666664]]]},"properties":{"type":"Feature","mesh_id":"493234754","municipality_code":"38506","municipality":"愛南町","total_population":19,"population_65plus":11,"population_75plus":5,"aging_rate_65plus":0.5789473684210527,"aging_rate_75plus":0.2631578947368421,"population_status":"0","population_status_target":null,"population_aggregation_target":null,"age_65plus_missing":false,"age_75plus_missing":false,"age_quality_flag":"ok","data_completeness":"complete"}},{"type":"Feature","geometry":{"type":"Polygon","coordinates":[[[132.575,32.974999999999994],[132.58124999999998,32.974999999999994],[132.58124999999998,32.979166666666664],[132.575,32.979166666666664],[132.575,32.974999999999994]]]},"properties":{"type":"Feature","mesh_id":"493234761","municipality_code":"38506","municipality":"愛南町","total_population":44,"population_65plus":19,"population_75plus":12,"aging_rate_65plus":0.4318181818181818,"aging_rate_75plus":0.2727272727272727,"population_status":"0","population_status_target":null,"population_aggregation_target":null,"age_65plus_missing":false,"age_75plus_missing":false,"age_quality_flag":"ok","data_completeness":"complete"}},{"type":"Feature","geometry":{"type":"Polygon","coordinates":[[[132.575,32.979166666666664],[132.58124999999998,32.979166666666664],[132.58124999999998,32.983333333333334],[132.575,32.983333333333334],[132.575,32.979166666666664]]]},"properties":{"type":"Feature","mesh_id":"493234762","municipality_code":"38506","municipality":"愛南町","total_population":76,"population_65plus":36,"population_75plus":17,"aging_rate_65plus":0.47368421052631576,"aging_rate_75plus":0.2236842105263158,"population_status":"0","population_status_target":null,"population_aggregation_target":null,"age_65plus_missing":false,"age_75plus_missing":false,"age_quality_flag":"ok","data_completeness":"complete"}},{"type":"Feature","geometry":{"type":"Polygon","coordinates":[[[132.58124999999998,32.974999999999994],[132.58749999999998,32.974999999999994],[132.58749999999998,32.979166666666664],[132.58124999999998,32.979166666666664],[132.58124999999998,32.974999999999994]]]},"properties":{"type":"Feature","mesh_id":"493234763","municipality_code":"38506","municipality":"愛南町","total_population":36,"population_65plus":23,"population_75plus":14,"aging_rate_65plus":0.6388888888888888,"aging_rate_75plus":0.3888888888888889,"population_status":"0","population_status_target":null,"population_aggregation_target":null,"age_65plus_missing":false,"age_75plus_missing":false,"age_quality_flag":"ok","data_completeness":"complete"}},{"type":"Feature","geometry":{"type":"Polygon","coordinates":[[[132.58124999999998,32.979166666666664],[132.58749999999998,32.979166666666664],[132.58749999999998,32.983333333333334],[132.58124999999998,32.983333333333334],[132.58124999999998,32.979166666666664]]]},"properties":{"type":"Feature","mesh_id":"493234764","municipality_code":"38506","municipality":"愛南町","total_population":29,"population_65plus":11,"population_75plus":6,"aging_rate_65plus":0.3793103448275862,"aging_rate_75plus":0.20689655172413793,"population_status":"0","population_status_target":null,"population_aggregation_target":null,"age_65plus_missing":false,"age_75plus_missing":false,"age_quality_flag":"ok","data_completeness":"complete"}},{"type":"Feature","geometry":{"type":"Polygon","coordinates":[[[132.6,32.974999999999994],[132.60625,32.974999999999994],[132.60625,32.979166666666664],[132.6,32.979166666666664],[132.6,32.974999999999994]]]},"properties":{"type":"Feature","mesh_id":"493234781","municipality_code":"38506","municipality":"愛南町","total_population":55,"population_65plus":28,"population_75plus":20,"aging_rate_65plus":0.509090909090909,"aging_rate_75plus":0.36363636363636365,"population_status":"0","population_status_target":null,"population_aggregation_target":null,"age_65plus_missing":false,"age_75plus_missing":false,"age_quality_flag":"ok","data_completeness":"complete"}},{"type":"Feature","geometry":{"type":"Polygon","coordinates":[[[132.6,32.979166666666664],[132.60625,32.979166666666664],[132.60625,32.983333333333334],[132.6,32.983333333333334],[132.6,32.979166666666664]]]},"properties":{"type":"Feature","mesh_id":"493234782","municipality_code":"38506","municipality":"愛南町","total_population":67,"population_65plus":30,"population_75plus":17,"aging_rate_65plus":0.44776119402985076,"aging_rate_75plus":0.2537313432835821,"population_status":"0","population_status_target":null,"population_aggregation_target":null,"age_65plus_missing":false,"age_75plus_missing":false,"age_quality_flag":"ok","data_completeness":"complete"}},{"type":"Feature","geometry":{"type":"Polygon","coordinates":[[[132.60625,32.974999999999994],[132.61249999999998,32.974999999999994],[132.61249999999998,32.979166666666664],[132.60625,32.979166666666664],[132.60625,32.974999999999994]]]},"properties":{"type":"Feature","mesh_id":"493234783","municipality_code":"38506","municipality":"愛南町","total_population":41,"population_65plus":29,"population_75plus":11,"aging_rate_65plus":0.7073170731707317,"aging_rate_75plus":0.2682926829268293,"population_status":"0","population_status_target":null,"population_aggregation_target":null,"age_65plus_missing":false,"age_75plus_missing":false,"age_quality_flag":"ok","data_completeness":"complete"}},{"type":"Feature","geometry":{"type":"Polygon","coordinates":[[[132.60625,32.979166666666664],[132.61249999999998,32.979166666666664],[132.61249999999998,32.983333333333334],[132.60625,32.983333333333334],[132.60625,32.979166666666664]]]},"properties":{"type":"Feature","mesh_id":"493234784","municipality_code":"38506","municipality":"愛南町","total_population":72,"population_65plus":32,"population_75plus":22,"aging_rate_65plus":0.4444444444444444,"aging_rate_75plus":0.3055555555555556,"population_status":"0","population_status_target":null,"population_aggregation_target":null,"age_65plus_missing":false,"age_75plus_missing":false,"age_quality_flag":"ok","data_completeness":"complete"}},{"type":"Feature","geometry":{"type":"Polygon","coordinates":[[[132.6125,32.979166666666664],[132.61875,32.979166666666664],[132.61875,32.983333333333334],[132.6125,32.983333333333334],[132.6125,32.979166666666664]]]},"properties":{"type":"Feature","mesh_id":"493234792","municipality_code":"38506","municipality":"愛南町","total_population":1,"population_65plus":null,"population_75plus":null,"aging_rate_65plus":null,"aging_rate_75plus":null,"population_status":"2","population_status_target":"493234692","population_aggregation_target":null,"age_65plus_missing":true,"age_75plus_missing":true,"age_quality_flag":"ok","data_completeness":"partial"}},{"type":"Feature","geometry":{"type":"Polygon","coordinates":[[[132.50625,32.987500000000004],[132.5125,32.987500000000004],[132.5125,32.991666666666674],[132.50625,32.991666666666674],[132.50625,32.987500000000004]]]},"properties":{"type":"Feature","mesh_id":"493234804","municipality_code":"38506","municipality":"愛南町","total_population":6,"population_65plus":null,"population_75plus":null,"aging_rate_65plus":null,"aging_rate_75plus":null,"population_status":"2","population_status_target":"493234813","population_aggregation_target":null,"age_65plus_missing":true,"age_75plus_missing":true,"age_quality_flag":"ok","data_completeness":"partial"}},{"type":"Feature","geometry":{"type":"Polygon","coordinates":[[[132.5125,32.987500000000004],[132.51874999999998,32.987500000000004],[132.51874999999998,32.991666666666674],[132.5125,32.991666666666674],[132.5125,32.987500000000004]]]},"properties":{"type":"Feature","mesh_id":"493234812","municipality_code":"38506","municipality":"愛南町","total_population":29,"population_65plus":12,"population_75plus":10,"aging_rate_65plus":0.41379310344827586,"aging_rate_75plus":0.3448275862068966,"population_status":"0","population_status_target":null,"population_aggregation_target":null,"age_65plus_missing":false,"age_75plus_missing":false,"age_quality_flag":"ok","data_completeness":"complete"}},{"type":"Feature","geometry":{"type":"Polygon","coordinates":[[[132.51874999999998,32.983333333333334],[132.52499999999998,32.983333333333334],[132.52499999999998,32.987500000000004],[132.51874999999998,32.987500000000004],[132.51874999999998,32.983333333333334]]]},"properties":{"type":"Feature","mesh_id":"493234813","municipality_code":"38506","municipality":"愛南町","total_population":20,"population_65plus":10,"population_75plus":4,"aging_rate_65plus":0.5,"aging_rate_75plus":0.2,"population_status":"1","population_status_target":null,"population_aggregation_target":"493234804","age_65plus_missing":false,"age_75plus_missing":false,"age_quality_flag":"ok","data_completeness":"complete"}},{"type":"Feature","geometry":{"type":"Polygon","coordinates":[[[132.51874999999998,32.987500000000004],[132.52499999999998,32.987500000000004],[132.52499999999998,32.991666666666674],[132.51874999999998,32.991666666666674],[132.51874999999998,32.987500000000004]]]},"properties":{"type":"Feature","mesh_id":"493234814","municipality_code":"38506","municipality":"愛南町","total_population":26,"population_65plus":14,"population_75plus":6,"aging_rate_65plus":0.5384615384615384,"aging_rate_75plus":0.23076923076923078,"population_status":"0","population_status_target":null,"population_aggregation_target":null,"age_65plus_missing":false,"age_75plus_missing":false,"age_quality_flag":"ok","data_completeness":"complete"}},{"type":"Feature","geometry":{"type":"Polygon","coordinates":[[[132.525,32.983333333333334],[132.53125,32.983333333333334],[132.53125,32.987500000000004],[132.525,32.987500000000004],[132.525,32.983333333333334]]]},"properties":{"type":"Feature","mesh_id":"493234821","municipality_code":"38506","municipality":"愛南町","total_population":25,"population_65plus":9,"population_75plus":6,"aging_rate_65plus":0.36,"aging_rate_75plus":0.24,"population_status":"0","population_status_target":null,"population_aggregation_target":null,"age_65plus_missing":false,"age_75plus_missing":false,"age_quality_flag":"ok","data_completeness":"complete"}},{"type":"Feature","geometry":{"type":"Polygon","coordinates":[[[132.5375,32.987500000000004],[132.54375,32.987500000000004],[132.54375,32.991666666666674],[132.5375,32.991666666666674],[132.5375,32.987500000000004]]]},"properties":{"type":"Feature","mesh_id":"493234832","municipality_code":"38506","municipality":"愛南町","total_population":4,"population_65plus":null,"population_75plus":null,"aging_rate_65plus":null,"aging_rate_75plus":null,"population_status":"2","population_status_target":"493234734","population_aggregation_target":null,"age_65plus_missing":true,"age_75plus_missing":true,"age_quality_flag":"ok","data_completeness":"partial"}},{"type":"Feature","geometry":{"type":"Polygon","coordinates":[[[132.55625,32.987500000000004],[132.5625,32.987500000000004],[132.5625,32.991666666666674],[132.55625,32.991666666666674],[132.55625,32.987500000000004]]]},"properties":{"type":"Feature","mesh_id":"493234844","municipality_code":"38506","municipality":"愛南町","total_population":5,"population_65plus":null,"population_75plus":null,"aging_rate_65plus":null,"aging_rate_75plus":null,"population_status":"2","population_status_target":"493234853","population_aggregation_target":null,"age_65plus_missing":true,"age_75plus_missing":true,"age_quality_flag":"ok","data_completeness":"partial"}},{"type":"Feature","geometry":{"type":"Polygon","coordinates":[[[132.56875,32.983333333333334],[132.575,32.983333333333334],[132.575,32.987500000000004],[132.56875,32.987500000000004],[132.56875,32.983333333333334]]]},"properties":{"type":"Feature","mesh_id":"493234853","municipality_code":"38506","municipality":"愛南町","total_population":3,"population_65plus":null,"population_75plus":null,"aging_rate_65plus":null,"aging_rate_75plus":null,"population_status":"1","population_status_target":null,"population_aggregation_target":"493234844;493234942;493234943","age_65plus_missing":true,"age_75plus_missing":true,"age_quality_flag":"inconsistent_with_total","data_completeness":"partial"}},{"type":"Feature","geometry":{"type":"Polygon","coordinates":[[[132.56875,32.987500000000004],[132.575,32.987500000000004],[132.575,32.991666666666674],[132.56875,32.991666666666674],[132.56875,32.987500000000004]]]},"properties":{"type":"Feature","mesh_id":"493234854","municipality_code":"38506","municipality":"愛南町","total_population":22,"population_65plus":15,"population_75plus":8,"aging_rate_65plus":0.6818181818181818,"aging_rate_75plus":0.36363636363636365,"population_status":"0","population_status_target":null,"population_aggregation_target":null,"age_65plus_missing":false,"age_75plus_missing":false,"age_quality_flag":"ok","data_completeness":"complete"}},{"type":"Feature","geometry":{"type":"Polygon","coordinates":[[[132.575,32.983333333333334],[132.58124999999998,32.983333333333334],[132.58124999999998,32.987500000000004],[132.575,32.987500000000004],[132.575,32.983333333333334]]]},"properties":{"type":"Feature","mesh_id":"493234861","municipality_code":"38506","municipality":"愛南町","total_population":34,"population_65plus":16,"population_75plus":8,"aging_rate_65plus":0.47058823529411764,"aging_rate_75plus":0.23529411764705882,"population_status":"0","population_status_target":null,"population_aggregation_target":null,"age_65plus_missing":false,"age_75plus_missing":false,"age_quality_flag":"ok","data_completeness":"complete"}},{"type":"Feature","geometry":{"type":"Polygon","coordinates":[[[132.58124999999998,32.983333333333334],[132.58749999999998,32.983333333333334],[132.58749999999998,32.987500000000004],[132.58124999999998,32.987500000000004],[132.58124999999998,32.983333333333334]]]},"properties":{"type":"Feature","mesh_id":"493234863","municipality_code":"38506","municipality":"愛南町","total_population":8,"population_65plus":3,"population_75plus":3,"aging_rate_65plus":0.375,"aging_rate_75plus":0.375,"population_status":"0","population_status_target":null,"population_aggregation_target":null,"age_65plus_missing":false,"age_75plus_missing":false,"age_quality_flag":"ok","data_completeness":"complete"}},{"type":"Feature","geometry":{"type":"Polygon","coordinates":[[[132.5875,32.987500000000004],[132.59375,32.987500000000004],[132.59375,32.991666666666674],[132.5875,32.991666666666674],[132.5875,32.987500000000004]]]},"properties":{"type":"Feature","mesh_id":"493234872","municipality_code":"38506","municipality":"愛南町","total_population":10,"population_65plus":10,"population_75plus":4,"aging_rate_65plus":1.0,"aging_rate_75plus":0.4,"population_status":"1","population_status_target":null,"population_aggregation_target":"493234873;493234874","age_65plus_missing":false,"age_75plus_missing":false,"age_quality_flag":"ok","data_completeness":"complete"}},{"type":"Feature","geometry":{"type":"Polygon","coordinates":[[[132.59375,32.983333333333334],[132.6,32.983333333333334],[132.6,32.987500000000004],[132.59375,32.987500000000004],[132.59375,32.983333333333334]]]},"properties":{"type":"Feature","mesh_id":"493234873","municipality_code":"38506","municipality":"愛南町","total_population":2,"population_65plus":null,"population_75plus":null,"aging_rate_65plus":null,"aging_rate_75plus":null,"population_status":"2","population_status_target":"493234872","population_aggregation_target":null,"age_65plus_missing":true,"age_75plus_missing":true,"age_quality_flag":"ok","data_completeness":"partial"}},{"type":"Feature","geometry":{"type":"Polygon","coordinates":[[[132.59375,32.987500000000004],[132.6,32.987500000000004],[132.6,32.991666666666674],[132.59375,32.991666666666674],[132.59375,32.987500000000004]]]},"properties":{"type":"Feature","mesh_id":"493234874","municipality_code":"38506","municipality":"愛南町","total_population":7,"population_65plus":null,"population_75plus":null,"aging_rate_65plus":null,"aging_rate_75plus":null,"population_status":"2","population_status_target":"493234872","population_aggregation_target":null,"age_65plus_missing":true,"age_75plus_missing":true,"age_quality_flag":"ok","data_completeness":"partial"}},{"type":"Feature","geometry":{"type":"Polygon","coordinates":[[[132.6,32.983333333333334],[132.60625,32.983333333333334],[132.60625,32.987500000000004],[132.6,32.987500000000004],[132.6,32.983333333333334]]]},"properties":{"type":"Feature","mesh_id":"493234881","municipality_code":"38506","municipality":"愛南町","total_population":5,"population_65plus":null,"population_75plus":null,"aging_rate_65plus":null,"aging_rate_75plus":null,"population_status":"2","population_status_target":"493234882","population_aggregation_target":null,"age_65plus_missing":true,"age_75plus_missing":true,"age_quality_flag":"ok","data_completeness":"partial"}},{"type":"Feature","geometry":{"type":"Polygon","coordinates":[[[132.6,32.987500000000004],[132.60625,32.987500000000004],[132.60625,32.991666666666674],[132.6,32.991666666666674],[132.6,32.987500000000004]]]},"properties":{"type":"Feature","mesh_id":"493234882","municipality_code":"38506","municipality":"愛南町","total_population":7,"population_65plus":null,"population_75plus":null,"aging_rate_65plus":null,"aging_rate_75plus":null,"population_status":"1","population_status_target":null,"population_aggregation_target":"493234881","age_65plus_missing":true,"age_75plus_missing":true,"age_quality_flag":"inconsistent_with_total","data_completeness":"partial"}},{"type":"Feature","geometry":{"type":"Polygon","coordinates":[[[132.60625,32.983333333333334],[132.61249999999998,32.983333333333334],[132.61249999999998,32.987500000000004],[132.60625,32.987500000000004],[132.60625,32.983333333333334]]]},"properties":{"type":"Feature","mesh_id":"493234883","municipality_code":"38506","municipality":"愛南町","total_population":7,"population_65plus":null,"population_75plus":null,"aging_rate_65plus":null,"aging_rate_75plus":null,"population_status":"2","population_status_target":"493234884","population_aggregation_target":null,"age_65plus_missing":true,"age_75plus_missing":true,"age_quality_flag":"ok","data_completeness":"partial"}},{"type":"Feature","geometry":{"type":"Polygon","coordinates":[[[132.60625,32.987500000000004],[132.61249999999998,32.987500000000004],[132.61249999999998,32.991666666666674],[132.60625,32.991666666666674],[132.60625,32.987500000000004]]]},"properties":{"type":"Feature","mesh_id":"493234884","municipality_code":"38506","municipality":"愛南町","total_population":2,"population_65plus":null,"population_75plus":null,"aging_rate_65plus":null,"aging_rate_75plus":null,"population_status":"1","population_status_target":null,"population_aggregation_target":"493234883","age_65plus_missing":true,"age_75plus_missing":true,"age_quality_flag":"inconsistent_with_total","data_completeness":"partial"}},{"type":"Feature","geometry":{"type":"Polygon","coordinates":[[[132.6125,32.983333333333334],[132.61875,32.983333333333334],[132.61875,32.987500000000004],[132.6125,32.987500000000004],[132.6125,32.983333333333334]]]},"properties":{"type":"Feature","mesh_id":"493234891","municipality_code":"38506","municipality":"愛南町","total_population":3,"population_65plus":null,"population_75plus":null,"aging_rate_65plus":null,"aging_rate_75plus":null,"population_status":"2","population_status_target":"493234893","population_aggregation_target":null,"age_65plus_missing":true,"age_75plus_missing":true,"age_quality_flag":"ok","data_completeness":"partial"}},{"type":"Feature","geometry":{"type":"Polygon","coordinates":[[[132.61875,32.983333333333334],[132.625,32.983333333333334],[132.625,32.987500000000004],[132.61875,32.987500000000004],[132.61875,32.983333333333334]]]},"properties":{"type":"Feature","mesh_id":"493234893","municipality_code":"38506","municipality":"愛南町","total_population":12,"population_65plus":null,"population_75plus":null,"aging_rate_65plus":null,"aging_rate_75plus":null,"population_status":"1","population_status_target":null,"population_aggregation_target":"493234891;493234894","age_65plus_missing":true,"age_75plus_missing":true,"age_quality_flag":"inconsistent_with_total","data_completeness":"partial"}},{"type":"Feature","geometry":{"type":"Polygon","coordinates":[[[132.61875,32.987500000000004],[132.625,32.987500000000004],[132.625,32.991666666666674],[132.61875,32.991666666666674],[132.61875,32.987500000000004]]]},"properties":{"type":"Feature","mesh_id":"493234894","municipality_code":"38506","municipality":"愛南町","total_population":2,"population_65plus":null,"population_75plus":null,"aging_rate_65plus":null,"aging_rate_75plus":null,"population_status":"2","population_status_target":"493234893","population_aggregation_target":null,"age_65plus_missing":true,"age_75plus_missing":true,"age_quality_flag":"ok","data_completeness":"partial"}},{"type":"Feature","geometry":{"type":"Polygon","coordinates":[[[132.5125,32.99166666666667],[132.51874999999998,32.99166666666667],[132.51874999999998,32.99583333333334],[132.5125,32.99583333333334],[132.5125,32.99166666666667]]]},"properties":{"type":"Feature","mesh_id":"493234911","municipality_code":"38506","municipality":"愛南町","total_population":56,"population_65plus":38,"population_75plus":22,"aging_rate_65plus":0.6785714285714286,"aging_rate_75plus":0.39285714285714285,"population_status":"1","population_status_target":null,"population_aggregation_target":"493234914","age_65plus_missing":false,"age_75plus_missing":false,"age_quality_flag":"ok","data_completeness":"complete"}},{"type":"Feature","geometry":{"type":"Polygon","coordinates":[[[132.51874999999998,32.99166666666667],[132.52499999999998,32.99166666666667],[132.52499999999998,32.99583333333334],[132.51874999999998,32.99583333333334],[132.51874999999998,32.99166666666667]]]},"properties":{"type":"Feature","mesh_id":"493234913","municipality_code":"38506","municipality":"愛南町","total_population":25,"population_65plus":9,"population_75plus":8,"aging_rate_65plus":0.36,"aging_rate_75plus":0.32,"population_status":"0","population_status_target":null,"population_aggregation_target":null,"age_65plus_missing":false,"age_75plus_missing":false,"age_quality_flag":"ok","data_completeness":"complete"}},{"type":"Feature","geometry":{"type":"Polygon","coordinates":[[[132.51874999999998,32.99583333333334],[132.52499999999998,32.99583333333334],[132.52499999999998,33.00000000000001],[132.51874999999998,33.00000000000001],[132.51874999999998,32.99583333333334]]]},"properties":{"type":"Feature","mesh_id":"493234914","municipality_code":"38506","municipality":"愛南町","total_population":7,"population_65plus":null,"population_75plus":null,"aging_rate_65plus":null,"aging_rate_75plus":null,"population_status":"2","population_status_target":"493234911","population_aggregation_target":null,"age_65plus_missing":true,"age_75plus_missing":true,"age_quality_flag":"ok","data_completeness":"partial"}},{"type":"Feature","geometry":{"type":"Polygon","coordinates":[[[132.55,32.99583333333334],[132.55625,32.99583333333334],[132.55625,33.00000000000001],[132.55,33.00000000000001],[132.55,32.99583333333334]]]},"properties":{"type":"Feature","mesh_id":"493234942","municipality_code":"38506","municipality":"愛南町","total_population":4,"population_65plus":null,"population_75plus":null,"aging_rate_65plus":null,"aging_rate_75plus":null,"population_status":"2","population_status_target":"493234853","population_aggregation_target":null,"age_65plus_missing":true,"age_75plus_missing":true,"age_quality_flag":"ok","data_completeness":"partial"}},{"type":"Feature","geometry":{"type":"Polygon","coordinates":[[[132.55625,32.99166666666667],[132.5625,32.99166666666667],[132.5625,32.99583333333334],[132.55625,32.99583333333334],[132.55625,32.99166666666667]]]},"properties":{"type":"Feature","mesh_id":"493234943","municipality_code":"38506","municipality":"愛南町","total_population":3,"population_65plus":null,"population_75plus":null,"aging_rate_65plus":null,"aging_rate_75plus":null,"population_status":"2","population_status_target":"493234853","population_aggregation_target":null,"age_65plus_missing":true,"age_75plus_missing":true,"age_quality_flag":"ok","data_completeness":"partial"}},{"type":"Feature","geometry":{"type":"Polygon","coordinates":[[[132.5625,32.99583333333334],[132.56875,32.99583333333334],[132.56875,33.00000000000001],[132.5625,33.00000000000001],[132.5625,32.99583333333334]]]},"properties":{"type":"Feature","mesh_id":"493234952","municipality_code":"38506","municipality":"愛南町","total_population":5,"population_65plus":null,"population_75plus":null,"aging_rate_65plus":null,"aging_rate_75plus":null,"population_status":"2","population_status_target":"493234961","population_aggregation_target":null,"age_65plus_missing":true,"age_75plus_missing":true,"age_quality_flag":"ok","data_completeness":"partial"}},{"type":"Feature","geometry":{"type":"Polygon","coordinates":[[[132.56875,32.99583333333334],[132.575,32.99583333333334],[132.575,33.00000000000001],[132.56875,33.00000000000001],[132.56875,32.99583333333334]]]},"properties":{"type":"Feature","mesh_id":"493234954","municipality_code":"38506","municipality":"愛南町","total_population":3,"population_65plus":null,"population_75plus":null,"aging_rate_65plus":null,"aging_rate_75plus":null,"population_status":"2","population_status_target":"493234961","population_aggregation_target":null,"age_65plus_missing":true,"age_75plus_missing":true,"age_quality_flag":"ok","data_completeness":"partial"}},{"type":"Feature","geometry":{"type":"Polygon","coordinates":[[[132.575,32.99166666666667],[132.58124999999998,32.99166666666667],[132.58124999999998,32.99583333333334],[132.575,32.99583333333334],[132.575,32.99166666666667]]]},"properties":{"type":"Feature","mesh_id":"493234961","municipality_code":"38506","municipality":"愛南町","total_population":5,"population_65plus":5,"population_75plus":1,"aging_rate_65plus":1.0,"aging_rate_75plus":0.2,"population_status":"1","population_status_target":null,"population_aggregation_target":"493234952;493234954;493234964","age_65plus_missing":false,"age_75plus_missing":false,"age_quality_flag":"ok","data_completeness":"complete"}},{"type":"Feature","geometry":{"type":"Polygon","coordinates":[[[132.58124999999998,32.99583333333334],[132.58749999999998,32.99583333333334],[132.58749999999998,33.00000000000001],[132.58124999999998,33.00000000000001],[132.58124999999998,32.99583333333334]]]},"properties":{"type":"Feature","mesh_id":"493234964","municipality_code":"38506","municipality":"愛南町","total_population":1,"population_65plus":null,"population_75plus":null,"aging_rate_65plus":null,"aging_rate_75plus":null,"population_status":"2","population_status_target":"493234961","population_aggregation_target":null,"age_65plus_missing":true,"age_75plus_missing":true,"age_quality_flag":"ok","data_completeness":"partial"}},{"type":"Feature","geometry":{"type":"Polygon","coordinates":[[[132.5875,32.99166666666667],[132.59375,32.99166666666667],[132.59375,32.99583333333334],[132.5875,32.99583333333334],[132.5875,32.99166666666667]]]},"properties":{"type":"Feature","mesh_id":"493234971","municipality_code":"38506","municipality":"愛南町","total_population":5,"population_65plus":null,"population_75plus":null,"aging_rate_65plus":null,"aging_rate_75plus":null,"population_status":"2","population_status_target":"493234982","population_aggregation_target":null,"age_65plus_missing":true,"age_75plus_missing":true,"age_quality_flag":"ok","data_completeness":"partial"}},{"type":"Feature","geometry":{"type":"Polygon","coordinates":[[[132.6,32.99583333333334],[132.60625,32.99583333333334],[132.60625,33.00000000000001],[132.6,33.00000000000001],[132.6,32.99583333333334]]]},"properties":{"type":"Feature","mesh_id":"493234982","municipality_code":"38506","municipality":"愛南町","total_population":5,"population_65plus":null,"population_75plus":null,"aging_rate_65plus":null,"aging_rate_75plus":null,"population_status":"1","population_status_target":null,"population_aggregation_target":"493234971","age_65plus_missing":true,"age_75plus_missing":true,"age_quality_flag":"inconsistent_with_total","data_completeness":"partial"}},{"type":"Feature","geometry":{"type":"Polygon","coordinates":[[[132.6125,32.99166666666667],[132.61875,32.99166666666667],[132.61875,32.99583333333334],[132.6125,32.99583333333334],[132.6125,32.99166666666667]]]},"properties":{"type":"Feature","mesh_id":"493234991","municipality_code":"38506","municipality":"愛南町","total_population":8,"population_65plus":null,"population_75plus":null,"aging_rate_65plus":null,"aging_rate_75plus":null,"population_status":"2","population_status_target":"493234993","population_aggregation_target":null,"age_65plus_missing":true,"age_75plus_missing":true,"age_quality_flag":"ok","data_completeness":"partial"}},{"type":"Feature","geometry":{"type":"Polygon","coordinates":[[[132.61875,32.99166666666667],[132.625,32.99166666666667],[132.625,32.99583333333334],[132.61875,32.99583333333334],[132.61875,32.99166666666667]]]},"properties":{"type":"Feature","mesh_id":"493234993","municipality_code":"38506","municipality":"愛南町","total_population":17,"population_65plus":16,"population_75plus":8,"aging_rate_65plus":0.9411764705882353,"aging_rate_75plus":0.47058823529411764,"population_status":"1","population_status_target":null,"population_aggregation_target":"493234991","age_65plus_missing":false,"age_75plus_missing":false,"age_quality_flag":"ok","data_completeness":"complete"}},{"type":"Feature","geometry":{"type":"Polygon","coordinates":[[[132.625,32.925],[132.63125,32.925],[132.63125,32.92916666666667],[132.625,32.92916666666667],[132.625,32.925]]]},"properties":{"type":"Feature","mesh_id":"493235101","municipality_code":"38506","municipality":"愛南町","total_population":1,"population_65plus":null,"population_75plus":null,"aging_rate_65plus":null,"aging_rate_75plus":null,"population_status":"2","population_status_target":"493235114","population_aggregation_target":null,"age_65plus_missing":true,"age_75plus_missing":true,"age_quality_flag":"ok","data_completeness":"partial"}},{"type":"Feature","geometry":{"type":"Polygon","coordinates":[[[132.6375,32.925],[132.64374999999998,32.925],[132.64374999999998,32.92916666666667],[132.6375,32.92916666666667],[132.6375,32.925]]]},"properties":{"type":"Feature","mesh_id":"493235111","municipality_code":"38506","municipality":"愛南町","total_population":7,"population_65plus":null,"population_75plus":null,"aging_rate_65plus":null,"aging_rate_75plus":null,"population_status":"2","population_status_target":"493235114","population_aggregation_target":null,"age_65plus_missing":true,"age_75plus_missing":true,"age_quality_flag":"ok","data_completeness":"partial"}},{"type":"Feature","geometry":{"type":"Polygon","coordinates":[[[132.64374999999998,32.92916666666667],[132.64999999999998,32.92916666666667],[132.64999999999998,32.93333333333334],[132.64374999999998,32.93333333333334],[132.64374999999998,32.92916666666667]]]},"properties":{"type":"Feature","mesh_id":"493235114","municipality_code":"38506","municipality":"愛南町","total_population":8,"population_65plus":8,"population_75plus":3,"aging_rate_65plus":1.0,"aging_rate_75plus":0.375,"population_status":"1","population_status_target":null,"population_aggregation_target":"493235101;493235111","age_65plus_missing":false,"age_75plus_missing":false,"age_quality_flag":"ok","data_completeness":"complete"}},{"type":"Feature","geometry":{"type":"Polygon","coordinates":[[[132.65,32.925],[132.65625,32.925],[132.65625,32.92916666666667],[132.65,32.92916666666667],[132.65,32.925]]]},"properties":{"type":"Feature","mesh_id":"493235121","municipality_code":"38506","municipality":"愛南町","total_population":25,"population_65plus":17,"population_75plus":10,"aging_rate_65plus":0.68,"aging_rate_75plus":0.4,"population_status":"0","population_status_target":null,"population_aggregation_target":null,"age_65plus_missing":false,"age_75plus_missing":false,"age_quality_flag":"ok","data_completeness":"complete"}},{"type":"Feature","geometry":{"type":"Polygon","coordinates":[[[132.65,32.92916666666667],[132.65625,32.92916666666667],[132.65625,32.93333333333334],[132.65,32.93333333333334],[132.65,32.92916666666667]]]},"properties":{"type":"Feature","mesh_id":"493235122","municipality_code":"38506","municipality":"愛南町","total_population":63,"population_65plus":19,"population_75plus":6,"aging_rate_65plus":0.30158730158730157,"aging_rate_75plus":0.09523809523809523,"population_status":"0","population_status_target":null,"population_aggregation_target":null,"age_65plus_missing":false,"age_75plus_missing":false,"age_quality_flag":"ok","data_completeness":"complete"}},{"type":"Feature","geometry":{"type":"Polygon","coordinates":[[[132.63125,32.93333333333333],[132.6375,32.93333333333333],[132.6375,32.9375],[132.63125,32.9375],[132.63125,32.93333333333333]]]},"properties":{"type":"Feature","mesh_id":"493235203","municipality_code":"38506","municipality":"愛南町","total_population":6,"population_65plus":null,"population_75plus":null,"aging_rate_65plus":null,"aging_rate_75plus":null,"population_status":"2","population_status_target":"493235304","population_aggregation_target":null,"age_65plus_missing":true,"age_75plus_missing":true,"age_quality_flag":"ok","data_completeness":"partial"}},{"type":"Feature","geometry":{"type":"Polygon","coordinates":[[[132.63125,32.94166666666666],[132.6375,32.94166666666666],[132.6375,32.94583333333333],[132.63125,32.94583333333333],[132.63125,32.94166666666666]]]},"properties":{"type":"Feature","mesh_id":"493235303","municipality_code":"38506","municipality":"愛南町","total_population":7,"population_65plus":null,"population_75plus":null,"aging_rate_65plus":null,"aging_rate_75plus":null,"population_status":"2","population_status_target":"493235304","population_aggregation_target":null,"age_65plus_missing":true,"age_75plus_missing":true,"age_quality_flag":"ok","data_completeness":"partial"}},{"type":"Feature","geometry":{"type":"Polygon","coordinates":[[[132.63125,32.94583333333333],[132.6375,32.94583333333333],[132.6375,32.95],[132.63125,32.95],[132.63125,32.94583333333333]]]},"properties":{"type":"Feature","mesh_id":"493235304","municipality_code":"38506","municipality":"愛南町","total_population":13,"population_65plus":11,"population_75plus":7,"aging_rate_65plus":0.8461538461538461,"aging_rate_75plus":0.5384615384615384,"population_status":"1","population_status_target":null,"population_aggregation_target":"493235203;493235303","age_65plus_missing":false,"age_75plus_missing":false,"age_quality_flag":"ok","data_completeness":"complete"}},{"type":"Feature","geometry":{"type":"Polygon","coordinates":[[[132.625,32.949999999999996],[132.63125,32.949999999999996],[132.63125,32.954166666666666],[132.625,32.954166666666666],[132.625,32.949999999999996]]]},"properties":{"type":"Feature","mesh_id":"493235401","municipality_code":"38506","municipality":"愛南町","total_population":78,"population_65plus":32,"population_75plus":12,"aging_rate_65plus":0.41025641025641024,"aging_rate_75plus":0.15384615384615385,"population_status":"1","population_status_target":null,"population_aggregation_target":"493235403","age_65plus_missing":false,"age_75plus_missing":false,"age_quality_flag":"ok","data_completeness":"complete"}},{"type":"Feature","geometry":{"type":"Polygon","coordinates":[[[132.625,32.954166666666666],[132.63125,32.954166666666666],[132.63125,32.958333333333336],[132.625,32.958333333333336],[132.625,32.954166666666666]]]},"properties":{"type":"Feature","mesh_id":"493235402","municipality_code":"38506","municipality":"愛南町","total_population":46,"population_65plus":19,"population_75plus":11,"aging_rate_65plus":0.41304347826086957,"aging_rate_75plus":0.2391304347826087,"population_status":"0","population_status_target":null,"population_aggregation_target":null,"age_65plus_missing":false,"age_75plus_missing":false,"age_quality_flag":"ok","data_completeness":"complete"}},{"type":"Feature","geometry":{"type":"Polygon","coordinates":[[[132.63125,32.949999999999996],[132.6375,32.949999999999996],[132.6375,32.954166666666666],[132.63125,32.954166666666666],[132.63125,32.949999999999996]]]},"properties":{"type":"Feature","mesh_id":"493235403","municipality_code":"38506","municipality":"愛南町","total_population":3,"population_65plus":null,"population_75plus":null,"aging_rate_65plus":null,"aging_rate_75plus":null,"population_status":"2","population_status_target":"493235401","population_aggregation_target":null,"age_65plus_missing":true,"age_75plus_missing":true,"age_quality_flag":"ok","data_completeness":"partial"}},{"type":"Feature","geometry":{"type":"Polygon","coordinates":[[[132.63125,32.954166666666666],[132.6375,32.954166666666666],[132.6375,32.958333333333336],[132.63125,32.958333333333336],[132.63125,32.954166666666666]]]},"properties":{"type":"Feature","mesh_id":"493235404","municipality_code":"38506","municipality":"愛南町","total_population":37,"population_65plus":12,"population_75plus":7,"aging_rate_65plus":0.32432432432432434,"aging_rate_75plus":0.1891891891891892,"population_status":"0","population_status_target":null,"population_aggregation_target":null,"age_65plus_missing":false,"age_75plus_missing":false,"age_quality_flag":"ok","data_completeness":"complete"}},{"type":"Feature","geometry":{"type":"Polygon","coordinates":[[[132.6375,32.949999999999996],[132.64374999999998,32.949999999999996],[132.64374999999998,32.954166666666666],[132.6375,32.954166666666666],[132.6375,32.949999999999996]]]},"properties":{"type":"Feature","mesh_id":"493235411","municipality_code":"38506","municipality":"愛南町","total_population":8,"population_65plus":null,"population_75plus":null,"aging_rate_65plus":null,"aging_rate_75plus":null,"population_status":"2","population_status_target":"493235413","population_aggregation_target":null,"age_65plus_missing":true,"age_75plus_missing":true,"age_quality_flag":"ok","data_completeness":"partial"}},{"type":"Feature","geometry":{"type":"Polygon","coordinates":[[[132.64374999999998,32.949999999999996],[132.64999999999998,32.949999999999996],[132.64999999999998,32.954166666666666],[132.64374999999998,32.954166666666666],[132.64374999999998,32.949999999999996]]]},"properties":{"type":"Feature","mesh_id":"493235413","municipality_code":"38506","municipality":"愛南町","total_population":84,"population_65plus":42,"population_75plus":13,"aging_rate_65plus":0.5,"aging_rate_75plus":0.15476190476190477,"population_status":"1","population_status_target":null,"population_aggregation_target":"493235411","age_65plus_missing":false,"age_75plus_missing":false,"age_quality_flag":"ok","data_completeness":"complete"}},{"type":"Feature","geometry":{"type":"Polygon","coordinates":[[[132.64374999999998,32.954166666666666],[132.64999999999998,32.954166666666666],[132.64999999999998,32.958333333333336],[132.64374999999998,32.958333333333336],[132.64374999999998,32.954166666666666]]]},"properties":{"type":"Feature","mesh_id":"493235414","municipality_code":"38506","municipality":"愛南町","total_population":121,"population_65plus":70,"population_75plus":53,"aging_rate_65plus":0.5785123966942148,"aging_rate_75plus":0.4380165289256198,"population_status":"0","population_status_target":null,"population_aggregation_target":null,"age_65plus_missing":false,"age_75plus_missing":false,"age_quality_flag":"ok","data_completeness":"complete"}},{"type":"Feature","geometry":{"type":"Polygon","coordinates":[[[132.65,32.949999999999996],[132.65625,32.949999999999996],[132.65625,32.954166666666666],[132.65,32.954166666666666],[132.65,32.949999999999996]]]},"properties":{"type":"Feature","mesh_id":"493235421","municipality_code":"38506","municipality":"愛南町","total_population":10,"population_65plus":null,"population_75plus":null,"aging_rate_65plus":null,"aging_rate_75plus":null,"population_status":"2","population_status_target":"493235423","population_aggregation_target":null,"age_65plus_missing":true,"age_75plus_missing":true,"age_quality_flag":"ok","data_completeness":"partial"}},{"type":"Feature","geometry":{"type":"Polygon","coordinates":[[[132.65625,32.949999999999996],[132.6625,32.949999999999996],[132.6625,32.954166666666666],[132.65625,32.954166666666666],[132.65625,32.949999999999996]]]},"properties":{"type":"Feature","mesh_id":"493235423","municipality_code":"38506","municipality":"愛南町","total_population":18,"population_65plus":11,"population_75plus":5,"aging_rate_65plus":0.6111111111111112,"aging_rate_75plus":0.2777777777777778,"population_status":"1","population_status_target":null,"population_aggregation_target":"493235421","age_65plus_missing":false,"age_75plus_missing":false,"age_quality_flag":"ok","data_completeness":"complete"}},{"type":"Feature","geometry":{"type":"Polygon","coordinates":[[[132.65625,32.954166666666666],[132.6625,32.954166666666666],[132.6625,32.958333333333336],[132.65625,32.958333333333336],[132.65625,32.954166666666666]]]},"properties":{"type":"Feature","mesh_id":"493235424","municipality_code":"38506","municipality":"愛南町","total_population":19,"population_65plus":9,"population_75plus":6,"aging_rate_65plus":0.47368421052631576,"aging_rate_75plus":0.3157894736842105,"population_status":"0","population_status_target":null,"population_aggregation_target":null,"age_65plus_missing":false,"age_75plus_missing":false,"age_quality_flag":"ok","data_completeness":"complete"}},{"type":"Feature","geometry":{"type":"Polygon","coordinates":[[[132.66875,32.949999999999996],[132.67499999999998,32.949999999999996],[132.67499999999998,32.954166666666666],[132.66875,32.954166666666666],[132.66875,32.949999999999996]]]},"properties":{"type":"Feature","mesh_id":"493235433","municipality_code":"38506","municipality":"愛南町","total_population":14,"population_65plus":11,"population_75plus":4,"aging_rate_65plus":0.7857142857142857,"aging_rate_75plus":0.2857142857142857,"population_status":"1","population_status_target":null,"population_aggregation_target":"493235434","age_65plus_missing":false,"age_75plus_missing":false,"age_quality_flag":"ok","data_completeness":"complete"}},{"type":"Feature","geometry":{"type":"Polygon","coordinates":[[[132.66875,32.954166666666666],[132.67499999999998,32.954166666666666],[132.67499999999998,32.958333333333336],[132.66875,32.958333333333336],[132.66875,32.954166666666666]]]},"properties":{"type":"Feature","mesh_id":"493235434","municipality_code":"38506","municipality":"愛南町","total_population":6,"population_65plus":null,"population_75plus":null,"aging_rate_65plus":null,"aging_rate_75plus":null,"population_status":"2","population_status_target":"493235433","population_aggregation_target":null,"age_65plus_missing":true,"age_75plus_missing":true,"age_quality_flag":"ok","data_completeness":"partial"}},{"type":"Feature","geometry":{"type":"Polygon","coordinates":[[[132.6375,32.95833333333333],[132.64374999999998,32.95833333333333],[132.64374999999998,32.9625],[132.6375,32.9625],[132.6375,32.95833333333333]]]},"properties":{"type":"Feature","mesh_id":"493235511","municipality_code":"38506","municipality":"愛南町","total_population":12,"population_65plus":8,"population_75plus":2,"aging_rate_65plus":0.6666666666666666,"aging_rate_75plus":0.16666666666666666,"population_status":"0","population_status_target":null,"population_aggregation_target":null,"age_65plus_missing":false,"age_75plus_missing":false,"age_quality_flag":"ok","data_completeness":"complete"}},{"type":"Feature","geometry":{"type":"Polygon","coordinates":[[[132.6375,32.9625],[132.64374999999998,32.9625],[132.64374999999998,32.96666666666667],[132.6375,32.96666666666667],[132.6375,32.9625]]]},"properties":{"type":"Feature","mesh_id":"493235512","municipality_code":"38506","municipality":"愛南町","total_population":380,"population_65plus":155,"population_75plus":78,"aging_rate_65plus":0.40789473684210525,"aging_rate_75plus":0.20526315789473684,"population_status":"0","population_status_target":null,"population_aggregation_target":null,"age_65plus_missing":false,"age_75plus_missing":false,"age_quality_flag":"ok","data_completeness":"complete"}},{"type":"Feature","geometry":{"type":"Polygon","coordinates":[[[132.64374999999998,32.95833333333333],[132.64999999999998,32.95833333333333],[132.64999999999998,32.9625],[132.64374999999998,32.9625],[132.64374999999998,32.95833333333333]]]},"properties":{"type":"Feature","mesh_id":"493235513","municipality_code":"38506","municipality":"愛南町","total_population":40,"population_65plus":20,"population_75plus":8,"aging_rate_65plus":0.5,"aging_rate_75plus":0.2,"population_status":"0","population_status_target":null,"population_aggregation_target":null,"age_65plus_missing":false,"age_75plus_missing":false,"age_quality_flag":"ok","data_completeness":"complete"}},{"type":"Feature","geometry":{"type":"Polygon","coordinates":[[[132.64374999999998,32.9625],[132.64999999999998,32.9625],[132.64999999999998,32.96666666666667],[132.64374999999998,32.96666666666667],[132.64374999999998,32.9625]]]},"properties":{"type":"Feature","mesh_id":"493235514","municipality_code":"38506","municipality":"愛南町","total_population":341,"population_65plus":135,"population_75plus":81,"aging_rate_65plus":0.39589442815249265,"aging_rate_75plus":0.2375366568914956,"population_status":"0","population_status_target":null,"population_aggregation_target":null,"age_65plus_missing":false,"age_75plus_missing":false,"age_quality_flag":"ok","data_completeness":"complete"}},{"type":"Feature","geometry":{"type":"Polygon","coordinates":[[[132.65,32.95833333333333],[132.65625,32.95833333333333],[132.65625,32.9625],[132.65,32.9625],[132.65,32.95833333333333]]]},"properties":{"type":"Feature","mesh_id":"493235521","municipality_code":"38506","municipality":"愛南町","total_population":8,"population_65plus":null,"population_75plus":null,"aging_rate_65plus":null,"aging_rate_75plus":null,"population_status":"2","population_status_target":"493235523","population_aggregation_target":null,"age_65plus_missing":true,"age_75plus_missing":true,"age_quality_flag":"ok","data_completeness":"partial"}},{"type":"Feature","geometry":{"type":"Polygon","coordinates":[[[132.65,32.9625],[132.65625,32.9625],[132.65625,32.96666666666667],[132.65,32.96666666666667],[132.65,32.9625]]]},"properties":{"type":"Feature","mesh_id":"493235522","municipality_code":"38506","municipality":"愛南町","total_population":36,"population_65plus":13,"population_75plus":7,"aging_rate_65plus":0.3611111111111111,"aging_rate_75plus":0.19444444444444445,"population_status":"0","population_status_target":null,"population_aggregation_target":null,"age_65plus_missing":false,"age_75plus_missing":false,"age_quality_flag":"ok","data_completeness":"complete"}},{"type":"Feature","geometry":{"type":"Polygon","coordinates":[[[132.65625,32.95833333333333],[132.6625,32.95833333333333],[132.6625,32.9625],[132.65625,32.9625],[132.65625,32.95833333333333]]]},"properties":{"type":"Feature","mesh_id":"493235523","municipality_code":"38506","municipality":"愛南町","total_population":85,"population_65plus":28,"population_75plus":23,"aging_rate_65plus":0.32941176470588235,"aging_rate_75plus":0.27058823529411763,"population_status":"1","population_status_target":null,"population_aggregation_target":"493235521","age_65plus_missing":false,"age_75plus_missing":false,"age_quality_flag":"ok","data_completeness":"complete"}},{"type":"Feature","geometry":{"type":"Polygon","coordinates":[[[132.6625,32.95833333333333],[132.66875,32.95833333333333],[132.66875,32.9625],[132.6625,32.9625],[132.6625,32.95833333333333]]]},"properties":{"type":"Feature","mesh_id":"493235531","municipality_code":"38506","municipality":"愛南町","total_population":4,"population_65plus":null,"population_75plus":null,"aging_rate_65plus":null,"aging_rate_75plus":null,"population_status":"2","population_status_target":"493235534","population_aggregation_target":null,"age_65plus_missing":true,"age_75plus_missing":true,"age_quality_flag":"ok","data_completeness":"partial"}},{"type":"Feature","geometry":{"type":"Polygon","coordinates":[[[132.6625,32.9625],[132.66875,32.9625],[132.66875,32.96666666666667],[132.6625,32.96666666666667],[132.6625,32.9625]]]},"properties":{"type":"Feature","mesh_id":"493235532","municipality_code":"38506","municipality":"愛南町","total_population":5,"population_65plus":5,"population_75plus":2,"aging_rate_65plus":1.0,"aging_rate_75plus":0.4,"population_status":"1","population_status_target":null,"population_aggregation_target":"493235443","age_65plus_missing":false,"age_75plus_missing":false,"age_quality_flag":"ok","data_completeness":"complete"}},{"type":"Feature","geometry":{"type":"Polygon","coordinates":[[[132.66875,32.9625],[132.67499999999998,32.9625],[132.67499999999998,32.96666666666667],[132.66875,32.96666666666667],[132.66875,32.9625]]]},"properties":{"type":"Feature","mesh_id":"493235534","municipality_code":"38506","municipality":"愛南町","total_population":7,"population_65plus":null,"population_75plus":null,"aging_rate_65plus":null,"aging_rate_75plus":null,"population_status":"1","population_status_target":null,"population_aggregation_target":"493235531","age_65plus_missing":true,"age_75plus_missing":true,"age_quality_flag":"inconsistent_with_total","data_completeness":"partial"}},{"type":"Feature","geometry":{"type":"Polygon","coordinates":[[[132.675,32.95833333333333],[132.68125,32.95833333333333],[132.68125,32.9625],[132.675,32.9625],[132.675,32.95833333333333]]]},"properties":{"type":"Feature","mesh_id":"493235541","municipality_code":"38506","municipality":"愛南町","total_population":15,"population_65plus":10,"population_75plus":6,"aging_rate_65plus":0.6666666666666666,"aging_rate_75plus":0.4,"population_status":"0","population_status_target":null,"population_aggregation_target":null,"age_65plus_missing":false,"age_75plus_missing":false,"age_quality_flag":"ok","data_completeness":"complete"}},{"type":"Feature","geometry":{"type":"Polygon","coordinates":[[[132.675,32.9625],[132.68125,32.9625],[132.68125,32.96666666666667],[132.675,32.96666666666667],[132.675,32.9625]]]},"properties":{"type":"Feature","mesh_id":"493235542","municipality_code":"38506","municipality":"愛南町","total_population":20,"population_65plus":12,"population_75plus":3,"aging_rate_65plus":0.6,"aging_rate_75plus":0.15,"population_status":"0","population_status_target":null,"population_aggregation_target":null,"age_65plus_missing":false,"age_75plus_missing":false,"age_quality_flag":"ok","data_completeness":"complete"}},{"type":"Feature","geometry":{"type":"Polygon","coordinates":[[[132.625,32.97083333333333],[132.63125,32.97083333333333],[132.63125,32.975],[132.625,32.975],[132.625,32.97083333333333]]]},"properties":{"type":"Feature","mesh_id":"493235602","municipality_code":"38506","municipality":"愛南町","total_population":112,"population_65plus":41,"population_75plus":17,"aging_rate_65plus":0.36607142857142855,"aging_rate_75plus":0.15178571428571427,"population_status":"0","population_status_target":null,"population_aggregation_target":null,"age_65plus_missing":false,"age_75plus_missing":false,"age_quality_flag":"ok","data_completeness":"complete"}},{"type":"Feature","geometry":{"type":"Polygon","coordinates":[[[132.63125,32.96666666666666],[132.6375,32.96666666666666],[132.6375,32.97083333333333],[132.63125,32.97083333333333],[132.63125,32.96666666666666]]]},"properties":{"type":"Feature","mesh_id":"493235603","municipality_code":"38506","municipality":"愛南町","total_population":18,"population_65plus":8,"population_75plus":6,"aging_rate_65plus":0.4444444444444444,"aging_rate_75plus":0.3333333333333333,"population_status":"0","population_status_target":null,"population_aggregation_target":null,"age_65plus_missing":false,"age_75plus_missing":false,"age_quality_flag":"ok","data_completeness":"complete"}},{"type":"Feature","geometry":{"type":"Polygon","coordinates":[[[132.63125,32.97083333333333],[132.6375,32.97083333333333],[132.6375,32.975],[132.63125,32.975],[132.63125,32.97083333333333]]]},"properties":{"type":"Feature","mesh_id":"493235604","municipality_code":"38506","municipality":"愛南町","total_population":73,"population_65plus":37,"population_75plus":15,"aging_rate_65plus":0.5068493150684932,"aging_rate_75plus":0.2054794520547945,"population_status":"0","population_status_target":null,"population_aggregation_target":null,"age_65plus_missing":false,"age_75plus_missing":false,"age_quality_flag":"ok","data_completeness":"complete"}},{"type":"Feature","geometry":{"type":"Polygon","coordinates":[[[132.6375,32.96666666666666],[132.64374999999998,32.96666666666666],[132.64374999999998,32.97083333333333],[132.6375,32.97083333333333],[132.6375,32.96666666666666]]]},"properties":{"type":"Feature","mesh_id":"493235611","municipality_code":"38506","municipality":"愛南町","total_population":86,"population_65plus":27,"population_75plus":7,"aging_rate_65plus":0.313953488372093,"aging_rate_75plus":0.08139534883720931,"population_status":"0","population_status_target":null,"population_aggregation_target":null,"age_65plus_missing":false,"age_75plus_missing":false,"age_quality_flag":"ok","data_completeness":"complete"}},{"type":"Feature","geometry":{"type":"Polygon","coordinates":[[[132.6375,32.97083333333333],[132.64374999999998,32.97083333333333],[132.64374999999998,32.975],[132.6375,32.975],[132.6375,32.97083333333333]]]},"properties":{"type":"Feature","mesh_id":"493235612","municipality_code":"38506","municipality":"愛南町","total_population":43,"population_65plus":24,"population_75plus":22,"aging_rate_65plus":0.5581395348837209,"aging_rate_75plus":0.5116279069767442,"population_status":"0","population_status_target":null,"population_aggregation_target":null,"age_65plus_missing":false,"age_75plus_missing":false,"age_quality_flag":"ok","data_completeness":"complete"}},{"type":"Feature","geometry":{"type":"Polygon","coordinates":[[[132.64374999999998,32.96666666666666],[132.64999999999998,32.96666666666666],[132.64999999999998,32.97083333333333],[132.64374999999998,32.97083333333333],[132.64374999999998,32.96666666666666]]]},"properties":{"type":"Feature","mesh_id":"493235613","municipality_code":"38506","municipality":"愛南町","total_population":90,"population_65plus":41,"population_75plus":16,"aging_rate_65plus":0.45555555555555555,"aging_rate_75plus":0.17777777777777778,"population_status":"0","population_status_target":null,"population_aggregation_target":null,"age_65plus_missing":false,"age_75plus_missing":false,"age_quality_flag":"ok","data_completeness":"complete"}},{"type":"Feature","geometry":{"type":"Polygon","coordinates":[[[132.64374999999998,32.97083333333333],[132.64999999999998,32.97083333333333],[132.64999999999998,32.975],[132.64374999999998,32.975],[132.64374999999998,32.97083333333333]]]},"properties":{"type":"Feature","mesh_id":"493235614","municipality_code":"38506","municipality":"愛南町","total_population":21,"population_65plus":4,"population_75plus":1,"aging_rate_65plus":0.19047619047619047,"aging_rate_75plus":0.047619047619047616,"population_status":"0","population_status_target":null,"population_aggregation_target":null,"age_65plus_missing":false,"age_75plus_missing":false,"age_quality_flag":"ok","data_completeness":"complete"}},{"type":"Feature","geometry":{"type":"Polygon","coordinates":[[[132.65,32.96666666666666],[132.65625,32.96666666666666],[132.65625,32.97083333333333],[132.65,32.97083333333333],[132.65,32.96666666666666]]]},"properties":{"type":"Feature","mesh_id":"493235621","municipality_code":"38506","municipality":"愛南町","total_population":100,"population_65plus":18,"population_75plus":10,"aging_rate_65plus":0.18,"aging_rate_75plus":0.1,"population_status":"0","population_status_target":null,"population_aggregation_target":null,"age_65plus_missing":false,"age_75plus_missing":false,"age_quality_flag":"ok","data_completeness":"complete"}},{"type":"Feature","geometry":{"type":"Polygon","coordinates":[[[132.65,32.97083333333333],[132.65625,32.97083333333333],[132.65625,32.975],[132.65,32.975],[132.65,32.97083333333333]]]},"properties":{"type":"Feature","mesh_id":"493235622","municipality_code":"38506","municipality":"愛南町","total_population":14,"population_65plus":9,"population_75plus":6,"aging_rate_65plus":0.6428571428571429,"aging_rate_75plus":0.42857142857142855,"population_status":"0","population_status_target":null,"population_aggregation_target":null,"age_65plus_missing":false,"age_75plus_missing":false,"age_quality_flag":"ok","data_completeness":"complete"}},{"type":"Feature","geometry":{"type":"Polygon","coordinates":[[[132.65625,32.97083333333333],[132.6625,32.97083333333333],[132.6625,32.975],[132.65625,32.975],[132.65625,32.97083333333333]]]},"properties":{"type":"Feature","mesh_id":"493235624","municipality_code":"38506","municipality":"愛南町","total_population":26,"population_65plus":14,"population_75plus":8,"aging_rate_65plus":0.5384615384615384,"aging_rate_75plus":0.3076923076923077,"population_status":"0","population_status_target":null,"population_aggregation_target":null,"age_65plus_missing":false,"age_75plus_missing":false,"age_quality_flag":"ok","data_completeness":"complete"}},{"type":"Feature","geometry":{"type":"Polygon","coordinates":[[[132.6625,32.96666666666666],[132.66875,32.96666666666666],[132.66875,32.97083333333333],[132.6625,32.97083333333333],[132.6625,32.96666666666666]]]},"properties":{"type":"Feature","mesh_id":"493235631","municipality_code":"38506","municipality":"愛南町","total_population":7,"population_65plus":null,"population_75plus":null,"aging_rate_65plus":null,"aging_rate_75plus":null,"population_status":"2","population_status_target":"493235633","population_aggregation_target":null,"age_65plus_missing":true,"age_75plus_missing":true,"age_quality_flag":"ok","data_completeness":"partial"}},{"type":"Feature","geometry":{"type":"Polygon","coordinates":[[[132.66875,32.96666666666666],[132.67499999999998,32.96666666666666],[132.67499999999998,32.97083333333333],[132.66875,32.97083333333333],[132.66875,32.96666666666666]]]},"properties":{"type":"Feature","mesh_id":"493235633","municipality_code":"38506","municipality":"愛南町","total_population":89,"population_65plus":36,"population_75plus":20,"aging_rate_65plus":0.4044943820224719,"aging_rate_75plus":0.2247191011235955,"population_status":"1","population_status_target":null,"population_aggregation_target":"493235631","age_65plus_missing":false,"age_75plus_missing":false,"age_quality_flag":"ok","data_completeness":"complete"}},{"type":"Feature","geometry":{"type":"Polygon","coordinates":[[[132.675,32.97083333333333],[132.68125,32.97083333333333],[132.68125,32.975],[132.675,32.975],[132.675,32.97083333333333]]]},"properties":{"type":"Feature","mesh_id":"493235642","municipality_code":"38506","municipality":"愛南町","total_population":3,"population_65plus":null,"population_75plus":null,"aging_rate_65plus":null,"aging_rate_75plus":null,"population_status":"2","population_status_target":"493235651","population_aggregation_target":null,"age_65plus_missing":true,"age_75plus_missing":true,"age_quality_flag":"ok","data_completeness":"partial"}},{"type":"Feature","geometry":{"type":"Polygon","coordinates":[[[132.625,32.979166666666664],[132.63125,32.979166666666664],[132.63125,32.983333333333334],[132.625,32.983333333333334],[132.625,32.979166666666664]]]},"properties":{"type":"Feature","mesh_id":"493235702","municipality_code":"38506","municipality":"愛南町","total_population":54,"population_65plus":22,"population_75plus":10,"aging_rate_65plus":0.4074074074074074,"aging_rate_75plus":0.18518518518518517,"population_status":"0","population_status_target":null,"population_aggregation_target":null,"age_65plus_missing":false,"age_75plus_missing":false,"age_quality_flag":"ok","data_completeness":"complete"}},{"type":"Feature","geometry":{"type":"Polygon","coordinates":[[[132.6375,32.974999999999994],[132.64374999999998,32.974999999999994],[132.64374999999998,32.979166666666664],[132.6375,32.979166666666664],[132.6375,32.974999999999994]]]},"properties":{"type":"Feature","mesh_id":"493235711","municipality_code":"38506","municipality":"愛南町","total_population":97,"population_65plus":41,"population_75plus":17,"aging_rate_65plus":0.422680412371134,"aging_rate_75plus":0.17525773195876287,"population_status":"0","population_status_target":null,"population_aggregation_target":null,"age_65plus_missing":false,"age_75plus_missing":false,"age_quality_flag":"ok","data_completeness":"complete"}},{"type":"Feature","geometry":{"type":"Polygon","coordinates":[[[132.6375,32.979166666666664],[132.64374999999998,32.979166666666664],[132.64374999999998,32.983333333333334],[132.6375,32.983333333333334],[132.6375,32.979166666666664]]]},"properties":{"type":"Feature","mesh_id":"493235712","municipality_code":"38506","municipality":"愛南町","total_population":16,"population_65plus":7,"population_75plus":3,"aging_rate_65plus":0.4375,"aging_rate_75plus":0.1875,"population_status":"0","population_status_target":null,"population_aggregation_target":null,"age_65plus_missing":false,"age_75plus_missing":false,"age_quality_flag":"ok","data_completeness":"complete"}},{"type":"Feature","geometry":{"type":"Polygon","coordinates":[[[132.64374999999998,32.974999999999994],[132.64999999999998,32.974999999999994],[132.64999999999998,32.979166666666664],[132.64374999999998,32.979166666666664],[132.64374999999998,32.974999999999994]]]},"properties":{"type":"Feature","mesh_id":"493235713","municipality_code":"38506","municipality":"愛南町","total_population":27,"population_65plus":12,"population_75plus":4,"aging_rate_65plus":0.4444444444444444,"aging_rate_75plus":0.14814814814814814,"population_status":"0","population_status_target":null,"population_aggregation_target":null,"age_65plus_missing":false,"age_75plus_missing":false,"age_quality_flag":"ok","data_completeness":"complete"}},{"type":"Feature","geometry":{"type":"Polygon","coordinates":[[[132.64374999999998,32.979166666666664],[132.64999999999998,32.979166666666664],[132.64999999999998,32.983333333333334],[132.64374999999998,32.983333333333334],[132.64374999999998,32.979166666666664]]]},"properties":{"type":"Feature","mesh_id":"493235714","municipality_code":"38506","municipality":"愛南町","total_population":8,"population_65plus":2,"population_75plus":1,"aging_rate_65plus":0.25,"aging_rate_75plus":0.125,"population_status":"0","population_status_target":null,"population_aggregation_target":null,"age_65plus_missing":false,"age_75plus_missing":false,"age_quality_flag":"ok","data_completeness":"complete"}},{"type":"Feature","geometry":{"type":"Polygon","coordinates":[[[132.65,32.979166666666664],[132.65625,32.979166666666664],[132.65625,32.983333333333334],[132.65,32.983333333333334],[132.65,32.979166666666664]]]},"properties":{"type":"Feature","mesh_id":"493235722","municipality_code":"38506","municipality":"愛南町","total_population":20,"population_65plus":4,"population_75plus":1,"aging_rate_65plus":0.2,"aging_rate_75plus":0.05,"population_status":"0","population_status_target":null,"population_aggregation_target":null,"age_65plus_missing":false,"age_75plus_missing":false,"age_quality_flag":"ok","data_completeness":"complete"}},{"type":"Feature","geometry":{"type":"Polygon","coordinates":[[[132.65625,32.974999999999994],[132.6625,32.974999999999994],[132.6625,32.979166666666664],[132.65625,32.979166666666664],[132.65625,32.974999999999994]]]},"properties":{"type":"Feature","mesh_id":"493235723","municipality_code":"38506","municipality":"愛南町","total_population":18,"population_65plus":11,"population_75plus":7,"aging_rate_65plus":0.6111111111111112,"aging_rate_75plus":0.3888888888888889,"population_status":"0","population_status_target":null,"population_aggregation_target":null,"age_65plus_missing":false,"age_75plus_missing":false,"age_quality_flag":"ok","data_completeness":"complete"}},{"type":"Feature","geometry":{"type":"Polygon","coordinates":[[[132.65625,32.979166666666664],[132.6625,32.979166666666664],[132.6625,32.983333333333334],[132.65625,32.983333333333334],[132.65625,32.979166666666664]]]},"properties":{"type":"Feature","mesh_id":"493235724","municipality_code":"38506","municipality":"愛南町","total_population":91,"population_65plus":48,"population_75plus":26,"aging_rate_65plus":0.5274725274725275,"aging_rate_75plus":0.2857142857142857,"population_status":"0","population_status_target":null,"population_aggregation_target":null,"age_65plus_missing":false,"age_75plus_missing":false,"age_quality_flag":"ok","data_completeness":"complete"}},{"type":"Feature","geometry":{"type":"Polygon","coordinates":[[[132.6625,32.974999999999994],[132.66875,32.974999999999994],[132.66875,32.979166666666664],[132.6625,32.979166666666664],[132.6625,32.974999999999994]]]},"properties":{"type":"Feature","mesh_id":"493235731","municipality_code":"38506","municipality":"愛南町","total_population":10,"population_65plus":8,"population_75plus":3,"aging_rate_65plus":0.8,"aging_rate_75plus":0.3,"population_status":"0","population_status_target":null,"population_aggregation_target":null,"age_65plus_missing":false,"age_75plus_missing":false,"age_quality_flag":"ok","data_completeness":"complete"}},{"type":"Feature","geometry":{"type":"Polygon","coordinates":[[[132.675,32.979166666666664],[132.68125,32.979166666666664],[132.68125,32.983333333333334],[132.675,32.983333333333334],[132.675,32.979166666666664]]]},"properties":{"type":"Feature","mesh_id":"493235742","municipality_code":"38506","municipality":"愛南町","total_population":3,"population_65plus":null,"population_75plus":null,"aging_rate_65plus":null,"aging_rate_75plus":null,"population_status":"2","population_status_target":"493235744","population_aggregation_target":null,"age_65plus_missing":true,"age_75plus_missing":true,"age_quality_flag":"ok","data_completeness":"partial"}},{"type":"Feature","geometry":{"type":"Polygon","coordinates":[[[132.68125,32.979166666666664],[132.6875,32.979166666666664],[132.6875,32.983333333333334],[132.68125,32.983333333333334],[132.68125,32.979166666666664]]]},"properties":{"type":"Feature","mesh_id":"493235744","municipality_code":"38506","municipality":"愛南町","total_population":14,"population_65plus":6,"population_75plus":3,"aging_rate_65plus":0.42857142857142855,"aging_rate_75plus":0.21428571428571427,"population_status":"1","population_status_target":null,"population_aggregation_target":"493235742","age_65plus_missing":false,"age_75plus_missing":false,"age_quality_flag":"ok","data_completeness":"complete"}},{"type":"Feature","geometry":{"type":"Polygon","coordinates":[[[132.6375,32.987500000000004],[132.64374999999998,32.987500000000004],[132.64374999999998,32.991666666666674],[132.6375,32.991666666666674],[132.6375,32.987500000000004]]]},"properties":{"type":"Feature","mesh_id":"493235812","municipality_code":"38506","municipality":"愛南町","total_population":2,"population_65plus":null,"population_75plus":null,"aging_rate_65plus":null,"aging_rate_75plus":null,"population_status":"2","population_status_target":"493235814","population_aggregation_target":null,"age_65plus_missing":true,"age_75plus_missing":true,"age_quality_flag":"ok","data_completeness":"partial"}},{"type":"Feature","geometry":{"type":"Polygon","coordinates":[[[132.64374999999998,32.987500000000004],[132.64999999999998,32.987500000000004],[132.64999999999998,32.991666666666674],[132.64374999999998,32.991666666666674],[132.64374999999998,32.987500000000004]]]},"properties":{"type":"Feature","mesh_id":"493235814","municipality_code":"38506","municipality":"愛南町","total_population":8,"population_65plus":4,"population_75plus":1,"aging_rate_65plus":0.5,"aging_rate_75plus":0.125,"population_status":"1","population_status_target":null,"population_aggregation_target":"493235812","age_65plus_missing":false,"age_75plus_missing":false,"age_quality_flag":"ok","data_completeness":"complete"}},{"type":"Feature","geometry":{"type":"Polygon","coordinates":[[[132.65,32.983333333333334],[132.65625,32.983333333333334],[132.65625,32.987500000000004],[132.65,32.987500000000004],[132.65,32.983333333333334]]]},"properties":{"type":"Feature","mesh_id":"493235821","municipality_code":"38506","municipality":"愛南町","total_population":40,"population_65plus":19,"population_75plus":12,"aging_rate_65plus":0.475,"aging_rate_75plus":0.3,"population_status":"1","population_status_target":null,"population_aggregation_target":"493235822","age_65plus_missing":false,"age_75plus_missing":false,"age_quality_flag":"ok","data_completeness":"complete"}},{"type":"Feature","geometry":{"type":"Polygon","coordinates":[[[132.65,32.987500000000004],[132.65625,32.987500000000004],[132.65625,32.991666666666674],[132.65,32.991666666666674],[132.65,32.987500000000004]]]},"properties":{"type":"Feature","mesh_id":"493235822","municipality_code":"38506","municipality":"愛南町","total_population":1,"population_65plus":null,"population_75plus":null,"aging_rate_65plus":null,"aging_rate_75plus":null,"population_status":"2","population_status_target":"493235821","population_aggregation_target":null,"age_65plus_missing":true,"age_75plus_missing":true,"age_quality_flag":"ok","data_completeness":"partial"}},{"type":"Feature","geometry":{"type":"Polygon","coordinates":[[[132.65625,32.983333333333334],[132.6625,32.983333333333334],[132.6625,32.987500000000004],[132.65625,32.987500000000004],[132.65625,32.983333333333334]]]},"properties":{"type":"Feature","mesh_id":"493235823","municipality_code":"38506","municipality":"愛南町","total_population":16,"population_65plus":7,"population_75plus":6,"aging_rate_65plus":0.4375,"aging_rate_75plus":0.375,"population_status":"0","population_status_target":null,"population_aggregation_target":null,"age_65plus_missing":false,"age_75plus_missing":false,"age_quality_flag":"ok","data_completeness":"complete"}},{"type":"Feature","geometry":{"type":"Polygon","coordinates":[[[132.675,32.987500000000004],[132.68125,32.987500000000004],[132.68125,32.991666666666674],[132.675,32.991666666666674],[132.675,32.987500000000004]]]},"properties":{"type":"Feature","mesh_id":"493235842","municipality_code":"38506","municipality":"愛南町","total_population":31,"population_65plus":16,"population_75plus":10,"aging_rate_65plus":0.5161290322580645,"aging_rate_75plus":0.3225806451612903,"population_status":"0","population_status_target":null,"population_aggregation_target":null,"age_65plus_missing":false,"age_75plus_missing":false,"age_quality_flag":"ok","data_completeness":"complete"}},{"type":"Feature","geometry":{"type":"Polygon","coordinates":[[[132.6375,32.99583333333334],[132.64374999999998,32.99583333333334],[132.64374999999998,33.00000000000001],[132.6375,33.00000000000001],[132.6375,32.99583333333334]]]},"properties":{"type":"Feature","mesh_id":"493235912","municipality_code":"38506","municipality":"愛南町","total_population":19,"population_65plus":7,"population_75plus":4,"aging_rate_65plus":0.3684210526315789,"aging_rate_75plus":0.21052631578947367,"population_status":"1","population_status_target":null,"population_aggregation_target":"493235914;493235921","age_65plus_missing":false,"age_75plus_missing":false,"age_quality_flag":"ok","data_completeness":"complete"}},{"type":"Feature","geometry":{"type":"Polygon","coordinates":[[[132.64374999999998,32.99583333333334],[132.64999999999998,32.99583333333334],[132.64999999999998,33.00000000000001],[132.64374999999998,33.00000000000001],[132.64374999999998,32.99583333333334]]]},"properties":{"type":"Feature","mesh_id":"493235914","municipality_code":"38506","municipality":"愛南町","total_population":2,"population_65plus":null,"population_75plus":null,"aging_rate_65plus":null,"aging_rate_75plus":null,"population_status":"2","population_status_target":"493235912","population_aggregation_target":null,"age_65plus_missing":true,"age_75plus_missing":true,"age_quality_flag":"ok","data_completeness":"partial"}},{"type":"Feature","geometry":{"type":"Polygon","coordinates":[[[132.65,32.99166666666667],[132.65625,32.99166666666667],[132.65625,32.99583333333334],[132.65,32.99583333333334],[132.65,32.99166666666667]]]},"properties":{"type":"Feature","mesh_id":"493235921","municipality_code":"38506","municipality":"愛南町","total_population":2,"population_65plus":null,"population_75plus":null,"aging_rate_65plus":null,"aging_rate_75plus":null,"population_status":"2","population_status_target":"493235912","population_aggregation_target":null,"age_65plus_missing":true,"age_75plus_missing":true,"age_quality_flag":"ok","data_completeness":"partial"}},{"type":"Feature","geometry":{"type":"Polygon","coordinates":[[[132.675,32.99166666666667],[132.68125,32.99166666666667],[132.68125,32.99583333333334],[132.675,32.99583333333334],[132.675,32.99166666666667]]]},"properties":{"type":"Feature","mesh_id":"493235941","municipality_code":"38506","municipality":"愛南町","total_population":4,"population_65plus":null,"population_75plus":null,"aging_rate_65plus":null,"aging_rate_75plus":null,"population_status":"2","population_status_target":"493235944","population_aggregation_target":null,"age_65plus_missing":true,"age_75plus_missing":true,"age_quality_flag":"ok","data_completeness":"partial"}},{"type":"Feature","geometry":{"type":"Polygon","coordinates":[[[132.675,32.99583333333334],[132.68125,32.99583333333334],[132.68125,33.00000000000001],[132.675,33.00000000000001],[132.675,32.99583333333334]]]},"properties":{"type":"Feature","mesh_id":"493235942","municipality_code":"38506","municipality":"愛南町","total_population":8,"population_65plus":null,"population_75plus":null,"aging_rate_65plus":null,"aging_rate_75plus":null,"population_status":"2","population_status_target":"493235944","population_aggregation_target":null,"age_65plus_missing":true,"age_75plus_missing":true,"age_quality_flag":"ok","data_completeness":"partial"}},{"type":"Feature","geometry":{"type":"Polygon","coordinates":[[[132.68125,32.99583333333334],[132.6875,32.99583333333334],[132.6875,33.00000000000001],[132.68125,33.00000000000001],[132.68125,32.99583333333334]]]},"properties":{"type":"Feature","mesh_id":"493235944","municipality_code":"38506","municipality":"愛南町","total_population":42,"population_65plus":29,"population_75plus":20,"aging_rate_65plus":0.6904761904761905,"aging_rate_75plus":0.47619047619047616,"population_status":"1","population_status_target":null,"population_aggregation_target":"493235941;493235942","age_65plus_missing":false,"age_75plus_missing":false,"age_quality_flag":"ok","data_completeness":"complete"}},{"type":"Feature","geometry":{"type":"Polygon","coordinates":[[[132.49375,33.0125],[132.5,33.0125],[132.5,33.01666666666667],[132.49375,33.01666666666667],[132.49375,33.0125]]]},"properties":{"type":"Feature","mesh_id":"493243194","municipality_code":"38506","municipality":"愛南町","total_population":3,"population_65plus":null,"population_75plus":null,"aging_rate_65plus":null,"aging_rate_75plus":null,"population_status":"2","population_status_target":"493243193","population_aggregation_target":null,"age_65plus_missing":true,"age_75plus_missing":true,"age_quality_flag":"ok","data_completeness":"partial"}},{"type":"Feature","geometry":{"type":"Polygon","coordinates":[[[132.48125,33.020833333333336],[132.48749999999998,33.020833333333336],[132.48749999999998,33.025000000000006],[132.48125,33.025000000000006],[132.48125,33.020833333333336]]]},"properties":{"type":"Feature","mesh_id":"493243284","municipality_code":"38506","municipality":"愛南町","total_population":10,"population_65plus":null,"population_75plus":null,"aging_rate_65plus":null,"aging_rate_75plus":null,"population_status":"2","population_status_target":"493243291","population_aggregation_target":null,"age_65plus_missing":true,"age_75plus_missing":true,"age_quality_flag":"ok","data_completeness":"partial"}},{"type":"Feature","geometry":{"type":"Polygon","coordinates":[[[132.4875,33.016666666666666],[132.49375,33.016666666666666],[132.49375,33.020833333333336],[132.4875,33.020833333333336],[132.4875,33.016666666666666]]]},"properties":{"type":"Feature","mesh_id":"493243291","municipality_code":"38506","municipality":"愛南町","total_population":46,"population_65plus":27,"population_75plus":9,"aging_rate_65plus":0.5869565217391305,"aging_rate_75plus":0.1956521739130435,"population_status":"1","population_status_target":null,"population_aggregation_target":"493243284","age_65plus_missing":false,"age_75plus_missing":false,"age_quality_flag":"ok","data_completeness":"complete"}},{"type":"Feature","geometry":{"type":"Polygon","coordinates":[[[132.4875,33.020833333333336],[132.49375,33.020833333333336],[132.49375,33.025000000000006],[132.4875,33.025000000000006],[132.4875,33.020833333333336]]]},"properties":{"type":"Feature","mesh_id":"493243292","municipality_code":"38506","municipality":"愛南町","total_population":281,"population_65plus":94,"population_75plus":43,"aging_rate_65plus":0.33451957295373663,"aging_rate_75plus":0.15302491103202848,"population_status":"0","population_status_target":null,"population_aggregation_target":null,"age_65plus_missing":false,"age_75plus_missing":false,"age_quality_flag":"ok","data_completeness":"complete"}},{"type":"Feature","geometry":{"type":"Polygon","coordinates":[[[132.49375,33.020833333333336],[132.5,33.020833333333336],[132.5,33.025000000000006],[132.49375,33.025000000000006],[132.49375,33.020833333333336]]]},"properties":{"type":"Feature","mesh_id":"493243294","municipality_code":"38506","municipality":"愛南町","total_population":18,"population_65plus":9,"population_75plus":3,"aging_rate_65plus":0.5,"aging_rate_75plus":0.16666666666666666,"population_status":"0","population_status_target":null,"population_aggregation_target":null,"age_65plus_missing":false,"age_75plus_missing":false,"age_quality_flag":"ok","data_completeness":"complete"}},{"type":"Feature","geometry":{"type":"Polygon","coordinates":[[[132.48125,33.02916666666667],[132.48749999999998,33.02916666666667],[132.48749999999998,33.03333333333334],[132.48125,33.03333333333334],[132.48125,33.02916666666667]]]},"properties":{"type":"Feature","mesh_id":"493243384","municipality_code":"38506","municipality":"愛南町","total_population":18,"population_65plus":4,"population_75plus":2,"aging_rate_65plus":0.2222222222222222,"aging_rate_75plus":0.1111111111111111,"population_status":"1","population_status_target":null,"population_aggregation_target":"493243382","age_65plus_missing":false,"age_75plus_missing":false,"age_quality_flag":"ok","data_completeness":"complete"}},{"type":"Feature","geometry":{"type":"Polygon","coordinates":[[[132.4,33.03333333333333],[132.40625,33.03333333333333],[132.40625,33.0375],[132.4,33.0375],[132.4,33.03333333333333]]]},"properties":{"type":"Feature","mesh_id":"493243421","municipality_code":"38506","municipality":"愛南町","total_population":55,"population_65plus":30,"population_75plus":11,"aging_rate_65plus":0.5454545454545454,"aging_rate_75plus":0.2,"population_status":"1","population_status_target":null,"population_aggregation_target":"493243423","age_65plus_missing":false,"age_75plus_missing":false,"age_quality_flag":"ok","data_completeness":"complete"}},{"type":"Feature","geometry":{"type":"Polygon","coordinates":[[[132.4875,33.03333333333333],[132.49375,33.03333333333333],[132.49375,33.0375],[132.4875,33.0375],[132.4875,33.03333333333333]]]},"properties":{"type":"Feature","mesh_id":"493243491","municipality_code":"38506","municipality":"愛南町","total_population":18,"population_65plus":7,"population_75plus":3,"aging_rate_65plus":0.3888888888888889,"aging_rate_75plus":0.16666666666666666,"population_status":"0","population_status_target":null,"population_aggregation_target":null,"age_65plus_missing":false,"age_75plus_missing":false,"age_quality_flag":"ok","data_completeness":"complete"}},{"type":"Feature","geometry":{"type":"Polygon","coordinates":[[[132.49375,33.03333333333333],[132.5,33.03333333333333],[132.5,33.0375],[132.49375,33.0375],[132.49375,33.03333333333333]]]},"properties":{"type":"Feature","mesh_id":"493243493","municipality_code":"38506","municipality":"愛南町","total_population":96,"population_65plus":48,"population_75plus":20,"aging_rate_65plus":0.5,"aging_rate_75plus":0.20833333333333334,"population_status":"0","population_status_target":null,"population_aggregation_target":null,"age_65plus_missing":false,"age_75plus_missing":false,"age_quality_flag":"ok","data_completeness":"complete"}},{"type":"Feature","geometry":{"type":"Polygon","coordinates":[[[132.44375,33.045833333333334],[132.45,33.045833333333334],[132.45,33.050000000000004],[132.44375,33.050000000000004],[132.44375,33.045833333333334]]]},"properties":{"type":"Feature","mesh_id":"493243554","municipality_code":"38506","municipality":"愛南町","total_population":62,"population_65plus":22,"population_75plus":8,"aging_rate_65plus":0.3548387096774194,"aging_rate_75plus":0.12903225806451613,"population_status":"1","population_status_target":null,"population_aggregation_target":"493243552","age_65plus_missing":false,"age_75plus_missing":false,"age_quality_flag":"ok","data_completeness":"complete"}},{"type":"Feature","geometry":{"type":"Polygon","coordinates":[[[132.45624999999998,33.045833333333334],[132.46249999999998,33.045833333333334],[132.46249999999998,33.050000000000004],[132.45624999999998,33.050000000000004],[132.45624999999998,33.045833333333334]]]},"properties":{"type":"Feature","mesh_id":"493243564","municipality_code":"38506","municipality":"愛南町","total_population":20,"population_65plus":9,"population_75plus":2,"aging_rate_65plus":0.45,"aging_rate_75plus":0.1,"population_status":"0","population_status_target":null,"population_aggregation_target":null,"age_65plus_missing":false,"age_75plus_missing":false,"age_quality_flag":"ok","data_completeness":"complete"}},{"type":"Feature","geometry":{"type":"Polygon","coordinates":[[[132.46875,33.045833333333334],[132.475,33.045833333333334],[132.475,33.050000000000004],[132.46875,33.050000000000004],[132.46875,33.045833333333334]]]},"properties":{"type":"Feature","mesh_id":"493243574","municipality_code":"38506","municipality":"愛南町","total_population":116,"population_65plus":50,"population_75plus":25,"aging_rate_65plus":0.43103448275862066,"aging_rate_75plus":0.21551724137931033,"population_status":"0","population_status_target":null,"population_aggregation_target":null,"age_65plus_missing":false,"age_75plus_missing":false,"age_quality_flag":"ok","data_completeness":"complete"}},{"type":"Feature","geometry":{"type":"Polygon","coordinates":[[[132.40625,33.05416666666667],[132.4125,33.05416666666667],[132.4125,33.05833333333334],[132.40625,33.05833333333334],[132.40625,33.05416666666667]]]},"properties":{"type":"Feature","mesh_id":"493243624","municipality_code":"38506","municipality":"愛南町","total_population":113,"population_65plus":53,"population_75plus":26,"aging_rate_65plus":0.4690265486725664,"aging_rate_75plus":0.23008849557522124,"population_status":"0","population_status_target":null,"population_aggregation_target":null,"age_65plus_missing":false,"age_75plus_missing":false,"age_quality_flag":"ok","data_completeness":"complete"}},{"type":"Feature","geometry":{"type":"Polygon","coordinates":[[[132.43125,33.05],[132.4375,33.05],[132.4375,33.05416666666667],[132.43125,33.05416666666667],[132.43125,33.05]]]},"properties":{"type":"Feature","mesh_id":"493243643","municipality_code":"38506","municipality":"愛南町","total_population":57,"population_65plus":31,"population_75plus":13,"aging_rate_65plus":0.543859649122807,"aging_rate_75plus":0.22807017543859648,"population_status":"0","population_status_target":null,"population_aggregation_target":null,"age_65plus_missing":false,"age_75plus_missing":false,"age_quality_flag":"ok","data_completeness":"complete"}},{"type":"Feature","geometry":{"type":"Polygon","coordinates":[[[132.45624999999998,33.05],[132.46249999999998,33.05],[132.46249999999998,33.05416666666667],[132.45624999999998,33.05416666666667],[132.45624999999998,33.05]]]},"properties":{"type":"Feature","mesh_id":"493243663","municipality_code":"38506","municipality":"愛南町","total_population":21,"population_65plus":15,"population_75plus":7,"aging_rate_65plus":0.7142857142857143,"aging_rate_75plus":0.3333333333333333,"population_status":"0","population_status_target":null,"population_aggregation_target":null,"age_65plus_missing":false,"age_75plus_missing":false,"age_quality_flag":"ok","data_completeness":"complete"}},{"type":"Feature","geometry":{"type":"Polygon","coordinates":[[[132.475,33.05],[132.48125,33.05],[132.48125,33.05416666666667],[132.475,33.05416666666667],[132.475,33.05]]]},"properties":{"type":"Feature","mesh_id":"493243681","municipality_code":"38506","municipality":"愛南町","total_population":14,"population_65plus":9,"population_75plus":5,"aging_rate_65plus":0.6428571428571429,"aging_rate_75plus":0.35714285714285715,"population_status":"0","population_status_target":null,"population_aggregation_target":null,"age_65plus_missing":false,"age_75plus_missing":false,"age_quality_flag":"ok","data_completeness":"complete"}},{"type":"Feature","geometry":{"type":"Polygon","coordinates":[[[132.4125,33.05833333333333],[132.41875,33.05833333333333],[132.41875,33.0625],[132.4125,33.0625],[132.4125,33.05833333333333]]]},"properties":{"type":"Feature","mesh_id":"493243731","municipality_code":"38506","municipality":"愛南町","total_population":13,"population_65plus":12,"population_75plus":3,"aging_rate_65plus":0.9230769230769231,"aging_rate_75plus":0.23076923076923078,"population_status":"1","population_status_target":null,"population_aggregation_target":"493243734","age_65plus_missing":false,"age_75plus_missing":false,"age_quality_flag":"ok","data_completeness":"complete"}},{"type":"Feature","geometry":{"type":"Polygon","coordinates":[[[132.50625,33.00416666666667],[132.5125,33.00416666666667],[132.5125,33.00833333333334],[132.50625,33.00833333333334],[132.50625,33.00416666666667]]]},"properties":{"type":"Feature","mesh_id":"493244004","municipality_code":"38506","municipality":"愛南町","total_population":8,"population_65plus":null,"population_75plus":null,"aging_rate_65plus":null,"aging_rate_75plus":null,"population_status":"1","population_status_target":null,"population_aggregation_target":"493244002;493244101","age_65plus_missing":true,"age_75plus_missing":true,"age_quality_flag":"inconsistent_with_total","data_completeness":"partial"}},{"type":"Feature","geometry":{"type":"Polygon","coordinates":[[[132.5125,33.0],[132.51874999999998,33.0],[132.51874999999998,33.00416666666667],[132.5125,33.00416666666667],[132.5125,33.0]]]},"properties":{"type":"Feature","mesh_id":"493244011","municipality_code":"38506","municipality":"愛南町","total_population":34,"population_65plus":21,"population_75plus":7,"aging_rate_65plus":0.6176470588235294,"aging_rate_75plus":0.20588235294117646,"population_status":"0","population_status_target":null,"population_aggregation_target":null,"age_65plus_missing":false,"age_75plus_missing":false,"age_quality_flag":"ok","data_completeness":"complete"}},{"type":"Feature","geometry":{"type":"Polygon","coordinates":[[[132.55,33.0],[132.55625,33.0],[132.55625,33.00416666666667],[132.55,33.00416666666667],[132.55,33.0]]]},"properties":{"type":"Feature","mesh_id":"493244041","municipality_code":"38506","municipality":"愛南町","total_population":3,"population_65plus":null,"population_75plus":null,"aging_rate_65plus":null,"aging_rate_75plus":null,"population_status":"2","population_status_target":"493244261","population_aggregation_target":null,"age_65plus_missing":true,"age_75plus_missing":true,"age_quality_flag":"ok","data_completeness":"partial"}},{"type":"Feature","geometry":{"type":"Polygon","coordinates":[[[132.5,33.00833333333333],[132.50625,33.00833333333333],[132.50625,33.0125],[132.5,33.0125],[132.5,33.00833333333333]]]},"properties":{"type":"Feature","mesh_id":"493244101","municipality_code":"38506","municipality":"愛南町","total_population":4,"population_65plus":null,"population_75plus":null,"aging_rate_65plus":null,"aging_rate_75plus":null,"population_status":"2","population_status_target":"493244004","population_aggregation_target":null,"age_65plus_missing":true,"age_75plus_missing":true,"age_quality_flag":"ok","data_completeness":"partial"}},{"type":"Feature","geometry":{"type":"Polygon","coordinates":[[[132.59375,33.0125],[132.6,33.0125],[132.6,33.01666666666667],[132.59375,33.01666666666667],[132.59375,33.0125]]]},"properties":{"type":"Feature","mesh_id":"493244174","municipality_code":"38506","municipality":"愛南町","total_population":42,"population_65plus":26,"population_75plus":12,"aging_rate_65plus":0.6190476190476191,"aging_rate_75plus":0.2857142857142857,"population_status":"0","population_status_target":null,"population_aggregation_target":null,"age_65plus_missing":false,"age_75plus_missing":false,"age_quality_flag":"ok","data_completeness":"complete"}},{"type":"Feature","geometry":{"type":"Polygon","coordinates":[[[132.6,33.00833333333333],[132.60625,33.00833333333333],[132.60625,33.0125],[132.6,33.0125],[132.6,33.00833333333333]]]},"properties":{"type":"Feature","mesh_id":"493244181","municipality_code":"38506","municipality":"愛南町","total_population":8,"population_65plus":null,"population_75plus":null,"aging_rate_65plus":null,"aging_rate_75plus":null,"population_status":"2","population_status_target":"493244183","population_aggregation_target":null,"age_65plus_missing":true,"age_75plus_missing":true,"age_quality_flag":"ok","data_completeness":"partial"}},{"type":"Feature","geometry":{"type":"Polygon","coordinates":[[[132.6,33.0125],[132.60625,33.0125],[132.60625,33.01666666666667],[132.6,33.01666666666667],[132.6,33.0125]]]},"properties":{"type":"Feature","mesh_id":"493244182","municipality_code":"38506","municipality":"愛南町","total_population":3,"population_65plus":null,"population_75plus":null,"aging_rate_65plus":null,"aging_rate_75plus":null,"population_status":"2","population_status_target":"493244183","population_aggregation_target":null,"age_65plus_missing":true,"age_75plus_missing":true,"age_quality_flag":"ok","data_completeness":"partial"}},{"type":"Feature","geometry":{"type":"Polygon","coordinates":[[[132.60625,33.00833333333333],[132.61249999999998,33.00833333333333],[132.61249999999998,33.0125],[132.60625,33.0125],[132.60625,33.00833333333333]]]},"properties":{"type":"Feature","mesh_id":"493244183","municipality_code":"38506","municipality":"愛南町","total_population":4,"population_65plus":null,"population_75plus":null,"aging_rate_65plus":null,"aging_rate_75plus":null,"population_status":"1","population_status_target":null,"population_aggregation_target":"493244181;493244182;493244184","age_65plus_missing":true,"age_75plus_missing":true,"age_quality_flag":"inconsistent_with_total","data_completeness":"partial"}},{"type":"Feature","geometry":{"type":"Polygon","coordinates":[[[132.60625,33.0125],[132.61249999999998,33.0125],[132.61249999999998,33.01666666666667],[132.60625,33.01666666666667],[132.60625,33.0125]]]},"properties":{"type":"Feature","mesh_id":"493244184","municipality_code":"38506","municipality":"愛南町","total_population":1,"population_65plus":null,"population_75plus":null,"aging_rate_65plus":null,"aging_rate_75plus":null,"population_status":"2","population_status_target":"493244183","population_aggregation_target":null,"age_65plus_missing":true,"age_75plus_missing":true,"age_quality_flag":"ok","data_completeness":"partial"}},{"type":"Feature","geometry":{"type":"Polygon","coordinates":[[[132.5,33.016666666666666],[132.50625,33.016666666666666],[132.50625,33.020833333333336],[132.5,33.020833333333336],[132.5,33.016666666666666]]]},"properties":{"type":"Feature","mesh_id":"493244201","municipality_code":"38506","municipality":"愛南町","total_population":42,"population_65plus":13,"population_75plus":4,"aging_rate_65plus":0.30952380952380953,"aging_rate_75plus":0.09523809523809523,"population_status":"0","population_status_target":null,"population_aggregation_target":null,"age_65plus_missing":false,"age_75plus_missing":false,"age_quality_flag":"ok","data_completeness":"complete"}},{"type":"Feature","geometry":{"type":"Polygon","coordinates":[[[132.50625,33.016666666666666],[132.5125,33.016666666666666],[132.5125,33.020833333333336],[132.50625,33.020833333333336],[132.50625,33.016666666666666]]]},"properties":{"type":"Feature","mesh_id":"493244203","municipality_code":"38506","municipality":"愛南町","total_population":134,"population_65plus":98,"population_75plus":71,"aging_rate_65plus":0.7313432835820896,"aging_rate_75plus":0.5298507462686567,"population_status":"1","population_status_target":null,"population_aggregation_target":"493244204","age_65plus_missing":false,"age_75plus_missing":false,"age_quality_flag":"ok","data_completeness":"complete"}},{"type":"Feature","geometry":{"type":"Polygon","coordinates":[[[132.50625,33.020833333333336],[132.5125,33.020833333333336],[132.5125,33.025000000000006],[132.50625,33.025000000000006],[132.50625,33.020833333333336]]]},"properties":{"type":"Feature","mesh_id":"493244204","municipality_code":"38506","municipality":"愛南町","total_population":6,"population_65plus":null,"population_75plus":null,"aging_rate_65plus":null,"aging_rate_75plus":null,"population_status":"2","population_status_target":"493244203","population_aggregation_target":null,"age_65plus_missing":true,"age_75plus_missing":true,"age_quality_flag":"ok","data_completeness":"partial"}},{"type":"Feature","geometry":{"type":"Polygon","coordinates":[[[132.55625,33.016666666666666],[132.5625,33.016666666666666],[132.5625,33.020833333333336],[132.55625,33.020833333333336],[132.55625,33.016666666666666]]]},"properties":{"type":"Feature","mesh_id":"493244243","municipality_code":"38506","municipality":"愛南町","total_population":4,"population_65plus":null,"population_75plus":null,"aging_rate_65plus":null,"aging_rate_75plus":null,"population_status":"2","population_status_target":"493244244","population_aggregation_target":null,"age_65plus_missing":true,"age_75plus_missing":true,"age_quality_flag":"ok","data_completeness":"partial"}},{"type":"Feature","geometry":{"type":"Polygon","coordinates":[[[132.55625,33.020833333333336],[132.5625,33.020833333333336],[132.5625,33.025000000000006],[132.55625,33.025000000000006],[132.55625,33.020833333333336]]]},"properties":{"type":"Feature","mesh_id":"493244244","municipality_code":"38506","municipality":"愛南町","total_population":10,"population_65plus":10,"population_75plus":4,"aging_rate_65plus":1.0,"aging_rate_75plus":0.4,"population_status":"1","population_status_target":null,"population_aggregation_target":"493244243","age_65plus_missing":false,"age_75plus_missing":false,"age_quality_flag":"ok","data_completeness":"complete"}},{"type":"Feature","geometry":{"type":"Polygon","coordinates":[[[132.5625,33.020833333333336],[132.56875,33.020833333333336],[132.56875,33.025000000000006],[132.5625,33.025000000000006],[132.5625,33.020833333333336]]]},"properties":{"type":"Feature","mesh_id":"493244252","municipality_code":"38506","municipality":"愛南町","total_population":2,"population_65plus":null,"population_75plus":null,"aging_rate_65plus":null,"aging_rate_75plus":null,"population_status":"2","population_status_target":"493244254","population_aggregation_target":null,"age_65plus_missing":true,"age_75plus_missing":true,"age_quality_flag":"ok","data_completeness":"partial"}},{"type":"Feature","geometry":{"type":"Polygon","coordinates":[[[132.56875,33.016666666666666],[132.575,33.016666666666666],[132.575,33.020833333333336],[132.56875,33.020833333333336],[132.56875,33.016666666666666]]]},"properties":{"type":"Feature","mesh_id":"493244253","municipality_code":"38506","municipality":"愛南町","total_population":22,"population_65plus":13,"population_75plus":7,"aging_rate_65plus":0.5909090909090909,"aging_rate_75plus":0.3181818181818182,"population_status":"1","population_status_target":null,"population_aggregation_target":"493244351","age_65plus_missing":false,"age_75plus_missing":false,"age_quality_flag":"ok","data_completeness":"complete"}},{"type":"Feature","geometry":{"type":"Polygon","coordinates":[[[132.56875,33.020833333333336],[132.575,33.020833333333336],[132.575,33.025000000000006],[132.56875,33.025000000000006],[132.56875,33.020833333333336]]]},"properties":{"type":"Feature","mesh_id":"493244254","municipality_code":"38506","municipality":"愛南町","total_population":30,"population_65plus":17,"population_75plus":10,"aging_rate_65plus":0.5666666666666667,"aging_rate_75plus":0.3333333333333333,"population_status":"1","population_status_target":null,"population_aggregation_target":"493244252","age_65plus_missing":false,"age_75plus_missing":false,"age_quality_flag":"ok","data_completeness":"complete"}},{"type":"Feature","geometry":{"type":"Polygon","coordinates":[[[132.575,33.016666666666666],[132.58124999999998,33.016666666666666],[132.58124999999998,33.020833333333336],[132.575,33.020833333333336],[132.575,33.016666666666666]]]},"properties":{"type":"Feature","mesh_id":"493244261","municipality_code":"38506","municipality":"愛南町","total_population":31,"population_65plus":null,"population_75plus":null,"aging_rate_65plus":null,"aging_rate_75plus":null,"population_status":"1","population_status_target":null,"population_aggregation_target":"493244041;493244262;493244263;493244264","age_65plus_missing":true,"age_75plus_missing":true,"age_quality_flag":"inconsistent_with_total","data_completeness":"partial"}},{"type":"Feature","geometry":{"type":"Polygon","coordinates":[[[132.575,33.020833333333336],[132.58124999999998,33.020833333333336],[132.58124999999998,33.025000000000006],[132.575,33.025000000000006],[132.575,33.020833333333336]]]},"properties":{"type":"Feature","mesh_id":"493244262","municipality_code":"38506","municipality":"愛南町","total_population":7,"population_65plus":null,"population_75plus":null,"aging_rate_65plus":null,"aging_rate_75plus":null,"population_status":"2","population_status_target":"493244261","population_aggregation_target":null,"age_65plus_missing":true,"age_75plus_missing":true,"age_quality_flag":"ok","data_completeness":"partial"}},{"type":"Feature","geometry":{"type":"Polygon","coordinates":[[[132.58124999999998,33.016666666666666],[132.58749999999998,33.016666666666666],[132.58749999999998,33.020833333333336],[132.58124999999998,33.020833333333336],[132.58124999999998,33.016666666666666]]]},"properties":{"type":"Feature","mesh_id":"493244263","municipality_code":"38506","municipality":"愛南町","total_population":7,"population_65plus":null,"population_75plus":null,"aging_rate_65plus":null,"aging_rate_75plus":null,"population_status":"2","population_status_target":"493244261","population_aggregation_target":null,"age_65plus_missing":true,"age_75plus_missing":true,"age_quality_flag":"ok","data_completeness":"partial"}},{"type":"Feature","geometry":{"type":"Polygon","coordinates":[[[132.58124999999998,33.020833333333336],[132.58749999999998,33.020833333333336],[132.58749999999998,33.025000000000006],[132.58124999999998,33.025000000000006],[132.58124999999998,33.020833333333336]]]},"properties":{"type":"Feature","mesh_id":"493244264","municipality_code":"38506","municipality":"愛南町","total_population":7,"population_65plus":null,"population_75plus":null,"aging_rate_65plus":null,"aging_rate_75plus":null,"population_status":"2","population_status_target":"493244261","population_aggregation_target":null,"age_65plus_missing":true,"age_75plus_missing":true,"age_quality_flag":"ok","data_completeness":"partial"}},{"type":"Feature","geometry":{"type":"Polygon","coordinates":[[[132.5875,33.016666666666666],[132.59375,33.016666666666666],[132.59375,33.020833333333336],[132.5875,33.020833333333336],[132.5875,33.016666666666666]]]},"properties":{"type":"Feature","mesh_id":"493244271","municipality_code":"38506","municipality":"愛南町","total_population":3,"population_65plus":null,"population_75plus":null,"aging_rate_65plus":null,"aging_rate_75plus":null,"population_status":"2","population_status_target":"493244272","population_aggregation_target":null,"age_65plus_missing":true,"age_75plus_missing":true,"age_quality_flag":"ok","data_completeness":"partial"}},{"type":"Feature","geometry":{"type":"Polygon","coordinates":[[[132.5875,33.020833333333336],[132.59375,33.020833333333336],[132.59375,33.025000000000006],[132.5875,33.025000000000006],[132.5875,33.020833333333336]]]},"properties":{"type":"Feature","mesh_id":"493244272","municipality_code":"38506","municipality":"愛南町","total_population":36,"population_65plus":19,"population_75plus":11,"aging_rate_65plus":0.5277777777777778,"aging_rate_75plus":0.3055555555555556,"population_status":"1","population_status_target":null,"population_aggregation_target":"493244271","age_65plus_missing":false,"age_75plus_missing":false,"age_quality_flag":"ok","data_completeness":"complete"}},{"type":"Feature","geometry":{"type":"Polygon","coordinates":[[[132.60625,33.016666666666666],[132.61249999999998,33.016666666666666],[132.61249999999998,33.020833333333336],[132.60625,33.020833333333336],[132.60625,33.016666666666666]]]},"properties":{"type":"Feature","mesh_id":"493244283","municipality_code":"38506","municipality":"愛南町","total_population":18,"population_65plus":6,"population_75plus":0,"aging_rate_65plus":0.3333333333333333,"aging_rate_75plus":0.0,"population_status":"1","population_status_target":null,"population_aggregation_target":"493244381","age_65plus_missing":false,"age_75plus_missing":false,"age_quality_flag":"ok","data_completeness":"complete"}},{"type":"Feature","geometry":{"type":"Polygon","coordinates":[[[132.5,33.02916666666667],[132.50625,33.02916666666667],[132.50625,33.03333333333334],[132.5,33.03333333333334],[132.5,33.02916666666667]]]},"properties":{"type":"Feature","mesh_id":"493244302","municipality_code":"38506","municipality":"愛南町","total_population":15,"population_65plus":11,"population_75plus":5,"aging_rate_65plus":0.7333333333333333,"aging_rate_75plus":0.3333333333333333,"population_status":"1","population_status_target":null,"population_aggregation_target":"493244304;493244602;493244604;493244611","age_65plus_missing":false,"age_75plus_missing":false,"age_quality_flag":"ok","data_completeness":"complete"}},{"type":"Feature","geometry":{"type":"Polygon","coordinates":[[[132.50625,33.02916666666667],[132.5125,33.02916666666667],[132.5125,33.03333333333334],[132.50625,33.03333333333334],[132.50625,33.02916666666667]]]},"properties":{"type":"Feature","mesh_id":"493244304","municipality_code":"38506","municipality":"愛南町","total_population":6,"population_65plus":null,"population_75plus":null,"aging_rate_65plus":null,"aging_rate_75plus":null,"population_status":"2","population_status_target":"493244302","population_aggregation_target":null,"age_65plus_missing":true,"age_75plus_missing":true,"age_quality_flag":"ok","data_completeness":"partial"}},{"type":"Feature","geometry":{"type":"Polygon","coordinates":[[[132.55,33.02916666666667],[132.55625,33.02916666666667],[132.55625,33.03333333333334],[132.55,33.03333333333334],[132.55,33.02916666666667]]]},"properties":{"type":"Feature","mesh_id":"493244342","municipality_code":"38506","municipality":"愛南町","total_population":22,"population_65plus":16,"population_75plus":7,"aging_rate_65plus":0.7272727272727273,"aging_rate_75plus":0.3181818181818182,"population_status":"1","population_status_target":null,"population_aggregation_target":"493244344;493244623","age_65plus_missing":false,"age_75plus_missing":false,"age_quality_flag":"ok","data_completeness":"complete"}},{"type":"Feature","geometry":{"type":"Polygon","coordinates":[[[132.55625,33.02916666666667],[132.5625,33.02916666666667],[132.5625,33.03333333333334],[132.55625,33.03333333333334],[132.55625,33.02916666666667]]]},"properties":{"type":"Feature","mesh_id":"493244344","municipality_code":"38506","municipality":"愛南町","total_population":2,"population_65plus":null,"population_75plus":null,"aging_rate_65plus":null,"aging_rate_75plus":null,"population_status":"2","population_status_target":"493244342","population_aggregation_target":null,"age_65plus_missing":true,"age_75plus_missing":true,"age_quality_flag":"ok","data_completeness":"partial"}},{"type":"Feature","geometry":{"type":"Polygon","coordinates":[[[132.5625,33.025],[132.56875,33.025],[132.56875,33.02916666666667],[132.5625,33.02916666666667],[132.5625,33.025]]]},"properties":{"type":"Feature","mesh_id":"493244351","municipality_code":"38506","municipality":"愛南町","total_population":1,"population_65plus":null,"population_75plus":null,"aging_rate_65plus":null,"aging_rate_75plus":null,"population_status":"2","population_status_target":"493244253","population_aggregation_target":null,"age_65plus_missing":true,"age_75plus_missing":true,"age_quality_flag":"ok","data_completeness":"partial"}},{"type":"Feature","geometry":{"type":"Polygon","coordinates":[[[132.6,33.025],[132.60625,33.025],[132.60625,33.02916666666667],[132.6,33.02916666666667],[132.6,33.025]]]},"properties":{"type":"Feature","mesh_id":"493244381","municipality_code":"38506","municipality":"愛南町","total_population":2,"population_65plus":null,"population_75plus":null,"aging_rate_65plus":null,"aging_rate_75plus":null,"population_status":"2","population_status_target":"493244283","population_aggregation_target":null,"age_65plus_missing":true,"age_75plus_missing":true,"age_quality_flag":"ok","data_completeness":"partial"}},{"type":"Feature","geometry":{"type":"Polygon","coordinates":[[[132.675,33.0],[132.68125,33.0],[132.68125,33.00416666666667],[132.675,33.00416666666667],[132.675,33.0]]]},"properties":{"type":"Feature","mesh_id":"493245041","municipality_code":"38506","municipality":"愛南町","total_population":5,"population_65plus":null,"population_75plus":null,"aging_rate_65plus":null,"aging_rate_75plus":null,"population_status":"2","population_status_target":"493245044","population_aggregation_target":null,"age_65plus_missing":true,"age_75plus_missing":true,"age_quality_flag":"ok","data_completeness":"partial"}},{"type":"Feature","geometry":{"type":"Polygon","coordinates":[[[132.675,33.00416666666667],[132.68125,33.00416666666667],[132.68125,33.00833333333334],[132.675,33.00833333333334],[132.675,33.00416666666667]]]},"properties":{"type":"Feature","mesh_id":"493245042","municipality_code":"38506","municipality":"愛南町","total_population":40,"population_65plus":24,"population_75plus":18,"aging_rate_65plus":0.6,"aging_rate_75plus":0.45,"population_status":"1","population_status_target":null,"population_aggregation_target":"493245164;493245173","age_65plus_missing":false,"age_75plus_missing":false,"age_quality_flag":"ok","data_completeness":"complete"}},{"type":"Feature","geometry":{"type":"Polygon","coordinates":[[[132.68125,33.0],[132.6875,33.0],[132.6875,33.00416666666667],[132.68125,33.00416666666667],[132.68125,33.0]]]},"properties":{"type":"Feature","mesh_id":"493245043","municipality_code":"38506","municipality":"愛南町","total_population":5,"population_65plus":null,"population_75plus":null,"aging_rate_65plus":null,"aging_rate_75plus":null,"population_status":"2","population_status_target":"493245044","population_aggregation_target":null,"age_65plus_missing":true,"age_75plus_missing":true,"age_quality_flag":"ok","data_completeness":"partial"}},{"type":"Feature","geometry":{"type":"Polygon","coordinates":[[[132.65,33.0125],[132.65625,33.0125],[132.65625,33.01666666666667],[132.65,33.01666666666667],[132.65,33.0125]]]},"properties":{"type":"Feature","mesh_id":"493245122","municipality_code":"38506","municipality":"愛南町","total_population":5,"population_65plus":null,"population_75plus":null,"aging_rate_65plus":null,"aging_rate_75plus":null,"population_status":"2","population_status_target":"493245134","population_aggregation_target":null,"age_65plus_missing":true,"age_75plus_missing":true,"age_quality_flag":"ok","data_completeness":"partial"}},{"type":"Feature","geometry":{"type":"Polygon","coordinates":[[[132.66875,33.00833333333333],[132.67499999999998,33.00833333333333],[132.67499999999998,33.0125],[132.66875,33.0125],[132.66875,33.00833333333333]]]},"properties":{"type":"Feature","mesh_id":"493245133","municipality_code":"38506","municipality":"愛南町","total_population":11,"population_65plus":5,"population_75plus":2,"aging_rate_65plus":0.45454545454545453,"aging_rate_75plus":0.18181818181818182,"population_status":"0","population_status_target":null,"population_aggregation_target":null,"age_65plus_missing":false,"age_75plus_missing":false,"age_quality_flag":"ok","data_completeness":"complete"}},{"type":"Feature","geometry":{"type":"Polygon","coordinates":[[[132.66875,33.0125],[132.67499999999998,33.0125],[132.67499999999998,33.01666666666667],[132.66875,33.01666666666667],[132.66875,33.0125]]]},"properties":{"type":"Feature","mesh_id":"493245134","municipality_code":"38506","municipality":"愛南町","total_population":17,"population_65plus":12,"population_75plus":7,"aging_rate_65plus":0.7058823529411765,"aging_rate_75plus":0.4117647058823529,"population_status":"1","population_status_target":null,"population_aggregation_target":"493245122","age_65plus_missing":false,"age_75plus_missing":false,"age_quality_flag":"ok","data_completeness":"complete"}}]}