{"type":"FeatureCollection","features":[{"type":"Feature","geometry":{"type":"Polygon","coordinates":[[[133.45624999999998,33.85416666666667],[133.46249999999998,33.85416666666667],[133.46249999999998,33.85833333333334],[133.45624999999998,33.85833333333334],[133.45624999999998,33.85416666666667]]]},"properties":{"type":"Feature","mesh_id":"503363264","municipality_code":"38213","municipality":"四国中央市","total_population":3,"population_65plus":null,"population_75plus":null,"aging_rate_65plus":null,"aging_rate_75plus":null,"population_status":"2","population_status_target":"503363353","population_aggregation_target":null,"age_65plus_missing":true,"age_75plus_missing":true,"age_quality_flag":"ok","data_completeness":"partial"}},{"type":"Feature","geometry":{"type":"Polygon","coordinates":[[[133.48125,33.85],[133.48749999999998,33.85],[133.48749999999998,33.85416666666667],[133.48125,33.85416666666667],[133.48125,33.85]]]},"properties":{"type":"Feature","mesh_id":"503363283","municipality_code":"38213","municipality":"四国中央市","total_population":1,"population_65plus":null,"population_75plus":null,"aging_rate_65plus":null,"aging_rate_75plus":null,"population_status":"2","population_status_target":"503363353","population_aggregation_target":null,"age_65plus_missing":true,"age_75plus_missing":true,"age_quality_flag":"ok","data_completeness":"partial"}},{"type":"Feature","geometry":{"type":"Polygon","coordinates":[[[133.49375,33.87916666666667],[133.5,33.87916666666667],[133.5,33.88333333333334],[133.49375,33.88333333333334],[133.49375,33.87916666666667]]]},"properties":{"type":"Feature","mesh_id":"503363594","municipality_code":"38213","municipality":"四国中央市","total_population":1,"population_65plus":null,"population_75plus":null,"aging_rate_65plus":null,"aging_rate_75plus":null,"population_status":"2","population_status_target":"503363353","population_aggregation_target":null,"age_65plus_missing":true,"age_75plus_missing":true,"age_quality_flag":"ok","data_completeness":"partial"}},{"type":"Feature","geometry":{"type":"Polygon","coordinates":[[[133.475,33.8875],[133.48125,33.8875],[133.48125,33.89166666666667],[133.475,33.89166666666667],[133.475,33.8875]]]},"properties":{"type":"Feature","mesh_id":"503363682","municipality_code":"38213","municipality":"四国中央市","total_population":16,"population_65plus":null,"population_75plus":null,"aging_rate_65plus":null,"aging_rate_75plus":null,"population_status":"1","population_status_target":null,"population_aggregation_target":"503363692;503363694;503363874","age_65plus_missing":true,"age_75plus_missing":true,"age_quality_flag":"inconsistent_with_total","data_completeness":"partial"}},{"type":"Feature","geometry":{"type":"Polygon","coordinates":[[[133.4875,33.8875],[133.49375,33.8875],[133.49375,33.89166666666667],[133.4875,33.89166666666667],[133.4875,33.8875]]]},"properties":{"type":"Feature","mesh_id":"503363692","municipality_code":"38213","municipality":"四国中央市","total_population":3,"population_65plus":null,"population_75plus":null,"aging_rate_65plus":null,"aging_rate_75plus":null,"population_status":"2","population_status_target":"503363682","population_aggregation_target":null,"age_65plus_missing":true,"age_75plus_missing":true,"age_quality_flag":"ok","data_completeness":"partial"}},{"type":"Feature","geometry":{"type":"Polygon","coordinates":[[[133.49375,33.8875],[133.5,33.8875],[133.5,33.89166666666667],[133.49375,33.89166666666667],[133.49375,33.8875]]]},"properties":{"type":"Feature","mesh_id":"503363694","municipality_code":"38213","municipality":"四国中央市","total_population":1,"population_65plus":null,"population_75plus":null,"aging_rate_65plus":null,"aging_rate_75plus":null,"population_status":"2","population_status_target":"503363682","population_aggregation_target":null,"age_65plus_missing":true,"age_75plus_missing":true,"age_quality_flag":"ok","data_completeness":"partial"}},{"type":"Feature","geometry":{"type":"Polygon","coordinates":[[[133.46875,33.904166666666676],[133.475,33.904166666666676],[133.475,33.908333333333346],[133.46875,33.908333333333346],[133.46875,33.904166666666676]]]},"properties":{"type":"Feature","mesh_id":"503363874","municipality_code":"38213","municipality":"四国中央市","total_population":2,"population_65plus":null,"population_75plus":null,"aging_rate_65plus":null,"aging_rate_75plus":null,"population_status":"2","population_status_target":"503363682","population_aggregation_target":null,"age_65plus_missing":true,"age_75plus_missing":true,"age_quality_flag":"ok","data_completeness":"partial"}},{"type":"Feature","geometry":{"type":"Polygon","coordinates":[[[133.4875,33.91250000000001],[133.49375,33.91250000000001],[133.49375,33.91666666666668],[133.4875,33.91666666666668],[133.4875,33.91250000000001]]]},"properties":{"type":"Feature","mesh_id":"503363992","municipality_code":"38213","municipality":"四国中央市","total_population":9,"population_65plus":7,"population_75plus":5,"aging_rate_65plus":0.7777777777777778,"aging_rate_75plus":0.5555555555555556,"population_status":"1","population_status_target":null,"population_aggregation_target":"503363994","age_65plus_missing":false,"age_75plus_missing":false,"age_quality_flag":"ok","data_completeness":"complete"}},{"type":"Feature","geometry":{"type":"Polygon","coordinates":[[[133.49375,33.91250000000001],[133.5,33.91250000000001],[133.5,33.91666666666668],[133.49375,33.91666666666668],[133.49375,33.91250000000001]]]},"properties":{"type":"Feature","mesh_id":"503363994","municipality_code":"38213","municipality":"四国中央市","total_population":2,"population_65plus":null,"population_75plus":null,"aging_rate_65plus":null,"aging_rate_75plus":null,"population_status":"2","population_status_target":"503363992","population_aggregation_target":null,"age_65plus_missing":true,"age_75plus_missing":true,"age_quality_flag":"ok","data_completeness":"partial"}},{"type":"Feature","geometry":{"type":"Polygon","coordinates":[[[133.50625,33.87083333333334],[133.5125,33.87083333333334],[133.5125,33.87500000000001],[133.50625,33.87500000000001],[133.50625,33.87083333333334]]]},"properties":{"type":"Feature","mesh_id":"503364404","municipality_code":"38213","municipality":"四国中央市","total_population":4,"population_65plus":null,"population_75plus":null,"aging_rate_65plus":null,"aging_rate_75plus":null,"population_status":"2","population_status_target":"503364913","population_aggregation_target":null,"age_65plus_missing":true,"age_75plus_missing":true,"age_quality_flag":"ok","data_completeness":"partial"}},{"type":"Feature","geometry":{"type":"Polygon","coordinates":[[[133.50625,33.900000000000006],[133.5125,33.900000000000006],[133.5125,33.904166666666676],[133.50625,33.904166666666676],[133.50625,33.900000000000006]]]},"properties":{"type":"Feature","mesh_id":"503364803","municipality_code":"38213","municipality":"四国中央市","total_population":6,"population_65plus":null,"population_75plus":null,"aging_rate_65plus":null,"aging_rate_75plus":null,"population_status":"2","population_status_target":"503364913","population_aggregation_target":null,"age_65plus_missing":true,"age_75plus_missing":true,"age_quality_flag":"ok","data_completeness":"partial"}},{"type":"Feature","geometry":{"type":"Polygon","coordinates":[[[133.5,33.91250000000001],[133.50625,33.91250000000001],[133.50625,33.91666666666668],[133.5,33.91666666666668],[133.5,33.91250000000001]]]},"properties":{"type":"Feature","mesh_id":"503364902","municipality_code":"38213","municipality":"四国中央市","total_population":5,"population_65plus":null,"population_75plus":null,"aging_rate_65plus":null,"aging_rate_75plus":null,"population_status":"2","population_status_target":"503364913","population_aggregation_target":null,"age_65plus_missing":true,"age_75plus_missing":true,"age_quality_flag":"ok","data_completeness":"partial"}},{"type":"Feature","geometry":{"type":"Polygon","coordinates":[[[133.50625,33.91250000000001],[133.5125,33.91250000000001],[133.5125,33.91666666666668],[133.50625,33.91666666666668],[133.50625,33.91250000000001]]]},"properties":{"type":"Feature","mesh_id":"503364904","municipality_code":"38213","municipality":"四国中央市","total_population":17,"population_65plus":null,"population_75plus":null,"aging_rate_65plus":null,"aging_rate_75plus":null,"population_status":"2","population_status_target":"503364913","population_aggregation_target":null,"age_65plus_missing":true,"age_75plus_missing":true,"age_quality_flag":"ok","data_completeness":"partial"}},{"type":"Feature","geometry":{"type":"Polygon","coordinates":[[[133.51874999999998,33.90833333333334],[133.52499999999998,33.90833333333334],[133.52499999999998,33.91250000000001],[133.51874999999998,33.91250000000001],[133.51874999999998,33.90833333333334]]]},"properties":{"type":"Feature","mesh_id":"503364913","municipality_code":"38213","municipality":"四国中央市","total_population":11,"population_65plus":null,"population_75plus":null,"aging_rate_65plus":null,"aging_rate_75plus":null,"population_status":"1","population_status_target":null,"population_aggregation_target":"503364194;503364292;503364294;503364404;503364803;503364902;503364904;503364923","age_65plus_missing":true,"age_75plus_missing":true,"age_quality_flag":"inconsistent_with_total","data_completeness":"partial"}},{"type":"Feature","geometry":{"type":"Polygon","coordinates":[[[133.53125,33.90833333333334],[133.5375,33.90833333333334],[133.5375,33.91250000000001],[133.53125,33.91250000000001],[133.53125,33.90833333333334]]]},"properties":{"type":"Feature","mesh_id":"503364923","municipality_code":"38213","municipality":"四国中央市","total_population":2,"population_65plus":null,"population_75plus":null,"aging_rate_65plus":null,"aging_rate_75plus":null,"population_status":"2","population_status_target":"503364913","population_aggregation_target":null,"age_65plus_missing":true,"age_75plus_missing":true,"age_quality_flag":"ok","data_completeness":"partial"}},{"type":"Feature","geometry":{"type":"Polygon","coordinates":[[[133.63125,33.891666666666666],[133.6375,33.891666666666666],[133.6375,33.895833333333336],[133.63125,33.895833333333336],[133.63125,33.891666666666666]]]},"properties":{"type":"Feature","mesh_id":"503365703","municipality_code":"38213","municipality":"四国中央市","total_population":6,"population_65plus":null,"population_75plus":null,"aging_rate_65plus":null,"aging_rate_75plus":null,"population_status":"2","population_status_target":"503365114","population_aggregation_target":null,"age_65plus_missing":true,"age_75plus_missing":true,"age_quality_flag":"ok","data_completeness":"partial"}},{"type":"Feature","geometry":{"type":"Polygon","coordinates":[[[133.625,33.91250000000001],[133.63125,33.91250000000001],[133.63125,33.91666666666668],[133.625,33.91666666666668],[133.625,33.91250000000001]]]},"properties":{"type":"Feature","mesh_id":"503365902","municipality_code":"38213","municipality":"四国中央市","total_population":1,"population_65plus":null,"population_75plus":null,"aging_rate_65plus":null,"aging_rate_75plus":null,"population_status":"2","population_status_target":"503365573","population_aggregation_target":null,"age_65plus_missing":true,"age_75plus_missing":true,"age_quality_flag":"ok","data_completeness":"partial"}},{"type":"Feature","geometry":{"type":"Polygon","coordinates":[[[133.64374999999998,33.90833333333334],[133.64999999999998,33.90833333333334],[133.64999999999998,33.91250000000001],[133.64374999999998,33.91250000000001],[133.64374999999998,33.90833333333334]]]},"properties":{"type":"Feature","mesh_id":"503365913","municipality_code":"38213","municipality":"四国中央市","total_population":8,"population_65plus":null,"population_75plus":null,"aging_rate_65plus":null,"aging_rate_75plus":null,"population_status":"2","population_status_target":"503365923","population_aggregation_target":null,"age_65plus_missing":true,"age_75plus_missing":true,"age_quality_flag":"ok","data_completeness":"partial"}},{"type":"Feature","geometry":{"type":"Polygon","coordinates":[[[133.65625,33.90833333333334],[133.6625,33.90833333333334],[133.6625,33.91250000000001],[133.65625,33.91250000000001],[133.65625,33.90833333333334]]]},"properties":{"type":"Feature","mesh_id":"503365923","municipality_code":"38213","municipality":"四国中央市","total_population":6,"population_65plus":null,"population_75plus":null,"aging_rate_65plus":null,"aging_rate_75plus":null,"population_status":"1","population_status_target":null,"population_aggregation_target":"503365913;503365924","age_65plus_missing":true,"age_75plus_missing":true,"age_quality_flag":"inconsistent_with_total","data_completeness":"partial"}},{"type":"Feature","geometry":{"type":"Polygon","coordinates":[[[133.65625,33.91250000000001],[133.6625,33.91250000000001],[133.6625,33.91666666666668],[133.65625,33.91666666666668],[133.65625,33.91250000000001]]]},"properties":{"type":"Feature","mesh_id":"503365924","municipality_code":"38213","municipality":"四国中央市","total_population":8,"population_65plus":null,"population_75plus":null,"aging_rate_65plus":null,"aging_rate_75plus":null,"population_status":"2","population_status_target":"503365923","population_aggregation_target":null,"age_65plus_missing":true,"age_75plus_missing":true,"age_quality_flag":"ok","data_completeness":"partial"}},{"type":"Feature","geometry":{"type":"Polygon","coordinates":[[[133.66875,33.90833333333334],[133.67499999999998,33.90833333333334],[133.67499999999998,33.91250000000001],[133.66875,33.91250000000001],[133.66875,33.90833333333334]]]},"properties":{"type":"Feature","mesh_id":"503365933","municipality_code":"38213","municipality":"四国中央市","total_population":11,"population_65plus":11,"population_75plus":5,"aging_rate_65plus":1.0,"aging_rate_75plus":0.45454545454545453,"population_status":"1","population_status_target":null,"population_aggregation_target":"503365934;503365964","age_65plus_missing":false,"age_75plus_missing":false,"age_quality_flag":"ok","data_completeness":"complete"}},{"type":"Feature","geometry":{"type":"Polygon","coordinates":[[[133.66875,33.91250000000001],[133.67499999999998,33.91250000000001],[133.67499999999998,33.91666666666668],[133.66875,33.91666666666668],[133.66875,33.91250000000001]]]},"properties":{"type":"Feature","mesh_id":"503365934","municipality_code":"38213","municipality":"四国中央市","total_population":4,"population_65plus":null,"population_75plus":null,"aging_rate_65plus":null,"aging_rate_75plus":null,"population_status":"2","population_status_target":"503365933","population_aggregation_target":null,"age_65plus_missing":true,"age_75plus_missing":true,"age_quality_flag":"ok","data_completeness":"partial"}},{"type":"Feature","geometry":{"type":"Polygon","coordinates":[[[133.36875,33.93333333333334],[133.375,33.93333333333334],[133.375,33.93750000000001],[133.36875,33.93750000000001],[133.36875,33.93333333333334]]]},"properties":{"type":"Feature","mesh_id":"503372293","municipality_code":"38213","municipality":"四国中央市","total_population":5,"population_65plus":null,"population_75plus":null,"aging_rate_65plus":null,"aging_rate_75plus":null,"population_status":"2","population_status_target":"503372294","population_aggregation_target":null,"age_65plus_missing":true,"age_75plus_missing":true,"age_quality_flag":"ok","data_completeness":"partial"}},{"type":"Feature","geometry":{"type":"Polygon","coordinates":[[[133.36875,33.93750000000001],[133.375,33.93750000000001],[133.375,33.94166666666668],[133.36875,33.94166666666668],[133.36875,33.93750000000001]]]},"properties":{"type":"Feature","mesh_id":"503372294","municipality_code":"38213","municipality":"四国中央市","total_population":167,"population_65plus":79,"population_75plus":41,"aging_rate_65plus":0.47305389221556887,"aging_rate_75plus":0.24550898203592814,"population_status":"1","population_status_target":null,"population_aggregation_target":"503372293;503372392","age_65plus_missing":false,"age_75plus_missing":false,"age_quality_flag":"ok","data_completeness":"complete"}},{"type":"Feature","geometry":{"type":"Polygon","coordinates":[[[133.375,33.925000000000004],[133.38125,33.925000000000004],[133.38125,33.929166666666674],[133.375,33.929166666666674],[133.375,33.925000000000004]]]},"properties":{"type":"Feature","mesh_id":"503373101","municipality_code":"38213","municipality":"四国中央市","total_population":3,"population_65plus":null,"population_75plus":null,"aging_rate_65plus":null,"aging_rate_75plus":null,"population_status":"2","population_status_target":"503373201","population_aggregation_target":null,"age_65plus_missing":true,"age_75plus_missing":true,"age_quality_flag":"ok","data_completeness":"partial"}},{"type":"Feature","geometry":{"type":"Polygon","coordinates":[[[133.375,33.93333333333334],[133.38125,33.93333333333334],[133.38125,33.93750000000001],[133.375,33.93750000000001],[133.375,33.93333333333334]]]},"properties":{"type":"Feature","mesh_id":"503373201","municipality_code":"38213","municipality":"四国中央市","total_population":24,"population_65plus":8,"population_75plus":2,"aging_rate_65plus":0.3333333333333333,"aging_rate_75plus":0.08333333333333333,"population_status":"1","population_status_target":null,"population_aggregation_target":"503373101","age_65plus_missing":false,"age_75plus_missing":false,"age_quality_flag":"ok","data_completeness":"complete"}},{"type":"Feature","geometry":{"type":"Polygon","coordinates":[[[133.38125,33.93333333333334],[133.3875,33.93333333333334],[133.3875,33.93750000000001],[133.38125,33.93750000000001],[133.38125,33.93333333333334]]]},"properties":{"type":"Feature","mesh_id":"503373203","municipality_code":"38213","municipality":"四国中央市","total_population":170,"population_65plus":61,"population_75plus":26,"aging_rate_65plus":0.3588235294117647,"aging_rate_75plus":0.15294117647058825,"population_status":"0","population_status_target":null,"population_aggregation_target":null,"age_65plus_missing":false,"age_75plus_missing":false,"age_quality_flag":"ok","data_completeness":"complete"}},{"type":"Feature","geometry":{"type":"Polygon","coordinates":[[[133.38125,33.93750000000001],[133.3875,33.93750000000001],[133.3875,33.94166666666668],[133.38125,33.94166666666668],[133.38125,33.93750000000001]]]},"properties":{"type":"Feature","mesh_id":"503373204","municipality_code":"38213","municipality":"四国中央市","total_population":21,"population_65plus":9,"population_75plus":5,"aging_rate_65plus":0.42857142857142855,"aging_rate_75plus":0.23809523809523808,"population_status":"0","population_status_target":null,"population_aggregation_target":null,"age_65plus_missing":false,"age_75plus_missing":false,"age_quality_flag":"ok","data_completeness":"complete"}},{"type":"Feature","geometry":{"type":"Polygon","coordinates":[[[133.4125,33.93750000000001],[133.41875,33.93750000000001],[133.41875,33.94166666666668],[133.4125,33.94166666666668],[133.4125,33.93750000000001]]]},"properties":{"type":"Feature","mesh_id":"503373232","municipality_code":"38213","municipality":"四国中央市","total_population":2,"population_65plus":null,"population_75plus":null,"aging_rate_65plus":null,"aging_rate_75plus":null,"population_status":"2","population_status_target":"503373233","population_aggregation_target":null,"age_65plus_missing":true,"age_75plus_missing":true,"age_quality_flag":"ok","data_completeness":"partial"}},{"type":"Feature","geometry":{"type":"Polygon","coordinates":[[[133.41875,33.93333333333334],[133.42499999999998,33.93333333333334],[133.42499999999998,33.93750000000001],[133.41875,33.93750000000001],[133.41875,33.93333333333334]]]},"properties":{"type":"Feature","mesh_id":"503373233","municipality_code":"38213","municipality":"四国中央市","total_population":20,"population_65plus":12,"population_75plus":4,"aging_rate_65plus":0.6,"aging_rate_75plus":0.2,"population_status":"1","population_status_target":null,"population_aggregation_target":"503373232","age_65plus_missing":false,"age_75plus_missing":false,"age_quality_flag":"ok","data_completeness":"complete"}},{"type":"Feature","geometry":{"type":"Polygon","coordinates":[[[133.375,33.94166666666667],[133.38125,33.94166666666667],[133.38125,33.94583333333334],[133.375,33.94583333333334],[133.375,33.94166666666667]]]},"properties":{"type":"Feature","mesh_id":"503373301","municipality_code":"38213","municipality":"四国中央市","total_population":84,"population_65plus":35,"population_75plus":19,"aging_rate_65plus":0.4166666666666667,"aging_rate_75plus":0.2261904761904762,"population_status":"0","population_status_target":null,"population_aggregation_target":null,"age_65plus_missing":false,"age_75plus_missing":false,"age_quality_flag":"ok","data_completeness":"complete"}},{"type":"Feature","geometry":{"type":"Polygon","coordinates":[[[133.375,33.94583333333334],[133.38125,33.94583333333334],[133.38125,33.95000000000001],[133.375,33.95000000000001],[133.375,33.94583333333334]]]},"properties":{"type":"Feature","mesh_id":"503373302","municipality_code":"38213","municipality":"四国中央市","total_population":288,"population_65plus":120,"population_75plus":64,"aging_rate_65plus":0.4166666666666667,"aging_rate_75plus":0.2222222222222222,"population_status":"0","population_status_target":null,"population_aggregation_target":null,"age_65plus_missing":false,"age_75plus_missing":false,"age_quality_flag":"ok","data_completeness":"complete"}},{"type":"Feature","geometry":{"type":"Polygon","coordinates":[[[133.38125,33.94583333333334],[133.3875,33.94583333333334],[133.3875,33.95000000000001],[133.38125,33.95000000000001],[133.38125,33.94583333333334]]]},"properties":{"type":"Feature","mesh_id":"503373304","municipality_code":"38213","municipality":"四国中央市","total_population":96,"population_65plus":36,"population_75plus":15,"aging_rate_65plus":0.375,"aging_rate_75plus":0.15625,"population_status":"0","population_status_target":null,"population_aggregation_target":null,"age_65plus_missing":false,"age_75plus_missing":false,"age_quality_flag":"ok","data_completeness":"complete"}},{"type":"Feature","geometry":{"type":"Polygon","coordinates":[[[133.3875,33.94166666666667],[133.39374999999998,33.94166666666667],[133.39374999999998,33.94583333333334],[133.3875,33.94583333333334],[133.3875,33.94166666666667]]]},"properties":{"type":"Feature","mesh_id":"503373311","municipality_code":"38213","municipality":"四国中央市","total_population":179,"population_65plus":96,"population_75plus":55,"aging_rate_65plus":0.5363128491620112,"aging_rate_75plus":0.30726256983240224,"population_status":"0","population_status_target":null,"population_aggregation_target":null,"age_65plus_missing":false,"age_75plus_missing":false,"age_quality_flag":"ok","data_completeness":"complete"}},{"type":"Feature","geometry":{"type":"Polygon","coordinates":[[[133.39374999999998,33.94166666666667],[133.39999999999998,33.94166666666667],[133.39999999999998,33.94583333333334],[133.39374999999998,33.94583333333334],[133.39374999999998,33.94166666666667]]]},"properties":{"type":"Feature","mesh_id":"503373313","municipality_code":"38213","municipality":"四国中央市","total_population":158,"population_65plus":55,"population_75plus":32,"aging_rate_65plus":0.34810126582278483,"aging_rate_75plus":0.20253164556962025,"population_status":"0","population_status_target":null,"population_aggregation_target":null,"age_65plus_missing":false,"age_75plus_missing":false,"age_quality_flag":"ok","data_completeness":"complete"}},{"type":"Feature","geometry":{"type":"Polygon","coordinates":[[[133.39374999999998,33.94583333333334],[133.39999999999998,33.94583333333334],[133.39999999999998,33.95000000000001],[133.39374999999998,33.95000000000001],[133.39374999999998,33.94583333333334]]]},"properties":{"type":"Feature","mesh_id":"503373314","municipality_code":"38213","municipality":"四国中央市","total_population":13,"population_65plus":8,"population_75plus":6,"aging_rate_65plus":0.6153846153846154,"aging_rate_75plus":0.46153846153846156,"population_status":"0","population_status_target":null,"population_aggregation_target":null,"age_65plus_missing":false,"age_75plus_missing":false,"age_quality_flag":"ok","data_completeness":"complete"}},{"type":"Feature","geometry":{"type":"Polygon","coordinates":[[[133.40625,33.94166666666667],[133.4125,33.94166666666667],[133.4125,33.94583333333334],[133.40625,33.94583333333334],[133.40625,33.94166666666667]]]},"properties":{"type":"Feature","mesh_id":"503373323","municipality_code":"38213","municipality":"四国中央市","total_population":37,"population_65plus":15,"population_75plus":9,"aging_rate_65plus":0.40540540540540543,"aging_rate_75plus":0.24324324324324326,"population_status":"0","population_status_target":null,"population_aggregation_target":null,"age_65plus_missing":false,"age_75plus_missing":false,"age_quality_flag":"ok","data_completeness":"complete"}},{"type":"Feature","geometry":{"type":"Polygon","coordinates":[[[133.40625,33.94583333333334],[133.4125,33.94583333333334],[133.4125,33.95000000000001],[133.40625,33.95000000000001],[133.40625,33.94583333333334]]]},"properties":{"type":"Feature","mesh_id":"503373324","municipality_code":"38213","municipality":"四国中央市","total_population":173,"population_65plus":73,"population_75plus":40,"aging_rate_65plus":0.42196531791907516,"aging_rate_75plus":0.23121387283236994,"population_status":"0","population_status_target":null,"population_aggregation_target":null,"age_65plus_missing":false,"age_75plus_missing":false,"age_quality_flag":"ok","data_completeness":"complete"}},{"type":"Feature","geometry":{"type":"Polygon","coordinates":[[[133.4125,33.94166666666667],[133.41875,33.94166666666667],[133.41875,33.94583333333334],[133.4125,33.94583333333334],[133.4125,33.94166666666667]]]},"properties":{"type":"Feature","mesh_id":"503373331","municipality_code":"38213","municipality":"四国中央市","total_population":15,"population_65plus":6,"population_75plus":2,"aging_rate_65plus":0.4,"aging_rate_75plus":0.13333333333333333,"population_status":"0","population_status_target":null,"population_aggregation_target":null,"age_65plus_missing":false,"age_75plus_missing":false,"age_quality_flag":"ok","data_completeness":"complete"}},{"type":"Feature","geometry":{"type":"Polygon","coordinates":[[[133.41875,33.94166666666667],[133.42499999999998,33.94166666666667],[133.42499999999998,33.94583333333334],[133.41875,33.94583333333334],[133.41875,33.94166666666667]]]},"properties":{"type":"Feature","mesh_id":"503373333","municipality_code":"38213","municipality":"四国中央市","total_population":89,"population_65plus":33,"population_75plus":16,"aging_rate_65plus":0.3707865168539326,"aging_rate_75plus":0.1797752808988764,"population_status":"0","population_status_target":null,"population_aggregation_target":null,"age_65plus_missing":false,"age_75plus_missing":false,"age_quality_flag":"ok","data_completeness":"complete"}},{"type":"Feature","geometry":{"type":"Polygon","coordinates":[[[133.41875,33.94583333333334],[133.42499999999998,33.94583333333334],[133.42499999999998,33.95000000000001],[133.41875,33.95000000000001],[133.41875,33.94583333333334]]]},"properties":{"type":"Feature","mesh_id":"503373334","municipality_code":"38213","municipality":"四国中央市","total_population":19,"population_65plus":11,"population_75plus":6,"aging_rate_65plus":0.5789473684210527,"aging_rate_75plus":0.3157894736842105,"population_status":"0","population_status_target":null,"population_aggregation_target":null,"age_65plus_missing":false,"age_75plus_missing":false,"age_quality_flag":"ok","data_completeness":"complete"}},{"type":"Feature","geometry":{"type":"Polygon","coordinates":[[[133.375,33.95416666666667],[133.38125,33.95416666666667],[133.38125,33.95833333333334],[133.375,33.95833333333334],[133.375,33.95416666666667]]]},"properties":{"type":"Feature","mesh_id":"503373402","municipality_code":"38213","municipality":"四国中央市","total_population":107,"population_65plus":44,"population_75plus":14,"aging_rate_65plus":0.411214953271028,"aging_rate_75plus":0.1308411214953271,"population_status":"0","population_status_target":null,"population_aggregation_target":null,"age_65plus_missing":false,"age_75plus_missing":false,"age_quality_flag":"ok","data_completeness":"complete"}},{"type":"Feature","geometry":{"type":"Polygon","coordinates":[[[133.3875,33.95],[133.39374999999998,33.95],[133.39374999999998,33.95416666666667],[133.3875,33.95416666666667],[133.3875,33.95]]]},"properties":{"type":"Feature","mesh_id":"503373411","municipality_code":"38213","municipality":"四国中央市","total_population":248,"population_65plus":86,"population_75plus":42,"aging_rate_65plus":0.3467741935483871,"aging_rate_75plus":0.1693548387096774,"population_status":"0","population_status_target":null,"population_aggregation_target":null,"age_65plus_missing":false,"age_75plus_missing":false,"age_quality_flag":"ok","data_completeness":"complete"}},{"type":"Feature","geometry":{"type":"Polygon","coordinates":[[[133.3875,33.95416666666667],[133.39374999999998,33.95416666666667],[133.39374999999998,33.95833333333334],[133.3875,33.95833333333334],[133.3875,33.95416666666667]]]},"properties":{"type":"Feature","mesh_id":"503373412","municipality_code":"38213","municipality":"四国中央市","total_population":100,"population_65plus":27,"population_75plus":13,"aging_rate_65plus":0.27,"aging_rate_75plus":0.13,"population_status":"0","population_status_target":null,"population_aggregation_target":null,"age_65plus_missing":false,"age_75plus_missing":false,"age_quality_flag":"ok","data_completeness":"complete"}},{"type":"Feature","geometry":{"type":"Polygon","coordinates":[[[133.39374999999998,33.95],[133.39999999999998,33.95],[133.39999999999998,33.95416666666667],[133.39374999999998,33.95416666666667],[133.39374999999998,33.95]]]},"properties":{"type":"Feature","mesh_id":"503373413","municipality_code":"38213","municipality":"四国中央市","total_population":89,"population_65plus":32,"population_75plus":16,"aging_rate_65plus":0.3595505617977528,"aging_rate_75plus":0.1797752808988764,"population_status":"1","population_status_target":null,"population_aggregation_target":"503373511","age_65plus_missing":false,"age_75plus_missing":false,"age_quality_flag":"ok","data_completeness":"complete"}},{"type":"Feature","geometry":{"type":"Polygon","coordinates":[[[133.39374999999998,33.95416666666667],[133.39999999999998,33.95416666666667],[133.39999999999998,33.95833333333334],[133.39374999999998,33.95833333333334],[133.39374999999998,33.95416666666667]]]},"properties":{"type":"Feature","mesh_id":"503373414","municipality_code":"38213","municipality":"四国中央市","total_population":144,"population_65plus":62,"population_75plus":32,"aging_rate_65plus":0.4305555555555556,"aging_rate_75plus":0.2222222222222222,"population_status":"0","population_status_target":null,"population_aggregation_target":null,"age_65plus_missing":false,"age_75plus_missing":false,"age_quality_flag":"ok","data_completeness":"complete"}},{"type":"Feature","geometry":{"type":"Polygon","coordinates":[[[133.4,33.95],[133.40625,33.95],[133.40625,33.95416666666667],[133.4,33.95416666666667],[133.4,33.95]]]},"properties":{"type":"Feature","mesh_id":"503373421","municipality_code":"38213","municipality":"四国中央市","total_population":140,"population_65plus":54,"population_75plus":24,"aging_rate_65plus":0.38571428571428573,"aging_rate_75plus":0.17142857142857143,"population_status":"0","population_status_target":null,"population_aggregation_target":null,"age_65plus_missing":false,"age_75plus_missing":false,"age_quality_flag":"ok","data_completeness":"complete"}},{"type":"Feature","geometry":{"type":"Polygon","coordinates":[[[133.4,33.95416666666667],[133.40625,33.95416666666667],[133.40625,33.95833333333334],[133.4,33.95833333333334],[133.4,33.95416666666667]]]},"properties":{"type":"Feature","mesh_id":"503373422","municipality_code":"38213","municipality":"四国中央市","total_population":169,"population_65plus":59,"population_75plus":35,"aging_rate_65plus":0.34911242603550297,"aging_rate_75plus":0.20710059171597633,"population_status":"0","population_status_target":null,"population_aggregation_target":null,"age_65plus_missing":false,"age_75plus_missing":false,"age_quality_flag":"ok","data_completeness":"complete"}},{"type":"Feature","geometry":{"type":"Polygon","coordinates":[[[133.40625,33.95],[133.4125,33.95],[133.4125,33.95416666666667],[133.40625,33.95416666666667],[133.40625,33.95]]]},"properties":{"type":"Feature","mesh_id":"503373423","municipality_code":"38213","municipality":"四国中央市","total_population":215,"population_65plus":87,"population_75plus":36,"aging_rate_65plus":0.4046511627906977,"aging_rate_75plus":0.16744186046511628,"population_status":"0","population_status_target":null,"population_aggregation_target":null,"age_65plus_missing":false,"age_75plus_missing":false,"age_quality_flag":"ok","data_completeness":"complete"}},{"type":"Feature","geometry":{"type":"Polygon","coordinates":[[[133.40625,33.95416666666667],[133.4125,33.95416666666667],[133.4125,33.95833333333334],[133.40625,33.95833333333334],[133.40625,33.95416666666667]]]},"properties":{"type":"Feature","mesh_id":"503373424","municipality_code":"38213","municipality":"四国中央市","total_population":84,"population_65plus":28,"population_75plus":18,"aging_rate_65plus":0.3333333333333333,"aging_rate_75plus":0.21428571428571427,"population_status":"0","population_status_target":null,"population_aggregation_target":null,"age_65plus_missing":false,"age_75plus_missing":false,"age_quality_flag":"ok","data_completeness":"complete"}},{"type":"Feature","geometry":{"type":"Polygon","coordinates":[[[133.4125,33.95],[133.41875,33.95],[133.41875,33.95416666666667],[133.4125,33.95416666666667],[133.4125,33.95]]]},"properties":{"type":"Feature","mesh_id":"503373431","municipality_code":"38213","municipality":"四国中央市","total_population":148,"population_65plus":68,"population_75plus":48,"aging_rate_65plus":0.4594594594594595,"aging_rate_75plus":0.32432432432432434,"population_status":"0","population_status_target":null,"population_aggregation_target":null,"age_65plus_missing":false,"age_75plus_missing":false,"age_quality_flag":"ok","data_completeness":"complete"}},{"type":"Feature","geometry":{"type":"Polygon","coordinates":[[[133.4125,33.95416666666667],[133.41875,33.95416666666667],[133.41875,33.95833333333334],[133.4125,33.95833333333334],[133.4125,33.95416666666667]]]},"properties":{"type":"Feature","mesh_id":"503373432","municipality_code":"38213","municipality":"四国中央市","total_population":232,"population_65plus":90,"population_75plus":51,"aging_rate_65plus":0.3879310344827586,"aging_rate_75plus":0.21982758620689655,"population_status":"0","population_status_target":null,"population_aggregation_target":null,"age_65plus_missing":false,"age_75plus_missing":false,"age_quality_flag":"ok","data_completeness":"complete"}},{"type":"Feature","geometry":{"type":"Polygon","coordinates":[[[133.41875,33.95],[133.42499999999998,33.95],[133.42499999999998,33.95416666666667],[133.41875,33.95416666666667],[133.41875,33.95]]]},"properties":{"type":"Feature","mesh_id":"503373433","municipality_code":"38213","municipality":"四国中央市","total_population":174,"population_65plus":77,"population_75plus":32,"aging_rate_65plus":0.4425287356321839,"aging_rate_75plus":0.1839080459770115,"population_status":"0","population_status_target":null,"population_aggregation_target":null,"age_65plus_missing":false,"age_75plus_missing":false,"age_quality_flag":"ok","data_completeness":"complete"}},{"type":"Feature","geometry":{"type":"Polygon","coordinates":[[[133.41875,33.95416666666667],[133.42499999999998,33.95416666666667],[133.42499999999998,33.95833333333334],[133.41875,33.95833333333334],[133.41875,33.95416666666667]]]},"properties":{"type":"Feature","mesh_id":"503373434","municipality_code":"38213","municipality":"四国中央市","total_population":494,"population_65plus":245,"population_75plus":146,"aging_rate_65plus":0.4959514170040486,"aging_rate_75plus":0.29554655870445345,"population_status":"0","population_status_target":null,"population_aggregation_target":null,"age_65plus_missing":false,"age_75plus_missing":false,"age_quality_flag":"ok","data_completeness":"complete"}},{"type":"Feature","geometry":{"type":"Polygon","coordinates":[[[133.425,33.95],[133.43125,33.95],[133.43125,33.95416666666667],[133.425,33.95416666666667],[133.425,33.95]]]},"properties":{"type":"Feature","mesh_id":"503373441","municipality_code":"38213","municipality":"四国中央市","total_population":28,"population_65plus":11,"population_75plus":3,"aging_rate_65plus":0.39285714285714285,"aging_rate_75plus":0.10714285714285714,"population_status":"0","population_status_target":null,"population_aggregation_target":null,"age_65plus_missing":false,"age_75plus_missing":false,"age_quality_flag":"ok","data_completeness":"complete"}},{"type":"Feature","geometry":{"type":"Polygon","coordinates":[[[133.425,33.95416666666667],[133.43125,33.95416666666667],[133.43125,33.95833333333334],[133.425,33.95833333333334],[133.425,33.95416666666667]]]},"properties":{"type":"Feature","mesh_id":"503373442","municipality_code":"38213","municipality":"四国中央市","total_population":55,"population_65plus":28,"population_75plus":15,"aging_rate_65plus":0.509090909090909,"aging_rate_75plus":0.2727272727272727,"population_status":"0","population_status_target":null,"population_aggregation_target":null,"age_65plus_missing":false,"age_75plus_missing":false,"age_quality_flag":"ok","data_completeness":"complete"}},{"type":"Feature","geometry":{"type":"Polygon","coordinates":[[[133.43125,33.95],[133.4375,33.95],[133.4375,33.95416666666667],[133.43125,33.95416666666667],[133.43125,33.95]]]},"properties":{"type":"Feature","mesh_id":"503373443","municipality_code":"38213","municipality":"四国中央市","total_population":484,"population_65plus":176,"population_75plus":87,"aging_rate_65plus":0.36363636363636365,"aging_rate_75plus":0.1797520661157025,"population_status":"0","population_status_target":null,"population_aggregation_target":null,"age_65plus_missing":false,"age_75plus_missing":false,"age_quality_flag":"ok","data_completeness":"complete"}},{"type":"Feature","geometry":{"type":"Polygon","coordinates":[[[133.43125,33.95416666666667],[133.4375,33.95416666666667],[133.4375,33.95833333333334],[133.43125,33.95833333333334],[133.43125,33.95416666666667]]]},"properties":{"type":"Feature","mesh_id":"503373444","municipality_code":"38213","municipality":"四国中央市","total_population":267,"population_65plus":115,"population_75plus":66,"aging_rate_65plus":0.4307116104868914,"aging_rate_75plus":0.24719101123595505,"population_status":"0","population_status_target":null,"population_aggregation_target":null,"age_65plus_missing":false,"age_75plus_missing":false,"age_quality_flag":"ok","data_completeness":"complete"}},{"type":"Feature","geometry":{"type":"Polygon","coordinates":[[[133.4375,33.95],[133.44375,33.95],[133.44375,33.95416666666667],[133.4375,33.95416666666667],[133.4375,33.95]]]},"properties":{"type":"Feature","mesh_id":"503373451","municipality_code":"38213","municipality":"四国中央市","total_population":31,"population_65plus":8,"population_75plus":4,"aging_rate_65plus":0.25806451612903225,"aging_rate_75plus":0.12903225806451613,"population_status":"0","population_status_target":null,"population_aggregation_target":null,"age_65plus_missing":false,"age_75plus_missing":false,"age_quality_flag":"ok","data_completeness":"complete"}},{"type":"Feature","geometry":{"type":"Polygon","coordinates":[[[133.4375,33.95416666666667],[133.44375,33.95416666666667],[133.44375,33.95833333333334],[133.4375,33.95833333333334],[133.4375,33.95416666666667]]]},"properties":{"type":"Feature","mesh_id":"503373452","municipality_code":"38213","municipality":"四国中央市","total_population":7,"population_65plus":null,"population_75plus":null,"aging_rate_65plus":null,"aging_rate_75plus":null,"population_status":"2","population_status_target":"503373454","population_aggregation_target":null,"age_65plus_missing":true,"age_75plus_missing":true,"age_quality_flag":"ok","data_completeness":"partial"}},{"type":"Feature","geometry":{"type":"Polygon","coordinates":[[[133.44375,33.95],[133.45,33.95],[133.45,33.95416666666667],[133.44375,33.95416666666667],[133.44375,33.95]]]},"properties":{"type":"Feature","mesh_id":"503373453","municipality_code":"38213","municipality":"四国中央市","total_population":35,"population_65plus":12,"population_75plus":8,"aging_rate_65plus":0.34285714285714286,"aging_rate_75plus":0.22857142857142856,"population_status":"0","population_status_target":null,"population_aggregation_target":null,"age_65plus_missing":false,"age_75plus_missing":false,"age_quality_flag":"ok","data_completeness":"complete"}},{"type":"Feature","geometry":{"type":"Polygon","coordinates":[[[133.44375,33.95416666666667],[133.45,33.95416666666667],[133.45,33.95833333333334],[133.44375,33.95833333333334],[133.44375,33.95416666666667]]]},"properties":{"type":"Feature","mesh_id":"503373454","municipality_code":"38213","municipality":"四国中央市","total_population":62,"population_65plus":37,"population_75plus":18,"aging_rate_65plus":0.5967741935483871,"aging_rate_75plus":0.2903225806451613,"population_status":"1","population_status_target":null,"population_aggregation_target":"503373452","age_65plus_missing":false,"age_75plus_missing":false,"age_quality_flag":"ok","data_completeness":"complete"}},{"type":"Feature","geometry":{"type":"Polygon","coordinates":[[[133.45624999999998,33.95],[133.46249999999998,33.95],[133.46249999999998,33.95416666666667],[133.45624999999998,33.95416666666667],[133.45624999999998,33.95]]]},"properties":{"type":"Feature","mesh_id":"503373463","municipality_code":"38213","municipality":"四国中央市","total_population":83,"population_65plus":38,"population_75plus":10,"aging_rate_65plus":0.4578313253012048,"aging_rate_75plus":0.12048192771084337,"population_status":"0","population_status_target":null,"population_aggregation_target":null,"age_65plus_missing":false,"age_75plus_missing":false,"age_quality_flag":"ok","data_completeness":"complete"}},{"type":"Feature","geometry":{"type":"Polygon","coordinates":[[[133.45624999999998,33.95416666666667],[133.46249999999998,33.95416666666667],[133.46249999999998,33.95833333333334],[133.45624999999998,33.95833333333334],[133.45624999999998,33.95416666666667]]]},"properties":{"type":"Feature","mesh_id":"503373464","municipality_code":"38213","municipality":"四国中央市","total_population":52,"population_65plus":25,"population_75plus":9,"aging_rate_65plus":0.4807692307692308,"aging_rate_75plus":0.17307692307692307,"population_status":"0","population_status_target":null,"population_aggregation_target":null,"age_65plus_missing":false,"age_75plus_missing":false,"age_quality_flag":"ok","data_completeness":"complete"}},{"type":"Feature","geometry":{"type":"Polygon","coordinates":[[[133.46875,33.95],[133.475,33.95],[133.475,33.95416666666667],[133.46875,33.95416666666667],[133.46875,33.95]]]},"properties":{"type":"Feature","mesh_id":"503373473","municipality_code":"38213","municipality":"四国中央市","total_population":34,"population_65plus":16,"population_75plus":9,"aging_rate_65plus":0.47058823529411764,"aging_rate_75plus":0.2647058823529412,"population_status":"0","population_status_target":null,"population_aggregation_target":null,"age_65plus_missing":false,"age_75plus_missing":false,"age_quality_flag":"ok","data_completeness":"complete"}},{"type":"Feature","geometry":{"type":"Polygon","coordinates":[[[133.46875,33.95416666666667],[133.475,33.95416666666667],[133.475,33.95833333333334],[133.46875,33.95833333333334],[133.46875,33.95416666666667]]]},"properties":{"type":"Feature","mesh_id":"503373474","municipality_code":"38213","municipality":"四国中央市","total_population":26,"population_65plus":8,"population_75plus":6,"aging_rate_65plus":0.3076923076923077,"aging_rate_75plus":0.23076923076923078,"population_status":"0","population_status_target":null,"population_aggregation_target":null,"age_65plus_missing":false,"age_75plus_missing":false,"age_quality_flag":"ok","data_completeness":"complete"}},{"type":"Feature","geometry":{"type":"Polygon","coordinates":[[[133.48125,33.95],[133.48749999999998,33.95],[133.48749999999998,33.95416666666667],[133.48125,33.95416666666667],[133.48125,33.95]]]},"properties":{"type":"Feature","mesh_id":"503373483","municipality_code":"38213","municipality":"四国中央市","total_population":4,"population_65plus":null,"population_75plus":null,"aging_rate_65plus":null,"aging_rate_75plus":null,"population_status":"2","population_status_target":"503373484","population_aggregation_target":null,"age_65plus_missing":true,"age_75plus_missing":true,"age_quality_flag":"ok","data_completeness":"partial"}},{"type":"Feature","geometry":{"type":"Polygon","coordinates":[[[133.48125,33.95416666666667],[133.48749999999998,33.95416666666667],[133.48749999999998,33.95833333333334],[133.48125,33.95833333333334],[133.48125,33.95416666666667]]]},"properties":{"type":"Feature","mesh_id":"503373484","municipality_code":"38213","municipality":"四国中央市","total_population":10,"population_65plus":9,"population_75plus":6,"aging_rate_65plus":0.9,"aging_rate_75plus":0.6,"population_status":"1","population_status_target":null,"population_aggregation_target":"503373483","age_65plus_missing":false,"age_75plus_missing":false,"age_quality_flag":"ok","data_completeness":"complete"}},{"type":"Feature","geometry":{"type":"Polygon","coordinates":[[[133.49375,33.95],[133.5,33.95],[133.5,33.95416666666667],[133.49375,33.95416666666667],[133.49375,33.95]]]},"properties":{"type":"Feature","mesh_id":"503373493","municipality_code":"38213","municipality":"四国中央市","total_population":328,"population_65plus":104,"population_75plus":32,"aging_rate_65plus":0.3170731707317073,"aging_rate_75plus":0.0975609756097561,"population_status":"1","population_status_target":null,"population_aggregation_target":"503373494","age_65plus_missing":false,"age_75plus_missing":false,"age_quality_flag":"ok","data_completeness":"complete"}},{"type":"Feature","geometry":{"type":"Polygon","coordinates":[[[133.49375,33.95416666666667],[133.5,33.95416666666667],[133.5,33.95833333333334],[133.49375,33.95833333333334],[133.49375,33.95416666666667]]]},"properties":{"type":"Feature","mesh_id":"503373494","municipality_code":"38213","municipality":"四国中央市","total_population":2,"population_65plus":null,"population_75plus":null,"aging_rate_65plus":null,"aging_rate_75plus":null,"population_status":"2","population_status_target":"503373493","population_aggregation_target":null,"age_65plus_missing":true,"age_75plus_missing":true,"age_quality_flag":"ok","data_completeness":"partial"}},{"type":"Feature","geometry":{"type":"Polygon","coordinates":[[[133.375,33.958333333333336],[133.38125,33.958333333333336],[133.38125,33.962500000000006],[133.375,33.962500000000006],[133.375,33.958333333333336]]]},"properties":{"type":"Feature","mesh_id":"503373501","municipality_code":"38213","municipality":"四国中央市","total_population":14,"population_65plus":4,"population_75plus":1,"aging_rate_65plus":0.2857142857142857,"aging_rate_75plus":0.07142857142857142,"population_status":"0","population_status_target":null,"population_aggregation_target":null,"age_65plus_missing":false,"age_75plus_missing":false,"age_quality_flag":"ok","data_completeness":"complete"}},{"type":"Feature","geometry":{"type":"Polygon","coordinates":[[[133.38125,33.958333333333336],[133.3875,33.958333333333336],[133.3875,33.962500000000006],[133.38125,33.962500000000006],[133.38125,33.958333333333336]]]},"properties":{"type":"Feature","mesh_id":"503373503","municipality_code":"38213","municipality":"四国中央市","total_population":30,"population_65plus":20,"population_75plus":8,"aging_rate_65plus":0.6666666666666666,"aging_rate_75plus":0.26666666666666666,"population_status":"0","population_status_target":null,"population_aggregation_target":null,"age_65plus_missing":false,"age_75plus_missing":false,"age_quality_flag":"ok","data_completeness":"complete"}},{"type":"Feature","geometry":{"type":"Polygon","coordinates":[[[133.3875,33.958333333333336],[133.39374999999998,33.958333333333336],[133.39374999999998,33.962500000000006],[133.3875,33.962500000000006],[133.3875,33.958333333333336]]]},"properties":{"type":"Feature","mesh_id":"503373511","municipality_code":"38213","municipality":"四国中央市","total_population":1,"population_65plus":null,"population_75plus":null,"aging_rate_65plus":null,"aging_rate_75plus":null,"population_status":"2","population_status_target":"503373413","population_aggregation_target":null,"age_65plus_missing":true,"age_75plus_missing":true,"age_quality_flag":"ok","data_completeness":"partial"}},{"type":"Feature","geometry":{"type":"Polygon","coordinates":[[[133.4,33.958333333333336],[133.40625,33.958333333333336],[133.40625,33.962500000000006],[133.4,33.962500000000006],[133.4,33.958333333333336]]]},"properties":{"type":"Feature","mesh_id":"503373521","municipality_code":"38213","municipality":"四国中央市","total_population":88,"population_65plus":27,"population_75plus":9,"aging_rate_65plus":0.3068181818181818,"aging_rate_75plus":0.10227272727272728,"population_status":"0","population_status_target":null,"population_aggregation_target":null,"age_65plus_missing":false,"age_75plus_missing":false,"age_quality_flag":"ok","data_completeness":"complete"}},{"type":"Feature","geometry":{"type":"Polygon","coordinates":[[[133.4,33.962500000000006],[133.40625,33.962500000000006],[133.40625,33.966666666666676],[133.4,33.966666666666676],[133.4,33.962500000000006]]]},"properties":{"type":"Feature","mesh_id":"503373522","municipality_code":"38213","municipality":"四国中央市","total_population":68,"population_65plus":31,"population_75plus":12,"aging_rate_65plus":0.45588235294117646,"aging_rate_75plus":0.17647058823529413,"population_status":"0","population_status_target":null,"population_aggregation_target":null,"age_65plus_missing":false,"age_75plus_missing":false,"age_quality_flag":"ok","data_completeness":"complete"}},{"type":"Feature","geometry":{"type":"Polygon","coordinates":[[[133.4125,33.958333333333336],[133.41875,33.958333333333336],[133.41875,33.962500000000006],[133.4125,33.962500000000006],[133.4125,33.958333333333336]]]},"properties":{"type":"Feature","mesh_id":"503373531","municipality_code":"38213","municipality":"四国中央市","total_population":157,"population_65plus":89,"population_75plus":71,"aging_rate_65plus":0.5668789808917197,"aging_rate_75plus":0.45222929936305734,"population_status":"0","population_status_target":null,"population_aggregation_target":null,"age_65plus_missing":false,"age_75plus_missing":false,"age_quality_flag":"ok","data_completeness":"complete"}},{"type":"Feature","geometry":{"type":"Polygon","coordinates":[[[133.4125,33.962500000000006],[133.41875,33.962500000000006],[133.41875,33.966666666666676],[133.4125,33.966666666666676],[133.4125,33.962500000000006]]]},"properties":{"type":"Feature","mesh_id":"503373532","municipality_code":"38213","municipality":"四国中央市","total_population":394,"population_65plus":105,"population_75plus":50,"aging_rate_65plus":0.26649746192893403,"aging_rate_75plus":0.12690355329949238,"population_status":"0","population_status_target":null,"population_aggregation_target":null,"age_65plus_missing":false,"age_75plus_missing":false,"age_quality_flag":"ok","data_completeness":"complete"}},{"type":"Feature","geometry":{"type":"Polygon","coordinates":[[[133.41875,33.958333333333336],[133.42499999999998,33.958333333333336],[133.42499999999998,33.962500000000006],[133.41875,33.962500000000006],[133.41875,33.958333333333336]]]},"properties":{"type":"Feature","mesh_id":"503373533","municipality_code":"38213","municipality":"四国中央市","total_population":2,"population_65plus":null,"population_75plus":null,"aging_rate_65plus":null,"aging_rate_75plus":null,"population_status":"2","population_status_target":"503373534","population_aggregation_target":null,"age_65plus_missing":true,"age_75plus_missing":true,"age_quality_flag":"ok","data_completeness":"partial"}},{"type":"Feature","geometry":{"type":"Polygon","coordinates":[[[133.41875,33.962500000000006],[133.42499999999998,33.962500000000006],[133.42499999999998,33.966666666666676],[133.41875,33.966666666666676],[133.41875,33.962500000000006]]]},"properties":{"type":"Feature","mesh_id":"503373534","municipality_code":"38213","municipality":"四国中央市","total_population":167,"population_65plus":49,"population_75plus":18,"aging_rate_65plus":0.2934131736526946,"aging_rate_75plus":0.10778443113772455,"population_status":"1","population_status_target":null,"population_aggregation_target":"503373533","age_65plus_missing":false,"age_75plus_missing":false,"age_quality_flag":"ok","data_completeness":"complete"}},{"type":"Feature","geometry":{"type":"Polygon","coordinates":[[[133.425,33.958333333333336],[133.43125,33.958333333333336],[133.43125,33.962500000000006],[133.425,33.962500000000006],[133.425,33.958333333333336]]]},"properties":{"type":"Feature","mesh_id":"503373541","municipality_code":"38213","municipality":"四国中央市","total_population":461,"population_65plus":120,"population_75plus":55,"aging_rate_65plus":0.2603036876355748,"aging_rate_75plus":0.1193058568329718,"population_status":"0","population_status_target":null,"population_aggregation_target":null,"age_65plus_missing":false,"age_75plus_missing":false,"age_quality_flag":"ok","data_completeness":"complete"}},{"type":"Feature","geometry":{"type":"Polygon","coordinates":[[[133.425,33.962500000000006],[133.43125,33.962500000000006],[133.43125,33.966666666666676],[133.425,33.966666666666676],[133.425,33.962500000000006]]]},"properties":{"type":"Feature","mesh_id":"503373542","municipality_code":"38213","municipality":"四国中央市","total_population":283,"population_65plus":105,"population_75plus":48,"aging_rate_65plus":0.3710247349823322,"aging_rate_75plus":0.1696113074204947,"population_status":"0","population_status_target":null,"population_aggregation_target":null,"age_65plus_missing":false,"age_75plus_missing":false,"age_quality_flag":"ok","data_completeness":"complete"}},{"type":"Feature","geometry":{"type":"Polygon","coordinates":[[[133.43125,33.958333333333336],[133.4375,33.958333333333336],[133.4375,33.962500000000006],[133.43125,33.962500000000006],[133.43125,33.958333333333336]]]},"properties":{"type":"Feature","mesh_id":"503373543","municipality_code":"38213","municipality":"四国中央市","total_population":284,"population_65plus":76,"population_75plus":38,"aging_rate_65plus":0.2676056338028169,"aging_rate_75plus":0.13380281690140844,"population_status":"0","population_status_target":null,"population_aggregation_target":null,"age_65plus_missing":false,"age_75plus_missing":false,"age_quality_flag":"ok","data_completeness":"complete"}},{"type":"Feature","geometry":{"type":"Polygon","coordinates":[[[133.43125,33.962500000000006],[133.4375,33.962500000000006],[133.4375,33.966666666666676],[133.43125,33.966666666666676],[133.43125,33.962500000000006]]]},"properties":{"type":"Feature","mesh_id":"503373544","municipality_code":"38213","municipality":"四国中央市","total_population":299,"population_65plus":69,"population_75plus":28,"aging_rate_65plus":0.23076923076923078,"aging_rate_75plus":0.09364548494983277,"population_status":"0","population_status_target":null,"population_aggregation_target":null,"age_65plus_missing":false,"age_75plus_missing":false,"age_quality_flag":"ok","data_completeness":"complete"}},{"type":"Feature","geometry":{"type":"Polygon","coordinates":[[[133.4375,33.958333333333336],[133.44375,33.958333333333336],[133.44375,33.962500000000006],[133.4375,33.962500000000006],[133.4375,33.958333333333336]]]},"properties":{"type":"Feature","mesh_id":"503373551","municipality_code":"38213","municipality":"四国中央市","total_population":210,"population_65plus":76,"population_75plus":38,"aging_rate_65plus":0.3619047619047619,"aging_rate_75plus":0.18095238095238095,"population_status":"0","population_status_target":null,"population_aggregation_target":null,"age_65plus_missing":false,"age_75plus_missing":false,"age_quality_flag":"ok","data_completeness":"complete"}},{"type":"Feature","geometry":{"type":"Polygon","coordinates":[[[133.4375,33.962500000000006],[133.44375,33.962500000000006],[133.44375,33.966666666666676],[133.4375,33.966666666666676],[133.4375,33.962500000000006]]]},"properties":{"type":"Feature","mesh_id":"503373552","municipality_code":"38213","municipality":"四国中央市","total_population":224,"population_65plus":61,"population_75plus":32,"aging_rate_65plus":0.27232142857142855,"aging_rate_75plus":0.14285714285714285,"population_status":"0","population_status_target":null,"population_aggregation_target":null,"age_65plus_missing":false,"age_75plus_missing":false,"age_quality_flag":"ok","data_completeness":"complete"}},{"type":"Feature","geometry":{"type":"Polygon","coordinates":[[[133.44375,33.958333333333336],[133.45,33.958333333333336],[133.45,33.962500000000006],[133.44375,33.962500000000006],[133.44375,33.958333333333336]]]},"properties":{"type":"Feature","mesh_id":"503373553","municipality_code":"38213","municipality":"四国中央市","total_population":233,"population_65plus":72,"population_75plus":35,"aging_rate_65plus":0.3090128755364807,"aging_rate_75plus":0.15021459227467812,"population_status":"0","population_status_target":null,"population_aggregation_target":null,"age_65plus_missing":false,"age_75plus_missing":false,"age_quality_flag":"ok","data_completeness":"complete"}},{"type":"Feature","geometry":{"type":"Polygon","coordinates":[[[133.44375,33.962500000000006],[133.45,33.962500000000006],[133.45,33.966666666666676],[133.44375,33.966666666666676],[133.44375,33.962500000000006]]]},"properties":{"type":"Feature","mesh_id":"503373554","municipality_code":"38213","municipality":"四国中央市","total_population":128,"population_65plus":46,"population_75plus":6,"aging_rate_65plus":0.359375,"aging_rate_75plus":0.046875,"population_status":"0","population_status_target":null,"population_aggregation_target":null,"age_65plus_missing":false,"age_75plus_missing":false,"age_quality_flag":"ok","data_completeness":"complete"}},{"type":"Feature","geometry":{"type":"Polygon","coordinates":[[[133.45,33.958333333333336],[133.45624999999998,33.958333333333336],[133.45624999999998,33.962500000000006],[133.45,33.962500000000006],[133.45,33.958333333333336]]]},"properties":{"type":"Feature","mesh_id":"503373561","municipality_code":"38213","municipality":"四国中央市","total_population":347,"population_65plus":101,"population_75plus":66,"aging_rate_65plus":0.2910662824207493,"aging_rate_75plus":0.19020172910662825,"population_status":"0","population_status_target":null,"population_aggregation_target":null,"age_65plus_missing":false,"age_75plus_missing":false,"age_quality_flag":"ok","data_completeness":"complete"}},{"type":"Feature","geometry":{"type":"Polygon","coordinates":[[[133.45,33.962500000000006],[133.45624999999998,33.962500000000006],[133.45624999999998,33.966666666666676],[133.45,33.966666666666676],[133.45,33.962500000000006]]]},"properties":{"type":"Feature","mesh_id":"503373562","municipality_code":"38213","municipality":"四国中央市","total_population":249,"population_65plus":92,"population_75plus":46,"aging_rate_65plus":0.36947791164658633,"aging_rate_75plus":0.18473895582329317,"population_status":"0","population_status_target":null,"population_aggregation_target":null,"age_65plus_missing":false,"age_75plus_missing":false,"age_quality_flag":"ok","data_completeness":"complete"}},{"type":"Feature","geometry":{"type":"Polygon","coordinates":[[[133.45624999999998,33.958333333333336],[133.46249999999998,33.958333333333336],[133.46249999999998,33.962500000000006],[133.45624999999998,33.962500000000006],[133.45624999999998,33.958333333333336]]]},"properties":{"type":"Feature","mesh_id":"503373563","municipality_code":"38213","municipality":"四国中央市","total_population":322,"population_65plus":112,"population_75plus":62,"aging_rate_65plus":0.34782608695652173,"aging_rate_75plus":0.19254658385093168,"population_status":"0","population_status_target":null,"population_aggregation_target":null,"age_65plus_missing":false,"age_75plus_missing":false,"age_quality_flag":"ok","data_completeness":"complete"}},{"type":"Feature","geometry":{"type":"Polygon","coordinates":[[[133.45624999999998,33.962500000000006],[133.46249999999998,33.962500000000006],[133.46249999999998,33.966666666666676],[133.45624999999998,33.966666666666676],[133.45624999999998,33.962500000000006]]]},"properties":{"type":"Feature","mesh_id":"503373564","municipality_code":"38213","municipality":"四国中央市","total_population":760,"population_65plus":149,"population_75plus":61,"aging_rate_65plus":0.19605263157894737,"aging_rate_75plus":0.08026315789473684,"population_status":"0","population_status_target":null,"population_aggregation_target":null,"age_65plus_missing":false,"age_75plus_missing":false,"age_quality_flag":"ok","data_completeness":"complete"}},{"type":"Feature","geometry":{"type":"Polygon","coordinates":[[[133.4625,33.958333333333336],[133.46875,33.958333333333336],[133.46875,33.962500000000006],[133.4625,33.962500000000006],[133.4625,33.958333333333336]]]},"properties":{"type":"Feature","mesh_id":"503373571","municipality_code":"38213","municipality":"四国中央市","total_population":189,"population_65plus":57,"population_75plus":35,"aging_rate_65plus":0.30158730158730157,"aging_rate_75plus":0.18518518518518517,"population_status":"0","population_status_target":null,"population_aggregation_target":null,"age_65plus_missing":false,"age_75plus_missing":false,"age_quality_flag":"ok","data_completeness":"complete"}},{"type":"Feature","geometry":{"type":"Polygon","coordinates":[[[133.4625,33.962500000000006],[133.46875,33.962500000000006],[133.46875,33.966666666666676],[133.4625,33.966666666666676],[133.4625,33.962500000000006]]]},"properties":{"type":"Feature","mesh_id":"503373572","municipality_code":"38213","municipality":"四国中央市","total_population":382,"population_65plus":143,"population_75plus":64,"aging_rate_65plus":0.3743455497382199,"aging_rate_75plus":0.16753926701570682,"population_status":"0","population_status_target":null,"population_aggregation_target":null,"age_65plus_missing":false,"age_75plus_missing":false,"age_quality_flag":"ok","data_completeness":"complete"}},{"type":"Feature","geometry":{"type":"Polygon","coordinates":[[[133.46875,33.958333333333336],[133.475,33.958333333333336],[133.475,33.962500000000006],[133.46875,33.962500000000006],[133.46875,33.958333333333336]]]},"properties":{"type":"Feature","mesh_id":"503373573","municipality_code":"38213","municipality":"四国中央市","total_population":273,"population_65plus":99,"population_75plus":43,"aging_rate_65plus":0.3626373626373626,"aging_rate_75plus":0.1575091575091575,"population_status":"0","population_status_target":null,"population_aggregation_target":null,"age_65plus_missing":false,"age_75plus_missing":false,"age_quality_flag":"ok","data_completeness":"complete"}},{"type":"Feature","geometry":{"type":"Polygon","coordinates":[[[133.46875,33.962500000000006],[133.475,33.962500000000006],[133.475,33.966666666666676],[133.46875,33.966666666666676],[133.46875,33.962500000000006]]]},"properties":{"type":"Feature","mesh_id":"503373574","municipality_code":"38213","municipality":"四国中央市","total_population":393,"population_65plus":111,"population_75plus":45,"aging_rate_65plus":0.2824427480916031,"aging_rate_75plus":0.11450381679389313,"population_status":"0","population_status_target":null,"population_aggregation_target":null,"age_65plus_missing":false,"age_75plus_missing":false,"age_quality_flag":"ok","data_completeness":"complete"}},{"type":"Feature","geometry":{"type":"Polygon","coordinates":[[[133.475,33.958333333333336],[133.48125,33.958333333333336],[133.48125,33.962500000000006],[133.475,33.962500000000006],[133.475,33.958333333333336]]]},"properties":{"type":"Feature","mesh_id":"503373581","municipality_code":"38213","municipality":"四国中央市","total_population":68,"population_65plus":29,"population_75plus":14,"aging_rate_65plus":0.4264705882352941,"aging_rate_75plus":0.20588235294117646,"population_status":"0","population_status_target":null,"population_aggregation_target":null,"age_65plus_missing":false,"age_75plus_missing":false,"age_quality_flag":"ok","data_completeness":"complete"}},{"type":"Feature","geometry":{"type":"Polygon","coordinates":[[[133.475,33.962500000000006],[133.48125,33.962500000000006],[133.48125,33.966666666666676],[133.475,33.966666666666676],[133.475,33.962500000000006]]]},"properties":{"type":"Feature","mesh_id":"503373582","municipality_code":"38213","municipality":"四国中央市","total_population":201,"population_65plus":39,"population_75plus":15,"aging_rate_65plus":0.19402985074626866,"aging_rate_75plus":0.07462686567164178,"population_status":"0","population_status_target":null,"population_aggregation_target":null,"age_65plus_missing":false,"age_75plus_missing":false,"age_quality_flag":"ok","data_completeness":"complete"}},{"type":"Feature","geometry":{"type":"Polygon","coordinates":[[[133.48125,33.958333333333336],[133.48749999999998,33.958333333333336],[133.48749999999998,33.962500000000006],[133.48125,33.962500000000006],[133.48125,33.958333333333336]]]},"properties":{"type":"Feature","mesh_id":"503373583","municipality_code":"38213","municipality":"四国中央市","total_population":492,"population_65plus":175,"population_75plus":90,"aging_rate_65plus":0.3556910569105691,"aging_rate_75plus":0.18292682926829268,"population_status":"0","population_status_target":null,"population_aggregation_target":null,"age_65plus_missing":false,"age_75plus_missing":false,"age_quality_flag":"ok","data_completeness":"complete"}},{"type":"Feature","geometry":{"type":"Polygon","coordinates":[[[133.48125,33.962500000000006],[133.48749999999998,33.962500000000006],[133.48749999999998,33.966666666666676],[133.48125,33.966666666666676],[133.48125,33.962500000000006]]]},"properties":{"type":"Feature","mesh_id":"503373584","municipality_code":"38213","municipality":"四国中央市","total_population":297,"population_65plus":127,"population_75plus":60,"aging_rate_65plus":0.4276094276094276,"aging_rate_75plus":0.20202020202020202,"population_status":"0","population_status_target":null,"population_aggregation_target":null,"age_65plus_missing":false,"age_75plus_missing":false,"age_quality_flag":"ok","data_completeness":"complete"}},{"type":"Feature","geometry":{"type":"Polygon","coordinates":[[[133.4875,33.958333333333336],[133.49375,33.958333333333336],[133.49375,33.962500000000006],[133.4875,33.962500000000006],[133.4875,33.958333333333336]]]},"properties":{"type":"Feature","mesh_id":"503373591","municipality_code":"38213","municipality":"四国中央市","total_population":270,"population_65plus":79,"population_75plus":35,"aging_rate_65plus":0.29259259259259257,"aging_rate_75plus":0.12962962962962962,"population_status":"0","population_status_target":null,"population_aggregation_target":null,"age_65plus_missing":false,"age_75plus_missing":false,"age_quality_flag":"ok","data_completeness":"complete"}},{"type":"Feature","geometry":{"type":"Polygon","coordinates":[[[133.4875,33.962500000000006],[133.49375,33.962500000000006],[133.49375,33.966666666666676],[133.4875,33.966666666666676],[133.4875,33.962500000000006]]]},"properties":{"type":"Feature","mesh_id":"503373592","municipality_code":"38213","municipality":"四国中央市","total_population":88,"population_65plus":20,"population_75plus":7,"aging_rate_65plus":0.22727272727272727,"aging_rate_75plus":0.07954545454545454,"population_status":"0","population_status_target":null,"population_aggregation_target":null,"age_65plus_missing":false,"age_75plus_missing":false,"age_quality_flag":"ok","data_completeness":"complete"}},{"type":"Feature","geometry":{"type":"Polygon","coordinates":[[[133.49375,33.958333333333336],[133.5,33.958333333333336],[133.5,33.962500000000006],[133.49375,33.962500000000006],[133.49375,33.958333333333336]]]},"properties":{"type":"Feature","mesh_id":"503373593","municipality_code":"38213","municipality":"四国中央市","total_population":259,"population_65plus":115,"population_75plus":77,"aging_rate_65plus":0.444015444015444,"aging_rate_75plus":0.2972972972972973,"population_status":"0","population_status_target":null,"population_aggregation_target":null,"age_65plus_missing":false,"age_75plus_missing":false,"age_quality_flag":"ok","data_completeness":"complete"}},{"type":"Feature","geometry":{"type":"Polygon","coordinates":[[[133.49375,33.962500000000006],[133.5,33.962500000000006],[133.5,33.966666666666676],[133.49375,33.966666666666676],[133.49375,33.962500000000006]]]},"properties":{"type":"Feature","mesh_id":"503373594","municipality_code":"38213","municipality":"四国中央市","total_population":458,"population_65plus":147,"population_75plus":70,"aging_rate_65plus":0.32096069868995636,"aging_rate_75plus":0.15283842794759825,"population_status":"0","population_status_target":null,"population_aggregation_target":null,"age_65plus_missing":false,"age_75plus_missing":false,"age_quality_flag":"ok","data_completeness":"complete"}},{"type":"Feature","geometry":{"type":"Polygon","coordinates":[[[133.40625,33.96666666666667],[133.4125,33.96666666666667],[133.4125,33.97083333333334],[133.40625,33.97083333333334],[133.40625,33.96666666666667]]]},"properties":{"type":"Feature","mesh_id":"503373623","municipality_code":"38213","municipality":"四国中央市","total_population":13,"population_65plus":0,"population_75plus":0,"aging_rate_65plus":0.0,"aging_rate_75plus":0.0,"population_status":"0","population_status_target":null,"population_aggregation_target":null,"age_65plus_missing":false,"age_75plus_missing":false,"age_quality_flag":"ok","data_completeness":"complete"}},{"type":"Feature","geometry":{"type":"Polygon","coordinates":[[[133.4125,33.97083333333334],[133.41875,33.97083333333334],[133.41875,33.97500000000001],[133.4125,33.97500000000001],[133.4125,33.97083333333334]]]},"properties":{"type":"Feature","mesh_id":"503373632","municipality_code":"38213","municipality":"四国中央市","total_population":107,"population_65plus":34,"population_75plus":16,"aging_rate_65plus":0.3177570093457944,"aging_rate_75plus":0.14953271028037382,"population_status":"0","population_status_target":null,"population_aggregation_target":null,"age_65plus_missing":false,"age_75plus_missing":false,"age_quality_flag":"ok","data_completeness":"complete"}},{"type":"Feature","geometry":{"type":"Polygon","coordinates":[[[133.41875,33.96666666666667],[133.42499999999998,33.96666666666667],[133.42499999999998,33.97083333333334],[133.41875,33.97083333333334],[133.41875,33.96666666666667]]]},"properties":{"type":"Feature","mesh_id":"503373633","municipality_code":"38213","municipality":"四国中央市","total_population":12,"population_65plus":5,"population_75plus":3,"aging_rate_65plus":0.4166666666666667,"aging_rate_75plus":0.25,"population_status":"0","population_status_target":null,"population_aggregation_target":null,"age_65plus_missing":false,"age_75plus_missing":false,"age_quality_flag":"ok","data_completeness":"complete"}},{"type":"Feature","geometry":{"type":"Polygon","coordinates":[[[133.41875,33.97083333333334],[133.42499999999998,33.97083333333334],[133.42499999999998,33.97500000000001],[133.41875,33.97500000000001],[133.41875,33.97083333333334]]]},"properties":{"type":"Feature","mesh_id":"503373634","municipality_code":"38213","municipality":"四国中央市","total_population":342,"population_65plus":97,"population_75plus":46,"aging_rate_65plus":0.28362573099415206,"aging_rate_75plus":0.13450292397660818,"population_status":"0","population_status_target":null,"population_aggregation_target":null,"age_65plus_missing":false,"age_75plus_missing":false,"age_quality_flag":"ok","data_completeness":"complete"}},{"type":"Feature","geometry":{"type":"Polygon","coordinates":[[[133.425,33.96666666666667],[133.43125,33.96666666666667],[133.43125,33.97083333333334],[133.425,33.97083333333334],[133.425,33.96666666666667]]]},"properties":{"type":"Feature","mesh_id":"503373641","municipality_code":"38213","municipality":"四国中央市","total_population":161,"population_65plus":55,"population_75plus":21,"aging_rate_65plus":0.3416149068322981,"aging_rate_75plus":0.13043478260869565,"population_status":"0","population_status_target":null,"population_aggregation_target":null,"age_65plus_missing":false,"age_75plus_missing":false,"age_quality_flag":"ok","data_completeness":"complete"}},{"type":"Feature","geometry":{"type":"Polygon","coordinates":[[[133.425,33.97083333333334],[133.43125,33.97083333333334],[133.43125,33.97500000000001],[133.425,33.97500000000001],[133.425,33.97083333333334]]]},"properties":{"type":"Feature","mesh_id":"503373642","municipality_code":"38213","municipality":"四国中央市","total_population":281,"population_65plus":84,"population_75plus":25,"aging_rate_65plus":0.298932384341637,"aging_rate_75plus":0.08896797153024912,"population_status":"0","population_status_target":null,"population_aggregation_target":null,"age_65plus_missing":false,"age_75plus_missing":false,"age_quality_flag":"ok","data_completeness":"complete"}},{"type":"Feature","geometry":{"type":"Polygon","coordinates":[[[133.43125,33.96666666666667],[133.4375,33.96666666666667],[133.4375,33.97083333333334],[133.43125,33.97083333333334],[133.43125,33.96666666666667]]]},"properties":{"type":"Feature","mesh_id":"503373643","municipality_code":"38213","municipality":"四国中央市","total_population":118,"population_65plus":40,"population_75plus":20,"aging_rate_65plus":0.3389830508474576,"aging_rate_75plus":0.1694915254237288,"population_status":"0","population_status_target":null,"population_aggregation_target":null,"age_65plus_missing":false,"age_75plus_missing":false,"age_quality_flag":"ok","data_completeness":"complete"}},{"type":"Feature","geometry":{"type":"Polygon","coordinates":[[[133.43125,33.97083333333334],[133.4375,33.97083333333334],[133.4375,33.97500000000001],[133.43125,33.97500000000001],[133.43125,33.97083333333334]]]},"properties":{"type":"Feature","mesh_id":"503373644","municipality_code":"38213","municipality":"四国中央市","total_population":51,"population_65plus":16,"population_75plus":5,"aging_rate_65plus":0.3137254901960784,"aging_rate_75plus":0.09803921568627451,"population_status":"0","population_status_target":null,"population_aggregation_target":null,"age_65plus_missing":false,"age_75plus_missing":false,"age_quality_flag":"ok","data_completeness":"complete"}},{"type":"Feature","geometry":{"type":"Polygon","coordinates":[[[133.4375,33.96666666666667],[133.44375,33.96666666666667],[133.44375,33.97083333333334],[133.4375,33.97083333333334],[133.4375,33.96666666666667]]]},"properties":{"type":"Feature","mesh_id":"503373651","municipality_code":"38213","municipality":"四国中央市","total_population":241,"population_65plus":92,"population_75plus":54,"aging_rate_65plus":0.3817427385892116,"aging_rate_75plus":0.22406639004149378,"population_status":"0","population_status_target":null,"population_aggregation_target":null,"age_65plus_missing":false,"age_75plus_missing":false,"age_quality_flag":"ok","data_completeness":"complete"}},{"type":"Feature","geometry":{"type":"Polygon","coordinates":[[[133.4375,33.97083333333334],[133.44375,33.97083333333334],[133.44375,33.97500000000001],[133.4375,33.97500000000001],[133.4375,33.97083333333334]]]},"properties":{"type":"Feature","mesh_id":"503373652","municipality_code":"38213","municipality":"四国中央市","total_population":31,"population_65plus":5,"population_75plus":1,"aging_rate_65plus":0.16129032258064516,"aging_rate_75plus":0.03225806451612903,"population_status":"0","population_status_target":null,"population_aggregation_target":null,"age_65plus_missing":false,"age_75plus_missing":false,"age_quality_flag":"ok","data_completeness":"complete"}},{"type":"Feature","geometry":{"type":"Polygon","coordinates":[[[133.44375,33.96666666666667],[133.45,33.96666666666667],[133.45,33.97083333333334],[133.44375,33.97083333333334],[133.44375,33.96666666666667]]]},"properties":{"type":"Feature","mesh_id":"503373653","municipality_code":"38213","municipality":"四国中央市","total_population":161,"population_65plus":74,"population_75plus":33,"aging_rate_65plus":0.45962732919254656,"aging_rate_75plus":0.20496894409937888,"population_status":"0","population_status_target":null,"population_aggregation_target":null,"age_65plus_missing":false,"age_75plus_missing":false,"age_quality_flag":"ok","data_completeness":"complete"}},{"type":"Feature","geometry":{"type":"Polygon","coordinates":[[[133.44375,33.97083333333334],[133.45,33.97083333333334],[133.45,33.97500000000001],[133.44375,33.97500000000001],[133.44375,33.97083333333334]]]},"properties":{"type":"Feature","mesh_id":"503373654","municipality_code":"38213","municipality":"四国中央市","total_population":53,"population_65plus":15,"population_75plus":5,"aging_rate_65plus":0.2830188679245283,"aging_rate_75plus":0.09433962264150944,"population_status":"0","population_status_target":null,"population_aggregation_target":null,"age_65plus_missing":false,"age_75plus_missing":false,"age_quality_flag":"ok","data_completeness":"complete"}},{"type":"Feature","geometry":{"type":"Polygon","coordinates":[[[133.45,33.96666666666667],[133.45624999999998,33.96666666666667],[133.45624999999998,33.97083333333334],[133.45,33.97083333333334],[133.45,33.96666666666667]]]},"properties":{"type":"Feature","mesh_id":"503373661","municipality_code":"38213","municipality":"四国中央市","total_population":199,"population_65plus":39,"population_75plus":14,"aging_rate_65plus":0.19597989949748743,"aging_rate_75plus":0.07035175879396985,"population_status":"0","population_status_target":null,"population_aggregation_target":null,"age_65plus_missing":false,"age_75plus_missing":false,"age_quality_flag":"ok","data_completeness":"complete"}},{"type":"Feature","geometry":{"type":"Polygon","coordinates":[[[133.45,33.97083333333334],[133.45624999999998,33.97083333333334],[133.45624999999998,33.97500000000001],[133.45,33.97500000000001],[133.45,33.97083333333334]]]},"properties":{"type":"Feature","mesh_id":"503373662","municipality_code":"38213","municipality":"四国中央市","total_population":379,"population_65plus":113,"population_75plus":75,"aging_rate_65plus":0.29815303430079154,"aging_rate_75plus":0.19788918205804748,"population_status":"0","population_status_target":null,"population_aggregation_target":null,"age_65plus_missing":false,"age_75plus_missing":false,"age_quality_flag":"ok","data_completeness":"complete"}},{"type":"Feature","geometry":{"type":"Polygon","coordinates":[[[133.45624999999998,33.96666666666667],[133.46249999999998,33.96666666666667],[133.46249999999998,33.97083333333334],[133.45624999999998,33.97083333333334],[133.45624999999998,33.96666666666667]]]},"properties":{"type":"Feature","mesh_id":"503373663","municipality_code":"38213","municipality":"四国中央市","total_population":235,"population_65plus":74,"population_75plus":56,"aging_rate_65plus":0.3148936170212766,"aging_rate_75plus":0.23829787234042554,"population_status":"1","population_status_target":null,"population_aggregation_target":"503373752","age_65plus_missing":false,"age_75plus_missing":false,"age_quality_flag":"ok","data_completeness":"complete"}},{"type":"Feature","geometry":{"type":"Polygon","coordinates":[[[133.45624999999998,33.97083333333334],[133.46249999999998,33.97083333333334],[133.46249999999998,33.97500000000001],[133.45624999999998,33.97500000000001],[133.45624999999998,33.97083333333334]]]},"properties":{"type":"Feature","mesh_id":"503373664","municipality_code":"38213","municipality":"四国中央市","total_population":207,"population_65plus":87,"population_75plus":40,"aging_rate_65plus":0.42028985507246375,"aging_rate_75plus":0.1932367149758454,"population_status":"1","population_status_target":null,"population_aggregation_target":"503373762","age_65plus_missing":false,"age_75plus_missing":false,"age_quality_flag":"ok","data_completeness":"complete"}},{"type":"Feature","geometry":{"type":"Polygon","coordinates":[[[133.4625,33.96666666666667],[133.46875,33.96666666666667],[133.46875,33.97083333333334],[133.4625,33.97083333333334],[133.4625,33.96666666666667]]]},"properties":{"type":"Feature","mesh_id":"503373671","municipality_code":"38213","municipality":"四国中央市","total_population":231,"population_65plus":63,"population_75plus":25,"aging_rate_65plus":0.2727272727272727,"aging_rate_75plus":0.10822510822510822,"population_status":"0","population_status_target":null,"population_aggregation_target":null,"age_65plus_missing":false,"age_75plus_missing":false,"age_quality_flag":"ok","data_completeness":"complete"}},{"type":"Feature","geometry":{"type":"Polygon","coordinates":[[[133.4625,33.97083333333334],[133.46875,33.97083333333334],[133.46875,33.97500000000001],[133.4625,33.97500000000001],[133.4625,33.97083333333334]]]},"properties":{"type":"Feature","mesh_id":"503373672","municipality_code":"38213","municipality":"四国中央市","total_population":80,"population_65plus":33,"population_75plus":11,"aging_rate_65plus":0.4125,"aging_rate_75plus":0.1375,"population_status":"0","population_status_target":null,"population_aggregation_target":null,"age_65plus_missing":false,"age_75plus_missing":false,"age_quality_flag":"ok","data_completeness":"complete"}},{"type":"Feature","geometry":{"type":"Polygon","coordinates":[[[133.46875,33.96666666666667],[133.475,33.96666666666667],[133.475,33.97083333333334],[133.46875,33.97083333333334],[133.46875,33.96666666666667]]]},"properties":{"type":"Feature","mesh_id":"503373673","municipality_code":"38213","municipality":"四国中央市","total_population":90,"population_65plus":38,"population_75plus":17,"aging_rate_65plus":0.4222222222222222,"aging_rate_75plus":0.18888888888888888,"population_status":"0","population_status_target":null,"population_aggregation_target":null,"age_65plus_missing":false,"age_75plus_missing":false,"age_quality_flag":"ok","data_completeness":"complete"}},{"type":"Feature","geometry":{"type":"Polygon","coordinates":[[[133.46875,33.97083333333334],[133.475,33.97083333333334],[133.475,33.97500000000001],[133.46875,33.97500000000001],[133.46875,33.97083333333334]]]},"properties":{"type":"Feature","mesh_id":"503373674","municipality_code":"38213","municipality":"四国中央市","total_population":135,"population_65plus":54,"population_75plus":17,"aging_rate_65plus":0.4,"aging_rate_75plus":0.1259259259259259,"population_status":"0","population_status_target":null,"population_aggregation_target":null,"age_65plus_missing":false,"age_75plus_missing":false,"age_quality_flag":"ok","data_completeness":"complete"}},{"type":"Feature","geometry":{"type":"Polygon","coordinates":[[[133.475,33.96666666666667],[133.48125,33.96666666666667],[133.48125,33.97083333333334],[133.475,33.97083333333334],[133.475,33.96666666666667]]]},"properties":{"type":"Feature","mesh_id":"503373681","municipality_code":"38213","municipality":"四国中央市","total_population":246,"population_65plus":172,"population_75plus":101,"aging_rate_65plus":0.6991869918699187,"aging_rate_75plus":0.4105691056910569,"population_status":"1","population_status_target":null,"population_aggregation_target":"503373683","age_65plus_missing":false,"age_75plus_missing":false,"age_quality_flag":"ok","data_completeness":"complete"}},{"type":"Feature","geometry":{"type":"Polygon","coordinates":[[[133.48125,33.96666666666667],[133.48749999999998,33.96666666666667],[133.48749999999998,33.97083333333334],[133.48125,33.97083333333334],[133.48125,33.96666666666667]]]},"properties":{"type":"Feature","mesh_id":"503373683","municipality_code":"38213","municipality":"四国中央市","total_population":135,"population_65plus":null,"population_75plus":null,"aging_rate_65plus":null,"aging_rate_75plus":null,"population_status":"2","population_status_target":"503373681","population_aggregation_target":null,"age_65plus_missing":true,"age_75plus_missing":true,"age_quality_flag":"ok","data_completeness":"partial"}},{"type":"Feature","geometry":{"type":"Polygon","coordinates":[[[133.4875,33.96666666666667],[133.49375,33.96666666666667],[133.49375,33.97083333333334],[133.4875,33.97083333333334],[133.4875,33.96666666666667]]]},"properties":{"type":"Feature","mesh_id":"503373691","municipality_code":"38213","municipality":"四国中央市","total_population":53,"population_65plus":12,"population_75plus":2,"aging_rate_65plus":0.22641509433962265,"aging_rate_75plus":0.03773584905660377,"population_status":"0","population_status_target":null,"population_aggregation_target":null,"age_65plus_missing":false,"age_75plus_missing":false,"age_quality_flag":"ok","data_completeness":"complete"}},{"type":"Feature","geometry":{"type":"Polygon","coordinates":[[[133.4125,33.975],[133.41875,33.975],[133.41875,33.97916666666667],[133.4125,33.97916666666667],[133.4125,33.975]]]},"properties":{"type":"Feature","mesh_id":"503373731","municipality_code":"38213","municipality":"四国中央市","total_population":85,"population_65plus":39,"population_75plus":12,"aging_rate_65plus":0.4588235294117647,"aging_rate_75plus":0.1411764705882353,"population_status":"0","population_status_target":null,"population_aggregation_target":null,"age_65plus_missing":false,"age_75plus_missing":false,"age_quality_flag":"ok","data_completeness":"complete"}},{"type":"Feature","geometry":{"type":"Polygon","coordinates":[[[133.4125,33.97916666666667],[133.41875,33.97916666666667],[133.41875,33.98333333333334],[133.4125,33.98333333333334],[133.4125,33.97916666666667]]]},"properties":{"type":"Feature","mesh_id":"503373732","municipality_code":"38213","municipality":"四国中央市","total_population":299,"population_65plus":109,"population_75plus":49,"aging_rate_65plus":0.36454849498327757,"aging_rate_75plus":0.16387959866220736,"population_status":"0","population_status_target":null,"population_aggregation_target":null,"age_65plus_missing":false,"age_75plus_missing":false,"age_quality_flag":"ok","data_completeness":"complete"}},{"type":"Feature","geometry":{"type":"Polygon","coordinates":[[[133.41875,33.975],[133.42499999999998,33.975],[133.42499999999998,33.97916666666667],[133.41875,33.97916666666667],[133.41875,33.975]]]},"properties":{"type":"Feature","mesh_id":"503373733","municipality_code":"38213","municipality":"四国中央市","total_population":41,"population_65plus":24,"population_75plus":9,"aging_rate_65plus":0.5853658536585366,"aging_rate_75plus":0.21951219512195122,"population_status":"0","population_status_target":null,"population_aggregation_target":null,"age_65plus_missing":false,"age_75plus_missing":false,"age_quality_flag":"ok","data_completeness":"complete"}},{"type":"Feature","geometry":{"type":"Polygon","coordinates":[[[133.41875,33.97916666666667],[133.42499999999998,33.97916666666667],[133.42499999999998,33.98333333333334],[133.41875,33.98333333333334],[133.41875,33.97916666666667]]]},"properties":{"type":"Feature","mesh_id":"503373734","municipality_code":"38213","municipality":"四国中央市","total_population":279,"population_65plus":109,"population_75plus":55,"aging_rate_65plus":0.3906810035842294,"aging_rate_75plus":0.1971326164874552,"population_status":"0","population_status_target":null,"population_aggregation_target":null,"age_65plus_missing":false,"age_75plus_missing":false,"age_quality_flag":"ok","data_completeness":"complete"}},{"type":"Feature","geometry":{"type":"Polygon","coordinates":[[[133.425,33.975],[133.43125,33.975],[133.43125,33.97916666666667],[133.425,33.97916666666667],[133.425,33.975]]]},"properties":{"type":"Feature","mesh_id":"503373741","municipality_code":"38213","municipality":"四国中央市","total_population":273,"population_65plus":113,"population_75plus":52,"aging_rate_65plus":0.4139194139194139,"aging_rate_75plus":0.19047619047619047,"population_status":"0","population_status_target":null,"population_aggregation_target":null,"age_65plus_missing":false,"age_75plus_missing":false,"age_quality_flag":"ok","data_completeness":"complete"}},{"type":"Feature","geometry":{"type":"Polygon","coordinates":[[[133.425,33.97916666666667],[133.43125,33.97916666666667],[133.43125,33.98333333333334],[133.425,33.98333333333334],[133.425,33.97916666666667]]]},"properties":{"type":"Feature","mesh_id":"503373742","municipality_code":"38213","municipality":"四国中央市","total_population":186,"population_65plus":83,"population_75plus":48,"aging_rate_65plus":0.44623655913978494,"aging_rate_75plus":0.25806451612903225,"population_status":"0","population_status_target":null,"population_aggregation_target":null,"age_65plus_missing":false,"age_75plus_missing":false,"age_quality_flag":"ok","data_completeness":"complete"}},{"type":"Feature","geometry":{"type":"Polygon","coordinates":[[[133.43125,33.975],[133.4375,33.975],[133.4375,33.97916666666667],[133.43125,33.97916666666667],[133.43125,33.975]]]},"properties":{"type":"Feature","mesh_id":"503373743","municipality_code":"38213","municipality":"四国中央市","total_population":132,"population_65plus":51,"population_75plus":23,"aging_rate_65plus":0.38636363636363635,"aging_rate_75plus":0.17424242424242425,"population_status":"0","population_status_target":null,"population_aggregation_target":null,"age_65plus_missing":false,"age_75plus_missing":false,"age_quality_flag":"ok","data_completeness":"complete"}},{"type":"Feature","geometry":{"type":"Polygon","coordinates":[[[133.43125,33.97916666666667],[133.4375,33.97916666666667],[133.4375,33.98333333333334],[133.43125,33.98333333333334],[133.43125,33.97916666666667]]]},"properties":{"type":"Feature","mesh_id":"503373744","municipality_code":"38213","municipality":"四国中央市","total_population":124,"population_65plus":34,"population_75plus":12,"aging_rate_65plus":0.27419354838709675,"aging_rate_75plus":0.0967741935483871,"population_status":"0","population_status_target":null,"population_aggregation_target":null,"age_65plus_missing":false,"age_75plus_missing":false,"age_quality_flag":"ok","data_completeness":"complete"}},{"type":"Feature","geometry":{"type":"Polygon","coordinates":[[[133.4375,33.97916666666667],[133.44375,33.97916666666667],[133.44375,33.98333333333334],[133.4375,33.98333333333334],[133.4375,33.97916666666667]]]},"properties":{"type":"Feature","mesh_id":"503373752","municipality_code":"38213","municipality":"四国中央市","total_population":13,"population_65plus":null,"population_75plus":null,"aging_rate_65plus":null,"aging_rate_75plus":null,"population_status":"2","population_status_target":"503373663","population_aggregation_target":null,"age_65plus_missing":true,"age_75plus_missing":true,"age_quality_flag":"ok","data_completeness":"partial"}},{"type":"Feature","geometry":{"type":"Polygon","coordinates":[[[133.45,33.97916666666667],[133.45624999999998,33.97916666666667],[133.45624999999998,33.98333333333334],[133.45,33.98333333333334],[133.45,33.97916666666667]]]},"properties":{"type":"Feature","mesh_id":"503373762","municipality_code":"38213","municipality":"四国中央市","total_population":2,"population_65plus":null,"population_75plus":null,"aging_rate_65plus":null,"aging_rate_75plus":null,"population_status":"2","population_status_target":"503373664","population_aggregation_target":null,"age_65plus_missing":true,"age_75plus_missing":true,"age_quality_flag":"ok","data_completeness":"partial"}},{"type":"Feature","geometry":{"type":"Polygon","coordinates":[[[133.40625,33.98750000000001],[133.4125,33.98750000000001],[133.4125,33.99166666666668],[133.40625,33.99166666666668],[133.40625,33.98750000000001]]]},"properties":{"type":"Feature","mesh_id":"503373824","municipality_code":"38213","municipality":"四国中央市","total_population":8,"population_65plus":null,"population_75plus":null,"aging_rate_65plus":null,"aging_rate_75plus":null,"population_status":"1","population_status_target":null,"population_aggregation_target":"503373822","age_65plus_missing":true,"age_75plus_missing":true,"age_quality_flag":"inconsistent_with_total","data_completeness":"partial"}},{"type":"Feature","geometry":{"type":"Polygon","coordinates":[[[133.4125,33.98333333333334],[133.41875,33.98333333333334],[133.41875,33.98750000000001],[133.4125,33.98750000000001],[133.4125,33.98333333333334]]]},"properties":{"type":"Feature","mesh_id":"503373831","municipality_code":"38213","municipality":"四国中央市","total_population":4,"population_65plus":null,"population_75plus":null,"aging_rate_65plus":null,"aging_rate_75plus":null,"population_status":"2","population_status_target":"503373832","population_aggregation_target":null,"age_65plus_missing":true,"age_75plus_missing":true,"age_quality_flag":"ok","data_completeness":"partial"}},{"type":"Feature","geometry":{"type":"Polygon","coordinates":[[[133.41875,33.98333333333334],[133.42499999999998,33.98333333333334],[133.42499999999998,33.98750000000001],[133.41875,33.98750000000001],[133.41875,33.98333333333334]]]},"properties":{"type":"Feature","mesh_id":"503373833","municipality_code":"38213","municipality":"四国中央市","total_population":3,"population_65plus":null,"population_75plus":null,"aging_rate_65plus":null,"aging_rate_75plus":null,"population_status":"2","population_status_target":"503373832","population_aggregation_target":null,"age_65plus_missing":true,"age_75plus_missing":true,"age_quality_flag":"ok","data_completeness":"partial"}},{"type":"Feature","geometry":{"type":"Polygon","coordinates":[[[133.425,33.98333333333334],[133.43125,33.98333333333334],[133.43125,33.98750000000001],[133.425,33.98750000000001],[133.425,33.98333333333334]]]},"properties":{"type":"Feature","mesh_id":"503373841","municipality_code":"38213","municipality":"四国中央市","total_population":49,"population_65plus":10,"population_75plus":5,"aging_rate_65plus":0.20408163265306123,"aging_rate_75plus":0.10204081632653061,"population_status":"0","population_status_target":null,"population_aggregation_target":null,"age_65plus_missing":false,"age_75plus_missing":false,"age_quality_flag":"ok","data_completeness":"complete"}},{"type":"Feature","geometry":{"type":"Polygon","coordinates":[[[133.50625,33.91666666666667],[133.5125,33.91666666666667],[133.5125,33.92083333333334],[133.50625,33.92083333333334],[133.50625,33.91666666666667]]]},"properties":{"type":"Feature","mesh_id":"503374003","municipality_code":"38213","municipality":"四国中央市","total_population":1,"population_65plus":null,"population_75plus":null,"aging_rate_65plus":null,"aging_rate_75plus":null,"population_status":"2","population_status_target":"503374501","population_aggregation_target":null,"age_65plus_missing":true,"age_75plus_missing":true,"age_quality_flag":"ok","data_completeness":"partial"}},{"type":"Feature","geometry":{"type":"Polygon","coordinates":[[[133.5125,33.91666666666667],[133.51874999999998,33.91666666666667],[133.51874999999998,33.92083333333334],[133.5125,33.92083333333334],[133.5125,33.91666666666667]]]},"properties":{"type":"Feature","mesh_id":"503374011","municipality_code":"38213","municipality":"四国中央市","total_population":6,"population_65plus":null,"population_75plus":null,"aging_rate_65plus":null,"aging_rate_75plus":null,"population_status":"2","population_status_target":"503374023","population_aggregation_target":null,"age_65plus_missing":true,"age_75plus_missing":true,"age_quality_flag":"ok","data_completeness":"partial"}},{"type":"Feature","geometry":{"type":"Polygon","coordinates":[[[133.53125,33.91666666666667],[133.5375,33.91666666666667],[133.5375,33.92083333333334],[133.53125,33.92083333333334],[133.53125,33.91666666666667]]]},"properties":{"type":"Feature","mesh_id":"503374023","municipality_code":"38213","municipality":"四国中央市","total_population":6,"population_65plus":null,"population_75plus":null,"aging_rate_65plus":null,"aging_rate_75plus":null,"population_status":"1","population_status_target":null,"population_aggregation_target":"503374011","age_65plus_missing":true,"age_75plus_missing":true,"age_quality_flag":"inconsistent_with_total","data_completeness":"partial"}},{"type":"Feature","geometry":{"type":"Polygon","coordinates":[[[133.5375,33.91666666666667],[133.54375,33.91666666666667],[133.54375,33.92083333333334],[133.5375,33.92083333333334],[133.5375,33.91666666666667]]]},"properties":{"type":"Feature","mesh_id":"503374031","municipality_code":"38213","municipality":"四国中央市","total_population":6,"population_65plus":null,"population_75plus":null,"aging_rate_65plus":null,"aging_rate_75plus":null,"population_status":"2","population_status_target":"503374034","population_aggregation_target":null,"age_65plus_missing":true,"age_75plus_missing":true,"age_quality_flag":"ok","data_completeness":"partial"}},{"type":"Feature","geometry":{"type":"Polygon","coordinates":[[[133.54375,33.91666666666667],[133.54999999999998,33.91666666666667],[133.54999999999998,33.92083333333334],[133.54375,33.92083333333334],[133.54375,33.91666666666667]]]},"properties":{"type":"Feature","mesh_id":"503374033","municipality_code":"38213","municipality":"四国中央市","total_population":1,"population_65plus":null,"population_75plus":null,"aging_rate_65plus":null,"aging_rate_75plus":null,"population_status":"2","population_status_target":"503374034","population_aggregation_target":null,"age_65plus_missing":true,"age_75plus_missing":true,"age_quality_flag":"ok","data_completeness":"partial"}},{"type":"Feature","geometry":{"type":"Polygon","coordinates":[[[133.54375,33.92083333333334],[133.54999999999998,33.92083333333334],[133.54999999999998,33.92500000000001],[133.54375,33.92500000000001],[133.54375,33.92083333333334]]]},"properties":{"type":"Feature","mesh_id":"503374034","municipality_code":"38213","municipality":"四国中央市","total_population":4,"population_65plus":null,"population_75plus":null,"aging_rate_65plus":null,"aging_rate_75plus":null,"population_status":"1","population_status_target":null,"population_aggregation_target":"503374031;503374033","age_65plus_missing":true,"age_75plus_missing":true,"age_quality_flag":"inconsistent_with_total","data_completeness":"partial"}},{"type":"Feature","geometry":{"type":"Polygon","coordinates":[[[133.5125,33.929166666666674],[133.51874999999998,33.929166666666674],[133.51874999999998,33.933333333333344],[133.5125,33.933333333333344],[133.5125,33.929166666666674]]]},"properties":{"type":"Feature","mesh_id":"503374112","municipality_code":"38213","municipality":"四国中央市","total_population":6,"population_65plus":null,"population_75plus":null,"aging_rate_65plus":null,"aging_rate_75plus":null,"population_status":"2","population_status_target":"503374114","population_aggregation_target":null,"age_65plus_missing":true,"age_75plus_missing":true,"age_quality_flag":"ok","data_completeness":"partial"}},{"type":"Feature","geometry":{"type":"Polygon","coordinates":[[[133.51874999999998,33.929166666666674],[133.52499999999998,33.929166666666674],[133.52499999999998,33.933333333333344],[133.51874999999998,33.933333333333344],[133.51874999999998,33.929166666666674]]]},"properties":{"type":"Feature","mesh_id":"503374114","municipality_code":"38213","municipality":"四国中央市","total_population":7,"population_65plus":6,"population_75plus":5,"aging_rate_65plus":0.8571428571428571,"aging_rate_75plus":0.7142857142857143,"population_status":"1","population_status_target":null,"population_aggregation_target":"503374112","age_65plus_missing":false,"age_75plus_missing":false,"age_quality_flag":"ok","data_completeness":"complete"}},{"type":"Feature","geometry":{"type":"Polygon","coordinates":[[[133.53125,33.925000000000004],[133.5375,33.925000000000004],[133.5375,33.929166666666674],[133.53125,33.929166666666674],[133.53125,33.925000000000004]]]},"properties":{"type":"Feature","mesh_id":"503374123","municipality_code":"38213","municipality":"四国中央市","total_population":3,"population_65plus":null,"population_75plus":null,"aging_rate_65plus":null,"aging_rate_75plus":null,"population_status":"1","population_status_target":null,"population_aggregation_target":"503374124;503374222","age_65plus_missing":true,"age_75plus_missing":true,"age_quality_flag":"inconsistent_with_total","data_completeness":"partial"}},{"type":"Feature","geometry":{"type":"Polygon","coordinates":[[[133.53125,33.929166666666674],[133.5375,33.929166666666674],[133.5375,33.933333333333344],[133.53125,33.933333333333344],[133.53125,33.929166666666674]]]},"properties":{"type":"Feature","mesh_id":"503374124","municipality_code":"38213","municipality":"四国中央市","total_population":5,"population_65plus":null,"population_75plus":null,"aging_rate_65plus":null,"aging_rate_75plus":null,"population_status":"2","population_status_target":"503374123","population_aggregation_target":null,"age_65plus_missing":true,"age_75plus_missing":true,"age_quality_flag":"ok","data_completeness":"partial"}},{"type":"Feature","geometry":{"type":"Polygon","coordinates":[[[133.525,33.93750000000001],[133.53125,33.93750000000001],[133.53125,33.94166666666668],[133.525,33.94166666666668],[133.525,33.93750000000001]]]},"properties":{"type":"Feature","mesh_id":"503374222","municipality_code":"38213","municipality":"四国中央市","total_population":3,"population_65plus":null,"population_75plus":null,"aging_rate_65plus":null,"aging_rate_75plus":null,"population_status":"2","population_status_target":"503374123","population_aggregation_target":null,"age_65plus_missing":true,"age_75plus_missing":true,"age_quality_flag":"ok","data_completeness":"partial"}},{"type":"Feature","geometry":{"type":"Polygon","coordinates":[[[133.5875,33.94583333333334],[133.59375,33.94583333333334],[133.59375,33.95000000000001],[133.5875,33.95000000000001],[133.5875,33.94583333333334]]]},"properties":{"type":"Feature","mesh_id":"503374372","municipality_code":"38213","municipality":"四国中央市","total_population":9,"population_65plus":9,"population_75plus":5,"aging_rate_65plus":1.0,"aging_rate_75plus":0.5555555555555556,"population_status":"1","population_status_target":null,"population_aggregation_target":"503374382;503374383","age_65plus_missing":false,"age_75plus_missing":false,"age_quality_flag":"ok","data_completeness":"complete"}},{"type":"Feature","geometry":{"type":"Polygon","coordinates":[[[133.6,33.94583333333334],[133.60625,33.94583333333334],[133.60625,33.95000000000001],[133.6,33.95000000000001],[133.6,33.94583333333334]]]},"properties":{"type":"Feature","mesh_id":"503374382","municipality_code":"38213","municipality":"四国中央市","total_population":3,"population_65plus":null,"population_75plus":null,"aging_rate_65plus":null,"aging_rate_75plus":null,"population_status":"2","population_status_target":"503374372","population_aggregation_target":null,"age_65plus_missing":true,"age_75plus_missing":true,"age_quality_flag":"ok","data_completeness":"partial"}},{"type":"Feature","geometry":{"type":"Polygon","coordinates":[[[133.60625,33.94166666666667],[133.61249999999998,33.94166666666667],[133.61249999999998,33.94583333333334],[133.60625,33.94583333333334],[133.60625,33.94166666666667]]]},"properties":{"type":"Feature","mesh_id":"503374383","municipality_code":"38213","municipality":"四国中央市","total_population":2,"population_65plus":null,"population_75plus":null,"aging_rate_65plus":null,"aging_rate_75plus":null,"population_status":"2","population_status_target":"503374372","population_aggregation_target":null,"age_65plus_missing":true,"age_75plus_missing":true,"age_quality_flag":"ok","data_completeness":"partial"}},{"type":"Feature","geometry":{"type":"Polygon","coordinates":[[[133.6125,33.94583333333334],[133.61875,33.94583333333334],[133.61875,33.95000000000001],[133.6125,33.95000000000001],[133.6125,33.94583333333334]]]},"properties":{"type":"Feature","mesh_id":"503374392","municipality_code":"38213","municipality":"四国中央市","total_population":2,"population_65plus":null,"population_75plus":null,"aging_rate_65plus":null,"aging_rate_75plus":null,"population_status":"2","population_status_target":"503374484","population_aggregation_target":null,"age_65plus_missing":true,"age_75plus_missing":true,"age_quality_flag":"ok","data_completeness":"partial"}},{"type":"Feature","geometry":{"type":"Polygon","coordinates":[[[133.61875,33.94166666666667],[133.625,33.94166666666667],[133.625,33.94583333333334],[133.61875,33.94583333333334],[133.61875,33.94166666666667]]]},"properties":{"type":"Feature","mesh_id":"503374393","municipality_code":"38213","municipality":"四国中央市","total_population":2,"population_65plus":null,"population_75plus":null,"aging_rate_65plus":null,"aging_rate_75plus":null,"population_status":"2","population_status_target":"503374484","population_aggregation_target":null,"age_65plus_missing":true,"age_75plus_missing":true,"age_quality_flag":"ok","data_completeness":"partial"}},{"type":"Feature","geometry":{"type":"Polygon","coordinates":[[[133.60625,33.95416666666667],[133.61249999999998,33.95416666666667],[133.61249999999998,33.95833333333334],[133.60625,33.95833333333334],[133.60625,33.95416666666667]]]},"properties":{"type":"Feature","mesh_id":"503374484","municipality_code":"38213","municipality":"四国中央市","total_population":14,"population_65plus":null,"population_75plus":null,"aging_rate_65plus":null,"aging_rate_75plus":null,"population_status":"1","population_status_target":null,"population_aggregation_target":"503374392;503374393;503374493;503374582;503374592;503374594","age_65plus_missing":true,"age_75plus_missing":true,"age_quality_flag":"inconsistent_with_total","data_completeness":"partial"}},{"type":"Feature","geometry":{"type":"Polygon","coordinates":[[[133.61875,33.95],[133.625,33.95],[133.625,33.95416666666667],[133.61875,33.95416666666667],[133.61875,33.95]]]},"properties":{"type":"Feature","mesh_id":"503374493","municipality_code":"38213","municipality":"四国中央市","total_population":7,"population_65plus":null,"population_75plus":null,"aging_rate_65plus":null,"aging_rate_75plus":null,"population_status":"2","population_status_target":"503374484","population_aggregation_target":null,"age_65plus_missing":true,"age_75plus_missing":true,"age_quality_flag":"ok","data_completeness":"partial"}},{"type":"Feature","geometry":{"type":"Polygon","coordinates":[[[133.5,33.958333333333336],[133.50625,33.958333333333336],[133.50625,33.962500000000006],[133.5,33.962500000000006],[133.5,33.958333333333336]]]},"properties":{"type":"Feature","mesh_id":"503374501","municipality_code":"38213","municipality":"四国中央市","total_population":94,"population_65plus":30,"population_75plus":14,"aging_rate_65plus":0.3191489361702128,"aging_rate_75plus":0.14893617021276595,"population_status":"1","population_status_target":null,"population_aggregation_target":"503374003","age_65plus_missing":false,"age_75plus_missing":false,"age_quality_flag":"ok","data_completeness":"complete"}},{"type":"Feature","geometry":{"type":"Polygon","coordinates":[[[133.5,33.962500000000006],[133.50625,33.962500000000006],[133.50625,33.966666666666676],[133.5,33.966666666666676],[133.5,33.962500000000006]]]},"properties":{"type":"Feature","mesh_id":"503374502","municipality_code":"38213","municipality":"四国中央市","total_population":84,"population_65plus":21,"population_75plus":14,"aging_rate_65plus":0.25,"aging_rate_75plus":0.16666666666666666,"population_status":"0","population_status_target":null,"population_aggregation_target":null,"age_65plus_missing":false,"age_75plus_missing":false,"age_quality_flag":"ok","data_completeness":"complete"}},{"type":"Feature","geometry":{"type":"Polygon","coordinates":[[[133.50625,33.958333333333336],[133.5125,33.958333333333336],[133.5125,33.962500000000006],[133.50625,33.962500000000006],[133.50625,33.958333333333336]]]},"properties":{"type":"Feature","mesh_id":"503374503","municipality_code":"38213","municipality":"四国中央市","total_population":572,"population_65plus":130,"population_75plus":50,"aging_rate_65plus":0.22727272727272727,"aging_rate_75plus":0.08741258741258741,"population_status":"0","population_status_target":null,"population_aggregation_target":null,"age_65plus_missing":false,"age_75plus_missing":false,"age_quality_flag":"ok","data_completeness":"complete"}},{"type":"Feature","geometry":{"type":"Polygon","coordinates":[[[133.50625,33.962500000000006],[133.5125,33.962500000000006],[133.5125,33.966666666666676],[133.50625,33.966666666666676],[133.50625,33.962500000000006]]]},"properties":{"type":"Feature","mesh_id":"503374504","municipality_code":"38213","municipality":"四国中央市","total_population":648,"population_65plus":198,"population_75plus":94,"aging_rate_65plus":0.3055555555555556,"aging_rate_75plus":0.14506172839506173,"population_status":"0","population_status_target":null,"population_aggregation_target":null,"age_65plus_missing":false,"age_75plus_missing":false,"age_quality_flag":"ok","data_completeness":"complete"}},{"type":"Feature","geometry":{"type":"Polygon","coordinates":[[[133.5125,33.958333333333336],[133.51874999999998,33.958333333333336],[133.51874999999998,33.962500000000006],[133.5125,33.962500000000006],[133.5125,33.958333333333336]]]},"properties":{"type":"Feature","mesh_id":"503374511","municipality_code":"38213","municipality":"四国中央市","total_population":52,"population_65plus":12,"population_75plus":5,"aging_rate_65plus":0.23076923076923078,"aging_rate_75plus":0.09615384615384616,"population_status":"0","population_status_target":null,"population_aggregation_target":null,"age_65plus_missing":false,"age_75plus_missing":false,"age_quality_flag":"ok","data_completeness":"complete"}},{"type":"Feature","geometry":{"type":"Polygon","coordinates":[[[133.51874999999998,33.958333333333336],[133.52499999999998,33.958333333333336],[133.52499999999998,33.962500000000006],[133.51874999999998,33.962500000000006],[133.51874999999998,33.958333333333336]]]},"properties":{"type":"Feature","mesh_id":"503374513","municipality_code":"38213","municipality":"四国中央市","total_population":631,"population_65plus":194,"population_75plus":108,"aging_rate_65plus":0.3074484944532488,"aging_rate_75plus":0.17115689381933438,"population_status":"0","population_status_target":null,"population_aggregation_target":null,"age_65plus_missing":false,"age_75plus_missing":false,"age_quality_flag":"ok","data_completeness":"complete"}},{"type":"Feature","geometry":{"type":"Polygon","coordinates":[[[133.51874999999998,33.962500000000006],[133.52499999999998,33.962500000000006],[133.52499999999998,33.966666666666676],[133.51874999999998,33.966666666666676],[133.51874999999998,33.962500000000006]]]},"properties":{"type":"Feature","mesh_id":"503374514","municipality_code":"38213","municipality":"四国中央市","total_population":435,"population_65plus":175,"population_75plus":79,"aging_rate_65plus":0.40229885057471265,"aging_rate_75plus":0.18160919540229886,"population_status":"0","population_status_target":null,"population_aggregation_target":null,"age_65plus_missing":false,"age_75plus_missing":false,"age_quality_flag":"ok","data_completeness":"complete"}},{"type":"Feature","geometry":{"type":"Polygon","coordinates":[[[133.53125,33.958333333333336],[133.5375,33.958333333333336],[133.5375,33.962500000000006],[133.53125,33.962500000000006],[133.53125,33.958333333333336]]]},"properties":{"type":"Feature","mesh_id":"503374523","municipality_code":"38213","municipality":"四国中央市","total_population":454,"population_65plus":144,"population_75plus":54,"aging_rate_65plus":0.31718061674008813,"aging_rate_75plus":0.11894273127753303,"population_status":"0","population_status_target":null,"population_aggregation_target":null,"age_65plus_missing":false,"age_75plus_missing":false,"age_quality_flag":"ok","data_completeness":"complete"}},{"type":"Feature","geometry":{"type":"Polygon","coordinates":[[[133.53125,33.962500000000006],[133.5375,33.962500000000006],[133.5375,33.966666666666676],[133.53125,33.966666666666676],[133.53125,33.962500000000006]]]},"properties":{"type":"Feature","mesh_id":"503374524","municipality_code":"38213","municipality":"四国中央市","total_population":424,"population_65plus":156,"population_75plus":65,"aging_rate_65plus":0.36792452830188677,"aging_rate_75plus":0.15330188679245282,"population_status":"0","population_status_target":null,"population_aggregation_target":null,"age_65plus_missing":false,"age_75plus_missing":false,"age_quality_flag":"ok","data_completeness":"complete"}},{"type":"Feature","geometry":{"type":"Polygon","coordinates":[[[133.58124999999998,33.962500000000006],[133.58749999999998,33.962500000000006],[133.58749999999998,33.966666666666676],[133.58124999999998,33.966666666666676],[133.58124999999998,33.962500000000006]]]},"properties":{"type":"Feature","mesh_id":"503374564","municipality_code":"38213","municipality":"四国中央市","total_population":14,"population_65plus":5,"population_75plus":4,"aging_rate_65plus":0.35714285714285715,"aging_rate_75plus":0.2857142857142857,"population_status":"1","population_status_target":null,"population_aggregation_target":"503374573","age_65plus_missing":false,"age_75plus_missing":false,"age_quality_flag":"ok","data_completeness":"complete"}},{"type":"Feature","geometry":{"type":"Polygon","coordinates":[[[133.59375,33.958333333333336],[133.6,33.958333333333336],[133.6,33.962500000000006],[133.59375,33.962500000000006],[133.59375,33.958333333333336]]]},"properties":{"type":"Feature","mesh_id":"503374573","municipality_code":"38213","municipality":"四国中央市","total_population":6,"population_65plus":null,"population_75plus":null,"aging_rate_65plus":null,"aging_rate_75plus":null,"population_status":"2","population_status_target":"503374564","population_aggregation_target":null,"age_65plus_missing":true,"age_75plus_missing":true,"age_quality_flag":"ok","data_completeness":"partial"}},{"type":"Feature","geometry":{"type":"Polygon","coordinates":[[[133.6,33.962500000000006],[133.60625,33.962500000000006],[133.60625,33.966666666666676],[133.6,33.966666666666676],[133.6,33.962500000000006]]]},"properties":{"type":"Feature","mesh_id":"503374582","municipality_code":"38213","municipality":"四国中央市","total_population":7,"population_65plus":null,"population_75plus":null,"aging_rate_65plus":null,"aging_rate_75plus":null,"population_status":"2","population_status_target":"503374484","population_aggregation_target":null,"age_65plus_missing":true,"age_75plus_missing":true,"age_quality_flag":"ok","data_completeness":"partial"}},{"type":"Feature","geometry":{"type":"Polygon","coordinates":[[[133.6125,33.962500000000006],[133.61875,33.962500000000006],[133.61875,33.966666666666676],[133.6125,33.966666666666676],[133.6125,33.962500000000006]]]},"properties":{"type":"Feature","mesh_id":"503374592","municipality_code":"38213","municipality":"四国中央市","total_population":1,"population_65plus":null,"population_75plus":null,"aging_rate_65plus":null,"aging_rate_75plus":null,"population_status":"2","population_status_target":"503374484","population_aggregation_target":null,"age_65plus_missing":true,"age_75plus_missing":true,"age_quality_flag":"ok","data_completeness":"partial"}},{"type":"Feature","geometry":{"type":"Polygon","coordinates":[[[133.61875,33.962500000000006],[133.625,33.962500000000006],[133.625,33.966666666666676],[133.61875,33.966666666666676],[133.61875,33.962500000000006]]]},"properties":{"type":"Feature","mesh_id":"503374594","municipality_code":"38213","municipality":"四国中央市","total_population":2,"population_65plus":null,"population_75plus":null,"aging_rate_65plus":null,"aging_rate_75plus":null,"population_status":"2","population_status_target":"503374484","population_aggregation_target":null,"age_65plus_missing":true,"age_75plus_missing":true,"age_quality_flag":"ok","data_completeness":"partial"}},{"type":"Feature","geometry":{"type":"Polygon","coordinates":[[[133.5,33.96666666666667],[133.50625,33.96666666666667],[133.50625,33.97083333333334],[133.5,33.97083333333334],[133.5,33.96666666666667]]]},"properties":{"type":"Feature","mesh_id":"503374601","municipality_code":"38213","municipality":"四国中央市","total_population":228,"population_65plus":50,"population_75plus":21,"aging_rate_65plus":0.21929824561403508,"aging_rate_75plus":0.09210526315789473,"population_status":"0","population_status_target":null,"population_aggregation_target":null,"age_65plus_missing":false,"age_75plus_missing":false,"age_quality_flag":"ok","data_completeness":"complete"}},{"type":"Feature","geometry":{"type":"Polygon","coordinates":[[[133.5125,33.96666666666667],[133.51874999999998,33.96666666666667],[133.51874999999998,33.97083333333334],[133.5125,33.97083333333334],[133.5125,33.96666666666667]]]},"properties":{"type":"Feature","mesh_id":"503374611","municipality_code":"38213","municipality":"四国中央市","total_population":666,"population_65plus":257,"population_75plus":158,"aging_rate_65plus":0.3858858858858859,"aging_rate_75plus":0.23723723723723725,"population_status":"0","population_status_target":null,"population_aggregation_target":null,"age_65plus_missing":false,"age_75plus_missing":false,"age_quality_flag":"ok","data_completeness":"complete"}},{"type":"Feature","geometry":{"type":"Polygon","coordinates":[[[133.51874999999998,33.96666666666667],[133.52499999999998,33.96666666666667],[133.52499999999998,33.97083333333334],[133.51874999999998,33.97083333333334],[133.51874999999998,33.96666666666667]]]},"properties":{"type":"Feature","mesh_id":"503374613","municipality_code":"38213","municipality":"四国中央市","total_population":123,"population_65plus":55,"population_75plus":28,"aging_rate_65plus":0.44715447154471544,"aging_rate_75plus":0.22764227642276422,"population_status":"0","population_status_target":null,"population_aggregation_target":null,"age_65plus_missing":false,"age_75plus_missing":false,"age_quality_flag":"ok","data_completeness":"complete"}},{"type":"Feature","geometry":{"type":"Polygon","coordinates":[[[133.51874999999998,33.97083333333334],[133.52499999999998,33.97083333333334],[133.52499999999998,33.97500000000001],[133.51874999999998,33.97500000000001],[133.51874999999998,33.97083333333334]]]},"properties":{"type":"Feature","mesh_id":"503374614","municipality_code":"38213","municipality":"四国中央市","total_population":344,"population_65plus":65,"population_75plus":31,"aging_rate_65plus":0.18895348837209303,"aging_rate_75plus":0.09011627906976744,"population_status":"0","population_status_target":null,"population_aggregation_target":null,"age_65plus_missing":false,"age_75plus_missing":false,"age_quality_flag":"ok","data_completeness":"complete"}},{"type":"Feature","geometry":{"type":"Polygon","coordinates":[[[133.525,33.96666666666667],[133.53125,33.96666666666667],[133.53125,33.97083333333334],[133.525,33.97083333333334],[133.525,33.96666666666667]]]},"properties":{"type":"Feature","mesh_id":"503374621","municipality_code":"38213","municipality":"四国中央市","total_population":682,"population_65plus":214,"population_75plus":111,"aging_rate_65plus":0.31378299120234604,"aging_rate_75plus":0.1627565982404692,"population_status":"0","population_status_target":null,"population_aggregation_target":null,"age_65plus_missing":false,"age_75plus_missing":false,"age_quality_flag":"ok","data_completeness":"complete"}},{"type":"Feature","geometry":{"type":"Polygon","coordinates":[[[133.525,33.97083333333334],[133.53125,33.97083333333334],[133.53125,33.97500000000001],[133.525,33.97500000000001],[133.525,33.97083333333334]]]},"properties":{"type":"Feature","mesh_id":"503374622","municipality_code":"38213","municipality":"四国中央市","total_population":758,"population_65plus":188,"population_75plus":88,"aging_rate_65plus":0.24802110817941952,"aging_rate_75plus":0.11609498680738786,"population_status":"0","population_status_target":null,"population_aggregation_target":null,"age_65plus_missing":false,"age_75plus_missing":false,"age_quality_flag":"ok","data_completeness":"complete"}},{"type":"Feature","geometry":{"type":"Polygon","coordinates":[[[133.53125,33.96666666666667],[133.5375,33.96666666666667],[133.5375,33.97083333333334],[133.53125,33.97083333333334],[133.53125,33.96666666666667]]]},"properties":{"type":"Feature","mesh_id":"503374623","municipality_code":"38213","municipality":"四国中央市","total_population":555,"population_65plus":147,"population_75plus":73,"aging_rate_65plus":0.2648648648648649,"aging_rate_75plus":0.13153153153153152,"population_status":"0","population_status_target":null,"population_aggregation_target":null,"age_65plus_missing":false,"age_75plus_missing":false,"age_quality_flag":"ok","data_completeness":"complete"}},{"type":"Feature","geometry":{"type":"Polygon","coordinates":[[[133.53125,33.97083333333334],[133.5375,33.97083333333334],[133.5375,33.97500000000001],[133.53125,33.97500000000001],[133.53125,33.97083333333334]]]},"properties":{"type":"Feature","mesh_id":"503374624","municipality_code":"38213","municipality":"四国中央市","total_population":931,"population_65plus":215,"population_75plus":108,"aging_rate_65plus":0.23093447905477982,"aging_rate_75plus":0.11600429645542427,"population_status":"0","population_status_target":null,"population_aggregation_target":null,"age_65plus_missing":false,"age_75plus_missing":false,"age_quality_flag":"ok","data_completeness":"complete"}},{"type":"Feature","geometry":{"type":"Polygon","coordinates":[[[133.5375,33.96666666666667],[133.54375,33.96666666666667],[133.54375,33.97083333333334],[133.5375,33.97083333333334],[133.5375,33.96666666666667]]]},"properties":{"type":"Feature","mesh_id":"503374631","municipality_code":"38213","municipality":"四国中央市","total_population":155,"population_65plus":54,"population_75plus":23,"aging_rate_65plus":0.34838709677419355,"aging_rate_75plus":0.14838709677419354,"population_status":"0","population_status_target":null,"population_aggregation_target":null,"age_65plus_missing":false,"age_75plus_missing":false,"age_quality_flag":"ok","data_completeness":"complete"}},{"type":"Feature","geometry":{"type":"Polygon","coordinates":[[[133.5375,33.97083333333334],[133.54375,33.97083333333334],[133.54375,33.97500000000001],[133.5375,33.97500000000001],[133.5375,33.97083333333334]]]},"properties":{"type":"Feature","mesh_id":"503374632","municipality_code":"38213","municipality":"四国中央市","total_population":159,"population_65plus":64,"population_75plus":29,"aging_rate_65plus":0.4025157232704403,"aging_rate_75plus":0.18238993710691823,"population_status":"0","population_status_target":null,"population_aggregation_target":null,"age_65plus_missing":false,"age_75plus_missing":false,"age_quality_flag":"ok","data_completeness":"complete"}},{"type":"Feature","geometry":{"type":"Polygon","coordinates":[[[133.54375,33.96666666666667],[133.54999999999998,33.96666666666667],[133.54999999999998,33.97083333333334],[133.54375,33.97083333333334],[133.54375,33.96666666666667]]]},"properties":{"type":"Feature","mesh_id":"503374633","municipality_code":"38213","municipality":"四国中央市","total_population":863,"population_65plus":176,"population_75plus":88,"aging_rate_65plus":0.20393974507531865,"aging_rate_75plus":0.10196987253765932,"population_status":"0","population_status_target":null,"population_aggregation_target":null,"age_65plus_missing":false,"age_75plus_missing":false,"age_quality_flag":"ok","data_completeness":"complete"}},{"type":"Feature","geometry":{"type":"Polygon","coordinates":[[[133.54375,33.97083333333334],[133.54999999999998,33.97083333333334],[133.54999999999998,33.97500000000001],[133.54375,33.97500000000001],[133.54375,33.97083333333334]]]},"properties":{"type":"Feature","mesh_id":"503374634","municipality_code":"38213","municipality":"四国中央市","total_population":847,"population_65plus":192,"population_75plus":91,"aging_rate_65plus":0.22668240850059032,"aging_rate_75plus":0.10743801652892562,"population_status":"0","population_status_target":null,"population_aggregation_target":null,"age_65plus_missing":false,"age_75plus_missing":false,"age_quality_flag":"ok","data_completeness":"complete"}},{"type":"Feature","geometry":{"type":"Polygon","coordinates":[[[133.55,33.96666666666667],[133.55625,33.96666666666667],[133.55625,33.97083333333334],[133.55,33.97083333333334],[133.55,33.96666666666667]]]},"properties":{"type":"Feature","mesh_id":"503374641","municipality_code":"38213","municipality":"四国中央市","total_population":164,"population_65plus":126,"population_75plus":103,"aging_rate_65plus":0.7682926829268293,"aging_rate_75plus":0.6280487804878049,"population_status":"0","population_status_target":null,"population_aggregation_target":null,"age_65plus_missing":false,"age_75plus_missing":false,"age_quality_flag":"ok","data_completeness":"complete"}},{"type":"Feature","geometry":{"type":"Polygon","coordinates":[[[133.55625,33.96666666666667],[133.5625,33.96666666666667],[133.5625,33.97083333333334],[133.55625,33.97083333333334],[133.55625,33.96666666666667]]]},"properties":{"type":"Feature","mesh_id":"503374643","municipality_code":"38213","municipality":"四国中央市","total_population":693,"population_65plus":181,"population_75plus":81,"aging_rate_65plus":0.2611832611832612,"aging_rate_75plus":0.11688311688311688,"population_status":"0","population_status_target":null,"population_aggregation_target":null,"age_65plus_missing":false,"age_75plus_missing":false,"age_quality_flag":"ok","data_completeness":"complete"}},{"type":"Feature","geometry":{"type":"Polygon","coordinates":[[[133.55625,33.97083333333334],[133.5625,33.97083333333334],[133.5625,33.97500000000001],[133.55625,33.97500000000001],[133.55625,33.97083333333334]]]},"properties":{"type":"Feature","mesh_id":"503374644","municipality_code":"38213","municipality":"四国中央市","total_population":103,"population_65plus":27,"population_75plus":11,"aging_rate_65plus":0.2621359223300971,"aging_rate_75plus":0.10679611650485436,"population_status":"0","population_status_target":null,"population_aggregation_target":null,"age_65plus_missing":false,"age_75plus_missing":false,"age_quality_flag":"ok","data_completeness":"complete"}},{"type":"Feature","geometry":{"type":"Polygon","coordinates":[[[133.5625,33.96666666666667],[133.56875,33.96666666666667],[133.56875,33.97083333333334],[133.5625,33.97083333333334],[133.5625,33.96666666666667]]]},"properties":{"type":"Feature","mesh_id":"503374651","municipality_code":"38213","municipality":"四国中央市","total_population":11,"population_65plus":5,"population_75plus":1,"aging_rate_65plus":0.45454545454545453,"aging_rate_75plus":0.09090909090909091,"population_status":"0","population_status_target":null,"population_aggregation_target":null,"age_65plus_missing":false,"age_75plus_missing":false,"age_quality_flag":"ok","data_completeness":"complete"}},{"type":"Feature","geometry":{"type":"Polygon","coordinates":[[[133.5625,33.97083333333334],[133.56875,33.97083333333334],[133.56875,33.97500000000001],[133.5625,33.97500000000001],[133.5625,33.97083333333334]]]},"properties":{"type":"Feature","mesh_id":"503374652","municipality_code":"38213","municipality":"四国中央市","total_population":15,"population_65plus":10,"population_75plus":6,"aging_rate_65plus":0.6666666666666666,"aging_rate_75plus":0.4,"population_status":"0","population_status_target":null,"population_aggregation_target":null,"age_65plus_missing":false,"age_75plus_missing":false,"age_quality_flag":"ok","data_completeness":"complete"}},{"type":"Feature","geometry":{"type":"Polygon","coordinates":[[[133.56875,33.96666666666667],[133.575,33.96666666666667],[133.575,33.97083333333334],[133.56875,33.97083333333334],[133.56875,33.96666666666667]]]},"properties":{"type":"Feature","mesh_id":"503374653","municipality_code":"38213","municipality":"四国中央市","total_population":284,"population_65plus":115,"population_75plus":54,"aging_rate_65plus":0.40492957746478875,"aging_rate_75plus":0.19014084507042253,"population_status":"0","population_status_target":null,"population_aggregation_target":null,"age_65plus_missing":false,"age_75plus_missing":false,"age_quality_flag":"ok","data_completeness":"complete"}},{"type":"Feature","geometry":{"type":"Polygon","coordinates":[[[133.56875,33.97083333333334],[133.575,33.97083333333334],[133.575,33.97500000000001],[133.56875,33.97500000000001],[133.56875,33.97083333333334]]]},"properties":{"type":"Feature","mesh_id":"503374654","municipality_code":"38213","municipality":"四国中央市","total_population":193,"population_65plus":69,"population_75plus":37,"aging_rate_65plus":0.35751295336787564,"aging_rate_75plus":0.19170984455958548,"population_status":"0","population_status_target":null,"population_aggregation_target":null,"age_65plus_missing":false,"age_75plus_missing":false,"age_quality_flag":"ok","data_completeness":"complete"}},{"type":"Feature","geometry":{"type":"Polygon","coordinates":[[[133.575,33.96666666666667],[133.58124999999998,33.96666666666667],[133.58124999999998,33.97083333333334],[133.575,33.97083333333334],[133.575,33.96666666666667]]]},"properties":{"type":"Feature","mesh_id":"503374661","municipality_code":"38213","municipality":"四国中央市","total_population":4,"population_65plus":null,"population_75plus":null,"aging_rate_65plus":null,"aging_rate_75plus":null,"population_status":"2","population_status_target":"503374663","population_aggregation_target":null,"age_65plus_missing":true,"age_75plus_missing":true,"age_quality_flag":"ok","data_completeness":"partial"}},{"type":"Feature","geometry":{"type":"Polygon","coordinates":[[[133.575,33.97083333333334],[133.58124999999998,33.97083333333334],[133.58124999999998,33.97500000000001],[133.575,33.97500000000001],[133.575,33.97083333333334]]]},"properties":{"type":"Feature","mesh_id":"503374662","municipality_code":"38213","municipality":"四国中央市","total_population":9,"population_65plus":9,"population_75plus":3,"aging_rate_65plus":1.0,"aging_rate_75plus":0.3333333333333333,"population_status":"1","population_status_target":null,"population_aggregation_target":"503374664","age_65plus_missing":false,"age_75plus_missing":false,"age_quality_flag":"ok","data_completeness":"complete"}},{"type":"Feature","geometry":{"type":"Polygon","coordinates":[[[133.58124999999998,33.96666666666667],[133.58749999999998,33.96666666666667],[133.58749999999998,33.97083333333334],[133.58124999999998,33.97083333333334],[133.58124999999998,33.96666666666667]]]},"properties":{"type":"Feature","mesh_id":"503374663","municipality_code":"38213","municipality":"四国中央市","total_population":98,"population_65plus":28,"population_75plus":9,"aging_rate_65plus":0.2857142857142857,"aging_rate_75plus":0.09183673469387756,"population_status":"1","population_status_target":null,"population_aggregation_target":"503374661","age_65plus_missing":false,"age_75plus_missing":false,"age_quality_flag":"ok","data_completeness":"complete"}},{"type":"Feature","geometry":{"type":"Polygon","coordinates":[[[133.58124999999998,33.97083333333334],[133.58749999999998,33.97083333333334],[133.58749999999998,33.97500000000001],[133.58124999999998,33.97500000000001],[133.58124999999998,33.97083333333334]]]},"properties":{"type":"Feature","mesh_id":"503374664","municipality_code":"38213","municipality":"四国中央市","total_population":8,"population_65plus":null,"population_75plus":null,"aging_rate_65plus":null,"aging_rate_75plus":null,"population_status":"2","population_status_target":"503374662","population_aggregation_target":null,"age_65plus_missing":true,"age_75plus_missing":true,"age_quality_flag":"ok","data_completeness":"partial"}},{"type":"Feature","geometry":{"type":"Polygon","coordinates":[[[133.5875,33.96666666666667],[133.59375,33.96666666666667],[133.59375,33.97083333333334],[133.5875,33.97083333333334],[133.5875,33.96666666666667]]]},"properties":{"type":"Feature","mesh_id":"503374671","municipality_code":"38213","municipality":"四国中央市","total_population":7,"population_65plus":null,"population_75plus":null,"aging_rate_65plus":null,"aging_rate_75plus":null,"population_status":"2","population_status_target":"503374672","population_aggregation_target":null,"age_65plus_missing":true,"age_75plus_missing":true,"age_quality_flag":"ok","data_completeness":"partial"}},{"type":"Feature","geometry":{"type":"Polygon","coordinates":[[[133.5875,33.97083333333334],[133.59375,33.97083333333334],[133.59375,33.97500000000001],[133.5875,33.97500000000001],[133.5875,33.97083333333334]]]},"properties":{"type":"Feature","mesh_id":"503374672","municipality_code":"38213","municipality":"四国中央市","total_population":10,"population_65plus":null,"population_75plus":null,"aging_rate_65plus":null,"aging_rate_75plus":null,"population_status":"1","population_status_target":null,"population_aggregation_target":"503374671","age_65plus_missing":true,"age_75plus_missing":true,"age_quality_flag":"inconsistent_with_total","data_completeness":"partial"}},{"type":"Feature","geometry":{"type":"Polygon","coordinates":[[[133.525,33.975],[133.53125,33.975],[133.53125,33.97916666666667],[133.525,33.97916666666667],[133.525,33.975]]]},"properties":{"type":"Feature","mesh_id":"503374721","municipality_code":"38213","municipality":"四国中央市","total_population":715,"population_65plus":246,"population_75plus":128,"aging_rate_65plus":0.34405594405594403,"aging_rate_75plus":0.17902097902097902,"population_status":"0","population_status_target":null,"population_aggregation_target":null,"age_65plus_missing":false,"age_75plus_missing":false,"age_quality_flag":"ok","data_completeness":"complete"}},{"type":"Feature","geometry":{"type":"Polygon","coordinates":[[[133.525,33.97916666666667],[133.53125,33.97916666666667],[133.53125,33.98333333333334],[133.525,33.98333333333334],[133.525,33.97916666666667]]]},"properties":{"type":"Feature","mesh_id":"503374722","municipality_code":"38213","municipality":"四国中央市","total_population":1261,"population_65plus":594,"population_75plus":421,"aging_rate_65plus":0.4710547184773989,"aging_rate_75plus":0.3338620142743854,"population_status":"0","population_status_target":null,"population_aggregation_target":null,"age_65plus_missing":false,"age_75plus_missing":false,"age_quality_flag":"ok","data_completeness":"complete"}},{"type":"Feature","geometry":{"type":"Polygon","coordinates":[[[133.53125,33.97916666666667],[133.5375,33.97916666666667],[133.5375,33.98333333333334],[133.53125,33.98333333333334],[133.53125,33.97916666666667]]]},"properties":{"type":"Feature","mesh_id":"503374724","municipality_code":"38213","municipality":"四国中央市","total_population":681,"population_65plus":185,"population_75plus":74,"aging_rate_65plus":0.27165932452276065,"aging_rate_75plus":0.10866372980910426,"population_status":"0","population_status_target":null,"population_aggregation_target":null,"age_65plus_missing":false,"age_75plus_missing":false,"age_quality_flag":"ok","data_completeness":"complete"}},{"type":"Feature","geometry":{"type":"Polygon","coordinates":[[[133.5375,33.975],[133.54375,33.975],[133.54375,33.97916666666667],[133.5375,33.97916666666667],[133.5375,33.975]]]},"properties":{"type":"Feature","mesh_id":"503374731","municipality_code":"38213","municipality":"四国中央市","total_population":915,"population_65plus":273,"population_75plus":142,"aging_rate_65plus":0.2983606557377049,"aging_rate_75plus":0.1551912568306011,"population_status":"0","population_status_target":null,"population_aggregation_target":null,"age_65plus_missing":false,"age_75plus_missing":false,"age_quality_flag":"ok","data_completeness":"complete"}},{"type":"Feature","geometry":{"type":"Polygon","coordinates":[[[133.5375,33.97916666666667],[133.54375,33.97916666666667],[133.54375,33.98333333333334],[133.5375,33.98333333333334],[133.5375,33.97916666666667]]]},"properties":{"type":"Feature","mesh_id":"503374732","municipality_code":"38213","municipality":"四国中央市","total_population":483,"population_65plus":181,"population_75plus":80,"aging_rate_65plus":0.3747412008281574,"aging_rate_75plus":0.16563146997929606,"population_status":"0","population_status_target":null,"population_aggregation_target":null,"age_65plus_missing":false,"age_75plus_missing":false,"age_quality_flag":"ok","data_completeness":"complete"}},{"type":"Feature","geometry":{"type":"Polygon","coordinates":[[[133.54375,33.975],[133.54999999999998,33.975],[133.54999999999998,33.97916666666667],[133.54375,33.97916666666667],[133.54375,33.975]]]},"properties":{"type":"Feature","mesh_id":"503374733","municipality_code":"38213","municipality":"四国中央市","total_population":1213,"population_65plus":461,"population_75plus":263,"aging_rate_65plus":0.3800494641384996,"aging_rate_75plus":0.21681780708985984,"population_status":"0","population_status_target":null,"population_aggregation_target":null,"age_65plus_missing":false,"age_75plus_missing":false,"age_quality_flag":"ok","data_completeness":"complete"}},{"type":"Feature","geometry":{"type":"Polygon","coordinates":[[[133.54375,33.97916666666667],[133.54999999999998,33.97916666666667],[133.54999999999998,33.98333333333334],[133.54375,33.98333333333334],[133.54375,33.97916666666667]]]},"properties":{"type":"Feature","mesh_id":"503374734","municipality_code":"38213","municipality":"四国中央市","total_population":947,"population_65plus":384,"population_75plus":226,"aging_rate_65plus":0.40549102428722283,"aging_rate_75plus":0.23864836325237593,"population_status":"0","population_status_target":null,"population_aggregation_target":null,"age_65plus_missing":false,"age_75plus_missing":false,"age_quality_flag":"ok","data_completeness":"complete"}},{"type":"Feature","geometry":{"type":"Polygon","coordinates":[[[133.55,33.975],[133.55625,33.975],[133.55625,33.97916666666667],[133.55,33.97916666666667],[133.55,33.975]]]},"properties":{"type":"Feature","mesh_id":"503374741","municipality_code":"38213","municipality":"四国中央市","total_population":976,"population_65plus":222,"population_75plus":100,"aging_rate_65plus":0.22745901639344263,"aging_rate_75plus":0.10245901639344263,"population_status":"0","population_status_target":null,"population_aggregation_target":null,"age_65plus_missing":false,"age_75plus_missing":false,"age_quality_flag":"ok","data_completeness":"complete"}},{"type":"Feature","geometry":{"type":"Polygon","coordinates":[[[133.55,33.97916666666667],[133.55625,33.97916666666667],[133.55625,33.98333333333334],[133.55,33.98333333333334],[133.55,33.97916666666667]]]},"properties":{"type":"Feature","mesh_id":"503374742","municipality_code":"38213","municipality":"四国中央市","total_population":559,"population_65plus":111,"population_75plus":47,"aging_rate_65plus":0.19856887298747763,"aging_rate_75plus":0.08407871198568873,"population_status":"0","population_status_target":null,"population_aggregation_target":null,"age_65plus_missing":false,"age_75plus_missing":false,"age_quality_flag":"ok","data_completeness":"complete"}},{"type":"Feature","geometry":{"type":"Polygon","coordinates":[[[133.55625,33.975],[133.5625,33.975],[133.5625,33.97916666666667],[133.55625,33.97916666666667],[133.55625,33.975]]]},"properties":{"type":"Feature","mesh_id":"503374743","municipality_code":"38213","municipality":"四国中央市","total_population":729,"population_65plus":181,"population_75plus":97,"aging_rate_65plus":0.24828532235939643,"aging_rate_75plus":0.13305898491083676,"population_status":"0","population_status_target":null,"population_aggregation_target":null,"age_65plus_missing":false,"age_75plus_missing":false,"age_quality_flag":"ok","data_completeness":"complete"}},{"type":"Feature","geometry":{"type":"Polygon","coordinates":[[[133.55625,33.97916666666667],[133.5625,33.97916666666667],[133.5625,33.98333333333334],[133.55625,33.98333333333334],[133.55625,33.97916666666667]]]},"properties":{"type":"Feature","mesh_id":"503374744","municipality_code":"38213","municipality":"四国中央市","total_population":1225,"population_65plus":336,"population_75plus":194,"aging_rate_65plus":0.2742857142857143,"aging_rate_75plus":0.15836734693877552,"population_status":"0","population_status_target":null,"population_aggregation_target":null,"age_65plus_missing":false,"age_75plus_missing":false,"age_quality_flag":"ok","data_completeness":"complete"}},{"type":"Feature","geometry":{"type":"Polygon","coordinates":[[[133.5625,33.975],[133.56875,33.975],[133.56875,33.97916666666667],[133.5625,33.97916666666667],[133.5625,33.975]]]},"properties":{"type":"Feature","mesh_id":"503374751","municipality_code":"38213","municipality":"四国中央市","total_population":490,"population_65plus":120,"population_75plus":70,"aging_rate_65plus":0.24489795918367346,"aging_rate_75plus":0.14285714285714285,"population_status":"0","population_status_target":null,"population_aggregation_target":null,"age_65plus_missing":false,"age_75plus_missing":false,"age_quality_flag":"ok","data_completeness":"complete"}},{"type":"Feature","geometry":{"type":"Polygon","coordinates":[[[133.5625,33.97916666666667],[133.56875,33.97916666666667],[133.56875,33.98333333333334],[133.5625,33.98333333333334],[133.5625,33.97916666666667]]]},"properties":{"type":"Feature","mesh_id":"503374752","municipality_code":"38213","municipality":"四国中央市","total_population":78,"population_65plus":21,"population_75plus":10,"aging_rate_65plus":0.2692307692307692,"aging_rate_75plus":0.1282051282051282,"population_status":"0","population_status_target":null,"population_aggregation_target":null,"age_65plus_missing":false,"age_75plus_missing":false,"age_quality_flag":"ok","data_completeness":"complete"}},{"type":"Feature","geometry":{"type":"Polygon","coordinates":[[[133.56875,33.975],[133.575,33.975],[133.575,33.97916666666667],[133.56875,33.97916666666667],[133.56875,33.975]]]},"properties":{"type":"Feature","mesh_id":"503374753","municipality_code":"38213","municipality":"四国中央市","total_population":703,"population_65plus":153,"population_75plus":72,"aging_rate_65plus":0.21763869132290184,"aging_rate_75plus":0.10241820768136557,"population_status":"0","population_status_target":null,"population_aggregation_target":null,"age_65plus_missing":false,"age_75plus_missing":false,"age_quality_flag":"ok","data_completeness":"complete"}},{"type":"Feature","geometry":{"type":"Polygon","coordinates":[[[133.56875,33.97916666666667],[133.575,33.97916666666667],[133.575,33.98333333333334],[133.56875,33.98333333333334],[133.56875,33.97916666666667]]]},"properties":{"type":"Feature","mesh_id":"503374754","municipality_code":"38213","municipality":"四国中央市","total_population":465,"population_65plus":109,"population_75plus":45,"aging_rate_65plus":0.23440860215053763,"aging_rate_75plus":0.0967741935483871,"population_status":"0","population_status_target":null,"population_aggregation_target":null,"age_65plus_missing":false,"age_75plus_missing":false,"age_quality_flag":"ok","data_completeness":"complete"}},{"type":"Feature","geometry":{"type":"Polygon","coordinates":[[[133.575,33.975],[133.58124999999998,33.975],[133.58124999999998,33.97916666666667],[133.575,33.97916666666667],[133.575,33.975]]]},"properties":{"type":"Feature","mesh_id":"503374761","municipality_code":"38213","municipality":"四国中央市","total_population":251,"population_65plus":52,"population_75plus":16,"aging_rate_65plus":0.20717131474103587,"aging_rate_75plus":0.06374501992031872,"population_status":"0","population_status_target":null,"population_aggregation_target":null,"age_65plus_missing":false,"age_75plus_missing":false,"age_quality_flag":"ok","data_completeness":"complete"}},{"type":"Feature","geometry":{"type":"Polygon","coordinates":[[[133.575,33.97916666666667],[133.58124999999998,33.97916666666667],[133.58124999999998,33.98333333333334],[133.575,33.98333333333334],[133.575,33.97916666666667]]]},"properties":{"type":"Feature","mesh_id":"503374762","municipality_code":"38213","municipality":"四国中央市","total_population":101,"population_65plus":46,"population_75plus":17,"aging_rate_65plus":0.45544554455445546,"aging_rate_75plus":0.16831683168316833,"population_status":"0","population_status_target":null,"population_aggregation_target":null,"age_65plus_missing":false,"age_75plus_missing":false,"age_quality_flag":"ok","data_completeness":"complete"}},{"type":"Feature","geometry":{"type":"Polygon","coordinates":[[[133.58124999999998,33.975],[133.58749999999998,33.975],[133.58749999999998,33.97916666666667],[133.58124999999998,33.97916666666667],[133.58124999999998,33.975]]]},"properties":{"type":"Feature","mesh_id":"503374763","municipality_code":"38213","municipality":"四国中央市","total_population":379,"population_65plus":96,"population_75plus":39,"aging_rate_65plus":0.2532981530343008,"aging_rate_75plus":0.10290237467018469,"population_status":"0","population_status_target":null,"population_aggregation_target":null,"age_65plus_missing":false,"age_75plus_missing":false,"age_quality_flag":"ok","data_completeness":"complete"}},{"type":"Feature","geometry":{"type":"Polygon","coordinates":[[[133.58124999999998,33.97916666666667],[133.58749999999998,33.97916666666667],[133.58749999999998,33.98333333333334],[133.58124999999998,33.98333333333334],[133.58124999999998,33.97916666666667]]]},"properties":{"type":"Feature","mesh_id":"503374764","municipality_code":"38213","municipality":"四国中央市","total_population":221,"population_65plus":190,"population_75plus":152,"aging_rate_65plus":0.8597285067873304,"aging_rate_75plus":0.6877828054298643,"population_status":"0","population_status_target":null,"population_aggregation_target":null,"age_65plus_missing":false,"age_75plus_missing":false,"age_quality_flag":"ok","data_completeness":"complete"}},{"type":"Feature","geometry":{"type":"Polygon","coordinates":[[[133.5875,33.975],[133.59375,33.975],[133.59375,33.97916666666667],[133.5875,33.97916666666667],[133.5875,33.975]]]},"properties":{"type":"Feature","mesh_id":"503374771","municipality_code":"38213","municipality":"四国中央市","total_population":107,"population_65plus":55,"population_75plus":29,"aging_rate_65plus":0.514018691588785,"aging_rate_75plus":0.27102803738317754,"population_status":"0","population_status_target":null,"population_aggregation_target":null,"age_65plus_missing":false,"age_75plus_missing":false,"age_quality_flag":"ok","data_completeness":"complete"}},{"type":"Feature","geometry":{"type":"Polygon","coordinates":[[[133.5875,33.97916666666667],[133.59375,33.97916666666667],[133.59375,33.98333333333334],[133.5875,33.98333333333334],[133.5875,33.97916666666667]]]},"properties":{"type":"Feature","mesh_id":"503374772","municipality_code":"38213","municipality":"四国中央市","total_population":128,"population_65plus":47,"population_75plus":16,"aging_rate_65plus":0.3671875,"aging_rate_75plus":0.125,"population_status":"0","population_status_target":null,"population_aggregation_target":null,"age_65plus_missing":false,"age_75plus_missing":false,"age_quality_flag":"ok","data_completeness":"complete"}},{"type":"Feature","geometry":{"type":"Polygon","coordinates":[[[133.59375,33.975],[133.6,33.975],[133.6,33.97916666666667],[133.59375,33.97916666666667],[133.59375,33.975]]]},"properties":{"type":"Feature","mesh_id":"503374773","municipality_code":"38213","municipality":"四国中央市","total_population":21,"population_65plus":4,"population_75plus":2,"aging_rate_65plus":0.19047619047619047,"aging_rate_75plus":0.09523809523809523,"population_status":"0","population_status_target":null,"population_aggregation_target":null,"age_65plus_missing":false,"age_75plus_missing":false,"age_quality_flag":"ok","data_completeness":"complete"}},{"type":"Feature","geometry":{"type":"Polygon","coordinates":[[[133.59375,33.97916666666667],[133.6,33.97916666666667],[133.6,33.98333333333334],[133.59375,33.98333333333334],[133.59375,33.97916666666667]]]},"properties":{"type":"Feature","mesh_id":"503374774","municipality_code":"38213","municipality":"四国中央市","total_population":173,"population_65plus":72,"population_75plus":34,"aging_rate_65plus":0.4161849710982659,"aging_rate_75plus":0.19653179190751446,"population_status":"0","population_status_target":null,"population_aggregation_target":null,"age_65plus_missing":false,"age_75plus_missing":false,"age_quality_flag":"ok","data_completeness":"complete"}},{"type":"Feature","geometry":{"type":"Polygon","coordinates":[[[133.6,33.975],[133.60625,33.975],[133.60625,33.97916666666667],[133.6,33.97916666666667],[133.6,33.975]]]},"properties":{"type":"Feature","mesh_id":"503374781","municipality_code":"38213","municipality":"四国中央市","total_population":73,"population_65plus":31,"population_75plus":12,"aging_rate_65plus":0.4246575342465753,"aging_rate_75plus":0.1643835616438356,"population_status":"0","population_status_target":null,"population_aggregation_target":null,"age_65plus_missing":false,"age_75plus_missing":false,"age_quality_flag":"ok","data_completeness":"complete"}},{"type":"Feature","geometry":{"type":"Polygon","coordinates":[[[133.6,33.97916666666667],[133.60625,33.97916666666667],[133.60625,33.98333333333334],[133.6,33.98333333333334],[133.6,33.97916666666667]]]},"properties":{"type":"Feature","mesh_id":"503374782","municipality_code":"38213","municipality":"四国中央市","total_population":39,"population_65plus":22,"population_75plus":7,"aging_rate_65plus":0.5641025641025641,"aging_rate_75plus":0.1794871794871795,"population_status":"1","population_status_target":null,"population_aggregation_target":"503374784","age_65plus_missing":false,"age_75plus_missing":false,"age_quality_flag":"ok","data_completeness":"complete"}},{"type":"Feature","geometry":{"type":"Polygon","coordinates":[[[133.60625,33.975],[133.61249999999998,33.975],[133.61249999999998,33.97916666666667],[133.60625,33.97916666666667],[133.60625,33.975]]]},"properties":{"type":"Feature","mesh_id":"503374783","municipality_code":"38213","municipality":"四国中央市","total_population":151,"population_65plus":56,"population_75plus":23,"aging_rate_65plus":0.3708609271523179,"aging_rate_75plus":0.152317880794702,"population_status":"0","population_status_target":null,"population_aggregation_target":null,"age_65plus_missing":false,"age_75plus_missing":false,"age_quality_flag":"ok","data_completeness":"complete"}},{"type":"Feature","geometry":{"type":"Polygon","coordinates":[[[133.60625,33.97916666666667],[133.61249999999998,33.97916666666667],[133.61249999999998,33.98333333333334],[133.60625,33.98333333333334],[133.60625,33.97916666666667]]]},"properties":{"type":"Feature","mesh_id":"503374784","municipality_code":"38213","municipality":"四国中央市","total_population":8,"population_65plus":null,"population_75plus":null,"aging_rate_65plus":null,"aging_rate_75plus":null,"population_status":"2","population_status_target":"503374782","population_aggregation_target":null,"age_65plus_missing":true,"age_75plus_missing":true,"age_quality_flag":"ok","data_completeness":"partial"}},{"type":"Feature","geometry":{"type":"Polygon","coordinates":[[[133.6125,33.975],[133.61875,33.975],[133.61875,33.97916666666667],[133.6125,33.97916666666667],[133.6125,33.975]]]},"properties":{"type":"Feature","mesh_id":"503374791","municipality_code":"38213","municipality":"四国中央市","total_population":8,"population_65plus":null,"population_75plus":null,"aging_rate_65plus":null,"aging_rate_75plus":null,"population_status":"2","population_status_target":"503374793","population_aggregation_target":null,"age_65plus_missing":true,"age_75plus_missing":true,"age_quality_flag":"ok","data_completeness":"partial"}},{"type":"Feature","geometry":{"type":"Polygon","coordinates":[[[133.61875,33.975],[133.625,33.975],[133.625,33.97916666666667],[133.61875,33.97916666666667],[133.61875,33.975]]]},"properties":{"type":"Feature","mesh_id":"503374793","municipality_code":"38213","municipality":"四国中央市","total_population":29,"population_65plus":11,"population_75plus":4,"aging_rate_65plus":0.3793103448275862,"aging_rate_75plus":0.13793103448275862,"population_status":"1","population_status_target":null,"population_aggregation_target":"503374791","age_65plus_missing":false,"age_75plus_missing":false,"age_quality_flag":"ok","data_completeness":"complete"}},{"type":"Feature","geometry":{"type":"Polygon","coordinates":[[[133.61875,33.97916666666667],[133.625,33.97916666666667],[133.625,33.98333333333334],[133.61875,33.98333333333334],[133.61875,33.97916666666667]]]},"properties":{"type":"Feature","mesh_id":"503374794","municipality_code":"38213","municipality":"四国中央市","total_population":27,"population_65plus":12,"population_75plus":3,"aging_rate_65plus":0.4444444444444444,"aging_rate_75plus":0.1111111111111111,"population_status":"0","population_status_target":null,"population_aggregation_target":null,"age_65plus_missing":false,"age_75plus_missing":false,"age_quality_flag":"ok","data_completeness":"complete"}},{"type":"Feature","geometry":{"type":"Polygon","coordinates":[[[133.5375,33.98333333333334],[133.54375,33.98333333333334],[133.54375,33.98750000000001],[133.5375,33.98750000000001],[133.5375,33.98333333333334]]]},"properties":{"type":"Feature","mesh_id":"503374831","municipality_code":"38213","municipality":"四国中央市","total_population":336,"population_65plus":117,"population_75plus":52,"aging_rate_65plus":0.3482142857142857,"aging_rate_75plus":0.15476190476190477,"population_status":"0","population_status_target":null,"population_aggregation_target":null,"age_65plus_missing":false,"age_75plus_missing":false,"age_quality_flag":"ok","data_completeness":"complete"}},{"type":"Feature","geometry":{"type":"Polygon","coordinates":[[[133.54375,33.98750000000001],[133.54999999999998,33.98750000000001],[133.54999999999998,33.99166666666668],[133.54375,33.99166666666668],[133.54375,33.98750000000001]]]},"properties":{"type":"Feature","mesh_id":"503374834","municipality_code":"38213","municipality":"四国中央市","total_population":60,"population_65plus":8,"population_75plus":1,"aging_rate_65plus":0.13333333333333333,"aging_rate_75plus":0.016666666666666666,"population_status":"0","population_status_target":null,"population_aggregation_target":null,"age_65plus_missing":false,"age_75plus_missing":false,"age_quality_flag":"ok","data_completeness":"complete"}},{"type":"Feature","geometry":{"type":"Polygon","coordinates":[[[133.55,33.98333333333334],[133.55625,33.98333333333334],[133.55625,33.98750000000001],[133.55,33.98750000000001],[133.55,33.98333333333334]]]},"properties":{"type":"Feature","mesh_id":"503374841","municipality_code":"38213","municipality":"四国中央市","total_population":1347,"population_65plus":214,"population_75plus":122,"aging_rate_65plus":0.1588715664439495,"aging_rate_75plus":0.09057164068299926,"population_status":"0","population_status_target":null,"population_aggregation_target":null,"age_65plus_missing":false,"age_75plus_missing":false,"age_quality_flag":"ok","data_completeness":"complete"}},{"type":"Feature","geometry":{"type":"Polygon","coordinates":[[[133.55,33.98750000000001],[133.55625,33.98750000000001],[133.55625,33.99166666666668],[133.55,33.99166666666668],[133.55,33.98750000000001]]]},"properties":{"type":"Feature","mesh_id":"503374842","municipality_code":"38213","municipality":"四国中央市","total_population":912,"population_65plus":184,"population_75plus":92,"aging_rate_65plus":0.20175438596491227,"aging_rate_75plus":0.10087719298245613,"population_status":"0","population_status_target":null,"population_aggregation_target":null,"age_65plus_missing":false,"age_75plus_missing":false,"age_quality_flag":"ok","data_completeness":"complete"}},{"type":"Feature","geometry":{"type":"Polygon","coordinates":[[[133.55625,33.98333333333334],[133.5625,33.98333333333334],[133.5625,33.98750000000001],[133.55625,33.98750000000001],[133.55625,33.98333333333334]]]},"properties":{"type":"Feature","mesh_id":"503374843","municipality_code":"38213","municipality":"四国中央市","total_population":27,"population_65plus":8,"population_75plus":3,"aging_rate_65plus":0.2962962962962963,"aging_rate_75plus":0.1111111111111111,"population_status":"0","population_status_target":null,"population_aggregation_target":null,"age_65plus_missing":false,"age_75plus_missing":false,"age_quality_flag":"ok","data_completeness":"complete"}},{"type":"Feature","geometry":{"type":"Polygon","coordinates":[[[133.55625,33.98750000000001],[133.5625,33.98750000000001],[133.5625,33.99166666666668],[133.55625,33.99166666666668],[133.55625,33.98750000000001]]]},"properties":{"type":"Feature","mesh_id":"503374844","municipality_code":"38213","municipality":"四国中央市","total_population":562,"population_65plus":198,"population_75plus":109,"aging_rate_65plus":0.35231316725978645,"aging_rate_75plus":0.19395017793594305,"population_status":"0","population_status_target":null,"population_aggregation_target":null,"age_65plus_missing":false,"age_75plus_missing":false,"age_quality_flag":"ok","data_completeness":"complete"}},{"type":"Feature","geometry":{"type":"Polygon","coordinates":[[[133.5625,33.98333333333334],[133.56875,33.98333333333334],[133.56875,33.98750000000001],[133.5625,33.98750000000001],[133.5625,33.98333333333334]]]},"properties":{"type":"Feature","mesh_id":"503374851","municipality_code":"38213","municipality":"四国中央市","total_population":650,"population_65plus":150,"population_75plus":93,"aging_rate_65plus":0.23076923076923078,"aging_rate_75plus":0.14307692307692307,"population_status":"0","population_status_target":null,"population_aggregation_target":null,"age_65plus_missing":false,"age_75plus_missing":false,"age_quality_flag":"ok","data_completeness":"complete"}},{"type":"Feature","geometry":{"type":"Polygon","coordinates":[[[133.5625,33.98750000000001],[133.56875,33.98750000000001],[133.56875,33.99166666666668],[133.5625,33.99166666666668],[133.5625,33.98750000000001]]]},"properties":{"type":"Feature","mesh_id":"503374852","municipality_code":"38213","municipality":"四国中央市","total_population":542,"population_65plus":110,"population_75plus":54,"aging_rate_65plus":0.2029520295202952,"aging_rate_75plus":0.0996309963099631,"population_status":"0","population_status_target":null,"population_aggregation_target":null,"age_65plus_missing":false,"age_75plus_missing":false,"age_quality_flag":"ok","data_completeness":"complete"}},{"type":"Feature","geometry":{"type":"Polygon","coordinates":[[[133.56875,33.98333333333334],[133.575,33.98333333333334],[133.575,33.98750000000001],[133.56875,33.98750000000001],[133.56875,33.98333333333334]]]},"properties":{"type":"Feature","mesh_id":"503374853","municipality_code":"38213","municipality":"四国中央市","total_population":407,"population_65plus":70,"population_75plus":22,"aging_rate_65plus":0.171990171990172,"aging_rate_75plus":0.05405405405405406,"population_status":"0","population_status_target":null,"population_aggregation_target":null,"age_65plus_missing":false,"age_75plus_missing":false,"age_quality_flag":"ok","data_completeness":"complete"}},{"type":"Feature","geometry":{"type":"Polygon","coordinates":[[[133.56875,33.98750000000001],[133.575,33.98750000000001],[133.575,33.99166666666668],[133.56875,33.99166666666668],[133.56875,33.98750000000001]]]},"properties":{"type":"Feature","mesh_id":"503374854","municipality_code":"38213","municipality":"四国中央市","total_population":993,"population_65plus":163,"population_75plus":81,"aging_rate_65plus":0.16414904330312186,"aging_rate_75plus":0.08157099697885196,"population_status":"0","population_status_target":null,"population_aggregation_target":null,"age_65plus_missing":false,"age_75plus_missing":false,"age_quality_flag":"ok","data_completeness":"complete"}},{"type":"Feature","geometry":{"type":"Polygon","coordinates":[[[133.575,33.98333333333334],[133.58124999999998,33.98333333333334],[133.58124999999998,33.98750000000001],[133.575,33.98750000000001],[133.575,33.98333333333334]]]},"properties":{"type":"Feature","mesh_id":"503374861","municipality_code":"38213","municipality":"四国中央市","total_population":697,"population_65plus":152,"population_75plus":76,"aging_rate_65plus":0.21807747489239598,"aging_rate_75plus":0.10903873744619799,"population_status":"0","population_status_target":null,"population_aggregation_target":null,"age_65plus_missing":false,"age_75plus_missing":false,"age_quality_flag":"ok","data_completeness":"complete"}},{"type":"Feature","geometry":{"type":"Polygon","coordinates":[[[133.575,33.98750000000001],[133.58124999999998,33.98750000000001],[133.58124999999998,33.99166666666668],[133.575,33.99166666666668],[133.575,33.98750000000001]]]},"properties":{"type":"Feature","mesh_id":"503374862","municipality_code":"38213","municipality":"四国中央市","total_population":182,"population_65plus":64,"population_75plus":43,"aging_rate_65plus":0.3516483516483517,"aging_rate_75plus":0.23626373626373626,"population_status":"0","population_status_target":null,"population_aggregation_target":null,"age_65plus_missing":false,"age_75plus_missing":false,"age_quality_flag":"ok","data_completeness":"complete"}},{"type":"Feature","geometry":{"type":"Polygon","coordinates":[[[133.58124999999998,33.98333333333334],[133.58749999999998,33.98333333333334],[133.58749999999998,33.98750000000001],[133.58124999999998,33.98750000000001],[133.58124999999998,33.98333333333334]]]},"properties":{"type":"Feature","mesh_id":"503374863","municipality_code":"38213","municipality":"四国中央市","total_population":534,"population_65plus":135,"population_75plus":57,"aging_rate_65plus":0.25280898876404495,"aging_rate_75plus":0.10674157303370786,"population_status":"0","population_status_target":null,"population_aggregation_target":null,"age_65plus_missing":false,"age_75plus_missing":false,"age_quality_flag":"ok","data_completeness":"complete"}},{"type":"Feature","geometry":{"type":"Polygon","coordinates":[[[133.58124999999998,33.98750000000001],[133.58749999999998,33.98750000000001],[133.58749999999998,33.99166666666668],[133.58124999999998,33.99166666666668],[133.58124999999998,33.98750000000001]]]},"properties":{"type":"Feature","mesh_id":"503374864","municipality_code":"38213","municipality":"四国中央市","total_population":514,"population_65plus":107,"population_75plus":41,"aging_rate_65plus":0.20817120622568094,"aging_rate_75plus":0.07976653696498054,"population_status":"0","population_status_target":null,"population_aggregation_target":null,"age_65plus_missing":false,"age_75plus_missing":false,"age_quality_flag":"ok","data_completeness":"complete"}},{"type":"Feature","geometry":{"type":"Polygon","coordinates":[[[133.5875,33.98333333333334],[133.59375,33.98333333333334],[133.59375,33.98750000000001],[133.5875,33.98750000000001],[133.5875,33.98333333333334]]]},"properties":{"type":"Feature","mesh_id":"503374871","municipality_code":"38213","municipality":"四国中央市","total_population":20,"population_65plus":null,"population_75plus":null,"aging_rate_65plus":null,"aging_rate_75plus":null,"population_status":"2","population_status_target":"503374874","population_aggregation_target":null,"age_65plus_missing":true,"age_75plus_missing":true,"age_quality_flag":"ok","data_completeness":"partial"}},{"type":"Feature","geometry":{"type":"Polygon","coordinates":[[[133.5875,33.98750000000001],[133.59375,33.98750000000001],[133.59375,33.99166666666668],[133.5875,33.99166666666668],[133.5875,33.98750000000001]]]},"properties":{"type":"Feature","mesh_id":"503374872","municipality_code":"38213","municipality":"四国中央市","total_population":369,"population_65plus":129,"population_75plus":73,"aging_rate_65plus":0.34959349593495936,"aging_rate_75plus":0.1978319783197832,"population_status":"0","population_status_target":null,"population_aggregation_target":null,"age_65plus_missing":false,"age_75plus_missing":false,"age_quality_flag":"ok","data_completeness":"complete"}},{"type":"Feature","geometry":{"type":"Polygon","coordinates":[[[133.59375,33.98333333333334],[133.6,33.98333333333334],[133.6,33.98750000000001],[133.59375,33.98750000000001],[133.59375,33.98333333333334]]]},"properties":{"type":"Feature","mesh_id":"503374873","municipality_code":"38213","municipality":"四国中央市","total_population":378,"population_65plus":204,"population_75plus":157,"aging_rate_65plus":0.5396825396825397,"aging_rate_75plus":0.41534391534391535,"population_status":"0","population_status_target":null,"population_aggregation_target":null,"age_65plus_missing":false,"age_75plus_missing":false,"age_quality_flag":"ok","data_completeness":"complete"}},{"type":"Feature","geometry":{"type":"Polygon","coordinates":[[[133.59375,33.98750000000001],[133.6,33.98750000000001],[133.6,33.99166666666668],[133.59375,33.99166666666668],[133.59375,33.98750000000001]]]},"properties":{"type":"Feature","mesh_id":"503374874","municipality_code":"38213","municipality":"四国中央市","total_population":694,"population_65plus":279,"population_75plus":119,"aging_rate_65plus":0.4020172910662824,"aging_rate_75plus":0.17146974063400577,"population_status":"1","population_status_target":null,"population_aggregation_target":"503374871","age_65plus_missing":false,"age_75plus_missing":false,"age_quality_flag":"ok","data_completeness":"complete"}},{"type":"Feature","geometry":{"type":"Polygon","coordinates":[[[133.6,33.98333333333334],[133.60625,33.98333333333334],[133.60625,33.98750000000001],[133.6,33.98750000000001],[133.6,33.98333333333334]]]},"properties":{"type":"Feature","mesh_id":"503374881","municipality_code":"38213","municipality":"四国中央市","total_population":3,"population_65plus":null,"population_75plus":null,"aging_rate_65plus":null,"aging_rate_75plus":null,"population_status":"2","population_status_target":"503374882","population_aggregation_target":null,"age_65plus_missing":true,"age_75plus_missing":true,"age_quality_flag":"ok","data_completeness":"partial"}},{"type":"Feature","geometry":{"type":"Polygon","coordinates":[[[133.6,33.98750000000001],[133.60625,33.98750000000001],[133.60625,33.99166666666668],[133.6,33.99166666666668],[133.6,33.98750000000001]]]},"properties":{"type":"Feature","mesh_id":"503374882","municipality_code":"38213","municipality":"四国中央市","total_population":40,"population_65plus":14,"population_75plus":7,"aging_rate_65plus":0.35,"aging_rate_75plus":0.175,"population_status":"1","population_status_target":null,"population_aggregation_target":"503374881","age_65plus_missing":false,"age_75plus_missing":false,"age_quality_flag":"ok","data_completeness":"complete"}},{"type":"Feature","geometry":{"type":"Polygon","coordinates":[[[133.60625,33.98333333333334],[133.61249999999998,33.98333333333334],[133.61249999999998,33.98750000000001],[133.60625,33.98750000000001],[133.60625,33.98333333333334]]]},"properties":{"type":"Feature","mesh_id":"503374883","municipality_code":"38213","municipality":"四国中央市","total_population":122,"population_65plus":45,"population_75plus":23,"aging_rate_65plus":0.36885245901639346,"aging_rate_75plus":0.1885245901639344,"population_status":"0","population_status_target":null,"population_aggregation_target":null,"age_65plus_missing":false,"age_75plus_missing":false,"age_quality_flag":"ok","data_completeness":"complete"}},{"type":"Feature","geometry":{"type":"Polygon","coordinates":[[[133.60625,33.98750000000001],[133.61249999999998,33.98750000000001],[133.61249999999998,33.99166666666668],[133.60625,33.99166666666668],[133.60625,33.98750000000001]]]},"properties":{"type":"Feature","mesh_id":"503374884","municipality_code":"38213","municipality":"四国中央市","total_population":69,"population_65plus":28,"population_75plus":14,"aging_rate_65plus":0.4057971014492754,"aging_rate_75plus":0.2028985507246377,"population_status":"0","population_status_target":null,"population_aggregation_target":null,"age_65plus_missing":false,"age_75plus_missing":false,"age_quality_flag":"ok","data_completeness":"complete"}},{"type":"Feature","geometry":{"type":"Polygon","coordinates":[[[133.61875,33.98750000000001],[133.625,33.98750000000001],[133.625,33.99166666666668],[133.61875,33.99166666666668],[133.61875,33.98750000000001]]]},"properties":{"type":"Feature","mesh_id":"503374894","municipality_code":"38213","municipality":"四国中央市","total_population":43,"population_65plus":14,"population_75plus":7,"aging_rate_65plus":0.32558139534883723,"aging_rate_75plus":0.16279069767441862,"population_status":"0","population_status_target":null,"population_aggregation_target":null,"age_65plus_missing":false,"age_75plus_missing":false,"age_quality_flag":"ok","data_completeness":"complete"}},{"type":"Feature","geometry":{"type":"Polygon","coordinates":[[[133.55,33.995833333333344],[133.55625,33.995833333333344],[133.55625,34.000000000000014],[133.55,34.000000000000014],[133.55,33.995833333333344]]]},"properties":{"type":"Feature","mesh_id":"503374942","municipality_code":"38213","municipality":"四国中央市","total_population":510,"population_65plus":192,"population_75plus":90,"aging_rate_65plus":0.3764705882352941,"aging_rate_75plus":0.17647058823529413,"population_status":"0","population_status_target":null,"population_aggregation_target":null,"age_65plus_missing":false,"age_75plus_missing":false,"age_quality_flag":"ok","data_completeness":"complete"}},{"type":"Feature","geometry":{"type":"Polygon","coordinates":[[[133.55625,33.991666666666674],[133.5625,33.991666666666674],[133.5625,33.995833333333344],[133.55625,33.995833333333344],[133.55625,33.991666666666674]]]},"properties":{"type":"Feature","mesh_id":"503374943","municipality_code":"38213","municipality":"四国中央市","total_population":4,"population_65plus":null,"population_75plus":null,"aging_rate_65plus":null,"aging_rate_75plus":null,"population_status":"2","population_status_target":"503374944","population_aggregation_target":null,"age_65plus_missing":true,"age_75plus_missing":true,"age_quality_flag":"ok","data_completeness":"partial"}},{"type":"Feature","geometry":{"type":"Polygon","coordinates":[[[133.55625,33.995833333333344],[133.5625,33.995833333333344],[133.5625,34.000000000000014],[133.55625,34.000000000000014],[133.55625,33.995833333333344]]]},"properties":{"type":"Feature","mesh_id":"503374944","municipality_code":"38213","municipality":"四国中央市","total_population":241,"population_65plus":97,"population_75plus":45,"aging_rate_65plus":0.4024896265560166,"aging_rate_75plus":0.18672199170124482,"population_status":"1","population_status_target":null,"population_aggregation_target":"503374943","age_65plus_missing":false,"age_75plus_missing":false,"age_quality_flag":"ok","data_completeness":"complete"}},{"type":"Feature","geometry":{"type":"Polygon","coordinates":[[[133.5625,33.991666666666674],[133.56875,33.991666666666674],[133.56875,33.995833333333344],[133.5625,33.995833333333344],[133.5625,33.991666666666674]]]},"properties":{"type":"Feature","mesh_id":"503374951","municipality_code":"38213","municipality":"四国中央市","total_population":742,"population_65plus":132,"population_75plus":63,"aging_rate_65plus":0.1778975741239892,"aging_rate_75plus":0.08490566037735849,"population_status":"0","population_status_target":null,"population_aggregation_target":null,"age_65plus_missing":false,"age_75plus_missing":false,"age_quality_flag":"ok","data_completeness":"complete"}},{"type":"Feature","geometry":{"type":"Polygon","coordinates":[[[133.5625,33.995833333333344],[133.56875,33.995833333333344],[133.56875,34.000000000000014],[133.5625,34.000000000000014],[133.5625,33.995833333333344]]]},"properties":{"type":"Feature","mesh_id":"503374952","municipality_code":"38213","municipality":"四国中央市","total_population":681,"population_65plus":204,"population_75plus":97,"aging_rate_65plus":0.29955947136563876,"aging_rate_75plus":0.14243759177679882,"population_status":"0","population_status_target":null,"population_aggregation_target":null,"age_65plus_missing":false,"age_75plus_missing":false,"age_quality_flag":"ok","data_completeness":"complete"}},{"type":"Feature","geometry":{"type":"Polygon","coordinates":[[[133.56875,33.991666666666674],[133.575,33.991666666666674],[133.575,33.995833333333344],[133.56875,33.995833333333344],[133.56875,33.991666666666674]]]},"properties":{"type":"Feature","mesh_id":"503374953","municipality_code":"38213","municipality":"四国中央市","total_population":493,"population_65plus":158,"population_75plus":85,"aging_rate_65plus":0.3204868154158215,"aging_rate_75plus":0.1724137931034483,"population_status":"0","population_status_target":null,"population_aggregation_target":null,"age_65plus_missing":false,"age_75plus_missing":false,"age_quality_flag":"ok","data_completeness":"complete"}},{"type":"Feature","geometry":{"type":"Polygon","coordinates":[[[133.56875,33.995833333333344],[133.575,33.995833333333344],[133.575,34.000000000000014],[133.56875,34.000000000000014],[133.56875,33.995833333333344]]]},"properties":{"type":"Feature","mesh_id":"503374954","municipality_code":"38213","municipality":"四国中央市","total_population":782,"population_65plus":212,"population_75plus":100,"aging_rate_65plus":0.2710997442455243,"aging_rate_75plus":0.1278772378516624,"population_status":"0","population_status_target":null,"population_aggregation_target":null,"age_65plus_missing":false,"age_75plus_missing":false,"age_quality_flag":"ok","data_completeness":"complete"}},{"type":"Feature","geometry":{"type":"Polygon","coordinates":[[[133.575,33.991666666666674],[133.58124999999998,33.991666666666674],[133.58124999999998,33.995833333333344],[133.575,33.995833333333344],[133.575,33.991666666666674]]]},"properties":{"type":"Feature","mesh_id":"503374961","municipality_code":"38213","municipality":"四国中央市","total_population":471,"population_65plus":136,"population_75plus":69,"aging_rate_65plus":0.28874734607218683,"aging_rate_75plus":0.1464968152866242,"population_status":"0","population_status_target":null,"population_aggregation_target":null,"age_65plus_missing":false,"age_75plus_missing":false,"age_quality_flag":"ok","data_completeness":"complete"}},{"type":"Feature","geometry":{"type":"Polygon","coordinates":[[[133.575,33.995833333333344],[133.58124999999998,33.995833333333344],[133.58124999999998,34.000000000000014],[133.575,34.000000000000014],[133.575,33.995833333333344]]]},"properties":{"type":"Feature","mesh_id":"503374962","municipality_code":"38213","municipality":"四国中央市","total_population":640,"population_65plus":212,"population_75plus":106,"aging_rate_65plus":0.33125,"aging_rate_75plus":0.165625,"population_status":"0","population_status_target":null,"population_aggregation_target":null,"age_65plus_missing":false,"age_75plus_missing":false,"age_quality_flag":"ok","data_completeness":"complete"}},{"type":"Feature","geometry":{"type":"Polygon","coordinates":[[[133.58124999999998,33.991666666666674],[133.58749999999998,33.991666666666674],[133.58749999999998,33.995833333333344],[133.58124999999998,33.995833333333344],[133.58124999999998,33.991666666666674]]]},"properties":{"type":"Feature","mesh_id":"503374963","municipality_code":"38213","municipality":"四国中央市","total_population":1284,"population_65plus":393,"population_75plus":277,"aging_rate_65plus":0.3060747663551402,"aging_rate_75plus":0.21573208722741433,"population_status":"0","population_status_target":null,"population_aggregation_target":null,"age_65plus_missing":false,"age_75plus_missing":false,"age_quality_flag":"ok","data_completeness":"complete"}},{"type":"Feature","geometry":{"type":"Polygon","coordinates":[[[133.58124999999998,33.995833333333344],[133.58749999999998,33.995833333333344],[133.58749999999998,34.000000000000014],[133.58124999999998,34.000000000000014],[133.58124999999998,33.995833333333344]]]},"properties":{"type":"Feature","mesh_id":"503374964","municipality_code":"38213","municipality":"四国中央市","total_population":743,"population_65plus":278,"population_75plus":139,"aging_rate_65plus":0.37415881561238223,"aging_rate_75plus":0.18707940780619112,"population_status":"0","population_status_target":null,"population_aggregation_target":null,"age_65plus_missing":false,"age_75plus_missing":false,"age_quality_flag":"ok","data_completeness":"complete"}},{"type":"Feature","geometry":{"type":"Polygon","coordinates":[[[133.5875,33.991666666666674],[133.59375,33.991666666666674],[133.59375,33.995833333333344],[133.5875,33.995833333333344],[133.5875,33.991666666666674]]]},"properties":{"type":"Feature","mesh_id":"503374971","municipality_code":"38213","municipality":"四国中央市","total_population":520,"population_65plus":232,"population_75plus":116,"aging_rate_65plus":0.4461538461538462,"aging_rate_75plus":0.2230769230769231,"population_status":"0","population_status_target":null,"population_aggregation_target":null,"age_65plus_missing":false,"age_75plus_missing":false,"age_quality_flag":"ok","data_completeness":"complete"}},{"type":"Feature","geometry":{"type":"Polygon","coordinates":[[[133.5875,33.995833333333344],[133.59375,33.995833333333344],[133.59375,34.000000000000014],[133.5875,34.000000000000014],[133.5875,33.995833333333344]]]},"properties":{"type":"Feature","mesh_id":"503374972","municipality_code":"38213","municipality":"四国中央市","total_population":205,"population_65plus":40,"population_75plus":15,"aging_rate_65plus":0.1951219512195122,"aging_rate_75plus":0.07317073170731707,"population_status":"0","population_status_target":null,"population_aggregation_target":null,"age_65plus_missing":false,"age_75plus_missing":false,"age_quality_flag":"ok","data_completeness":"complete"}},{"type":"Feature","geometry":{"type":"Polygon","coordinates":[[[133.59375,33.991666666666674],[133.6,33.991666666666674],[133.6,33.995833333333344],[133.59375,33.995833333333344],[133.59375,33.991666666666674]]]},"properties":{"type":"Feature","mesh_id":"503374973","municipality_code":"38213","municipality":"四国中央市","total_population":291,"population_65plus":156,"population_75plus":69,"aging_rate_65plus":0.5360824742268041,"aging_rate_75plus":0.23711340206185566,"population_status":"0","population_status_target":null,"population_aggregation_target":null,"age_65plus_missing":false,"age_75plus_missing":false,"age_quality_flag":"ok","data_completeness":"complete"}},{"type":"Feature","geometry":{"type":"Polygon","coordinates":[[[133.6,33.991666666666674],[133.60625,33.991666666666674],[133.60625,33.995833333333344],[133.6,33.995833333333344],[133.6,33.991666666666674]]]},"properties":{"type":"Feature","mesh_id":"503374981","municipality_code":"38213","municipality":"四国中央市","total_population":259,"population_65plus":111,"population_75plus":57,"aging_rate_65plus":0.42857142857142855,"aging_rate_75plus":0.22007722007722008,"population_status":"0","population_status_target":null,"population_aggregation_target":null,"age_65plus_missing":false,"age_75plus_missing":false,"age_quality_flag":"ok","data_completeness":"complete"}},{"type":"Feature","geometry":{"type":"Polygon","coordinates":[[[133.6,33.995833333333344],[133.60625,33.995833333333344],[133.60625,34.000000000000014],[133.6,34.000000000000014],[133.6,33.995833333333344]]]},"properties":{"type":"Feature","mesh_id":"503374982","municipality_code":"38213","municipality":"四国中央市","total_population":309,"population_65plus":104,"population_75plus":52,"aging_rate_65plus":0.3365695792880259,"aging_rate_75plus":0.16828478964401294,"population_status":"0","population_status_target":null,"population_aggregation_target":null,"age_65plus_missing":false,"age_75plus_missing":false,"age_quality_flag":"ok","data_completeness":"complete"}},{"type":"Feature","geometry":{"type":"Polygon","coordinates":[[[133.60625,33.991666666666674],[133.61249999999998,33.991666666666674],[133.61249999999998,33.995833333333344],[133.60625,33.995833333333344],[133.60625,33.991666666666674]]]},"properties":{"type":"Feature","mesh_id":"503374983","municipality_code":"38213","municipality":"四国中央市","total_population":110,"population_65plus":16,"population_75plus":2,"aging_rate_65plus":0.14545454545454545,"aging_rate_75plus":0.01818181818181818,"population_status":"1","population_status_target":null,"population_aggregation_target":"503374984","age_65plus_missing":false,"age_75plus_missing":false,"age_quality_flag":"ok","data_completeness":"complete"}},{"type":"Feature","geometry":{"type":"Polygon","coordinates":[[[133.60625,33.995833333333344],[133.61249999999998,33.995833333333344],[133.61249999999998,34.000000000000014],[133.60625,34.000000000000014],[133.60625,33.995833333333344]]]},"properties":{"type":"Feature","mesh_id":"503374984","municipality_code":"38213","municipality":"四国中央市","total_population":2,"population_65plus":null,"population_75plus":null,"aging_rate_65plus":null,"aging_rate_75plus":null,"population_status":"2","population_status_target":"503374983","population_aggregation_target":null,"age_65plus_missing":true,"age_75plus_missing":true,"age_quality_flag":"ok","data_completeness":"partial"}},{"type":"Feature","geometry":{"type":"Polygon","coordinates":[[[133.6125,33.991666666666674],[133.61875,33.991666666666674],[133.61875,33.995833333333344],[133.6125,33.995833333333344],[133.6125,33.991666666666674]]]},"properties":{"type":"Feature","mesh_id":"503374991","municipality_code":"38213","municipality":"四国中央市","total_population":229,"population_65plus":77,"population_75plus":33,"aging_rate_65plus":0.33624454148471616,"aging_rate_75plus":0.14410480349344978,"population_status":"0","population_status_target":null,"population_aggregation_target":null,"age_65plus_missing":false,"age_75plus_missing":false,"age_quality_flag":"ok","data_completeness":"complete"}},{"type":"Feature","geometry":{"type":"Polygon","coordinates":[[[133.6125,33.995833333333344],[133.61875,33.995833333333344],[133.61875,34.000000000000014],[133.6125,34.000000000000014],[133.6125,33.995833333333344]]]},"properties":{"type":"Feature","mesh_id":"503374992","municipality_code":"38213","municipality":"四国中央市","total_population":81,"population_65plus":26,"population_75plus":16,"aging_rate_65plus":0.32098765432098764,"aging_rate_75plus":0.19753086419753085,"population_status":"0","population_status_target":null,"population_aggregation_target":null,"age_65plus_missing":false,"age_75plus_missing":false,"age_quality_flag":"ok","data_completeness":"complete"}},{"type":"Feature","geometry":{"type":"Polygon","coordinates":[[[133.61875,33.991666666666674],[133.625,33.991666666666674],[133.625,33.995833333333344],[133.61875,33.995833333333344],[133.61875,33.991666666666674]]]},"properties":{"type":"Feature","mesh_id":"503374993","municipality_code":"38213","municipality":"四国中央市","total_population":59,"population_65plus":22,"population_75plus":12,"aging_rate_65plus":0.3728813559322034,"aging_rate_75plus":0.2033898305084746,"population_status":"0","population_status_target":null,"population_aggregation_target":null,"age_65plus_missing":false,"age_75plus_missing":false,"age_quality_flag":"ok","data_completeness":"complete"}},{"type":"Feature","geometry":{"type":"Polygon","coordinates":[[[133.61875,33.995833333333344],[133.625,33.995833333333344],[133.625,34.000000000000014],[133.61875,34.000000000000014],[133.61875,33.995833333333344]]]},"properties":{"type":"Feature","mesh_id":"503374994","municipality_code":"38213","municipality":"四国中央市","total_population":46,"population_65plus":17,"population_75plus":7,"aging_rate_65plus":0.3695652173913043,"aging_rate_75plus":0.15217391304347827,"population_status":"0","population_status_target":null,"population_aggregation_target":null,"age_65plus_missing":false,"age_75plus_missing":false,"age_quality_flag":"ok","data_completeness":"complete"}},{"type":"Feature","geometry":{"type":"Polygon","coordinates":[[[133.6375,33.91666666666667],[133.64374999999998,33.91666666666667],[133.64374999999998,33.92083333333334],[133.6375,33.92083333333334],[133.6375,33.91666666666667]]]},"properties":{"type":"Feature","mesh_id":"503375011","municipality_code":"38213","municipality":"四国中央市","total_population":38,"population_65plus":29,"population_75plus":21,"aging_rate_65plus":0.7631578947368421,"aging_rate_75plus":0.5526315789473685,"population_status":"1","population_status_target":null,"population_aggregation_target":"503375012;503375014;503375021","age_65plus_missing":false,"age_75plus_missing":false,"age_quality_flag":"ok","data_completeness":"complete"}},{"type":"Feature","geometry":{"type":"Polygon","coordinates":[[[133.6375,33.92083333333334],[133.64374999999998,33.92083333333334],[133.64374999999998,33.92500000000001],[133.6375,33.92500000000001],[133.6375,33.92083333333334]]]},"properties":{"type":"Feature","mesh_id":"503375012","municipality_code":"38213","municipality":"四国中央市","total_population":3,"population_65plus":null,"population_75plus":null,"aging_rate_65plus":null,"aging_rate_75plus":null,"population_status":"2","population_status_target":"503375011","population_aggregation_target":null,"age_65plus_missing":true,"age_75plus_missing":true,"age_quality_flag":"ok","data_completeness":"partial"}},{"type":"Feature","geometry":{"type":"Polygon","coordinates":[[[133.64374999999998,33.91666666666667],[133.64999999999998,33.91666666666667],[133.64999999999998,33.92083333333334],[133.64374999999998,33.92083333333334],[133.64374999999998,33.91666666666667]]]},"properties":{"type":"Feature","mesh_id":"503375013","municipality_code":"38213","municipality":"四国中央市","total_population":22,"population_65plus":4,"population_75plus":3,"aging_rate_65plus":0.18181818181818182,"aging_rate_75plus":0.13636363636363635,"population_status":"0","population_status_target":null,"population_aggregation_target":null,"age_65plus_missing":false,"age_75plus_missing":false,"age_quality_flag":"ok","data_completeness":"complete"}},{"type":"Feature","geometry":{"type":"Polygon","coordinates":[[[133.64374999999998,33.92083333333334],[133.64999999999998,33.92083333333334],[133.64999999999998,33.92500000000001],[133.64374999999998,33.92500000000001],[133.64374999999998,33.92083333333334]]]},"properties":{"type":"Feature","mesh_id":"503375014","municipality_code":"38213","municipality":"四国中央市","total_population":7,"population_65plus":null,"population_75plus":null,"aging_rate_65plus":null,"aging_rate_75plus":null,"population_status":"2","population_status_target":"503375011","population_aggregation_target":null,"age_65plus_missing":true,"age_75plus_missing":true,"age_quality_flag":"ok","data_completeness":"partial"}},{"type":"Feature","geometry":{"type":"Polygon","coordinates":[[[133.65,33.91666666666667],[133.65625,33.91666666666667],[133.65625,33.92083333333334],[133.65,33.92083333333334],[133.65,33.91666666666667]]]},"properties":{"type":"Feature","mesh_id":"503375021","municipality_code":"38213","municipality":"四国中央市","total_population":2,"population_65plus":null,"population_75plus":null,"aging_rate_65plus":null,"aging_rate_75plus":null,"population_status":"2","population_status_target":"503375011","population_aggregation_target":null,"age_65plus_missing":true,"age_75plus_missing":true,"age_quality_flag":"ok","data_completeness":"partial"}},{"type":"Feature","geometry":{"type":"Polygon","coordinates":[[[133.63125,33.925000000000004],[133.6375,33.925000000000004],[133.6375,33.929166666666674],[133.63125,33.929166666666674],[133.63125,33.925000000000004]]]},"properties":{"type":"Feature","mesh_id":"503375103","municipality_code":"38213","municipality":"四国中央市","total_population":7,"population_65plus":null,"population_75plus":null,"aging_rate_65plus":null,"aging_rate_75plus":null,"population_status":"2","population_status_target":"503375104","population_aggregation_target":null,"age_65plus_missing":true,"age_75plus_missing":true,"age_quality_flag":"ok","data_completeness":"partial"}},{"type":"Feature","geometry":{"type":"Polygon","coordinates":[[[133.63125,33.929166666666674],[133.6375,33.929166666666674],[133.6375,33.933333333333344],[133.63125,33.933333333333344],[133.63125,33.929166666666674]]]},"properties":{"type":"Feature","mesh_id":"503375104","municipality_code":"38213","municipality":"四国中央市","total_population":2,"population_65plus":null,"population_75plus":null,"aging_rate_65plus":null,"aging_rate_75plus":null,"population_status":"1","population_status_target":null,"population_aggregation_target":"503375103","age_65plus_missing":true,"age_75plus_missing":true,"age_quality_flag":"inconsistent_with_total","data_completeness":"partial"}},{"type":"Feature","geometry":{"type":"Polygon","coordinates":[[[133.6375,33.925000000000004],[133.64374999999998,33.925000000000004],[133.64374999999998,33.929166666666674],[133.6375,33.929166666666674],[133.6375,33.925000000000004]]]},"properties":{"type":"Feature","mesh_id":"503375111","municipality_code":"38213","municipality":"四国中央市","total_population":12,"population_65plus":9,"population_75plus":3,"aging_rate_65plus":0.75,"aging_rate_75plus":0.25,"population_status":"1","population_status_target":null,"population_aggregation_target":"503375112","age_65plus_missing":false,"age_75plus_missing":false,"age_quality_flag":"ok","data_completeness":"complete"}},{"type":"Feature","geometry":{"type":"Polygon","coordinates":[[[133.6375,33.929166666666674],[133.64374999999998,33.929166666666674],[133.64374999999998,33.933333333333344],[133.6375,33.933333333333344],[133.6375,33.929166666666674]]]},"properties":{"type":"Feature","mesh_id":"503375112","municipality_code":"38213","municipality":"四国中央市","total_population":3,"population_65plus":null,"population_75plus":null,"aging_rate_65plus":null,"aging_rate_75plus":null,"population_status":"2","population_status_target":"503375111","population_aggregation_target":null,"age_65plus_missing":true,"age_75plus_missing":true,"age_quality_flag":"ok","data_completeness":"partial"}},{"type":"Feature","geometry":{"type":"Polygon","coordinates":[[[133.625,33.93750000000001],[133.63125,33.93750000000001],[133.63125,33.94166666666668],[133.625,33.94166666666668],[133.625,33.93750000000001]]]},"properties":{"type":"Feature","mesh_id":"503375202","municipality_code":"38213","municipality":"四国中央市","total_population":53,"population_65plus":23,"population_75plus":12,"aging_rate_65plus":0.4339622641509434,"aging_rate_75plus":0.22641509433962265,"population_status":"0","population_status_target":null,"population_aggregation_target":null,"age_65plus_missing":false,"age_75plus_missing":false,"age_quality_flag":"ok","data_completeness":"complete"}},{"type":"Feature","geometry":{"type":"Polygon","coordinates":[[[133.63125,33.93750000000001],[133.6375,33.93750000000001],[133.6375,33.94166666666668],[133.63125,33.94166666666668],[133.63125,33.93750000000001]]]},"properties":{"type":"Feature","mesh_id":"503375204","municipality_code":"38213","municipality":"四国中央市","total_population":38,"population_65plus":20,"population_75plus":8,"aging_rate_65plus":0.5263157894736842,"aging_rate_75plus":0.21052631578947367,"population_status":"0","population_status_target":null,"population_aggregation_target":null,"age_65plus_missing":false,"age_75plus_missing":false,"age_quality_flag":"ok","data_completeness":"complete"}},{"type":"Feature","geometry":{"type":"Polygon","coordinates":[[[133.6375,33.93333333333334],[133.64374999999998,33.93333333333334],[133.64374999999998,33.93750000000001],[133.6375,33.93750000000001],[133.6375,33.93333333333334]]]},"properties":{"type":"Feature","mesh_id":"503375211","municipality_code":"38213","municipality":"四国中央市","total_population":9,"population_65plus":null,"population_75plus":null,"aging_rate_65plus":null,"aging_rate_75plus":null,"population_status":"2","population_status_target":"503375213","population_aggregation_target":null,"age_65plus_missing":true,"age_75plus_missing":true,"age_quality_flag":"ok","data_completeness":"partial"}},{"type":"Feature","geometry":{"type":"Polygon","coordinates":[[[133.64374999999998,33.93333333333334],[133.64999999999998,33.93333333333334],[133.64999999999998,33.93750000000001],[133.64374999999998,33.93750000000001],[133.64374999999998,33.93333333333334]]]},"properties":{"type":"Feature","mesh_id":"503375213","municipality_code":"38213","municipality":"四国中央市","total_population":11,"population_65plus":null,"population_75plus":null,"aging_rate_65plus":null,"aging_rate_75plus":null,"population_status":"1","population_status_target":null,"population_aggregation_target":"503375211;503375214;503375223","age_65plus_missing":true,"age_75plus_missing":true,"age_quality_flag":"inconsistent_with_total","data_completeness":"partial"}},{"type":"Feature","geometry":{"type":"Polygon","coordinates":[[[133.64374999999998,33.93750000000001],[133.64999999999998,33.93750000000001],[133.64999999999998,33.94166666666668],[133.64374999999998,33.94166666666668],[133.64374999999998,33.93750000000001]]]},"properties":{"type":"Feature","mesh_id":"503375214","municipality_code":"38213","municipality":"四国中央市","total_population":6,"population_65plus":null,"population_75plus":null,"aging_rate_65plus":null,"aging_rate_75plus":null,"population_status":"2","population_status_target":"503375213","population_aggregation_target":null,"age_65plus_missing":true,"age_75plus_missing":true,"age_quality_flag":"ok","data_completeness":"partial"}},{"type":"Feature","geometry":{"type":"Polygon","coordinates":[[[133.65625,33.93333333333334],[133.6625,33.93333333333334],[133.6625,33.93750000000001],[133.65625,33.93750000000001],[133.65625,33.93333333333334]]]},"properties":{"type":"Feature","mesh_id":"503375223","municipality_code":"38213","municipality":"四国中央市","total_population":4,"population_65plus":null,"population_75plus":null,"aging_rate_65plus":null,"aging_rate_75plus":null,"population_status":"2","population_status_target":"503375213","population_aggregation_target":null,"age_65plus_missing":true,"age_75plus_missing":true,"age_quality_flag":"ok","data_completeness":"partial"}},{"type":"Feature","geometry":{"type":"Polygon","coordinates":[[[133.625,33.94583333333334],[133.63125,33.94583333333334],[133.63125,33.95000000000001],[133.625,33.95000000000001],[133.625,33.94583333333334]]]},"properties":{"type":"Feature","mesh_id":"503375302","municipality_code":"38213","municipality":"四国中央市","total_population":5,"population_65plus":null,"population_75plus":null,"aging_rate_65plus":null,"aging_rate_75plus":null,"population_status":"2","population_status_target":"503375304","population_aggregation_target":null,"age_65plus_missing":true,"age_75plus_missing":true,"age_quality_flag":"ok","data_completeness":"partial"}},{"type":"Feature","geometry":{"type":"Polygon","coordinates":[[[133.63125,33.94583333333334],[133.6375,33.94583333333334],[133.6375,33.95000000000001],[133.63125,33.95000000000001],[133.63125,33.94583333333334]]]},"properties":{"type":"Feature","mesh_id":"503375304","municipality_code":"38213","municipality":"四国中央市","total_population":15,"population_65plus":5,"population_75plus":2,"aging_rate_65plus":0.3333333333333333,"aging_rate_75plus":0.13333333333333333,"population_status":"1","population_status_target":null,"population_aggregation_target":"503375302","age_65plus_missing":false,"age_75plus_missing":false,"age_quality_flag":"ok","data_completeness":"complete"}},{"type":"Feature","geometry":{"type":"Polygon","coordinates":[[[133.6375,33.94166666666667],[133.64374999999998,33.94166666666667],[133.64374999999998,33.94583333333334],[133.6375,33.94583333333334],[133.6375,33.94166666666667]]]},"properties":{"type":"Feature","mesh_id":"503375311","municipality_code":"38213","municipality":"四国中央市","total_population":39,"population_65plus":22,"population_75plus":11,"aging_rate_65plus":0.5641025641025641,"aging_rate_75plus":0.28205128205128205,"population_status":"0","population_status_target":null,"population_aggregation_target":null,"age_65plus_missing":false,"age_75plus_missing":false,"age_quality_flag":"ok","data_completeness":"complete"}},{"type":"Feature","geometry":{"type":"Polygon","coordinates":[[[133.6375,33.94583333333334],[133.64374999999998,33.94583333333334],[133.64374999999998,33.95000000000001],[133.6375,33.95000000000001],[133.6375,33.94583333333334]]]},"properties":{"type":"Feature","mesh_id":"503375312","municipality_code":"38213","municipality":"四国中央市","total_population":14,"population_65plus":8,"population_75plus":6,"aging_rate_65plus":0.5714285714285714,"aging_rate_75plus":0.42857142857142855,"population_status":"1","population_status_target":null,"population_aggregation_target":"503375314","age_65plus_missing":false,"age_75plus_missing":false,"age_quality_flag":"ok","data_completeness":"complete"}},{"type":"Feature","geometry":{"type":"Polygon","coordinates":[[[133.64374999999998,33.94166666666667],[133.64999999999998,33.94166666666667],[133.64999999999998,33.94583333333334],[133.64374999999998,33.94583333333334],[133.64374999999998,33.94166666666667]]]},"properties":{"type":"Feature","mesh_id":"503375313","municipality_code":"38213","municipality":"四国中央市","total_population":69,"population_65plus":39,"population_75plus":25,"aging_rate_65plus":0.5652173913043478,"aging_rate_75plus":0.36231884057971014,"population_status":"0","population_status_target":null,"population_aggregation_target":null,"age_65plus_missing":false,"age_75plus_missing":false,"age_quality_flag":"ok","data_completeness":"complete"}},{"type":"Feature","geometry":{"type":"Polygon","coordinates":[[[133.64374999999998,33.94583333333334],[133.64999999999998,33.94583333333334],[133.64999999999998,33.95000000000001],[133.64374999999998,33.95000000000001],[133.64374999999998,33.94583333333334]]]},"properties":{"type":"Feature","mesh_id":"503375314","municipality_code":"38213","municipality":"四国中央市","total_population":3,"population_65plus":null,"population_75plus":null,"aging_rate_65plus":null,"aging_rate_75plus":null,"population_status":"2","population_status_target":"503375312","population_aggregation_target":null,"age_65plus_missing":true,"age_75plus_missing":true,"age_quality_flag":"ok","data_completeness":"partial"}},{"type":"Feature","geometry":{"type":"Polygon","coordinates":[[[133.65,33.94166666666667],[133.65625,33.94166666666667],[133.65625,33.94583333333334],[133.65,33.94583333333334],[133.65,33.94166666666667]]]},"properties":{"type":"Feature","mesh_id":"503375321","municipality_code":"38213","municipality":"四国中央市","total_population":5,"population_65plus":null,"population_75plus":null,"aging_rate_65plus":null,"aging_rate_75plus":null,"population_status":"1","population_status_target":null,"population_aggregation_target":"503375323;503375324","age_65plus_missing":true,"age_75plus_missing":true,"age_quality_flag":"inconsistent_with_total","data_completeness":"partial"}},{"type":"Feature","geometry":{"type":"Polygon","coordinates":[[[133.65625,33.94166666666667],[133.6625,33.94166666666667],[133.6625,33.94583333333334],[133.65625,33.94583333333334],[133.65625,33.94166666666667]]]},"properties":{"type":"Feature","mesh_id":"503375323","municipality_code":"38213","municipality":"四国中央市","total_population":13,"population_65plus":null,"population_75plus":null,"aging_rate_65plus":null,"aging_rate_75plus":null,"population_status":"2","population_status_target":"503375321","population_aggregation_target":null,"age_65plus_missing":true,"age_75plus_missing":true,"age_quality_flag":"ok","data_completeness":"partial"}},{"type":"Feature","geometry":{"type":"Polygon","coordinates":[[[133.65625,33.94583333333334],[133.6625,33.94583333333334],[133.6625,33.95000000000001],[133.65625,33.95000000000001],[133.65625,33.94583333333334]]]},"properties":{"type":"Feature","mesh_id":"503375324","municipality_code":"38213","municipality":"四国中央市","total_population":2,"population_65plus":null,"population_75plus":null,"aging_rate_65plus":null,"aging_rate_75plus":null,"population_status":"2","population_status_target":"503375321","population_aggregation_target":null,"age_65plus_missing":true,"age_75plus_missing":true,"age_quality_flag":"ok","data_completeness":"partial"}},{"type":"Feature","geometry":{"type":"Polygon","coordinates":[[[133.6625,33.94583333333334],[133.66875,33.94583333333334],[133.66875,33.95000000000001],[133.6625,33.95000000000001],[133.6625,33.94583333333334]]]},"properties":{"type":"Feature","mesh_id":"503375332","municipality_code":"38213","municipality":"四国中央市","total_population":3,"population_65plus":null,"population_75plus":null,"aging_rate_65plus":null,"aging_rate_75plus":null,"population_status":"2","population_status_target":"503375333","population_aggregation_target":null,"age_65plus_missing":true,"age_75plus_missing":true,"age_quality_flag":"ok","data_completeness":"partial"}},{"type":"Feature","geometry":{"type":"Polygon","coordinates":[[[133.66875,33.94166666666667],[133.67499999999998,33.94166666666667],[133.67499999999998,33.94583333333334],[133.66875,33.94583333333334],[133.66875,33.94166666666667]]]},"properties":{"type":"Feature","mesh_id":"503375333","municipality_code":"38213","municipality":"四国中央市","total_population":9,"population_65plus":null,"population_75plus":null,"aging_rate_65plus":null,"aging_rate_75plus":null,"population_status":"1","population_status_target":null,"population_aggregation_target":"503375332;503375334","age_65plus_missing":true,"age_75plus_missing":true,"age_quality_flag":"inconsistent_with_total","data_completeness":"partial"}},{"type":"Feature","geometry":{"type":"Polygon","coordinates":[[[133.66875,33.94583333333334],[133.67499999999998,33.94583333333334],[133.67499999999998,33.95000000000001],[133.66875,33.95000000000001],[133.66875,33.94583333333334]]]},"properties":{"type":"Feature","mesh_id":"503375334","municipality_code":"38213","municipality":"四国中央市","total_population":8,"population_65plus":null,"population_75plus":null,"aging_rate_65plus":null,"aging_rate_75plus":null,"population_status":"2","population_status_target":"503375333","population_aggregation_target":null,"age_65plus_missing":true,"age_75plus_missing":true,"age_quality_flag":"ok","data_completeness":"partial"}},{"type":"Feature","geometry":{"type":"Polygon","coordinates":[[[133.675,33.94166666666667],[133.68125,33.94166666666667],[133.68125,33.94583333333334],[133.675,33.94583333333334],[133.675,33.94166666666667]]]},"properties":{"type":"Feature","mesh_id":"503375341","municipality_code":"38213","municipality":"四国中央市","total_population":6,"population_65plus":null,"population_75plus":null,"aging_rate_65plus":null,"aging_rate_75plus":null,"population_status":"2","population_status_target":"503375342","population_aggregation_target":null,"age_65plus_missing":true,"age_75plus_missing":true,"age_quality_flag":"ok","data_completeness":"partial"}},{"type":"Feature","geometry":{"type":"Polygon","coordinates":[[[133.675,33.94583333333334],[133.68125,33.94583333333334],[133.68125,33.95000000000001],[133.675,33.95000000000001],[133.675,33.94583333333334]]]},"properties":{"type":"Feature","mesh_id":"503375342","municipality_code":"38213","municipality":"四国中央市","total_population":7,"population_65plus":6,"population_75plus":3,"aging_rate_65plus":0.8571428571428571,"aging_rate_75plus":0.42857142857142855,"population_status":"1","population_status_target":null,"population_aggregation_target":"503375341","age_65plus_missing":false,"age_75plus_missing":false,"age_quality_flag":"ok","data_completeness":"complete"}},{"type":"Feature","geometry":{"type":"Polygon","coordinates":[[[133.68125,33.94166666666667],[133.6875,33.94166666666667],[133.6875,33.94583333333334],[133.68125,33.94583333333334],[133.68125,33.94166666666667]]]},"properties":{"type":"Feature","mesh_id":"503375343","municipality_code":"38213","municipality":"四国中央市","total_population":28,"population_65plus":20,"population_75plus":14,"aging_rate_65plus":0.7142857142857143,"aging_rate_75plus":0.5,"population_status":"0","population_status_target":null,"population_aggregation_target":null,"age_65plus_missing":false,"age_75plus_missing":false,"age_quality_flag":"ok","data_completeness":"complete"}},{"type":"Feature","geometry":{"type":"Polygon","coordinates":[[[133.68125,33.94583333333334],[133.6875,33.94583333333334],[133.6875,33.95000000000001],[133.68125,33.95000000000001],[133.68125,33.94583333333334]]]},"properties":{"type":"Feature","mesh_id":"503375344","municipality_code":"38213","municipality":"四国中央市","total_population":13,"population_65plus":7,"population_75plus":5,"aging_rate_65plus":0.5384615384615384,"aging_rate_75plus":0.38461538461538464,"population_status":"0","population_status_target":null,"population_aggregation_target":null,"age_65plus_missing":false,"age_75plus_missing":false,"age_quality_flag":"ok","data_completeness":"complete"}},{"type":"Feature","geometry":{"type":"Polygon","coordinates":[[[133.6875,33.94166666666667],[133.69375,33.94166666666667],[133.69375,33.94583333333334],[133.6875,33.94583333333334],[133.6875,33.94166666666667]]]},"properties":{"type":"Feature","mesh_id":"503375351","municipality_code":"38213","municipality":"四国中央市","total_population":9,"population_65plus":null,"population_75plus":null,"aging_rate_65plus":null,"aging_rate_75plus":null,"population_status":"2","population_status_target":"503375352","population_aggregation_target":null,"age_65plus_missing":true,"age_75plus_missing":true,"age_quality_flag":"ok","data_completeness":"partial"}},{"type":"Feature","geometry":{"type":"Polygon","coordinates":[[[133.6875,33.94583333333334],[133.69375,33.94583333333334],[133.69375,33.95000000000001],[133.6875,33.95000000000001],[133.6875,33.94583333333334]]]},"properties":{"type":"Feature","mesh_id":"503375352","municipality_code":"38213","municipality":"四国中央市","total_population":10,"population_65plus":null,"population_75plus":null,"aging_rate_65plus":null,"aging_rate_75plus":null,"population_status":"1","population_status_target":null,"population_aggregation_target":"503375351","age_65plus_missing":true,"age_75plus_missing":true,"age_quality_flag":"inconsistent_with_total","data_completeness":"partial"}},{"type":"Feature","geometry":{"type":"Polygon","coordinates":[[[133.625,33.95],[133.63125,33.95],[133.63125,33.95416666666667],[133.625,33.95416666666667],[133.625,33.95]]]},"properties":{"type":"Feature","mesh_id":"503375401","municipality_code":"38213","municipality":"四国中央市","total_population":5,"population_65plus":null,"population_75plus":null,"aging_rate_65plus":null,"aging_rate_75plus":null,"population_status":"2","population_status_target":"503375404","population_aggregation_target":null,"age_65plus_missing":true,"age_75plus_missing":true,"age_quality_flag":"ok","data_completeness":"partial"}},{"type":"Feature","geometry":{"type":"Polygon","coordinates":[[[133.625,33.95416666666667],[133.63125,33.95416666666667],[133.63125,33.95833333333334],[133.625,33.95833333333334],[133.625,33.95416666666667]]]},"properties":{"type":"Feature","mesh_id":"503375402","municipality_code":"38213","municipality":"四国中央市","total_population":13,"population_65plus":5,"population_75plus":2,"aging_rate_65plus":0.38461538461538464,"aging_rate_75plus":0.15384615384615385,"population_status":"0","population_status_target":null,"population_aggregation_target":null,"age_65plus_missing":false,"age_75plus_missing":false,"age_quality_flag":"ok","data_completeness":"complete"}},{"type":"Feature","geometry":{"type":"Polygon","coordinates":[[[133.63125,33.95416666666667],[133.6375,33.95416666666667],[133.6375,33.95833333333334],[133.63125,33.95833333333334],[133.63125,33.95416666666667]]]},"properties":{"type":"Feature","mesh_id":"503375404","municipality_code":"38213","municipality":"四国中央市","total_population":12,"population_65plus":9,"population_75plus":4,"aging_rate_65plus":0.75,"aging_rate_75plus":0.3333333333333333,"population_status":"1","population_status_target":null,"population_aggregation_target":"503375401","age_65plus_missing":false,"age_75plus_missing":false,"age_quality_flag":"ok","data_completeness":"complete"}},{"type":"Feature","geometry":{"type":"Polygon","coordinates":[[[133.6375,33.95],[133.64374999999998,33.95],[133.64374999999998,33.95416666666667],[133.6375,33.95416666666667],[133.6375,33.95]]]},"properties":{"type":"Feature","mesh_id":"503375411","municipality_code":"38213","municipality":"四国中央市","total_population":55,"population_65plus":20,"population_75plus":7,"aging_rate_65plus":0.36363636363636365,"aging_rate_75plus":0.12727272727272726,"population_status":"0","population_status_target":null,"population_aggregation_target":null,"age_65plus_missing":false,"age_75plus_missing":false,"age_quality_flag":"ok","data_completeness":"complete"}},{"type":"Feature","geometry":{"type":"Polygon","coordinates":[[[133.6375,33.95416666666667],[133.64374999999998,33.95416666666667],[133.64374999999998,33.95833333333334],[133.6375,33.95833333333334],[133.6375,33.95416666666667]]]},"properties":{"type":"Feature","mesh_id":"503375412","municipality_code":"38213","municipality":"四国中央市","total_population":34,"population_65plus":20,"population_75plus":13,"aging_rate_65plus":0.5882352941176471,"aging_rate_75plus":0.38235294117647056,"population_status":"1","population_status_target":null,"population_aggregation_target":"503375414","age_65plus_missing":false,"age_75plus_missing":false,"age_quality_flag":"ok","data_completeness":"complete"}},{"type":"Feature","geometry":{"type":"Polygon","coordinates":[[[133.64374999999998,33.95416666666667],[133.64999999999998,33.95416666666667],[133.64999999999998,33.95833333333334],[133.64374999999998,33.95833333333334],[133.64374999999998,33.95416666666667]]]},"properties":{"type":"Feature","mesh_id":"503375414","municipality_code":"38213","municipality":"四国中央市","total_population":6,"population_65plus":null,"population_75plus":null,"aging_rate_65plus":null,"aging_rate_75plus":null,"population_status":"2","population_status_target":"503375412","population_aggregation_target":null,"age_65plus_missing":true,"age_75plus_missing":true,"age_quality_flag":"ok","data_completeness":"partial"}},{"type":"Feature","geometry":{"type":"Polygon","coordinates":[[[133.65,33.95],[133.65625,33.95],[133.65625,33.95416666666667],[133.65,33.95416666666667],[133.65,33.95]]]},"properties":{"type":"Feature","mesh_id":"503375421","municipality_code":"38213","municipality":"四国中央市","total_population":8,"population_65plus":null,"population_75plus":null,"aging_rate_65plus":null,"aging_rate_75plus":null,"population_status":"2","population_status_target":"503375422","population_aggregation_target":null,"age_65plus_missing":true,"age_75plus_missing":true,"age_quality_flag":"ok","data_completeness":"partial"}},{"type":"Feature","geometry":{"type":"Polygon","coordinates":[[[133.65,33.95416666666667],[133.65625,33.95416666666667],[133.65625,33.95833333333334],[133.65,33.95833333333334],[133.65,33.95416666666667]]]},"properties":{"type":"Feature","mesh_id":"503375422","municipality_code":"38213","municipality":"四国中央市","total_population":14,"population_65plus":null,"population_75plus":null,"aging_rate_65plus":null,"aging_rate_75plus":null,"population_status":"1","population_status_target":null,"population_aggregation_target":"503375421;503375424","age_65plus_missing":true,"age_75plus_missing":true,"age_quality_flag":"inconsistent_with_total","data_completeness":"partial"}},{"type":"Feature","geometry":{"type":"Polygon","coordinates":[[[133.65625,33.95416666666667],[133.6625,33.95416666666667],[133.6625,33.95833333333334],[133.65625,33.95833333333334],[133.65625,33.95416666666667]]]},"properties":{"type":"Feature","mesh_id":"503375424","municipality_code":"38213","municipality":"四国中央市","total_population":6,"population_65plus":null,"population_75plus":null,"aging_rate_65plus":null,"aging_rate_75plus":null,"population_status":"2","population_status_target":"503375422","population_aggregation_target":null,"age_65plus_missing":true,"age_75plus_missing":true,"age_quality_flag":"ok","data_completeness":"partial"}},{"type":"Feature","geometry":{"type":"Polygon","coordinates":[[[133.6625,33.95],[133.66875,33.95],[133.66875,33.95416666666667],[133.6625,33.95416666666667],[133.6625,33.95]]]},"properties":{"type":"Feature","mesh_id":"503375431","municipality_code":"38213","municipality":"四国中央市","total_population":5,"population_65plus":null,"population_75plus":null,"aging_rate_65plus":null,"aging_rate_75plus":null,"population_status":"2","population_status_target":"503375433","population_aggregation_target":null,"age_65plus_missing":true,"age_75plus_missing":true,"age_quality_flag":"ok","data_completeness":"partial"}},{"type":"Feature","geometry":{"type":"Polygon","coordinates":[[[133.66875,33.95],[133.67499999999998,33.95],[133.67499999999998,33.95416666666667],[133.66875,33.95416666666667],[133.66875,33.95]]]},"properties":{"type":"Feature","mesh_id":"503375433","municipality_code":"38213","municipality":"四国中央市","total_population":11,"population_65plus":10,"population_75plus":4,"aging_rate_65plus":0.9090909090909091,"aging_rate_75plus":0.36363636363636365,"population_status":"1","population_status_target":null,"population_aggregation_target":"503375431","age_65plus_missing":false,"age_75plus_missing":false,"age_quality_flag":"ok","data_completeness":"complete"}},{"type":"Feature","geometry":{"type":"Polygon","coordinates":[[[133.66875,33.95416666666667],[133.67499999999998,33.95416666666667],[133.67499999999998,33.95833333333334],[133.66875,33.95833333333334],[133.66875,33.95416666666667]]]},"properties":{"type":"Feature","mesh_id":"503375434","municipality_code":"38213","municipality":"四国中央市","total_population":34,"population_65plus":25,"population_75plus":18,"aging_rate_65plus":0.7352941176470589,"aging_rate_75plus":0.5294117647058824,"population_status":"1","population_status_target":null,"population_aggregation_target":"503375534","age_65plus_missing":false,"age_75plus_missing":false,"age_quality_flag":"ok","data_completeness":"complete"}},{"type":"Feature","geometry":{"type":"Polygon","coordinates":[[[133.675,33.95],[133.68125,33.95],[133.68125,33.95416666666667],[133.675,33.95416666666667],[133.675,33.95]]]},"properties":{"type":"Feature","mesh_id":"503375441","municipality_code":"38213","municipality":"四国中央市","total_population":16,"population_65plus":12,"population_75plus":6,"aging_rate_65plus":0.75,"aging_rate_75plus":0.375,"population_status":"1","population_status_target":null,"population_aggregation_target":"503375443","age_65plus_missing":false,"age_75plus_missing":false,"age_quality_flag":"ok","data_completeness":"complete"}},{"type":"Feature","geometry":{"type":"Polygon","coordinates":[[[133.675,33.95416666666667],[133.68125,33.95416666666667],[133.68125,33.95833333333334],[133.675,33.95833333333334],[133.675,33.95416666666667]]]},"properties":{"type":"Feature","mesh_id":"503375442","municipality_code":"38213","municipality":"四国中央市","total_population":4,"population_65plus":4,"population_75plus":3,"aging_rate_65plus":1.0,"aging_rate_75plus":0.75,"population_status":"0","population_status_target":null,"population_aggregation_target":null,"age_65plus_missing":false,"age_75plus_missing":false,"age_quality_flag":"ok","data_completeness":"complete"}},{"type":"Feature","geometry":{"type":"Polygon","coordinates":[[[133.68125,33.95],[133.6875,33.95],[133.6875,33.95416666666667],[133.68125,33.95416666666667],[133.68125,33.95]]]},"properties":{"type":"Feature","mesh_id":"503375443","municipality_code":"38213","municipality":"四国中央市","total_population":6,"population_65plus":null,"population_75plus":null,"aging_rate_65plus":null,"aging_rate_75plus":null,"population_status":"2","population_status_target":"503375441","population_aggregation_target":null,"age_65plus_missing":true,"age_75plus_missing":true,"age_quality_flag":"ok","data_completeness":"partial"}},{"type":"Feature","geometry":{"type":"Polygon","coordinates":[[[133.65,33.958333333333336],[133.65625,33.958333333333336],[133.65625,33.962500000000006],[133.65,33.962500000000006],[133.65,33.958333333333336]]]},"properties":{"type":"Feature","mesh_id":"503375521","municipality_code":"38213","municipality":"四国中央市","total_population":12,"population_65plus":null,"population_75plus":null,"aging_rate_65plus":null,"aging_rate_75plus":null,"population_status":"1","population_status_target":null,"population_aggregation_target":"503375522","age_65plus_missing":true,"age_75plus_missing":true,"age_quality_flag":"inconsistent_with_total","data_completeness":"partial"}},{"type":"Feature","geometry":{"type":"Polygon","coordinates":[[[133.65,33.962500000000006],[133.65625,33.962500000000006],[133.65625,33.966666666666676],[133.65,33.966666666666676],[133.65,33.962500000000006]]]},"properties":{"type":"Feature","mesh_id":"503375522","municipality_code":"38213","municipality":"四国中央市","total_population":6,"population_65plus":null,"population_75plus":null,"aging_rate_65plus":null,"aging_rate_75plus":null,"population_status":"2","population_status_target":"503375521","population_aggregation_target":null,"age_65plus_missing":true,"age_75plus_missing":true,"age_quality_flag":"ok","data_completeness":"partial"}},{"type":"Feature","geometry":{"type":"Polygon","coordinates":[[[133.66875,33.962500000000006],[133.67499999999998,33.962500000000006],[133.67499999999998,33.966666666666676],[133.66875,33.966666666666676],[133.66875,33.962500000000006]]]},"properties":{"type":"Feature","mesh_id":"503375534","municipality_code":"38213","municipality":"四国中央市","total_population":1,"population_65plus":null,"population_75plus":null,"aging_rate_65plus":null,"aging_rate_75plus":null,"population_status":"2","population_status_target":"503375434","population_aggregation_target":null,"age_65plus_missing":true,"age_75plus_missing":true,"age_quality_flag":"ok","data_completeness":"partial"}},{"type":"Feature","geometry":{"type":"Polygon","coordinates":[[[133.675,33.958333333333336],[133.68125,33.958333333333336],[133.68125,33.962500000000006],[133.675,33.962500000000006],[133.675,33.958333333333336]]]},"properties":{"type":"Feature","mesh_id":"503375541","municipality_code":"38213","municipality":"四国中央市","total_population":12,"population_65plus":6,"population_75plus":2,"aging_rate_65plus":0.5,"aging_rate_75plus":0.16666666666666666,"population_status":"0","population_status_target":null,"population_aggregation_target":null,"age_65plus_missing":false,"age_75plus_missing":false,"age_quality_flag":"ok","data_completeness":"complete"}},{"type":"Feature","geometry":{"type":"Polygon","coordinates":[[[133.675,33.962500000000006],[133.68125,33.962500000000006],[133.68125,33.966666666666676],[133.675,33.966666666666676],[133.675,33.962500000000006]]]},"properties":{"type":"Feature","mesh_id":"503375542","municipality_code":"38213","municipality":"四国中央市","total_population":24,"population_65plus":19,"population_75plus":9,"aging_rate_65plus":0.7916666666666666,"aging_rate_75plus":0.375,"population_status":"1","population_status_target":null,"population_aggregation_target":"503375543;503375544","age_65plus_missing":false,"age_75plus_missing":false,"age_quality_flag":"ok","data_completeness":"complete"}},{"type":"Feature","geometry":{"type":"Polygon","coordinates":[[[133.68125,33.958333333333336],[133.6875,33.958333333333336],[133.6875,33.962500000000006],[133.68125,33.962500000000006],[133.68125,33.958333333333336]]]},"properties":{"type":"Feature","mesh_id":"503375543","municipality_code":"38213","municipality":"四国中央市","total_population":3,"population_65plus":null,"population_75plus":null,"aging_rate_65plus":null,"aging_rate_75plus":null,"population_status":"2","population_status_target":"503375542","population_aggregation_target":null,"age_65plus_missing":true,"age_75plus_missing":true,"age_quality_flag":"ok","data_completeness":"partial"}},{"type":"Feature","geometry":{"type":"Polygon","coordinates":[[[133.63125,33.975],[133.6375,33.975],[133.6375,33.97916666666667],[133.63125,33.97916666666667],[133.63125,33.975]]]},"properties":{"type":"Feature","mesh_id":"503375703","municipality_code":"38213","municipality":"四国中央市","total_population":13,"population_65plus":4,"population_75plus":0,"aging_rate_65plus":0.3076923076923077,"aging_rate_75plus":0.0,"population_status":"1","population_status_target":null,"population_aggregation_target":"503375704","age_65plus_missing":false,"age_75plus_missing":false,"age_quality_flag":"ok","data_completeness":"complete"}},{"type":"Feature","geometry":{"type":"Polygon","coordinates":[[[133.63125,33.97916666666667],[133.6375,33.97916666666667],[133.6375,33.98333333333334],[133.63125,33.98333333333334],[133.63125,33.97916666666667]]]},"properties":{"type":"Feature","mesh_id":"503375704","municipality_code":"38213","municipality":"四国中央市","total_population":2,"population_65plus":null,"population_75plus":null,"aging_rate_65plus":null,"aging_rate_75plus":null,"population_status":"2","population_status_target":"503375703","population_aggregation_target":null,"age_65plus_missing":true,"age_75plus_missing":true,"age_quality_flag":"ok","data_completeness":"partial"}},{"type":"Feature","geometry":{"type":"Polygon","coordinates":[[[133.64374999999998,33.975],[133.64999999999998,33.975],[133.64999999999998,33.97916666666667],[133.64374999999998,33.97916666666667],[133.64374999999998,33.975]]]},"properties":{"type":"Feature","mesh_id":"503375713","municipality_code":"38213","municipality":"四国中央市","total_population":1,"population_65plus":null,"population_75plus":null,"aging_rate_65plus":null,"aging_rate_75plus":null,"population_status":"2","population_status_target":"503375811","population_aggregation_target":null,"age_65plus_missing":true,"age_75plus_missing":true,"age_quality_flag":"ok","data_completeness":"partial"}},{"type":"Feature","geometry":{"type":"Polygon","coordinates":[[[133.625,33.98333333333334],[133.63125,33.98333333333334],[133.63125,33.98750000000001],[133.625,33.98750000000001],[133.625,33.98333333333334]]]},"properties":{"type":"Feature","mesh_id":"503375801","municipality_code":"38213","municipality":"四国中央市","total_population":86,"population_65plus":42,"population_75plus":23,"aging_rate_65plus":0.4883720930232558,"aging_rate_75plus":0.26744186046511625,"population_status":"0","population_status_target":null,"population_aggregation_target":null,"age_65plus_missing":false,"age_75plus_missing":false,"age_quality_flag":"ok","data_completeness":"complete"}},{"type":"Feature","geometry":{"type":"Polygon","coordinates":[[[133.625,33.98750000000001],[133.63125,33.98750000000001],[133.63125,33.99166666666668],[133.625,33.99166666666668],[133.625,33.98750000000001]]]},"properties":{"type":"Feature","mesh_id":"503375802","municipality_code":"38213","municipality":"四国中央市","total_population":39,"population_65plus":18,"population_75plus":8,"aging_rate_65plus":0.46153846153846156,"aging_rate_75plus":0.20512820512820512,"population_status":"0","population_status_target":null,"population_aggregation_target":null,"age_65plus_missing":false,"age_75plus_missing":false,"age_quality_flag":"ok","data_completeness":"complete"}},{"type":"Feature","geometry":{"type":"Polygon","coordinates":[[[133.63125,33.98333333333334],[133.6375,33.98333333333334],[133.6375,33.98750000000001],[133.63125,33.98750000000001],[133.63125,33.98333333333334]]]},"properties":{"type":"Feature","mesh_id":"503375803","municipality_code":"38213","municipality":"四国中央市","total_population":125,"population_65plus":37,"population_75plus":16,"aging_rate_65plus":0.296,"aging_rate_75plus":0.128,"population_status":"0","population_status_target":null,"population_aggregation_target":null,"age_65plus_missing":false,"age_75plus_missing":false,"age_quality_flag":"ok","data_completeness":"complete"}},{"type":"Feature","geometry":{"type":"Polygon","coordinates":[[[133.63125,33.98750000000001],[133.6375,33.98750000000001],[133.6375,33.99166666666668],[133.63125,33.99166666666668],[133.63125,33.98750000000001]]]},"properties":{"type":"Feature","mesh_id":"503375804","municipality_code":"38213","municipality":"四国中央市","total_population":122,"population_65plus":64,"population_75plus":32,"aging_rate_65plus":0.5245901639344263,"aging_rate_75plus":0.26229508196721313,"population_status":"0","population_status_target":null,"population_aggregation_target":null,"age_65plus_missing":false,"age_75plus_missing":false,"age_quality_flag":"ok","data_completeness":"complete"}},{"type":"Feature","geometry":{"type":"Polygon","coordinates":[[[133.6375,33.98333333333334],[133.64374999999998,33.98333333333334],[133.64374999999998,33.98750000000001],[133.6375,33.98750000000001],[133.6375,33.98333333333334]]]},"properties":{"type":"Feature","mesh_id":"503375811","municipality_code":"38213","municipality":"四国中央市","total_population":20,"population_65plus":17,"population_75plus":9,"aging_rate_65plus":0.85,"aging_rate_75plus":0.45,"population_status":"1","population_status_target":null,"population_aggregation_target":"503375713","age_65plus_missing":false,"age_75plus_missing":false,"age_quality_flag":"ok","data_completeness":"complete"}},{"type":"Feature","geometry":{"type":"Polygon","coordinates":[[[133.64374999999998,33.98333333333334],[133.64999999999998,33.98333333333334],[133.64999999999998,33.98750000000001],[133.64374999999998,33.98750000000001],[133.64374999999998,33.98333333333334]]]},"properties":{"type":"Feature","mesh_id":"503375813","municipality_code":"38213","municipality":"四国中央市","total_population":73,"population_65plus":23,"population_75plus":12,"aging_rate_65plus":0.3150684931506849,"aging_rate_75plus":0.1643835616438356,"population_status":"0","population_status_target":null,"population_aggregation_target":null,"age_65plus_missing":false,"age_75plus_missing":false,"age_quality_flag":"ok","data_completeness":"complete"}},{"type":"Feature","geometry":{"type":"Polygon","coordinates":[[[133.64374999999998,33.98750000000001],[133.64999999999998,33.98750000000001],[133.64999999999998,33.99166666666668],[133.64374999999998,33.99166666666668],[133.64374999999998,33.98750000000001]]]},"properties":{"type":"Feature","mesh_id":"503375814","municipality_code":"38213","municipality":"四国中央市","total_population":24,"population_65plus":15,"population_75plus":9,"aging_rate_65plus":0.625,"aging_rate_75plus":0.375,"population_status":"0","population_status_target":null,"population_aggregation_target":null,"age_65plus_missing":false,"age_75plus_missing":false,"age_quality_flag":"ok","data_completeness":"complete"}},{"type":"Feature","geometry":{"type":"Polygon","coordinates":[[[133.65625,33.98333333333334],[133.6625,33.98333333333334],[133.6625,33.98750000000001],[133.65625,33.98750000000001],[133.65625,33.98333333333334]]]},"properties":{"type":"Feature","mesh_id":"503375823","municipality_code":"38213","municipality":"四国中央市","total_population":21,"population_65plus":12,"population_75plus":6,"aging_rate_65plus":0.5714285714285714,"aging_rate_75plus":0.2857142857142857,"population_status":"0","population_status_target":null,"population_aggregation_target":null,"age_65plus_missing":false,"age_75plus_missing":false,"age_quality_flag":"ok","data_completeness":"complete"}},{"type":"Feature","geometry":{"type":"Polygon","coordinates":[[[133.65625,33.98750000000001],[133.6625,33.98750000000001],[133.6625,33.99166666666668],[133.65625,33.99166666666668],[133.65625,33.98750000000001]]]},"properties":{"type":"Feature","mesh_id":"503375824","municipality_code":"38213","municipality":"四国中央市","total_population":28,"population_65plus":8,"population_75plus":3,"aging_rate_65plus":0.2857142857142857,"aging_rate_75plus":0.10714285714285714,"population_status":"0","population_status_target":null,"population_aggregation_target":null,"age_65plus_missing":false,"age_75plus_missing":false,"age_quality_flag":"ok","data_completeness":"complete"}},{"type":"Feature","geometry":{"type":"Polygon","coordinates":[[[133.625,33.991666666666674],[133.63125,33.991666666666674],[133.63125,33.995833333333344],[133.625,33.995833333333344],[133.625,33.991666666666674]]]},"properties":{"type":"Feature","mesh_id":"503375901","municipality_code":"38213","municipality":"四国中央市","total_population":4,"population_65plus":null,"population_75plus":null,"aging_rate_65plus":null,"aging_rate_75plus":null,"population_status":"2","population_status_target":"503375904","population_aggregation_target":null,"age_65plus_missing":true,"age_75plus_missing":true,"age_quality_flag":"ok","data_completeness":"partial"}},{"type":"Feature","geometry":{"type":"Polygon","coordinates":[[[133.63125,33.991666666666674],[133.6375,33.991666666666674],[133.6375,33.995833333333344],[133.63125,33.995833333333344],[133.63125,33.991666666666674]]]},"properties":{"type":"Feature","mesh_id":"503375903","municipality_code":"38213","municipality":"四国中央市","total_population":21,"population_65plus":10,"population_75plus":4,"aging_rate_65plus":0.47619047619047616,"aging_rate_75plus":0.19047619047619047,"population_status":"0","population_status_target":null,"population_aggregation_target":null,"age_65plus_missing":false,"age_75plus_missing":false,"age_quality_flag":"ok","data_completeness":"complete"}},{"type":"Feature","geometry":{"type":"Polygon","coordinates":[[[133.63125,33.995833333333344],[133.6375,33.995833333333344],[133.6375,34.000000000000014],[133.63125,34.000000000000014],[133.63125,33.995833333333344]]]},"properties":{"type":"Feature","mesh_id":"503375904","municipality_code":"38213","municipality":"四国中央市","total_population":47,"population_65plus":20,"population_75plus":7,"aging_rate_65plus":0.425531914893617,"aging_rate_75plus":0.14893617021276595,"population_status":"1","population_status_target":null,"population_aggregation_target":"503375901","age_65plus_missing":false,"age_75plus_missing":false,"age_quality_flag":"ok","data_completeness":"complete"}},{"type":"Feature","geometry":{"type":"Polygon","coordinates":[[[133.6375,33.991666666666674],[133.64374999999998,33.991666666666674],[133.64374999999998,33.995833333333344],[133.6375,33.995833333333344],[133.6375,33.991666666666674]]]},"properties":{"type":"Feature","mesh_id":"503375911","municipality_code":"38213","municipality":"四国中央市","total_population":8,"population_65plus":null,"population_75plus":null,"aging_rate_65plus":null,"aging_rate_75plus":null,"population_status":"2","population_status_target":"503375912","population_aggregation_target":null,"age_65plus_missing":true,"age_75plus_missing":true,"age_quality_flag":"ok","data_completeness":"partial"}},{"type":"Feature","geometry":{"type":"Polygon","coordinates":[[[133.6375,33.995833333333344],[133.64374999999998,33.995833333333344],[133.64374999999998,34.000000000000014],[133.6375,34.000000000000014],[133.6375,33.995833333333344]]]},"properties":{"type":"Feature","mesh_id":"503375912","municipality_code":"38213","municipality":"四国中央市","total_population":59,"population_65plus":27,"population_75plus":16,"aging_rate_65plus":0.4576271186440678,"aging_rate_75plus":0.2711864406779661,"population_status":"1","population_status_target":null,"population_aggregation_target":"503375911","age_65plus_missing":false,"age_75plus_missing":false,"age_quality_flag":"ok","data_completeness":"complete"}},{"type":"Feature","geometry":{"type":"Polygon","coordinates":[[[133.65,33.991666666666674],[133.65625,33.991666666666674],[133.65625,33.995833333333344],[133.65,33.995833333333344],[133.65,33.991666666666674]]]},"properties":{"type":"Feature","mesh_id":"503375921","municipality_code":"38213","municipality":"四国中央市","total_population":27,"population_65plus":14,"population_75plus":8,"aging_rate_65plus":0.5185185185185185,"aging_rate_75plus":0.2962962962962963,"population_status":"0","population_status_target":null,"population_aggregation_target":null,"age_65plus_missing":false,"age_75plus_missing":false,"age_quality_flag":"ok","data_completeness":"complete"}},{"type":"Feature","geometry":{"type":"Polygon","coordinates":[[[133.65,33.995833333333344],[133.65625,33.995833333333344],[133.65625,34.000000000000014],[133.65,34.000000000000014],[133.65,33.995833333333344]]]},"properties":{"type":"Feature","mesh_id":"503375922","municipality_code":"38213","municipality":"四国中央市","total_population":57,"population_65plus":23,"population_75plus":12,"aging_rate_65plus":0.40350877192982454,"aging_rate_75plus":0.21052631578947367,"population_status":"0","population_status_target":null,"population_aggregation_target":null,"age_65plus_missing":false,"age_75plus_missing":false,"age_quality_flag":"ok","data_completeness":"complete"}},{"type":"Feature","geometry":{"type":"Polygon","coordinates":[[[133.65625,33.991666666666674],[133.6625,33.991666666666674],[133.6625,33.995833333333344],[133.65625,33.995833333333344],[133.65625,33.991666666666674]]]},"properties":{"type":"Feature","mesh_id":"503375923","municipality_code":"38213","municipality":"四国中央市","total_population":23,"population_65plus":11,"population_75plus":9,"aging_rate_65plus":0.4782608695652174,"aging_rate_75plus":0.391304347826087,"population_status":"0","population_status_target":null,"population_aggregation_target":null,"age_65plus_missing":false,"age_75plus_missing":false,"age_quality_flag":"ok","data_completeness":"complete"}},{"type":"Feature","geometry":{"type":"Polygon","coordinates":[[[133.65625,33.995833333333344],[133.6625,33.995833333333344],[133.6625,34.000000000000014],[133.65625,34.000000000000014],[133.65625,33.995833333333344]]]},"properties":{"type":"Feature","mesh_id":"503375924","municipality_code":"38213","municipality":"四国中央市","total_population":58,"population_65plus":19,"population_75plus":11,"aging_rate_65plus":0.3275862068965517,"aging_rate_75plus":0.1896551724137931,"population_status":"0","population_status_target":null,"population_aggregation_target":null,"age_65plus_missing":false,"age_75plus_missing":false,"age_quality_flag":"ok","data_completeness":"complete"}},{"type":"Feature","geometry":{"type":"Polygon","coordinates":[[[133.6625,33.991666666666674],[133.66875,33.991666666666674],[133.66875,33.995833333333344],[133.6625,33.995833333333344],[133.6625,33.991666666666674]]]},"properties":{"type":"Feature","mesh_id":"503375931","municipality_code":"38213","municipality":"四国中央市","total_population":26,"population_65plus":11,"population_75plus":7,"aging_rate_65plus":0.4230769230769231,"aging_rate_75plus":0.2692307692307692,"population_status":"0","population_status_target":null,"population_aggregation_target":null,"age_65plus_missing":false,"age_75plus_missing":false,"age_quality_flag":"ok","data_completeness":"complete"}},{"type":"Feature","geometry":{"type":"Polygon","coordinates":[[[133.6625,33.995833333333344],[133.66875,33.995833333333344],[133.66875,34.000000000000014],[133.6625,34.000000000000014],[133.6625,33.995833333333344]]]},"properties":{"type":"Feature","mesh_id":"503375932","municipality_code":"38213","municipality":"四国中央市","total_population":4,"population_65plus":null,"population_75plus":null,"aging_rate_65plus":null,"aging_rate_75plus":null,"population_status":"2","population_status_target":"503375934","population_aggregation_target":null,"age_65plus_missing":true,"age_75plus_missing":true,"age_quality_flag":"ok","data_completeness":"partial"}},{"type":"Feature","geometry":{"type":"Polygon","coordinates":[[[133.66875,33.991666666666674],[133.67499999999998,33.991666666666674],[133.67499999999998,33.995833333333344],[133.66875,33.995833333333344],[133.66875,33.991666666666674]]]},"properties":{"type":"Feature","mesh_id":"503375933","municipality_code":"38213","municipality":"四国中央市","total_population":15,"population_65plus":5,"population_75plus":4,"aging_rate_65plus":0.3333333333333333,"aging_rate_75plus":0.26666666666666666,"population_status":"0","population_status_target":null,"population_aggregation_target":null,"age_65plus_missing":false,"age_75plus_missing":false,"age_quality_flag":"ok","data_completeness":"complete"}},{"type":"Feature","geometry":{"type":"Polygon","coordinates":[[[133.66875,33.995833333333344],[133.67499999999998,33.995833333333344],[133.67499999999998,34.000000000000014],[133.66875,34.000000000000014],[133.66875,33.995833333333344]]]},"properties":{"type":"Feature","mesh_id":"503375934","municipality_code":"38213","municipality":"四国中央市","total_population":22,"population_65plus":16,"population_75plus":9,"aging_rate_65plus":0.7272727272727273,"aging_rate_75plus":0.4090909090909091,"population_status":"1","population_status_target":null,"population_aggregation_target":"503375932","age_65plus_missing":false,"age_75plus_missing":false,"age_quality_flag":"ok","data_completeness":"complete"}},{"type":"Feature","geometry":{"type":"Polygon","coordinates":[[[133.675,33.995833333333344],[133.68125,33.995833333333344],[133.68125,34.000000000000014],[133.675,34.000000000000014],[133.675,33.995833333333344]]]},"properties":{"type":"Feature","mesh_id":"503375942","municipality_code":"38213","municipality":"四国中央市","total_population":10,"population_65plus":5,"population_75plus":4,"aging_rate_65plus":0.5,"aging_rate_75plus":0.4,"population_status":"0","population_status_target":null,"population_aggregation_target":null,"age_65plus_missing":false,"age_75plus_missing":false,"age_quality_flag":"ok","data_completeness":"complete"}},{"type":"Feature","geometry":{"type":"Polygon","coordinates":[[[133.55625,34.00416666666667],[133.5625,34.00416666666667],[133.5625,34.00833333333334],[133.55625,34.00833333333334],[133.55625,34.00416666666667]]]},"properties":{"type":"Feature","mesh_id":"513304044","municipality_code":"38213","municipality":"四国中央市","total_population":16,"population_65plus":2,"population_75plus":1,"aging_rate_65plus":0.125,"aging_rate_75plus":0.0625,"population_status":"0","population_status_target":null,"population_aggregation_target":null,"age_65plus_missing":false,"age_75plus_missing":false,"age_quality_flag":"ok","data_completeness":"complete"}},{"type":"Feature","geometry":{"type":"Polygon","coordinates":[[[133.5625,34.0],[133.56875,34.0],[133.56875,34.00416666666667],[133.5625,34.00416666666667],[133.5625,34.0]]]},"properties":{"type":"Feature","mesh_id":"513304051","municipality_code":"38213","municipality":"四国中央市","total_population":236,"population_65plus":99,"population_75plus":48,"aging_rate_65plus":0.4194915254237288,"aging_rate_75plus":0.2033898305084746,"population_status":"0","population_status_target":null,"population_aggregation_target":null,"age_65plus_missing":false,"age_75plus_missing":false,"age_quality_flag":"ok","data_completeness":"complete"}},{"type":"Feature","geometry":{"type":"Polygon","coordinates":[[[133.5625,34.00416666666667],[133.56875,34.00416666666667],[133.56875,34.00833333333334],[133.5625,34.00833333333334],[133.5625,34.00416666666667]]]},"properties":{"type":"Feature","mesh_id":"513304052","municipality_code":"38213","municipality":"四国中央市","total_population":169,"population_65plus":35,"population_75plus":15,"aging_rate_65plus":0.20710059171597633,"aging_rate_75plus":0.08875739644970414,"population_status":"0","population_status_target":null,"population_aggregation_target":null,"age_65plus_missing":false,"age_75plus_missing":false,"age_quality_flag":"ok","data_completeness":"complete"}},{"type":"Feature","geometry":{"type":"Polygon","coordinates":[[[133.56875,34.0],[133.575,34.0],[133.575,34.00416666666667],[133.56875,34.00416666666667],[133.56875,34.0]]]},"properties":{"type":"Feature","mesh_id":"513304053","municipality_code":"38213","municipality":"四国中央市","total_population":344,"population_65plus":87,"population_75plus":51,"aging_rate_65plus":0.25290697674418605,"aging_rate_75plus":0.14825581395348839,"population_status":"0","population_status_target":null,"population_aggregation_target":null,"age_65plus_missing":false,"age_75plus_missing":false,"age_quality_flag":"ok","data_completeness":"complete"}},{"type":"Feature","geometry":{"type":"Polygon","coordinates":[[[133.56875,34.00416666666667],[133.575,34.00416666666667],[133.575,34.00833333333334],[133.56875,34.00833333333334],[133.56875,34.00416666666667]]]},"properties":{"type":"Feature","mesh_id":"513304054","municipality_code":"38213","municipality":"四国中央市","total_population":602,"population_65plus":177,"population_75plus":103,"aging_rate_65plus":0.29401993355481726,"aging_rate_75plus":0.17109634551495018,"population_status":"0","population_status_target":null,"population_aggregation_target":null,"age_65plus_missing":false,"age_75plus_missing":false,"age_quality_flag":"ok","data_completeness":"complete"}},{"type":"Feature","geometry":{"type":"Polygon","coordinates":[[[133.575,34.0],[133.58124999999998,34.0],[133.58124999999998,34.00416666666667],[133.575,34.00416666666667],[133.575,34.0]]]},"properties":{"type":"Feature","mesh_id":"513304061","municipality_code":"38213","municipality":"四国中央市","total_population":982,"population_65plus":278,"population_75plus":152,"aging_rate_65plus":0.2830957230142566,"aging_rate_75plus":0.15478615071283094,"population_status":"0","population_status_target":null,"population_aggregation_target":null,"age_65plus_missing":false,"age_75plus_missing":false,"age_quality_flag":"ok","data_completeness":"complete"}},{"type":"Feature","geometry":{"type":"Polygon","coordinates":[[[133.575,34.00416666666667],[133.58124999999998,34.00416666666667],[133.58124999999998,34.00833333333334],[133.575,34.00833333333334],[133.575,34.00416666666667]]]},"properties":{"type":"Feature","mesh_id":"513304062","municipality_code":"38213","municipality":"四国中央市","total_population":645,"population_65plus":273,"population_75plus":140,"aging_rate_65plus":0.4232558139534884,"aging_rate_75plus":0.21705426356589147,"population_status":"0","population_status_target":null,"population_aggregation_target":null,"age_65plus_missing":false,"age_75plus_missing":false,"age_quality_flag":"ok","data_completeness":"complete"}},{"type":"Feature","geometry":{"type":"Polygon","coordinates":[[[133.58124999999998,34.0],[133.58749999999998,34.0],[133.58749999999998,34.00416666666667],[133.58124999999998,34.00416666666667],[133.58124999999998,34.0]]]},"properties":{"type":"Feature","mesh_id":"513304063","municipality_code":"38213","municipality":"四国中央市","total_population":757,"population_65plus":248,"population_75plus":143,"aging_rate_65plus":0.3276089828269485,"aging_rate_75plus":0.18890356671070013,"population_status":"0","population_status_target":null,"population_aggregation_target":null,"age_65plus_missing":false,"age_75plus_missing":false,"age_quality_flag":"ok","data_completeness":"complete"}},{"type":"Feature","geometry":{"type":"Polygon","coordinates":[[[133.58124999999998,34.00416666666667],[133.58749999999998,34.00416666666667],[133.58749999999998,34.00833333333334],[133.58124999999998,34.00833333333334],[133.58124999999998,34.00416666666667]]]},"properties":{"type":"Feature","mesh_id":"513304064","municipality_code":"38213","municipality":"四国中央市","total_population":713,"population_65plus":251,"population_75plus":105,"aging_rate_65plus":0.3520336605890603,"aging_rate_75plus":0.14726507713884993,"population_status":"0","population_status_target":null,"population_aggregation_target":null,"age_65plus_missing":false,"age_75plus_missing":false,"age_quality_flag":"ok","data_completeness":"complete"}},{"type":"Feature","geometry":{"type":"Polygon","coordinates":[[[133.5875,34.0],[133.59375,34.0],[133.59375,34.00416666666667],[133.5875,34.00416666666667],[133.5875,34.0]]]},"properties":{"type":"Feature","mesh_id":"513304071","municipality_code":"38213","municipality":"四国中央市","total_population":336,"population_65plus":92,"population_75plus":42,"aging_rate_65plus":0.27380952380952384,"aging_rate_75plus":0.125,"population_status":"0","population_status_target":null,"population_aggregation_target":null,"age_65plus_missing":false,"age_75plus_missing":false,"age_quality_flag":"ok","data_completeness":"complete"}},{"type":"Feature","geometry":{"type":"Polygon","coordinates":[[[133.5875,34.00416666666667],[133.59375,34.00416666666667],[133.59375,34.00833333333334],[133.5875,34.00833333333334],[133.5875,34.00416666666667]]]},"properties":{"type":"Feature","mesh_id":"513304072","municipality_code":"38213","municipality":"四国中央市","total_population":258,"population_65plus":61,"population_75plus":22,"aging_rate_65plus":0.2364341085271318,"aging_rate_75plus":0.08527131782945736,"population_status":"0","population_status_target":null,"population_aggregation_target":null,"age_65plus_missing":false,"age_75plus_missing":false,"age_quality_flag":"ok","data_completeness":"complete"}},{"type":"Feature","geometry":{"type":"Polygon","coordinates":[[[133.59375,34.0],[133.6,34.0],[133.6,34.00416666666667],[133.59375,34.00416666666667],[133.59375,34.0]]]},"properties":{"type":"Feature","mesh_id":"513304073","municipality_code":"38213","municipality":"四国中央市","total_population":803,"population_65plus":223,"population_75plus":107,"aging_rate_65plus":0.2777085927770859,"aging_rate_75plus":0.13325031133250312,"population_status":"0","population_status_target":null,"population_aggregation_target":null,"age_65plus_missing":false,"age_75plus_missing":false,"age_quality_flag":"ok","data_completeness":"complete"}},{"type":"Feature","geometry":{"type":"Polygon","coordinates":[[[133.59375,34.00416666666667],[133.6,34.00416666666667],[133.6,34.00833333333334],[133.59375,34.00833333333334],[133.59375,34.00416666666667]]]},"properties":{"type":"Feature","mesh_id":"513304074","municipality_code":"38213","municipality":"四国中央市","total_population":29,"population_65plus":8,"population_75plus":4,"aging_rate_65plus":0.27586206896551724,"aging_rate_75plus":0.13793103448275862,"population_status":"0","population_status_target":null,"population_aggregation_target":null,"age_65plus_missing":false,"age_75plus_missing":false,"age_quality_flag":"ok","data_completeness":"complete"}},{"type":"Feature","geometry":{"type":"Polygon","coordinates":[[[133.6,34.00416666666667],[133.60625,34.00416666666667],[133.60625,34.00833333333334],[133.6,34.00833333333334],[133.6,34.00416666666667]]]},"properties":{"type":"Feature","mesh_id":"513304082","municipality_code":"38213","municipality":"四国中央市","total_population":72,"population_65plus":15,"population_75plus":6,"aging_rate_65plus":0.20833333333333334,"aging_rate_75plus":0.08333333333333333,"population_status":"1","population_status_target":null,"population_aggregation_target":"513304084","age_65plus_missing":false,"age_75plus_missing":false,"age_quality_flag":"ok","data_completeness":"complete"}},{"type":"Feature","geometry":{"type":"Polygon","coordinates":[[[133.60625,34.00416666666667],[133.61249999999998,34.00416666666667],[133.61249999999998,34.00833333333334],[133.60625,34.00833333333334],[133.60625,34.00416666666667]]]},"properties":{"type":"Feature","mesh_id":"513304084","municipality_code":"38213","municipality":"四国中央市","total_population":4,"population_65plus":null,"population_75plus":null,"aging_rate_65plus":null,"aging_rate_75plus":null,"population_status":"2","population_status_target":"513304082","population_aggregation_target":null,"age_65plus_missing":true,"age_75plus_missing":true,"age_quality_flag":"ok","data_completeness":"partial"}},{"type":"Feature","geometry":{"type":"Polygon","coordinates":[[[133.6125,34.0],[133.61875,34.0],[133.61875,34.00416666666667],[133.6125,34.00416666666667],[133.6125,34.0]]]},"properties":{"type":"Feature","mesh_id":"513304091","municipality_code":"38213","municipality":"四国中央市","total_population":9,"population_65plus":null,"population_75plus":null,"aging_rate_65plus":null,"aging_rate_75plus":null,"population_status":"2","population_status_target":"513304093","population_aggregation_target":null,"age_65plus_missing":true,"age_75plus_missing":true,"age_quality_flag":"ok","data_completeness":"partial"}},{"type":"Feature","geometry":{"type":"Polygon","coordinates":[[[133.61875,34.0],[133.625,34.0],[133.625,34.00416666666667],[133.61875,34.00416666666667],[133.61875,34.0]]]},"properties":{"type":"Feature","mesh_id":"513304093","municipality_code":"38213","municipality":"四国中央市","total_population":27,"population_65plus":16,"population_75plus":2,"aging_rate_65plus":0.5925925925925926,"aging_rate_75plus":0.07407407407407407,"population_status":"1","population_status_target":null,"population_aggregation_target":"513304091","age_65plus_missing":false,"age_75plus_missing":false,"age_quality_flag":"ok","data_completeness":"complete"}},{"type":"Feature","geometry":{"type":"Polygon","coordinates":[[[133.5625,34.00833333333333],[133.56875,34.00833333333333],[133.56875,34.0125],[133.5625,34.0125],[133.5625,34.00833333333333]]]},"properties":{"type":"Feature","mesh_id":"513304151","municipality_code":"38213","municipality":"四国中央市","total_population":516,"population_65plus":191,"population_75plus":94,"aging_rate_65plus":0.3701550387596899,"aging_rate_75plus":0.1821705426356589,"population_status":"0","population_status_target":null,"population_aggregation_target":null,"age_65plus_missing":false,"age_75plus_missing":false,"age_quality_flag":"ok","data_completeness":"complete"}},{"type":"Feature","geometry":{"type":"Polygon","coordinates":[[[133.56875,34.00833333333333],[133.575,34.00833333333333],[133.575,34.0125],[133.56875,34.0125],[133.56875,34.00833333333333]]]},"properties":{"type":"Feature","mesh_id":"513304153","municipality_code":"38213","municipality":"四国中央市","total_population":25,"population_65plus":12,"population_75plus":8,"aging_rate_65plus":0.48,"aging_rate_75plus":0.32,"population_status":"0","population_status_target":null,"population_aggregation_target":null,"age_65plus_missing":false,"age_75plus_missing":false,"age_quality_flag":"ok","data_completeness":"complete"}},{"type":"Feature","geometry":{"type":"Polygon","coordinates":[[[133.56875,34.0125],[133.575,34.0125],[133.575,34.01666666666667],[133.56875,34.01666666666667],[133.56875,34.0125]]]},"properties":{"type":"Feature","mesh_id":"513304154","municipality_code":"38213","municipality":"四国中央市","total_population":1175,"population_65plus":473,"population_75plus":234,"aging_rate_65plus":0.4025531914893617,"aging_rate_75plus":0.19914893617021276,"population_status":"0","population_status_target":null,"population_aggregation_target":null,"age_65plus_missing":false,"age_75plus_missing":false,"age_quality_flag":"ok","data_completeness":"complete"}},{"type":"Feature","geometry":{"type":"Polygon","coordinates":[[[133.575,34.00833333333333],[133.58124999999998,34.00833333333333],[133.58124999999998,34.0125],[133.575,34.0125],[133.575,34.00833333333333]]]},"properties":{"type":"Feature","mesh_id":"513304161","municipality_code":"38213","municipality":"四国中央市","total_population":840,"population_65plus":246,"population_75plus":123,"aging_rate_65plus":0.29285714285714287,"aging_rate_75plus":0.14642857142857144,"population_status":"0","population_status_target":null,"population_aggregation_target":null,"age_65plus_missing":false,"age_75plus_missing":false,"age_quality_flag":"ok","data_completeness":"complete"}},{"type":"Feature","geometry":{"type":"Polygon","coordinates":[[[133.575,34.0125],[133.58124999999998,34.0125],[133.58124999999998,34.01666666666667],[133.575,34.01666666666667],[133.575,34.0125]]]},"properties":{"type":"Feature","mesh_id":"513304162","municipality_code":"38213","municipality":"四国中央市","total_population":1316,"population_65plus":360,"population_75plus":147,"aging_rate_65plus":0.2735562310030395,"aging_rate_75plus":0.11170212765957446,"population_status":"0","population_status_target":null,"population_aggregation_target":null,"age_65plus_missing":false,"age_75plus_missing":false,"age_quality_flag":"ok","data_completeness":"complete"}},{"type":"Feature","geometry":{"type":"Polygon","coordinates":[[[133.58124999999998,34.00833333333333],[133.58749999999998,34.00833333333333],[133.58749999999998,34.0125],[133.58124999999998,34.0125],[133.58124999999998,34.00833333333333]]]},"properties":{"type":"Feature","mesh_id":"513304163","municipality_code":"38213","municipality":"四国中央市","total_population":882,"population_65plus":225,"population_75plus":115,"aging_rate_65plus":0.25510204081632654,"aging_rate_75plus":0.13038548752834467,"population_status":"0","population_status_target":null,"population_aggregation_target":null,"age_65plus_missing":false,"age_75plus_missing":false,"age_quality_flag":"ok","data_completeness":"complete"}},{"type":"Feature","geometry":{"type":"Polygon","coordinates":[[[133.58124999999998,34.0125],[133.58749999999998,34.0125],[133.58749999999998,34.01666666666667],[133.58124999999998,34.01666666666667],[133.58124999999998,34.0125]]]},"properties":{"type":"Feature","mesh_id":"513304164","municipality_code":"38213","municipality":"四国中央市","total_population":343,"population_65plus":77,"population_75plus":30,"aging_rate_65plus":0.22448979591836735,"aging_rate_75plus":0.08746355685131195,"population_status":"0","population_status_target":null,"population_aggregation_target":null,"age_65plus_missing":false,"age_75plus_missing":false,"age_quality_flag":"ok","data_completeness":"complete"}},{"type":"Feature","geometry":{"type":"Polygon","coordinates":[[[133.5875,34.00833333333333],[133.59375,34.00833333333333],[133.59375,34.0125],[133.5875,34.0125],[133.5875,34.00833333333333]]]},"properties":{"type":"Feature","mesh_id":"513304171","municipality_code":"38213","municipality":"四国中央市","total_population":1078,"population_65plus":243,"population_75plus":113,"aging_rate_65plus":0.22541743970315398,"aging_rate_75plus":0.10482374768089053,"population_status":"0","population_status_target":null,"population_aggregation_target":null,"age_65plus_missing":false,"age_75plus_missing":false,"age_quality_flag":"ok","data_completeness":"complete"}},{"type":"Feature","geometry":{"type":"Polygon","coordinates":[[[133.5875,34.0125],[133.59375,34.0125],[133.59375,34.01666666666667],[133.5875,34.01666666666667],[133.5875,34.0125]]]},"properties":{"type":"Feature","mesh_id":"513304172","municipality_code":"38213","municipality":"四国中央市","total_population":278,"population_65plus":131,"population_75plus":82,"aging_rate_65plus":0.4712230215827338,"aging_rate_75plus":0.2949640287769784,"population_status":"0","population_status_target":null,"population_aggregation_target":null,"age_65plus_missing":false,"age_75plus_missing":false,"age_quality_flag":"ok","data_completeness":"complete"}},{"type":"Feature","geometry":{"type":"Polygon","coordinates":[[[133.59375,34.00833333333333],[133.6,34.00833333333333],[133.6,34.0125],[133.59375,34.0125],[133.59375,34.00833333333333]]]},"properties":{"type":"Feature","mesh_id":"513304173","municipality_code":"38213","municipality":"四国中央市","total_population":182,"population_65plus":70,"population_75plus":31,"aging_rate_65plus":0.38461538461538464,"aging_rate_75plus":0.17032967032967034,"population_status":"0","population_status_target":null,"population_aggregation_target":null,"age_65plus_missing":false,"age_75plus_missing":false,"age_quality_flag":"ok","data_completeness":"complete"}},{"type":"Feature","geometry":{"type":"Polygon","coordinates":[[[133.59375,34.0125],[133.6,34.0125],[133.6,34.01666666666667],[133.59375,34.01666666666667],[133.59375,34.0125]]]},"properties":{"type":"Feature","mesh_id":"513304174","municipality_code":"38213","municipality":"四国中央市","total_population":332,"population_65plus":105,"population_75plus":43,"aging_rate_65plus":0.31626506024096385,"aging_rate_75plus":0.12951807228915663,"population_status":"0","population_status_target":null,"population_aggregation_target":null,"age_65plus_missing":false,"age_75plus_missing":false,"age_quality_flag":"ok","data_completeness":"complete"}},{"type":"Feature","geometry":{"type":"Polygon","coordinates":[[[133.6,34.00833333333333],[133.60625,34.00833333333333],[133.60625,34.0125],[133.6,34.0125],[133.6,34.00833333333333]]]},"properties":{"type":"Feature","mesh_id":"513304181","municipality_code":"38213","municipality":"四国中央市","total_population":41,"population_65plus":16,"population_75plus":10,"aging_rate_65plus":0.3902439024390244,"aging_rate_75plus":0.24390243902439024,"population_status":"1","population_status_target":null,"population_aggregation_target":"513304184","age_65plus_missing":false,"age_75plus_missing":false,"age_quality_flag":"ok","data_completeness":"complete"}},{"type":"Feature","geometry":{"type":"Polygon","coordinates":[[[133.60625,34.00833333333333],[133.61249999999998,34.00833333333333],[133.61249999999998,34.0125],[133.60625,34.0125],[133.60625,34.00833333333333]]]},"properties":{"type":"Feature","mesh_id":"513304183","municipality_code":"38213","municipality":"四国中央市","total_population":42,"population_65plus":20,"population_75plus":12,"aging_rate_65plus":0.47619047619047616,"aging_rate_75plus":0.2857142857142857,"population_status":"0","population_status_target":null,"population_aggregation_target":null,"age_65plus_missing":false,"age_75plus_missing":false,"age_quality_flag":"ok","data_completeness":"complete"}},{"type":"Feature","geometry":{"type":"Polygon","coordinates":[[[133.60625,34.0125],[133.61249999999998,34.0125],[133.61249999999998,34.01666666666667],[133.60625,34.01666666666667],[133.60625,34.0125]]]},"properties":{"type":"Feature","mesh_id":"513304184","municipality_code":"38213","municipality":"四国中央市","total_population":4,"population_65plus":null,"population_75plus":null,"aging_rate_65plus":null,"aging_rate_75plus":null,"population_status":"2","population_status_target":"513304181","population_aggregation_target":null,"age_65plus_missing":true,"age_75plus_missing":true,"age_quality_flag":"ok","data_completeness":"partial"}},{"type":"Feature","geometry":{"type":"Polygon","coordinates":[[[133.6125,34.00833333333333],[133.61875,34.00833333333333],[133.61875,34.0125],[133.6125,34.0125],[133.6125,34.00833333333333]]]},"properties":{"type":"Feature","mesh_id":"513304191","municipality_code":"38213","municipality":"四国中央市","total_population":8,"population_65plus":null,"population_75plus":null,"aging_rate_65plus":null,"aging_rate_75plus":null,"population_status":"2","population_status_target":"513304194","population_aggregation_target":null,"age_65plus_missing":true,"age_75plus_missing":true,"age_quality_flag":"ok","data_completeness":"partial"}},{"type":"Feature","geometry":{"type":"Polygon","coordinates":[[[133.6125,34.0125],[133.61875,34.0125],[133.61875,34.01666666666667],[133.6125,34.01666666666667],[133.6125,34.0125]]]},"properties":{"type":"Feature","mesh_id":"513304192","municipality_code":"38213","municipality":"四国中央市","total_population":11,"population_65plus":9,"population_75plus":5,"aging_rate_65plus":0.8181818181818182,"aging_rate_75plus":0.45454545454545453,"population_status":"0","population_status_target":null,"population_aggregation_target":null,"age_65plus_missing":false,"age_75plus_missing":false,"age_quality_flag":"ok","data_completeness":"complete"}},{"type":"Feature","geometry":{"type":"Polygon","coordinates":[[[133.61875,34.0125],[133.625,34.0125],[133.625,34.01666666666667],[133.61875,34.01666666666667],[133.61875,34.0125]]]},"properties":{"type":"Feature","mesh_id":"513304194","municipality_code":"38213","municipality":"四国中央市","total_population":10,"population_65plus":4,"population_75plus":2,"aging_rate_65plus":0.4,"aging_rate_75plus":0.2,"population_status":"1","population_status_target":null,"population_aggregation_target":"513304191","age_65plus_missing":false,"age_75plus_missing":false,"age_quality_flag":"ok","data_completeness":"complete"}},{"type":"Feature","geometry":{"type":"Polygon","coordinates":[[[133.5625,34.016666666666666],[133.56875,34.016666666666666],[133.56875,34.020833333333336],[133.5625,34.020833333333336],[133.5625,34.016666666666666]]]},"properties":{"type":"Feature","mesh_id":"513304251","municipality_code":"38213","municipality":"四国中央市","total_population":157,"population_65plus":21,"population_75plus":7,"aging_rate_65plus":0.1337579617834395,"aging_rate_75plus":0.044585987261146494,"population_status":"0","population_status_target":null,"population_aggregation_target":null,"age_65plus_missing":false,"age_75plus_missing":false,"age_quality_flag":"ok","data_completeness":"complete"}},{"type":"Feature","geometry":{"type":"Polygon","coordinates":[[[133.575,34.016666666666666],[133.58124999999998,34.016666666666666],[133.58124999999998,34.020833333333336],[133.575,34.020833333333336],[133.575,34.016666666666666]]]},"properties":{"type":"Feature","mesh_id":"513304261","municipality_code":"38213","municipality":"四国中央市","total_population":807,"population_65plus":197,"population_75plus":114,"aging_rate_65plus":0.24411400247831475,"aging_rate_75plus":0.1412639405204461,"population_status":"0","population_status_target":null,"population_aggregation_target":null,"age_65plus_missing":false,"age_75plus_missing":false,"age_quality_flag":"ok","data_completeness":"complete"}},{"type":"Feature","geometry":{"type":"Polygon","coordinates":[[[133.58124999999998,34.016666666666666],[133.58749999999998,34.016666666666666],[133.58749999999998,34.020833333333336],[133.58124999999998,34.020833333333336],[133.58124999999998,34.016666666666666]]]},"properties":{"type":"Feature","mesh_id":"513304263","municipality_code":"38213","municipality":"四国中央市","total_population":77,"population_65plus":22,"population_75plus":10,"aging_rate_65plus":0.2857142857142857,"aging_rate_75plus":0.12987012987012986,"population_status":"0","population_status_target":null,"population_aggregation_target":null,"age_65plus_missing":false,"age_75plus_missing":false,"age_quality_flag":"ok","data_completeness":"complete"}},{"type":"Feature","geometry":{"type":"Polygon","coordinates":[[[133.58124999999998,34.020833333333336],[133.58749999999998,34.020833333333336],[133.58749999999998,34.025000000000006],[133.58124999999998,34.025000000000006],[133.58124999999998,34.020833333333336]]]},"properties":{"type":"Feature","mesh_id":"513304264","municipality_code":"38213","municipality":"四国中央市","total_population":166,"population_65plus":52,"population_75plus":20,"aging_rate_65plus":0.3132530120481928,"aging_rate_75plus":0.12048192771084337,"population_status":"0","population_status_target":null,"population_aggregation_target":null,"age_65plus_missing":false,"age_75plus_missing":false,"age_quality_flag":"ok","data_completeness":"complete"}},{"type":"Feature","geometry":{"type":"Polygon","coordinates":[[[133.5875,34.020833333333336],[133.59375,34.020833333333336],[133.59375,34.025000000000006],[133.5875,34.025000000000006],[133.5875,34.020833333333336]]]},"properties":{"type":"Feature","mesh_id":"513304272","municipality_code":"38213","municipality":"四国中央市","total_population":207,"population_65plus":34,"population_75plus":7,"aging_rate_65plus":0.1642512077294686,"aging_rate_75plus":0.033816425120772944,"population_status":"1","population_status_target":null,"population_aggregation_target":"513304274","age_65plus_missing":false,"age_75plus_missing":false,"age_quality_flag":"ok","data_completeness":"complete"}},{"type":"Feature","geometry":{"type":"Polygon","coordinates":[[[133.59375,34.020833333333336],[133.6,34.020833333333336],[133.6,34.025000000000006],[133.59375,34.025000000000006],[133.59375,34.020833333333336]]]},"properties":{"type":"Feature","mesh_id":"513304274","municipality_code":"38213","municipality":"四国中央市","total_population":4,"population_65plus":null,"population_75plus":null,"aging_rate_65plus":null,"aging_rate_75plus":null,"population_status":"2","population_status_target":"513304272","population_aggregation_target":null,"age_65plus_missing":true,"age_75plus_missing":true,"age_quality_flag":"ok","data_completeness":"partial"}},{"type":"Feature","geometry":{"type":"Polygon","coordinates":[[[133.6,34.016666666666666],[133.60625,34.016666666666666],[133.60625,34.020833333333336],[133.6,34.020833333333336],[133.6,34.016666666666666]]]},"properties":{"type":"Feature","mesh_id":"513304281","municipality_code":"38213","municipality":"四国中央市","total_population":170,"population_65plus":40,"population_75plus":10,"aging_rate_65plus":0.23529411764705882,"aging_rate_75plus":0.058823529411764705,"population_status":"0","population_status_target":null,"population_aggregation_target":null,"age_65plus_missing":false,"age_75plus_missing":false,"age_quality_flag":"ok","data_completeness":"complete"}},{"type":"Feature","geometry":{"type":"Polygon","coordinates":[[[133.6,34.020833333333336],[133.60625,34.020833333333336],[133.60625,34.025000000000006],[133.6,34.025000000000006],[133.6,34.020833333333336]]]},"properties":{"type":"Feature","mesh_id":"513304282","municipality_code":"38213","municipality":"四国中央市","total_population":179,"population_65plus":58,"population_75plus":26,"aging_rate_65plus":0.3240223463687151,"aging_rate_75plus":0.1452513966480447,"population_status":"0","population_status_target":null,"population_aggregation_target":null,"age_65plus_missing":false,"age_75plus_missing":false,"age_quality_flag":"ok","data_completeness":"complete"}},{"type":"Feature","geometry":{"type":"Polygon","coordinates":[[[133.60625,34.016666666666666],[133.61249999999998,34.016666666666666],[133.61249999999998,34.020833333333336],[133.60625,34.020833333333336],[133.60625,34.016666666666666]]]},"properties":{"type":"Feature","mesh_id":"513304283","municipality_code":"38213","municipality":"四国中央市","total_population":43,"population_65plus":15,"population_75plus":5,"aging_rate_65plus":0.3488372093023256,"aging_rate_75plus":0.11627906976744186,"population_status":"0","population_status_target":null,"population_aggregation_target":null,"age_65plus_missing":false,"age_75plus_missing":false,"age_quality_flag":"ok","data_completeness":"complete"}},{"type":"Feature","geometry":{"type":"Polygon","coordinates":[[[133.60625,34.020833333333336],[133.61249999999998,34.020833333333336],[133.61249999999998,34.025000000000006],[133.60625,34.025000000000006],[133.60625,34.020833333333336]]]},"properties":{"type":"Feature","mesh_id":"513304284","municipality_code":"38213","municipality":"四国中央市","total_population":21,"population_65plus":5,"population_75plus":0,"aging_rate_65plus":0.23809523809523808,"aging_rate_75plus":0.0,"population_status":"0","population_status_target":null,"population_aggregation_target":null,"age_65plus_missing":false,"age_75plus_missing":false,"age_quality_flag":"ok","data_completeness":"complete"}},{"type":"Feature","geometry":{"type":"Polygon","coordinates":[[[133.6125,34.016666666666666],[133.61875,34.016666666666666],[133.61875,34.020833333333336],[133.6125,34.020833333333336],[133.6125,34.016666666666666]]]},"properties":{"type":"Feature","mesh_id":"513304291","municipality_code":"38213","municipality":"四国中央市","total_population":2,"population_65plus":null,"population_75plus":null,"aging_rate_65plus":null,"aging_rate_75plus":null,"population_status":"2","population_status_target":"513304292","population_aggregation_target":null,"age_65plus_missing":true,"age_75plus_missing":true,"age_quality_flag":"ok","data_completeness":"partial"}},{"type":"Feature","geometry":{"type":"Polygon","coordinates":[[[133.6125,34.020833333333336],[133.61875,34.020833333333336],[133.61875,34.025000000000006],[133.6125,34.025000000000006],[133.6125,34.020833333333336]]]},"properties":{"type":"Feature","mesh_id":"513304292","municipality_code":"38213","municipality":"四国中央市","total_population":16,"population_65plus":13,"population_75plus":4,"aging_rate_65plus":0.8125,"aging_rate_75plus":0.25,"population_status":"1","population_status_target":null,"population_aggregation_target":"513304291;513304294;513304392","age_65plus_missing":false,"age_75plus_missing":false,"age_quality_flag":"ok","data_completeness":"complete"}},{"type":"Feature","geometry":{"type":"Polygon","coordinates":[[[133.61875,34.020833333333336],[133.625,34.020833333333336],[133.625,34.025000000000006],[133.61875,34.025000000000006],[133.61875,34.020833333333336]]]},"properties":{"type":"Feature","mesh_id":"513304294","municipality_code":"38213","municipality":"四国中央市","total_population":5,"population_65plus":null,"population_75plus":null,"aging_rate_65plus":null,"aging_rate_75plus":null,"population_status":"2","population_status_target":"513304292","population_aggregation_target":null,"age_65plus_missing":true,"age_75plus_missing":true,"age_quality_flag":"ok","data_completeness":"partial"}},{"type":"Feature","geometry":{"type":"Polygon","coordinates":[[[133.58124999999998,34.025],[133.58749999999998,34.025],[133.58749999999998,34.02916666666667],[133.58124999999998,34.02916666666667],[133.58124999999998,34.025]]]},"properties":{"type":"Feature","mesh_id":"513304363","municipality_code":"38213","municipality":"四国中央市","total_population":1,"population_65plus":null,"population_75plus":null,"aging_rate_65plus":null,"aging_rate_75plus":null,"population_status":"2","population_status_target":"513304364","population_aggregation_target":null,"age_65plus_missing":true,"age_75plus_missing":true,"age_quality_flag":"ok","data_completeness":"partial"}},{"type":"Feature","geometry":{"type":"Polygon","coordinates":[[[133.5875,34.02916666666667],[133.59375,34.02916666666667],[133.59375,34.03333333333334],[133.5875,34.03333333333334],[133.5875,34.02916666666667]]]},"properties":{"type":"Feature","mesh_id":"513304372","municipality_code":"38213","municipality":"四国中央市","total_population":13,"population_65plus":6,"population_75plus":3,"aging_rate_65plus":0.46153846153846156,"aging_rate_75plus":0.23076923076923078,"population_status":"1","population_status_target":null,"population_aggregation_target":"513304381","age_65plus_missing":false,"age_75plus_missing":false,"age_quality_flag":"ok","data_completeness":"complete"}},{"type":"Feature","geometry":{"type":"Polygon","coordinates":[[[133.59375,34.025],[133.6,34.025],[133.6,34.02916666666667],[133.59375,34.02916666666667],[133.59375,34.025]]]},"properties":{"type":"Feature","mesh_id":"513304373","municipality_code":"38213","municipality":"四国中央市","total_population":63,"population_65plus":25,"population_75plus":14,"aging_rate_65plus":0.3968253968253968,"aging_rate_75plus":0.2222222222222222,"population_status":"0","population_status_target":null,"population_aggregation_target":null,"age_65plus_missing":false,"age_75plus_missing":false,"age_quality_flag":"ok","data_completeness":"complete"}},{"type":"Feature","geometry":{"type":"Polygon","coordinates":[[[133.6,34.025],[133.60625,34.025],[133.60625,34.02916666666667],[133.6,34.02916666666667],[133.6,34.025]]]},"properties":{"type":"Feature","mesh_id":"513304381","municipality_code":"38213","municipality":"四国中央市","total_population":10,"population_65plus":null,"population_75plus":null,"aging_rate_65plus":null,"aging_rate_75plus":null,"population_status":"2","population_status_target":"513304372","population_aggregation_target":null,"age_65plus_missing":true,"age_75plus_missing":true,"age_quality_flag":"ok","data_completeness":"partial"}},{"type":"Feature","geometry":{"type":"Polygon","coordinates":[[[133.6125,34.02916666666667],[133.61875,34.02916666666667],[133.61875,34.03333333333334],[133.6125,34.03333333333334],[133.6125,34.02916666666667]]]},"properties":{"type":"Feature","mesh_id":"513304392","municipality_code":"38213","municipality":"四国中央市","total_population":5,"population_65plus":null,"population_75plus":null,"aging_rate_65plus":null,"aging_rate_75plus":null,"population_status":"2","population_status_target":"513304292","population_aggregation_target":null,"age_65plus_missing":true,"age_75plus_missing":true,"age_quality_flag":"ok","data_completeness":"partial"}},{"type":"Feature","geometry":{"type":"Polygon","coordinates":[[[133.59375,34.0375],[133.6,34.0375],[133.6,34.04166666666667],[133.59375,34.04166666666667],[133.59375,34.0375]]]},"properties":{"type":"Feature","mesh_id":"513304474","municipality_code":"38213","municipality":"四国中央市","total_population":9,"population_65plus":null,"population_75plus":null,"aging_rate_65plus":null,"aging_rate_75plus":null,"population_status":"2","population_status_target":"513304472","population_aggregation_target":null,"age_65plus_missing":true,"age_75plus_missing":true,"age_quality_flag":"ok","data_completeness":"partial"}},{"type":"Feature","geometry":{"type":"Polygon","coordinates":[[[133.625,34.0],[133.63125,34.0],[133.63125,34.00416666666667],[133.625,34.00416666666667],[133.625,34.0]]]},"properties":{"type":"Feature","mesh_id":"513305001","municipality_code":"38213","municipality":"四国中央市","total_population":17,"population_65plus":12,"population_75plus":6,"aging_rate_65plus":0.7058823529411765,"aging_rate_75plus":0.35294117647058826,"population_status":"1","population_status_target":null,"population_aggregation_target":"513305002","age_65plus_missing":false,"age_75plus_missing":false,"age_quality_flag":"ok","data_completeness":"complete"}},{"type":"Feature","geometry":{"type":"Polygon","coordinates":[[[133.625,34.00416666666667],[133.63125,34.00416666666667],[133.63125,34.00833333333334],[133.625,34.00833333333334],[133.625,34.00416666666667]]]},"properties":{"type":"Feature","mesh_id":"513305002","municipality_code":"38213","municipality":"四国中央市","total_population":8,"population_65plus":null,"population_75plus":null,"aging_rate_65plus":null,"aging_rate_75plus":null,"population_status":"2","population_status_target":"513305001","population_aggregation_target":null,"age_65plus_missing":true,"age_75plus_missing":true,"age_quality_flag":"ok","data_completeness":"partial"}},{"type":"Feature","geometry":{"type":"Polygon","coordinates":[[[133.63125,34.0],[133.6375,34.0],[133.6375,34.00416666666667],[133.63125,34.00416666666667],[133.63125,34.0]]]},"properties":{"type":"Feature","mesh_id":"513305003","municipality_code":"38213","municipality":"四国中央市","total_population":32,"population_65plus":16,"population_75plus":5,"aging_rate_65plus":0.5,"aging_rate_75plus":0.15625,"population_status":"1","population_status_target":null,"population_aggregation_target":"513305101","age_65plus_missing":false,"age_75plus_missing":false,"age_quality_flag":"ok","data_completeness":"complete"}},{"type":"Feature","geometry":{"type":"Polygon","coordinates":[[[133.6375,34.0],[133.64374999999998,34.0],[133.64374999999998,34.00416666666667],[133.6375,34.00416666666667],[133.6375,34.0]]]},"properties":{"type":"Feature","mesh_id":"513305011","municipality_code":"38213","municipality":"四国中央市","total_population":29,"population_65plus":13,"population_75plus":6,"aging_rate_65plus":0.4482758620689655,"aging_rate_75plus":0.20689655172413793,"population_status":"0","population_status_target":null,"population_aggregation_target":null,"age_65plus_missing":false,"age_75plus_missing":false,"age_quality_flag":"ok","data_completeness":"complete"}},{"type":"Feature","geometry":{"type":"Polygon","coordinates":[[[133.6375,34.00416666666667],[133.64374999999998,34.00416666666667],[133.64374999999998,34.00833333333334],[133.6375,34.00833333333334],[133.6375,34.00416666666667]]]},"properties":{"type":"Feature","mesh_id":"513305012","municipality_code":"38213","municipality":"四国中央市","total_population":23,"population_65plus":19,"population_75plus":6,"aging_rate_65plus":0.8260869565217391,"aging_rate_75plus":0.2608695652173913,"population_status":"1","population_status_target":null,"population_aggregation_target":"513305014","age_65plus_missing":false,"age_75plus_missing":false,"age_quality_flag":"ok","data_completeness":"complete"}},{"type":"Feature","geometry":{"type":"Polygon","coordinates":[[[133.64374999999998,34.00416666666667],[133.64999999999998,34.00416666666667],[133.64999999999998,34.00833333333334],[133.64374999999998,34.00833333333334],[133.64374999999998,34.00416666666667]]]},"properties":{"type":"Feature","mesh_id":"513305014","municipality_code":"38213","municipality":"四国中央市","total_population":6,"population_65plus":null,"population_75plus":null,"aging_rate_65plus":null,"aging_rate_75plus":null,"population_status":"2","population_status_target":"513305012","population_aggregation_target":null,"age_65plus_missing":true,"age_75plus_missing":true,"age_quality_flag":"ok","data_completeness":"partial"}},{"type":"Feature","geometry":{"type":"Polygon","coordinates":[[[133.65625,34.0],[133.6625,34.0],[133.6625,34.00416666666667],[133.65625,34.00416666666667],[133.65625,34.0]]]},"properties":{"type":"Feature","mesh_id":"513305023","municipality_code":"38213","municipality":"四国中央市","total_population":10,"population_65plus":2,"population_75plus":1,"aging_rate_65plus":0.2,"aging_rate_75plus":0.1,"population_status":"0","population_status_target":null,"population_aggregation_target":null,"age_65plus_missing":false,"age_75plus_missing":false,"age_quality_flag":"ok","data_completeness":"complete"}},{"type":"Feature","geometry":{"type":"Polygon","coordinates":[[[133.65625,34.00416666666667],[133.6625,34.00416666666667],[133.6625,34.00833333333334],[133.65625,34.00833333333334],[133.65625,34.00416666666667]]]},"properties":{"type":"Feature","mesh_id":"513305024","municipality_code":"38213","municipality":"四国中央市","total_population":47,"population_65plus":27,"population_75plus":14,"aging_rate_65plus":0.574468085106383,"aging_rate_75plus":0.2978723404255319,"population_status":"1","population_status_target":null,"population_aggregation_target":"513305032;513305041;513305122;513305131;513305222","age_65plus_missing":false,"age_75plus_missing":false,"age_quality_flag":"ok","data_completeness":"complete"}},{"type":"Feature","geometry":{"type":"Polygon","coordinates":[[[133.6625,34.00416666666667],[133.66875,34.00416666666667],[133.66875,34.00833333333334],[133.6625,34.00833333333334],[133.6625,34.00416666666667]]]},"properties":{"type":"Feature","mesh_id":"513305032","municipality_code":"38213","municipality":"四国中央市","total_population":1,"population_65plus":null,"population_75plus":null,"aging_rate_65plus":null,"aging_rate_75plus":null,"population_status":"2","population_status_target":"513305024","population_aggregation_target":null,"age_65plus_missing":true,"age_75plus_missing":true,"age_quality_flag":"ok","data_completeness":"partial"}},{"type":"Feature","geometry":{"type":"Polygon","coordinates":[[[133.675,34.0],[133.68125,34.0],[133.68125,34.00416666666667],[133.675,34.00416666666667],[133.675,34.0]]]},"properties":{"type":"Feature","mesh_id":"513305041","municipality_code":"38213","municipality":"四国中央市","total_population":1,"population_65plus":null,"population_75plus":null,"aging_rate_65plus":null,"aging_rate_75plus":null,"population_status":"2","population_status_target":"513305024","population_aggregation_target":null,"age_65plus_missing":true,"age_75plus_missing":true,"age_quality_flag":"ok","data_completeness":"partial"}},{"type":"Feature","geometry":{"type":"Polygon","coordinates":[[[133.625,34.00833333333333],[133.63125,34.00833333333333],[133.63125,34.0125],[133.625,34.0125],[133.625,34.00833333333333]]]},"properties":{"type":"Feature","mesh_id":"513305101","municipality_code":"38213","municipality":"四国中央市","total_population":2,"population_65plus":null,"population_75plus":null,"aging_rate_65plus":null,"aging_rate_75plus":null,"population_status":"2","population_status_target":"513305003","population_aggregation_target":null,"age_65plus_missing":true,"age_75plus_missing":true,"age_quality_flag":"ok","data_completeness":"partial"}},{"type":"Feature","geometry":{"type":"Polygon","coordinates":[[[133.64374999999998,34.00833333333333],[133.64999999999998,34.00833333333333],[133.64999999999998,34.0125],[133.64374999999998,34.0125],[133.64374999999998,34.00833333333333]]]},"properties":{"type":"Feature","mesh_id":"513305113","municipality_code":"38213","municipality":"四国中央市","total_population":1,"population_65plus":null,"population_75plus":null,"aging_rate_65plus":null,"aging_rate_75plus":null,"population_status":"2","population_status_target":"513305202","population_aggregation_target":null,"age_65plus_missing":true,"age_75plus_missing":true,"age_quality_flag":"ok","data_completeness":"partial"}},{"type":"Feature","geometry":{"type":"Polygon","coordinates":[[[133.65,34.0125],[133.65625,34.0125],[133.65625,34.01666666666667],[133.65,34.01666666666667],[133.65,34.0125]]]},"properties":{"type":"Feature","mesh_id":"513305122","municipality_code":"38213","municipality":"四国中央市","total_population":4,"population_65plus":null,"population_75plus":null,"aging_rate_65plus":null,"aging_rate_75plus":null,"population_status":"2","population_status_target":"513305024","population_aggregation_target":null,"age_65plus_missing":true,"age_75plus_missing":true,"age_quality_flag":"ok","data_completeness":"partial"}},{"type":"Feature","geometry":{"type":"Polygon","coordinates":[[[133.6625,34.00833333333333],[133.66875,34.00833333333333],[133.66875,34.0125],[133.6625,34.0125],[133.6625,34.00833333333333]]]},"properties":{"type":"Feature","mesh_id":"513305131","municipality_code":"38213","municipality":"四国中央市","total_population":1,"population_65plus":null,"population_75plus":null,"aging_rate_65plus":null,"aging_rate_75plus":null,"population_status":"2","population_status_target":"513305024","population_aggregation_target":null,"age_65plus_missing":true,"age_75plus_missing":true,"age_quality_flag":"ok","data_completeness":"partial"}},{"type":"Feature","geometry":{"type":"Polygon","coordinates":[[[133.625,34.020833333333336],[133.63125,34.020833333333336],[133.63125,34.025000000000006],[133.625,34.025000000000006],[133.625,34.020833333333336]]]},"properties":{"type":"Feature","mesh_id":"513305202","municipality_code":"38213","municipality":"四国中央市","total_population":24,"population_65plus":18,"population_75plus":13,"aging_rate_65plus":0.75,"aging_rate_75plus":0.5416666666666666,"population_status":"1","population_status_target":null,"population_aggregation_target":"513305113;513305204","age_65plus_missing":false,"age_75plus_missing":false,"age_quality_flag":"ok","data_completeness":"complete"}},{"type":"Feature","geometry":{"type":"Polygon","coordinates":[[[133.63125,34.020833333333336],[133.6375,34.020833333333336],[133.6375,34.025000000000006],[133.63125,34.025000000000006],[133.63125,34.020833333333336]]]},"properties":{"type":"Feature","mesh_id":"513305204","municipality_code":"38213","municipality":"四国中央市","total_population":8,"population_65plus":null,"population_75plus":null,"aging_rate_65plus":null,"aging_rate_75plus":null,"population_status":"2","population_status_target":"513305202","population_aggregation_target":null,"age_65plus_missing":true,"age_75plus_missing":true,"age_quality_flag":"ok","data_completeness":"partial"}},{"type":"Feature","geometry":{"type":"Polygon","coordinates":[[[133.6375,34.016666666666666],[133.64374999999998,34.016666666666666],[133.64374999999998,34.020833333333336],[133.6375,34.020833333333336],[133.6375,34.016666666666666]]]},"properties":{"type":"Feature","mesh_id":"513305211","municipality_code":"38213","municipality":"四国中央市","total_population":2,"population_65plus":null,"population_75plus":null,"aging_rate_65plus":null,"aging_rate_75plus":null,"population_status":"2","population_status_target":"513305213","population_aggregation_target":null,"age_65plus_missing":true,"age_75plus_missing":true,"age_quality_flag":"ok","data_completeness":"partial"}},{"type":"Feature","geometry":{"type":"Polygon","coordinates":[[[133.64374999999998,34.016666666666666],[133.64999999999998,34.016666666666666],[133.64999999999998,34.020833333333336],[133.64374999999998,34.020833333333336],[133.64374999999998,34.016666666666666]]]},"properties":{"type":"Feature","mesh_id":"513305213","municipality_code":"38213","municipality":"四国中央市","total_population":9,"population_65plus":6,"population_75plus":2,"aging_rate_65plus":0.6666666666666666,"aging_rate_75plus":0.2222222222222222,"population_status":"1","population_status_target":null,"population_aggregation_target":"513305211;513305302","age_65plus_missing":false,"age_75plus_missing":false,"age_quality_flag":"ok","data_completeness":"complete"}},{"type":"Feature","geometry":{"type":"Polygon","coordinates":[[[133.65,34.020833333333336],[133.65625,34.020833333333336],[133.65625,34.025000000000006],[133.65,34.025000000000006],[133.65,34.020833333333336]]]},"properties":{"type":"Feature","mesh_id":"513305222","municipality_code":"38213","municipality":"四国中央市","total_population":1,"population_65plus":null,"population_75plus":null,"aging_rate_65plus":null,"aging_rate_75plus":null,"population_status":"2","population_status_target":"513305024","population_aggregation_target":null,"age_65plus_missing":true,"age_75plus_missing":true,"age_quality_flag":"ok","data_completeness":"partial"}},{"type":"Feature","geometry":{"type":"Polygon","coordinates":[[[133.66875,34.016666666666666],[133.67499999999998,34.016666666666666],[133.67499999999998,34.020833333333336],[133.66875,34.020833333333336],[133.66875,34.016666666666666]]]},"properties":{"type":"Feature","mesh_id":"513305233","municipality_code":"38213","municipality":"四国中央市","total_population":1,"population_65plus":null,"population_75plus":null,"aging_rate_65plus":null,"aging_rate_75plus":null,"population_status":"2","population_status_target":"513305341","population_aggregation_target":null,"age_65plus_missing":true,"age_75plus_missing":true,"age_quality_flag":"ok","data_completeness":"partial"}},{"type":"Feature","geometry":{"type":"Polygon","coordinates":[[[133.625,34.02916666666667],[133.63125,34.02916666666667],[133.63125,34.03333333333334],[133.625,34.03333333333334],[133.625,34.02916666666667]]]},"properties":{"type":"Feature","mesh_id":"513305302","municipality_code":"38213","municipality":"四国中央市","total_population":1,"population_65plus":null,"population_75plus":null,"aging_rate_65plus":null,"aging_rate_75plus":null,"population_status":"2","population_status_target":"513305213","population_aggregation_target":null,"age_65plus_missing":true,"age_75plus_missing":true,"age_quality_flag":"ok","data_completeness":"partial"}}]}