{"type":"FeatureCollection","features":[{"type":"Feature","geometry":{"type":"Polygon","coordinates":[[[132.55,33.625],[132.55625,33.625],[132.55625,33.62916666666667],[132.55,33.62916666666667],[132.55,33.625]]]},"properties":{"type":"Feature","mesh_id":"503234541","municipality_code":"38210","municipality":"伊予市","total_population":1,"population_65plus":null,"population_75plus":null,"aging_rate_65plus":null,"aging_rate_75plus":null,"population_status":"2","population_status_target":"503234544","population_aggregation_target":null,"age_65plus_missing":true,"age_75plus_missing":true,"age_quality_flag":"ok","data_completeness":"partial"}},{"type":"Feature","geometry":{"type":"Polygon","coordinates":[[[132.55,33.62916666666667],[132.55625,33.62916666666667],[132.55625,33.63333333333334],[132.55,33.63333333333334],[132.55,33.62916666666667]]]},"properties":{"type":"Feature","mesh_id":"503234542","municipality_code":"38210","municipality":"伊予市","total_population":5,"population_65plus":null,"population_75plus":null,"aging_rate_65plus":null,"aging_rate_75plus":null,"population_status":"2","population_status_target":"503234544","population_aggregation_target":null,"age_65plus_missing":true,"age_75plus_missing":true,"age_quality_flag":"ok","data_completeness":"partial"}},{"type":"Feature","geometry":{"type":"Polygon","coordinates":[[[132.55625,33.62916666666667],[132.5625,33.62916666666667],[132.5625,33.63333333333334],[132.55625,33.63333333333334],[132.55625,33.62916666666667]]]},"properties":{"type":"Feature","mesh_id":"503234544","municipality_code":"38210","municipality":"伊予市","total_population":10,"population_65plus":null,"population_75plus":null,"aging_rate_65plus":null,"aging_rate_75plus":null,"population_status":"1","population_status_target":null,"population_aggregation_target":"503234541;503234542;503234641;503234644","age_65plus_missing":true,"age_75plus_missing":true,"age_quality_flag":"inconsistent_with_total","data_completeness":"partial"}},{"type":"Feature","geometry":{"type":"Polygon","coordinates":[[[132.5375,33.63333333333333],[132.54375,33.63333333333333],[132.54375,33.6375],[132.5375,33.6375],[132.5375,33.63333333333333]]]},"properties":{"type":"Feature","mesh_id":"503234631","municipality_code":"38210","municipality":"伊予市","total_population":36,"population_65plus":21,"population_75plus":10,"aging_rate_65plus":0.5833333333333334,"aging_rate_75plus":0.2777777777777778,"population_status":"0","population_status_target":null,"population_aggregation_target":null,"age_65plus_missing":false,"age_75plus_missing":false,"age_quality_flag":"ok","data_completeness":"complete"}},{"type":"Feature","geometry":{"type":"Polygon","coordinates":[[[132.54375,33.63333333333333],[132.54999999999998,33.63333333333333],[132.54999999999998,33.6375],[132.54375,33.6375],[132.54375,33.63333333333333]]]},"properties":{"type":"Feature","mesh_id":"503234633","municipality_code":"38210","municipality":"伊予市","total_population":3,"population_65plus":null,"population_75plus":null,"aging_rate_65plus":null,"aging_rate_75plus":null,"population_status":"2","population_status_target":"503234634","population_aggregation_target":null,"age_65plus_missing":true,"age_75plus_missing":true,"age_quality_flag":"ok","data_completeness":"partial"}},{"type":"Feature","geometry":{"type":"Polygon","coordinates":[[[132.54375,33.6375],[132.54999999999998,33.6375],[132.54999999999998,33.64166666666667],[132.54375,33.64166666666667],[132.54375,33.6375]]]},"properties":{"type":"Feature","mesh_id":"503234634","municipality_code":"38210","municipality":"伊予市","total_population":14,"population_65plus":11,"population_75plus":7,"aging_rate_65plus":0.7857142857142857,"aging_rate_75plus":0.5,"population_status":"1","population_status_target":null,"population_aggregation_target":"503234633","age_65plus_missing":false,"age_75plus_missing":false,"age_quality_flag":"ok","data_completeness":"complete"}},{"type":"Feature","geometry":{"type":"Polygon","coordinates":[[[132.55,33.63333333333333],[132.55625,33.63333333333333],[132.55625,33.6375],[132.55,33.6375],[132.55,33.63333333333333]]]},"properties":{"type":"Feature","mesh_id":"503234641","municipality_code":"38210","municipality":"伊予市","total_population":7,"population_65plus":null,"population_75plus":null,"aging_rate_65plus":null,"aging_rate_75plus":null,"population_status":"2","population_status_target":"503234544","population_aggregation_target":null,"age_65plus_missing":true,"age_75plus_missing":true,"age_quality_flag":"ok","data_completeness":"partial"}},{"type":"Feature","geometry":{"type":"Polygon","coordinates":[[[132.55625,33.6375],[132.5625,33.6375],[132.5625,33.64166666666667],[132.55625,33.64166666666667],[132.55625,33.6375]]]},"properties":{"type":"Feature","mesh_id":"503234644","municipality_code":"38210","municipality":"伊予市","total_population":9,"population_65plus":null,"population_75plus":null,"aging_rate_65plus":null,"aging_rate_75plus":null,"population_status":"2","population_status_target":"503234544","population_aggregation_target":null,"age_65plus_missing":true,"age_75plus_missing":true,"age_quality_flag":"ok","data_completeness":"partial"}},{"type":"Feature","geometry":{"type":"Polygon","coordinates":[[[132.56875,33.63333333333333],[132.575,33.63333333333333],[132.575,33.6375],[132.56875,33.6375],[132.56875,33.63333333333333]]]},"properties":{"type":"Feature","mesh_id":"503234653","municipality_code":"38210","municipality":"伊予市","total_population":11,"population_65plus":8,"population_75plus":4,"aging_rate_65plus":0.7272727272727273,"aging_rate_75plus":0.36363636363636365,"population_status":"0","population_status_target":null,"population_aggregation_target":null,"age_65plus_missing":false,"age_75plus_missing":false,"age_quality_flag":"ok","data_completeness":"complete"}},{"type":"Feature","geometry":{"type":"Polygon","coordinates":[[[132.58124999999998,33.6375],[132.58749999999998,33.6375],[132.58749999999998,33.64166666666667],[132.58124999999998,33.64166666666667],[132.58124999999998,33.6375]]]},"properties":{"type":"Feature","mesh_id":"503234664","municipality_code":"38210","municipality":"伊予市","total_population":5,"population_65plus":null,"population_75plus":null,"aging_rate_65plus":null,"aging_rate_75plus":null,"population_status":"2","population_status_target":"503234762","population_aggregation_target":null,"age_65plus_missing":true,"age_75plus_missing":true,"age_quality_flag":"ok","data_completeness":"partial"}},{"type":"Feature","geometry":{"type":"Polygon","coordinates":[[[132.5875,33.6375],[132.59375,33.6375],[132.59375,33.64166666666667],[132.5875,33.64166666666667],[132.5875,33.6375]]]},"properties":{"type":"Feature","mesh_id":"503234672","municipality_code":"38210","municipality":"伊予市","total_population":12,"population_65plus":null,"population_75plus":null,"aging_rate_65plus":null,"aging_rate_75plus":null,"population_status":"2","population_status_target":"503234673","population_aggregation_target":null,"age_65plus_missing":true,"age_75plus_missing":true,"age_quality_flag":"ok","data_completeness":"partial"}},{"type":"Feature","geometry":{"type":"Polygon","coordinates":[[[132.59375,33.63333333333333],[132.6,33.63333333333333],[132.6,33.6375],[132.59375,33.6375],[132.59375,33.63333333333333]]]},"properties":{"type":"Feature","mesh_id":"503234673","municipality_code":"38210","municipality":"伊予市","total_population":4,"population_65plus":null,"population_75plus":null,"aging_rate_65plus":null,"aging_rate_75plus":null,"population_status":"1","population_status_target":null,"population_aggregation_target":"503234672;503234674","age_65plus_missing":true,"age_75plus_missing":true,"age_quality_flag":"inconsistent_with_total","data_completeness":"partial"}},{"type":"Feature","geometry":{"type":"Polygon","coordinates":[[[132.59375,33.6375],[132.6,33.6375],[132.6,33.64166666666667],[132.59375,33.64166666666667],[132.59375,33.6375]]]},"properties":{"type":"Feature","mesh_id":"503234674","municipality_code":"38210","municipality":"伊予市","total_population":8,"population_65plus":null,"population_75plus":null,"aging_rate_65plus":null,"aging_rate_75plus":null,"population_status":"2","population_status_target":"503234673","population_aggregation_target":null,"age_65plus_missing":true,"age_75plus_missing":true,"age_quality_flag":"ok","data_completeness":"partial"}},{"type":"Feature","geometry":{"type":"Polygon","coordinates":[[[132.55,33.641666666666666],[132.55625,33.641666666666666],[132.55625,33.645833333333336],[132.55,33.645833333333336],[132.55,33.641666666666666]]]},"properties":{"type":"Feature","mesh_id":"503234741","municipality_code":"38210","municipality":"伊予市","total_population":2,"population_65plus":null,"population_75plus":null,"aging_rate_65plus":null,"aging_rate_75plus":null,"population_status":"2","population_status_target":"503234742","population_aggregation_target":null,"age_65plus_missing":true,"age_75plus_missing":true,"age_quality_flag":"ok","data_completeness":"partial"}},{"type":"Feature","geometry":{"type":"Polygon","coordinates":[[[132.5625,33.645833333333336],[132.56875,33.645833333333336],[132.56875,33.650000000000006],[132.5625,33.650000000000006],[132.5625,33.645833333333336]]]},"properties":{"type":"Feature","mesh_id":"503234752","municipality_code":"38210","municipality":"伊予市","total_population":32,"population_65plus":18,"population_75plus":8,"aging_rate_65plus":0.5625,"aging_rate_75plus":0.25,"population_status":"1","population_status_target":null,"population_aggregation_target":"503234753","age_65plus_missing":false,"age_75plus_missing":false,"age_quality_flag":"ok","data_completeness":"complete"}},{"type":"Feature","geometry":{"type":"Polygon","coordinates":[[[132.56875,33.641666666666666],[132.575,33.641666666666666],[132.575,33.645833333333336],[132.56875,33.645833333333336],[132.56875,33.641666666666666]]]},"properties":{"type":"Feature","mesh_id":"503234753","municipality_code":"38210","municipality":"伊予市","total_population":3,"population_65plus":null,"population_75plus":null,"aging_rate_65plus":null,"aging_rate_75plus":null,"population_status":"2","population_status_target":"503234752","population_aggregation_target":null,"age_65plus_missing":true,"age_75plus_missing":true,"age_quality_flag":"ok","data_completeness":"partial"}},{"type":"Feature","geometry":{"type":"Polygon","coordinates":[[[132.56875,33.645833333333336],[132.575,33.645833333333336],[132.575,33.650000000000006],[132.56875,33.650000000000006],[132.56875,33.645833333333336]]]},"properties":{"type":"Feature","mesh_id":"503234754","municipality_code":"38210","municipality":"伊予市","total_population":62,"population_65plus":32,"population_75plus":15,"aging_rate_65plus":0.5161290322580645,"aging_rate_75plus":0.24193548387096775,"population_status":"0","population_status_target":null,"population_aggregation_target":null,"age_65plus_missing":false,"age_75plus_missing":false,"age_quality_flag":"ok","data_completeness":"complete"}},{"type":"Feature","geometry":{"type":"Polygon","coordinates":[[[132.575,33.641666666666666],[132.58124999999998,33.641666666666666],[132.58124999999998,33.645833333333336],[132.575,33.645833333333336],[132.575,33.641666666666666]]]},"properties":{"type":"Feature","mesh_id":"503234761","municipality_code":"38210","municipality":"伊予市","total_population":7,"population_65plus":null,"population_75plus":null,"aging_rate_65plus":null,"aging_rate_75plus":null,"population_status":"2","population_status_target":"503234763","population_aggregation_target":null,"age_65plus_missing":true,"age_75plus_missing":true,"age_quality_flag":"ok","data_completeness":"partial"}},{"type":"Feature","geometry":{"type":"Polygon","coordinates":[[[132.575,33.645833333333336],[132.58124999999998,33.645833333333336],[132.58124999999998,33.650000000000006],[132.575,33.650000000000006],[132.575,33.645833333333336]]]},"properties":{"type":"Feature","mesh_id":"503234762","municipality_code":"38210","municipality":"伊予市","total_population":23,"population_65plus":15,"population_75plus":6,"aging_rate_65plus":0.6521739130434783,"aging_rate_75plus":0.2608695652173913,"population_status":"1","population_status_target":null,"population_aggregation_target":"503234664","age_65plus_missing":false,"age_75plus_missing":false,"age_quality_flag":"ok","data_completeness":"complete"}},{"type":"Feature","geometry":{"type":"Polygon","coordinates":[[[132.58124999999998,33.641666666666666],[132.58749999999998,33.641666666666666],[132.58749999999998,33.645833333333336],[132.58124999999998,33.645833333333336],[132.58124999999998,33.641666666666666]]]},"properties":{"type":"Feature","mesh_id":"503234763","municipality_code":"38210","municipality":"伊予市","total_population":14,"population_65plus":12,"population_75plus":5,"aging_rate_65plus":0.8571428571428571,"aging_rate_75plus":0.35714285714285715,"population_status":"1","population_status_target":null,"population_aggregation_target":"503234761","age_65plus_missing":false,"age_75plus_missing":false,"age_quality_flag":"ok","data_completeness":"complete"}},{"type":"Feature","geometry":{"type":"Polygon","coordinates":[[[132.58124999999998,33.645833333333336],[132.58749999999998,33.645833333333336],[132.58749999999998,33.650000000000006],[132.58124999999998,33.650000000000006],[132.58124999999998,33.645833333333336]]]},"properties":{"type":"Feature","mesh_id":"503234764","municipality_code":"38210","municipality":"伊予市","total_population":13,"population_65plus":7,"population_75plus":7,"aging_rate_65plus":0.5384615384615384,"aging_rate_75plus":0.5384615384615384,"population_status":"0","population_status_target":null,"population_aggregation_target":null,"age_65plus_missing":false,"age_75plus_missing":false,"age_quality_flag":"ok","data_completeness":"complete"}},{"type":"Feature","geometry":{"type":"Polygon","coordinates":[[[132.5875,33.641666666666666],[132.59375,33.641666666666666],[132.59375,33.645833333333336],[132.5875,33.645833333333336],[132.5875,33.641666666666666]]]},"properties":{"type":"Feature","mesh_id":"503234771","municipality_code":"38210","municipality":"伊予市","total_population":12,"population_65plus":9,"population_75plus":8,"aging_rate_65plus":0.75,"aging_rate_75plus":0.6666666666666666,"population_status":"1","population_status_target":null,"population_aggregation_target":"503234772","age_65plus_missing":false,"age_75plus_missing":false,"age_quality_flag":"ok","data_completeness":"complete"}},{"type":"Feature","geometry":{"type":"Polygon","coordinates":[[[132.5875,33.645833333333336],[132.59375,33.645833333333336],[132.59375,33.650000000000006],[132.5875,33.650000000000006],[132.5875,33.645833333333336]]]},"properties":{"type":"Feature","mesh_id":"503234772","municipality_code":"38210","municipality":"伊予市","total_population":2,"population_65plus":null,"population_75plus":null,"aging_rate_65plus":null,"aging_rate_75plus":null,"population_status":"2","population_status_target":"503234771","population_aggregation_target":null,"age_65plus_missing":true,"age_75plus_missing":true,"age_quality_flag":"ok","data_completeness":"partial"}},{"type":"Feature","geometry":{"type":"Polygon","coordinates":[[[132.59375,33.645833333333336],[132.6,33.645833333333336],[132.6,33.650000000000006],[132.59375,33.650000000000006],[132.59375,33.645833333333336]]]},"properties":{"type":"Feature","mesh_id":"503234774","municipality_code":"38210","municipality":"伊予市","total_population":15,"population_65plus":3,"population_75plus":2,"aging_rate_65plus":0.2,"aging_rate_75plus":0.13333333333333333,"population_status":"0","population_status_target":null,"population_aggregation_target":null,"age_65plus_missing":false,"age_75plus_missing":false,"age_quality_flag":"ok","data_completeness":"complete"}},{"type":"Feature","geometry":{"type":"Polygon","coordinates":[[[132.60625,33.641666666666666],[132.61249999999998,33.641666666666666],[132.61249999999998,33.645833333333336],[132.60625,33.645833333333336],[132.60625,33.641666666666666]]]},"properties":{"type":"Feature","mesh_id":"503234783","municipality_code":"38210","municipality":"伊予市","total_population":11,"population_65plus":null,"population_75plus":null,"aging_rate_65plus":null,"aging_rate_75plus":null,"population_status":"2","population_status_target":"503234784","population_aggregation_target":null,"age_65plus_missing":true,"age_75plus_missing":true,"age_quality_flag":"ok","data_completeness":"partial"}},{"type":"Feature","geometry":{"type":"Polygon","coordinates":[[[132.60625,33.645833333333336],[132.61249999999998,33.645833333333336],[132.61249999999998,33.650000000000006],[132.60625,33.650000000000006],[132.60625,33.645833333333336]]]},"properties":{"type":"Feature","mesh_id":"503234784","municipality_code":"38210","municipality":"伊予市","total_population":6,"population_65plus":null,"population_75plus":null,"aging_rate_65plus":null,"aging_rate_75plus":null,"population_status":"1","population_status_target":null,"population_aggregation_target":"503234783","age_65plus_missing":true,"age_75plus_missing":true,"age_quality_flag":"inconsistent_with_total","data_completeness":"partial"}},{"type":"Feature","geometry":{"type":"Polygon","coordinates":[[[132.5875,33.654166666666676],[132.59375,33.654166666666676],[132.59375,33.658333333333346],[132.5875,33.658333333333346],[132.5875,33.654166666666676]]]},"properties":{"type":"Feature","mesh_id":"503234872","municipality_code":"38210","municipality":"伊予市","total_population":12,"population_65plus":5,"population_75plus":2,"aging_rate_65plus":0.4166666666666667,"aging_rate_75plus":0.16666666666666666,"population_status":"0","population_status_target":null,"population_aggregation_target":null,"age_65plus_missing":false,"age_75plus_missing":false,"age_quality_flag":"ok","data_completeness":"complete"}},{"type":"Feature","geometry":{"type":"Polygon","coordinates":[[[132.59375,33.650000000000006],[132.6,33.650000000000006],[132.6,33.654166666666676],[132.59375,33.654166666666676],[132.59375,33.650000000000006]]]},"properties":{"type":"Feature","mesh_id":"503234873","municipality_code":"38210","municipality":"伊予市","total_population":47,"population_65plus":25,"population_75plus":14,"aging_rate_65plus":0.5319148936170213,"aging_rate_75plus":0.2978723404255319,"population_status":"1","population_status_target":null,"population_aggregation_target":"503234972","age_65plus_missing":false,"age_75plus_missing":false,"age_quality_flag":"ok","data_completeness":"complete"}},{"type":"Feature","geometry":{"type":"Polygon","coordinates":[[[132.6,33.650000000000006],[132.60625,33.650000000000006],[132.60625,33.654166666666676],[132.6,33.654166666666676],[132.6,33.650000000000006]]]},"properties":{"type":"Feature","mesh_id":"503234881","municipality_code":"38210","municipality":"伊予市","total_population":7,"population_65plus":null,"population_75plus":null,"aging_rate_65plus":null,"aging_rate_75plus":null,"population_status":"2","population_status_target":"503234882","population_aggregation_target":null,"age_65plus_missing":true,"age_75plus_missing":true,"age_quality_flag":"ok","data_completeness":"partial"}},{"type":"Feature","geometry":{"type":"Polygon","coordinates":[[[132.6,33.654166666666676],[132.60625,33.654166666666676],[132.60625,33.658333333333346],[132.6,33.658333333333346],[132.6,33.654166666666676]]]},"properties":{"type":"Feature","mesh_id":"503234882","municipality_code":"38210","municipality":"伊予市","total_population":3,"population_65plus":null,"population_75plus":null,"aging_rate_65plus":null,"aging_rate_75plus":null,"population_status":"1","population_status_target":null,"population_aggregation_target":"503234881","age_65plus_missing":true,"age_75plus_missing":true,"age_quality_flag":"inconsistent_with_total","data_completeness":"partial"}},{"type":"Feature","geometry":{"type":"Polygon","coordinates":[[[132.6,33.65833333333334],[132.60625,33.65833333333334],[132.60625,33.66250000000001],[132.6,33.66250000000001],[132.6,33.65833333333334]]]},"properties":{"type":"Feature","mesh_id":"503234981","municipality_code":"38210","municipality":"伊予市","total_population":33,"population_65plus":21,"population_75plus":10,"aging_rate_65plus":0.6363636363636364,"aging_rate_75plus":0.30303030303030304,"population_status":"1","population_status_target":null,"population_aggregation_target":"503243882;503243891","age_65plus_missing":false,"age_75plus_missing":false,"age_quality_flag":"ok","data_completeness":"complete"}},{"type":"Feature","geometry":{"type":"Polygon","coordinates":[[[132.60625,33.66250000000001],[132.61249999999998,33.66250000000001],[132.61249999999998,33.66666666666668],[132.60625,33.66666666666668],[132.60625,33.66250000000001]]]},"properties":{"type":"Feature","mesh_id":"503234984","municipality_code":"38210","municipality":"伊予市","total_population":10,"population_65plus":8,"population_75plus":3,"aging_rate_65plus":0.8,"aging_rate_75plus":0.3,"population_status":"0","population_status_target":null,"population_aggregation_target":null,"age_65plus_missing":false,"age_75plus_missing":false,"age_quality_flag":"ok","data_completeness":"complete"}},{"type":"Feature","geometry":{"type":"Polygon","coordinates":[[[132.69375,33.612500000000004],[132.7,33.612500000000004],[132.7,33.616666666666674],[132.69375,33.616666666666674],[132.69375,33.612500000000004]]]},"properties":{"type":"Feature","mesh_id":"503235354","municipality_code":"38210","municipality":"伊予市","total_population":7,"population_65plus":null,"population_75plus":null,"aging_rate_65plus":null,"aging_rate_75plus":null,"population_status":"2","population_status_target":"503235352","population_aggregation_target":null,"age_65plus_missing":true,"age_75plus_missing":true,"age_quality_flag":"ok","data_completeness":"partial"}},{"type":"Feature","geometry":{"type":"Polygon","coordinates":[[[132.7,33.608333333333334],[132.70624999999998,33.608333333333334],[132.70624999999998,33.612500000000004],[132.7,33.612500000000004],[132.7,33.608333333333334]]]},"properties":{"type":"Feature","mesh_id":"503235361","municipality_code":"38210","municipality":"伊予市","total_population":1,"population_65plus":null,"population_75plus":null,"aging_rate_65plus":null,"aging_rate_75plus":null,"population_status":"2","population_status_target":"503235363","population_aggregation_target":null,"age_65plus_missing":true,"age_75plus_missing":true,"age_quality_flag":"ok","data_completeness":"partial"}},{"type":"Feature","geometry":{"type":"Polygon","coordinates":[[[132.70624999999998,33.608333333333334],[132.71249999999998,33.608333333333334],[132.71249999999998,33.612500000000004],[132.70624999999998,33.612500000000004],[132.70624999999998,33.608333333333334]]]},"properties":{"type":"Feature","mesh_id":"503235363","municipality_code":"38210","municipality":"伊予市","total_population":19,"population_65plus":12,"population_75plus":6,"aging_rate_65plus":0.631578947368421,"aging_rate_75plus":0.3157894736842105,"population_status":"1","population_status_target":null,"population_aggregation_target":"503235361","age_65plus_missing":false,"age_75plus_missing":false,"age_quality_flag":"ok","data_completeness":"complete"}},{"type":"Feature","geometry":{"type":"Polygon","coordinates":[[[132.6625,33.61666666666667],[132.66875,33.61666666666667],[132.66875,33.62083333333334],[132.6625,33.62083333333334],[132.6625,33.61666666666667]]]},"properties":{"type":"Feature","mesh_id":"503235431","municipality_code":"38210","municipality":"伊予市","total_population":13,"population_65plus":9,"population_75plus":5,"aging_rate_65plus":0.6923076923076923,"aging_rate_75plus":0.38461538461538464,"population_status":"0","population_status_target":null,"population_aggregation_target":null,"age_65plus_missing":false,"age_75plus_missing":false,"age_quality_flag":"ok","data_completeness":"complete"}},{"type":"Feature","geometry":{"type":"Polygon","coordinates":[[[132.6625,33.62083333333334],[132.66875,33.62083333333334],[132.66875,33.62500000000001],[132.6625,33.62500000000001],[132.6625,33.62083333333334]]]},"properties":{"type":"Feature","mesh_id":"503235432","municipality_code":"38210","municipality":"伊予市","total_population":9,"population_65plus":4,"population_75plus":4,"aging_rate_65plus":0.4444444444444444,"aging_rate_75plus":0.4444444444444444,"population_status":"0","population_status_target":null,"population_aggregation_target":null,"age_65plus_missing":false,"age_75plus_missing":false,"age_quality_flag":"ok","data_completeness":"complete"}},{"type":"Feature","geometry":{"type":"Polygon","coordinates":[[[132.675,33.61666666666667],[132.68125,33.61666666666667],[132.68125,33.62083333333334],[132.675,33.62083333333334],[132.675,33.61666666666667]]]},"properties":{"type":"Feature","mesh_id":"503235441","municipality_code":"38210","municipality":"伊予市","total_population":10,"population_65plus":5,"population_75plus":3,"aging_rate_65plus":0.5,"aging_rate_75plus":0.3,"population_status":"0","population_status_target":null,"population_aggregation_target":null,"age_65plus_missing":false,"age_75plus_missing":false,"age_quality_flag":"ok","data_completeness":"complete"}},{"type":"Feature","geometry":{"type":"Polygon","coordinates":[[[132.675,33.62083333333334],[132.68125,33.62083333333334],[132.68125,33.62500000000001],[132.675,33.62500000000001],[132.675,33.62083333333334]]]},"properties":{"type":"Feature","mesh_id":"503235442","municipality_code":"38210","municipality":"伊予市","total_population":24,"population_65plus":15,"population_75plus":9,"aging_rate_65plus":0.625,"aging_rate_75plus":0.375,"population_status":"0","population_status_target":null,"population_aggregation_target":null,"age_65plus_missing":false,"age_75plus_missing":false,"age_quality_flag":"ok","data_completeness":"complete"}},{"type":"Feature","geometry":{"type":"Polygon","coordinates":[[[132.6875,33.61666666666667],[132.69375,33.61666666666667],[132.69375,33.62083333333334],[132.6875,33.62083333333334],[132.6875,33.61666666666667]]]},"properties":{"type":"Feature","mesh_id":"503235451","municipality_code":"38210","municipality":"伊予市","total_population":11,"population_65plus":7,"population_75plus":3,"aging_rate_65plus":0.6363636363636364,"aging_rate_75plus":0.2727272727272727,"population_status":"0","population_status_target":null,"population_aggregation_target":null,"age_65plus_missing":false,"age_75plus_missing":false,"age_quality_flag":"ok","data_completeness":"complete"}},{"type":"Feature","geometry":{"type":"Polygon","coordinates":[[[132.6875,33.62083333333334],[132.69375,33.62083333333334],[132.69375,33.62500000000001],[132.6875,33.62500000000001],[132.6875,33.62083333333334]]]},"properties":{"type":"Feature","mesh_id":"503235452","municipality_code":"38210","municipality":"伊予市","total_population":29,"population_65plus":17,"population_75plus":10,"aging_rate_65plus":0.5862068965517241,"aging_rate_75plus":0.3448275862068966,"population_status":"0","population_status_target":null,"population_aggregation_target":null,"age_65plus_missing":false,"age_75plus_missing":false,"age_quality_flag":"ok","data_completeness":"complete"}},{"type":"Feature","geometry":{"type":"Polygon","coordinates":[[[132.69375,33.61666666666667],[132.7,33.61666666666667],[132.7,33.62083333333334],[132.69375,33.62083333333334],[132.69375,33.61666666666667]]]},"properties":{"type":"Feature","mesh_id":"503235453","municipality_code":"38210","municipality":"伊予市","total_population":13,"population_65plus":5,"population_75plus":2,"aging_rate_65plus":0.38461538461538464,"aging_rate_75plus":0.15384615384615385,"population_status":"0","population_status_target":null,"population_aggregation_target":null,"age_65plus_missing":false,"age_75plus_missing":false,"age_quality_flag":"ok","data_completeness":"complete"}},{"type":"Feature","geometry":{"type":"Polygon","coordinates":[[[132.69375,33.62083333333334],[132.7,33.62083333333334],[132.7,33.62500000000001],[132.69375,33.62500000000001],[132.69375,33.62083333333334]]]},"properties":{"type":"Feature","mesh_id":"503235454","municipality_code":"38210","municipality":"伊予市","total_population":11,"population_65plus":8,"population_75plus":4,"aging_rate_65plus":0.7272727272727273,"aging_rate_75plus":0.36363636363636365,"population_status":"0","population_status_target":null,"population_aggregation_target":null,"age_65plus_missing":false,"age_75plus_missing":false,"age_quality_flag":"ok","data_completeness":"complete"}},{"type":"Feature","geometry":{"type":"Polygon","coordinates":[[[132.7,33.62083333333334],[132.70624999999998,33.62083333333334],[132.70624999999998,33.62500000000001],[132.7,33.62500000000001],[132.7,33.62083333333334]]]},"properties":{"type":"Feature","mesh_id":"503235462","municipality_code":"38210","municipality":"伊予市","total_population":4,"population_65plus":null,"population_75plus":null,"aging_rate_65plus":null,"aging_rate_75plus":null,"population_status":"2","population_status_target":"503235464","population_aggregation_target":null,"age_65plus_missing":true,"age_75plus_missing":true,"age_quality_flag":"ok","data_completeness":"partial"}},{"type":"Feature","geometry":{"type":"Polygon","coordinates":[[[132.70624999999998,33.62083333333334],[132.71249999999998,33.62083333333334],[132.71249999999998,33.62500000000001],[132.70624999999998,33.62500000000001],[132.70624999999998,33.62083333333334]]]},"properties":{"type":"Feature","mesh_id":"503235464","municipality_code":"38210","municipality":"伊予市","total_population":20,"population_65plus":13,"population_75plus":5,"aging_rate_65plus":0.65,"aging_rate_75plus":0.25,"population_status":"1","population_status_target":null,"population_aggregation_target":"503235462","age_65plus_missing":false,"age_75plus_missing":false,"age_quality_flag":"ok","data_completeness":"complete"}},{"type":"Feature","geometry":{"type":"Polygon","coordinates":[[[132.71875,33.61666666666667],[132.725,33.61666666666667],[132.725,33.62083333333334],[132.71875,33.62083333333334],[132.71875,33.61666666666667]]]},"properties":{"type":"Feature","mesh_id":"503235473","municipality_code":"38210","municipality":"伊予市","total_population":17,"population_65plus":12,"population_75plus":7,"aging_rate_65plus":0.7058823529411765,"aging_rate_75plus":0.4117647058823529,"population_status":"0","population_status_target":null,"population_aggregation_target":null,"age_65plus_missing":false,"age_75plus_missing":false,"age_quality_flag":"ok","data_completeness":"complete"}},{"type":"Feature","geometry":{"type":"Polygon","coordinates":[[[132.6625,33.625],[132.66875,33.625],[132.66875,33.62916666666667],[132.6625,33.62916666666667],[132.6625,33.625]]]},"properties":{"type":"Feature","mesh_id":"503235531","municipality_code":"38210","municipality":"伊予市","total_population":10,"population_65plus":8,"population_75plus":4,"aging_rate_65plus":0.8,"aging_rate_75plus":0.4,"population_status":"0","population_status_target":null,"population_aggregation_target":null,"age_65plus_missing":false,"age_75plus_missing":false,"age_quality_flag":"ok","data_completeness":"complete"}},{"type":"Feature","geometry":{"type":"Polygon","coordinates":[[[132.66875,33.625],[132.67499999999998,33.625],[132.67499999999998,33.62916666666667],[132.66875,33.62916666666667],[132.66875,33.625]]]},"properties":{"type":"Feature","mesh_id":"503235533","municipality_code":"38210","municipality":"伊予市","total_population":31,"population_65plus":16,"population_75plus":6,"aging_rate_65plus":0.5161290322580645,"aging_rate_75plus":0.1935483870967742,"population_status":"0","population_status_target":null,"population_aggregation_target":null,"age_65plus_missing":false,"age_75plus_missing":false,"age_quality_flag":"ok","data_completeness":"complete"}},{"type":"Feature","geometry":{"type":"Polygon","coordinates":[[[132.66875,33.62916666666667],[132.67499999999998,33.62916666666667],[132.67499999999998,33.63333333333334],[132.66875,33.63333333333334],[132.66875,33.62916666666667]]]},"properties":{"type":"Feature","mesh_id":"503235534","municipality_code":"38210","municipality":"伊予市","total_population":27,"population_65plus":12,"population_75plus":5,"aging_rate_65plus":0.4444444444444444,"aging_rate_75plus":0.18518518518518517,"population_status":"0","population_status_target":null,"population_aggregation_target":null,"age_65plus_missing":false,"age_75plus_missing":false,"age_quality_flag":"ok","data_completeness":"complete"}},{"type":"Feature","geometry":{"type":"Polygon","coordinates":[[[132.6875,33.62916666666667],[132.69375,33.62916666666667],[132.69375,33.63333333333334],[132.6875,33.63333333333334],[132.6875,33.62916666666667]]]},"properties":{"type":"Feature","mesh_id":"503235552","municipality_code":"38210","municipality":"伊予市","total_population":18,"population_65plus":11,"population_75plus":7,"aging_rate_65plus":0.6111111111111112,"aging_rate_75plus":0.3888888888888889,"population_status":"1","population_status_target":null,"population_aggregation_target":"503235554","age_65plus_missing":false,"age_75plus_missing":false,"age_quality_flag":"ok","data_completeness":"complete"}},{"type":"Feature","geometry":{"type":"Polygon","coordinates":[[[132.69375,33.62916666666667],[132.7,33.62916666666667],[132.7,33.63333333333334],[132.69375,33.63333333333334],[132.69375,33.62916666666667]]]},"properties":{"type":"Feature","mesh_id":"503235554","municipality_code":"38210","municipality":"伊予市","total_population":6,"population_65plus":null,"population_75plus":null,"aging_rate_65plus":null,"aging_rate_75plus":null,"population_status":"2","population_status_target":"503235552","population_aggregation_target":null,"age_65plus_missing":true,"age_75plus_missing":true,"age_quality_flag":"ok","data_completeness":"partial"}},{"type":"Feature","geometry":{"type":"Polygon","coordinates":[[[132.70624999999998,33.625],[132.71249999999998,33.625],[132.71249999999998,33.62916666666667],[132.70624999999998,33.62916666666667],[132.70624999999998,33.625]]]},"properties":{"type":"Feature","mesh_id":"503235563","municipality_code":"38210","municipality":"伊予市","total_population":6,"population_65plus":null,"population_75plus":null,"aging_rate_65plus":null,"aging_rate_75plus":null,"population_status":"2","population_status_target":"503235564","population_aggregation_target":null,"age_65plus_missing":true,"age_75plus_missing":true,"age_quality_flag":"ok","data_completeness":"partial"}},{"type":"Feature","geometry":{"type":"Polygon","coordinates":[[[132.70624999999998,33.62916666666667],[132.71249999999998,33.62916666666667],[132.71249999999998,33.63333333333334],[132.70624999999998,33.63333333333334],[132.70624999999998,33.62916666666667]]]},"properties":{"type":"Feature","mesh_id":"503235564","municipality_code":"38210","municipality":"伊予市","total_population":15,"population_65plus":null,"population_75plus":null,"aging_rate_65plus":null,"aging_rate_75plus":null,"population_status":"1","population_status_target":null,"population_aggregation_target":"503235563","age_65plus_missing":true,"age_75plus_missing":true,"age_quality_flag":"inconsistent_with_total","data_completeness":"partial"}},{"type":"Feature","geometry":{"type":"Polygon","coordinates":[[[132.71875,33.625],[132.725,33.625],[132.725,33.62916666666667],[132.71875,33.62916666666667],[132.71875,33.625]]]},"properties":{"type":"Feature","mesh_id":"503235573","municipality_code":"38210","municipality":"伊予市","total_population":21,"population_65plus":8,"population_75plus":5,"aging_rate_65plus":0.38095238095238093,"aging_rate_75plus":0.23809523809523808,"population_status":"0","population_status_target":null,"population_aggregation_target":null,"age_65plus_missing":false,"age_75plus_missing":false,"age_quality_flag":"ok","data_completeness":"complete"}},{"type":"Feature","geometry":{"type":"Polygon","coordinates":[[[132.65625,33.6375],[132.6625,33.6375],[132.6625,33.64166666666667],[132.65625,33.64166666666667],[132.65625,33.6375]]]},"properties":{"type":"Feature","mesh_id":"503235624","municipality_code":"38210","municipality":"伊予市","total_population":15,"population_65plus":9,"population_75plus":4,"aging_rate_65plus":0.6,"aging_rate_75plus":0.26666666666666666,"population_status":"1","population_status_target":null,"population_aggregation_target":"503235622","age_65plus_missing":false,"age_75plus_missing":false,"age_quality_flag":"ok","data_completeness":"complete"}},{"type":"Feature","geometry":{"type":"Polygon","coordinates":[[[132.6625,33.63333333333333],[132.66875,33.63333333333333],[132.66875,33.6375],[132.6625,33.6375],[132.6625,33.63333333333333]]]},"properties":{"type":"Feature","mesh_id":"503235631","municipality_code":"38210","municipality":"伊予市","total_population":36,"population_65plus":29,"population_75plus":17,"aging_rate_65plus":0.8055555555555556,"aging_rate_75plus":0.4722222222222222,"population_status":"1","population_status_target":null,"population_aggregation_target":"503235632","age_65plus_missing":false,"age_75plus_missing":false,"age_quality_flag":"ok","data_completeness":"complete"}},{"type":"Feature","geometry":{"type":"Polygon","coordinates":[[[132.6625,33.6375],[132.66875,33.6375],[132.66875,33.64166666666667],[132.6625,33.64166666666667],[132.6625,33.6375]]]},"properties":{"type":"Feature","mesh_id":"503235632","municipality_code":"38210","municipality":"伊予市","total_population":8,"population_65plus":null,"population_75plus":null,"aging_rate_65plus":null,"aging_rate_75plus":null,"population_status":"2","population_status_target":"503235631","population_aggregation_target":null,"age_65plus_missing":true,"age_75plus_missing":true,"age_quality_flag":"ok","data_completeness":"partial"}},{"type":"Feature","geometry":{"type":"Polygon","coordinates":[[[132.66875,33.63333333333333],[132.67499999999998,33.63333333333333],[132.67499999999998,33.6375],[132.66875,33.6375],[132.66875,33.63333333333333]]]},"properties":{"type":"Feature","mesh_id":"503235633","municipality_code":"38210","municipality":"伊予市","total_population":18,"population_65plus":12,"population_75plus":7,"aging_rate_65plus":0.6666666666666666,"aging_rate_75plus":0.3888888888888889,"population_status":"1","population_status_target":null,"population_aggregation_target":"503235722","age_65plus_missing":false,"age_75plus_missing":false,"age_quality_flag":"ok","data_completeness":"complete"}},{"type":"Feature","geometry":{"type":"Polygon","coordinates":[[[132.68125,33.63333333333333],[132.6875,33.63333333333333],[132.6875,33.6375],[132.68125,33.6375],[132.68125,33.63333333333333]]]},"properties":{"type":"Feature","mesh_id":"503235643","municipality_code":"38210","municipality":"伊予市","total_population":4,"population_65plus":null,"population_75plus":null,"aging_rate_65plus":null,"aging_rate_75plus":null,"population_status":"2","population_status_target":"503235644","population_aggregation_target":null,"age_65plus_missing":true,"age_75plus_missing":true,"age_quality_flag":"ok","data_completeness":"partial"}},{"type":"Feature","geometry":{"type":"Polygon","coordinates":[[[132.68125,33.6375],[132.6875,33.6375],[132.6875,33.64166666666667],[132.68125,33.64166666666667],[132.68125,33.6375]]]},"properties":{"type":"Feature","mesh_id":"503235644","municipality_code":"38210","municipality":"伊予市","total_population":21,"population_65plus":17,"population_75plus":6,"aging_rate_65plus":0.8095238095238095,"aging_rate_75plus":0.2857142857142857,"population_status":"1","population_status_target":null,"population_aggregation_target":"503235643;503235833","age_65plus_missing":false,"age_75plus_missing":false,"age_quality_flag":"ok","data_completeness":"complete"}},{"type":"Feature","geometry":{"type":"Polygon","coordinates":[[[132.6875,33.6375],[132.69375,33.6375],[132.69375,33.64166666666667],[132.6875,33.64166666666667],[132.6875,33.6375]]]},"properties":{"type":"Feature","mesh_id":"503235652","municipality_code":"38210","municipality":"伊予市","total_population":6,"population_65plus":null,"population_75plus":null,"aging_rate_65plus":null,"aging_rate_75plus":null,"population_status":"2","population_status_target":"503235653","population_aggregation_target":null,"age_65plus_missing":true,"age_75plus_missing":true,"age_quality_flag":"ok","data_completeness":"partial"}},{"type":"Feature","geometry":{"type":"Polygon","coordinates":[[[132.69375,33.63333333333333],[132.7,33.63333333333333],[132.7,33.6375],[132.69375,33.6375],[132.69375,33.63333333333333]]]},"properties":{"type":"Feature","mesh_id":"503235653","municipality_code":"38210","municipality":"伊予市","total_population":11,"population_65plus":null,"population_75plus":null,"aging_rate_65plus":null,"aging_rate_75plus":null,"population_status":"1","population_status_target":null,"population_aggregation_target":"503235652","age_65plus_missing":true,"age_75plus_missing":true,"age_quality_flag":"inconsistent_with_total","data_completeness":"partial"}},{"type":"Feature","geometry":{"type":"Polygon","coordinates":[[[132.7,33.63333333333333],[132.70624999999998,33.63333333333333],[132.70624999999998,33.6375],[132.7,33.6375],[132.7,33.63333333333333]]]},"properties":{"type":"Feature","mesh_id":"503235661","municipality_code":"38210","municipality":"伊予市","total_population":63,"population_65plus":58,"population_75plus":46,"aging_rate_65plus":0.9206349206349206,"aging_rate_75plus":0.7301587301587301,"population_status":"0","population_status_target":null,"population_aggregation_target":null,"age_65plus_missing":false,"age_75plus_missing":false,"age_quality_flag":"ok","data_completeness":"complete"}},{"type":"Feature","geometry":{"type":"Polygon","coordinates":[[[132.7,33.6375],[132.70624999999998,33.6375],[132.70624999999998,33.64166666666667],[132.7,33.64166666666667],[132.7,33.6375]]]},"properties":{"type":"Feature","mesh_id":"503235662","municipality_code":"38210","municipality":"伊予市","total_population":63,"population_65plus":33,"population_75plus":17,"aging_rate_65plus":0.5238095238095238,"aging_rate_75plus":0.2698412698412698,"population_status":"0","population_status_target":null,"population_aggregation_target":null,"age_65plus_missing":false,"age_75plus_missing":false,"age_quality_flag":"ok","data_completeness":"complete"}},{"type":"Feature","geometry":{"type":"Polygon","coordinates":[[[132.70624999999998,33.63333333333333],[132.71249999999998,33.63333333333333],[132.71249999999998,33.6375],[132.70624999999998,33.6375],[132.70624999999998,33.63333333333333]]]},"properties":{"type":"Feature","mesh_id":"503235663","municipality_code":"38210","municipality":"伊予市","total_population":5,"population_65plus":null,"population_75plus":null,"aging_rate_65plus":null,"aging_rate_75plus":null,"population_status":"2","population_status_target":"503235664","population_aggregation_target":null,"age_65plus_missing":true,"age_75plus_missing":true,"age_quality_flag":"ok","data_completeness":"partial"}},{"type":"Feature","geometry":{"type":"Polygon","coordinates":[[[132.70624999999998,33.6375],[132.71249999999998,33.6375],[132.71249999999998,33.64166666666667],[132.70624999999998,33.64166666666667],[132.70624999999998,33.6375]]]},"properties":{"type":"Feature","mesh_id":"503235664","municipality_code":"38210","municipality":"伊予市","total_population":297,"population_65plus":168,"population_75plus":100,"aging_rate_65plus":0.5656565656565656,"aging_rate_75plus":0.3367003367003367,"population_status":"1","population_status_target":null,"population_aggregation_target":"503235663","age_65plus_missing":false,"age_75plus_missing":false,"age_quality_flag":"ok","data_completeness":"complete"}},{"type":"Feature","geometry":{"type":"Polygon","coordinates":[[[132.7125,33.63333333333333],[132.71875,33.63333333333333],[132.71875,33.6375],[132.7125,33.6375],[132.7125,33.63333333333333]]]},"properties":{"type":"Feature","mesh_id":"503235671","municipality_code":"38210","municipality":"伊予市","total_population":5,"population_65plus":null,"population_75plus":null,"aging_rate_65plus":null,"aging_rate_75plus":null,"population_status":"2","population_status_target":"503235673","population_aggregation_target":null,"age_65plus_missing":true,"age_75plus_missing":true,"age_quality_flag":"ok","data_completeness":"partial"}},{"type":"Feature","geometry":{"type":"Polygon","coordinates":[[[132.7125,33.6375],[132.71875,33.6375],[132.71875,33.64166666666667],[132.7125,33.64166666666667],[132.7125,33.6375]]]},"properties":{"type":"Feature","mesh_id":"503235672","municipality_code":"38210","municipality":"伊予市","total_population":9,"population_65plus":null,"population_75plus":null,"aging_rate_65plus":null,"aging_rate_75plus":null,"population_status":"2","population_status_target":"503235674","population_aggregation_target":null,"age_65plus_missing":true,"age_75plus_missing":true,"age_quality_flag":"ok","data_completeness":"partial"}},{"type":"Feature","geometry":{"type":"Polygon","coordinates":[[[132.71875,33.63333333333333],[132.725,33.63333333333333],[132.725,33.6375],[132.71875,33.6375],[132.71875,33.63333333333333]]]},"properties":{"type":"Feature","mesh_id":"503235673","municipality_code":"38210","municipality":"伊予市","total_population":41,"population_65plus":25,"population_75plus":9,"aging_rate_65plus":0.6097560975609756,"aging_rate_75plus":0.21951219512195122,"population_status":"1","population_status_target":null,"population_aggregation_target":"503235671","age_65plus_missing":false,"age_75plus_missing":false,"age_quality_flag":"ok","data_completeness":"complete"}},{"type":"Feature","geometry":{"type":"Polygon","coordinates":[[[132.71875,33.6375],[132.725,33.6375],[132.725,33.64166666666667],[132.71875,33.64166666666667],[132.71875,33.6375]]]},"properties":{"type":"Feature","mesh_id":"503235674","municipality_code":"38210","municipality":"伊予市","total_population":14,"population_65plus":11,"population_75plus":8,"aging_rate_65plus":0.7857142857142857,"aging_rate_75plus":0.5714285714285714,"population_status":"1","population_status_target":null,"population_aggregation_target":"503235672","age_65plus_missing":false,"age_75plus_missing":false,"age_quality_flag":"ok","data_completeness":"complete"}},{"type":"Feature","geometry":{"type":"Polygon","coordinates":[[[132.725,33.63333333333333],[132.73125,33.63333333333333],[132.73125,33.6375],[132.725,33.6375],[132.725,33.63333333333333]]]},"properties":{"type":"Feature","mesh_id":"503235681","municipality_code":"38210","municipality":"伊予市","total_population":5,"population_65plus":null,"population_75plus":null,"aging_rate_65plus":null,"aging_rate_75plus":null,"population_status":"2","population_status_target":"503235683","population_aggregation_target":null,"age_65plus_missing":true,"age_75plus_missing":true,"age_quality_flag":"ok","data_completeness":"partial"}},{"type":"Feature","geometry":{"type":"Polygon","coordinates":[[[132.73125,33.63333333333333],[132.73749999999998,33.63333333333333],[132.73749999999998,33.6375],[132.73125,33.6375],[132.73125,33.63333333333333]]]},"properties":{"type":"Feature","mesh_id":"503235683","municipality_code":"38210","municipality":"伊予市","total_population":34,"population_65plus":26,"population_75plus":16,"aging_rate_65plus":0.7647058823529411,"aging_rate_75plus":0.47058823529411764,"population_status":"1","population_status_target":null,"population_aggregation_target":"503235681;503235684","age_65plus_missing":false,"age_75plus_missing":false,"age_quality_flag":"ok","data_completeness":"complete"}},{"type":"Feature","geometry":{"type":"Polygon","coordinates":[[[132.73125,33.6375],[132.73749999999998,33.6375],[132.73749999999998,33.64166666666667],[132.73125,33.64166666666667],[132.73125,33.6375]]]},"properties":{"type":"Feature","mesh_id":"503235684","municipality_code":"38210","municipality":"伊予市","total_population":3,"population_65plus":null,"population_75plus":null,"aging_rate_65plus":null,"aging_rate_75plus":null,"population_status":"2","population_status_target":"503235683","population_aggregation_target":null,"age_65plus_missing":true,"age_75plus_missing":true,"age_quality_flag":"ok","data_completeness":"partial"}},{"type":"Feature","geometry":{"type":"Polygon","coordinates":[[[132.7375,33.63333333333333],[132.74375,33.63333333333333],[132.74375,33.6375],[132.7375,33.6375],[132.7375,33.63333333333333]]]},"properties":{"type":"Feature","mesh_id":"503235691","municipality_code":"38210","municipality":"伊予市","total_population":9,"population_65plus":null,"population_75plus":null,"aging_rate_65plus":null,"aging_rate_75plus":null,"population_status":"2","population_status_target":"503235693","population_aggregation_target":null,"age_65plus_missing":true,"age_75plus_missing":true,"age_quality_flag":"ok","data_completeness":"partial"}},{"type":"Feature","geometry":{"type":"Polygon","coordinates":[[[132.74375,33.63333333333333],[132.75,33.63333333333333],[132.75,33.6375],[132.74375,33.6375],[132.74375,33.63333333333333]]]},"properties":{"type":"Feature","mesh_id":"503235693","municipality_code":"38210","municipality":"伊予市","total_population":6,"population_65plus":null,"population_75plus":null,"aging_rate_65plus":null,"aging_rate_75plus":null,"population_status":"1","population_status_target":null,"population_aggregation_target":"503235691","age_65plus_missing":true,"age_75plus_missing":true,"age_quality_flag":"inconsistent_with_total","data_completeness":"partial"}},{"type":"Feature","geometry":{"type":"Polygon","coordinates":[[[132.65,33.645833333333336],[132.65625,33.645833333333336],[132.65625,33.650000000000006],[132.65,33.650000000000006],[132.65,33.645833333333336]]]},"properties":{"type":"Feature","mesh_id":"503235722","municipality_code":"38210","municipality":"伊予市","total_population":5,"population_65plus":null,"population_75plus":null,"aging_rate_65plus":null,"aging_rate_75plus":null,"population_status":"2","population_status_target":"503235633","population_aggregation_target":null,"age_65plus_missing":true,"age_75plus_missing":true,"age_quality_flag":"ok","data_completeness":"partial"}},{"type":"Feature","geometry":{"type":"Polygon","coordinates":[[[132.675,33.645833333333336],[132.68125,33.645833333333336],[132.68125,33.650000000000006],[132.675,33.650000000000006],[132.675,33.645833333333336]]]},"properties":{"type":"Feature","mesh_id":"503235742","municipality_code":"38210","municipality":"伊予市","total_population":8,"population_65plus":null,"population_75plus":null,"aging_rate_65plus":null,"aging_rate_75plus":null,"population_status":"2","population_status_target":"503235751","population_aggregation_target":null,"age_65plus_missing":true,"age_75plus_missing":true,"age_quality_flag":"ok","data_completeness":"partial"}},{"type":"Feature","geometry":{"type":"Polygon","coordinates":[[[132.6875,33.641666666666666],[132.69375,33.641666666666666],[132.69375,33.645833333333336],[132.6875,33.645833333333336],[132.6875,33.641666666666666]]]},"properties":{"type":"Feature","mesh_id":"503235751","municipality_code":"38210","municipality":"伊予市","total_population":12,"population_65plus":12,"population_75plus":7,"aging_rate_65plus":1.0,"aging_rate_75plus":0.5833333333333334,"population_status":"1","population_status_target":null,"population_aggregation_target":"503235742","age_65plus_missing":false,"age_75plus_missing":false,"age_quality_flag":"ok","data_completeness":"complete"}},{"type":"Feature","geometry":{"type":"Polygon","coordinates":[[[132.6875,33.645833333333336],[132.69375,33.645833333333336],[132.69375,33.650000000000006],[132.6875,33.650000000000006],[132.6875,33.645833333333336]]]},"properties":{"type":"Feature","mesh_id":"503235752","municipality_code":"38210","municipality":"伊予市","total_population":11,"population_65plus":9,"population_75plus":6,"aging_rate_65plus":0.8181818181818182,"aging_rate_75plus":0.5454545454545454,"population_status":"1","population_status_target":null,"population_aggregation_target":"503235754","age_65plus_missing":false,"age_75plus_missing":false,"age_quality_flag":"ok","data_completeness":"complete"}},{"type":"Feature","geometry":{"type":"Polygon","coordinates":[[[132.69375,33.645833333333336],[132.7,33.645833333333336],[132.7,33.650000000000006],[132.69375,33.650000000000006],[132.69375,33.645833333333336]]]},"properties":{"type":"Feature","mesh_id":"503235754","municipality_code":"38210","municipality":"伊予市","total_population":5,"population_65plus":null,"population_75plus":null,"aging_rate_65plus":null,"aging_rate_75plus":null,"population_status":"2","population_status_target":"503235752","population_aggregation_target":null,"age_65plus_missing":true,"age_75plus_missing":true,"age_quality_flag":"ok","data_completeness":"partial"}},{"type":"Feature","geometry":{"type":"Polygon","coordinates":[[[132.7,33.641666666666666],[132.70624999999998,33.641666666666666],[132.70624999999998,33.645833333333336],[132.7,33.645833333333336],[132.7,33.641666666666666]]]},"properties":{"type":"Feature","mesh_id":"503235761","municipality_code":"38210","municipality":"伊予市","total_population":11,"population_65plus":10,"population_75plus":7,"aging_rate_65plus":0.9090909090909091,"aging_rate_75plus":0.6363636363636364,"population_status":"0","population_status_target":null,"population_aggregation_target":null,"age_65plus_missing":false,"age_75plus_missing":false,"age_quality_flag":"ok","data_completeness":"complete"}},{"type":"Feature","geometry":{"type":"Polygon","coordinates":[[[132.7,33.645833333333336],[132.70624999999998,33.645833333333336],[132.70624999999998,33.650000000000006],[132.7,33.650000000000006],[132.7,33.645833333333336]]]},"properties":{"type":"Feature","mesh_id":"503235762","municipality_code":"38210","municipality":"伊予市","total_population":220,"population_65plus":111,"population_75plus":55,"aging_rate_65plus":0.5045454545454545,"aging_rate_75plus":0.25,"population_status":"0","population_status_target":null,"population_aggregation_target":null,"age_65plus_missing":false,"age_75plus_missing":false,"age_quality_flag":"ok","data_completeness":"complete"}},{"type":"Feature","geometry":{"type":"Polygon","coordinates":[[[132.70624999999998,33.641666666666666],[132.71249999999998,33.641666666666666],[132.71249999999998,33.645833333333336],[132.70624999999998,33.645833333333336],[132.70624999999998,33.641666666666666]]]},"properties":{"type":"Feature","mesh_id":"503235763","municipality_code":"38210","municipality":"伊予市","total_population":40,"population_65plus":22,"population_75plus":12,"aging_rate_65plus":0.55,"aging_rate_75plus":0.3,"population_status":"1","population_status_target":null,"population_aggregation_target":"503235852","age_65plus_missing":false,"age_75plus_missing":false,"age_quality_flag":"ok","data_completeness":"complete"}},{"type":"Feature","geometry":{"type":"Polygon","coordinates":[[[132.70624999999998,33.645833333333336],[132.71249999999998,33.645833333333336],[132.71249999999998,33.650000000000006],[132.70624999999998,33.650000000000006],[132.70624999999998,33.645833333333336]]]},"properties":{"type":"Feature","mesh_id":"503235764","municipality_code":"38210","municipality":"伊予市","total_population":108,"population_65plus":54,"population_75plus":26,"aging_rate_65plus":0.5,"aging_rate_75plus":0.24074074074074073,"population_status":"0","population_status_target":null,"population_aggregation_target":null,"age_65plus_missing":false,"age_75plus_missing":false,"age_quality_flag":"ok","data_completeness":"complete"}},{"type":"Feature","geometry":{"type":"Polygon","coordinates":[[[132.7125,33.641666666666666],[132.71875,33.641666666666666],[132.71875,33.645833333333336],[132.7125,33.645833333333336],[132.7125,33.641666666666666]]]},"properties":{"type":"Feature","mesh_id":"503235771","municipality_code":"38210","municipality":"伊予市","total_population":35,"population_65plus":13,"population_75plus":6,"aging_rate_65plus":0.37142857142857144,"aging_rate_75plus":0.17142857142857143,"population_status":"0","population_status_target":null,"population_aggregation_target":null,"age_65plus_missing":false,"age_75plus_missing":false,"age_quality_flag":"ok","data_completeness":"complete"}},{"type":"Feature","geometry":{"type":"Polygon","coordinates":[[[132.7125,33.645833333333336],[132.71875,33.645833333333336],[132.71875,33.650000000000006],[132.7125,33.650000000000006],[132.7125,33.645833333333336]]]},"properties":{"type":"Feature","mesh_id":"503235772","municipality_code":"38210","municipality":"伊予市","total_population":10,"population_65plus":5,"population_75plus":2,"aging_rate_65plus":0.5,"aging_rate_75plus":0.2,"population_status":"1","population_status_target":null,"population_aggregation_target":"503235774","age_65plus_missing":false,"age_75plus_missing":false,"age_quality_flag":"ok","data_completeness":"complete"}},{"type":"Feature","geometry":{"type":"Polygon","coordinates":[[[132.71875,33.641666666666666],[132.725,33.641666666666666],[132.725,33.645833333333336],[132.71875,33.645833333333336],[132.71875,33.641666666666666]]]},"properties":{"type":"Feature","mesh_id":"503235773","municipality_code":"38210","municipality":"伊予市","total_population":15,"population_65plus":8,"population_75plus":4,"aging_rate_65plus":0.5333333333333333,"aging_rate_75plus":0.26666666666666666,"population_status":"0","population_status_target":null,"population_aggregation_target":null,"age_65plus_missing":false,"age_75plus_missing":false,"age_quality_flag":"ok","data_completeness":"complete"}},{"type":"Feature","geometry":{"type":"Polygon","coordinates":[[[132.71875,33.645833333333336],[132.725,33.645833333333336],[132.725,33.650000000000006],[132.71875,33.650000000000006],[132.71875,33.645833333333336]]]},"properties":{"type":"Feature","mesh_id":"503235774","municipality_code":"38210","municipality":"伊予市","total_population":1,"population_65plus":null,"population_75plus":null,"aging_rate_65plus":null,"aging_rate_75plus":null,"population_status":"2","population_status_target":"503235772","population_aggregation_target":null,"age_65plus_missing":true,"age_75plus_missing":true,"age_quality_flag":"ok","data_completeness":"partial"}},{"type":"Feature","geometry":{"type":"Polygon","coordinates":[[[132.725,33.645833333333336],[132.73125,33.645833333333336],[132.73125,33.650000000000006],[132.725,33.650000000000006],[132.725,33.645833333333336]]]},"properties":{"type":"Feature","mesh_id":"503235782","municipality_code":"38210","municipality":"伊予市","total_population":15,"population_65plus":14,"population_75plus":8,"aging_rate_65plus":0.9333333333333333,"aging_rate_75plus":0.5333333333333333,"population_status":"1","population_status_target":null,"population_aggregation_target":"503235784","age_65plus_missing":false,"age_75plus_missing":false,"age_quality_flag":"ok","data_completeness":"complete"}},{"type":"Feature","geometry":{"type":"Polygon","coordinates":[[[132.73125,33.645833333333336],[132.73749999999998,33.645833333333336],[132.73749999999998,33.650000000000006],[132.73125,33.650000000000006],[132.73125,33.645833333333336]]]},"properties":{"type":"Feature","mesh_id":"503235784","municipality_code":"38210","municipality":"伊予市","total_population":9,"population_65plus":null,"population_75plus":null,"aging_rate_65plus":null,"aging_rate_75plus":null,"population_status":"2","population_status_target":"503235782","population_aggregation_target":null,"age_65plus_missing":true,"age_75plus_missing":true,"age_quality_flag":"ok","data_completeness":"partial"}},{"type":"Feature","geometry":{"type":"Polygon","coordinates":[[[132.74375,33.641666666666666],[132.75,33.641666666666666],[132.75,33.645833333333336],[132.74375,33.645833333333336],[132.74375,33.641666666666666]]]},"properties":{"type":"Feature","mesh_id":"503235793","municipality_code":"38210","municipality":"伊予市","total_population":7,"population_65plus":null,"population_75plus":null,"aging_rate_65plus":null,"aging_rate_75plus":null,"population_status":"2","population_status_target":"503235794","population_aggregation_target":null,"age_65plus_missing":true,"age_75plus_missing":true,"age_quality_flag":"ok","data_completeness":"partial"}},{"type":"Feature","geometry":{"type":"Polygon","coordinates":[[[132.74375,33.645833333333336],[132.75,33.645833333333336],[132.75,33.650000000000006],[132.74375,33.650000000000006],[132.74375,33.645833333333336]]]},"properties":{"type":"Feature","mesh_id":"503235794","municipality_code":"38210","municipality":"伊予市","total_population":8,"population_65plus":8,"population_75plus":4,"aging_rate_65plus":1.0,"aging_rate_75plus":0.5,"population_status":"1","population_status_target":null,"population_aggregation_target":"503235793","age_65plus_missing":false,"age_75plus_missing":false,"age_quality_flag":"ok","data_completeness":"complete"}},{"type":"Feature","geometry":{"type":"Polygon","coordinates":[[[132.66875,33.650000000000006],[132.67499999999998,33.650000000000006],[132.67499999999998,33.654166666666676],[132.66875,33.654166666666676],[132.66875,33.650000000000006]]]},"properties":{"type":"Feature","mesh_id":"503235833","municipality_code":"38210","municipality":"伊予市","total_population":1,"population_65plus":null,"population_75plus":null,"aging_rate_65plus":null,"aging_rate_75plus":null,"population_status":"2","population_status_target":"503235644","population_aggregation_target":null,"age_65plus_missing":true,"age_75plus_missing":true,"age_quality_flag":"ok","data_completeness":"partial"}},{"type":"Feature","geometry":{"type":"Polygon","coordinates":[[[132.6875,33.654166666666676],[132.69375,33.654166666666676],[132.69375,33.658333333333346],[132.6875,33.658333333333346],[132.6875,33.654166666666676]]]},"properties":{"type":"Feature","mesh_id":"503235852","municipality_code":"38210","municipality":"伊予市","total_population":2,"population_65plus":null,"population_75plus":null,"aging_rate_65plus":null,"aging_rate_75plus":null,"population_status":"2","population_status_target":"503235763","population_aggregation_target":null,"age_65plus_missing":true,"age_75plus_missing":true,"age_quality_flag":"ok","data_completeness":"partial"}},{"type":"Feature","geometry":{"type":"Polygon","coordinates":[[[132.7,33.650000000000006],[132.70624999999998,33.650000000000006],[132.70624999999998,33.654166666666676],[132.7,33.654166666666676],[132.7,33.650000000000006]]]},"properties":{"type":"Feature","mesh_id":"503235861","municipality_code":"38210","municipality":"伊予市","total_population":8,"population_65plus":null,"population_75plus":null,"aging_rate_65plus":null,"aging_rate_75plus":null,"population_status":"2","population_status_target":"503235862","population_aggregation_target":null,"age_65plus_missing":true,"age_75plus_missing":true,"age_quality_flag":"ok","data_completeness":"partial"}},{"type":"Feature","geometry":{"type":"Polygon","coordinates":[[[132.7,33.654166666666676],[132.70624999999998,33.654166666666676],[132.70624999999998,33.658333333333346],[132.7,33.658333333333346],[132.7,33.654166666666676]]]},"properties":{"type":"Feature","mesh_id":"503235862","municipality_code":"38210","municipality":"伊予市","total_population":31,"population_65plus":12,"population_75plus":8,"aging_rate_65plus":0.3870967741935484,"aging_rate_75plus":0.25806451612903225,"population_status":"1","population_status_target":null,"population_aggregation_target":"503235861","age_65plus_missing":false,"age_75plus_missing":false,"age_quality_flag":"ok","data_completeness":"complete"}},{"type":"Feature","geometry":{"type":"Polygon","coordinates":[[[132.7125,33.650000000000006],[132.71875,33.650000000000006],[132.71875,33.654166666666676],[132.7125,33.654166666666676],[132.7125,33.650000000000006]]]},"properties":{"type":"Feature","mesh_id":"503235871","municipality_code":"38210","municipality":"伊予市","total_population":16,"population_65plus":8,"population_75plus":4,"aging_rate_65plus":0.5,"aging_rate_75plus":0.25,"population_status":"1","population_status_target":null,"population_aggregation_target":"503235872;503235873","age_65plus_missing":false,"age_75plus_missing":false,"age_quality_flag":"ok","data_completeness":"complete"}},{"type":"Feature","geometry":{"type":"Polygon","coordinates":[[[132.7125,33.654166666666676],[132.71875,33.654166666666676],[132.71875,33.658333333333346],[132.7125,33.658333333333346],[132.7125,33.654166666666676]]]},"properties":{"type":"Feature","mesh_id":"503235872","municipality_code":"38210","municipality":"伊予市","total_population":8,"population_65plus":null,"population_75plus":null,"aging_rate_65plus":null,"aging_rate_75plus":null,"population_status":"2","population_status_target":"503235871","population_aggregation_target":null,"age_65plus_missing":true,"age_75plus_missing":true,"age_quality_flag":"ok","data_completeness":"partial"}},{"type":"Feature","geometry":{"type":"Polygon","coordinates":[[[132.71875,33.650000000000006],[132.725,33.650000000000006],[132.725,33.654166666666676],[132.71875,33.654166666666676],[132.71875,33.650000000000006]]]},"properties":{"type":"Feature","mesh_id":"503235873","municipality_code":"38210","municipality":"伊予市","total_population":3,"population_65plus":null,"population_75plus":null,"aging_rate_65plus":null,"aging_rate_75plus":null,"population_status":"2","population_status_target":"503235871","population_aggregation_target":null,"age_65plus_missing":true,"age_75plus_missing":true,"age_quality_flag":"ok","data_completeness":"partial"}},{"type":"Feature","geometry":{"type":"Polygon","coordinates":[[[132.71875,33.654166666666676],[132.725,33.654166666666676],[132.725,33.658333333333346],[132.71875,33.658333333333346],[132.71875,33.654166666666676]]]},"properties":{"type":"Feature","mesh_id":"503235874","municipality_code":"38210","municipality":"伊予市","total_population":15,"population_65plus":7,"population_75plus":5,"aging_rate_65plus":0.4666666666666667,"aging_rate_75plus":0.3333333333333333,"population_status":"0","population_status_target":null,"population_aggregation_target":null,"age_65plus_missing":false,"age_75plus_missing":false,"age_quality_flag":"ok","data_completeness":"complete"}},{"type":"Feature","geometry":{"type":"Polygon","coordinates":[[[132.725,33.650000000000006],[132.73125,33.650000000000006],[132.73125,33.654166666666676],[132.725,33.654166666666676],[132.725,33.650000000000006]]]},"properties":{"type":"Feature","mesh_id":"503235881","municipality_code":"38210","municipality":"伊予市","total_population":6,"population_65plus":null,"population_75plus":null,"aging_rate_65plus":null,"aging_rate_75plus":null,"population_status":"2","population_status_target":"503235883","population_aggregation_target":null,"age_65plus_missing":true,"age_75plus_missing":true,"age_quality_flag":"ok","data_completeness":"partial"}},{"type":"Feature","geometry":{"type":"Polygon","coordinates":[[[132.725,33.654166666666676],[132.73125,33.654166666666676],[132.73125,33.658333333333346],[132.725,33.658333333333346],[132.725,33.654166666666676]]]},"properties":{"type":"Feature","mesh_id":"503235882","municipality_code":"38210","municipality":"伊予市","total_population":13,"population_65plus":7,"population_75plus":3,"aging_rate_65plus":0.5384615384615384,"aging_rate_75plus":0.23076923076923078,"population_status":"0","population_status_target":null,"population_aggregation_target":null,"age_65plus_missing":false,"age_75plus_missing":false,"age_quality_flag":"ok","data_completeness":"complete"}},{"type":"Feature","geometry":{"type":"Polygon","coordinates":[[[132.73125,33.650000000000006],[132.73749999999998,33.650000000000006],[132.73749999999998,33.654166666666676],[132.73125,33.654166666666676],[132.73125,33.650000000000006]]]},"properties":{"type":"Feature","mesh_id":"503235883","municipality_code":"38210","municipality":"伊予市","total_population":7,"population_65plus":null,"population_75plus":null,"aging_rate_65plus":null,"aging_rate_75plus":null,"population_status":"1","population_status_target":null,"population_aggregation_target":"503235881","age_65plus_missing":true,"age_75plus_missing":true,"age_quality_flag":"inconsistent_with_total","data_completeness":"partial"}},{"type":"Feature","geometry":{"type":"Polygon","coordinates":[[[132.73125,33.654166666666676],[132.73749999999998,33.654166666666676],[132.73749999999998,33.658333333333346],[132.73125,33.658333333333346],[132.73125,33.654166666666676]]]},"properties":{"type":"Feature","mesh_id":"503235884","municipality_code":"38210","municipality":"伊予市","total_population":11,"population_65plus":3,"population_75plus":3,"aging_rate_65plus":0.2727272727272727,"aging_rate_75plus":0.2727272727272727,"population_status":"0","population_status_target":null,"population_aggregation_target":null,"age_65plus_missing":false,"age_75plus_missing":false,"age_quality_flag":"ok","data_completeness":"complete"}},{"type":"Feature","geometry":{"type":"Polygon","coordinates":[[[132.7375,33.650000000000006],[132.74375,33.650000000000006],[132.74375,33.654166666666676],[132.7375,33.654166666666676],[132.7375,33.650000000000006]]]},"properties":{"type":"Feature","mesh_id":"503235891","municipality_code":"38210","municipality":"伊予市","total_population":30,"population_65plus":18,"population_75plus":10,"aging_rate_65plus":0.6,"aging_rate_75plus":0.3333333333333333,"population_status":"0","population_status_target":null,"population_aggregation_target":null,"age_65plus_missing":false,"age_75plus_missing":false,"age_quality_flag":"ok","data_completeness":"complete"}},{"type":"Feature","geometry":{"type":"Polygon","coordinates":[[[132.7375,33.654166666666676],[132.74375,33.654166666666676],[132.74375,33.658333333333346],[132.7375,33.658333333333346],[132.7375,33.654166666666676]]]},"properties":{"type":"Feature","mesh_id":"503235892","municipality_code":"38210","municipality":"伊予市","total_population":25,"population_65plus":11,"population_75plus":5,"aging_rate_65plus":0.44,"aging_rate_75plus":0.2,"population_status":"0","population_status_target":null,"population_aggregation_target":null,"age_65plus_missing":false,"age_75plus_missing":false,"age_quality_flag":"ok","data_completeness":"complete"}},{"type":"Feature","geometry":{"type":"Polygon","coordinates":[[[132.74375,33.650000000000006],[132.75,33.650000000000006],[132.75,33.654166666666676],[132.74375,33.654166666666676],[132.74375,33.650000000000006]]]},"properties":{"type":"Feature","mesh_id":"503235893","municipality_code":"38210","municipality":"伊予市","total_population":28,"population_65plus":16,"population_75plus":7,"aging_rate_65plus":0.5714285714285714,"aging_rate_75plus":0.25,"population_status":"0","population_status_target":null,"population_aggregation_target":null,"age_65plus_missing":false,"age_75plus_missing":false,"age_quality_flag":"ok","data_completeness":"complete"}},{"type":"Feature","geometry":{"type":"Polygon","coordinates":[[[132.74375,33.654166666666676],[132.75,33.654166666666676],[132.75,33.658333333333346],[132.74375,33.658333333333346],[132.74375,33.654166666666676]]]},"properties":{"type":"Feature","mesh_id":"503235894","municipality_code":"38210","municipality":"伊予市","total_population":49,"population_65plus":22,"population_75plus":9,"aging_rate_65plus":0.4489795918367347,"aging_rate_75plus":0.1836734693877551,"population_status":"0","population_status_target":null,"population_aggregation_target":null,"age_65plus_missing":false,"age_75plus_missing":false,"age_quality_flag":"ok","data_completeness":"complete"}},{"type":"Feature","geometry":{"type":"Polygon","coordinates":[[[132.70624999999998,33.65833333333334],[132.71249999999998,33.65833333333334],[132.71249999999998,33.66250000000001],[132.70624999999998,33.66250000000001],[132.70624999999998,33.65833333333334]]]},"properties":{"type":"Feature","mesh_id":"503235963","municipality_code":"38210","municipality":"伊予市","total_population":5,"population_65plus":null,"population_75plus":null,"aging_rate_65plus":null,"aging_rate_75plus":null,"population_status":"2","population_status_target":"503235971","population_aggregation_target":null,"age_65plus_missing":true,"age_75plus_missing":true,"age_quality_flag":"ok","data_completeness":"partial"}},{"type":"Feature","geometry":{"type":"Polygon","coordinates":[[[132.7125,33.65833333333334],[132.71875,33.65833333333334],[132.71875,33.66250000000001],[132.7125,33.66250000000001],[132.7125,33.65833333333334]]]},"properties":{"type":"Feature","mesh_id":"503235971","municipality_code":"38210","municipality":"伊予市","total_population":16,"population_65plus":null,"population_75plus":null,"aging_rate_65plus":null,"aging_rate_75plus":null,"population_status":"1","population_status_target":null,"population_aggregation_target":"503235963","age_65plus_missing":true,"age_75plus_missing":true,"age_quality_flag":"inconsistent_with_total","data_completeness":"partial"}},{"type":"Feature","geometry":{"type":"Polygon","coordinates":[[[132.7375,33.65833333333334],[132.74375,33.65833333333334],[132.74375,33.66250000000001],[132.7375,33.66250000000001],[132.7375,33.65833333333334]]]},"properties":{"type":"Feature","mesh_id":"503235991","municipality_code":"38210","municipality":"伊予市","total_population":3,"population_65plus":null,"population_75plus":null,"aging_rate_65plus":null,"aging_rate_75plus":null,"population_status":"2","population_status_target":"503235992","population_aggregation_target":null,"age_65plus_missing":true,"age_75plus_missing":true,"age_quality_flag":"ok","data_completeness":"partial"}},{"type":"Feature","geometry":{"type":"Polygon","coordinates":[[[132.7375,33.66250000000001],[132.74375,33.66250000000001],[132.74375,33.66666666666668],[132.7375,33.66666666666668],[132.7375,33.66250000000001]]]},"properties":{"type":"Feature","mesh_id":"503235992","municipality_code":"38210","municipality":"伊予市","total_population":21,"population_65plus":18,"population_75plus":10,"aging_rate_65plus":0.8571428571428571,"aging_rate_75plus":0.47619047619047616,"population_status":"1","population_status_target":null,"population_aggregation_target":"503235991","age_65plus_missing":false,"age_75plus_missing":false,"age_quality_flag":"ok","data_completeness":"complete"}},{"type":"Feature","geometry":{"type":"Polygon","coordinates":[[[132.75,33.65833333333334],[132.75625,33.65833333333334],[132.75625,33.66250000000001],[132.75,33.66250000000001],[132.75,33.65833333333334]]]},"properties":{"type":"Feature","mesh_id":"503236901","municipality_code":"38210","municipality":"伊予市","total_population":10,"population_65plus":null,"population_75plus":null,"aging_rate_65plus":null,"aging_rate_75plus":null,"population_status":"1","population_status_target":null,"population_aggregation_target":"503236902","age_65plus_missing":true,"age_75plus_missing":true,"age_quality_flag":"inconsistent_with_total","data_completeness":"partial"}},{"type":"Feature","geometry":{"type":"Polygon","coordinates":[[[132.75,33.66250000000001],[132.75625,33.66250000000001],[132.75625,33.66666666666668],[132.75,33.66666666666668],[132.75,33.66250000000001]]]},"properties":{"type":"Feature","mesh_id":"503236902","municipality_code":"38210","municipality":"伊予市","total_population":6,"population_65plus":null,"population_75plus":null,"aging_rate_65plus":null,"aging_rate_75plus":null,"population_status":"2","population_status_target":"503236901","population_aggregation_target":null,"age_65plus_missing":true,"age_75plus_missing":true,"age_quality_flag":"ok","data_completeness":"partial"}},{"type":"Feature","geometry":{"type":"Polygon","coordinates":[[[132.6125,33.66666666666667],[132.61875,33.66666666666667],[132.61875,33.67083333333334],[132.6125,33.67083333333334],[132.6125,33.66666666666667]]]},"properties":{"type":"Feature","mesh_id":"503244091","municipality_code":"38210","municipality":"伊予市","total_population":15,"population_65plus":15,"population_75plus":8,"aging_rate_65plus":1.0,"aging_rate_75plus":0.5333333333333333,"population_status":"1","population_status_target":null,"population_aggregation_target":"503244093","age_65plus_missing":false,"age_75plus_missing":false,"age_quality_flag":"ok","data_completeness":"complete"}},{"type":"Feature","geometry":{"type":"Polygon","coordinates":[[[132.61875,33.66666666666667],[132.625,33.66666666666667],[132.625,33.67083333333334],[132.61875,33.67083333333334],[132.61875,33.66666666666667]]]},"properties":{"type":"Feature","mesh_id":"503244093","municipality_code":"38210","municipality":"伊予市","total_population":5,"population_65plus":null,"population_75plus":null,"aging_rate_65plus":null,"aging_rate_75plus":null,"population_status":"2","population_status_target":"503244091","population_aggregation_target":null,"age_65plus_missing":true,"age_75plus_missing":true,"age_quality_flag":"ok","data_completeness":"partial"}},{"type":"Feature","geometry":{"type":"Polygon","coordinates":[[[132.61875,33.67083333333334],[132.625,33.67083333333334],[132.625,33.67500000000001],[132.61875,33.67500000000001],[132.61875,33.67083333333334]]]},"properties":{"type":"Feature","mesh_id":"503244094","municipality_code":"38210","municipality":"伊予市","total_population":30,"population_65plus":16,"population_75plus":9,"aging_rate_65plus":0.5333333333333333,"aging_rate_75plus":0.3,"population_status":"0","population_status_target":null,"population_aggregation_target":null,"age_65plus_missing":false,"age_75plus_missing":false,"age_quality_flag":"ok","data_completeness":"complete"}},{"type":"Feature","geometry":{"type":"Polygon","coordinates":[[[132.6375,33.66666666666667],[132.64374999999998,33.66666666666667],[132.64374999999998,33.67083333333334],[132.6375,33.67083333333334],[132.6375,33.66666666666667]]]},"properties":{"type":"Feature","mesh_id":"503245011","municipality_code":"38210","municipality":"伊予市","total_population":1,"population_65plus":null,"population_75plus":null,"aging_rate_65plus":null,"aging_rate_75plus":null,"population_status":"2","population_status_target":"503245102","population_aggregation_target":null,"age_65plus_missing":true,"age_75plus_missing":true,"age_quality_flag":"ok","data_completeness":"partial"}},{"type":"Feature","geometry":{"type":"Polygon","coordinates":[[[132.6625,33.66666666666667],[132.66875,33.66666666666667],[132.66875,33.67083333333334],[132.6625,33.67083333333334],[132.6625,33.66666666666667]]]},"properties":{"type":"Feature","mesh_id":"503245031","municipality_code":"38210","municipality":"伊予市","total_population":5,"population_65plus":null,"population_75plus":null,"aging_rate_65plus":null,"aging_rate_75plus":null,"population_status":"2","population_status_target":"503245032","population_aggregation_target":null,"age_65plus_missing":true,"age_75plus_missing":true,"age_quality_flag":"ok","data_completeness":"partial"}},{"type":"Feature","geometry":{"type":"Polygon","coordinates":[[[132.6625,33.67083333333334],[132.66875,33.67083333333334],[132.66875,33.67500000000001],[132.6625,33.67500000000001],[132.6625,33.67083333333334]]]},"properties":{"type":"Feature","mesh_id":"503245032","municipality_code":"38210","municipality":"伊予市","total_population":31,"population_65plus":20,"population_75plus":15,"aging_rate_65plus":0.6451612903225806,"aging_rate_75plus":0.4838709677419355,"population_status":"1","population_status_target":null,"population_aggregation_target":"503245031","age_65plus_missing":false,"age_75plus_missing":false,"age_quality_flag":"ok","data_completeness":"complete"}},{"type":"Feature","geometry":{"type":"Polygon","coordinates":[[[132.66875,33.67083333333334],[132.67499999999998,33.67083333333334],[132.67499999999998,33.67500000000001],[132.66875,33.67500000000001],[132.66875,33.67083333333334]]]},"properties":{"type":"Feature","mesh_id":"503245034","municipality_code":"38210","municipality":"伊予市","total_population":25,"population_65plus":16,"population_75plus":8,"aging_rate_65plus":0.64,"aging_rate_75plus":0.32,"population_status":"0","population_status_target":null,"population_aggregation_target":null,"age_65plus_missing":false,"age_75plus_missing":false,"age_quality_flag":"ok","data_completeness":"complete"}},{"type":"Feature","geometry":{"type":"Polygon","coordinates":[[[132.68125,33.67083333333334],[132.6875,33.67083333333334],[132.6875,33.67500000000001],[132.68125,33.67500000000001],[132.68125,33.67083333333334]]]},"properties":{"type":"Feature","mesh_id":"503245044","municipality_code":"38210","municipality":"伊予市","total_population":4,"population_65plus":null,"population_75plus":null,"aging_rate_65plus":null,"aging_rate_75plus":null,"population_status":"2","population_status_target":"503245151","population_aggregation_target":null,"age_65plus_missing":true,"age_75plus_missing":true,"age_quality_flag":"ok","data_completeness":"partial"}},{"type":"Feature","geometry":{"type":"Polygon","coordinates":[[[132.6875,33.66666666666667],[132.69375,33.66666666666667],[132.69375,33.67083333333334],[132.6875,33.67083333333334],[132.6875,33.66666666666667]]]},"properties":{"type":"Feature","mesh_id":"503245051","municipality_code":"38210","municipality":"伊予市","total_population":19,"population_65plus":10,"population_75plus":4,"aging_rate_65plus":0.5263157894736842,"aging_rate_75plus":0.21052631578947367,"population_status":"0","population_status_target":null,"population_aggregation_target":null,"age_65plus_missing":false,"age_75plus_missing":false,"age_quality_flag":"ok","data_completeness":"complete"}},{"type":"Feature","geometry":{"type":"Polygon","coordinates":[[[132.6875,33.67083333333334],[132.69375,33.67083333333334],[132.69375,33.67500000000001],[132.6875,33.67500000000001],[132.6875,33.67083333333334]]]},"properties":{"type":"Feature","mesh_id":"503245052","municipality_code":"38210","municipality":"伊予市","total_population":35,"population_65plus":17,"population_75plus":11,"aging_rate_65plus":0.4857142857142857,"aging_rate_75plus":0.3142857142857143,"population_status":"0","population_status_target":null,"population_aggregation_target":null,"age_65plus_missing":false,"age_75plus_missing":false,"age_quality_flag":"ok","data_completeness":"complete"}},{"type":"Feature","geometry":{"type":"Polygon","coordinates":[[[132.69375,33.66666666666667],[132.7,33.66666666666667],[132.7,33.67083333333334],[132.69375,33.67083333333334],[132.69375,33.66666666666667]]]},"properties":{"type":"Feature","mesh_id":"503245053","municipality_code":"38210","municipality":"伊予市","total_population":65,"population_65plus":37,"population_75plus":19,"aging_rate_65plus":0.5692307692307692,"aging_rate_75plus":0.2923076923076923,"population_status":"0","population_status_target":null,"population_aggregation_target":null,"age_65plus_missing":false,"age_75plus_missing":false,"age_quality_flag":"ok","data_completeness":"complete"}},{"type":"Feature","geometry":{"type":"Polygon","coordinates":[[[132.69375,33.67083333333334],[132.7,33.67083333333334],[132.7,33.67500000000001],[132.69375,33.67500000000001],[132.69375,33.67083333333334]]]},"properties":{"type":"Feature","mesh_id":"503245054","municipality_code":"38210","municipality":"伊予市","total_population":88,"population_65plus":22,"population_75plus":6,"aging_rate_65plus":0.25,"aging_rate_75plus":0.06818181818181818,"population_status":"0","population_status_target":null,"population_aggregation_target":null,"age_65plus_missing":false,"age_75plus_missing":false,"age_quality_flag":"ok","data_completeness":"complete"}},{"type":"Feature","geometry":{"type":"Polygon","coordinates":[[[132.7,33.66666666666667],[132.70624999999998,33.66666666666667],[132.70624999999998,33.67083333333334],[132.7,33.67083333333334],[132.7,33.66666666666667]]]},"properties":{"type":"Feature","mesh_id":"503245061","municipality_code":"38210","municipality":"伊予市","total_population":44,"population_65plus":22,"population_75plus":14,"aging_rate_65plus":0.5,"aging_rate_75plus":0.3181818181818182,"population_status":"0","population_status_target":null,"population_aggregation_target":null,"age_65plus_missing":false,"age_75plus_missing":false,"age_quality_flag":"ok","data_completeness":"complete"}},{"type":"Feature","geometry":{"type":"Polygon","coordinates":[[[132.70624999999998,33.66666666666667],[132.71249999999998,33.66666666666667],[132.71249999999998,33.67083333333334],[132.70624999999998,33.67083333333334],[132.70624999999998,33.66666666666667]]]},"properties":{"type":"Feature","mesh_id":"503245063","municipality_code":"38210","municipality":"伊予市","total_population":52,"population_65plus":25,"population_75plus":13,"aging_rate_65plus":0.4807692307692308,"aging_rate_75plus":0.25,"population_status":"0","population_status_target":null,"population_aggregation_target":null,"age_65plus_missing":false,"age_75plus_missing":false,"age_quality_flag":"ok","data_completeness":"complete"}},{"type":"Feature","geometry":{"type":"Polygon","coordinates":[[[132.625,33.675000000000004],[132.63125,33.675000000000004],[132.63125,33.679166666666674],[132.625,33.679166666666674],[132.625,33.675000000000004]]]},"properties":{"type":"Feature","mesh_id":"503245101","municipality_code":"38210","municipality":"伊予市","total_population":30,"population_65plus":11,"population_75plus":6,"aging_rate_65plus":0.36666666666666664,"aging_rate_75plus":0.2,"population_status":"0","population_status_target":null,"population_aggregation_target":null,"age_65plus_missing":false,"age_75plus_missing":false,"age_quality_flag":"ok","data_completeness":"complete"}},{"type":"Feature","geometry":{"type":"Polygon","coordinates":[[[132.63125,33.675000000000004],[132.6375,33.675000000000004],[132.6375,33.679166666666674],[132.63125,33.679166666666674],[132.63125,33.675000000000004]]]},"properties":{"type":"Feature","mesh_id":"503245103","municipality_code":"38210","municipality":"伊予市","total_population":57,"population_65plus":25,"population_75plus":14,"aging_rate_65plus":0.43859649122807015,"aging_rate_75plus":0.24561403508771928,"population_status":"0","population_status_target":null,"population_aggregation_target":null,"age_65plus_missing":false,"age_75plus_missing":false,"age_quality_flag":"ok","data_completeness":"complete"}},{"type":"Feature","geometry":{"type":"Polygon","coordinates":[[[132.63125,33.679166666666674],[132.6375,33.679166666666674],[132.6375,33.683333333333344],[132.63125,33.683333333333344],[132.63125,33.679166666666674]]]},"properties":{"type":"Feature","mesh_id":"503245104","municipality_code":"38210","municipality":"伊予市","total_population":125,"population_65plus":63,"population_75plus":29,"aging_rate_65plus":0.504,"aging_rate_75plus":0.232,"population_status":"0","population_status_target":null,"population_aggregation_target":null,"age_65plus_missing":false,"age_75plus_missing":false,"age_quality_flag":"ok","data_completeness":"complete"}},{"type":"Feature","geometry":{"type":"Polygon","coordinates":[[[132.64374999999998,33.679166666666674],[132.64999999999998,33.679166666666674],[132.64999999999998,33.683333333333344],[132.64374999999998,33.683333333333344],[132.64374999999998,33.679166666666674]]]},"properties":{"type":"Feature","mesh_id":"503245114","municipality_code":"38210","municipality":"伊予市","total_population":54,"population_65plus":31,"population_75plus":21,"aging_rate_65plus":0.5740740740740741,"aging_rate_75plus":0.3888888888888889,"population_status":"0","population_status_target":null,"population_aggregation_target":null,"age_65plus_missing":false,"age_75plus_missing":false,"age_quality_flag":"ok","data_completeness":"complete"}},{"type":"Feature","geometry":{"type":"Polygon","coordinates":[[[132.65625,33.675000000000004],[132.6625,33.675000000000004],[132.6625,33.679166666666674],[132.65625,33.679166666666674],[132.65625,33.675000000000004]]]},"properties":{"type":"Feature","mesh_id":"503245123","municipality_code":"38210","municipality":"伊予市","total_population":31,"population_65plus":21,"population_75plus":12,"aging_rate_65plus":0.6774193548387096,"aging_rate_75plus":0.3870967741935484,"population_status":"0","population_status_target":null,"population_aggregation_target":null,"age_65plus_missing":false,"age_75plus_missing":false,"age_quality_flag":"ok","data_completeness":"complete"}},{"type":"Feature","geometry":{"type":"Polygon","coordinates":[[[132.65625,33.679166666666674],[132.6625,33.679166666666674],[132.6625,33.683333333333344],[132.65625,33.683333333333344],[132.65625,33.679166666666674]]]},"properties":{"type":"Feature","mesh_id":"503245124","municipality_code":"38210","municipality":"伊予市","total_population":68,"population_65plus":27,"population_75plus":17,"aging_rate_65plus":0.39705882352941174,"aging_rate_75plus":0.25,"population_status":"0","population_status_target":null,"population_aggregation_target":null,"age_65plus_missing":false,"age_75plus_missing":false,"age_quality_flag":"ok","data_completeness":"complete"}},{"type":"Feature","geometry":{"type":"Polygon","coordinates":[[[132.6625,33.675000000000004],[132.66875,33.675000000000004],[132.66875,33.679166666666674],[132.6625,33.679166666666674],[132.6625,33.675000000000004]]]},"properties":{"type":"Feature","mesh_id":"503245131","municipality_code":"38210","municipality":"伊予市","total_population":21,"population_65plus":11,"population_75plus":9,"aging_rate_65plus":0.5238095238095238,"aging_rate_75plus":0.42857142857142855,"population_status":"0","population_status_target":null,"population_aggregation_target":null,"age_65plus_missing":false,"age_75plus_missing":false,"age_quality_flag":"ok","data_completeness":"complete"}},{"type":"Feature","geometry":{"type":"Polygon","coordinates":[[[132.66875,33.675000000000004],[132.67499999999998,33.675000000000004],[132.67499999999998,33.679166666666674],[132.66875,33.679166666666674],[132.66875,33.675000000000004]]]},"properties":{"type":"Feature","mesh_id":"503245133","municipality_code":"38210","municipality":"伊予市","total_population":55,"population_65plus":15,"population_75plus":8,"aging_rate_65plus":0.2727272727272727,"aging_rate_75plus":0.14545454545454545,"population_status":"0","population_status_target":null,"population_aggregation_target":null,"age_65plus_missing":false,"age_75plus_missing":false,"age_quality_flag":"ok","data_completeness":"complete"}},{"type":"Feature","geometry":{"type":"Polygon","coordinates":[[[132.66875,33.679166666666674],[132.67499999999998,33.679166666666674],[132.67499999999998,33.683333333333344],[132.66875,33.683333333333344],[132.66875,33.679166666666674]]]},"properties":{"type":"Feature","mesh_id":"503245134","municipality_code":"38210","municipality":"伊予市","total_population":40,"population_65plus":22,"population_75plus":17,"aging_rate_65plus":0.55,"aging_rate_75plus":0.425,"population_status":"0","population_status_target":null,"population_aggregation_target":null,"age_65plus_missing":false,"age_75plus_missing":false,"age_quality_flag":"ok","data_completeness":"complete"}},{"type":"Feature","geometry":{"type":"Polygon","coordinates":[[[132.68125,33.675000000000004],[132.6875,33.675000000000004],[132.6875,33.679166666666674],[132.68125,33.679166666666674],[132.68125,33.675000000000004]]]},"properties":{"type":"Feature","mesh_id":"503245143","municipality_code":"38210","municipality":"伊予市","total_population":26,"population_65plus":9,"population_75plus":4,"aging_rate_65plus":0.34615384615384615,"aging_rate_75plus":0.15384615384615385,"population_status":"0","population_status_target":null,"population_aggregation_target":null,"age_65plus_missing":false,"age_75plus_missing":false,"age_quality_flag":"ok","data_completeness":"complete"}},{"type":"Feature","geometry":{"type":"Polygon","coordinates":[[[132.6875,33.675000000000004],[132.69375,33.675000000000004],[132.69375,33.679166666666674],[132.6875,33.679166666666674],[132.6875,33.675000000000004]]]},"properties":{"type":"Feature","mesh_id":"503245151","municipality_code":"38210","municipality":"伊予市","total_population":10,"population_65plus":9,"population_75plus":7,"aging_rate_65plus":0.9,"aging_rate_75plus":0.7,"population_status":"1","population_status_target":null,"population_aggregation_target":"503245044","age_65plus_missing":false,"age_75plus_missing":false,"age_quality_flag":"ok","data_completeness":"complete"}},{"type":"Feature","geometry":{"type":"Polygon","coordinates":[[[132.69375,33.675000000000004],[132.7,33.675000000000004],[132.7,33.679166666666674],[132.69375,33.679166666666674],[132.69375,33.675000000000004]]]},"properties":{"type":"Feature","mesh_id":"503245153","municipality_code":"38210","municipality":"伊予市","total_population":20,"population_65plus":null,"population_75plus":null,"aging_rate_65plus":null,"aging_rate_75plus":null,"population_status":"1","population_status_target":null,"population_aggregation_target":"503245154","age_65plus_missing":true,"age_75plus_missing":true,"age_quality_flag":"inconsistent_with_total","data_completeness":"partial"}},{"type":"Feature","geometry":{"type":"Polygon","coordinates":[[[132.69375,33.679166666666674],[132.7,33.679166666666674],[132.7,33.683333333333344],[132.69375,33.683333333333344],[132.69375,33.679166666666674]]]},"properties":{"type":"Feature","mesh_id":"503245154","municipality_code":"38210","municipality":"伊予市","total_population":4,"population_65plus":null,"population_75plus":null,"aging_rate_65plus":null,"aging_rate_75plus":null,"population_status":"2","population_status_target":"503245153","population_aggregation_target":null,"age_65plus_missing":true,"age_75plus_missing":true,"age_quality_flag":"ok","data_completeness":"partial"}},{"type":"Feature","geometry":{"type":"Polygon","coordinates":[[[132.7,33.675000000000004],[132.70624999999998,33.675000000000004],[132.70624999999998,33.679166666666674],[132.7,33.679166666666674],[132.7,33.675000000000004]]]},"properties":{"type":"Feature","mesh_id":"503245161","municipality_code":"38210","municipality":"伊予市","total_population":2,"population_65plus":null,"population_75plus":null,"aging_rate_65plus":null,"aging_rate_75plus":null,"population_status":"2","population_status_target":"503245162","population_aggregation_target":null,"age_65plus_missing":true,"age_75plus_missing":true,"age_quality_flag":"ok","data_completeness":"partial"}},{"type":"Feature","geometry":{"type":"Polygon","coordinates":[[[132.7,33.679166666666674],[132.70624999999998,33.679166666666674],[132.70624999999998,33.683333333333344],[132.7,33.683333333333344],[132.7,33.679166666666674]]]},"properties":{"type":"Feature","mesh_id":"503245162","municipality_code":"38210","municipality":"伊予市","total_population":23,"population_65plus":5,"population_75plus":1,"aging_rate_65plus":0.21739130434782608,"aging_rate_75plus":0.043478260869565216,"population_status":"1","population_status_target":null,"population_aggregation_target":"503245161","age_65plus_missing":false,"age_75plus_missing":false,"age_quality_flag":"ok","data_completeness":"complete"}},{"type":"Feature","geometry":{"type":"Polygon","coordinates":[[[132.70624999999998,33.679166666666674],[132.71249999999998,33.679166666666674],[132.71249999999998,33.683333333333344],[132.70624999999998,33.683333333333344],[132.70624999999998,33.679166666666674]]]},"properties":{"type":"Feature","mesh_id":"503245164","municipality_code":"38210","municipality":"伊予市","total_population":18,"population_65plus":13,"population_75plus":8,"aging_rate_65plus":0.7222222222222222,"aging_rate_75plus":0.4444444444444444,"population_status":"0","population_status_target":null,"population_aggregation_target":null,"age_65plus_missing":false,"age_75plus_missing":false,"age_quality_flag":"ok","data_completeness":"complete"}},{"type":"Feature","geometry":{"type":"Polygon","coordinates":[[[132.7125,33.675000000000004],[132.71875,33.675000000000004],[132.71875,33.679166666666674],[132.7125,33.679166666666674],[132.7125,33.675000000000004]]]},"properties":{"type":"Feature","mesh_id":"503245171","municipality_code":"38210","municipality":"伊予市","total_population":8,"population_65plus":null,"population_75plus":null,"aging_rate_65plus":null,"aging_rate_75plus":null,"population_status":"2","population_status_target":"503245173","population_aggregation_target":null,"age_65plus_missing":true,"age_75plus_missing":true,"age_quality_flag":"ok","data_completeness":"partial"}},{"type":"Feature","geometry":{"type":"Polygon","coordinates":[[[132.71875,33.675000000000004],[132.725,33.675000000000004],[132.725,33.679166666666674],[132.71875,33.679166666666674],[132.71875,33.675000000000004]]]},"properties":{"type":"Feature","mesh_id":"503245173","municipality_code":"38210","municipality":"伊予市","total_population":40,"population_65plus":30,"population_75plus":14,"aging_rate_65plus":0.75,"aging_rate_75plus":0.35,"population_status":"1","population_status_target":null,"population_aggregation_target":"503245171","age_65plus_missing":false,"age_75plus_missing":false,"age_quality_flag":"ok","data_completeness":"complete"}},{"type":"Feature","geometry":{"type":"Polygon","coordinates":[[[132.71875,33.679166666666674],[132.725,33.679166666666674],[132.725,33.683333333333344],[132.71875,33.683333333333344],[132.71875,33.679166666666674]]]},"properties":{"type":"Feature","mesh_id":"503245174","municipality_code":"38210","municipality":"伊予市","total_population":26,"population_65plus":22,"population_75plus":14,"aging_rate_65plus":0.8461538461538461,"aging_rate_75plus":0.5384615384615384,"population_status":"0","population_status_target":null,"population_aggregation_target":null,"age_65plus_missing":false,"age_75plus_missing":false,"age_quality_flag":"ok","data_completeness":"complete"}},{"type":"Feature","geometry":{"type":"Polygon","coordinates":[[[132.73125,33.675000000000004],[132.73749999999998,33.675000000000004],[132.73749999999998,33.679166666666674],[132.73125,33.679166666666674],[132.73125,33.675000000000004]]]},"properties":{"type":"Feature","mesh_id":"503245183","municipality_code":"38210","municipality":"伊予市","total_population":46,"population_65plus":29,"population_75plus":19,"aging_rate_65plus":0.6304347826086957,"aging_rate_75plus":0.41304347826086957,"population_status":"1","population_status_target":null,"population_aggregation_target":"503245184","age_65plus_missing":false,"age_75plus_missing":false,"age_quality_flag":"ok","data_completeness":"complete"}},{"type":"Feature","geometry":{"type":"Polygon","coordinates":[[[132.73125,33.679166666666674],[132.73749999999998,33.679166666666674],[132.73749999999998,33.683333333333344],[132.73125,33.683333333333344],[132.73125,33.679166666666674]]]},"properties":{"type":"Feature","mesh_id":"503245184","municipality_code":"38210","municipality":"伊予市","total_population":5,"population_65plus":null,"population_75plus":null,"aging_rate_65plus":null,"aging_rate_75plus":null,"population_status":"2","population_status_target":"503245183","population_aggregation_target":null,"age_65plus_missing":true,"age_75plus_missing":true,"age_quality_flag":"ok","data_completeness":"partial"}},{"type":"Feature","geometry":{"type":"Polygon","coordinates":[[[132.74375,33.675000000000004],[132.75,33.675000000000004],[132.75,33.679166666666674],[132.74375,33.679166666666674],[132.74375,33.675000000000004]]]},"properties":{"type":"Feature","mesh_id":"503245193","municipality_code":"38210","municipality":"伊予市","total_population":4,"population_65plus":null,"population_75plus":null,"aging_rate_65plus":null,"aging_rate_75plus":null,"population_status":"2","population_status_target":"503245194","population_aggregation_target":null,"age_65plus_missing":true,"age_75plus_missing":true,"age_quality_flag":"ok","data_completeness":"partial"}},{"type":"Feature","geometry":{"type":"Polygon","coordinates":[[[132.74375,33.679166666666674],[132.75,33.679166666666674],[132.75,33.683333333333344],[132.74375,33.683333333333344],[132.74375,33.679166666666674]]]},"properties":{"type":"Feature","mesh_id":"503245194","municipality_code":"38210","municipality":"伊予市","total_population":20,"population_65plus":20,"population_75plus":10,"aging_rate_65plus":1.0,"aging_rate_75plus":0.5,"population_status":"1","population_status_target":null,"population_aggregation_target":"503245193","age_65plus_missing":false,"age_75plus_missing":false,"age_quality_flag":"ok","data_completeness":"complete"}},{"type":"Feature","geometry":{"type":"Polygon","coordinates":[[[132.6375,33.68333333333334],[132.64374999999998,33.68333333333334],[132.64374999999998,33.68750000000001],[132.6375,33.68750000000001],[132.6375,33.68333333333334]]]},"properties":{"type":"Feature","mesh_id":"503245211","municipality_code":"38210","municipality":"伊予市","total_population":148,"population_65plus":73,"population_75plus":37,"aging_rate_65plus":0.49324324324324326,"aging_rate_75plus":0.25,"population_status":"0","population_status_target":null,"population_aggregation_target":null,"age_65plus_missing":false,"age_75plus_missing":false,"age_quality_flag":"ok","data_completeness":"complete"}},{"type":"Feature","geometry":{"type":"Polygon","coordinates":[[[132.6375,33.68750000000001],[132.64374999999998,33.68750000000001],[132.64374999999998,33.69166666666668],[132.6375,33.69166666666668],[132.6375,33.68750000000001]]]},"properties":{"type":"Feature","mesh_id":"503245212","municipality_code":"38210","municipality":"伊予市","total_population":229,"population_65plus":123,"population_75plus":88,"aging_rate_65plus":0.537117903930131,"aging_rate_75plus":0.38427947598253276,"population_status":"1","population_status_target":null,"population_aggregation_target":"503245221","age_65plus_missing":false,"age_75plus_missing":false,"age_quality_flag":"ok","data_completeness":"complete"}},{"type":"Feature","geometry":{"type":"Polygon","coordinates":[[[132.64374999999998,33.68333333333334],[132.64999999999998,33.68333333333334],[132.64999999999998,33.68750000000001],[132.64374999999998,33.68750000000001],[132.64374999999998,33.68333333333334]]]},"properties":{"type":"Feature","mesh_id":"503245213","municipality_code":"38210","municipality":"伊予市","total_population":292,"population_65plus":124,"population_75plus":79,"aging_rate_65plus":0.4246575342465753,"aging_rate_75plus":0.2705479452054795,"population_status":"0","population_status_target":null,"population_aggregation_target":null,"age_65plus_missing":false,"age_75plus_missing":false,"age_quality_flag":"ok","data_completeness":"complete"}},{"type":"Feature","geometry":{"type":"Polygon","coordinates":[[[132.64374999999998,33.68750000000001],[132.64999999999998,33.68750000000001],[132.64999999999998,33.69166666666668],[132.64374999999998,33.69166666666668],[132.64374999999998,33.68750000000001]]]},"properties":{"type":"Feature","mesh_id":"503245214","municipality_code":"38210","municipality":"伊予市","total_population":13,"population_65plus":7,"population_75plus":1,"aging_rate_65plus":0.5384615384615384,"aging_rate_75plus":0.07692307692307693,"population_status":"0","population_status_target":null,"population_aggregation_target":null,"age_65plus_missing":false,"age_75plus_missing":false,"age_quality_flag":"ok","data_completeness":"complete"}},{"type":"Feature","geometry":{"type":"Polygon","coordinates":[[[132.65,33.68333333333334],[132.65625,33.68333333333334],[132.65625,33.68750000000001],[132.65,33.68750000000001],[132.65,33.68333333333334]]]},"properties":{"type":"Feature","mesh_id":"503245221","municipality_code":"38210","municipality":"伊予市","total_population":8,"population_65plus":null,"population_75plus":null,"aging_rate_65plus":null,"aging_rate_75plus":null,"population_status":"2","population_status_target":"503245212","population_aggregation_target":null,"age_65plus_missing":true,"age_75plus_missing":true,"age_quality_flag":"ok","data_completeness":"partial"}},{"type":"Feature","geometry":{"type":"Polygon","coordinates":[[[132.675,33.68333333333334],[132.68125,33.68333333333334],[132.68125,33.68750000000001],[132.675,33.68750000000001],[132.675,33.68333333333334]]]},"properties":{"type":"Feature","mesh_id":"503245241","municipality_code":"38210","municipality":"伊予市","total_population":11,"population_65plus":4,"population_75plus":2,"aging_rate_65plus":0.36363636363636365,"aging_rate_75plus":0.18181818181818182,"population_status":"0","population_status_target":null,"population_aggregation_target":null,"age_65plus_missing":false,"age_75plus_missing":false,"age_quality_flag":"ok","data_completeness":"complete"}},{"type":"Feature","geometry":{"type":"Polygon","coordinates":[[[132.675,33.68750000000001],[132.68125,33.68750000000001],[132.68125,33.69166666666668],[132.675,33.69166666666668],[132.675,33.68750000000001]]]},"properties":{"type":"Feature","mesh_id":"503245242","municipality_code":"38210","municipality":"伊予市","total_population":62,"population_65plus":25,"population_75plus":16,"aging_rate_65plus":0.4032258064516129,"aging_rate_75plus":0.25806451612903225,"population_status":"0","population_status_target":null,"population_aggregation_target":null,"age_65plus_missing":false,"age_75plus_missing":false,"age_quality_flag":"ok","data_completeness":"complete"}},{"type":"Feature","geometry":{"type":"Polygon","coordinates":[[[132.6875,33.68333333333334],[132.69375,33.68333333333334],[132.69375,33.68750000000001],[132.6875,33.68750000000001],[132.6875,33.68333333333334]]]},"properties":{"type":"Feature","mesh_id":"503245251","municipality_code":"38210","municipality":"伊予市","total_population":36,"population_65plus":21,"population_75plus":13,"aging_rate_65plus":0.5833333333333334,"aging_rate_75plus":0.3611111111111111,"population_status":"1","population_status_target":null,"population_aggregation_target":"503245252","age_65plus_missing":false,"age_75plus_missing":false,"age_quality_flag":"ok","data_completeness":"complete"}},{"type":"Feature","geometry":{"type":"Polygon","coordinates":[[[132.6875,33.68750000000001],[132.69375,33.68750000000001],[132.69375,33.69166666666668],[132.6875,33.69166666666668],[132.6875,33.68750000000001]]]},"properties":{"type":"Feature","mesh_id":"503245252","municipality_code":"38210","municipality":"伊予市","total_population":10,"population_65plus":null,"population_75plus":null,"aging_rate_65plus":null,"aging_rate_75plus":null,"population_status":"2","population_status_target":"503245251","population_aggregation_target":null,"age_65plus_missing":true,"age_75plus_missing":true,"age_quality_flag":"ok","data_completeness":"partial"}},{"type":"Feature","geometry":{"type":"Polygon","coordinates":[[[132.69375,33.68750000000001],[132.7,33.68750000000001],[132.7,33.69166666666668],[132.69375,33.69166666666668],[132.69375,33.68750000000001]]]},"properties":{"type":"Feature","mesh_id":"503245254","municipality_code":"38210","municipality":"伊予市","total_population":38,"population_65plus":23,"population_75plus":5,"aging_rate_65plus":0.6052631578947368,"aging_rate_75plus":0.13157894736842105,"population_status":"0","population_status_target":null,"population_aggregation_target":null,"age_65plus_missing":false,"age_75plus_missing":false,"age_quality_flag":"ok","data_completeness":"complete"}},{"type":"Feature","geometry":{"type":"Polygon","coordinates":[[[132.7,33.68333333333334],[132.70624999999998,33.68333333333334],[132.70624999999998,33.68750000000001],[132.7,33.68750000000001],[132.7,33.68333333333334]]]},"properties":{"type":"Feature","mesh_id":"503245261","municipality_code":"38210","municipality":"伊予市","total_population":7,"population_65plus":null,"population_75plus":null,"aging_rate_65plus":null,"aging_rate_75plus":null,"population_status":"2","population_status_target":"503245263","population_aggregation_target":null,"age_65plus_missing":true,"age_75plus_missing":true,"age_quality_flag":"ok","data_completeness":"partial"}},{"type":"Feature","geometry":{"type":"Polygon","coordinates":[[[132.7,33.68750000000001],[132.70624999999998,33.68750000000001],[132.70624999999998,33.69166666666668],[132.7,33.69166666666668],[132.7,33.68750000000001]]]},"properties":{"type":"Feature","mesh_id":"503245262","municipality_code":"38210","municipality":"伊予市","total_population":21,"population_65plus":6,"population_75plus":5,"aging_rate_65plus":0.2857142857142857,"aging_rate_75plus":0.23809523809523808,"population_status":"0","population_status_target":null,"population_aggregation_target":null,"age_65plus_missing":false,"age_75plus_missing":false,"age_quality_flag":"ok","data_completeness":"complete"}},{"type":"Feature","geometry":{"type":"Polygon","coordinates":[[[132.70624999999998,33.68333333333334],[132.71249999999998,33.68333333333334],[132.71249999999998,33.68750000000001],[132.70624999999998,33.68750000000001],[132.70624999999998,33.68333333333334]]]},"properties":{"type":"Feature","mesh_id":"503245263","municipality_code":"38210","municipality":"伊予市","total_population":31,"population_65plus":22,"population_75plus":14,"aging_rate_65plus":0.7096774193548387,"aging_rate_75plus":0.45161290322580644,"population_status":"1","population_status_target":null,"population_aggregation_target":"503245261","age_65plus_missing":false,"age_75plus_missing":false,"age_quality_flag":"ok","data_completeness":"complete"}},{"type":"Feature","geometry":{"type":"Polygon","coordinates":[[[132.70624999999998,33.68750000000001],[132.71249999999998,33.68750000000001],[132.71249999999998,33.69166666666668],[132.70624999999998,33.69166666666668],[132.70624999999998,33.68750000000001]]]},"properties":{"type":"Feature","mesh_id":"503245264","municipality_code":"38210","municipality":"伊予市","total_population":22,"population_65plus":15,"population_75plus":7,"aging_rate_65plus":0.6818181818181818,"aging_rate_75plus":0.3181818181818182,"population_status":"0","population_status_target":null,"population_aggregation_target":null,"age_65plus_missing":false,"age_75plus_missing":false,"age_quality_flag":"ok","data_completeness":"complete"}},{"type":"Feature","geometry":{"type":"Polygon","coordinates":[[[132.7125,33.68333333333334],[132.71875,33.68333333333334],[132.71875,33.68750000000001],[132.7125,33.68750000000001],[132.7125,33.68333333333334]]]},"properties":{"type":"Feature","mesh_id":"503245271","municipality_code":"38210","municipality":"伊予市","total_population":8,"population_65plus":null,"population_75plus":null,"aging_rate_65plus":null,"aging_rate_75plus":null,"population_status":"2","population_status_target":"503245273","population_aggregation_target":null,"age_65plus_missing":true,"age_75plus_missing":true,"age_quality_flag":"ok","data_completeness":"partial"}},{"type":"Feature","geometry":{"type":"Polygon","coordinates":[[[132.71875,33.68333333333334],[132.725,33.68333333333334],[132.725,33.68750000000001],[132.71875,33.68750000000001],[132.71875,33.68333333333334]]]},"properties":{"type":"Feature","mesh_id":"503245273","municipality_code":"38210","municipality":"伊予市","total_population":10,"population_65plus":10,"population_75plus":7,"aging_rate_65plus":1.0,"aging_rate_75plus":0.7,"population_status":"1","population_status_target":null,"population_aggregation_target":"503245271","age_65plus_missing":false,"age_75plus_missing":false,"age_quality_flag":"ok","data_completeness":"complete"}},{"type":"Feature","geometry":{"type":"Polygon","coordinates":[[[132.725,33.68333333333334],[132.73125,33.68333333333334],[132.73125,33.68750000000001],[132.725,33.68750000000001],[132.725,33.68333333333334]]]},"properties":{"type":"Feature","mesh_id":"503245281","municipality_code":"38210","municipality":"伊予市","total_population":16,"population_65plus":15,"population_75plus":9,"aging_rate_65plus":0.9375,"aging_rate_75plus":0.5625,"population_status":"1","population_status_target":null,"population_aggregation_target":"503245284","age_65plus_missing":false,"age_75plus_missing":false,"age_quality_flag":"ok","data_completeness":"complete"}},{"type":"Feature","geometry":{"type":"Polygon","coordinates":[[[132.73125,33.68750000000001],[132.73749999999998,33.68750000000001],[132.73749999999998,33.69166666666668],[132.73125,33.69166666666668],[132.73125,33.68750000000001]]]},"properties":{"type":"Feature","mesh_id":"503245284","municipality_code":"38210","municipality":"伊予市","total_population":4,"population_65plus":null,"population_75plus":null,"aging_rate_65plus":null,"aging_rate_75plus":null,"population_status":"2","population_status_target":"503245281","population_aggregation_target":null,"age_65plus_missing":true,"age_75plus_missing":true,"age_quality_flag":"ok","data_completeness":"partial"}},{"type":"Feature","geometry":{"type":"Polygon","coordinates":[[[132.7375,33.68333333333334],[132.74375,33.68333333333334],[132.74375,33.68750000000001],[132.7375,33.68750000000001],[132.7375,33.68333333333334]]]},"properties":{"type":"Feature","mesh_id":"503245291","municipality_code":"38210","municipality":"伊予市","total_population":12,"population_65plus":null,"population_75plus":null,"aging_rate_65plus":null,"aging_rate_75plus":null,"population_status":"1","population_status_target":null,"population_aggregation_target":"503245292","age_65plus_missing":true,"age_75plus_missing":true,"age_quality_flag":"inconsistent_with_total","data_completeness":"partial"}},{"type":"Feature","geometry":{"type":"Polygon","coordinates":[[[132.7375,33.68750000000001],[132.74375,33.68750000000001],[132.74375,33.69166666666668],[132.7375,33.69166666666668],[132.7375,33.68750000000001]]]},"properties":{"type":"Feature","mesh_id":"503245292","municipality_code":"38210","municipality":"伊予市","total_population":1,"population_65plus":null,"population_75plus":null,"aging_rate_65plus":null,"aging_rate_75plus":null,"population_status":"2","population_status_target":"503245291","population_aggregation_target":null,"age_65plus_missing":true,"age_75plus_missing":true,"age_quality_flag":"ok","data_completeness":"partial"}},{"type":"Feature","geometry":{"type":"Polygon","coordinates":[[[132.74375,33.68333333333334],[132.75,33.68333333333334],[132.75,33.68750000000001],[132.74375,33.68750000000001],[132.74375,33.68333333333334]]]},"properties":{"type":"Feature","mesh_id":"503245293","municipality_code":"38210","municipality":"伊予市","total_population":14,"population_65plus":12,"population_75plus":6,"aging_rate_65plus":0.8571428571428571,"aging_rate_75plus":0.42857142857142855,"population_status":"1","population_status_target":null,"population_aggregation_target":"503245391","age_65plus_missing":false,"age_75plus_missing":false,"age_quality_flag":"ok","data_completeness":"complete"}},{"type":"Feature","geometry":{"type":"Polygon","coordinates":[[[132.65,33.69166666666667],[132.65625,33.69166666666667],[132.65625,33.69583333333334],[132.65,33.69583333333334],[132.65,33.69166666666667]]]},"properties":{"type":"Feature","mesh_id":"503245321","municipality_code":"38210","municipality":"伊予市","total_population":138,"population_65plus":77,"population_75plus":45,"aging_rate_65plus":0.5579710144927537,"aging_rate_75plus":0.32608695652173914,"population_status":"1","population_status_target":null,"population_aggregation_target":"503245323","age_65plus_missing":false,"age_75plus_missing":false,"age_quality_flag":"ok","data_completeness":"complete"}},{"type":"Feature","geometry":{"type":"Polygon","coordinates":[[[132.65625,33.69166666666667],[132.6625,33.69166666666667],[132.6625,33.69583333333334],[132.65625,33.69583333333334],[132.65625,33.69166666666667]]]},"properties":{"type":"Feature","mesh_id":"503245323","municipality_code":"38210","municipality":"伊予市","total_population":3,"population_65plus":null,"population_75plus":null,"aging_rate_65plus":null,"aging_rate_75plus":null,"population_status":"2","population_status_target":"503245321","population_aggregation_target":null,"age_65plus_missing":true,"age_75plus_missing":true,"age_quality_flag":"ok","data_completeness":"partial"}},{"type":"Feature","geometry":{"type":"Polygon","coordinates":[[[132.7,33.69583333333334],[132.70624999999998,33.69583333333334],[132.70624999999998,33.70000000000001],[132.7,33.70000000000001],[132.7,33.69583333333334]]]},"properties":{"type":"Feature","mesh_id":"503245362","municipality_code":"38210","municipality":"伊予市","total_population":10,"population_65plus":9,"population_75plus":4,"aging_rate_65plus":0.9,"aging_rate_75plus":0.4,"population_status":"1","population_status_target":null,"population_aggregation_target":"503245364","age_65plus_missing":false,"age_75plus_missing":false,"age_quality_flag":"ok","data_completeness":"complete"}},{"type":"Feature","geometry":{"type":"Polygon","coordinates":[[[132.70624999999998,33.69583333333334],[132.71249999999998,33.69583333333334],[132.71249999999998,33.70000000000001],[132.70624999999998,33.70000000000001],[132.70624999999998,33.69583333333334]]]},"properties":{"type":"Feature","mesh_id":"503245364","municipality_code":"38210","municipality":"伊予市","total_population":7,"population_65plus":null,"population_75plus":null,"aging_rate_65plus":null,"aging_rate_75plus":null,"population_status":"2","population_status_target":"503245362","population_aggregation_target":null,"age_65plus_missing":true,"age_75plus_missing":true,"age_quality_flag":"ok","data_completeness":"partial"}},{"type":"Feature","geometry":{"type":"Polygon","coordinates":[[[132.7125,33.69166666666667],[132.71875,33.69166666666667],[132.71875,33.69583333333334],[132.7125,33.69583333333334],[132.7125,33.69166666666667]]]},"properties":{"type":"Feature","mesh_id":"503245371","municipality_code":"38210","municipality":"伊予市","total_population":12,"population_65plus":5,"population_75plus":3,"aging_rate_65plus":0.4166666666666667,"aging_rate_75plus":0.25,"population_status":"1","population_status_target":null,"population_aggregation_target":"503245373","age_65plus_missing":false,"age_75plus_missing":false,"age_quality_flag":"ok","data_completeness":"complete"}},{"type":"Feature","geometry":{"type":"Polygon","coordinates":[[[132.71875,33.69166666666667],[132.725,33.69166666666667],[132.725,33.69583333333334],[132.71875,33.69583333333334],[132.71875,33.69166666666667]]]},"properties":{"type":"Feature","mesh_id":"503245373","municipality_code":"38210","municipality":"伊予市","total_population":5,"population_65plus":null,"population_75plus":null,"aging_rate_65plus":null,"aging_rate_75plus":null,"population_status":"2","population_status_target":"503245371","population_aggregation_target":null,"age_65plus_missing":true,"age_75plus_missing":true,"age_quality_flag":"ok","data_completeness":"partial"}},{"type":"Feature","geometry":{"type":"Polygon","coordinates":[[[132.725,33.69166666666667],[132.73125,33.69166666666667],[132.73125,33.69583333333334],[132.725,33.69583333333334],[132.725,33.69166666666667]]]},"properties":{"type":"Feature","mesh_id":"503245381","municipality_code":"38210","municipality":"伊予市","total_population":8,"population_65plus":null,"population_75plus":null,"aging_rate_65plus":null,"aging_rate_75plus":null,"population_status":"2","population_status_target":"503245383","population_aggregation_target":null,"age_65plus_missing":true,"age_75plus_missing":true,"age_quality_flag":"ok","data_completeness":"partial"}},{"type":"Feature","geometry":{"type":"Polygon","coordinates":[[[132.725,33.69583333333334],[132.73125,33.69583333333334],[132.73125,33.70000000000001],[132.725,33.70000000000001],[132.725,33.69583333333334]]]},"properties":{"type":"Feature","mesh_id":"503245382","municipality_code":"38210","municipality":"伊予市","total_population":4,"population_65plus":null,"population_75plus":null,"aging_rate_65plus":null,"aging_rate_75plus":null,"population_status":"2","population_status_target":"503245383","population_aggregation_target":null,"age_65plus_missing":true,"age_75plus_missing":true,"age_quality_flag":"ok","data_completeness":"partial"}},{"type":"Feature","geometry":{"type":"Polygon","coordinates":[[[132.73125,33.69166666666667],[132.73749999999998,33.69166666666667],[132.73749999999998,33.69583333333334],[132.73125,33.69583333333334],[132.73125,33.69166666666667]]]},"properties":{"type":"Feature","mesh_id":"503245383","municipality_code":"38210","municipality":"伊予市","total_population":20,"population_65plus":null,"population_75plus":null,"aging_rate_65plus":null,"aging_rate_75plus":null,"population_status":"1","population_status_target":null,"population_aggregation_target":"503245381;503245382;503245481","age_65plus_missing":true,"age_75plus_missing":true,"age_quality_flag":"inconsistent_with_total","data_completeness":"partial"}},{"type":"Feature","geometry":{"type":"Polygon","coordinates":[[[132.7375,33.69166666666667],[132.74375,33.69166666666667],[132.74375,33.69583333333334],[132.7375,33.69583333333334],[132.7375,33.69166666666667]]]},"properties":{"type":"Feature","mesh_id":"503245391","municipality_code":"38210","municipality":"伊予市","total_population":12,"population_65plus":null,"population_75plus":null,"aging_rate_65plus":null,"aging_rate_75plus":null,"population_status":"2","population_status_target":"503245293","population_aggregation_target":null,"age_65plus_missing":true,"age_75plus_missing":true,"age_quality_flag":"ok","data_completeness":"partial"}},{"type":"Feature","geometry":{"type":"Polygon","coordinates":[[[132.66875,33.7],[132.67499999999998,33.7],[132.67499999999998,33.70416666666667],[132.66875,33.70416666666667],[132.66875,33.7]]]},"properties":{"type":"Feature","mesh_id":"503245433","municipality_code":"38210","municipality":"伊予市","total_population":43,"population_65plus":15,"population_75plus":8,"aging_rate_65plus":0.3488372093023256,"aging_rate_75plus":0.18604651162790697,"population_status":"0","population_status_target":null,"population_aggregation_target":null,"age_65plus_missing":false,"age_75plus_missing":false,"age_quality_flag":"ok","data_completeness":"complete"}},{"type":"Feature","geometry":{"type":"Polygon","coordinates":[[[132.7,33.70416666666667],[132.70624999999998,33.70416666666667],[132.70624999999998,33.70833333333334],[132.7,33.70833333333334],[132.7,33.70416666666667]]]},"properties":{"type":"Feature","mesh_id":"503245462","municipality_code":"38210","municipality":"伊予市","total_population":27,"population_65plus":8,"population_75plus":1,"aging_rate_65plus":0.2962962962962963,"aging_rate_75plus":0.037037037037037035,"population_status":"0","population_status_target":null,"population_aggregation_target":null,"age_65plus_missing":false,"age_75plus_missing":false,"age_quality_flag":"ok","data_completeness":"complete"}},{"type":"Feature","geometry":{"type":"Polygon","coordinates":[[[132.70624999999998,33.70416666666667],[132.71249999999998,33.70416666666667],[132.71249999999998,33.70833333333334],[132.70624999999998,33.70833333333334],[132.70624999999998,33.70416666666667]]]},"properties":{"type":"Feature","mesh_id":"503245464","municipality_code":"38210","municipality":"伊予市","total_population":34,"population_65plus":15,"population_75plus":6,"aging_rate_65plus":0.4411764705882353,"aging_rate_75plus":0.17647058823529413,"population_status":"0","population_status_target":null,"population_aggregation_target":null,"age_65plus_missing":false,"age_75plus_missing":false,"age_quality_flag":"ok","data_completeness":"complete"}},{"type":"Feature","geometry":{"type":"Polygon","coordinates":[[[132.725,33.7],[132.73125,33.7],[132.73125,33.70416666666667],[132.725,33.70416666666667],[132.725,33.7]]]},"properties":{"type":"Feature","mesh_id":"503245481","municipality_code":"38210","municipality":"伊予市","total_population":2,"population_65plus":null,"population_75plus":null,"aging_rate_65plus":null,"aging_rate_75plus":null,"population_status":"2","population_status_target":"503245383","population_aggregation_target":null,"age_65plus_missing":true,"age_75plus_missing":true,"age_quality_flag":"ok","data_completeness":"partial"}},{"type":"Feature","geometry":{"type":"Polygon","coordinates":[[[132.6625,33.708333333333336],[132.66875,33.708333333333336],[132.66875,33.712500000000006],[132.6625,33.712500000000006],[132.6625,33.708333333333336]]]},"properties":{"type":"Feature","mesh_id":"503245531","municipality_code":"38210","municipality":"伊予市","total_population":9,"population_65plus":null,"population_75plus":null,"aging_rate_65plus":null,"aging_rate_75plus":null,"population_status":"2","population_status_target":"503245532","population_aggregation_target":null,"age_65plus_missing":true,"age_75plus_missing":true,"age_quality_flag":"ok","data_completeness":"partial"}},{"type":"Feature","geometry":{"type":"Polygon","coordinates":[[[132.6625,33.712500000000006],[132.66875,33.712500000000006],[132.66875,33.716666666666676],[132.6625,33.716666666666676],[132.6625,33.712500000000006]]]},"properties":{"type":"Feature","mesh_id":"503245532","municipality_code":"38210","municipality":"伊予市","total_population":9,"population_65plus":null,"population_75plus":null,"aging_rate_65plus":null,"aging_rate_75plus":null,"population_status":"1","population_status_target":null,"population_aggregation_target":"503245531;503245534","age_65plus_missing":true,"age_75plus_missing":true,"age_quality_flag":"inconsistent_with_total","data_completeness":"partial"}},{"type":"Feature","geometry":{"type":"Polygon","coordinates":[[[132.66875,33.712500000000006],[132.67499999999998,33.712500000000006],[132.67499999999998,33.716666666666676],[132.66875,33.716666666666676],[132.66875,33.712500000000006]]]},"properties":{"type":"Feature","mesh_id":"503245534","municipality_code":"38210","municipality":"伊予市","total_population":7,"population_65plus":null,"population_75plus":null,"aging_rate_65plus":null,"aging_rate_75plus":null,"population_status":"2","population_status_target":"503245532","population_aggregation_target":null,"age_65plus_missing":true,"age_75plus_missing":true,"age_quality_flag":"ok","data_completeness":"partial"}},{"type":"Feature","geometry":{"type":"Polygon","coordinates":[[[132.675,33.708333333333336],[132.68125,33.708333333333336],[132.68125,33.712500000000006],[132.675,33.712500000000006],[132.675,33.708333333333336]]]},"properties":{"type":"Feature","mesh_id":"503245541","municipality_code":"38210","municipality":"伊予市","total_population":11,"population_65plus":6,"population_75plus":2,"aging_rate_65plus":0.5454545454545454,"aging_rate_75plus":0.18181818181818182,"population_status":"0","population_status_target":null,"population_aggregation_target":null,"age_65plus_missing":false,"age_75plus_missing":false,"age_quality_flag":"ok","data_completeness":"complete"}},{"type":"Feature","geometry":{"type":"Polygon","coordinates":[[[132.68125,33.712500000000006],[132.6875,33.712500000000006],[132.6875,33.716666666666676],[132.68125,33.716666666666676],[132.68125,33.712500000000006]]]},"properties":{"type":"Feature","mesh_id":"503245544","municipality_code":"38210","municipality":"伊予市","total_population":16,"population_65plus":9,"population_75plus":6,"aging_rate_65plus":0.5625,"aging_rate_75plus":0.375,"population_status":"1","population_status_target":null,"population_aggregation_target":"503245553","age_65plus_missing":false,"age_75plus_missing":false,"age_quality_flag":"ok","data_completeness":"complete"}},{"type":"Feature","geometry":{"type":"Polygon","coordinates":[[[132.69375,33.708333333333336],[132.7,33.708333333333336],[132.7,33.712500000000006],[132.69375,33.712500000000006],[132.69375,33.708333333333336]]]},"properties":{"type":"Feature","mesh_id":"503245553","municipality_code":"38210","municipality":"伊予市","total_population":2,"population_65plus":null,"population_75plus":null,"aging_rate_65plus":null,"aging_rate_75plus":null,"population_status":"2","population_status_target":"503245544","population_aggregation_target":null,"age_65plus_missing":true,"age_75plus_missing":true,"age_quality_flag":"ok","data_completeness":"partial"}},{"type":"Feature","geometry":{"type":"Polygon","coordinates":[[[132.7,33.712500000000006],[132.70624999999998,33.712500000000006],[132.70624999999998,33.716666666666676],[132.7,33.716666666666676],[132.7,33.712500000000006]]]},"properties":{"type":"Feature","mesh_id":"503245562","municipality_code":"38210","municipality":"伊予市","total_population":214,"population_65plus":82,"population_75plus":38,"aging_rate_65plus":0.38317757009345793,"aging_rate_75plus":0.17757009345794392,"population_status":"0","population_status_target":null,"population_aggregation_target":null,"age_65plus_missing":false,"age_75plus_missing":false,"age_quality_flag":"ok","data_completeness":"complete"}},{"type":"Feature","geometry":{"type":"Polygon","coordinates":[[[132.70624999999998,33.708333333333336],[132.71249999999998,33.708333333333336],[132.71249999999998,33.712500000000006],[132.70624999999998,33.712500000000006],[132.70624999999998,33.708333333333336]]]},"properties":{"type":"Feature","mesh_id":"503245563","municipality_code":"38210","municipality":"伊予市","total_population":32,"population_65plus":7,"population_75plus":3,"aging_rate_65plus":0.21875,"aging_rate_75plus":0.09375,"population_status":"0","population_status_target":null,"population_aggregation_target":null,"age_65plus_missing":false,"age_75plus_missing":false,"age_quality_flag":"ok","data_completeness":"complete"}},{"type":"Feature","geometry":{"type":"Polygon","coordinates":[[[132.70624999999998,33.712500000000006],[132.71249999999998,33.712500000000006],[132.71249999999998,33.716666666666676],[132.70624999999998,33.716666666666676],[132.70624999999998,33.712500000000006]]]},"properties":{"type":"Feature","mesh_id":"503245564","municipality_code":"38210","municipality":"伊予市","total_population":178,"population_65plus":40,"population_75plus":21,"aging_rate_65plus":0.2247191011235955,"aging_rate_75plus":0.11797752808988764,"population_status":"0","population_status_target":null,"population_aggregation_target":null,"age_65plus_missing":false,"age_75plus_missing":false,"age_quality_flag":"ok","data_completeness":"complete"}},{"type":"Feature","geometry":{"type":"Polygon","coordinates":[[[132.7125,33.708333333333336],[132.71875,33.708333333333336],[132.71875,33.712500000000006],[132.7125,33.712500000000006],[132.7125,33.708333333333336]]]},"properties":{"type":"Feature","mesh_id":"503245571","municipality_code":"38210","municipality":"伊予市","total_population":38,"population_65plus":19,"population_75plus":4,"aging_rate_65plus":0.5,"aging_rate_75plus":0.10526315789473684,"population_status":"0","population_status_target":null,"population_aggregation_target":null,"age_65plus_missing":false,"age_75plus_missing":false,"age_quality_flag":"ok","data_completeness":"complete"}},{"type":"Feature","geometry":{"type":"Polygon","coordinates":[[[132.7125,33.712500000000006],[132.71875,33.712500000000006],[132.71875,33.716666666666676],[132.7125,33.716666666666676],[132.7125,33.712500000000006]]]},"properties":{"type":"Feature","mesh_id":"503245572","municipality_code":"38210","municipality":"伊予市","total_population":14,"population_65plus":13,"population_75plus":11,"aging_rate_65plus":0.9285714285714286,"aging_rate_75plus":0.7857142857142857,"population_status":"0","population_status_target":null,"population_aggregation_target":null,"age_65plus_missing":false,"age_75plus_missing":false,"age_quality_flag":"ok","data_completeness":"complete"}},{"type":"Feature","geometry":{"type":"Polygon","coordinates":[[[132.71875,33.708333333333336],[132.725,33.708333333333336],[132.725,33.712500000000006],[132.71875,33.712500000000006],[132.71875,33.708333333333336]]]},"properties":{"type":"Feature","mesh_id":"503245573","municipality_code":"38210","municipality":"伊予市","total_population":17,"population_65plus":5,"population_75plus":5,"aging_rate_65plus":0.29411764705882354,"aging_rate_75plus":0.29411764705882354,"population_status":"0","population_status_target":null,"population_aggregation_target":null,"age_65plus_missing":false,"age_75plus_missing":false,"age_quality_flag":"ok","data_completeness":"complete"}},{"type":"Feature","geometry":{"type":"Polygon","coordinates":[[[132.73125,33.712500000000006],[132.73749999999998,33.712500000000006],[132.73749999999998,33.716666666666676],[132.73125,33.716666666666676],[132.73125,33.712500000000006]]]},"properties":{"type":"Feature","mesh_id":"503245584","municipality_code":"38210","municipality":"伊予市","total_population":10,"population_65plus":10,"population_75plus":8,"aging_rate_65plus":1.0,"aging_rate_75plus":0.8,"population_status":"0","population_status_target":null,"population_aggregation_target":null,"age_65plus_missing":false,"age_75plus_missing":false,"age_quality_flag":"ok","data_completeness":"complete"}},{"type":"Feature","geometry":{"type":"Polygon","coordinates":[[[132.675,33.71666666666667],[132.68125,33.71666666666667],[132.68125,33.72083333333334],[132.675,33.72083333333334],[132.675,33.71666666666667]]]},"properties":{"type":"Feature","mesh_id":"503245641","municipality_code":"38210","municipality":"伊予市","total_population":8,"population_65plus":null,"population_75plus":null,"aging_rate_65plus":null,"aging_rate_75plus":null,"population_status":"2","population_status_target":"503245644","population_aggregation_target":null,"age_65plus_missing":true,"age_75plus_missing":true,"age_quality_flag":"ok","data_completeness":"partial"}},{"type":"Feature","geometry":{"type":"Polygon","coordinates":[[[132.675,33.72083333333334],[132.68125,33.72083333333334],[132.68125,33.72500000000001],[132.675,33.72500000000001],[132.675,33.72083333333334]]]},"properties":{"type":"Feature","mesh_id":"503245642","municipality_code":"38210","municipality":"伊予市","total_population":87,"population_65plus":48,"population_75plus":25,"aging_rate_65plus":0.5517241379310345,"aging_rate_75plus":0.28735632183908044,"population_status":"0","population_status_target":null,"population_aggregation_target":null,"age_65plus_missing":false,"age_75plus_missing":false,"age_quality_flag":"ok","data_completeness":"complete"}},{"type":"Feature","geometry":{"type":"Polygon","coordinates":[[[132.68125,33.72083333333334],[132.6875,33.72083333333334],[132.6875,33.72500000000001],[132.68125,33.72500000000001],[132.68125,33.72083333333334]]]},"properties":{"type":"Feature","mesh_id":"503245644","municipality_code":"38210","municipality":"伊予市","total_population":64,"population_65plus":36,"population_75plus":19,"aging_rate_65plus":0.5625,"aging_rate_75plus":0.296875,"population_status":"1","population_status_target":null,"population_aggregation_target":"503245641","age_65plus_missing":false,"age_75plus_missing":false,"age_quality_flag":"ok","data_completeness":"complete"}},{"type":"Feature","geometry":{"type":"Polygon","coordinates":[[[132.7,33.72083333333334],[132.70624999999998,33.72083333333334],[132.70624999999998,33.72500000000001],[132.7,33.72500000000001],[132.7,33.72083333333334]]]},"properties":{"type":"Feature","mesh_id":"503245662","municipality_code":"38210","municipality":"伊予市","total_population":208,"population_65plus":63,"population_75plus":36,"aging_rate_65plus":0.30288461538461536,"aging_rate_75plus":0.17307692307692307,"population_status":"0","population_status_target":null,"population_aggregation_target":null,"age_65plus_missing":false,"age_75plus_missing":false,"age_quality_flag":"ok","data_completeness":"complete"}},{"type":"Feature","geometry":{"type":"Polygon","coordinates":[[[132.70624999999998,33.71666666666667],[132.71249999999998,33.71666666666667],[132.71249999999998,33.72083333333334],[132.70624999999998,33.72083333333334],[132.70624999999998,33.71666666666667]]]},"properties":{"type":"Feature","mesh_id":"503245663","municipality_code":"38210","municipality":"伊予市","total_population":5,"population_65plus":null,"population_75plus":null,"aging_rate_65plus":null,"aging_rate_75plus":null,"population_status":"2","population_status_target":"503245664","population_aggregation_target":null,"age_65plus_missing":true,"age_75plus_missing":true,"age_quality_flag":"ok","data_completeness":"partial"}},{"type":"Feature","geometry":{"type":"Polygon","coordinates":[[[132.70624999999998,33.72083333333334],[132.71249999999998,33.72083333333334],[132.71249999999998,33.72500000000001],[132.70624999999998,33.72500000000001],[132.70624999999998,33.72083333333334]]]},"properties":{"type":"Feature","mesh_id":"503245664","municipality_code":"38210","municipality":"伊予市","total_population":102,"population_65plus":32,"population_75plus":14,"aging_rate_65plus":0.3137254901960784,"aging_rate_75plus":0.13725490196078433,"population_status":"1","population_status_target":null,"population_aggregation_target":"503245663","age_65plus_missing":false,"age_75plus_missing":false,"age_quality_flag":"ok","data_completeness":"complete"}},{"type":"Feature","geometry":{"type":"Polygon","coordinates":[[[132.7125,33.71666666666667],[132.71875,33.71666666666667],[132.71875,33.72083333333334],[132.7125,33.72083333333334],[132.7125,33.71666666666667]]]},"properties":{"type":"Feature","mesh_id":"503245671","municipality_code":"38210","municipality":"伊予市","total_population":10,"population_65plus":7,"population_75plus":5,"aging_rate_65plus":0.7,"aging_rate_75plus":0.5,"population_status":"0","population_status_target":null,"population_aggregation_target":null,"age_65plus_missing":false,"age_75plus_missing":false,"age_quality_flag":"ok","data_completeness":"complete"}},{"type":"Feature","geometry":{"type":"Polygon","coordinates":[[[132.7125,33.72083333333334],[132.71875,33.72083333333334],[132.71875,33.72500000000001],[132.7125,33.72500000000001],[132.7125,33.72083333333334]]]},"properties":{"type":"Feature","mesh_id":"503245672","municipality_code":"38210","municipality":"伊予市","total_population":63,"population_65plus":27,"population_75plus":13,"aging_rate_65plus":0.42857142857142855,"aging_rate_75plus":0.20634920634920634,"population_status":"1","population_status_target":null,"population_aggregation_target":"503245674","age_65plus_missing":false,"age_75plus_missing":false,"age_quality_flag":"ok","data_completeness":"complete"}},{"type":"Feature","geometry":{"type":"Polygon","coordinates":[[[132.71875,33.72083333333334],[132.725,33.72083333333334],[132.725,33.72500000000001],[132.71875,33.72500000000001],[132.71875,33.72083333333334]]]},"properties":{"type":"Feature","mesh_id":"503245674","municipality_code":"38210","municipality":"伊予市","total_population":6,"population_65plus":null,"population_75plus":null,"aging_rate_65plus":null,"aging_rate_75plus":null,"population_status":"2","population_status_target":"503245672","population_aggregation_target":null,"age_65plus_missing":true,"age_75plus_missing":true,"age_quality_flag":"ok","data_completeness":"partial"}},{"type":"Feature","geometry":{"type":"Polygon","coordinates":[[[132.725,33.72083333333334],[132.73125,33.72083333333334],[132.73125,33.72500000000001],[132.725,33.72500000000001],[132.725,33.72083333333334]]]},"properties":{"type":"Feature","mesh_id":"503245682","municipality_code":"38210","municipality":"伊予市","total_population":12,"population_65plus":10,"population_75plus":6,"aging_rate_65plus":0.8333333333333334,"aging_rate_75plus":0.5,"population_status":"0","population_status_target":null,"population_aggregation_target":null,"age_65plus_missing":false,"age_75plus_missing":false,"age_quality_flag":"ok","data_completeness":"complete"}},{"type":"Feature","geometry":{"type":"Polygon","coordinates":[[[132.73125,33.71666666666667],[132.73749999999998,33.71666666666667],[132.73749999999998,33.72083333333334],[132.73125,33.72083333333334],[132.73125,33.71666666666667]]]},"properties":{"type":"Feature","mesh_id":"503245683","municipality_code":"38210","municipality":"伊予市","total_population":32,"population_65plus":14,"population_75plus":10,"aging_rate_65plus":0.4375,"aging_rate_75plus":0.3125,"population_status":"0","population_status_target":null,"population_aggregation_target":null,"age_65plus_missing":false,"age_75plus_missing":false,"age_quality_flag":"ok","data_completeness":"complete"}},{"type":"Feature","geometry":{"type":"Polygon","coordinates":[[[132.73125,33.72083333333334],[132.73749999999998,33.72083333333334],[132.73749999999998,33.72500000000001],[132.73125,33.72500000000001],[132.73125,33.72083333333334]]]},"properties":{"type":"Feature","mesh_id":"503245684","municipality_code":"38210","municipality":"伊予市","total_population":73,"population_65plus":22,"population_75plus":10,"aging_rate_65plus":0.3013698630136986,"aging_rate_75plus":0.136986301369863,"population_status":"0","population_status_target":null,"population_aggregation_target":null,"age_65plus_missing":false,"age_75plus_missing":false,"age_quality_flag":"ok","data_completeness":"complete"}},{"type":"Feature","geometry":{"type":"Polygon","coordinates":[[[132.7375,33.71666666666667],[132.74375,33.71666666666667],[132.74375,33.72083333333334],[132.7375,33.72083333333334],[132.7375,33.71666666666667]]]},"properties":{"type":"Feature","mesh_id":"503245691","municipality_code":"38210","municipality":"伊予市","total_population":13,"population_65plus":7,"population_75plus":6,"aging_rate_65plus":0.5384615384615384,"aging_rate_75plus":0.46153846153846156,"population_status":"0","population_status_target":null,"population_aggregation_target":null,"age_65plus_missing":false,"age_75plus_missing":false,"age_quality_flag":"ok","data_completeness":"complete"}},{"type":"Feature","geometry":{"type":"Polygon","coordinates":[[[132.7375,33.72083333333334],[132.74375,33.72083333333334],[132.74375,33.72500000000001],[132.7375,33.72500000000001],[132.7375,33.72083333333334]]]},"properties":{"type":"Feature","mesh_id":"503245692","municipality_code":"38210","municipality":"伊予市","total_population":30,"population_65plus":9,"population_75plus":6,"aging_rate_65plus":0.3,"aging_rate_75plus":0.2,"population_status":"1","population_status_target":null,"population_aggregation_target":"503245694","age_65plus_missing":false,"age_75plus_missing":false,"age_quality_flag":"ok","data_completeness":"complete"}},{"type":"Feature","geometry":{"type":"Polygon","coordinates":[[[132.74375,33.71666666666667],[132.75,33.71666666666667],[132.75,33.72083333333334],[132.74375,33.72083333333334],[132.74375,33.71666666666667]]]},"properties":{"type":"Feature","mesh_id":"503245693","municipality_code":"38210","municipality":"伊予市","total_population":56,"population_65plus":21,"population_75plus":16,"aging_rate_65plus":0.375,"aging_rate_75plus":0.2857142857142857,"population_status":"0","population_status_target":null,"population_aggregation_target":null,"age_65plus_missing":false,"age_75plus_missing":false,"age_quality_flag":"ok","data_completeness":"complete"}},{"type":"Feature","geometry":{"type":"Polygon","coordinates":[[[132.74375,33.72083333333334],[132.75,33.72083333333334],[132.75,33.72500000000001],[132.74375,33.72500000000001],[132.74375,33.72083333333334]]]},"properties":{"type":"Feature","mesh_id":"503245694","municipality_code":"38210","municipality":"伊予市","total_population":1,"population_65plus":null,"population_75plus":null,"aging_rate_65plus":null,"aging_rate_75plus":null,"population_status":"2","population_status_target":"503245692","population_aggregation_target":null,"age_65plus_missing":true,"age_75plus_missing":true,"age_quality_flag":"ok","data_completeness":"partial"}},{"type":"Feature","geometry":{"type":"Polygon","coordinates":[[[132.675,33.72916666666667],[132.68125,33.72916666666667],[132.68125,33.73333333333334],[132.675,33.73333333333334],[132.675,33.72916666666667]]]},"properties":{"type":"Feature","mesh_id":"503245742","municipality_code":"38210","municipality":"伊予市","total_population":31,"population_65plus":11,"population_75plus":4,"aging_rate_65plus":0.3548387096774194,"aging_rate_75plus":0.12903225806451613,"population_status":"0","population_status_target":null,"population_aggregation_target":null,"age_65plus_missing":false,"age_75plus_missing":false,"age_quality_flag":"ok","data_completeness":"complete"}},{"type":"Feature","geometry":{"type":"Polygon","coordinates":[[[132.6875,33.725],[132.69375,33.725],[132.69375,33.72916666666667],[132.6875,33.72916666666667],[132.6875,33.725]]]},"properties":{"type":"Feature","mesh_id":"503245751","municipality_code":"38210","municipality":"伊予市","total_population":41,"population_65plus":8,"population_75plus":6,"aging_rate_65plus":0.1951219512195122,"aging_rate_75plus":0.14634146341463414,"population_status":"0","population_status_target":null,"population_aggregation_target":null,"age_65plus_missing":false,"age_75plus_missing":false,"age_quality_flag":"ok","data_completeness":"complete"}},{"type":"Feature","geometry":{"type":"Polygon","coordinates":[[[132.6875,33.72916666666667],[132.69375,33.72916666666667],[132.69375,33.73333333333334],[132.6875,33.73333333333334],[132.6875,33.72916666666667]]]},"properties":{"type":"Feature","mesh_id":"503245752","municipality_code":"38210","municipality":"伊予市","total_population":51,"population_65plus":25,"population_75plus":6,"aging_rate_65plus":0.49019607843137253,"aging_rate_75plus":0.11764705882352941,"population_status":"0","population_status_target":null,"population_aggregation_target":null,"age_65plus_missing":false,"age_75plus_missing":false,"age_quality_flag":"ok","data_completeness":"complete"}},{"type":"Feature","geometry":{"type":"Polygon","coordinates":[[[132.69375,33.725],[132.7,33.725],[132.7,33.72916666666667],[132.69375,33.72916666666667],[132.69375,33.725]]]},"properties":{"type":"Feature","mesh_id":"503245753","municipality_code":"38210","municipality":"伊予市","total_population":142,"population_65plus":30,"population_75plus":13,"aging_rate_65plus":0.2112676056338028,"aging_rate_75plus":0.09154929577464789,"population_status":"0","population_status_target":null,"population_aggregation_target":null,"age_65plus_missing":false,"age_75plus_missing":false,"age_quality_flag":"ok","data_completeness":"complete"}},{"type":"Feature","geometry":{"type":"Polygon","coordinates":[[[132.69375,33.72916666666667],[132.7,33.72916666666667],[132.7,33.73333333333334],[132.69375,33.73333333333334],[132.69375,33.72916666666667]]]},"properties":{"type":"Feature","mesh_id":"503245754","municipality_code":"38210","municipality":"伊予市","total_population":205,"population_65plus":58,"population_75plus":23,"aging_rate_65plus":0.28292682926829266,"aging_rate_75plus":0.11219512195121951,"population_status":"0","population_status_target":null,"population_aggregation_target":null,"age_65plus_missing":false,"age_75plus_missing":false,"age_quality_flag":"ok","data_completeness":"complete"}},{"type":"Feature","geometry":{"type":"Polygon","coordinates":[[[132.7,33.725],[132.70624999999998,33.725],[132.70624999999998,33.72916666666667],[132.7,33.72916666666667],[132.7,33.725]]]},"properties":{"type":"Feature","mesh_id":"503245761","municipality_code":"38210","municipality":"伊予市","total_population":185,"population_65plus":73,"population_75plus":39,"aging_rate_65plus":0.3945945945945946,"aging_rate_75plus":0.21081081081081082,"population_status":"1","population_status_target":null,"population_aggregation_target":"503245763","age_65plus_missing":false,"age_75plus_missing":false,"age_quality_flag":"ok","data_completeness":"complete"}},{"type":"Feature","geometry":{"type":"Polygon","coordinates":[[[132.7,33.72916666666667],[132.70624999999998,33.72916666666667],[132.70624999999998,33.73333333333334],[132.7,33.73333333333334],[132.7,33.72916666666667]]]},"properties":{"type":"Feature","mesh_id":"503245762","municipality_code":"38210","municipality":"伊予市","total_population":29,"population_65plus":13,"population_75plus":6,"aging_rate_65plus":0.4482758620689655,"aging_rate_75plus":0.20689655172413793,"population_status":"0","population_status_target":null,"population_aggregation_target":null,"age_65plus_missing":false,"age_75plus_missing":false,"age_quality_flag":"ok","data_completeness":"complete"}},{"type":"Feature","geometry":{"type":"Polygon","coordinates":[[[132.70624999999998,33.725],[132.71249999999998,33.725],[132.71249999999998,33.72916666666667],[132.70624999999998,33.72916666666667],[132.70624999999998,33.725]]]},"properties":{"type":"Feature","mesh_id":"503245763","municipality_code":"38210","municipality":"伊予市","total_population":5,"population_65plus":null,"population_75plus":null,"aging_rate_65plus":null,"aging_rate_75plus":null,"population_status":"2","population_status_target":"503245761","population_aggregation_target":null,"age_65plus_missing":true,"age_75plus_missing":true,"age_quality_flag":"ok","data_completeness":"partial"}},{"type":"Feature","geometry":{"type":"Polygon","coordinates":[[[132.725,33.72916666666667],[132.73125,33.72916666666667],[132.73125,33.73333333333334],[132.725,33.73333333333334],[132.725,33.72916666666667]]]},"properties":{"type":"Feature","mesh_id":"503245782","municipality_code":"38210","municipality":"伊予市","total_population":7,"population_65plus":null,"population_75plus":null,"aging_rate_65plus":null,"aging_rate_75plus":null,"population_status":"2","population_status_target":"503245784","population_aggregation_target":null,"age_65plus_missing":true,"age_75plus_missing":true,"age_quality_flag":"ok","data_completeness":"partial"}},{"type":"Feature","geometry":{"type":"Polygon","coordinates":[[[132.73125,33.72916666666667],[132.73749999999998,33.72916666666667],[132.73749999999998,33.73333333333334],[132.73125,33.73333333333334],[132.73125,33.72916666666667]]]},"properties":{"type":"Feature","mesh_id":"503245784","municipality_code":"38210","municipality":"伊予市","total_population":2,"population_65plus":null,"population_75plus":null,"aging_rate_65plus":null,"aging_rate_75plus":null,"population_status":"1","population_status_target":null,"population_aggregation_target":"503245782;503245882","age_65plus_missing":true,"age_75plus_missing":true,"age_quality_flag":"inconsistent_with_total","data_completeness":"partial"}},{"type":"Feature","geometry":{"type":"Polygon","coordinates":[[[132.675,33.73333333333334],[132.68125,33.73333333333334],[132.68125,33.73750000000001],[132.675,33.73750000000001],[132.675,33.73333333333334]]]},"properties":{"type":"Feature","mesh_id":"503245841","municipality_code":"38210","municipality":"伊予市","total_population":53,"population_65plus":23,"population_75plus":7,"aging_rate_65plus":0.4339622641509434,"aging_rate_75plus":0.1320754716981132,"population_status":"0","population_status_target":null,"population_aggregation_target":null,"age_65plus_missing":false,"age_75plus_missing":false,"age_quality_flag":"ok","data_completeness":"complete"}},{"type":"Feature","geometry":{"type":"Polygon","coordinates":[[[132.675,33.73750000000001],[132.68125,33.73750000000001],[132.68125,33.74166666666668],[132.675,33.74166666666668],[132.675,33.73750000000001]]]},"properties":{"type":"Feature","mesh_id":"503245842","municipality_code":"38210","municipality":"伊予市","total_population":6,"population_65plus":null,"population_75plus":null,"aging_rate_65plus":null,"aging_rate_75plus":null,"population_status":"2","population_status_target":"503245844","population_aggregation_target":null,"age_65plus_missing":true,"age_75plus_missing":true,"age_quality_flag":"ok","data_completeness":"partial"}},{"type":"Feature","geometry":{"type":"Polygon","coordinates":[[[132.68125,33.73333333333334],[132.6875,33.73333333333334],[132.6875,33.73750000000001],[132.68125,33.73750000000001],[132.68125,33.73333333333334]]]},"properties":{"type":"Feature","mesh_id":"503245843","municipality_code":"38210","municipality":"伊予市","total_population":49,"population_65plus":21,"population_75plus":11,"aging_rate_65plus":0.42857142857142855,"aging_rate_75plus":0.22448979591836735,"population_status":"0","population_status_target":null,"population_aggregation_target":null,"age_65plus_missing":false,"age_75plus_missing":false,"age_quality_flag":"ok","data_completeness":"complete"}},{"type":"Feature","geometry":{"type":"Polygon","coordinates":[[[132.68125,33.73750000000001],[132.6875,33.73750000000001],[132.6875,33.74166666666668],[132.68125,33.74166666666668],[132.68125,33.73750000000001]]]},"properties":{"type":"Feature","mesh_id":"503245844","municipality_code":"38210","municipality":"伊予市","total_population":231,"population_65plus":107,"population_75plus":52,"aging_rate_65plus":0.46320346320346323,"aging_rate_75plus":0.22510822510822512,"population_status":"1","population_status_target":null,"population_aggregation_target":"503245842","age_65plus_missing":false,"age_75plus_missing":false,"age_quality_flag":"ok","data_completeness":"complete"}},{"type":"Feature","geometry":{"type":"Polygon","coordinates":[[[132.6875,33.73333333333334],[132.69375,33.73333333333334],[132.69375,33.73750000000001],[132.6875,33.73750000000001],[132.6875,33.73333333333334]]]},"properties":{"type":"Feature","mesh_id":"503245851","municipality_code":"38210","municipality":"伊予市","total_population":100,"population_65plus":37,"population_75plus":20,"aging_rate_65plus":0.37,"aging_rate_75plus":0.2,"population_status":"0","population_status_target":null,"population_aggregation_target":null,"age_65plus_missing":false,"age_75plus_missing":false,"age_quality_flag":"ok","data_completeness":"complete"}},{"type":"Feature","geometry":{"type":"Polygon","coordinates":[[[132.6875,33.73750000000001],[132.69375,33.73750000000001],[132.69375,33.74166666666668],[132.6875,33.74166666666668],[132.6875,33.73750000000001]]]},"properties":{"type":"Feature","mesh_id":"503245852","municipality_code":"38210","municipality":"伊予市","total_population":233,"population_65plus":88,"population_75plus":47,"aging_rate_65plus":0.3776824034334764,"aging_rate_75plus":0.2017167381974249,"population_status":"0","population_status_target":null,"population_aggregation_target":null,"age_65plus_missing":false,"age_75plus_missing":false,"age_quality_flag":"ok","data_completeness":"complete"}},{"type":"Feature","geometry":{"type":"Polygon","coordinates":[[[132.69375,33.73333333333334],[132.7,33.73333333333334],[132.7,33.73750000000001],[132.69375,33.73750000000001],[132.69375,33.73333333333334]]]},"properties":{"type":"Feature","mesh_id":"503245853","municipality_code":"38210","municipality":"伊予市","total_population":252,"population_65plus":159,"population_75plus":106,"aging_rate_65plus":0.6309523809523809,"aging_rate_75plus":0.42063492063492064,"population_status":"0","population_status_target":null,"population_aggregation_target":null,"age_65plus_missing":false,"age_75plus_missing":false,"age_quality_flag":"ok","data_completeness":"complete"}},{"type":"Feature","geometry":{"type":"Polygon","coordinates":[[[132.69375,33.73750000000001],[132.7,33.73750000000001],[132.7,33.74166666666668],[132.69375,33.74166666666668],[132.69375,33.73750000000001]]]},"properties":{"type":"Feature","mesh_id":"503245854","municipality_code":"38210","municipality":"伊予市","total_population":205,"population_65plus":64,"population_75plus":36,"aging_rate_65plus":0.3121951219512195,"aging_rate_75plus":0.17560975609756097,"population_status":"0","population_status_target":null,"population_aggregation_target":null,"age_65plus_missing":false,"age_75plus_missing":false,"age_quality_flag":"ok","data_completeness":"complete"}},{"type":"Feature","geometry":{"type":"Polygon","coordinates":[[[132.70624999999998,33.73333333333334],[132.71249999999998,33.73333333333334],[132.71249999999998,33.73750000000001],[132.70624999999998,33.73750000000001],[132.70624999999998,33.73333333333334]]]},"properties":{"type":"Feature","mesh_id":"503245863","municipality_code":"38210","municipality":"伊予市","total_population":94,"population_65plus":35,"population_75plus":19,"aging_rate_65plus":0.3723404255319149,"aging_rate_75plus":0.20212765957446807,"population_status":"0","population_status_target":null,"population_aggregation_target":null,"age_65plus_missing":false,"age_75plus_missing":false,"age_quality_flag":"ok","data_completeness":"complete"}},{"type":"Feature","geometry":{"type":"Polygon","coordinates":[[[132.70624999999998,33.73750000000001],[132.71249999999998,33.73750000000001],[132.71249999999998,33.74166666666668],[132.70624999999998,33.74166666666668],[132.70624999999998,33.73750000000001]]]},"properties":{"type":"Feature","mesh_id":"503245864","municipality_code":"38210","municipality":"伊予市","total_population":12,"population_65plus":8,"population_75plus":2,"aging_rate_65plus":0.6666666666666666,"aging_rate_75plus":0.16666666666666666,"population_status":"0","population_status_target":null,"population_aggregation_target":null,"age_65plus_missing":false,"age_75plus_missing":false,"age_quality_flag":"ok","data_completeness":"complete"}},{"type":"Feature","geometry":{"type":"Polygon","coordinates":[[[132.71875,33.73750000000001],[132.725,33.73750000000001],[132.725,33.74166666666668],[132.71875,33.74166666666668],[132.71875,33.73750000000001]]]},"properties":{"type":"Feature","mesh_id":"503245874","municipality_code":"38210","municipality":"伊予市","total_population":6,"population_65plus":null,"population_75plus":null,"aging_rate_65plus":null,"aging_rate_75plus":null,"population_status":"2","population_status_target":"503245971","population_aggregation_target":null,"age_65plus_missing":true,"age_75plus_missing":true,"age_quality_flag":"ok","data_completeness":"partial"}},{"type":"Feature","geometry":{"type":"Polygon","coordinates":[[[132.725,33.73750000000001],[132.73125,33.73750000000001],[132.73125,33.74166666666668],[132.725,33.74166666666668],[132.725,33.73750000000001]]]},"properties":{"type":"Feature","mesh_id":"503245882","municipality_code":"38210","municipality":"伊予市","total_population":1,"population_65plus":null,"population_75plus":null,"aging_rate_65plus":null,"aging_rate_75plus":null,"population_status":"2","population_status_target":"503245784","population_aggregation_target":null,"age_65plus_missing":true,"age_75plus_missing":true,"age_quality_flag":"ok","data_completeness":"partial"}},{"type":"Feature","geometry":{"type":"Polygon","coordinates":[[[132.6875,33.741666666666674],[132.69375,33.741666666666674],[132.69375,33.745833333333344],[132.6875,33.745833333333344],[132.6875,33.741666666666674]]]},"properties":{"type":"Feature","mesh_id":"503245951","municipality_code":"38210","municipality":"伊予市","total_population":218,"population_65plus":99,"population_75plus":59,"aging_rate_65plus":0.4541284403669725,"aging_rate_75plus":0.2706422018348624,"population_status":"0","population_status_target":null,"population_aggregation_target":null,"age_65plus_missing":false,"age_75plus_missing":false,"age_quality_flag":"ok","data_completeness":"complete"}},{"type":"Feature","geometry":{"type":"Polygon","coordinates":[[[132.6875,33.745833333333344],[132.69375,33.745833333333344],[132.69375,33.750000000000014],[132.6875,33.750000000000014],[132.6875,33.745833333333344]]]},"properties":{"type":"Feature","mesh_id":"503245952","municipality_code":"38210","municipality":"伊予市","total_population":221,"population_65plus":79,"population_75plus":39,"aging_rate_65plus":0.3574660633484163,"aging_rate_75plus":0.17647058823529413,"population_status":"0","population_status_target":null,"population_aggregation_target":null,"age_65plus_missing":false,"age_75plus_missing":false,"age_quality_flag":"ok","data_completeness":"complete"}},{"type":"Feature","geometry":{"type":"Polygon","coordinates":[[[132.69375,33.741666666666674],[132.7,33.741666666666674],[132.7,33.745833333333344],[132.69375,33.745833333333344],[132.69375,33.741666666666674]]]},"properties":{"type":"Feature","mesh_id":"503245953","municipality_code":"38210","municipality":"伊予市","total_population":137,"population_65plus":45,"population_75plus":15,"aging_rate_65plus":0.3284671532846715,"aging_rate_75plus":0.10948905109489052,"population_status":"0","population_status_target":null,"population_aggregation_target":null,"age_65plus_missing":false,"age_75plus_missing":false,"age_quality_flag":"ok","data_completeness":"complete"}},{"type":"Feature","geometry":{"type":"Polygon","coordinates":[[[132.69375,33.745833333333344],[132.7,33.745833333333344],[132.7,33.750000000000014],[132.69375,33.750000000000014],[132.69375,33.745833333333344]]]},"properties":{"type":"Feature","mesh_id":"503245954","municipality_code":"38210","municipality":"伊予市","total_population":726,"population_65plus":199,"population_75plus":105,"aging_rate_65plus":0.2741046831955923,"aging_rate_75plus":0.1446280991735537,"population_status":"0","population_status_target":null,"population_aggregation_target":null,"age_65plus_missing":false,"age_75plus_missing":false,"age_quality_flag":"ok","data_completeness":"complete"}},{"type":"Feature","geometry":{"type":"Polygon","coordinates":[[[132.7,33.741666666666674],[132.70624999999998,33.741666666666674],[132.70624999999998,33.745833333333344],[132.7,33.745833333333344],[132.7,33.741666666666674]]]},"properties":{"type":"Feature","mesh_id":"503245961","municipality_code":"38210","municipality":"伊予市","total_population":159,"population_65plus":67,"population_75plus":34,"aging_rate_65plus":0.42138364779874216,"aging_rate_75plus":0.2138364779874214,"population_status":"0","population_status_target":null,"population_aggregation_target":null,"age_65plus_missing":false,"age_75plus_missing":false,"age_quality_flag":"ok","data_completeness":"complete"}},{"type":"Feature","geometry":{"type":"Polygon","coordinates":[[[132.7,33.745833333333344],[132.70624999999998,33.745833333333344],[132.70624999999998,33.750000000000014],[132.7,33.750000000000014],[132.7,33.745833333333344]]]},"properties":{"type":"Feature","mesh_id":"503245962","municipality_code":"38210","municipality":"伊予市","total_population":125,"population_65plus":45,"population_75plus":26,"aging_rate_65plus":0.36,"aging_rate_75plus":0.208,"population_status":"0","population_status_target":null,"population_aggregation_target":null,"age_65plus_missing":false,"age_75plus_missing":false,"age_quality_flag":"ok","data_completeness":"complete"}},{"type":"Feature","geometry":{"type":"Polygon","coordinates":[[[132.70624999999998,33.741666666666674],[132.71249999999998,33.741666666666674],[132.71249999999998,33.745833333333344],[132.70624999999998,33.745833333333344],[132.70624999999998,33.741666666666674]]]},"properties":{"type":"Feature","mesh_id":"503245963","municipality_code":"38210","municipality":"伊予市","total_population":520,"population_65plus":166,"population_75plus":74,"aging_rate_65plus":0.3192307692307692,"aging_rate_75plus":0.1423076923076923,"population_status":"0","population_status_target":null,"population_aggregation_target":null,"age_65plus_missing":false,"age_75plus_missing":false,"age_quality_flag":"ok","data_completeness":"complete"}},{"type":"Feature","geometry":{"type":"Polygon","coordinates":[[[132.70624999999998,33.745833333333344],[132.71249999999998,33.745833333333344],[132.71249999999998,33.750000000000014],[132.70624999999998,33.750000000000014],[132.70624999999998,33.745833333333344]]]},"properties":{"type":"Feature","mesh_id":"503245964","municipality_code":"38210","municipality":"伊予市","total_population":237,"population_65plus":92,"population_75plus":32,"aging_rate_65plus":0.3881856540084388,"aging_rate_75plus":0.1350210970464135,"population_status":"0","population_status_target":null,"population_aggregation_target":null,"age_65plus_missing":false,"age_75plus_missing":false,"age_quality_flag":"ok","data_completeness":"complete"}},{"type":"Feature","geometry":{"type":"Polygon","coordinates":[[[132.7125,33.741666666666674],[132.71875,33.741666666666674],[132.71875,33.745833333333344],[132.7125,33.745833333333344],[132.7125,33.741666666666674]]]},"properties":{"type":"Feature","mesh_id":"503245971","municipality_code":"38210","municipality":"伊予市","total_population":14,"population_65plus":12,"population_75plus":8,"aging_rate_65plus":0.8571428571428571,"aging_rate_75plus":0.5714285714285714,"population_status":"1","population_status_target":null,"population_aggregation_target":"503245874","age_65plus_missing":false,"age_75plus_missing":false,"age_quality_flag":"ok","data_completeness":"complete"}},{"type":"Feature","geometry":{"type":"Polygon","coordinates":[[[132.71875,33.741666666666674],[132.725,33.741666666666674],[132.725,33.745833333333344],[132.71875,33.745833333333344],[132.71875,33.741666666666674]]]},"properties":{"type":"Feature","mesh_id":"503245973","municipality_code":"38210","municipality":"伊予市","total_population":230,"population_65plus":88,"population_75plus":36,"aging_rate_65plus":0.3826086956521739,"aging_rate_75plus":0.1565217391304348,"population_status":"0","population_status_target":null,"population_aggregation_target":null,"age_65plus_missing":false,"age_75plus_missing":false,"age_quality_flag":"ok","data_completeness":"complete"}},{"type":"Feature","geometry":{"type":"Polygon","coordinates":[[[132.75,33.67083333333334],[132.75625,33.67083333333334],[132.75625,33.67500000000001],[132.75,33.67500000000001],[132.75,33.67083333333334]]]},"properties":{"type":"Feature","mesh_id":"503246002","municipality_code":"38210","municipality":"伊予市","total_population":22,"population_65plus":22,"population_75plus":13,"aging_rate_65plus":1.0,"aging_rate_75plus":0.5909090909090909,"population_status":"1","population_status_target":null,"population_aggregation_target":"503246004","age_65plus_missing":false,"age_75plus_missing":false,"age_quality_flag":"ok","data_completeness":"complete"}},{"type":"Feature","geometry":{"type":"Polygon","coordinates":[[[132.75625,33.67083333333334],[132.7625,33.67083333333334],[132.7625,33.67500000000001],[132.75625,33.67500000000001],[132.75625,33.67083333333334]]]},"properties":{"type":"Feature","mesh_id":"503246004","municipality_code":"38210","municipality":"伊予市","total_population":3,"population_65plus":null,"population_75plus":null,"aging_rate_65plus":null,"aging_rate_75plus":null,"population_status":"2","population_status_target":"503246002","population_aggregation_target":null,"age_65plus_missing":true,"age_75plus_missing":true,"age_quality_flag":"ok","data_completeness":"partial"}},{"type":"Feature","geometry":{"type":"Polygon","coordinates":[[[132.75,33.712500000000006],[132.75625,33.712500000000006],[132.75625,33.716666666666676],[132.75,33.716666666666676],[132.75,33.712500000000006]]]},"properties":{"type":"Feature","mesh_id":"503246502","municipality_code":"38210","municipality":"伊予市","total_population":1,"population_65plus":null,"population_75plus":null,"aging_rate_65plus":null,"aging_rate_75plus":null,"population_status":"2","population_status_target":"503246513","population_aggregation_target":null,"age_65plus_missing":true,"age_75plus_missing":true,"age_quality_flag":"ok","data_completeness":"partial"}},{"type":"Feature","geometry":{"type":"Polygon","coordinates":[[[132.75625,33.712500000000006],[132.7625,33.712500000000006],[132.7625,33.716666666666676],[132.75625,33.716666666666676],[132.75625,33.712500000000006]]]},"properties":{"type":"Feature","mesh_id":"503246504","municipality_code":"38210","municipality":"伊予市","total_population":8,"population_65plus":null,"population_75plus":null,"aging_rate_65plus":null,"aging_rate_75plus":null,"population_status":"2","population_status_target":"503246513","population_aggregation_target":null,"age_65plus_missing":true,"age_75plus_missing":true,"age_quality_flag":"ok","data_completeness":"partial"}},{"type":"Feature","geometry":{"type":"Polygon","coordinates":[[[132.75,33.71666666666667],[132.75625,33.71666666666667],[132.75625,33.72083333333334],[132.75,33.72083333333334],[132.75,33.71666666666667]]]},"properties":{"type":"Feature","mesh_id":"503246601","municipality_code":"38210","municipality":"伊予市","total_population":31,"population_65plus":19,"population_75plus":10,"aging_rate_65plus":0.6129032258064516,"aging_rate_75plus":0.3225806451612903,"population_status":"0","population_status_target":null,"population_aggregation_target":null,"age_65plus_missing":false,"age_75plus_missing":false,"age_quality_flag":"ok","data_completeness":"complete"}},{"type":"Feature","geometry":{"type":"Polygon","coordinates":[[[132.7,33.75],[132.70624999999998,33.75],[132.70624999999998,33.75416666666667],[132.7,33.75416666666667],[132.7,33.75]]]},"properties":{"type":"Feature","mesh_id":"503255061","municipality_code":"38210","municipality":"伊予市","total_population":1422,"population_65plus":336,"population_75plus":167,"aging_rate_65plus":0.23628691983122363,"aging_rate_75plus":0.11744022503516174,"population_status":"0","population_status_target":null,"population_aggregation_target":null,"age_65plus_missing":false,"age_75plus_missing":false,"age_quality_flag":"ok","data_completeness":"complete"}},{"type":"Feature","geometry":{"type":"Polygon","coordinates":[[[132.7,33.75416666666667],[132.70624999999998,33.75416666666667],[132.70624999999998,33.75833333333334],[132.7,33.75833333333334],[132.7,33.75416666666667]]]},"properties":{"type":"Feature","mesh_id":"503255062","municipality_code":"38210","municipality":"伊予市","total_population":620,"population_65plus":160,"population_75plus":68,"aging_rate_65plus":0.25806451612903225,"aging_rate_75plus":0.10967741935483871,"population_status":"0","population_status_target":null,"population_aggregation_target":null,"age_65plus_missing":false,"age_75plus_missing":false,"age_quality_flag":"ok","data_completeness":"complete"}},{"type":"Feature","geometry":{"type":"Polygon","coordinates":[[[132.70624999999998,33.75],[132.71249999999998,33.75],[132.71249999999998,33.75416666666667],[132.70624999999998,33.75416666666667],[132.70624999999998,33.75]]]},"properties":{"type":"Feature","mesh_id":"503255063","municipality_code":"38210","municipality":"伊予市","total_population":1341,"population_65plus":433,"population_75plus":260,"aging_rate_65plus":0.32289336316181955,"aging_rate_75plus":0.19388516032811334,"population_status":"0","population_status_target":null,"population_aggregation_target":null,"age_65plus_missing":false,"age_75plus_missing":false,"age_quality_flag":"ok","data_completeness":"complete"}},{"type":"Feature","geometry":{"type":"Polygon","coordinates":[[[132.70624999999998,33.75416666666667],[132.71249999999998,33.75416666666667],[132.71249999999998,33.75833333333334],[132.70624999999998,33.75833333333334],[132.70624999999998,33.75416666666667]]]},"properties":{"type":"Feature","mesh_id":"503255064","municipality_code":"38210","municipality":"伊予市","total_population":682,"population_65plus":147,"population_75plus":83,"aging_rate_65plus":0.2155425219941349,"aging_rate_75plus":0.1217008797653959,"population_status":"0","population_status_target":null,"population_aggregation_target":null,"age_65plus_missing":false,"age_75plus_missing":false,"age_quality_flag":"ok","data_completeness":"complete"}},{"type":"Feature","geometry":{"type":"Polygon","coordinates":[[[132.7125,33.75],[132.71875,33.75],[132.71875,33.75416666666667],[132.7125,33.75416666666667],[132.7125,33.75]]]},"properties":{"type":"Feature","mesh_id":"503255071","municipality_code":"38210","municipality":"伊予市","total_population":191,"population_65plus":60,"population_75plus":26,"aging_rate_65plus":0.31413612565445026,"aging_rate_75plus":0.13612565445026178,"population_status":"0","population_status_target":null,"population_aggregation_target":null,"age_65plus_missing":false,"age_75plus_missing":false,"age_quality_flag":"ok","data_completeness":"complete"}},{"type":"Feature","geometry":{"type":"Polygon","coordinates":[[[132.7125,33.75416666666667],[132.71875,33.75416666666667],[132.71875,33.75833333333334],[132.7125,33.75833333333334],[132.7125,33.75416666666667]]]},"properties":{"type":"Feature","mesh_id":"503255072","municipality_code":"38210","municipality":"伊予市","total_population":138,"population_65plus":45,"population_75plus":26,"aging_rate_65plus":0.32608695652173914,"aging_rate_75plus":0.18840579710144928,"population_status":"0","population_status_target":null,"population_aggregation_target":null,"age_65plus_missing":false,"age_75plus_missing":false,"age_quality_flag":"ok","data_completeness":"complete"}},{"type":"Feature","geometry":{"type":"Polygon","coordinates":[[[132.71875,33.75],[132.725,33.75],[132.725,33.75416666666667],[132.71875,33.75416666666667],[132.71875,33.75]]]},"properties":{"type":"Feature","mesh_id":"503255073","municipality_code":"38210","municipality":"伊予市","total_population":117,"population_65plus":44,"population_75plus":24,"aging_rate_65plus":0.37606837606837606,"aging_rate_75plus":0.20512820512820512,"population_status":"0","population_status_target":null,"population_aggregation_target":null,"age_65plus_missing":false,"age_75plus_missing":false,"age_quality_flag":"ok","data_completeness":"complete"}},{"type":"Feature","geometry":{"type":"Polygon","coordinates":[[[132.71875,33.75416666666667],[132.725,33.75416666666667],[132.725,33.75833333333334],[132.71875,33.75833333333334],[132.71875,33.75416666666667]]]},"properties":{"type":"Feature","mesh_id":"503255074","municipality_code":"38210","municipality":"伊予市","total_population":152,"population_65plus":36,"population_75plus":15,"aging_rate_65plus":0.23684210526315788,"aging_rate_75plus":0.09868421052631579,"population_status":"0","population_status_target":null,"population_aggregation_target":null,"age_65plus_missing":false,"age_75plus_missing":false,"age_quality_flag":"ok","data_completeness":"complete"}},{"type":"Feature","geometry":{"type":"Polygon","coordinates":[[[132.73125,33.75],[132.73749999999998,33.75],[132.73749999999998,33.75416666666667],[132.73125,33.75416666666667],[132.73125,33.75]]]},"properties":{"type":"Feature","mesh_id":"503255083","municipality_code":"38210","municipality":"伊予市","total_population":101,"population_65plus":45,"population_75plus":25,"aging_rate_65plus":0.44554455445544555,"aging_rate_75plus":0.24752475247524752,"population_status":"1","population_status_target":null,"population_aggregation_target":"503255084","age_65plus_missing":false,"age_75plus_missing":false,"age_quality_flag":"ok","data_completeness":"complete"}},{"type":"Feature","geometry":{"type":"Polygon","coordinates":[[[132.73125,33.75416666666667],[132.73749999999998,33.75416666666667],[132.73749999999998,33.75833333333334],[132.73125,33.75833333333334],[132.73125,33.75416666666667]]]},"properties":{"type":"Feature","mesh_id":"503255084","municipality_code":"38210","municipality":"伊予市","total_population":6,"population_65plus":null,"population_75plus":null,"aging_rate_65plus":null,"aging_rate_75plus":null,"population_status":"2","population_status_target":"503255083","population_aggregation_target":null,"age_65plus_missing":true,"age_75plus_missing":true,"age_quality_flag":"ok","data_completeness":"partial"}},{"type":"Feature","geometry":{"type":"Polygon","coordinates":[[[132.7,33.75833333333333],[132.70624999999998,33.75833333333333],[132.70624999999998,33.7625],[132.7,33.7625],[132.7,33.75833333333333]]]},"properties":{"type":"Feature","mesh_id":"503255161","municipality_code":"38210","municipality":"伊予市","total_population":1494,"population_65plus":487,"population_75plus":258,"aging_rate_65plus":0.32597054886211513,"aging_rate_75plus":0.17269076305220885,"population_status":"0","population_status_target":null,"population_aggregation_target":null,"age_65plus_missing":false,"age_75plus_missing":false,"age_quality_flag":"ok","data_completeness":"complete"}},{"type":"Feature","geometry":{"type":"Polygon","coordinates":[[[132.7,33.7625],[132.70624999999998,33.7625],[132.70624999999998,33.76666666666667],[132.7,33.76666666666667],[132.7,33.7625]]]},"properties":{"type":"Feature","mesh_id":"503255162","municipality_code":"38210","municipality":"伊予市","total_population":1185,"population_65plus":296,"population_75plus":141,"aging_rate_65plus":0.249789029535865,"aging_rate_75plus":0.1189873417721519,"population_status":"0","population_status_target":null,"population_aggregation_target":null,"age_65plus_missing":false,"age_75plus_missing":false,"age_quality_flag":"ok","data_completeness":"complete"}},{"type":"Feature","geometry":{"type":"Polygon","coordinates":[[[132.70624999999998,33.75833333333333],[132.71249999999998,33.75833333333333],[132.71249999999998,33.7625],[132.70624999999998,33.7625],[132.70624999999998,33.75833333333333]]]},"properties":{"type":"Feature","mesh_id":"503255163","municipality_code":"38210","municipality":"伊予市","total_population":1027,"population_65plus":296,"population_75plus":134,"aging_rate_65plus":0.2882181110029211,"aging_rate_75plus":0.13047711781888996,"population_status":"0","population_status_target":null,"population_aggregation_target":null,"age_65plus_missing":false,"age_75plus_missing":false,"age_quality_flag":"ok","data_completeness":"complete"}},{"type":"Feature","geometry":{"type":"Polygon","coordinates":[[[132.70624999999998,33.7625],[132.71249999999998,33.7625],[132.71249999999998,33.76666666666667],[132.70624999999998,33.76666666666667],[132.70624999999998,33.7625]]]},"properties":{"type":"Feature","mesh_id":"503255164","municipality_code":"38210","municipality":"伊予市","total_population":1079,"population_65plus":138,"population_75plus":55,"aging_rate_65plus":0.1278962001853568,"aging_rate_75plus":0.05097312326227989,"population_status":"0","population_status_target":null,"population_aggregation_target":null,"age_65plus_missing":false,"age_75plus_missing":false,"age_quality_flag":"ok","data_completeness":"complete"}},{"type":"Feature","geometry":{"type":"Polygon","coordinates":[[[132.7125,33.75833333333333],[132.71875,33.75833333333333],[132.71875,33.7625],[132.7125,33.7625],[132.7125,33.75833333333333]]]},"properties":{"type":"Feature","mesh_id":"503255171","municipality_code":"38210","municipality":"伊予市","total_population":359,"population_65plus":92,"population_75plus":44,"aging_rate_65plus":0.2562674094707521,"aging_rate_75plus":0.12256267409470752,"population_status":"0","population_status_target":null,"population_aggregation_target":null,"age_65plus_missing":false,"age_75plus_missing":false,"age_quality_flag":"ok","data_completeness":"complete"}},{"type":"Feature","geometry":{"type":"Polygon","coordinates":[[[132.7125,33.7625],[132.71875,33.7625],[132.71875,33.76666666666667],[132.7125,33.76666666666667],[132.7125,33.7625]]]},"properties":{"type":"Feature","mesh_id":"503255172","municipality_code":"38210","municipality":"伊予市","total_population":78,"population_65plus":39,"population_75plus":27,"aging_rate_65plus":0.5,"aging_rate_75plus":0.34615384615384615,"population_status":"0","population_status_target":null,"population_aggregation_target":null,"age_65plus_missing":false,"age_75plus_missing":false,"age_quality_flag":"ok","data_completeness":"complete"}},{"type":"Feature","geometry":{"type":"Polygon","coordinates":[[[132.71875,33.75833333333333],[132.725,33.75833333333333],[132.725,33.7625],[132.71875,33.7625],[132.71875,33.75833333333333]]]},"properties":{"type":"Feature","mesh_id":"503255173","municipality_code":"38210","municipality":"伊予市","total_population":90,"population_65plus":29,"population_75plus":11,"aging_rate_65plus":0.32222222222222224,"aging_rate_75plus":0.12222222222222222,"population_status":"0","population_status_target":null,"population_aggregation_target":null,"age_65plus_missing":false,"age_75plus_missing":false,"age_quality_flag":"ok","data_completeness":"complete"}},{"type":"Feature","geometry":{"type":"Polygon","coordinates":[[[132.71875,33.7625],[132.725,33.7625],[132.725,33.76666666666667],[132.71875,33.76666666666667],[132.71875,33.7625]]]},"properties":{"type":"Feature","mesh_id":"503255174","municipality_code":"38210","municipality":"伊予市","total_population":173,"population_65plus":61,"population_75plus":31,"aging_rate_65plus":0.35260115606936415,"aging_rate_75plus":0.1791907514450867,"population_status":"0","population_status_target":null,"population_aggregation_target":null,"age_65plus_missing":false,"age_75plus_missing":false,"age_quality_flag":"ok","data_completeness":"complete"}},{"type":"Feature","geometry":{"type":"Polygon","coordinates":[[[132.725,33.75833333333333],[132.73125,33.75833333333333],[132.73125,33.7625],[132.725,33.7625],[132.725,33.75833333333333]]]},"properties":{"type":"Feature","mesh_id":"503255181","municipality_code":"38210","municipality":"伊予市","total_population":63,"population_65plus":27,"population_75plus":14,"aging_rate_65plus":0.42857142857142855,"aging_rate_75plus":0.2222222222222222,"population_status":"0","population_status_target":null,"population_aggregation_target":null,"age_65plus_missing":false,"age_75plus_missing":false,"age_quality_flag":"ok","data_completeness":"complete"}},{"type":"Feature","geometry":{"type":"Polygon","coordinates":[[[132.725,33.7625],[132.73125,33.7625],[132.73125,33.76666666666667],[132.725,33.76666666666667],[132.725,33.7625]]]},"properties":{"type":"Feature","mesh_id":"503255182","municipality_code":"38210","municipality":"伊予市","total_population":103,"population_65plus":31,"population_75plus":12,"aging_rate_65plus":0.30097087378640774,"aging_rate_75plus":0.11650485436893204,"population_status":"0","population_status_target":null,"population_aggregation_target":null,"age_65plus_missing":false,"age_75plus_missing":false,"age_quality_flag":"ok","data_completeness":"complete"}},{"type":"Feature","geometry":{"type":"Polygon","coordinates":[[[132.73125,33.75833333333333],[132.73749999999998,33.75833333333333],[132.73749999999998,33.7625],[132.73125,33.7625],[132.73125,33.75833333333333]]]},"properties":{"type":"Feature","mesh_id":"503255183","municipality_code":"38210","municipality":"伊予市","total_population":236,"population_65plus":84,"population_75plus":31,"aging_rate_65plus":0.3559322033898305,"aging_rate_75plus":0.13135593220338984,"population_status":"0","population_status_target":null,"population_aggregation_target":null,"age_65plus_missing":false,"age_75plus_missing":false,"age_quality_flag":"ok","data_completeness":"complete"}},{"type":"Feature","geometry":{"type":"Polygon","coordinates":[[[132.73125,33.7625],[132.73749999999998,33.7625],[132.73749999999998,33.76666666666667],[132.73125,33.76666666666667],[132.73125,33.7625]]]},"properties":{"type":"Feature","mesh_id":"503255184","municipality_code":"38210","municipality":"伊予市","total_population":173,"population_65plus":55,"population_75plus":21,"aging_rate_65plus":0.3179190751445087,"aging_rate_75plus":0.12138728323699421,"population_status":"0","population_status_target":null,"population_aggregation_target":null,"age_65plus_missing":false,"age_75plus_missing":false,"age_quality_flag":"ok","data_completeness":"complete"}},{"type":"Feature","geometry":{"type":"Polygon","coordinates":[[[132.7375,33.75833333333333],[132.74375,33.75833333333333],[132.74375,33.7625],[132.7375,33.7625],[132.7375,33.75833333333333]]]},"properties":{"type":"Feature","mesh_id":"503255191","municipality_code":"38210","municipality":"伊予市","total_population":74,"population_65plus":24,"population_75plus":14,"aging_rate_65plus":0.32432432432432434,"aging_rate_75plus":0.1891891891891892,"population_status":"1","population_status_target":null,"population_aggregation_target":"503255093","age_65plus_missing":false,"age_75plus_missing":false,"age_quality_flag":"ok","data_completeness":"complete"}},{"type":"Feature","geometry":{"type":"Polygon","coordinates":[[[132.74375,33.75833333333333],[132.75,33.75833333333333],[132.75,33.7625],[132.74375,33.7625],[132.74375,33.75833333333333]]]},"properties":{"type":"Feature","mesh_id":"503255193","municipality_code":"38210","municipality":"伊予市","total_population":157,"population_65plus":57,"population_75plus":29,"aging_rate_65plus":0.3630573248407643,"aging_rate_75plus":0.18471337579617833,"population_status":"1","population_status_target":null,"population_aggregation_target":"503255194","age_65plus_missing":false,"age_75plus_missing":false,"age_quality_flag":"ok","data_completeness":"complete"}},{"type":"Feature","geometry":{"type":"Polygon","coordinates":[[[132.74375,33.7625],[132.75,33.7625],[132.75,33.76666666666667],[132.74375,33.76666666666667],[132.74375,33.7625]]]},"properties":{"type":"Feature","mesh_id":"503255194","municipality_code":"38210","municipality":"伊予市","total_population":3,"population_65plus":null,"population_75plus":null,"aging_rate_65plus":null,"aging_rate_75plus":null,"population_status":"2","population_status_target":"503255193","population_aggregation_target":null,"age_65plus_missing":true,"age_75plus_missing":true,"age_quality_flag":"ok","data_completeness":"partial"}},{"type":"Feature","geometry":{"type":"Polygon","coordinates":[[[132.7,33.766666666666666],[132.70624999999998,33.766666666666666],[132.70624999999998,33.770833333333336],[132.7,33.770833333333336],[132.7,33.766666666666666]]]},"properties":{"type":"Feature","mesh_id":"503255261","municipality_code":"38210","municipality":"伊予市","total_population":941,"population_65plus":185,"population_75plus":87,"aging_rate_65plus":0.19659936238044634,"aging_rate_75plus":0.0924548352816153,"population_status":"0","population_status_target":null,"population_aggregation_target":null,"age_65plus_missing":false,"age_75plus_missing":false,"age_quality_flag":"ok","data_completeness":"complete"}},{"type":"Feature","geometry":{"type":"Polygon","coordinates":[[[132.7,33.770833333333336],[132.70624999999998,33.770833333333336],[132.70624999999998,33.775000000000006],[132.7,33.775000000000006],[132.7,33.770833333333336]]]},"properties":{"type":"Feature","mesh_id":"503255262","municipality_code":"38210","municipality":"伊予市","total_population":1159,"population_65plus":380,"population_75plus":142,"aging_rate_65plus":0.32786885245901637,"aging_rate_75plus":0.12251941328731665,"population_status":"0","population_status_target":null,"population_aggregation_target":null,"age_65plus_missing":false,"age_75plus_missing":false,"age_quality_flag":"ok","data_completeness":"complete"}},{"type":"Feature","geometry":{"type":"Polygon","coordinates":[[[132.70624999999998,33.766666666666666],[132.71249999999998,33.766666666666666],[132.71249999999998,33.770833333333336],[132.70624999999998,33.770833333333336],[132.70624999999998,33.766666666666666]]]},"properties":{"type":"Feature","mesh_id":"503255263","municipality_code":"38210","municipality":"伊予市","total_population":1554,"population_65plus":455,"population_75plus":231,"aging_rate_65plus":0.2927927927927928,"aging_rate_75plus":0.14864864864864866,"population_status":"0","population_status_target":null,"population_aggregation_target":null,"age_65plus_missing":false,"age_75plus_missing":false,"age_quality_flag":"ok","data_completeness":"complete"}},{"type":"Feature","geometry":{"type":"Polygon","coordinates":[[[132.70624999999998,33.770833333333336],[132.71249999999998,33.770833333333336],[132.71249999999998,33.775000000000006],[132.70624999999998,33.775000000000006],[132.70624999999998,33.770833333333336]]]},"properties":{"type":"Feature","mesh_id":"503255264","municipality_code":"38210","municipality":"伊予市","total_population":363,"population_65plus":75,"population_75plus":30,"aging_rate_65plus":0.2066115702479339,"aging_rate_75plus":0.08264462809917356,"population_status":"0","population_status_target":null,"population_aggregation_target":null,"age_65plus_missing":false,"age_75plus_missing":false,"age_quality_flag":"ok","data_completeness":"complete"}},{"type":"Feature","geometry":{"type":"Polygon","coordinates":[[[132.7125,33.766666666666666],[132.71875,33.766666666666666],[132.71875,33.770833333333336],[132.7125,33.770833333333336],[132.7125,33.766666666666666]]]},"properties":{"type":"Feature","mesh_id":"503255271","municipality_code":"38210","municipality":"伊予市","total_population":979,"population_65plus":422,"population_75plus":194,"aging_rate_65plus":0.4310520939734423,"aging_rate_75plus":0.19816138917262513,"population_status":"0","population_status_target":null,"population_aggregation_target":null,"age_65plus_missing":false,"age_75plus_missing":false,"age_quality_flag":"ok","data_completeness":"complete"}},{"type":"Feature","geometry":{"type":"Polygon","coordinates":[[[132.71875,33.766666666666666],[132.725,33.766666666666666],[132.725,33.770833333333336],[132.71875,33.770833333333336],[132.71875,33.766666666666666]]]},"properties":{"type":"Feature","mesh_id":"503255273","municipality_code":"38210","municipality":"伊予市","total_population":236,"population_65plus":38,"population_75plus":20,"aging_rate_65plus":0.16101694915254236,"aging_rate_75plus":0.0847457627118644,"population_status":"0","population_status_target":null,"population_aggregation_target":null,"age_65plus_missing":false,"age_75plus_missing":false,"age_quality_flag":"ok","data_completeness":"complete"}},{"type":"Feature","geometry":{"type":"Polygon","coordinates":[[[132.71875,33.770833333333336],[132.725,33.770833333333336],[132.725,33.775000000000006],[132.71875,33.775000000000006],[132.71875,33.770833333333336]]]},"properties":{"type":"Feature","mesh_id":"503255274","municipality_code":"38210","municipality":"伊予市","total_population":15,"population_65plus":3,"population_75plus":0,"aging_rate_65plus":0.2,"aging_rate_75plus":0.0,"population_status":"0","population_status_target":null,"population_aggregation_target":null,"age_65plus_missing":false,"age_75plus_missing":false,"age_quality_flag":"ok","data_completeness":"complete"}},{"type":"Feature","geometry":{"type":"Polygon","coordinates":[[[132.725,33.766666666666666],[132.73125,33.766666666666666],[132.73125,33.770833333333336],[132.725,33.770833333333336],[132.725,33.766666666666666]]]},"properties":{"type":"Feature","mesh_id":"503255281","municipality_code":"38210","municipality":"伊予市","total_population":305,"population_65plus":107,"population_75plus":63,"aging_rate_65plus":0.35081967213114756,"aging_rate_75plus":0.20655737704918034,"population_status":"0","population_status_target":null,"population_aggregation_target":null,"age_65plus_missing":false,"age_75plus_missing":false,"age_quality_flag":"ok","data_completeness":"complete"}},{"type":"Feature","geometry":{"type":"Polygon","coordinates":[[[132.73125,33.766666666666666],[132.73749999999998,33.766666666666666],[132.73749999999998,33.770833333333336],[132.73125,33.770833333333336],[132.73125,33.766666666666666]]]},"properties":{"type":"Feature","mesh_id":"503255283","municipality_code":"38210","municipality":"伊予市","total_population":77,"population_65plus":24,"population_75plus":11,"aging_rate_65plus":0.3116883116883117,"aging_rate_75plus":0.14285714285714285,"population_status":"0","population_status_target":null,"population_aggregation_target":null,"age_65plus_missing":false,"age_75plus_missing":false,"age_quality_flag":"ok","data_completeness":"complete"}},{"type":"Feature","geometry":{"type":"Polygon","coordinates":[[[132.73125,33.770833333333336],[132.73749999999998,33.770833333333336],[132.73749999999998,33.775000000000006],[132.73125,33.775000000000006],[132.73125,33.770833333333336]]]},"properties":{"type":"Feature","mesh_id":"503255284","municipality_code":"38210","municipality":"伊予市","total_population":247,"population_65plus":89,"population_75plus":44,"aging_rate_65plus":0.3603238866396761,"aging_rate_75plus":0.17813765182186234,"population_status":"0","population_status_target":null,"population_aggregation_target":null,"age_65plus_missing":false,"age_75plus_missing":false,"age_quality_flag":"ok","data_completeness":"complete"}},{"type":"Feature","geometry":{"type":"Polygon","coordinates":[[[132.7375,33.766666666666666],[132.74375,33.766666666666666],[132.74375,33.770833333333336],[132.7375,33.770833333333336],[132.7375,33.766666666666666]]]},"properties":{"type":"Feature","mesh_id":"503255291","municipality_code":"38210","municipality":"伊予市","total_population":154,"population_65plus":43,"population_75plus":19,"aging_rate_65plus":0.2792207792207792,"aging_rate_75plus":0.12337662337662338,"population_status":"0","population_status_target":null,"population_aggregation_target":null,"age_65plus_missing":false,"age_75plus_missing":false,"age_quality_flag":"ok","data_completeness":"complete"}},{"type":"Feature","geometry":{"type":"Polygon","coordinates":[[[132.7375,33.770833333333336],[132.74375,33.770833333333336],[132.74375,33.775000000000006],[132.7375,33.775000000000006],[132.7375,33.770833333333336]]]},"properties":{"type":"Feature","mesh_id":"503255292","municipality_code":"38210","municipality":"伊予市","total_population":98,"population_65plus":41,"population_75plus":17,"aging_rate_65plus":0.41836734693877553,"aging_rate_75plus":0.17346938775510204,"population_status":"0","population_status_target":null,"population_aggregation_target":null,"age_65plus_missing":false,"age_75plus_missing":false,"age_quality_flag":"ok","data_completeness":"complete"}},{"type":"Feature","geometry":{"type":"Polygon","coordinates":[[[132.74375,33.766666666666666],[132.75,33.766666666666666],[132.75,33.770833333333336],[132.74375,33.770833333333336],[132.74375,33.766666666666666]]]},"properties":{"type":"Feature","mesh_id":"503255293","municipality_code":"38210","municipality":"伊予市","total_population":205,"population_65plus":65,"population_75plus":29,"aging_rate_65plus":0.3170731707317073,"aging_rate_75plus":0.14146341463414633,"population_status":"0","population_status_target":null,"population_aggregation_target":null,"age_65plus_missing":false,"age_75plus_missing":false,"age_quality_flag":"ok","data_completeness":"complete"}},{"type":"Feature","geometry":{"type":"Polygon","coordinates":[[[132.74375,33.770833333333336],[132.75,33.770833333333336],[132.75,33.775000000000006],[132.74375,33.775000000000006],[132.74375,33.770833333333336]]]},"properties":{"type":"Feature","mesh_id":"503255294","municipality_code":"38210","municipality":"伊予市","total_population":403,"population_65plus":123,"population_75plus":56,"aging_rate_65plus":0.3052109181141439,"aging_rate_75plus":0.13895781637717122,"population_status":"0","population_status_target":null,"population_aggregation_target":null,"age_65plus_missing":false,"age_75plus_missing":false,"age_quality_flag":"ok","data_completeness":"complete"}},{"type":"Feature","geometry":{"type":"Polygon","coordinates":[[[132.71875,33.775],[132.725,33.775],[132.725,33.77916666666667],[132.71875,33.77916666666667],[132.71875,33.775]]]},"properties":{"type":"Feature","mesh_id":"503255373","municipality_code":"38210","municipality":"伊予市","total_population":58,"population_65plus":16,"population_75plus":6,"aging_rate_65plus":0.27586206896551724,"aging_rate_75plus":0.10344827586206896,"population_status":"0","population_status_target":null,"population_aggregation_target":null,"age_65plus_missing":false,"age_75plus_missing":false,"age_quality_flag":"ok","data_completeness":"complete"}},{"type":"Feature","geometry":{"type":"Polygon","coordinates":[[[132.73125,33.775],[132.73749999999998,33.775],[132.73749999999998,33.77916666666667],[132.73125,33.77916666666667],[132.73125,33.775]]]},"properties":{"type":"Feature","mesh_id":"503255383","municipality_code":"38210","municipality":"伊予市","total_population":48,"population_65plus":16,"population_75plus":9,"aging_rate_65plus":0.3333333333333333,"aging_rate_75plus":0.1875,"population_status":"0","population_status_target":null,"population_aggregation_target":null,"age_65plus_missing":false,"age_75plus_missing":false,"age_quality_flag":"ok","data_completeness":"complete"}},{"type":"Feature","geometry":{"type":"Polygon","coordinates":[[[132.7375,33.775],[132.74375,33.775],[132.74375,33.77916666666667],[132.7375,33.77916666666667],[132.7375,33.775]]]},"properties":{"type":"Feature","mesh_id":"503255391","municipality_code":"38210","municipality":"伊予市","total_population":571,"population_65plus":87,"population_75plus":35,"aging_rate_65plus":0.15236427320490367,"aging_rate_75plus":0.06129597197898424,"population_status":"0","population_status_target":null,"population_aggregation_target":null,"age_65plus_missing":false,"age_75plus_missing":false,"age_quality_flag":"ok","data_completeness":"complete"}},{"type":"Feature","geometry":{"type":"Polygon","coordinates":[[[132.74375,33.775],[132.75,33.775],[132.75,33.77916666666667],[132.74375,33.77916666666667],[132.74375,33.775]]]},"properties":{"type":"Feature","mesh_id":"503255393","municipality_code":"38210","municipality":"伊予市","total_population":204,"population_65plus":55,"population_75plus":26,"aging_rate_65plus":0.2696078431372549,"aging_rate_75plus":0.12745098039215685,"population_status":"0","population_status_target":null,"population_aggregation_target":null,"age_65plus_missing":false,"age_75plus_missing":false,"age_quality_flag":"ok","data_completeness":"complete"}},{"type":"Feature","geometry":{"type":"Polygon","coordinates":[[[132.74375,33.77916666666667],[132.75,33.77916666666667],[132.75,33.78333333333334],[132.74375,33.78333333333334],[132.74375,33.77916666666667]]]},"properties":{"type":"Feature","mesh_id":"503255394","municipality_code":"38210","municipality":"伊予市","total_population":151,"population_65plus":38,"population_75plus":20,"aging_rate_65plus":0.25165562913907286,"aging_rate_75plus":0.13245033112582782,"population_status":"0","population_status_target":null,"population_aggregation_target":null,"age_65plus_missing":false,"age_75plus_missing":false,"age_quality_flag":"ok","data_completeness":"complete"}},{"type":"Feature","geometry":{"type":"Polygon","coordinates":[[[132.75,33.766666666666666],[132.75625,33.766666666666666],[132.75625,33.770833333333336],[132.75,33.770833333333336],[132.75,33.766666666666666]]]},"properties":{"type":"Feature","mesh_id":"503256201","municipality_code":"38210","municipality":"伊予市","total_population":4,"population_65plus":null,"population_75plus":null,"aging_rate_65plus":null,"aging_rate_75plus":null,"population_status":"2","population_status_target":"503256203","population_aggregation_target":null,"age_65plus_missing":true,"age_75plus_missing":true,"age_quality_flag":"ok","data_completeness":"partial"}},{"type":"Feature","geometry":{"type":"Polygon","coordinates":[[[132.75625,33.766666666666666],[132.7625,33.766666666666666],[132.7625,33.770833333333336],[132.75625,33.770833333333336],[132.75625,33.766666666666666]]]},"properties":{"type":"Feature","mesh_id":"503256203","municipality_code":"38210","municipality":"伊予市","total_population":227,"population_65plus":117,"population_75plus":88,"aging_rate_65plus":0.5154185022026432,"aging_rate_75plus":0.3876651982378855,"population_status":"1","population_status_target":null,"population_aggregation_target":"503256201","age_65plus_missing":false,"age_75plus_missing":false,"age_quality_flag":"ok","data_completeness":"complete"}},{"type":"Feature","geometry":{"type":"Polygon","coordinates":[[[132.7625,33.770833333333336],[132.76874999999998,33.770833333333336],[132.76874999999998,33.775000000000006],[132.7625,33.775000000000006],[132.7625,33.770833333333336]]]},"properties":{"type":"Feature","mesh_id":"503256212","municipality_code":"38210","municipality":"伊予市","total_population":5,"population_65plus":null,"population_75plus":null,"aging_rate_65plus":null,"aging_rate_75plus":null,"population_status":"2","population_status_target":"503256213","population_aggregation_target":null,"age_65plus_missing":true,"age_75plus_missing":true,"age_quality_flag":"ok","data_completeness":"partial"}},{"type":"Feature","geometry":{"type":"Polygon","coordinates":[[[132.75,33.775],[132.75625,33.775],[132.75625,33.77916666666667],[132.75,33.77916666666667],[132.75,33.775]]]},"properties":{"type":"Feature","mesh_id":"503256301","municipality_code":"38210","municipality":"伊予市","total_population":277,"population_65plus":125,"population_75plus":63,"aging_rate_65plus":0.45126353790613716,"aging_rate_75plus":0.22743682310469315,"population_status":"0","population_status_target":null,"population_aggregation_target":null,"age_65plus_missing":false,"age_75plus_missing":false,"age_quality_flag":"ok","data_completeness":"complete"}},{"type":"Feature","geometry":{"type":"Polygon","coordinates":[[[132.75,33.77916666666667],[132.75625,33.77916666666667],[132.75625,33.78333333333334],[132.75,33.78333333333334],[132.75,33.77916666666667]]]},"properties":{"type":"Feature","mesh_id":"503256302","municipality_code":"38210","municipality":"伊予市","total_population":141,"population_65plus":50,"population_75plus":23,"aging_rate_65plus":0.3546099290780142,"aging_rate_75plus":0.16312056737588654,"population_status":"1","population_status_target":null,"population_aggregation_target":"503256313","age_65plus_missing":false,"age_75plus_missing":false,"age_quality_flag":"ok","data_completeness":"complete"}},{"type":"Feature","geometry":{"type":"Polygon","coordinates":[[[132.75625,33.775],[132.7625,33.775],[132.7625,33.77916666666667],[132.75625,33.77916666666667],[132.75625,33.775]]]},"properties":{"type":"Feature","mesh_id":"503256303","municipality_code":"38210","municipality":"伊予市","total_population":265,"population_65plus":82,"population_75plus":38,"aging_rate_65plus":0.30943396226415093,"aging_rate_75plus":0.14339622641509434,"population_status":"0","population_status_target":null,"population_aggregation_target":null,"age_65plus_missing":false,"age_75plus_missing":false,"age_quality_flag":"ok","data_completeness":"complete"}},{"type":"Feature","geometry":{"type":"Polygon","coordinates":[[[132.75625,33.77916666666667],[132.7625,33.77916666666667],[132.7625,33.78333333333334],[132.75625,33.78333333333334],[132.75625,33.77916666666667]]]},"properties":{"type":"Feature","mesh_id":"503256304","municipality_code":"38210","municipality":"伊予市","total_population":543,"population_65plus":108,"population_75plus":60,"aging_rate_65plus":0.19889502762430938,"aging_rate_75plus":0.11049723756906077,"population_status":"0","population_status_target":null,"population_aggregation_target":null,"age_65plus_missing":false,"age_75plus_missing":false,"age_quality_flag":"ok","data_completeness":"complete"}},{"type":"Feature","geometry":{"type":"Polygon","coordinates":[[[132.75625,33.78333333333333],[132.7625,33.78333333333333],[132.7625,33.7875],[132.75625,33.7875],[132.75625,33.78333333333333]]]},"properties":{"type":"Feature","mesh_id":"503256403","municipality_code":"38210","municipality":"伊予市","total_population":360,"population_65plus":146,"population_75plus":74,"aging_rate_65plus":0.40555555555555556,"aging_rate_75plus":0.20555555555555555,"population_status":"0","population_status_target":null,"population_aggregation_target":null,"age_65plus_missing":false,"age_75plus_missing":false,"age_quality_flag":"ok","data_completeness":"complete"}},{"type":"Feature","geometry":{"type":"Polygon","coordinates":[[[132.7625,33.78333333333333],[132.76874999999998,33.78333333333333],[132.76874999999998,33.7875],[132.7625,33.7875],[132.7625,33.78333333333333]]]},"properties":{"type":"Feature","mesh_id":"503256411","municipality_code":"38210","municipality":"伊予市","total_population":320,"population_65plus":87,"population_75plus":52,"aging_rate_65plus":0.271875,"aging_rate_75plus":0.1625,"population_status":"0","population_status_target":null,"population_aggregation_target":null,"age_65plus_missing":false,"age_75plus_missing":false,"age_quality_flag":"ok","data_completeness":"complete"}},{"type":"Feature","geometry":{"type":"Polygon","coordinates":[[[132.7625,33.7875],[132.76874999999998,33.7875],[132.76874999999998,33.79166666666667],[132.7625,33.79166666666667],[132.7625,33.7875]]]},"properties":{"type":"Feature","mesh_id":"503256412","municipality_code":"38210","municipality":"伊予市","total_population":458,"population_65plus":260,"population_75plus":192,"aging_rate_65plus":0.5676855895196506,"aging_rate_75plus":0.4192139737991266,"population_status":"1","population_status_target":null,"population_aggregation_target":"503256414","age_65plus_missing":false,"age_75plus_missing":false,"age_quality_flag":"ok","data_completeness":"complete"}},{"type":"Feature","geometry":{"type":"Polygon","coordinates":[[[132.76874999999998,33.78333333333333],[132.77499999999998,33.78333333333333],[132.77499999999998,33.7875],[132.76874999999998,33.7875],[132.76874999999998,33.78333333333333]]]},"properties":{"type":"Feature","mesh_id":"503256413","municipality_code":"38210","municipality":"伊予市","total_population":110,"population_65plus":30,"population_75plus":13,"aging_rate_65plus":0.2727272727272727,"aging_rate_75plus":0.11818181818181818,"population_status":"0","population_status_target":null,"population_aggregation_target":null,"age_65plus_missing":false,"age_75plus_missing":false,"age_quality_flag":"ok","data_completeness":"complete"}}]}