{"type":"FeatureCollection","features":[{"type":"Feature","geometry":{"type":"Polygon","coordinates":[[[133.24375,33.900000000000006],[133.25,33.900000000000006],[133.25,33.904166666666676],[133.24375,33.904166666666676],[133.24375,33.900000000000006]]]},"properties":{"type":"Feature","mesh_id":"503361893","municipality_code":"38205","municipality":"新居浜市","total_population":18,"population_65plus":9,"population_75plus":3,"aging_rate_65plus":0.5,"aging_rate_75plus":0.16666666666666666,"population_status":"0","population_status_target":null,"population_aggregation_target":null,"age_65plus_missing":false,"age_75plus_missing":false,"age_quality_flag":"ok","data_completeness":"complete"}},{"type":"Feature","geometry":{"type":"Polygon","coordinates":[[[133.2375,33.90833333333334],[133.24375,33.90833333333334],[133.24375,33.91250000000001],[133.2375,33.91250000000001],[133.2375,33.90833333333334]]]},"properties":{"type":"Feature","mesh_id":"503361991","municipality_code":"38205","municipality":"新居浜市","total_population":9,"population_65plus":4,"population_75plus":0,"aging_rate_65plus":0.4444444444444444,"aging_rate_75plus":0.0,"population_status":"0","population_status_target":null,"population_aggregation_target":null,"age_65plus_missing":false,"age_75plus_missing":false,"age_quality_flag":"ok","data_completeness":"complete"}},{"type":"Feature","geometry":{"type":"Polygon","coordinates":[[[133.24375,33.90833333333334],[133.25,33.90833333333334],[133.25,33.91250000000001],[133.24375,33.91250000000001],[133.24375,33.90833333333334]]]},"properties":{"type":"Feature","mesh_id":"503361993","municipality_code":"38205","municipality":"新居浜市","total_population":196,"population_65plus":53,"population_75plus":13,"aging_rate_65plus":0.27040816326530615,"aging_rate_75plus":0.0663265306122449,"population_status":"0","population_status_target":null,"population_aggregation_target":null,"age_65plus_missing":false,"age_75plus_missing":false,"age_quality_flag":"ok","data_completeness":"complete"}},{"type":"Feature","geometry":{"type":"Polygon","coordinates":[[[133.24375,33.91250000000001],[133.25,33.91250000000001],[133.25,33.91666666666668],[133.24375,33.91666666666668],[133.24375,33.91250000000001]]]},"properties":{"type":"Feature","mesh_id":"503361994","municipality_code":"38205","municipality":"新居浜市","total_population":268,"population_65plus":72,"population_75plus":36,"aging_rate_65plus":0.26865671641791045,"aging_rate_75plus":0.13432835820895522,"population_status":"0","population_status_target":null,"population_aggregation_target":null,"age_65plus_missing":false,"age_75plus_missing":false,"age_quality_flag":"ok","data_completeness":"complete"}},{"type":"Feature","geometry":{"type":"Polygon","coordinates":[[[133.36875,33.84166666666667],[133.375,33.84166666666667],[133.375,33.84583333333334],[133.36875,33.84583333333334],[133.36875,33.84166666666667]]]},"properties":{"type":"Feature","mesh_id":"503362193","municipality_code":"38205","municipality":"新居浜市","total_population":3,"population_65plus":null,"population_75plus":null,"aging_rate_65plus":null,"aging_rate_75plus":null,"population_status":"2","population_status_target":"503362942","population_aggregation_target":null,"age_65plus_missing":true,"age_75plus_missing":true,"age_quality_flag":"ok","data_completeness":"partial"}},{"type":"Feature","geometry":{"type":"Polygon","coordinates":[[[133.30625,33.904166666666676],[133.3125,33.904166666666676],[133.3125,33.908333333333346],[133.30625,33.908333333333346],[133.30625,33.904166666666676]]]},"properties":{"type":"Feature","mesh_id":"503362844","municipality_code":"38205","municipality":"新居浜市","total_population":3,"population_65plus":null,"population_75plus":null,"aging_rate_65plus":null,"aging_rate_75plus":null,"population_status":"2","population_status_target":"503362942","population_aggregation_target":null,"age_65plus_missing":true,"age_75plus_missing":true,"age_quality_flag":"ok","data_completeness":"partial"}},{"type":"Feature","geometry":{"type":"Polygon","coordinates":[[[133.31875,33.904166666666676],[133.325,33.904166666666676],[133.325,33.908333333333346],[133.31875,33.908333333333346],[133.31875,33.904166666666676]]]},"properties":{"type":"Feature","mesh_id":"503362854","municipality_code":"38205","municipality":"新居浜市","total_population":1,"population_65plus":null,"population_75plus":null,"aging_rate_65plus":null,"aging_rate_75plus":null,"population_status":"2","population_status_target":"503362942","population_aggregation_target":null,"age_65plus_missing":true,"age_75plus_missing":true,"age_quality_flag":"ok","data_completeness":"partial"}},{"type":"Feature","geometry":{"type":"Polygon","coordinates":[[[133.25,33.90833333333334],[133.25625,33.90833333333334],[133.25625,33.91250000000001],[133.25,33.91250000000001],[133.25,33.90833333333334]]]},"properties":{"type":"Feature","mesh_id":"503362901","municipality_code":"38205","municipality":"新居浜市","total_population":92,"population_65plus":33,"population_75plus":6,"aging_rate_65plus":0.358695652173913,"aging_rate_75plus":0.06521739130434782,"population_status":"0","population_status_target":null,"population_aggregation_target":null,"age_65plus_missing":false,"age_75plus_missing":false,"age_quality_flag":"ok","data_completeness":"complete"}},{"type":"Feature","geometry":{"type":"Polygon","coordinates":[[[133.25,33.91250000000001],[133.25625,33.91250000000001],[133.25625,33.91666666666668],[133.25,33.91666666666668],[133.25,33.91250000000001]]]},"properties":{"type":"Feature","mesh_id":"503362902","municipality_code":"38205","municipality":"新居浜市","total_population":258,"population_65plus":107,"population_75plus":49,"aging_rate_65plus":0.41472868217054265,"aging_rate_75plus":0.18992248062015504,"population_status":"0","population_status_target":null,"population_aggregation_target":null,"age_65plus_missing":false,"age_75plus_missing":false,"age_quality_flag":"ok","data_completeness":"complete"}},{"type":"Feature","geometry":{"type":"Polygon","coordinates":[[[133.25625,33.90833333333334],[133.2625,33.90833333333334],[133.2625,33.91250000000001],[133.25625,33.91250000000001],[133.25625,33.90833333333334]]]},"properties":{"type":"Feature","mesh_id":"503362903","municipality_code":"38205","municipality":"新居浜市","total_population":259,"population_65plus":97,"population_75plus":54,"aging_rate_65plus":0.3745173745173745,"aging_rate_75plus":0.2084942084942085,"population_status":"0","population_status_target":null,"population_aggregation_target":null,"age_65plus_missing":false,"age_75plus_missing":false,"age_quality_flag":"ok","data_completeness":"complete"}},{"type":"Feature","geometry":{"type":"Polygon","coordinates":[[[133.25625,33.91250000000001],[133.2625,33.91250000000001],[133.2625,33.91666666666668],[133.25625,33.91666666666668],[133.25625,33.91250000000001]]]},"properties":{"type":"Feature","mesh_id":"503362904","municipality_code":"38205","municipality":"新居浜市","total_population":515,"population_65plus":195,"population_75plus":100,"aging_rate_65plus":0.3786407766990291,"aging_rate_75plus":0.1941747572815534,"population_status":"0","population_status_target":null,"population_aggregation_target":null,"age_65plus_missing":false,"age_75plus_missing":false,"age_quality_flag":"ok","data_completeness":"complete"}},{"type":"Feature","geometry":{"type":"Polygon","coordinates":[[[133.2625,33.90833333333334],[133.26874999999998,33.90833333333334],[133.26874999999998,33.91250000000001],[133.2625,33.91250000000001],[133.2625,33.90833333333334]]]},"properties":{"type":"Feature","mesh_id":"503362911","municipality_code":"38205","municipality":"新居浜市","total_population":76,"population_65plus":13,"population_75plus":5,"aging_rate_65plus":0.17105263157894737,"aging_rate_75plus":0.06578947368421052,"population_status":"0","population_status_target":null,"population_aggregation_target":null,"age_65plus_missing":false,"age_75plus_missing":false,"age_quality_flag":"ok","data_completeness":"complete"}},{"type":"Feature","geometry":{"type":"Polygon","coordinates":[[[133.26874999999998,33.90833333333334],[133.27499999999998,33.90833333333334],[133.27499999999998,33.91250000000001],[133.26874999999998,33.91250000000001],[133.26874999999998,33.90833333333334]]]},"properties":{"type":"Feature","mesh_id":"503362913","municipality_code":"38205","municipality":"新居浜市","total_population":323,"population_65plus":147,"population_75plus":61,"aging_rate_65plus":0.4551083591331269,"aging_rate_75plus":0.18885448916408668,"population_status":"0","population_status_target":null,"population_aggregation_target":null,"age_65plus_missing":false,"age_75plus_missing":false,"age_quality_flag":"ok","data_completeness":"complete"}},{"type":"Feature","geometry":{"type":"Polygon","coordinates":[[[133.26874999999998,33.91250000000001],[133.27499999999998,33.91250000000001],[133.27499999999998,33.91666666666668],[133.26874999999998,33.91666666666668],[133.26874999999998,33.91250000000001]]]},"properties":{"type":"Feature","mesh_id":"503362914","municipality_code":"38205","municipality":"新居浜市","total_population":96,"population_65plus":38,"population_75plus":14,"aging_rate_65plus":0.3958333333333333,"aging_rate_75plus":0.14583333333333334,"population_status":"0","population_status_target":null,"population_aggregation_target":null,"age_65plus_missing":false,"age_75plus_missing":false,"age_quality_flag":"ok","data_completeness":"complete"}},{"type":"Feature","geometry":{"type":"Polygon","coordinates":[[[133.275,33.90833333333334],[133.28125,33.90833333333334],[133.28125,33.91250000000001],[133.275,33.91250000000001],[133.275,33.90833333333334]]]},"properties":{"type":"Feature","mesh_id":"503362921","municipality_code":"38205","municipality":"新居浜市","total_population":6,"population_65plus":null,"population_75plus":null,"aging_rate_65plus":null,"aging_rate_75plus":null,"population_status":"2","population_status_target":"503362923","population_aggregation_target":null,"age_65plus_missing":true,"age_75plus_missing":true,"age_quality_flag":"ok","data_completeness":"partial"}},{"type":"Feature","geometry":{"type":"Polygon","coordinates":[[[133.28125,33.90833333333334],[133.2875,33.90833333333334],[133.2875,33.91250000000001],[133.28125,33.91250000000001],[133.28125,33.90833333333334]]]},"properties":{"type":"Feature","mesh_id":"503362923","municipality_code":"38205","municipality":"新居浜市","total_population":131,"population_65plus":55,"population_75plus":24,"aging_rate_65plus":0.4198473282442748,"aging_rate_75plus":0.183206106870229,"population_status":"1","population_status_target":null,"population_aggregation_target":"503362921","age_65plus_missing":false,"age_75plus_missing":false,"age_quality_flag":"ok","data_completeness":"complete"}},{"type":"Feature","geometry":{"type":"Polygon","coordinates":[[[133.28125,33.91250000000001],[133.2875,33.91250000000001],[133.2875,33.91666666666668],[133.28125,33.91666666666668],[133.28125,33.91250000000001]]]},"properties":{"type":"Feature","mesh_id":"503362924","municipality_code":"38205","municipality":"新居浜市","total_population":100,"population_65plus":79,"population_75plus":66,"aging_rate_65plus":0.79,"aging_rate_75plus":0.66,"population_status":"0","population_status_target":null,"population_aggregation_target":null,"age_65plus_missing":false,"age_75plus_missing":false,"age_quality_flag":"ok","data_completeness":"complete"}},{"type":"Feature","geometry":{"type":"Polygon","coordinates":[[[133.3,33.91250000000001],[133.30625,33.91250000000001],[133.30625,33.91666666666668],[133.3,33.91666666666668],[133.3,33.91250000000001]]]},"properties":{"type":"Feature","mesh_id":"503362942","municipality_code":"38205","municipality":"新居浜市","total_population":63,"population_65plus":44,"population_75plus":19,"aging_rate_65plus":0.6984126984126984,"aging_rate_75plus":0.30158730158730157,"population_status":"1","population_status_target":null,"population_aggregation_target":"503362193;503362844;503362854","age_65plus_missing":false,"age_75plus_missing":false,"age_quality_flag":"ok","data_completeness":"complete"}},{"type":"Feature","geometry":{"type":"Polygon","coordinates":[[[133.30625,33.91250000000001],[133.3125,33.91250000000001],[133.3125,33.91666666666668],[133.30625,33.91666666666668],[133.30625,33.91250000000001]]]},"properties":{"type":"Feature","mesh_id":"503362944","municipality_code":"38205","municipality":"新居浜市","total_population":12,"population_65plus":7,"population_75plus":5,"aging_rate_65plus":0.5833333333333334,"aging_rate_75plus":0.4166666666666667,"population_status":"0","population_status_target":null,"population_aggregation_target":null,"age_65plus_missing":false,"age_75plus_missing":false,"age_quality_flag":"ok","data_completeness":"complete"}},{"type":"Feature","geometry":{"type":"Polygon","coordinates":[[[133.38125,33.84166666666667],[133.3875,33.84166666666667],[133.3875,33.84583333333334],[133.38125,33.84583333333334],[133.38125,33.84166666666667]]]},"properties":{"type":"Feature","mesh_id":"503363103","municipality_code":"38205","municipality":"新居浜市","total_population":15,"population_65plus":11,"population_75plus":7,"aging_rate_65plus":0.7333333333333333,"aging_rate_75plus":0.4666666666666667,"population_status":"1","population_status_target":null,"population_aggregation_target":"503363104","age_65plus_missing":false,"age_75plus_missing":false,"age_quality_flag":"ok","data_completeness":"complete"}},{"type":"Feature","geometry":{"type":"Polygon","coordinates":[[[133.38125,33.84583333333334],[133.3875,33.84583333333334],[133.3875,33.85000000000001],[133.38125,33.85000000000001],[133.38125,33.84583333333334]]]},"properties":{"type":"Feature","mesh_id":"503363104","municipality_code":"38205","municipality":"新居浜市","total_population":2,"population_65plus":null,"population_75plus":null,"aging_rate_65plus":null,"aging_rate_75plus":null,"population_status":"2","population_status_target":"503363103","population_aggregation_target":null,"age_65plus_missing":true,"age_75plus_missing":true,"age_quality_flag":"ok","data_completeness":"partial"}},{"type":"Feature","geometry":{"type":"Polygon","coordinates":[[[133.3875,33.85],[133.39374999999998,33.85],[133.39374999999998,33.85416666666667],[133.3875,33.85416666666667],[133.3875,33.85]]]},"properties":{"type":"Feature","mesh_id":"503363211","municipality_code":"38205","municipality":"新居浜市","total_population":3,"population_65plus":null,"population_75plus":null,"aging_rate_65plus":null,"aging_rate_75plus":null,"population_status":"2","population_status_target":"503363214","population_aggregation_target":null,"age_65plus_missing":true,"age_75plus_missing":true,"age_quality_flag":"ok","data_completeness":"partial"}},{"type":"Feature","geometry":{"type":"Polygon","coordinates":[[[133.3875,33.85416666666667],[133.39374999999998,33.85416666666667],[133.39374999999998,33.85833333333334],[133.3875,33.85833333333334],[133.3875,33.85416666666667]]]},"properties":{"type":"Feature","mesh_id":"503363212","municipality_code":"38205","municipality":"新居浜市","total_population":1,"population_65plus":null,"population_75plus":null,"aging_rate_65plus":null,"aging_rate_75plus":null,"population_status":"2","population_status_target":"503363214","population_aggregation_target":null,"age_65plus_missing":true,"age_75plus_missing":true,"age_quality_flag":"ok","data_completeness":"partial"}},{"type":"Feature","geometry":{"type":"Polygon","coordinates":[[[133.39374999999998,33.85416666666667],[133.39999999999998,33.85416666666667],[133.39999999999998,33.85833333333334],[133.39374999999998,33.85833333333334],[133.39374999999998,33.85416666666667]]]},"properties":{"type":"Feature","mesh_id":"503363214","municipality_code":"38205","municipality":"新居浜市","total_population":7,"population_65plus":7,"population_75plus":5,"aging_rate_65plus":1.0,"aging_rate_75plus":0.7142857142857143,"population_status":"1","population_status_target":null,"population_aggregation_target":"503363211;503363212","age_65plus_missing":false,"age_75plus_missing":false,"age_quality_flag":"ok","data_completeness":"complete"}},{"type":"Feature","geometry":{"type":"Polygon","coordinates":[[[133.43125,33.85],[133.4375,33.85],[133.4375,33.85416666666667],[133.43125,33.85416666666667],[133.43125,33.85]]]},"properties":{"type":"Feature","mesh_id":"503363243","municipality_code":"38205","municipality":"新居浜市","total_population":5,"population_65plus":null,"population_75plus":null,"aging_rate_65plus":null,"aging_rate_75plus":null,"population_status":"2","population_status_target":"503363341","population_aggregation_target":null,"age_65plus_missing":true,"age_75plus_missing":true,"age_quality_flag":"ok","data_completeness":"partial"}},{"type":"Feature","geometry":{"type":"Polygon","coordinates":[[[133.43125,33.85416666666667],[133.4375,33.85416666666667],[133.4375,33.85833333333334],[133.43125,33.85833333333334],[133.43125,33.85416666666667]]]},"properties":{"type":"Feature","mesh_id":"503363244","municipality_code":"38205","municipality":"新居浜市","total_population":2,"population_65plus":null,"population_75plus":null,"aging_rate_65plus":null,"aging_rate_75plus":null,"population_status":"2","population_status_target":"503363341","population_aggregation_target":null,"age_65plus_missing":true,"age_75plus_missing":true,"age_quality_flag":"ok","data_completeness":"partial"}},{"type":"Feature","geometry":{"type":"Polygon","coordinates":[[[133.44375,33.85],[133.45,33.85],[133.45,33.85416666666667],[133.44375,33.85416666666667],[133.44375,33.85]]]},"properties":{"type":"Feature","mesh_id":"503363253","municipality_code":"38205","municipality":"新居浜市","total_population":2,"population_65plus":null,"population_75plus":null,"aging_rate_65plus":null,"aging_rate_75plus":null,"population_status":"2","population_status_target":"503363353","population_aggregation_target":null,"age_65plus_missing":true,"age_75plus_missing":true,"age_quality_flag":"ok","data_completeness":"partial"}},{"type":"Feature","geometry":{"type":"Polygon","coordinates":[[[133.40625,33.862500000000004],[133.4125,33.862500000000004],[133.4125,33.866666666666674],[133.40625,33.866666666666674],[133.40625,33.862500000000004]]]},"properties":{"type":"Feature","mesh_id":"503363324","municipality_code":"38205","municipality":"新居浜市","total_population":32,"population_65plus":8,"population_75plus":3,"aging_rate_65plus":0.25,"aging_rate_75plus":0.09375,"population_status":"0","population_status_target":null,"population_aggregation_target":null,"age_65plus_missing":false,"age_75plus_missing":false,"age_quality_flag":"ok","data_completeness":"complete"}},{"type":"Feature","geometry":{"type":"Polygon","coordinates":[[[133.4125,33.862500000000004],[133.41875,33.862500000000004],[133.41875,33.866666666666674],[133.4125,33.866666666666674],[133.4125,33.862500000000004]]]},"properties":{"type":"Feature","mesh_id":"503363332","municipality_code":"38205","municipality":"新居浜市","total_population":23,"population_65plus":2,"population_75plus":1,"aging_rate_65plus":0.08695652173913043,"aging_rate_75plus":0.043478260869565216,"population_status":"0","population_status_target":null,"population_aggregation_target":null,"age_65plus_missing":false,"age_75plus_missing":false,"age_quality_flag":"ok","data_completeness":"complete"}},{"type":"Feature","geometry":{"type":"Polygon","coordinates":[[[133.41875,33.858333333333334],[133.42499999999998,33.858333333333334],[133.42499999999998,33.862500000000004],[133.41875,33.862500000000004],[133.41875,33.858333333333334]]]},"properties":{"type":"Feature","mesh_id":"503363333","municipality_code":"38205","municipality":"新居浜市","total_population":9,"population_65plus":7,"population_75plus":5,"aging_rate_65plus":0.7777777777777778,"aging_rate_75plus":0.5555555555555556,"population_status":"0","population_status_target":null,"population_aggregation_target":null,"age_65plus_missing":false,"age_75plus_missing":false,"age_quality_flag":"ok","data_completeness":"complete"}},{"type":"Feature","geometry":{"type":"Polygon","coordinates":[[[133.41875,33.862500000000004],[133.42499999999998,33.862500000000004],[133.42499999999998,33.866666666666674],[133.41875,33.866666666666674],[133.41875,33.862500000000004]]]},"properties":{"type":"Feature","mesh_id":"503363334","municipality_code":"38205","municipality":"新居浜市","total_population":12,"population_65plus":10,"population_75plus":4,"aging_rate_65plus":0.8333333333333334,"aging_rate_75plus":0.3333333333333333,"population_status":"1","population_status_target":null,"population_aggregation_target":"503363432","age_65plus_missing":false,"age_75plus_missing":false,"age_quality_flag":"ok","data_completeness":"complete"}},{"type":"Feature","geometry":{"type":"Polygon","coordinates":[[[133.425,33.858333333333334],[133.43125,33.858333333333334],[133.43125,33.862500000000004],[133.425,33.862500000000004],[133.425,33.858333333333334]]]},"properties":{"type":"Feature","mesh_id":"503363341","municipality_code":"38205","municipality":"新居浜市","total_population":1,"population_65plus":null,"population_75plus":null,"aging_rate_65plus":null,"aging_rate_75plus":null,"population_status":"1","population_status_target":null,"population_aggregation_target":"503363243;503363244;503363342;503363343","age_65plus_missing":true,"age_75plus_missing":true,"age_quality_flag":"inconsistent_with_total","data_completeness":"partial"}},{"type":"Feature","geometry":{"type":"Polygon","coordinates":[[[133.425,33.862500000000004],[133.43125,33.862500000000004],[133.43125,33.866666666666674],[133.425,33.866666666666674],[133.425,33.862500000000004]]]},"properties":{"type":"Feature","mesh_id":"503363342","municipality_code":"38205","municipality":"新居浜市","total_population":1,"population_65plus":null,"population_75plus":null,"aging_rate_65plus":null,"aging_rate_75plus":null,"population_status":"2","population_status_target":"503363341","population_aggregation_target":null,"age_65plus_missing":true,"age_75plus_missing":true,"age_quality_flag":"ok","data_completeness":"partial"}},{"type":"Feature","geometry":{"type":"Polygon","coordinates":[[[133.43125,33.858333333333334],[133.4375,33.858333333333334],[133.4375,33.862500000000004],[133.43125,33.862500000000004],[133.43125,33.858333333333334]]]},"properties":{"type":"Feature","mesh_id":"503363343","municipality_code":"38205","municipality":"新居浜市","total_population":4,"population_65plus":null,"population_75plus":null,"aging_rate_65plus":null,"aging_rate_75plus":null,"population_status":"2","population_status_target":"503363341","population_aggregation_target":null,"age_65plus_missing":true,"age_75plus_missing":true,"age_quality_flag":"ok","data_completeness":"partial"}},{"type":"Feature","geometry":{"type":"Polygon","coordinates":[[[133.44375,33.858333333333334],[133.45,33.858333333333334],[133.45,33.862500000000004],[133.44375,33.862500000000004],[133.44375,33.858333333333334]]]},"properties":{"type":"Feature","mesh_id":"503363353","municipality_code":"38205","municipality":"新居浜市","total_population":11,"population_65plus":null,"population_75plus":null,"aging_rate_65plus":null,"aging_rate_75plus":null,"population_status":"1","population_status_target":null,"population_aggregation_target":"503363253;503363264;503363283;503363594","age_65plus_missing":true,"age_75plus_missing":true,"age_quality_flag":"inconsistent_with_total","data_completeness":"partial"}},{"type":"Feature","geometry":{"type":"Polygon","coordinates":[[[133.4125,33.87083333333334],[133.41875,33.87083333333334],[133.41875,33.87500000000001],[133.4125,33.87500000000001],[133.4125,33.87083333333334]]]},"properties":{"type":"Feature","mesh_id":"503363432","municipality_code":"38205","municipality":"新居浜市","total_population":9,"population_65plus":null,"population_75plus":null,"aging_rate_65plus":null,"aging_rate_75plus":null,"population_status":"2","population_status_target":"503363334","population_aggregation_target":null,"age_65plus_missing":true,"age_75plus_missing":true,"age_quality_flag":"ok","data_completeness":"partial"}},{"type":"Feature","geometry":{"type":"Polygon","coordinates":[[[133.24375,33.91666666666667],[133.25,33.91666666666667],[133.25,33.92083333333334],[133.24375,33.92083333333334],[133.24375,33.91666666666667]]]},"properties":{"type":"Feature","mesh_id":"503371093","municipality_code":"38205","municipality":"新居浜市","total_population":67,"population_65plus":47,"population_75plus":36,"aging_rate_65plus":0.7014925373134329,"aging_rate_75plus":0.5373134328358209,"population_status":"0","population_status_target":null,"population_aggregation_target":null,"age_65plus_missing":false,"age_75plus_missing":false,"age_quality_flag":"ok","data_completeness":"complete"}},{"type":"Feature","geometry":{"type":"Polygon","coordinates":[[[133.24375,33.92083333333334],[133.25,33.92083333333334],[133.25,33.92500000000001],[133.24375,33.92500000000001],[133.24375,33.92083333333334]]]},"properties":{"type":"Feature","mesh_id":"503371094","municipality_code":"38205","municipality":"新居浜市","total_population":156,"population_65plus":63,"population_75plus":30,"aging_rate_65plus":0.40384615384615385,"aging_rate_75plus":0.19230769230769232,"population_status":"0","population_status_target":null,"population_aggregation_target":null,"age_65plus_missing":false,"age_75plus_missing":false,"age_quality_flag":"ok","data_completeness":"complete"}},{"type":"Feature","geometry":{"type":"Polygon","coordinates":[[[133.24375,33.925000000000004],[133.25,33.925000000000004],[133.25,33.929166666666674],[133.24375,33.929166666666674],[133.24375,33.925000000000004]]]},"properties":{"type":"Feature","mesh_id":"503371193","municipality_code":"38205","municipality":"新居浜市","total_population":19,"population_65plus":7,"population_75plus":3,"aging_rate_65plus":0.3684210526315789,"aging_rate_75plus":0.15789473684210525,"population_status":"0","population_status_target":null,"population_aggregation_target":null,"age_65plus_missing":false,"age_75plus_missing":false,"age_quality_flag":"ok","data_completeness":"complete"}},{"type":"Feature","geometry":{"type":"Polygon","coordinates":[[[133.24375,33.929166666666674],[133.25,33.929166666666674],[133.25,33.933333333333344],[133.24375,33.933333333333344],[133.24375,33.929166666666674]]]},"properties":{"type":"Feature","mesh_id":"503371194","municipality_code":"38205","municipality":"新居浜市","total_population":14,"population_65plus":8,"population_75plus":4,"aging_rate_65plus":0.5714285714285714,"aging_rate_75plus":0.2857142857142857,"population_status":"0","population_status_target":null,"population_aggregation_target":null,"age_65plus_missing":false,"age_75plus_missing":false,"age_quality_flag":"ok","data_completeness":"complete"}},{"type":"Feature","geometry":{"type":"Polygon","coordinates":[[[133.24375,33.94583333333334],[133.25,33.94583333333334],[133.25,33.95000000000001],[133.24375,33.95000000000001],[133.24375,33.94583333333334]]]},"properties":{"type":"Feature","mesh_id":"503371394","municipality_code":"38205","municipality":"新居浜市","total_population":53,"population_65plus":6,"population_75plus":4,"aging_rate_65plus":0.11320754716981132,"aging_rate_75plus":0.07547169811320754,"population_status":"0","population_status_target":null,"population_aggregation_target":null,"age_65plus_missing":false,"age_75plus_missing":false,"age_quality_flag":"ok","data_completeness":"complete"}},{"type":"Feature","geometry":{"type":"Polygon","coordinates":[[[133.25,33.91666666666667],[133.25625,33.91666666666667],[133.25625,33.92083333333334],[133.25,33.92083333333334],[133.25,33.91666666666667]]]},"properties":{"type":"Feature","mesh_id":"503372001","municipality_code":"38205","municipality":"新居浜市","total_population":411,"population_65plus":127,"population_75plus":71,"aging_rate_65plus":0.30900243309002434,"aging_rate_75plus":0.17274939172749393,"population_status":"0","population_status_target":null,"population_aggregation_target":null,"age_65plus_missing":false,"age_75plus_missing":false,"age_quality_flag":"ok","data_completeness":"complete"}},{"type":"Feature","geometry":{"type":"Polygon","coordinates":[[[133.25,33.92083333333334],[133.25625,33.92083333333334],[133.25625,33.92500000000001],[133.25,33.92500000000001],[133.25,33.92083333333334]]]},"properties":{"type":"Feature","mesh_id":"503372002","municipality_code":"38205","municipality":"新居浜市","total_population":589,"population_65plus":231,"population_75plus":123,"aging_rate_65plus":0.3921901528013582,"aging_rate_75plus":0.20882852292020374,"population_status":"0","population_status_target":null,"population_aggregation_target":null,"age_65plus_missing":false,"age_75plus_missing":false,"age_quality_flag":"ok","data_completeness":"complete"}},{"type":"Feature","geometry":{"type":"Polygon","coordinates":[[[133.25625,33.91666666666667],[133.2625,33.91666666666667],[133.2625,33.92083333333334],[133.25625,33.92083333333334],[133.25625,33.91666666666667]]]},"properties":{"type":"Feature","mesh_id":"503372003","municipality_code":"38205","municipality":"新居浜市","total_population":402,"population_65plus":148,"population_75plus":71,"aging_rate_65plus":0.3681592039800995,"aging_rate_75plus":0.17661691542288557,"population_status":"0","population_status_target":null,"population_aggregation_target":null,"age_65plus_missing":false,"age_75plus_missing":false,"age_quality_flag":"ok","data_completeness":"complete"}},{"type":"Feature","geometry":{"type":"Polygon","coordinates":[[[133.25625,33.92083333333334],[133.2625,33.92083333333334],[133.2625,33.92500000000001],[133.25625,33.92500000000001],[133.25625,33.92083333333334]]]},"properties":{"type":"Feature","mesh_id":"503372004","municipality_code":"38205","municipality":"新居浜市","total_population":727,"population_65plus":337,"population_75plus":210,"aging_rate_65plus":0.46354883081155435,"aging_rate_75plus":0.28885832187070154,"population_status":"0","population_status_target":null,"population_aggregation_target":null,"age_65plus_missing":false,"age_75plus_missing":false,"age_quality_flag":"ok","data_completeness":"complete"}},{"type":"Feature","geometry":{"type":"Polygon","coordinates":[[[133.2625,33.91666666666667],[133.26874999999998,33.91666666666667],[133.26874999999998,33.92083333333334],[133.2625,33.92083333333334],[133.2625,33.91666666666667]]]},"properties":{"type":"Feature","mesh_id":"503372011","municipality_code":"38205","municipality":"新居浜市","total_population":715,"population_65plus":250,"population_75plus":101,"aging_rate_65plus":0.34965034965034963,"aging_rate_75plus":0.14125874125874127,"population_status":"0","population_status_target":null,"population_aggregation_target":null,"age_65plus_missing":false,"age_75plus_missing":false,"age_quality_flag":"ok","data_completeness":"complete"}},{"type":"Feature","geometry":{"type":"Polygon","coordinates":[[[133.2625,33.92083333333334],[133.26874999999998,33.92083333333334],[133.26874999999998,33.92500000000001],[133.2625,33.92500000000001],[133.2625,33.92083333333334]]]},"properties":{"type":"Feature","mesh_id":"503372012","municipality_code":"38205","municipality":"新居浜市","total_population":315,"population_65plus":127,"population_75plus":49,"aging_rate_65plus":0.4031746031746032,"aging_rate_75plus":0.15555555555555556,"population_status":"0","population_status_target":null,"population_aggregation_target":null,"age_65plus_missing":false,"age_75plus_missing":false,"age_quality_flag":"ok","data_completeness":"complete"}},{"type":"Feature","geometry":{"type":"Polygon","coordinates":[[[133.26874999999998,33.91666666666667],[133.27499999999998,33.91666666666667],[133.27499999999998,33.92083333333334],[133.26874999999998,33.92083333333334],[133.26874999999998,33.91666666666667]]]},"properties":{"type":"Feature","mesh_id":"503372013","municipality_code":"38205","municipality":"新居浜市","total_population":217,"population_65plus":65,"population_75plus":26,"aging_rate_65plus":0.2995391705069124,"aging_rate_75plus":0.11981566820276497,"population_status":"0","population_status_target":null,"population_aggregation_target":null,"age_65plus_missing":false,"age_75plus_missing":false,"age_quality_flag":"ok","data_completeness":"complete"}},{"type":"Feature","geometry":{"type":"Polygon","coordinates":[[[133.26874999999998,33.92083333333334],[133.27499999999998,33.92083333333334],[133.27499999999998,33.92500000000001],[133.26874999999998,33.92500000000001],[133.26874999999998,33.92083333333334]]]},"properties":{"type":"Feature","mesh_id":"503372014","municipality_code":"38205","municipality":"新居浜市","total_population":158,"population_65plus":76,"population_75plus":28,"aging_rate_65plus":0.4810126582278481,"aging_rate_75plus":0.17721518987341772,"population_status":"0","population_status_target":null,"population_aggregation_target":null,"age_65plus_missing":false,"age_75plus_missing":false,"age_quality_flag":"ok","data_completeness":"complete"}},{"type":"Feature","geometry":{"type":"Polygon","coordinates":[[[133.275,33.91666666666667],[133.28125,33.91666666666667],[133.28125,33.92083333333334],[133.275,33.92083333333334],[133.275,33.91666666666667]]]},"properties":{"type":"Feature","mesh_id":"503372021","municipality_code":"38205","municipality":"新居浜市","total_population":753,"population_65plus":234,"population_75plus":104,"aging_rate_65plus":0.3107569721115538,"aging_rate_75plus":0.13811420982735723,"population_status":"0","population_status_target":null,"population_aggregation_target":null,"age_65plus_missing":false,"age_75plus_missing":false,"age_quality_flag":"ok","data_completeness":"complete"}},{"type":"Feature","geometry":{"type":"Polygon","coordinates":[[[133.275,33.92083333333334],[133.28125,33.92083333333334],[133.28125,33.92500000000001],[133.275,33.92500000000001],[133.275,33.92083333333334]]]},"properties":{"type":"Feature","mesh_id":"503372022","municipality_code":"38205","municipality":"新居浜市","total_population":446,"population_65plus":206,"population_75plus":117,"aging_rate_65plus":0.4618834080717489,"aging_rate_75plus":0.2623318385650224,"population_status":"0","population_status_target":null,"population_aggregation_target":null,"age_65plus_missing":false,"age_75plus_missing":false,"age_quality_flag":"ok","data_completeness":"complete"}},{"type":"Feature","geometry":{"type":"Polygon","coordinates":[[[133.28125,33.91666666666667],[133.2875,33.91666666666667],[133.2875,33.92083333333334],[133.28125,33.92083333333334],[133.28125,33.91666666666667]]]},"properties":{"type":"Feature","mesh_id":"503372023","municipality_code":"38205","municipality":"新居浜市","total_population":828,"population_65plus":339,"population_75plus":191,"aging_rate_65plus":0.40942028985507245,"aging_rate_75plus":0.23067632850241546,"population_status":"0","population_status_target":null,"population_aggregation_target":null,"age_65plus_missing":false,"age_75plus_missing":false,"age_quality_flag":"ok","data_completeness":"complete"}},{"type":"Feature","geometry":{"type":"Polygon","coordinates":[[[133.28125,33.92083333333334],[133.2875,33.92083333333334],[133.2875,33.92500000000001],[133.28125,33.92500000000001],[133.28125,33.92083333333334]]]},"properties":{"type":"Feature","mesh_id":"503372024","municipality_code":"38205","municipality":"新居浜市","total_population":839,"population_65plus":264,"population_75plus":141,"aging_rate_65plus":0.3146603098927294,"aging_rate_75plus":0.16805721096543505,"population_status":"0","population_status_target":null,"population_aggregation_target":null,"age_65plus_missing":false,"age_75plus_missing":false,"age_quality_flag":"ok","data_completeness":"complete"}},{"type":"Feature","geometry":{"type":"Polygon","coordinates":[[[133.2875,33.91666666666667],[133.29375,33.91666666666667],[133.29375,33.92083333333334],[133.2875,33.92083333333334],[133.2875,33.91666666666667]]]},"properties":{"type":"Feature","mesh_id":"503372031","municipality_code":"38205","municipality":"新居浜市","total_population":437,"population_65plus":164,"population_75plus":78,"aging_rate_65plus":0.37528604118993136,"aging_rate_75plus":0.17848970251716248,"population_status":"0","population_status_target":null,"population_aggregation_target":null,"age_65plus_missing":false,"age_75plus_missing":false,"age_quality_flag":"ok","data_completeness":"complete"}},{"type":"Feature","geometry":{"type":"Polygon","coordinates":[[[133.2875,33.92083333333334],[133.29375,33.92083333333334],[133.29375,33.92500000000001],[133.2875,33.92500000000001],[133.2875,33.92083333333334]]]},"properties":{"type":"Feature","mesh_id":"503372032","municipality_code":"38205","municipality":"新居浜市","total_population":166,"population_65plus":73,"population_75plus":35,"aging_rate_65plus":0.4397590361445783,"aging_rate_75plus":0.21084337349397592,"population_status":"0","population_status_target":null,"population_aggregation_target":null,"age_65plus_missing":false,"age_75plus_missing":false,"age_quality_flag":"ok","data_completeness":"complete"}},{"type":"Feature","geometry":{"type":"Polygon","coordinates":[[[133.29375,33.91666666666667],[133.29999999999998,33.91666666666667],[133.29999999999998,33.92083333333334],[133.29375,33.92083333333334],[133.29375,33.91666666666667]]]},"properties":{"type":"Feature","mesh_id":"503372033","municipality_code":"38205","municipality":"新居浜市","total_population":1153,"population_65plus":381,"population_75plus":207,"aging_rate_65plus":0.3304423243712056,"aging_rate_75plus":0.1795316565481353,"population_status":"0","population_status_target":null,"population_aggregation_target":null,"age_65plus_missing":false,"age_75plus_missing":false,"age_quality_flag":"ok","data_completeness":"complete"}},{"type":"Feature","geometry":{"type":"Polygon","coordinates":[[[133.29375,33.92083333333334],[133.29999999999998,33.92083333333334],[133.29999999999998,33.92500000000001],[133.29375,33.92500000000001],[133.29375,33.92083333333334]]]},"properties":{"type":"Feature","mesh_id":"503372034","municipality_code":"38205","municipality":"新居浜市","total_population":882,"population_65plus":373,"population_75plus":206,"aging_rate_65plus":0.42290249433106575,"aging_rate_75plus":0.23356009070294784,"population_status":"0","population_status_target":null,"population_aggregation_target":null,"age_65plus_missing":false,"age_75plus_missing":false,"age_quality_flag":"ok","data_completeness":"complete"}},{"type":"Feature","geometry":{"type":"Polygon","coordinates":[[[133.3,33.91666666666667],[133.30625,33.91666666666667],[133.30625,33.92083333333334],[133.3,33.92083333333334],[133.3,33.91666666666667]]]},"properties":{"type":"Feature","mesh_id":"503372041","municipality_code":"38205","municipality":"新居浜市","total_population":40,"population_65plus":24,"population_75plus":14,"aging_rate_65plus":0.6,"aging_rate_75plus":0.35,"population_status":"0","population_status_target":null,"population_aggregation_target":null,"age_65plus_missing":false,"age_75plus_missing":false,"age_quality_flag":"ok","data_completeness":"complete"}},{"type":"Feature","geometry":{"type":"Polygon","coordinates":[[[133.3,33.92083333333334],[133.30625,33.92083333333334],[133.30625,33.92500000000001],[133.3,33.92500000000001],[133.3,33.92083333333334]]]},"properties":{"type":"Feature","mesh_id":"503372042","municipality_code":"38205","municipality":"新居浜市","total_population":23,"population_65plus":18,"population_75plus":7,"aging_rate_65plus":0.782608695652174,"aging_rate_75plus":0.30434782608695654,"population_status":"0","population_status_target":null,"population_aggregation_target":null,"age_65plus_missing":false,"age_75plus_missing":false,"age_quality_flag":"ok","data_completeness":"complete"}},{"type":"Feature","geometry":{"type":"Polygon","coordinates":[[[133.30625,33.91666666666667],[133.3125,33.91666666666667],[133.3125,33.92083333333334],[133.30625,33.92083333333334],[133.30625,33.91666666666667]]]},"properties":{"type":"Feature","mesh_id":"503372043","municipality_code":"38205","municipality":"新居浜市","total_population":1110,"population_65plus":335,"population_75plus":190,"aging_rate_65plus":0.30180180180180183,"aging_rate_75plus":0.17117117117117117,"population_status":"0","population_status_target":null,"population_aggregation_target":null,"age_65plus_missing":false,"age_75plus_missing":false,"age_quality_flag":"ok","data_completeness":"complete"}},{"type":"Feature","geometry":{"type":"Polygon","coordinates":[[[133.30625,33.92083333333334],[133.3125,33.92083333333334],[133.3125,33.92500000000001],[133.30625,33.92500000000001],[133.30625,33.92083333333334]]]},"properties":{"type":"Feature","mesh_id":"503372044","municipality_code":"38205","municipality":"新居浜市","total_population":243,"population_65plus":62,"population_75plus":29,"aging_rate_65plus":0.2551440329218107,"aging_rate_75plus":0.11934156378600823,"population_status":"0","population_status_target":null,"population_aggregation_target":null,"age_65plus_missing":false,"age_75plus_missing":false,"age_quality_flag":"ok","data_completeness":"complete"}},{"type":"Feature","geometry":{"type":"Polygon","coordinates":[[[133.31875,33.91666666666667],[133.325,33.91666666666667],[133.325,33.92083333333334],[133.31875,33.92083333333334],[133.31875,33.91666666666667]]]},"properties":{"type":"Feature","mesh_id":"503372053","municipality_code":"38205","municipality":"新居浜市","total_population":249,"population_65plus":64,"population_75plus":42,"aging_rate_65plus":0.2570281124497992,"aging_rate_75plus":0.1686746987951807,"population_status":"1","population_status_target":null,"population_aggregation_target":"503372054","age_65plus_missing":false,"age_75plus_missing":false,"age_quality_flag":"ok","data_completeness":"complete"}},{"type":"Feature","geometry":{"type":"Polygon","coordinates":[[[133.31875,33.92083333333334],[133.325,33.92083333333334],[133.325,33.92500000000001],[133.31875,33.92500000000001],[133.31875,33.92083333333334]]]},"properties":{"type":"Feature","mesh_id":"503372054","municipality_code":"38205","municipality":"新居浜市","total_population":8,"population_65plus":null,"population_75plus":null,"aging_rate_65plus":null,"aging_rate_75plus":null,"population_status":"2","population_status_target":"503372053","population_aggregation_target":null,"age_65plus_missing":true,"age_75plus_missing":true,"age_quality_flag":"ok","data_completeness":"partial"}},{"type":"Feature","geometry":{"type":"Polygon","coordinates":[[[133.25,33.925000000000004],[133.25625,33.925000000000004],[133.25625,33.929166666666674],[133.25,33.929166666666674],[133.25,33.925000000000004]]]},"properties":{"type":"Feature","mesh_id":"503372101","municipality_code":"38205","municipality":"新居浜市","total_population":189,"population_65plus":77,"population_75plus":42,"aging_rate_65plus":0.4074074074074074,"aging_rate_75plus":0.2222222222222222,"population_status":"0","population_status_target":null,"population_aggregation_target":null,"age_65plus_missing":false,"age_75plus_missing":false,"age_quality_flag":"ok","data_completeness":"complete"}},{"type":"Feature","geometry":{"type":"Polygon","coordinates":[[[133.25,33.929166666666674],[133.25625,33.929166666666674],[133.25625,33.933333333333344],[133.25,33.933333333333344],[133.25,33.929166666666674]]]},"properties":{"type":"Feature","mesh_id":"503372102","municipality_code":"38205","municipality":"新居浜市","total_population":106,"population_65plus":35,"population_75plus":19,"aging_rate_65plus":0.330188679245283,"aging_rate_75plus":0.1792452830188679,"population_status":"0","population_status_target":null,"population_aggregation_target":null,"age_65plus_missing":false,"age_75plus_missing":false,"age_quality_flag":"ok","data_completeness":"complete"}},{"type":"Feature","geometry":{"type":"Polygon","coordinates":[[[133.25625,33.929166666666674],[133.2625,33.929166666666674],[133.2625,33.933333333333344],[133.25625,33.933333333333344],[133.25625,33.929166666666674]]]},"properties":{"type":"Feature","mesh_id":"503372104","municipality_code":"38205","municipality":"新居浜市","total_population":238,"population_65plus":206,"population_75plus":178,"aging_rate_65plus":0.865546218487395,"aging_rate_75plus":0.7478991596638656,"population_status":"0","population_status_target":null,"population_aggregation_target":null,"age_65plus_missing":false,"age_75plus_missing":false,"age_quality_flag":"ok","data_completeness":"complete"}},{"type":"Feature","geometry":{"type":"Polygon","coordinates":[[[133.2625,33.925000000000004],[133.26874999999998,33.925000000000004],[133.26874999999998,33.929166666666674],[133.2625,33.929166666666674],[133.2625,33.925000000000004]]]},"properties":{"type":"Feature","mesh_id":"503372111","municipality_code":"38205","municipality":"新居浜市","total_population":240,"population_65plus":116,"population_75plus":86,"aging_rate_65plus":0.48333333333333334,"aging_rate_75plus":0.35833333333333334,"population_status":"0","population_status_target":null,"population_aggregation_target":null,"age_65plus_missing":false,"age_75plus_missing":false,"age_quality_flag":"ok","data_completeness":"complete"}},{"type":"Feature","geometry":{"type":"Polygon","coordinates":[[[133.2625,33.929166666666674],[133.26874999999998,33.929166666666674],[133.26874999999998,33.933333333333344],[133.2625,33.933333333333344],[133.2625,33.929166666666674]]]},"properties":{"type":"Feature","mesh_id":"503372112","municipality_code":"38205","municipality":"新居浜市","total_population":471,"population_65plus":183,"population_75plus":100,"aging_rate_65plus":0.3885350318471338,"aging_rate_75plus":0.21231422505307856,"population_status":"0","population_status_target":null,"population_aggregation_target":null,"age_65plus_missing":false,"age_75plus_missing":false,"age_quality_flag":"ok","data_completeness":"complete"}},{"type":"Feature","geometry":{"type":"Polygon","coordinates":[[[133.26874999999998,33.925000000000004],[133.27499999999998,33.925000000000004],[133.27499999999998,33.929166666666674],[133.26874999999998,33.929166666666674],[133.26874999999998,33.925000000000004]]]},"properties":{"type":"Feature","mesh_id":"503372113","municipality_code":"38205","municipality":"新居浜市","total_population":479,"population_65plus":182,"population_75plus":81,"aging_rate_65plus":0.37995824634655534,"aging_rate_75plus":0.16910229645093947,"population_status":"0","population_status_target":null,"population_aggregation_target":null,"age_65plus_missing":false,"age_75plus_missing":false,"age_quality_flag":"ok","data_completeness":"complete"}},{"type":"Feature","geometry":{"type":"Polygon","coordinates":[[[133.26874999999998,33.929166666666674],[133.27499999999998,33.929166666666674],[133.27499999999998,33.933333333333344],[133.26874999999998,33.933333333333344],[133.26874999999998,33.929166666666674]]]},"properties":{"type":"Feature","mesh_id":"503372114","municipality_code":"38205","municipality":"新居浜市","total_population":330,"population_65plus":135,"population_75plus":71,"aging_rate_65plus":0.4090909090909091,"aging_rate_75plus":0.21515151515151515,"population_status":"0","population_status_target":null,"population_aggregation_target":null,"age_65plus_missing":false,"age_75plus_missing":false,"age_quality_flag":"ok","data_completeness":"complete"}},{"type":"Feature","geometry":{"type":"Polygon","coordinates":[[[133.275,33.925000000000004],[133.28125,33.925000000000004],[133.28125,33.929166666666674],[133.275,33.929166666666674],[133.275,33.925000000000004]]]},"properties":{"type":"Feature","mesh_id":"503372121","municipality_code":"38205","municipality":"新居浜市","total_population":1213,"population_65plus":257,"population_75plus":136,"aging_rate_65plus":0.21187139323990106,"aging_rate_75plus":0.11211871393239901,"population_status":"0","population_status_target":null,"population_aggregation_target":null,"age_65plus_missing":false,"age_75plus_missing":false,"age_quality_flag":"ok","data_completeness":"complete"}},{"type":"Feature","geometry":{"type":"Polygon","coordinates":[[[133.275,33.929166666666674],[133.28125,33.929166666666674],[133.28125,33.933333333333344],[133.275,33.933333333333344],[133.275,33.929166666666674]]]},"properties":{"type":"Feature","mesh_id":"503372122","municipality_code":"38205","municipality":"新居浜市","total_population":1013,"population_65plus":247,"population_75plus":103,"aging_rate_65plus":0.24383020730503455,"aging_rate_75plus":0.1016781836130306,"population_status":"0","population_status_target":null,"population_aggregation_target":null,"age_65plus_missing":false,"age_75plus_missing":false,"age_quality_flag":"ok","data_completeness":"complete"}},{"type":"Feature","geometry":{"type":"Polygon","coordinates":[[[133.28125,33.925000000000004],[133.2875,33.925000000000004],[133.2875,33.929166666666674],[133.28125,33.929166666666674],[133.28125,33.925000000000004]]]},"properties":{"type":"Feature","mesh_id":"503372123","municipality_code":"38205","municipality":"新居浜市","total_population":716,"population_65plus":205,"population_75plus":96,"aging_rate_65plus":0.28631284916201116,"aging_rate_75plus":0.1340782122905028,"population_status":"0","population_status_target":null,"population_aggregation_target":null,"age_65plus_missing":false,"age_75plus_missing":false,"age_quality_flag":"ok","data_completeness":"complete"}},{"type":"Feature","geometry":{"type":"Polygon","coordinates":[[[133.28125,33.929166666666674],[133.2875,33.929166666666674],[133.2875,33.933333333333344],[133.28125,33.933333333333344],[133.28125,33.929166666666674]]]},"properties":{"type":"Feature","mesh_id":"503372124","municipality_code":"38205","municipality":"新居浜市","total_population":988,"population_65plus":350,"population_75plus":221,"aging_rate_65plus":0.354251012145749,"aging_rate_75plus":0.2236842105263158,"population_status":"0","population_status_target":null,"population_aggregation_target":null,"age_65plus_missing":false,"age_75plus_missing":false,"age_quality_flag":"ok","data_completeness":"complete"}},{"type":"Feature","geometry":{"type":"Polygon","coordinates":[[[133.2875,33.925000000000004],[133.29375,33.925000000000004],[133.29375,33.929166666666674],[133.2875,33.929166666666674],[133.2875,33.925000000000004]]]},"properties":{"type":"Feature","mesh_id":"503372131","municipality_code":"38205","municipality":"新居浜市","total_population":1257,"population_65plus":376,"population_75plus":181,"aging_rate_65plus":0.29912490055688146,"aging_rate_75plus":0.14399363564041368,"population_status":"0","population_status_target":null,"population_aggregation_target":null,"age_65plus_missing":false,"age_75plus_missing":false,"age_quality_flag":"ok","data_completeness":"complete"}},{"type":"Feature","geometry":{"type":"Polygon","coordinates":[[[133.2875,33.929166666666674],[133.29375,33.929166666666674],[133.29375,33.933333333333344],[133.2875,33.933333333333344],[133.2875,33.929166666666674]]]},"properties":{"type":"Feature","mesh_id":"503372132","municipality_code":"38205","municipality":"新居浜市","total_population":1047,"population_65plus":378,"population_75plus":187,"aging_rate_65plus":0.36103151862464183,"aging_rate_75plus":0.17860553963705827,"population_status":"0","population_status_target":null,"population_aggregation_target":null,"age_65plus_missing":false,"age_75plus_missing":false,"age_quality_flag":"ok","data_completeness":"complete"}},{"type":"Feature","geometry":{"type":"Polygon","coordinates":[[[133.29375,33.925000000000004],[133.29999999999998,33.925000000000004],[133.29999999999998,33.929166666666674],[133.29375,33.929166666666674],[133.29375,33.925000000000004]]]},"properties":{"type":"Feature","mesh_id":"503372133","municipality_code":"38205","municipality":"新居浜市","total_population":1261,"population_65plus":415,"population_75plus":231,"aging_rate_65plus":0.32910388580491673,"aging_rate_75plus":0.183187946074544,"population_status":"0","population_status_target":null,"population_aggregation_target":null,"age_65plus_missing":false,"age_75plus_missing":false,"age_quality_flag":"ok","data_completeness":"complete"}},{"type":"Feature","geometry":{"type":"Polygon","coordinates":[[[133.29375,33.929166666666674],[133.29999999999998,33.929166666666674],[133.29999999999998,33.933333333333344],[133.29375,33.933333333333344],[133.29375,33.929166666666674]]]},"properties":{"type":"Feature","mesh_id":"503372134","municipality_code":"38205","municipality":"新居浜市","total_population":1160,"population_65plus":376,"population_75plus":179,"aging_rate_65plus":0.32413793103448274,"aging_rate_75plus":0.1543103448275862,"population_status":"0","population_status_target":null,"population_aggregation_target":null,"age_65plus_missing":false,"age_75plus_missing":false,"age_quality_flag":"ok","data_completeness":"complete"}},{"type":"Feature","geometry":{"type":"Polygon","coordinates":[[[133.3,33.925000000000004],[133.30625,33.925000000000004],[133.30625,33.929166666666674],[133.3,33.929166666666674],[133.3,33.925000000000004]]]},"properties":{"type":"Feature","mesh_id":"503372141","municipality_code":"38205","municipality":"新居浜市","total_population":987,"population_65plus":331,"population_75plus":187,"aging_rate_65plus":0.3353596757852077,"aging_rate_75plus":0.1894630192502533,"population_status":"0","population_status_target":null,"population_aggregation_target":null,"age_65plus_missing":false,"age_75plus_missing":false,"age_quality_flag":"ok","data_completeness":"complete"}},{"type":"Feature","geometry":{"type":"Polygon","coordinates":[[[133.3,33.929166666666674],[133.30625,33.929166666666674],[133.30625,33.933333333333344],[133.3,33.933333333333344],[133.3,33.929166666666674]]]},"properties":{"type":"Feature","mesh_id":"503372142","municipality_code":"38205","municipality":"新居浜市","total_population":918,"population_65plus":261,"population_75plus":124,"aging_rate_65plus":0.28431372549019607,"aging_rate_75plus":0.13507625272331156,"population_status":"0","population_status_target":null,"population_aggregation_target":null,"age_65plus_missing":false,"age_75plus_missing":false,"age_quality_flag":"ok","data_completeness":"complete"}},{"type":"Feature","geometry":{"type":"Polygon","coordinates":[[[133.30625,33.925000000000004],[133.3125,33.925000000000004],[133.3125,33.929166666666674],[133.30625,33.929166666666674],[133.30625,33.925000000000004]]]},"properties":{"type":"Feature","mesh_id":"503372143","municipality_code":"38205","municipality":"新居浜市","total_population":812,"population_65plus":237,"population_75plus":129,"aging_rate_65plus":0.291871921182266,"aging_rate_75plus":0.15886699507389163,"population_status":"0","population_status_target":null,"population_aggregation_target":null,"age_65plus_missing":false,"age_75plus_missing":false,"age_quality_flag":"ok","data_completeness":"complete"}},{"type":"Feature","geometry":{"type":"Polygon","coordinates":[[[133.30625,33.929166666666674],[133.3125,33.929166666666674],[133.3125,33.933333333333344],[133.30625,33.933333333333344],[133.30625,33.929166666666674]]]},"properties":{"type":"Feature","mesh_id":"503372144","municipality_code":"38205","municipality":"新居浜市","total_population":896,"population_65plus":293,"population_75plus":146,"aging_rate_65plus":0.32700892857142855,"aging_rate_75plus":0.16294642857142858,"population_status":"0","population_status_target":null,"population_aggregation_target":null,"age_65plus_missing":false,"age_75plus_missing":false,"age_quality_flag":"ok","data_completeness":"complete"}},{"type":"Feature","geometry":{"type":"Polygon","coordinates":[[[133.3125,33.925000000000004],[133.31875,33.925000000000004],[133.31875,33.929166666666674],[133.3125,33.929166666666674],[133.3125,33.925000000000004]]]},"properties":{"type":"Feature","mesh_id":"503372151","municipality_code":"38205","municipality":"新居浜市","total_population":367,"population_65plus":159,"population_75plus":94,"aging_rate_65plus":0.4332425068119891,"aging_rate_75plus":0.2561307901907357,"population_status":"0","population_status_target":null,"population_aggregation_target":null,"age_65plus_missing":false,"age_75plus_missing":false,"age_quality_flag":"ok","data_completeness":"complete"}},{"type":"Feature","geometry":{"type":"Polygon","coordinates":[[[133.3125,33.929166666666674],[133.31875,33.929166666666674],[133.31875,33.933333333333344],[133.3125,33.933333333333344],[133.3125,33.929166666666674]]]},"properties":{"type":"Feature","mesh_id":"503372152","municipality_code":"38205","municipality":"新居浜市","total_population":199,"population_65plus":79,"population_75plus":35,"aging_rate_65plus":0.3969849246231156,"aging_rate_75plus":0.17587939698492464,"population_status":"0","population_status_target":null,"population_aggregation_target":null,"age_65plus_missing":false,"age_75plus_missing":false,"age_quality_flag":"ok","data_completeness":"complete"}},{"type":"Feature","geometry":{"type":"Polygon","coordinates":[[[133.31875,33.925000000000004],[133.325,33.925000000000004],[133.325,33.929166666666674],[133.31875,33.929166666666674],[133.31875,33.925000000000004]]]},"properties":{"type":"Feature","mesh_id":"503372153","municipality_code":"38205","municipality":"新居浜市","total_population":504,"population_65plus":250,"population_75plus":138,"aging_rate_65plus":0.49603174603174605,"aging_rate_75plus":0.27380952380952384,"population_status":"0","population_status_target":null,"population_aggregation_target":null,"age_65plus_missing":false,"age_75plus_missing":false,"age_quality_flag":"ok","data_completeness":"complete"}},{"type":"Feature","geometry":{"type":"Polygon","coordinates":[[[133.31875,33.929166666666674],[133.325,33.929166666666674],[133.325,33.933333333333344],[133.31875,33.933333333333344],[133.31875,33.929166666666674]]]},"properties":{"type":"Feature","mesh_id":"503372154","municipality_code":"38205","municipality":"新居浜市","total_population":378,"population_65plus":150,"population_75plus":79,"aging_rate_65plus":0.3968253968253968,"aging_rate_75plus":0.20899470899470898,"population_status":"0","population_status_target":null,"population_aggregation_target":null,"age_65plus_missing":false,"age_75plus_missing":false,"age_quality_flag":"ok","data_completeness":"complete"}},{"type":"Feature","geometry":{"type":"Polygon","coordinates":[[[133.325,33.925000000000004],[133.33124999999998,33.925000000000004],[133.33124999999998,33.929166666666674],[133.325,33.929166666666674],[133.325,33.925000000000004]]]},"properties":{"type":"Feature","mesh_id":"503372161","municipality_code":"38205","municipality":"新居浜市","total_population":104,"population_65plus":28,"population_75plus":10,"aging_rate_65plus":0.2692307692307692,"aging_rate_75plus":0.09615384615384616,"population_status":"0","population_status_target":null,"population_aggregation_target":null,"age_65plus_missing":false,"age_75plus_missing":false,"age_quality_flag":"ok","data_completeness":"complete"}},{"type":"Feature","geometry":{"type":"Polygon","coordinates":[[[133.325,33.929166666666674],[133.33124999999998,33.929166666666674],[133.33124999999998,33.933333333333344],[133.325,33.933333333333344],[133.325,33.929166666666674]]]},"properties":{"type":"Feature","mesh_id":"503372162","municipality_code":"38205","municipality":"新居浜市","total_population":12,"population_65plus":3,"population_75plus":2,"aging_rate_65plus":0.25,"aging_rate_75plus":0.16666666666666666,"population_status":"0","population_status_target":null,"population_aggregation_target":null,"age_65plus_missing":false,"age_75plus_missing":false,"age_quality_flag":"ok","data_completeness":"complete"}},{"type":"Feature","geometry":{"type":"Polygon","coordinates":[[[133.33124999999998,33.925000000000004],[133.33749999999998,33.925000000000004],[133.33749999999998,33.929166666666674],[133.33124999999998,33.929166666666674],[133.33124999999998,33.925000000000004]]]},"properties":{"type":"Feature","mesh_id":"503372163","municipality_code":"38205","municipality":"新居浜市","total_population":493,"population_65plus":211,"population_75plus":141,"aging_rate_65plus":0.4279918864097363,"aging_rate_75plus":0.28600405679513186,"population_status":"0","population_status_target":null,"population_aggregation_target":null,"age_65plus_missing":false,"age_75plus_missing":false,"age_quality_flag":"ok","data_completeness":"complete"}},{"type":"Feature","geometry":{"type":"Polygon","coordinates":[[[133.33124999999998,33.929166666666674],[133.33749999999998,33.929166666666674],[133.33749999999998,33.933333333333344],[133.33124999999998,33.933333333333344],[133.33124999999998,33.929166666666674]]]},"properties":{"type":"Feature","mesh_id":"503372164","municipality_code":"38205","municipality":"新居浜市","total_population":482,"population_65plus":212,"population_75plus":111,"aging_rate_65plus":0.43983402489626555,"aging_rate_75plus":0.23029045643153526,"population_status":"0","population_status_target":null,"population_aggregation_target":null,"age_65plus_missing":false,"age_75plus_missing":false,"age_quality_flag":"ok","data_completeness":"complete"}},{"type":"Feature","geometry":{"type":"Polygon","coordinates":[[[133.34375,33.925000000000004],[133.35,33.925000000000004],[133.35,33.929166666666674],[133.34375,33.929166666666674],[133.34375,33.925000000000004]]]},"properties":{"type":"Feature","mesh_id":"503372173","municipality_code":"38205","municipality":"新居浜市","total_population":361,"population_65plus":134,"population_75plus":73,"aging_rate_65plus":0.37119113573407203,"aging_rate_75plus":0.20221606648199447,"population_status":"0","population_status_target":null,"population_aggregation_target":null,"age_65plus_missing":false,"age_75plus_missing":false,"age_quality_flag":"ok","data_completeness":"complete"}},{"type":"Feature","geometry":{"type":"Polygon","coordinates":[[[133.34375,33.929166666666674],[133.35,33.929166666666674],[133.35,33.933333333333344],[133.34375,33.933333333333344],[133.34375,33.929166666666674]]]},"properties":{"type":"Feature","mesh_id":"503372174","municipality_code":"38205","municipality":"新居浜市","total_population":139,"population_65plus":46,"population_75plus":23,"aging_rate_65plus":0.33093525179856115,"aging_rate_75plus":0.16546762589928057,"population_status":"0","population_status_target":null,"population_aggregation_target":null,"age_65plus_missing":false,"age_75plus_missing":false,"age_quality_flag":"ok","data_completeness":"complete"}},{"type":"Feature","geometry":{"type":"Polygon","coordinates":[[[133.25,33.93750000000001],[133.25625,33.93750000000001],[133.25625,33.94166666666668],[133.25,33.94166666666668],[133.25,33.93750000000001]]]},"properties":{"type":"Feature","mesh_id":"503372202","municipality_code":"38205","municipality":"新居浜市","total_population":20,"population_65plus":10,"population_75plus":4,"aging_rate_65plus":0.5,"aging_rate_75plus":0.2,"population_status":"0","population_status_target":null,"population_aggregation_target":null,"age_65plus_missing":false,"age_75plus_missing":false,"age_quality_flag":"ok","data_completeness":"complete"}},{"type":"Feature","geometry":{"type":"Polygon","coordinates":[[[133.2625,33.93333333333334],[133.26874999999998,33.93333333333334],[133.26874999999998,33.93750000000001],[133.2625,33.93750000000001],[133.2625,33.93333333333334]]]},"properties":{"type":"Feature","mesh_id":"503372211","municipality_code":"38205","municipality":"新居浜市","total_population":44,"population_65plus":14,"population_75plus":8,"aging_rate_65plus":0.3181818181818182,"aging_rate_75plus":0.18181818181818182,"population_status":"0","population_status_target":null,"population_aggregation_target":null,"age_65plus_missing":false,"age_75plus_missing":false,"age_quality_flag":"ok","data_completeness":"complete"}},{"type":"Feature","geometry":{"type":"Polygon","coordinates":[[[133.2625,33.93750000000001],[133.26874999999998,33.93750000000001],[133.26874999999998,33.94166666666668],[133.2625,33.94166666666668],[133.2625,33.93750000000001]]]},"properties":{"type":"Feature","mesh_id":"503372212","municipality_code":"38205","municipality":"新居浜市","total_population":25,"population_65plus":14,"population_75plus":7,"aging_rate_65plus":0.56,"aging_rate_75plus":0.28,"population_status":"0","population_status_target":null,"population_aggregation_target":null,"age_65plus_missing":false,"age_75plus_missing":false,"age_quality_flag":"ok","data_completeness":"complete"}},{"type":"Feature","geometry":{"type":"Polygon","coordinates":[[[133.275,33.93333333333334],[133.28125,33.93333333333334],[133.28125,33.93750000000001],[133.275,33.93750000000001],[133.275,33.93333333333334]]]},"properties":{"type":"Feature","mesh_id":"503372221","municipality_code":"38205","municipality":"新居浜市","total_population":443,"population_65plus":168,"population_75plus":89,"aging_rate_65plus":0.3792325056433409,"aging_rate_75plus":0.20090293453724606,"population_status":"0","population_status_target":null,"population_aggregation_target":null,"age_65plus_missing":false,"age_75plus_missing":false,"age_quality_flag":"ok","data_completeness":"complete"}},{"type":"Feature","geometry":{"type":"Polygon","coordinates":[[[133.275,33.93750000000001],[133.28125,33.93750000000001],[133.28125,33.94166666666668],[133.275,33.94166666666668],[133.275,33.93750000000001]]]},"properties":{"type":"Feature","mesh_id":"503372222","municipality_code":"38205","municipality":"新居浜市","total_population":1074,"population_65plus":344,"population_75plus":167,"aging_rate_65plus":0.3202979515828678,"aging_rate_75plus":0.15549348230912477,"population_status":"0","population_status_target":null,"population_aggregation_target":null,"age_65plus_missing":false,"age_75plus_missing":false,"age_quality_flag":"ok","data_completeness":"complete"}},{"type":"Feature","geometry":{"type":"Polygon","coordinates":[[[133.28125,33.93333333333334],[133.2875,33.93333333333334],[133.2875,33.93750000000001],[133.28125,33.93750000000001],[133.28125,33.93333333333334]]]},"properties":{"type":"Feature","mesh_id":"503372223","municipality_code":"38205","municipality":"新居浜市","total_population":167,"population_65plus":59,"population_75plus":26,"aging_rate_65plus":0.3532934131736527,"aging_rate_75plus":0.15568862275449102,"population_status":"0","population_status_target":null,"population_aggregation_target":null,"age_65plus_missing":false,"age_75plus_missing":false,"age_quality_flag":"ok","data_completeness":"complete"}},{"type":"Feature","geometry":{"type":"Polygon","coordinates":[[[133.28125,33.93750000000001],[133.2875,33.93750000000001],[133.2875,33.94166666666668],[133.28125,33.94166666666668],[133.28125,33.93750000000001]]]},"properties":{"type":"Feature","mesh_id":"503372224","municipality_code":"38205","municipality":"新居浜市","total_population":783,"population_65plus":201,"population_75plus":104,"aging_rate_65plus":0.2567049808429119,"aging_rate_75plus":0.13282247765006386,"population_status":"0","population_status_target":null,"population_aggregation_target":null,"age_65plus_missing":false,"age_75plus_missing":false,"age_quality_flag":"ok","data_completeness":"complete"}},{"type":"Feature","geometry":{"type":"Polygon","coordinates":[[[133.2875,33.93333333333334],[133.29375,33.93333333333334],[133.29375,33.93750000000001],[133.2875,33.93750000000001],[133.2875,33.93333333333334]]]},"properties":{"type":"Feature","mesh_id":"503372231","municipality_code":"38205","municipality":"新居浜市","total_population":793,"population_65plus":241,"population_75plus":100,"aging_rate_65plus":0.30390920554854983,"aging_rate_75plus":0.12610340479192939,"population_status":"0","population_status_target":null,"population_aggregation_target":null,"age_65plus_missing":false,"age_75plus_missing":false,"age_quality_flag":"ok","data_completeness":"complete"}},{"type":"Feature","geometry":{"type":"Polygon","coordinates":[[[133.2875,33.93750000000001],[133.29375,33.93750000000001],[133.29375,33.94166666666668],[133.2875,33.94166666666668],[133.2875,33.93750000000001]]]},"properties":{"type":"Feature","mesh_id":"503372232","municipality_code":"38205","municipality":"新居浜市","total_population":1089,"population_65plus":481,"population_75plus":253,"aging_rate_65plus":0.44168962350780533,"aging_rate_75plus":0.23232323232323232,"population_status":"0","population_status_target":null,"population_aggregation_target":null,"age_65plus_missing":false,"age_75plus_missing":false,"age_quality_flag":"ok","data_completeness":"complete"}},{"type":"Feature","geometry":{"type":"Polygon","coordinates":[[[133.29375,33.93333333333334],[133.29999999999998,33.93333333333334],[133.29999999999998,33.93750000000001],[133.29375,33.93750000000001],[133.29375,33.93333333333334]]]},"properties":{"type":"Feature","mesh_id":"503372233","municipality_code":"38205","municipality":"新居浜市","total_population":720,"population_65plus":217,"population_75plus":116,"aging_rate_65plus":0.3013888888888889,"aging_rate_75plus":0.16111111111111112,"population_status":"0","population_status_target":null,"population_aggregation_target":null,"age_65plus_missing":false,"age_75plus_missing":false,"age_quality_flag":"ok","data_completeness":"complete"}},{"type":"Feature","geometry":{"type":"Polygon","coordinates":[[[133.29375,33.93750000000001],[133.29999999999998,33.93750000000001],[133.29999999999998,33.94166666666668],[133.29375,33.94166666666668],[133.29375,33.93750000000001]]]},"properties":{"type":"Feature","mesh_id":"503372234","municipality_code":"38205","municipality":"新居浜市","total_population":981,"population_65plus":293,"population_75plus":145,"aging_rate_65plus":0.29867482161060144,"aging_rate_75plus":0.14780835881753313,"population_status":"0","population_status_target":null,"population_aggregation_target":null,"age_65plus_missing":false,"age_75plus_missing":false,"age_quality_flag":"ok","data_completeness":"complete"}},{"type":"Feature","geometry":{"type":"Polygon","coordinates":[[[133.3,33.93333333333334],[133.30625,33.93333333333334],[133.30625,33.93750000000001],[133.3,33.93750000000001],[133.3,33.93333333333334]]]},"properties":{"type":"Feature","mesh_id":"503372241","municipality_code":"38205","municipality":"新居浜市","total_population":822,"population_65plus":303,"population_75plus":177,"aging_rate_65plus":0.3686131386861314,"aging_rate_75plus":0.21532846715328466,"population_status":"0","population_status_target":null,"population_aggregation_target":null,"age_65plus_missing":false,"age_75plus_missing":false,"age_quality_flag":"ok","data_completeness":"complete"}},{"type":"Feature","geometry":{"type":"Polygon","coordinates":[[[133.3,33.93750000000001],[133.30625,33.93750000000001],[133.30625,33.94166666666668],[133.3,33.94166666666668],[133.3,33.93750000000001]]]},"properties":{"type":"Feature","mesh_id":"503372242","municipality_code":"38205","municipality":"新居浜市","total_population":922,"population_65plus":293,"population_75plus":151,"aging_rate_65plus":0.31778741865509763,"aging_rate_75plus":0.16377440347071584,"population_status":"0","population_status_target":null,"population_aggregation_target":null,"age_65plus_missing":false,"age_75plus_missing":false,"age_quality_flag":"ok","data_completeness":"complete"}},{"type":"Feature","geometry":{"type":"Polygon","coordinates":[[[133.30625,33.93333333333334],[133.3125,33.93333333333334],[133.3125,33.93750000000001],[133.30625,33.93750000000001],[133.30625,33.93333333333334]]]},"properties":{"type":"Feature","mesh_id":"503372243","municipality_code":"38205","municipality":"新居浜市","total_population":682,"population_65plus":184,"population_75plus":88,"aging_rate_65plus":0.2697947214076246,"aging_rate_75plus":0.12903225806451613,"population_status":"0","population_status_target":null,"population_aggregation_target":null,"age_65plus_missing":false,"age_75plus_missing":false,"age_quality_flag":"ok","data_completeness":"complete"}},{"type":"Feature","geometry":{"type":"Polygon","coordinates":[[[133.30625,33.93750000000001],[133.3125,33.93750000000001],[133.3125,33.94166666666668],[133.30625,33.94166666666668],[133.30625,33.93750000000001]]]},"properties":{"type":"Feature","mesh_id":"503372244","municipality_code":"38205","municipality":"新居浜市","total_population":420,"population_65plus":141,"population_75plus":75,"aging_rate_65plus":0.3357142857142857,"aging_rate_75plus":0.17857142857142858,"population_status":"0","population_status_target":null,"population_aggregation_target":null,"age_65plus_missing":false,"age_75plus_missing":false,"age_quality_flag":"ok","data_completeness":"complete"}},{"type":"Feature","geometry":{"type":"Polygon","coordinates":[[[133.3125,33.93333333333334],[133.31875,33.93333333333334],[133.31875,33.93750000000001],[133.3125,33.93750000000001],[133.3125,33.93333333333334]]]},"properties":{"type":"Feature","mesh_id":"503372251","municipality_code":"38205","municipality":"新居浜市","total_population":553,"population_65plus":155,"population_75plus":65,"aging_rate_65plus":0.28028933092224234,"aging_rate_75plus":0.11754068716094032,"population_status":"0","population_status_target":null,"population_aggregation_target":null,"age_65plus_missing":false,"age_75plus_missing":false,"age_quality_flag":"ok","data_completeness":"complete"}},{"type":"Feature","geometry":{"type":"Polygon","coordinates":[[[133.3125,33.93750000000001],[133.31875,33.93750000000001],[133.31875,33.94166666666668],[133.3125,33.94166666666668],[133.3125,33.93750000000001]]]},"properties":{"type":"Feature","mesh_id":"503372252","municipality_code":"38205","municipality":"新居浜市","total_population":821,"population_65plus":180,"population_75plus":77,"aging_rate_65plus":0.2192448233861145,"aging_rate_75plus":0.09378806333739342,"population_status":"0","population_status_target":null,"population_aggregation_target":null,"age_65plus_missing":false,"age_75plus_missing":false,"age_quality_flag":"ok","data_completeness":"complete"}},{"type":"Feature","geometry":{"type":"Polygon","coordinates":[[[133.31875,33.93333333333334],[133.325,33.93333333333334],[133.325,33.93750000000001],[133.31875,33.93750000000001],[133.31875,33.93333333333334]]]},"properties":{"type":"Feature","mesh_id":"503372253","municipality_code":"38205","municipality":"新居浜市","total_population":492,"population_65plus":181,"population_75plus":80,"aging_rate_65plus":0.3678861788617886,"aging_rate_75plus":0.16260162601626016,"population_status":"0","population_status_target":null,"population_aggregation_target":null,"age_65plus_missing":false,"age_75plus_missing":false,"age_quality_flag":"ok","data_completeness":"complete"}},{"type":"Feature","geometry":{"type":"Polygon","coordinates":[[[133.31875,33.93750000000001],[133.325,33.93750000000001],[133.325,33.94166666666668],[133.31875,33.94166666666668],[133.31875,33.93750000000001]]]},"properties":{"type":"Feature","mesh_id":"503372254","municipality_code":"38205","municipality":"新居浜市","total_population":450,"population_65plus":137,"population_75plus":74,"aging_rate_65plus":0.30444444444444446,"aging_rate_75plus":0.16444444444444445,"population_status":"0","population_status_target":null,"population_aggregation_target":null,"age_65plus_missing":false,"age_75plus_missing":false,"age_quality_flag":"ok","data_completeness":"complete"}},{"type":"Feature","geometry":{"type":"Polygon","coordinates":[[[133.325,33.93333333333334],[133.33124999999998,33.93333333333334],[133.33124999999998,33.93750000000001],[133.325,33.93750000000001],[133.325,33.93333333333334]]]},"properties":{"type":"Feature","mesh_id":"503372261","municipality_code":"38205","municipality":"新居浜市","total_population":512,"population_65plus":139,"population_75plus":62,"aging_rate_65plus":0.271484375,"aging_rate_75plus":0.12109375,"population_status":"0","population_status_target":null,"population_aggregation_target":null,"age_65plus_missing":false,"age_75plus_missing":false,"age_quality_flag":"ok","data_completeness":"complete"}},{"type":"Feature","geometry":{"type":"Polygon","coordinates":[[[133.325,33.93750000000001],[133.33124999999998,33.93750000000001],[133.33124999999998,33.94166666666668],[133.325,33.94166666666668],[133.325,33.93750000000001]]]},"properties":{"type":"Feature","mesh_id":"503372262","municipality_code":"38205","municipality":"新居浜市","total_population":672,"population_65plus":245,"population_75plus":136,"aging_rate_65plus":0.3645833333333333,"aging_rate_75plus":0.20238095238095238,"population_status":"0","population_status_target":null,"population_aggregation_target":null,"age_65plus_missing":false,"age_75plus_missing":false,"age_quality_flag":"ok","data_completeness":"complete"}},{"type":"Feature","geometry":{"type":"Polygon","coordinates":[[[133.33124999999998,33.93333333333334],[133.33749999999998,33.93333333333334],[133.33749999999998,33.93750000000001],[133.33124999999998,33.93750000000001],[133.33124999999998,33.93333333333334]]]},"properties":{"type":"Feature","mesh_id":"503372263","municipality_code":"38205","municipality":"新居浜市","total_population":680,"population_65plus":218,"population_75plus":87,"aging_rate_65plus":0.3205882352941177,"aging_rate_75plus":0.12794117647058822,"population_status":"0","population_status_target":null,"population_aggregation_target":null,"age_65plus_missing":false,"age_75plus_missing":false,"age_quality_flag":"ok","data_completeness":"complete"}},{"type":"Feature","geometry":{"type":"Polygon","coordinates":[[[133.33124999999998,33.93750000000001],[133.33749999999998,33.93750000000001],[133.33749999999998,33.94166666666668],[133.33124999999998,33.94166666666668],[133.33124999999998,33.93750000000001]]]},"properties":{"type":"Feature","mesh_id":"503372264","municipality_code":"38205","municipality":"新居浜市","total_population":559,"population_65plus":175,"population_75plus":84,"aging_rate_65plus":0.31305903398926654,"aging_rate_75plus":0.15026833631484796,"population_status":"0","population_status_target":null,"population_aggregation_target":null,"age_65plus_missing":false,"age_75plus_missing":false,"age_quality_flag":"ok","data_completeness":"complete"}},{"type":"Feature","geometry":{"type":"Polygon","coordinates":[[[133.3375,33.93333333333334],[133.34375,33.93333333333334],[133.34375,33.93750000000001],[133.3375,33.93750000000001],[133.3375,33.93333333333334]]]},"properties":{"type":"Feature","mesh_id":"503372271","municipality_code":"38205","municipality":"新居浜市","total_population":158,"population_65plus":null,"population_75plus":null,"aging_rate_65plus":null,"aging_rate_75plus":null,"population_status":"1","population_status_target":null,"population_aggregation_target":"503372273","age_65plus_missing":true,"age_75plus_missing":true,"age_quality_flag":"inconsistent_with_total","data_completeness":"partial"}},{"type":"Feature","geometry":{"type":"Polygon","coordinates":[[[133.3375,33.93750000000001],[133.34375,33.93750000000001],[133.34375,33.94166666666668],[133.3375,33.94166666666668],[133.3375,33.93750000000001]]]},"properties":{"type":"Feature","mesh_id":"503372272","municipality_code":"38205","municipality":"新居浜市","total_population":136,"population_65plus":105,"population_75plus":83,"aging_rate_65plus":0.7720588235294118,"aging_rate_75plus":0.6102941176470589,"population_status":"0","population_status_target":null,"population_aggregation_target":null,"age_65plus_missing":false,"age_75plus_missing":false,"age_quality_flag":"ok","data_completeness":"complete"}},{"type":"Feature","geometry":{"type":"Polygon","coordinates":[[[133.34375,33.93333333333334],[133.35,33.93333333333334],[133.35,33.93750000000001],[133.34375,33.93750000000001],[133.34375,33.93333333333334]]]},"properties":{"type":"Feature","mesh_id":"503372273","municipality_code":"38205","municipality":"新居浜市","total_population":137,"population_65plus":null,"population_75plus":null,"aging_rate_65plus":null,"aging_rate_75plus":null,"population_status":"2","population_status_target":"503372271","population_aggregation_target":null,"age_65plus_missing":true,"age_75plus_missing":true,"age_quality_flag":"ok","data_completeness":"partial"}},{"type":"Feature","geometry":{"type":"Polygon","coordinates":[[[133.35,33.93750000000001],[133.35625,33.93750000000001],[133.35625,33.94166666666668],[133.35,33.94166666666668],[133.35,33.93750000000001]]]},"properties":{"type":"Feature","mesh_id":"503372282","municipality_code":"38205","municipality":"新居浜市","total_population":4,"population_65plus":null,"population_75plus":null,"aging_rate_65plus":null,"aging_rate_75plus":null,"population_status":"2","population_status_target":"503372284","population_aggregation_target":null,"age_65plus_missing":true,"age_75plus_missing":true,"age_quality_flag":"ok","data_completeness":"partial"}},{"type":"Feature","geometry":{"type":"Polygon","coordinates":[[[133.35625,33.93333333333334],[133.36249999999998,33.93333333333334],[133.36249999999998,33.93750000000001],[133.35625,33.93750000000001],[133.35625,33.93333333333334]]]},"properties":{"type":"Feature","mesh_id":"503372283","municipality_code":"38205","municipality":"新居浜市","total_population":44,"population_65plus":19,"population_75plus":8,"aging_rate_65plus":0.4318181818181818,"aging_rate_75plus":0.18181818181818182,"population_status":"0","population_status_target":null,"population_aggregation_target":null,"age_65plus_missing":false,"age_75plus_missing":false,"age_quality_flag":"ok","data_completeness":"complete"}},{"type":"Feature","geometry":{"type":"Polygon","coordinates":[[[133.35625,33.93750000000001],[133.36249999999998,33.93750000000001],[133.36249999999998,33.94166666666668],[133.35625,33.94166666666668],[133.35625,33.93750000000001]]]},"properties":{"type":"Feature","mesh_id":"503372284","municipality_code":"38205","municipality":"新居浜市","total_population":122,"population_65plus":75,"population_75plus":48,"aging_rate_65plus":0.6147540983606558,"aging_rate_75plus":0.39344262295081966,"population_status":"1","population_status_target":null,"population_aggregation_target":"503372282","age_65plus_missing":false,"age_75plus_missing":false,"age_quality_flag":"ok","data_completeness":"complete"}},{"type":"Feature","geometry":{"type":"Polygon","coordinates":[[[133.3625,33.93333333333334],[133.36875,33.93333333333334],[133.36875,33.93750000000001],[133.3625,33.93750000000001],[133.3625,33.93333333333334]]]},"properties":{"type":"Feature","mesh_id":"503372291","municipality_code":"38205","municipality":"新居浜市","total_population":63,"population_65plus":45,"population_75plus":26,"aging_rate_65plus":0.7142857142857143,"aging_rate_75plus":0.4126984126984127,"population_status":"0","population_status_target":null,"population_aggregation_target":null,"age_65plus_missing":false,"age_75plus_missing":false,"age_quality_flag":"ok","data_completeness":"complete"}},{"type":"Feature","geometry":{"type":"Polygon","coordinates":[[[133.3625,33.93750000000001],[133.36875,33.93750000000001],[133.36875,33.94166666666668],[133.3625,33.94166666666668],[133.3625,33.93750000000001]]]},"properties":{"type":"Feature","mesh_id":"503372292","municipality_code":"38205","municipality":"新居浜市","total_population":43,"population_65plus":20,"population_75plus":10,"aging_rate_65plus":0.46511627906976744,"aging_rate_75plus":0.23255813953488372,"population_status":"0","population_status_target":null,"population_aggregation_target":null,"age_65plus_missing":false,"age_75plus_missing":false,"age_quality_flag":"ok","data_completeness":"complete"}},{"type":"Feature","geometry":{"type":"Polygon","coordinates":[[[133.25625,33.94166666666667],[133.2625,33.94166666666667],[133.2625,33.94583333333334],[133.25625,33.94583333333334],[133.25625,33.94166666666667]]]},"properties":{"type":"Feature","mesh_id":"503372303","municipality_code":"38205","municipality":"新居浜市","total_population":4,"population_65plus":null,"population_75plus":null,"aging_rate_65plus":null,"aging_rate_75plus":null,"population_status":"2","population_status_target":"503372304","population_aggregation_target":null,"age_65plus_missing":true,"age_75plus_missing":true,"age_quality_flag":"ok","data_completeness":"partial"}},{"type":"Feature","geometry":{"type":"Polygon","coordinates":[[[133.25625,33.94583333333334],[133.2625,33.94583333333334],[133.2625,33.95000000000001],[133.25625,33.95000000000001],[133.25625,33.94583333333334]]]},"properties":{"type":"Feature","mesh_id":"503372304","municipality_code":"38205","municipality":"新居浜市","total_population":150,"population_65plus":15,"population_75plus":6,"aging_rate_65plus":0.1,"aging_rate_75plus":0.04,"population_status":"1","population_status_target":null,"population_aggregation_target":"503372303","age_65plus_missing":false,"age_75plus_missing":false,"age_quality_flag":"ok","data_completeness":"complete"}},{"type":"Feature","geometry":{"type":"Polygon","coordinates":[[[133.26874999999998,33.94166666666667],[133.27499999999998,33.94166666666667],[133.27499999999998,33.94583333333334],[133.26874999999998,33.94583333333334],[133.26874999999998,33.94166666666667]]]},"properties":{"type":"Feature","mesh_id":"503372313","municipality_code":"38205","municipality":"新居浜市","total_population":392,"population_65plus":29,"population_75plus":17,"aging_rate_65plus":0.07397959183673469,"aging_rate_75plus":0.04336734693877551,"population_status":"0","population_status_target":null,"population_aggregation_target":null,"age_65plus_missing":false,"age_75plus_missing":false,"age_quality_flag":"ok","data_completeness":"complete"}},{"type":"Feature","geometry":{"type":"Polygon","coordinates":[[[133.26874999999998,33.94583333333334],[133.27499999999998,33.94583333333334],[133.27499999999998,33.95000000000001],[133.26874999999998,33.95000000000001],[133.26874999999998,33.94583333333334]]]},"properties":{"type":"Feature","mesh_id":"503372314","municipality_code":"38205","municipality":"新居浜市","total_population":407,"population_65plus":296,"population_75plus":235,"aging_rate_65plus":0.7272727272727273,"aging_rate_75plus":0.5773955773955773,"population_status":"0","population_status_target":null,"population_aggregation_target":null,"age_65plus_missing":false,"age_75plus_missing":false,"age_quality_flag":"ok","data_completeness":"complete"}},{"type":"Feature","geometry":{"type":"Polygon","coordinates":[[[133.275,33.94166666666667],[133.28125,33.94166666666667],[133.28125,33.94583333333334],[133.275,33.94583333333334],[133.275,33.94166666666667]]]},"properties":{"type":"Feature","mesh_id":"503372321","municipality_code":"38205","municipality":"新居浜市","total_population":15,"population_65plus":8,"population_75plus":5,"aging_rate_65plus":0.5333333333333333,"aging_rate_75plus":0.3333333333333333,"population_status":"0","population_status_target":null,"population_aggregation_target":null,"age_65plus_missing":false,"age_75plus_missing":false,"age_quality_flag":"ok","data_completeness":"complete"}},{"type":"Feature","geometry":{"type":"Polygon","coordinates":[[[133.275,33.94583333333334],[133.28125,33.94583333333334],[133.28125,33.95000000000001],[133.275,33.95000000000001],[133.275,33.94583333333334]]]},"properties":{"type":"Feature","mesh_id":"503372322","municipality_code":"38205","municipality":"新居浜市","total_population":656,"population_65plus":178,"population_75plus":85,"aging_rate_65plus":0.27134146341463417,"aging_rate_75plus":0.12957317073170732,"population_status":"0","population_status_target":null,"population_aggregation_target":null,"age_65plus_missing":false,"age_75plus_missing":false,"age_quality_flag":"ok","data_completeness":"complete"}},{"type":"Feature","geometry":{"type":"Polygon","coordinates":[[[133.28125,33.94166666666667],[133.2875,33.94166666666667],[133.2875,33.94583333333334],[133.28125,33.94583333333334],[133.28125,33.94166666666667]]]},"properties":{"type":"Feature","mesh_id":"503372323","municipality_code":"38205","municipality":"新居浜市","total_population":132,"population_65plus":58,"population_75plus":28,"aging_rate_65plus":0.4393939393939394,"aging_rate_75plus":0.21212121212121213,"population_status":"0","population_status_target":null,"population_aggregation_target":null,"age_65plus_missing":false,"age_75plus_missing":false,"age_quality_flag":"ok","data_completeness":"complete"}},{"type":"Feature","geometry":{"type":"Polygon","coordinates":[[[133.28125,33.94583333333334],[133.2875,33.94583333333334],[133.2875,33.95000000000001],[133.28125,33.95000000000001],[133.28125,33.94583333333334]]]},"properties":{"type":"Feature","mesh_id":"503372324","municipality_code":"38205","municipality":"新居浜市","total_population":1095,"population_65plus":221,"population_75plus":114,"aging_rate_65plus":0.20182648401826483,"aging_rate_75plus":0.10410958904109589,"population_status":"0","population_status_target":null,"population_aggregation_target":null,"age_65plus_missing":false,"age_75plus_missing":false,"age_quality_flag":"ok","data_completeness":"complete"}},{"type":"Feature","geometry":{"type":"Polygon","coordinates":[[[133.2875,33.94166666666667],[133.29375,33.94166666666667],[133.29375,33.94583333333334],[133.2875,33.94583333333334],[133.2875,33.94166666666667]]]},"properties":{"type":"Feature","mesh_id":"503372331","municipality_code":"38205","municipality":"新居浜市","total_population":705,"population_65plus":245,"population_75plus":142,"aging_rate_65plus":0.3475177304964539,"aging_rate_75plus":0.20141843971631207,"population_status":"0","population_status_target":null,"population_aggregation_target":null,"age_65plus_missing":false,"age_75plus_missing":false,"age_quality_flag":"ok","data_completeness":"complete"}},{"type":"Feature","geometry":{"type":"Polygon","coordinates":[[[133.2875,33.94583333333334],[133.29375,33.94583333333334],[133.29375,33.95000000000001],[133.2875,33.95000000000001],[133.2875,33.94583333333334]]]},"properties":{"type":"Feature","mesh_id":"503372332","municipality_code":"38205","municipality":"新居浜市","total_population":900,"population_65plus":247,"population_75plus":137,"aging_rate_65plus":0.27444444444444444,"aging_rate_75plus":0.15222222222222223,"population_status":"0","population_status_target":null,"population_aggregation_target":null,"age_65plus_missing":false,"age_75plus_missing":false,"age_quality_flag":"ok","data_completeness":"complete"}},{"type":"Feature","geometry":{"type":"Polygon","coordinates":[[[133.29375,33.94166666666667],[133.29999999999998,33.94166666666667],[133.29999999999998,33.94583333333334],[133.29375,33.94583333333334],[133.29375,33.94166666666667]]]},"properties":{"type":"Feature","mesh_id":"503372333","municipality_code":"38205","municipality":"新居浜市","total_population":982,"population_65plus":214,"population_75plus":103,"aging_rate_65plus":0.21792260692464357,"aging_rate_75plus":0.10488798370672098,"population_status":"0","population_status_target":null,"population_aggregation_target":null,"age_65plus_missing":false,"age_75plus_missing":false,"age_quality_flag":"ok","data_completeness":"complete"}},{"type":"Feature","geometry":{"type":"Polygon","coordinates":[[[133.29375,33.94583333333334],[133.29999999999998,33.94583333333334],[133.29999999999998,33.95000000000001],[133.29375,33.95000000000001],[133.29375,33.94583333333334]]]},"properties":{"type":"Feature","mesh_id":"503372334","municipality_code":"38205","municipality":"新居浜市","total_population":458,"population_65plus":152,"population_75plus":77,"aging_rate_65plus":0.3318777292576419,"aging_rate_75plus":0.16812227074235808,"population_status":"0","population_status_target":null,"population_aggregation_target":null,"age_65plus_missing":false,"age_75plus_missing":false,"age_quality_flag":"ok","data_completeness":"complete"}},{"type":"Feature","geometry":{"type":"Polygon","coordinates":[[[133.3,33.94166666666667],[133.30625,33.94166666666667],[133.30625,33.94583333333334],[133.3,33.94583333333334],[133.3,33.94166666666667]]]},"properties":{"type":"Feature","mesh_id":"503372341","municipality_code":"38205","municipality":"新居浜市","total_population":795,"population_65plus":239,"population_75plus":124,"aging_rate_65plus":0.30062893081761005,"aging_rate_75plus":0.1559748427672956,"population_status":"0","population_status_target":null,"population_aggregation_target":null,"age_65plus_missing":false,"age_75plus_missing":false,"age_quality_flag":"ok","data_completeness":"complete"}},{"type":"Feature","geometry":{"type":"Polygon","coordinates":[[[133.3,33.94583333333334],[133.30625,33.94583333333334],[133.30625,33.95000000000001],[133.3,33.95000000000001],[133.3,33.94583333333334]]]},"properties":{"type":"Feature","mesh_id":"503372342","municipality_code":"38205","municipality":"新居浜市","total_population":618,"population_65plus":198,"population_75plus":94,"aging_rate_65plus":0.32038834951456313,"aging_rate_75plus":0.15210355987055016,"population_status":"0","population_status_target":null,"population_aggregation_target":null,"age_65plus_missing":false,"age_75plus_missing":false,"age_quality_flag":"ok","data_completeness":"complete"}},{"type":"Feature","geometry":{"type":"Polygon","coordinates":[[[133.30625,33.94166666666667],[133.3125,33.94166666666667],[133.3125,33.94583333333334],[133.30625,33.94583333333334],[133.30625,33.94166666666667]]]},"properties":{"type":"Feature","mesh_id":"503372343","municipality_code":"38205","municipality":"新居浜市","total_population":569,"population_65plus":192,"population_75plus":95,"aging_rate_65plus":0.3374340949033392,"aging_rate_75plus":0.16695957820738136,"population_status":"0","population_status_target":null,"population_aggregation_target":null,"age_65plus_missing":false,"age_75plus_missing":false,"age_quality_flag":"ok","data_completeness":"complete"}},{"type":"Feature","geometry":{"type":"Polygon","coordinates":[[[133.30625,33.94583333333334],[133.3125,33.94583333333334],[133.3125,33.95000000000001],[133.30625,33.95000000000001],[133.30625,33.94583333333334]]]},"properties":{"type":"Feature","mesh_id":"503372344","municipality_code":"38205","municipality":"新居浜市","total_population":252,"population_65plus":107,"population_75plus":48,"aging_rate_65plus":0.4246031746031746,"aging_rate_75plus":0.19047619047619047,"population_status":"0","population_status_target":null,"population_aggregation_target":null,"age_65plus_missing":false,"age_75plus_missing":false,"age_quality_flag":"ok","data_completeness":"complete"}},{"type":"Feature","geometry":{"type":"Polygon","coordinates":[[[133.3125,33.94166666666667],[133.31875,33.94166666666667],[133.31875,33.94583333333334],[133.3125,33.94583333333334],[133.3125,33.94166666666667]]]},"properties":{"type":"Feature","mesh_id":"503372351","municipality_code":"38205","municipality":"新居浜市","total_population":348,"population_65plus":128,"population_75plus":70,"aging_rate_65plus":0.367816091954023,"aging_rate_75plus":0.20114942528735633,"population_status":"0","population_status_target":null,"population_aggregation_target":null,"age_65plus_missing":false,"age_75plus_missing":false,"age_quality_flag":"ok","data_completeness":"complete"}},{"type":"Feature","geometry":{"type":"Polygon","coordinates":[[[133.3125,33.94583333333334],[133.31875,33.94583333333334],[133.31875,33.95000000000001],[133.3125,33.95000000000001],[133.3125,33.94583333333334]]]},"properties":{"type":"Feature","mesh_id":"503372352","municipality_code":"38205","municipality":"新居浜市","total_population":691,"population_65plus":233,"population_75plus":166,"aging_rate_65plus":0.33719247467438496,"aging_rate_75plus":0.2402315484804631,"population_status":"0","population_status_target":null,"population_aggregation_target":null,"age_65plus_missing":false,"age_75plus_missing":false,"age_quality_flag":"ok","data_completeness":"complete"}},{"type":"Feature","geometry":{"type":"Polygon","coordinates":[[[133.31875,33.94166666666667],[133.325,33.94166666666667],[133.325,33.94583333333334],[133.31875,33.94583333333334],[133.31875,33.94166666666667]]]},"properties":{"type":"Feature","mesh_id":"503372353","municipality_code":"38205","municipality":"新居浜市","total_population":500,"population_65plus":148,"population_75plus":65,"aging_rate_65plus":0.296,"aging_rate_75plus":0.13,"population_status":"0","population_status_target":null,"population_aggregation_target":null,"age_65plus_missing":false,"age_75plus_missing":false,"age_quality_flag":"ok","data_completeness":"complete"}},{"type":"Feature","geometry":{"type":"Polygon","coordinates":[[[133.31875,33.94583333333334],[133.325,33.94583333333334],[133.325,33.95000000000001],[133.31875,33.95000000000001],[133.31875,33.94583333333334]]]},"properties":{"type":"Feature","mesh_id":"503372354","municipality_code":"38205","municipality":"新居浜市","total_population":191,"population_65plus":41,"population_75plus":19,"aging_rate_65plus":0.21465968586387435,"aging_rate_75plus":0.09947643979057591,"population_status":"0","population_status_target":null,"population_aggregation_target":null,"age_65plus_missing":false,"age_75plus_missing":false,"age_quality_flag":"ok","data_completeness":"complete"}},{"type":"Feature","geometry":{"type":"Polygon","coordinates":[[[133.325,33.94166666666667],[133.33124999999998,33.94166666666667],[133.33124999999998,33.94583333333334],[133.325,33.94583333333334],[133.325,33.94166666666667]]]},"properties":{"type":"Feature","mesh_id":"503372361","municipality_code":"38205","municipality":"新居浜市","total_population":523,"population_65plus":229,"population_75plus":104,"aging_rate_65plus":0.4378585086042065,"aging_rate_75plus":0.1988527724665392,"population_status":"0","population_status_target":null,"population_aggregation_target":null,"age_65plus_missing":false,"age_75plus_missing":false,"age_quality_flag":"ok","data_completeness":"complete"}},{"type":"Feature","geometry":{"type":"Polygon","coordinates":[[[133.325,33.94583333333334],[133.33124999999998,33.94583333333334],[133.33124999999998,33.95000000000001],[133.325,33.95000000000001],[133.325,33.94583333333334]]]},"properties":{"type":"Feature","mesh_id":"503372362","municipality_code":"38205","municipality":"新居浜市","total_population":62,"population_65plus":43,"population_75plus":15,"aging_rate_65plus":0.6935483870967742,"aging_rate_75plus":0.24193548387096775,"population_status":"0","population_status_target":null,"population_aggregation_target":null,"age_65plus_missing":false,"age_75plus_missing":false,"age_quality_flag":"ok","data_completeness":"complete"}},{"type":"Feature","geometry":{"type":"Polygon","coordinates":[[[133.33124999999998,33.94166666666667],[133.33749999999998,33.94166666666667],[133.33749999999998,33.94583333333334],[133.33124999999998,33.94583333333334],[133.33124999999998,33.94166666666667]]]},"properties":{"type":"Feature","mesh_id":"503372363","municipality_code":"38205","municipality":"新居浜市","total_population":107,"population_65plus":48,"population_75plus":19,"aging_rate_65plus":0.4485981308411215,"aging_rate_75plus":0.17757009345794392,"population_status":"0","population_status_target":null,"population_aggregation_target":null,"age_65plus_missing":false,"age_75plus_missing":false,"age_quality_flag":"ok","data_completeness":"complete"}},{"type":"Feature","geometry":{"type":"Polygon","coordinates":[[[133.3375,33.94166666666667],[133.34375,33.94166666666667],[133.34375,33.94583333333334],[133.3375,33.94583333333334],[133.3375,33.94166666666667]]]},"properties":{"type":"Feature","mesh_id":"503372371","municipality_code":"38205","municipality":"新居浜市","total_population":103,"population_65plus":53,"population_75plus":23,"aging_rate_65plus":0.5145631067961165,"aging_rate_75plus":0.22330097087378642,"population_status":"0","population_status_target":null,"population_aggregation_target":null,"age_65plus_missing":false,"age_75plus_missing":false,"age_quality_flag":"ok","data_completeness":"complete"}},{"type":"Feature","geometry":{"type":"Polygon","coordinates":[[[133.3375,33.94583333333334],[133.34375,33.94583333333334],[133.34375,33.95000000000001],[133.3375,33.95000000000001],[133.3375,33.94583333333334]]]},"properties":{"type":"Feature","mesh_id":"503372372","municipality_code":"38205","municipality":"新居浜市","total_population":119,"population_65plus":52,"population_75plus":33,"aging_rate_65plus":0.4369747899159664,"aging_rate_75plus":0.2773109243697479,"population_status":"0","population_status_target":null,"population_aggregation_target":null,"age_65plus_missing":false,"age_75plus_missing":false,"age_quality_flag":"ok","data_completeness":"complete"}},{"type":"Feature","geometry":{"type":"Polygon","coordinates":[[[133.35,33.94166666666667],[133.35625,33.94166666666667],[133.35625,33.94583333333334],[133.35,33.94583333333334],[133.35,33.94166666666667]]]},"properties":{"type":"Feature","mesh_id":"503372381","municipality_code":"38205","municipality":"新居浜市","total_population":21,"population_65plus":7,"population_75plus":1,"aging_rate_65plus":0.3333333333333333,"aging_rate_75plus":0.047619047619047616,"population_status":"0","population_status_target":null,"population_aggregation_target":null,"age_65plus_missing":false,"age_75plus_missing":false,"age_quality_flag":"ok","data_completeness":"complete"}},{"type":"Feature","geometry":{"type":"Polygon","coordinates":[[[133.3625,33.94583333333334],[133.36875,33.94583333333334],[133.36875,33.95000000000001],[133.3625,33.95000000000001],[133.3625,33.94583333333334]]]},"properties":{"type":"Feature","mesh_id":"503372392","municipality_code":"38205","municipality":"新居浜市","total_population":3,"population_65plus":null,"population_75plus":null,"aging_rate_65plus":null,"aging_rate_75plus":null,"population_status":"2","population_status_target":"503372294","population_aggregation_target":null,"age_65plus_missing":true,"age_75plus_missing":true,"age_quality_flag":"ok","data_completeness":"partial"}},{"type":"Feature","geometry":{"type":"Polygon","coordinates":[[[133.25,33.95],[133.25625,33.95],[133.25625,33.95416666666667],[133.25,33.95416666666667],[133.25,33.95]]]},"properties":{"type":"Feature","mesh_id":"503372401","municipality_code":"38205","municipality":"新居浜市","total_population":267,"population_65plus":68,"population_75plus":45,"aging_rate_65plus":0.2546816479400749,"aging_rate_75plus":0.16853932584269662,"population_status":"0","population_status_target":null,"population_aggregation_target":null,"age_65plus_missing":false,"age_75plus_missing":false,"age_quality_flag":"ok","data_completeness":"complete"}},{"type":"Feature","geometry":{"type":"Polygon","coordinates":[[[133.25,33.95416666666667],[133.25625,33.95416666666667],[133.25625,33.95833333333334],[133.25,33.95833333333334],[133.25,33.95416666666667]]]},"properties":{"type":"Feature","mesh_id":"503372402","municipality_code":"38205","municipality":"新居浜市","total_population":394,"population_65plus":92,"population_75plus":55,"aging_rate_65plus":0.233502538071066,"aging_rate_75plus":0.13959390862944163,"population_status":"0","population_status_target":null,"population_aggregation_target":null,"age_65plus_missing":false,"age_75plus_missing":false,"age_quality_flag":"ok","data_completeness":"complete"}},{"type":"Feature","geometry":{"type":"Polygon","coordinates":[[[133.25625,33.95416666666667],[133.2625,33.95416666666667],[133.2625,33.95833333333334],[133.25625,33.95833333333334],[133.25625,33.95416666666667]]]},"properties":{"type":"Feature","mesh_id":"503372404","municipality_code":"38205","municipality":"新居浜市","total_population":438,"population_65plus":206,"population_75plus":121,"aging_rate_65plus":0.4703196347031963,"aging_rate_75plus":0.2762557077625571,"population_status":"0","population_status_target":null,"population_aggregation_target":null,"age_65plus_missing":false,"age_75plus_missing":false,"age_quality_flag":"ok","data_completeness":"complete"}},{"type":"Feature","geometry":{"type":"Polygon","coordinates":[[[133.2625,33.95],[133.26874999999998,33.95],[133.26874999999998,33.95416666666667],[133.2625,33.95416666666667],[133.2625,33.95]]]},"properties":{"type":"Feature","mesh_id":"503372411","municipality_code":"38205","municipality":"新居浜市","total_population":122,"population_65plus":17,"population_75plus":14,"aging_rate_65plus":0.13934426229508196,"aging_rate_75plus":0.11475409836065574,"population_status":"0","population_status_target":null,"population_aggregation_target":null,"age_65plus_missing":false,"age_75plus_missing":false,"age_quality_flag":"ok","data_completeness":"complete"}},{"type":"Feature","geometry":{"type":"Polygon","coordinates":[[[133.2625,33.95416666666667],[133.26874999999998,33.95416666666667],[133.26874999999998,33.95833333333334],[133.2625,33.95833333333334],[133.2625,33.95416666666667]]]},"properties":{"type":"Feature","mesh_id":"503372412","municipality_code":"38205","municipality":"新居浜市","total_population":1064,"population_65plus":186,"population_75plus":94,"aging_rate_65plus":0.17481203007518797,"aging_rate_75plus":0.08834586466165413,"population_status":"0","population_status_target":null,"population_aggregation_target":null,"age_65plus_missing":false,"age_75plus_missing":false,"age_quality_flag":"ok","data_completeness":"complete"}},{"type":"Feature","geometry":{"type":"Polygon","coordinates":[[[133.26874999999998,33.95],[133.27499999999998,33.95],[133.27499999999998,33.95416666666667],[133.26874999999998,33.95416666666667],[133.26874999999998,33.95]]]},"properties":{"type":"Feature","mesh_id":"503372413","municipality_code":"38205","municipality":"新居浜市","total_population":643,"population_65plus":59,"population_75plus":29,"aging_rate_65plus":0.09175738724727839,"aging_rate_75plus":0.04510108864696734,"population_status":"0","population_status_target":null,"population_aggregation_target":null,"age_65plus_missing":false,"age_75plus_missing":false,"age_quality_flag":"ok","data_completeness":"complete"}},{"type":"Feature","geometry":{"type":"Polygon","coordinates":[[[133.26874999999998,33.95416666666667],[133.27499999999998,33.95416666666667],[133.27499999999998,33.95833333333334],[133.26874999999998,33.95833333333334],[133.26874999999998,33.95416666666667]]]},"properties":{"type":"Feature","mesh_id":"503372414","municipality_code":"38205","municipality":"新居浜市","total_population":1048,"population_65plus":286,"population_75plus":147,"aging_rate_65plus":0.2729007633587786,"aging_rate_75plus":0.14026717557251908,"population_status":"0","population_status_target":null,"population_aggregation_target":null,"age_65plus_missing":false,"age_75plus_missing":false,"age_quality_flag":"ok","data_completeness":"complete"}},{"type":"Feature","geometry":{"type":"Polygon","coordinates":[[[133.275,33.95],[133.28125,33.95],[133.28125,33.95416666666667],[133.275,33.95416666666667],[133.275,33.95]]]},"properties":{"type":"Feature","mesh_id":"503372421","municipality_code":"38205","municipality":"新居浜市","total_population":1332,"population_65plus":277,"population_75plus":120,"aging_rate_65plus":0.20795795795795796,"aging_rate_75plus":0.09009009009009009,"population_status":"0","population_status_target":null,"population_aggregation_target":null,"age_65plus_missing":false,"age_75plus_missing":false,"age_quality_flag":"ok","data_completeness":"complete"}},{"type":"Feature","geometry":{"type":"Polygon","coordinates":[[[133.275,33.95416666666667],[133.28125,33.95416666666667],[133.28125,33.95833333333334],[133.275,33.95833333333334],[133.275,33.95416666666667]]]},"properties":{"type":"Feature","mesh_id":"503372422","municipality_code":"38205","municipality":"新居浜市","total_population":913,"population_65plus":222,"population_75plus":132,"aging_rate_65plus":0.24315443592552027,"aging_rate_75plus":0.14457831325301204,"population_status":"0","population_status_target":null,"population_aggregation_target":null,"age_65plus_missing":false,"age_75plus_missing":false,"age_quality_flag":"ok","data_completeness":"complete"}},{"type":"Feature","geometry":{"type":"Polygon","coordinates":[[[133.28125,33.95],[133.2875,33.95],[133.2875,33.95416666666667],[133.28125,33.95416666666667],[133.28125,33.95]]]},"properties":{"type":"Feature","mesh_id":"503372423","municipality_code":"38205","municipality":"新居浜市","total_population":1660,"population_65plus":479,"population_75plus":301,"aging_rate_65plus":0.2885542168674699,"aging_rate_75plus":0.18132530120481927,"population_status":"0","population_status_target":null,"population_aggregation_target":null,"age_65plus_missing":false,"age_75plus_missing":false,"age_quality_flag":"ok","data_completeness":"complete"}},{"type":"Feature","geometry":{"type":"Polygon","coordinates":[[[133.28125,33.95416666666667],[133.2875,33.95416666666667],[133.2875,33.95833333333334],[133.28125,33.95833333333334],[133.28125,33.95416666666667]]]},"properties":{"type":"Feature","mesh_id":"503372424","municipality_code":"38205","municipality":"新居浜市","total_population":1204,"population_65plus":237,"population_75plus":132,"aging_rate_65plus":0.19684385382059802,"aging_rate_75plus":0.10963455149501661,"population_status":"0","population_status_target":null,"population_aggregation_target":null,"age_65plus_missing":false,"age_75plus_missing":false,"age_quality_flag":"ok","data_completeness":"complete"}},{"type":"Feature","geometry":{"type":"Polygon","coordinates":[[[133.2875,33.95],[133.29375,33.95],[133.29375,33.95416666666667],[133.2875,33.95416666666667],[133.2875,33.95]]]},"properties":{"type":"Feature","mesh_id":"503372431","municipality_code":"38205","municipality":"新居浜市","total_population":1548,"population_65plus":384,"population_75plus":192,"aging_rate_65plus":0.24806201550387597,"aging_rate_75plus":0.12403100775193798,"population_status":"0","population_status_target":null,"population_aggregation_target":null,"age_65plus_missing":false,"age_75plus_missing":false,"age_quality_flag":"ok","data_completeness":"complete"}},{"type":"Feature","geometry":{"type":"Polygon","coordinates":[[[133.2875,33.95416666666667],[133.29375,33.95416666666667],[133.29375,33.95833333333334],[133.2875,33.95833333333334],[133.2875,33.95416666666667]]]},"properties":{"type":"Feature","mesh_id":"503372432","municipality_code":"38205","municipality":"新居浜市","total_population":1073,"population_65plus":319,"population_75plus":162,"aging_rate_65plus":0.2972972972972973,"aging_rate_75plus":0.1509785647716682,"population_status":"0","population_status_target":null,"population_aggregation_target":null,"age_65plus_missing":false,"age_75plus_missing":false,"age_quality_flag":"ok","data_completeness":"complete"}},{"type":"Feature","geometry":{"type":"Polygon","coordinates":[[[133.29375,33.95],[133.29999999999998,33.95],[133.29999999999998,33.95416666666667],[133.29375,33.95416666666667],[133.29375,33.95]]]},"properties":{"type":"Feature","mesh_id":"503372433","municipality_code":"38205","municipality":"新居浜市","total_population":1355,"population_65plus":294,"population_75plus":140,"aging_rate_65plus":0.21697416974169742,"aging_rate_75plus":0.1033210332103321,"population_status":"0","population_status_target":null,"population_aggregation_target":null,"age_65plus_missing":false,"age_75plus_missing":false,"age_quality_flag":"ok","data_completeness":"complete"}},{"type":"Feature","geometry":{"type":"Polygon","coordinates":[[[133.29375,33.95416666666667],[133.29999999999998,33.95416666666667],[133.29999999999998,33.95833333333334],[133.29375,33.95833333333334],[133.29375,33.95416666666667]]]},"properties":{"type":"Feature","mesh_id":"503372434","municipality_code":"38205","municipality":"新居浜市","total_population":1009,"population_65plus":248,"population_75plus":95,"aging_rate_65plus":0.24578790882061446,"aging_rate_75plus":0.09415262636273539,"population_status":"0","population_status_target":null,"population_aggregation_target":null,"age_65plus_missing":false,"age_75plus_missing":false,"age_quality_flag":"ok","data_completeness":"complete"}},{"type":"Feature","geometry":{"type":"Polygon","coordinates":[[[133.3,33.95],[133.30625,33.95],[133.30625,33.95416666666667],[133.3,33.95416666666667],[133.3,33.95]]]},"properties":{"type":"Feature","mesh_id":"503372441","municipality_code":"38205","municipality":"新居浜市","total_population":442,"population_65plus":152,"population_75plus":75,"aging_rate_65plus":0.3438914027149321,"aging_rate_75plus":0.16968325791855204,"population_status":"0","population_status_target":null,"population_aggregation_target":null,"age_65plus_missing":false,"age_75plus_missing":false,"age_quality_flag":"ok","data_completeness":"complete"}},{"type":"Feature","geometry":{"type":"Polygon","coordinates":[[[133.3,33.95416666666667],[133.30625,33.95416666666667],[133.30625,33.95833333333334],[133.3,33.95833333333334],[133.3,33.95416666666667]]]},"properties":{"type":"Feature","mesh_id":"503372442","municipality_code":"38205","municipality":"新居浜市","total_population":30,"population_65plus":16,"population_75plus":6,"aging_rate_65plus":0.5333333333333333,"aging_rate_75plus":0.2,"population_status":"0","population_status_target":null,"population_aggregation_target":null,"age_65plus_missing":false,"age_75plus_missing":false,"age_quality_flag":"ok","data_completeness":"complete"}},{"type":"Feature","geometry":{"type":"Polygon","coordinates":[[[133.30625,33.95],[133.3125,33.95],[133.3125,33.95416666666667],[133.30625,33.95416666666667],[133.30625,33.95]]]},"properties":{"type":"Feature","mesh_id":"503372443","municipality_code":"38205","municipality":"新居浜市","total_population":172,"population_65plus":40,"population_75plus":17,"aging_rate_65plus":0.23255813953488372,"aging_rate_75plus":0.09883720930232558,"population_status":"0","population_status_target":null,"population_aggregation_target":null,"age_65plus_missing":false,"age_75plus_missing":false,"age_quality_flag":"ok","data_completeness":"complete"}},{"type":"Feature","geometry":{"type":"Polygon","coordinates":[[[133.3125,33.95],[133.31875,33.95],[133.31875,33.95416666666667],[133.3125,33.95416666666667],[133.3125,33.95]]]},"properties":{"type":"Feature","mesh_id":"503372451","municipality_code":"38205","municipality":"新居浜市","total_population":45,"population_65plus":21,"population_75plus":5,"aging_rate_65plus":0.4666666666666667,"aging_rate_75plus":0.1111111111111111,"population_status":"0","population_status_target":null,"population_aggregation_target":null,"age_65plus_missing":false,"age_75plus_missing":false,"age_quality_flag":"ok","data_completeness":"complete"}},{"type":"Feature","geometry":{"type":"Polygon","coordinates":[[[133.2625,33.958333333333336],[133.26874999999998,33.958333333333336],[133.26874999999998,33.962500000000006],[133.2625,33.962500000000006],[133.2625,33.958333333333336]]]},"properties":{"type":"Feature","mesh_id":"503372511","municipality_code":"38205","municipality":"新居浜市","total_population":505,"population_65plus":139,"population_75plus":66,"aging_rate_65plus":0.27524752475247527,"aging_rate_75plus":0.1306930693069307,"population_status":"0","population_status_target":null,"population_aggregation_target":null,"age_65plus_missing":false,"age_75plus_missing":false,"age_quality_flag":"ok","data_completeness":"complete"}},{"type":"Feature","geometry":{"type":"Polygon","coordinates":[[[133.2625,33.962500000000006],[133.26874999999998,33.962500000000006],[133.26874999999998,33.966666666666676],[133.2625,33.966666666666676],[133.2625,33.962500000000006]]]},"properties":{"type":"Feature","mesh_id":"503372512","municipality_code":"38205","municipality":"新居浜市","total_population":1204,"population_65plus":322,"population_75plus":171,"aging_rate_65plus":0.26744186046511625,"aging_rate_75plus":0.1420265780730897,"population_status":"0","population_status_target":null,"population_aggregation_target":null,"age_65plus_missing":false,"age_75plus_missing":false,"age_quality_flag":"ok","data_completeness":"complete"}},{"type":"Feature","geometry":{"type":"Polygon","coordinates":[[[133.26874999999998,33.958333333333336],[133.27499999999998,33.958333333333336],[133.27499999999998,33.962500000000006],[133.26874999999998,33.962500000000006],[133.26874999999998,33.958333333333336]]]},"properties":{"type":"Feature","mesh_id":"503372513","municipality_code":"38205","municipality":"新居浜市","total_population":252,"population_65plus":75,"population_75plus":34,"aging_rate_65plus":0.2976190476190476,"aging_rate_75plus":0.1349206349206349,"population_status":"0","population_status_target":null,"population_aggregation_target":null,"age_65plus_missing":false,"age_75plus_missing":false,"age_quality_flag":"ok","data_completeness":"complete"}},{"type":"Feature","geometry":{"type":"Polygon","coordinates":[[[133.26874999999998,33.962500000000006],[133.27499999999998,33.962500000000006],[133.27499999999998,33.966666666666676],[133.26874999999998,33.966666666666676],[133.26874999999998,33.962500000000006]]]},"properties":{"type":"Feature","mesh_id":"503372514","municipality_code":"38205","municipality":"新居浜市","total_population":1538,"population_65plus":390,"population_75plus":197,"aging_rate_65plus":0.2535760728218466,"aging_rate_75plus":0.12808842652795838,"population_status":"0","population_status_target":null,"population_aggregation_target":null,"age_65plus_missing":false,"age_75plus_missing":false,"age_quality_flag":"ok","data_completeness":"complete"}},{"type":"Feature","geometry":{"type":"Polygon","coordinates":[[[133.275,33.958333333333336],[133.28125,33.958333333333336],[133.28125,33.962500000000006],[133.275,33.962500000000006],[133.275,33.958333333333336]]]},"properties":{"type":"Feature","mesh_id":"503372521","municipality_code":"38205","municipality":"新居浜市","total_population":808,"population_65plus":237,"population_75plus":125,"aging_rate_65plus":0.2933168316831683,"aging_rate_75plus":0.1547029702970297,"population_status":"0","population_status_target":null,"population_aggregation_target":null,"age_65plus_missing":false,"age_75plus_missing":false,"age_quality_flag":"ok","data_completeness":"complete"}},{"type":"Feature","geometry":{"type":"Polygon","coordinates":[[[133.275,33.962500000000006],[133.28125,33.962500000000006],[133.28125,33.966666666666676],[133.275,33.966666666666676],[133.275,33.962500000000006]]]},"properties":{"type":"Feature","mesh_id":"503372522","municipality_code":"38205","municipality":"新居浜市","total_population":762,"population_65plus":166,"population_75plus":103,"aging_rate_65plus":0.2178477690288714,"aging_rate_75plus":0.13517060367454067,"population_status":"0","population_status_target":null,"population_aggregation_target":null,"age_65plus_missing":false,"age_75plus_missing":false,"age_quality_flag":"ok","data_completeness":"complete"}},{"type":"Feature","geometry":{"type":"Polygon","coordinates":[[[133.28125,33.958333333333336],[133.2875,33.958333333333336],[133.2875,33.962500000000006],[133.28125,33.962500000000006],[133.28125,33.958333333333336]]]},"properties":{"type":"Feature","mesh_id":"503372523","municipality_code":"38205","municipality":"新居浜市","total_population":1822,"population_65plus":582,"population_75plus":392,"aging_rate_65plus":0.3194291986827662,"aging_rate_75plus":0.21514818880351264,"population_status":"0","population_status_target":null,"population_aggregation_target":null,"age_65plus_missing":false,"age_75plus_missing":false,"age_quality_flag":"ok","data_completeness":"complete"}},{"type":"Feature","geometry":{"type":"Polygon","coordinates":[[[133.28125,33.962500000000006],[133.2875,33.962500000000006],[133.2875,33.966666666666676],[133.28125,33.966666666666676],[133.28125,33.962500000000006]]]},"properties":{"type":"Feature","mesh_id":"503372524","municipality_code":"38205","municipality":"新居浜市","total_population":789,"population_65plus":185,"population_75plus":122,"aging_rate_65plus":0.23447401774397972,"aging_rate_75plus":0.15462610899873258,"population_status":"0","population_status_target":null,"population_aggregation_target":null,"age_65plus_missing":false,"age_75plus_missing":false,"age_quality_flag":"ok","data_completeness":"complete"}},{"type":"Feature","geometry":{"type":"Polygon","coordinates":[[[133.2875,33.958333333333336],[133.29375,33.958333333333336],[133.29375,33.962500000000006],[133.2875,33.962500000000006],[133.2875,33.958333333333336]]]},"properties":{"type":"Feature","mesh_id":"503372531","municipality_code":"38205","municipality":"新居浜市","total_population":992,"population_65plus":214,"population_75plus":127,"aging_rate_65plus":0.2157258064516129,"aging_rate_75plus":0.1280241935483871,"population_status":"0","population_status_target":null,"population_aggregation_target":null,"age_65plus_missing":false,"age_75plus_missing":false,"age_quality_flag":"ok","data_completeness":"complete"}},{"type":"Feature","geometry":{"type":"Polygon","coordinates":[[[133.2875,33.962500000000006],[133.29375,33.962500000000006],[133.29375,33.966666666666676],[133.2875,33.966666666666676],[133.2875,33.962500000000006]]]},"properties":{"type":"Feature","mesh_id":"503372532","municipality_code":"38205","municipality":"新居浜市","total_population":531,"population_65plus":169,"population_75plus":83,"aging_rate_65plus":0.3182674199623352,"aging_rate_75plus":0.15630885122410546,"population_status":"0","population_status_target":null,"population_aggregation_target":null,"age_65plus_missing":false,"age_75plus_missing":false,"age_quality_flag":"ok","data_completeness":"complete"}},{"type":"Feature","geometry":{"type":"Polygon","coordinates":[[[133.29375,33.958333333333336],[133.29999999999998,33.958333333333336],[133.29999999999998,33.962500000000006],[133.29375,33.962500000000006],[133.29375,33.958333333333336]]]},"properties":{"type":"Feature","mesh_id":"503372533","municipality_code":"38205","municipality":"新居浜市","total_population":769,"population_65plus":220,"population_75plus":115,"aging_rate_65plus":0.28608582574772434,"aging_rate_75plus":0.14954486345903772,"population_status":"0","population_status_target":null,"population_aggregation_target":null,"age_65plus_missing":false,"age_75plus_missing":false,"age_quality_flag":"ok","data_completeness":"complete"}},{"type":"Feature","geometry":{"type":"Polygon","coordinates":[[[133.29375,33.962500000000006],[133.29999999999998,33.962500000000006],[133.29999999999998,33.966666666666676],[133.29375,33.966666666666676],[133.29375,33.962500000000006]]]},"properties":{"type":"Feature","mesh_id":"503372534","municipality_code":"38205","municipality":"新居浜市","total_population":777,"population_65plus":247,"population_75plus":123,"aging_rate_65plus":0.3178893178893179,"aging_rate_75plus":0.1583011583011583,"population_status":"0","population_status_target":null,"population_aggregation_target":null,"age_65plus_missing":false,"age_75plus_missing":false,"age_quality_flag":"ok","data_completeness":"complete"}},{"type":"Feature","geometry":{"type":"Polygon","coordinates":[[[133.3,33.958333333333336],[133.30625,33.958333333333336],[133.30625,33.962500000000006],[133.3,33.962500000000006],[133.3,33.958333333333336]]]},"properties":{"type":"Feature","mesh_id":"503372541","municipality_code":"38205","municipality":"新居浜市","total_population":1110,"population_65plus":348,"population_75plus":169,"aging_rate_65plus":0.31351351351351353,"aging_rate_75plus":0.15225225225225225,"population_status":"0","population_status_target":null,"population_aggregation_target":null,"age_65plus_missing":false,"age_75plus_missing":false,"age_quality_flag":"ok","data_completeness":"complete"}},{"type":"Feature","geometry":{"type":"Polygon","coordinates":[[[133.3,33.962500000000006],[133.30625,33.962500000000006],[133.30625,33.966666666666676],[133.3,33.966666666666676],[133.3,33.962500000000006]]]},"properties":{"type":"Feature","mesh_id":"503372542","municipality_code":"38205","municipality":"新居浜市","total_population":585,"population_65plus":258,"population_75plus":176,"aging_rate_65plus":0.441025641025641,"aging_rate_75plus":0.30085470085470084,"population_status":"0","population_status_target":null,"population_aggregation_target":null,"age_65plus_missing":false,"age_75plus_missing":false,"age_quality_flag":"ok","data_completeness":"complete"}},{"type":"Feature","geometry":{"type":"Polygon","coordinates":[[[133.30625,33.958333333333336],[133.3125,33.958333333333336],[133.3125,33.962500000000006],[133.30625,33.962500000000006],[133.30625,33.958333333333336]]]},"properties":{"type":"Feature","mesh_id":"503372543","municipality_code":"38205","municipality":"新居浜市","total_population":940,"population_65plus":243,"population_75plus":121,"aging_rate_65plus":0.25851063829787235,"aging_rate_75plus":0.12872340425531914,"population_status":"0","population_status_target":null,"population_aggregation_target":null,"age_65plus_missing":false,"age_75plus_missing":false,"age_quality_flag":"ok","data_completeness":"complete"}},{"type":"Feature","geometry":{"type":"Polygon","coordinates":[[[133.30625,33.962500000000006],[133.3125,33.962500000000006],[133.3125,33.966666666666676],[133.30625,33.966666666666676],[133.30625,33.962500000000006]]]},"properties":{"type":"Feature","mesh_id":"503372544","municipality_code":"38205","municipality":"新居浜市","total_population":756,"population_65plus":237,"population_75plus":119,"aging_rate_65plus":0.3134920634920635,"aging_rate_75plus":0.1574074074074074,"population_status":"0","population_status_target":null,"population_aggregation_target":null,"age_65plus_missing":false,"age_75plus_missing":false,"age_quality_flag":"ok","data_completeness":"complete"}},{"type":"Feature","geometry":{"type":"Polygon","coordinates":[[[133.31875,33.958333333333336],[133.325,33.958333333333336],[133.325,33.962500000000006],[133.31875,33.962500000000006],[133.31875,33.958333333333336]]]},"properties":{"type":"Feature","mesh_id":"503372553","municipality_code":"38205","municipality":"新居浜市","total_population":471,"population_65plus":115,"population_75plus":54,"aging_rate_65plus":0.24416135881104034,"aging_rate_75plus":0.11464968152866242,"population_status":"0","population_status_target":null,"population_aggregation_target":null,"age_65plus_missing":false,"age_75plus_missing":false,"age_quality_flag":"ok","data_completeness":"complete"}},{"type":"Feature","geometry":{"type":"Polygon","coordinates":[[[133.31875,33.962500000000006],[133.325,33.962500000000006],[133.325,33.966666666666676],[133.31875,33.966666666666676],[133.31875,33.962500000000006]]]},"properties":{"type":"Feature","mesh_id":"503372554","municipality_code":"38205","municipality":"新居浜市","total_population":85,"population_65plus":52,"population_75plus":31,"aging_rate_65plus":0.611764705882353,"aging_rate_75plus":0.36470588235294116,"population_status":"0","population_status_target":null,"population_aggregation_target":null,"age_65plus_missing":false,"age_75plus_missing":false,"age_quality_flag":"ok","data_completeness":"complete"}},{"type":"Feature","geometry":{"type":"Polygon","coordinates":[[[133.33124999999998,33.958333333333336],[133.33749999999998,33.958333333333336],[133.33749999999998,33.962500000000006],[133.33124999999998,33.962500000000006],[133.33124999999998,33.958333333333336]]]},"properties":{"type":"Feature","mesh_id":"503372563","municipality_code":"38205","municipality":"新居浜市","total_population":4,"population_65plus":null,"population_75plus":null,"aging_rate_65plus":null,"aging_rate_75plus":null,"population_status":"2","population_status_target":"503372652","population_aggregation_target":null,"age_65plus_missing":true,"age_75plus_missing":true,"age_quality_flag":"ok","data_completeness":"partial"}},{"type":"Feature","geometry":{"type":"Polygon","coordinates":[[[133.35625,33.962500000000006],[133.36249999999998,33.962500000000006],[133.36249999999998,33.966666666666676],[133.35625,33.966666666666676],[133.35625,33.962500000000006]]]},"properties":{"type":"Feature","mesh_id":"503372584","municipality_code":"38205","municipality":"新居浜市","total_population":34,"population_65plus":17,"population_75plus":13,"aging_rate_65plus":0.5,"aging_rate_75plus":0.38235294117647056,"population_status":"0","population_status_target":null,"population_aggregation_target":null,"age_65plus_missing":false,"age_75plus_missing":false,"age_quality_flag":"ok","data_completeness":"complete"}},{"type":"Feature","geometry":{"type":"Polygon","coordinates":[[[133.36875,33.958333333333336],[133.375,33.958333333333336],[133.375,33.962500000000006],[133.36875,33.962500000000006],[133.36875,33.958333333333336]]]},"properties":{"type":"Feature","mesh_id":"503372593","municipality_code":"38205","municipality":"新居浜市","total_population":33,"population_65plus":17,"population_75plus":6,"aging_rate_65plus":0.5151515151515151,"aging_rate_75plus":0.18181818181818182,"population_status":"0","population_status_target":null,"population_aggregation_target":null,"age_65plus_missing":false,"age_75plus_missing":false,"age_quality_flag":"ok","data_completeness":"complete"}},{"type":"Feature","geometry":{"type":"Polygon","coordinates":[[[133.36875,33.962500000000006],[133.375,33.962500000000006],[133.375,33.966666666666676],[133.36875,33.966666666666676],[133.36875,33.962500000000006]]]},"properties":{"type":"Feature","mesh_id":"503372594","municipality_code":"38205","municipality":"新居浜市","total_population":39,"population_65plus":17,"population_75plus":12,"aging_rate_65plus":0.4358974358974359,"aging_rate_75plus":0.3076923076923077,"population_status":"0","population_status_target":null,"population_aggregation_target":null,"age_65plus_missing":false,"age_75plus_missing":false,"age_quality_flag":"ok","data_completeness":"complete"}},{"type":"Feature","geometry":{"type":"Polygon","coordinates":[[[133.275,33.96666666666667],[133.28125,33.96666666666667],[133.28125,33.97083333333334],[133.275,33.97083333333334],[133.275,33.96666666666667]]]},"properties":{"type":"Feature","mesh_id":"503372621","municipality_code":"38205","municipality":"新居浜市","total_population":1296,"population_65plus":440,"population_75plus":233,"aging_rate_65plus":0.3395061728395062,"aging_rate_75plus":0.17978395061728394,"population_status":"0","population_status_target":null,"population_aggregation_target":null,"age_65plus_missing":false,"age_75plus_missing":false,"age_quality_flag":"ok","data_completeness":"complete"}},{"type":"Feature","geometry":{"type":"Polygon","coordinates":[[[133.275,33.97083333333334],[133.28125,33.97083333333334],[133.28125,33.97500000000001],[133.275,33.97500000000001],[133.275,33.97083333333334]]]},"properties":{"type":"Feature","mesh_id":"503372622","municipality_code":"38205","municipality":"新居浜市","total_population":700,"population_65plus":212,"population_75plus":117,"aging_rate_65plus":0.3028571428571429,"aging_rate_75plus":0.16714285714285715,"population_status":"0","population_status_target":null,"population_aggregation_target":null,"age_65plus_missing":false,"age_75plus_missing":false,"age_quality_flag":"ok","data_completeness":"complete"}},{"type":"Feature","geometry":{"type":"Polygon","coordinates":[[[133.28125,33.96666666666667],[133.2875,33.96666666666667],[133.2875,33.97083333333334],[133.28125,33.97083333333334],[133.28125,33.96666666666667]]]},"properties":{"type":"Feature","mesh_id":"503372623","municipality_code":"38205","municipality":"新居浜市","total_population":333,"population_65plus":119,"population_75plus":51,"aging_rate_65plus":0.35735735735735735,"aging_rate_75plus":0.15315315315315314,"population_status":"0","population_status_target":null,"population_aggregation_target":null,"age_65plus_missing":false,"age_75plus_missing":false,"age_quality_flag":"ok","data_completeness":"complete"}},{"type":"Feature","geometry":{"type":"Polygon","coordinates":[[[133.28125,33.97083333333334],[133.2875,33.97083333333334],[133.2875,33.97500000000001],[133.28125,33.97500000000001],[133.28125,33.97083333333334]]]},"properties":{"type":"Feature","mesh_id":"503372624","municipality_code":"38205","municipality":"新居浜市","total_population":419,"population_65plus":146,"population_75plus":81,"aging_rate_65plus":0.34844868735083534,"aging_rate_75plus":0.19331742243436753,"population_status":"0","population_status_target":null,"population_aggregation_target":null,"age_65plus_missing":false,"age_75plus_missing":false,"age_quality_flag":"ok","data_completeness":"complete"}},{"type":"Feature","geometry":{"type":"Polygon","coordinates":[[[133.2875,33.96666666666667],[133.29375,33.96666666666667],[133.29375,33.97083333333334],[133.2875,33.97083333333334],[133.2875,33.96666666666667]]]},"properties":{"type":"Feature","mesh_id":"503372631","municipality_code":"38205","municipality":"新居浜市","total_population":423,"population_65plus":173,"population_75plus":90,"aging_rate_65plus":0.408983451536643,"aging_rate_75plus":0.2127659574468085,"population_status":"0","population_status_target":null,"population_aggregation_target":null,"age_65plus_missing":false,"age_75plus_missing":false,"age_quality_flag":"ok","data_completeness":"complete"}},{"type":"Feature","geometry":{"type":"Polygon","coordinates":[[[133.2875,33.97083333333334],[133.29375,33.97083333333334],[133.29375,33.97500000000001],[133.2875,33.97500000000001],[133.2875,33.97083333333334]]]},"properties":{"type":"Feature","mesh_id":"503372632","municipality_code":"38205","municipality":"新居浜市","total_population":1498,"population_65plus":529,"population_75plus":272,"aging_rate_65plus":0.3531375166889186,"aging_rate_75plus":0.18157543391188252,"population_status":"0","population_status_target":null,"population_aggregation_target":null,"age_65plus_missing":false,"age_75plus_missing":false,"age_quality_flag":"ok","data_completeness":"complete"}},{"type":"Feature","geometry":{"type":"Polygon","coordinates":[[[133.29375,33.96666666666667],[133.29999999999998,33.96666666666667],[133.29999999999998,33.97083333333334],[133.29375,33.97083333333334],[133.29375,33.96666666666667]]]},"properties":{"type":"Feature","mesh_id":"503372633","municipality_code":"38205","municipality":"新居浜市","total_population":539,"population_65plus":208,"population_75plus":118,"aging_rate_65plus":0.38589981447124305,"aging_rate_75plus":0.2189239332096475,"population_status":"0","population_status_target":null,"population_aggregation_target":null,"age_65plus_missing":false,"age_75plus_missing":false,"age_quality_flag":"ok","data_completeness":"complete"}},{"type":"Feature","geometry":{"type":"Polygon","coordinates":[[[133.29375,33.97083333333334],[133.29999999999998,33.97083333333334],[133.29999999999998,33.97500000000001],[133.29375,33.97500000000001],[133.29375,33.97083333333334]]]},"properties":{"type":"Feature","mesh_id":"503372634","municipality_code":"38205","municipality":"新居浜市","total_population":1564,"population_65plus":555,"population_75plus":250,"aging_rate_65plus":0.35485933503836314,"aging_rate_75plus":0.159846547314578,"population_status":"0","population_status_target":null,"population_aggregation_target":null,"age_65plus_missing":false,"age_75plus_missing":false,"age_quality_flag":"ok","data_completeness":"complete"}},{"type":"Feature","geometry":{"type":"Polygon","coordinates":[[[133.3,33.96666666666667],[133.30625,33.96666666666667],[133.30625,33.97083333333334],[133.3,33.97083333333334],[133.3,33.96666666666667]]]},"properties":{"type":"Feature","mesh_id":"503372641","municipality_code":"38205","municipality":"新居浜市","total_population":1097,"population_65plus":373,"population_75plus":218,"aging_rate_65plus":0.34001823154056515,"aging_rate_75plus":0.19872379216043756,"population_status":"0","population_status_target":null,"population_aggregation_target":null,"age_65plus_missing":false,"age_75plus_missing":false,"age_quality_flag":"ok","data_completeness":"complete"}},{"type":"Feature","geometry":{"type":"Polygon","coordinates":[[[133.3,33.97083333333334],[133.30625,33.97083333333334],[133.30625,33.97500000000001],[133.3,33.97500000000001],[133.3,33.97083333333334]]]},"properties":{"type":"Feature","mesh_id":"503372642","municipality_code":"38205","municipality":"新居浜市","total_population":680,"population_65plus":173,"population_75plus":81,"aging_rate_65plus":0.25441176470588234,"aging_rate_75plus":0.11911764705882352,"population_status":"0","population_status_target":null,"population_aggregation_target":null,"age_65plus_missing":false,"age_75plus_missing":false,"age_quality_flag":"ok","data_completeness":"complete"}},{"type":"Feature","geometry":{"type":"Polygon","coordinates":[[[133.30625,33.96666666666667],[133.3125,33.96666666666667],[133.3125,33.97083333333334],[133.30625,33.97083333333334],[133.30625,33.96666666666667]]]},"properties":{"type":"Feature","mesh_id":"503372643","municipality_code":"38205","municipality":"新居浜市","total_population":706,"population_65plus":241,"population_75plus":136,"aging_rate_65plus":0.3413597733711048,"aging_rate_75plus":0.19263456090651557,"population_status":"0","population_status_target":null,"population_aggregation_target":null,"age_65plus_missing":false,"age_75plus_missing":false,"age_quality_flag":"ok","data_completeness":"complete"}},{"type":"Feature","geometry":{"type":"Polygon","coordinates":[[[133.30625,33.97083333333334],[133.3125,33.97083333333334],[133.3125,33.97500000000001],[133.30625,33.97500000000001],[133.30625,33.97083333333334]]]},"properties":{"type":"Feature","mesh_id":"503372644","municipality_code":"38205","municipality":"新居浜市","total_population":659,"population_65plus":211,"population_75plus":117,"aging_rate_65plus":0.3201820940819423,"aging_rate_75plus":0.17754172989377845,"population_status":"0","population_status_target":null,"population_aggregation_target":null,"age_65plus_missing":false,"age_75plus_missing":false,"age_quality_flag":"ok","data_completeness":"complete"}},{"type":"Feature","geometry":{"type":"Polygon","coordinates":[[[133.3125,33.96666666666667],[133.31875,33.96666666666667],[133.31875,33.97083333333334],[133.3125,33.97083333333334],[133.3125,33.96666666666667]]]},"properties":{"type":"Feature","mesh_id":"503372651","municipality_code":"38205","municipality":"新居浜市","total_population":931,"population_65plus":276,"population_75plus":151,"aging_rate_65plus":0.2964554242749731,"aging_rate_75plus":0.16219119226638024,"population_status":"0","population_status_target":null,"population_aggregation_target":null,"age_65plus_missing":false,"age_75plus_missing":false,"age_quality_flag":"ok","data_completeness":"complete"}},{"type":"Feature","geometry":{"type":"Polygon","coordinates":[[[133.3125,33.97083333333334],[133.31875,33.97083333333334],[133.31875,33.97500000000001],[133.3125,33.97500000000001],[133.3125,33.97083333333334]]]},"properties":{"type":"Feature","mesh_id":"503372652","municipality_code":"38205","municipality":"新居浜市","total_population":591,"population_65plus":212,"population_75plus":101,"aging_rate_65plus":0.3587140439932318,"aging_rate_75plus":0.17089678510998307,"population_status":"1","population_status_target":null,"population_aggregation_target":"503372563","age_65plus_missing":false,"age_75plus_missing":false,"age_quality_flag":"ok","data_completeness":"complete"}},{"type":"Feature","geometry":{"type":"Polygon","coordinates":[[[133.31875,33.96666666666667],[133.325,33.96666666666667],[133.325,33.97083333333334],[133.31875,33.97083333333334],[133.31875,33.96666666666667]]]},"properties":{"type":"Feature","mesh_id":"503372653","municipality_code":"38205","municipality":"新居浜市","total_population":1047,"population_65plus":319,"population_75plus":169,"aging_rate_65plus":0.3046800382043935,"aging_rate_75plus":0.16141356255969436,"population_status":"0","population_status_target":null,"population_aggregation_target":null,"age_65plus_missing":false,"age_75plus_missing":false,"age_quality_flag":"ok","data_completeness":"complete"}},{"type":"Feature","geometry":{"type":"Polygon","coordinates":[[[133.31875,33.97083333333334],[133.325,33.97083333333334],[133.325,33.97500000000001],[133.31875,33.97500000000001],[133.31875,33.97083333333334]]]},"properties":{"type":"Feature","mesh_id":"503372654","municipality_code":"38205","municipality":"新居浜市","total_population":1285,"population_65plus":432,"population_75plus":210,"aging_rate_65plus":0.3361867704280156,"aging_rate_75plus":0.16342412451361868,"population_status":"0","population_status_target":null,"population_aggregation_target":null,"age_65plus_missing":false,"age_75plus_missing":false,"age_quality_flag":"ok","data_completeness":"complete"}},{"type":"Feature","geometry":{"type":"Polygon","coordinates":[[[133.325,33.96666666666667],[133.33124999999998,33.96666666666667],[133.33124999999998,33.97083333333334],[133.325,33.97083333333334],[133.325,33.96666666666667]]]},"properties":{"type":"Feature","mesh_id":"503372661","municipality_code":"38205","municipality":"新居浜市","total_population":116,"population_65plus":57,"population_75plus":28,"aging_rate_65plus":0.49137931034482757,"aging_rate_75plus":0.2413793103448276,"population_status":"0","population_status_target":null,"population_aggregation_target":null,"age_65plus_missing":false,"age_75plus_missing":false,"age_quality_flag":"ok","data_completeness":"complete"}},{"type":"Feature","geometry":{"type":"Polygon","coordinates":[[[133.33124999999998,33.96666666666667],[133.33749999999998,33.96666666666667],[133.33749999999998,33.97083333333334],[133.33124999999998,33.97083333333334],[133.33124999999998,33.96666666666667]]]},"properties":{"type":"Feature","mesh_id":"503372663","municipality_code":"38205","municipality":"新居浜市","total_population":760,"population_65plus":286,"population_75plus":171,"aging_rate_65plus":0.3763157894736842,"aging_rate_75plus":0.225,"population_status":"0","population_status_target":null,"population_aggregation_target":null,"age_65plus_missing":false,"age_75plus_missing":false,"age_quality_flag":"ok","data_completeness":"complete"}},{"type":"Feature","geometry":{"type":"Polygon","coordinates":[[[133.33124999999998,33.97083333333334],[133.33749999999998,33.97083333333334],[133.33749999999998,33.97500000000001],[133.33124999999998,33.97500000000001],[133.33124999999998,33.97083333333334]]]},"properties":{"type":"Feature","mesh_id":"503372664","municipality_code":"38205","municipality":"新居浜市","total_population":518,"population_65plus":192,"population_75plus":104,"aging_rate_65plus":0.37065637065637064,"aging_rate_75plus":0.20077220077220076,"population_status":"0","population_status_target":null,"population_aggregation_target":null,"age_65plus_missing":false,"age_75plus_missing":false,"age_quality_flag":"ok","data_completeness":"complete"}},{"type":"Feature","geometry":{"type":"Polygon","coordinates":[[[133.34375,33.96666666666667],[133.35,33.96666666666667],[133.35,33.97083333333334],[133.34375,33.97083333333334],[133.34375,33.96666666666667]]]},"properties":{"type":"Feature","mesh_id":"503372673","municipality_code":"38205","municipality":"新居浜市","total_population":330,"population_65plus":154,"population_75plus":82,"aging_rate_65plus":0.4666666666666667,"aging_rate_75plus":0.24848484848484848,"population_status":"0","population_status_target":null,"population_aggregation_target":null,"age_65plus_missing":false,"age_75plus_missing":false,"age_quality_flag":"ok","data_completeness":"complete"}},{"type":"Feature","geometry":{"type":"Polygon","coordinates":[[[133.34375,33.97083333333334],[133.35,33.97083333333334],[133.35,33.97500000000001],[133.34375,33.97500000000001],[133.34375,33.97083333333334]]]},"properties":{"type":"Feature","mesh_id":"503372674","municipality_code":"38205","municipality":"新居浜市","total_population":236,"population_65plus":99,"population_75plus":61,"aging_rate_65plus":0.4194915254237288,"aging_rate_75plus":0.2584745762711864,"population_status":"0","population_status_target":null,"population_aggregation_target":null,"age_65plus_missing":false,"age_75plus_missing":false,"age_quality_flag":"ok","data_completeness":"complete"}},{"type":"Feature","geometry":{"type":"Polygon","coordinates":[[[133.35,33.97083333333334],[133.35625,33.97083333333334],[133.35625,33.97500000000001],[133.35,33.97500000000001],[133.35,33.97083333333334]]]},"properties":{"type":"Feature","mesh_id":"503372682","municipality_code":"38205","municipality":"新居浜市","total_population":90,"population_65plus":37,"population_75plus":19,"aging_rate_65plus":0.4111111111111111,"aging_rate_75plus":0.2111111111111111,"population_status":"0","population_status_target":null,"population_aggregation_target":null,"age_65plus_missing":false,"age_75plus_missing":false,"age_quality_flag":"ok","data_completeness":"complete"}},{"type":"Feature","geometry":{"type":"Polygon","coordinates":[[[133.35625,33.96666666666667],[133.36249999999998,33.96666666666667],[133.36249999999998,33.97083333333334],[133.35625,33.97083333333334],[133.35625,33.96666666666667]]]},"properties":{"type":"Feature","mesh_id":"503372683","municipality_code":"38205","municipality":"新居浜市","total_population":226,"population_65plus":81,"population_75plus":35,"aging_rate_65plus":0.3584070796460177,"aging_rate_75plus":0.15486725663716813,"population_status":"0","population_status_target":null,"population_aggregation_target":null,"age_65plus_missing":false,"age_75plus_missing":false,"age_quality_flag":"ok","data_completeness":"complete"}},{"type":"Feature","geometry":{"type":"Polygon","coordinates":[[[133.35625,33.97083333333334],[133.36249999999998,33.97083333333334],[133.36249999999998,33.97500000000001],[133.35625,33.97500000000001],[133.35625,33.97083333333334]]]},"properties":{"type":"Feature","mesh_id":"503372684","municipality_code":"38205","municipality":"新居浜市","total_population":86,"population_65plus":40,"population_75plus":21,"aging_rate_65plus":0.46511627906976744,"aging_rate_75plus":0.2441860465116279,"population_status":"0","population_status_target":null,"population_aggregation_target":null,"age_65plus_missing":false,"age_75plus_missing":false,"age_quality_flag":"ok","data_completeness":"complete"}},{"type":"Feature","geometry":{"type":"Polygon","coordinates":[[[133.2875,33.975],[133.29375,33.975],[133.29375,33.97916666666667],[133.2875,33.97916666666667],[133.2875,33.975]]]},"properties":{"type":"Feature","mesh_id":"503372731","municipality_code":"38205","municipality":"新居浜市","total_population":514,"population_65plus":195,"population_75plus":85,"aging_rate_65plus":0.37937743190661477,"aging_rate_75plus":0.16536964980544747,"population_status":"0","population_status_target":null,"population_aggregation_target":null,"age_65plus_missing":false,"age_75plus_missing":false,"age_quality_flag":"ok","data_completeness":"complete"}},{"type":"Feature","geometry":{"type":"Polygon","coordinates":[[[133.2875,33.97916666666667],[133.29375,33.97916666666667],[133.29375,33.98333333333334],[133.2875,33.98333333333334],[133.2875,33.97916666666667]]]},"properties":{"type":"Feature","mesh_id":"503372732","municipality_code":"38205","municipality":"新居浜市","total_population":1102,"population_65plus":391,"population_75plus":186,"aging_rate_65plus":0.3548094373865699,"aging_rate_75plus":0.16878402903811252,"population_status":"0","population_status_target":null,"population_aggregation_target":null,"age_65plus_missing":false,"age_75plus_missing":false,"age_quality_flag":"ok","data_completeness":"complete"}},{"type":"Feature","geometry":{"type":"Polygon","coordinates":[[[133.29375,33.975],[133.29999999999998,33.975],[133.29999999999998,33.97916666666667],[133.29375,33.97916666666667],[133.29375,33.975]]]},"properties":{"type":"Feature","mesh_id":"503372733","municipality_code":"38205","municipality":"新居浜市","total_population":386,"population_65plus":106,"population_75plus":42,"aging_rate_65plus":0.27461139896373055,"aging_rate_75plus":0.10880829015544041,"population_status":"0","population_status_target":null,"population_aggregation_target":null,"age_65plus_missing":false,"age_75plus_missing":false,"age_quality_flag":"ok","data_completeness":"complete"}},{"type":"Feature","geometry":{"type":"Polygon","coordinates":[[[133.29375,33.97916666666667],[133.29999999999998,33.97916666666667],[133.29999999999998,33.98333333333334],[133.29375,33.98333333333334],[133.29375,33.97916666666667]]]},"properties":{"type":"Feature","mesh_id":"503372734","municipality_code":"38205","municipality":"新居浜市","total_population":817,"population_65plus":341,"population_75plus":148,"aging_rate_65plus":0.4173806609547124,"aging_rate_75plus":0.18115055079559364,"population_status":"0","population_status_target":null,"population_aggregation_target":null,"age_65plus_missing":false,"age_75plus_missing":false,"age_quality_flag":"ok","data_completeness":"complete"}},{"type":"Feature","geometry":{"type":"Polygon","coordinates":[[[133.3,33.975],[133.30625,33.975],[133.30625,33.97916666666667],[133.3,33.97916666666667],[133.3,33.975]]]},"properties":{"type":"Feature","mesh_id":"503372741","municipality_code":"38205","municipality":"新居浜市","total_population":685,"population_65plus":201,"population_75plus":96,"aging_rate_65plus":0.2934306569343066,"aging_rate_75plus":0.14014598540145987,"population_status":"0","population_status_target":null,"population_aggregation_target":null,"age_65plus_missing":false,"age_75plus_missing":false,"age_quality_flag":"ok","data_completeness":"complete"}},{"type":"Feature","geometry":{"type":"Polygon","coordinates":[[[133.3,33.97916666666667],[133.30625,33.97916666666667],[133.30625,33.98333333333334],[133.3,33.98333333333334],[133.3,33.97916666666667]]]},"properties":{"type":"Feature","mesh_id":"503372742","municipality_code":"38205","municipality":"新居浜市","total_population":1026,"population_65plus":294,"population_75plus":149,"aging_rate_65plus":0.28654970760233917,"aging_rate_75plus":0.145224171539961,"population_status":"0","population_status_target":null,"population_aggregation_target":null,"age_65plus_missing":false,"age_75plus_missing":false,"age_quality_flag":"ok","data_completeness":"complete"}},{"type":"Feature","geometry":{"type":"Polygon","coordinates":[[[133.30625,33.975],[133.3125,33.975],[133.3125,33.97916666666667],[133.30625,33.97916666666667],[133.30625,33.975]]]},"properties":{"type":"Feature","mesh_id":"503372743","municipality_code":"38205","municipality":"新居浜市","total_population":421,"population_65plus":95,"population_75plus":46,"aging_rate_65plus":0.22565320665083136,"aging_rate_75plus":0.10926365795724466,"population_status":"0","population_status_target":null,"population_aggregation_target":null,"age_65plus_missing":false,"age_75plus_missing":false,"age_quality_flag":"ok","data_completeness":"complete"}},{"type":"Feature","geometry":{"type":"Polygon","coordinates":[[[133.30625,33.97916666666667],[133.3125,33.97916666666667],[133.3125,33.98333333333334],[133.30625,33.98333333333334],[133.30625,33.97916666666667]]]},"properties":{"type":"Feature","mesh_id":"503372744","municipality_code":"38205","municipality":"新居浜市","total_population":818,"population_65plus":294,"population_75plus":170,"aging_rate_65plus":0.3594132029339853,"aging_rate_75plus":0.2078239608801956,"population_status":"0","population_status_target":null,"population_aggregation_target":null,"age_65plus_missing":false,"age_75plus_missing":false,"age_quality_flag":"ok","data_completeness":"complete"}},{"type":"Feature","geometry":{"type":"Polygon","coordinates":[[[133.3125,33.975],[133.31875,33.975],[133.31875,33.97916666666667],[133.3125,33.97916666666667],[133.3125,33.975]]]},"properties":{"type":"Feature","mesh_id":"503372751","municipality_code":"38205","municipality":"新居浜市","total_population":1040,"population_65plus":267,"population_75plus":119,"aging_rate_65plus":0.2567307692307692,"aging_rate_75plus":0.11442307692307692,"population_status":"0","population_status_target":null,"population_aggregation_target":null,"age_65plus_missing":false,"age_75plus_missing":false,"age_quality_flag":"ok","data_completeness":"complete"}},{"type":"Feature","geometry":{"type":"Polygon","coordinates":[[[133.3125,33.97916666666667],[133.31875,33.97916666666667],[133.31875,33.98333333333334],[133.3125,33.98333333333334],[133.3125,33.97916666666667]]]},"properties":{"type":"Feature","mesh_id":"503372752","municipality_code":"38205","municipality":"新居浜市","total_population":897,"population_65plus":318,"population_75plus":170,"aging_rate_65plus":0.35451505016722407,"aging_rate_75plus":0.189520624303233,"population_status":"0","population_status_target":null,"population_aggregation_target":null,"age_65plus_missing":false,"age_75plus_missing":false,"age_quality_flag":"ok","data_completeness":"complete"}},{"type":"Feature","geometry":{"type":"Polygon","coordinates":[[[133.31875,33.975],[133.325,33.975],[133.325,33.97916666666667],[133.31875,33.97916666666667],[133.31875,33.975]]]},"properties":{"type":"Feature","mesh_id":"503372753","municipality_code":"38205","municipality":"新居浜市","total_population":888,"population_65plus":238,"population_75plus":119,"aging_rate_65plus":0.268018018018018,"aging_rate_75plus":0.134009009009009,"population_status":"0","population_status_target":null,"population_aggregation_target":null,"age_65plus_missing":false,"age_75plus_missing":false,"age_quality_flag":"ok","data_completeness":"complete"}},{"type":"Feature","geometry":{"type":"Polygon","coordinates":[[[133.31875,33.97916666666667],[133.325,33.97916666666667],[133.325,33.98333333333334],[133.31875,33.98333333333334],[133.31875,33.97916666666667]]]},"properties":{"type":"Feature","mesh_id":"503372754","municipality_code":"38205","municipality":"新居浜市","total_population":666,"population_65plus":249,"population_75plus":130,"aging_rate_65plus":0.3738738738738739,"aging_rate_75plus":0.19519519519519518,"population_status":"0","population_status_target":null,"population_aggregation_target":null,"age_65plus_missing":false,"age_75plus_missing":false,"age_quality_flag":"ok","data_completeness":"complete"}},{"type":"Feature","geometry":{"type":"Polygon","coordinates":[[[133.325,33.975],[133.33124999999998,33.975],[133.33124999999998,33.97916666666667],[133.325,33.97916666666667],[133.325,33.975]]]},"properties":{"type":"Feature","mesh_id":"503372761","municipality_code":"38205","municipality":"新居浜市","total_population":296,"population_65plus":58,"population_75plus":21,"aging_rate_65plus":0.19594594594594594,"aging_rate_75plus":0.07094594594594594,"population_status":"0","population_status_target":null,"population_aggregation_target":null,"age_65plus_missing":false,"age_75plus_missing":false,"age_quality_flag":"ok","data_completeness":"complete"}},{"type":"Feature","geometry":{"type":"Polygon","coordinates":[[[133.325,33.97916666666667],[133.33124999999998,33.97916666666667],[133.33124999999998,33.98333333333334],[133.325,33.98333333333334],[133.325,33.97916666666667]]]},"properties":{"type":"Feature","mesh_id":"503372762","municipality_code":"38205","municipality":"新居浜市","total_population":311,"population_65plus":79,"population_75plus":45,"aging_rate_65plus":0.2540192926045016,"aging_rate_75plus":0.14469453376205788,"population_status":"0","population_status_target":null,"population_aggregation_target":null,"age_65plus_missing":false,"age_75plus_missing":false,"age_quality_flag":"ok","data_completeness":"complete"}},{"type":"Feature","geometry":{"type":"Polygon","coordinates":[[[133.33124999999998,33.975],[133.33749999999998,33.975],[133.33749999999998,33.97916666666667],[133.33124999999998,33.97916666666667],[133.33124999999998,33.975]]]},"properties":{"type":"Feature","mesh_id":"503372763","municipality_code":"38205","municipality":"新居浜市","total_population":137,"population_65plus":63,"population_75plus":25,"aging_rate_65plus":0.45985401459854014,"aging_rate_75plus":0.18248175182481752,"population_status":"1","population_status_target":null,"population_aggregation_target":"503372861","age_65plus_missing":false,"age_75plus_missing":false,"age_quality_flag":"ok","data_completeness":"complete"}},{"type":"Feature","geometry":{"type":"Polygon","coordinates":[[[133.33124999999998,33.97916666666667],[133.33749999999998,33.97916666666667],[133.33749999999998,33.98333333333334],[133.33124999999998,33.98333333333334],[133.33124999999998,33.97916666666667]]]},"properties":{"type":"Feature","mesh_id":"503372764","municipality_code":"38205","municipality":"新居浜市","total_population":35,"population_65plus":13,"population_75plus":10,"aging_rate_65plus":0.37142857142857144,"aging_rate_75plus":0.2857142857142857,"population_status":"0","population_status_target":null,"population_aggregation_target":null,"age_65plus_missing":false,"age_75plus_missing":false,"age_quality_flag":"ok","data_completeness":"complete"}},{"type":"Feature","geometry":{"type":"Polygon","coordinates":[[[133.3375,33.975],[133.34375,33.975],[133.34375,33.97916666666667],[133.3375,33.97916666666667],[133.3375,33.975]]]},"properties":{"type":"Feature","mesh_id":"503372771","municipality_code":"38205","municipality":"新居浜市","total_population":399,"population_65plus":111,"population_75plus":45,"aging_rate_65plus":0.2781954887218045,"aging_rate_75plus":0.11278195488721804,"population_status":"0","population_status_target":null,"population_aggregation_target":null,"age_65plus_missing":false,"age_75plus_missing":false,"age_quality_flag":"ok","data_completeness":"complete"}},{"type":"Feature","geometry":{"type":"Polygon","coordinates":[[[133.3375,33.97916666666667],[133.34375,33.97916666666667],[133.34375,33.98333333333334],[133.3375,33.98333333333334],[133.3375,33.97916666666667]]]},"properties":{"type":"Feature","mesh_id":"503372772","municipality_code":"38205","municipality":"新居浜市","total_population":184,"population_65plus":53,"population_75plus":19,"aging_rate_65plus":0.28804347826086957,"aging_rate_75plus":0.10326086956521739,"population_status":"0","population_status_target":null,"population_aggregation_target":null,"age_65plus_missing":false,"age_75plus_missing":false,"age_quality_flag":"ok","data_completeness":"complete"}},{"type":"Feature","geometry":{"type":"Polygon","coordinates":[[[133.34375,33.975],[133.35,33.975],[133.35,33.97916666666667],[133.34375,33.97916666666667],[133.34375,33.975]]]},"properties":{"type":"Feature","mesh_id":"503372773","municipality_code":"38205","municipality":"新居浜市","total_population":10,"population_65plus":4,"population_75plus":2,"aging_rate_65plus":0.4,"aging_rate_75plus":0.2,"population_status":"0","population_status_target":null,"population_aggregation_target":null,"age_65plus_missing":false,"age_75plus_missing":false,"age_quality_flag":"ok","data_completeness":"complete"}},{"type":"Feature","geometry":{"type":"Polygon","coordinates":[[[133.35,33.975],[133.35625,33.975],[133.35625,33.97916666666667],[133.35,33.97916666666667],[133.35,33.975]]]},"properties":{"type":"Feature","mesh_id":"503372781","municipality_code":"38205","municipality":"新居浜市","total_population":676,"population_65plus":225,"population_75plus":121,"aging_rate_65plus":0.3328402366863905,"aging_rate_75plus":0.17899408284023668,"population_status":"0","population_status_target":null,"population_aggregation_target":null,"age_65plus_missing":false,"age_75plus_missing":false,"age_quality_flag":"ok","data_completeness":"complete"}},{"type":"Feature","geometry":{"type":"Polygon","coordinates":[[[133.35,33.97916666666667],[133.35625,33.97916666666667],[133.35625,33.98333333333334],[133.35,33.98333333333334],[133.35,33.97916666666667]]]},"properties":{"type":"Feature","mesh_id":"503372782","municipality_code":"38205","municipality":"新居浜市","total_population":155,"population_65plus":49,"population_75plus":20,"aging_rate_65plus":0.3161290322580645,"aging_rate_75plus":0.12903225806451613,"population_status":"0","population_status_target":null,"population_aggregation_target":null,"age_65plus_missing":false,"age_75plus_missing":false,"age_quality_flag":"ok","data_completeness":"complete"}},{"type":"Feature","geometry":{"type":"Polygon","coordinates":[[[133.35625,33.975],[133.36249999999998,33.975],[133.36249999999998,33.97916666666667],[133.35625,33.97916666666667],[133.35625,33.975]]]},"properties":{"type":"Feature","mesh_id":"503372783","municipality_code":"38205","municipality":"新居浜市","total_population":113,"population_65plus":33,"population_75plus":14,"aging_rate_65plus":0.2920353982300885,"aging_rate_75plus":0.12389380530973451,"population_status":"0","population_status_target":null,"population_aggregation_target":null,"age_65plus_missing":false,"age_75plus_missing":false,"age_quality_flag":"ok","data_completeness":"complete"}},{"type":"Feature","geometry":{"type":"Polygon","coordinates":[[[133.3125,33.98333333333334],[133.31875,33.98333333333334],[133.31875,33.98750000000001],[133.3125,33.98750000000001],[133.3125,33.98333333333334]]]},"properties":{"type":"Feature","mesh_id":"503372851","municipality_code":"38205","municipality":"新居浜市","total_population":854,"population_65plus":270,"population_75plus":119,"aging_rate_65plus":0.3161592505854801,"aging_rate_75plus":0.13934426229508196,"population_status":"0","population_status_target":null,"population_aggregation_target":null,"age_65plus_missing":false,"age_75plus_missing":false,"age_quality_flag":"ok","data_completeness":"complete"}},{"type":"Feature","geometry":{"type":"Polygon","coordinates":[[[133.31875,33.98333333333334],[133.325,33.98333333333334],[133.325,33.98750000000001],[133.31875,33.98750000000001],[133.31875,33.98333333333334]]]},"properties":{"type":"Feature","mesh_id":"503372853","municipality_code":"38205","municipality":"新居浜市","total_population":111,"population_65plus":54,"population_75plus":18,"aging_rate_65plus":0.4864864864864865,"aging_rate_75plus":0.16216216216216217,"population_status":"0","population_status_target":null,"population_aggregation_target":null,"age_65plus_missing":false,"age_75plus_missing":false,"age_quality_flag":"ok","data_completeness":"complete"}},{"type":"Feature","geometry":{"type":"Polygon","coordinates":[[[133.31875,33.98750000000001],[133.325,33.98750000000001],[133.325,33.99166666666668],[133.31875,33.99166666666668],[133.31875,33.98750000000001]]]},"properties":{"type":"Feature","mesh_id":"503372854","municipality_code":"38205","municipality":"新居浜市","total_population":181,"population_65plus":82,"population_75plus":63,"aging_rate_65plus":0.4530386740331492,"aging_rate_75plus":0.34806629834254144,"population_status":"0","population_status_target":null,"population_aggregation_target":null,"age_65plus_missing":false,"age_75plus_missing":false,"age_quality_flag":"ok","data_completeness":"complete"}},{"type":"Feature","geometry":{"type":"Polygon","coordinates":[[[133.325,33.98333333333334],[133.33124999999998,33.98333333333334],[133.33124999999998,33.98750000000001],[133.325,33.98750000000001],[133.325,33.98333333333334]]]},"properties":{"type":"Feature","mesh_id":"503372861","municipality_code":"38205","municipality":"新居浜市","total_population":7,"population_65plus":null,"population_75plus":null,"aging_rate_65plus":null,"aging_rate_75plus":null,"population_status":"2","population_status_target":"503372763","population_aggregation_target":null,"age_65plus_missing":true,"age_75plus_missing":true,"age_quality_flag":"ok","data_completeness":"partial"}},{"type":"Feature","geometry":{"type":"Polygon","coordinates":[[[133.3375,33.98333333333334],[133.34375,33.98333333333334],[133.34375,33.98750000000001],[133.3375,33.98750000000001],[133.3375,33.98333333333334]]]},"properties":{"type":"Feature","mesh_id":"503372871","municipality_code":"38205","municipality":"新居浜市","total_population":71,"population_65plus":27,"population_75plus":8,"aging_rate_65plus":0.38028169014084506,"aging_rate_75plus":0.11267605633802817,"population_status":"0","population_status_target":null,"population_aggregation_target":null,"age_65plus_missing":false,"age_75plus_missing":false,"age_quality_flag":"ok","data_completeness":"complete"}},{"type":"Feature","geometry":{"type":"Polygon","coordinates":[[[133.3375,33.98750000000001],[133.34375,33.98750000000001],[133.34375,33.99166666666668],[133.3375,33.99166666666668],[133.3375,33.98750000000001]]]},"properties":{"type":"Feature","mesh_id":"503372872","municipality_code":"38205","municipality":"新居浜市","total_population":211,"population_65plus":112,"population_75plus":62,"aging_rate_65plus":0.5308056872037915,"aging_rate_75plus":0.2938388625592417,"population_status":"0","population_status_target":null,"population_aggregation_target":null,"age_65plus_missing":false,"age_75plus_missing":false,"age_quality_flag":"ok","data_completeness":"complete"}},{"type":"Feature","geometry":{"type":"Polygon","coordinates":[[[133.34375,33.98333333333334],[133.35,33.98333333333334],[133.35,33.98750000000001],[133.34375,33.98750000000001],[133.34375,33.98333333333334]]]},"properties":{"type":"Feature","mesh_id":"503372873","municipality_code":"38205","municipality":"新居浜市","total_population":9,"population_65plus":5,"population_75plus":3,"aging_rate_65plus":0.5555555555555556,"aging_rate_75plus":0.3333333333333333,"population_status":"0","population_status_target":null,"population_aggregation_target":null,"age_65plus_missing":false,"age_75plus_missing":false,"age_quality_flag":"ok","data_completeness":"complete"}},{"type":"Feature","geometry":{"type":"Polygon","coordinates":[[[133.35,33.995833333333344],[133.35625,33.995833333333344],[133.35625,34.000000000000014],[133.35,34.000000000000014],[133.35,33.995833333333344]]]},"properties":{"type":"Feature","mesh_id":"503372982","municipality_code":"38205","municipality":"新居浜市","total_population":16,"population_65plus":4,"population_75plus":3,"aging_rate_65plus":0.25,"aging_rate_75plus":0.1875,"population_status":"0","population_status_target":null,"population_aggregation_target":null,"age_65plus_missing":false,"age_75plus_missing":false,"age_quality_flag":"ok","data_completeness":"complete"}},{"type":"Feature","geometry":{"type":"Polygon","coordinates":[[[133.375,33.975],[133.38125,33.975],[133.38125,33.97916666666667],[133.375,33.97916666666667],[133.375,33.975]]]},"properties":{"type":"Feature","mesh_id":"503373701","municipality_code":"38205","municipality":"新居浜市","total_population":25,"population_65plus":17,"population_75plus":6,"aging_rate_65plus":0.68,"aging_rate_75plus":0.24,"population_status":"1","population_status_target":null,"population_aggregation_target":"503373702","age_65plus_missing":false,"age_75plus_missing":false,"age_quality_flag":"ok","data_completeness":"complete"}},{"type":"Feature","geometry":{"type":"Polygon","coordinates":[[[133.375,33.97916666666667],[133.38125,33.97916666666667],[133.38125,33.98333333333334],[133.375,33.98333333333334],[133.375,33.97916666666667]]]},"properties":{"type":"Feature","mesh_id":"503373702","municipality_code":"38205","municipality":"新居浜市","total_population":9,"population_65plus":null,"population_75plus":null,"aging_rate_65plus":null,"aging_rate_75plus":null,"population_status":"2","population_status_target":"503373701","population_aggregation_target":null,"age_65plus_missing":true,"age_75plus_missing":true,"age_quality_flag":"ok","data_completeness":"partial"}}]}