{"type":"FeatureCollection","features":[{"type":"Feature","geometry":{"type":"Polygon","coordinates":[[[132.4,33.05],[132.40625,33.05],[132.40625,33.05416666666667],[132.4,33.05416666666667],[132.4,33.05]]]},"properties":{"type":"Feature","mesh_id":"493243621","municipality_code":"38203","municipality":"宇和島市","total_population":1,"population_65plus":null,"population_75plus":null,"aging_rate_65plus":null,"aging_rate_75plus":null,"population_status":"2","population_status_target":"493243622","population_aggregation_target":null,"age_65plus_missing":true,"age_75plus_missing":true,"age_quality_flag":"ok","data_completeness":"partial"}},{"type":"Feature","geometry":{"type":"Polygon","coordinates":[[[132.4,33.05416666666667],[132.40625,33.05416666666667],[132.40625,33.05833333333334],[132.4,33.05833333333334],[132.4,33.05416666666667]]]},"properties":{"type":"Feature","mesh_id":"493243622","municipality_code":"38203","municipality":"宇和島市","total_population":24,"population_65plus":13,"population_75plus":8,"aging_rate_65plus":0.5416666666666666,"aging_rate_75plus":0.3333333333333333,"population_status":"1","population_status_target":null,"population_aggregation_target":"493243621","age_65plus_missing":false,"age_75plus_missing":false,"age_quality_flag":"ok","data_completeness":"complete"}},{"type":"Feature","geometry":{"type":"Polygon","coordinates":[[[132.425,33.05416666666667],[132.43125,33.05416666666667],[132.43125,33.05833333333334],[132.425,33.05833333333334],[132.425,33.05416666666667]]]},"properties":{"type":"Feature","mesh_id":"493243642","municipality_code":"38203","municipality":"宇和島市","total_population":10,"population_65plus":5,"population_75plus":4,"aging_rate_65plus":0.5,"aging_rate_75plus":0.4,"population_status":"0","population_status_target":null,"population_aggregation_target":null,"age_65plus_missing":false,"age_75plus_missing":false,"age_quality_flag":"ok","data_completeness":"complete"}},{"type":"Feature","geometry":{"type":"Polygon","coordinates":[[[132.44375,33.05416666666667],[132.45,33.05416666666667],[132.45,33.05833333333334],[132.44375,33.05833333333334],[132.44375,33.05416666666667]]]},"properties":{"type":"Feature","mesh_id":"493243654","municipality_code":"38203","municipality":"宇和島市","total_population":63,"population_65plus":37,"population_75plus":17,"aging_rate_65plus":0.5873015873015873,"aging_rate_75plus":0.2698412698412698,"population_status":"1","population_status_target":null,"population_aggregation_target":"493243752","age_65plus_missing":false,"age_75plus_missing":false,"age_quality_flag":"ok","data_completeness":"complete"}},{"type":"Feature","geometry":{"type":"Polygon","coordinates":[[[132.4625,33.05416666666667],[132.46875,33.05416666666667],[132.46875,33.05833333333334],[132.4625,33.05833333333334],[132.4625,33.05416666666667]]]},"properties":{"type":"Feature","mesh_id":"493243672","municipality_code":"38203","municipality":"宇和島市","total_population":82,"population_65plus":30,"population_75plus":15,"aging_rate_65plus":0.36585365853658536,"aging_rate_75plus":0.18292682926829268,"population_status":"0","population_status_target":null,"population_aggregation_target":null,"age_65plus_missing":false,"age_75plus_missing":false,"age_quality_flag":"ok","data_completeness":"complete"}},{"type":"Feature","geometry":{"type":"Polygon","coordinates":[[[132.48125,33.05416666666667],[132.48749999999998,33.05416666666667],[132.48749999999998,33.05833333333334],[132.48125,33.05833333333334],[132.48125,33.05416666666667]]]},"properties":{"type":"Feature","mesh_id":"493243684","municipality_code":"38203","municipality":"宇和島市","total_population":48,"population_65plus":25,"population_75plus":16,"aging_rate_65plus":0.5208333333333334,"aging_rate_75plus":0.3333333333333333,"population_status":"0","population_status_target":null,"population_aggregation_target":null,"age_65plus_missing":false,"age_75plus_missing":false,"age_quality_flag":"ok","data_completeness":"complete"}},{"type":"Feature","geometry":{"type":"Polygon","coordinates":[[[132.40625,33.0625],[132.4125,33.0625],[132.4125,33.06666666666667],[132.40625,33.06666666666667],[132.40625,33.0625]]]},"properties":{"type":"Feature","mesh_id":"493243724","municipality_code":"38203","municipality":"宇和島市","total_population":45,"population_65plus":27,"population_75plus":14,"aging_rate_65plus":0.6,"aging_rate_75plus":0.3111111111111111,"population_status":"1","population_status_target":null,"population_aggregation_target":"493243721","age_65plus_missing":false,"age_75plus_missing":false,"age_quality_flag":"ok","data_completeness":"complete"}},{"type":"Feature","geometry":{"type":"Polygon","coordinates":[[[132.41875,33.05833333333333],[132.42499999999998,33.05833333333333],[132.42499999999998,33.0625],[132.41875,33.0625],[132.41875,33.05833333333333]]]},"properties":{"type":"Feature","mesh_id":"493243733","municipality_code":"38203","municipality":"宇和島市","total_population":28,"population_65plus":16,"population_75plus":8,"aging_rate_65plus":0.5714285714285714,"aging_rate_75plus":0.2857142857142857,"population_status":"0","population_status_target":null,"population_aggregation_target":null,"age_65plus_missing":false,"age_75plus_missing":false,"age_quality_flag":"ok","data_completeness":"complete"}},{"type":"Feature","geometry":{"type":"Polygon","coordinates":[[[132.41875,33.0625],[132.42499999999998,33.0625],[132.42499999999998,33.06666666666667],[132.41875,33.06666666666667],[132.41875,33.0625]]]},"properties":{"type":"Feature","mesh_id":"493243734","municipality_code":"38203","municipality":"宇和島市","total_population":7,"population_65plus":null,"population_75plus":null,"aging_rate_65plus":null,"aging_rate_75plus":null,"population_status":"2","population_status_target":"493243731","population_aggregation_target":null,"age_65plus_missing":true,"age_75plus_missing":true,"age_quality_flag":"ok","data_completeness":"partial"}},{"type":"Feature","geometry":{"type":"Polygon","coordinates":[[[132.4625,33.05833333333333],[132.46875,33.05833333333333],[132.46875,33.0625],[132.4625,33.0625],[132.4625,33.05833333333333]]]},"properties":{"type":"Feature","mesh_id":"493243771","municipality_code":"38203","municipality":"宇和島市","total_population":84,"population_65plus":33,"population_75plus":15,"aging_rate_65plus":0.39285714285714285,"aging_rate_75plus":0.17857142857142858,"population_status":"0","population_status_target":null,"population_aggregation_target":null,"age_65plus_missing":false,"age_75plus_missing":false,"age_quality_flag":"ok","data_completeness":"complete"}},{"type":"Feature","geometry":{"type":"Polygon","coordinates":[[[132.475,33.0625],[132.48125,33.0625],[132.48125,33.06666666666667],[132.475,33.06666666666667],[132.475,33.0625]]]},"properties":{"type":"Feature","mesh_id":"493243782","municipality_code":"38203","municipality":"宇和島市","total_population":50,"population_65plus":24,"population_75plus":10,"aging_rate_65plus":0.48,"aging_rate_75plus":0.2,"population_status":"0","population_status_target":null,"population_aggregation_target":null,"age_65plus_missing":false,"age_75plus_missing":false,"age_quality_flag":"ok","data_completeness":"complete"}},{"type":"Feature","geometry":{"type":"Polygon","coordinates":[[[132.49375,33.05833333333333],[132.5,33.05833333333333],[132.5,33.0625],[132.49375,33.0625],[132.49375,33.05833333333333]]]},"properties":{"type":"Feature","mesh_id":"493243793","municipality_code":"38203","municipality":"宇和島市","total_population":91,"population_65plus":31,"population_75plus":20,"aging_rate_65plus":0.34065934065934067,"aging_rate_75plus":0.21978021978021978,"population_status":"0","population_status_target":null,"population_aggregation_target":null,"age_65plus_missing":false,"age_75plus_missing":false,"age_quality_flag":"ok","data_completeness":"complete"}},{"type":"Feature","geometry":{"type":"Polygon","coordinates":[[[132.48125,33.06666666666667],[132.48749999999998,33.06666666666667],[132.48749999999998,33.07083333333334],[132.48125,33.07083333333334],[132.48125,33.06666666666667]]]},"properties":{"type":"Feature","mesh_id":"493243883","municipality_code":"38203","municipality":"宇和島市","total_population":8,"population_65plus":null,"population_75plus":null,"aging_rate_65plus":null,"aging_rate_75plus":null,"population_status":"2","population_status_target":"493243884","population_aggregation_target":null,"age_65plus_missing":true,"age_75plus_missing":true,"age_quality_flag":"ok","data_completeness":"partial"}},{"type":"Feature","geometry":{"type":"Polygon","coordinates":[[[132.48125,33.07083333333334],[132.48749999999998,33.07083333333334],[132.48749999999998,33.07500000000001],[132.48125,33.07500000000001],[132.48125,33.07083333333334]]]},"properties":{"type":"Feature","mesh_id":"493243884","municipality_code":"38203","municipality":"宇和島市","total_population":14,"population_65plus":13,"population_75plus":9,"aging_rate_65plus":0.9285714285714286,"aging_rate_75plus":0.6428571428571429,"population_status":"1","population_status_target":null,"population_aggregation_target":"493243883","age_65plus_missing":false,"age_75plus_missing":false,"age_quality_flag":"ok","data_completeness":"complete"}},{"type":"Feature","geometry":{"type":"Polygon","coordinates":[[[132.46875,33.07916666666667],[132.475,33.07916666666667],[132.475,33.08333333333334],[132.46875,33.08333333333334],[132.46875,33.07916666666667]]]},"properties":{"type":"Feature","mesh_id":"493243974","municipality_code":"38203","municipality":"宇和島市","total_population":137,"population_65plus":63,"population_75plus":31,"aging_rate_65plus":0.45985401459854014,"aging_rate_75plus":0.22627737226277372,"population_status":"1","population_status_target":null,"population_aggregation_target":"493243972","age_65plus_missing":false,"age_75plus_missing":false,"age_quality_flag":"ok","data_completeness":"complete"}},{"type":"Feature","geometry":{"type":"Polygon","coordinates":[[[132.48125,33.075],[132.48749999999998,33.075],[132.48749999999998,33.07916666666667],[132.48125,33.07916666666667],[132.48125,33.075]]]},"properties":{"type":"Feature","mesh_id":"493243983","municipality_code":"38203","municipality":"宇和島市","total_population":57,"population_65plus":26,"population_75plus":8,"aging_rate_65plus":0.45614035087719296,"aging_rate_75plus":0.14035087719298245,"population_status":"0","population_status_target":null,"population_aggregation_target":null,"age_65plus_missing":false,"age_75plus_missing":false,"age_quality_flag":"ok","data_completeness":"complete"}},{"type":"Feature","geometry":{"type":"Polygon","coordinates":[[[132.4875,33.075],[132.49375,33.075],[132.49375,33.07916666666667],[132.4875,33.07916666666667],[132.4875,33.075]]]},"properties":{"type":"Feature","mesh_id":"493243991","municipality_code":"38203","municipality":"宇和島市","total_population":49,"population_65plus":19,"population_75plus":9,"aging_rate_65plus":0.3877551020408163,"aging_rate_75plus":0.1836734693877551,"population_status":"0","population_status_target":null,"population_aggregation_target":null,"age_65plus_missing":false,"age_75plus_missing":false,"age_quality_flag":"ok","data_completeness":"complete"}},{"type":"Feature","geometry":{"type":"Polygon","coordinates":[[[132.5,33.05416666666667],[132.50625,33.05416666666667],[132.50625,33.05833333333334],[132.5,33.05833333333334],[132.5,33.05416666666667]]]},"properties":{"type":"Feature","mesh_id":"493244602","municipality_code":"38203","municipality":"宇和島市","total_population":1,"population_65plus":null,"population_75plus":null,"aging_rate_65plus":null,"aging_rate_75plus":null,"population_status":"2","population_status_target":"493244302","population_aggregation_target":null,"age_65plus_missing":true,"age_75plus_missing":true,"age_quality_flag":"ok","data_completeness":"partial"}},{"type":"Feature","geometry":{"type":"Polygon","coordinates":[[[132.50625,33.05416666666667],[132.5125,33.05416666666667],[132.5125,33.05833333333334],[132.50625,33.05833333333334],[132.50625,33.05416666666667]]]},"properties":{"type":"Feature","mesh_id":"493244604","municipality_code":"38203","municipality":"宇和島市","total_population":1,"population_65plus":null,"population_75plus":null,"aging_rate_65plus":null,"aging_rate_75plus":null,"population_status":"2","population_status_target":"493244302","population_aggregation_target":null,"age_65plus_missing":true,"age_75plus_missing":true,"age_quality_flag":"ok","data_completeness":"partial"}},{"type":"Feature","geometry":{"type":"Polygon","coordinates":[[[132.5125,33.05],[132.51874999999998,33.05],[132.51874999999998,33.05416666666667],[132.5125,33.05416666666667],[132.5125,33.05]]]},"properties":{"type":"Feature","mesh_id":"493244611","municipality_code":"38203","municipality":"宇和島市","total_population":1,"population_65plus":null,"population_75plus":null,"aging_rate_65plus":null,"aging_rate_75plus":null,"population_status":"2","population_status_target":"493244302","population_aggregation_target":null,"age_65plus_missing":true,"age_75plus_missing":true,"age_quality_flag":"ok","data_completeness":"partial"}},{"type":"Feature","geometry":{"type":"Polygon","coordinates":[[[132.53125,33.05],[132.5375,33.05],[132.5375,33.05416666666667],[132.53125,33.05416666666667],[132.53125,33.05]]]},"properties":{"type":"Feature","mesh_id":"493244623","municipality_code":"38203","municipality":"宇和島市","total_population":1,"population_65plus":null,"population_75plus":null,"aging_rate_65plus":null,"aging_rate_75plus":null,"population_status":"2","population_status_target":"493244342","population_aggregation_target":null,"age_65plus_missing":true,"age_75plus_missing":true,"age_quality_flag":"ok","data_completeness":"partial"}},{"type":"Feature","geometry":{"type":"Polygon","coordinates":[[[132.5375,33.05416666666667],[132.54375,33.05416666666667],[132.54375,33.05833333333334],[132.5375,33.05833333333334],[132.5375,33.05416666666667]]]},"properties":{"type":"Feature","mesh_id":"493244632","municipality_code":"38203","municipality":"宇和島市","total_population":7,"population_65plus":null,"population_75plus":null,"aging_rate_65plus":null,"aging_rate_75plus":null,"population_status":"2","population_status_target":"493244643","population_aggregation_target":null,"age_65plus_missing":true,"age_75plus_missing":true,"age_quality_flag":"ok","data_completeness":"partial"}},{"type":"Feature","geometry":{"type":"Polygon","coordinates":[[[132.55625,33.05],[132.5625,33.05],[132.5625,33.05416666666667],[132.55625,33.05416666666667],[132.55625,33.05]]]},"properties":{"type":"Feature","mesh_id":"493244643","municipality_code":"38203","municipality":"宇和島市","total_population":2,"population_65plus":null,"population_75plus":null,"aging_rate_65plus":null,"aging_rate_75plus":null,"population_status":"1","population_status_target":null,"population_aggregation_target":"493244632;493244644;493244722;493244752","age_65plus_missing":true,"age_75plus_missing":true,"age_quality_flag":"inconsistent_with_total","data_completeness":"partial"}},{"type":"Feature","geometry":{"type":"Polygon","coordinates":[[[132.55625,33.05416666666667],[132.5625,33.05416666666667],[132.5625,33.05833333333334],[132.55625,33.05833333333334],[132.55625,33.05416666666667]]]},"properties":{"type":"Feature","mesh_id":"493244644","municipality_code":"38203","municipality":"宇和島市","total_population":4,"population_65plus":null,"population_75plus":null,"aging_rate_65plus":null,"aging_rate_75plus":null,"population_status":"2","population_status_target":"493244643","population_aggregation_target":null,"age_65plus_missing":true,"age_75plus_missing":true,"age_quality_flag":"ok","data_completeness":"partial"}},{"type":"Feature","geometry":{"type":"Polygon","coordinates":[[[132.525,33.0625],[132.53125,33.0625],[132.53125,33.06666666666667],[132.525,33.06666666666667],[132.525,33.0625]]]},"properties":{"type":"Feature","mesh_id":"493244722","municipality_code":"38203","municipality":"宇和島市","total_population":2,"population_65plus":null,"population_75plus":null,"aging_rate_65plus":null,"aging_rate_75plus":null,"population_status":"2","population_status_target":"493244643","population_aggregation_target":null,"age_65plus_missing":true,"age_75plus_missing":true,"age_quality_flag":"ok","data_completeness":"partial"}},{"type":"Feature","geometry":{"type":"Polygon","coordinates":[[[132.5625,33.0625],[132.56875,33.0625],[132.56875,33.06666666666667],[132.5625,33.06666666666667],[132.5625,33.0625]]]},"properties":{"type":"Feature","mesh_id":"493244752","municipality_code":"38203","municipality":"宇和島市","total_population":2,"population_65plus":null,"population_75plus":null,"aging_rate_65plus":null,"aging_rate_75plus":null,"population_status":"2","population_status_target":"493244643","population_aggregation_target":null,"age_65plus_missing":true,"age_75plus_missing":true,"age_quality_flag":"ok","data_completeness":"partial"}},{"type":"Feature","geometry":{"type":"Polygon","coordinates":[[[132.575,33.05833333333333],[132.58124999999998,33.05833333333333],[132.58124999999998,33.0625],[132.575,33.0625],[132.575,33.05833333333333]]]},"properties":{"type":"Feature","mesh_id":"493244761","municipality_code":"38203","municipality":"宇和島市","total_population":2,"population_65plus":null,"population_75plus":null,"aging_rate_65plus":null,"aging_rate_75plus":null,"population_status":"2","population_status_target":"493244871","population_aggregation_target":null,"age_65plus_missing":true,"age_75plus_missing":true,"age_quality_flag":"ok","data_completeness":"partial"}},{"type":"Feature","geometry":{"type":"Polygon","coordinates":[[[132.58124999999998,33.05833333333333],[132.58749999999998,33.05833333333333],[132.58749999999998,33.0625],[132.58124999999998,33.0625],[132.58124999999998,33.05833333333333]]]},"properties":{"type":"Feature","mesh_id":"493244763","municipality_code":"38203","municipality":"宇和島市","total_population":5,"population_65plus":null,"population_75plus":null,"aging_rate_65plus":null,"aging_rate_75plus":null,"population_status":"2","population_status_target":"493244871","population_aggregation_target":null,"age_65plus_missing":true,"age_75plus_missing":true,"age_quality_flag":"ok","data_completeness":"partial"}},{"type":"Feature","geometry":{"type":"Polygon","coordinates":[[[132.5,33.06666666666667],[132.50625,33.06666666666667],[132.50625,33.07083333333334],[132.5,33.07083333333334],[132.5,33.06666666666667]]]},"properties":{"type":"Feature","mesh_id":"493244801","municipality_code":"38203","municipality":"宇和島市","total_population":5,"population_65plus":null,"population_75plus":null,"aging_rate_65plus":null,"aging_rate_75plus":null,"population_status":"2","population_status_target":"493244901","population_aggregation_target":null,"age_65plus_missing":true,"age_75plus_missing":true,"age_quality_flag":"ok","data_completeness":"partial"}},{"type":"Feature","geometry":{"type":"Polygon","coordinates":[[[132.50625,33.06666666666667],[132.5125,33.06666666666667],[132.5125,33.07083333333334],[132.50625,33.07083333333334],[132.50625,33.06666666666667]]]},"properties":{"type":"Feature","mesh_id":"493244803","municipality_code":"38203","municipality":"宇和島市","total_population":1,"population_65plus":null,"population_75plus":null,"aging_rate_65plus":null,"aging_rate_75plus":null,"population_status":"2","population_status_target":"493244901","population_aggregation_target":null,"age_65plus_missing":true,"age_75plus_missing":true,"age_quality_flag":"ok","data_completeness":"partial"}},{"type":"Feature","geometry":{"type":"Polygon","coordinates":[[[132.50625,33.07083333333334],[132.5125,33.07083333333334],[132.5125,33.07500000000001],[132.50625,33.07500000000001],[132.50625,33.07083333333334]]]},"properties":{"type":"Feature","mesh_id":"493244804","municipality_code":"38203","municipality":"宇和島市","total_population":1,"population_65plus":null,"population_75plus":null,"aging_rate_65plus":null,"aging_rate_75plus":null,"population_status":"2","population_status_target":"493244901","population_aggregation_target":null,"age_65plus_missing":true,"age_75plus_missing":true,"age_quality_flag":"ok","data_completeness":"partial"}},{"type":"Feature","geometry":{"type":"Polygon","coordinates":[[[132.5125,33.06666666666667],[132.51874999999998,33.06666666666667],[132.51874999999998,33.07083333333334],[132.5125,33.07083333333334],[132.5125,33.06666666666667]]]},"properties":{"type":"Feature","mesh_id":"493244811","municipality_code":"38203","municipality":"宇和島市","total_population":3,"population_65plus":null,"population_75plus":null,"aging_rate_65plus":null,"aging_rate_75plus":null,"population_status":"2","population_status_target":"493244901","population_aggregation_target":null,"age_65plus_missing":true,"age_75plus_missing":true,"age_quality_flag":"ok","data_completeness":"partial"}},{"type":"Feature","geometry":{"type":"Polygon","coordinates":[[[132.51874999999998,33.06666666666667],[132.52499999999998,33.06666666666667],[132.52499999999998,33.07083333333334],[132.51874999999998,33.07083333333334],[132.51874999999998,33.06666666666667]]]},"properties":{"type":"Feature","mesh_id":"493244813","municipality_code":"38203","municipality":"宇和島市","total_population":3,"population_65plus":null,"population_75plus":null,"aging_rate_65plus":null,"aging_rate_75plus":null,"population_status":"2","population_status_target":"493244901","population_aggregation_target":null,"age_65plus_missing":true,"age_75plus_missing":true,"age_quality_flag":"ok","data_completeness":"partial"}},{"type":"Feature","geometry":{"type":"Polygon","coordinates":[[[132.5875,33.06666666666667],[132.59375,33.06666666666667],[132.59375,33.07083333333334],[132.5875,33.07083333333334],[132.5875,33.06666666666667]]]},"properties":{"type":"Feature","mesh_id":"493244871","municipality_code":"38203","municipality":"宇和島市","total_population":2,"population_65plus":null,"population_75plus":null,"aging_rate_65plus":null,"aging_rate_75plus":null,"population_status":"1","population_status_target":null,"population_aggregation_target":"493244761;493244763;493244991;493244994","age_65plus_missing":true,"age_75plus_missing":true,"age_quality_flag":"inconsistent_with_total","data_completeness":"partial"}},{"type":"Feature","geometry":{"type":"Polygon","coordinates":[[[132.5,33.075],[132.50625,33.075],[132.50625,33.07916666666667],[132.5,33.07916666666667],[132.5,33.075]]]},"properties":{"type":"Feature","mesh_id":"493244901","municipality_code":"38203","municipality":"宇和島市","total_population":6,"population_65plus":null,"population_75plus":null,"aging_rate_65plus":null,"aging_rate_75plus":null,"population_status":"1","population_status_target":null,"population_aggregation_target":"493244801;493244803;493244804;493244811;493244813","age_65plus_missing":true,"age_75plus_missing":true,"age_quality_flag":"inconsistent_with_total","data_completeness":"partial"}},{"type":"Feature","geometry":{"type":"Polygon","coordinates":[[[132.50625,33.075],[132.5125,33.075],[132.5125,33.07916666666667],[132.50625,33.07916666666667],[132.50625,33.075]]]},"properties":{"type":"Feature","mesh_id":"493244903","municipality_code":"38203","municipality":"宇和島市","total_population":28,"population_65plus":13,"population_75plus":9,"aging_rate_65plus":0.4642857142857143,"aging_rate_75plus":0.32142857142857145,"population_status":"0","population_status_target":null,"population_aggregation_target":null,"age_65plus_missing":false,"age_75plus_missing":false,"age_quality_flag":"ok","data_completeness":"complete"}},{"type":"Feature","geometry":{"type":"Polygon","coordinates":[[[132.5125,33.07916666666667],[132.51874999999998,33.07916666666667],[132.51874999999998,33.08333333333334],[132.5125,33.08333333333334],[132.5125,33.07916666666667]]]},"properties":{"type":"Feature","mesh_id":"493244912","municipality_code":"38203","municipality":"宇和島市","total_population":5,"population_65plus":null,"population_75plus":null,"aging_rate_65plus":null,"aging_rate_75plus":null,"population_status":"2","population_status_target":"493244914","population_aggregation_target":null,"age_65plus_missing":true,"age_75plus_missing":true,"age_quality_flag":"ok","data_completeness":"partial"}},{"type":"Feature","geometry":{"type":"Polygon","coordinates":[[[132.51874999999998,33.07916666666667],[132.52499999999998,33.07916666666667],[132.52499999999998,33.08333333333334],[132.51874999999998,33.08333333333334],[132.51874999999998,33.07916666666667]]]},"properties":{"type":"Feature","mesh_id":"493244914","municipality_code":"38203","municipality":"宇和島市","total_population":16,"population_65plus":9,"population_75plus":2,"aging_rate_65plus":0.5625,"aging_rate_75plus":0.125,"population_status":"1","population_status_target":null,"population_aggregation_target":"493244912","age_65plus_missing":false,"age_75plus_missing":false,"age_quality_flag":"ok","data_completeness":"complete"}},{"type":"Feature","geometry":{"type":"Polygon","coordinates":[[[132.6125,33.075],[132.61875,33.075],[132.61875,33.07916666666667],[132.6125,33.07916666666667],[132.6125,33.075]]]},"properties":{"type":"Feature","mesh_id":"493244991","municipality_code":"38203","municipality":"宇和島市","total_population":5,"population_65plus":null,"population_75plus":null,"aging_rate_65plus":null,"aging_rate_75plus":null,"population_status":"2","population_status_target":"493244871","population_aggregation_target":null,"age_65plus_missing":true,"age_75plus_missing":true,"age_quality_flag":"ok","data_completeness":"partial"}},{"type":"Feature","geometry":{"type":"Polygon","coordinates":[[[132.61875,33.07916666666667],[132.625,33.07916666666667],[132.625,33.08333333333334],[132.61875,33.08333333333334],[132.61875,33.07916666666667]]]},"properties":{"type":"Feature","mesh_id":"493244994","municipality_code":"38203","municipality":"宇和島市","total_population":1,"population_65plus":null,"population_75plus":null,"aging_rate_65plus":null,"aging_rate_75plus":null,"population_status":"2","population_status_target":"493244871","population_aggregation_target":null,"age_65plus_missing":true,"age_75plus_missing":true,"age_quality_flag":"ok","data_completeness":"partial"}},{"type":"Feature","geometry":{"type":"Polygon","coordinates":[[[132.3,33.15],[132.30625,33.15],[132.30625,33.15416666666667],[132.3,33.15416666666667],[132.3,33.15]]]},"properties":{"type":"Feature","mesh_id":"493252841","municipality_code":"38203","municipality":"宇和島市","total_population":75,"population_65plus":40,"population_75plus":13,"aging_rate_65plus":0.5333333333333333,"aging_rate_75plus":0.17333333333333334,"population_status":"0","population_status_target":null,"population_aggregation_target":null,"age_65plus_missing":false,"age_75plus_missing":false,"age_quality_flag":"ok","data_completeness":"complete"}},{"type":"Feature","geometry":{"type":"Polygon","coordinates":[[[132.3,33.15416666666667],[132.30625,33.15416666666667],[132.30625,33.15833333333334],[132.3,33.15833333333334],[132.3,33.15416666666667]]]},"properties":{"type":"Feature","mesh_id":"493252842","municipality_code":"38203","municipality":"宇和島市","total_population":33,"population_65plus":25,"population_75plus":14,"aging_rate_65plus":0.7575757575757576,"aging_rate_75plus":0.42424242424242425,"population_status":"0","population_status_target":null,"population_aggregation_target":null,"age_65plus_missing":false,"age_75plus_missing":false,"age_quality_flag":"ok","data_completeness":"complete"}},{"type":"Feature","geometry":{"type":"Polygon","coordinates":[[[132.46875,33.08333333333333],[132.475,33.08333333333333],[132.475,33.0875],[132.46875,33.0875],[132.46875,33.08333333333333]]]},"properties":{"type":"Feature","mesh_id":"493253073","municipality_code":"38203","municipality":"宇和島市","total_population":27,"population_65plus":16,"population_75plus":8,"aging_rate_65plus":0.5925925925925926,"aging_rate_75plus":0.2962962962962963,"population_status":"0","population_status_target":null,"population_aggregation_target":null,"age_65plus_missing":false,"age_75plus_missing":false,"age_quality_flag":"ok","data_completeness":"complete"}},{"type":"Feature","geometry":{"type":"Polygon","coordinates":[[[132.46875,33.0875],[132.475,33.0875],[132.475,33.09166666666667],[132.46875,33.09166666666667],[132.46875,33.0875]]]},"properties":{"type":"Feature","mesh_id":"493253074","municipality_code":"38203","municipality":"宇和島市","total_population":39,"population_65plus":15,"population_75plus":4,"aging_rate_65plus":0.38461538461538464,"aging_rate_75plus":0.10256410256410256,"population_status":"0","population_status_target":null,"population_aggregation_target":null,"age_65plus_missing":false,"age_75plus_missing":false,"age_quality_flag":"ok","data_completeness":"complete"}},{"type":"Feature","geometry":{"type":"Polygon","coordinates":[[[132.475,33.08333333333333],[132.48125,33.08333333333333],[132.48125,33.0875],[132.475,33.0875],[132.475,33.08333333333333]]]},"properties":{"type":"Feature","mesh_id":"493253081","municipality_code":"38203","municipality":"宇和島市","total_population":110,"population_65plus":47,"population_75plus":24,"aging_rate_65plus":0.42727272727272725,"aging_rate_75plus":0.21818181818181817,"population_status":"0","population_status_target":null,"population_aggregation_target":null,"age_65plus_missing":false,"age_75plus_missing":false,"age_quality_flag":"ok","data_completeness":"complete"}},{"type":"Feature","geometry":{"type":"Polygon","coordinates":[[[132.48125,33.09166666666666],[132.48749999999998,33.09166666666666],[132.48749999999998,33.09583333333333],[132.48125,33.09583333333333],[132.48125,33.09166666666666]]]},"properties":{"type":"Feature","mesh_id":"493253183","municipality_code":"38203","municipality":"宇和島市","total_population":147,"population_65plus":57,"population_75plus":30,"aging_rate_65plus":0.3877551020408163,"aging_rate_75plus":0.20408163265306123,"population_status":"0","population_status_target":null,"population_aggregation_target":null,"age_65plus_missing":false,"age_75plus_missing":false,"age_quality_flag":"ok","data_completeness":"complete"}},{"type":"Feature","geometry":{"type":"Polygon","coordinates":[[[132.48125,33.09583333333333],[132.48749999999998,33.09583333333333],[132.48749999999998,33.1],[132.48125,33.1],[132.48125,33.09583333333333]]]},"properties":{"type":"Feature","mesh_id":"493253184","municipality_code":"38203","municipality":"宇和島市","total_population":36,"population_65plus":17,"population_75plus":4,"aging_rate_65plus":0.4722222222222222,"aging_rate_75plus":0.1111111111111111,"population_status":"0","population_status_target":null,"population_aggregation_target":null,"age_65plus_missing":false,"age_75plus_missing":false,"age_quality_flag":"ok","data_completeness":"complete"}},{"type":"Feature","geometry":{"type":"Polygon","coordinates":[[[132.48125,33.099999999999994],[132.48749999999998,33.099999999999994],[132.48749999999998,33.104166666666664],[132.48125,33.104166666666664],[132.48125,33.099999999999994]]]},"properties":{"type":"Feature","mesh_id":"493253283","municipality_code":"38203","municipality":"宇和島市","total_population":96,"population_65plus":41,"population_75plus":21,"aging_rate_65plus":0.4270833333333333,"aging_rate_75plus":0.21875,"population_status":"1","population_status_target":null,"population_aggregation_target":"493253381","age_65plus_missing":false,"age_75plus_missing":false,"age_quality_flag":"ok","data_completeness":"complete"}},{"type":"Feature","geometry":{"type":"Polygon","coordinates":[[[132.4875,33.104166666666664],[132.49375,33.104166666666664],[132.49375,33.108333333333334],[132.4875,33.108333333333334],[132.4875,33.104166666666664]]]},"properties":{"type":"Feature","mesh_id":"493253292","municipality_code":"38203","municipality":"宇和島市","total_population":13,"population_65plus":9,"population_75plus":3,"aging_rate_65plus":0.6923076923076923,"aging_rate_75plus":0.23076923076923078,"population_status":"0","population_status_target":null,"population_aggregation_target":null,"age_65plus_missing":false,"age_75plus_missing":false,"age_quality_flag":"ok","data_completeness":"complete"}},{"type":"Feature","geometry":{"type":"Polygon","coordinates":[[[132.46875,33.10833333333333],[132.475,33.10833333333333],[132.475,33.1125],[132.46875,33.1125],[132.46875,33.10833333333333]]]},"properties":{"type":"Feature","mesh_id":"493253373","municipality_code":"38203","municipality":"宇和島市","total_population":41,"population_65plus":17,"population_75plus":4,"aging_rate_65plus":0.4146341463414634,"aging_rate_75plus":0.0975609756097561,"population_status":"0","population_status_target":null,"population_aggregation_target":null,"age_65plus_missing":false,"age_75plus_missing":false,"age_quality_flag":"ok","data_completeness":"complete"}},{"type":"Feature","geometry":{"type":"Polygon","coordinates":[[[132.46875,33.1125],[132.475,33.1125],[132.475,33.11666666666667],[132.46875,33.11666666666667],[132.46875,33.1125]]]},"properties":{"type":"Feature","mesh_id":"493253374","municipality_code":"38203","municipality":"宇和島市","total_population":125,"population_65plus":67,"population_75plus":27,"aging_rate_65plus":0.536,"aging_rate_75plus":0.216,"population_status":"0","population_status_target":null,"population_aggregation_target":null,"age_65plus_missing":false,"age_75plus_missing":false,"age_quality_flag":"ok","data_completeness":"complete"}},{"type":"Feature","geometry":{"type":"Polygon","coordinates":[[[132.475,33.10833333333333],[132.48125,33.10833333333333],[132.48125,33.1125],[132.475,33.1125],[132.475,33.10833333333333]]]},"properties":{"type":"Feature","mesh_id":"493253381","municipality_code":"38203","municipality":"宇和島市","total_population":4,"population_65plus":null,"population_75plus":null,"aging_rate_65plus":null,"aging_rate_75plus":null,"population_status":"2","population_status_target":"493253283","population_aggregation_target":null,"age_65plus_missing":true,"age_75plus_missing":true,"age_quality_flag":"ok","data_completeness":"partial"}},{"type":"Feature","geometry":{"type":"Polygon","coordinates":[[[132.49375,33.1125],[132.5,33.1125],[132.5,33.11666666666667],[132.49375,33.11666666666667],[132.49375,33.1125]]]},"properties":{"type":"Feature","mesh_id":"493253394","municipality_code":"38203","municipality":"宇和島市","total_population":29,"population_65plus":13,"population_75plus":4,"aging_rate_65plus":0.4482758620689655,"aging_rate_75plus":0.13793103448275862,"population_status":"0","population_status_target":null,"population_aggregation_target":null,"age_65plus_missing":false,"age_75plus_missing":false,"age_quality_flag":"ok","data_completeness":"complete"}},{"type":"Feature","geometry":{"type":"Polygon","coordinates":[[[132.4625,33.11666666666666],[132.46875,33.11666666666666],[132.46875,33.12083333333333],[132.4625,33.12083333333333],[132.4625,33.11666666666666]]]},"properties":{"type":"Feature","mesh_id":"493253471","municipality_code":"38203","municipality":"宇和島市","total_population":40,"population_65plus":16,"population_75plus":8,"aging_rate_65plus":0.4,"aging_rate_75plus":0.2,"population_status":"0","population_status_target":null,"population_aggregation_target":null,"age_65plus_missing":false,"age_75plus_missing":false,"age_quality_flag":"ok","data_completeness":"complete"}},{"type":"Feature","geometry":{"type":"Polygon","coordinates":[[[132.4625,33.12083333333333],[132.46875,33.12083333333333],[132.46875,33.125],[132.4625,33.125],[132.4625,33.12083333333333]]]},"properties":{"type":"Feature","mesh_id":"493253472","municipality_code":"38203","municipality":"宇和島市","total_population":14,"population_65plus":10,"population_75plus":4,"aging_rate_65plus":0.7142857142857143,"aging_rate_75plus":0.2857142857142857,"population_status":"1","population_status_target":null,"population_aggregation_target":"493253474","age_65plus_missing":false,"age_75plus_missing":false,"age_quality_flag":"ok","data_completeness":"complete"}},{"type":"Feature","geometry":{"type":"Polygon","coordinates":[[[132.475,33.11666666666666],[132.48125,33.11666666666666],[132.48125,33.12083333333333],[132.475,33.12083333333333],[132.475,33.11666666666666]]]},"properties":{"type":"Feature","mesh_id":"493253481","municipality_code":"38203","municipality":"宇和島市","total_population":21,"population_65plus":9,"population_75plus":4,"aging_rate_65plus":0.42857142857142855,"aging_rate_75plus":0.19047619047619047,"population_status":"0","population_status_target":null,"population_aggregation_target":null,"age_65plus_missing":false,"age_75plus_missing":false,"age_quality_flag":"ok","data_completeness":"complete"}},{"type":"Feature","geometry":{"type":"Polygon","coordinates":[[[132.45,33.133333333333326],[132.45624999999998,33.133333333333326],[132.45624999999998,33.137499999999996],[132.45,33.137499999999996],[132.45,33.133333333333326]]]},"properties":{"type":"Feature","mesh_id":"493253661","municipality_code":"38203","municipality":"宇和島市","total_population":100,"population_65plus":40,"population_75plus":23,"aging_rate_65plus":0.4,"aging_rate_75plus":0.23,"population_status":"1","population_status_target":null,"population_aggregation_target":"493253563","age_65plus_missing":false,"age_75plus_missing":false,"age_quality_flag":"ok","data_completeness":"complete"}},{"type":"Feature","geometry":{"type":"Polygon","coordinates":[[[132.45624999999998,33.137499999999996],[132.46249999999998,33.137499999999996],[132.46249999999998,33.141666666666666],[132.45624999999998,33.141666666666666],[132.45624999999998,33.137499999999996]]]},"properties":{"type":"Feature","mesh_id":"493253664","municipality_code":"38203","municipality":"宇和島市","total_population":81,"population_65plus":37,"population_75plus":19,"aging_rate_65plus":0.4567901234567901,"aging_rate_75plus":0.2345679012345679,"population_status":"0","population_status_target":null,"population_aggregation_target":null,"age_65plus_missing":false,"age_75plus_missing":false,"age_quality_flag":"ok","data_completeness":"complete"}},{"type":"Feature","geometry":{"type":"Polygon","coordinates":[[[132.46875,33.137499999999996],[132.475,33.137499999999996],[132.475,33.141666666666666],[132.46875,33.141666666666666],[132.46875,33.137499999999996]]]},"properties":{"type":"Feature","mesh_id":"493253674","municipality_code":"38203","municipality":"宇和島市","total_population":31,"population_65plus":15,"population_75plus":7,"aging_rate_65plus":0.4838709677419355,"aging_rate_75plus":0.22580645161290322,"population_status":"0","population_status_target":null,"population_aggregation_target":null,"age_65plus_missing":false,"age_75plus_missing":false,"age_quality_flag":"ok","data_completeness":"complete"}},{"type":"Feature","geometry":{"type":"Polygon","coordinates":[[[132.48125,33.137499999999996],[132.48749999999998,33.137499999999996],[132.48749999999998,33.141666666666666],[132.48125,33.141666666666666],[132.48125,33.137499999999996]]]},"properties":{"type":"Feature","mesh_id":"493253684","municipality_code":"38203","municipality":"宇和島市","total_population":64,"population_65plus":29,"population_75plus":16,"aging_rate_65plus":0.453125,"aging_rate_75plus":0.25,"population_status":"0","population_status_target":null,"population_aggregation_target":null,"age_65plus_missing":false,"age_75plus_missing":false,"age_quality_flag":"ok","data_completeness":"complete"}},{"type":"Feature","geometry":{"type":"Polygon","coordinates":[[[132.4875,33.137499999999996],[132.49375,33.137499999999996],[132.49375,33.141666666666666],[132.4875,33.141666666666666],[132.4875,33.137499999999996]]]},"properties":{"type":"Feature","mesh_id":"493253692","municipality_code":"38203","municipality":"宇和島市","total_population":6,"population_65plus":null,"population_75plus":null,"aging_rate_65plus":null,"aging_rate_75plus":null,"population_status":"2","population_status_target":"493253694","population_aggregation_target":null,"age_65plus_missing":true,"age_75plus_missing":true,"age_quality_flag":"ok","data_completeness":"partial"}},{"type":"Feature","geometry":{"type":"Polygon","coordinates":[[[132.49375,33.137499999999996],[132.5,33.137499999999996],[132.5,33.141666666666666],[132.49375,33.141666666666666],[132.49375,33.137499999999996]]]},"properties":{"type":"Feature","mesh_id":"493253694","municipality_code":"38203","municipality":"宇和島市","total_population":178,"population_65plus":59,"population_75plus":26,"aging_rate_65plus":0.33146067415730335,"aging_rate_75plus":0.14606741573033707,"population_status":"1","population_status_target":null,"population_aggregation_target":"493253692","age_65plus_missing":false,"age_75plus_missing":false,"age_quality_flag":"ok","data_completeness":"complete"}},{"type":"Feature","geometry":{"type":"Polygon","coordinates":[[[132.44375,33.14166666666666],[132.45,33.14166666666666],[132.45,33.14583333333333],[132.44375,33.14583333333333],[132.44375,33.14166666666666]]]},"properties":{"type":"Feature","mesh_id":"493253753","municipality_code":"38203","municipality":"宇和島市","total_population":3,"population_65plus":null,"population_75plus":null,"aging_rate_65plus":null,"aging_rate_75plus":null,"population_status":"2","population_status_target":"493253761","population_aggregation_target":null,"age_65plus_missing":true,"age_75plus_missing":true,"age_quality_flag":"ok","data_completeness":"partial"}},{"type":"Feature","geometry":{"type":"Polygon","coordinates":[[[132.45,33.14166666666666],[132.45624999999998,33.14166666666666],[132.45624999999998,33.14583333333333],[132.45,33.14583333333333],[132.45,33.14166666666666]]]},"properties":{"type":"Feature","mesh_id":"493253761","municipality_code":"38203","municipality":"宇和島市","total_population":47,"population_65plus":19,"population_75plus":8,"aging_rate_65plus":0.40425531914893614,"aging_rate_75plus":0.1702127659574468,"population_status":"1","population_status_target":null,"population_aggregation_target":"493253752;493253753","age_65plus_missing":false,"age_75plus_missing":false,"age_quality_flag":"ok","data_completeness":"complete"}},{"type":"Feature","geometry":{"type":"Polygon","coordinates":[[[132.4625,33.14166666666666],[132.46875,33.14166666666666],[132.46875,33.14583333333333],[132.4625,33.14583333333333],[132.4625,33.14166666666666]]]},"properties":{"type":"Feature","mesh_id":"493253771","municipality_code":"38203","municipality":"宇和島市","total_population":39,"population_65plus":20,"population_75plus":11,"aging_rate_65plus":0.5128205128205128,"aging_rate_75plus":0.28205128205128205,"population_status":"1","population_status_target":null,"population_aggregation_target":"493253774","age_65plus_missing":false,"age_75plus_missing":false,"age_quality_flag":"ok","data_completeness":"complete"}},{"type":"Feature","geometry":{"type":"Polygon","coordinates":[[[132.4625,33.14583333333333],[132.46875,33.14583333333333],[132.46875,33.15],[132.4625,33.15],[132.4625,33.14583333333333]]]},"properties":{"type":"Feature","mesh_id":"493253772","municipality_code":"38203","municipality":"宇和島市","total_population":17,"population_65plus":11,"population_75plus":6,"aging_rate_65plus":0.6470588235294118,"aging_rate_75plus":0.35294117647058826,"population_status":"0","population_status_target":null,"population_aggregation_target":null,"age_65plus_missing":false,"age_75plus_missing":false,"age_quality_flag":"ok","data_completeness":"complete"}},{"type":"Feature","geometry":{"type":"Polygon","coordinates":[[[132.46875,33.14583333333333],[132.475,33.14583333333333],[132.475,33.15],[132.46875,33.15],[132.46875,33.14583333333333]]]},"properties":{"type":"Feature","mesh_id":"493253774","municipality_code":"38203","municipality":"宇和島市","total_population":8,"population_65plus":null,"population_75plus":null,"aging_rate_65plus":null,"aging_rate_75plus":null,"population_status":"2","population_status_target":"493253771","population_aggregation_target":null,"age_65plus_missing":true,"age_75plus_missing":true,"age_quality_flag":"ok","data_completeness":"partial"}},{"type":"Feature","geometry":{"type":"Polygon","coordinates":[[[132.475,33.14166666666666],[132.48125,33.14166666666666],[132.48125,33.14583333333333],[132.475,33.14583333333333],[132.475,33.14166666666666]]]},"properties":{"type":"Feature","mesh_id":"493253781","municipality_code":"38203","municipality":"宇和島市","total_population":217,"population_65plus":97,"population_75plus":50,"aging_rate_65plus":0.4470046082949309,"aging_rate_75plus":0.2304147465437788,"population_status":"1","population_status_target":null,"population_aggregation_target":"493253783","age_65plus_missing":false,"age_75plus_missing":false,"age_quality_flag":"ok","data_completeness":"complete"}},{"type":"Feature","geometry":{"type":"Polygon","coordinates":[[[132.48125,33.14166666666666],[132.48749999999998,33.14166666666666],[132.48749999999998,33.14583333333333],[132.48125,33.14583333333333],[132.48125,33.14166666666666]]]},"properties":{"type":"Feature","mesh_id":"493253783","municipality_code":"38203","municipality":"宇和島市","total_population":4,"population_65plus":null,"population_75plus":null,"aging_rate_65plus":null,"aging_rate_75plus":null,"population_status":"2","population_status_target":"493253781","population_aggregation_target":null,"age_65plus_missing":true,"age_75plus_missing":true,"age_quality_flag":"ok","data_completeness":"partial"}},{"type":"Feature","geometry":{"type":"Polygon","coordinates":[[[132.4875,33.14583333333333],[132.49375,33.14583333333333],[132.49375,33.15],[132.4875,33.15],[132.4875,33.14583333333333]]]},"properties":{"type":"Feature","mesh_id":"493253792","municipality_code":"38203","municipality":"宇和島市","total_population":15,"population_65plus":0,"population_75plus":0,"aging_rate_65plus":0.0,"aging_rate_75plus":0.0,"population_status":"0","population_status_target":null,"population_aggregation_target":null,"age_65plus_missing":false,"age_75plus_missing":false,"age_quality_flag":"ok","data_completeness":"complete"}},{"type":"Feature","geometry":{"type":"Polygon","coordinates":[[[132.425,33.15416666666667],[132.43125,33.15416666666667],[132.43125,33.15833333333334],[132.425,33.15833333333334],[132.425,33.15416666666667]]]},"properties":{"type":"Feature","mesh_id":"493253842","municipality_code":"38203","municipality":"宇和島市","total_population":62,"population_65plus":28,"population_75plus":19,"aging_rate_65plus":0.45161290322580644,"aging_rate_75plus":0.3064516129032258,"population_status":"0","population_status_target":null,"population_aggregation_target":null,"age_65plus_missing":false,"age_75plus_missing":false,"age_quality_flag":"ok","data_completeness":"complete"}},{"type":"Feature","geometry":{"type":"Polygon","coordinates":[[[132.45624999999998,33.1625],[132.46249999999998,33.1625],[132.46249999999998,33.16666666666667],[132.45624999999998,33.16666666666667],[132.45624999999998,33.1625]]]},"properties":{"type":"Feature","mesh_id":"493253964","municipality_code":"38203","municipality":"宇和島市","total_population":6,"population_65plus":null,"population_75plus":null,"aging_rate_65plus":null,"aging_rate_75plus":null,"population_status":"2","population_status_target":"493253984","population_aggregation_target":null,"age_65plus_missing":true,"age_75plus_missing":true,"age_quality_flag":"ok","data_completeness":"partial"}},{"type":"Feature","geometry":{"type":"Polygon","coordinates":[[[132.48125,33.1625],[132.48749999999998,33.1625],[132.48749999999998,33.16666666666667],[132.48125,33.16666666666667],[132.48125,33.1625]]]},"properties":{"type":"Feature","mesh_id":"493253984","municipality_code":"38203","municipality":"宇和島市","total_population":61,"population_65plus":42,"population_75plus":24,"aging_rate_65plus":0.6885245901639344,"aging_rate_75plus":0.39344262295081966,"population_status":"1","population_status_target":null,"population_aggregation_target":"493253964;493253993","age_65plus_missing":false,"age_75plus_missing":false,"age_quality_flag":"ok","data_completeness":"complete"}},{"type":"Feature","geometry":{"type":"Polygon","coordinates":[[[132.49375,33.15833333333333],[132.5,33.15833333333333],[132.5,33.1625],[132.49375,33.1625],[132.49375,33.15833333333333]]]},"properties":{"type":"Feature","mesh_id":"493253993","municipality_code":"38203","municipality":"宇和島市","total_population":3,"population_65plus":null,"population_75plus":null,"aging_rate_65plus":null,"aging_rate_75plus":null,"population_status":"2","population_status_target":"493253984","population_aggregation_target":null,"age_65plus_missing":true,"age_75plus_missing":true,"age_quality_flag":"ok","data_completeness":"partial"}},{"type":"Feature","geometry":{"type":"Polygon","coordinates":[[[132.5,33.08333333333333],[132.50625,33.08333333333333],[132.50625,33.0875],[132.5,33.0875],[132.5,33.08333333333333]]]},"properties":{"type":"Feature","mesh_id":"493254001","municipality_code":"38203","municipality":"宇和島市","total_population":62,"population_65plus":32,"population_75plus":18,"aging_rate_65plus":0.5161290322580645,"aging_rate_75plus":0.2903225806451613,"population_status":"0","population_status_target":null,"population_aggregation_target":null,"age_65plus_missing":false,"age_75plus_missing":false,"age_quality_flag":"ok","data_completeness":"complete"}},{"type":"Feature","geometry":{"type":"Polygon","coordinates":[[[132.5,33.0875],[132.50625,33.0875],[132.50625,33.09166666666667],[132.5,33.09166666666667],[132.5,33.0875]]]},"properties":{"type":"Feature","mesh_id":"493254002","municipality_code":"38203","municipality":"宇和島市","total_population":62,"population_65plus":21,"population_75plus":8,"aging_rate_65plus":0.3387096774193548,"aging_rate_75plus":0.12903225806451613,"population_status":"0","population_status_target":null,"population_aggregation_target":null,"age_65plus_missing":false,"age_75plus_missing":false,"age_quality_flag":"ok","data_completeness":"complete"}},{"type":"Feature","geometry":{"type":"Polygon","coordinates":[[[132.50625,33.0875],[132.5125,33.0875],[132.5125,33.09166666666667],[132.50625,33.09166666666667],[132.50625,33.0875]]]},"properties":{"type":"Feature","mesh_id":"493254004","municipality_code":"38203","municipality":"宇和島市","total_population":47,"population_65plus":29,"population_75plus":12,"aging_rate_65plus":0.6170212765957447,"aging_rate_75plus":0.2553191489361702,"population_status":"0","population_status_target":null,"population_aggregation_target":null,"age_65plus_missing":false,"age_75plus_missing":false,"age_quality_flag":"ok","data_completeness":"complete"}},{"type":"Feature","geometry":{"type":"Polygon","coordinates":[[[132.5125,33.08333333333333],[132.51874999999998,33.08333333333333],[132.51874999999998,33.0875],[132.5125,33.0875],[132.5125,33.08333333333333]]]},"properties":{"type":"Feature","mesh_id":"493254011","municipality_code":"38203","municipality":"宇和島市","total_population":60,"population_65plus":15,"population_75plus":4,"aging_rate_65plus":0.25,"aging_rate_75plus":0.06666666666666667,"population_status":"0","population_status_target":null,"population_aggregation_target":null,"age_65plus_missing":false,"age_75plus_missing":false,"age_quality_flag":"ok","data_completeness":"complete"}},{"type":"Feature","geometry":{"type":"Polygon","coordinates":[[[132.5125,33.0875],[132.51874999999998,33.0875],[132.51874999999998,33.09166666666667],[132.5125,33.09166666666667],[132.5125,33.0875]]]},"properties":{"type":"Feature","mesh_id":"493254012","municipality_code":"38203","municipality":"宇和島市","total_population":68,"population_65plus":23,"population_75plus":11,"aging_rate_65plus":0.3382352941176471,"aging_rate_75plus":0.16176470588235295,"population_status":"1","population_status_target":null,"population_aggregation_target":"493254014","age_65plus_missing":false,"age_75plus_missing":false,"age_quality_flag":"ok","data_completeness":"complete"}},{"type":"Feature","geometry":{"type":"Polygon","coordinates":[[[132.51874999999998,33.08333333333333],[132.52499999999998,33.08333333333333],[132.52499999999998,33.0875],[132.51874999999998,33.0875],[132.51874999999998,33.08333333333333]]]},"properties":{"type":"Feature","mesh_id":"493254013","municipality_code":"38203","municipality":"宇和島市","total_population":154,"population_65plus":46,"population_75plus":24,"aging_rate_65plus":0.2987012987012987,"aging_rate_75plus":0.15584415584415584,"population_status":"0","population_status_target":null,"population_aggregation_target":null,"age_65plus_missing":false,"age_75plus_missing":false,"age_quality_flag":"ok","data_completeness":"complete"}},{"type":"Feature","geometry":{"type":"Polygon","coordinates":[[[132.51874999999998,33.0875],[132.52499999999998,33.0875],[132.52499999999998,33.09166666666667],[132.51874999999998,33.09166666666667],[132.51874999999998,33.0875]]]},"properties":{"type":"Feature","mesh_id":"493254014","municipality_code":"38203","municipality":"宇和島市","total_population":8,"population_65plus":null,"population_75plus":null,"aging_rate_65plus":null,"aging_rate_75plus":null,"population_status":"2","population_status_target":"493254012","population_aggregation_target":null,"age_65plus_missing":true,"age_75plus_missing":true,"age_quality_flag":"ok","data_completeness":"partial"}},{"type":"Feature","geometry":{"type":"Polygon","coordinates":[[[132.525,33.0875],[132.53125,33.0875],[132.53125,33.09166666666667],[132.525,33.09166666666667],[132.525,33.0875]]]},"properties":{"type":"Feature","mesh_id":"493254022","municipality_code":"38203","municipality":"宇和島市","total_population":3,"population_65plus":null,"population_75plus":null,"aging_rate_65plus":null,"aging_rate_75plus":null,"population_status":"2","population_status_target":"493254024","population_aggregation_target":null,"age_65plus_missing":true,"age_75plus_missing":true,"age_quality_flag":"ok","data_completeness":"partial"}},{"type":"Feature","geometry":{"type":"Polygon","coordinates":[[[132.53125,33.0875],[132.5375,33.0875],[132.5375,33.09166666666667],[132.53125,33.09166666666667],[132.53125,33.0875]]]},"properties":{"type":"Feature","mesh_id":"493254024","municipality_code":"38203","municipality":"宇和島市","total_population":11,"population_65plus":9,"population_75plus":7,"aging_rate_65plus":0.8181818181818182,"aging_rate_75plus":0.6363636363636364,"population_status":"1","population_status_target":null,"population_aggregation_target":"493254022","age_65plus_missing":false,"age_75plus_missing":false,"age_quality_flag":"ok","data_completeness":"complete"}},{"type":"Feature","geometry":{"type":"Polygon","coordinates":[[[132.55625,33.0875],[132.5625,33.0875],[132.5625,33.09166666666667],[132.55625,33.09166666666667],[132.55625,33.0875]]]},"properties":{"type":"Feature","mesh_id":"493254044","municipality_code":"38203","municipality":"宇和島市","total_population":1,"population_65plus":null,"population_75plus":null,"aging_rate_65plus":null,"aging_rate_75plus":null,"population_status":"2","population_status_target":"493254252","population_aggregation_target":null,"age_65plus_missing":true,"age_75plus_missing":true,"age_quality_flag":"ok","data_completeness":"partial"}},{"type":"Feature","geometry":{"type":"Polygon","coordinates":[[[132.61875,33.0875],[132.625,33.0875],[132.625,33.09166666666667],[132.61875,33.09166666666667],[132.61875,33.0875]]]},"properties":{"type":"Feature","mesh_id":"493254094","municipality_code":"38203","municipality":"宇和島市","total_population":5,"population_65plus":null,"population_75plus":null,"aging_rate_65plus":null,"aging_rate_75plus":null,"population_status":"2","population_status_target":"493254194","population_aggregation_target":null,"age_65plus_missing":true,"age_75plus_missing":true,"age_quality_flag":"ok","data_completeness":"partial"}},{"type":"Feature","geometry":{"type":"Polygon","coordinates":[[[132.50625,33.09583333333333],[132.5125,33.09583333333333],[132.5125,33.1],[132.50625,33.1],[132.50625,33.09583333333333]]]},"properties":{"type":"Feature","mesh_id":"493254104","municipality_code":"38203","municipality":"宇和島市","total_population":48,"population_65plus":24,"population_75plus":11,"aging_rate_65plus":0.5,"aging_rate_75plus":0.22916666666666666,"population_status":"0","population_status_target":null,"population_aggregation_target":null,"age_65plus_missing":false,"age_75plus_missing":false,"age_quality_flag":"ok","data_completeness":"complete"}},{"type":"Feature","geometry":{"type":"Polygon","coordinates":[[[132.5125,33.09166666666666],[132.51874999999998,33.09166666666666],[132.51874999999998,33.09583333333333],[132.5125,33.09583333333333],[132.5125,33.09166666666666]]]},"properties":{"type":"Feature","mesh_id":"493254111","municipality_code":"38203","municipality":"宇和島市","total_population":7,"population_65plus":null,"population_75plus":null,"aging_rate_65plus":null,"aging_rate_75plus":null,"population_status":"2","population_status_target":"493254113","population_aggregation_target":null,"age_65plus_missing":true,"age_75plus_missing":true,"age_quality_flag":"ok","data_completeness":"partial"}},{"type":"Feature","geometry":{"type":"Polygon","coordinates":[[[132.51874999999998,33.09166666666666],[132.52499999999998,33.09166666666666],[132.52499999999998,33.09583333333333],[132.51874999999998,33.09583333333333],[132.51874999999998,33.09166666666666]]]},"properties":{"type":"Feature","mesh_id":"493254113","municipality_code":"38203","municipality":"宇和島市","total_population":59,"population_65plus":23,"population_75plus":5,"aging_rate_65plus":0.3898305084745763,"aging_rate_75plus":0.0847457627118644,"population_status":"1","population_status_target":null,"population_aggregation_target":"493254111","age_65plus_missing":false,"age_75plus_missing":false,"age_quality_flag":"ok","data_completeness":"complete"}},{"type":"Feature","geometry":{"type":"Polygon","coordinates":[[[132.525,33.09166666666666],[132.53125,33.09166666666666],[132.53125,33.09583333333333],[132.525,33.09583333333333],[132.525,33.09166666666666]]]},"properties":{"type":"Feature","mesh_id":"493254121","municipality_code":"38203","municipality":"宇和島市","total_population":3,"population_65plus":null,"population_75plus":null,"aging_rate_65plus":null,"aging_rate_75plus":null,"population_status":"2","population_status_target":"493254124","population_aggregation_target":null,"age_65plus_missing":true,"age_75plus_missing":true,"age_quality_flag":"ok","data_completeness":"partial"}},{"type":"Feature","geometry":{"type":"Polygon","coordinates":[[[132.53125,33.09583333333333],[132.5375,33.09583333333333],[132.5375,33.1],[132.53125,33.1],[132.53125,33.09583333333333]]]},"properties":{"type":"Feature","mesh_id":"493254124","municipality_code":"38203","municipality":"宇和島市","total_population":32,"population_65plus":16,"population_75plus":8,"aging_rate_65plus":0.5,"aging_rate_75plus":0.25,"population_status":"1","population_status_target":null,"population_aggregation_target":"493254121","age_65plus_missing":false,"age_75plus_missing":false,"age_quality_flag":"ok","data_completeness":"complete"}},{"type":"Feature","geometry":{"type":"Polygon","coordinates":[[[132.54375,33.09166666666666],[132.54999999999998,33.09166666666666],[132.54999999999998,33.09583333333333],[132.54375,33.09583333333333],[132.54375,33.09166666666666]]]},"properties":{"type":"Feature","mesh_id":"493254133","municipality_code":"38203","municipality":"宇和島市","total_population":7,"population_65plus":null,"population_75plus":null,"aging_rate_65plus":null,"aging_rate_75plus":null,"population_status":"2","population_status_target":"493254231","population_aggregation_target":null,"age_65plus_missing":true,"age_75plus_missing":true,"age_quality_flag":"ok","data_completeness":"partial"}},{"type":"Feature","geometry":{"type":"Polygon","coordinates":[[[132.5625,33.09166666666666],[132.56875,33.09166666666666],[132.56875,33.09583333333333],[132.5625,33.09583333333333],[132.5625,33.09166666666666]]]},"properties":{"type":"Feature","mesh_id":"493254151","municipality_code":"38203","municipality":"宇和島市","total_population":1,"population_65plus":null,"population_75plus":null,"aging_rate_65plus":null,"aging_rate_75plus":null,"population_status":"2","population_status_target":"493254261","population_aggregation_target":null,"age_65plus_missing":true,"age_75plus_missing":true,"age_quality_flag":"ok","data_completeness":"partial"}},{"type":"Feature","geometry":{"type":"Polygon","coordinates":[[[132.5625,33.09583333333333],[132.56875,33.09583333333333],[132.56875,33.1],[132.5625,33.1],[132.5625,33.09583333333333]]]},"properties":{"type":"Feature","mesh_id":"493254152","municipality_code":"38203","municipality":"宇和島市","total_population":2,"population_65plus":null,"population_75plus":null,"aging_rate_65plus":null,"aging_rate_75plus":null,"population_status":"2","population_status_target":"493254261","population_aggregation_target":null,"age_65plus_missing":true,"age_75plus_missing":true,"age_quality_flag":"ok","data_completeness":"partial"}},{"type":"Feature","geometry":{"type":"Polygon","coordinates":[[[132.59375,33.09583333333333],[132.6,33.09583333333333],[132.6,33.1],[132.59375,33.1],[132.59375,33.09583333333333]]]},"properties":{"type":"Feature","mesh_id":"493254174","municipality_code":"38203","municipality":"宇和島市","total_population":12,"population_65plus":7,"population_75plus":3,"aging_rate_65plus":0.5833333333333334,"aging_rate_75plus":0.25,"population_status":"1","population_status_target":null,"population_aggregation_target":"493254381","age_65plus_missing":false,"age_75plus_missing":false,"age_quality_flag":"ok","data_completeness":"complete"}},{"type":"Feature","geometry":{"type":"Polygon","coordinates":[[[132.6,33.09583333333333],[132.60625,33.09583333333333],[132.60625,33.1],[132.6,33.1],[132.6,33.09583333333333]]]},"properties":{"type":"Feature","mesh_id":"493254182","municipality_code":"38203","municipality":"宇和島市","total_population":1,"population_65plus":null,"population_75plus":null,"aging_rate_65plus":null,"aging_rate_75plus":null,"population_status":"2","population_status_target":"493254194","population_aggregation_target":null,"age_65plus_missing":true,"age_75plus_missing":true,"age_quality_flag":"ok","data_completeness":"partial"}},{"type":"Feature","geometry":{"type":"Polygon","coordinates":[[[132.60625,33.09583333333333],[132.61249999999998,33.09583333333333],[132.61249999999998,33.1],[132.60625,33.1],[132.60625,33.09583333333333]]]},"properties":{"type":"Feature","mesh_id":"493254184","municipality_code":"38203","municipality":"宇和島市","total_population":6,"population_65plus":null,"population_75plus":null,"aging_rate_65plus":null,"aging_rate_75plus":null,"population_status":"2","population_status_target":"493254194","population_aggregation_target":null,"age_65plus_missing":true,"age_75plus_missing":true,"age_quality_flag":"ok","data_completeness":"partial"}},{"type":"Feature","geometry":{"type":"Polygon","coordinates":[[[132.61875,33.09166666666666],[132.625,33.09166666666666],[132.625,33.09583333333333],[132.61875,33.09583333333333],[132.61875,33.09166666666666]]]},"properties":{"type":"Feature","mesh_id":"493254193","municipality_code":"38203","municipality":"宇和島市","total_population":3,"population_65plus":null,"population_75plus":null,"aging_rate_65plus":null,"aging_rate_75plus":null,"population_status":"2","population_status_target":"493254194","population_aggregation_target":null,"age_65plus_missing":true,"age_75plus_missing":true,"age_quality_flag":"ok","data_completeness":"partial"}},{"type":"Feature","geometry":{"type":"Polygon","coordinates":[[[132.61875,33.09583333333333],[132.625,33.09583333333333],[132.625,33.1],[132.61875,33.1],[132.61875,33.09583333333333]]]},"properties":{"type":"Feature","mesh_id":"493254194","municipality_code":"38203","municipality":"宇和島市","total_population":69,"population_65plus":53,"population_75plus":31,"aging_rate_65plus":0.7681159420289855,"aging_rate_75plus":0.4492753623188406,"population_status":"1","population_status_target":null,"population_aggregation_target":"493254094;493254182;493254184;493254193;493254292","age_65plus_missing":false,"age_75plus_missing":false,"age_quality_flag":"ok","data_completeness":"complete"}},{"type":"Feature","geometry":{"type":"Polygon","coordinates":[[[132.5,33.099999999999994],[132.50625,33.099999999999994],[132.50625,33.104166666666664],[132.5,33.104166666666664],[132.5,33.099999999999994]]]},"properties":{"type":"Feature","mesh_id":"493254201","municipality_code":"38203","municipality":"宇和島市","total_population":39,"population_65plus":16,"population_75plus":6,"aging_rate_65plus":0.41025641025641024,"aging_rate_75plus":0.15384615384615385,"population_status":"0","population_status_target":null,"population_aggregation_target":null,"age_65plus_missing":false,"age_75plus_missing":false,"age_quality_flag":"ok","data_completeness":"complete"}},{"type":"Feature","geometry":{"type":"Polygon","coordinates":[[[132.5,33.104166666666664],[132.50625,33.104166666666664],[132.50625,33.108333333333334],[132.5,33.108333333333334],[132.5,33.104166666666664]]]},"properties":{"type":"Feature","mesh_id":"493254202","municipality_code":"38203","municipality":"宇和島市","total_population":26,"population_65plus":13,"population_75plus":4,"aging_rate_65plus":0.5,"aging_rate_75plus":0.15384615384615385,"population_status":"0","population_status_target":null,"population_aggregation_target":null,"age_65plus_missing":false,"age_75plus_missing":false,"age_quality_flag":"ok","data_completeness":"complete"}},{"type":"Feature","geometry":{"type":"Polygon","coordinates":[[[132.50625,33.099999999999994],[132.5125,33.099999999999994],[132.5125,33.104166666666664],[132.50625,33.104166666666664],[132.50625,33.099999999999994]]]},"properties":{"type":"Feature","mesh_id":"493254203","municipality_code":"38203","municipality":"宇和島市","total_population":56,"population_65plus":26,"population_75plus":12,"aging_rate_65plus":0.4642857142857143,"aging_rate_75plus":0.21428571428571427,"population_status":"0","population_status_target":null,"population_aggregation_target":null,"age_65plus_missing":false,"age_75plus_missing":false,"age_quality_flag":"ok","data_completeness":"complete"}},{"type":"Feature","geometry":{"type":"Polygon","coordinates":[[[132.50625,33.104166666666664],[132.5125,33.104166666666664],[132.5125,33.108333333333334],[132.50625,33.108333333333334],[132.50625,33.104166666666664]]]},"properties":{"type":"Feature","mesh_id":"493254204","municipality_code":"38203","municipality":"宇和島市","total_population":54,"population_65plus":22,"population_75plus":11,"aging_rate_65plus":0.4074074074074074,"aging_rate_75plus":0.2037037037037037,"population_status":"0","population_status_target":null,"population_aggregation_target":null,"age_65plus_missing":false,"age_75plus_missing":false,"age_quality_flag":"ok","data_completeness":"complete"}},{"type":"Feature","geometry":{"type":"Polygon","coordinates":[[[132.51874999999998,33.099999999999994],[132.52499999999998,33.099999999999994],[132.52499999999998,33.104166666666664],[132.51874999999998,33.104166666666664],[132.51874999999998,33.099999999999994]]]},"properties":{"type":"Feature","mesh_id":"493254213","municipality_code":"38203","municipality":"宇和島市","total_population":18,"population_65plus":6,"population_75plus":3,"aging_rate_65plus":0.3333333333333333,"aging_rate_75plus":0.16666666666666666,"population_status":"0","population_status_target":null,"population_aggregation_target":null,"age_65plus_missing":false,"age_75plus_missing":false,"age_quality_flag":"ok","data_completeness":"complete"}},{"type":"Feature","geometry":{"type":"Polygon","coordinates":[[[132.5375,33.099999999999994],[132.54375,33.099999999999994],[132.54375,33.104166666666664],[132.5375,33.104166666666664],[132.5375,33.099999999999994]]]},"properties":{"type":"Feature","mesh_id":"493254231","municipality_code":"38203","municipality":"宇和島市","total_population":67,"population_65plus":32,"population_75plus":12,"aging_rate_65plus":0.47761194029850745,"aging_rate_75plus":0.1791044776119403,"population_status":"1","population_status_target":null,"population_aggregation_target":"493254133","age_65plus_missing":false,"age_75plus_missing":false,"age_quality_flag":"ok","data_completeness":"complete"}},{"type":"Feature","geometry":{"type":"Polygon","coordinates":[[[132.54375,33.099999999999994],[132.54999999999998,33.099999999999994],[132.54999999999998,33.104166666666664],[132.54375,33.104166666666664],[132.54375,33.099999999999994]]]},"properties":{"type":"Feature","mesh_id":"493254233","municipality_code":"38203","municipality":"宇和島市","total_population":49,"population_65plus":19,"population_75plus":13,"aging_rate_65plus":0.3877551020408163,"aging_rate_75plus":0.2653061224489796,"population_status":"0","population_status_target":null,"population_aggregation_target":null,"age_65plus_missing":false,"age_75plus_missing":false,"age_quality_flag":"ok","data_completeness":"complete"}},{"type":"Feature","geometry":{"type":"Polygon","coordinates":[[[132.54375,33.104166666666664],[132.54999999999998,33.104166666666664],[132.54999999999998,33.108333333333334],[132.54375,33.108333333333334],[132.54375,33.104166666666664]]]},"properties":{"type":"Feature","mesh_id":"493254234","municipality_code":"38203","municipality":"宇和島市","total_population":40,"population_65plus":25,"population_75plus":13,"aging_rate_65plus":0.625,"aging_rate_75plus":0.325,"population_status":"0","population_status_target":null,"population_aggregation_target":null,"age_65plus_missing":false,"age_75plus_missing":false,"age_quality_flag":"ok","data_completeness":"complete"}},{"type":"Feature","geometry":{"type":"Polygon","coordinates":[[[132.5625,33.104166666666664],[132.56875,33.104166666666664],[132.56875,33.108333333333334],[132.5625,33.108333333333334],[132.5625,33.104166666666664]]]},"properties":{"type":"Feature","mesh_id":"493254252","municipality_code":"38203","municipality":"宇和島市","total_population":9,"population_65plus":5,"population_75plus":3,"aging_rate_65plus":0.5555555555555556,"aging_rate_75plus":0.3333333333333333,"population_status":"1","population_status_target":null,"population_aggregation_target":"493254044;493254254","age_65plus_missing":false,"age_75plus_missing":false,"age_quality_flag":"ok","data_completeness":"complete"}},{"type":"Feature","geometry":{"type":"Polygon","coordinates":[[[132.56875,33.104166666666664],[132.575,33.104166666666664],[132.575,33.108333333333334],[132.56875,33.108333333333334],[132.56875,33.104166666666664]]]},"properties":{"type":"Feature","mesh_id":"493254254","municipality_code":"38203","municipality":"宇和島市","total_population":2,"population_65plus":null,"population_75plus":null,"aging_rate_65plus":null,"aging_rate_75plus":null,"population_status":"2","population_status_target":"493254252","population_aggregation_target":null,"age_65plus_missing":true,"age_75plus_missing":true,"age_quality_flag":"ok","data_completeness":"partial"}},{"type":"Feature","geometry":{"type":"Polygon","coordinates":[[[132.575,33.099999999999994],[132.58124999999998,33.099999999999994],[132.58124999999998,33.104166666666664],[132.575,33.104166666666664],[132.575,33.099999999999994]]]},"properties":{"type":"Feature","mesh_id":"493254261","municipality_code":"38203","municipality":"宇和島市","total_population":10,"population_65plus":1,"population_75plus":1,"aging_rate_65plus":0.1,"aging_rate_75plus":0.1,"population_status":"1","population_status_target":null,"population_aggregation_target":"493254151;493254152","age_65plus_missing":false,"age_75plus_missing":false,"age_quality_flag":"ok","data_completeness":"complete"}},{"type":"Feature","geometry":{"type":"Polygon","coordinates":[[[132.58124999999998,33.099999999999994],[132.58749999999998,33.099999999999994],[132.58749999999998,33.104166666666664],[132.58124999999998,33.104166666666664],[132.58124999999998,33.099999999999994]]]},"properties":{"type":"Feature","mesh_id":"493254263","municipality_code":"38203","municipality":"宇和島市","total_population":87,"population_65plus":79,"population_75plus":71,"aging_rate_65plus":0.9080459770114943,"aging_rate_75plus":0.8160919540229885,"population_status":"1","population_status_target":null,"population_aggregation_target":"493254361","age_65plus_missing":false,"age_75plus_missing":false,"age_quality_flag":"ok","data_completeness":"complete"}},{"type":"Feature","geometry":{"type":"Polygon","coordinates":[[[132.6125,33.104166666666664],[132.61875,33.104166666666664],[132.61875,33.108333333333334],[132.6125,33.108333333333334],[132.6125,33.104166666666664]]]},"properties":{"type":"Feature","mesh_id":"493254292","municipality_code":"38203","municipality":"宇和島市","total_population":3,"population_65plus":null,"population_75plus":null,"aging_rate_65plus":null,"aging_rate_75plus":null,"population_status":"2","population_status_target":"493254194","population_aggregation_target":null,"age_65plus_missing":true,"age_75plus_missing":true,"age_quality_flag":"ok","data_completeness":"partial"}},{"type":"Feature","geometry":{"type":"Polygon","coordinates":[[[132.50625,33.10833333333333],[132.5125,33.10833333333333],[132.5125,33.1125],[132.50625,33.1125],[132.50625,33.10833333333333]]]},"properties":{"type":"Feature","mesh_id":"493254303","municipality_code":"38203","municipality":"宇和島市","total_population":2,"population_65plus":null,"population_75plus":null,"aging_rate_65plus":null,"aging_rate_75plus":null,"population_status":"2","population_status_target":"493254401","population_aggregation_target":null,"age_65plus_missing":true,"age_75plus_missing":true,"age_quality_flag":"ok","data_completeness":"partial"}},{"type":"Feature","geometry":{"type":"Polygon","coordinates":[[[132.5125,33.10833333333333],[132.51874999999998,33.10833333333333],[132.51874999999998,33.1125],[132.5125,33.1125],[132.5125,33.10833333333333]]]},"properties":{"type":"Feature","mesh_id":"493254311","municipality_code":"38203","municipality":"宇和島市","total_population":50,"population_65plus":17,"population_75plus":10,"aging_rate_65plus":0.34,"aging_rate_75plus":0.2,"population_status":"0","population_status_target":null,"population_aggregation_target":null,"age_65plus_missing":false,"age_75plus_missing":false,"age_quality_flag":"ok","data_completeness":"complete"}},{"type":"Feature","geometry":{"type":"Polygon","coordinates":[[[132.5125,33.1125],[132.51874999999998,33.1125],[132.51874999999998,33.11666666666667],[132.5125,33.11666666666667],[132.5125,33.1125]]]},"properties":{"type":"Feature","mesh_id":"493254312","municipality_code":"38203","municipality":"宇和島市","total_population":17,"population_65plus":6,"population_75plus":5,"aging_rate_65plus":0.35294117647058826,"aging_rate_75plus":0.29411764705882354,"population_status":"0","population_status_target":null,"population_aggregation_target":null,"age_65plus_missing":false,"age_75plus_missing":false,"age_quality_flag":"ok","data_completeness":"complete"}},{"type":"Feature","geometry":{"type":"Polygon","coordinates":[[[132.51874999999998,33.1125],[132.52499999999998,33.1125],[132.52499999999998,33.11666666666667],[132.51874999999998,33.11666666666667],[132.51874999999998,33.1125]]]},"properties":{"type":"Feature","mesh_id":"493254314","municipality_code":"38203","municipality":"宇和島市","total_population":62,"population_65plus":23,"population_75plus":8,"aging_rate_65plus":0.3709677419354839,"aging_rate_75plus":0.12903225806451613,"population_status":"0","population_status_target":null,"population_aggregation_target":null,"age_65plus_missing":false,"age_75plus_missing":false,"age_quality_flag":"ok","data_completeness":"complete"}},{"type":"Feature","geometry":{"type":"Polygon","coordinates":[[[132.5375,33.10833333333333],[132.54375,33.10833333333333],[132.54375,33.1125],[132.5375,33.1125],[132.5375,33.10833333333333]]]},"properties":{"type":"Feature","mesh_id":"493254331","municipality_code":"38203","municipality":"宇和島市","total_population":52,"population_65plus":22,"population_75plus":14,"aging_rate_65plus":0.4230769230769231,"aging_rate_75plus":0.2692307692307692,"population_status":"0","population_status_target":null,"population_aggregation_target":null,"age_65plus_missing":false,"age_75plus_missing":false,"age_quality_flag":"ok","data_completeness":"complete"}},{"type":"Feature","geometry":{"type":"Polygon","coordinates":[[[132.5375,33.1125],[132.54375,33.1125],[132.54375,33.11666666666667],[132.5375,33.11666666666667],[132.5375,33.1125]]]},"properties":{"type":"Feature","mesh_id":"493254332","municipality_code":"38203","municipality":"宇和島市","total_population":40,"population_65plus":17,"population_75plus":7,"aging_rate_65plus":0.425,"aging_rate_75plus":0.175,"population_status":"0","population_status_target":null,"population_aggregation_target":null,"age_65plus_missing":false,"age_75plus_missing":false,"age_quality_flag":"ok","data_completeness":"complete"}},{"type":"Feature","geometry":{"type":"Polygon","coordinates":[[[132.54375,33.10833333333333],[132.54999999999998,33.10833333333333],[132.54999999999998,33.1125],[132.54375,33.1125],[132.54375,33.10833333333333]]]},"properties":{"type":"Feature","mesh_id":"493254333","municipality_code":"38203","municipality":"宇和島市","total_population":31,"population_65plus":5,"population_75plus":2,"aging_rate_65plus":0.16129032258064516,"aging_rate_75plus":0.06451612903225806,"population_status":"0","population_status_target":null,"population_aggregation_target":null,"age_65plus_missing":false,"age_75plus_missing":false,"age_quality_flag":"ok","data_completeness":"complete"}},{"type":"Feature","geometry":{"type":"Polygon","coordinates":[[[132.54375,33.1125],[132.54999999999998,33.1125],[132.54999999999998,33.11666666666667],[132.54375,33.11666666666667],[132.54375,33.1125]]]},"properties":{"type":"Feature","mesh_id":"493254334","municipality_code":"38203","municipality":"宇和島市","total_population":28,"population_65plus":17,"population_75plus":13,"aging_rate_65plus":0.6071428571428571,"aging_rate_75plus":0.4642857142857143,"population_status":"0","population_status_target":null,"population_aggregation_target":null,"age_65plus_missing":false,"age_75plus_missing":false,"age_quality_flag":"ok","data_completeness":"complete"}},{"type":"Feature","geometry":{"type":"Polygon","coordinates":[[[132.5625,33.1125],[132.56875,33.1125],[132.56875,33.11666666666667],[132.5625,33.11666666666667],[132.5625,33.1125]]]},"properties":{"type":"Feature","mesh_id":"493254352","municipality_code":"38203","municipality":"宇和島市","total_population":13,"population_65plus":6,"population_75plus":5,"aging_rate_65plus":0.46153846153846156,"aging_rate_75plus":0.38461538461538464,"population_status":"0","population_status_target":null,"population_aggregation_target":null,"age_65plus_missing":false,"age_75plus_missing":false,"age_quality_flag":"ok","data_completeness":"complete"}},{"type":"Feature","geometry":{"type":"Polygon","coordinates":[[[132.56875,33.10833333333333],[132.575,33.10833333333333],[132.575,33.1125],[132.56875,33.1125],[132.56875,33.10833333333333]]]},"properties":{"type":"Feature","mesh_id":"493254353","municipality_code":"38203","municipality":"宇和島市","total_population":23,"population_65plus":9,"population_75plus":7,"aging_rate_65plus":0.391304347826087,"aging_rate_75plus":0.30434782608695654,"population_status":"0","population_status_target":null,"population_aggregation_target":null,"age_65plus_missing":false,"age_75plus_missing":false,"age_quality_flag":"ok","data_completeness":"complete"}},{"type":"Feature","geometry":{"type":"Polygon","coordinates":[[[132.56875,33.1125],[132.575,33.1125],[132.575,33.11666666666667],[132.56875,33.11666666666667],[132.56875,33.1125]]]},"properties":{"type":"Feature","mesh_id":"493254354","municipality_code":"38203","municipality":"宇和島市","total_population":68,"population_65plus":44,"population_75plus":21,"aging_rate_65plus":0.6470588235294118,"aging_rate_75plus":0.3088235294117647,"population_status":"0","population_status_target":null,"population_aggregation_target":null,"age_65plus_missing":false,"age_75plus_missing":false,"age_quality_flag":"ok","data_completeness":"complete"}},{"type":"Feature","geometry":{"type":"Polygon","coordinates":[[[132.575,33.10833333333333],[132.58124999999998,33.10833333333333],[132.58124999999998,33.1125],[132.575,33.1125],[132.575,33.10833333333333]]]},"properties":{"type":"Feature","mesh_id":"493254361","municipality_code":"38203","municipality":"宇和島市","total_population":7,"population_65plus":null,"population_75plus":null,"aging_rate_65plus":null,"aging_rate_75plus":null,"population_status":"2","population_status_target":"493254263","population_aggregation_target":null,"age_65plus_missing":true,"age_75plus_missing":true,"age_quality_flag":"ok","data_completeness":"partial"}},{"type":"Feature","geometry":{"type":"Polygon","coordinates":[[[132.6,33.10833333333333],[132.60625,33.10833333333333],[132.60625,33.1125],[132.6,33.1125],[132.6,33.10833333333333]]]},"properties":{"type":"Feature","mesh_id":"493254381","municipality_code":"38203","municipality":"宇和島市","total_population":2,"population_65plus":null,"population_75plus":null,"aging_rate_65plus":null,"aging_rate_75plus":null,"population_status":"2","population_status_target":"493254174","population_aggregation_target":null,"age_65plus_missing":true,"age_75plus_missing":true,"age_quality_flag":"ok","data_completeness":"partial"}},{"type":"Feature","geometry":{"type":"Polygon","coordinates":[[[132.5,33.11666666666666],[132.50625,33.11666666666666],[132.50625,33.12083333333333],[132.5,33.12083333333333],[132.5,33.11666666666666]]]},"properties":{"type":"Feature","mesh_id":"493254401","municipality_code":"38203","municipality":"宇和島市","total_population":85,"population_65plus":30,"population_75plus":16,"aging_rate_65plus":0.35294117647058826,"aging_rate_75plus":0.18823529411764706,"population_status":"1","population_status_target":null,"population_aggregation_target":"493254303","age_65plus_missing":false,"age_75plus_missing":false,"age_quality_flag":"ok","data_completeness":"complete"}},{"type":"Feature","geometry":{"type":"Polygon","coordinates":[[[132.5,33.12083333333333],[132.50625,33.12083333333333],[132.50625,33.125],[132.5,33.125],[132.5,33.12083333333333]]]},"properties":{"type":"Feature","mesh_id":"493254402","municipality_code":"38203","municipality":"宇和島市","total_population":19,"population_65plus":8,"population_75plus":4,"aging_rate_65plus":0.42105263157894735,"aging_rate_75plus":0.21052631578947367,"population_status":"0","population_status_target":null,"population_aggregation_target":null,"age_65plus_missing":false,"age_75plus_missing":false,"age_quality_flag":"ok","data_completeness":"complete"}},{"type":"Feature","geometry":{"type":"Polygon","coordinates":[[[132.50625,33.11666666666666],[132.5125,33.11666666666666],[132.5125,33.12083333333333],[132.50625,33.12083333333333],[132.50625,33.11666666666666]]]},"properties":{"type":"Feature","mesh_id":"493254403","municipality_code":"38203","municipality":"宇和島市","total_population":6,"population_65plus":null,"population_75plus":null,"aging_rate_65plus":null,"aging_rate_75plus":null,"population_status":"2","population_status_target":"493254404","population_aggregation_target":null,"age_65plus_missing":true,"age_75plus_missing":true,"age_quality_flag":"ok","data_completeness":"partial"}},{"type":"Feature","geometry":{"type":"Polygon","coordinates":[[[132.50625,33.12083333333333],[132.5125,33.12083333333333],[132.5125,33.125],[132.50625,33.125],[132.50625,33.12083333333333]]]},"properties":{"type":"Feature","mesh_id":"493254404","municipality_code":"38203","municipality":"宇和島市","total_population":29,"population_65plus":12,"population_75plus":3,"aging_rate_65plus":0.41379310344827586,"aging_rate_75plus":0.10344827586206896,"population_status":"1","population_status_target":null,"population_aggregation_target":"493254403","age_65plus_missing":false,"age_75plus_missing":false,"age_quality_flag":"ok","data_completeness":"complete"}},{"type":"Feature","geometry":{"type":"Polygon","coordinates":[[[132.5125,33.11666666666666],[132.51874999999998,33.11666666666666],[132.51874999999998,33.12083333333333],[132.5125,33.12083333333333],[132.5125,33.11666666666666]]]},"properties":{"type":"Feature","mesh_id":"493254411","municipality_code":"38203","municipality":"宇和島市","total_population":227,"population_65plus":81,"population_75plus":40,"aging_rate_65plus":0.3568281938325991,"aging_rate_75plus":0.1762114537444934,"population_status":"0","population_status_target":null,"population_aggregation_target":null,"age_65plus_missing":false,"age_75plus_missing":false,"age_quality_flag":"ok","data_completeness":"complete"}},{"type":"Feature","geometry":{"type":"Polygon","coordinates":[[[132.5125,33.12083333333333],[132.51874999999998,33.12083333333333],[132.51874999999998,33.125],[132.5125,33.125],[132.5125,33.12083333333333]]]},"properties":{"type":"Feature","mesh_id":"493254412","municipality_code":"38203","municipality":"宇和島市","total_population":182,"population_65plus":69,"population_75plus":34,"aging_rate_65plus":0.3791208791208791,"aging_rate_75plus":0.18681318681318682,"population_status":"0","population_status_target":null,"population_aggregation_target":null,"age_65plus_missing":false,"age_75plus_missing":false,"age_quality_flag":"ok","data_completeness":"complete"}},{"type":"Feature","geometry":{"type":"Polygon","coordinates":[[[132.51874999999998,33.11666666666666],[132.52499999999998,33.11666666666666],[132.52499999999998,33.12083333333333],[132.51874999999998,33.12083333333333],[132.51874999999998,33.11666666666666]]]},"properties":{"type":"Feature","mesh_id":"493254413","municipality_code":"38203","municipality":"宇和島市","total_population":240,"population_65plus":53,"population_75plus":28,"aging_rate_65plus":0.22083333333333333,"aging_rate_75plus":0.11666666666666667,"population_status":"0","population_status_target":null,"population_aggregation_target":null,"age_65plus_missing":false,"age_75plus_missing":false,"age_quality_flag":"ok","data_completeness":"complete"}},{"type":"Feature","geometry":{"type":"Polygon","coordinates":[[[132.51874999999998,33.12083333333333],[132.52499999999998,33.12083333333333],[132.52499999999998,33.125],[132.51874999999998,33.125],[132.51874999999998,33.12083333333333]]]},"properties":{"type":"Feature","mesh_id":"493254414","municipality_code":"38203","municipality":"宇和島市","total_population":391,"population_65plus":185,"population_75plus":111,"aging_rate_65plus":0.4731457800511509,"aging_rate_75plus":0.28388746803069054,"population_status":"0","population_status_target":null,"population_aggregation_target":null,"age_65plus_missing":false,"age_75plus_missing":false,"age_quality_flag":"ok","data_completeness":"complete"}},{"type":"Feature","geometry":{"type":"Polygon","coordinates":[[[132.5375,33.12083333333333],[132.54375,33.12083333333333],[132.54375,33.125],[132.5375,33.125],[132.5375,33.12083333333333]]]},"properties":{"type":"Feature","mesh_id":"493254432","municipality_code":"38203","municipality":"宇和島市","total_population":10,"population_65plus":5,"population_75plus":2,"aging_rate_65plus":0.5,"aging_rate_75plus":0.2,"population_status":"0","population_status_target":null,"population_aggregation_target":null,"age_65plus_missing":false,"age_75plus_missing":false,"age_quality_flag":"ok","data_completeness":"complete"}},{"type":"Feature","geometry":{"type":"Polygon","coordinates":[[[132.54375,33.12083333333333],[132.54999999999998,33.12083333333333],[132.54999999999998,33.125],[132.54375,33.125],[132.54375,33.12083333333333]]]},"properties":{"type":"Feature","mesh_id":"493254434","municipality_code":"38203","municipality":"宇和島市","total_population":101,"population_65plus":47,"population_75plus":26,"aging_rate_65plus":0.46534653465346537,"aging_rate_75plus":0.25742574257425743,"population_status":"0","population_status_target":null,"population_aggregation_target":null,"age_65plus_missing":false,"age_75plus_missing":false,"age_quality_flag":"ok","data_completeness":"complete"}},{"type":"Feature","geometry":{"type":"Polygon","coordinates":[[[132.55,33.11666666666666],[132.55625,33.11666666666666],[132.55625,33.12083333333333],[132.55,33.12083333333333],[132.55,33.11666666666666]]]},"properties":{"type":"Feature","mesh_id":"493254441","municipality_code":"38203","municipality":"宇和島市","total_population":2,"population_65plus":null,"population_75plus":null,"aging_rate_65plus":null,"aging_rate_75plus":null,"population_status":"2","population_status_target":"493254443","population_aggregation_target":null,"age_65plus_missing":true,"age_75plus_missing":true,"age_quality_flag":"ok","data_completeness":"partial"}},{"type":"Feature","geometry":{"type":"Polygon","coordinates":[[[132.55625,33.11666666666666],[132.5625,33.11666666666666],[132.5625,33.12083333333333],[132.55625,33.12083333333333],[132.55625,33.11666666666666]]]},"properties":{"type":"Feature","mesh_id":"493254443","municipality_code":"38203","municipality":"宇和島市","total_population":177,"population_65plus":77,"population_75plus":49,"aging_rate_65plus":0.4350282485875706,"aging_rate_75plus":0.2768361581920904,"population_status":"1","population_status_target":null,"population_aggregation_target":"493254441","age_65plus_missing":false,"age_75plus_missing":false,"age_quality_flag":"ok","data_completeness":"complete"}},{"type":"Feature","geometry":{"type":"Polygon","coordinates":[[[132.55625,33.12083333333333],[132.5625,33.12083333333333],[132.5625,33.125],[132.55625,33.125],[132.55625,33.12083333333333]]]},"properties":{"type":"Feature","mesh_id":"493254444","municipality_code":"38203","municipality":"宇和島市","total_population":62,"population_65plus":22,"population_75plus":10,"aging_rate_65plus":0.3548387096774194,"aging_rate_75plus":0.16129032258064516,"population_status":"0","population_status_target":null,"population_aggregation_target":null,"age_65plus_missing":false,"age_75plus_missing":false,"age_quality_flag":"ok","data_completeness":"complete"}},{"type":"Feature","geometry":{"type":"Polygon","coordinates":[[[132.5625,33.11666666666666],[132.56875,33.11666666666666],[132.56875,33.12083333333333],[132.5625,33.12083333333333],[132.5625,33.11666666666666]]]},"properties":{"type":"Feature","mesh_id":"493254451","municipality_code":"38203","municipality":"宇和島市","total_population":101,"population_65plus":34,"population_75plus":18,"aging_rate_65plus":0.33663366336633666,"aging_rate_75plus":0.1782178217821782,"population_status":"0","population_status_target":null,"population_aggregation_target":null,"age_65plus_missing":false,"age_75plus_missing":false,"age_quality_flag":"ok","data_completeness":"complete"}},{"type":"Feature","geometry":{"type":"Polygon","coordinates":[[[132.5625,33.12083333333333],[132.56875,33.12083333333333],[132.56875,33.125],[132.5625,33.125],[132.5625,33.12083333333333]]]},"properties":{"type":"Feature","mesh_id":"493254452","municipality_code":"38203","municipality":"宇和島市","total_population":31,"population_65plus":21,"population_75plus":12,"aging_rate_65plus":0.6774193548387096,"aging_rate_75plus":0.3870967741935484,"population_status":"0","population_status_target":null,"population_aggregation_target":null,"age_65plus_missing":false,"age_75plus_missing":false,"age_quality_flag":"ok","data_completeness":"complete"}},{"type":"Feature","geometry":{"type":"Polygon","coordinates":[[[132.56875,33.11666666666666],[132.575,33.11666666666666],[132.575,33.12083333333333],[132.56875,33.12083333333333],[132.56875,33.11666666666666]]]},"properties":{"type":"Feature","mesh_id":"493254453","municipality_code":"38203","municipality":"宇和島市","total_population":58,"population_65plus":25,"population_75plus":14,"aging_rate_65plus":0.43103448275862066,"aging_rate_75plus":0.2413793103448276,"population_status":"0","population_status_target":null,"population_aggregation_target":null,"age_65plus_missing":false,"age_75plus_missing":false,"age_quality_flag":"ok","data_completeness":"complete"}},{"type":"Feature","geometry":{"type":"Polygon","coordinates":[[[132.5,33.12499999999999],[132.50625,33.12499999999999],[132.50625,33.12916666666666],[132.5,33.12916666666666],[132.5,33.12499999999999]]]},"properties":{"type":"Feature","mesh_id":"493254501","municipality_code":"38203","municipality":"宇和島市","total_population":274,"population_65plus":91,"population_75plus":39,"aging_rate_65plus":0.33211678832116787,"aging_rate_75plus":0.14233576642335766,"population_status":"0","population_status_target":null,"population_aggregation_target":null,"age_65plus_missing":false,"age_75plus_missing":false,"age_quality_flag":"ok","data_completeness":"complete"}},{"type":"Feature","geometry":{"type":"Polygon","coordinates":[[[132.50625,33.12499999999999],[132.5125,33.12499999999999],[132.5125,33.12916666666666],[132.50625,33.12916666666666],[132.50625,33.12499999999999]]]},"properties":{"type":"Feature","mesh_id":"493254503","municipality_code":"38203","municipality":"宇和島市","total_population":40,"population_65plus":21,"population_75plus":12,"aging_rate_65plus":0.525,"aging_rate_75plus":0.3,"population_status":"0","population_status_target":null,"population_aggregation_target":null,"age_65plus_missing":false,"age_75plus_missing":false,"age_quality_flag":"ok","data_completeness":"complete"}},{"type":"Feature","geometry":{"type":"Polygon","coordinates":[[[132.50625,33.12916666666666],[132.5125,33.12916666666666],[132.5125,33.13333333333333],[132.50625,33.13333333333333],[132.50625,33.12916666666666]]]},"properties":{"type":"Feature","mesh_id":"493254504","municipality_code":"38203","municipality":"宇和島市","total_population":17,"population_65plus":4,"population_75plus":0,"aging_rate_65plus":0.23529411764705882,"aging_rate_75plus":0.0,"population_status":"0","population_status_target":null,"population_aggregation_target":null,"age_65plus_missing":false,"age_75plus_missing":false,"age_quality_flag":"ok","data_completeness":"complete"}},{"type":"Feature","geometry":{"type":"Polygon","coordinates":[[[132.5125,33.12499999999999],[132.51874999999998,33.12499999999999],[132.51874999999998,33.12916666666666],[132.5125,33.12916666666666],[132.5125,33.12499999999999]]]},"properties":{"type":"Feature","mesh_id":"493254511","municipality_code":"38203","municipality":"宇和島市","total_population":59,"population_65plus":22,"population_75plus":14,"aging_rate_65plus":0.3728813559322034,"aging_rate_75plus":0.23728813559322035,"population_status":"0","population_status_target":null,"population_aggregation_target":null,"age_65plus_missing":false,"age_75plus_missing":false,"age_quality_flag":"ok","data_completeness":"complete"}},{"type":"Feature","geometry":{"type":"Polygon","coordinates":[[[132.5125,33.12916666666666],[132.51874999999998,33.12916666666666],[132.51874999999998,33.13333333333333],[132.5125,33.13333333333333],[132.5125,33.12916666666666]]]},"properties":{"type":"Feature","mesh_id":"493254512","municipality_code":"38203","municipality":"宇和島市","total_population":276,"population_65plus":81,"population_75plus":39,"aging_rate_65plus":0.29347826086956524,"aging_rate_75plus":0.14130434782608695,"population_status":"0","population_status_target":null,"population_aggregation_target":null,"age_65plus_missing":false,"age_75plus_missing":false,"age_quality_flag":"ok","data_completeness":"complete"}},{"type":"Feature","geometry":{"type":"Polygon","coordinates":[[[132.51874999999998,33.12916666666666],[132.52499999999998,33.12916666666666],[132.52499999999998,33.13333333333333],[132.51874999999998,33.13333333333333],[132.51874999999998,33.12916666666666]]]},"properties":{"type":"Feature","mesh_id":"493254514","municipality_code":"38203","municipality":"宇和島市","total_population":279,"population_65plus":110,"population_75plus":72,"aging_rate_65plus":0.3942652329749104,"aging_rate_75plus":0.25806451612903225,"population_status":"0","population_status_target":null,"population_aggregation_target":null,"age_65plus_missing":false,"age_75plus_missing":false,"age_quality_flag":"ok","data_completeness":"complete"}},{"type":"Feature","geometry":{"type":"Polygon","coordinates":[[[132.525,33.12499999999999],[132.53125,33.12499999999999],[132.53125,33.12916666666666],[132.525,33.12916666666666],[132.525,33.12499999999999]]]},"properties":{"type":"Feature","mesh_id":"493254521","municipality_code":"38203","municipality":"宇和島市","total_population":54,"population_65plus":16,"population_75plus":9,"aging_rate_65plus":0.2962962962962963,"aging_rate_75plus":0.16666666666666666,"population_status":"0","population_status_target":null,"population_aggregation_target":null,"age_65plus_missing":false,"age_75plus_missing":false,"age_quality_flag":"ok","data_completeness":"complete"}},{"type":"Feature","geometry":{"type":"Polygon","coordinates":[[[132.525,33.12916666666666],[132.53125,33.12916666666666],[132.53125,33.13333333333333],[132.525,33.13333333333333],[132.525,33.12916666666666]]]},"properties":{"type":"Feature","mesh_id":"493254522","municipality_code":"38203","municipality":"宇和島市","total_population":20,"population_65plus":7,"population_75plus":4,"aging_rate_65plus":0.35,"aging_rate_75plus":0.2,"population_status":"0","population_status_target":null,"population_aggregation_target":null,"age_65plus_missing":false,"age_75plus_missing":false,"age_quality_flag":"ok","data_completeness":"complete"}},{"type":"Feature","geometry":{"type":"Polygon","coordinates":[[[132.53125,33.12499999999999],[132.5375,33.12499999999999],[132.5375,33.12916666666666],[132.53125,33.12916666666666],[132.53125,33.12499999999999]]]},"properties":{"type":"Feature","mesh_id":"493254523","municipality_code":"38203","municipality":"宇和島市","total_population":89,"population_65plus":67,"population_75plus":56,"aging_rate_65plus":0.7528089887640449,"aging_rate_75plus":0.6292134831460674,"population_status":"0","population_status_target":null,"population_aggregation_target":null,"age_65plus_missing":false,"age_75plus_missing":false,"age_quality_flag":"ok","data_completeness":"complete"}},{"type":"Feature","geometry":{"type":"Polygon","coordinates":[[[132.53125,33.12916666666666],[132.5375,33.12916666666666],[132.5375,33.13333333333333],[132.53125,33.13333333333333],[132.53125,33.12916666666666]]]},"properties":{"type":"Feature","mesh_id":"493254524","municipality_code":"38203","municipality":"宇和島市","total_population":46,"population_65plus":21,"population_75plus":9,"aging_rate_65plus":0.45652173913043476,"aging_rate_75plus":0.1956521739130435,"population_status":"0","population_status_target":null,"population_aggregation_target":null,"age_65plus_missing":false,"age_75plus_missing":false,"age_quality_flag":"ok","data_completeness":"complete"}},{"type":"Feature","geometry":{"type":"Polygon","coordinates":[[[132.5375,33.12499999999999],[132.54375,33.12499999999999],[132.54375,33.12916666666666],[132.5375,33.12916666666666],[132.5375,33.12499999999999]]]},"properties":{"type":"Feature","mesh_id":"493254531","municipality_code":"38203","municipality":"宇和島市","total_population":115,"population_65plus":33,"population_75plus":23,"aging_rate_65plus":0.28695652173913044,"aging_rate_75plus":0.2,"population_status":"0","population_status_target":null,"population_aggregation_target":null,"age_65plus_missing":false,"age_75plus_missing":false,"age_quality_flag":"ok","data_completeness":"complete"}},{"type":"Feature","geometry":{"type":"Polygon","coordinates":[[[132.5375,33.12916666666666],[132.54375,33.12916666666666],[132.54375,33.13333333333333],[132.5375,33.13333333333333],[132.5375,33.12916666666666]]]},"properties":{"type":"Feature","mesh_id":"493254532","municipality_code":"38203","municipality":"宇和島市","total_population":73,"population_65plus":25,"population_75plus":19,"aging_rate_65plus":0.3424657534246575,"aging_rate_75plus":0.2602739726027397,"population_status":"0","population_status_target":null,"population_aggregation_target":null,"age_65plus_missing":false,"age_75plus_missing":false,"age_quality_flag":"ok","data_completeness":"complete"}},{"type":"Feature","geometry":{"type":"Polygon","coordinates":[[[132.54375,33.12499999999999],[132.54999999999998,33.12499999999999],[132.54999999999998,33.12916666666666],[132.54375,33.12916666666666],[132.54375,33.12499999999999]]]},"properties":{"type":"Feature","mesh_id":"493254533","municipality_code":"38203","municipality":"宇和島市","total_population":46,"population_65plus":16,"population_75plus":5,"aging_rate_65plus":0.34782608695652173,"aging_rate_75plus":0.10869565217391304,"population_status":"0","population_status_target":null,"population_aggregation_target":null,"age_65plus_missing":false,"age_75plus_missing":false,"age_quality_flag":"ok","data_completeness":"complete"}},{"type":"Feature","geometry":{"type":"Polygon","coordinates":[[[132.55,33.12499999999999],[132.55625,33.12499999999999],[132.55625,33.12916666666666],[132.55,33.12916666666666],[132.55,33.12499999999999]]]},"properties":{"type":"Feature","mesh_id":"493254541","municipality_code":"38203","municipality":"宇和島市","total_population":97,"population_65plus":52,"population_75plus":20,"aging_rate_65plus":0.5360824742268041,"aging_rate_75plus":0.20618556701030927,"population_status":"1","population_status_target":null,"population_aggregation_target":"493254542","age_65plus_missing":false,"age_75plus_missing":false,"age_quality_flag":"ok","data_completeness":"complete"}},{"type":"Feature","geometry":{"type":"Polygon","coordinates":[[[132.55,33.12916666666666],[132.55625,33.12916666666666],[132.55625,33.13333333333333],[132.55,33.13333333333333],[132.55,33.12916666666666]]]},"properties":{"type":"Feature","mesh_id":"493254542","municipality_code":"38203","municipality":"宇和島市","total_population":11,"population_65plus":null,"population_75plus":null,"aging_rate_65plus":null,"aging_rate_75plus":null,"population_status":"2","population_status_target":"493254541","population_aggregation_target":null,"age_65plus_missing":true,"age_75plus_missing":true,"age_quality_flag":"ok","data_completeness":"partial"}},{"type":"Feature","geometry":{"type":"Polygon","coordinates":[[[132.55625,33.12499999999999],[132.5625,33.12499999999999],[132.5625,33.12916666666666],[132.55625,33.12916666666666],[132.55625,33.12499999999999]]]},"properties":{"type":"Feature","mesh_id":"493254543","municipality_code":"38203","municipality":"宇和島市","total_population":38,"population_65plus":17,"population_75plus":7,"aging_rate_65plus":0.4473684210526316,"aging_rate_75plus":0.18421052631578946,"population_status":"0","population_status_target":null,"population_aggregation_target":null,"age_65plus_missing":false,"age_75plus_missing":false,"age_quality_flag":"ok","data_completeness":"complete"}},{"type":"Feature","geometry":{"type":"Polygon","coordinates":[[[132.55625,33.12916666666666],[132.5625,33.12916666666666],[132.5625,33.13333333333333],[132.55625,33.13333333333333],[132.55625,33.12916666666666]]]},"properties":{"type":"Feature","mesh_id":"493254544","municipality_code":"38203","municipality":"宇和島市","total_population":16,"population_65plus":6,"population_75plus":1,"aging_rate_65plus":0.375,"aging_rate_75plus":0.0625,"population_status":"0","population_status_target":null,"population_aggregation_target":null,"age_65plus_missing":false,"age_75plus_missing":false,"age_quality_flag":"ok","data_completeness":"complete"}},{"type":"Feature","geometry":{"type":"Polygon","coordinates":[[[132.5625,33.12499999999999],[132.56875,33.12499999999999],[132.56875,33.12916666666666],[132.5625,33.12916666666666],[132.5625,33.12499999999999]]]},"properties":{"type":"Feature","mesh_id":"493254551","municipality_code":"38203","municipality":"宇和島市","total_population":86,"population_65plus":46,"population_75plus":17,"aging_rate_65plus":0.5348837209302325,"aging_rate_75plus":0.19767441860465115,"population_status":"0","population_status_target":null,"population_aggregation_target":null,"age_65plus_missing":false,"age_75plus_missing":false,"age_quality_flag":"ok","data_completeness":"complete"}},{"type":"Feature","geometry":{"type":"Polygon","coordinates":[[[132.5625,33.12916666666666],[132.56875,33.12916666666666],[132.56875,33.13333333333333],[132.5625,33.13333333333333],[132.5625,33.12916666666666]]]},"properties":{"type":"Feature","mesh_id":"493254552","municipality_code":"38203","municipality":"宇和島市","total_population":42,"population_65plus":22,"population_75plus":11,"aging_rate_65plus":0.5238095238095238,"aging_rate_75plus":0.2619047619047619,"population_status":"1","population_status_target":null,"population_aggregation_target":"493254674;493254772;493254773","age_65plus_missing":false,"age_75plus_missing":false,"age_quality_flag":"ok","data_completeness":"complete"}},{"type":"Feature","geometry":{"type":"Polygon","coordinates":[[[132.5,33.133333333333326],[132.50625,33.133333333333326],[132.50625,33.137499999999996],[132.5,33.137499999999996],[132.5,33.133333333333326]]]},"properties":{"type":"Feature","mesh_id":"493254601","municipality_code":"38203","municipality":"宇和島市","total_population":43,"population_65plus":24,"population_75plus":15,"aging_rate_65plus":0.5581395348837209,"aging_rate_75plus":0.3488372093023256,"population_status":"0","population_status_target":null,"population_aggregation_target":null,"age_65plus_missing":false,"age_75plus_missing":false,"age_quality_flag":"ok","data_completeness":"complete"}},{"type":"Feature","geometry":{"type":"Polygon","coordinates":[[[132.5,33.137499999999996],[132.50625,33.137499999999996],[132.50625,33.141666666666666],[132.5,33.141666666666666],[132.5,33.137499999999996]]]},"properties":{"type":"Feature","mesh_id":"493254602","municipality_code":"38203","municipality":"宇和島市","total_population":21,"population_65plus":10,"population_75plus":9,"aging_rate_65plus":0.47619047619047616,"aging_rate_75plus":0.42857142857142855,"population_status":"0","population_status_target":null,"population_aggregation_target":null,"age_65plus_missing":false,"age_75plus_missing":false,"age_quality_flag":"ok","data_completeness":"complete"}},{"type":"Feature","geometry":{"type":"Polygon","coordinates":[[[132.50625,33.133333333333326],[132.5125,33.133333333333326],[132.5125,33.137499999999996],[132.50625,33.137499999999996],[132.50625,33.133333333333326]]]},"properties":{"type":"Feature","mesh_id":"493254603","municipality_code":"38203","municipality":"宇和島市","total_population":39,"population_65plus":19,"population_75plus":11,"aging_rate_65plus":0.48717948717948717,"aging_rate_75plus":0.28205128205128205,"population_status":"0","population_status_target":null,"population_aggregation_target":null,"age_65plus_missing":false,"age_75plus_missing":false,"age_quality_flag":"ok","data_completeness":"complete"}},{"type":"Feature","geometry":{"type":"Polygon","coordinates":[[[132.50625,33.137499999999996],[132.5125,33.137499999999996],[132.5125,33.141666666666666],[132.50625,33.141666666666666],[132.50625,33.137499999999996]]]},"properties":{"type":"Feature","mesh_id":"493254604","municipality_code":"38203","municipality":"宇和島市","total_population":20,"population_65plus":7,"population_75plus":2,"aging_rate_65plus":0.35,"aging_rate_75plus":0.1,"population_status":"0","population_status_target":null,"population_aggregation_target":null,"age_65plus_missing":false,"age_75plus_missing":false,"age_quality_flag":"ok","data_completeness":"complete"}},{"type":"Feature","geometry":{"type":"Polygon","coordinates":[[[132.5125,33.137499999999996],[132.51874999999998,33.137499999999996],[132.51874999999998,33.141666666666666],[132.5125,33.141666666666666],[132.5125,33.137499999999996]]]},"properties":{"type":"Feature","mesh_id":"493254612","municipality_code":"38203","municipality":"宇和島市","total_population":133,"population_65plus":64,"population_75plus":30,"aging_rate_65plus":0.48120300751879697,"aging_rate_75plus":0.22556390977443608,"population_status":"1","population_status_target":null,"population_aggregation_target":"493254614","age_65plus_missing":false,"age_75plus_missing":false,"age_quality_flag":"ok","data_completeness":"complete"}},{"type":"Feature","geometry":{"type":"Polygon","coordinates":[[[132.51874999999998,33.137499999999996],[132.52499999999998,33.137499999999996],[132.52499999999998,33.141666666666666],[132.51874999999998,33.141666666666666],[132.51874999999998,33.137499999999996]]]},"properties":{"type":"Feature","mesh_id":"493254614","municipality_code":"38203","municipality":"宇和島市","total_population":7,"population_65plus":null,"population_75plus":null,"aging_rate_65plus":null,"aging_rate_75plus":null,"population_status":"2","population_status_target":"493254612","population_aggregation_target":null,"age_65plus_missing":true,"age_75plus_missing":true,"age_quality_flag":"ok","data_completeness":"partial"}},{"type":"Feature","geometry":{"type":"Polygon","coordinates":[[[132.525,33.133333333333326],[132.53125,33.133333333333326],[132.53125,33.137499999999996],[132.525,33.137499999999996],[132.525,33.133333333333326]]]},"properties":{"type":"Feature","mesh_id":"493254621","municipality_code":"38203","municipality":"宇和島市","total_population":101,"population_65plus":30,"population_75plus":16,"aging_rate_65plus":0.297029702970297,"aging_rate_75plus":0.15841584158415842,"population_status":"0","population_status_target":null,"population_aggregation_target":null,"age_65plus_missing":false,"age_75plus_missing":false,"age_quality_flag":"ok","data_completeness":"complete"}},{"type":"Feature","geometry":{"type":"Polygon","coordinates":[[[132.53125,33.133333333333326],[132.5375,33.133333333333326],[132.5375,33.137499999999996],[132.53125,33.137499999999996],[132.53125,33.133333333333326]]]},"properties":{"type":"Feature","mesh_id":"493254623","municipality_code":"38203","municipality":"宇和島市","total_population":54,"population_65plus":19,"population_75plus":10,"aging_rate_65plus":0.35185185185185186,"aging_rate_75plus":0.18518518518518517,"population_status":"0","population_status_target":null,"population_aggregation_target":null,"age_65plus_missing":false,"age_75plus_missing":false,"age_quality_flag":"ok","data_completeness":"complete"}},{"type":"Feature","geometry":{"type":"Polygon","coordinates":[[[132.55,33.133333333333326],[132.55625,33.133333333333326],[132.55625,33.137499999999996],[132.55,33.137499999999996],[132.55,33.133333333333326]]]},"properties":{"type":"Feature","mesh_id":"493254641","municipality_code":"38203","municipality":"宇和島市","total_population":1,"population_65plus":null,"population_75plus":null,"aging_rate_65plus":null,"aging_rate_75plus":null,"population_status":"2","population_status_target":"493254643","population_aggregation_target":null,"age_65plus_missing":true,"age_75plus_missing":true,"age_quality_flag":"ok","data_completeness":"partial"}},{"type":"Feature","geometry":{"type":"Polygon","coordinates":[[[132.55625,33.133333333333326],[132.5625,33.133333333333326],[132.5625,33.137499999999996],[132.55625,33.137499999999996],[132.55625,33.133333333333326]]]},"properties":{"type":"Feature","mesh_id":"493254643","municipality_code":"38203","municipality":"宇和島市","total_population":15,"population_65plus":13,"population_75plus":8,"aging_rate_65plus":0.8666666666666667,"aging_rate_75plus":0.5333333333333333,"population_status":"1","population_status_target":null,"population_aggregation_target":"493254641;493254741","age_65plus_missing":false,"age_75plus_missing":false,"age_quality_flag":"ok","data_completeness":"complete"}},{"type":"Feature","geometry":{"type":"Polygon","coordinates":[[[132.59375,33.137499999999996],[132.6,33.137499999999996],[132.6,33.141666666666666],[132.59375,33.141666666666666],[132.59375,33.137499999999996]]]},"properties":{"type":"Feature","mesh_id":"493254674","municipality_code":"38203","municipality":"宇和島市","total_population":1,"population_65plus":null,"population_75plus":null,"aging_rate_65plus":null,"aging_rate_75plus":null,"population_status":"2","population_status_target":"493254552","population_aggregation_target":null,"age_65plus_missing":true,"age_75plus_missing":true,"age_quality_flag":"ok","data_completeness":"partial"}},{"type":"Feature","geometry":{"type":"Polygon","coordinates":[[[132.5,33.14583333333333],[132.50625,33.14583333333333],[132.50625,33.15],[132.5,33.15],[132.5,33.14583333333333]]]},"properties":{"type":"Feature","mesh_id":"493254702","municipality_code":"38203","municipality":"宇和島市","total_population":28,"population_65plus":14,"population_75plus":8,"aging_rate_65plus":0.5,"aging_rate_75plus":0.2857142857142857,"population_status":"0","population_status_target":null,"population_aggregation_target":null,"age_65plus_missing":false,"age_75plus_missing":false,"age_quality_flag":"ok","data_completeness":"complete"}},{"type":"Feature","geometry":{"type":"Polygon","coordinates":[[[132.5125,33.14583333333333],[132.51874999999998,33.14583333333333],[132.51874999999998,33.15],[132.5125,33.15],[132.5125,33.14583333333333]]]},"properties":{"type":"Feature","mesh_id":"493254712","municipality_code":"38203","municipality":"宇和島市","total_population":16,"population_65plus":8,"population_75plus":5,"aging_rate_65plus":0.5,"aging_rate_75plus":0.3125,"population_status":"1","population_status_target":null,"population_aggregation_target":"493254714;493254812;493254903","age_65plus_missing":false,"age_75plus_missing":false,"age_quality_flag":"ok","data_completeness":"complete"}},{"type":"Feature","geometry":{"type":"Polygon","coordinates":[[[132.51874999999998,33.14583333333333],[132.52499999999998,33.14583333333333],[132.52499999999998,33.15],[132.51874999999998,33.15],[132.51874999999998,33.14583333333333]]]},"properties":{"type":"Feature","mesh_id":"493254714","municipality_code":"38203","municipality":"宇和島市","total_population":3,"population_65plus":null,"population_75plus":null,"aging_rate_65plus":null,"aging_rate_75plus":null,"population_status":"2","population_status_target":"493254712","population_aggregation_target":null,"age_65plus_missing":true,"age_75plus_missing":true,"age_quality_flag":"ok","data_completeness":"partial"}},{"type":"Feature","geometry":{"type":"Polygon","coordinates":[[[132.525,33.14166666666666],[132.53125,33.14166666666666],[132.53125,33.14583333333333],[132.525,33.14583333333333],[132.525,33.14166666666666]]]},"properties":{"type":"Feature","mesh_id":"493254721","municipality_code":"38203","municipality":"宇和島市","total_population":103,"population_65plus":43,"population_75plus":28,"aging_rate_65plus":0.4174757281553398,"aging_rate_75plus":0.27184466019417475,"population_status":"1","population_status_target":null,"population_aggregation_target":"493254723","age_65plus_missing":false,"age_75plus_missing":false,"age_quality_flag":"ok","data_completeness":"complete"}},{"type":"Feature","geometry":{"type":"Polygon","coordinates":[[[132.53125,33.14166666666666],[132.5375,33.14166666666666],[132.5375,33.14583333333333],[132.53125,33.14583333333333],[132.53125,33.14166666666666]]]},"properties":{"type":"Feature","mesh_id":"493254723","municipality_code":"38203","municipality":"宇和島市","total_population":2,"population_65plus":null,"population_75plus":null,"aging_rate_65plus":null,"aging_rate_75plus":null,"population_status":"2","population_status_target":"493254721","population_aggregation_target":null,"age_65plus_missing":true,"age_75plus_missing":true,"age_quality_flag":"ok","data_completeness":"partial"}},{"type":"Feature","geometry":{"type":"Polygon","coordinates":[[[132.55,33.14166666666666],[132.55625,33.14166666666666],[132.55625,33.14583333333333],[132.55,33.14583333333333],[132.55,33.14166666666666]]]},"properties":{"type":"Feature","mesh_id":"493254741","municipality_code":"38203","municipality":"宇和島市","total_population":7,"population_65plus":null,"population_75plus":null,"aging_rate_65plus":null,"aging_rate_75plus":null,"population_status":"2","population_status_target":"493254643","population_aggregation_target":null,"age_65plus_missing":true,"age_75plus_missing":true,"age_quality_flag":"ok","data_completeness":"partial"}},{"type":"Feature","geometry":{"type":"Polygon","coordinates":[[[132.5875,33.14583333333333],[132.59375,33.14583333333333],[132.59375,33.15],[132.5875,33.15],[132.5875,33.14583333333333]]]},"properties":{"type":"Feature","mesh_id":"493254772","municipality_code":"38203","municipality":"宇和島市","total_population":3,"population_65plus":null,"population_75plus":null,"aging_rate_65plus":null,"aging_rate_75plus":null,"population_status":"2","population_status_target":"493254552","population_aggregation_target":null,"age_65plus_missing":true,"age_75plus_missing":true,"age_quality_flag":"ok","data_completeness":"partial"}},{"type":"Feature","geometry":{"type":"Polygon","coordinates":[[[132.59375,33.14166666666666],[132.6,33.14166666666666],[132.6,33.14583333333333],[132.59375,33.14583333333333],[132.59375,33.14166666666666]]]},"properties":{"type":"Feature","mesh_id":"493254773","municipality_code":"38203","municipality":"宇和島市","total_population":5,"population_65plus":null,"population_75plus":null,"aging_rate_65plus":null,"aging_rate_75plus":null,"population_status":"2","population_status_target":"493254552","population_aggregation_target":null,"age_65plus_missing":true,"age_75plus_missing":true,"age_quality_flag":"ok","data_completeness":"partial"}},{"type":"Feature","geometry":{"type":"Polygon","coordinates":[[[132.5125,33.15416666666667],[132.51874999999998,33.15416666666667],[132.51874999999998,33.15833333333334],[132.5125,33.15833333333334],[132.5125,33.15416666666667]]]},"properties":{"type":"Feature","mesh_id":"493254812","municipality_code":"38203","municipality":"宇和島市","total_population":2,"population_65plus":null,"population_75plus":null,"aging_rate_65plus":null,"aging_rate_75plus":null,"population_status":"2","population_status_target":"493254712","population_aggregation_target":null,"age_65plus_missing":true,"age_75plus_missing":true,"age_quality_flag":"ok","data_completeness":"partial"}},{"type":"Feature","geometry":{"type":"Polygon","coordinates":[[[132.54375,33.15],[132.54999999999998,33.15],[132.54999999999998,33.15416666666667],[132.54375,33.15416666666667],[132.54375,33.15]]]},"properties":{"type":"Feature","mesh_id":"493254833","municipality_code":"38203","municipality":"宇和島市","total_population":1,"population_65plus":null,"population_75plus":null,"aging_rate_65plus":null,"aging_rate_75plus":null,"population_status":"2","population_status_target":"493254934","population_aggregation_target":null,"age_65plus_missing":true,"age_75plus_missing":true,"age_quality_flag":"ok","data_completeness":"partial"}},{"type":"Feature","geometry":{"type":"Polygon","coordinates":[[[132.50625,33.15833333333333],[132.5125,33.15833333333333],[132.5125,33.1625],[132.50625,33.1625],[132.50625,33.15833333333333]]]},"properties":{"type":"Feature","mesh_id":"493254903","municipality_code":"38203","municipality":"宇和島市","total_population":5,"population_65plus":null,"population_75plus":null,"aging_rate_65plus":null,"aging_rate_75plus":null,"population_status":"2","population_status_target":"493254712","population_aggregation_target":null,"age_65plus_missing":true,"age_75plus_missing":true,"age_quality_flag":"ok","data_completeness":"partial"}},{"type":"Feature","geometry":{"type":"Polygon","coordinates":[[[132.5375,33.1625],[132.54375,33.1625],[132.54375,33.16666666666667],[132.5375,33.16666666666667],[132.5375,33.1625]]]},"properties":{"type":"Feature","mesh_id":"493254932","municipality_code":"38203","municipality":"宇和島市","total_population":3,"population_65plus":null,"population_75plus":null,"aging_rate_65plus":null,"aging_rate_75plus":null,"population_status":"2","population_status_target":"493254934","population_aggregation_target":null,"age_65plus_missing":true,"age_75plus_missing":true,"age_quality_flag":"ok","data_completeness":"partial"}},{"type":"Feature","geometry":{"type":"Polygon","coordinates":[[[132.54375,33.1625],[132.54999999999998,33.1625],[132.54999999999998,33.16666666666667],[132.54375,33.16666666666667],[132.54375,33.1625]]]},"properties":{"type":"Feature","mesh_id":"493254934","municipality_code":"38203","municipality":"宇和島市","total_population":68,"population_65plus":39,"population_75plus":18,"aging_rate_65plus":0.5735294117647058,"aging_rate_75plus":0.2647058823529412,"population_status":"1","population_status_target":null,"population_aggregation_target":"493254833;493254932;493254943","age_65plus_missing":false,"age_75plus_missing":false,"age_quality_flag":"ok","data_completeness":"complete"}},{"type":"Feature","geometry":{"type":"Polygon","coordinates":[[[132.55625,33.15833333333333],[132.5625,33.15833333333333],[132.5625,33.1625],[132.55625,33.1625],[132.55625,33.15833333333333]]]},"properties":{"type":"Feature","mesh_id":"493254943","municipality_code":"38203","municipality":"宇和島市","total_population":6,"population_65plus":null,"population_75plus":null,"aging_rate_65plus":null,"aging_rate_75plus":null,"population_status":"2","population_status_target":"493254934","population_aggregation_target":null,"age_65plus_missing":true,"age_75plus_missing":true,"age_quality_flag":"ok","data_completeness":"partial"}},{"type":"Feature","geometry":{"type":"Polygon","coordinates":[[[132.625,33.08333333333333],[132.63125,33.08333333333333],[132.63125,33.0875],[132.625,33.0875],[132.625,33.08333333333333]]]},"properties":{"type":"Feature","mesh_id":"493255001","municipality_code":"38203","municipality":"宇和島市","total_population":7,"population_65plus":null,"population_75plus":null,"aging_rate_65plus":null,"aging_rate_75plus":null,"population_status":"2","population_status_target":"493255003","population_aggregation_target":null,"age_65plus_missing":true,"age_75plus_missing":true,"age_quality_flag":"ok","data_completeness":"partial"}},{"type":"Feature","geometry":{"type":"Polygon","coordinates":[[[132.63125,33.08333333333333],[132.6375,33.08333333333333],[132.6375,33.0875],[132.63125,33.0875],[132.63125,33.08333333333333]]]},"properties":{"type":"Feature","mesh_id":"493255003","municipality_code":"38203","municipality":"宇和島市","total_population":29,"population_65plus":21,"population_75plus":14,"aging_rate_65plus":0.7241379310344828,"aging_rate_75plus":0.4827586206896552,"population_status":"1","population_status_target":null,"population_aggregation_target":"493255001;493255004","age_65plus_missing":false,"age_75plus_missing":false,"age_quality_flag":"ok","data_completeness":"complete"}},{"type":"Feature","geometry":{"type":"Polygon","coordinates":[[[132.63125,33.0875],[132.6375,33.0875],[132.6375,33.09166666666667],[132.63125,33.09166666666667],[132.63125,33.0875]]]},"properties":{"type":"Feature","mesh_id":"493255004","municipality_code":"38203","municipality":"宇和島市","total_population":4,"population_65plus":null,"population_75plus":null,"aging_rate_65plus":null,"aging_rate_75plus":null,"population_status":"2","population_status_target":"493255003","population_aggregation_target":null,"age_65plus_missing":true,"age_75plus_missing":true,"age_quality_flag":"ok","data_completeness":"partial"}},{"type":"Feature","geometry":{"type":"Polygon","coordinates":[[[132.64374999999998,33.08333333333333],[132.64999999999998,33.08333333333333],[132.64999999999998,33.0875],[132.64374999999998,33.0875],[132.64374999999998,33.08333333333333]]]},"properties":{"type":"Feature","mesh_id":"493255013","municipality_code":"38203","municipality":"宇和島市","total_population":6,"population_65plus":null,"population_75plus":null,"aging_rate_65plus":null,"aging_rate_75plus":null,"population_status":"2","population_status_target":"493255014","population_aggregation_target":null,"age_65plus_missing":true,"age_75plus_missing":true,"age_quality_flag":"ok","data_completeness":"partial"}},{"type":"Feature","geometry":{"type":"Polygon","coordinates":[[[132.64374999999998,33.0875],[132.64999999999998,33.0875],[132.64999999999998,33.09166666666667],[132.64374999999998,33.09166666666667],[132.64374999999998,33.0875]]]},"properties":{"type":"Feature","mesh_id":"493255014","municipality_code":"38203","municipality":"宇和島市","total_population":19,"population_65plus":19,"population_75plus":4,"aging_rate_65plus":1.0,"aging_rate_75plus":0.21052631578947367,"population_status":"1","population_status_target":null,"population_aggregation_target":"493255013;493255023","age_65plus_missing":false,"age_75plus_missing":false,"age_quality_flag":"ok","data_completeness":"complete"}},{"type":"Feature","geometry":{"type":"Polygon","coordinates":[[[132.65625,33.08333333333333],[132.6625,33.08333333333333],[132.6625,33.0875],[132.65625,33.0875],[132.65625,33.08333333333333]]]},"properties":{"type":"Feature","mesh_id":"493255023","municipality_code":"38203","municipality":"宇和島市","total_population":4,"population_65plus":null,"population_75plus":null,"aging_rate_65plus":null,"aging_rate_75plus":null,"population_status":"2","population_status_target":"493255014","population_aggregation_target":null,"age_65plus_missing":true,"age_75plus_missing":true,"age_quality_flag":"ok","data_completeness":"partial"}},{"type":"Feature","geometry":{"type":"Polygon","coordinates":[[[132.625,33.09166666666666],[132.63125,33.09166666666666],[132.63125,33.09583333333333],[132.625,33.09583333333333],[132.625,33.09166666666666]]]},"properties":{"type":"Feature","mesh_id":"493255101","municipality_code":"38203","municipality":"宇和島市","total_population":6,"population_65plus":null,"population_75plus":null,"aging_rate_65plus":null,"aging_rate_75plus":null,"population_status":"2","population_status_target":"493255102","population_aggregation_target":null,"age_65plus_missing":true,"age_75plus_missing":true,"age_quality_flag":"ok","data_completeness":"partial"}},{"type":"Feature","geometry":{"type":"Polygon","coordinates":[[[132.625,33.09583333333333],[132.63125,33.09583333333333],[132.63125,33.1],[132.625,33.1],[132.625,33.09583333333333]]]},"properties":{"type":"Feature","mesh_id":"493255102","municipality_code":"38203","municipality":"宇和島市","total_population":4,"population_65plus":null,"population_75plus":null,"aging_rate_65plus":null,"aging_rate_75plus":null,"population_status":"1","population_status_target":null,"population_aggregation_target":"493255101","age_65plus_missing":true,"age_75plus_missing":true,"age_quality_flag":"inconsistent_with_total","data_completeness":"partial"}},{"type":"Feature","geometry":{"type":"Polygon","coordinates":[[[132.63125,33.09166666666666],[132.6375,33.09166666666666],[132.6375,33.09583333333333],[132.63125,33.09583333333333],[132.63125,33.09166666666666]]]},"properties":{"type":"Feature","mesh_id":"493255103","municipality_code":"38203","municipality":"宇和島市","total_population":25,"population_65plus":15,"population_75plus":6,"aging_rate_65plus":0.6,"aging_rate_75plus":0.24,"population_status":"0","population_status_target":null,"population_aggregation_target":null,"age_65plus_missing":false,"age_75plus_missing":false,"age_quality_flag":"ok","data_completeness":"complete"}},{"type":"Feature","geometry":{"type":"Polygon","coordinates":[[[132.63125,33.09583333333333],[132.6375,33.09583333333333],[132.6375,33.1],[132.63125,33.1],[132.63125,33.09583333333333]]]},"properties":{"type":"Feature","mesh_id":"493255104","municipality_code":"38203","municipality":"宇和島市","total_population":40,"population_65plus":22,"population_75plus":16,"aging_rate_65plus":0.55,"aging_rate_75plus":0.4,"population_status":"0","population_status_target":null,"population_aggregation_target":null,"age_65plus_missing":false,"age_75plus_missing":false,"age_quality_flag":"ok","data_completeness":"complete"}},{"type":"Feature","geometry":{"type":"Polygon","coordinates":[[[132.6375,33.09583333333333],[132.64374999999998,33.09583333333333],[132.64374999999998,33.1],[132.6375,33.1],[132.6375,33.09583333333333]]]},"properties":{"type":"Feature","mesh_id":"493255112","municipality_code":"38203","municipality":"宇和島市","total_population":21,"population_65plus":10,"population_75plus":7,"aging_rate_65plus":0.47619047619047616,"aging_rate_75plus":0.3333333333333333,"population_status":"0","population_status_target":null,"population_aggregation_target":null,"age_65plus_missing":false,"age_75plus_missing":false,"age_quality_flag":"ok","data_completeness":"complete"}},{"type":"Feature","geometry":{"type":"Polygon","coordinates":[[[132.64374999999998,33.09166666666666],[132.64999999999998,33.09166666666666],[132.64999999999998,33.09583333333333],[132.64374999999998,33.09583333333333],[132.64374999999998,33.09166666666666]]]},"properties":{"type":"Feature","mesh_id":"493255113","municipality_code":"38203","municipality":"宇和島市","total_population":8,"population_65plus":null,"population_75plus":null,"aging_rate_65plus":null,"aging_rate_75plus":null,"population_status":"2","population_status_target":"493255114","population_aggregation_target":null,"age_65plus_missing":true,"age_75plus_missing":true,"age_quality_flag":"ok","data_completeness":"partial"}},{"type":"Feature","geometry":{"type":"Polygon","coordinates":[[[132.64374999999998,33.09583333333333],[132.64999999999998,33.09583333333333],[132.64999999999998,33.1],[132.64374999999998,33.1],[132.64374999999998,33.09583333333333]]]},"properties":{"type":"Feature","mesh_id":"493255114","municipality_code":"38203","municipality":"宇和島市","total_population":5,"population_65plus":null,"population_75plus":null,"aging_rate_65plus":null,"aging_rate_75plus":null,"population_status":"1","population_status_target":null,"population_aggregation_target":"493255113","age_65plus_missing":true,"age_75plus_missing":true,"age_quality_flag":"inconsistent_with_total","data_completeness":"partial"}},{"type":"Feature","geometry":{"type":"Polygon","coordinates":[[[132.625,33.099999999999994],[132.63125,33.099999999999994],[132.63125,33.104166666666664],[132.625,33.104166666666664],[132.625,33.099999999999994]]]},"properties":{"type":"Feature","mesh_id":"493255201","municipality_code":"38203","municipality":"宇和島市","total_population":9,"population_65plus":null,"population_75plus":null,"aging_rate_65plus":null,"aging_rate_75plus":null,"population_status":"2","population_status_target":"493255202","population_aggregation_target":null,"age_65plus_missing":true,"age_75plus_missing":true,"age_quality_flag":"ok","data_completeness":"partial"}},{"type":"Feature","geometry":{"type":"Polygon","coordinates":[[[132.625,33.104166666666664],[132.63125,33.104166666666664],[132.63125,33.108333333333334],[132.625,33.108333333333334],[132.625,33.104166666666664]]]},"properties":{"type":"Feature","mesh_id":"493255202","municipality_code":"38203","municipality":"宇和島市","total_population":1,"population_65plus":null,"population_75plus":null,"aging_rate_65plus":null,"aging_rate_75plus":null,"population_status":"1","population_status_target":null,"population_aggregation_target":"493255201","age_65plus_missing":true,"age_75plus_missing":true,"age_quality_flag":"inconsistent_with_total","data_completeness":"partial"}},{"type":"Feature","geometry":{"type":"Polygon","coordinates":[[[132.26874999999998,33.170833333333334],[132.27499999999998,33.170833333333334],[132.27499999999998,33.175000000000004],[132.26874999999998,33.175000000000004],[132.26874999999998,33.170833333333334]]]},"properties":{"type":"Feature","mesh_id":"493262014","municipality_code":"38203","municipality":"宇和島市","total_population":49,"population_65plus":22,"population_75plus":11,"aging_rate_65plus":0.4489795918367347,"aging_rate_75plus":0.22448979591836735,"population_status":"0","population_status_target":null,"population_aggregation_target":null,"age_65plus_missing":false,"age_75plus_missing":false,"age_quality_flag":"ok","data_completeness":"complete"}},{"type":"Feature","geometry":{"type":"Polygon","coordinates":[[[132.2875,33.166666666666664],[132.29375,33.166666666666664],[132.29375,33.170833333333334],[132.2875,33.170833333333334],[132.2875,33.166666666666664]]]},"properties":{"type":"Feature","mesh_id":"493262031","municipality_code":"38203","municipality":"宇和島市","total_population":11,"population_65plus":6,"population_75plus":4,"aging_rate_65plus":0.5454545454545454,"aging_rate_75plus":0.36363636363636365,"population_status":"1","population_status_target":null,"population_aggregation_target":"493262034","age_65plus_missing":false,"age_75plus_missing":false,"age_quality_flag":"ok","data_completeness":"complete"}},{"type":"Feature","geometry":{"type":"Polygon","coordinates":[[[132.2625,33.17916666666667],[132.26874999999998,33.17916666666667],[132.26874999999998,33.18333333333334],[132.2625,33.18333333333334],[132.2625,33.17916666666667]]]},"properties":{"type":"Feature","mesh_id":"493262112","municipality_code":"38203","municipality":"宇和島市","total_population":9,"population_65plus":3,"population_75plus":0,"aging_rate_65plus":0.3333333333333333,"aging_rate_75plus":0.0,"population_status":"0","population_status_target":null,"population_aggregation_target":null,"age_65plus_missing":false,"age_75plus_missing":false,"age_quality_flag":"ok","data_completeness":"complete"}},{"type":"Feature","geometry":{"type":"Polygon","coordinates":[[[132.35625,33.19583333333333],[132.36249999999998,33.19583333333333],[132.36249999999998,33.2],[132.35625,33.2],[132.35625,33.19583333333333]]]},"properties":{"type":"Feature","mesh_id":"493262384","municipality_code":"38203","municipality":"宇和島市","total_population":94,"population_65plus":51,"population_75plus":31,"aging_rate_65plus":0.5425531914893617,"aging_rate_75plus":0.32978723404255317,"population_status":"1","population_status_target":null,"population_aggregation_target":"493262482","age_65plus_missing":false,"age_75plus_missing":false,"age_quality_flag":"ok","data_completeness":"complete"}},{"type":"Feature","geometry":{"type":"Polygon","coordinates":[[[132.35,33.204166666666666],[132.35625,33.204166666666666],[132.35625,33.208333333333336],[132.35,33.208333333333336],[132.35,33.204166666666666]]]},"properties":{"type":"Feature","mesh_id":"493262482","municipality_code":"38203","municipality":"宇和島市","total_population":3,"population_65plus":null,"population_75plus":null,"aging_rate_65plus":null,"aging_rate_75plus":null,"population_status":"2","population_status_target":"493262384","population_aggregation_target":null,"age_65plus_missing":true,"age_75plus_missing":true,"age_quality_flag":"ok","data_completeness":"partial"}},{"type":"Feature","geometry":{"type":"Polygon","coordinates":[[[132.3625,33.204166666666666],[132.36875,33.204166666666666],[132.36875,33.208333333333336],[132.3625,33.208333333333336],[132.3625,33.204166666666666]]]},"properties":{"type":"Feature","mesh_id":"493262492","municipality_code":"38203","municipality":"宇和島市","total_population":13,"population_65plus":5,"population_75plus":4,"aging_rate_65plus":0.38461538461538464,"aging_rate_75plus":0.3076923076923077,"population_status":"1","population_status_target":null,"population_aggregation_target":"493262494","age_65plus_missing":false,"age_75plus_missing":false,"age_quality_flag":"ok","data_completeness":"complete"}},{"type":"Feature","geometry":{"type":"Polygon","coordinates":[[[132.36875,33.204166666666666],[132.375,33.204166666666666],[132.375,33.208333333333336],[132.36875,33.208333333333336],[132.36875,33.204166666666666]]]},"properties":{"type":"Feature","mesh_id":"493262494","municipality_code":"38203","municipality":"宇和島市","total_population":2,"population_65plus":null,"population_75plus":null,"aging_rate_65plus":null,"aging_rate_75plus":null,"population_status":"2","population_status_target":"493262492","population_aggregation_target":null,"age_65plus_missing":true,"age_75plus_missing":true,"age_quality_flag":"ok","data_completeness":"partial"}},{"type":"Feature","geometry":{"type":"Polygon","coordinates":[[[132.45,33.166666666666664],[132.45624999999998,33.166666666666664],[132.45624999999998,33.170833333333334],[132.45,33.170833333333334],[132.45,33.166666666666664]]]},"properties":{"type":"Feature","mesh_id":"493263061","municipality_code":"38203","municipality":"宇和島市","total_population":80,"population_65plus":47,"population_75plus":25,"aging_rate_65plus":0.5875,"aging_rate_75plus":0.3125,"population_status":"0","population_status_target":null,"population_aggregation_target":null,"age_65plus_missing":false,"age_75plus_missing":false,"age_quality_flag":"ok","data_completeness":"complete"}},{"type":"Feature","geometry":{"type":"Polygon","coordinates":[[[132.4625,33.166666666666664],[132.46875,33.166666666666664],[132.46875,33.170833333333334],[132.4625,33.170833333333334],[132.4625,33.166666666666664]]]},"properties":{"type":"Feature","mesh_id":"493263071","municipality_code":"38203","municipality":"宇和島市","total_population":12,"population_65plus":10,"population_75plus":3,"aging_rate_65plus":0.8333333333333334,"aging_rate_75plus":0.25,"population_status":"0","population_status_target":null,"population_aggregation_target":null,"age_65plus_missing":false,"age_75plus_missing":false,"age_quality_flag":"ok","data_completeness":"complete"}},{"type":"Feature","geometry":{"type":"Polygon","coordinates":[[[132.46875,33.166666666666664],[132.475,33.166666666666664],[132.475,33.170833333333334],[132.46875,33.170833333333334],[132.46875,33.166666666666664]]]},"properties":{"type":"Feature","mesh_id":"493263073","municipality_code":"38203","municipality":"宇和島市","total_population":62,"population_65plus":39,"population_75plus":17,"aging_rate_65plus":0.6290322580645161,"aging_rate_75plus":0.27419354838709675,"population_status":"0","population_status_target":null,"population_aggregation_target":null,"age_65plus_missing":false,"age_75plus_missing":false,"age_quality_flag":"ok","data_completeness":"complete"}},{"type":"Feature","geometry":{"type":"Polygon","coordinates":[[[132.475,33.166666666666664],[132.48125,33.166666666666664],[132.48125,33.170833333333334],[132.475,33.170833333333334],[132.475,33.166666666666664]]]},"properties":{"type":"Feature","mesh_id":"493263081","municipality_code":"38203","municipality":"宇和島市","total_population":95,"population_65plus":60,"population_75plus":31,"aging_rate_65plus":0.631578947368421,"aging_rate_75plus":0.3263157894736842,"population_status":"1","population_status_target":null,"population_aggregation_target":"493263082","age_65plus_missing":false,"age_75plus_missing":false,"age_quality_flag":"ok","data_completeness":"complete"}},{"type":"Feature","geometry":{"type":"Polygon","coordinates":[[[132.475,33.170833333333334],[132.48125,33.170833333333334],[132.48125,33.175000000000004],[132.475,33.175000000000004],[132.475,33.170833333333334]]]},"properties":{"type":"Feature","mesh_id":"493263082","municipality_code":"38203","municipality":"宇和島市","total_population":8,"population_65plus":null,"population_75plus":null,"aging_rate_65plus":null,"aging_rate_75plus":null,"population_status":"2","population_status_target":"493263081","population_aggregation_target":null,"age_65plus_missing":true,"age_75plus_missing":true,"age_quality_flag":"ok","data_completeness":"partial"}},{"type":"Feature","geometry":{"type":"Polygon","coordinates":[[[132.49375,33.170833333333334],[132.5,33.170833333333334],[132.5,33.175000000000004],[132.49375,33.175000000000004],[132.49375,33.170833333333334]]]},"properties":{"type":"Feature","mesh_id":"493263094","municipality_code":"38203","municipality":"宇和島市","total_population":17,"population_65plus":null,"population_75plus":null,"aging_rate_65plus":null,"aging_rate_75plus":null,"population_status":"1","population_status_target":null,"population_aggregation_target":"493263092;493263192","age_65plus_missing":true,"age_75plus_missing":true,"age_quality_flag":"inconsistent_with_total","data_completeness":"partial"}},{"type":"Feature","geometry":{"type":"Polygon","coordinates":[[[132.4625,33.175],[132.46875,33.175],[132.46875,33.17916666666667],[132.4625,33.17916666666667],[132.4625,33.175]]]},"properties":{"type":"Feature","mesh_id":"493263171","municipality_code":"38203","municipality":"宇和島市","total_population":33,"population_65plus":15,"population_75plus":5,"aging_rate_65plus":0.45454545454545453,"aging_rate_75plus":0.15151515151515152,"population_status":"0","population_status_target":null,"population_aggregation_target":null,"age_65plus_missing":false,"age_75plus_missing":false,"age_quality_flag":"ok","data_completeness":"complete"}},{"type":"Feature","geometry":{"type":"Polygon","coordinates":[[[132.4,33.18333333333333],[132.40625,33.18333333333333],[132.40625,33.1875],[132.4,33.1875],[132.4,33.18333333333333]]]},"properties":{"type":"Feature","mesh_id":"493263221","municipality_code":"38203","municipality":"宇和島市","total_population":18,"population_65plus":12,"population_75plus":3,"aging_rate_65plus":0.6666666666666666,"aging_rate_75plus":0.16666666666666666,"population_status":"0","population_status_target":null,"population_aggregation_target":null,"age_65plus_missing":false,"age_75plus_missing":false,"age_quality_flag":"ok","data_completeness":"complete"}},{"type":"Feature","geometry":{"type":"Polygon","coordinates":[[[132.45,33.1875],[132.45624999999998,33.1875],[132.45624999999998,33.19166666666667],[132.45,33.19166666666667],[132.45,33.1875]]]},"properties":{"type":"Feature","mesh_id":"493263262","municipality_code":"38203","municipality":"宇和島市","total_population":55,"population_65plus":24,"population_75plus":13,"aging_rate_65plus":0.43636363636363634,"aging_rate_75plus":0.23636363636363636,"population_status":"0","population_status_target":null,"population_aggregation_target":null,"age_65plus_missing":false,"age_75plus_missing":false,"age_quality_flag":"ok","data_completeness":"complete"}},{"type":"Feature","geometry":{"type":"Polygon","coordinates":[[[132.4,33.19166666666666],[132.40625,33.19166666666666],[132.40625,33.19583333333333],[132.4,33.19583333333333],[132.4,33.19166666666666]]]},"properties":{"type":"Feature","mesh_id":"493263321","municipality_code":"38203","municipality":"宇和島市","total_population":8,"population_65plus":null,"population_75plus":null,"aging_rate_65plus":null,"aging_rate_75plus":null,"population_status":"2","population_status_target":"493263322","population_aggregation_target":null,"age_65plus_missing":true,"age_75plus_missing":true,"age_quality_flag":"ok","data_completeness":"partial"}},{"type":"Feature","geometry":{"type":"Polygon","coordinates":[[[132.4,33.19583333333333],[132.40625,33.19583333333333],[132.40625,33.2],[132.4,33.2],[132.4,33.19583333333333]]]},"properties":{"type":"Feature","mesh_id":"493263322","municipality_code":"38203","municipality":"宇和島市","total_population":62,"population_65plus":40,"population_75plus":18,"aging_rate_65plus":0.6451612903225806,"aging_rate_75plus":0.2903225806451613,"population_status":"1","population_status_target":null,"population_aggregation_target":"493263321;493263333","age_65plus_missing":false,"age_75plus_missing":false,"age_quality_flag":"ok","data_completeness":"complete"}},{"type":"Feature","geometry":{"type":"Polygon","coordinates":[[[132.40625,33.19166666666666],[132.4125,33.19166666666666],[132.4125,33.19583333333333],[132.40625,33.19583333333333],[132.40625,33.19166666666666]]]},"properties":{"type":"Feature","mesh_id":"493263323","municipality_code":"38203","municipality":"宇和島市","total_population":45,"population_65plus":33,"population_75plus":17,"aging_rate_65plus":0.7333333333333333,"aging_rate_75plus":0.37777777777777777,"population_status":"0","population_status_target":null,"population_aggregation_target":null,"age_65plus_missing":false,"age_75plus_missing":false,"age_quality_flag":"ok","data_completeness":"complete"}},{"type":"Feature","geometry":{"type":"Polygon","coordinates":[[[132.4375,33.19583333333333],[132.44375,33.19583333333333],[132.44375,33.2],[132.4375,33.2],[132.4375,33.19583333333333]]]},"properties":{"type":"Feature","mesh_id":"493263352","municipality_code":"38203","municipality":"宇和島市","total_population":119,"population_65plus":72,"population_75plus":36,"aging_rate_65plus":0.6050420168067226,"aging_rate_75plus":0.3025210084033613,"population_status":"0","population_status_target":null,"population_aggregation_target":null,"age_65plus_missing":false,"age_75plus_missing":false,"age_quality_flag":"ok","data_completeness":"complete"}},{"type":"Feature","geometry":{"type":"Polygon","coordinates":[[[132.45,33.19166666666666],[132.45624999999998,33.19166666666666],[132.45624999999998,33.19583333333333],[132.45,33.19583333333333],[132.45,33.19166666666666]]]},"properties":{"type":"Feature","mesh_id":"493263361","municipality_code":"38203","municipality":"宇和島市","total_population":166,"population_65plus":68,"population_75plus":29,"aging_rate_65plus":0.40963855421686746,"aging_rate_75plus":0.1746987951807229,"population_status":"0","population_status_target":null,"population_aggregation_target":null,"age_65plus_missing":false,"age_75plus_missing":false,"age_quality_flag":"ok","data_completeness":"complete"}},{"type":"Feature","geometry":{"type":"Polygon","coordinates":[[[132.4,33.199999999999996],[132.40625,33.199999999999996],[132.40625,33.204166666666666],[132.4,33.204166666666666],[132.4,33.199999999999996]]]},"properties":{"type":"Feature","mesh_id":"493263421","municipality_code":"38203","municipality":"宇和島市","total_population":44,"population_65plus":13,"population_75plus":6,"aging_rate_65plus":0.29545454545454547,"aging_rate_75plus":0.13636363636363635,"population_status":"0","population_status_target":null,"population_aggregation_target":null,"age_65plus_missing":false,"age_75plus_missing":false,"age_quality_flag":"ok","data_completeness":"complete"}},{"type":"Feature","geometry":{"type":"Polygon","coordinates":[[[132.425,33.204166666666666],[132.43125,33.204166666666666],[132.43125,33.208333333333336],[132.425,33.208333333333336],[132.425,33.204166666666666]]]},"properties":{"type":"Feature","mesh_id":"493263442","municipality_code":"38203","municipality":"宇和島市","total_population":13,"population_65plus":10,"population_75plus":7,"aging_rate_65plus":0.7692307692307693,"aging_rate_75plus":0.5384615384615384,"population_status":"0","population_status_target":null,"population_aggregation_target":null,"age_65plus_missing":false,"age_75plus_missing":false,"age_quality_flag":"ok","data_completeness":"complete"}},{"type":"Feature","geometry":{"type":"Polygon","coordinates":[[[132.4375,33.199999999999996],[132.44375,33.199999999999996],[132.44375,33.204166666666666],[132.4375,33.204166666666666],[132.4375,33.199999999999996]]]},"properties":{"type":"Feature","mesh_id":"493263451","municipality_code":"38203","municipality":"宇和島市","total_population":62,"population_65plus":24,"population_75plus":11,"aging_rate_65plus":0.3870967741935484,"aging_rate_75plus":0.1774193548387097,"population_status":"0","population_status_target":null,"population_aggregation_target":null,"age_65plus_missing":false,"age_75plus_missing":false,"age_quality_flag":"ok","data_completeness":"complete"}},{"type":"Feature","geometry":{"type":"Polygon","coordinates":[[[132.45,33.199999999999996],[132.45624999999998,33.199999999999996],[132.45624999999998,33.204166666666666],[132.45,33.204166666666666],[132.45,33.199999999999996]]]},"properties":{"type":"Feature","mesh_id":"493263461","municipality_code":"38203","municipality":"宇和島市","total_population":8,"population_65plus":null,"population_75plus":null,"aging_rate_65plus":null,"aging_rate_75plus":null,"population_status":"2","population_status_target":"493263462","population_aggregation_target":null,"age_65plus_missing":true,"age_75plus_missing":true,"age_quality_flag":"ok","data_completeness":"partial"}},{"type":"Feature","geometry":{"type":"Polygon","coordinates":[[[132.5,33.166666666666664],[132.50625,33.166666666666664],[132.50625,33.170833333333334],[132.5,33.170833333333334],[132.5,33.166666666666664]]]},"properties":{"type":"Feature","mesh_id":"493264001","municipality_code":"38203","municipality":"宇和島市","total_population":110,"population_65plus":99,"population_75plus":67,"aging_rate_65plus":0.9,"aging_rate_75plus":0.6090909090909091,"population_status":"1","population_status_target":null,"population_aggregation_target":"493264002","age_65plus_missing":false,"age_75plus_missing":false,"age_quality_flag":"ok","data_completeness":"complete"}},{"type":"Feature","geometry":{"type":"Polygon","coordinates":[[[132.50625,33.166666666666664],[132.5125,33.166666666666664],[132.5125,33.170833333333334],[132.50625,33.170833333333334],[132.50625,33.166666666666664]]]},"properties":{"type":"Feature","mesh_id":"493264003","municipality_code":"38203","municipality":"宇和島市","total_population":82,"population_65plus":42,"population_75plus":18,"aging_rate_65plus":0.5121951219512195,"aging_rate_75plus":0.21951219512195122,"population_status":"0","population_status_target":null,"population_aggregation_target":null,"age_65plus_missing":false,"age_75plus_missing":false,"age_quality_flag":"ok","data_completeness":"complete"}},{"type":"Feature","geometry":{"type":"Polygon","coordinates":[[[132.5125,33.166666666666664],[132.51874999999998,33.166666666666664],[132.51874999999998,33.170833333333334],[132.5125,33.170833333333334],[132.5125,33.166666666666664]]]},"properties":{"type":"Feature","mesh_id":"493264011","municipality_code":"38203","municipality":"宇和島市","total_population":25,"population_65plus":12,"population_75plus":3,"aging_rate_65plus":0.48,"aging_rate_75plus":0.12,"population_status":"1","population_status_target":null,"population_aggregation_target":"493264014","age_65plus_missing":false,"age_75plus_missing":false,"age_quality_flag":"ok","data_completeness":"complete"}},{"type":"Feature","geometry":{"type":"Polygon","coordinates":[[[132.51874999999998,33.166666666666664],[132.52499999999998,33.166666666666664],[132.52499999999998,33.170833333333334],[132.51874999999998,33.170833333333334],[132.51874999999998,33.166666666666664]]]},"properties":{"type":"Feature","mesh_id":"493264013","municipality_code":"38203","municipality":"宇和島市","total_population":151,"population_65plus":75,"population_75plus":32,"aging_rate_65plus":0.4966887417218543,"aging_rate_75plus":0.2119205298013245,"population_status":"1","population_status_target":null,"population_aggregation_target":"493264111","age_65plus_missing":false,"age_75plus_missing":false,"age_quality_flag":"ok","data_completeness":"complete"}},{"type":"Feature","geometry":{"type":"Polygon","coordinates":[[[132.51874999999998,33.170833333333334],[132.52499999999998,33.170833333333334],[132.52499999999998,33.175000000000004],[132.51874999999998,33.175000000000004],[132.51874999999998,33.170833333333334]]]},"properties":{"type":"Feature","mesh_id":"493264014","municipality_code":"38203","municipality":"宇和島市","total_population":6,"population_65plus":null,"population_75plus":null,"aging_rate_65plus":null,"aging_rate_75plus":null,"population_status":"2","population_status_target":"493264011","population_aggregation_target":null,"age_65plus_missing":true,"age_75plus_missing":true,"age_quality_flag":"ok","data_completeness":"partial"}},{"type":"Feature","geometry":{"type":"Polygon","coordinates":[[[132.5375,33.170833333333334],[132.54375,33.170833333333334],[132.54375,33.175000000000004],[132.5375,33.175000000000004],[132.5375,33.170833333333334]]]},"properties":{"type":"Feature","mesh_id":"493264032","municipality_code":"38203","municipality":"宇和島市","total_population":17,"population_65plus":10,"population_75plus":8,"aging_rate_65plus":0.5882352941176471,"aging_rate_75plus":0.47058823529411764,"population_status":"0","population_status_target":null,"population_aggregation_target":null,"age_65plus_missing":false,"age_75plus_missing":false,"age_quality_flag":"ok","data_completeness":"complete"}},{"type":"Feature","geometry":{"type":"Polygon","coordinates":[[[132.55,33.166666666666664],[132.55625,33.166666666666664],[132.55625,33.170833333333334],[132.55,33.170833333333334],[132.55,33.166666666666664]]]},"properties":{"type":"Feature","mesh_id":"493264041","municipality_code":"38203","municipality":"宇和島市","total_population":112,"population_65plus":60,"population_75plus":33,"aging_rate_65plus":0.5357142857142857,"aging_rate_75plus":0.29464285714285715,"population_status":"0","population_status_target":null,"population_aggregation_target":null,"age_65plus_missing":false,"age_75plus_missing":false,"age_quality_flag":"ok","data_completeness":"complete"}},{"type":"Feature","geometry":{"type":"Polygon","coordinates":[[[132.55,33.170833333333334],[132.55625,33.170833333333334],[132.55625,33.175000000000004],[132.55,33.175000000000004],[132.55,33.170833333333334]]]},"properties":{"type":"Feature","mesh_id":"493264042","municipality_code":"38203","municipality":"宇和島市","total_population":5,"population_65plus":null,"population_75plus":null,"aging_rate_65plus":null,"aging_rate_75plus":null,"population_status":"2","population_status_target":"493264044","population_aggregation_target":null,"age_65plus_missing":true,"age_75plus_missing":true,"age_quality_flag":"ok","data_completeness":"partial"}},{"type":"Feature","geometry":{"type":"Polygon","coordinates":[[[132.55625,33.166666666666664],[132.5625,33.166666666666664],[132.5625,33.170833333333334],[132.55625,33.170833333333334],[132.55625,33.166666666666664]]]},"properties":{"type":"Feature","mesh_id":"493264043","municipality_code":"38203","municipality":"宇和島市","total_population":146,"population_65plus":44,"population_75plus":13,"aging_rate_65plus":0.3013698630136986,"aging_rate_75plus":0.08904109589041095,"population_status":"0","population_status_target":null,"population_aggregation_target":null,"age_65plus_missing":false,"age_75plus_missing":false,"age_quality_flag":"ok","data_completeness":"complete"}},{"type":"Feature","geometry":{"type":"Polygon","coordinates":[[[132.55625,33.170833333333334],[132.5625,33.170833333333334],[132.5625,33.175000000000004],[132.55625,33.175000000000004],[132.55625,33.170833333333334]]]},"properties":{"type":"Feature","mesh_id":"493264044","municipality_code":"38203","municipality":"宇和島市","total_population":133,"population_65plus":109,"population_75plus":90,"aging_rate_65plus":0.8195488721804511,"aging_rate_75plus":0.6766917293233082,"population_status":"1","population_status_target":null,"population_aggregation_target":"493264042","age_65plus_missing":false,"age_75plus_missing":false,"age_quality_flag":"ok","data_completeness":"complete"}},{"type":"Feature","geometry":{"type":"Polygon","coordinates":[[[132.5625,33.166666666666664],[132.56875,33.166666666666664],[132.56875,33.170833333333334],[132.5625,33.170833333333334],[132.5625,33.166666666666664]]]},"properties":{"type":"Feature","mesh_id":"493264051","municipality_code":"38203","municipality":"宇和島市","total_population":8,"population_65plus":null,"population_75plus":null,"aging_rate_65plus":null,"aging_rate_75plus":null,"population_status":"2","population_status_target":"493264053","population_aggregation_target":null,"age_65plus_missing":true,"age_75plus_missing":true,"age_quality_flag":"ok","data_completeness":"partial"}},{"type":"Feature","geometry":{"type":"Polygon","coordinates":[[[132.56875,33.166666666666664],[132.575,33.166666666666664],[132.575,33.170833333333334],[132.56875,33.170833333333334],[132.56875,33.166666666666664]]]},"properties":{"type":"Feature","mesh_id":"493264053","municipality_code":"38203","municipality":"宇和島市","total_population":3,"population_65plus":3,"population_75plus":0,"aging_rate_65plus":1.0,"aging_rate_75plus":0.0,"population_status":"1","population_status_target":null,"population_aggregation_target":"493264051","age_65plus_missing":false,"age_75plus_missing":false,"age_quality_flag":"ok","data_completeness":"complete"}},{"type":"Feature","geometry":{"type":"Polygon","coordinates":[[[132.5125,33.175],[132.51874999999998,33.175],[132.51874999999998,33.17916666666667],[132.5125,33.17916666666667],[132.5125,33.175]]]},"properties":{"type":"Feature","mesh_id":"493264111","municipality_code":"38203","municipality":"宇和島市","total_population":7,"population_65plus":null,"population_75plus":null,"aging_rate_65plus":null,"aging_rate_75plus":null,"population_status":"2","population_status_target":"493264013","population_aggregation_target":null,"age_65plus_missing":true,"age_75plus_missing":true,"age_quality_flag":"ok","data_completeness":"partial"}},{"type":"Feature","geometry":{"type":"Polygon","coordinates":[[[132.53125,33.175],[132.5375,33.175],[132.5375,33.17916666666667],[132.53125,33.17916666666667],[132.53125,33.175]]]},"properties":{"type":"Feature","mesh_id":"493264123","municipality_code":"38203","municipality":"宇和島市","total_population":25,"population_65plus":16,"population_75plus":11,"aging_rate_65plus":0.64,"aging_rate_75plus":0.44,"population_status":"1","population_status_target":null,"population_aggregation_target":"493264124","age_65plus_missing":false,"age_75plus_missing":false,"age_quality_flag":"ok","data_completeness":"complete"}},{"type":"Feature","geometry":{"type":"Polygon","coordinates":[[[132.53125,33.17916666666667],[132.5375,33.17916666666667],[132.5375,33.18333333333334],[132.53125,33.18333333333334],[132.53125,33.17916666666667]]]},"properties":{"type":"Feature","mesh_id":"493264124","municipality_code":"38203","municipality":"宇和島市","total_population":5,"population_65plus":null,"population_75plus":null,"aging_rate_65plus":null,"aging_rate_75plus":null,"population_status":"2","population_status_target":"493264123","population_aggregation_target":null,"age_65plus_missing":true,"age_75plus_missing":true,"age_quality_flag":"ok","data_completeness":"partial"}},{"type":"Feature","geometry":{"type":"Polygon","coordinates":[[[132.5375,33.17916666666667],[132.54375,33.17916666666667],[132.54375,33.18333333333334],[132.5375,33.18333333333334],[132.5375,33.17916666666667]]]},"properties":{"type":"Feature","mesh_id":"493264132","municipality_code":"38203","municipality":"宇和島市","total_population":29,"population_65plus":12,"population_75plus":7,"aging_rate_65plus":0.41379310344827586,"aging_rate_75plus":0.2413793103448276,"population_status":"0","population_status_target":null,"population_aggregation_target":null,"age_65plus_missing":false,"age_75plus_missing":false,"age_quality_flag":"ok","data_completeness":"complete"}},{"type":"Feature","geometry":{"type":"Polygon","coordinates":[[[132.54375,33.175],[132.54999999999998,33.175],[132.54999999999998,33.17916666666667],[132.54375,33.17916666666667],[132.54375,33.175]]]},"properties":{"type":"Feature","mesh_id":"493264133","municipality_code":"38203","municipality":"宇和島市","total_population":9,"population_65plus":null,"population_75plus":null,"aging_rate_65plus":null,"aging_rate_75plus":null,"population_status":"2","population_status_target":"493264134","population_aggregation_target":null,"age_65plus_missing":true,"age_75plus_missing":true,"age_quality_flag":"ok","data_completeness":"partial"}},{"type":"Feature","geometry":{"type":"Polygon","coordinates":[[[132.54375,33.17916666666667],[132.54999999999998,33.17916666666667],[132.54999999999998,33.18333333333334],[132.54375,33.18333333333334],[132.54375,33.17916666666667]]]},"properties":{"type":"Feature","mesh_id":"493264134","municipality_code":"38203","municipality":"宇和島市","total_population":241,"population_65plus":108,"population_75plus":42,"aging_rate_65plus":0.44813278008298757,"aging_rate_75plus":0.17427385892116182,"population_status":"1","population_status_target":null,"population_aggregation_target":"493264133","age_65plus_missing":false,"age_75plus_missing":false,"age_quality_flag":"ok","data_completeness":"complete"}},{"type":"Feature","geometry":{"type":"Polygon","coordinates":[[[132.55,33.175],[132.55625,33.175],[132.55625,33.17916666666667],[132.55,33.17916666666667],[132.55,33.175]]]},"properties":{"type":"Feature","mesh_id":"493264141","municipality_code":"38203","municipality":"宇和島市","total_population":170,"population_65plus":66,"population_75plus":30,"aging_rate_65plus":0.38823529411764707,"aging_rate_75plus":0.17647058823529413,"population_status":"0","population_status_target":null,"population_aggregation_target":null,"age_65plus_missing":false,"age_75plus_missing":false,"age_quality_flag":"ok","data_completeness":"complete"}},{"type":"Feature","geometry":{"type":"Polygon","coordinates":[[[132.55,33.17916666666667],[132.55625,33.17916666666667],[132.55625,33.18333333333334],[132.55,33.18333333333334],[132.55,33.17916666666667]]]},"properties":{"type":"Feature","mesh_id":"493264142","municipality_code":"38203","municipality":"宇和島市","total_population":22,"population_65plus":9,"population_75plus":8,"aging_rate_65plus":0.4090909090909091,"aging_rate_75plus":0.36363636363636365,"population_status":"0","population_status_target":null,"population_aggregation_target":null,"age_65plus_missing":false,"age_75plus_missing":false,"age_quality_flag":"ok","data_completeness":"complete"}},{"type":"Feature","geometry":{"type":"Polygon","coordinates":[[[132.55625,33.175],[132.5625,33.175],[132.5625,33.17916666666667],[132.55625,33.17916666666667],[132.55625,33.175]]]},"properties":{"type":"Feature","mesh_id":"493264143","municipality_code":"38203","municipality":"宇和島市","total_population":317,"population_65plus":74,"population_75plus":40,"aging_rate_65plus":0.2334384858044164,"aging_rate_75plus":0.12618296529968454,"population_status":"0","population_status_target":null,"population_aggregation_target":null,"age_65plus_missing":false,"age_75plus_missing":false,"age_quality_flag":"ok","data_completeness":"complete"}},{"type":"Feature","geometry":{"type":"Polygon","coordinates":[[[132.5625,33.175],[132.56875,33.175],[132.56875,33.17916666666667],[132.5625,33.17916666666667],[132.5625,33.175]]]},"properties":{"type":"Feature","mesh_id":"493264151","municipality_code":"38203","municipality":"宇和島市","total_population":19,"population_65plus":4,"population_75plus":2,"aging_rate_65plus":0.21052631578947367,"aging_rate_75plus":0.10526315789473684,"population_status":"0","population_status_target":null,"population_aggregation_target":null,"age_65plus_missing":false,"age_75plus_missing":false,"age_quality_flag":"ok","data_completeness":"complete"}},{"type":"Feature","geometry":{"type":"Polygon","coordinates":[[[132.50625,33.1875],[132.5125,33.1875],[132.5125,33.19166666666667],[132.50625,33.19166666666667],[132.50625,33.1875]]]},"properties":{"type":"Feature","mesh_id":"493264204","municipality_code":"38203","municipality":"宇和島市","total_population":12,"population_65plus":null,"population_75plus":null,"aging_rate_65plus":null,"aging_rate_75plus":null,"population_status":"2","population_status_target":"493264202","population_aggregation_target":null,"age_65plus_missing":true,"age_75plus_missing":true,"age_quality_flag":"ok","data_completeness":"partial"}},{"type":"Feature","geometry":{"type":"Polygon","coordinates":[[[132.51874999999998,33.18333333333333],[132.52499999999998,33.18333333333333],[132.52499999999998,33.1875],[132.51874999999998,33.1875],[132.51874999999998,33.18333333333333]]]},"properties":{"type":"Feature","mesh_id":"493264213","municipality_code":"38203","municipality":"宇和島市","total_population":1,"population_65plus":null,"population_75plus":null,"aging_rate_65plus":null,"aging_rate_75plus":null,"population_status":"2","population_status_target":"493264202","population_aggregation_target":null,"age_65plus_missing":true,"age_75plus_missing":true,"age_quality_flag":"ok","data_completeness":"partial"}},{"type":"Feature","geometry":{"type":"Polygon","coordinates":[[[132.5375,33.18333333333333],[132.54375,33.18333333333333],[132.54375,33.1875],[132.5375,33.1875],[132.5375,33.18333333333333]]]},"properties":{"type":"Feature","mesh_id":"493264231","municipality_code":"38203","municipality":"宇和島市","total_population":28,"population_65plus":25,"population_75plus":21,"aging_rate_65plus":0.8928571428571429,"aging_rate_75plus":0.75,"population_status":"0","population_status_target":null,"population_aggregation_target":null,"age_65plus_missing":false,"age_75plus_missing":false,"age_quality_flag":"ok","data_completeness":"complete"}},{"type":"Feature","geometry":{"type":"Polygon","coordinates":[[[132.5375,33.1875],[132.54375,33.1875],[132.54375,33.19166666666667],[132.5375,33.19166666666667],[132.5375,33.1875]]]},"properties":{"type":"Feature","mesh_id":"493264232","municipality_code":"38203","municipality":"宇和島市","total_population":402,"population_65plus":191,"population_75plus":111,"aging_rate_65plus":0.47512437810945274,"aging_rate_75plus":0.27611940298507465,"population_status":"0","population_status_target":null,"population_aggregation_target":null,"age_65plus_missing":false,"age_75plus_missing":false,"age_quality_flag":"ok","data_completeness":"complete"}},{"type":"Feature","geometry":{"type":"Polygon","coordinates":[[[132.54375,33.18333333333333],[132.54999999999998,33.18333333333333],[132.54999999999998,33.1875],[132.54375,33.1875],[132.54375,33.18333333333333]]]},"properties":{"type":"Feature","mesh_id":"493264233","municipality_code":"38203","municipality":"宇和島市","total_population":21,"population_65plus":6,"population_75plus":1,"aging_rate_65plus":0.2857142857142857,"aging_rate_75plus":0.047619047619047616,"population_status":"0","population_status_target":null,"population_aggregation_target":null,"age_65plus_missing":false,"age_75plus_missing":false,"age_quality_flag":"ok","data_completeness":"complete"}},{"type":"Feature","geometry":{"type":"Polygon","coordinates":[[[132.54375,33.1875],[132.54999999999998,33.1875],[132.54999999999998,33.19166666666667],[132.54375,33.19166666666667],[132.54375,33.1875]]]},"properties":{"type":"Feature","mesh_id":"493264234","municipality_code":"38203","municipality":"宇和島市","total_population":604,"population_65plus":341,"population_75plus":232,"aging_rate_65plus":0.5645695364238411,"aging_rate_75plus":0.3841059602649007,"population_status":"0","population_status_target":null,"population_aggregation_target":null,"age_65plus_missing":false,"age_75plus_missing":false,"age_quality_flag":"ok","data_completeness":"complete"}},{"type":"Feature","geometry":{"type":"Polygon","coordinates":[[[132.55,33.18333333333333],[132.55625,33.18333333333333],[132.55625,33.1875],[132.55,33.1875],[132.55,33.18333333333333]]]},"properties":{"type":"Feature","mesh_id":"493264241","municipality_code":"38203","municipality":"宇和島市","total_population":172,"population_65plus":68,"population_75plus":22,"aging_rate_65plus":0.3953488372093023,"aging_rate_75plus":0.12790697674418605,"population_status":"0","population_status_target":null,"population_aggregation_target":null,"age_65plus_missing":false,"age_75plus_missing":false,"age_quality_flag":"ok","data_completeness":"complete"}},{"type":"Feature","geometry":{"type":"Polygon","coordinates":[[[132.5,33.19166666666666],[132.50625,33.19166666666666],[132.50625,33.19583333333333],[132.5,33.19583333333333],[132.5,33.19166666666666]]]},"properties":{"type":"Feature","mesh_id":"493264301","municipality_code":"38203","municipality":"宇和島市","total_population":21,"population_65plus":6,"population_75plus":5,"aging_rate_65plus":0.2857142857142857,"aging_rate_75plus":0.23809523809523808,"population_status":"0","population_status_target":null,"population_aggregation_target":null,"age_65plus_missing":false,"age_75plus_missing":false,"age_quality_flag":"ok","data_completeness":"complete"}},{"type":"Feature","geometry":{"type":"Polygon","coordinates":[[[132.50625,33.19166666666666],[132.5125,33.19166666666666],[132.5125,33.19583333333333],[132.50625,33.19583333333333],[132.50625,33.19166666666666]]]},"properties":{"type":"Feature","mesh_id":"493264303","municipality_code":"38203","municipality":"宇和島市","total_population":9,"population_65plus":null,"population_75plus":null,"aging_rate_65plus":null,"aging_rate_75plus":null,"population_status":"2","population_status_target":"493264302","population_aggregation_target":null,"age_65plus_missing":true,"age_75plus_missing":true,"age_quality_flag":"ok","data_completeness":"partial"}},{"type":"Feature","geometry":{"type":"Polygon","coordinates":[[[132.525,33.19166666666666],[132.53125,33.19166666666666],[132.53125,33.19583333333333],[132.525,33.19583333333333],[132.525,33.19166666666666]]]},"properties":{"type":"Feature","mesh_id":"493264321","municipality_code":"38203","municipality":"宇和島市","total_population":14,"population_65plus":null,"population_75plus":null,"aging_rate_65plus":null,"aging_rate_75plus":null,"population_status":"1","population_status_target":null,"population_aggregation_target":"493264322","age_65plus_missing":true,"age_75plus_missing":true,"age_quality_flag":"inconsistent_with_total","data_completeness":"partial"}},{"type":"Feature","geometry":{"type":"Polygon","coordinates":[[[132.525,33.19583333333333],[132.53125,33.19583333333333],[132.53125,33.2],[132.525,33.2],[132.525,33.19583333333333]]]},"properties":{"type":"Feature","mesh_id":"493264322","municipality_code":"38203","municipality":"宇和島市","total_population":26,"population_65plus":null,"population_75plus":null,"aging_rate_65plus":null,"aging_rate_75plus":null,"population_status":"2","population_status_target":"493264321","population_aggregation_target":null,"age_65plus_missing":true,"age_75plus_missing":true,"age_quality_flag":"ok","data_completeness":"partial"}},{"type":"Feature","geometry":{"type":"Polygon","coordinates":[[[132.5375,33.19166666666666],[132.54375,33.19166666666666],[132.54375,33.19583333333333],[132.5375,33.19583333333333],[132.5375,33.19166666666666]]]},"properties":{"type":"Feature","mesh_id":"493264331","municipality_code":"38203","municipality":"宇和島市","total_population":1,"population_65plus":null,"population_75plus":null,"aging_rate_65plus":null,"aging_rate_75plus":null,"population_status":"2","population_status_target":"493264332","population_aggregation_target":null,"age_65plus_missing":true,"age_75plus_missing":true,"age_quality_flag":"ok","data_completeness":"partial"}},{"type":"Feature","geometry":{"type":"Polygon","coordinates":[[[132.5375,33.19583333333333],[132.54375,33.19583333333333],[132.54375,33.2],[132.5375,33.2],[132.5375,33.19583333333333]]]},"properties":{"type":"Feature","mesh_id":"493264332","municipality_code":"38203","municipality":"宇和島市","total_population":559,"population_65plus":233,"population_75plus":107,"aging_rate_65plus":0.41681574239713776,"aging_rate_75plus":0.19141323792486584,"population_status":"1","population_status_target":null,"population_aggregation_target":"493264331","age_65plus_missing":false,"age_75plus_missing":false,"age_quality_flag":"ok","data_completeness":"complete"}},{"type":"Feature","geometry":{"type":"Polygon","coordinates":[[[132.54375,33.19166666666666],[132.54999999999998,33.19166666666666],[132.54999999999998,33.19583333333333],[132.54375,33.19583333333333],[132.54375,33.19166666666666]]]},"properties":{"type":"Feature","mesh_id":"493264333","municipality_code":"38203","municipality":"宇和島市","total_population":77,"population_65plus":23,"population_75plus":10,"aging_rate_65plus":0.2987012987012987,"aging_rate_75plus":0.12987012987012986,"population_status":"0","population_status_target":null,"population_aggregation_target":null,"age_65plus_missing":false,"age_75plus_missing":false,"age_quality_flag":"ok","data_completeness":"complete"}},{"type":"Feature","geometry":{"type":"Polygon","coordinates":[[[132.54375,33.19583333333333],[132.54999999999998,33.19583333333333],[132.54999999999998,33.2],[132.54375,33.2],[132.54375,33.19583333333333]]]},"properties":{"type":"Feature","mesh_id":"493264334","municipality_code":"38203","municipality":"宇和島市","total_population":576,"population_65plus":144,"population_75plus":79,"aging_rate_65plus":0.25,"aging_rate_75plus":0.1371527777777778,"population_status":"0","population_status_target":null,"population_aggregation_target":null,"age_65plus_missing":false,"age_75plus_missing":false,"age_quality_flag":"ok","data_completeness":"complete"}},{"type":"Feature","geometry":{"type":"Polygon","coordinates":[[[132.55,33.19166666666666],[132.55625,33.19166666666666],[132.55625,33.19583333333333],[132.55,33.19583333333333],[132.55,33.19166666666666]]]},"properties":{"type":"Feature","mesh_id":"493264341","municipality_code":"38203","municipality":"宇和島市","total_population":378,"population_65plus":194,"population_75plus":93,"aging_rate_65plus":0.5132275132275133,"aging_rate_75plus":0.24603174603174602,"population_status":"0","population_status_target":null,"population_aggregation_target":null,"age_65plus_missing":false,"age_75plus_missing":false,"age_quality_flag":"ok","data_completeness":"complete"}},{"type":"Feature","geometry":{"type":"Polygon","coordinates":[[[132.55,33.19583333333333],[132.55625,33.19583333333333],[132.55625,33.2],[132.55,33.2],[132.55,33.19583333333333]]]},"properties":{"type":"Feature","mesh_id":"493264342","municipality_code":"38203","municipality":"宇和島市","total_population":263,"population_65plus":147,"population_75plus":78,"aging_rate_65plus":0.55893536121673,"aging_rate_75plus":0.2965779467680608,"population_status":"1","population_status_target":null,"population_aggregation_target":"493264344","age_65plus_missing":false,"age_75plus_missing":false,"age_quality_flag":"ok","data_completeness":"complete"}},{"type":"Feature","geometry":{"type":"Polygon","coordinates":[[[132.55625,33.19166666666666],[132.5625,33.19166666666666],[132.5625,33.19583333333333],[132.55625,33.19583333333333],[132.55625,33.19166666666666]]]},"properties":{"type":"Feature","mesh_id":"493264343","municipality_code":"38203","municipality":"宇和島市","total_population":134,"population_65plus":35,"population_75plus":16,"aging_rate_65plus":0.26119402985074625,"aging_rate_75plus":0.11940298507462686,"population_status":"0","population_status_target":null,"population_aggregation_target":null,"age_65plus_missing":false,"age_75plus_missing":false,"age_quality_flag":"ok","data_completeness":"complete"}},{"type":"Feature","geometry":{"type":"Polygon","coordinates":[[[132.55625,33.19583333333333],[132.5625,33.19583333333333],[132.5625,33.2],[132.55625,33.2],[132.55625,33.19583333333333]]]},"properties":{"type":"Feature","mesh_id":"493264344","municipality_code":"38203","municipality":"宇和島市","total_population":5,"population_65plus":null,"population_75plus":null,"aging_rate_65plus":null,"aging_rate_75plus":null,"population_status":"2","population_status_target":"493264342","population_aggregation_target":null,"age_65plus_missing":true,"age_75plus_missing":true,"age_quality_flag":"ok","data_completeness":"partial"}},{"type":"Feature","geometry":{"type":"Polygon","coordinates":[[[132.5625,33.19166666666666],[132.56875,33.19166666666666],[132.56875,33.19583333333333],[132.5625,33.19583333333333],[132.5625,33.19166666666666]]]},"properties":{"type":"Feature","mesh_id":"493264351","municipality_code":"38203","municipality":"宇和島市","total_population":176,"population_65plus":63,"population_75plus":22,"aging_rate_65plus":0.35795454545454547,"aging_rate_75plus":0.125,"population_status":"0","population_status_target":null,"population_aggregation_target":null,"age_65plus_missing":false,"age_75plus_missing":false,"age_quality_flag":"ok","data_completeness":"complete"}},{"type":"Feature","geometry":{"type":"Polygon","coordinates":[[[132.5625,33.19583333333333],[132.56875,33.19583333333333],[132.56875,33.2],[132.5625,33.2],[132.5625,33.19583333333333]]]},"properties":{"type":"Feature","mesh_id":"493264352","municipality_code":"38203","municipality":"宇和島市","total_population":33,"population_65plus":8,"population_75plus":6,"aging_rate_65plus":0.24242424242424243,"aging_rate_75plus":0.18181818181818182,"population_status":"0","population_status_target":null,"population_aggregation_target":null,"age_65plus_missing":false,"age_75plus_missing":false,"age_quality_flag":"ok","data_completeness":"complete"}},{"type":"Feature","geometry":{"type":"Polygon","coordinates":[[[132.56875,33.19166666666666],[132.575,33.19166666666666],[132.575,33.19583333333333],[132.56875,33.19583333333333],[132.56875,33.19166666666666]]]},"properties":{"type":"Feature","mesh_id":"493264353","municipality_code":"38203","municipality":"宇和島市","total_population":87,"population_65plus":35,"population_75plus":25,"aging_rate_65plus":0.40229885057471265,"aging_rate_75plus":0.28735632183908044,"population_status":"0","population_status_target":null,"population_aggregation_target":null,"age_65plus_missing":false,"age_75plus_missing":false,"age_quality_flag":"ok","data_completeness":"complete"}},{"type":"Feature","geometry":{"type":"Polygon","coordinates":[[[132.5,33.199999999999996],[132.50625,33.199999999999996],[132.50625,33.204166666666666],[132.5,33.204166666666666],[132.5,33.199999999999996]]]},"properties":{"type":"Feature","mesh_id":"493264401","municipality_code":"38203","municipality":"宇和島市","total_population":88,"population_65plus":38,"population_75plus":18,"aging_rate_65plus":0.4318181818181818,"aging_rate_75plus":0.20454545454545456,"population_status":"0","population_status_target":null,"population_aggregation_target":null,"age_65plus_missing":false,"age_75plus_missing":false,"age_quality_flag":"ok","data_completeness":"complete"}},{"type":"Feature","geometry":{"type":"Polygon","coordinates":[[[132.50625,33.199999999999996],[132.5125,33.199999999999996],[132.5125,33.204166666666666],[132.50625,33.204166666666666],[132.50625,33.199999999999996]]]},"properties":{"type":"Feature","mesh_id":"493264403","municipality_code":"38203","municipality":"宇和島市","total_population":41,"population_65plus":11,"population_75plus":7,"aging_rate_65plus":0.2682926829268293,"aging_rate_75plus":0.17073170731707318,"population_status":"0","population_status_target":null,"population_aggregation_target":null,"age_65plus_missing":false,"age_75plus_missing":false,"age_quality_flag":"ok","data_completeness":"complete"}},{"type":"Feature","geometry":{"type":"Polygon","coordinates":[[[132.50625,33.204166666666666],[132.5125,33.204166666666666],[132.5125,33.208333333333336],[132.50625,33.208333333333336],[132.50625,33.204166666666666]]]},"properties":{"type":"Feature","mesh_id":"493264404","municipality_code":"38203","municipality":"宇和島市","total_population":122,"population_65plus":71,"population_75plus":24,"aging_rate_65plus":0.5819672131147541,"aging_rate_75plus":0.19672131147540983,"population_status":"0","population_status_target":null,"population_aggregation_target":null,"age_65plus_missing":false,"age_75plus_missing":false,"age_quality_flag":"ok","data_completeness":"complete"}},{"type":"Feature","geometry":{"type":"Polygon","coordinates":[[[132.5375,33.199999999999996],[132.54375,33.199999999999996],[132.54375,33.204166666666666],[132.5375,33.204166666666666],[132.5375,33.199999999999996]]]},"properties":{"type":"Feature","mesh_id":"493264431","municipality_code":"38203","municipality":"宇和島市","total_population":18,"population_65plus":12,"population_75plus":10,"aging_rate_65plus":0.6666666666666666,"aging_rate_75plus":0.5555555555555556,"population_status":"0","population_status_target":null,"population_aggregation_target":null,"age_65plus_missing":false,"age_75plus_missing":false,"age_quality_flag":"ok","data_completeness":"complete"}},{"type":"Feature","geometry":{"type":"Polygon","coordinates":[[[132.5375,33.204166666666666],[132.54375,33.204166666666666],[132.54375,33.208333333333336],[132.5375,33.208333333333336],[132.5375,33.204166666666666]]]},"properties":{"type":"Feature","mesh_id":"493264432","municipality_code":"38203","municipality":"宇和島市","total_population":645,"population_65plus":119,"population_75plus":47,"aging_rate_65plus":0.18449612403100776,"aging_rate_75plus":0.07286821705426356,"population_status":"0","population_status_target":null,"population_aggregation_target":null,"age_65plus_missing":false,"age_75plus_missing":false,"age_quality_flag":"ok","data_completeness":"complete"}},{"type":"Feature","geometry":{"type":"Polygon","coordinates":[[[132.54375,33.204166666666666],[132.54999999999998,33.204166666666666],[132.54999999999998,33.208333333333336],[132.54375,33.208333333333336],[132.54375,33.204166666666666]]]},"properties":{"type":"Feature","mesh_id":"493264434","municipality_code":"38203","municipality":"宇和島市","total_population":437,"population_65plus":142,"population_75plus":67,"aging_rate_65plus":0.32494279176201374,"aging_rate_75plus":0.15331807780320367,"population_status":"0","population_status_target":null,"population_aggregation_target":null,"age_65plus_missing":false,"age_75plus_missing":false,"age_quality_flag":"ok","data_completeness":"complete"}},{"type":"Feature","geometry":{"type":"Polygon","coordinates":[[[132.55,33.199999999999996],[132.55625,33.199999999999996],[132.55625,33.204166666666666],[132.55,33.204166666666666],[132.55,33.199999999999996]]]},"properties":{"type":"Feature","mesh_id":"493264441","municipality_code":"38203","municipality":"宇和島市","total_population":741,"population_65plus":206,"population_75plus":102,"aging_rate_65plus":0.27800269905533065,"aging_rate_75plus":0.13765182186234817,"population_status":"0","population_status_target":null,"population_aggregation_target":null,"age_65plus_missing":false,"age_75plus_missing":false,"age_quality_flag":"ok","data_completeness":"complete"}},{"type":"Feature","geometry":{"type":"Polygon","coordinates":[[[132.55,33.204166666666666],[132.55625,33.204166666666666],[132.55625,33.208333333333336],[132.55,33.208333333333336],[132.55,33.204166666666666]]]},"properties":{"type":"Feature","mesh_id":"493264442","municipality_code":"38203","municipality":"宇和島市","total_population":313,"population_65plus":130,"population_75plus":70,"aging_rate_65plus":0.41533546325878595,"aging_rate_75plus":0.22364217252396165,"population_status":"0","population_status_target":null,"population_aggregation_target":null,"age_65plus_missing":false,"age_75plus_missing":false,"age_quality_flag":"ok","data_completeness":"complete"}},{"type":"Feature","geometry":{"type":"Polygon","coordinates":[[[132.55625,33.199999999999996],[132.5625,33.199999999999996],[132.5625,33.204166666666666],[132.55625,33.204166666666666],[132.55625,33.199999999999996]]]},"properties":{"type":"Feature","mesh_id":"493264443","municipality_code":"38203","municipality":"宇和島市","total_population":1775,"population_65plus":558,"population_75plus":263,"aging_rate_65plus":0.3143661971830986,"aging_rate_75plus":0.14816901408450706,"population_status":"0","population_status_target":null,"population_aggregation_target":null,"age_65plus_missing":false,"age_75plus_missing":false,"age_quality_flag":"ok","data_completeness":"complete"}},{"type":"Feature","geometry":{"type":"Polygon","coordinates":[[[132.55625,33.204166666666666],[132.5625,33.204166666666666],[132.5625,33.208333333333336],[132.55625,33.208333333333336],[132.55625,33.204166666666666]]]},"properties":{"type":"Feature","mesh_id":"493264444","municipality_code":"38203","municipality":"宇和島市","total_population":750,"population_65plus":172,"population_75plus":87,"aging_rate_65plus":0.22933333333333333,"aging_rate_75plus":0.116,"population_status":"0","population_status_target":null,"population_aggregation_target":null,"age_65plus_missing":false,"age_75plus_missing":false,"age_quality_flag":"ok","data_completeness":"complete"}},{"type":"Feature","geometry":{"type":"Polygon","coordinates":[[[132.5625,33.199999999999996],[132.56875,33.199999999999996],[132.56875,33.204166666666666],[132.5625,33.204166666666666],[132.5625,33.199999999999996]]]},"properties":{"type":"Feature","mesh_id":"493264451","municipality_code":"38203","municipality":"宇和島市","total_population":99,"population_65plus":27,"population_75plus":10,"aging_rate_65plus":0.2727272727272727,"aging_rate_75plus":0.10101010101010101,"population_status":"0","population_status_target":null,"population_aggregation_target":null,"age_65plus_missing":false,"age_75plus_missing":false,"age_quality_flag":"ok","data_completeness":"complete"}},{"type":"Feature","geometry":{"type":"Polygon","coordinates":[[[132.5625,33.204166666666666],[132.56875,33.204166666666666],[132.56875,33.208333333333336],[132.5625,33.208333333333336],[132.5625,33.204166666666666]]]},"properties":{"type":"Feature","mesh_id":"493264452","municipality_code":"38203","municipality":"宇和島市","total_population":2,"population_65plus":null,"population_75plus":null,"aging_rate_65plus":null,"aging_rate_75plus":null,"population_status":"2","population_status_target":"493264454","population_aggregation_target":null,"age_65plus_missing":true,"age_75plus_missing":true,"age_quality_flag":"ok","data_completeness":"partial"}},{"type":"Feature","geometry":{"type":"Polygon","coordinates":[[[132.56875,33.204166666666666],[132.575,33.204166666666666],[132.575,33.208333333333336],[132.56875,33.208333333333336],[132.56875,33.204166666666666]]]},"properties":{"type":"Feature","mesh_id":"493264454","municipality_code":"38203","municipality":"宇和島市","total_population":63,"population_65plus":21,"population_75plus":6,"aging_rate_65plus":0.3333333333333333,"aging_rate_75plus":0.09523809523809523,"population_status":"1","population_status_target":null,"population_aggregation_target":"493264452","age_65plus_missing":false,"age_75plus_missing":false,"age_quality_flag":"ok","data_completeness":"complete"}},{"type":"Feature","geometry":{"type":"Polygon","coordinates":[[[132.5125,33.20833333333333],[132.51874999999998,33.20833333333333],[132.51874999999998,33.2125],[132.5125,33.2125],[132.5125,33.20833333333333]]]},"properties":{"type":"Feature","mesh_id":"493264511","municipality_code":"38203","municipality":"宇和島市","total_population":66,"population_65plus":44,"population_75plus":25,"aging_rate_65plus":0.6666666666666666,"aging_rate_75plus":0.3787878787878788,"population_status":"0","population_status_target":null,"population_aggregation_target":null,"age_65plus_missing":false,"age_75plus_missing":false,"age_quality_flag":"ok","data_completeness":"complete"}},{"type":"Feature","geometry":{"type":"Polygon","coordinates":[[[132.51874999999998,33.20833333333333],[132.52499999999998,33.20833333333333],[132.52499999999998,33.2125],[132.51874999999998,33.2125],[132.51874999999998,33.20833333333333]]]},"properties":{"type":"Feature","mesh_id":"493264513","municipality_code":"38203","municipality":"宇和島市","total_population":86,"population_65plus":35,"population_75plus":17,"aging_rate_65plus":0.4069767441860465,"aging_rate_75plus":0.19767441860465115,"population_status":"0","population_status_target":null,"population_aggregation_target":null,"age_65plus_missing":false,"age_75plus_missing":false,"age_quality_flag":"ok","data_completeness":"complete"}},{"type":"Feature","geometry":{"type":"Polygon","coordinates":[[[132.53125,33.20833333333333],[132.5375,33.20833333333333],[132.5375,33.2125],[132.53125,33.2125],[132.53125,33.20833333333333]]]},"properties":{"type":"Feature","mesh_id":"493264523","municipality_code":"38203","municipality":"宇和島市","total_population":141,"population_65plus":77,"population_75plus":33,"aging_rate_65plus":0.5460992907801419,"aging_rate_75plus":0.23404255319148937,"population_status":"0","population_status_target":null,"population_aggregation_target":null,"age_65plus_missing":false,"age_75plus_missing":false,"age_quality_flag":"ok","data_completeness":"complete"}},{"type":"Feature","geometry":{"type":"Polygon","coordinates":[[[132.53125,33.2125],[132.5375,33.2125],[132.5375,33.21666666666667],[132.53125,33.21666666666667],[132.53125,33.2125]]]},"properties":{"type":"Feature","mesh_id":"493264524","municipality_code":"38203","municipality":"宇和島市","total_population":99,"population_65plus":34,"population_75plus":20,"aging_rate_65plus":0.3434343434343434,"aging_rate_75plus":0.20202020202020202,"population_status":"0","population_status_target":null,"population_aggregation_target":null,"age_65plus_missing":false,"age_75plus_missing":false,"age_quality_flag":"ok","data_completeness":"complete"}},{"type":"Feature","geometry":{"type":"Polygon","coordinates":[[[132.5375,33.20833333333333],[132.54375,33.20833333333333],[132.54375,33.2125],[132.5375,33.2125],[132.5375,33.20833333333333]]]},"properties":{"type":"Feature","mesh_id":"493264531","municipality_code":"38203","municipality":"宇和島市","total_population":222,"population_65plus":13,"population_75plus":3,"aging_rate_65plus":0.05855855855855856,"aging_rate_75plus":0.013513513513513514,"population_status":"0","population_status_target":null,"population_aggregation_target":null,"age_65plus_missing":false,"age_75plus_missing":false,"age_quality_flag":"ok","data_completeness":"complete"}},{"type":"Feature","geometry":{"type":"Polygon","coordinates":[[[132.5375,33.2125],[132.54375,33.2125],[132.54375,33.21666666666667],[132.5375,33.21666666666667],[132.5375,33.2125]]]},"properties":{"type":"Feature","mesh_id":"493264532","municipality_code":"38203","municipality":"宇和島市","total_population":1764,"population_65plus":534,"population_75plus":218,"aging_rate_65plus":0.30272108843537415,"aging_rate_75plus":0.1235827664399093,"population_status":"0","population_status_target":null,"population_aggregation_target":null,"age_65plus_missing":false,"age_75plus_missing":false,"age_quality_flag":"ok","data_completeness":"complete"}},{"type":"Feature","geometry":{"type":"Polygon","coordinates":[[[132.54375,33.20833333333333],[132.54999999999998,33.20833333333333],[132.54999999999998,33.2125],[132.54375,33.2125],[132.54375,33.20833333333333]]]},"properties":{"type":"Feature","mesh_id":"493264533","municipality_code":"38203","municipality":"宇和島市","total_population":39,"population_65plus":12,"population_75plus":8,"aging_rate_65plus":0.3076923076923077,"aging_rate_75plus":0.20512820512820512,"population_status":"0","population_status_target":null,"population_aggregation_target":null,"age_65plus_missing":false,"age_75plus_missing":false,"age_quality_flag":"ok","data_completeness":"complete"}},{"type":"Feature","geometry":{"type":"Polygon","coordinates":[[[132.54375,33.2125],[132.54999999999998,33.2125],[132.54999999999998,33.21666666666667],[132.54375,33.21666666666667],[132.54375,33.2125]]]},"properties":{"type":"Feature","mesh_id":"493264534","municipality_code":"38203","municipality":"宇和島市","total_population":296,"population_65plus":83,"population_75plus":38,"aging_rate_65plus":0.28040540540540543,"aging_rate_75plus":0.12837837837837837,"population_status":"0","population_status_target":null,"population_aggregation_target":null,"age_65plus_missing":false,"age_75plus_missing":false,"age_quality_flag":"ok","data_completeness":"complete"}},{"type":"Feature","geometry":{"type":"Polygon","coordinates":[[[132.55,33.20833333333333],[132.55625,33.20833333333333],[132.55625,33.2125],[132.55,33.2125],[132.55,33.20833333333333]]]},"properties":{"type":"Feature","mesh_id":"493264541","municipality_code":"38203","municipality":"宇和島市","total_population":1090,"population_65plus":282,"population_75plus":128,"aging_rate_65plus":0.25871559633027524,"aging_rate_75plus":0.11743119266055047,"population_status":"0","population_status_target":null,"population_aggregation_target":null,"age_65plus_missing":false,"age_75plus_missing":false,"age_quality_flag":"ok","data_completeness":"complete"}},{"type":"Feature","geometry":{"type":"Polygon","coordinates":[[[132.55,33.2125],[132.55625,33.2125],[132.55625,33.21666666666667],[132.55,33.21666666666667],[132.55,33.2125]]]},"properties":{"type":"Feature","mesh_id":"493264542","municipality_code":"38203","municipality":"宇和島市","total_population":1689,"population_65plus":568,"population_75plus":299,"aging_rate_65plus":0.33629366489046775,"aging_rate_75plus":0.17702782711663706,"population_status":"0","population_status_target":null,"population_aggregation_target":null,"age_65plus_missing":false,"age_75plus_missing":false,"age_quality_flag":"ok","data_completeness":"complete"}},{"type":"Feature","geometry":{"type":"Polygon","coordinates":[[[132.55625,33.20833333333333],[132.5625,33.20833333333333],[132.5625,33.2125],[132.55625,33.2125],[132.55625,33.20833333333333]]]},"properties":{"type":"Feature","mesh_id":"493264543","municipality_code":"38203","municipality":"宇和島市","total_population":626,"population_65plus":166,"population_75plus":75,"aging_rate_65plus":0.26517571884984026,"aging_rate_75plus":0.11980830670926518,"population_status":"0","population_status_target":null,"population_aggregation_target":null,"age_65plus_missing":false,"age_75plus_missing":false,"age_quality_flag":"ok","data_completeness":"complete"}},{"type":"Feature","geometry":{"type":"Polygon","coordinates":[[[132.55625,33.2125],[132.5625,33.2125],[132.5625,33.21666666666667],[132.55625,33.21666666666667],[132.55625,33.2125]]]},"properties":{"type":"Feature","mesh_id":"493264544","municipality_code":"38203","municipality":"宇和島市","total_population":885,"population_65plus":255,"population_75plus":134,"aging_rate_65plus":0.288135593220339,"aging_rate_75plus":0.15141242937853108,"population_status":"0","population_status_target":null,"population_aggregation_target":null,"age_65plus_missing":false,"age_75plus_missing":false,"age_quality_flag":"ok","data_completeness":"complete"}},{"type":"Feature","geometry":{"type":"Polygon","coordinates":[[[132.5625,33.20833333333333],[132.56875,33.20833333333333],[132.56875,33.2125],[132.5625,33.2125],[132.5625,33.20833333333333]]]},"properties":{"type":"Feature","mesh_id":"493264551","municipality_code":"38203","municipality":"宇和島市","total_population":356,"population_65plus":160,"population_75plus":74,"aging_rate_65plus":0.449438202247191,"aging_rate_75plus":0.20786516853932585,"population_status":"0","population_status_target":null,"population_aggregation_target":null,"age_65plus_missing":false,"age_75plus_missing":false,"age_quality_flag":"ok","data_completeness":"complete"}},{"type":"Feature","geometry":{"type":"Polygon","coordinates":[[[132.5625,33.2125],[132.56875,33.2125],[132.56875,33.21666666666667],[132.5625,33.21666666666667],[132.5625,33.2125]]]},"properties":{"type":"Feature","mesh_id":"493264552","municipality_code":"38203","municipality":"宇和島市","total_population":263,"population_65plus":114,"population_75plus":54,"aging_rate_65plus":0.43346007604562736,"aging_rate_75plus":0.20532319391634982,"population_status":"0","population_status_target":null,"population_aggregation_target":null,"age_65plus_missing":false,"age_75plus_missing":false,"age_quality_flag":"ok","data_completeness":"complete"}},{"type":"Feature","geometry":{"type":"Polygon","coordinates":[[[132.56875,33.20833333333333],[132.575,33.20833333333333],[132.575,33.2125],[132.56875,33.2125],[132.56875,33.20833333333333]]]},"properties":{"type":"Feature","mesh_id":"493264553","municipality_code":"38203","municipality":"宇和島市","total_population":1194,"population_65plus":467,"population_75plus":257,"aging_rate_65plus":0.39112227805695143,"aging_rate_75plus":0.2152428810720268,"population_status":"0","population_status_target":null,"population_aggregation_target":null,"age_65plus_missing":false,"age_75plus_missing":false,"age_quality_flag":"ok","data_completeness":"complete"}},{"type":"Feature","geometry":{"type":"Polygon","coordinates":[[[132.56875,33.2125],[132.575,33.2125],[132.575,33.21666666666667],[132.56875,33.21666666666667],[132.56875,33.2125]]]},"properties":{"type":"Feature","mesh_id":"493264554","municipality_code":"38203","municipality":"宇和島市","total_population":1196,"population_65plus":543,"population_75plus":327,"aging_rate_65plus":0.4540133779264214,"aging_rate_75plus":0.2734113712374582,"population_status":"0","population_status_target":null,"population_aggregation_target":null,"age_65plus_missing":false,"age_75plus_missing":false,"age_quality_flag":"ok","data_completeness":"complete"}},{"type":"Feature","geometry":{"type":"Polygon","coordinates":[[[132.575,33.20833333333333],[132.58124999999998,33.20833333333333],[132.58124999999998,33.2125],[132.575,33.2125],[132.575,33.20833333333333]]]},"properties":{"type":"Feature","mesh_id":"493264561","municipality_code":"38203","municipality":"宇和島市","total_population":132,"population_65plus":64,"population_75plus":25,"aging_rate_65plus":0.48484848484848486,"aging_rate_75plus":0.1893939393939394,"population_status":"1","population_status_target":null,"population_aggregation_target":"493264562","age_65plus_missing":false,"age_75plus_missing":false,"age_quality_flag":"ok","data_completeness":"complete"}},{"type":"Feature","geometry":{"type":"Polygon","coordinates":[[[132.575,33.2125],[132.58124999999998,33.2125],[132.58124999999998,33.21666666666667],[132.575,33.21666666666667],[132.575,33.2125]]]},"properties":{"type":"Feature","mesh_id":"493264562","municipality_code":"38203","municipality":"宇和島市","total_population":1,"population_65plus":null,"population_75plus":null,"aging_rate_65plus":null,"aging_rate_75plus":null,"population_status":"2","population_status_target":"493264561","population_aggregation_target":null,"age_65plus_missing":true,"age_75plus_missing":true,"age_quality_flag":"ok","data_completeness":"partial"}},{"type":"Feature","geometry":{"type":"Polygon","coordinates":[[[132.58124999999998,33.20833333333333],[132.58749999999998,33.20833333333333],[132.58749999999998,33.2125],[132.58124999999998,33.2125],[132.58124999999998,33.20833333333333]]]},"properties":{"type":"Feature","mesh_id":"493264563","municipality_code":"38203","municipality":"宇和島市","total_population":140,"population_65plus":76,"population_75plus":45,"aging_rate_65plus":0.5428571428571428,"aging_rate_75plus":0.32142857142857145,"population_status":"0","population_status_target":null,"population_aggregation_target":null,"age_65plus_missing":false,"age_75plus_missing":false,"age_quality_flag":"ok","data_completeness":"complete"}},{"type":"Feature","geometry":{"type":"Polygon","coordinates":[[[132.51874999999998,33.22083333333333],[132.52499999999998,33.22083333333333],[132.52499999999998,33.225],[132.51874999999998,33.225],[132.51874999999998,33.22083333333333]]]},"properties":{"type":"Feature","mesh_id":"493264614","municipality_code":"38203","municipality":"宇和島市","total_population":234,"population_65plus":142,"population_75plus":89,"aging_rate_65plus":0.6068376068376068,"aging_rate_75plus":0.3803418803418803,"population_status":"0","population_status_target":null,"population_aggregation_target":null,"age_65plus_missing":false,"age_75plus_missing":false,"age_quality_flag":"ok","data_completeness":"complete"}},{"type":"Feature","geometry":{"type":"Polygon","coordinates":[[[132.5375,33.22083333333333],[132.54375,33.22083333333333],[132.54375,33.225],[132.5375,33.225],[132.5375,33.22083333333333]]]},"properties":{"type":"Feature","mesh_id":"493264632","municipality_code":"38203","municipality":"宇和島市","total_population":255,"population_65plus":89,"population_75plus":41,"aging_rate_65plus":0.34901960784313724,"aging_rate_75plus":0.1607843137254902,"population_status":"0","population_status_target":null,"population_aggregation_target":null,"age_65plus_missing":false,"age_75plus_missing":false,"age_quality_flag":"ok","data_completeness":"complete"}},{"type":"Feature","geometry":{"type":"Polygon","coordinates":[[[132.55,33.21666666666666],[132.55625,33.21666666666666],[132.55625,33.22083333333333],[132.55,33.22083333333333],[132.55,33.21666666666666]]]},"properties":{"type":"Feature","mesh_id":"493264641","municipality_code":"38203","municipality":"宇和島市","total_population":226,"population_65plus":75,"population_75plus":44,"aging_rate_65plus":0.33185840707964603,"aging_rate_75plus":0.19469026548672566,"population_status":"0","population_status_target":null,"population_aggregation_target":null,"age_65plus_missing":false,"age_75plus_missing":false,"age_quality_flag":"ok","data_completeness":"complete"}},{"type":"Feature","geometry":{"type":"Polygon","coordinates":[[[132.55625,33.21666666666666],[132.5625,33.21666666666666],[132.5625,33.22083333333333],[132.55625,33.22083333333333],[132.55625,33.21666666666666]]]},"properties":{"type":"Feature","mesh_id":"493264643","municipality_code":"38203","municipality":"宇和島市","total_population":233,"population_65plus":94,"population_75plus":38,"aging_rate_65plus":0.4034334763948498,"aging_rate_75plus":0.1630901287553648,"population_status":"0","population_status_target":null,"population_aggregation_target":null,"age_65plus_missing":false,"age_75plus_missing":false,"age_quality_flag":"ok","data_completeness":"complete"}},{"type":"Feature","geometry":{"type":"Polygon","coordinates":[[[132.55625,33.22083333333333],[132.5625,33.22083333333333],[132.5625,33.225],[132.55625,33.225],[132.55625,33.22083333333333]]]},"properties":{"type":"Feature","mesh_id":"493264644","municipality_code":"38203","municipality":"宇和島市","total_population":899,"population_65plus":290,"population_75plus":144,"aging_rate_65plus":0.3225806451612903,"aging_rate_75plus":0.16017797552836485,"population_status":"0","population_status_target":null,"population_aggregation_target":null,"age_65plus_missing":false,"age_75plus_missing":false,"age_quality_flag":"ok","data_completeness":"complete"}},{"type":"Feature","geometry":{"type":"Polygon","coordinates":[[[132.5625,33.21666666666666],[132.56875,33.21666666666666],[132.56875,33.22083333333333],[132.5625,33.22083333333333],[132.5625,33.21666666666666]]]},"properties":{"type":"Feature","mesh_id":"493264651","municipality_code":"38203","municipality":"宇和島市","total_population":882,"population_65plus":368,"population_75plus":210,"aging_rate_65plus":0.41723356009070295,"aging_rate_75plus":0.23809523809523808,"population_status":"0","population_status_target":null,"population_aggregation_target":null,"age_65plus_missing":false,"age_75plus_missing":false,"age_quality_flag":"ok","data_completeness":"complete"}},{"type":"Feature","geometry":{"type":"Polygon","coordinates":[[[132.5625,33.22083333333333],[132.56875,33.22083333333333],[132.56875,33.225],[132.5625,33.225],[132.5625,33.22083333333333]]]},"properties":{"type":"Feature","mesh_id":"493264652","municipality_code":"38203","municipality":"宇和島市","total_population":1157,"population_65plus":437,"population_75plus":230,"aging_rate_65plus":0.3777009507346586,"aging_rate_75plus":0.19878997407087295,"population_status":"0","population_status_target":null,"population_aggregation_target":null,"age_65plus_missing":false,"age_75plus_missing":false,"age_quality_flag":"ok","data_completeness":"complete"}},{"type":"Feature","geometry":{"type":"Polygon","coordinates":[[[132.56875,33.21666666666666],[132.575,33.21666666666666],[132.575,33.22083333333333],[132.56875,33.22083333333333],[132.56875,33.21666666666666]]]},"properties":{"type":"Feature","mesh_id":"493264653","municipality_code":"38203","municipality":"宇和島市","total_population":1215,"population_65plus":487,"population_75plus":261,"aging_rate_65plus":0.4008230452674897,"aging_rate_75plus":0.21481481481481482,"population_status":"0","population_status_target":null,"population_aggregation_target":null,"age_65plus_missing":false,"age_75plus_missing":false,"age_quality_flag":"ok","data_completeness":"complete"}},{"type":"Feature","geometry":{"type":"Polygon","coordinates":[[[132.56875,33.22083333333333],[132.575,33.22083333333333],[132.575,33.225],[132.56875,33.225],[132.56875,33.22083333333333]]]},"properties":{"type":"Feature","mesh_id":"493264654","municipality_code":"38203","municipality":"宇和島市","total_population":1231,"population_65plus":417,"population_75plus":223,"aging_rate_65plus":0.338748984565394,"aging_rate_75plus":0.18115353371242893,"population_status":"0","population_status_target":null,"population_aggregation_target":null,"age_65plus_missing":false,"age_75plus_missing":false,"age_quality_flag":"ok","data_completeness":"complete"}},{"type":"Feature","geometry":{"type":"Polygon","coordinates":[[[132.575,33.21666666666666],[132.58124999999998,33.21666666666666],[132.58124999999998,33.22083333333333],[132.575,33.22083333333333],[132.575,33.21666666666666]]]},"properties":{"type":"Feature","mesh_id":"493264661","municipality_code":"38203","municipality":"宇和島市","total_population":387,"population_65plus":146,"population_75plus":75,"aging_rate_65plus":0.3772609819121447,"aging_rate_75plus":0.1937984496124031,"population_status":"0","population_status_target":null,"population_aggregation_target":null,"age_65plus_missing":false,"age_75plus_missing":false,"age_quality_flag":"ok","data_completeness":"complete"}},{"type":"Feature","geometry":{"type":"Polygon","coordinates":[[[132.575,33.22083333333333],[132.58124999999998,33.22083333333333],[132.58124999999998,33.225],[132.575,33.225],[132.575,33.22083333333333]]]},"properties":{"type":"Feature","mesh_id":"493264662","municipality_code":"38203","municipality":"宇和島市","total_population":75,"population_65plus":35,"population_75plus":15,"aging_rate_65plus":0.4666666666666667,"aging_rate_75plus":0.2,"population_status":"0","population_status_target":null,"population_aggregation_target":null,"age_65plus_missing":false,"age_75plus_missing":false,"age_quality_flag":"ok","data_completeness":"complete"}},{"type":"Feature","geometry":{"type":"Polygon","coordinates":[[[132.58124999999998,33.21666666666666],[132.58749999999998,33.21666666666666],[132.58749999999998,33.22083333333333],[132.58124999999998,33.22083333333333],[132.58124999999998,33.21666666666666]]]},"properties":{"type":"Feature","mesh_id":"493264663","municipality_code":"38203","municipality":"宇和島市","total_population":270,"population_65plus":57,"population_75plus":34,"aging_rate_65plus":0.2111111111111111,"aging_rate_75plus":0.1259259259259259,"population_status":"0","population_status_target":null,"population_aggregation_target":null,"age_65plus_missing":false,"age_75plus_missing":false,"age_quality_flag":"ok","data_completeness":"complete"}},{"type":"Feature","geometry":{"type":"Polygon","coordinates":[[[132.525,33.224999999999994],[132.53125,33.224999999999994],[132.53125,33.229166666666664],[132.525,33.229166666666664],[132.525,33.224999999999994]]]},"properties":{"type":"Feature","mesh_id":"493264721","municipality_code":"38203","municipality":"宇和島市","total_population":41,"population_65plus":22,"population_75plus":6,"aging_rate_65plus":0.5365853658536586,"aging_rate_75plus":0.14634146341463414,"population_status":"0","population_status_target":null,"population_aggregation_target":null,"age_65plus_missing":false,"age_75plus_missing":false,"age_quality_flag":"ok","data_completeness":"complete"}},{"type":"Feature","geometry":{"type":"Polygon","coordinates":[[[132.525,33.229166666666664],[132.53125,33.229166666666664],[132.53125,33.233333333333334],[132.525,33.233333333333334],[132.525,33.229166666666664]]]},"properties":{"type":"Feature","mesh_id":"493264722","municipality_code":"38203","municipality":"宇和島市","total_population":95,"population_65plus":48,"population_75plus":31,"aging_rate_65plus":0.5052631578947369,"aging_rate_75plus":0.3263157894736842,"population_status":"0","population_status_target":null,"population_aggregation_target":null,"age_65plus_missing":false,"age_75plus_missing":false,"age_quality_flag":"ok","data_completeness":"complete"}},{"type":"Feature","geometry":{"type":"Polygon","coordinates":[[[132.5375,33.224999999999994],[132.54375,33.224999999999994],[132.54375,33.229166666666664],[132.5375,33.229166666666664],[132.5375,33.224999999999994]]]},"properties":{"type":"Feature","mesh_id":"493264731","municipality_code":"38203","municipality":"宇和島市","total_population":18,"population_65plus":8,"population_75plus":4,"aging_rate_65plus":0.4444444444444444,"aging_rate_75plus":0.2222222222222222,"population_status":"0","population_status_target":null,"population_aggregation_target":null,"age_65plus_missing":false,"age_75plus_missing":false,"age_quality_flag":"ok","data_completeness":"complete"}},{"type":"Feature","geometry":{"type":"Polygon","coordinates":[[[132.55625,33.224999999999994],[132.5625,33.224999999999994],[132.5625,33.229166666666664],[132.55625,33.229166666666664],[132.55625,33.224999999999994]]]},"properties":{"type":"Feature","mesh_id":"493264743","municipality_code":"38203","municipality":"宇和島市","total_population":42,"population_65plus":21,"population_75plus":8,"aging_rate_65plus":0.5,"aging_rate_75plus":0.19047619047619047,"population_status":"0","population_status_target":null,"population_aggregation_target":null,"age_65plus_missing":false,"age_75plus_missing":false,"age_quality_flag":"ok","data_completeness":"complete"}},{"type":"Feature","geometry":{"type":"Polygon","coordinates":[[[132.55625,33.229166666666664],[132.5625,33.229166666666664],[132.5625,33.233333333333334],[132.55625,33.233333333333334],[132.55625,33.229166666666664]]]},"properties":{"type":"Feature","mesh_id":"493264744","municipality_code":"38203","municipality":"宇和島市","total_population":201,"population_65plus":85,"population_75plus":47,"aging_rate_65plus":0.4228855721393035,"aging_rate_75plus":0.23383084577114427,"population_status":"0","population_status_target":null,"population_aggregation_target":null,"age_65plus_missing":false,"age_75plus_missing":false,"age_quality_flag":"ok","data_completeness":"complete"}},{"type":"Feature","geometry":{"type":"Polygon","coordinates":[[[132.5625,33.224999999999994],[132.56875,33.224999999999994],[132.56875,33.229166666666664],[132.5625,33.229166666666664],[132.5625,33.224999999999994]]]},"properties":{"type":"Feature","mesh_id":"493264751","municipality_code":"38203","municipality":"宇和島市","total_population":1183,"population_65plus":540,"population_75plus":300,"aging_rate_65plus":0.45646661031276414,"aging_rate_75plus":0.25359256128486896,"population_status":"0","population_status_target":null,"population_aggregation_target":null,"age_65plus_missing":false,"age_75plus_missing":false,"age_quality_flag":"ok","data_completeness":"complete"}},{"type":"Feature","geometry":{"type":"Polygon","coordinates":[[[132.5625,33.229166666666664],[132.56875,33.229166666666664],[132.56875,33.233333333333334],[132.5625,33.233333333333334],[132.5625,33.229166666666664]]]},"properties":{"type":"Feature","mesh_id":"493264752","municipality_code":"38203","municipality":"宇和島市","total_population":400,"population_65plus":132,"population_75plus":57,"aging_rate_65plus":0.33,"aging_rate_75plus":0.1425,"population_status":"0","population_status_target":null,"population_aggregation_target":null,"age_65plus_missing":false,"age_75plus_missing":false,"age_quality_flag":"ok","data_completeness":"complete"}},{"type":"Feature","geometry":{"type":"Polygon","coordinates":[[[132.56875,33.224999999999994],[132.575,33.224999999999994],[132.575,33.229166666666664],[132.56875,33.229166666666664],[132.56875,33.224999999999994]]]},"properties":{"type":"Feature","mesh_id":"493264753","municipality_code":"38203","municipality":"宇和島市","total_population":421,"population_65plus":183,"population_75plus":101,"aging_rate_65plus":0.4346793349168646,"aging_rate_75plus":0.23990498812351543,"population_status":"0","population_status_target":null,"population_aggregation_target":null,"age_65plus_missing":false,"age_75plus_missing":false,"age_quality_flag":"ok","data_completeness":"complete"}},{"type":"Feature","geometry":{"type":"Polygon","coordinates":[[[132.56875,33.229166666666664],[132.575,33.229166666666664],[132.575,33.233333333333334],[132.56875,33.233333333333334],[132.56875,33.229166666666664]]]},"properties":{"type":"Feature","mesh_id":"493264754","municipality_code":"38203","municipality":"宇和島市","total_population":1670,"population_65plus":670,"population_75plus":357,"aging_rate_65plus":0.40119760479041916,"aging_rate_75plus":0.21377245508982035,"population_status":"0","population_status_target":null,"population_aggregation_target":null,"age_65plus_missing":false,"age_75plus_missing":false,"age_quality_flag":"ok","data_completeness":"complete"}},{"type":"Feature","geometry":{"type":"Polygon","coordinates":[[[132.575,33.224999999999994],[132.58124999999998,33.224999999999994],[132.58124999999998,33.229166666666664],[132.575,33.229166666666664],[132.575,33.224999999999994]]]},"properties":{"type":"Feature","mesh_id":"493264761","municipality_code":"38203","municipality":"宇和島市","total_population":111,"population_65plus":18,"population_75plus":8,"aging_rate_65plus":0.16216216216216217,"aging_rate_75plus":0.07207207207207207,"population_status":"0","population_status_target":null,"population_aggregation_target":null,"age_65plus_missing":false,"age_75plus_missing":false,"age_quality_flag":"ok","data_completeness":"complete"}},{"type":"Feature","geometry":{"type":"Polygon","coordinates":[[[132.58124999999998,33.224999999999994],[132.58749999999998,33.224999999999994],[132.58749999999998,33.229166666666664],[132.58124999999998,33.229166666666664],[132.58124999999998,33.224999999999994]]]},"properties":{"type":"Feature","mesh_id":"493264763","municipality_code":"38203","municipality":"宇和島市","total_population":351,"population_65plus":114,"population_75plus":45,"aging_rate_65plus":0.3247863247863248,"aging_rate_75plus":0.1282051282051282,"population_status":"0","population_status_target":null,"population_aggregation_target":null,"age_65plus_missing":false,"age_75plus_missing":false,"age_quality_flag":"ok","data_completeness":"complete"}},{"type":"Feature","geometry":{"type":"Polygon","coordinates":[[[132.5375,33.237500000000004],[132.54375,33.237500000000004],[132.54375,33.241666666666674],[132.5375,33.241666666666674],[132.5375,33.237500000000004]]]},"properties":{"type":"Feature","mesh_id":"493264832","municipality_code":"38203","municipality":"宇和島市","total_population":96,"population_65plus":29,"population_75plus":16,"aging_rate_65plus":0.3020833333333333,"aging_rate_75plus":0.16666666666666666,"population_status":"0","population_status_target":null,"population_aggregation_target":null,"age_65plus_missing":false,"age_75plus_missing":false,"age_quality_flag":"ok","data_completeness":"complete"}},{"type":"Feature","geometry":{"type":"Polygon","coordinates":[[[132.54375,33.233333333333334],[132.54999999999998,33.233333333333334],[132.54999999999998,33.237500000000004],[132.54375,33.237500000000004],[132.54375,33.233333333333334]]]},"properties":{"type":"Feature","mesh_id":"493264833","municipality_code":"38203","municipality":"宇和島市","total_population":28,"population_65plus":16,"population_75plus":8,"aging_rate_65plus":0.5714285714285714,"aging_rate_75plus":0.2857142857142857,"population_status":"0","population_status_target":null,"population_aggregation_target":null,"age_65plus_missing":false,"age_75plus_missing":false,"age_quality_flag":"ok","data_completeness":"complete"}},{"type":"Feature","geometry":{"type":"Polygon","coordinates":[[[132.54375,33.237500000000004],[132.54999999999998,33.237500000000004],[132.54999999999998,33.241666666666674],[132.54375,33.241666666666674],[132.54375,33.237500000000004]]]},"properties":{"type":"Feature","mesh_id":"493264834","municipality_code":"38203","municipality":"宇和島市","total_population":354,"population_65plus":150,"population_75plus":70,"aging_rate_65plus":0.423728813559322,"aging_rate_75plus":0.1977401129943503,"population_status":"0","population_status_target":null,"population_aggregation_target":null,"age_65plus_missing":false,"age_75plus_missing":false,"age_quality_flag":"ok","data_completeness":"complete"}},{"type":"Feature","geometry":{"type":"Polygon","coordinates":[[[132.55,33.233333333333334],[132.55625,33.233333333333334],[132.55625,33.237500000000004],[132.55,33.237500000000004],[132.55,33.233333333333334]]]},"properties":{"type":"Feature","mesh_id":"493264841","municipality_code":"38203","municipality":"宇和島市","total_population":325,"population_65plus":154,"population_75plus":93,"aging_rate_65plus":0.47384615384615386,"aging_rate_75plus":0.28615384615384615,"population_status":"0","population_status_target":null,"population_aggregation_target":null,"age_65plus_missing":false,"age_75plus_missing":false,"age_quality_flag":"ok","data_completeness":"complete"}},{"type":"Feature","geometry":{"type":"Polygon","coordinates":[[[132.55625,33.233333333333334],[132.5625,33.233333333333334],[132.5625,33.237500000000004],[132.55625,33.237500000000004],[132.55625,33.233333333333334]]]},"properties":{"type":"Feature","mesh_id":"493264843","municipality_code":"38203","municipality":"宇和島市","total_population":709,"population_65plus":294,"population_75plus":150,"aging_rate_65plus":0.4146685472496474,"aging_rate_75plus":0.21156558533145275,"population_status":"0","population_status_target":null,"population_aggregation_target":null,"age_65plus_missing":false,"age_75plus_missing":false,"age_quality_flag":"ok","data_completeness":"complete"}},{"type":"Feature","geometry":{"type":"Polygon","coordinates":[[[132.5625,33.237500000000004],[132.56875,33.237500000000004],[132.56875,33.241666666666674],[132.5625,33.241666666666674],[132.5625,33.237500000000004]]]},"properties":{"type":"Feature","mesh_id":"493264852","municipality_code":"38203","municipality":"宇和島市","total_population":1219,"population_65plus":412,"population_75plus":209,"aging_rate_65plus":0.3379819524200164,"aging_rate_75plus":0.17145200984413453,"population_status":"0","population_status_target":null,"population_aggregation_target":null,"age_65plus_missing":false,"age_75plus_missing":false,"age_quality_flag":"ok","data_completeness":"complete"}},{"type":"Feature","geometry":{"type":"Polygon","coordinates":[[[132.56875,33.233333333333334],[132.575,33.233333333333334],[132.575,33.237500000000004],[132.56875,33.237500000000004],[132.56875,33.233333333333334]]]},"properties":{"type":"Feature","mesh_id":"493264853","municipality_code":"38203","municipality":"宇和島市","total_population":70,"population_65plus":27,"population_75plus":10,"aging_rate_65plus":0.38571428571428573,"aging_rate_75plus":0.14285714285714285,"population_status":"0","population_status_target":null,"population_aggregation_target":null,"age_65plus_missing":false,"age_75plus_missing":false,"age_quality_flag":"ok","data_completeness":"complete"}},{"type":"Feature","geometry":{"type":"Polygon","coordinates":[[[132.56875,33.237500000000004],[132.575,33.237500000000004],[132.575,33.241666666666674],[132.56875,33.241666666666674],[132.56875,33.237500000000004]]]},"properties":{"type":"Feature","mesh_id":"493264854","municipality_code":"38203","municipality":"宇和島市","total_population":445,"population_65plus":130,"population_75plus":66,"aging_rate_65plus":0.29213483146067415,"aging_rate_75plus":0.14831460674157304,"population_status":"0","population_status_target":null,"population_aggregation_target":null,"age_65plus_missing":false,"age_75plus_missing":false,"age_quality_flag":"ok","data_completeness":"complete"}},{"type":"Feature","geometry":{"type":"Polygon","coordinates":[[[132.575,33.233333333333334],[132.58124999999998,33.233333333333334],[132.58124999999998,33.237500000000004],[132.575,33.237500000000004],[132.575,33.233333333333334]]]},"properties":{"type":"Feature","mesh_id":"493264861","municipality_code":"38203","municipality":"宇和島市","total_population":1298,"population_65plus":532,"population_75plus":286,"aging_rate_65plus":0.4098613251155624,"aging_rate_75plus":0.22033898305084745,"population_status":"0","population_status_target":null,"population_aggregation_target":null,"age_65plus_missing":false,"age_75plus_missing":false,"age_quality_flag":"ok","data_completeness":"complete"}},{"type":"Feature","geometry":{"type":"Polygon","coordinates":[[[132.575,33.237500000000004],[132.58124999999998,33.237500000000004],[132.58124999999998,33.241666666666674],[132.575,33.241666666666674],[132.575,33.237500000000004]]]},"properties":{"type":"Feature","mesh_id":"493264862","municipality_code":"38203","municipality":"宇和島市","total_population":316,"population_65plus":144,"population_75plus":58,"aging_rate_65plus":0.45569620253164556,"aging_rate_75plus":0.18354430379746836,"population_status":"0","population_status_target":null,"population_aggregation_target":null,"age_65plus_missing":false,"age_75plus_missing":false,"age_quality_flag":"ok","data_completeness":"complete"}},{"type":"Feature","geometry":{"type":"Polygon","coordinates":[[[132.58124999999998,33.233333333333334],[132.58749999999998,33.233333333333334],[132.58749999999998,33.237500000000004],[132.58124999999998,33.237500000000004],[132.58124999999998,33.233333333333334]]]},"properties":{"type":"Feature","mesh_id":"493264863","municipality_code":"38203","municipality":"宇和島市","total_population":589,"population_65plus":159,"population_75plus":84,"aging_rate_65plus":0.2699490662139219,"aging_rate_75plus":0.14261460101867574,"population_status":"0","population_status_target":null,"population_aggregation_target":null,"age_65plus_missing":false,"age_75plus_missing":false,"age_quality_flag":"ok","data_completeness":"complete"}},{"type":"Feature","geometry":{"type":"Polygon","coordinates":[[[132.58124999999998,33.237500000000004],[132.58749999999998,33.237500000000004],[132.58749999999998,33.241666666666674],[132.58124999999998,33.241666666666674],[132.58124999999998,33.237500000000004]]]},"properties":{"type":"Feature","mesh_id":"493264864","municipality_code":"38203","municipality":"宇和島市","total_population":980,"population_65plus":321,"population_75plus":153,"aging_rate_65plus":0.32755102040816325,"aging_rate_75plus":0.15612244897959185,"population_status":"0","population_status_target":null,"population_aggregation_target":null,"age_65plus_missing":false,"age_75plus_missing":false,"age_quality_flag":"ok","data_completeness":"complete"}},{"type":"Feature","geometry":{"type":"Polygon","coordinates":[[[132.5875,33.233333333333334],[132.59375,33.233333333333334],[132.59375,33.237500000000004],[132.5875,33.237500000000004],[132.5875,33.233333333333334]]]},"properties":{"type":"Feature","mesh_id":"493264871","municipality_code":"38203","municipality":"宇和島市","total_population":2,"population_65plus":null,"population_75plus":null,"aging_rate_65plus":null,"aging_rate_75plus":null,"population_status":"2","population_status_target":"493264873","population_aggregation_target":null,"age_65plus_missing":true,"age_75plus_missing":true,"age_quality_flag":"ok","data_completeness":"partial"}},{"type":"Feature","geometry":{"type":"Polygon","coordinates":[[[132.59375,33.233333333333334],[132.6,33.233333333333334],[132.6,33.237500000000004],[132.59375,33.237500000000004],[132.59375,33.233333333333334]]]},"properties":{"type":"Feature","mesh_id":"493264873","municipality_code":"38203","municipality":"宇和島市","total_population":117,"population_65plus":46,"population_75plus":24,"aging_rate_65plus":0.39316239316239315,"aging_rate_75plus":0.20512820512820512,"population_status":"1","population_status_target":null,"population_aggregation_target":"493264692;493264694;493264871;493264874","age_65plus_missing":false,"age_75plus_missing":false,"age_quality_flag":"ok","data_completeness":"complete"}},{"type":"Feature","geometry":{"type":"Polygon","coordinates":[[[132.59375,33.237500000000004],[132.6,33.237500000000004],[132.6,33.241666666666674],[132.59375,33.241666666666674],[132.59375,33.237500000000004]]]},"properties":{"type":"Feature","mesh_id":"493264874","municipality_code":"38203","municipality":"宇和島市","total_population":3,"population_65plus":null,"population_75plus":null,"aging_rate_65plus":null,"aging_rate_75plus":null,"population_status":"2","population_status_target":"493264873","population_aggregation_target":null,"age_65plus_missing":true,"age_75plus_missing":true,"age_quality_flag":"ok","data_completeness":"partial"}},{"type":"Feature","geometry":{"type":"Polygon","coordinates":[[[132.5375,33.24583333333334],[132.54375,33.24583333333334],[132.54375,33.25000000000001],[132.5375,33.25000000000001],[132.5375,33.24583333333334]]]},"properties":{"type":"Feature","mesh_id":"493264932","municipality_code":"38203","municipality":"宇和島市","total_population":121,"population_65plus":52,"population_75plus":32,"aging_rate_65plus":0.4297520661157025,"aging_rate_75plus":0.2644628099173554,"population_status":"0","population_status_target":null,"population_aggregation_target":null,"age_65plus_missing":false,"age_75plus_missing":false,"age_quality_flag":"ok","data_completeness":"complete"}},{"type":"Feature","geometry":{"type":"Polygon","coordinates":[[[132.55,33.24166666666667],[132.55625,33.24166666666667],[132.55625,33.24583333333334],[132.55,33.24583333333334],[132.55,33.24166666666667]]]},"properties":{"type":"Feature","mesh_id":"493264941","municipality_code":"38203","municipality":"宇和島市","total_population":135,"population_65plus":69,"population_75plus":32,"aging_rate_65plus":0.5111111111111111,"aging_rate_75plus":0.23703703703703705,"population_status":"0","population_status_target":null,"population_aggregation_target":null,"age_65plus_missing":false,"age_75plus_missing":false,"age_quality_flag":"ok","data_completeness":"complete"}},{"type":"Feature","geometry":{"type":"Polygon","coordinates":[[[132.5625,33.24166666666667],[132.56875,33.24166666666667],[132.56875,33.24583333333334],[132.5625,33.24583333333334],[132.5625,33.24166666666667]]]},"properties":{"type":"Feature","mesh_id":"493264951","municipality_code":"38203","municipality":"宇和島市","total_population":100,"population_65plus":34,"population_75plus":15,"aging_rate_65plus":0.34,"aging_rate_75plus":0.15,"population_status":"0","population_status_target":null,"population_aggregation_target":null,"age_65plus_missing":false,"age_75plus_missing":false,"age_quality_flag":"ok","data_completeness":"complete"}},{"type":"Feature","geometry":{"type":"Polygon","coordinates":[[[132.5625,33.24583333333334],[132.56875,33.24583333333334],[132.56875,33.25000000000001],[132.5625,33.25000000000001],[132.5625,33.24583333333334]]]},"properties":{"type":"Feature","mesh_id":"493264952","municipality_code":"38203","municipality":"宇和島市","total_population":343,"population_65plus":141,"population_75plus":79,"aging_rate_65plus":0.4110787172011662,"aging_rate_75plus":0.2303206997084548,"population_status":"0","population_status_target":null,"population_aggregation_target":null,"age_65plus_missing":false,"age_75plus_missing":false,"age_quality_flag":"ok","data_completeness":"complete"}},{"type":"Feature","geometry":{"type":"Polygon","coordinates":[[[132.56875,33.24166666666667],[132.575,33.24166666666667],[132.575,33.24583333333334],[132.56875,33.24583333333334],[132.56875,33.24166666666667]]]},"properties":{"type":"Feature","mesh_id":"493264953","municipality_code":"38203","municipality":"宇和島市","total_population":22,"population_65plus":9,"population_75plus":3,"aging_rate_65plus":0.4090909090909091,"aging_rate_75plus":0.13636363636363635,"population_status":"0","population_status_target":null,"population_aggregation_target":null,"age_65plus_missing":false,"age_75plus_missing":false,"age_quality_flag":"ok","data_completeness":"complete"}},{"type":"Feature","geometry":{"type":"Polygon","coordinates":[[[132.56875,33.24583333333334],[132.575,33.24583333333334],[132.575,33.25000000000001],[132.56875,33.25000000000001],[132.56875,33.24583333333334]]]},"properties":{"type":"Feature","mesh_id":"493264954","municipality_code":"38203","municipality":"宇和島市","total_population":31,"population_65plus":22,"population_75plus":17,"aging_rate_65plus":0.7096774193548387,"aging_rate_75plus":0.5483870967741935,"population_status":"0","population_status_target":null,"population_aggregation_target":null,"age_65plus_missing":false,"age_75plus_missing":false,"age_quality_flag":"ok","data_completeness":"complete"}},{"type":"Feature","geometry":{"type":"Polygon","coordinates":[[[132.575,33.24166666666667],[132.58124999999998,33.24166666666667],[132.58124999999998,33.24583333333334],[132.575,33.24583333333334],[132.575,33.24166666666667]]]},"properties":{"type":"Feature","mesh_id":"493264961","municipality_code":"38203","municipality":"宇和島市","total_population":14,"population_65plus":0,"population_75plus":0,"aging_rate_65plus":0.0,"aging_rate_75plus":0.0,"population_status":"0","population_status_target":null,"population_aggregation_target":null,"age_65plus_missing":false,"age_75plus_missing":false,"age_quality_flag":"ok","data_completeness":"complete"}},{"type":"Feature","geometry":{"type":"Polygon","coordinates":[[[132.575,33.24583333333334],[132.58124999999998,33.24583333333334],[132.58124999999998,33.25000000000001],[132.575,33.25000000000001],[132.575,33.24583333333334]]]},"properties":{"type":"Feature","mesh_id":"493264962","municipality_code":"38203","municipality":"宇和島市","total_population":25,"population_65plus":8,"population_75plus":1,"aging_rate_65plus":0.32,"aging_rate_75plus":0.04,"population_status":"0","population_status_target":null,"population_aggregation_target":null,"age_65plus_missing":false,"age_75plus_missing":false,"age_quality_flag":"ok","data_completeness":"complete"}},{"type":"Feature","geometry":{"type":"Polygon","coordinates":[[[132.46875,33.25416666666667],[132.475,33.25416666666667],[132.475,33.25833333333334],[132.46875,33.25833333333334],[132.46875,33.25416666666667]]]},"properties":{"type":"Feature","mesh_id":"493273074","municipality_code":"38203","municipality":"宇和島市","total_population":39,"population_65plus":25,"population_75plus":9,"aging_rate_65plus":0.6410256410256411,"aging_rate_75plus":0.23076923076923078,"population_status":"1","population_status_target":null,"population_aggregation_target":"493273172","age_65plus_missing":false,"age_75plus_missing":false,"age_quality_flag":"ok","data_completeness":"complete"}},{"type":"Feature","geometry":{"type":"Polygon","coordinates":[[[132.4875,33.270833333333336],[132.49375,33.270833333333336],[132.49375,33.275000000000006],[132.4875,33.275000000000006],[132.4875,33.270833333333336]]]},"properties":{"type":"Feature","mesh_id":"493273292","municipality_code":"38203","municipality":"宇和島市","total_population":58,"population_65plus":29,"population_75plus":12,"aging_rate_65plus":0.5,"aging_rate_75plus":0.20689655172413793,"population_status":"0","population_status_target":null,"population_aggregation_target":null,"age_65plus_missing":false,"age_75plus_missing":false,"age_quality_flag":"ok","data_completeness":"complete"}},{"type":"Feature","geometry":{"type":"Polygon","coordinates":[[[132.49375,33.270833333333336],[132.5,33.270833333333336],[132.5,33.275000000000006],[132.49375,33.275000000000006],[132.49375,33.270833333333336]]]},"properties":{"type":"Feature","mesh_id":"493273294","municipality_code":"38203","municipality":"宇和島市","total_population":85,"population_65plus":40,"population_75plus":24,"aging_rate_65plus":0.47058823529411764,"aging_rate_75plus":0.2823529411764706,"population_status":"0","population_status_target":null,"population_aggregation_target":null,"age_65plus_missing":false,"age_75plus_missing":false,"age_quality_flag":"ok","data_completeness":"complete"}},{"type":"Feature","geometry":{"type":"Polygon","coordinates":[[[132.4875,33.275],[132.49375,33.275],[132.49375,33.27916666666667],[132.4875,33.27916666666667],[132.4875,33.275]]]},"properties":{"type":"Feature","mesh_id":"493273391","municipality_code":"38203","municipality":"宇和島市","total_population":16,"population_65plus":10,"population_75plus":5,"aging_rate_65plus":0.625,"aging_rate_75plus":0.3125,"population_status":"0","population_status_target":null,"population_aggregation_target":null,"age_65plus_missing":false,"age_75plus_missing":false,"age_quality_flag":"ok","data_completeness":"complete"}},{"type":"Feature","geometry":{"type":"Polygon","coordinates":[[[132.4875,33.28333333333333],[132.49375,33.28333333333333],[132.49375,33.2875],[132.4875,33.2875],[132.4875,33.28333333333333]]]},"properties":{"type":"Feature","mesh_id":"493273491","municipality_code":"38203","municipality":"宇和島市","total_population":6,"population_65plus":null,"population_75plus":null,"aging_rate_65plus":null,"aging_rate_75plus":null,"population_status":"2","population_status_target":"493273493","population_aggregation_target":null,"age_65plus_missing":true,"age_75plus_missing":true,"age_quality_flag":"ok","data_completeness":"partial"}},{"type":"Feature","geometry":{"type":"Polygon","coordinates":[[[132.4875,33.2875],[132.49375,33.2875],[132.49375,33.29166666666667],[132.4875,33.29166666666667],[132.4875,33.2875]]]},"properties":{"type":"Feature","mesh_id":"493273492","municipality_code":"38203","municipality":"宇和島市","total_population":63,"population_65plus":33,"population_75plus":8,"aging_rate_65plus":0.5238095238095238,"aging_rate_75plus":0.12698412698412698,"population_status":"0","population_status_target":null,"population_aggregation_target":null,"age_65plus_missing":false,"age_75plus_missing":false,"age_quality_flag":"ok","data_completeness":"complete"}},{"type":"Feature","geometry":{"type":"Polygon","coordinates":[[[132.49375,33.28333333333333],[132.5,33.28333333333333],[132.5,33.2875],[132.49375,33.2875],[132.49375,33.28333333333333]]]},"properties":{"type":"Feature","mesh_id":"493273493","municipality_code":"38203","municipality":"宇和島市","total_population":69,"population_65plus":31,"population_75plus":15,"aging_rate_65plus":0.4492753623188406,"aging_rate_75plus":0.21739130434782608,"population_status":"1","population_status_target":null,"population_aggregation_target":"493273491","age_65plus_missing":false,"age_75plus_missing":false,"age_quality_flag":"ok","data_completeness":"complete"}},{"type":"Feature","geometry":{"type":"Polygon","coordinates":[[[132.49375,33.2875],[132.5,33.2875],[132.5,33.29166666666667],[132.49375,33.29166666666667],[132.49375,33.2875]]]},"properties":{"type":"Feature","mesh_id":"493273494","municipality_code":"38203","municipality":"宇和島市","total_population":40,"population_65plus":21,"population_75plus":13,"aging_rate_65plus":0.525,"aging_rate_75plus":0.325,"population_status":"0","population_status_target":null,"population_aggregation_target":null,"age_65plus_missing":false,"age_75plus_missing":false,"age_quality_flag":"ok","data_completeness":"complete"}},{"type":"Feature","geometry":{"type":"Polygon","coordinates":[[[132.4875,33.291666666666664],[132.49375,33.291666666666664],[132.49375,33.295833333333334],[132.4875,33.295833333333334],[132.4875,33.291666666666664]]]},"properties":{"type":"Feature","mesh_id":"493273591","municipality_code":"38203","municipality":"宇和島市","total_population":22,"population_65plus":8,"population_75plus":7,"aging_rate_65plus":0.36363636363636365,"aging_rate_75plus":0.3181818181818182,"population_status":"0","population_status_target":null,"population_aggregation_target":null,"age_65plus_missing":false,"age_75plus_missing":false,"age_quality_flag":"ok","data_completeness":"complete"}},{"type":"Feature","geometry":{"type":"Polygon","coordinates":[[[132.5625,33.25416666666667],[132.56875,33.25416666666667],[132.56875,33.25833333333334],[132.5625,33.25833333333334],[132.5625,33.25416666666667]]]},"properties":{"type":"Feature","mesh_id":"493274052","municipality_code":"38203","municipality":"宇和島市","total_population":46,"population_65plus":15,"population_75plus":7,"aging_rate_65plus":0.32608695652173914,"aging_rate_75plus":0.15217391304347827,"population_status":"0","population_status_target":null,"population_aggregation_target":null,"age_65plus_missing":false,"age_75plus_missing":false,"age_quality_flag":"ok","data_completeness":"complete"}},{"type":"Feature","geometry":{"type":"Polygon","coordinates":[[[132.56875,33.25416666666667],[132.575,33.25416666666667],[132.575,33.25833333333334],[132.56875,33.25833333333334],[132.56875,33.25416666666667]]]},"properties":{"type":"Feature","mesh_id":"493274054","municipality_code":"38203","municipality":"宇和島市","total_population":92,"population_65plus":32,"population_75plus":17,"aging_rate_65plus":0.34782608695652173,"aging_rate_75plus":0.18478260869565216,"population_status":"0","population_status_target":null,"population_aggregation_target":null,"age_65plus_missing":false,"age_75plus_missing":false,"age_quality_flag":"ok","data_completeness":"complete"}},{"type":"Feature","geometry":{"type":"Polygon","coordinates":[[[132.575,33.25],[132.58124999999998,33.25],[132.58124999999998,33.25416666666667],[132.575,33.25416666666667],[132.575,33.25]]]},"properties":{"type":"Feature","mesh_id":"493274061","municipality_code":"38203","municipality":"宇和島市","total_population":25,"population_65plus":4,"population_75plus":0,"aging_rate_65plus":0.16,"aging_rate_75plus":0.0,"population_status":"0","population_status_target":null,"population_aggregation_target":null,"age_65plus_missing":false,"age_75plus_missing":false,"age_quality_flag":"ok","data_completeness":"complete"}},{"type":"Feature","geometry":{"type":"Polygon","coordinates":[[[132.58124999999998,33.25],[132.58749999999998,33.25],[132.58749999999998,33.25416666666667],[132.58124999999998,33.25416666666667],[132.58124999999998,33.25]]]},"properties":{"type":"Feature","mesh_id":"493274063","municipality_code":"38203","municipality":"宇和島市","total_population":139,"population_65plus":56,"population_75plus":30,"aging_rate_65plus":0.4028776978417266,"aging_rate_75plus":0.2158273381294964,"population_status":"0","population_status_target":null,"population_aggregation_target":null,"age_65plus_missing":false,"age_75plus_missing":false,"age_quality_flag":"ok","data_completeness":"complete"}},{"type":"Feature","geometry":{"type":"Polygon","coordinates":[[[132.50625,33.25833333333333],[132.5125,33.25833333333333],[132.5125,33.2625],[132.50625,33.2625],[132.50625,33.25833333333333]]]},"properties":{"type":"Feature","mesh_id":"493274103","municipality_code":"38203","municipality":"宇和島市","total_population":5,"population_65plus":null,"population_75plus":null,"aging_rate_65plus":null,"aging_rate_75plus":null,"population_status":"2","population_status_target":"493274104","population_aggregation_target":null,"age_65plus_missing":true,"age_75plus_missing":true,"age_quality_flag":"ok","data_completeness":"partial"}},{"type":"Feature","geometry":{"type":"Polygon","coordinates":[[[132.50625,33.2625],[132.5125,33.2625],[132.5125,33.26666666666667],[132.50625,33.26666666666667],[132.50625,33.2625]]]},"properties":{"type":"Feature","mesh_id":"493274104","municipality_code":"38203","municipality":"宇和島市","total_population":85,"population_65plus":52,"population_75plus":31,"aging_rate_65plus":0.611764705882353,"aging_rate_75plus":0.36470588235294116,"population_status":"1","population_status_target":null,"population_aggregation_target":"493274103","age_65plus_missing":false,"age_75plus_missing":false,"age_quality_flag":"ok","data_completeness":"complete"}},{"type":"Feature","geometry":{"type":"Polygon","coordinates":[[[132.51874999999998,33.2625],[132.52499999999998,33.2625],[132.52499999999998,33.26666666666667],[132.51874999999998,33.26666666666667],[132.51874999999998,33.2625]]]},"properties":{"type":"Feature","mesh_id":"493274114","municipality_code":"38203","municipality":"宇和島市","total_population":70,"population_65plus":37,"population_75plus":20,"aging_rate_65plus":0.5285714285714286,"aging_rate_75plus":0.2857142857142857,"population_status":"0","population_status_target":null,"population_aggregation_target":null,"age_65plus_missing":false,"age_75plus_missing":false,"age_quality_flag":"ok","data_completeness":"complete"}},{"type":"Feature","geometry":{"type":"Polygon","coordinates":[[[132.54375,33.25833333333333],[132.54999999999998,33.25833333333333],[132.54999999999998,33.2625],[132.54375,33.2625],[132.54375,33.25833333333333]]]},"properties":{"type":"Feature","mesh_id":"493274133","municipality_code":"38203","municipality":"宇和島市","total_population":60,"population_65plus":25,"population_75plus":11,"aging_rate_65plus":0.4166666666666667,"aging_rate_75plus":0.18333333333333332,"population_status":"0","population_status_target":null,"population_aggregation_target":null,"age_65plus_missing":false,"age_75plus_missing":false,"age_quality_flag":"ok","data_completeness":"complete"}},{"type":"Feature","geometry":{"type":"Polygon","coordinates":[[[132.54375,33.2625],[132.54999999999998,33.2625],[132.54999999999998,33.26666666666667],[132.54375,33.26666666666667],[132.54375,33.2625]]]},"properties":{"type":"Feature","mesh_id":"493274134","municipality_code":"38203","municipality":"宇和島市","total_population":57,"population_65plus":27,"population_75plus":10,"aging_rate_65plus":0.47368421052631576,"aging_rate_75plus":0.17543859649122806,"population_status":"0","population_status_target":null,"population_aggregation_target":null,"age_65plus_missing":false,"age_75plus_missing":false,"age_quality_flag":"ok","data_completeness":"complete"}},{"type":"Feature","geometry":{"type":"Polygon","coordinates":[[[132.55625,33.2625],[132.5625,33.2625],[132.5625,33.26666666666667],[132.55625,33.26666666666667],[132.55625,33.2625]]]},"properties":{"type":"Feature","mesh_id":"493274144","municipality_code":"38203","municipality":"宇和島市","total_population":9,"population_65plus":null,"population_75plus":null,"aging_rate_65plus":null,"aging_rate_75plus":null,"population_status":"2","population_status_target":"493274242","population_aggregation_target":null,"age_65plus_missing":true,"age_75plus_missing":true,"age_quality_flag":"ok","data_completeness":"partial"}},{"type":"Feature","geometry":{"type":"Polygon","coordinates":[[[132.5625,33.25833333333333],[132.56875,33.25833333333333],[132.56875,33.2625],[132.5625,33.2625],[132.5625,33.25833333333333]]]},"properties":{"type":"Feature","mesh_id":"493274151","municipality_code":"38203","municipality":"宇和島市","total_population":30,"population_65plus":14,"population_75plus":7,"aging_rate_65plus":0.4666666666666667,"aging_rate_75plus":0.23333333333333334,"population_status":"0","population_status_target":null,"population_aggregation_target":null,"age_65plus_missing":false,"age_75plus_missing":false,"age_quality_flag":"ok","data_completeness":"complete"}},{"type":"Feature","geometry":{"type":"Polygon","coordinates":[[[132.5625,33.2625],[132.56875,33.2625],[132.56875,33.26666666666667],[132.5625,33.26666666666667],[132.5625,33.2625]]]},"properties":{"type":"Feature","mesh_id":"493274152","municipality_code":"38203","municipality":"宇和島市","total_population":11,"population_65plus":6,"population_75plus":0,"aging_rate_65plus":0.5454545454545454,"aging_rate_75plus":0.0,"population_status":"0","population_status_target":null,"population_aggregation_target":null,"age_65plus_missing":false,"age_75plus_missing":false,"age_quality_flag":"ok","data_completeness":"complete"}},{"type":"Feature","geometry":{"type":"Polygon","coordinates":[[[132.56875,33.25833333333333],[132.575,33.25833333333333],[132.575,33.2625],[132.56875,33.2625],[132.56875,33.25833333333333]]]},"properties":{"type":"Feature","mesh_id":"493274153","municipality_code":"38203","municipality":"宇和島市","total_population":166,"population_65plus":85,"population_75plus":43,"aging_rate_65plus":0.5120481927710844,"aging_rate_75plus":0.25903614457831325,"population_status":"0","population_status_target":null,"population_aggregation_target":null,"age_65plus_missing":false,"age_75plus_missing":false,"age_quality_flag":"ok","data_completeness":"complete"}},{"type":"Feature","geometry":{"type":"Polygon","coordinates":[[[132.56875,33.2625],[132.575,33.2625],[132.575,33.26666666666667],[132.56875,33.26666666666667],[132.56875,33.2625]]]},"properties":{"type":"Feature","mesh_id":"493274154","municipality_code":"38203","municipality":"宇和島市","total_population":48,"population_65plus":12,"population_75plus":6,"aging_rate_65plus":0.25,"aging_rate_75plus":0.125,"population_status":"0","population_status_target":null,"population_aggregation_target":null,"age_65plus_missing":false,"age_75plus_missing":false,"age_quality_flag":"ok","data_completeness":"complete"}},{"type":"Feature","geometry":{"type":"Polygon","coordinates":[[[132.575,33.25833333333333],[132.58124999999998,33.25833333333333],[132.58124999999998,33.2625],[132.575,33.2625],[132.575,33.25833333333333]]]},"properties":{"type":"Feature","mesh_id":"493274161","municipality_code":"38203","municipality":"宇和島市","total_population":61,"population_65plus":29,"population_75plus":10,"aging_rate_65plus":0.47540983606557374,"aging_rate_75plus":0.16393442622950818,"population_status":"0","population_status_target":null,"population_aggregation_target":null,"age_65plus_missing":false,"age_75plus_missing":false,"age_quality_flag":"ok","data_completeness":"complete"}},{"type":"Feature","geometry":{"type":"Polygon","coordinates":[[[132.575,33.2625],[132.58124999999998,33.2625],[132.58124999999998,33.26666666666667],[132.575,33.26666666666667],[132.575,33.2625]]]},"properties":{"type":"Feature","mesh_id":"493274162","municipality_code":"38203","municipality":"宇和島市","total_population":9,"population_65plus":6,"population_75plus":4,"aging_rate_65plus":0.6666666666666666,"aging_rate_75plus":0.4444444444444444,"population_status":"0","population_status_target":null,"population_aggregation_target":null,"age_65plus_missing":false,"age_75plus_missing":false,"age_quality_flag":"ok","data_completeness":"complete"}},{"type":"Feature","geometry":{"type":"Polygon","coordinates":[[[132.58124999999998,33.25833333333333],[132.58749999999998,33.25833333333333],[132.58749999999998,33.2625],[132.58124999999998,33.2625],[132.58124999999998,33.25833333333333]]]},"properties":{"type":"Feature","mesh_id":"493274163","municipality_code":"38203","municipality":"宇和島市","total_population":3,"population_65plus":null,"population_75plus":null,"aging_rate_65plus":null,"aging_rate_75plus":null,"population_status":"2","population_status_target":"493274164","population_aggregation_target":null,"age_65plus_missing":true,"age_75plus_missing":true,"age_quality_flag":"ok","data_completeness":"partial"}},{"type":"Feature","geometry":{"type":"Polygon","coordinates":[[[132.58124999999998,33.2625],[132.58749999999998,33.2625],[132.58749999999998,33.26666666666667],[132.58124999999998,33.26666666666667],[132.58124999999998,33.2625]]]},"properties":{"type":"Feature","mesh_id":"493274164","municipality_code":"38203","municipality":"宇和島市","total_population":51,"population_65plus":33,"population_75plus":18,"aging_rate_65plus":0.6470588235294118,"aging_rate_75plus":0.35294117647058826,"population_status":"1","population_status_target":null,"population_aggregation_target":"493274163","age_65plus_missing":false,"age_75plus_missing":false,"age_quality_flag":"ok","data_completeness":"complete"}},{"type":"Feature","geometry":{"type":"Polygon","coordinates":[[[132.5875,33.25833333333333],[132.59375,33.25833333333333],[132.59375,33.2625],[132.5875,33.2625],[132.5875,33.25833333333333]]]},"properties":{"type":"Feature","mesh_id":"493274171","municipality_code":"38203","municipality":"宇和島市","total_population":23,"population_65plus":15,"population_75plus":8,"aging_rate_65plus":0.6521739130434783,"aging_rate_75plus":0.34782608695652173,"population_status":"1","population_status_target":null,"population_aggregation_target":"493274172","age_65plus_missing":false,"age_75plus_missing":false,"age_quality_flag":"ok","data_completeness":"complete"}},{"type":"Feature","geometry":{"type":"Polygon","coordinates":[[[132.5875,33.2625],[132.59375,33.2625],[132.59375,33.26666666666667],[132.5875,33.26666666666667],[132.5875,33.2625]]]},"properties":{"type":"Feature","mesh_id":"493274172","municipality_code":"38203","municipality":"宇和島市","total_population":6,"population_65plus":null,"population_75plus":null,"aging_rate_65plus":null,"aging_rate_75plus":null,"population_status":"2","population_status_target":"493274171","population_aggregation_target":null,"age_65plus_missing":true,"age_75plus_missing":true,"age_quality_flag":"ok","data_completeness":"partial"}},{"type":"Feature","geometry":{"type":"Polygon","coordinates":[[[132.59375,33.25833333333333],[132.6,33.25833333333333],[132.6,33.2625],[132.59375,33.2625],[132.59375,33.25833333333333]]]},"properties":{"type":"Feature","mesh_id":"493274173","municipality_code":"38203","municipality":"宇和島市","total_population":47,"population_65plus":27,"population_75plus":8,"aging_rate_65plus":0.574468085106383,"aging_rate_75plus":0.1702127659574468,"population_status":"0","population_status_target":null,"population_aggregation_target":null,"age_65plus_missing":false,"age_75plus_missing":false,"age_quality_flag":"ok","data_completeness":"complete"}},{"type":"Feature","geometry":{"type":"Polygon","coordinates":[[[132.5,33.266666666666666],[132.50625,33.266666666666666],[132.50625,33.270833333333336],[132.5,33.270833333333336],[132.5,33.266666666666666]]]},"properties":{"type":"Feature","mesh_id":"493274201","municipality_code":"38203","municipality":"宇和島市","total_population":148,"population_65plus":71,"population_75plus":36,"aging_rate_65plus":0.4797297297297297,"aging_rate_75plus":0.24324324324324326,"population_status":"0","population_status_target":null,"population_aggregation_target":null,"age_65plus_missing":false,"age_75plus_missing":false,"age_quality_flag":"ok","data_completeness":"complete"}},{"type":"Feature","geometry":{"type":"Polygon","coordinates":[[[132.50625,33.266666666666666],[132.5125,33.266666666666666],[132.5125,33.270833333333336],[132.50625,33.270833333333336],[132.50625,33.266666666666666]]]},"properties":{"type":"Feature","mesh_id":"493274203","municipality_code":"38203","municipality":"宇和島市","total_population":30,"population_65plus":12,"population_75plus":9,"aging_rate_65plus":0.4,"aging_rate_75plus":0.3,"population_status":"0","population_status_target":null,"population_aggregation_target":null,"age_65plus_missing":false,"age_75plus_missing":false,"age_quality_flag":"ok","data_completeness":"complete"}},{"type":"Feature","geometry":{"type":"Polygon","coordinates":[[[132.5125,33.266666666666666],[132.51874999999998,33.266666666666666],[132.51874999999998,33.270833333333336],[132.5125,33.270833333333336],[132.5125,33.266666666666666]]]},"properties":{"type":"Feature","mesh_id":"493274211","municipality_code":"38203","municipality":"宇和島市","total_population":21,"population_65plus":9,"population_75plus":7,"aging_rate_65plus":0.42857142857142855,"aging_rate_75plus":0.3333333333333333,"population_status":"1","population_status_target":null,"population_aggregation_target":"493274212","age_65plus_missing":false,"age_75plus_missing":false,"age_quality_flag":"ok","data_completeness":"complete"}},{"type":"Feature","geometry":{"type":"Polygon","coordinates":[[[132.5125,33.270833333333336],[132.51874999999998,33.270833333333336],[132.51874999999998,33.275000000000006],[132.5125,33.275000000000006],[132.5125,33.270833333333336]]]},"properties":{"type":"Feature","mesh_id":"493274212","municipality_code":"38203","municipality":"宇和島市","total_population":2,"population_65plus":null,"population_75plus":null,"aging_rate_65plus":null,"aging_rate_75plus":null,"population_status":"2","population_status_target":"493274211","population_aggregation_target":null,"age_65plus_missing":true,"age_75plus_missing":true,"age_quality_flag":"ok","data_completeness":"partial"}},{"type":"Feature","geometry":{"type":"Polygon","coordinates":[[[132.525,33.270833333333336],[132.53125,33.270833333333336],[132.53125,33.275000000000006],[132.525,33.275000000000006],[132.525,33.270833333333336]]]},"properties":{"type":"Feature","mesh_id":"493274222","municipality_code":"38203","municipality":"宇和島市","total_population":7,"population_65plus":null,"population_75plus":null,"aging_rate_65plus":null,"aging_rate_75plus":null,"population_status":"2","population_status_target":"493274224","population_aggregation_target":null,"age_65plus_missing":true,"age_75plus_missing":true,"age_quality_flag":"ok","data_completeness":"partial"}},{"type":"Feature","geometry":{"type":"Polygon","coordinates":[[[132.53125,33.270833333333336],[132.5375,33.270833333333336],[132.5375,33.275000000000006],[132.53125,33.275000000000006],[132.53125,33.270833333333336]]]},"properties":{"type":"Feature","mesh_id":"493274224","municipality_code":"38203","municipality":"宇和島市","total_population":295,"population_65plus":135,"population_75plus":53,"aging_rate_65plus":0.4576271186440678,"aging_rate_75plus":0.17966101694915254,"population_status":"1","population_status_target":null,"population_aggregation_target":"493274222","age_65plus_missing":false,"age_75plus_missing":false,"age_quality_flag":"ok","data_completeness":"complete"}},{"type":"Feature","geometry":{"type":"Polygon","coordinates":[[[132.54375,33.266666666666666],[132.54999999999998,33.266666666666666],[132.54999999999998,33.270833333333336],[132.54375,33.270833333333336],[132.54375,33.266666666666666]]]},"properties":{"type":"Feature","mesh_id":"493274233","municipality_code":"38203","municipality":"宇和島市","total_population":577,"population_65plus":264,"population_75plus":159,"aging_rate_65plus":0.45753899480069327,"aging_rate_75plus":0.2755632582322357,"population_status":"0","population_status_target":null,"population_aggregation_target":null,"age_65plus_missing":false,"age_75plus_missing":false,"age_quality_flag":"ok","data_completeness":"complete"}},{"type":"Feature","geometry":{"type":"Polygon","coordinates":[[[132.54375,33.270833333333336],[132.54999999999998,33.270833333333336],[132.54999999999998,33.275000000000006],[132.54375,33.275000000000006],[132.54375,33.270833333333336]]]},"properties":{"type":"Feature","mesh_id":"493274234","municipality_code":"38203","municipality":"宇和島市","total_population":224,"population_65plus":168,"population_75plus":125,"aging_rate_65plus":0.75,"aging_rate_75plus":0.5580357142857143,"population_status":"0","population_status_target":null,"population_aggregation_target":null,"age_65plus_missing":false,"age_75plus_missing":false,"age_quality_flag":"ok","data_completeness":"complete"}},{"type":"Feature","geometry":{"type":"Polygon","coordinates":[[[132.55,33.270833333333336],[132.55625,33.270833333333336],[132.55625,33.275000000000006],[132.55,33.275000000000006],[132.55,33.270833333333336]]]},"properties":{"type":"Feature","mesh_id":"493274242","municipality_code":"38203","municipality":"宇和島市","total_population":3,"population_65plus":null,"population_75plus":null,"aging_rate_65plus":null,"aging_rate_75plus":null,"population_status":"1","population_status_target":null,"population_aggregation_target":"493274144","age_65plus_missing":true,"age_75plus_missing":true,"age_quality_flag":"inconsistent_with_total","data_completeness":"partial"}},{"type":"Feature","geometry":{"type":"Polygon","coordinates":[[[132.5625,33.266666666666666],[132.56875,33.266666666666666],[132.56875,33.270833333333336],[132.5625,33.270833333333336],[132.5625,33.266666666666666]]]},"properties":{"type":"Feature","mesh_id":"493274251","municipality_code":"38203","municipality":"宇和島市","total_population":51,"population_65plus":38,"population_75plus":34,"aging_rate_65plus":0.7450980392156863,"aging_rate_75plus":0.6666666666666666,"population_status":"0","population_status_target":null,"population_aggregation_target":null,"age_65plus_missing":false,"age_75plus_missing":false,"age_quality_flag":"ok","data_completeness":"complete"}},{"type":"Feature","geometry":{"type":"Polygon","coordinates":[[[132.5625,33.270833333333336],[132.56875,33.270833333333336],[132.56875,33.275000000000006],[132.5625,33.275000000000006],[132.5625,33.270833333333336]]]},"properties":{"type":"Feature","mesh_id":"493274252","municipality_code":"38203","municipality":"宇和島市","total_population":45,"population_65plus":22,"population_75plus":12,"aging_rate_65plus":0.4888888888888889,"aging_rate_75plus":0.26666666666666666,"population_status":"0","population_status_target":null,"population_aggregation_target":null,"age_65plus_missing":false,"age_75plus_missing":false,"age_quality_flag":"ok","data_completeness":"complete"}},{"type":"Feature","geometry":{"type":"Polygon","coordinates":[[[132.56875,33.270833333333336],[132.575,33.270833333333336],[132.575,33.275000000000006],[132.56875,33.275000000000006],[132.56875,33.270833333333336]]]},"properties":{"type":"Feature","mesh_id":"493274254","municipality_code":"38203","municipality":"宇和島市","total_population":45,"population_65plus":18,"population_75plus":8,"aging_rate_65plus":0.4,"aging_rate_75plus":0.17777777777777778,"population_status":"0","population_status_target":null,"population_aggregation_target":null,"age_65plus_missing":false,"age_75plus_missing":false,"age_quality_flag":"ok","data_completeness":"complete"}},{"type":"Feature","geometry":{"type":"Polygon","coordinates":[[[132.575,33.270833333333336],[132.58124999999998,33.270833333333336],[132.58124999999998,33.275000000000006],[132.575,33.275000000000006],[132.575,33.270833333333336]]]},"properties":{"type":"Feature","mesh_id":"493274262","municipality_code":"38203","municipality":"宇和島市","total_population":34,"population_65plus":13,"population_75plus":6,"aging_rate_65plus":0.38235294117647056,"aging_rate_75plus":0.17647058823529413,"population_status":"0","population_status_target":null,"population_aggregation_target":null,"age_65plus_missing":false,"age_75plus_missing":false,"age_quality_flag":"ok","data_completeness":"complete"}},{"type":"Feature","geometry":{"type":"Polygon","coordinates":[[[132.59375,33.266666666666666],[132.6,33.266666666666666],[132.6,33.270833333333336],[132.59375,33.270833333333336],[132.59375,33.266666666666666]]]},"properties":{"type":"Feature","mesh_id":"493274273","municipality_code":"38203","municipality":"宇和島市","total_population":32,"population_65plus":8,"population_75plus":6,"aging_rate_65plus":0.25,"aging_rate_75plus":0.1875,"population_status":"0","population_status_target":null,"population_aggregation_target":null,"age_65plus_missing":false,"age_75plus_missing":false,"age_quality_flag":"ok","data_completeness":"complete"}},{"type":"Feature","geometry":{"type":"Polygon","coordinates":[[[132.59375,33.270833333333336],[132.6,33.270833333333336],[132.6,33.275000000000006],[132.59375,33.275000000000006],[132.59375,33.270833333333336]]]},"properties":{"type":"Feature","mesh_id":"493274274","municipality_code":"38203","municipality":"宇和島市","total_population":16,"population_65plus":10,"population_75plus":5,"aging_rate_65plus":0.625,"aging_rate_75plus":0.3125,"population_status":"1","population_status_target":null,"population_aggregation_target":"493274283","age_65plus_missing":false,"age_75plus_missing":false,"age_quality_flag":"ok","data_completeness":"complete"}},{"type":"Feature","geometry":{"type":"Polygon","coordinates":[[[132.60625,33.266666666666666],[132.61249999999998,33.266666666666666],[132.61249999999998,33.270833333333336],[132.60625,33.270833333333336],[132.60625,33.266666666666666]]]},"properties":{"type":"Feature","mesh_id":"493274283","municipality_code":"38203","municipality":"宇和島市","total_population":7,"population_65plus":null,"population_75plus":null,"aging_rate_65plus":null,"aging_rate_75plus":null,"population_status":"2","population_status_target":"493274274","population_aggregation_target":null,"age_65plus_missing":true,"age_75plus_missing":true,"age_quality_flag":"ok","data_completeness":"partial"}},{"type":"Feature","geometry":{"type":"Polygon","coordinates":[[[132.51874999999998,33.275],[132.52499999999998,33.275],[132.52499999999998,33.27916666666667],[132.51874999999998,33.27916666666667],[132.51874999999998,33.275]]]},"properties":{"type":"Feature","mesh_id":"493274313","municipality_code":"38203","municipality":"宇和島市","total_population":11,"population_65plus":null,"population_75plus":null,"aging_rate_65plus":null,"aging_rate_75plus":null,"population_status":"2","population_status_target":"493274314","population_aggregation_target":null,"age_65plus_missing":true,"age_75plus_missing":true,"age_quality_flag":"ok","data_completeness":"partial"}},{"type":"Feature","geometry":{"type":"Polygon","coordinates":[[[132.51874999999998,33.27916666666667],[132.52499999999998,33.27916666666667],[132.52499999999998,33.28333333333334],[132.51874999999998,33.28333333333334],[132.51874999999998,33.27916666666667]]]},"properties":{"type":"Feature","mesh_id":"493274314","municipality_code":"38203","municipality":"宇和島市","total_population":55,"population_65plus":33,"population_75plus":15,"aging_rate_65plus":0.6,"aging_rate_75plus":0.2727272727272727,"population_status":"1","population_status_target":null,"population_aggregation_target":"493274313","age_65plus_missing":false,"age_75plus_missing":false,"age_quality_flag":"ok","data_completeness":"complete"}},{"type":"Feature","geometry":{"type":"Polygon","coordinates":[[[132.525,33.27916666666667],[132.53125,33.27916666666667],[132.53125,33.28333333333334],[132.525,33.28333333333334],[132.525,33.27916666666667]]]},"properties":{"type":"Feature","mesh_id":"493274322","municipality_code":"38203","municipality":"宇和島市","total_population":46,"population_65plus":18,"population_75plus":7,"aging_rate_65plus":0.391304347826087,"aging_rate_75plus":0.15217391304347827,"population_status":"0","population_status_target":null,"population_aggregation_target":null,"age_65plus_missing":false,"age_75plus_missing":false,"age_quality_flag":"ok","data_completeness":"complete"}},{"type":"Feature","geometry":{"type":"Polygon","coordinates":[[[132.53125,33.27916666666667],[132.5375,33.27916666666667],[132.5375,33.28333333333334],[132.53125,33.28333333333334],[132.53125,33.27916666666667]]]},"properties":{"type":"Feature","mesh_id":"493274324","municipality_code":"38203","municipality":"宇和島市","total_population":225,"population_65plus":108,"population_75plus":55,"aging_rate_65plus":0.48,"aging_rate_75plus":0.24444444444444444,"population_status":"0","population_status_target":null,"population_aggregation_target":null,"age_65plus_missing":false,"age_75plus_missing":false,"age_quality_flag":"ok","data_completeness":"complete"}},{"type":"Feature","geometry":{"type":"Polygon","coordinates":[[[132.5375,33.275],[132.54375,33.275],[132.54375,33.27916666666667],[132.5375,33.27916666666667],[132.5375,33.275]]]},"properties":{"type":"Feature","mesh_id":"493274331","municipality_code":"38203","municipality":"宇和島市","total_population":689,"population_65plus":309,"population_75plus":198,"aging_rate_65plus":0.44847605224963716,"aging_rate_75plus":0.28737300435413643,"population_status":"0","population_status_target":null,"population_aggregation_target":null,"age_65plus_missing":false,"age_75plus_missing":false,"age_quality_flag":"ok","data_completeness":"complete"}},{"type":"Feature","geometry":{"type":"Polygon","coordinates":[[[132.5375,33.27916666666667],[132.54375,33.27916666666667],[132.54375,33.28333333333334],[132.5375,33.28333333333334],[132.5375,33.27916666666667]]]},"properties":{"type":"Feature","mesh_id":"493274332","municipality_code":"38203","municipality":"宇和島市","total_population":32,"population_65plus":14,"population_75plus":5,"aging_rate_65plus":0.4375,"aging_rate_75plus":0.15625,"population_status":"0","population_status_target":null,"population_aggregation_target":null,"age_65plus_missing":false,"age_75plus_missing":false,"age_quality_flag":"ok","data_completeness":"complete"}},{"type":"Feature","geometry":{"type":"Polygon","coordinates":[[[132.54375,33.275],[132.54999999999998,33.275],[132.54999999999998,33.27916666666667],[132.54375,33.27916666666667],[132.54375,33.275]]]},"properties":{"type":"Feature","mesh_id":"493274333","municipality_code":"38203","municipality":"宇和島市","total_population":676,"population_65plus":371,"population_75plus":251,"aging_rate_65plus":0.5488165680473372,"aging_rate_75plus":0.371301775147929,"population_status":"0","population_status_target":null,"population_aggregation_target":null,"age_65plus_missing":false,"age_75plus_missing":false,"age_quality_flag":"ok","data_completeness":"complete"}},{"type":"Feature","geometry":{"type":"Polygon","coordinates":[[[132.575,33.27916666666667],[132.58124999999998,33.27916666666667],[132.58124999999998,33.28333333333334],[132.575,33.28333333333334],[132.575,33.27916666666667]]]},"properties":{"type":"Feature","mesh_id":"493274362","municipality_code":"38203","municipality":"宇和島市","total_population":5,"population_65plus":null,"population_75plus":null,"aging_rate_65plus":null,"aging_rate_75plus":null,"population_status":"2","population_status_target":"493274364","population_aggregation_target":null,"age_65plus_missing":true,"age_75plus_missing":true,"age_quality_flag":"ok","data_completeness":"partial"}},{"type":"Feature","geometry":{"type":"Polygon","coordinates":[[[132.58124999999998,33.275],[132.58749999999998,33.275],[132.58749999999998,33.27916666666667],[132.58124999999998,33.27916666666667],[132.58124999999998,33.275]]]},"properties":{"type":"Feature","mesh_id":"493274363","municipality_code":"38203","municipality":"宇和島市","total_population":38,"population_65plus":14,"population_75plus":6,"aging_rate_65plus":0.3684210526315789,"aging_rate_75plus":0.15789473684210525,"population_status":"0","population_status_target":null,"population_aggregation_target":null,"age_65plus_missing":false,"age_75plus_missing":false,"age_quality_flag":"ok","data_completeness":"complete"}},{"type":"Feature","geometry":{"type":"Polygon","coordinates":[[[132.58124999999998,33.27916666666667],[132.58749999999998,33.27916666666667],[132.58749999999998,33.28333333333334],[132.58124999999998,33.28333333333334],[132.58124999999998,33.27916666666667]]]},"properties":{"type":"Feature","mesh_id":"493274364","municipality_code":"38203","municipality":"宇和島市","total_population":76,"population_65plus":19,"population_75plus":9,"aging_rate_65plus":0.25,"aging_rate_75plus":0.11842105263157894,"population_status":"1","population_status_target":null,"population_aggregation_target":"493274362","age_65plus_missing":false,"age_75plus_missing":false,"age_quality_flag":"ok","data_completeness":"complete"}},{"type":"Feature","geometry":{"type":"Polygon","coordinates":[[[132.5875,33.275],[132.59375,33.275],[132.59375,33.27916666666667],[132.5875,33.27916666666667],[132.5875,33.275]]]},"properties":{"type":"Feature","mesh_id":"493274371","municipality_code":"38203","municipality":"宇和島市","total_population":39,"population_65plus":11,"population_75plus":6,"aging_rate_65plus":0.28205128205128205,"aging_rate_75plus":0.15384615384615385,"population_status":"0","population_status_target":null,"population_aggregation_target":null,"age_65plus_missing":false,"age_75plus_missing":false,"age_quality_flag":"ok","data_completeness":"complete"}},{"type":"Feature","geometry":{"type":"Polygon","coordinates":[[[132.59375,33.275],[132.6,33.275],[132.6,33.27916666666667],[132.59375,33.27916666666667],[132.59375,33.275]]]},"properties":{"type":"Feature","mesh_id":"493274373","municipality_code":"38203","municipality":"宇和島市","total_population":13,"population_65plus":2,"population_75plus":1,"aging_rate_65plus":0.15384615384615385,"aging_rate_75plus":0.07692307692307693,"population_status":"0","population_status_target":null,"population_aggregation_target":null,"age_65plus_missing":false,"age_75plus_missing":false,"age_quality_flag":"ok","data_completeness":"complete"}},{"type":"Feature","geometry":{"type":"Polygon","coordinates":[[[132.59375,33.27916666666667],[132.6,33.27916666666667],[132.6,33.28333333333334],[132.59375,33.28333333333334],[132.59375,33.27916666666667]]]},"properties":{"type":"Feature","mesh_id":"493274374","municipality_code":"38203","municipality":"宇和島市","total_population":111,"population_65plus":36,"population_75plus":17,"aging_rate_65plus":0.32432432432432434,"aging_rate_75plus":0.15315315315315314,"population_status":"0","population_status_target":null,"population_aggregation_target":null,"age_65plus_missing":false,"age_75plus_missing":false,"age_quality_flag":"ok","data_completeness":"complete"}},{"type":"Feature","geometry":{"type":"Polygon","coordinates":[[[132.6,33.275],[132.60625,33.275],[132.60625,33.27916666666667],[132.6,33.27916666666667],[132.6,33.275]]]},"properties":{"type":"Feature","mesh_id":"493274381","municipality_code":"38203","municipality":"宇和島市","total_population":105,"population_65plus":41,"population_75plus":20,"aging_rate_65plus":0.3904761904761905,"aging_rate_75plus":0.19047619047619047,"population_status":"1","population_status_target":null,"population_aggregation_target":"493274382","age_65plus_missing":false,"age_75plus_missing":false,"age_quality_flag":"ok","data_completeness":"complete"}},{"type":"Feature","geometry":{"type":"Polygon","coordinates":[[[132.6,33.27916666666667],[132.60625,33.27916666666667],[132.60625,33.28333333333334],[132.6,33.28333333333334],[132.6,33.27916666666667]]]},"properties":{"type":"Feature","mesh_id":"493274382","municipality_code":"38203","municipality":"宇和島市","total_population":2,"population_65plus":null,"population_75plus":null,"aging_rate_65plus":null,"aging_rate_75plus":null,"population_status":"2","population_status_target":"493274381","population_aggregation_target":null,"age_65plus_missing":true,"age_75plus_missing":true,"age_quality_flag":"ok","data_completeness":"partial"}},{"type":"Feature","geometry":{"type":"Polygon","coordinates":[[[132.60625,33.275],[132.61249999999998,33.275],[132.61249999999998,33.27916666666667],[132.60625,33.27916666666667],[132.60625,33.275]]]},"properties":{"type":"Feature","mesh_id":"493274383","municipality_code":"38203","municipality":"宇和島市","total_population":138,"population_65plus":72,"population_75plus":43,"aging_rate_65plus":0.5217391304347826,"aging_rate_75plus":0.3115942028985507,"population_status":"0","population_status_target":null,"population_aggregation_target":null,"age_65plus_missing":false,"age_75plus_missing":false,"age_quality_flag":"ok","data_completeness":"complete"}},{"type":"Feature","geometry":{"type":"Polygon","coordinates":[[[132.60625,33.27916666666667],[132.61249999999998,33.27916666666667],[132.61249999999998,33.28333333333334],[132.60625,33.28333333333334],[132.60625,33.27916666666667]]]},"properties":{"type":"Feature","mesh_id":"493274384","municipality_code":"38203","municipality":"宇和島市","total_population":49,"population_65plus":24,"population_75plus":13,"aging_rate_65plus":0.4897959183673469,"aging_rate_75plus":0.2653061224489796,"population_status":"0","population_status_target":null,"population_aggregation_target":null,"age_65plus_missing":false,"age_75plus_missing":false,"age_quality_flag":"ok","data_completeness":"complete"}},{"type":"Feature","geometry":{"type":"Polygon","coordinates":[[[132.6125,33.275],[132.61875,33.275],[132.61875,33.27916666666667],[132.6125,33.27916666666667],[132.6125,33.275]]]},"properties":{"type":"Feature","mesh_id":"493274391","municipality_code":"38203","municipality":"宇和島市","total_population":16,"population_65plus":7,"population_75plus":3,"aging_rate_65plus":0.4375,"aging_rate_75plus":0.1875,"population_status":"0","population_status_target":null,"population_aggregation_target":null,"age_65plus_missing":false,"age_75plus_missing":false,"age_quality_flag":"ok","data_completeness":"complete"}},{"type":"Feature","geometry":{"type":"Polygon","coordinates":[[[132.6125,33.27916666666667],[132.61875,33.27916666666667],[132.61875,33.28333333333334],[132.6125,33.28333333333334],[132.6125,33.27916666666667]]]},"properties":{"type":"Feature","mesh_id":"493274392","municipality_code":"38203","municipality":"宇和島市","total_population":20,"population_65plus":16,"population_75plus":9,"aging_rate_65plus":0.8,"aging_rate_75plus":0.45,"population_status":"1","population_status_target":null,"population_aggregation_target":"493274294","age_65plus_missing":false,"age_75plus_missing":false,"age_quality_flag":"ok","data_completeness":"complete"}},{"type":"Feature","geometry":{"type":"Polygon","coordinates":[[[132.61875,33.27916666666667],[132.625,33.27916666666667],[132.625,33.28333333333334],[132.61875,33.28333333333334],[132.61875,33.27916666666667]]]},"properties":{"type":"Feature","mesh_id":"493274394","municipality_code":"38203","municipality":"宇和島市","total_population":5,"population_65plus":null,"population_75plus":null,"aging_rate_65plus":null,"aging_rate_75plus":null,"population_status":"2","population_status_target":"493274393","population_aggregation_target":null,"age_65plus_missing":true,"age_75plus_missing":true,"age_quality_flag":"ok","data_completeness":"partial"}},{"type":"Feature","geometry":{"type":"Polygon","coordinates":[[[132.5,33.28333333333333],[132.50625,33.28333333333333],[132.50625,33.2875],[132.5,33.2875],[132.5,33.28333333333333]]]},"properties":{"type":"Feature","mesh_id":"493274401","municipality_code":"38203","municipality":"宇和島市","total_population":63,"population_65plus":29,"population_75plus":17,"aging_rate_65plus":0.4603174603174603,"aging_rate_75plus":0.2698412698412698,"population_status":"0","population_status_target":null,"population_aggregation_target":null,"age_65plus_missing":false,"age_75plus_missing":false,"age_quality_flag":"ok","data_completeness":"complete"}},{"type":"Feature","geometry":{"type":"Polygon","coordinates":[[[132.5,33.2875],[132.50625,33.2875],[132.50625,33.29166666666667],[132.5,33.29166666666667],[132.5,33.2875]]]},"properties":{"type":"Feature","mesh_id":"493274402","municipality_code":"38203","municipality":"宇和島市","total_population":16,"population_65plus":6,"population_75plus":1,"aging_rate_65plus":0.375,"aging_rate_75plus":0.0625,"population_status":"0","population_status_target":null,"population_aggregation_target":null,"age_65plus_missing":false,"age_75plus_missing":false,"age_quality_flag":"ok","data_completeness":"complete"}},{"type":"Feature","geometry":{"type":"Polygon","coordinates":[[[132.50625,33.28333333333333],[132.5125,33.28333333333333],[132.5125,33.2875],[132.50625,33.2875],[132.50625,33.28333333333333]]]},"properties":{"type":"Feature","mesh_id":"493274403","municipality_code":"38203","municipality":"宇和島市","total_population":82,"population_65plus":39,"population_75plus":25,"aging_rate_65plus":0.47560975609756095,"aging_rate_75plus":0.3048780487804878,"population_status":"0","population_status_target":null,"population_aggregation_target":null,"age_65plus_missing":false,"age_75plus_missing":false,"age_quality_flag":"ok","data_completeness":"complete"}},{"type":"Feature","geometry":{"type":"Polygon","coordinates":[[[132.50625,33.2875],[132.5125,33.2875],[132.5125,33.29166666666667],[132.50625,33.29166666666667],[132.50625,33.2875]]]},"properties":{"type":"Feature","mesh_id":"493274404","municipality_code":"38203","municipality":"宇和島市","total_population":79,"population_65plus":34,"population_75plus":19,"aging_rate_65plus":0.43037974683544306,"aging_rate_75plus":0.24050632911392406,"population_status":"0","population_status_target":null,"population_aggregation_target":null,"age_65plus_missing":false,"age_75plus_missing":false,"age_quality_flag":"ok","data_completeness":"complete"}},{"type":"Feature","geometry":{"type":"Polygon","coordinates":[[[132.51874999999998,33.28333333333333],[132.52499999999998,33.28333333333333],[132.52499999999998,33.2875],[132.51874999999998,33.2875],[132.51874999999998,33.28333333333333]]]},"properties":{"type":"Feature","mesh_id":"493274413","municipality_code":"38203","municipality":"宇和島市","total_population":47,"population_65plus":20,"population_75plus":9,"aging_rate_65plus":0.425531914893617,"aging_rate_75plus":0.19148936170212766,"population_status":"0","population_status_target":null,"population_aggregation_target":null,"age_65plus_missing":false,"age_75plus_missing":false,"age_quality_flag":"ok","data_completeness":"complete"}},{"type":"Feature","geometry":{"type":"Polygon","coordinates":[[[132.51874999999998,33.2875],[132.52499999999998,33.2875],[132.52499999999998,33.29166666666667],[132.51874999999998,33.29166666666667],[132.51874999999998,33.2875]]]},"properties":{"type":"Feature","mesh_id":"493274414","municipality_code":"38203","municipality":"宇和島市","total_population":86,"population_65plus":37,"population_75plus":20,"aging_rate_65plus":0.43023255813953487,"aging_rate_75plus":0.23255813953488372,"population_status":"0","population_status_target":null,"population_aggregation_target":null,"age_65plus_missing":false,"age_75plus_missing":false,"age_quality_flag":"ok","data_completeness":"complete"}},{"type":"Feature","geometry":{"type":"Polygon","coordinates":[[[132.525,33.2875],[132.53125,33.2875],[132.53125,33.29166666666667],[132.525,33.29166666666667],[132.525,33.2875]]]},"properties":{"type":"Feature","mesh_id":"493274422","municipality_code":"38203","municipality":"宇和島市","total_population":314,"population_65plus":105,"population_75plus":54,"aging_rate_65plus":0.3343949044585987,"aging_rate_75plus":0.17197452229299362,"population_status":"0","population_status_target":null,"population_aggregation_target":null,"age_65plus_missing":false,"age_75plus_missing":false,"age_quality_flag":"ok","data_completeness":"complete"}},{"type":"Feature","geometry":{"type":"Polygon","coordinates":[[[132.53125,33.28333333333333],[132.5375,33.28333333333333],[132.5375,33.2875],[132.53125,33.2875],[132.53125,33.28333333333333]]]},"properties":{"type":"Feature","mesh_id":"493274423","municipality_code":"38203","municipality":"宇和島市","total_population":80,"population_65plus":30,"population_75plus":17,"aging_rate_65plus":0.375,"aging_rate_75plus":0.2125,"population_status":"0","population_status_target":null,"population_aggregation_target":null,"age_65plus_missing":false,"age_75plus_missing":false,"age_quality_flag":"ok","data_completeness":"complete"}},{"type":"Feature","geometry":{"type":"Polygon","coordinates":[[[132.53125,33.2875],[132.5375,33.2875],[132.5375,33.29166666666667],[132.53125,33.29166666666667],[132.53125,33.2875]]]},"properties":{"type":"Feature","mesh_id":"493274424","municipality_code":"38203","municipality":"宇和島市","total_population":124,"population_65plus":53,"population_75plus":27,"aging_rate_65plus":0.4274193548387097,"aging_rate_75plus":0.21774193548387097,"population_status":"0","population_status_target":null,"population_aggregation_target":null,"age_65plus_missing":false,"age_75plus_missing":false,"age_quality_flag":"ok","data_completeness":"complete"}},{"type":"Feature","geometry":{"type":"Polygon","coordinates":[[[132.5375,33.28333333333333],[132.54375,33.28333333333333],[132.54375,33.2875],[132.5375,33.2875],[132.5375,33.28333333333333]]]},"properties":{"type":"Feature","mesh_id":"493274431","municipality_code":"38203","municipality":"宇和島市","total_population":157,"population_65plus":58,"population_75plus":29,"aging_rate_65plus":0.36942675159235666,"aging_rate_75plus":0.18471337579617833,"population_status":"0","population_status_target":null,"population_aggregation_target":null,"age_65plus_missing":false,"age_75plus_missing":false,"age_quality_flag":"ok","data_completeness":"complete"}},{"type":"Feature","geometry":{"type":"Polygon","coordinates":[[[132.54375,33.28333333333333],[132.54999999999998,33.28333333333333],[132.54999999999998,33.2875],[132.54375,33.2875],[132.54375,33.28333333333333]]]},"properties":{"type":"Feature","mesh_id":"493274433","municipality_code":"38203","municipality":"宇和島市","total_population":208,"population_65plus":93,"population_75plus":52,"aging_rate_65plus":0.44711538461538464,"aging_rate_75plus":0.25,"population_status":"0","population_status_target":null,"population_aggregation_target":null,"age_65plus_missing":false,"age_75plus_missing":false,"age_quality_flag":"ok","data_completeness":"complete"}},{"type":"Feature","geometry":{"type":"Polygon","coordinates":[[[132.54375,33.2875],[132.54999999999998,33.2875],[132.54999999999998,33.29166666666667],[132.54375,33.29166666666667],[132.54375,33.2875]]]},"properties":{"type":"Feature","mesh_id":"493274434","municipality_code":"38203","municipality":"宇和島市","total_population":45,"population_65plus":22,"population_75plus":11,"aging_rate_65plus":0.4888888888888889,"aging_rate_75plus":0.24444444444444444,"population_status":"0","population_status_target":null,"population_aggregation_target":null,"age_65plus_missing":false,"age_75plus_missing":false,"age_quality_flag":"ok","data_completeness":"complete"}},{"type":"Feature","geometry":{"type":"Polygon","coordinates":[[[132.5625,33.2875],[132.56875,33.2875],[132.56875,33.29166666666667],[132.5625,33.29166666666667],[132.5625,33.2875]]]},"properties":{"type":"Feature","mesh_id":"493274452","municipality_code":"38203","municipality":"宇和島市","total_population":2,"population_65plus":null,"population_75plus":null,"aging_rate_65plus":null,"aging_rate_75plus":null,"population_status":"2","population_status_target":"493274454","population_aggregation_target":null,"age_65plus_missing":true,"age_75plus_missing":true,"age_quality_flag":"ok","data_completeness":"partial"}},{"type":"Feature","geometry":{"type":"Polygon","coordinates":[[[132.56875,33.28333333333333],[132.575,33.28333333333333],[132.575,33.2875],[132.56875,33.2875],[132.56875,33.28333333333333]]]},"properties":{"type":"Feature","mesh_id":"493274453","municipality_code":"38203","municipality":"宇和島市","total_population":3,"population_65plus":null,"population_75plus":null,"aging_rate_65plus":null,"aging_rate_75plus":null,"population_status":"2","population_status_target":"493274454","population_aggregation_target":null,"age_65plus_missing":true,"age_75plus_missing":true,"age_quality_flag":"ok","data_completeness":"partial"}},{"type":"Feature","geometry":{"type":"Polygon","coordinates":[[[132.56875,33.2875],[132.575,33.2875],[132.575,33.29166666666667],[132.56875,33.29166666666667],[132.56875,33.2875]]]},"properties":{"type":"Feature","mesh_id":"493274454","municipality_code":"38203","municipality":"宇和島市","total_population":41,"population_65plus":24,"population_75plus":13,"aging_rate_65plus":0.5853658536585366,"aging_rate_75plus":0.3170731707317073,"population_status":"1","population_status_target":null,"population_aggregation_target":"493274452;493274453","age_65plus_missing":false,"age_75plus_missing":false,"age_quality_flag":"ok","data_completeness":"complete"}},{"type":"Feature","geometry":{"type":"Polygon","coordinates":[[[132.575,33.28333333333333],[132.58124999999998,33.28333333333333],[132.58124999999998,33.2875],[132.575,33.2875],[132.575,33.28333333333333]]]},"properties":{"type":"Feature","mesh_id":"493274461","municipality_code":"38203","municipality":"宇和島市","total_population":42,"population_65plus":18,"population_75plus":8,"aging_rate_65plus":0.42857142857142855,"aging_rate_75plus":0.19047619047619047,"population_status":"1","population_status_target":null,"population_aggregation_target":"493274463","age_65plus_missing":false,"age_75plus_missing":false,"age_quality_flag":"ok","data_completeness":"complete"}},{"type":"Feature","geometry":{"type":"Polygon","coordinates":[[[132.575,33.2875],[132.58124999999998,33.2875],[132.58124999999998,33.29166666666667],[132.575,33.29166666666667],[132.575,33.2875]]]},"properties":{"type":"Feature","mesh_id":"493274462","municipality_code":"38203","municipality":"宇和島市","total_population":43,"population_65plus":19,"population_75plus":8,"aging_rate_65plus":0.4418604651162791,"aging_rate_75plus":0.18604651162790697,"population_status":"0","population_status_target":null,"population_aggregation_target":null,"age_65plus_missing":false,"age_75plus_missing":false,"age_quality_flag":"ok","data_completeness":"complete"}},{"type":"Feature","geometry":{"type":"Polygon","coordinates":[[[132.58124999999998,33.28333333333333],[132.58749999999998,33.28333333333333],[132.58749999999998,33.2875],[132.58124999999998,33.2875],[132.58124999999998,33.28333333333333]]]},"properties":{"type":"Feature","mesh_id":"493274463","municipality_code":"38203","municipality":"宇和島市","total_population":3,"population_65plus":null,"population_75plus":null,"aging_rate_65plus":null,"aging_rate_75plus":null,"population_status":"2","population_status_target":"493274461","population_aggregation_target":null,"age_65plus_missing":true,"age_75plus_missing":true,"age_quality_flag":"ok","data_completeness":"partial"}},{"type":"Feature","geometry":{"type":"Polygon","coordinates":[[[132.58124999999998,33.2875],[132.58749999999998,33.2875],[132.58749999999998,33.29166666666667],[132.58124999999998,33.29166666666667],[132.58124999999998,33.2875]]]},"properties":{"type":"Feature","mesh_id":"493274464","municipality_code":"38203","municipality":"宇和島市","total_population":73,"population_65plus":22,"population_75plus":15,"aging_rate_65plus":0.3013698630136986,"aging_rate_75plus":0.2054794520547945,"population_status":"0","population_status_target":null,"population_aggregation_target":null,"age_65plus_missing":false,"age_75plus_missing":false,"age_quality_flag":"ok","data_completeness":"complete"}},{"type":"Feature","geometry":{"type":"Polygon","coordinates":[[[132.5875,33.28333333333333],[132.59375,33.28333333333333],[132.59375,33.2875],[132.5875,33.2875],[132.5875,33.28333333333333]]]},"properties":{"type":"Feature","mesh_id":"493274471","municipality_code":"38203","municipality":"宇和島市","total_population":79,"population_65plus":27,"population_75plus":10,"aging_rate_65plus":0.34177215189873417,"aging_rate_75plus":0.12658227848101267,"population_status":"0","population_status_target":null,"population_aggregation_target":null,"age_65plus_missing":false,"age_75plus_missing":false,"age_quality_flag":"ok","data_completeness":"complete"}},{"type":"Feature","geometry":{"type":"Polygon","coordinates":[[[132.5875,33.2875],[132.59375,33.2875],[132.59375,33.29166666666667],[132.5875,33.29166666666667],[132.5875,33.2875]]]},"properties":{"type":"Feature","mesh_id":"493274472","municipality_code":"38203","municipality":"宇和島市","total_population":105,"population_65plus":39,"population_75plus":12,"aging_rate_65plus":0.37142857142857144,"aging_rate_75plus":0.11428571428571428,"population_status":"0","population_status_target":null,"population_aggregation_target":null,"age_65plus_missing":false,"age_75plus_missing":false,"age_quality_flag":"ok","data_completeness":"complete"}},{"type":"Feature","geometry":{"type":"Polygon","coordinates":[[[132.59375,33.28333333333333],[132.6,33.28333333333333],[132.6,33.2875],[132.59375,33.2875],[132.59375,33.28333333333333]]]},"properties":{"type":"Feature","mesh_id":"493274473","municipality_code":"38203","municipality":"宇和島市","total_population":83,"population_65plus":25,"population_75plus":12,"aging_rate_65plus":0.30120481927710846,"aging_rate_75plus":0.14457831325301204,"population_status":"0","population_status_target":null,"population_aggregation_target":null,"age_65plus_missing":false,"age_75plus_missing":false,"age_quality_flag":"ok","data_completeness":"complete"}},{"type":"Feature","geometry":{"type":"Polygon","coordinates":[[[132.59375,33.2875],[132.6,33.2875],[132.6,33.29166666666667],[132.59375,33.29166666666667],[132.59375,33.2875]]]},"properties":{"type":"Feature","mesh_id":"493274474","municipality_code":"38203","municipality":"宇和島市","total_population":173,"population_65plus":61,"population_75plus":25,"aging_rate_65plus":0.35260115606936415,"aging_rate_75plus":0.14450867052023122,"population_status":"0","population_status_target":null,"population_aggregation_target":null,"age_65plus_missing":false,"age_75plus_missing":false,"age_quality_flag":"ok","data_completeness":"complete"}},{"type":"Feature","geometry":{"type":"Polygon","coordinates":[[[132.6,33.28333333333333],[132.60625,33.28333333333333],[132.60625,33.2875],[132.6,33.2875],[132.6,33.28333333333333]]]},"properties":{"type":"Feature","mesh_id":"493274481","municipality_code":"38203","municipality":"宇和島市","total_population":58,"population_65plus":20,"population_75plus":11,"aging_rate_65plus":0.3448275862068966,"aging_rate_75plus":0.1896551724137931,"population_status":"0","population_status_target":null,"population_aggregation_target":null,"age_65plus_missing":false,"age_75plus_missing":false,"age_quality_flag":"ok","data_completeness":"complete"}},{"type":"Feature","geometry":{"type":"Polygon","coordinates":[[[132.6,33.2875],[132.60625,33.2875],[132.60625,33.29166666666667],[132.6,33.29166666666667],[132.6,33.2875]]]},"properties":{"type":"Feature","mesh_id":"493274482","municipality_code":"38203","municipality":"宇和島市","total_population":128,"population_65plus":39,"population_75plus":16,"aging_rate_65plus":0.3046875,"aging_rate_75plus":0.125,"population_status":"0","population_status_target":null,"population_aggregation_target":null,"age_65plus_missing":false,"age_75plus_missing":false,"age_quality_flag":"ok","data_completeness":"complete"}},{"type":"Feature","geometry":{"type":"Polygon","coordinates":[[[132.60625,33.28333333333333],[132.61249999999998,33.28333333333333],[132.61249999999998,33.2875],[132.60625,33.2875],[132.60625,33.28333333333333]]]},"properties":{"type":"Feature","mesh_id":"493274483","municipality_code":"38203","municipality":"宇和島市","total_population":269,"population_65plus":100,"population_75plus":58,"aging_rate_65plus":0.37174721189591076,"aging_rate_75plus":0.21561338289962825,"population_status":"0","population_status_target":null,"population_aggregation_target":null,"age_65plus_missing":false,"age_75plus_missing":false,"age_quality_flag":"ok","data_completeness":"complete"}},{"type":"Feature","geometry":{"type":"Polygon","coordinates":[[[132.60625,33.2875],[132.61249999999998,33.2875],[132.61249999999998,33.29166666666667],[132.60625,33.29166666666667],[132.60625,33.2875]]]},"properties":{"type":"Feature","mesh_id":"493274484","municipality_code":"38203","municipality":"宇和島市","total_population":333,"population_65plus":115,"population_75plus":62,"aging_rate_65plus":0.34534534534534533,"aging_rate_75plus":0.18618618618618618,"population_status":"0","population_status_target":null,"population_aggregation_target":null,"age_65plus_missing":false,"age_75plus_missing":false,"age_quality_flag":"ok","data_completeness":"complete"}},{"type":"Feature","geometry":{"type":"Polygon","coordinates":[[[132.6125,33.28333333333333],[132.61875,33.28333333333333],[132.61875,33.2875],[132.6125,33.2875],[132.6125,33.28333333333333]]]},"properties":{"type":"Feature","mesh_id":"493274491","municipality_code":"38203","municipality":"宇和島市","total_population":98,"population_65plus":49,"population_75plus":27,"aging_rate_65plus":0.5,"aging_rate_75plus":0.2755102040816326,"population_status":"0","population_status_target":null,"population_aggregation_target":null,"age_65plus_missing":false,"age_75plus_missing":false,"age_quality_flag":"ok","data_completeness":"complete"}},{"type":"Feature","geometry":{"type":"Polygon","coordinates":[[[132.6125,33.2875],[132.61875,33.2875],[132.61875,33.29166666666667],[132.6125,33.29166666666667],[132.6125,33.2875]]]},"properties":{"type":"Feature","mesh_id":"493274492","municipality_code":"38203","municipality":"宇和島市","total_population":27,"population_65plus":8,"population_75plus":4,"aging_rate_65plus":0.2962962962962963,"aging_rate_75plus":0.14814814814814814,"population_status":"0","population_status_target":null,"population_aggregation_target":null,"age_65plus_missing":false,"age_75plus_missing":false,"age_quality_flag":"ok","data_completeness":"complete"}},{"type":"Feature","geometry":{"type":"Polygon","coordinates":[[[132.61875,33.28333333333333],[132.625,33.28333333333333],[132.625,33.2875],[132.61875,33.2875],[132.61875,33.28333333333333]]]},"properties":{"type":"Feature","mesh_id":"493274493","municipality_code":"38203","municipality":"宇和島市","total_population":23,"population_65plus":10,"population_75plus":4,"aging_rate_65plus":0.43478260869565216,"aging_rate_75plus":0.17391304347826086,"population_status":"0","population_status_target":null,"population_aggregation_target":null,"age_65plus_missing":false,"age_75plus_missing":false,"age_quality_flag":"ok","data_completeness":"complete"}},{"type":"Feature","geometry":{"type":"Polygon","coordinates":[[[132.61875,33.2875],[132.625,33.2875],[132.625,33.29166666666667],[132.61875,33.29166666666667],[132.61875,33.2875]]]},"properties":{"type":"Feature","mesh_id":"493274494","municipality_code":"38203","municipality":"宇和島市","total_population":54,"population_65plus":23,"population_75plus":7,"aging_rate_65plus":0.42592592592592593,"aging_rate_75plus":0.12962962962962962,"population_status":"0","population_status_target":null,"population_aggregation_target":null,"age_65plus_missing":false,"age_75plus_missing":false,"age_quality_flag":"ok","data_completeness":"complete"}},{"type":"Feature","geometry":{"type":"Polygon","coordinates":[[[132.5,33.295833333333334],[132.50625,33.295833333333334],[132.50625,33.300000000000004],[132.5,33.300000000000004],[132.5,33.295833333333334]]]},"properties":{"type":"Feature","mesh_id":"493274502","municipality_code":"38203","municipality":"宇和島市","total_population":40,"population_65plus":19,"population_75plus":9,"aging_rate_65plus":0.475,"aging_rate_75plus":0.225,"population_status":"1","population_status_target":null,"population_aggregation_target":"493274504","age_65plus_missing":false,"age_75plus_missing":false,"age_quality_flag":"ok","data_completeness":"complete"}},{"type":"Feature","geometry":{"type":"Polygon","coordinates":[[[132.50625,33.291666666666664],[132.5125,33.291666666666664],[132.5125,33.295833333333334],[132.50625,33.295833333333334],[132.50625,33.291666666666664]]]},"properties":{"type":"Feature","mesh_id":"493274503","municipality_code":"38203","municipality":"宇和島市","total_population":60,"population_65plus":33,"population_75plus":26,"aging_rate_65plus":0.55,"aging_rate_75plus":0.43333333333333335,"population_status":"0","population_status_target":null,"population_aggregation_target":null,"age_65plus_missing":false,"age_75plus_missing":false,"age_quality_flag":"ok","data_completeness":"complete"}},{"type":"Feature","geometry":{"type":"Polygon","coordinates":[[[132.50625,33.295833333333334],[132.5125,33.295833333333334],[132.5125,33.300000000000004],[132.50625,33.300000000000004],[132.50625,33.295833333333334]]]},"properties":{"type":"Feature","mesh_id":"493274504","municipality_code":"38203","municipality":"宇和島市","total_population":2,"population_65plus":null,"population_75plus":null,"aging_rate_65plus":null,"aging_rate_75plus":null,"population_status":"2","population_status_target":"493274502","population_aggregation_target":null,"age_65plus_missing":true,"age_75plus_missing":true,"age_quality_flag":"ok","data_completeness":"partial"}},{"type":"Feature","geometry":{"type":"Polygon","coordinates":[[[132.5125,33.291666666666664],[132.51874999999998,33.291666666666664],[132.51874999999998,33.295833333333334],[132.5125,33.295833333333334],[132.5125,33.291666666666664]]]},"properties":{"type":"Feature","mesh_id":"493274511","municipality_code":"38203","municipality":"宇和島市","total_population":41,"population_65plus":20,"population_75plus":14,"aging_rate_65plus":0.4878048780487805,"aging_rate_75plus":0.34146341463414637,"population_status":"0","population_status_target":null,"population_aggregation_target":null,"age_65plus_missing":false,"age_75plus_missing":false,"age_quality_flag":"ok","data_completeness":"complete"}},{"type":"Feature","geometry":{"type":"Polygon","coordinates":[[[132.5125,33.295833333333334],[132.51874999999998,33.295833333333334],[132.51874999999998,33.300000000000004],[132.5125,33.300000000000004],[132.5125,33.295833333333334]]]},"properties":{"type":"Feature","mesh_id":"493274512","municipality_code":"38203","municipality":"宇和島市","total_population":77,"population_65plus":28,"population_75plus":15,"aging_rate_65plus":0.36363636363636365,"aging_rate_75plus":0.19480519480519481,"population_status":"0","population_status_target":null,"population_aggregation_target":null,"age_65plus_missing":false,"age_75plus_missing":false,"age_quality_flag":"ok","data_completeness":"complete"}},{"type":"Feature","geometry":{"type":"Polygon","coordinates":[[[132.525,33.291666666666664],[132.53125,33.291666666666664],[132.53125,33.295833333333334],[132.525,33.295833333333334],[132.525,33.291666666666664]]]},"properties":{"type":"Feature","mesh_id":"493274521","municipality_code":"38203","municipality":"宇和島市","total_population":97,"population_65plus":39,"population_75plus":20,"aging_rate_65plus":0.4020618556701031,"aging_rate_75plus":0.20618556701030927,"population_status":"0","population_status_target":null,"population_aggregation_target":null,"age_65plus_missing":false,"age_75plus_missing":false,"age_quality_flag":"ok","data_completeness":"complete"}},{"type":"Feature","geometry":{"type":"Polygon","coordinates":[[[132.525,33.295833333333334],[132.53125,33.295833333333334],[132.53125,33.300000000000004],[132.525,33.300000000000004],[132.525,33.295833333333334]]]},"properties":{"type":"Feature","mesh_id":"493274522","municipality_code":"38203","municipality":"宇和島市","total_population":34,"population_65plus":20,"population_75plus":11,"aging_rate_65plus":0.5882352941176471,"aging_rate_75plus":0.3235294117647059,"population_status":"0","population_status_target":null,"population_aggregation_target":null,"age_65plus_missing":false,"age_75plus_missing":false,"age_quality_flag":"ok","data_completeness":"complete"}},{"type":"Feature","geometry":{"type":"Polygon","coordinates":[[[132.53125,33.295833333333334],[132.5375,33.295833333333334],[132.5375,33.300000000000004],[132.53125,33.300000000000004],[132.53125,33.295833333333334]]]},"properties":{"type":"Feature","mesh_id":"493274524","municipality_code":"38203","municipality":"宇和島市","total_population":8,"population_65plus":5,"population_75plus":4,"aging_rate_65plus":0.625,"aging_rate_75plus":0.5,"population_status":"0","population_status_target":null,"population_aggregation_target":null,"age_65plus_missing":false,"age_75plus_missing":false,"age_quality_flag":"ok","data_completeness":"complete"}},{"type":"Feature","geometry":{"type":"Polygon","coordinates":[[[132.5375,33.291666666666664],[132.54375,33.291666666666664],[132.54375,33.295833333333334],[132.5375,33.295833333333334],[132.5375,33.291666666666664]]]},"properties":{"type":"Feature","mesh_id":"493274531","municipality_code":"38203","municipality":"宇和島市","total_population":69,"population_65plus":27,"population_75plus":15,"aging_rate_65plus":0.391304347826087,"aging_rate_75plus":0.21739130434782608,"population_status":"0","population_status_target":null,"population_aggregation_target":null,"age_65plus_missing":false,"age_75plus_missing":false,"age_quality_flag":"ok","data_completeness":"complete"}},{"type":"Feature","geometry":{"type":"Polygon","coordinates":[[[132.5375,33.295833333333334],[132.54375,33.295833333333334],[132.54375,33.300000000000004],[132.5375,33.300000000000004],[132.5375,33.295833333333334]]]},"properties":{"type":"Feature","mesh_id":"493274532","municipality_code":"38203","municipality":"宇和島市","total_population":86,"population_65plus":44,"population_75plus":23,"aging_rate_65plus":0.5116279069767442,"aging_rate_75plus":0.26744186046511625,"population_status":"1","population_status_target":null,"population_aggregation_target":"493274534","age_65plus_missing":false,"age_75plus_missing":false,"age_quality_flag":"ok","data_completeness":"complete"}},{"type":"Feature","geometry":{"type":"Polygon","coordinates":[[[132.54375,33.291666666666664],[132.54999999999998,33.291666666666664],[132.54999999999998,33.295833333333334],[132.54375,33.295833333333334],[132.54375,33.291666666666664]]]},"properties":{"type":"Feature","mesh_id":"493274533","municipality_code":"38203","municipality":"宇和島市","total_population":89,"population_65plus":42,"population_75plus":22,"aging_rate_65plus":0.47191011235955055,"aging_rate_75plus":0.24719101123595505,"population_status":"0","population_status_target":null,"population_aggregation_target":null,"age_65plus_missing":false,"age_75plus_missing":false,"age_quality_flag":"ok","data_completeness":"complete"}},{"type":"Feature","geometry":{"type":"Polygon","coordinates":[[[132.54375,33.295833333333334],[132.54999999999998,33.295833333333334],[132.54999999999998,33.300000000000004],[132.54375,33.300000000000004],[132.54375,33.295833333333334]]]},"properties":{"type":"Feature","mesh_id":"493274534","municipality_code":"38203","municipality":"宇和島市","total_population":5,"population_65plus":null,"population_75plus":null,"aging_rate_65plus":null,"aging_rate_75plus":null,"population_status":"2","population_status_target":"493274532","population_aggregation_target":null,"age_65plus_missing":true,"age_75plus_missing":true,"age_quality_flag":"ok","data_completeness":"partial"}},{"type":"Feature","geometry":{"type":"Polygon","coordinates":[[[132.55,33.291666666666664],[132.55625,33.291666666666664],[132.55625,33.295833333333334],[132.55,33.295833333333334],[132.55,33.291666666666664]]]},"properties":{"type":"Feature","mesh_id":"493274541","municipality_code":"38203","municipality":"宇和島市","total_population":30,"population_65plus":12,"population_75plus":8,"aging_rate_65plus":0.4,"aging_rate_75plus":0.26666666666666666,"population_status":"0","population_status_target":null,"population_aggregation_target":null,"age_65plus_missing":false,"age_75plus_missing":false,"age_quality_flag":"ok","data_completeness":"complete"}},{"type":"Feature","geometry":{"type":"Polygon","coordinates":[[[132.55625,33.291666666666664],[132.5625,33.291666666666664],[132.5625,33.295833333333334],[132.55625,33.295833333333334],[132.55625,33.291666666666664]]]},"properties":{"type":"Feature","mesh_id":"493274543","municipality_code":"38203","municipality":"宇和島市","total_population":142,"population_65plus":59,"population_75plus":26,"aging_rate_65plus":0.4154929577464789,"aging_rate_75plus":0.18309859154929578,"population_status":"0","population_status_target":null,"population_aggregation_target":null,"age_65plus_missing":false,"age_75plus_missing":false,"age_quality_flag":"ok","data_completeness":"complete"}},{"type":"Feature","geometry":{"type":"Polygon","coordinates":[[[132.55625,33.295833333333334],[132.5625,33.295833333333334],[132.5625,33.300000000000004],[132.55625,33.300000000000004],[132.55625,33.295833333333334]]]},"properties":{"type":"Feature","mesh_id":"493274544","municipality_code":"38203","municipality":"宇和島市","total_population":27,"population_65plus":17,"population_75plus":9,"aging_rate_65plus":0.6296296296296297,"aging_rate_75plus":0.3333333333333333,"population_status":"0","population_status_target":null,"population_aggregation_target":null,"age_65plus_missing":false,"age_75plus_missing":false,"age_quality_flag":"ok","data_completeness":"complete"}},{"type":"Feature","geometry":{"type":"Polygon","coordinates":[[[132.575,33.291666666666664],[132.58124999999998,33.291666666666664],[132.58124999999998,33.295833333333334],[132.575,33.295833333333334],[132.575,33.291666666666664]]]},"properties":{"type":"Feature","mesh_id":"493274561","municipality_code":"38203","municipality":"宇和島市","total_population":5,"population_65plus":null,"population_75plus":null,"aging_rate_65plus":null,"aging_rate_75plus":null,"population_status":"2","population_status_target":"493274562","population_aggregation_target":null,"age_65plus_missing":true,"age_75plus_missing":true,"age_quality_flag":"ok","data_completeness":"partial"}},{"type":"Feature","geometry":{"type":"Polygon","coordinates":[[[132.575,33.295833333333334],[132.58124999999998,33.295833333333334],[132.58124999999998,33.300000000000004],[132.575,33.300000000000004],[132.575,33.295833333333334]]]},"properties":{"type":"Feature","mesh_id":"493274562","municipality_code":"38203","municipality":"宇和島市","total_population":58,"population_65plus":29,"population_75plus":14,"aging_rate_65plus":0.5,"aging_rate_75plus":0.2413793103448276,"population_status":"1","population_status_target":null,"population_aggregation_target":"493274561","age_65plus_missing":false,"age_75plus_missing":false,"age_quality_flag":"ok","data_completeness":"complete"}},{"type":"Feature","geometry":{"type":"Polygon","coordinates":[[[132.5875,33.291666666666664],[132.59375,33.291666666666664],[132.59375,33.295833333333334],[132.5875,33.295833333333334],[132.5875,33.291666666666664]]]},"properties":{"type":"Feature","mesh_id":"493274571","municipality_code":"38203","municipality":"宇和島市","total_population":21,"population_65plus":11,"population_75plus":6,"aging_rate_65plus":0.5238095238095238,"aging_rate_75plus":0.2857142857142857,"population_status":"0","population_status_target":null,"population_aggregation_target":null,"age_65plus_missing":false,"age_75plus_missing":false,"age_quality_flag":"ok","data_completeness":"complete"}},{"type":"Feature","geometry":{"type":"Polygon","coordinates":[[[132.5875,33.295833333333334],[132.59375,33.295833333333334],[132.59375,33.300000000000004],[132.5875,33.300000000000004],[132.5875,33.295833333333334]]]},"properties":{"type":"Feature","mesh_id":"493274572","municipality_code":"38203","municipality":"宇和島市","total_population":93,"population_65plus":42,"population_75plus":19,"aging_rate_65plus":0.45161290322580644,"aging_rate_75plus":0.20430107526881722,"population_status":"0","population_status_target":null,"population_aggregation_target":null,"age_65plus_missing":false,"age_75plus_missing":false,"age_quality_flag":"ok","data_completeness":"complete"}},{"type":"Feature","geometry":{"type":"Polygon","coordinates":[[[132.59375,33.291666666666664],[132.6,33.291666666666664],[132.6,33.295833333333334],[132.59375,33.295833333333334],[132.59375,33.291666666666664]]]},"properties":{"type":"Feature","mesh_id":"493274573","municipality_code":"38203","municipality":"宇和島市","total_population":18,"population_65plus":8,"population_75plus":2,"aging_rate_65plus":0.4444444444444444,"aging_rate_75plus":0.1111111111111111,"population_status":"0","population_status_target":null,"population_aggregation_target":null,"age_65plus_missing":false,"age_75plus_missing":false,"age_quality_flag":"ok","data_completeness":"complete"}},{"type":"Feature","geometry":{"type":"Polygon","coordinates":[[[132.59375,33.295833333333334],[132.6,33.295833333333334],[132.6,33.300000000000004],[132.59375,33.300000000000004],[132.59375,33.295833333333334]]]},"properties":{"type":"Feature","mesh_id":"493274574","municipality_code":"38203","municipality":"宇和島市","total_population":22,"population_65plus":10,"population_75plus":6,"aging_rate_65plus":0.45454545454545453,"aging_rate_75plus":0.2727272727272727,"population_status":"0","population_status_target":null,"population_aggregation_target":null,"age_65plus_missing":false,"age_75plus_missing":false,"age_quality_flag":"ok","data_completeness":"complete"}},{"type":"Feature","geometry":{"type":"Polygon","coordinates":[[[132.6,33.291666666666664],[132.60625,33.291666666666664],[132.60625,33.295833333333334],[132.6,33.295833333333334],[132.6,33.291666666666664]]]},"properties":{"type":"Feature","mesh_id":"493274581","municipality_code":"38203","municipality":"宇和島市","total_population":190,"population_65plus":79,"population_75plus":54,"aging_rate_65plus":0.41578947368421054,"aging_rate_75plus":0.28421052631578947,"population_status":"0","population_status_target":null,"population_aggregation_target":null,"age_65plus_missing":false,"age_75plus_missing":false,"age_quality_flag":"ok","data_completeness":"complete"}},{"type":"Feature","geometry":{"type":"Polygon","coordinates":[[[132.6,33.295833333333334],[132.60625,33.295833333333334],[132.60625,33.300000000000004],[132.6,33.300000000000004],[132.6,33.295833333333334]]]},"properties":{"type":"Feature","mesh_id":"493274582","municipality_code":"38203","municipality":"宇和島市","total_population":59,"population_65plus":29,"population_75plus":16,"aging_rate_65plus":0.4915254237288136,"aging_rate_75plus":0.2711864406779661,"population_status":"0","population_status_target":null,"population_aggregation_target":null,"age_65plus_missing":false,"age_75plus_missing":false,"age_quality_flag":"ok","data_completeness":"complete"}},{"type":"Feature","geometry":{"type":"Polygon","coordinates":[[[132.60625,33.291666666666664],[132.61249999999998,33.291666666666664],[132.61249999999998,33.295833333333334],[132.60625,33.295833333333334],[132.60625,33.291666666666664]]]},"properties":{"type":"Feature","mesh_id":"493274583","municipality_code":"38203","municipality":"宇和島市","total_population":37,"population_65plus":11,"population_75plus":6,"aging_rate_65plus":0.2972972972972973,"aging_rate_75plus":0.16216216216216217,"population_status":"0","population_status_target":null,"population_aggregation_target":null,"age_65plus_missing":false,"age_75plus_missing":false,"age_quality_flag":"ok","data_completeness":"complete"}},{"type":"Feature","geometry":{"type":"Polygon","coordinates":[[[132.60625,33.295833333333334],[132.61249999999998,33.295833333333334],[132.61249999999998,33.300000000000004],[132.60625,33.300000000000004],[132.60625,33.295833333333334]]]},"properties":{"type":"Feature","mesh_id":"493274584","municipality_code":"38203","municipality":"宇和島市","total_population":55,"population_65plus":54,"population_75plus":49,"aging_rate_65plus":0.9818181818181818,"aging_rate_75plus":0.8909090909090909,"population_status":"0","population_status_target":null,"population_aggregation_target":null,"age_65plus_missing":false,"age_75plus_missing":false,"age_quality_flag":"ok","data_completeness":"complete"}},{"type":"Feature","geometry":{"type":"Polygon","coordinates":[[[132.6125,33.291666666666664],[132.61875,33.291666666666664],[132.61875,33.295833333333334],[132.6125,33.295833333333334],[132.6125,33.291666666666664]]]},"properties":{"type":"Feature","mesh_id":"493274591","municipality_code":"38203","municipality":"宇和島市","total_population":50,"population_65plus":29,"population_75plus":15,"aging_rate_65plus":0.58,"aging_rate_75plus":0.3,"population_status":"1","population_status_target":null,"population_aggregation_target":"493274592","age_65plus_missing":false,"age_75plus_missing":false,"age_quality_flag":"ok","data_completeness":"complete"}},{"type":"Feature","geometry":{"type":"Polygon","coordinates":[[[132.6125,33.295833333333334],[132.61875,33.295833333333334],[132.61875,33.300000000000004],[132.6125,33.300000000000004],[132.6125,33.295833333333334]]]},"properties":{"type":"Feature","mesh_id":"493274592","municipality_code":"38203","municipality":"宇和島市","total_population":6,"population_65plus":null,"population_75plus":null,"aging_rate_65plus":null,"aging_rate_75plus":null,"population_status":"2","population_status_target":"493274591","population_aggregation_target":null,"age_65plus_missing":true,"age_75plus_missing":true,"age_quality_flag":"ok","data_completeness":"partial"}},{"type":"Feature","geometry":{"type":"Polygon","coordinates":[[[132.61875,33.291666666666664],[132.625,33.291666666666664],[132.625,33.295833333333334],[132.61875,33.295833333333334],[132.61875,33.291666666666664]]]},"properties":{"type":"Feature","mesh_id":"493274593","municipality_code":"38203","municipality":"宇和島市","total_population":16,"population_65plus":6,"population_75plus":1,"aging_rate_65plus":0.375,"aging_rate_75plus":0.0625,"population_status":"0","population_status_target":null,"population_aggregation_target":null,"age_65plus_missing":false,"age_75plus_missing":false,"age_quality_flag":"ok","data_completeness":"complete"}},{"type":"Feature","geometry":{"type":"Polygon","coordinates":[[[132.61875,33.295833333333334],[132.625,33.295833333333334],[132.625,33.300000000000004],[132.61875,33.300000000000004],[132.61875,33.295833333333334]]]},"properties":{"type":"Feature","mesh_id":"493274594","municipality_code":"38203","municipality":"宇和島市","total_population":25,"population_65plus":11,"population_75plus":5,"aging_rate_65plus":0.44,"aging_rate_75plus":0.2,"population_status":"0","population_status_target":null,"population_aggregation_target":null,"age_65plus_missing":false,"age_75plus_missing":false,"age_quality_flag":"ok","data_completeness":"complete"}},{"type":"Feature","geometry":{"type":"Polygon","coordinates":[[[132.51874999999998,33.3],[132.52499999999998,33.3],[132.52499999999998,33.30416666666667],[132.51874999999998,33.30416666666667],[132.51874999999998,33.3]]]},"properties":{"type":"Feature","mesh_id":"493274613","municipality_code":"38203","municipality":"宇和島市","total_population":5,"population_65plus":null,"population_75plus":null,"aging_rate_65plus":null,"aging_rate_75plus":null,"population_status":"2","population_status_target":"493274614","population_aggregation_target":null,"age_65plus_missing":true,"age_75plus_missing":true,"age_quality_flag":"ok","data_completeness":"partial"}},{"type":"Feature","geometry":{"type":"Polygon","coordinates":[[[132.525,33.30416666666667],[132.53125,33.30416666666667],[132.53125,33.30833333333334],[132.525,33.30833333333334],[132.525,33.30416666666667]]]},"properties":{"type":"Feature","mesh_id":"493274622","municipality_code":"38203","municipality":"宇和島市","total_population":25,"population_65plus":11,"population_75plus":9,"aging_rate_65plus":0.44,"aging_rate_75plus":0.36,"population_status":"0","population_status_target":null,"population_aggregation_target":null,"age_65plus_missing":false,"age_75plus_missing":false,"age_quality_flag":"ok","data_completeness":"complete"}},{"type":"Feature","geometry":{"type":"Polygon","coordinates":[[[132.53125,33.3],[132.5375,33.3],[132.5375,33.30416666666667],[132.53125,33.30416666666667],[132.53125,33.3]]]},"properties":{"type":"Feature","mesh_id":"493274623","municipality_code":"38203","municipality":"宇和島市","total_population":58,"population_65plus":31,"population_75plus":16,"aging_rate_65plus":0.5344827586206896,"aging_rate_75plus":0.27586206896551724,"population_status":"0","population_status_target":null,"population_aggregation_target":null,"age_65plus_missing":false,"age_75plus_missing":false,"age_quality_flag":"ok","data_completeness":"complete"}},{"type":"Feature","geometry":{"type":"Polygon","coordinates":[[[132.53125,33.30416666666667],[132.5375,33.30416666666667],[132.5375,33.30833333333334],[132.53125,33.30833333333334],[132.53125,33.30416666666667]]]},"properties":{"type":"Feature","mesh_id":"493274624","municipality_code":"38203","municipality":"宇和島市","total_population":28,"population_65plus":18,"population_75plus":8,"aging_rate_65plus":0.6428571428571429,"aging_rate_75plus":0.2857142857142857,"population_status":"0","population_status_target":null,"population_aggregation_target":null,"age_65plus_missing":false,"age_75plus_missing":false,"age_quality_flag":"ok","data_completeness":"complete"}},{"type":"Feature","geometry":{"type":"Polygon","coordinates":[[[132.5375,33.3],[132.54375,33.3],[132.54375,33.30416666666667],[132.5375,33.30416666666667],[132.5375,33.3]]]},"properties":{"type":"Feature","mesh_id":"493274631","municipality_code":"38203","municipality":"宇和島市","total_population":61,"population_65plus":27,"population_75plus":16,"aging_rate_65plus":0.4426229508196721,"aging_rate_75plus":0.26229508196721313,"population_status":"0","population_status_target":null,"population_aggregation_target":null,"age_65plus_missing":false,"age_75plus_missing":false,"age_quality_flag":"ok","data_completeness":"complete"}},{"type":"Feature","geometry":{"type":"Polygon","coordinates":[[[132.54375,33.3],[132.54999999999998,33.3],[132.54999999999998,33.30416666666667],[132.54375,33.30416666666667],[132.54375,33.3]]]},"properties":{"type":"Feature","mesh_id":"493274633","municipality_code":"38203","municipality":"宇和島市","total_population":38,"population_65plus":16,"population_75plus":8,"aging_rate_65plus":0.42105263157894735,"aging_rate_75plus":0.21052631578947367,"population_status":"0","population_status_target":null,"population_aggregation_target":null,"age_65plus_missing":false,"age_75plus_missing":false,"age_quality_flag":"ok","data_completeness":"complete"}},{"type":"Feature","geometry":{"type":"Polygon","coordinates":[[[132.54375,33.30416666666667],[132.54999999999998,33.30416666666667],[132.54999999999998,33.30833333333334],[132.54375,33.30833333333334],[132.54375,33.30416666666667]]]},"properties":{"type":"Feature","mesh_id":"493274634","municipality_code":"38203","municipality":"宇和島市","total_population":18,"population_65plus":10,"population_75plus":3,"aging_rate_65plus":0.5555555555555556,"aging_rate_75plus":0.16666666666666666,"population_status":"0","population_status_target":null,"population_aggregation_target":null,"age_65plus_missing":false,"age_75plus_missing":false,"age_quality_flag":"ok","data_completeness":"complete"}},{"type":"Feature","geometry":{"type":"Polygon","coordinates":[[[132.55,33.3],[132.55625,33.3],[132.55625,33.30416666666667],[132.55,33.30416666666667],[132.55,33.3]]]},"properties":{"type":"Feature","mesh_id":"493274641","municipality_code":"38203","municipality":"宇和島市","total_population":40,"population_65plus":29,"population_75plus":17,"aging_rate_65plus":0.725,"aging_rate_75plus":0.425,"population_status":"1","population_status_target":null,"population_aggregation_target":"493274643","age_65plus_missing":false,"age_75plus_missing":false,"age_quality_flag":"ok","data_completeness":"complete"}},{"type":"Feature","geometry":{"type":"Polygon","coordinates":[[[132.55,33.30416666666667],[132.55625,33.30416666666667],[132.55625,33.30833333333334],[132.55,33.30833333333334],[132.55,33.30416666666667]]]},"properties":{"type":"Feature","mesh_id":"493274642","municipality_code":"38203","municipality":"宇和島市","total_population":39,"population_65plus":20,"population_75plus":12,"aging_rate_65plus":0.5128205128205128,"aging_rate_75plus":0.3076923076923077,"population_status":"0","population_status_target":null,"population_aggregation_target":null,"age_65plus_missing":false,"age_75plus_missing":false,"age_quality_flag":"ok","data_completeness":"complete"}},{"type":"Feature","geometry":{"type":"Polygon","coordinates":[[[132.55625,33.3],[132.5625,33.3],[132.5625,33.30416666666667],[132.55625,33.30416666666667],[132.55625,33.3]]]},"properties":{"type":"Feature","mesh_id":"493274643","municipality_code":"38203","municipality":"宇和島市","total_population":9,"population_65plus":null,"population_75plus":null,"aging_rate_65plus":null,"aging_rate_75plus":null,"population_status":"2","population_status_target":"493274641","population_aggregation_target":null,"age_65plus_missing":true,"age_75plus_missing":true,"age_quality_flag":"ok","data_completeness":"partial"}},{"type":"Feature","geometry":{"type":"Polygon","coordinates":[[[132.55625,33.30416666666667],[132.5625,33.30416666666667],[132.5625,33.30833333333334],[132.55625,33.30833333333334],[132.55625,33.30416666666667]]]},"properties":{"type":"Feature","mesh_id":"493274644","municipality_code":"38203","municipality":"宇和島市","total_population":35,"population_65plus":12,"population_75plus":2,"aging_rate_65plus":0.34285714285714286,"aging_rate_75plus":0.05714285714285714,"population_status":"0","population_status_target":null,"population_aggregation_target":null,"age_65plus_missing":false,"age_75plus_missing":false,"age_quality_flag":"ok","data_completeness":"complete"}},{"type":"Feature","geometry":{"type":"Polygon","coordinates":[[[132.58124999999998,33.30416666666667],[132.58749999999998,33.30416666666667],[132.58749999999998,33.30833333333334],[132.58124999999998,33.30833333333334],[132.58124999999998,33.30416666666667]]]},"properties":{"type":"Feature","mesh_id":"493274664","municipality_code":"38203","municipality":"宇和島市","total_population":73,"population_65plus":30,"population_75plus":15,"aging_rate_65plus":0.410958904109589,"aging_rate_75plus":0.2054794520547945,"population_status":"0","population_status_target":null,"population_aggregation_target":null,"age_65plus_missing":false,"age_75plus_missing":false,"age_quality_flag":"ok","data_completeness":"complete"}},{"type":"Feature","geometry":{"type":"Polygon","coordinates":[[[132.5875,33.3],[132.59375,33.3],[132.59375,33.30416666666667],[132.5875,33.30416666666667],[132.5875,33.3]]]},"properties":{"type":"Feature","mesh_id":"493274671","municipality_code":"38203","municipality":"宇和島市","total_population":48,"population_65plus":34,"population_75plus":23,"aging_rate_65plus":0.7083333333333334,"aging_rate_75plus":0.4791666666666667,"population_status":"0","population_status_target":null,"population_aggregation_target":null,"age_65plus_missing":false,"age_75plus_missing":false,"age_quality_flag":"ok","data_completeness":"complete"}},{"type":"Feature","geometry":{"type":"Polygon","coordinates":[[[132.5875,33.30416666666667],[132.59375,33.30416666666667],[132.59375,33.30833333333334],[132.5875,33.30833333333334],[132.5875,33.30416666666667]]]},"properties":{"type":"Feature","mesh_id":"493274672","municipality_code":"38203","municipality":"宇和島市","total_population":8,"population_65plus":null,"population_75plus":null,"aging_rate_65plus":null,"aging_rate_75plus":null,"population_status":"2","population_status_target":"493274674","population_aggregation_target":null,"age_65plus_missing":true,"age_75plus_missing":true,"age_quality_flag":"ok","data_completeness":"partial"}},{"type":"Feature","geometry":{"type":"Polygon","coordinates":[[[132.59375,33.3],[132.6,33.3],[132.6,33.30416666666667],[132.59375,33.30416666666667],[132.59375,33.3]]]},"properties":{"type":"Feature","mesh_id":"493274673","municipality_code":"38203","municipality":"宇和島市","total_population":52,"population_65plus":24,"population_75plus":10,"aging_rate_65plus":0.46153846153846156,"aging_rate_75plus":0.19230769230769232,"population_status":"0","population_status_target":null,"population_aggregation_target":null,"age_65plus_missing":false,"age_75plus_missing":false,"age_quality_flag":"ok","data_completeness":"complete"}},{"type":"Feature","geometry":{"type":"Polygon","coordinates":[[[132.59375,33.30416666666667],[132.6,33.30416666666667],[132.6,33.30833333333334],[132.59375,33.30833333333334],[132.59375,33.30416666666667]]]},"properties":{"type":"Feature","mesh_id":"493274674","municipality_code":"38203","municipality":"宇和島市","total_population":38,"population_65plus":23,"population_75plus":7,"aging_rate_65plus":0.6052631578947368,"aging_rate_75plus":0.18421052631578946,"population_status":"1","population_status_target":null,"population_aggregation_target":"493274672","age_65plus_missing":false,"age_75plus_missing":false,"age_quality_flag":"ok","data_completeness":"complete"}},{"type":"Feature","geometry":{"type":"Polygon","coordinates":[[[132.6,33.3],[132.60625,33.3],[132.60625,33.30416666666667],[132.6,33.30416666666667],[132.6,33.3]]]},"properties":{"type":"Feature","mesh_id":"493274681","municipality_code":"38203","municipality":"宇和島市","total_population":195,"population_65plus":69,"population_75plus":25,"aging_rate_65plus":0.35384615384615387,"aging_rate_75plus":0.1282051282051282,"population_status":"0","population_status_target":null,"population_aggregation_target":null,"age_65plus_missing":false,"age_75plus_missing":false,"age_quality_flag":"ok","data_completeness":"complete"}},{"type":"Feature","geometry":{"type":"Polygon","coordinates":[[[132.6,33.30416666666667],[132.60625,33.30416666666667],[132.60625,33.30833333333334],[132.6,33.30833333333334],[132.6,33.30416666666667]]]},"properties":{"type":"Feature","mesh_id":"493274682","municipality_code":"38203","municipality":"宇和島市","total_population":15,"population_65plus":9,"population_75plus":4,"aging_rate_65plus":0.6,"aging_rate_75plus":0.26666666666666666,"population_status":"0","population_status_target":null,"population_aggregation_target":null,"age_65plus_missing":false,"age_75plus_missing":false,"age_quality_flag":"ok","data_completeness":"complete"}},{"type":"Feature","geometry":{"type":"Polygon","coordinates":[[[132.60625,33.3],[132.61249999999998,33.3],[132.61249999999998,33.30416666666667],[132.60625,33.30416666666667],[132.60625,33.3]]]},"properties":{"type":"Feature","mesh_id":"493274683","municipality_code":"38203","municipality":"宇和島市","total_population":48,"population_65plus":25,"population_75plus":13,"aging_rate_65plus":0.5208333333333334,"aging_rate_75plus":0.2708333333333333,"population_status":"0","population_status_target":null,"population_aggregation_target":null,"age_65plus_missing":false,"age_75plus_missing":false,"age_quality_flag":"ok","data_completeness":"complete"}},{"type":"Feature","geometry":{"type":"Polygon","coordinates":[[[132.60625,33.30416666666667],[132.61249999999998,33.30416666666667],[132.61249999999998,33.30833333333334],[132.60625,33.30833333333334],[132.60625,33.30416666666667]]]},"properties":{"type":"Feature","mesh_id":"493274684","municipality_code":"38203","municipality":"宇和島市","total_population":21,"population_65plus":8,"population_75plus":3,"aging_rate_65plus":0.38095238095238093,"aging_rate_75plus":0.14285714285714285,"population_status":"0","population_status_target":null,"population_aggregation_target":null,"age_65plus_missing":false,"age_75plus_missing":false,"age_quality_flag":"ok","data_completeness":"complete"}},{"type":"Feature","geometry":{"type":"Polygon","coordinates":[[[132.6125,33.3],[132.61875,33.3],[132.61875,33.30416666666667],[132.6125,33.30416666666667],[132.6125,33.3]]]},"properties":{"type":"Feature","mesh_id":"493274691","municipality_code":"38203","municipality":"宇和島市","total_population":43,"population_65plus":9,"population_75plus":5,"aging_rate_65plus":0.20930232558139536,"aging_rate_75plus":0.11627906976744186,"population_status":"1","population_status_target":null,"population_aggregation_target":"493274694","age_65plus_missing":false,"age_75plus_missing":false,"age_quality_flag":"ok","data_completeness":"complete"}},{"type":"Feature","geometry":{"type":"Polygon","coordinates":[[[132.6125,33.30416666666667],[132.61875,33.30416666666667],[132.61875,33.30833333333334],[132.6125,33.30833333333334],[132.6125,33.30416666666667]]]},"properties":{"type":"Feature","mesh_id":"493274692","municipality_code":"38203","municipality":"宇和島市","total_population":75,"population_65plus":41,"population_75plus":26,"aging_rate_65plus":0.5466666666666666,"aging_rate_75plus":0.3466666666666667,"population_status":"0","population_status_target":null,"population_aggregation_target":null,"age_65plus_missing":false,"age_75plus_missing":false,"age_quality_flag":"ok","data_completeness":"complete"}},{"type":"Feature","geometry":{"type":"Polygon","coordinates":[[[132.61875,33.3],[132.625,33.3],[132.625,33.30416666666667],[132.61875,33.30416666666667],[132.61875,33.3]]]},"properties":{"type":"Feature","mesh_id":"493274693","municipality_code":"38203","municipality":"宇和島市","total_population":47,"population_65plus":17,"population_75plus":8,"aging_rate_65plus":0.3617021276595745,"aging_rate_75plus":0.1702127659574468,"population_status":"0","population_status_target":null,"population_aggregation_target":null,"age_65plus_missing":false,"age_75plus_missing":false,"age_quality_flag":"ok","data_completeness":"complete"}},{"type":"Feature","geometry":{"type":"Polygon","coordinates":[[[132.61875,33.30416666666667],[132.625,33.30416666666667],[132.625,33.30833333333334],[132.61875,33.30833333333334],[132.61875,33.30416666666667]]]},"properties":{"type":"Feature","mesh_id":"493274694","municipality_code":"38203","municipality":"宇和島市","total_population":4,"population_65plus":null,"population_75plus":null,"aging_rate_65plus":null,"aging_rate_75plus":null,"population_status":"2","population_status_target":"493274691","population_aggregation_target":null,"age_65plus_missing":true,"age_75plus_missing":true,"age_quality_flag":"ok","data_completeness":"partial"}},{"type":"Feature","geometry":{"type":"Polygon","coordinates":[[[132.525,33.30833333333333],[132.53125,33.30833333333333],[132.53125,33.3125],[132.525,33.3125],[132.525,33.30833333333333]]]},"properties":{"type":"Feature","mesh_id":"493274721","municipality_code":"38203","municipality":"宇和島市","total_population":222,"population_65plus":73,"population_75plus":37,"aging_rate_65plus":0.32882882882882886,"aging_rate_75plus":0.16666666666666666,"population_status":"0","population_status_target":null,"population_aggregation_target":null,"age_65plus_missing":false,"age_75plus_missing":false,"age_quality_flag":"ok","data_completeness":"complete"}},{"type":"Feature","geometry":{"type":"Polygon","coordinates":[[[132.525,33.3125],[132.53125,33.3125],[132.53125,33.31666666666667],[132.525,33.31666666666667],[132.525,33.3125]]]},"properties":{"type":"Feature","mesh_id":"493274722","municipality_code":"38203","municipality":"宇和島市","total_population":64,"population_65plus":33,"population_75plus":17,"aging_rate_65plus":0.515625,"aging_rate_75plus":0.265625,"population_status":"0","population_status_target":null,"population_aggregation_target":null,"age_65plus_missing":false,"age_75plus_missing":false,"age_quality_flag":"ok","data_completeness":"complete"}},{"type":"Feature","geometry":{"type":"Polygon","coordinates":[[[132.53125,33.30833333333333],[132.5375,33.30833333333333],[132.5375,33.3125],[132.53125,33.3125],[132.53125,33.30833333333333]]]},"properties":{"type":"Feature","mesh_id":"493274723","municipality_code":"38203","municipality":"宇和島市","total_population":59,"population_65plus":50,"population_75plus":44,"aging_rate_65plus":0.847457627118644,"aging_rate_75plus":0.7457627118644068,"population_status":"0","population_status_target":null,"population_aggregation_target":null,"age_65plus_missing":false,"age_75plus_missing":false,"age_quality_flag":"ok","data_completeness":"complete"}},{"type":"Feature","geometry":{"type":"Polygon","coordinates":[[[132.53125,33.3125],[132.5375,33.3125],[132.5375,33.31666666666667],[132.53125,33.31666666666667],[132.53125,33.3125]]]},"properties":{"type":"Feature","mesh_id":"493274724","municipality_code":"38203","municipality":"宇和島市","total_population":48,"population_65plus":16,"population_75plus":6,"aging_rate_65plus":0.3333333333333333,"aging_rate_75plus":0.125,"population_status":"0","population_status_target":null,"population_aggregation_target":null,"age_65plus_missing":false,"age_75plus_missing":false,"age_quality_flag":"ok","data_completeness":"complete"}},{"type":"Feature","geometry":{"type":"Polygon","coordinates":[[[132.5375,33.30833333333333],[132.54375,33.30833333333333],[132.54375,33.3125],[132.5375,33.3125],[132.5375,33.30833333333333]]]},"properties":{"type":"Feature","mesh_id":"493274731","municipality_code":"38203","municipality":"宇和島市","total_population":8,"population_65plus":null,"population_75plus":null,"aging_rate_65plus":null,"aging_rate_75plus":null,"population_status":"2","population_status_target":"493274732","population_aggregation_target":null,"age_65plus_missing":true,"age_75plus_missing":true,"age_quality_flag":"ok","data_completeness":"partial"}},{"type":"Feature","geometry":{"type":"Polygon","coordinates":[[[132.5375,33.3125],[132.54375,33.3125],[132.54375,33.31666666666667],[132.5375,33.31666666666667],[132.5375,33.3125]]]},"properties":{"type":"Feature","mesh_id":"493274732","municipality_code":"38203","municipality":"宇和島市","total_population":8,"population_65plus":4,"population_75plus":2,"aging_rate_65plus":0.5,"aging_rate_75plus":0.25,"population_status":"1","population_status_target":null,"population_aggregation_target":"493274731","age_65plus_missing":false,"age_75plus_missing":false,"age_quality_flag":"ok","data_completeness":"complete"}},{"type":"Feature","geometry":{"type":"Polygon","coordinates":[[[132.55,33.3125],[132.55625,33.3125],[132.55625,33.31666666666667],[132.55,33.31666666666667],[132.55,33.3125]]]},"properties":{"type":"Feature","mesh_id":"493274742","municipality_code":"38203","municipality":"宇和島市","total_population":30,"population_65plus":21,"population_75plus":9,"aging_rate_65plus":0.7,"aging_rate_75plus":0.3,"population_status":"0","population_status_target":null,"population_aggregation_target":null,"age_65plus_missing":false,"age_75plus_missing":false,"age_quality_flag":"ok","data_completeness":"complete"}},{"type":"Feature","geometry":{"type":"Polygon","coordinates":[[[132.5625,33.30833333333333],[132.56875,33.30833333333333],[132.56875,33.3125],[132.5625,33.3125],[132.5625,33.30833333333333]]]},"properties":{"type":"Feature","mesh_id":"493274751","municipality_code":"38203","municipality":"宇和島市","total_population":21,"population_65plus":9,"population_75plus":6,"aging_rate_65plus":0.42857142857142855,"aging_rate_75plus":0.2857142857142857,"population_status":"0","population_status_target":null,"population_aggregation_target":null,"age_65plus_missing":false,"age_75plus_missing":false,"age_quality_flag":"ok","data_completeness":"complete"}},{"type":"Feature","geometry":{"type":"Polygon","coordinates":[[[132.56875,33.30833333333333],[132.575,33.30833333333333],[132.575,33.3125],[132.56875,33.3125],[132.56875,33.30833333333333]]]},"properties":{"type":"Feature","mesh_id":"493274753","municipality_code":"38203","municipality":"宇和島市","total_population":18,"population_65plus":15,"population_75plus":7,"aging_rate_65plus":0.8333333333333334,"aging_rate_75plus":0.3888888888888889,"population_status":"0","population_status_target":null,"population_aggregation_target":null,"age_65plus_missing":false,"age_75plus_missing":false,"age_quality_flag":"ok","data_completeness":"complete"}},{"type":"Feature","geometry":{"type":"Polygon","coordinates":[[[132.575,33.30833333333333],[132.58124999999998,33.30833333333333],[132.58124999999998,33.3125],[132.575,33.3125],[132.575,33.30833333333333]]]},"properties":{"type":"Feature","mesh_id":"493274761","municipality_code":"38203","municipality":"宇和島市","total_population":63,"population_65plus":32,"population_75plus":15,"aging_rate_65plus":0.5079365079365079,"aging_rate_75plus":0.23809523809523808,"population_status":"0","population_status_target":null,"population_aggregation_target":null,"age_65plus_missing":false,"age_75plus_missing":false,"age_quality_flag":"ok","data_completeness":"complete"}},{"type":"Feature","geometry":{"type":"Polygon","coordinates":[[[132.575,33.3125],[132.58124999999998,33.3125],[132.58124999999998,33.31666666666667],[132.575,33.31666666666667],[132.575,33.3125]]]},"properties":{"type":"Feature","mesh_id":"493274762","municipality_code":"38203","municipality":"宇和島市","total_population":20,"population_65plus":8,"population_75plus":5,"aging_rate_65plus":0.4,"aging_rate_75plus":0.25,"population_status":"0","population_status_target":null,"population_aggregation_target":null,"age_65plus_missing":false,"age_75plus_missing":false,"age_quality_flag":"ok","data_completeness":"complete"}},{"type":"Feature","geometry":{"type":"Polygon","coordinates":[[[132.58124999999998,33.30833333333333],[132.58749999999998,33.30833333333333],[132.58749999999998,33.3125],[132.58124999999998,33.3125],[132.58124999999998,33.30833333333333]]]},"properties":{"type":"Feature","mesh_id":"493274763","municipality_code":"38203","municipality":"宇和島市","total_population":32,"population_65plus":16,"population_75plus":7,"aging_rate_65plus":0.5,"aging_rate_75plus":0.21875,"population_status":"0","population_status_target":null,"population_aggregation_target":null,"age_65plus_missing":false,"age_75plus_missing":false,"age_quality_flag":"ok","data_completeness":"complete"}},{"type":"Feature","geometry":{"type":"Polygon","coordinates":[[[132.5875,33.30833333333333],[132.59375,33.30833333333333],[132.59375,33.3125],[132.5875,33.3125],[132.5875,33.30833333333333]]]},"properties":{"type":"Feature","mesh_id":"493274771","municipality_code":"38203","municipality":"宇和島市","total_population":89,"population_65plus":50,"population_75plus":24,"aging_rate_65plus":0.5617977528089888,"aging_rate_75plus":0.2696629213483146,"population_status":"1","population_status_target":null,"population_aggregation_target":"493274773","age_65plus_missing":false,"age_75plus_missing":false,"age_quality_flag":"ok","data_completeness":"complete"}},{"type":"Feature","geometry":{"type":"Polygon","coordinates":[[[132.5875,33.3125],[132.59375,33.3125],[132.59375,33.31666666666667],[132.5875,33.31666666666667],[132.5875,33.3125]]]},"properties":{"type":"Feature","mesh_id":"493274772","municipality_code":"38203","municipality":"宇和島市","total_population":13,"population_65plus":10,"population_75plus":7,"aging_rate_65plus":0.7692307692307693,"aging_rate_75plus":0.5384615384615384,"population_status":"0","population_status_target":null,"population_aggregation_target":null,"age_65plus_missing":false,"age_75plus_missing":false,"age_quality_flag":"ok","data_completeness":"complete"}},{"type":"Feature","geometry":{"type":"Polygon","coordinates":[[[132.59375,33.30833333333333],[132.6,33.30833333333333],[132.6,33.3125],[132.59375,33.3125],[132.59375,33.30833333333333]]]},"properties":{"type":"Feature","mesh_id":"493274773","municipality_code":"38203","municipality":"宇和島市","total_population":8,"population_65plus":null,"population_75plus":null,"aging_rate_65plus":null,"aging_rate_75plus":null,"population_status":"2","population_status_target":"493274771","population_aggregation_target":null,"age_65plus_missing":true,"age_75plus_missing":true,"age_quality_flag":"ok","data_completeness":"partial"}},{"type":"Feature","geometry":{"type":"Polygon","coordinates":[[[132.6,33.30833333333333],[132.60625,33.30833333333333],[132.60625,33.3125],[132.6,33.3125],[132.6,33.30833333333333]]]},"properties":{"type":"Feature","mesh_id":"493274781","municipality_code":"38203","municipality":"宇和島市","total_population":57,"population_65plus":19,"population_75plus":6,"aging_rate_65plus":0.3333333333333333,"aging_rate_75plus":0.10526315789473684,"population_status":"0","population_status_target":null,"population_aggregation_target":null,"age_65plus_missing":false,"age_75plus_missing":false,"age_quality_flag":"ok","data_completeness":"complete"}},{"type":"Feature","geometry":{"type":"Polygon","coordinates":[[[132.60625,33.30833333333333],[132.61249999999998,33.30833333333333],[132.61249999999998,33.3125],[132.60625,33.3125],[132.60625,33.30833333333333]]]},"properties":{"type":"Feature","mesh_id":"493274783","municipality_code":"38203","municipality":"宇和島市","total_population":67,"population_65plus":39,"population_75plus":19,"aging_rate_65plus":0.582089552238806,"aging_rate_75plus":0.2835820895522388,"population_status":"0","population_status_target":null,"population_aggregation_target":null,"age_65plus_missing":false,"age_75plus_missing":false,"age_quality_flag":"ok","data_completeness":"complete"}},{"type":"Feature","geometry":{"type":"Polygon","coordinates":[[[132.5,33.31666666666667],[132.50625,33.31666666666667],[132.50625,33.32083333333334],[132.5,33.32083333333334],[132.5,33.31666666666667]]]},"properties":{"type":"Feature","mesh_id":"493274801","municipality_code":"38203","municipality":"宇和島市","total_population":81,"population_65plus":29,"population_75plus":14,"aging_rate_65plus":0.35802469135802467,"aging_rate_75plus":0.1728395061728395,"population_status":"0","population_status_target":null,"population_aggregation_target":null,"age_65plus_missing":false,"age_75plus_missing":false,"age_quality_flag":"ok","data_completeness":"complete"}},{"type":"Feature","geometry":{"type":"Polygon","coordinates":[[[132.5,33.32083333333334],[132.50625,33.32083333333334],[132.50625,33.32500000000001],[132.5,33.32500000000001],[132.5,33.32083333333334]]]},"properties":{"type":"Feature","mesh_id":"493274802","municipality_code":"38203","municipality":"宇和島市","total_population":25,"population_65plus":12,"population_75plus":6,"aging_rate_65plus":0.48,"aging_rate_75plus":0.24,"population_status":"0","population_status_target":null,"population_aggregation_target":null,"age_65plus_missing":false,"age_75plus_missing":false,"age_quality_flag":"ok","data_completeness":"complete"}},{"type":"Feature","geometry":{"type":"Polygon","coordinates":[[[132.5125,33.31666666666667],[132.51874999999998,33.31666666666667],[132.51874999999998,33.32083333333334],[132.5125,33.32083333333334],[132.5125,33.31666666666667]]]},"properties":{"type":"Feature","mesh_id":"493274811","municipality_code":"38203","municipality":"宇和島市","total_population":297,"population_65plus":128,"population_75plus":64,"aging_rate_65plus":0.43097643097643096,"aging_rate_75plus":0.21548821548821548,"population_status":"0","population_status_target":null,"population_aggregation_target":null,"age_65plus_missing":false,"age_75plus_missing":false,"age_quality_flag":"ok","data_completeness":"complete"}},{"type":"Feature","geometry":{"type":"Polygon","coordinates":[[[132.5125,33.32083333333334],[132.51874999999998,33.32083333333334],[132.51874999999998,33.32500000000001],[132.5125,33.32500000000001],[132.5125,33.32083333333334]]]},"properties":{"type":"Feature","mesh_id":"493274812","municipality_code":"38203","municipality":"宇和島市","total_population":116,"population_65plus":48,"population_75plus":25,"aging_rate_65plus":0.41379310344827586,"aging_rate_75plus":0.21551724137931033,"population_status":"0","population_status_target":null,"population_aggregation_target":null,"age_65plus_missing":false,"age_75plus_missing":false,"age_quality_flag":"ok","data_completeness":"complete"}},{"type":"Feature","geometry":{"type":"Polygon","coordinates":[[[132.51874999999998,33.31666666666667],[132.52499999999998,33.31666666666667],[132.52499999999998,33.32083333333334],[132.51874999999998,33.32083333333334],[132.51874999999998,33.31666666666667]]]},"properties":{"type":"Feature","mesh_id":"493274813","municipality_code":"38203","municipality":"宇和島市","total_population":63,"population_65plus":22,"population_75plus":8,"aging_rate_65plus":0.3492063492063492,"aging_rate_75plus":0.12698412698412698,"population_status":"1","population_status_target":null,"population_aggregation_target":"493274914","age_65plus_missing":false,"age_75plus_missing":false,"age_quality_flag":"ok","data_completeness":"complete"}},{"type":"Feature","geometry":{"type":"Polygon","coordinates":[[[132.575,33.31666666666667],[132.58124999999998,33.31666666666667],[132.58124999999998,33.32083333333334],[132.575,33.32083333333334],[132.575,33.31666666666667]]]},"properties":{"type":"Feature","mesh_id":"493274861","municipality_code":"38203","municipality":"宇和島市","total_population":22,"population_65plus":9,"population_75plus":4,"aging_rate_65plus":0.4090909090909091,"aging_rate_75plus":0.18181818181818182,"population_status":"0","population_status_target":null,"population_aggregation_target":null,"age_65plus_missing":false,"age_75plus_missing":false,"age_quality_flag":"ok","data_completeness":"complete"}},{"type":"Feature","geometry":{"type":"Polygon","coordinates":[[[132.51874999999998,33.32916666666667],[132.52499999999998,33.32916666666667],[132.52499999999998,33.33333333333334],[132.51874999999998,33.33333333333334],[132.51874999999998,33.32916666666667]]]},"properties":{"type":"Feature","mesh_id":"493274914","municipality_code":"38203","municipality":"宇和島市","total_population":2,"population_65plus":null,"population_75plus":null,"aging_rate_65plus":null,"aging_rate_75plus":null,"population_status":"2","population_status_target":"493274813","population_aggregation_target":null,"age_65plus_missing":true,"age_75plus_missing":true,"age_quality_flag":"ok","data_completeness":"partial"}},{"type":"Feature","geometry":{"type":"Polygon","coordinates":[[[132.6375,33.275],[132.64374999999998,33.275],[132.64374999999998,33.27916666666667],[132.6375,33.27916666666667],[132.6375,33.275]]]},"properties":{"type":"Feature","mesh_id":"493275311","municipality_code":"38203","municipality":"宇和島市","total_population":27,"population_65plus":9,"population_75plus":7,"aging_rate_65plus":0.3333333333333333,"aging_rate_75plus":0.25925925925925924,"population_status":"0","population_status_target":null,"population_aggregation_target":null,"age_65plus_missing":false,"age_75plus_missing":false,"age_quality_flag":"ok","data_completeness":"complete"}},{"type":"Feature","geometry":{"type":"Polygon","coordinates":[[[132.6375,33.27916666666667],[132.64374999999998,33.27916666666667],[132.64374999999998,33.28333333333334],[132.6375,33.28333333333334],[132.6375,33.27916666666667]]]},"properties":{"type":"Feature","mesh_id":"493275312","municipality_code":"38203","municipality":"宇和島市","total_population":61,"population_65plus":31,"population_75plus":12,"aging_rate_65plus":0.5081967213114754,"aging_rate_75plus":0.19672131147540983,"population_status":"0","population_status_target":null,"population_aggregation_target":null,"age_65plus_missing":false,"age_75plus_missing":false,"age_quality_flag":"ok","data_completeness":"complete"}},{"type":"Feature","geometry":{"type":"Polygon","coordinates":[[[132.64374999999998,33.275],[132.64999999999998,33.275],[132.64999999999998,33.27916666666667],[132.64374999999998,33.27916666666667],[132.64374999999998,33.275]]]},"properties":{"type":"Feature","mesh_id":"493275313","municipality_code":"38203","municipality":"宇和島市","total_population":35,"population_65plus":15,"population_75plus":7,"aging_rate_65plus":0.42857142857142855,"aging_rate_75plus":0.2,"population_status":"0","population_status_target":null,"population_aggregation_target":null,"age_65plus_missing":false,"age_75plus_missing":false,"age_quality_flag":"ok","data_completeness":"complete"}},{"type":"Feature","geometry":{"type":"Polygon","coordinates":[[[132.64374999999998,33.27916666666667],[132.64999999999998,33.27916666666667],[132.64999999999998,33.28333333333334],[132.64374999999998,33.28333333333334],[132.64374999999998,33.27916666666667]]]},"properties":{"type":"Feature","mesh_id":"493275314","municipality_code":"38203","municipality":"宇和島市","total_population":27,"population_65plus":8,"population_75plus":6,"aging_rate_65plus":0.2962962962962963,"aging_rate_75plus":0.2222222222222222,"population_status":"0","population_status_target":null,"population_aggregation_target":null,"age_65plus_missing":false,"age_75plus_missing":false,"age_quality_flag":"ok","data_completeness":"complete"}},{"type":"Feature","geometry":{"type":"Polygon","coordinates":[[[132.65,33.275],[132.65625,33.275],[132.65625,33.27916666666667],[132.65,33.27916666666667],[132.65,33.275]]]},"properties":{"type":"Feature","mesh_id":"493275321","municipality_code":"38203","municipality":"宇和島市","total_population":24,"population_65plus":6,"population_75plus":4,"aging_rate_65plus":0.25,"aging_rate_75plus":0.16666666666666666,"population_status":"0","population_status_target":null,"population_aggregation_target":null,"age_65plus_missing":false,"age_75plus_missing":false,"age_quality_flag":"ok","data_completeness":"complete"}},{"type":"Feature","geometry":{"type":"Polygon","coordinates":[[[132.65,33.27916666666667],[132.65625,33.27916666666667],[132.65625,33.28333333333334],[132.65,33.28333333333334],[132.65,33.27916666666667]]]},"properties":{"type":"Feature","mesh_id":"493275322","municipality_code":"38203","municipality":"宇和島市","total_population":2,"population_65plus":null,"population_75plus":null,"aging_rate_65plus":null,"aging_rate_75plus":null,"population_status":"2","population_status_target":"493275323","population_aggregation_target":null,"age_65plus_missing":true,"age_75plus_missing":true,"age_quality_flag":"ok","data_completeness":"partial"}},{"type":"Feature","geometry":{"type":"Polygon","coordinates":[[[132.6625,33.27916666666667],[132.66875,33.27916666666667],[132.66875,33.28333333333334],[132.6625,33.28333333333334],[132.6625,33.27916666666667]]]},"properties":{"type":"Feature","mesh_id":"493275332","municipality_code":"38203","municipality":"宇和島市","total_population":21,"population_65plus":12,"population_75plus":6,"aging_rate_65plus":0.5714285714285714,"aging_rate_75plus":0.2857142857142857,"population_status":"0","population_status_target":null,"population_aggregation_target":null,"age_65plus_missing":false,"age_75plus_missing":false,"age_quality_flag":"ok","data_completeness":"complete"}},{"type":"Feature","geometry":{"type":"Polygon","coordinates":[[[132.66875,33.27916666666667],[132.67499999999998,33.27916666666667],[132.67499999999998,33.28333333333334],[132.66875,33.28333333333334],[132.66875,33.27916666666667]]]},"properties":{"type":"Feature","mesh_id":"493275334","municipality_code":"38203","municipality":"宇和島市","total_population":13,"population_65plus":8,"population_75plus":4,"aging_rate_65plus":0.6153846153846154,"aging_rate_75plus":0.3076923076923077,"population_status":"1","population_status_target":null,"population_aggregation_target":"493275331","age_65plus_missing":false,"age_75plus_missing":false,"age_quality_flag":"ok","data_completeness":"complete"}},{"type":"Feature","geometry":{"type":"Polygon","coordinates":[[[132.63125,33.28333333333333],[132.6375,33.28333333333333],[132.6375,33.2875],[132.63125,33.2875],[132.63125,33.28333333333333]]]},"properties":{"type":"Feature","mesh_id":"493275403","municipality_code":"38203","municipality":"宇和島市","total_population":42,"population_65plus":14,"population_75plus":6,"aging_rate_65plus":0.3333333333333333,"aging_rate_75plus":0.14285714285714285,"population_status":"0","population_status_target":null,"population_aggregation_target":null,"age_65plus_missing":false,"age_75plus_missing":false,"age_quality_flag":"ok","data_completeness":"complete"}},{"type":"Feature","geometry":{"type":"Polygon","coordinates":[[[132.63125,33.2875],[132.6375,33.2875],[132.6375,33.29166666666667],[132.63125,33.29166666666667],[132.63125,33.2875]]]},"properties":{"type":"Feature","mesh_id":"493275404","municipality_code":"38203","municipality":"宇和島市","total_population":31,"population_65plus":10,"population_75plus":5,"aging_rate_65plus":0.3225806451612903,"aging_rate_75plus":0.16129032258064516,"population_status":"0","population_status_target":null,"population_aggregation_target":null,"age_65plus_missing":false,"age_75plus_missing":false,"age_quality_flag":"ok","data_completeness":"complete"}},{"type":"Feature","geometry":{"type":"Polygon","coordinates":[[[132.6375,33.28333333333333],[132.64374999999998,33.28333333333333],[132.64374999999998,33.2875],[132.6375,33.2875],[132.6375,33.28333333333333]]]},"properties":{"type":"Feature","mesh_id":"493275411","municipality_code":"38203","municipality":"宇和島市","total_population":40,"population_65plus":22,"population_75plus":8,"aging_rate_65plus":0.55,"aging_rate_75plus":0.2,"population_status":"0","population_status_target":null,"population_aggregation_target":null,"age_65plus_missing":false,"age_75plus_missing":false,"age_quality_flag":"ok","data_completeness":"complete"}},{"type":"Feature","geometry":{"type":"Polygon","coordinates":[[[132.6375,33.2875],[132.64374999999998,33.2875],[132.64374999999998,33.29166666666667],[132.6375,33.29166666666667],[132.6375,33.2875]]]},"properties":{"type":"Feature","mesh_id":"493275412","municipality_code":"38203","municipality":"宇和島市","total_population":122,"population_65plus":60,"population_75plus":26,"aging_rate_65plus":0.4918032786885246,"aging_rate_75plus":0.21311475409836064,"population_status":"1","population_status_target":null,"population_aggregation_target":"493275414","age_65plus_missing":false,"age_75plus_missing":false,"age_quality_flag":"ok","data_completeness":"complete"}},{"type":"Feature","geometry":{"type":"Polygon","coordinates":[[[132.64374999999998,33.28333333333333],[132.64999999999998,33.28333333333333],[132.64999999999998,33.2875],[132.64374999999998,33.2875],[132.64374999999998,33.28333333333333]]]},"properties":{"type":"Feature","mesh_id":"493275413","municipality_code":"38203","municipality":"宇和島市","total_population":104,"population_65plus":48,"population_75plus":32,"aging_rate_65plus":0.46153846153846156,"aging_rate_75plus":0.3076923076923077,"population_status":"1","population_status_target":null,"population_aggregation_target":"493275511","age_65plus_missing":false,"age_75plus_missing":false,"age_quality_flag":"ok","data_completeness":"complete"}},{"type":"Feature","geometry":{"type":"Polygon","coordinates":[[[132.64374999999998,33.2875],[132.64999999999998,33.2875],[132.64999999999998,33.29166666666667],[132.64374999999998,33.29166666666667],[132.64374999999998,33.2875]]]},"properties":{"type":"Feature","mesh_id":"493275414","municipality_code":"38203","municipality":"宇和島市","total_population":9,"population_65plus":null,"population_75plus":null,"aging_rate_65plus":null,"aging_rate_75plus":null,"population_status":"2","population_status_target":"493275412","population_aggregation_target":null,"age_65plus_missing":true,"age_75plus_missing":true,"age_quality_flag":"ok","data_completeness":"partial"}},{"type":"Feature","geometry":{"type":"Polygon","coordinates":[[[132.65625,33.28333333333333],[132.6625,33.28333333333333],[132.6625,33.2875],[132.65625,33.2875],[132.65625,33.28333333333333]]]},"properties":{"type":"Feature","mesh_id":"493275423","municipality_code":"38203","municipality":"宇和島市","total_population":13,"population_65plus":null,"population_75plus":null,"aging_rate_65plus":null,"aging_rate_75plus":null,"population_status":"1","population_status_target":null,"population_aggregation_target":"493275424","age_65plus_missing":true,"age_75plus_missing":true,"age_quality_flag":"inconsistent_with_total","data_completeness":"partial"}},{"type":"Feature","geometry":{"type":"Polygon","coordinates":[[[132.65625,33.2875],[132.6625,33.2875],[132.6625,33.29166666666667],[132.65625,33.29166666666667],[132.65625,33.2875]]]},"properties":{"type":"Feature","mesh_id":"493275424","municipality_code":"38203","municipality":"宇和島市","total_population":17,"population_65plus":null,"population_75plus":null,"aging_rate_65plus":null,"aging_rate_75plus":null,"population_status":"2","population_status_target":"493275423","population_aggregation_target":null,"age_65plus_missing":true,"age_75plus_missing":true,"age_quality_flag":"ok","data_completeness":"partial"}},{"type":"Feature","geometry":{"type":"Polygon","coordinates":[[[132.6625,33.28333333333333],[132.66875,33.28333333333333],[132.66875,33.2875],[132.6625,33.2875],[132.6625,33.28333333333333]]]},"properties":{"type":"Feature","mesh_id":"493275431","municipality_code":"38203","municipality":"宇和島市","total_population":15,"population_65plus":11,"population_75plus":4,"aging_rate_65plus":0.7333333333333333,"aging_rate_75plus":0.26666666666666666,"population_status":"1","population_status_target":null,"population_aggregation_target":"493275432","age_65plus_missing":false,"age_75plus_missing":false,"age_quality_flag":"ok","data_completeness":"complete"}},{"type":"Feature","geometry":{"type":"Polygon","coordinates":[[[132.6625,33.2875],[132.66875,33.2875],[132.66875,33.29166666666667],[132.6625,33.29166666666667],[132.6625,33.2875]]]},"properties":{"type":"Feature","mesh_id":"493275432","municipality_code":"38203","municipality":"宇和島市","total_population":4,"population_65plus":null,"population_75plus":null,"aging_rate_65plus":null,"aging_rate_75plus":null,"population_status":"2","population_status_target":"493275431","population_aggregation_target":null,"age_65plus_missing":true,"age_75plus_missing":true,"age_quality_flag":"ok","data_completeness":"partial"}},{"type":"Feature","geometry":{"type":"Polygon","coordinates":[[[132.66875,33.28333333333333],[132.67499999999998,33.28333333333333],[132.67499999999998,33.2875],[132.66875,33.2875],[132.66875,33.28333333333333]]]},"properties":{"type":"Feature","mesh_id":"493275433","municipality_code":"38203","municipality":"宇和島市","total_population":11,"population_65plus":3,"population_75plus":1,"aging_rate_65plus":0.2727272727272727,"aging_rate_75plus":0.09090909090909091,"population_status":"0","population_status_target":null,"population_aggregation_target":null,"age_65plus_missing":false,"age_75plus_missing":false,"age_quality_flag":"ok","data_completeness":"complete"}},{"type":"Feature","geometry":{"type":"Polygon","coordinates":[[[132.625,33.291666666666664],[132.63125,33.291666666666664],[132.63125,33.295833333333334],[132.625,33.295833333333334],[132.625,33.291666666666664]]]},"properties":{"type":"Feature","mesh_id":"493275501","municipality_code":"38203","municipality":"宇和島市","total_population":188,"population_65plus":73,"population_75plus":32,"aging_rate_65plus":0.3882978723404255,"aging_rate_75plus":0.1702127659574468,"population_status":"0","population_status_target":null,"population_aggregation_target":null,"age_65plus_missing":false,"age_75plus_missing":false,"age_quality_flag":"ok","data_completeness":"complete"}},{"type":"Feature","geometry":{"type":"Polygon","coordinates":[[[132.625,33.295833333333334],[132.63125,33.295833333333334],[132.63125,33.300000000000004],[132.625,33.300000000000004],[132.625,33.295833333333334]]]},"properties":{"type":"Feature","mesh_id":"493275502","municipality_code":"38203","municipality":"宇和島市","total_population":55,"population_65plus":26,"population_75plus":16,"aging_rate_65plus":0.4727272727272727,"aging_rate_75plus":0.2909090909090909,"population_status":"0","population_status_target":null,"population_aggregation_target":null,"age_65plus_missing":false,"age_75plus_missing":false,"age_quality_flag":"ok","data_completeness":"complete"}},{"type":"Feature","geometry":{"type":"Polygon","coordinates":[[[132.63125,33.291666666666664],[132.6375,33.291666666666664],[132.6375,33.295833333333334],[132.63125,33.295833333333334],[132.63125,33.291666666666664]]]},"properties":{"type":"Feature","mesh_id":"493275503","municipality_code":"38203","municipality":"宇和島市","total_population":102,"population_65plus":29,"population_75plus":12,"aging_rate_65plus":0.28431372549019607,"aging_rate_75plus":0.11764705882352941,"population_status":"0","population_status_target":null,"population_aggregation_target":null,"age_65plus_missing":false,"age_75plus_missing":false,"age_quality_flag":"ok","data_completeness":"complete"}},{"type":"Feature","geometry":{"type":"Polygon","coordinates":[[[132.63125,33.295833333333334],[132.6375,33.295833333333334],[132.6375,33.300000000000004],[132.63125,33.300000000000004],[132.63125,33.295833333333334]]]},"properties":{"type":"Feature","mesh_id":"493275504","municipality_code":"38203","municipality":"宇和島市","total_population":43,"population_65plus":14,"population_75plus":8,"aging_rate_65plus":0.32558139534883723,"aging_rate_75plus":0.18604651162790697,"population_status":"0","population_status_target":null,"population_aggregation_target":null,"age_65plus_missing":false,"age_75plus_missing":false,"age_quality_flag":"ok","data_completeness":"complete"}},{"type":"Feature","geometry":{"type":"Polygon","coordinates":[[[132.6375,33.291666666666664],[132.64374999999998,33.291666666666664],[132.64374999999998,33.295833333333334],[132.6375,33.295833333333334],[132.6375,33.291666666666664]]]},"properties":{"type":"Feature","mesh_id":"493275511","municipality_code":"38203","municipality":"宇和島市","total_population":3,"population_65plus":null,"population_75plus":null,"aging_rate_65plus":null,"aging_rate_75plus":null,"population_status":"2","population_status_target":"493275413","population_aggregation_target":null,"age_65plus_missing":true,"age_75plus_missing":true,"age_quality_flag":"ok","data_completeness":"partial"}},{"type":"Feature","geometry":{"type":"Polygon","coordinates":[[[132.65,33.291666666666664],[132.65625,33.291666666666664],[132.65625,33.295833333333334],[132.65,33.295833333333334],[132.65,33.291666666666664]]]},"properties":{"type":"Feature","mesh_id":"493275521","municipality_code":"38203","municipality":"宇和島市","total_population":6,"population_65plus":null,"population_75plus":null,"aging_rate_65plus":null,"aging_rate_75plus":null,"population_status":"2","population_status_target":"493275522","population_aggregation_target":null,"age_65plus_missing":true,"age_75plus_missing":true,"age_quality_flag":"ok","data_completeness":"partial"}},{"type":"Feature","geometry":{"type":"Polygon","coordinates":[[[132.65,33.295833333333334],[132.65625,33.295833333333334],[132.65625,33.300000000000004],[132.65,33.300000000000004],[132.65,33.295833333333334]]]},"properties":{"type":"Feature","mesh_id":"493275522","municipality_code":"38203","municipality":"宇和島市","total_population":50,"population_65plus":29,"population_75plus":7,"aging_rate_65plus":0.58,"aging_rate_75plus":0.14,"population_status":"1","population_status_target":null,"population_aggregation_target":"493275521","age_65plus_missing":false,"age_75plus_missing":false,"age_quality_flag":"ok","data_completeness":"complete"}},{"type":"Feature","geometry":{"type":"Polygon","coordinates":[[[132.65625,33.291666666666664],[132.6625,33.291666666666664],[132.6625,33.295833333333334],[132.65625,33.295833333333334],[132.65625,33.291666666666664]]]},"properties":{"type":"Feature","mesh_id":"493275523","municipality_code":"38203","municipality":"宇和島市","total_population":6,"population_65plus":null,"population_75plus":null,"aging_rate_65plus":null,"aging_rate_75plus":null,"population_status":"2","population_status_target":"493275524","population_aggregation_target":null,"age_65plus_missing":true,"age_75plus_missing":true,"age_quality_flag":"ok","data_completeness":"partial"}},{"type":"Feature","geometry":{"type":"Polygon","coordinates":[[[132.65625,33.295833333333334],[132.6625,33.295833333333334],[132.6625,33.300000000000004],[132.65625,33.300000000000004],[132.65625,33.295833333333334]]]},"properties":{"type":"Feature","mesh_id":"493275524","municipality_code":"38203","municipality":"宇和島市","total_population":21,"population_65plus":13,"population_75plus":8,"aging_rate_65plus":0.6190476190476191,"aging_rate_75plus":0.38095238095238093,"population_status":"1","population_status_target":null,"population_aggregation_target":"493275523","age_65plus_missing":false,"age_75plus_missing":false,"age_quality_flag":"ok","data_completeness":"complete"}},{"type":"Feature","geometry":{"type":"Polygon","coordinates":[[[132.6625,33.291666666666664],[132.66875,33.291666666666664],[132.66875,33.295833333333334],[132.6625,33.295833333333334],[132.6625,33.291666666666664]]]},"properties":{"type":"Feature","mesh_id":"493275531","municipality_code":"38203","municipality":"宇和島市","total_population":18,"population_65plus":5,"population_75plus":2,"aging_rate_65plus":0.2777777777777778,"aging_rate_75plus":0.1111111111111111,"population_status":"0","population_status_target":null,"population_aggregation_target":null,"age_65plus_missing":false,"age_75plus_missing":false,"age_quality_flag":"ok","data_completeness":"complete"}},{"type":"Feature","geometry":{"type":"Polygon","coordinates":[[[132.625,33.3],[132.63125,33.3],[132.63125,33.30416666666667],[132.625,33.30416666666667],[132.625,33.3]]]},"properties":{"type":"Feature","mesh_id":"493275601","municipality_code":"38203","municipality":"宇和島市","total_population":4,"population_65plus":null,"population_75plus":null,"aging_rate_65plus":null,"aging_rate_75plus":null,"population_status":"2","population_status_target":"493275602","population_aggregation_target":null,"age_65plus_missing":true,"age_75plus_missing":true,"age_quality_flag":"ok","data_completeness":"partial"}},{"type":"Feature","geometry":{"type":"Polygon","coordinates":[[[132.625,33.30416666666667],[132.63125,33.30416666666667],[132.63125,33.30833333333334],[132.625,33.30833333333334],[132.625,33.30416666666667]]]},"properties":{"type":"Feature","mesh_id":"493275602","municipality_code":"38203","municipality":"宇和島市","total_population":40,"population_65plus":24,"population_75plus":15,"aging_rate_65plus":0.6,"aging_rate_75plus":0.375,"population_status":"1","population_status_target":null,"population_aggregation_target":"493275601;493275613","age_65plus_missing":false,"age_75plus_missing":false,"age_quality_flag":"ok","data_completeness":"complete"}},{"type":"Feature","geometry":{"type":"Polygon","coordinates":[[[132.64374999999998,33.3],[132.64999999999998,33.3],[132.64999999999998,33.30416666666667],[132.64374999999998,33.30416666666667],[132.64374999999998,33.3]]]},"properties":{"type":"Feature","mesh_id":"493275613","municipality_code":"38203","municipality":"宇和島市","total_population":6,"population_65plus":null,"population_75plus":null,"aging_rate_65plus":null,"aging_rate_75plus":null,"population_status":"2","population_status_target":"493275602","population_aggregation_target":null,"age_65plus_missing":true,"age_75plus_missing":true,"age_quality_flag":"ok","data_completeness":"partial"}},{"type":"Feature","geometry":{"type":"Polygon","coordinates":[[[132.65,33.30416666666667],[132.65625,33.30416666666667],[132.65625,33.30833333333334],[132.65,33.30833333333334],[132.65,33.30416666666667]]]},"properties":{"type":"Feature","mesh_id":"493275622","municipality_code":"38203","municipality":"宇和島市","total_population":2,"population_65plus":null,"population_75plus":null,"aging_rate_65plus":null,"aging_rate_75plus":null,"population_status":"2","population_status_target":"493275624","population_aggregation_target":null,"age_65plus_missing":true,"age_75plus_missing":true,"age_quality_flag":"ok","data_completeness":"partial"}},{"type":"Feature","geometry":{"type":"Polygon","coordinates":[[[132.65625,33.30416666666667],[132.6625,33.30416666666667],[132.6625,33.30833333333334],[132.65625,33.30833333333334],[132.65625,33.30416666666667]]]},"properties":{"type":"Feature","mesh_id":"493275624","municipality_code":"38203","municipality":"宇和島市","total_population":24,"population_65plus":14,"population_75plus":8,"aging_rate_65plus":0.5833333333333334,"aging_rate_75plus":0.3333333333333333,"population_status":"1","population_status_target":null,"population_aggregation_target":"493275622","age_65plus_missing":false,"age_75plus_missing":false,"age_quality_flag":"ok","data_completeness":"complete"}},{"type":"Feature","geometry":{"type":"Polygon","coordinates":[[[132.6625,33.30416666666667],[132.66875,33.30416666666667],[132.66875,33.30833333333334],[132.6625,33.30833333333334],[132.6625,33.30416666666667]]]},"properties":{"type":"Feature","mesh_id":"493275632","municipality_code":"38203","municipality":"宇和島市","total_population":9,"population_65plus":7,"population_75plus":4,"aging_rate_65plus":0.7777777777777778,"aging_rate_75plus":0.4444444444444444,"population_status":"0","population_status_target":null,"population_aggregation_target":null,"age_65plus_missing":false,"age_75plus_missing":false,"age_quality_flag":"ok","data_completeness":"complete"}},{"type":"Feature","geometry":{"type":"Polygon","coordinates":[[[132.625,33.30833333333333],[132.63125,33.30833333333333],[132.63125,33.3125],[132.625,33.3125],[132.625,33.30833333333333]]]},"properties":{"type":"Feature","mesh_id":"493275701","municipality_code":"38203","municipality":"宇和島市","total_population":49,"population_65plus":25,"population_75plus":17,"aging_rate_65plus":0.5102040816326531,"aging_rate_75plus":0.3469387755102041,"population_status":"1","population_status_target":null,"population_aggregation_target":"493275711","age_65plus_missing":false,"age_75plus_missing":false,"age_quality_flag":"ok","data_completeness":"complete"}},{"type":"Feature","geometry":{"type":"Polygon","coordinates":[[[132.63125,33.30833333333333],[132.6375,33.30833333333333],[132.6375,33.3125],[132.63125,33.3125],[132.63125,33.30833333333333]]]},"properties":{"type":"Feature","mesh_id":"493275703","municipality_code":"38203","municipality":"宇和島市","total_population":31,"population_65plus":11,"population_75plus":8,"aging_rate_65plus":0.3548387096774194,"aging_rate_75plus":0.25806451612903225,"population_status":"1","population_status_target":null,"population_aggregation_target":"493275801","age_65plus_missing":false,"age_75plus_missing":false,"age_quality_flag":"ok","data_completeness":"complete"}},{"type":"Feature","geometry":{"type":"Polygon","coordinates":[[[132.6375,33.30833333333333],[132.64374999999998,33.30833333333333],[132.64374999999998,33.3125],[132.6375,33.3125],[132.6375,33.30833333333333]]]},"properties":{"type":"Feature","mesh_id":"493275711","municipality_code":"38203","municipality":"宇和島市","total_population":2,"population_65plus":null,"population_75plus":null,"aging_rate_65plus":null,"aging_rate_75plus":null,"population_status":"2","population_status_target":"493275701","population_aggregation_target":null,"age_65plus_missing":true,"age_75plus_missing":true,"age_quality_flag":"ok","data_completeness":"partial"}},{"type":"Feature","geometry":{"type":"Polygon","coordinates":[[[132.65,33.3125],[132.65625,33.3125],[132.65625,33.31666666666667],[132.65,33.31666666666667],[132.65,33.3125]]]},"properties":{"type":"Feature","mesh_id":"493275722","municipality_code":"38203","municipality":"宇和島市","total_population":15,"population_65plus":null,"population_75plus":null,"aging_rate_65plus":null,"aging_rate_75plus":null,"population_status":"1","population_status_target":null,"population_aggregation_target":"493275724;493275822","age_65plus_missing":true,"age_75plus_missing":true,"age_quality_flag":"inconsistent_with_total","data_completeness":"partial"}},{"type":"Feature","geometry":{"type":"Polygon","coordinates":[[[132.65625,33.3125],[132.6625,33.3125],[132.6625,33.31666666666667],[132.65625,33.31666666666667],[132.65625,33.3125]]]},"properties":{"type":"Feature","mesh_id":"493275724","municipality_code":"38203","municipality":"宇和島市","total_population":4,"population_65plus":null,"population_75plus":null,"aging_rate_65plus":null,"aging_rate_75plus":null,"population_status":"2","population_status_target":"493275722","population_aggregation_target":null,"age_65plus_missing":true,"age_75plus_missing":true,"age_quality_flag":"ok","data_completeness":"partial"}},{"type":"Feature","geometry":{"type":"Polygon","coordinates":[[[132.625,33.31666666666667],[132.63125,33.31666666666667],[132.63125,33.32083333333334],[132.625,33.32083333333334],[132.625,33.31666666666667]]]},"properties":{"type":"Feature","mesh_id":"493275801","municipality_code":"38203","municipality":"宇和島市","total_population":6,"population_65plus":null,"population_75plus":null,"aging_rate_65plus":null,"aging_rate_75plus":null,"population_status":"2","population_status_target":"493275703","population_aggregation_target":null,"age_65plus_missing":true,"age_75plus_missing":true,"age_quality_flag":"ok","data_completeness":"partial"}},{"type":"Feature","geometry":{"type":"Polygon","coordinates":[[[132.65,33.32083333333334],[132.65625,33.32083333333334],[132.65625,33.32500000000001],[132.65,33.32500000000001],[132.65,33.32083333333334]]]},"properties":{"type":"Feature","mesh_id":"493275822","municipality_code":"38203","municipality":"宇和島市","total_population":6,"population_65plus":null,"population_75plus":null,"aging_rate_65plus":null,"aging_rate_75plus":null,"population_status":"2","population_status_target":"493275722","population_aggregation_target":null,"age_65plus_missing":true,"age_75plus_missing":true,"age_quality_flag":"ok","data_completeness":"partial"}}]}