{"type":"FeatureCollection","features":[{"type":"Feature","geometry":{"type":"Polygon","coordinates":[[[132.98125,33.82083333333334],[132.98749999999998,33.82083333333334],[132.98749999999998,33.82500000000001],[132.98125,33.82500000000001],[132.98125,33.82083333333334]]]},"properties":{"type":"Feature","mesh_id":"503257884","municipality_code":"38206","municipality":"西条市","total_population":5,"population_65plus":null,"population_75plus":null,"aging_rate_65plus":null,"aging_rate_75plus":null,"population_status":"2","population_status_target":"503257991","population_aggregation_target":null,"age_65plus_missing":true,"age_75plus_missing":true,"age_quality_flag":"ok","data_completeness":"partial"}},{"type":"Feature","geometry":{"type":"Polygon","coordinates":[[[132.99375,33.81666666666667],[133.0,33.81666666666667],[133.0,33.82083333333334],[132.99375,33.82083333333334],[132.99375,33.81666666666667]]]},"properties":{"type":"Feature","mesh_id":"503257893","municipality_code":"38206","municipality":"西条市","total_population":1,"population_65plus":null,"population_75plus":null,"aging_rate_65plus":null,"aging_rate_75plus":null,"population_status":"2","population_status_target":"503257991","population_aggregation_target":null,"age_65plus_missing":true,"age_75plus_missing":true,"age_quality_flag":"ok","data_completeness":"partial"}},{"type":"Feature","geometry":{"type":"Polygon","coordinates":[[[132.99375,33.82083333333334],[133.0,33.82083333333334],[133.0,33.82500000000001],[132.99375,33.82500000000001],[132.99375,33.82083333333334]]]},"properties":{"type":"Feature","mesh_id":"503257894","municipality_code":"38206","municipality":"西条市","total_population":3,"population_65plus":null,"population_75plus":null,"aging_rate_65plus":null,"aging_rate_75plus":null,"population_status":"2","population_status_target":"503257991","population_aggregation_target":null,"age_65plus_missing":true,"age_75plus_missing":true,"age_quality_flag":"ok","data_completeness":"partial"}},{"type":"Feature","geometry":{"type":"Polygon","coordinates":[[[132.98125,33.825],[132.98749999999998,33.825],[132.98749999999998,33.82916666666667],[132.98125,33.82916666666667],[132.98125,33.825]]]},"properties":{"type":"Feature","mesh_id":"503257983","municipality_code":"38206","municipality":"西条市","total_population":3,"population_65plus":null,"population_75plus":null,"aging_rate_65plus":null,"aging_rate_75plus":null,"population_status":"2","population_status_target":"503257991","population_aggregation_target":null,"age_65plus_missing":true,"age_75plus_missing":true,"age_quality_flag":"ok","data_completeness":"partial"}},{"type":"Feature","geometry":{"type":"Polygon","coordinates":[[[132.9875,33.825],[132.99375,33.825],[132.99375,33.82916666666667],[132.9875,33.82916666666667],[132.9875,33.825]]]},"properties":{"type":"Feature","mesh_id":"503257991","municipality_code":"38206","municipality":"西条市","total_population":7,"population_65plus":null,"population_75plus":null,"aging_rate_65plus":null,"aging_rate_75plus":null,"population_status":"1","population_status_target":null,"population_aggregation_target":"503257881;503257884;503257893;503257894;503257972;503257983","age_65plus_missing":true,"age_75plus_missing":true,"age_quality_flag":"inconsistent_with_total","data_completeness":"partial"}},{"type":"Feature","geometry":{"type":"Polygon","coordinates":[[[132.975,33.837500000000006],[132.98125,33.837500000000006],[132.98125,33.841666666666676],[132.975,33.841666666666676],[132.975,33.837500000000006]]]},"properties":{"type":"Feature","mesh_id":"503267082","municipality_code":"38206","municipality":"西条市","total_population":3,"population_65plus":null,"population_75plus":null,"aging_rate_65plus":null,"aging_rate_75plus":null,"population_status":"2","population_status_target":"503267592","population_aggregation_target":null,"age_65plus_missing":true,"age_75plus_missing":true,"age_quality_flag":"ok","data_completeness":"partial"}},{"type":"Feature","geometry":{"type":"Polygon","coordinates":[[[132.9875,33.833333333333336],[132.99375,33.833333333333336],[132.99375,33.837500000000006],[132.9875,33.837500000000006],[132.9875,33.833333333333336]]]},"properties":{"type":"Feature","mesh_id":"503267091","municipality_code":"38206","municipality":"西条市","total_population":4,"population_65plus":null,"population_75plus":null,"aging_rate_65plus":null,"aging_rate_75plus":null,"population_status":"2","population_status_target":"503267592","population_aggregation_target":null,"age_65plus_missing":true,"age_75plus_missing":true,"age_quality_flag":"ok","data_completeness":"partial"}},{"type":"Feature","geometry":{"type":"Polygon","coordinates":[[[132.975,33.84583333333334],[132.98125,33.84583333333334],[132.98125,33.85000000000001],[132.975,33.85000000000001],[132.975,33.84583333333334]]]},"properties":{"type":"Feature","mesh_id":"503267182","municipality_code":"38206","municipality":"西条市","total_population":2,"population_65plus":null,"population_75plus":null,"aging_rate_65plus":null,"aging_rate_75plus":null,"population_status":"2","population_status_target":"503267294","population_aggregation_target":null,"age_65plus_missing":true,"age_75plus_missing":true,"age_quality_flag":"ok","data_completeness":"partial"}},{"type":"Feature","geometry":{"type":"Polygon","coordinates":[[[132.98125,33.84583333333334],[132.98749999999998,33.84583333333334],[132.98749999999998,33.85000000000001],[132.98125,33.85000000000001],[132.98125,33.84583333333334]]]},"properties":{"type":"Feature","mesh_id":"503267184","municipality_code":"38206","municipality":"西条市","total_population":4,"population_65plus":null,"population_75plus":null,"aging_rate_65plus":null,"aging_rate_75plus":null,"population_status":"2","population_status_target":"503267294","population_aggregation_target":null,"age_65plus_missing":true,"age_75plus_missing":true,"age_quality_flag":"ok","data_completeness":"partial"}},{"type":"Feature","geometry":{"type":"Polygon","coordinates":[[[132.9875,33.85416666666667],[132.99375,33.85416666666667],[132.99375,33.85833333333334],[132.9875,33.85833333333334],[132.9875,33.85416666666667]]]},"properties":{"type":"Feature","mesh_id":"503267292","municipality_code":"38206","municipality":"西条市","total_population":3,"population_65plus":null,"population_75plus":null,"aging_rate_65plus":null,"aging_rate_75plus":null,"population_status":"2","population_status_target":"503267294","population_aggregation_target":null,"age_65plus_missing":true,"age_75plus_missing":true,"age_quality_flag":"ok","data_completeness":"partial"}},{"type":"Feature","geometry":{"type":"Polygon","coordinates":[[[132.99375,33.85416666666667],[133.0,33.85416666666667],[133.0,33.85833333333334],[132.99375,33.85833333333334],[132.99375,33.85416666666667]]]},"properties":{"type":"Feature","mesh_id":"503267294","municipality_code":"38206","municipality":"西条市","total_population":24,"population_65plus":17,"population_75plus":5,"aging_rate_65plus":0.7083333333333334,"aging_rate_75plus":0.20833333333333334,"population_status":"1","population_status_target":null,"population_aggregation_target":"503267182;503267184;503267292;503267392","age_65plus_missing":false,"age_75plus_missing":false,"age_quality_flag":"ok","data_completeness":"complete"}},{"type":"Feature","geometry":{"type":"Polygon","coordinates":[[[132.9875,33.862500000000004],[132.99375,33.862500000000004],[132.99375,33.866666666666674],[132.9875,33.866666666666674],[132.9875,33.862500000000004]]]},"properties":{"type":"Feature","mesh_id":"503267392","municipality_code":"38206","municipality":"西条市","total_population":2,"population_65plus":null,"population_75plus":null,"aging_rate_65plus":null,"aging_rate_75plus":null,"population_status":"2","population_status_target":"503267294","population_aggregation_target":null,"age_65plus_missing":true,"age_75plus_missing":true,"age_quality_flag":"ok","data_completeness":"partial"}},{"type":"Feature","geometry":{"type":"Polygon","coordinates":[[[132.9875,33.87916666666667],[132.99375,33.87916666666667],[132.99375,33.88333333333334],[132.9875,33.88333333333334],[132.9875,33.87916666666667]]]},"properties":{"type":"Feature","mesh_id":"503267592","municipality_code":"38206","municipality":"西条市","total_population":9,"population_65plus":8,"population_75plus":4,"aging_rate_65plus":0.8888888888888888,"aging_rate_75plus":0.4444444444444444,"population_status":"1","population_status_target":null,"population_aggregation_target":"503267082;503267091","age_65plus_missing":false,"age_75plus_missing":false,"age_quality_flag":"ok","data_completeness":"complete"}},{"type":"Feature","geometry":{"type":"Polygon","coordinates":[[[133.0375,33.77916666666667],[133.04375,33.77916666666667],[133.04375,33.78333333333334],[133.0375,33.78333333333334],[133.0375,33.77916666666667]]]},"properties":{"type":"Feature","mesh_id":"503350332","municipality_code":"38206","municipality":"西条市","total_population":1,"population_65plus":null,"population_75plus":null,"aging_rate_65plus":null,"aging_rate_75plus":null,"population_status":"2","population_status_target":"503350531","population_aggregation_target":null,"age_65plus_missing":true,"age_75plus_missing":true,"age_quality_flag":"ok","data_completeness":"partial"}},{"type":"Feature","geometry":{"type":"Polygon","coordinates":[[[133.04375,33.77916666666667],[133.04999999999998,33.77916666666667],[133.04999999999998,33.78333333333334],[133.04375,33.78333333333334],[133.04375,33.77916666666667]]]},"properties":{"type":"Feature","mesh_id":"503350334","municipality_code":"38206","municipality":"西条市","total_population":8,"population_65plus":null,"population_75plus":null,"aging_rate_65plus":null,"aging_rate_75plus":null,"population_status":"2","population_status_target":"503350531","population_aggregation_target":null,"age_65plus_missing":true,"age_75plus_missing":true,"age_quality_flag":"ok","data_completeness":"partial"}},{"type":"Feature","geometry":{"type":"Polygon","coordinates":[[[133.025,33.795833333333334],[133.03125,33.795833333333334],[133.03125,33.800000000000004],[133.025,33.800000000000004],[133.025,33.795833333333334]]]},"properties":{"type":"Feature","mesh_id":"503350522","municipality_code":"38206","municipality":"西条市","total_population":2,"population_65plus":null,"population_75plus":null,"aging_rate_65plus":null,"aging_rate_75plus":null,"population_status":"1","population_status_target":null,"population_aggregation_target":"503350401;503350402;503350524;503350731","age_65plus_missing":true,"age_75plus_missing":true,"age_quality_flag":"inconsistent_with_total","data_completeness":"partial"}},{"type":"Feature","geometry":{"type":"Polygon","coordinates":[[[133.03125,33.795833333333334],[133.0375,33.795833333333334],[133.0375,33.800000000000004],[133.03125,33.800000000000004],[133.03125,33.795833333333334]]]},"properties":{"type":"Feature","mesh_id":"503350524","municipality_code":"38206","municipality":"西条市","total_population":1,"population_65plus":null,"population_75plus":null,"aging_rate_65plus":null,"aging_rate_75plus":null,"population_status":"2","population_status_target":"503350522","population_aggregation_target":null,"age_65plus_missing":true,"age_75plus_missing":true,"age_quality_flag":"ok","data_completeness":"partial"}},{"type":"Feature","geometry":{"type":"Polygon","coordinates":[[[133.0375,33.791666666666664],[133.04375,33.791666666666664],[133.04375,33.795833333333334],[133.0375,33.795833333333334],[133.0375,33.791666666666664]]]},"properties":{"type":"Feature","mesh_id":"503350531","municipality_code":"38206","municipality":"西条市","total_population":10,"population_65plus":null,"population_75plus":null,"aging_rate_65plus":null,"aging_rate_75plus":null,"population_status":"1","population_status_target":null,"population_aggregation_target":"503350203;503350332;503350334;503350894","age_65plus_missing":true,"age_75plus_missing":true,"age_quality_flag":"inconsistent_with_total","data_completeness":"partial"}},{"type":"Feature","geometry":{"type":"Polygon","coordinates":[[[133.0375,33.80833333333333],[133.04375,33.80833333333333],[133.04375,33.8125],[133.0375,33.8125],[133.0375,33.80833333333333]]]},"properties":{"type":"Feature","mesh_id":"503350731","municipality_code":"38206","municipality":"西条市","total_population":1,"population_65plus":null,"population_75plus":null,"aging_rate_65plus":null,"aging_rate_75plus":null,"population_status":"2","population_status_target":"503350522","population_aggregation_target":null,"age_65plus_missing":true,"age_75plus_missing":true,"age_quality_flag":"ok","data_completeness":"partial"}},{"type":"Feature","geometry":{"type":"Polygon","coordinates":[[[133.03125,33.81666666666667],[133.0375,33.81666666666667],[133.0375,33.82083333333334],[133.03125,33.82083333333334],[133.03125,33.81666666666667]]]},"properties":{"type":"Feature","mesh_id":"503350823","municipality_code":"38206","municipality":"西条市","total_population":1,"population_65plus":null,"population_75plus":null,"aging_rate_65plus":null,"aging_rate_75plus":null,"population_status":"2","population_status_target":"503350911","population_aggregation_target":null,"age_65plus_missing":true,"age_75plus_missing":true,"age_quality_flag":"ok","data_completeness":"partial"}},{"type":"Feature","geometry":{"type":"Polygon","coordinates":[[[133.05625,33.82083333333334],[133.0625,33.82083333333334],[133.0625,33.82500000000001],[133.05625,33.82500000000001],[133.05625,33.82083333333334]]]},"properties":{"type":"Feature","mesh_id":"503350844","municipality_code":"38206","municipality":"西条市","total_population":2,"population_65plus":null,"population_75plus":null,"aging_rate_65plus":null,"aging_rate_75plus":null,"population_status":"2","population_status_target":"503350911","population_aggregation_target":null,"age_65plus_missing":true,"age_75plus_missing":true,"age_quality_flag":"ok","data_completeness":"partial"}},{"type":"Feature","geometry":{"type":"Polygon","coordinates":[[[133.11875,33.82083333333334],[133.125,33.82083333333334],[133.125,33.82500000000001],[133.11875,33.82500000000001],[133.11875,33.82083333333334]]]},"properties":{"type":"Feature","mesh_id":"503350894","municipality_code":"38206","municipality":"西条市","total_population":2,"population_65plus":null,"population_75plus":null,"aging_rate_65plus":null,"aging_rate_75plus":null,"population_status":"2","population_status_target":"503350531","population_aggregation_target":null,"age_65plus_missing":true,"age_75plus_missing":true,"age_quality_flag":"ok","data_completeness":"partial"}},{"type":"Feature","geometry":{"type":"Polygon","coordinates":[[[133.0125,33.825],[133.01874999999998,33.825],[133.01874999999998,33.82916666666667],[133.0125,33.82916666666667],[133.0125,33.825]]]},"properties":{"type":"Feature","mesh_id":"503350911","municipality_code":"38206","municipality":"西条市","total_population":7,"population_65plus":null,"population_75plus":null,"aging_rate_65plus":null,"aging_rate_75plus":null,"population_status":"1","population_status_target":null,"population_aggregation_target":"503350301;503350303;503350823;503350844;503350913;503350914;503350934;503350941","age_65plus_missing":true,"age_75plus_missing":true,"age_quality_flag":"inconsistent_with_total","data_completeness":"partial"}},{"type":"Feature","geometry":{"type":"Polygon","coordinates":[[[133.01874999999998,33.825],[133.02499999999998,33.825],[133.02499999999998,33.82916666666667],[133.01874999999998,33.82916666666667],[133.01874999999998,33.825]]]},"properties":{"type":"Feature","mesh_id":"503350913","municipality_code":"38206","municipality":"西条市","total_population":1,"population_65plus":null,"population_75plus":null,"aging_rate_65plus":null,"aging_rate_75plus":null,"population_status":"2","population_status_target":"503350911","population_aggregation_target":null,"age_65plus_missing":true,"age_75plus_missing":true,"age_quality_flag":"ok","data_completeness":"partial"}},{"type":"Feature","geometry":{"type":"Polygon","coordinates":[[[133.01874999999998,33.82916666666667],[133.02499999999998,33.82916666666667],[133.02499999999998,33.83333333333334],[133.01874999999998,33.83333333333334],[133.01874999999998,33.82916666666667]]]},"properties":{"type":"Feature","mesh_id":"503350914","municipality_code":"38206","municipality":"西条市","total_population":4,"population_65plus":null,"population_75plus":null,"aging_rate_65plus":null,"aging_rate_75plus":null,"population_status":"2","population_status_target":"503350911","population_aggregation_target":null,"age_65plus_missing":true,"age_75plus_missing":true,"age_quality_flag":"ok","data_completeness":"partial"}},{"type":"Feature","geometry":{"type":"Polygon","coordinates":[[[133.04375,33.82916666666667],[133.04999999999998,33.82916666666667],[133.04999999999998,33.83333333333334],[133.04375,33.83333333333334],[133.04375,33.82916666666667]]]},"properties":{"type":"Feature","mesh_id":"503350934","municipality_code":"38206","municipality":"西条市","total_population":4,"population_65plus":null,"population_75plus":null,"aging_rate_65plus":null,"aging_rate_75plus":null,"population_status":"2","population_status_target":"503350911","population_aggregation_target":null,"age_65plus_missing":true,"age_75plus_missing":true,"age_quality_flag":"ok","data_completeness":"partial"}},{"type":"Feature","geometry":{"type":"Polygon","coordinates":[[[133.05,33.825],[133.05625,33.825],[133.05625,33.82916666666667],[133.05,33.82916666666667],[133.05,33.825]]]},"properties":{"type":"Feature","mesh_id":"503350941","municipality_code":"38206","municipality":"西条市","total_population":4,"population_65plus":null,"population_75plus":null,"aging_rate_65plus":null,"aging_rate_75plus":null,"population_status":"2","population_status_target":"503350911","population_aggregation_target":null,"age_65plus_missing":true,"age_75plus_missing":true,"age_quality_flag":"ok","data_completeness":"partial"}},{"type":"Feature","geometry":{"type":"Polygon","coordinates":[[[133.14374999999998,33.75416666666667],[133.14999999999998,33.75416666666667],[133.14999999999998,33.75833333333334],[133.14374999999998,33.75833333333334],[133.14374999999998,33.75416666666667]]]},"properties":{"type":"Feature","mesh_id":"503351014","municipality_code":"38206","municipality":"西条市","total_population":3,"population_65plus":null,"population_75plus":null,"aging_rate_65plus":null,"aging_rate_75plus":null,"population_status":"2","population_status_target":"503351062","population_aggregation_target":null,"age_65plus_missing":true,"age_75plus_missing":true,"age_quality_flag":"ok","data_completeness":"partial"}},{"type":"Feature","geometry":{"type":"Polygon","coordinates":[[[133.13125,33.78333333333333],[133.1375,33.78333333333333],[133.1375,33.7875],[133.13125,33.7875],[133.13125,33.78333333333333]]]},"properties":{"type":"Feature","mesh_id":"503351403","municipality_code":"38206","municipality":"西条市","total_population":1,"population_65plus":null,"population_75plus":null,"aging_rate_65plus":null,"aging_rate_75plus":null,"population_status":"2","population_status_target":"503351062","population_aggregation_target":null,"age_65plus_missing":true,"age_75plus_missing":true,"age_quality_flag":"ok","data_completeness":"partial"}},{"type":"Feature","geometry":{"type":"Polygon","coordinates":[[[133.15625,33.795833333333334],[133.1625,33.795833333333334],[133.1625,33.800000000000004],[133.15625,33.800000000000004],[133.15625,33.795833333333334]]]},"properties":{"type":"Feature","mesh_id":"503351524","municipality_code":"38206","municipality":"西条市","total_population":2,"population_65plus":null,"population_75plus":null,"aging_rate_65plus":null,"aging_rate_75plus":null,"population_status":"2","population_status_target":"503351062","population_aggregation_target":null,"age_65plus_missing":true,"age_75plus_missing":true,"age_quality_flag":"ok","data_completeness":"partial"}},{"type":"Feature","geometry":{"type":"Polygon","coordinates":[[[133.1375,33.80416666666667],[133.14374999999998,33.80416666666667],[133.14374999999998,33.80833333333334],[133.1375,33.80833333333334],[133.1375,33.80416666666667]]]},"properties":{"type":"Feature","mesh_id":"503351612","municipality_code":"38206","municipality":"西条市","total_population":2,"population_65plus":null,"population_75plus":null,"aging_rate_65plus":null,"aging_rate_75plus":null,"population_status":"2","population_status_target":"503351062","population_aggregation_target":null,"age_65plus_missing":true,"age_75plus_missing":true,"age_quality_flag":"ok","data_completeness":"partial"}},{"type":"Feature","geometry":{"type":"Polygon","coordinates":[[[133.225,33.82083333333334],[133.23125,33.82083333333334],[133.23125,33.82500000000001],[133.225,33.82500000000001],[133.225,33.82083333333334]]]},"properties":{"type":"Feature","mesh_id":"503351882","municipality_code":"38206","municipality":"西条市","total_population":2,"population_65plus":null,"population_75plus":null,"aging_rate_65plus":null,"aging_rate_75plus":null,"population_status":"2","population_status_target":"503351062","population_aggregation_target":null,"age_65plus_missing":true,"age_75plus_missing":true,"age_quality_flag":"ok","data_completeness":"partial"}},{"type":"Feature","geometry":{"type":"Polygon","coordinates":[[[133.125,33.825],[133.13125,33.825],[133.13125,33.82916666666667],[133.125,33.82916666666667],[133.125,33.825]]]},"properties":{"type":"Feature","mesh_id":"503351901","municipality_code":"38206","municipality":"西条市","total_population":1,"population_65plus":null,"population_75plus":null,"aging_rate_65plus":null,"aging_rate_75plus":null,"population_status":"2","population_status_target":"503351062","population_aggregation_target":null,"age_65plus_missing":true,"age_75plus_missing":true,"age_quality_flag":"ok","data_completeness":"partial"}},{"type":"Feature","geometry":{"type":"Polygon","coordinates":[[[133.23125,33.82916666666667],[133.23749999999998,33.82916666666667],[133.23749999999998,33.83333333333334],[133.23125,33.83333333333334],[133.23125,33.82916666666667]]]},"properties":{"type":"Feature","mesh_id":"503351984","municipality_code":"38206","municipality":"西条市","total_population":1,"population_65plus":null,"population_75plus":null,"aging_rate_65plus":null,"aging_rate_75plus":null,"population_status":"2","population_status_target":"503351062","population_aggregation_target":null,"age_65plus_missing":true,"age_75plus_missing":true,"age_quality_flag":"ok","data_completeness":"partial"}},{"type":"Feature","geometry":{"type":"Polygon","coordinates":[[[133.0,33.837500000000006],[133.00625,33.837500000000006],[133.00625,33.841666666666676],[133.0,33.841666666666676],[133.0,33.837500000000006]]]},"properties":{"type":"Feature","mesh_id":"503360002","municipality_code":"38206","municipality":"西条市","total_population":17,"population_65plus":12,"population_75plus":8,"aging_rate_65plus":0.7058823529411765,"aging_rate_75plus":0.47058823529411764,"population_status":"0","population_status_target":null,"population_aggregation_target":null,"age_65plus_missing":false,"age_75plus_missing":false,"age_quality_flag":"ok","data_completeness":"complete"}},{"type":"Feature","geometry":{"type":"Polygon","coordinates":[[[133.0125,33.833333333333336],[133.01874999999998,33.833333333333336],[133.01874999999998,33.837500000000006],[133.0125,33.837500000000006],[133.0125,33.833333333333336]]]},"properties":{"type":"Feature","mesh_id":"503360011","municipality_code":"38206","municipality":"西条市","total_population":12,"population_65plus":7,"population_75plus":7,"aging_rate_65plus":0.5833333333333334,"aging_rate_75plus":0.5833333333333334,"population_status":"0","population_status_target":null,"population_aggregation_target":null,"age_65plus_missing":false,"age_75plus_missing":false,"age_quality_flag":"ok","data_completeness":"complete"}},{"type":"Feature","geometry":{"type":"Polygon","coordinates":[[[133.0625,33.833333333333336],[133.06875,33.833333333333336],[133.06875,33.837500000000006],[133.0625,33.837500000000006],[133.0625,33.833333333333336]]]},"properties":{"type":"Feature","mesh_id":"503360051","municipality_code":"38206","municipality":"西条市","total_population":3,"population_65plus":null,"population_75plus":null,"aging_rate_65plus":null,"aging_rate_75plus":null,"population_status":"2","population_status_target":"503360224","population_aggregation_target":null,"age_65plus_missing":true,"age_75plus_missing":true,"age_quality_flag":"ok","data_completeness":"partial"}},{"type":"Feature","geometry":{"type":"Polygon","coordinates":[[[133.0,33.84166666666667],[133.00625,33.84166666666667],[133.00625,33.84583333333334],[133.0,33.84583333333334],[133.0,33.84166666666667]]]},"properties":{"type":"Feature","mesh_id":"503360101","municipality_code":"38206","municipality":"西条市","total_population":7,"population_65plus":null,"population_75plus":null,"aging_rate_65plus":null,"aging_rate_75plus":null,"population_status":"2","population_status_target":"503360102","population_aggregation_target":null,"age_65plus_missing":true,"age_75plus_missing":true,"age_quality_flag":"ok","data_completeness":"partial"}},{"type":"Feature","geometry":{"type":"Polygon","coordinates":[[[133.0,33.84583333333334],[133.00625,33.84583333333334],[133.00625,33.85000000000001],[133.0,33.85000000000001],[133.0,33.84583333333334]]]},"properties":{"type":"Feature","mesh_id":"503360102","municipality_code":"38206","municipality":"西条市","total_population":9,"population_65plus":null,"population_75plus":null,"aging_rate_65plus":null,"aging_rate_75plus":null,"population_status":"1","population_status_target":null,"population_aggregation_target":"503360101","age_65plus_missing":true,"age_75plus_missing":true,"age_quality_flag":"inconsistent_with_total","data_completeness":"partial"}},{"type":"Feature","geometry":{"type":"Polygon","coordinates":[[[133.0,33.85],[133.00625,33.85],[133.00625,33.85416666666667],[133.0,33.85416666666667],[133.0,33.85]]]},"properties":{"type":"Feature","mesh_id":"503360201","municipality_code":"38206","municipality":"西条市","total_population":11,"population_65plus":null,"population_75plus":null,"aging_rate_65plus":null,"aging_rate_75plus":null,"population_status":"1","population_status_target":null,"population_aggregation_target":"503360202","age_65plus_missing":true,"age_75plus_missing":true,"age_quality_flag":"inconsistent_with_total","data_completeness":"partial"}},{"type":"Feature","geometry":{"type":"Polygon","coordinates":[[[133.0,33.85416666666667],[133.00625,33.85416666666667],[133.00625,33.85833333333334],[133.0,33.85833333333334],[133.0,33.85416666666667]]]},"properties":{"type":"Feature","mesh_id":"503360202","municipality_code":"38206","municipality":"西条市","total_population":6,"population_65plus":null,"population_75plus":null,"aging_rate_65plus":null,"aging_rate_75plus":null,"population_status":"2","population_status_target":"503360201","population_aggregation_target":null,"age_65plus_missing":true,"age_75plus_missing":true,"age_quality_flag":"ok","data_completeness":"partial"}},{"type":"Feature","geometry":{"type":"Polygon","coordinates":[[[133.00625,33.85],[133.0125,33.85],[133.0125,33.85416666666667],[133.00625,33.85416666666667],[133.00625,33.85]]]},"properties":{"type":"Feature","mesh_id":"503360203","municipality_code":"38206","municipality":"西条市","total_population":40,"population_65plus":20,"population_75plus":11,"aging_rate_65plus":0.5,"aging_rate_75plus":0.275,"population_status":"0","population_status_target":null,"population_aggregation_target":null,"age_65plus_missing":false,"age_75plus_missing":false,"age_quality_flag":"ok","data_completeness":"complete"}},{"type":"Feature","geometry":{"type":"Polygon","coordinates":[[[133.00625,33.85416666666667],[133.0125,33.85416666666667],[133.0125,33.85833333333334],[133.00625,33.85833333333334],[133.00625,33.85416666666667]]]},"properties":{"type":"Feature","mesh_id":"503360204","municipality_code":"38206","municipality":"西条市","total_population":56,"population_65plus":32,"population_75plus":20,"aging_rate_65plus":0.5714285714285714,"aging_rate_75plus":0.35714285714285715,"population_status":"0","population_status_target":null,"population_aggregation_target":null,"age_65plus_missing":false,"age_75plus_missing":false,"age_quality_flag":"ok","data_completeness":"complete"}},{"type":"Feature","geometry":{"type":"Polygon","coordinates":[[[133.01874999999998,33.85],[133.02499999999998,33.85],[133.02499999999998,33.85416666666667],[133.01874999999998,33.85416666666667],[133.01874999999998,33.85]]]},"properties":{"type":"Feature","mesh_id":"503360213","municipality_code":"38206","municipality":"西条市","total_population":117,"population_65plus":57,"population_75plus":26,"aging_rate_65plus":0.48717948717948717,"aging_rate_75plus":0.2222222222222222,"population_status":"1","population_status_target":null,"population_aggregation_target":"503360302","age_65plus_missing":false,"age_75plus_missing":false,"age_quality_flag":"ok","data_completeness":"complete"}},{"type":"Feature","geometry":{"type":"Polygon","coordinates":[[[133.01874999999998,33.85416666666667],[133.02499999999998,33.85416666666667],[133.02499999999998,33.85833333333334],[133.01874999999998,33.85833333333334],[133.01874999999998,33.85416666666667]]]},"properties":{"type":"Feature","mesh_id":"503360214","municipality_code":"38206","municipality":"西条市","total_population":46,"population_65plus":24,"population_75plus":15,"aging_rate_65plus":0.5217391304347826,"aging_rate_75plus":0.32608695652173914,"population_status":"0","population_status_target":null,"population_aggregation_target":null,"age_65plus_missing":false,"age_75plus_missing":false,"age_quality_flag":"ok","data_completeness":"complete"}},{"type":"Feature","geometry":{"type":"Polygon","coordinates":[[[133.03125,33.85],[133.0375,33.85],[133.0375,33.85416666666667],[133.03125,33.85416666666667],[133.03125,33.85]]]},"properties":{"type":"Feature","mesh_id":"503360223","municipality_code":"38206","municipality":"西条市","total_population":108,"population_65plus":54,"population_75plus":27,"aging_rate_65plus":0.5,"aging_rate_75plus":0.25,"population_status":"0","population_status_target":null,"population_aggregation_target":null,"age_65plus_missing":false,"age_75plus_missing":false,"age_quality_flag":"ok","data_completeness":"complete"}},{"type":"Feature","geometry":{"type":"Polygon","coordinates":[[[133.03125,33.85416666666667],[133.0375,33.85416666666667],[133.0375,33.85833333333334],[133.03125,33.85833333333334],[133.03125,33.85416666666667]]]},"properties":{"type":"Feature","mesh_id":"503360224","municipality_code":"38206","municipality":"西条市","total_population":52,"population_65plus":29,"population_75plus":17,"aging_rate_65plus":0.5576923076923077,"aging_rate_75plus":0.3269230769230769,"population_status":"1","population_status_target":null,"population_aggregation_target":"503360051","age_65plus_missing":false,"age_75plus_missing":false,"age_quality_flag":"ok","data_completeness":"complete"}},{"type":"Feature","geometry":{"type":"Polygon","coordinates":[[[133.04375,33.85],[133.04999999999998,33.85],[133.04999999999998,33.85416666666667],[133.04375,33.85416666666667],[133.04375,33.85]]]},"properties":{"type":"Feature","mesh_id":"503360233","municipality_code":"38206","municipality":"西条市","total_population":10,"population_65plus":null,"population_75plus":null,"aging_rate_65plus":null,"aging_rate_75plus":null,"population_status":"2","population_status_target":"503360331","population_aggregation_target":null,"age_65plus_missing":true,"age_75plus_missing":true,"age_quality_flag":"ok","data_completeness":"partial"}},{"type":"Feature","geometry":{"type":"Polygon","coordinates":[[[133.08124999999998,33.85],[133.08749999999998,33.85],[133.08749999999998,33.85416666666667],[133.08124999999998,33.85416666666667],[133.08124999999998,33.85]]]},"properties":{"type":"Feature","mesh_id":"503360263","municipality_code":"38206","municipality":"西条市","total_population":3,"population_65plus":null,"population_75plus":null,"aging_rate_65plus":null,"aging_rate_75plus":null,"population_status":"2","population_status_target":"503360361","population_aggregation_target":null,"age_65plus_missing":true,"age_75plus_missing":true,"age_quality_flag":"ok","data_completeness":"partial"}},{"type":"Feature","geometry":{"type":"Polygon","coordinates":[[[133.08124999999998,33.85416666666667],[133.08749999999998,33.85416666666667],[133.08749999999998,33.85833333333334],[133.08124999999998,33.85833333333334],[133.08124999999998,33.85416666666667]]]},"properties":{"type":"Feature","mesh_id":"503360264","municipality_code":"38206","municipality":"西条市","total_population":3,"population_65plus":null,"population_75plus":null,"aging_rate_65plus":null,"aging_rate_75plus":null,"population_status":"2","population_status_target":"503360361","population_aggregation_target":null,"age_65plus_missing":true,"age_75plus_missing":true,"age_quality_flag":"ok","data_completeness":"partial"}},{"type":"Feature","geometry":{"type":"Polygon","coordinates":[[[133.0,33.862500000000004],[133.00625,33.862500000000004],[133.00625,33.866666666666674],[133.0,33.866666666666674],[133.0,33.862500000000004]]]},"properties":{"type":"Feature","mesh_id":"503360302","municipality_code":"38206","municipality":"西条市","total_population":5,"population_65plus":null,"population_75plus":null,"aging_rate_65plus":null,"aging_rate_75plus":null,"population_status":"2","population_status_target":"503360213","population_aggregation_target":null,"age_65plus_missing":true,"age_75plus_missing":true,"age_quality_flag":"ok","data_completeness":"partial"}},{"type":"Feature","geometry":{"type":"Polygon","coordinates":[[[133.0125,33.858333333333334],[133.01874999999998,33.858333333333334],[133.01874999999998,33.862500000000004],[133.0125,33.862500000000004],[133.0125,33.858333333333334]]]},"properties":{"type":"Feature","mesh_id":"503360311","municipality_code":"38206","municipality":"西条市","total_population":36,"population_65plus":12,"population_75plus":3,"aging_rate_65plus":0.3333333333333333,"aging_rate_75plus":0.08333333333333333,"population_status":"0","population_status_target":null,"population_aggregation_target":null,"age_65plus_missing":false,"age_75plus_missing":false,"age_quality_flag":"ok","data_completeness":"complete"}},{"type":"Feature","geometry":{"type":"Polygon","coordinates":[[[133.0125,33.862500000000004],[133.01874999999998,33.862500000000004],[133.01874999999998,33.866666666666674],[133.0125,33.866666666666674],[133.0125,33.862500000000004]]]},"properties":{"type":"Feature","mesh_id":"503360312","municipality_code":"38206","municipality":"西条市","total_population":243,"population_65plus":59,"population_75plus":28,"aging_rate_65plus":0.24279835390946503,"aging_rate_75plus":0.11522633744855967,"population_status":"0","population_status_target":null,"population_aggregation_target":null,"age_65plus_missing":false,"age_75plus_missing":false,"age_quality_flag":"ok","data_completeness":"complete"}},{"type":"Feature","geometry":{"type":"Polygon","coordinates":[[[133.01874999999998,33.858333333333334],[133.02499999999998,33.858333333333334],[133.02499999999998,33.862500000000004],[133.01874999999998,33.862500000000004],[133.01874999999998,33.858333333333334]]]},"properties":{"type":"Feature","mesh_id":"503360313","municipality_code":"38206","municipality":"西条市","total_population":94,"population_65plus":48,"population_75plus":22,"aging_rate_65plus":0.5106382978723404,"aging_rate_75plus":0.23404255319148937,"population_status":"0","population_status_target":null,"population_aggregation_target":null,"age_65plus_missing":false,"age_75plus_missing":false,"age_quality_flag":"ok","data_completeness":"complete"}},{"type":"Feature","geometry":{"type":"Polygon","coordinates":[[[133.01874999999998,33.862500000000004],[133.02499999999998,33.862500000000004],[133.02499999999998,33.866666666666674],[133.01874999999998,33.866666666666674],[133.01874999999998,33.862500000000004]]]},"properties":{"type":"Feature","mesh_id":"503360314","municipality_code":"38206","municipality":"西条市","total_population":238,"population_65plus":100,"population_75plus":42,"aging_rate_65plus":0.42016806722689076,"aging_rate_75plus":0.17647058823529413,"population_status":"0","population_status_target":null,"population_aggregation_target":null,"age_65plus_missing":false,"age_75plus_missing":false,"age_quality_flag":"ok","data_completeness":"complete"}},{"type":"Feature","geometry":{"type":"Polygon","coordinates":[[[133.025,33.858333333333334],[133.03125,33.858333333333334],[133.03125,33.862500000000004],[133.025,33.862500000000004],[133.025,33.858333333333334]]]},"properties":{"type":"Feature","mesh_id":"503360321","municipality_code":"38206","municipality":"西条市","total_population":22,"population_65plus":8,"population_75plus":4,"aging_rate_65plus":0.36363636363636365,"aging_rate_75plus":0.18181818181818182,"population_status":"0","population_status_target":null,"population_aggregation_target":null,"age_65plus_missing":false,"age_75plus_missing":false,"age_quality_flag":"ok","data_completeness":"complete"}},{"type":"Feature","geometry":{"type":"Polygon","coordinates":[[[133.025,33.862500000000004],[133.03125,33.862500000000004],[133.03125,33.866666666666674],[133.025,33.866666666666674],[133.025,33.862500000000004]]]},"properties":{"type":"Feature","mesh_id":"503360322","municipality_code":"38206","municipality":"西条市","total_population":60,"population_65plus":29,"population_75plus":15,"aging_rate_65plus":0.48333333333333334,"aging_rate_75plus":0.25,"population_status":"0","population_status_target":null,"population_aggregation_target":null,"age_65plus_missing":false,"age_75plus_missing":false,"age_quality_flag":"ok","data_completeness":"complete"}},{"type":"Feature","geometry":{"type":"Polygon","coordinates":[[[133.03125,33.858333333333334],[133.0375,33.858333333333334],[133.0375,33.862500000000004],[133.03125,33.862500000000004],[133.03125,33.858333333333334]]]},"properties":{"type":"Feature","mesh_id":"503360323","municipality_code":"38206","municipality":"西条市","total_population":199,"population_65plus":76,"population_75plus":43,"aging_rate_65plus":0.38190954773869346,"aging_rate_75plus":0.21608040201005024,"population_status":"0","population_status_target":null,"population_aggregation_target":null,"age_65plus_missing":false,"age_75plus_missing":false,"age_quality_flag":"ok","data_completeness":"complete"}},{"type":"Feature","geometry":{"type":"Polygon","coordinates":[[[133.03125,33.862500000000004],[133.0375,33.862500000000004],[133.0375,33.866666666666674],[133.03125,33.866666666666674],[133.03125,33.862500000000004]]]},"properties":{"type":"Feature","mesh_id":"503360324","municipality_code":"38206","municipality":"西条市","total_population":192,"population_65plus":86,"population_75plus":39,"aging_rate_65plus":0.4479166666666667,"aging_rate_75plus":0.203125,"population_status":"0","population_status_target":null,"population_aggregation_target":null,"age_65plus_missing":false,"age_75plus_missing":false,"age_quality_flag":"ok","data_completeness":"complete"}},{"type":"Feature","geometry":{"type":"Polygon","coordinates":[[[133.0375,33.858333333333334],[133.04375,33.858333333333334],[133.04375,33.862500000000004],[133.0375,33.862500000000004],[133.0375,33.858333333333334]]]},"properties":{"type":"Feature","mesh_id":"503360331","municipality_code":"38206","municipality":"西条市","total_population":168,"population_65plus":80,"population_75plus":32,"aging_rate_65plus":0.47619047619047616,"aging_rate_75plus":0.19047619047619047,"population_status":"1","population_status_target":null,"population_aggregation_target":"503360233","age_65plus_missing":false,"age_75plus_missing":false,"age_quality_flag":"ok","data_completeness":"complete"}},{"type":"Feature","geometry":{"type":"Polygon","coordinates":[[[133.0375,33.862500000000004],[133.04375,33.862500000000004],[133.04375,33.866666666666674],[133.0375,33.866666666666674],[133.0375,33.862500000000004]]]},"properties":{"type":"Feature","mesh_id":"503360332","municipality_code":"38206","municipality":"西条市","total_population":42,"population_65plus":22,"population_75plus":15,"aging_rate_65plus":0.5238095238095238,"aging_rate_75plus":0.35714285714285715,"population_status":"0","population_status_target":null,"population_aggregation_target":null,"age_65plus_missing":false,"age_75plus_missing":false,"age_quality_flag":"ok","data_completeness":"complete"}},{"type":"Feature","geometry":{"type":"Polygon","coordinates":[[[133.04375,33.858333333333334],[133.04999999999998,33.858333333333334],[133.04999999999998,33.862500000000004],[133.04375,33.862500000000004],[133.04375,33.858333333333334]]]},"properties":{"type":"Feature","mesh_id":"503360333","municipality_code":"38206","municipality":"西条市","total_population":16,"population_65plus":14,"population_75plus":9,"aging_rate_65plus":0.875,"aging_rate_75plus":0.5625,"population_status":"0","population_status_target":null,"population_aggregation_target":null,"age_65plus_missing":false,"age_75plus_missing":false,"age_quality_flag":"ok","data_completeness":"complete"}},{"type":"Feature","geometry":{"type":"Polygon","coordinates":[[[133.04375,33.862500000000004],[133.04999999999998,33.862500000000004],[133.04999999999998,33.866666666666674],[133.04375,33.866666666666674],[133.04375,33.862500000000004]]]},"properties":{"type":"Feature","mesh_id":"503360334","municipality_code":"38206","municipality":"西条市","total_population":110,"population_65plus":60,"population_75plus":35,"aging_rate_65plus":0.5454545454545454,"aging_rate_75plus":0.3181818181818182,"population_status":"1","population_status_target":null,"population_aggregation_target":"503360342;503360343","age_65plus_missing":false,"age_75plus_missing":false,"age_quality_flag":"ok","data_completeness":"complete"}},{"type":"Feature","geometry":{"type":"Polygon","coordinates":[[[133.05,33.862500000000004],[133.05625,33.862500000000004],[133.05625,33.866666666666674],[133.05,33.866666666666674],[133.05,33.862500000000004]]]},"properties":{"type":"Feature","mesh_id":"503360342","municipality_code":"38206","municipality":"西条市","total_population":1,"population_65plus":null,"population_75plus":null,"aging_rate_65plus":null,"aging_rate_75plus":null,"population_status":"2","population_status_target":"503360334","population_aggregation_target":null,"age_65plus_missing":true,"age_75plus_missing":true,"age_quality_flag":"ok","data_completeness":"partial"}},{"type":"Feature","geometry":{"type":"Polygon","coordinates":[[[133.05625,33.858333333333334],[133.0625,33.858333333333334],[133.0625,33.862500000000004],[133.05625,33.862500000000004],[133.05625,33.858333333333334]]]},"properties":{"type":"Feature","mesh_id":"503360343","municipality_code":"38206","municipality":"西条市","total_population":5,"population_65plus":null,"population_75plus":null,"aging_rate_65plus":null,"aging_rate_75plus":null,"population_status":"2","population_status_target":"503360334","population_aggregation_target":null,"age_65plus_missing":true,"age_75plus_missing":true,"age_quality_flag":"ok","data_completeness":"partial"}},{"type":"Feature","geometry":{"type":"Polygon","coordinates":[[[133.06875,33.862500000000004],[133.075,33.862500000000004],[133.075,33.866666666666674],[133.06875,33.866666666666674],[133.06875,33.862500000000004]]]},"properties":{"type":"Feature","mesh_id":"503360354","municipality_code":"38206","municipality":"西条市","total_population":3,"population_65plus":null,"population_75plus":null,"aging_rate_65plus":null,"aging_rate_75plus":null,"population_status":"2","population_status_target":"503360363","population_aggregation_target":null,"age_65plus_missing":true,"age_75plus_missing":true,"age_quality_flag":"ok","data_completeness":"partial"}},{"type":"Feature","geometry":{"type":"Polygon","coordinates":[[[133.075,33.858333333333334],[133.08124999999998,33.858333333333334],[133.08124999999998,33.862500000000004],[133.075,33.862500000000004],[133.075,33.858333333333334]]]},"properties":{"type":"Feature","mesh_id":"503360361","municipality_code":"38206","municipality":"西条市","total_population":20,"population_65plus":4,"population_75plus":3,"aging_rate_65plus":0.2,"aging_rate_75plus":0.15,"population_status":"1","population_status_target":null,"population_aggregation_target":"503360263;503360264","age_65plus_missing":false,"age_75plus_missing":false,"age_quality_flag":"ok","data_completeness":"complete"}},{"type":"Feature","geometry":{"type":"Polygon","coordinates":[[[133.08124999999998,33.858333333333334],[133.08749999999998,33.858333333333334],[133.08749999999998,33.862500000000004],[133.08124999999998,33.862500000000004],[133.08124999999998,33.858333333333334]]]},"properties":{"type":"Feature","mesh_id":"503360363","municipality_code":"38206","municipality":"西条市","total_population":29,"population_65plus":15,"population_75plus":9,"aging_rate_65plus":0.5172413793103449,"aging_rate_75plus":0.3103448275862069,"population_status":"1","population_status_target":null,"population_aggregation_target":"503360354;503360364","age_65plus_missing":false,"age_75plus_missing":false,"age_quality_flag":"ok","data_completeness":"complete"}},{"type":"Feature","geometry":{"type":"Polygon","coordinates":[[[133.08124999999998,33.862500000000004],[133.08749999999998,33.862500000000004],[133.08749999999998,33.866666666666674],[133.08124999999998,33.866666666666674],[133.08124999999998,33.862500000000004]]]},"properties":{"type":"Feature","mesh_id":"503360364","municipality_code":"38206","municipality":"西条市","total_population":8,"population_65plus":null,"population_75plus":null,"aging_rate_65plus":null,"aging_rate_75plus":null,"population_status":"2","population_status_target":"503360363","population_aggregation_target":null,"age_65plus_missing":true,"age_75plus_missing":true,"age_quality_flag":"ok","data_completeness":"partial"}},{"type":"Feature","geometry":{"type":"Polygon","coordinates":[[[133.00625,33.86666666666667],[133.0125,33.86666666666667],[133.0125,33.87083333333334],[133.00625,33.87083333333334],[133.00625,33.86666666666667]]]},"properties":{"type":"Feature","mesh_id":"503360403","municipality_code":"38206","municipality":"西条市","total_population":44,"population_65plus":17,"population_75plus":7,"aging_rate_65plus":0.38636363636363635,"aging_rate_75plus":0.1590909090909091,"population_status":"0","population_status_target":null,"population_aggregation_target":null,"age_65plus_missing":false,"age_75plus_missing":false,"age_quality_flag":"ok","data_completeness":"complete"}},{"type":"Feature","geometry":{"type":"Polygon","coordinates":[[[133.00625,33.87083333333334],[133.0125,33.87083333333334],[133.0125,33.87500000000001],[133.00625,33.87500000000001],[133.00625,33.87083333333334]]]},"properties":{"type":"Feature","mesh_id":"503360404","municipality_code":"38206","municipality":"西条市","total_population":21,"population_65plus":16,"population_75plus":3,"aging_rate_65plus":0.7619047619047619,"aging_rate_75plus":0.14285714285714285,"population_status":"0","population_status_target":null,"population_aggregation_target":null,"age_65plus_missing":false,"age_75plus_missing":false,"age_quality_flag":"ok","data_completeness":"complete"}},{"type":"Feature","geometry":{"type":"Polygon","coordinates":[[[133.0125,33.87083333333334],[133.01874999999998,33.87083333333334],[133.01874999999998,33.87500000000001],[133.0125,33.87500000000001],[133.0125,33.87083333333334]]]},"properties":{"type":"Feature","mesh_id":"503360412","municipality_code":"38206","municipality":"西条市","total_population":5,"population_65plus":null,"population_75plus":null,"aging_rate_65plus":null,"aging_rate_75plus":null,"population_status":"2","population_status_target":"503360414","population_aggregation_target":null,"age_65plus_missing":true,"age_75plus_missing":true,"age_quality_flag":"ok","data_completeness":"partial"}},{"type":"Feature","geometry":{"type":"Polygon","coordinates":[[[133.01874999999998,33.86666666666667],[133.02499999999998,33.86666666666667],[133.02499999999998,33.87083333333334],[133.01874999999998,33.87083333333334],[133.01874999999998,33.86666666666667]]]},"properties":{"type":"Feature","mesh_id":"503360413","municipality_code":"38206","municipality":"西条市","total_population":48,"population_65plus":21,"population_75plus":10,"aging_rate_65plus":0.4375,"aging_rate_75plus":0.20833333333333334,"population_status":"0","population_status_target":null,"population_aggregation_target":null,"age_65plus_missing":false,"age_75plus_missing":false,"age_quality_flag":"ok","data_completeness":"complete"}},{"type":"Feature","geometry":{"type":"Polygon","coordinates":[[[133.01874999999998,33.87083333333334],[133.02499999999998,33.87083333333334],[133.02499999999998,33.87500000000001],[133.01874999999998,33.87500000000001],[133.01874999999998,33.87083333333334]]]},"properties":{"type":"Feature","mesh_id":"503360414","municipality_code":"38206","municipality":"西条市","total_population":37,"population_65plus":13,"population_75plus":11,"aging_rate_65plus":0.35135135135135137,"aging_rate_75plus":0.2972972972972973,"population_status":"1","population_status_target":null,"population_aggregation_target":"503360412","age_65plus_missing":false,"age_75plus_missing":false,"age_quality_flag":"ok","data_completeness":"complete"}},{"type":"Feature","geometry":{"type":"Polygon","coordinates":[[[133.025,33.87083333333334],[133.03125,33.87083333333334],[133.03125,33.87500000000001],[133.025,33.87500000000001],[133.025,33.87083333333334]]]},"properties":{"type":"Feature","mesh_id":"503360422","municipality_code":"38206","municipality":"西条市","total_population":22,"population_65plus":12,"population_75plus":8,"aging_rate_65plus":0.5454545454545454,"aging_rate_75plus":0.36363636363636365,"population_status":"0","population_status_target":null,"population_aggregation_target":null,"age_65plus_missing":false,"age_75plus_missing":false,"age_quality_flag":"ok","data_completeness":"complete"}},{"type":"Feature","geometry":{"type":"Polygon","coordinates":[[[133.03125,33.86666666666667],[133.0375,33.86666666666667],[133.0375,33.87083333333334],[133.03125,33.87083333333334],[133.03125,33.86666666666667]]]},"properties":{"type":"Feature","mesh_id":"503360423","municipality_code":"38206","municipality":"西条市","total_population":45,"population_65plus":12,"population_75plus":2,"aging_rate_65plus":0.26666666666666666,"aging_rate_75plus":0.044444444444444446,"population_status":"0","population_status_target":null,"population_aggregation_target":null,"age_65plus_missing":false,"age_75plus_missing":false,"age_quality_flag":"ok","data_completeness":"complete"}},{"type":"Feature","geometry":{"type":"Polygon","coordinates":[[[133.0375,33.86666666666667],[133.04375,33.86666666666667],[133.04375,33.87083333333334],[133.0375,33.87083333333334],[133.0375,33.86666666666667]]]},"properties":{"type":"Feature","mesh_id":"503360431","municipality_code":"38206","municipality":"西条市","total_population":98,"population_65plus":35,"population_75plus":19,"aging_rate_65plus":0.35714285714285715,"aging_rate_75plus":0.19387755102040816,"population_status":"0","population_status_target":null,"population_aggregation_target":null,"age_65plus_missing":false,"age_75plus_missing":false,"age_quality_flag":"ok","data_completeness":"complete"}},{"type":"Feature","geometry":{"type":"Polygon","coordinates":[[[133.0375,33.87083333333334],[133.04375,33.87083333333334],[133.04375,33.87500000000001],[133.0375,33.87500000000001],[133.0375,33.87083333333334]]]},"properties":{"type":"Feature","mesh_id":"503360432","municipality_code":"38206","municipality":"西条市","total_population":43,"population_65plus":18,"population_75plus":10,"aging_rate_65plus":0.4186046511627907,"aging_rate_75plus":0.23255813953488372,"population_status":"0","population_status_target":null,"population_aggregation_target":null,"age_65plus_missing":false,"age_75plus_missing":false,"age_quality_flag":"ok","data_completeness":"complete"}},{"type":"Feature","geometry":{"type":"Polygon","coordinates":[[[133.04375,33.86666666666667],[133.04999999999998,33.86666666666667],[133.04999999999998,33.87083333333334],[133.04375,33.87083333333334],[133.04375,33.86666666666667]]]},"properties":{"type":"Feature","mesh_id":"503360433","municipality_code":"38206","municipality":"西条市","total_population":179,"population_65plus":74,"population_75plus":33,"aging_rate_65plus":0.4134078212290503,"aging_rate_75plus":0.18435754189944134,"population_status":"0","population_status_target":null,"population_aggregation_target":null,"age_65plus_missing":false,"age_75plus_missing":false,"age_quality_flag":"ok","data_completeness":"complete"}},{"type":"Feature","geometry":{"type":"Polygon","coordinates":[[[133.04375,33.87083333333334],[133.04999999999998,33.87083333333334],[133.04999999999998,33.87500000000001],[133.04375,33.87500000000001],[133.04375,33.87083333333334]]]},"properties":{"type":"Feature","mesh_id":"503360434","municipality_code":"38206","municipality":"西条市","total_population":17,"population_65plus":2,"population_75plus":1,"aging_rate_65plus":0.11764705882352941,"aging_rate_75plus":0.058823529411764705,"population_status":"0","population_status_target":null,"population_aggregation_target":null,"age_65plus_missing":false,"age_75plus_missing":false,"age_quality_flag":"ok","data_completeness":"complete"}},{"type":"Feature","geometry":{"type":"Polygon","coordinates":[[[133.05,33.86666666666667],[133.05625,33.86666666666667],[133.05625,33.87083333333334],[133.05,33.87083333333334],[133.05,33.86666666666667]]]},"properties":{"type":"Feature","mesh_id":"503360441","municipality_code":"38206","municipality":"西条市","total_population":102,"population_65plus":50,"population_75plus":31,"aging_rate_65plus":0.49019607843137253,"aging_rate_75plus":0.30392156862745096,"population_status":"0","population_status_target":null,"population_aggregation_target":null,"age_65plus_missing":false,"age_75plus_missing":false,"age_quality_flag":"ok","data_completeness":"complete"}},{"type":"Feature","geometry":{"type":"Polygon","coordinates":[[[133.05,33.87083333333334],[133.05625,33.87083333333334],[133.05625,33.87500000000001],[133.05,33.87500000000001],[133.05,33.87083333333334]]]},"properties":{"type":"Feature","mesh_id":"503360442","municipality_code":"38206","municipality":"西条市","total_population":16,"population_65plus":9,"population_75plus":2,"aging_rate_65plus":0.5625,"aging_rate_75plus":0.125,"population_status":"0","population_status_target":null,"population_aggregation_target":null,"age_65plus_missing":false,"age_75plus_missing":false,"age_quality_flag":"ok","data_completeness":"complete"}},{"type":"Feature","geometry":{"type":"Polygon","coordinates":[[[133.05625,33.86666666666667],[133.0625,33.86666666666667],[133.0625,33.87083333333334],[133.05625,33.87083333333334],[133.05625,33.86666666666667]]]},"properties":{"type":"Feature","mesh_id":"503360443","municipality_code":"38206","municipality":"西条市","total_population":48,"population_65plus":23,"population_75plus":9,"aging_rate_65plus":0.4791666666666667,"aging_rate_75plus":0.1875,"population_status":"0","population_status_target":null,"population_aggregation_target":null,"age_65plus_missing":false,"age_75plus_missing":false,"age_quality_flag":"ok","data_completeness":"complete"}},{"type":"Feature","geometry":{"type":"Polygon","coordinates":[[[133.05625,33.87083333333334],[133.0625,33.87083333333334],[133.0625,33.87500000000001],[133.05625,33.87500000000001],[133.05625,33.87083333333334]]]},"properties":{"type":"Feature","mesh_id":"503360444","municipality_code":"38206","municipality":"西条市","total_population":190,"population_65plus":101,"population_75plus":56,"aging_rate_65plus":0.531578947368421,"aging_rate_75plus":0.29473684210526313,"population_status":"1","population_status_target":null,"population_aggregation_target":"503360453","age_65plus_missing":false,"age_75plus_missing":false,"age_quality_flag":"ok","data_completeness":"complete"}},{"type":"Feature","geometry":{"type":"Polygon","coordinates":[[[133.06875,33.86666666666667],[133.075,33.86666666666667],[133.075,33.87083333333334],[133.06875,33.87083333333334],[133.06875,33.86666666666667]]]},"properties":{"type":"Feature","mesh_id":"503360453","municipality_code":"38206","municipality":"西条市","total_population":1,"population_65plus":null,"population_75plus":null,"aging_rate_65plus":null,"aging_rate_75plus":null,"population_status":"2","population_status_target":"503360444","population_aggregation_target":null,"age_65plus_missing":true,"age_75plus_missing":true,"age_quality_flag":"ok","data_completeness":"partial"}},{"type":"Feature","geometry":{"type":"Polygon","coordinates":[[[133.075,33.86666666666667],[133.08124999999998,33.86666666666667],[133.08124999999998,33.87083333333334],[133.075,33.87083333333334],[133.075,33.86666666666667]]]},"properties":{"type":"Feature","mesh_id":"503360461","municipality_code":"38206","municipality":"西条市","total_population":50,"population_65plus":28,"population_75plus":21,"aging_rate_65plus":0.56,"aging_rate_75plus":0.42,"population_status":"0","population_status_target":null,"population_aggregation_target":null,"age_65plus_missing":false,"age_75plus_missing":false,"age_quality_flag":"ok","data_completeness":"complete"}},{"type":"Feature","geometry":{"type":"Polygon","coordinates":[[[133.08124999999998,33.86666666666667],[133.08749999999998,33.86666666666667],[133.08749999999998,33.87083333333334],[133.08124999999998,33.87083333333334],[133.08124999999998,33.86666666666667]]]},"properties":{"type":"Feature","mesh_id":"503360463","municipality_code":"38206","municipality":"西条市","total_population":53,"population_65plus":27,"population_75plus":19,"aging_rate_65plus":0.5094339622641509,"aging_rate_75plus":0.3584905660377358,"population_status":"0","population_status_target":null,"population_aggregation_target":null,"age_65plus_missing":false,"age_75plus_missing":false,"age_quality_flag":"ok","data_completeness":"complete"}},{"type":"Feature","geometry":{"type":"Polygon","coordinates":[[[133.0,33.875],[133.00625,33.875],[133.00625,33.87916666666667],[133.0,33.87916666666667],[133.0,33.875]]]},"properties":{"type":"Feature","mesh_id":"503360501","municipality_code":"38206","municipality":"西条市","total_population":31,"population_65plus":18,"population_75plus":15,"aging_rate_65plus":0.5806451612903226,"aging_rate_75plus":0.4838709677419355,"population_status":"1","population_status_target":null,"population_aggregation_target":"503360502","age_65plus_missing":false,"age_75plus_missing":false,"age_quality_flag":"ok","data_completeness":"complete"}},{"type":"Feature","geometry":{"type":"Polygon","coordinates":[[[133.0,33.87916666666667],[133.00625,33.87916666666667],[133.00625,33.88333333333334],[133.0,33.88333333333334],[133.0,33.87916666666667]]]},"properties":{"type":"Feature","mesh_id":"503360502","municipality_code":"38206","municipality":"西条市","total_population":9,"population_65plus":null,"population_75plus":null,"aging_rate_65plus":null,"aging_rate_75plus":null,"population_status":"2","population_status_target":"503360501","population_aggregation_target":null,"age_65plus_missing":true,"age_75plus_missing":true,"age_quality_flag":"ok","data_completeness":"partial"}},{"type":"Feature","geometry":{"type":"Polygon","coordinates":[[[133.0125,33.87916666666667],[133.01874999999998,33.87916666666667],[133.01874999999998,33.88333333333334],[133.0125,33.88333333333334],[133.0125,33.87916666666667]]]},"properties":{"type":"Feature","mesh_id":"503360512","municipality_code":"38206","municipality":"西条市","total_population":3,"population_65plus":null,"population_75plus":null,"aging_rate_65plus":null,"aging_rate_75plus":null,"population_status":"2","population_status_target":"503360513","population_aggregation_target":null,"age_65plus_missing":true,"age_75plus_missing":true,"age_quality_flag":"ok","data_completeness":"partial"}},{"type":"Feature","geometry":{"type":"Polygon","coordinates":[[[133.01874999999998,33.875],[133.02499999999998,33.875],[133.02499999999998,33.87916666666667],[133.01874999999998,33.87916666666667],[133.01874999999998,33.875]]]},"properties":{"type":"Feature","mesh_id":"503360513","municipality_code":"38206","municipality":"西条市","total_population":58,"population_65plus":33,"population_75plus":15,"aging_rate_65plus":0.5689655172413793,"aging_rate_75plus":0.25862068965517243,"population_status":"1","population_status_target":null,"population_aggregation_target":"503360512","age_65plus_missing":false,"age_75plus_missing":false,"age_quality_flag":"ok","data_completeness":"complete"}},{"type":"Feature","geometry":{"type":"Polygon","coordinates":[[[133.01874999999998,33.87916666666667],[133.02499999999998,33.87916666666667],[133.02499999999998,33.88333333333334],[133.01874999999998,33.88333333333334],[133.01874999999998,33.87916666666667]]]},"properties":{"type":"Feature","mesh_id":"503360514","municipality_code":"38206","municipality":"西条市","total_population":137,"population_65plus":55,"population_75plus":21,"aging_rate_65plus":0.40145985401459855,"aging_rate_75plus":0.15328467153284672,"population_status":"0","population_status_target":null,"population_aggregation_target":null,"age_65plus_missing":false,"age_75plus_missing":false,"age_quality_flag":"ok","data_completeness":"complete"}},{"type":"Feature","geometry":{"type":"Polygon","coordinates":[[[133.025,33.87916666666667],[133.03125,33.87916666666667],[133.03125,33.88333333333334],[133.025,33.88333333333334],[133.025,33.87916666666667]]]},"properties":{"type":"Feature","mesh_id":"503360522","municipality_code":"38206","municipality":"西条市","total_population":10,"population_65plus":null,"population_75plus":null,"aging_rate_65plus":null,"aging_rate_75plus":null,"population_status":"2","population_status_target":"503360524","population_aggregation_target":null,"age_65plus_missing":true,"age_75plus_missing":true,"age_quality_flag":"ok","data_completeness":"partial"}},{"type":"Feature","geometry":{"type":"Polygon","coordinates":[[[133.03125,33.875],[133.0375,33.875],[133.0375,33.87916666666667],[133.03125,33.87916666666667],[133.03125,33.875]]]},"properties":{"type":"Feature","mesh_id":"503360523","municipality_code":"38206","municipality":"西条市","total_population":11,"population_65plus":null,"population_75plus":null,"aging_rate_65plus":null,"aging_rate_75plus":null,"population_status":"2","population_status_target":"503360524","population_aggregation_target":null,"age_65plus_missing":true,"age_75plus_missing":true,"age_quality_flag":"ok","data_completeness":"partial"}},{"type":"Feature","geometry":{"type":"Polygon","coordinates":[[[133.03125,33.87916666666667],[133.0375,33.87916666666667],[133.0375,33.88333333333334],[133.03125,33.88333333333334],[133.03125,33.87916666666667]]]},"properties":{"type":"Feature","mesh_id":"503360524","municipality_code":"38206","municipality":"西条市","total_population":123,"population_65plus":58,"population_75plus":28,"aging_rate_65plus":0.4715447154471545,"aging_rate_75plus":0.22764227642276422,"population_status":"1","population_status_target":null,"population_aggregation_target":"503360522;503360523","age_65plus_missing":false,"age_75plus_missing":false,"age_quality_flag":"ok","data_completeness":"complete"}},{"type":"Feature","geometry":{"type":"Polygon","coordinates":[[[133.0375,33.875],[133.04375,33.875],[133.04375,33.87916666666667],[133.0375,33.87916666666667],[133.0375,33.875]]]},"properties":{"type":"Feature","mesh_id":"503360531","municipality_code":"38206","municipality":"西条市","total_population":134,"population_65plus":57,"population_75plus":23,"aging_rate_65plus":0.4253731343283582,"aging_rate_75plus":0.17164179104477612,"population_status":"0","population_status_target":null,"population_aggregation_target":null,"age_65plus_missing":false,"age_75plus_missing":false,"age_quality_flag":"ok","data_completeness":"complete"}},{"type":"Feature","geometry":{"type":"Polygon","coordinates":[[[133.0375,33.87916666666667],[133.04375,33.87916666666667],[133.04375,33.88333333333334],[133.0375,33.88333333333334],[133.0375,33.87916666666667]]]},"properties":{"type":"Feature","mesh_id":"503360532","municipality_code":"38206","municipality":"西条市","total_population":58,"population_65plus":24,"population_75plus":12,"aging_rate_65plus":0.41379310344827586,"aging_rate_75plus":0.20689655172413793,"population_status":"0","population_status_target":null,"population_aggregation_target":null,"age_65plus_missing":false,"age_75plus_missing":false,"age_quality_flag":"ok","data_completeness":"complete"}},{"type":"Feature","geometry":{"type":"Polygon","coordinates":[[[133.04375,33.875],[133.04999999999998,33.875],[133.04999999999998,33.87916666666667],[133.04375,33.87916666666667],[133.04375,33.875]]]},"properties":{"type":"Feature","mesh_id":"503360533","municipality_code":"38206","municipality":"西条市","total_population":77,"population_65plus":22,"population_75plus":15,"aging_rate_65plus":0.2857142857142857,"aging_rate_75plus":0.19480519480519481,"population_status":"0","population_status_target":null,"population_aggregation_target":null,"age_65plus_missing":false,"age_75plus_missing":false,"age_quality_flag":"ok","data_completeness":"complete"}},{"type":"Feature","geometry":{"type":"Polygon","coordinates":[[[133.04375,33.87916666666667],[133.04999999999998,33.87916666666667],[133.04999999999998,33.88333333333334],[133.04375,33.88333333333334],[133.04375,33.87916666666667]]]},"properties":{"type":"Feature","mesh_id":"503360534","municipality_code":"38206","municipality":"西条市","total_population":230,"population_65plus":93,"population_75plus":49,"aging_rate_65plus":0.4043478260869565,"aging_rate_75plus":0.21304347826086956,"population_status":"0","population_status_target":null,"population_aggregation_target":null,"age_65plus_missing":false,"age_75plus_missing":false,"age_quality_flag":"ok","data_completeness":"complete"}},{"type":"Feature","geometry":{"type":"Polygon","coordinates":[[[133.05,33.875],[133.05625,33.875],[133.05625,33.87916666666667],[133.05,33.87916666666667],[133.05,33.875]]]},"properties":{"type":"Feature","mesh_id":"503360541","municipality_code":"38206","municipality":"西条市","total_population":8,"population_65plus":null,"population_75plus":null,"aging_rate_65plus":null,"aging_rate_75plus":null,"population_status":"2","population_status_target":"503360543","population_aggregation_target":null,"age_65plus_missing":true,"age_75plus_missing":true,"age_quality_flag":"ok","data_completeness":"partial"}},{"type":"Feature","geometry":{"type":"Polygon","coordinates":[[[133.05,33.87916666666667],[133.05625,33.87916666666667],[133.05625,33.88333333333334],[133.05,33.88333333333334],[133.05,33.87916666666667]]]},"properties":{"type":"Feature","mesh_id":"503360542","municipality_code":"38206","municipality":"西条市","total_population":6,"population_65plus":null,"population_75plus":null,"aging_rate_65plus":null,"aging_rate_75plus":null,"population_status":"2","population_status_target":"503360543","population_aggregation_target":null,"age_65plus_missing":true,"age_75plus_missing":true,"age_quality_flag":"ok","data_completeness":"partial"}},{"type":"Feature","geometry":{"type":"Polygon","coordinates":[[[133.05625,33.875],[133.0625,33.875],[133.0625,33.87916666666667],[133.05625,33.87916666666667],[133.05625,33.875]]]},"properties":{"type":"Feature","mesh_id":"503360543","municipality_code":"38206","municipality":"西条市","total_population":126,"population_65plus":74,"population_75plus":32,"aging_rate_65plus":0.5873015873015873,"aging_rate_75plus":0.25396825396825395,"population_status":"1","population_status_target":null,"population_aggregation_target":"503360541;503360542;503360544","age_65plus_missing":false,"age_75plus_missing":false,"age_quality_flag":"ok","data_completeness":"complete"}},{"type":"Feature","geometry":{"type":"Polygon","coordinates":[[[133.05625,33.87916666666667],[133.0625,33.87916666666667],[133.0625,33.88333333333334],[133.05625,33.88333333333334],[133.05625,33.87916666666667]]]},"properties":{"type":"Feature","mesh_id":"503360544","municipality_code":"38206","municipality":"西条市","total_population":9,"population_65plus":null,"population_75plus":null,"aging_rate_65plus":null,"aging_rate_75plus":null,"population_status":"2","population_status_target":"503360543","population_aggregation_target":null,"age_65plus_missing":true,"age_75plus_missing":true,"age_quality_flag":"ok","data_completeness":"partial"}},{"type":"Feature","geometry":{"type":"Polygon","coordinates":[[[133.0625,33.875],[133.06875,33.875],[133.06875,33.87916666666667],[133.0625,33.87916666666667],[133.0625,33.875]]]},"properties":{"type":"Feature","mesh_id":"503360551","municipality_code":"38206","municipality":"西条市","total_population":100,"population_65plus":44,"population_75plus":24,"aging_rate_65plus":0.44,"aging_rate_75plus":0.24,"population_status":"1","population_status_target":null,"population_aggregation_target":"503360553","age_65plus_missing":false,"age_75plus_missing":false,"age_quality_flag":"ok","data_completeness":"complete"}},{"type":"Feature","geometry":{"type":"Polygon","coordinates":[[[133.0625,33.87916666666667],[133.06875,33.87916666666667],[133.06875,33.88333333333334],[133.0625,33.88333333333334],[133.0625,33.87916666666667]]]},"properties":{"type":"Feature","mesh_id":"503360552","municipality_code":"38206","municipality":"西条市","total_population":51,"population_65plus":17,"population_75plus":6,"aging_rate_65plus":0.3333333333333333,"aging_rate_75plus":0.11764705882352941,"population_status":"0","population_status_target":null,"population_aggregation_target":null,"age_65plus_missing":false,"age_75plus_missing":false,"age_quality_flag":"ok","data_completeness":"complete"}},{"type":"Feature","geometry":{"type":"Polygon","coordinates":[[[133.06875,33.875],[133.075,33.875],[133.075,33.87916666666667],[133.06875,33.87916666666667],[133.06875,33.875]]]},"properties":{"type":"Feature","mesh_id":"503360553","municipality_code":"38206","municipality":"西条市","total_population":5,"population_65plus":null,"population_75plus":null,"aging_rate_65plus":null,"aging_rate_75plus":null,"population_status":"2","population_status_target":"503360551","population_aggregation_target":null,"age_65plus_missing":true,"age_75plus_missing":true,"age_quality_flag":"ok","data_completeness":"partial"}},{"type":"Feature","geometry":{"type":"Polygon","coordinates":[[[133.06875,33.87916666666667],[133.075,33.87916666666667],[133.075,33.88333333333334],[133.06875,33.88333333333334],[133.06875,33.87916666666667]]]},"properties":{"type":"Feature","mesh_id":"503360554","municipality_code":"38206","municipality":"西条市","total_population":206,"population_65plus":86,"population_75plus":50,"aging_rate_65plus":0.4174757281553398,"aging_rate_75plus":0.24271844660194175,"population_status":"0","population_status_target":null,"population_aggregation_target":null,"age_65plus_missing":false,"age_75plus_missing":false,"age_quality_flag":"ok","data_completeness":"complete"}},{"type":"Feature","geometry":{"type":"Polygon","coordinates":[[[133.075,33.875],[133.08124999999998,33.875],[133.08124999999998,33.87916666666667],[133.075,33.87916666666667],[133.075,33.875]]]},"properties":{"type":"Feature","mesh_id":"503360561","municipality_code":"38206","municipality":"西条市","total_population":46,"population_65plus":16,"population_75plus":11,"aging_rate_65plus":0.34782608695652173,"aging_rate_75plus":0.2391304347826087,"population_status":"0","population_status_target":null,"population_aggregation_target":null,"age_65plus_missing":false,"age_75plus_missing":false,"age_quality_flag":"ok","data_completeness":"complete"}},{"type":"Feature","geometry":{"type":"Polygon","coordinates":[[[133.08124999999998,33.875],[133.08749999999998,33.875],[133.08749999999998,33.87916666666667],[133.08124999999998,33.87916666666667],[133.08124999999998,33.875]]]},"properties":{"type":"Feature","mesh_id":"503360563","municipality_code":"38206","municipality":"西条市","total_population":348,"population_65plus":132,"population_75plus":68,"aging_rate_65plus":0.3793103448275862,"aging_rate_75plus":0.19540229885057472,"population_status":"0","population_status_target":null,"population_aggregation_target":null,"age_65plus_missing":false,"age_75plus_missing":false,"age_quality_flag":"ok","data_completeness":"complete"}},{"type":"Feature","geometry":{"type":"Polygon","coordinates":[[[133.08124999999998,33.87916666666667],[133.08749999999998,33.87916666666667],[133.08749999999998,33.88333333333334],[133.08124999999998,33.88333333333334],[133.08124999999998,33.87916666666667]]]},"properties":{"type":"Feature","mesh_id":"503360564","municipality_code":"38206","municipality":"西条市","total_population":70,"population_65plus":26,"population_75plus":18,"aging_rate_65plus":0.37142857142857144,"aging_rate_75plus":0.2571428571428571,"population_status":"0","population_status_target":null,"population_aggregation_target":null,"age_65plus_missing":false,"age_75plus_missing":false,"age_quality_flag":"ok","data_completeness":"complete"}},{"type":"Feature","geometry":{"type":"Polygon","coordinates":[[[133.10625,33.875],[133.11249999999998,33.875],[133.11249999999998,33.87916666666667],[133.10625,33.87916666666667],[133.10625,33.875]]]},"properties":{"type":"Feature","mesh_id":"503360583","municipality_code":"38206","municipality":"西条市","total_population":8,"population_65plus":7,"population_75plus":4,"aging_rate_65plus":0.875,"aging_rate_75plus":0.5,"population_status":"1","population_status_target":null,"population_aggregation_target":"503360584","age_65plus_missing":false,"age_75plus_missing":false,"age_quality_flag":"ok","data_completeness":"complete"}},{"type":"Feature","geometry":{"type":"Polygon","coordinates":[[[133.10625,33.87916666666667],[133.11249999999998,33.87916666666667],[133.11249999999998,33.88333333333334],[133.10625,33.88333333333334],[133.10625,33.87916666666667]]]},"properties":{"type":"Feature","mesh_id":"503360584","municipality_code":"38206","municipality":"西条市","total_population":5,"population_65plus":null,"population_75plus":null,"aging_rate_65plus":null,"aging_rate_75plus":null,"population_status":"2","population_status_target":"503360583","population_aggregation_target":null,"age_65plus_missing":true,"age_75plus_missing":true,"age_quality_flag":"ok","data_completeness":"partial"}},{"type":"Feature","geometry":{"type":"Polygon","coordinates":[[[133.11875,33.87916666666667],[133.125,33.87916666666667],[133.125,33.88333333333334],[133.11875,33.88333333333334],[133.11875,33.87916666666667]]]},"properties":{"type":"Feature","mesh_id":"503360594","municipality_code":"38206","municipality":"西条市","total_population":11,"population_65plus":null,"population_75plus":null,"aging_rate_65plus":null,"aging_rate_75plus":null,"population_status":"2","population_status_target":"503360692","population_aggregation_target":null,"age_65plus_missing":true,"age_75plus_missing":true,"age_quality_flag":"ok","data_completeness":"partial"}},{"type":"Feature","geometry":{"type":"Polygon","coordinates":[[[133.0,33.8875],[133.00625,33.8875],[133.00625,33.89166666666667],[133.0,33.89166666666667],[133.0,33.8875]]]},"properties":{"type":"Feature","mesh_id":"503360602","municipality_code":"38206","municipality":"西条市","total_population":12,"population_65plus":null,"population_75plus":null,"aging_rate_65plus":null,"aging_rate_75plus":null,"population_status":"2","population_status_target":"503360611","population_aggregation_target":null,"age_65plus_missing":true,"age_75plus_missing":true,"age_quality_flag":"ok","data_completeness":"partial"}},{"type":"Feature","geometry":{"type":"Polygon","coordinates":[[[133.00625,33.88333333333333],[133.0125,33.88333333333333],[133.0125,33.8875],[133.00625,33.8875],[133.00625,33.88333333333333]]]},"properties":{"type":"Feature","mesh_id":"503360603","municipality_code":"38206","municipality":"西条市","total_population":3,"population_65plus":null,"population_75plus":null,"aging_rate_65plus":null,"aging_rate_75plus":null,"population_status":"2","population_status_target":"503360611","population_aggregation_target":null,"age_65plus_missing":true,"age_75plus_missing":true,"age_quality_flag":"ok","data_completeness":"partial"}},{"type":"Feature","geometry":{"type":"Polygon","coordinates":[[[133.0125,33.88333333333333],[133.01874999999998,33.88333333333333],[133.01874999999998,33.8875],[133.0125,33.8875],[133.0125,33.88333333333333]]]},"properties":{"type":"Feature","mesh_id":"503360611","municipality_code":"38206","municipality":"西条市","total_population":16,"population_65plus":12,"population_75plus":4,"aging_rate_65plus":0.75,"aging_rate_75plus":0.25,"population_status":"1","population_status_target":null,"population_aggregation_target":"503360602;503360603","age_65plus_missing":false,"age_75plus_missing":false,"age_quality_flag":"ok","data_completeness":"complete"}},{"type":"Feature","geometry":{"type":"Polygon","coordinates":[[[133.025,33.88333333333333],[133.03125,33.88333333333333],[133.03125,33.8875],[133.025,33.8875],[133.025,33.88333333333333]]]},"properties":{"type":"Feature","mesh_id":"503360621","municipality_code":"38206","municipality":"西条市","total_population":8,"population_65plus":null,"population_75plus":null,"aging_rate_65plus":null,"aging_rate_75plus":null,"population_status":"2","population_status_target":"503360623","population_aggregation_target":null,"age_65plus_missing":true,"age_75plus_missing":true,"age_quality_flag":"ok","data_completeness":"partial"}},{"type":"Feature","geometry":{"type":"Polygon","coordinates":[[[133.025,33.8875],[133.03125,33.8875],[133.03125,33.89166666666667],[133.025,33.89166666666667],[133.025,33.8875]]]},"properties":{"type":"Feature","mesh_id":"503360622","municipality_code":"38206","municipality":"西条市","total_population":52,"population_65plus":21,"population_75plus":10,"aging_rate_65plus":0.40384615384615385,"aging_rate_75plus":0.19230769230769232,"population_status":"0","population_status_target":null,"population_aggregation_target":null,"age_65plus_missing":false,"age_75plus_missing":false,"age_quality_flag":"ok","data_completeness":"complete"}},{"type":"Feature","geometry":{"type":"Polygon","coordinates":[[[133.03125,33.88333333333333],[133.0375,33.88333333333333],[133.0375,33.8875],[133.03125,33.8875],[133.03125,33.88333333333333]]]},"properties":{"type":"Feature","mesh_id":"503360623","municipality_code":"38206","municipality":"西条市","total_population":44,"population_65plus":29,"population_75plus":11,"aging_rate_65plus":0.6590909090909091,"aging_rate_75plus":0.25,"population_status":"1","population_status_target":null,"population_aggregation_target":"503360621","age_65plus_missing":false,"age_75plus_missing":false,"age_quality_flag":"ok","data_completeness":"complete"}},{"type":"Feature","geometry":{"type":"Polygon","coordinates":[[[133.03125,33.8875],[133.0375,33.8875],[133.0375,33.89166666666667],[133.03125,33.89166666666667],[133.03125,33.8875]]]},"properties":{"type":"Feature","mesh_id":"503360624","municipality_code":"38206","municipality":"西条市","total_population":33,"population_65plus":12,"population_75plus":9,"aging_rate_65plus":0.36363636363636365,"aging_rate_75plus":0.2727272727272727,"population_status":"0","population_status_target":null,"population_aggregation_target":null,"age_65plus_missing":false,"age_75plus_missing":false,"age_quality_flag":"ok","data_completeness":"complete"}},{"type":"Feature","geometry":{"type":"Polygon","coordinates":[[[133.0375,33.88333333333333],[133.04375,33.88333333333333],[133.04375,33.8875],[133.0375,33.8875],[133.0375,33.88333333333333]]]},"properties":{"type":"Feature","mesh_id":"503360631","municipality_code":"38206","municipality":"西条市","total_population":66,"population_65plus":34,"population_75plus":19,"aging_rate_65plus":0.5151515151515151,"aging_rate_75plus":0.2878787878787879,"population_status":"0","population_status_target":null,"population_aggregation_target":null,"age_65plus_missing":false,"age_75plus_missing":false,"age_quality_flag":"ok","data_completeness":"complete"}},{"type":"Feature","geometry":{"type":"Polygon","coordinates":[[[133.0375,33.8875],[133.04375,33.8875],[133.04375,33.89166666666667],[133.0375,33.89166666666667],[133.0375,33.8875]]]},"properties":{"type":"Feature","mesh_id":"503360632","municipality_code":"38206","municipality":"西条市","total_population":63,"population_65plus":37,"population_75plus":23,"aging_rate_65plus":0.5873015873015873,"aging_rate_75plus":0.36507936507936506,"population_status":"0","population_status_target":null,"population_aggregation_target":null,"age_65plus_missing":false,"age_75plus_missing":false,"age_quality_flag":"ok","data_completeness":"complete"}},{"type":"Feature","geometry":{"type":"Polygon","coordinates":[[[133.04375,33.88333333333333],[133.04999999999998,33.88333333333333],[133.04999999999998,33.8875],[133.04375,33.8875],[133.04375,33.88333333333333]]]},"properties":{"type":"Feature","mesh_id":"503360633","municipality_code":"38206","municipality":"西条市","total_population":22,"population_65plus":11,"population_75plus":5,"aging_rate_65plus":0.5,"aging_rate_75plus":0.22727272727272727,"population_status":"0","population_status_target":null,"population_aggregation_target":null,"age_65plus_missing":false,"age_75plus_missing":false,"age_quality_flag":"ok","data_completeness":"complete"}},{"type":"Feature","geometry":{"type":"Polygon","coordinates":[[[133.04375,33.8875],[133.04999999999998,33.8875],[133.04999999999998,33.89166666666667],[133.04375,33.89166666666667],[133.04375,33.8875]]]},"properties":{"type":"Feature","mesh_id":"503360634","municipality_code":"38206","municipality":"西条市","total_population":163,"population_65plus":62,"population_75plus":26,"aging_rate_65plus":0.3803680981595092,"aging_rate_75plus":0.15950920245398773,"population_status":"0","population_status_target":null,"population_aggregation_target":null,"age_65plus_missing":false,"age_75plus_missing":false,"age_quality_flag":"ok","data_completeness":"complete"}},{"type":"Feature","geometry":{"type":"Polygon","coordinates":[[[133.05,33.88333333333333],[133.05625,33.88333333333333],[133.05625,33.8875],[133.05,33.8875],[133.05,33.88333333333333]]]},"properties":{"type":"Feature","mesh_id":"503360641","municipality_code":"38206","municipality":"西条市","total_population":182,"population_65plus":65,"population_75plus":42,"aging_rate_65plus":0.35714285714285715,"aging_rate_75plus":0.23076923076923078,"population_status":"0","population_status_target":null,"population_aggregation_target":null,"age_65plus_missing":false,"age_75plus_missing":false,"age_quality_flag":"ok","data_completeness":"complete"}},{"type":"Feature","geometry":{"type":"Polygon","coordinates":[[[133.05,33.8875],[133.05625,33.8875],[133.05625,33.89166666666667],[133.05,33.89166666666667],[133.05,33.8875]]]},"properties":{"type":"Feature","mesh_id":"503360642","municipality_code":"38206","municipality":"西条市","total_population":42,"population_65plus":17,"population_75plus":5,"aging_rate_65plus":0.40476190476190477,"aging_rate_75plus":0.11904761904761904,"population_status":"0","population_status_target":null,"population_aggregation_target":null,"age_65plus_missing":false,"age_75plus_missing":false,"age_quality_flag":"ok","data_completeness":"complete"}},{"type":"Feature","geometry":{"type":"Polygon","coordinates":[[[133.05625,33.88333333333333],[133.0625,33.88333333333333],[133.0625,33.8875],[133.05625,33.8875],[133.05625,33.88333333333333]]]},"properties":{"type":"Feature","mesh_id":"503360643","municipality_code":"38206","municipality":"西条市","total_population":84,"population_65plus":27,"population_75plus":11,"aging_rate_65plus":0.32142857142857145,"aging_rate_75plus":0.13095238095238096,"population_status":"0","population_status_target":null,"population_aggregation_target":null,"age_65plus_missing":false,"age_75plus_missing":false,"age_quality_flag":"ok","data_completeness":"complete"}},{"type":"Feature","geometry":{"type":"Polygon","coordinates":[[[133.0625,33.88333333333333],[133.06875,33.88333333333333],[133.06875,33.8875],[133.0625,33.8875],[133.0625,33.88333333333333]]]},"properties":{"type":"Feature","mesh_id":"503360651","municipality_code":"38206","municipality":"西条市","total_population":29,"population_65plus":11,"population_75plus":6,"aging_rate_65plus":0.3793103448275862,"aging_rate_75plus":0.20689655172413793,"population_status":"0","population_status_target":null,"population_aggregation_target":null,"age_65plus_missing":false,"age_75plus_missing":false,"age_quality_flag":"ok","data_completeness":"complete"}},{"type":"Feature","geometry":{"type":"Polygon","coordinates":[[[133.0625,33.8875],[133.06875,33.8875],[133.06875,33.89166666666667],[133.0625,33.89166666666667],[133.0625,33.8875]]]},"properties":{"type":"Feature","mesh_id":"503360652","municipality_code":"38206","municipality":"西条市","total_population":242,"population_65plus":209,"population_75plus":179,"aging_rate_65plus":0.8636363636363636,"aging_rate_75plus":0.7396694214876033,"population_status":"0","population_status_target":null,"population_aggregation_target":null,"age_65plus_missing":false,"age_75plus_missing":false,"age_quality_flag":"ok","data_completeness":"complete"}},{"type":"Feature","geometry":{"type":"Polygon","coordinates":[[[133.06875,33.88333333333333],[133.075,33.88333333333333],[133.075,33.8875],[133.06875,33.8875],[133.06875,33.88333333333333]]]},"properties":{"type":"Feature","mesh_id":"503360653","municipality_code":"38206","municipality":"西条市","total_population":113,"population_65plus":29,"population_75plus":12,"aging_rate_65plus":0.25663716814159293,"aging_rate_75plus":0.10619469026548672,"population_status":"1","population_status_target":null,"population_aggregation_target":"503360654","age_65plus_missing":false,"age_75plus_missing":false,"age_quality_flag":"ok","data_completeness":"complete"}},{"type":"Feature","geometry":{"type":"Polygon","coordinates":[[[133.06875,33.8875],[133.075,33.8875],[133.075,33.89166666666667],[133.06875,33.89166666666667],[133.06875,33.8875]]]},"properties":{"type":"Feature","mesh_id":"503360654","municipality_code":"38206","municipality":"西条市","total_population":4,"population_65plus":null,"population_75plus":null,"aging_rate_65plus":null,"aging_rate_75plus":null,"population_status":"2","population_status_target":"503360653","population_aggregation_target":null,"age_65plus_missing":true,"age_75plus_missing":true,"age_quality_flag":"ok","data_completeness":"partial"}},{"type":"Feature","geometry":{"type":"Polygon","coordinates":[[[133.075,33.88333333333333],[133.08124999999998,33.88333333333333],[133.08124999999998,33.8875],[133.075,33.8875],[133.075,33.88333333333333]]]},"properties":{"type":"Feature","mesh_id":"503360661","municipality_code":"38206","municipality":"西条市","total_population":201,"population_65plus":78,"population_75plus":33,"aging_rate_65plus":0.3880597014925373,"aging_rate_75plus":0.16417910447761194,"population_status":"0","population_status_target":null,"population_aggregation_target":null,"age_65plus_missing":false,"age_75plus_missing":false,"age_quality_flag":"ok","data_completeness":"complete"}},{"type":"Feature","geometry":{"type":"Polygon","coordinates":[[[133.075,33.8875],[133.08124999999998,33.8875],[133.08124999999998,33.89166666666667],[133.075,33.89166666666667],[133.075,33.8875]]]},"properties":{"type":"Feature","mesh_id":"503360662","municipality_code":"38206","municipality":"西条市","total_population":70,"population_65plus":37,"population_75plus":18,"aging_rate_65plus":0.5285714285714286,"aging_rate_75plus":0.2571428571428571,"population_status":"0","population_status_target":null,"population_aggregation_target":null,"age_65plus_missing":false,"age_75plus_missing":false,"age_quality_flag":"ok","data_completeness":"complete"}},{"type":"Feature","geometry":{"type":"Polygon","coordinates":[[[133.08124999999998,33.88333333333333],[133.08749999999998,33.88333333333333],[133.08749999999998,33.8875],[133.08124999999998,33.8875],[133.08124999999998,33.88333333333333]]]},"properties":{"type":"Feature","mesh_id":"503360663","municipality_code":"38206","municipality":"西条市","total_population":12,"population_65plus":4,"population_75plus":3,"aging_rate_65plus":0.3333333333333333,"aging_rate_75plus":0.25,"population_status":"0","population_status_target":null,"population_aggregation_target":null,"age_65plus_missing":false,"age_75plus_missing":false,"age_quality_flag":"ok","data_completeness":"complete"}},{"type":"Feature","geometry":{"type":"Polygon","coordinates":[[[133.08124999999998,33.8875],[133.08749999999998,33.8875],[133.08749999999998,33.89166666666667],[133.08124999999998,33.89166666666667],[133.08124999999998,33.8875]]]},"properties":{"type":"Feature","mesh_id":"503360664","municipality_code":"38206","municipality":"西条市","total_population":132,"population_65plus":64,"population_75plus":31,"aging_rate_65plus":0.48484848484848486,"aging_rate_75plus":0.23484848484848486,"population_status":"0","population_status_target":null,"population_aggregation_target":null,"age_65plus_missing":false,"age_75plus_missing":false,"age_quality_flag":"ok","data_completeness":"complete"}},{"type":"Feature","geometry":{"type":"Polygon","coordinates":[[[133.09375,33.88333333333333],[133.1,33.88333333333333],[133.1,33.8875],[133.09375,33.8875],[133.09375,33.88333333333333]]]},"properties":{"type":"Feature","mesh_id":"503360673","municipality_code":"38206","municipality":"西条市","total_population":69,"population_65plus":31,"population_75plus":12,"aging_rate_65plus":0.4492753623188406,"aging_rate_75plus":0.17391304347826086,"population_status":"0","population_status_target":null,"population_aggregation_target":null,"age_65plus_missing":false,"age_75plus_missing":false,"age_quality_flag":"ok","data_completeness":"complete"}},{"type":"Feature","geometry":{"type":"Polygon","coordinates":[[[133.1,33.88333333333333],[133.10625,33.88333333333333],[133.10625,33.8875],[133.1,33.8875],[133.1,33.88333333333333]]]},"properties":{"type":"Feature","mesh_id":"503360681","municipality_code":"38206","municipality":"西条市","total_population":15,"population_65plus":3,"population_75plus":0,"aging_rate_65plus":0.2,"aging_rate_75plus":0.0,"population_status":"0","population_status_target":null,"population_aggregation_target":null,"age_65plus_missing":false,"age_75plus_missing":false,"age_quality_flag":"ok","data_completeness":"complete"}},{"type":"Feature","geometry":{"type":"Polygon","coordinates":[[[133.10625,33.88333333333333],[133.11249999999998,33.88333333333333],[133.11249999999998,33.8875],[133.10625,33.8875],[133.10625,33.88333333333333]]]},"properties":{"type":"Feature","mesh_id":"503360683","municipality_code":"38206","municipality":"西条市","total_population":5,"population_65plus":null,"population_75plus":null,"aging_rate_65plus":null,"aging_rate_75plus":null,"population_status":"2","population_status_target":"503360684","population_aggregation_target":null,"age_65plus_missing":true,"age_75plus_missing":true,"age_quality_flag":"ok","data_completeness":"partial"}},{"type":"Feature","geometry":{"type":"Polygon","coordinates":[[[133.10625,33.8875],[133.11249999999998,33.8875],[133.11249999999998,33.89166666666667],[133.10625,33.89166666666667],[133.10625,33.8875]]]},"properties":{"type":"Feature","mesh_id":"503360684","municipality_code":"38206","municipality":"西条市","total_population":65,"population_65plus":33,"population_75plus":19,"aging_rate_65plus":0.5076923076923077,"aging_rate_75plus":0.2923076923076923,"population_status":"1","population_status_target":null,"population_aggregation_target":"503360683","age_65plus_missing":false,"age_75plus_missing":false,"age_quality_flag":"ok","data_completeness":"complete"}},{"type":"Feature","geometry":{"type":"Polygon","coordinates":[[[133.1125,33.88333333333333],[133.11875,33.88333333333333],[133.11875,33.8875],[133.1125,33.8875],[133.1125,33.88333333333333]]]},"properties":{"type":"Feature","mesh_id":"503360691","municipality_code":"38206","municipality":"西条市","total_population":74,"population_65plus":21,"population_75plus":12,"aging_rate_65plus":0.28378378378378377,"aging_rate_75plus":0.16216216216216217,"population_status":"0","population_status_target":null,"population_aggregation_target":null,"age_65plus_missing":false,"age_75plus_missing":false,"age_quality_flag":"ok","data_completeness":"complete"}},{"type":"Feature","geometry":{"type":"Polygon","coordinates":[[[133.1125,33.8875],[133.11875,33.8875],[133.11875,33.89166666666667],[133.1125,33.89166666666667],[133.1125,33.8875]]]},"properties":{"type":"Feature","mesh_id":"503360692","municipality_code":"38206","municipality":"西条市","total_population":16,"population_65plus":4,"population_75plus":2,"aging_rate_65plus":0.25,"aging_rate_75plus":0.125,"population_status":"1","population_status_target":null,"population_aggregation_target":"503360594","age_65plus_missing":false,"age_75plus_missing":false,"age_quality_flag":"ok","data_completeness":"complete"}},{"type":"Feature","geometry":{"type":"Polygon","coordinates":[[[133.11875,33.88333333333333],[133.125,33.88333333333333],[133.125,33.8875],[133.11875,33.8875],[133.11875,33.88333333333333]]]},"properties":{"type":"Feature","mesh_id":"503360693","municipality_code":"38206","municipality":"西条市","total_population":223,"population_65plus":73,"population_75plus":37,"aging_rate_65plus":0.3273542600896861,"aging_rate_75plus":0.16591928251121077,"population_status":"0","population_status_target":null,"population_aggregation_target":null,"age_65plus_missing":false,"age_75plus_missing":false,"age_quality_flag":"ok","data_completeness":"complete"}},{"type":"Feature","geometry":{"type":"Polygon","coordinates":[[[133.11875,33.8875],[133.125,33.8875],[133.125,33.89166666666667],[133.11875,33.89166666666667],[133.11875,33.8875]]]},"properties":{"type":"Feature","mesh_id":"503360694","municipality_code":"38206","municipality":"西条市","total_population":19,"population_65plus":4,"population_75plus":4,"aging_rate_65plus":0.21052631578947367,"aging_rate_75plus":0.21052631578947367,"population_status":"0","population_status_target":null,"population_aggregation_target":null,"age_65plus_missing":false,"age_75plus_missing":false,"age_quality_flag":"ok","data_completeness":"complete"}},{"type":"Feature","geometry":{"type":"Polygon","coordinates":[[[133.025,33.891666666666666],[133.03125,33.891666666666666],[133.03125,33.895833333333336],[133.025,33.895833333333336],[133.025,33.891666666666666]]]},"properties":{"type":"Feature","mesh_id":"503360721","municipality_code":"38206","municipality":"西条市","total_population":4,"population_65plus":null,"population_75plus":null,"aging_rate_65plus":null,"aging_rate_75plus":null,"population_status":"2","population_status_target":"503360724","population_aggregation_target":null,"age_65plus_missing":true,"age_75plus_missing":true,"age_quality_flag":"ok","data_completeness":"partial"}},{"type":"Feature","geometry":{"type":"Polygon","coordinates":[[[133.03125,33.895833333333336],[133.0375,33.895833333333336],[133.0375,33.900000000000006],[133.03125,33.900000000000006],[133.03125,33.895833333333336]]]},"properties":{"type":"Feature","mesh_id":"503360724","municipality_code":"38206","municipality":"西条市","total_population":70,"population_65plus":44,"population_75plus":19,"aging_rate_65plus":0.6285714285714286,"aging_rate_75plus":0.2714285714285714,"population_status":"1","population_status_target":null,"population_aggregation_target":"503360721","age_65plus_missing":false,"age_75plus_missing":false,"age_quality_flag":"ok","data_completeness":"complete"}},{"type":"Feature","geometry":{"type":"Polygon","coordinates":[[[133.0375,33.895833333333336],[133.04375,33.895833333333336],[133.04375,33.900000000000006],[133.0375,33.900000000000006],[133.0375,33.895833333333336]]]},"properties":{"type":"Feature","mesh_id":"503360732","municipality_code":"38206","municipality":"西条市","total_population":85,"population_65plus":33,"population_75plus":14,"aging_rate_65plus":0.38823529411764707,"aging_rate_75plus":0.16470588235294117,"population_status":"1","population_status_target":null,"population_aggregation_target":"503360734","age_65plus_missing":false,"age_75plus_missing":false,"age_quality_flag":"ok","data_completeness":"complete"}},{"type":"Feature","geometry":{"type":"Polygon","coordinates":[[[133.04375,33.895833333333336],[133.04999999999998,33.895833333333336],[133.04999999999998,33.900000000000006],[133.04375,33.900000000000006],[133.04375,33.895833333333336]]]},"properties":{"type":"Feature","mesh_id":"503360734","municipality_code":"38206","municipality":"西条市","total_population":4,"population_65plus":null,"population_75plus":null,"aging_rate_65plus":null,"aging_rate_75plus":null,"population_status":"2","population_status_target":"503360732","population_aggregation_target":null,"age_65plus_missing":true,"age_75plus_missing":true,"age_quality_flag":"ok","data_completeness":"partial"}},{"type":"Feature","geometry":{"type":"Polygon","coordinates":[[[133.05,33.891666666666666],[133.05625,33.891666666666666],[133.05625,33.895833333333336],[133.05,33.895833333333336],[133.05,33.891666666666666]]]},"properties":{"type":"Feature","mesh_id":"503360741","municipality_code":"38206","municipality":"西条市","total_population":72,"population_65plus":28,"population_75plus":12,"aging_rate_65plus":0.3888888888888889,"aging_rate_75plus":0.16666666666666666,"population_status":"0","population_status_target":null,"population_aggregation_target":null,"age_65plus_missing":false,"age_75plus_missing":false,"age_quality_flag":"ok","data_completeness":"complete"}},{"type":"Feature","geometry":{"type":"Polygon","coordinates":[[[133.05,33.895833333333336],[133.05625,33.895833333333336],[133.05625,33.900000000000006],[133.05,33.900000000000006],[133.05,33.895833333333336]]]},"properties":{"type":"Feature","mesh_id":"503360742","municipality_code":"38206","municipality":"西条市","total_population":12,"population_65plus":5,"population_75plus":3,"aging_rate_65plus":0.4166666666666667,"aging_rate_75plus":0.25,"population_status":"0","population_status_target":null,"population_aggregation_target":null,"age_65plus_missing":false,"age_75plus_missing":false,"age_quality_flag":"ok","data_completeness":"complete"}},{"type":"Feature","geometry":{"type":"Polygon","coordinates":[[[133.05625,33.891666666666666],[133.0625,33.891666666666666],[133.0625,33.895833333333336],[133.05625,33.895833333333336],[133.05625,33.891666666666666]]]},"properties":{"type":"Feature","mesh_id":"503360743","municipality_code":"38206","municipality":"西条市","total_population":84,"population_65plus":36,"population_75plus":17,"aging_rate_65plus":0.42857142857142855,"aging_rate_75plus":0.20238095238095238,"population_status":"0","population_status_target":null,"population_aggregation_target":null,"age_65plus_missing":false,"age_75plus_missing":false,"age_quality_flag":"ok","data_completeness":"complete"}},{"type":"Feature","geometry":{"type":"Polygon","coordinates":[[[133.05625,33.895833333333336],[133.0625,33.895833333333336],[133.0625,33.900000000000006],[133.05625,33.900000000000006],[133.05625,33.895833333333336]]]},"properties":{"type":"Feature","mesh_id":"503360744","municipality_code":"38206","municipality":"西条市","total_population":186,"population_65plus":62,"population_75plus":29,"aging_rate_65plus":0.3333333333333333,"aging_rate_75plus":0.15591397849462366,"population_status":"0","population_status_target":null,"population_aggregation_target":null,"age_65plus_missing":false,"age_75plus_missing":false,"age_quality_flag":"ok","data_completeness":"complete"}},{"type":"Feature","geometry":{"type":"Polygon","coordinates":[[[133.0625,33.891666666666666],[133.06875,33.891666666666666],[133.06875,33.895833333333336],[133.0625,33.895833333333336],[133.0625,33.891666666666666]]]},"properties":{"type":"Feature","mesh_id":"503360751","municipality_code":"38206","municipality":"西条市","total_population":157,"population_65plus":55,"population_75plus":28,"aging_rate_65plus":0.3503184713375796,"aging_rate_75plus":0.17834394904458598,"population_status":"0","population_status_target":null,"population_aggregation_target":null,"age_65plus_missing":false,"age_75plus_missing":false,"age_quality_flag":"ok","data_completeness":"complete"}},{"type":"Feature","geometry":{"type":"Polygon","coordinates":[[[133.0625,33.895833333333336],[133.06875,33.895833333333336],[133.06875,33.900000000000006],[133.0625,33.900000000000006],[133.0625,33.895833333333336]]]},"properties":{"type":"Feature","mesh_id":"503360752","municipality_code":"38206","municipality":"西条市","total_population":7,"population_65plus":null,"population_75plus":null,"aging_rate_65plus":null,"aging_rate_75plus":null,"population_status":"2","population_status_target":"503360753","population_aggregation_target":null,"age_65plus_missing":true,"age_75plus_missing":true,"age_quality_flag":"ok","data_completeness":"partial"}},{"type":"Feature","geometry":{"type":"Polygon","coordinates":[[[133.06875,33.891666666666666],[133.075,33.891666666666666],[133.075,33.895833333333336],[133.06875,33.895833333333336],[133.06875,33.891666666666666]]]},"properties":{"type":"Feature","mesh_id":"503360753","municipality_code":"38206","municipality":"西条市","total_population":211,"population_65plus":103,"population_75plus":55,"aging_rate_65plus":0.4881516587677725,"aging_rate_75plus":0.26066350710900477,"population_status":"1","population_status_target":null,"population_aggregation_target":"503360752;503360754","age_65plus_missing":false,"age_75plus_missing":false,"age_quality_flag":"ok","data_completeness":"complete"}},{"type":"Feature","geometry":{"type":"Polygon","coordinates":[[[133.06875,33.895833333333336],[133.075,33.895833333333336],[133.075,33.900000000000006],[133.06875,33.900000000000006],[133.06875,33.895833333333336]]]},"properties":{"type":"Feature","mesh_id":"503360754","municipality_code":"38206","municipality":"西条市","total_population":5,"population_65plus":null,"population_75plus":null,"aging_rate_65plus":null,"aging_rate_75plus":null,"population_status":"2","population_status_target":"503360753","population_aggregation_target":null,"age_65plus_missing":true,"age_75plus_missing":true,"age_quality_flag":"ok","data_completeness":"partial"}},{"type":"Feature","geometry":{"type":"Polygon","coordinates":[[[133.075,33.895833333333336],[133.08124999999998,33.895833333333336],[133.08124999999998,33.900000000000006],[133.075,33.900000000000006],[133.075,33.895833333333336]]]},"properties":{"type":"Feature","mesh_id":"503360762","municipality_code":"38206","municipality":"西条市","total_population":20,"population_65plus":3,"population_75plus":2,"aging_rate_65plus":0.15,"aging_rate_75plus":0.1,"population_status":"0","population_status_target":null,"population_aggregation_target":null,"age_65plus_missing":false,"age_75plus_missing":false,"age_quality_flag":"ok","data_completeness":"complete"}},{"type":"Feature","geometry":{"type":"Polygon","coordinates":[[[133.08124999999998,33.891666666666666],[133.08749999999998,33.891666666666666],[133.08749999999998,33.895833333333336],[133.08124999999998,33.895833333333336],[133.08124999999998,33.891666666666666]]]},"properties":{"type":"Feature","mesh_id":"503360763","municipality_code":"38206","municipality":"西条市","total_population":36,"population_65plus":16,"population_75plus":10,"aging_rate_65plus":0.4444444444444444,"aging_rate_75plus":0.2777777777777778,"population_status":"0","population_status_target":null,"population_aggregation_target":null,"age_65plus_missing":false,"age_75plus_missing":false,"age_quality_flag":"ok","data_completeness":"complete"}},{"type":"Feature","geometry":{"type":"Polygon","coordinates":[[[133.08124999999998,33.895833333333336],[133.08749999999998,33.895833333333336],[133.08749999999998,33.900000000000006],[133.08124999999998,33.900000000000006],[133.08124999999998,33.895833333333336]]]},"properties":{"type":"Feature","mesh_id":"503360764","municipality_code":"38206","municipality":"西条市","total_population":102,"population_65plus":42,"population_75plus":19,"aging_rate_65plus":0.4117647058823529,"aging_rate_75plus":0.18627450980392157,"population_status":"0","population_status_target":null,"population_aggregation_target":null,"age_65plus_missing":false,"age_75plus_missing":false,"age_quality_flag":"ok","data_completeness":"complete"}},{"type":"Feature","geometry":{"type":"Polygon","coordinates":[[[133.0875,33.891666666666666],[133.09375,33.891666666666666],[133.09375,33.895833333333336],[133.0875,33.895833333333336],[133.0875,33.891666666666666]]]},"properties":{"type":"Feature","mesh_id":"503360771","municipality_code":"38206","municipality":"西条市","total_population":217,"population_65plus":110,"population_75plus":58,"aging_rate_65plus":0.5069124423963134,"aging_rate_75plus":0.2672811059907834,"population_status":"0","population_status_target":null,"population_aggregation_target":null,"age_65plus_missing":false,"age_75plus_missing":false,"age_quality_flag":"ok","data_completeness":"complete"}},{"type":"Feature","geometry":{"type":"Polygon","coordinates":[[[133.0875,33.895833333333336],[133.09375,33.895833333333336],[133.09375,33.900000000000006],[133.0875,33.900000000000006],[133.0875,33.895833333333336]]]},"properties":{"type":"Feature","mesh_id":"503360772","municipality_code":"38206","municipality":"西条市","total_population":433,"population_65plus":173,"population_75plus":101,"aging_rate_65plus":0.3995381062355658,"aging_rate_75plus":0.23325635103926096,"population_status":"0","population_status_target":null,"population_aggregation_target":null,"age_65plus_missing":false,"age_75plus_missing":false,"age_quality_flag":"ok","data_completeness":"complete"}},{"type":"Feature","geometry":{"type":"Polygon","coordinates":[[[133.09375,33.891666666666666],[133.1,33.891666666666666],[133.1,33.895833333333336],[133.09375,33.895833333333336],[133.09375,33.891666666666666]]]},"properties":{"type":"Feature","mesh_id":"503360773","municipality_code":"38206","municipality":"西条市","total_population":178,"population_65plus":63,"population_75plus":26,"aging_rate_65plus":0.3539325842696629,"aging_rate_75plus":0.14606741573033707,"population_status":"0","population_status_target":null,"population_aggregation_target":null,"age_65plus_missing":false,"age_75plus_missing":false,"age_quality_flag":"ok","data_completeness":"complete"}},{"type":"Feature","geometry":{"type":"Polygon","coordinates":[[[133.09375,33.895833333333336],[133.1,33.895833333333336],[133.1,33.900000000000006],[133.09375,33.900000000000006],[133.09375,33.895833333333336]]]},"properties":{"type":"Feature","mesh_id":"503360774","municipality_code":"38206","municipality":"西条市","total_population":263,"population_65plus":104,"population_75plus":59,"aging_rate_65plus":0.39543726235741444,"aging_rate_75plus":0.22433460076045628,"population_status":"0","population_status_target":null,"population_aggregation_target":null,"age_65plus_missing":false,"age_75plus_missing":false,"age_quality_flag":"ok","data_completeness":"complete"}},{"type":"Feature","geometry":{"type":"Polygon","coordinates":[[[133.1,33.891666666666666],[133.10625,33.891666666666666],[133.10625,33.895833333333336],[133.1,33.895833333333336],[133.1,33.891666666666666]]]},"properties":{"type":"Feature","mesh_id":"503360781","municipality_code":"38206","municipality":"西条市","total_population":434,"population_65plus":111,"population_75plus":58,"aging_rate_65plus":0.2557603686635945,"aging_rate_75plus":0.1336405529953917,"population_status":"0","population_status_target":null,"population_aggregation_target":null,"age_65plus_missing":false,"age_75plus_missing":false,"age_quality_flag":"ok","data_completeness":"complete"}},{"type":"Feature","geometry":{"type":"Polygon","coordinates":[[[133.1,33.895833333333336],[133.10625,33.895833333333336],[133.10625,33.900000000000006],[133.1,33.900000000000006],[133.1,33.895833333333336]]]},"properties":{"type":"Feature","mesh_id":"503360782","municipality_code":"38206","municipality":"西条市","total_population":390,"population_65plus":158,"population_75plus":89,"aging_rate_65plus":0.40512820512820513,"aging_rate_75plus":0.2282051282051282,"population_status":"0","population_status_target":null,"population_aggregation_target":null,"age_65plus_missing":false,"age_75plus_missing":false,"age_quality_flag":"ok","data_completeness":"complete"}},{"type":"Feature","geometry":{"type":"Polygon","coordinates":[[[133.10625,33.891666666666666],[133.11249999999998,33.891666666666666],[133.11249999999998,33.895833333333336],[133.10625,33.895833333333336],[133.10625,33.891666666666666]]]},"properties":{"type":"Feature","mesh_id":"503360783","municipality_code":"38206","municipality":"西条市","total_population":243,"population_65plus":102,"population_75plus":57,"aging_rate_65plus":0.41975308641975306,"aging_rate_75plus":0.2345679012345679,"population_status":"0","population_status_target":null,"population_aggregation_target":null,"age_65plus_missing":false,"age_75plus_missing":false,"age_quality_flag":"ok","data_completeness":"complete"}},{"type":"Feature","geometry":{"type":"Polygon","coordinates":[[[133.10625,33.895833333333336],[133.11249999999998,33.895833333333336],[133.11249999999998,33.900000000000006],[133.10625,33.900000000000006],[133.10625,33.895833333333336]]]},"properties":{"type":"Feature","mesh_id":"503360784","municipality_code":"38206","municipality":"西条市","total_population":541,"population_65plus":175,"population_75plus":79,"aging_rate_65plus":0.3234750462107209,"aging_rate_75plus":0.14602587800369685,"population_status":"0","population_status_target":null,"population_aggregation_target":null,"age_65plus_missing":false,"age_75plus_missing":false,"age_quality_flag":"ok","data_completeness":"complete"}},{"type":"Feature","geometry":{"type":"Polygon","coordinates":[[[133.1125,33.891666666666666],[133.11875,33.891666666666666],[133.11875,33.895833333333336],[133.1125,33.895833333333336],[133.1125,33.891666666666666]]]},"properties":{"type":"Feature","mesh_id":"503360791","municipality_code":"38206","municipality":"西条市","total_population":886,"population_65plus":302,"population_75plus":168,"aging_rate_65plus":0.34085778781038373,"aging_rate_75plus":0.18961625282167044,"population_status":"0","population_status_target":null,"population_aggregation_target":null,"age_65plus_missing":false,"age_75plus_missing":false,"age_quality_flag":"ok","data_completeness":"complete"}},{"type":"Feature","geometry":{"type":"Polygon","coordinates":[[[133.1125,33.895833333333336],[133.11875,33.895833333333336],[133.11875,33.900000000000006],[133.1125,33.900000000000006],[133.1125,33.895833333333336]]]},"properties":{"type":"Feature","mesh_id":"503360792","municipality_code":"38206","municipality":"西条市","total_population":711,"population_65plus":217,"population_75plus":115,"aging_rate_65plus":0.30520393811533053,"aging_rate_75plus":0.1617440225035162,"population_status":"0","population_status_target":null,"population_aggregation_target":null,"age_65plus_missing":false,"age_75plus_missing":false,"age_quality_flag":"ok","data_completeness":"complete"}},{"type":"Feature","geometry":{"type":"Polygon","coordinates":[[[133.11875,33.891666666666666],[133.125,33.891666666666666],[133.125,33.895833333333336],[133.11875,33.895833333333336],[133.11875,33.891666666666666]]]},"properties":{"type":"Feature","mesh_id":"503360793","municipality_code":"38206","municipality":"西条市","total_population":766,"population_65plus":296,"population_75plus":164,"aging_rate_65plus":0.38642297650130547,"aging_rate_75plus":0.21409921671018275,"population_status":"0","population_status_target":null,"population_aggregation_target":null,"age_65plus_missing":false,"age_75plus_missing":false,"age_quality_flag":"ok","data_completeness":"complete"}},{"type":"Feature","geometry":{"type":"Polygon","coordinates":[[[133.11875,33.895833333333336],[133.125,33.895833333333336],[133.125,33.900000000000006],[133.11875,33.900000000000006],[133.11875,33.895833333333336]]]},"properties":{"type":"Feature","mesh_id":"503360794","municipality_code":"38206","municipality":"西条市","total_population":545,"population_65plus":165,"population_75plus":91,"aging_rate_65plus":0.30275229357798167,"aging_rate_75plus":0.1669724770642202,"population_status":"0","population_status_target":null,"population_aggregation_target":null,"age_65plus_missing":false,"age_75plus_missing":false,"age_quality_flag":"ok","data_completeness":"complete"}},{"type":"Feature","geometry":{"type":"Polygon","coordinates":[[[133.025,33.904166666666676],[133.03125,33.904166666666676],[133.03125,33.908333333333346],[133.025,33.908333333333346],[133.025,33.904166666666676]]]},"properties":{"type":"Feature","mesh_id":"503360822","municipality_code":"38206","municipality":"西条市","total_population":11,"population_65plus":2,"population_75plus":1,"aging_rate_65plus":0.18181818181818182,"aging_rate_75plus":0.09090909090909091,"population_status":"0","population_status_target":null,"population_aggregation_target":null,"age_65plus_missing":false,"age_75plus_missing":false,"age_quality_flag":"ok","data_completeness":"complete"}},{"type":"Feature","geometry":{"type":"Polygon","coordinates":[[[133.03125,33.900000000000006],[133.0375,33.900000000000006],[133.0375,33.904166666666676],[133.03125,33.904166666666676],[133.03125,33.900000000000006]]]},"properties":{"type":"Feature","mesh_id":"503360823","municipality_code":"38206","municipality":"西条市","total_population":7,"population_65plus":null,"population_75plus":null,"aging_rate_65plus":null,"aging_rate_75plus":null,"population_status":"2","population_status_target":"503360824","population_aggregation_target":null,"age_65plus_missing":true,"age_75plus_missing":true,"age_quality_flag":"ok","data_completeness":"partial"}},{"type":"Feature","geometry":{"type":"Polygon","coordinates":[[[133.03125,33.904166666666676],[133.0375,33.904166666666676],[133.0375,33.908333333333346],[133.03125,33.908333333333346],[133.03125,33.904166666666676]]]},"properties":{"type":"Feature","mesh_id":"503360824","municipality_code":"38206","municipality":"西条市","total_population":8,"population_65plus":null,"population_75plus":null,"aging_rate_65plus":null,"aging_rate_75plus":null,"population_status":"1","population_status_target":null,"population_aggregation_target":"503360823","age_65plus_missing":true,"age_75plus_missing":true,"age_quality_flag":"inconsistent_with_total","data_completeness":"partial"}},{"type":"Feature","geometry":{"type":"Polygon","coordinates":[[[133.0375,33.904166666666676],[133.04375,33.904166666666676],[133.04375,33.908333333333346],[133.0375,33.908333333333346],[133.0375,33.904166666666676]]]},"properties":{"type":"Feature","mesh_id":"503360832","municipality_code":"38206","municipality":"西条市","total_population":191,"population_65plus":79,"population_75plus":44,"aging_rate_65plus":0.41361256544502617,"aging_rate_75plus":0.23036649214659685,"population_status":"0","population_status_target":null,"population_aggregation_target":null,"age_65plus_missing":false,"age_75plus_missing":false,"age_quality_flag":"ok","data_completeness":"complete"}},{"type":"Feature","geometry":{"type":"Polygon","coordinates":[[[133.04375,33.900000000000006],[133.04999999999998,33.900000000000006],[133.04999999999998,33.904166666666676],[133.04375,33.904166666666676],[133.04375,33.900000000000006]]]},"properties":{"type":"Feature","mesh_id":"503360833","municipality_code":"38206","municipality":"西条市","total_population":169,"population_65plus":84,"population_75plus":30,"aging_rate_65plus":0.4970414201183432,"aging_rate_75plus":0.17751479289940827,"population_status":"0","population_status_target":null,"population_aggregation_target":null,"age_65plus_missing":false,"age_75plus_missing":false,"age_quality_flag":"ok","data_completeness":"complete"}},{"type":"Feature","geometry":{"type":"Polygon","coordinates":[[[133.04375,33.904166666666676],[133.04999999999998,33.904166666666676],[133.04999999999998,33.908333333333346],[133.04375,33.908333333333346],[133.04375,33.904166666666676]]]},"properties":{"type":"Feature","mesh_id":"503360834","municipality_code":"38206","municipality":"西条市","total_population":132,"population_65plus":54,"population_75plus":23,"aging_rate_65plus":0.4090909090909091,"aging_rate_75plus":0.17424242424242425,"population_status":"0","population_status_target":null,"population_aggregation_target":null,"age_65plus_missing":false,"age_75plus_missing":false,"age_quality_flag":"ok","data_completeness":"complete"}},{"type":"Feature","geometry":{"type":"Polygon","coordinates":[[[133.05,33.900000000000006],[133.05625,33.900000000000006],[133.05625,33.904166666666676],[133.05,33.904166666666676],[133.05,33.900000000000006]]]},"properties":{"type":"Feature","mesh_id":"503360841","municipality_code":"38206","municipality":"西条市","total_population":166,"population_65plus":59,"population_75plus":39,"aging_rate_65plus":0.35542168674698793,"aging_rate_75plus":0.23493975903614459,"population_status":"0","population_status_target":null,"population_aggregation_target":null,"age_65plus_missing":false,"age_75plus_missing":false,"age_quality_flag":"ok","data_completeness":"complete"}},{"type":"Feature","geometry":{"type":"Polygon","coordinates":[[[133.05,33.904166666666676],[133.05625,33.904166666666676],[133.05625,33.908333333333346],[133.05,33.908333333333346],[133.05,33.904166666666676]]]},"properties":{"type":"Feature","mesh_id":"503360842","municipality_code":"38206","municipality":"西条市","total_population":605,"population_65plus":268,"population_75plus":160,"aging_rate_65plus":0.44297520661157025,"aging_rate_75plus":0.2644628099173554,"population_status":"0","population_status_target":null,"population_aggregation_target":null,"age_65plus_missing":false,"age_75plus_missing":false,"age_quality_flag":"ok","data_completeness":"complete"}},{"type":"Feature","geometry":{"type":"Polygon","coordinates":[[[133.05625,33.900000000000006],[133.0625,33.900000000000006],[133.0625,33.904166666666676],[133.05625,33.904166666666676],[133.05625,33.900000000000006]]]},"properties":{"type":"Feature","mesh_id":"503360843","municipality_code":"38206","municipality":"西条市","total_population":378,"population_65plus":122,"population_75plus":79,"aging_rate_65plus":0.32275132275132273,"aging_rate_75plus":0.20899470899470898,"population_status":"0","population_status_target":null,"population_aggregation_target":null,"age_65plus_missing":false,"age_75plus_missing":false,"age_quality_flag":"ok","data_completeness":"complete"}},{"type":"Feature","geometry":{"type":"Polygon","coordinates":[[[133.05625,33.904166666666676],[133.0625,33.904166666666676],[133.0625,33.908333333333346],[133.05625,33.908333333333346],[133.05625,33.904166666666676]]]},"properties":{"type":"Feature","mesh_id":"503360844","municipality_code":"38206","municipality":"西条市","total_population":367,"population_65plus":88,"population_75plus":44,"aging_rate_65plus":0.23978201634877383,"aging_rate_75plus":0.11989100817438691,"population_status":"0","population_status_target":null,"population_aggregation_target":null,"age_65plus_missing":false,"age_75plus_missing":false,"age_quality_flag":"ok","data_completeness":"complete"}},{"type":"Feature","geometry":{"type":"Polygon","coordinates":[[[133.0625,33.900000000000006],[133.06875,33.900000000000006],[133.06875,33.904166666666676],[133.0625,33.904166666666676],[133.0625,33.900000000000006]]]},"properties":{"type":"Feature","mesh_id":"503360851","municipality_code":"38206","municipality":"西条市","total_population":351,"population_65plus":93,"population_75plus":55,"aging_rate_65plus":0.26495726495726496,"aging_rate_75plus":0.15669515669515668,"population_status":"0","population_status_target":null,"population_aggregation_target":null,"age_65plus_missing":false,"age_75plus_missing":false,"age_quality_flag":"ok","data_completeness":"complete"}},{"type":"Feature","geometry":{"type":"Polygon","coordinates":[[[133.0625,33.904166666666676],[133.06875,33.904166666666676],[133.06875,33.908333333333346],[133.0625,33.908333333333346],[133.0625,33.904166666666676]]]},"properties":{"type":"Feature","mesh_id":"503360852","municipality_code":"38206","municipality":"西条市","total_population":67,"population_65plus":26,"population_75plus":14,"aging_rate_65plus":0.3880597014925373,"aging_rate_75plus":0.208955223880597,"population_status":"0","population_status_target":null,"population_aggregation_target":null,"age_65plus_missing":false,"age_75plus_missing":false,"age_quality_flag":"ok","data_completeness":"complete"}},{"type":"Feature","geometry":{"type":"Polygon","coordinates":[[[133.06875,33.900000000000006],[133.075,33.900000000000006],[133.075,33.904166666666676],[133.06875,33.904166666666676],[133.06875,33.900000000000006]]]},"properties":{"type":"Feature","mesh_id":"503360853","municipality_code":"38206","municipality":"西条市","total_population":702,"population_65plus":243,"population_75plus":123,"aging_rate_65plus":0.34615384615384615,"aging_rate_75plus":0.1752136752136752,"population_status":"0","population_status_target":null,"population_aggregation_target":null,"age_65plus_missing":false,"age_75plus_missing":false,"age_quality_flag":"ok","data_completeness":"complete"}},{"type":"Feature","geometry":{"type":"Polygon","coordinates":[[[133.06875,33.904166666666676],[133.075,33.904166666666676],[133.075,33.908333333333346],[133.06875,33.908333333333346],[133.06875,33.904166666666676]]]},"properties":{"type":"Feature","mesh_id":"503360854","municipality_code":"38206","municipality":"西条市","total_population":102,"population_65plus":14,"population_75plus":10,"aging_rate_65plus":0.13725490196078433,"aging_rate_75plus":0.09803921568627451,"population_status":"0","population_status_target":null,"population_aggregation_target":null,"age_65plus_missing":false,"age_75plus_missing":false,"age_quality_flag":"ok","data_completeness":"complete"}},{"type":"Feature","geometry":{"type":"Polygon","coordinates":[[[133.075,33.900000000000006],[133.08124999999998,33.900000000000006],[133.08124999999998,33.904166666666676],[133.075,33.904166666666676],[133.075,33.900000000000006]]]},"properties":{"type":"Feature","mesh_id":"503360861","municipality_code":"38206","municipality":"西条市","total_population":177,"population_65plus":70,"population_75plus":31,"aging_rate_65plus":0.3954802259887006,"aging_rate_75plus":0.1751412429378531,"population_status":"0","population_status_target":null,"population_aggregation_target":null,"age_65plus_missing":false,"age_75plus_missing":false,"age_quality_flag":"ok","data_completeness":"complete"}},{"type":"Feature","geometry":{"type":"Polygon","coordinates":[[[133.075,33.904166666666676],[133.08124999999998,33.904166666666676],[133.08124999999998,33.908333333333346],[133.075,33.908333333333346],[133.075,33.904166666666676]]]},"properties":{"type":"Feature","mesh_id":"503360862","municipality_code":"38206","municipality":"西条市","total_population":87,"population_65plus":29,"population_75plus":20,"aging_rate_65plus":0.3333333333333333,"aging_rate_75plus":0.22988505747126436,"population_status":"0","population_status_target":null,"population_aggregation_target":null,"age_65plus_missing":false,"age_75plus_missing":false,"age_quality_flag":"ok","data_completeness":"complete"}},{"type":"Feature","geometry":{"type":"Polygon","coordinates":[[[133.08124999999998,33.900000000000006],[133.08749999999998,33.900000000000006],[133.08749999999998,33.904166666666676],[133.08124999999998,33.904166666666676],[133.08124999999998,33.900000000000006]]]},"properties":{"type":"Feature","mesh_id":"503360863","municipality_code":"38206","municipality":"西条市","total_population":4,"population_65plus":null,"population_75plus":null,"aging_rate_65plus":null,"aging_rate_75plus":null,"population_status":"2","population_status_target":"503360864","population_aggregation_target":null,"age_65plus_missing":true,"age_75plus_missing":true,"age_quality_flag":"ok","data_completeness":"partial"}},{"type":"Feature","geometry":{"type":"Polygon","coordinates":[[[133.08124999999998,33.904166666666676],[133.08749999999998,33.904166666666676],[133.08749999999998,33.908333333333346],[133.08124999999998,33.908333333333346],[133.08124999999998,33.904166666666676]]]},"properties":{"type":"Feature","mesh_id":"503360864","municipality_code":"38206","municipality":"西条市","total_population":404,"population_65plus":140,"population_75plus":84,"aging_rate_65plus":0.3465346534653465,"aging_rate_75plus":0.2079207920792079,"population_status":"1","population_status_target":null,"population_aggregation_target":"503360863","age_65plus_missing":false,"age_75plus_missing":false,"age_quality_flag":"ok","data_completeness":"complete"}},{"type":"Feature","geometry":{"type":"Polygon","coordinates":[[[133.0875,33.900000000000006],[133.09375,33.900000000000006],[133.09375,33.904166666666676],[133.0875,33.904166666666676],[133.0875,33.900000000000006]]]},"properties":{"type":"Feature","mesh_id":"503360871","municipality_code":"38206","municipality":"西条市","total_population":144,"population_65plus":60,"population_75plus":28,"aging_rate_65plus":0.4166666666666667,"aging_rate_75plus":0.19444444444444445,"population_status":"0","population_status_target":null,"population_aggregation_target":null,"age_65plus_missing":false,"age_75plus_missing":false,"age_quality_flag":"ok","data_completeness":"complete"}},{"type":"Feature","geometry":{"type":"Polygon","coordinates":[[[133.09375,33.900000000000006],[133.1,33.900000000000006],[133.1,33.904166666666676],[133.09375,33.904166666666676],[133.09375,33.900000000000006]]]},"properties":{"type":"Feature","mesh_id":"503360873","municipality_code":"38206","municipality":"西条市","total_population":25,"population_65plus":12,"population_75plus":4,"aging_rate_65plus":0.48,"aging_rate_75plus":0.16,"population_status":"0","population_status_target":null,"population_aggregation_target":null,"age_65plus_missing":false,"age_75plus_missing":false,"age_quality_flag":"ok","data_completeness":"complete"}},{"type":"Feature","geometry":{"type":"Polygon","coordinates":[[[133.09375,33.904166666666676],[133.1,33.904166666666676],[133.1,33.908333333333346],[133.09375,33.908333333333346],[133.09375,33.904166666666676]]]},"properties":{"type":"Feature","mesh_id":"503360874","municipality_code":"38206","municipality":"西条市","total_population":81,"population_65plus":22,"population_75plus":5,"aging_rate_65plus":0.2716049382716049,"aging_rate_75plus":0.06172839506172839,"population_status":"0","population_status_target":null,"population_aggregation_target":null,"age_65plus_missing":false,"age_75plus_missing":false,"age_quality_flag":"ok","data_completeness":"complete"}},{"type":"Feature","geometry":{"type":"Polygon","coordinates":[[[133.1,33.900000000000006],[133.10625,33.900000000000006],[133.10625,33.904166666666676],[133.1,33.904166666666676],[133.1,33.900000000000006]]]},"properties":{"type":"Feature","mesh_id":"503360881","municipality_code":"38206","municipality":"西条市","total_population":5,"population_65plus":null,"population_75plus":null,"aging_rate_65plus":null,"aging_rate_75plus":null,"population_status":"2","population_status_target":"503360882","population_aggregation_target":null,"age_65plus_missing":true,"age_75plus_missing":true,"age_quality_flag":"ok","data_completeness":"partial"}},{"type":"Feature","geometry":{"type":"Polygon","coordinates":[[[133.1,33.904166666666676],[133.10625,33.904166666666676],[133.10625,33.908333333333346],[133.1,33.908333333333346],[133.1,33.904166666666676]]]},"properties":{"type":"Feature","mesh_id":"503360882","municipality_code":"38206","municipality":"西条市","total_population":260,"population_65plus":85,"population_75plus":41,"aging_rate_65plus":0.3269230769230769,"aging_rate_75plus":0.1576923076923077,"population_status":"1","population_status_target":null,"population_aggregation_target":"503360881","age_65plus_missing":false,"age_75plus_missing":false,"age_quality_flag":"ok","data_completeness":"complete"}},{"type":"Feature","geometry":{"type":"Polygon","coordinates":[[[133.1125,33.900000000000006],[133.11875,33.900000000000006],[133.11875,33.904166666666676],[133.1125,33.904166666666676],[133.1125,33.900000000000006]]]},"properties":{"type":"Feature","mesh_id":"503360891","municipality_code":"38206","municipality":"西条市","total_population":159,"population_65plus":35,"population_75plus":20,"aging_rate_65plus":0.22012578616352202,"aging_rate_75plus":0.12578616352201258,"population_status":"0","population_status_target":null,"population_aggregation_target":null,"age_65plus_missing":false,"age_75plus_missing":false,"age_quality_flag":"ok","data_completeness":"complete"}},{"type":"Feature","geometry":{"type":"Polygon","coordinates":[[[133.1125,33.904166666666676],[133.11875,33.904166666666676],[133.11875,33.908333333333346],[133.1125,33.908333333333346],[133.1125,33.904166666666676]]]},"properties":{"type":"Feature","mesh_id":"503360892","municipality_code":"38206","municipality":"西条市","total_population":162,"population_65plus":62,"population_75plus":32,"aging_rate_65plus":0.38271604938271603,"aging_rate_75plus":0.19753086419753085,"population_status":"0","population_status_target":null,"population_aggregation_target":null,"age_65plus_missing":false,"age_75plus_missing":false,"age_quality_flag":"ok","data_completeness":"complete"}},{"type":"Feature","geometry":{"type":"Polygon","coordinates":[[[133.11875,33.900000000000006],[133.125,33.900000000000006],[133.125,33.904166666666676],[133.11875,33.904166666666676],[133.11875,33.900000000000006]]]},"properties":{"type":"Feature","mesh_id":"503360893","municipality_code":"38206","municipality":"西条市","total_population":15,"population_65plus":4,"population_75plus":2,"aging_rate_65plus":0.26666666666666666,"aging_rate_75plus":0.13333333333333333,"population_status":"0","population_status_target":null,"population_aggregation_target":null,"age_65plus_missing":false,"age_75plus_missing":false,"age_quality_flag":"ok","data_completeness":"complete"}},{"type":"Feature","geometry":{"type":"Polygon","coordinates":[[[133.0375,33.90833333333334],[133.04375,33.90833333333334],[133.04375,33.91250000000001],[133.0375,33.91250000000001],[133.0375,33.90833333333334]]]},"properties":{"type":"Feature","mesh_id":"503360931","municipality_code":"38206","municipality":"西条市","total_population":73,"population_65plus":33,"population_75plus":17,"aging_rate_65plus":0.4520547945205479,"aging_rate_75plus":0.2328767123287671,"population_status":"0","population_status_target":null,"population_aggregation_target":null,"age_65plus_missing":false,"age_75plus_missing":false,"age_quality_flag":"ok","data_completeness":"complete"}},{"type":"Feature","geometry":{"type":"Polygon","coordinates":[[[133.0375,33.91250000000001],[133.04375,33.91250000000001],[133.04375,33.91666666666668],[133.0375,33.91666666666668],[133.0375,33.91250000000001]]]},"properties":{"type":"Feature","mesh_id":"503360932","municipality_code":"38206","municipality":"西条市","total_population":146,"population_65plus":50,"population_75plus":29,"aging_rate_65plus":0.3424657534246575,"aging_rate_75plus":0.19863013698630136,"population_status":"0","population_status_target":null,"population_aggregation_target":null,"age_65plus_missing":false,"age_75plus_missing":false,"age_quality_flag":"ok","data_completeness":"complete"}},{"type":"Feature","geometry":{"type":"Polygon","coordinates":[[[133.04375,33.90833333333334],[133.04999999999998,33.90833333333334],[133.04999999999998,33.91250000000001],[133.04375,33.91250000000001],[133.04375,33.90833333333334]]]},"properties":{"type":"Feature","mesh_id":"503360933","municipality_code":"38206","municipality":"西条市","total_population":39,"population_65plus":25,"population_75plus":14,"aging_rate_65plus":0.6410256410256411,"aging_rate_75plus":0.358974358974359,"population_status":"0","population_status_target":null,"population_aggregation_target":null,"age_65plus_missing":false,"age_75plus_missing":false,"age_quality_flag":"ok","data_completeness":"complete"}},{"type":"Feature","geometry":{"type":"Polygon","coordinates":[[[133.04375,33.91250000000001],[133.04999999999998,33.91250000000001],[133.04999999999998,33.91666666666668],[133.04375,33.91666666666668],[133.04375,33.91250000000001]]]},"properties":{"type":"Feature","mesh_id":"503360934","municipality_code":"38206","municipality":"西条市","total_population":189,"population_65plus":79,"population_75plus":36,"aging_rate_65plus":0.41798941798941797,"aging_rate_75plus":0.19047619047619047,"population_status":"0","population_status_target":null,"population_aggregation_target":null,"age_65plus_missing":false,"age_75plus_missing":false,"age_quality_flag":"ok","data_completeness":"complete"}},{"type":"Feature","geometry":{"type":"Polygon","coordinates":[[[133.05,33.90833333333334],[133.05625,33.90833333333334],[133.05625,33.91250000000001],[133.05,33.91250000000001],[133.05,33.90833333333334]]]},"properties":{"type":"Feature","mesh_id":"503360941","municipality_code":"38206","municipality":"西条市","total_population":63,"population_65plus":31,"population_75plus":15,"aging_rate_65plus":0.49206349206349204,"aging_rate_75plus":0.23809523809523808,"population_status":"0","population_status_target":null,"population_aggregation_target":null,"age_65plus_missing":false,"age_75plus_missing":false,"age_quality_flag":"ok","data_completeness":"complete"}},{"type":"Feature","geometry":{"type":"Polygon","coordinates":[[[133.05,33.91250000000001],[133.05625,33.91250000000001],[133.05625,33.91666666666668],[133.05,33.91666666666668],[133.05,33.91250000000001]]]},"properties":{"type":"Feature","mesh_id":"503360942","municipality_code":"38206","municipality":"西条市","total_population":320,"population_65plus":111,"population_75plus":52,"aging_rate_65plus":0.346875,"aging_rate_75plus":0.1625,"population_status":"0","population_status_target":null,"population_aggregation_target":null,"age_65plus_missing":false,"age_75plus_missing":false,"age_quality_flag":"ok","data_completeness":"complete"}},{"type":"Feature","geometry":{"type":"Polygon","coordinates":[[[133.05625,33.90833333333334],[133.0625,33.90833333333334],[133.0625,33.91250000000001],[133.05625,33.91250000000001],[133.05625,33.90833333333334]]]},"properties":{"type":"Feature","mesh_id":"503360943","municipality_code":"38206","municipality":"西条市","total_population":34,"population_65plus":16,"population_75plus":7,"aging_rate_65plus":0.47058823529411764,"aging_rate_75plus":0.20588235294117646,"population_status":"0","population_status_target":null,"population_aggregation_target":null,"age_65plus_missing":false,"age_75plus_missing":false,"age_quality_flag":"ok","data_completeness":"complete"}},{"type":"Feature","geometry":{"type":"Polygon","coordinates":[[[133.05625,33.91250000000001],[133.0625,33.91250000000001],[133.0625,33.91666666666668],[133.05625,33.91666666666668],[133.05625,33.91250000000001]]]},"properties":{"type":"Feature","mesh_id":"503360944","municipality_code":"38206","municipality":"西条市","total_population":210,"population_65plus":78,"population_75plus":52,"aging_rate_65plus":0.37142857142857144,"aging_rate_75plus":0.24761904761904763,"population_status":"0","population_status_target":null,"population_aggregation_target":null,"age_65plus_missing":false,"age_75plus_missing":false,"age_quality_flag":"ok","data_completeness":"complete"}},{"type":"Feature","geometry":{"type":"Polygon","coordinates":[[[133.0625,33.90833333333334],[133.06875,33.90833333333334],[133.06875,33.91250000000001],[133.0625,33.91250000000001],[133.0625,33.90833333333334]]]},"properties":{"type":"Feature","mesh_id":"503360951","municipality_code":"38206","municipality":"西条市","total_population":289,"population_65plus":98,"population_75plus":49,"aging_rate_65plus":0.3391003460207612,"aging_rate_75plus":0.1695501730103806,"population_status":"0","population_status_target":null,"population_aggregation_target":null,"age_65plus_missing":false,"age_75plus_missing":false,"age_quality_flag":"ok","data_completeness":"complete"}},{"type":"Feature","geometry":{"type":"Polygon","coordinates":[[[133.0625,33.91250000000001],[133.06875,33.91250000000001],[133.06875,33.91666666666668],[133.0625,33.91666666666668],[133.0625,33.91250000000001]]]},"properties":{"type":"Feature","mesh_id":"503360952","municipality_code":"38206","municipality":"西条市","total_population":196,"population_65plus":75,"population_75plus":39,"aging_rate_65plus":0.3826530612244898,"aging_rate_75plus":0.1989795918367347,"population_status":"0","population_status_target":null,"population_aggregation_target":null,"age_65plus_missing":false,"age_75plus_missing":false,"age_quality_flag":"ok","data_completeness":"complete"}},{"type":"Feature","geometry":{"type":"Polygon","coordinates":[[[133.06875,33.90833333333334],[133.075,33.90833333333334],[133.075,33.91250000000001],[133.06875,33.91250000000001],[133.06875,33.90833333333334]]]},"properties":{"type":"Feature","mesh_id":"503360953","municipality_code":"38206","municipality":"西条市","total_population":85,"population_65plus":49,"population_75plus":19,"aging_rate_65plus":0.5764705882352941,"aging_rate_75plus":0.2235294117647059,"population_status":"0","population_status_target":null,"population_aggregation_target":null,"age_65plus_missing":false,"age_75plus_missing":false,"age_quality_flag":"ok","data_completeness":"complete"}},{"type":"Feature","geometry":{"type":"Polygon","coordinates":[[[133.06875,33.91250000000001],[133.075,33.91250000000001],[133.075,33.91666666666668],[133.06875,33.91666666666668],[133.06875,33.91250000000001]]]},"properties":{"type":"Feature","mesh_id":"503360954","municipality_code":"38206","municipality":"西条市","total_population":250,"population_65plus":78,"population_75plus":36,"aging_rate_65plus":0.312,"aging_rate_75plus":0.144,"population_status":"0","population_status_target":null,"population_aggregation_target":null,"age_65plus_missing":false,"age_75plus_missing":false,"age_quality_flag":"ok","data_completeness":"complete"}},{"type":"Feature","geometry":{"type":"Polygon","coordinates":[[[133.075,33.90833333333334],[133.08124999999998,33.90833333333334],[133.08124999999998,33.91250000000001],[133.075,33.91250000000001],[133.075,33.90833333333334]]]},"properties":{"type":"Feature","mesh_id":"503360961","municipality_code":"38206","municipality":"西条市","total_population":254,"population_65plus":99,"population_75plus":53,"aging_rate_65plus":0.38976377952755903,"aging_rate_75plus":0.20866141732283464,"population_status":"0","population_status_target":null,"population_aggregation_target":null,"age_65plus_missing":false,"age_75plus_missing":false,"age_quality_flag":"ok","data_completeness":"complete"}},{"type":"Feature","geometry":{"type":"Polygon","coordinates":[[[133.075,33.91250000000001],[133.08124999999998,33.91250000000001],[133.08124999999998,33.91666666666668],[133.075,33.91666666666668],[133.075,33.91250000000001]]]},"properties":{"type":"Feature","mesh_id":"503360962","municipality_code":"38206","municipality":"西条市","total_population":142,"population_65plus":55,"population_75plus":24,"aging_rate_65plus":0.3873239436619718,"aging_rate_75plus":0.16901408450704225,"population_status":"0","population_status_target":null,"population_aggregation_target":null,"age_65plus_missing":false,"age_75plus_missing":false,"age_quality_flag":"ok","data_completeness":"complete"}},{"type":"Feature","geometry":{"type":"Polygon","coordinates":[[[133.08124999999998,33.90833333333334],[133.08749999999998,33.90833333333334],[133.08749999999998,33.91250000000001],[133.08124999999998,33.91250000000001],[133.08124999999998,33.90833333333334]]]},"properties":{"type":"Feature","mesh_id":"503360963","municipality_code":"38206","municipality":"西条市","total_population":600,"population_65plus":150,"population_75plus":70,"aging_rate_65plus":0.25,"aging_rate_75plus":0.11666666666666667,"population_status":"0","population_status_target":null,"population_aggregation_target":null,"age_65plus_missing":false,"age_75plus_missing":false,"age_quality_flag":"ok","data_completeness":"complete"}},{"type":"Feature","geometry":{"type":"Polygon","coordinates":[[[133.08124999999998,33.91250000000001],[133.08749999999998,33.91250000000001],[133.08749999999998,33.91666666666668],[133.08124999999998,33.91666666666668],[133.08124999999998,33.91250000000001]]]},"properties":{"type":"Feature","mesh_id":"503360964","municipality_code":"38206","municipality":"西条市","total_population":198,"population_65plus":57,"population_75plus":28,"aging_rate_65plus":0.2878787878787879,"aging_rate_75plus":0.1414141414141414,"population_status":"0","population_status_target":null,"population_aggregation_target":null,"age_65plus_missing":false,"age_75plus_missing":false,"age_quality_flag":"ok","data_completeness":"complete"}},{"type":"Feature","geometry":{"type":"Polygon","coordinates":[[[133.0875,33.90833333333334],[133.09375,33.90833333333334],[133.09375,33.91250000000001],[133.0875,33.91250000000001],[133.0875,33.90833333333334]]]},"properties":{"type":"Feature","mesh_id":"503360971","municipality_code":"38206","municipality":"西条市","total_population":223,"population_65plus":87,"population_75plus":50,"aging_rate_65plus":0.3901345291479821,"aging_rate_75plus":0.2242152466367713,"population_status":"0","population_status_target":null,"population_aggregation_target":null,"age_65plus_missing":false,"age_75plus_missing":false,"age_quality_flag":"ok","data_completeness":"complete"}},{"type":"Feature","geometry":{"type":"Polygon","coordinates":[[[133.0875,33.91250000000001],[133.09375,33.91250000000001],[133.09375,33.91666666666668],[133.0875,33.91666666666668],[133.0875,33.91250000000001]]]},"properties":{"type":"Feature","mesh_id":"503360972","municipality_code":"38206","municipality":"西条市","total_population":368,"population_65plus":111,"population_75plus":60,"aging_rate_65plus":0.3016304347826087,"aging_rate_75plus":0.16304347826086957,"population_status":"0","population_status_target":null,"population_aggregation_target":null,"age_65plus_missing":false,"age_75plus_missing":false,"age_quality_flag":"ok","data_completeness":"complete"}},{"type":"Feature","geometry":{"type":"Polygon","coordinates":[[[133.09375,33.90833333333334],[133.1,33.90833333333334],[133.1,33.91250000000001],[133.09375,33.91250000000001],[133.09375,33.90833333333334]]]},"properties":{"type":"Feature","mesh_id":"503360973","municipality_code":"38206","municipality":"西条市","total_population":247,"population_65plus":106,"population_75plus":48,"aging_rate_65plus":0.4291497975708502,"aging_rate_75plus":0.19433198380566802,"population_status":"0","population_status_target":null,"population_aggregation_target":null,"age_65plus_missing":false,"age_75plus_missing":false,"age_quality_flag":"ok","data_completeness":"complete"}},{"type":"Feature","geometry":{"type":"Polygon","coordinates":[[[133.09375,33.91250000000001],[133.1,33.91250000000001],[133.1,33.91666666666668],[133.09375,33.91666666666668],[133.09375,33.91250000000001]]]},"properties":{"type":"Feature","mesh_id":"503360974","municipality_code":"38206","municipality":"西条市","total_population":45,"population_65plus":18,"population_75plus":8,"aging_rate_65plus":0.4,"aging_rate_75plus":0.17777777777777778,"population_status":"0","population_status_target":null,"population_aggregation_target":null,"age_65plus_missing":false,"age_75plus_missing":false,"age_quality_flag":"ok","data_completeness":"complete"}},{"type":"Feature","geometry":{"type":"Polygon","coordinates":[[[133.1,33.90833333333334],[133.10625,33.90833333333334],[133.10625,33.91250000000001],[133.1,33.91250000000001],[133.1,33.90833333333334]]]},"properties":{"type":"Feature","mesh_id":"503360981","municipality_code":"38206","municipality":"西条市","total_population":318,"population_65plus":147,"population_75plus":86,"aging_rate_65plus":0.46226415094339623,"aging_rate_75plus":0.27044025157232704,"population_status":"0","population_status_target":null,"population_aggregation_target":null,"age_65plus_missing":false,"age_75plus_missing":false,"age_quality_flag":"ok","data_completeness":"complete"}},{"type":"Feature","geometry":{"type":"Polygon","coordinates":[[[133.1,33.91250000000001],[133.10625,33.91250000000001],[133.10625,33.91666666666668],[133.1,33.91666666666668],[133.1,33.91250000000001]]]},"properties":{"type":"Feature","mesh_id":"503360982","municipality_code":"38206","municipality":"西条市","total_population":6,"population_65plus":null,"population_75plus":null,"aging_rate_65plus":null,"aging_rate_75plus":null,"population_status":"2","population_status_target":"503360984","population_aggregation_target":null,"age_65plus_missing":true,"age_75plus_missing":true,"age_quality_flag":"ok","data_completeness":"partial"}},{"type":"Feature","geometry":{"type":"Polygon","coordinates":[[[133.10625,33.90833333333334],[133.11249999999998,33.90833333333334],[133.11249999999998,33.91250000000001],[133.10625,33.91250000000001],[133.10625,33.90833333333334]]]},"properties":{"type":"Feature","mesh_id":"503360983","municipality_code":"38206","municipality":"西条市","total_population":120,"population_65plus":44,"population_75plus":21,"aging_rate_65plus":0.36666666666666664,"aging_rate_75plus":0.175,"population_status":"0","population_status_target":null,"population_aggregation_target":null,"age_65plus_missing":false,"age_75plus_missing":false,"age_quality_flag":"ok","data_completeness":"complete"}},{"type":"Feature","geometry":{"type":"Polygon","coordinates":[[[133.10625,33.91250000000001],[133.11249999999998,33.91250000000001],[133.11249999999998,33.91666666666668],[133.10625,33.91666666666668],[133.10625,33.91250000000001]]]},"properties":{"type":"Feature","mesh_id":"503360984","municipality_code":"38206","municipality":"西条市","total_population":93,"population_65plus":34,"population_75plus":14,"aging_rate_65plus":0.3655913978494624,"aging_rate_75plus":0.15053763440860216,"population_status":"1","population_status_target":null,"population_aggregation_target":"503360982;503360994","age_65plus_missing":false,"age_75plus_missing":false,"age_quality_flag":"ok","data_completeness":"complete"}},{"type":"Feature","geometry":{"type":"Polygon","coordinates":[[[133.11875,33.91250000000001],[133.125,33.91250000000001],[133.125,33.91666666666668],[133.11875,33.91666666666668],[133.11875,33.91250000000001]]]},"properties":{"type":"Feature","mesh_id":"503360994","municipality_code":"38206","municipality":"西条市","total_population":4,"population_65plus":null,"population_75plus":null,"aging_rate_65plus":null,"aging_rate_75plus":null,"population_status":"2","population_status_target":"503360984","population_aggregation_target":null,"age_65plus_missing":true,"age_75plus_missing":true,"age_quality_flag":"ok","data_completeness":"partial"}},{"type":"Feature","geometry":{"type":"Polygon","coordinates":[[[133.1375,33.833333333333336],[133.14374999999998,33.833333333333336],[133.14374999999998,33.837500000000006],[133.1375,33.837500000000006],[133.1375,33.833333333333336]]]},"properties":{"type":"Feature","mesh_id":"503361011","municipality_code":"38206","municipality":"西条市","total_population":3,"population_65plus":null,"population_75plus":null,"aging_rate_65plus":null,"aging_rate_75plus":null,"population_status":"2","population_status_target":"503361012","population_aggregation_target":null,"age_65plus_missing":true,"age_75plus_missing":true,"age_quality_flag":"ok","data_completeness":"partial"}},{"type":"Feature","geometry":{"type":"Polygon","coordinates":[[[133.1375,33.837500000000006],[133.14374999999998,33.837500000000006],[133.14374999999998,33.841666666666676],[133.1375,33.841666666666676],[133.1375,33.837500000000006]]]},"properties":{"type":"Feature","mesh_id":"503361012","municipality_code":"38206","municipality":"西条市","total_population":13,"population_65plus":null,"population_75plus":null,"aging_rate_65plus":null,"aging_rate_75plus":null,"population_status":"1","population_status_target":null,"population_aggregation_target":"503361011;503361014;503361113;503361114;503361211;503361213","age_65plus_missing":true,"age_75plus_missing":true,"age_quality_flag":"inconsistent_with_total","data_completeness":"partial"}},{"type":"Feature","geometry":{"type":"Polygon","coordinates":[[[133.14374999999998,33.837500000000006],[133.14999999999998,33.837500000000006],[133.14999999999998,33.841666666666676],[133.14374999999998,33.841666666666676],[133.14374999999998,33.837500000000006]]]},"properties":{"type":"Feature","mesh_id":"503361014","municipality_code":"38206","municipality":"西条市","total_population":2,"population_65plus":null,"population_75plus":null,"aging_rate_65plus":null,"aging_rate_75plus":null,"population_status":"2","population_status_target":"503361012","population_aggregation_target":null,"age_65plus_missing":true,"age_75plus_missing":true,"age_quality_flag":"ok","data_completeness":"partial"}},{"type":"Feature","geometry":{"type":"Polygon","coordinates":[[[133.2125,33.837500000000006],[133.21875,33.837500000000006],[133.21875,33.841666666666676],[133.2125,33.841666666666676],[133.2125,33.837500000000006]]]},"properties":{"type":"Feature","mesh_id":"503361072","municipality_code":"38206","municipality":"西条市","total_population":2,"population_65plus":null,"population_75plus":null,"aging_rate_65plus":null,"aging_rate_75plus":null,"population_status":"2","population_status_target":"503361344","population_aggregation_target":null,"age_65plus_missing":true,"age_75plus_missing":true,"age_quality_flag":"ok","data_completeness":"partial"}},{"type":"Feature","geometry":{"type":"Polygon","coordinates":[[[133.225,33.833333333333336],[133.23125,33.833333333333336],[133.23125,33.837500000000006],[133.225,33.837500000000006],[133.225,33.833333333333336]]]},"properties":{"type":"Feature","mesh_id":"503361081","municipality_code":"38206","municipality":"西条市","total_population":15,"population_65plus":11,"population_75plus":5,"aging_rate_65plus":0.7333333333333333,"aging_rate_75plus":0.3333333333333333,"population_status":"0","population_status_target":null,"population_aggregation_target":null,"age_65plus_missing":false,"age_75plus_missing":false,"age_quality_flag":"ok","data_completeness":"complete"}},{"type":"Feature","geometry":{"type":"Polygon","coordinates":[[[133.14374999999998,33.84166666666667],[133.14999999999998,33.84166666666667],[133.14999999999998,33.84583333333334],[133.14374999999998,33.84583333333334],[133.14374999999998,33.84166666666667]]]},"properties":{"type":"Feature","mesh_id":"503361113","municipality_code":"38206","municipality":"西条市","total_population":3,"population_65plus":null,"population_75plus":null,"aging_rate_65plus":null,"aging_rate_75plus":null,"population_status":"2","population_status_target":"503361012","population_aggregation_target":null,"age_65plus_missing":true,"age_75plus_missing":true,"age_quality_flag":"ok","data_completeness":"partial"}},{"type":"Feature","geometry":{"type":"Polygon","coordinates":[[[133.14374999999998,33.84583333333334],[133.14999999999998,33.84583333333334],[133.14999999999998,33.85000000000001],[133.14374999999998,33.85000000000001],[133.14374999999998,33.84583333333334]]]},"properties":{"type":"Feature","mesh_id":"503361114","municipality_code":"38206","municipality":"西条市","total_population":3,"population_65plus":null,"population_75plus":null,"aging_rate_65plus":null,"aging_rate_75plus":null,"population_status":"2","population_status_target":"503361012","population_aggregation_target":null,"age_65plus_missing":true,"age_75plus_missing":true,"age_quality_flag":"ok","data_completeness":"partial"}},{"type":"Feature","geometry":{"type":"Polygon","coordinates":[[[133.2125,33.84166666666667],[133.21875,33.84166666666667],[133.21875,33.84583333333334],[133.2125,33.84583333333334],[133.2125,33.84166666666667]]]},"properties":{"type":"Feature","mesh_id":"503361171","municipality_code":"38206","municipality":"西条市","total_population":6,"population_65plus":null,"population_75plus":null,"aging_rate_65plus":null,"aging_rate_75plus":null,"population_status":"2","population_status_target":"503361173","population_aggregation_target":null,"age_65plus_missing":true,"age_75plus_missing":true,"age_quality_flag":"ok","data_completeness":"partial"}},{"type":"Feature","geometry":{"type":"Polygon","coordinates":[[[133.2125,33.84583333333334],[133.21875,33.84583333333334],[133.21875,33.85000000000001],[133.2125,33.85000000000001],[133.2125,33.84583333333334]]]},"properties":{"type":"Feature","mesh_id":"503361172","municipality_code":"38206","municipality":"西条市","total_population":2,"population_65plus":null,"population_75plus":null,"aging_rate_65plus":null,"aging_rate_75plus":null,"population_status":"2","population_status_target":"503361173","population_aggregation_target":null,"age_65plus_missing":true,"age_75plus_missing":true,"age_quality_flag":"ok","data_completeness":"partial"}},{"type":"Feature","geometry":{"type":"Polygon","coordinates":[[[133.21875,33.84166666666667],[133.225,33.84166666666667],[133.225,33.84583333333334],[133.21875,33.84583333333334],[133.21875,33.84166666666667]]]},"properties":{"type":"Feature","mesh_id":"503361173","municipality_code":"38206","municipality":"西条市","total_population":14,"population_65plus":10,"population_75plus":6,"aging_rate_65plus":0.7142857142857143,"aging_rate_75plus":0.42857142857142855,"population_status":"1","population_status_target":null,"population_aggregation_target":"503361171;503361172","age_65plus_missing":false,"age_75plus_missing":false,"age_quality_flag":"ok","data_completeness":"complete"}},{"type":"Feature","geometry":{"type":"Polygon","coordinates":[[[133.1375,33.85],[133.14374999999998,33.85],[133.14374999999998,33.85416666666667],[133.1375,33.85416666666667],[133.1375,33.85]]]},"properties":{"type":"Feature","mesh_id":"503361211","municipality_code":"38206","municipality":"西条市","total_population":3,"population_65plus":null,"population_75plus":null,"aging_rate_65plus":null,"aging_rate_75plus":null,"population_status":"2","population_status_target":"503361012","population_aggregation_target":null,"age_65plus_missing":true,"age_75plus_missing":true,"age_quality_flag":"ok","data_completeness":"partial"}},{"type":"Feature","geometry":{"type":"Polygon","coordinates":[[[133.14374999999998,33.85],[133.14999999999998,33.85],[133.14999999999998,33.85416666666667],[133.14374999999998,33.85416666666667],[133.14374999999998,33.85]]]},"properties":{"type":"Feature","mesh_id":"503361213","municipality_code":"38206","municipality":"西条市","total_population":2,"population_65plus":null,"population_75plus":null,"aging_rate_65plus":null,"aging_rate_75plus":null,"population_status":"2","population_status_target":"503361012","population_aggregation_target":null,"age_65plus_missing":true,"age_75plus_missing":true,"age_quality_flag":"ok","data_completeness":"partial"}},{"type":"Feature","geometry":{"type":"Polygon","coordinates":[[[133.125,33.858333333333334],[133.13125,33.858333333333334],[133.13125,33.862500000000004],[133.125,33.862500000000004],[133.125,33.858333333333334]]]},"properties":{"type":"Feature","mesh_id":"503361301","municipality_code":"38206","municipality":"西条市","total_population":1,"population_65plus":null,"population_75plus":null,"aging_rate_65plus":null,"aging_rate_75plus":null,"population_status":"2","population_status_target":"503361504","population_aggregation_target":null,"age_65plus_missing":true,"age_75plus_missing":true,"age_quality_flag":"ok","data_completeness":"partial"}},{"type":"Feature","geometry":{"type":"Polygon","coordinates":[[[133.13125,33.862500000000004],[133.1375,33.862500000000004],[133.1375,33.866666666666674],[133.13125,33.866666666666674],[133.13125,33.862500000000004]]]},"properties":{"type":"Feature","mesh_id":"503361304","municipality_code":"38206","municipality":"西条市","total_population":4,"population_65plus":null,"population_75plus":null,"aging_rate_65plus":null,"aging_rate_75plus":null,"population_status":"2","population_status_target":"503361504","population_aggregation_target":null,"age_65plus_missing":true,"age_75plus_missing":true,"age_quality_flag":"ok","data_completeness":"partial"}},{"type":"Feature","geometry":{"type":"Polygon","coordinates":[[[133.175,33.858333333333334],[133.18125,33.858333333333334],[133.18125,33.862500000000004],[133.175,33.862500000000004],[133.175,33.858333333333334]]]},"properties":{"type":"Feature","mesh_id":"503361341","municipality_code":"38206","municipality":"西条市","total_population":4,"population_65plus":null,"population_75plus":null,"aging_rate_65plus":null,"aging_rate_75plus":null,"population_status":"2","population_status_target":"503361344","population_aggregation_target":null,"age_65plus_missing":true,"age_75plus_missing":true,"age_quality_flag":"ok","data_completeness":"partial"}},{"type":"Feature","geometry":{"type":"Polygon","coordinates":[[[133.175,33.862500000000004],[133.18125,33.862500000000004],[133.18125,33.866666666666674],[133.175,33.866666666666674],[133.175,33.862500000000004]]]},"properties":{"type":"Feature","mesh_id":"503361342","municipality_code":"38206","municipality":"西条市","total_population":2,"population_65plus":null,"population_75plus":null,"aging_rate_65plus":null,"aging_rate_75plus":null,"population_status":"2","population_status_target":"503361344","population_aggregation_target":null,"age_65plus_missing":true,"age_75plus_missing":true,"age_quality_flag":"ok","data_completeness":"partial"}},{"type":"Feature","geometry":{"type":"Polygon","coordinates":[[[133.18125,33.862500000000004],[133.1875,33.862500000000004],[133.1875,33.866666666666674],[133.18125,33.866666666666674],[133.18125,33.862500000000004]]]},"properties":{"type":"Feature","mesh_id":"503361344","municipality_code":"38206","municipality":"西条市","total_population":16,"population_65plus":null,"population_75plus":null,"aging_rate_65plus":null,"aging_rate_75plus":null,"population_status":"1","population_status_target":null,"population_aggregation_target":"503361072;503361341;503361342;503361441","age_65plus_missing":true,"age_75plus_missing":true,"age_quality_flag":"inconsistent_with_total","data_completeness":"partial"}},{"type":"Feature","geometry":{"type":"Polygon","coordinates":[[[133.1875,33.862500000000004],[133.19375,33.862500000000004],[133.19375,33.866666666666674],[133.1875,33.866666666666674],[133.1875,33.862500000000004]]]},"properties":{"type":"Feature","mesh_id":"503361352","municipality_code":"38206","municipality":"西条市","total_population":3,"population_65plus":null,"population_75plus":null,"aging_rate_65plus":null,"aging_rate_75plus":null,"population_status":"2","population_status_target":"503361354","population_aggregation_target":null,"age_65plus_missing":true,"age_75plus_missing":true,"age_quality_flag":"ok","data_completeness":"partial"}},{"type":"Feature","geometry":{"type":"Polygon","coordinates":[[[133.19375,33.858333333333334],[133.2,33.858333333333334],[133.2,33.862500000000004],[133.19375,33.862500000000004],[133.19375,33.858333333333334]]]},"properties":{"type":"Feature","mesh_id":"503361353","municipality_code":"38206","municipality":"西条市","total_population":4,"population_65plus":null,"population_75plus":null,"aging_rate_65plus":null,"aging_rate_75plus":null,"population_status":"2","population_status_target":"503361354","population_aggregation_target":null,"age_65plus_missing":true,"age_75plus_missing":true,"age_quality_flag":"ok","data_completeness":"partial"}},{"type":"Feature","geometry":{"type":"Polygon","coordinates":[[[133.19375,33.862500000000004],[133.2,33.862500000000004],[133.2,33.866666666666674],[133.19375,33.866666666666674],[133.19375,33.862500000000004]]]},"properties":{"type":"Feature","mesh_id":"503361354","municipality_code":"38206","municipality":"西条市","total_population":8,"population_65plus":null,"population_75plus":null,"aging_rate_65plus":null,"aging_rate_75plus":null,"population_status":"1","population_status_target":null,"population_aggregation_target":"503361352;503361353","age_65plus_missing":true,"age_75plus_missing":true,"age_quality_flag":"inconsistent_with_total","data_completeness":"partial"}},{"type":"Feature","geometry":{"type":"Polygon","coordinates":[[[133.2,33.858333333333334],[133.20624999999998,33.858333333333334],[133.20624999999998,33.862500000000004],[133.2,33.862500000000004],[133.2,33.858333333333334]]]},"properties":{"type":"Feature","mesh_id":"503361361","municipality_code":"38206","municipality":"西条市","total_population":2,"population_65plus":null,"population_75plus":null,"aging_rate_65plus":null,"aging_rate_75plus":null,"population_status":"2","population_status_target":"503361363","population_aggregation_target":null,"age_65plus_missing":true,"age_75plus_missing":true,"age_quality_flag":"ok","data_completeness":"partial"}},{"type":"Feature","geometry":{"type":"Polygon","coordinates":[[[133.20624999999998,33.858333333333334],[133.21249999999998,33.858333333333334],[133.21249999999998,33.862500000000004],[133.20624999999998,33.862500000000004],[133.20624999999998,33.858333333333334]]]},"properties":{"type":"Feature","mesh_id":"503361363","municipality_code":"38206","municipality":"西条市","total_population":13,"population_65plus":null,"population_75plus":null,"aging_rate_65plus":null,"aging_rate_75plus":null,"population_status":"1","population_status_target":null,"population_aggregation_target":"503361361;503361364","age_65plus_missing":true,"age_75plus_missing":true,"age_quality_flag":"inconsistent_with_total","data_completeness":"partial"}},{"type":"Feature","geometry":{"type":"Polygon","coordinates":[[[133.20624999999998,33.862500000000004],[133.21249999999998,33.862500000000004],[133.21249999999998,33.866666666666674],[133.20624999999998,33.866666666666674],[133.20624999999998,33.862500000000004]]]},"properties":{"type":"Feature","mesh_id":"503361364","municipality_code":"38206","municipality":"西条市","total_population":1,"population_65plus":null,"population_75plus":null,"aging_rate_65plus":null,"aging_rate_75plus":null,"population_status":"2","population_status_target":"503361363","population_aggregation_target":null,"age_65plus_missing":true,"age_75plus_missing":true,"age_quality_flag":"ok","data_completeness":"partial"}},{"type":"Feature","geometry":{"type":"Polygon","coordinates":[[[133.125,33.87083333333334],[133.13125,33.87083333333334],[133.13125,33.87500000000001],[133.125,33.87500000000001],[133.125,33.87083333333334]]]},"properties":{"type":"Feature","mesh_id":"503361402","municipality_code":"38206","municipality":"西条市","total_population":4,"population_65plus":null,"population_75plus":null,"aging_rate_65plus":null,"aging_rate_75plus":null,"population_status":"2","population_status_target":"503361504","population_aggregation_target":null,"age_65plus_missing":true,"age_75plus_missing":true,"age_quality_flag":"ok","data_completeness":"partial"}},{"type":"Feature","geometry":{"type":"Polygon","coordinates":[[[133.175,33.86666666666667],[133.18125,33.86666666666667],[133.18125,33.87083333333334],[133.175,33.87083333333334],[133.175,33.86666666666667]]]},"properties":{"type":"Feature","mesh_id":"503361441","municipality_code":"38206","municipality":"西条市","total_population":6,"population_65plus":null,"population_75plus":null,"aging_rate_65plus":null,"aging_rate_75plus":null,"population_status":"2","population_status_target":"503361344","population_aggregation_target":null,"age_65plus_missing":true,"age_75plus_missing":true,"age_quality_flag":"ok","data_completeness":"partial"}},{"type":"Feature","geometry":{"type":"Polygon","coordinates":[[[133.13125,33.875],[133.1375,33.875],[133.1375,33.87916666666667],[133.13125,33.87916666666667],[133.13125,33.875]]]},"properties":{"type":"Feature","mesh_id":"503361503","municipality_code":"38206","municipality":"西条市","total_population":1,"population_65plus":null,"population_75plus":null,"aging_rate_65plus":null,"aging_rate_75plus":null,"population_status":"2","population_status_target":"503361504","population_aggregation_target":null,"age_65plus_missing":true,"age_75plus_missing":true,"age_quality_flag":"ok","data_completeness":"partial"}},{"type":"Feature","geometry":{"type":"Polygon","coordinates":[[[133.13125,33.87916666666667],[133.1375,33.87916666666667],[133.1375,33.88333333333334],[133.13125,33.88333333333334],[133.13125,33.87916666666667]]]},"properties":{"type":"Feature","mesh_id":"503361504","municipality_code":"38206","municipality":"西条市","total_population":4,"population_65plus":null,"population_75plus":null,"aging_rate_65plus":null,"aging_rate_75plus":null,"population_status":"1","population_status_target":null,"population_aggregation_target":"503361301;503361304;503361402;503361503","age_65plus_missing":true,"age_75plus_missing":true,"age_quality_flag":"inconsistent_with_total","data_completeness":"partial"}},{"type":"Feature","geometry":{"type":"Polygon","coordinates":[[[133.1625,33.875],[133.16875,33.875],[133.16875,33.87916666666667],[133.1625,33.87916666666667],[133.1625,33.875]]]},"properties":{"type":"Feature","mesh_id":"503361531","municipality_code":"38206","municipality":"西条市","total_population":69,"population_65plus":40,"population_75plus":15,"aging_rate_65plus":0.5797101449275363,"aging_rate_75plus":0.21739130434782608,"population_status":"1","population_status_target":null,"population_aggregation_target":"503361532;503361533;503361534","age_65plus_missing":false,"age_75plus_missing":false,"age_quality_flag":"ok","data_completeness":"complete"}},{"type":"Feature","geometry":{"type":"Polygon","coordinates":[[[133.1625,33.87916666666667],[133.16875,33.87916666666667],[133.16875,33.88333333333334],[133.1625,33.88333333333334],[133.1625,33.87916666666667]]]},"properties":{"type":"Feature","mesh_id":"503361532","municipality_code":"38206","municipality":"西条市","total_population":4,"population_65plus":null,"population_75plus":null,"aging_rate_65plus":null,"aging_rate_75plus":null,"population_status":"2","population_status_target":"503361531","population_aggregation_target":null,"age_65plus_missing":true,"age_75plus_missing":true,"age_quality_flag":"ok","data_completeness":"partial"}},{"type":"Feature","geometry":{"type":"Polygon","coordinates":[[[133.16875,33.875],[133.17499999999998,33.875],[133.17499999999998,33.87916666666667],[133.16875,33.87916666666667],[133.16875,33.875]]]},"properties":{"type":"Feature","mesh_id":"503361533","municipality_code":"38206","municipality":"西条市","total_population":2,"population_65plus":null,"population_75plus":null,"aging_rate_65plus":null,"aging_rate_75plus":null,"population_status":"2","population_status_target":"503361531","population_aggregation_target":null,"age_65plus_missing":true,"age_75plus_missing":true,"age_quality_flag":"ok","data_completeness":"partial"}},{"type":"Feature","geometry":{"type":"Polygon","coordinates":[[[133.16875,33.87916666666667],[133.17499999999998,33.87916666666667],[133.17499999999998,33.88333333333334],[133.16875,33.88333333333334],[133.16875,33.87916666666667]]]},"properties":{"type":"Feature","mesh_id":"503361534","municipality_code":"38206","municipality":"西条市","total_population":4,"population_65plus":null,"population_75plus":null,"aging_rate_65plus":null,"aging_rate_75plus":null,"population_status":"2","population_status_target":"503361531","population_aggregation_target":null,"age_65plus_missing":true,"age_75plus_missing":true,"age_quality_flag":"ok","data_completeness":"partial"}},{"type":"Feature","geometry":{"type":"Polygon","coordinates":[[[133.18125,33.875],[133.1875,33.875],[133.1875,33.87916666666667],[133.18125,33.87916666666667],[133.18125,33.875]]]},"properties":{"type":"Feature","mesh_id":"503361543","municipality_code":"38206","municipality":"西条市","total_population":9,"population_65plus":3,"population_75plus":2,"aging_rate_65plus":0.3333333333333333,"aging_rate_75plus":0.2222222222222222,"population_status":"0","population_status_target":null,"population_aggregation_target":null,"age_65plus_missing":false,"age_75plus_missing":false,"age_quality_flag":"ok","data_completeness":"complete"}},{"type":"Feature","geometry":{"type":"Polygon","coordinates":[[[133.125,33.88333333333333],[133.13125,33.88333333333333],[133.13125,33.8875],[133.125,33.8875],[133.125,33.88333333333333]]]},"properties":{"type":"Feature","mesh_id":"503361601","municipality_code":"38206","municipality":"西条市","total_population":8,"population_65plus":2,"population_75plus":1,"aging_rate_65plus":0.25,"aging_rate_75plus":0.125,"population_status":"0","population_status_target":null,"population_aggregation_target":null,"age_65plus_missing":false,"age_75plus_missing":false,"age_quality_flag":"ok","data_completeness":"complete"}},{"type":"Feature","geometry":{"type":"Polygon","coordinates":[[[133.125,33.8875],[133.13125,33.8875],[133.13125,33.89166666666667],[133.125,33.89166666666667],[133.125,33.8875]]]},"properties":{"type":"Feature","mesh_id":"503361602","municipality_code":"38206","municipality":"西条市","total_population":37,"population_65plus":9,"population_75plus":5,"aging_rate_65plus":0.24324324324324326,"aging_rate_75plus":0.13513513513513514,"population_status":"0","population_status_target":null,"population_aggregation_target":null,"age_65plus_missing":false,"age_75plus_missing":false,"age_quality_flag":"ok","data_completeness":"complete"}},{"type":"Feature","geometry":{"type":"Polygon","coordinates":[[[133.13125,33.88333333333333],[133.1375,33.88333333333333],[133.1375,33.8875],[133.13125,33.8875],[133.13125,33.88333333333333]]]},"properties":{"type":"Feature","mesh_id":"503361603","municipality_code":"38206","municipality":"西条市","total_population":244,"population_65plus":77,"population_75plus":33,"aging_rate_65plus":0.3155737704918033,"aging_rate_75plus":0.13524590163934427,"population_status":"0","population_status_target":null,"population_aggregation_target":null,"age_65plus_missing":false,"age_75plus_missing":false,"age_quality_flag":"ok","data_completeness":"complete"}},{"type":"Feature","geometry":{"type":"Polygon","coordinates":[[[133.13125,33.8875],[133.1375,33.8875],[133.1375,33.89166666666667],[133.13125,33.89166666666667],[133.13125,33.8875]]]},"properties":{"type":"Feature","mesh_id":"503361604","municipality_code":"38206","municipality":"西条市","total_population":244,"population_65plus":148,"population_75plus":119,"aging_rate_65plus":0.6065573770491803,"aging_rate_75plus":0.48770491803278687,"population_status":"0","population_status_target":null,"population_aggregation_target":null,"age_65plus_missing":false,"age_75plus_missing":false,"age_quality_flag":"ok","data_completeness":"complete"}},{"type":"Feature","geometry":{"type":"Polygon","coordinates":[[[133.14374999999998,33.88333333333333],[133.14999999999998,33.88333333333333],[133.14999999999998,33.8875],[133.14374999999998,33.8875],[133.14374999999998,33.88333333333333]]]},"properties":{"type":"Feature","mesh_id":"503361613","municipality_code":"38206","municipality":"西条市","total_population":117,"population_65plus":22,"population_75plus":7,"aging_rate_65plus":0.18803418803418803,"aging_rate_75plus":0.05982905982905983,"population_status":"0","population_status_target":null,"population_aggregation_target":null,"age_65plus_missing":false,"age_75plus_missing":false,"age_quality_flag":"ok","data_completeness":"complete"}},{"type":"Feature","geometry":{"type":"Polygon","coordinates":[[[133.14374999999998,33.8875],[133.14999999999998,33.8875],[133.14999999999998,33.89166666666667],[133.14374999999998,33.89166666666667],[133.14374999999998,33.8875]]]},"properties":{"type":"Feature","mesh_id":"503361614","municipality_code":"38206","municipality":"西条市","total_population":205,"population_65plus":54,"population_75plus":28,"aging_rate_65plus":0.2634146341463415,"aging_rate_75plus":0.13658536585365855,"population_status":"0","population_status_target":null,"population_aggregation_target":null,"age_65plus_missing":false,"age_75plus_missing":false,"age_quality_flag":"ok","data_completeness":"complete"}},{"type":"Feature","geometry":{"type":"Polygon","coordinates":[[[133.15625,33.88333333333333],[133.1625,33.88333333333333],[133.1625,33.8875],[133.15625,33.8875],[133.15625,33.88333333333333]]]},"properties":{"type":"Feature","mesh_id":"503361623","municipality_code":"38206","municipality":"西条市","total_population":12,"population_65plus":4,"population_75plus":1,"aging_rate_65plus":0.3333333333333333,"aging_rate_75plus":0.08333333333333333,"population_status":"1","population_status_target":null,"population_aggregation_target":"503361624","age_65plus_missing":false,"age_75plus_missing":false,"age_quality_flag":"ok","data_completeness":"complete"}},{"type":"Feature","geometry":{"type":"Polygon","coordinates":[[[133.15625,33.8875],[133.1625,33.8875],[133.1625,33.89166666666667],[133.15625,33.89166666666667],[133.15625,33.8875]]]},"properties":{"type":"Feature","mesh_id":"503361624","municipality_code":"38206","municipality":"西条市","total_population":2,"population_65plus":null,"population_75plus":null,"aging_rate_65plus":null,"aging_rate_75plus":null,"population_status":"2","population_status_target":"503361623","population_aggregation_target":null,"age_65plus_missing":true,"age_75plus_missing":true,"age_quality_flag":"ok","data_completeness":"partial"}},{"type":"Feature","geometry":{"type":"Polygon","coordinates":[[[133.1625,33.8875],[133.16875,33.8875],[133.16875,33.89166666666667],[133.1625,33.89166666666667],[133.1625,33.8875]]]},"properties":{"type":"Feature","mesh_id":"503361632","municipality_code":"38206","municipality":"西条市","total_population":30,"population_65plus":16,"population_75plus":5,"aging_rate_65plus":0.5333333333333333,"aging_rate_75plus":0.16666666666666666,"population_status":"0","population_status_target":null,"population_aggregation_target":null,"age_65plus_missing":false,"age_75plus_missing":false,"age_quality_flag":"ok","data_completeness":"complete"}},{"type":"Feature","geometry":{"type":"Polygon","coordinates":[[[133.175,33.88333333333333],[133.18125,33.88333333333333],[133.18125,33.8875],[133.175,33.8875],[133.175,33.88333333333333]]]},"properties":{"type":"Feature","mesh_id":"503361641","municipality_code":"38206","municipality":"西条市","total_population":12,"population_65plus":5,"population_75plus":1,"aging_rate_65plus":0.4166666666666667,"aging_rate_75plus":0.08333333333333333,"population_status":"0","population_status_target":null,"population_aggregation_target":null,"age_65plus_missing":false,"age_75plus_missing":false,"age_quality_flag":"ok","data_completeness":"complete"}},{"type":"Feature","geometry":{"type":"Polygon","coordinates":[[[133.175,33.8875],[133.18125,33.8875],[133.18125,33.89166666666667],[133.175,33.89166666666667],[133.175,33.8875]]]},"properties":{"type":"Feature","mesh_id":"503361642","municipality_code":"38206","municipality":"西条市","total_population":71,"population_65plus":31,"population_75plus":16,"aging_rate_65plus":0.43661971830985913,"aging_rate_75plus":0.22535211267605634,"population_status":"0","population_status_target":null,"population_aggregation_target":null,"age_65plus_missing":false,"age_75plus_missing":false,"age_quality_flag":"ok","data_completeness":"complete"}},{"type":"Feature","geometry":{"type":"Polygon","coordinates":[[[133.18125,33.8875],[133.1875,33.8875],[133.1875,33.89166666666667],[133.18125,33.89166666666667],[133.18125,33.8875]]]},"properties":{"type":"Feature","mesh_id":"503361644","municipality_code":"38206","municipality":"西条市","total_population":43,"population_65plus":12,"population_75plus":6,"aging_rate_65plus":0.27906976744186046,"aging_rate_75plus":0.13953488372093023,"population_status":"0","population_status_target":null,"population_aggregation_target":null,"age_65plus_missing":false,"age_75plus_missing":false,"age_quality_flag":"ok","data_completeness":"complete"}},{"type":"Feature","geometry":{"type":"Polygon","coordinates":[[[133.1875,33.88333333333333],[133.19375,33.88333333333333],[133.19375,33.8875],[133.1875,33.8875],[133.1875,33.88333333333333]]]},"properties":{"type":"Feature","mesh_id":"503361651","municipality_code":"38206","municipality":"西条市","total_population":21,"population_65plus":12,"population_75plus":9,"aging_rate_65plus":0.5714285714285714,"aging_rate_75plus":0.42857142857142855,"population_status":"0","population_status_target":null,"population_aggregation_target":null,"age_65plus_missing":false,"age_75plus_missing":false,"age_quality_flag":"ok","data_completeness":"complete"}},{"type":"Feature","geometry":{"type":"Polygon","coordinates":[[[133.1875,33.8875],[133.19375,33.8875],[133.19375,33.89166666666667],[133.1875,33.89166666666667],[133.1875,33.8875]]]},"properties":{"type":"Feature","mesh_id":"503361652","municipality_code":"38206","municipality":"西条市","total_population":1,"population_65plus":null,"population_75plus":null,"aging_rate_65plus":null,"aging_rate_75plus":null,"population_status":"2","population_status_target":"503361653","population_aggregation_target":null,"age_65plus_missing":true,"age_75plus_missing":true,"age_quality_flag":"ok","data_completeness":"partial"}},{"type":"Feature","geometry":{"type":"Polygon","coordinates":[[[133.19375,33.88333333333333],[133.2,33.88333333333333],[133.2,33.8875],[133.19375,33.8875],[133.19375,33.88333333333333]]]},"properties":{"type":"Feature","mesh_id":"503361653","municipality_code":"38206","municipality":"西条市","total_population":116,"population_65plus":54,"population_75plus":27,"aging_rate_65plus":0.46551724137931033,"aging_rate_75plus":0.23275862068965517,"population_status":"1","population_status_target":null,"population_aggregation_target":"503361652","age_65plus_missing":false,"age_75plus_missing":false,"age_quality_flag":"ok","data_completeness":"complete"}},{"type":"Feature","geometry":{"type":"Polygon","coordinates":[[[133.19375,33.8875],[133.2,33.8875],[133.2,33.89166666666667],[133.19375,33.89166666666667],[133.19375,33.8875]]]},"properties":{"type":"Feature","mesh_id":"503361654","municipality_code":"38206","municipality":"西条市","total_population":12,"population_65plus":7,"population_75plus":2,"aging_rate_65plus":0.5833333333333334,"aging_rate_75plus":0.16666666666666666,"population_status":"0","population_status_target":null,"population_aggregation_target":null,"age_65plus_missing":false,"age_75plus_missing":false,"age_quality_flag":"ok","data_completeness":"complete"}},{"type":"Feature","geometry":{"type":"Polygon","coordinates":[[[133.20624999999998,33.8875],[133.21249999999998,33.8875],[133.21249999999998,33.89166666666667],[133.20624999999998,33.89166666666667],[133.20624999999998,33.8875]]]},"properties":{"type":"Feature","mesh_id":"503361664","municipality_code":"38206","municipality":"西条市","total_population":4,"population_65plus":null,"population_75plus":null,"aging_rate_65plus":null,"aging_rate_75plus":null,"population_status":"2","population_status_target":"503361762","population_aggregation_target":null,"age_65plus_missing":true,"age_75plus_missing":true,"age_quality_flag":"ok","data_completeness":"partial"}},{"type":"Feature","geometry":{"type":"Polygon","coordinates":[[[133.125,33.891666666666666],[133.13125,33.891666666666666],[133.13125,33.895833333333336],[133.125,33.895833333333336],[133.125,33.891666666666666]]]},"properties":{"type":"Feature","mesh_id":"503361701","municipality_code":"38206","municipality":"西条市","total_population":783,"population_65plus":325,"population_75plus":170,"aging_rate_65plus":0.41507024265644954,"aging_rate_75plus":0.21711366538952745,"population_status":"0","population_status_target":null,"population_aggregation_target":null,"age_65plus_missing":false,"age_75plus_missing":false,"age_quality_flag":"ok","data_completeness":"complete"}},{"type":"Feature","geometry":{"type":"Polygon","coordinates":[[[133.125,33.895833333333336],[133.13125,33.895833333333336],[133.13125,33.900000000000006],[133.125,33.900000000000006],[133.125,33.895833333333336]]]},"properties":{"type":"Feature","mesh_id":"503361702","municipality_code":"38206","municipality":"西条市","total_population":485,"population_65plus":214,"population_75plus":143,"aging_rate_65plus":0.44123711340206184,"aging_rate_75plus":0.2948453608247423,"population_status":"0","population_status_target":null,"population_aggregation_target":null,"age_65plus_missing":false,"age_75plus_missing":false,"age_quality_flag":"ok","data_completeness":"complete"}},{"type":"Feature","geometry":{"type":"Polygon","coordinates":[[[133.13125,33.891666666666666],[133.1375,33.891666666666666],[133.1375,33.895833333333336],[133.13125,33.895833333333336],[133.13125,33.891666666666666]]]},"properties":{"type":"Feature","mesh_id":"503361703","municipality_code":"38206","municipality":"西条市","total_population":321,"population_65plus":118,"population_75plus":63,"aging_rate_65plus":0.367601246105919,"aging_rate_75plus":0.19626168224299065,"population_status":"0","population_status_target":null,"population_aggregation_target":null,"age_65plus_missing":false,"age_75plus_missing":false,"age_quality_flag":"ok","data_completeness":"complete"}},{"type":"Feature","geometry":{"type":"Polygon","coordinates":[[[133.13125,33.895833333333336],[133.1375,33.895833333333336],[133.1375,33.900000000000006],[133.13125,33.900000000000006],[133.13125,33.895833333333336]]]},"properties":{"type":"Feature","mesh_id":"503361704","municipality_code":"38206","municipality":"西条市","total_population":116,"population_65plus":40,"population_75plus":25,"aging_rate_65plus":0.3448275862068966,"aging_rate_75plus":0.21551724137931033,"population_status":"0","population_status_target":null,"population_aggregation_target":null,"age_65plus_missing":false,"age_75plus_missing":false,"age_quality_flag":"ok","data_completeness":"complete"}},{"type":"Feature","geometry":{"type":"Polygon","coordinates":[[[133.1375,33.891666666666666],[133.14374999999998,33.891666666666666],[133.14374999999998,33.895833333333336],[133.1375,33.895833333333336],[133.1375,33.891666666666666]]]},"properties":{"type":"Feature","mesh_id":"503361711","municipality_code":"38206","municipality":"西条市","total_population":358,"population_65plus":152,"population_75plus":71,"aging_rate_65plus":0.4245810055865922,"aging_rate_75plus":0.19832402234636873,"population_status":"0","population_status_target":null,"population_aggregation_target":null,"age_65plus_missing":false,"age_75plus_missing":false,"age_quality_flag":"ok","data_completeness":"complete"}},{"type":"Feature","geometry":{"type":"Polygon","coordinates":[[[133.1375,33.895833333333336],[133.14374999999998,33.895833333333336],[133.14374999999998,33.900000000000006],[133.1375,33.900000000000006],[133.1375,33.895833333333336]]]},"properties":{"type":"Feature","mesh_id":"503361712","municipality_code":"38206","municipality":"西条市","total_population":436,"population_65plus":168,"population_75plus":85,"aging_rate_65plus":0.3853211009174312,"aging_rate_75plus":0.19495412844036697,"population_status":"0","population_status_target":null,"population_aggregation_target":null,"age_65plus_missing":false,"age_75plus_missing":false,"age_quality_flag":"ok","data_completeness":"complete"}},{"type":"Feature","geometry":{"type":"Polygon","coordinates":[[[133.14374999999998,33.891666666666666],[133.14999999999998,33.891666666666666],[133.14999999999998,33.895833333333336],[133.14374999999998,33.895833333333336],[133.14374999999998,33.891666666666666]]]},"properties":{"type":"Feature","mesh_id":"503361713","municipality_code":"38206","municipality":"西条市","total_population":22,"population_65plus":14,"population_75plus":7,"aging_rate_65plus":0.6363636363636364,"aging_rate_75plus":0.3181818181818182,"population_status":"0","population_status_target":null,"population_aggregation_target":null,"age_65plus_missing":false,"age_75plus_missing":false,"age_quality_flag":"ok","data_completeness":"complete"}},{"type":"Feature","geometry":{"type":"Polygon","coordinates":[[[133.15,33.891666666666666],[133.15625,33.891666666666666],[133.15625,33.895833333333336],[133.15,33.895833333333336],[133.15,33.891666666666666]]]},"properties":{"type":"Feature","mesh_id":"503361721","municipality_code":"38206","municipality":"西条市","total_population":217,"population_65plus":75,"population_75plus":33,"aging_rate_65plus":0.3456221198156682,"aging_rate_75plus":0.15207373271889402,"population_status":"0","population_status_target":null,"population_aggregation_target":null,"age_65plus_missing":false,"age_75plus_missing":false,"age_quality_flag":"ok","data_completeness":"complete"}},{"type":"Feature","geometry":{"type":"Polygon","coordinates":[[[133.15,33.895833333333336],[133.15625,33.895833333333336],[133.15625,33.900000000000006],[133.15,33.900000000000006],[133.15,33.895833333333336]]]},"properties":{"type":"Feature","mesh_id":"503361722","municipality_code":"38206","municipality":"西条市","total_population":193,"population_65plus":76,"population_75plus":41,"aging_rate_65plus":0.39378238341968913,"aging_rate_75plus":0.21243523316062177,"population_status":"0","population_status_target":null,"population_aggregation_target":null,"age_65plus_missing":false,"age_75plus_missing":false,"age_quality_flag":"ok","data_completeness":"complete"}},{"type":"Feature","geometry":{"type":"Polygon","coordinates":[[[133.1625,33.891666666666666],[133.16875,33.891666666666666],[133.16875,33.895833333333336],[133.1625,33.895833333333336],[133.1625,33.891666666666666]]]},"properties":{"type":"Feature","mesh_id":"503361731","municipality_code":"38206","municipality":"西条市","total_population":121,"population_65plus":59,"population_75plus":34,"aging_rate_65plus":0.48760330578512395,"aging_rate_75plus":0.2809917355371901,"population_status":"0","population_status_target":null,"population_aggregation_target":null,"age_65plus_missing":false,"age_75plus_missing":false,"age_quality_flag":"ok","data_completeness":"complete"}},{"type":"Feature","geometry":{"type":"Polygon","coordinates":[[[133.1625,33.895833333333336],[133.16875,33.895833333333336],[133.16875,33.900000000000006],[133.1625,33.900000000000006],[133.1625,33.895833333333336]]]},"properties":{"type":"Feature","mesh_id":"503361732","municipality_code":"38206","municipality":"西条市","total_population":65,"population_65plus":31,"population_75plus":17,"aging_rate_65plus":0.47692307692307695,"aging_rate_75plus":0.26153846153846155,"population_status":"0","population_status_target":null,"population_aggregation_target":null,"age_65plus_missing":false,"age_75plus_missing":false,"age_quality_flag":"ok","data_completeness":"complete"}},{"type":"Feature","geometry":{"type":"Polygon","coordinates":[[[133.16875,33.891666666666666],[133.17499999999998,33.891666666666666],[133.17499999999998,33.895833333333336],[133.16875,33.895833333333336],[133.16875,33.891666666666666]]]},"properties":{"type":"Feature","mesh_id":"503361733","municipality_code":"38206","municipality":"西条市","total_population":86,"population_65plus":43,"population_75plus":28,"aging_rate_65plus":0.5,"aging_rate_75plus":0.32558139534883723,"population_status":"0","population_status_target":null,"population_aggregation_target":null,"age_65plus_missing":false,"age_75plus_missing":false,"age_quality_flag":"ok","data_completeness":"complete"}},{"type":"Feature","geometry":{"type":"Polygon","coordinates":[[[133.16875,33.895833333333336],[133.17499999999998,33.895833333333336],[133.17499999999998,33.900000000000006],[133.16875,33.900000000000006],[133.16875,33.895833333333336]]]},"properties":{"type":"Feature","mesh_id":"503361734","municipality_code":"38206","municipality":"西条市","total_population":504,"population_65plus":157,"population_75plus":86,"aging_rate_65plus":0.3115079365079365,"aging_rate_75plus":0.17063492063492064,"population_status":"0","population_status_target":null,"population_aggregation_target":null,"age_65plus_missing":false,"age_75plus_missing":false,"age_quality_flag":"ok","data_completeness":"complete"}},{"type":"Feature","geometry":{"type":"Polygon","coordinates":[[[133.175,33.895833333333336],[133.18125,33.895833333333336],[133.18125,33.900000000000006],[133.175,33.900000000000006],[133.175,33.895833333333336]]]},"properties":{"type":"Feature","mesh_id":"503361742","municipality_code":"38206","municipality":"西条市","total_population":38,"population_65plus":11,"population_75plus":8,"aging_rate_65plus":0.2894736842105263,"aging_rate_75plus":0.21052631578947367,"population_status":"0","population_status_target":null,"population_aggregation_target":null,"age_65plus_missing":false,"age_75plus_missing":false,"age_quality_flag":"ok","data_completeness":"complete"}},{"type":"Feature","geometry":{"type":"Polygon","coordinates":[[[133.18125,33.891666666666666],[133.1875,33.891666666666666],[133.1875,33.895833333333336],[133.18125,33.895833333333336],[133.18125,33.891666666666666]]]},"properties":{"type":"Feature","mesh_id":"503361743","municipality_code":"38206","municipality":"西条市","total_population":266,"population_65plus":89,"population_75plus":47,"aging_rate_65plus":0.33458646616541354,"aging_rate_75plus":0.17669172932330826,"population_status":"0","population_status_target":null,"population_aggregation_target":null,"age_65plus_missing":false,"age_75plus_missing":false,"age_quality_flag":"ok","data_completeness":"complete"}},{"type":"Feature","geometry":{"type":"Polygon","coordinates":[[[133.18125,33.895833333333336],[133.1875,33.895833333333336],[133.1875,33.900000000000006],[133.18125,33.900000000000006],[133.18125,33.895833333333336]]]},"properties":{"type":"Feature","mesh_id":"503361744","municipality_code":"38206","municipality":"西条市","total_population":400,"population_65plus":132,"population_75plus":78,"aging_rate_65plus":0.33,"aging_rate_75plus":0.195,"population_status":"0","population_status_target":null,"population_aggregation_target":null,"age_65plus_missing":false,"age_75plus_missing":false,"age_quality_flag":"ok","data_completeness":"complete"}},{"type":"Feature","geometry":{"type":"Polygon","coordinates":[[[133.1875,33.891666666666666],[133.19375,33.891666666666666],[133.19375,33.895833333333336],[133.1875,33.895833333333336],[133.1875,33.891666666666666]]]},"properties":{"type":"Feature","mesh_id":"503361751","municipality_code":"38206","municipality":"西条市","total_population":257,"population_65plus":98,"population_75plus":47,"aging_rate_65plus":0.38132295719844356,"aging_rate_75plus":0.1828793774319066,"population_status":"1","population_status_target":null,"population_aggregation_target":"503361752","age_65plus_missing":false,"age_75plus_missing":false,"age_quality_flag":"ok","data_completeness":"complete"}},{"type":"Feature","geometry":{"type":"Polygon","coordinates":[[[133.1875,33.895833333333336],[133.19375,33.895833333333336],[133.19375,33.900000000000006],[133.1875,33.900000000000006],[133.1875,33.895833333333336]]]},"properties":{"type":"Feature","mesh_id":"503361752","municipality_code":"38206","municipality":"西条市","total_population":2,"population_65plus":null,"population_75plus":null,"aging_rate_65plus":null,"aging_rate_75plus":null,"population_status":"2","population_status_target":"503361751","population_aggregation_target":null,"age_65plus_missing":true,"age_75plus_missing":true,"age_quality_flag":"ok","data_completeness":"partial"}},{"type":"Feature","geometry":{"type":"Polygon","coordinates":[[[133.19375,33.891666666666666],[133.2,33.891666666666666],[133.2,33.895833333333336],[133.19375,33.895833333333336],[133.19375,33.891666666666666]]]},"properties":{"type":"Feature","mesh_id":"503361753","municipality_code":"38206","municipality":"西条市","total_population":97,"population_65plus":14,"population_75plus":8,"aging_rate_65plus":0.14432989690721648,"aging_rate_75plus":0.08247422680412371,"population_status":"0","population_status_target":null,"population_aggregation_target":null,"age_65plus_missing":false,"age_75plus_missing":false,"age_quality_flag":"ok","data_completeness":"complete"}},{"type":"Feature","geometry":{"type":"Polygon","coordinates":[[[133.19375,33.895833333333336],[133.2,33.895833333333336],[133.2,33.900000000000006],[133.19375,33.900000000000006],[133.19375,33.895833333333336]]]},"properties":{"type":"Feature","mesh_id":"503361754","municipality_code":"38206","municipality":"西条市","total_population":54,"population_65plus":29,"population_75plus":14,"aging_rate_65plus":0.5370370370370371,"aging_rate_75plus":0.25925925925925924,"population_status":"0","population_status_target":null,"population_aggregation_target":null,"age_65plus_missing":false,"age_75plus_missing":false,"age_quality_flag":"ok","data_completeness":"complete"}},{"type":"Feature","geometry":{"type":"Polygon","coordinates":[[[133.2,33.891666666666666],[133.20624999999998,33.891666666666666],[133.20624999999998,33.895833333333336],[133.2,33.895833333333336],[133.2,33.891666666666666]]]},"properties":{"type":"Feature","mesh_id":"503361761","municipality_code":"38206","municipality":"西条市","total_population":1,"population_65plus":null,"population_75plus":null,"aging_rate_65plus":null,"aging_rate_75plus":null,"population_status":"2","population_status_target":"503361762","population_aggregation_target":null,"age_65plus_missing":true,"age_75plus_missing":true,"age_quality_flag":"ok","data_completeness":"partial"}},{"type":"Feature","geometry":{"type":"Polygon","coordinates":[[[133.2,33.895833333333336],[133.20624999999998,33.895833333333336],[133.20624999999998,33.900000000000006],[133.2,33.900000000000006],[133.2,33.895833333333336]]]},"properties":{"type":"Feature","mesh_id":"503361762","municipality_code":"38206","municipality":"西条市","total_population":4,"population_65plus":null,"population_75plus":null,"aging_rate_65plus":null,"aging_rate_75plus":null,"population_status":"1","population_status_target":null,"population_aggregation_target":"503361664;503361761","age_65plus_missing":true,"age_75plus_missing":true,"age_quality_flag":"inconsistent_with_total","data_completeness":"partial"}},{"type":"Feature","geometry":{"type":"Polygon","coordinates":[[[133.21875,33.895833333333336],[133.225,33.895833333333336],[133.225,33.900000000000006],[133.21875,33.900000000000006],[133.21875,33.895833333333336]]]},"properties":{"type":"Feature","mesh_id":"503361774","municipality_code":"38206","municipality":"西条市","total_population":1,"population_65plus":null,"population_75plus":null,"aging_rate_65plus":null,"aging_rate_75plus":null,"population_status":"2","population_status_target":"503361881","population_aggregation_target":null,"age_65plus_missing":true,"age_75plus_missing":true,"age_quality_flag":"ok","data_completeness":"partial"}},{"type":"Feature","geometry":{"type":"Polygon","coordinates":[[[133.23125,33.891666666666666],[133.23749999999998,33.891666666666666],[133.23749999999998,33.895833333333336],[133.23125,33.895833333333336],[133.23125,33.891666666666666]]]},"properties":{"type":"Feature","mesh_id":"503361783","municipality_code":"38206","municipality":"西条市","total_population":3,"population_65plus":null,"population_75plus":null,"aging_rate_65plus":null,"aging_rate_75plus":null,"population_status":"2","population_status_target":"503361881","population_aggregation_target":null,"age_65plus_missing":true,"age_75plus_missing":true,"age_quality_flag":"ok","data_completeness":"partial"}},{"type":"Feature","geometry":{"type":"Polygon","coordinates":[[[133.125,33.900000000000006],[133.13125,33.900000000000006],[133.13125,33.904166666666676],[133.125,33.904166666666676],[133.125,33.900000000000006]]]},"properties":{"type":"Feature","mesh_id":"503361801","municipality_code":"38206","municipality":"西条市","total_population":178,"population_65plus":60,"population_75plus":31,"aging_rate_65plus":0.33707865168539325,"aging_rate_75plus":0.17415730337078653,"population_status":"1","population_status_target":null,"population_aggregation_target":"503361802","age_65plus_missing":false,"age_75plus_missing":false,"age_quality_flag":"ok","data_completeness":"complete"}},{"type":"Feature","geometry":{"type":"Polygon","coordinates":[[[133.125,33.904166666666676],[133.13125,33.904166666666676],[133.13125,33.908333333333346],[133.125,33.908333333333346],[133.125,33.904166666666676]]]},"properties":{"type":"Feature","mesh_id":"503361802","municipality_code":"38206","municipality":"西条市","total_population":2,"population_65plus":null,"population_75plus":null,"aging_rate_65plus":null,"aging_rate_75plus":null,"population_status":"2","population_status_target":"503361801","population_aggregation_target":null,"age_65plus_missing":true,"age_75plus_missing":true,"age_quality_flag":"ok","data_completeness":"partial"}},{"type":"Feature","geometry":{"type":"Polygon","coordinates":[[[133.13125,33.900000000000006],[133.1375,33.900000000000006],[133.1375,33.904166666666676],[133.13125,33.904166666666676],[133.13125,33.900000000000006]]]},"properties":{"type":"Feature","mesh_id":"503361803","municipality_code":"38206","municipality":"西条市","total_population":99,"population_65plus":28,"population_75plus":13,"aging_rate_65plus":0.2828282828282828,"aging_rate_75plus":0.13131313131313133,"population_status":"0","population_status_target":null,"population_aggregation_target":null,"age_65plus_missing":false,"age_75plus_missing":false,"age_quality_flag":"ok","data_completeness":"complete"}},{"type":"Feature","geometry":{"type":"Polygon","coordinates":[[[133.1375,33.904166666666676],[133.14374999999998,33.904166666666676],[133.14374999999998,33.908333333333346],[133.1375,33.908333333333346],[133.1375,33.904166666666676]]]},"properties":{"type":"Feature","mesh_id":"503361812","municipality_code":"38206","municipality":"西条市","total_population":23,"population_65plus":9,"population_75plus":5,"aging_rate_65plus":0.391304347826087,"aging_rate_75plus":0.21739130434782608,"population_status":"0","population_status_target":null,"population_aggregation_target":null,"age_65plus_missing":false,"age_75plus_missing":false,"age_quality_flag":"ok","data_completeness":"complete"}},{"type":"Feature","geometry":{"type":"Polygon","coordinates":[[[133.14374999999998,33.900000000000006],[133.14999999999998,33.900000000000006],[133.14999999999998,33.904166666666676],[133.14374999999998,33.904166666666676],[133.14374999999998,33.900000000000006]]]},"properties":{"type":"Feature","mesh_id":"503361813","municipality_code":"38206","municipality":"西条市","total_population":6,"population_65plus":null,"population_75plus":null,"aging_rate_65plus":null,"aging_rate_75plus":null,"population_status":"2","population_status_target":"503361814","population_aggregation_target":null,"age_65plus_missing":true,"age_75plus_missing":true,"age_quality_flag":"ok","data_completeness":"partial"}},{"type":"Feature","geometry":{"type":"Polygon","coordinates":[[[133.14374999999998,33.904166666666676],[133.14999999999998,33.904166666666676],[133.14999999999998,33.908333333333346],[133.14374999999998,33.908333333333346],[133.14374999999998,33.904166666666676]]]},"properties":{"type":"Feature","mesh_id":"503361814","municipality_code":"38206","municipality":"西条市","total_population":9,"population_65plus":9,"population_75plus":5,"aging_rate_65plus":1.0,"aging_rate_75plus":0.5555555555555556,"population_status":"1","population_status_target":null,"population_aggregation_target":"503361813","age_65plus_missing":false,"age_75plus_missing":false,"age_quality_flag":"ok","data_completeness":"complete"}},{"type":"Feature","geometry":{"type":"Polygon","coordinates":[[[133.15625,33.900000000000006],[133.1625,33.900000000000006],[133.1625,33.904166666666676],[133.15625,33.904166666666676],[133.15625,33.900000000000006]]]},"properties":{"type":"Feature","mesh_id":"503361823","municipality_code":"38206","municipality":"西条市","total_population":11,"population_65plus":8,"population_75plus":7,"aging_rate_65plus":0.7272727272727273,"aging_rate_75plus":0.6363636363636364,"population_status":"0","population_status_target":null,"population_aggregation_target":null,"age_65plus_missing":false,"age_75plus_missing":false,"age_quality_flag":"ok","data_completeness":"complete"}},{"type":"Feature","geometry":{"type":"Polygon","coordinates":[[[133.1625,33.904166666666676],[133.16875,33.904166666666676],[133.16875,33.908333333333346],[133.1625,33.908333333333346],[133.1625,33.904166666666676]]]},"properties":{"type":"Feature","mesh_id":"503361832","municipality_code":"38206","municipality":"西条市","total_population":287,"population_65plus":103,"population_75plus":41,"aging_rate_65plus":0.3588850174216028,"aging_rate_75plus":0.14285714285714285,"population_status":"0","population_status_target":null,"population_aggregation_target":null,"age_65plus_missing":false,"age_75plus_missing":false,"age_quality_flag":"ok","data_completeness":"complete"}},{"type":"Feature","geometry":{"type":"Polygon","coordinates":[[[133.16875,33.904166666666676],[133.17499999999998,33.904166666666676],[133.17499999999998,33.908333333333346],[133.16875,33.908333333333346],[133.16875,33.904166666666676]]]},"properties":{"type":"Feature","mesh_id":"503361834","municipality_code":"38206","municipality":"西条市","total_population":86,"population_65plus":24,"population_75plus":6,"aging_rate_65plus":0.27906976744186046,"aging_rate_75plus":0.06976744186046512,"population_status":"0","population_status_target":null,"population_aggregation_target":null,"age_65plus_missing":false,"age_75plus_missing":false,"age_quality_flag":"ok","data_completeness":"complete"}},{"type":"Feature","geometry":{"type":"Polygon","coordinates":[[[133.175,33.900000000000006],[133.18125,33.900000000000006],[133.18125,33.904166666666676],[133.175,33.904166666666676],[133.175,33.900000000000006]]]},"properties":{"type":"Feature","mesh_id":"503361841","municipality_code":"38206","municipality":"西条市","total_population":520,"population_65plus":177,"population_75plus":87,"aging_rate_65plus":0.3403846153846154,"aging_rate_75plus":0.1673076923076923,"population_status":"0","population_status_target":null,"population_aggregation_target":null,"age_65plus_missing":false,"age_75plus_missing":false,"age_quality_flag":"ok","data_completeness":"complete"}},{"type":"Feature","geometry":{"type":"Polygon","coordinates":[[[133.175,33.904166666666676],[133.18125,33.904166666666676],[133.18125,33.908333333333346],[133.175,33.908333333333346],[133.175,33.904166666666676]]]},"properties":{"type":"Feature","mesh_id":"503361842","municipality_code":"38206","municipality":"西条市","total_population":231,"population_65plus":77,"population_75plus":31,"aging_rate_65plus":0.3333333333333333,"aging_rate_75plus":0.1341991341991342,"population_status":"0","population_status_target":null,"population_aggregation_target":null,"age_65plus_missing":false,"age_75plus_missing":false,"age_quality_flag":"ok","data_completeness":"complete"}},{"type":"Feature","geometry":{"type":"Polygon","coordinates":[[[133.18125,33.904166666666676],[133.1875,33.904166666666676],[133.1875,33.908333333333346],[133.18125,33.908333333333346],[133.18125,33.904166666666676]]]},"properties":{"type":"Feature","mesh_id":"503361844","municipality_code":"38206","municipality":"西条市","total_population":1204,"population_65plus":304,"population_75plus":152,"aging_rate_65plus":0.25249169435215946,"aging_rate_75plus":0.12624584717607973,"population_status":"0","population_status_target":null,"population_aggregation_target":null,"age_65plus_missing":false,"age_75plus_missing":false,"age_quality_flag":"ok","data_completeness":"complete"}},{"type":"Feature","geometry":{"type":"Polygon","coordinates":[[[133.1875,33.900000000000006],[133.19375,33.900000000000006],[133.19375,33.904166666666676],[133.1875,33.904166666666676],[133.1875,33.900000000000006]]]},"properties":{"type":"Feature","mesh_id":"503361851","municipality_code":"38206","municipality":"西条市","total_population":275,"population_65plus":107,"population_75plus":49,"aging_rate_65plus":0.3890909090909091,"aging_rate_75plus":0.1781818181818182,"population_status":"0","population_status_target":null,"population_aggregation_target":null,"age_65plus_missing":false,"age_75plus_missing":false,"age_quality_flag":"ok","data_completeness":"complete"}},{"type":"Feature","geometry":{"type":"Polygon","coordinates":[[[133.1875,33.904166666666676],[133.19375,33.904166666666676],[133.19375,33.908333333333346],[133.1875,33.908333333333346],[133.1875,33.904166666666676]]]},"properties":{"type":"Feature","mesh_id":"503361852","municipality_code":"38206","municipality":"西条市","total_population":319,"population_65plus":81,"population_75plus":39,"aging_rate_65plus":0.25391849529780564,"aging_rate_75plus":0.12225705329153605,"population_status":"0","population_status_target":null,"population_aggregation_target":null,"age_65plus_missing":false,"age_75plus_missing":false,"age_quality_flag":"ok","data_completeness":"complete"}},{"type":"Feature","geometry":{"type":"Polygon","coordinates":[[[133.19375,33.900000000000006],[133.2,33.900000000000006],[133.2,33.904166666666676],[133.19375,33.904166666666676],[133.19375,33.900000000000006]]]},"properties":{"type":"Feature","mesh_id":"503361853","municipality_code":"38206","municipality":"西条市","total_population":1007,"population_65plus":244,"population_75plus":126,"aging_rate_65plus":0.2423038728897716,"aging_rate_75plus":0.12512413108242304,"population_status":"0","population_status_target":null,"population_aggregation_target":null,"age_65plus_missing":false,"age_75plus_missing":false,"age_quality_flag":"ok","data_completeness":"complete"}},{"type":"Feature","geometry":{"type":"Polygon","coordinates":[[[133.19375,33.904166666666676],[133.2,33.904166666666676],[133.2,33.908333333333346],[133.19375,33.908333333333346],[133.19375,33.904166666666676]]]},"properties":{"type":"Feature","mesh_id":"503361854","municipality_code":"38206","municipality":"西条市","total_population":411,"population_65plus":117,"population_75plus":64,"aging_rate_65plus":0.2846715328467153,"aging_rate_75plus":0.15571776155717762,"population_status":"0","population_status_target":null,"population_aggregation_target":null,"age_65plus_missing":false,"age_75plus_missing":false,"age_quality_flag":"ok","data_completeness":"complete"}},{"type":"Feature","geometry":{"type":"Polygon","coordinates":[[[133.2,33.900000000000006],[133.20624999999998,33.900000000000006],[133.20624999999998,33.904166666666676],[133.2,33.904166666666676],[133.2,33.900000000000006]]]},"properties":{"type":"Feature","mesh_id":"503361861","municipality_code":"38206","municipality":"西条市","total_population":6,"population_65plus":null,"population_75plus":null,"aging_rate_65plus":null,"aging_rate_75plus":null,"population_status":"2","population_status_target":"503361863","population_aggregation_target":null,"age_65plus_missing":true,"age_75plus_missing":true,"age_quality_flag":"ok","data_completeness":"partial"}},{"type":"Feature","geometry":{"type":"Polygon","coordinates":[[[133.20624999999998,33.900000000000006],[133.21249999999998,33.900000000000006],[133.21249999999998,33.904166666666676],[133.20624999999998,33.904166666666676],[133.20624999999998,33.900000000000006]]]},"properties":{"type":"Feature","mesh_id":"503361863","municipality_code":"38206","municipality":"西条市","total_population":593,"population_65plus":227,"population_75plus":100,"aging_rate_65plus":0.3827993254637437,"aging_rate_75plus":0.16863406408094436,"population_status":"1","population_status_target":null,"population_aggregation_target":"503361861","age_65plus_missing":false,"age_75plus_missing":false,"age_quality_flag":"ok","data_completeness":"complete"}},{"type":"Feature","geometry":{"type":"Polygon","coordinates":[[[133.20624999999998,33.904166666666676],[133.21249999999998,33.904166666666676],[133.21249999999998,33.908333333333346],[133.20624999999998,33.908333333333346],[133.20624999999998,33.904166666666676]]]},"properties":{"type":"Feature","mesh_id":"503361864","municipality_code":"38206","municipality":"西条市","total_population":140,"population_65plus":45,"population_75plus":24,"aging_rate_65plus":0.32142857142857145,"aging_rate_75plus":0.17142857142857143,"population_status":"0","population_status_target":null,"population_aggregation_target":null,"age_65plus_missing":false,"age_75plus_missing":false,"age_quality_flag":"ok","data_completeness":"complete"}},{"type":"Feature","geometry":{"type":"Polygon","coordinates":[[[133.2125,33.904166666666676],[133.21875,33.904166666666676],[133.21875,33.908333333333346],[133.2125,33.908333333333346],[133.2125,33.904166666666676]]]},"properties":{"type":"Feature","mesh_id":"503361872","municipality_code":"38206","municipality":"西条市","total_population":9,"population_65plus":null,"population_75plus":null,"aging_rate_65plus":null,"aging_rate_75plus":null,"population_status":"2","population_status_target":"503361873","population_aggregation_target":null,"age_65plus_missing":true,"age_75plus_missing":true,"age_quality_flag":"ok","data_completeness":"partial"}},{"type":"Feature","geometry":{"type":"Polygon","coordinates":[[[133.21875,33.900000000000006],[133.225,33.900000000000006],[133.225,33.904166666666676],[133.21875,33.904166666666676],[133.21875,33.900000000000006]]]},"properties":{"type":"Feature","mesh_id":"503361873","municipality_code":"38206","municipality":"西条市","total_population":7,"population_65plus":1,"population_75plus":1,"aging_rate_65plus":0.14285714285714285,"aging_rate_75plus":0.14285714285714285,"population_status":"1","population_status_target":null,"population_aggregation_target":"503361872","age_65plus_missing":false,"age_75plus_missing":false,"age_quality_flag":"ok","data_completeness":"complete"}},{"type":"Feature","geometry":{"type":"Polygon","coordinates":[[[133.225,33.900000000000006],[133.23125,33.900000000000006],[133.23125,33.904166666666676],[133.225,33.904166666666676],[133.225,33.900000000000006]]]},"properties":{"type":"Feature","mesh_id":"503361881","municipality_code":"38206","municipality":"西条市","total_population":18,"population_65plus":6,"population_75plus":0,"aging_rate_65plus":0.3333333333333333,"aging_rate_75plus":0.0,"population_status":"1","population_status_target":null,"population_aggregation_target":"503361774;503361783","age_65plus_missing":false,"age_75plus_missing":false,"age_quality_flag":"ok","data_completeness":"complete"}},{"type":"Feature","geometry":{"type":"Polygon","coordinates":[[[133.225,33.904166666666676],[133.23125,33.904166666666676],[133.23125,33.908333333333346],[133.225,33.908333333333346],[133.225,33.904166666666676]]]},"properties":{"type":"Feature","mesh_id":"503361882","municipality_code":"38206","municipality":"西条市","total_population":22,"population_65plus":8,"population_75plus":3,"aging_rate_65plus":0.36363636363636365,"aging_rate_75plus":0.13636363636363635,"population_status":"0","population_status_target":null,"population_aggregation_target":null,"age_65plus_missing":false,"age_75plus_missing":false,"age_quality_flag":"ok","data_completeness":"complete"}},{"type":"Feature","geometry":{"type":"Polygon","coordinates":[[[133.23125,33.900000000000006],[133.23749999999998,33.900000000000006],[133.23749999999998,33.904166666666676],[133.23125,33.904166666666676],[133.23125,33.900000000000006]]]},"properties":{"type":"Feature","mesh_id":"503361883","municipality_code":"38206","municipality":"西条市","total_population":62,"population_65plus":13,"population_75plus":1,"aging_rate_65plus":0.20967741935483872,"aging_rate_75plus":0.016129032258064516,"population_status":"0","population_status_target":null,"population_aggregation_target":null,"age_65plus_missing":false,"age_75plus_missing":false,"age_quality_flag":"ok","data_completeness":"complete"}},{"type":"Feature","geometry":{"type":"Polygon","coordinates":[[[133.23125,33.904166666666676],[133.23749999999998,33.904166666666676],[133.23749999999998,33.908333333333346],[133.23125,33.908333333333346],[133.23125,33.904166666666676]]]},"properties":{"type":"Feature","mesh_id":"503361884","municipality_code":"38206","municipality":"西条市","total_population":50,"population_65plus":25,"population_75plus":14,"aging_rate_65plus":0.5,"aging_rate_75plus":0.28,"population_status":"0","population_status_target":null,"population_aggregation_target":null,"age_65plus_missing":false,"age_75plus_missing":false,"age_quality_flag":"ok","data_completeness":"complete"}},{"type":"Feature","geometry":{"type":"Polygon","coordinates":[[[133.125,33.90833333333334],[133.13125,33.90833333333334],[133.13125,33.91250000000001],[133.125,33.91250000000001],[133.125,33.90833333333334]]]},"properties":{"type":"Feature","mesh_id":"503361901","municipality_code":"38206","municipality":"西条市","total_population":22,"population_65plus":9,"population_75plus":5,"aging_rate_65plus":0.4090909090909091,"aging_rate_75plus":0.22727272727272727,"population_status":"0","population_status_target":null,"population_aggregation_target":null,"age_65plus_missing":false,"age_75plus_missing":false,"age_quality_flag":"ok","data_completeness":"complete"}},{"type":"Feature","geometry":{"type":"Polygon","coordinates":[[[133.125,33.91250000000001],[133.13125,33.91250000000001],[133.13125,33.91666666666668],[133.125,33.91666666666668],[133.125,33.91250000000001]]]},"properties":{"type":"Feature","mesh_id":"503361902","municipality_code":"38206","municipality":"西条市","total_population":96,"population_65plus":45,"population_75plus":24,"aging_rate_65plus":0.46875,"aging_rate_75plus":0.25,"population_status":"0","population_status_target":null,"population_aggregation_target":null,"age_65plus_missing":false,"age_75plus_missing":false,"age_quality_flag":"ok","data_completeness":"complete"}},{"type":"Feature","geometry":{"type":"Polygon","coordinates":[[[133.13125,33.90833333333334],[133.1375,33.90833333333334],[133.1375,33.91250000000001],[133.13125,33.91250000000001],[133.13125,33.90833333333334]]]},"properties":{"type":"Feature","mesh_id":"503361903","municipality_code":"38206","municipality":"西条市","total_population":77,"population_65plus":28,"population_75plus":9,"aging_rate_65plus":0.36363636363636365,"aging_rate_75plus":0.11688311688311688,"population_status":"0","population_status_target":null,"population_aggregation_target":null,"age_65plus_missing":false,"age_75plus_missing":false,"age_quality_flag":"ok","data_completeness":"complete"}},{"type":"Feature","geometry":{"type":"Polygon","coordinates":[[[133.13125,33.91250000000001],[133.1375,33.91250000000001],[133.1375,33.91666666666668],[133.13125,33.91666666666668],[133.13125,33.91250000000001]]]},"properties":{"type":"Feature","mesh_id":"503361904","municipality_code":"38206","municipality":"西条市","total_population":115,"population_65plus":40,"population_75plus":20,"aging_rate_65plus":0.34782608695652173,"aging_rate_75plus":0.17391304347826086,"population_status":"0","population_status_target":null,"population_aggregation_target":null,"age_65plus_missing":false,"age_75plus_missing":false,"age_quality_flag":"ok","data_completeness":"complete"}},{"type":"Feature","geometry":{"type":"Polygon","coordinates":[[[133.1375,33.91250000000001],[133.14374999999998,33.91250000000001],[133.14374999999998,33.91666666666668],[133.1375,33.91666666666668],[133.1375,33.91250000000001]]]},"properties":{"type":"Feature","mesh_id":"503361912","municipality_code":"38206","municipality":"西条市","total_population":136,"population_65plus":43,"population_75plus":19,"aging_rate_65plus":0.3161764705882353,"aging_rate_75plus":0.13970588235294118,"population_status":"0","population_status_target":null,"population_aggregation_target":null,"age_65plus_missing":false,"age_75plus_missing":false,"age_quality_flag":"ok","data_completeness":"complete"}},{"type":"Feature","geometry":{"type":"Polygon","coordinates":[[[133.14374999999998,33.90833333333334],[133.14999999999998,33.90833333333334],[133.14999999999998,33.91250000000001],[133.14374999999998,33.91250000000001],[133.14374999999998,33.90833333333334]]]},"properties":{"type":"Feature","mesh_id":"503361913","municipality_code":"38206","municipality":"西条市","total_population":22,"population_65plus":12,"population_75plus":3,"aging_rate_65plus":0.5454545454545454,"aging_rate_75plus":0.13636363636363635,"population_status":"0","population_status_target":null,"population_aggregation_target":null,"age_65plus_missing":false,"age_75plus_missing":false,"age_quality_flag":"ok","data_completeness":"complete"}},{"type":"Feature","geometry":{"type":"Polygon","coordinates":[[[133.14374999999998,33.91250000000001],[133.14999999999998,33.91250000000001],[133.14999999999998,33.91666666666668],[133.14374999999998,33.91666666666668],[133.14374999999998,33.91250000000001]]]},"properties":{"type":"Feature","mesh_id":"503361914","municipality_code":"38206","municipality":"西条市","total_population":146,"population_65plus":46,"population_75plus":24,"aging_rate_65plus":0.3150684931506849,"aging_rate_75plus":0.1643835616438356,"population_status":"0","population_status_target":null,"population_aggregation_target":null,"age_65plus_missing":false,"age_75plus_missing":false,"age_quality_flag":"ok","data_completeness":"complete"}},{"type":"Feature","geometry":{"type":"Polygon","coordinates":[[[133.15,33.90833333333334],[133.15625,33.90833333333334],[133.15625,33.91250000000001],[133.15,33.91250000000001],[133.15,33.90833333333334]]]},"properties":{"type":"Feature","mesh_id":"503361921","municipality_code":"38206","municipality":"西条市","total_population":330,"population_65plus":107,"population_75plus":48,"aging_rate_65plus":0.3242424242424242,"aging_rate_75plus":0.14545454545454545,"population_status":"0","population_status_target":null,"population_aggregation_target":null,"age_65plus_missing":false,"age_75plus_missing":false,"age_quality_flag":"ok","data_completeness":"complete"}},{"type":"Feature","geometry":{"type":"Polygon","coordinates":[[[133.15,33.91250000000001],[133.15625,33.91250000000001],[133.15625,33.91666666666668],[133.15,33.91666666666668],[133.15,33.91250000000001]]]},"properties":{"type":"Feature","mesh_id":"503361922","municipality_code":"38206","municipality":"西条市","total_population":43,"population_65plus":11,"population_75plus":2,"aging_rate_65plus":0.2558139534883721,"aging_rate_75plus":0.046511627906976744,"population_status":"0","population_status_target":null,"population_aggregation_target":null,"age_65plus_missing":false,"age_75plus_missing":false,"age_quality_flag":"ok","data_completeness":"complete"}},{"type":"Feature","geometry":{"type":"Polygon","coordinates":[[[133.15625,33.90833333333334],[133.1625,33.90833333333334],[133.1625,33.91250000000001],[133.15625,33.91250000000001],[133.15625,33.90833333333334]]]},"properties":{"type":"Feature","mesh_id":"503361923","municipality_code":"38206","municipality":"西条市","total_population":123,"population_65plus":48,"population_75plus":28,"aging_rate_65plus":0.3902439024390244,"aging_rate_75plus":0.22764227642276422,"population_status":"0","population_status_target":null,"population_aggregation_target":null,"age_65plus_missing":false,"age_75plus_missing":false,"age_quality_flag":"ok","data_completeness":"complete"}},{"type":"Feature","geometry":{"type":"Polygon","coordinates":[[[133.15625,33.91250000000001],[133.1625,33.91250000000001],[133.1625,33.91666666666668],[133.15625,33.91666666666668],[133.15625,33.91250000000001]]]},"properties":{"type":"Feature","mesh_id":"503361924","municipality_code":"38206","municipality":"西条市","total_population":175,"population_65plus":58,"population_75plus":22,"aging_rate_65plus":0.3314285714285714,"aging_rate_75plus":0.12571428571428572,"population_status":"0","population_status_target":null,"population_aggregation_target":null,"age_65plus_missing":false,"age_75plus_missing":false,"age_quality_flag":"ok","data_completeness":"complete"}},{"type":"Feature","geometry":{"type":"Polygon","coordinates":[[[133.1625,33.90833333333334],[133.16875,33.90833333333334],[133.16875,33.91250000000001],[133.1625,33.91250000000001],[133.1625,33.90833333333334]]]},"properties":{"type":"Feature","mesh_id":"503361931","municipality_code":"38206","municipality":"西条市","total_population":37,"population_65plus":12,"population_75plus":5,"aging_rate_65plus":0.32432432432432434,"aging_rate_75plus":0.13513513513513514,"population_status":"0","population_status_target":null,"population_aggregation_target":null,"age_65plus_missing":false,"age_75plus_missing":false,"age_quality_flag":"ok","data_completeness":"complete"}},{"type":"Feature","geometry":{"type":"Polygon","coordinates":[[[133.1625,33.91250000000001],[133.16875,33.91250000000001],[133.16875,33.91666666666668],[133.1625,33.91666666666668],[133.1625,33.91250000000001]]]},"properties":{"type":"Feature","mesh_id":"503361932","municipality_code":"38206","municipality":"西条市","total_population":238,"population_65plus":63,"population_75plus":40,"aging_rate_65plus":0.2647058823529412,"aging_rate_75plus":0.16806722689075632,"population_status":"0","population_status_target":null,"population_aggregation_target":null,"age_65plus_missing":false,"age_75plus_missing":false,"age_quality_flag":"ok","data_completeness":"complete"}},{"type":"Feature","geometry":{"type":"Polygon","coordinates":[[[133.16875,33.90833333333334],[133.17499999999998,33.90833333333334],[133.17499999999998,33.91250000000001],[133.16875,33.91250000000001],[133.16875,33.90833333333334]]]},"properties":{"type":"Feature","mesh_id":"503361933","municipality_code":"38206","municipality":"西条市","total_population":1722,"population_65plus":425,"population_75plus":198,"aging_rate_65plus":0.24680603948896632,"aging_rate_75plus":0.11498257839721254,"population_status":"0","population_status_target":null,"population_aggregation_target":null,"age_65plus_missing":false,"age_75plus_missing":false,"age_quality_flag":"ok","data_completeness":"complete"}},{"type":"Feature","geometry":{"type":"Polygon","coordinates":[[[133.16875,33.91250000000001],[133.17499999999998,33.91250000000001],[133.17499999999998,33.91666666666668],[133.16875,33.91666666666668],[133.16875,33.91250000000001]]]},"properties":{"type":"Feature","mesh_id":"503361934","municipality_code":"38206","municipality":"西条市","total_population":1675,"population_65plus":387,"population_75plus":217,"aging_rate_65plus":0.231044776119403,"aging_rate_75plus":0.12955223880597014,"population_status":"0","population_status_target":null,"population_aggregation_target":null,"age_65plus_missing":false,"age_75plus_missing":false,"age_quality_flag":"ok","data_completeness":"complete"}},{"type":"Feature","geometry":{"type":"Polygon","coordinates":[[[133.175,33.90833333333334],[133.18125,33.90833333333334],[133.18125,33.91250000000001],[133.175,33.91250000000001],[133.175,33.90833333333334]]]},"properties":{"type":"Feature","mesh_id":"503361941","municipality_code":"38206","municipality":"西条市","total_population":613,"population_65plus":163,"population_75plus":69,"aging_rate_65plus":0.265905383360522,"aging_rate_75plus":0.11256117455138662,"population_status":"0","population_status_target":null,"population_aggregation_target":null,"age_65plus_missing":false,"age_75plus_missing":false,"age_quality_flag":"ok","data_completeness":"complete"}},{"type":"Feature","geometry":{"type":"Polygon","coordinates":[[[133.175,33.91250000000001],[133.18125,33.91250000000001],[133.18125,33.91666666666668],[133.175,33.91666666666668],[133.175,33.91250000000001]]]},"properties":{"type":"Feature","mesh_id":"503361942","municipality_code":"38206","municipality":"西条市","total_population":1063,"population_65plus":364,"population_75plus":199,"aging_rate_65plus":0.34242709313264347,"aging_rate_75plus":0.187206020696143,"population_status":"0","population_status_target":null,"population_aggregation_target":null,"age_65plus_missing":false,"age_75plus_missing":false,"age_quality_flag":"ok","data_completeness":"complete"}},{"type":"Feature","geometry":{"type":"Polygon","coordinates":[[[133.18125,33.90833333333334],[133.1875,33.90833333333334],[133.1875,33.91250000000001],[133.18125,33.91250000000001],[133.18125,33.90833333333334]]]},"properties":{"type":"Feature","mesh_id":"503361943","municipality_code":"38206","municipality":"西条市","total_population":1750,"population_65plus":478,"population_75plus":271,"aging_rate_65plus":0.27314285714285713,"aging_rate_75plus":0.15485714285714286,"population_status":"0","population_status_target":null,"population_aggregation_target":null,"age_65plus_missing":false,"age_75plus_missing":false,"age_quality_flag":"ok","data_completeness":"complete"}},{"type":"Feature","geometry":{"type":"Polygon","coordinates":[[[133.18125,33.91250000000001],[133.1875,33.91250000000001],[133.1875,33.91666666666668],[133.18125,33.91666666666668],[133.18125,33.91250000000001]]]},"properties":{"type":"Feature","mesh_id":"503361944","municipality_code":"38206","municipality":"西条市","total_population":1944,"population_65plus":446,"population_75plus":207,"aging_rate_65plus":0.2294238683127572,"aging_rate_75plus":0.10648148148148148,"population_status":"0","population_status_target":null,"population_aggregation_target":null,"age_65plus_missing":false,"age_75plus_missing":false,"age_quality_flag":"ok","data_completeness":"complete"}},{"type":"Feature","geometry":{"type":"Polygon","coordinates":[[[133.1875,33.90833333333334],[133.19375,33.90833333333334],[133.19375,33.91250000000001],[133.1875,33.91250000000001],[133.1875,33.90833333333334]]]},"properties":{"type":"Feature","mesh_id":"503361951","municipality_code":"38206","municipality":"西条市","total_population":1100,"population_65plus":296,"population_75plus":145,"aging_rate_65plus":0.2690909090909091,"aging_rate_75plus":0.1318181818181818,"population_status":"0","population_status_target":null,"population_aggregation_target":null,"age_65plus_missing":false,"age_75plus_missing":false,"age_quality_flag":"ok","data_completeness":"complete"}},{"type":"Feature","geometry":{"type":"Polygon","coordinates":[[[133.1875,33.91250000000001],[133.19375,33.91250000000001],[133.19375,33.91666666666668],[133.1875,33.91666666666668],[133.1875,33.91250000000001]]]},"properties":{"type":"Feature","mesh_id":"503361952","municipality_code":"38206","municipality":"西条市","total_population":528,"population_65plus":133,"population_75plus":69,"aging_rate_65plus":0.2518939393939394,"aging_rate_75plus":0.13068181818181818,"population_status":"0","population_status_target":null,"population_aggregation_target":null,"age_65plus_missing":false,"age_75plus_missing":false,"age_quality_flag":"ok","data_completeness":"complete"}},{"type":"Feature","geometry":{"type":"Polygon","coordinates":[[[133.19375,33.90833333333334],[133.2,33.90833333333334],[133.2,33.91250000000001],[133.19375,33.91250000000001],[133.19375,33.90833333333334]]]},"properties":{"type":"Feature","mesh_id":"503361953","municipality_code":"38206","municipality":"西条市","total_population":1064,"population_65plus":481,"population_75plus":332,"aging_rate_65plus":0.45206766917293234,"aging_rate_75plus":0.31203007518796994,"population_status":"0","population_status_target":null,"population_aggregation_target":null,"age_65plus_missing":false,"age_75plus_missing":false,"age_quality_flag":"ok","data_completeness":"complete"}},{"type":"Feature","geometry":{"type":"Polygon","coordinates":[[[133.19375,33.91250000000001],[133.2,33.91250000000001],[133.2,33.91666666666668],[133.19375,33.91666666666668],[133.19375,33.91250000000001]]]},"properties":{"type":"Feature","mesh_id":"503361954","municipality_code":"38206","municipality":"西条市","total_population":678,"population_65plus":151,"population_75plus":75,"aging_rate_65plus":0.22271386430678466,"aging_rate_75plus":0.11061946902654868,"population_status":"0","population_status_target":null,"population_aggregation_target":null,"age_65plus_missing":false,"age_75plus_missing":false,"age_quality_flag":"ok","data_completeness":"complete"}},{"type":"Feature","geometry":{"type":"Polygon","coordinates":[[[133.2,33.90833333333334],[133.20624999999998,33.90833333333334],[133.20624999999998,33.91250000000001],[133.2,33.91250000000001],[133.2,33.90833333333334]]]},"properties":{"type":"Feature","mesh_id":"503361961","municipality_code":"38206","municipality":"西条市","total_population":652,"population_65plus":232,"population_75plus":123,"aging_rate_65plus":0.3558282208588957,"aging_rate_75plus":0.18865030674846625,"population_status":"0","population_status_target":null,"population_aggregation_target":null,"age_65plus_missing":false,"age_75plus_missing":false,"age_quality_flag":"ok","data_completeness":"complete"}},{"type":"Feature","geometry":{"type":"Polygon","coordinates":[[[133.2,33.91250000000001],[133.20624999999998,33.91250000000001],[133.20624999999998,33.91666666666668],[133.2,33.91666666666668],[133.2,33.91250000000001]]]},"properties":{"type":"Feature","mesh_id":"503361962","municipality_code":"38206","municipality":"西条市","total_population":753,"population_65plus":545,"population_75plus":418,"aging_rate_65plus":0.7237715803452855,"aging_rate_75plus":0.5551128818061088,"population_status":"0","population_status_target":null,"population_aggregation_target":null,"age_65plus_missing":false,"age_75plus_missing":false,"age_quality_flag":"ok","data_completeness":"complete"}},{"type":"Feature","geometry":{"type":"Polygon","coordinates":[[[133.20624999999998,33.90833333333334],[133.21249999999998,33.90833333333334],[133.21249999999998,33.91250000000001],[133.20624999999998,33.91250000000001],[133.20624999999998,33.90833333333334]]]},"properties":{"type":"Feature","mesh_id":"503361963","municipality_code":"38206","municipality":"西条市","total_population":69,"population_65plus":18,"population_75plus":11,"aging_rate_65plus":0.2608695652173913,"aging_rate_75plus":0.15942028985507245,"population_status":"0","population_status_target":null,"population_aggregation_target":null,"age_65plus_missing":false,"age_75plus_missing":false,"age_quality_flag":"ok","data_completeness":"complete"}},{"type":"Feature","geometry":{"type":"Polygon","coordinates":[[[133.20624999999998,33.91250000000001],[133.21249999999998,33.91250000000001],[133.21249999999998,33.91666666666668],[133.20624999999998,33.91666666666668],[133.20624999999998,33.91250000000001]]]},"properties":{"type":"Feature","mesh_id":"503361964","municipality_code":"38206","municipality":"西条市","total_population":430,"population_65plus":159,"population_75plus":78,"aging_rate_65plus":0.3697674418604651,"aging_rate_75plus":0.1813953488372093,"population_status":"0","population_status_target":null,"population_aggregation_target":null,"age_65plus_missing":false,"age_75plus_missing":false,"age_quality_flag":"ok","data_completeness":"complete"}},{"type":"Feature","geometry":{"type":"Polygon","coordinates":[[[133.2125,33.90833333333334],[133.21875,33.90833333333334],[133.21875,33.91250000000001],[133.2125,33.91250000000001],[133.2125,33.90833333333334]]]},"properties":{"type":"Feature","mesh_id":"503361971","municipality_code":"38206","municipality":"西条市","total_population":125,"population_65plus":29,"population_75plus":13,"aging_rate_65plus":0.232,"aging_rate_75plus":0.104,"population_status":"0","population_status_target":null,"population_aggregation_target":null,"age_65plus_missing":false,"age_75plus_missing":false,"age_quality_flag":"ok","data_completeness":"complete"}},{"type":"Feature","geometry":{"type":"Polygon","coordinates":[[[133.2125,33.91250000000001],[133.21875,33.91250000000001],[133.21875,33.91666666666668],[133.2125,33.91666666666668],[133.2125,33.91250000000001]]]},"properties":{"type":"Feature","mesh_id":"503361972","municipality_code":"38206","municipality":"西条市","total_population":49,"population_65plus":21,"population_75plus":6,"aging_rate_65plus":0.42857142857142855,"aging_rate_75plus":0.12244897959183673,"population_status":"0","population_status_target":null,"population_aggregation_target":null,"age_65plus_missing":false,"age_75plus_missing":false,"age_quality_flag":"ok","data_completeness":"complete"}},{"type":"Feature","geometry":{"type":"Polygon","coordinates":[[[133.21875,33.90833333333334],[133.225,33.90833333333334],[133.225,33.91250000000001],[133.21875,33.91250000000001],[133.21875,33.90833333333334]]]},"properties":{"type":"Feature","mesh_id":"503361973","municipality_code":"38206","municipality":"西条市","total_population":599,"population_65plus":164,"population_75plus":90,"aging_rate_65plus":0.27378964941569284,"aging_rate_75plus":0.15025041736227046,"population_status":"0","population_status_target":null,"population_aggregation_target":null,"age_65plus_missing":false,"age_75plus_missing":false,"age_quality_flag":"ok","data_completeness":"complete"}},{"type":"Feature","geometry":{"type":"Polygon","coordinates":[[[133.21875,33.91250000000001],[133.225,33.91250000000001],[133.225,33.91666666666668],[133.21875,33.91666666666668],[133.21875,33.91250000000001]]]},"properties":{"type":"Feature","mesh_id":"503361974","municipality_code":"38206","municipality":"西条市","total_population":445,"population_65plus":143,"population_75plus":62,"aging_rate_65plus":0.32134831460674157,"aging_rate_75plus":0.1393258426966292,"population_status":"0","population_status_target":null,"population_aggregation_target":null,"age_65plus_missing":false,"age_75plus_missing":false,"age_quality_flag":"ok","data_completeness":"complete"}},{"type":"Feature","geometry":{"type":"Polygon","coordinates":[[[133.225,33.90833333333334],[133.23125,33.90833333333334],[133.23125,33.91250000000001],[133.225,33.91250000000001],[133.225,33.90833333333334]]]},"properties":{"type":"Feature","mesh_id":"503361981","municipality_code":"38206","municipality":"西条市","total_population":190,"population_65plus":62,"population_75plus":20,"aging_rate_65plus":0.3263157894736842,"aging_rate_75plus":0.10526315789473684,"population_status":"0","population_status_target":null,"population_aggregation_target":null,"age_65plus_missing":false,"age_75plus_missing":false,"age_quality_flag":"ok","data_completeness":"complete"}},{"type":"Feature","geometry":{"type":"Polygon","coordinates":[[[133.225,33.91250000000001],[133.23125,33.91250000000001],[133.23125,33.91666666666668],[133.225,33.91666666666668],[133.225,33.91250000000001]]]},"properties":{"type":"Feature","mesh_id":"503361982","municipality_code":"38206","municipality":"西条市","total_population":76,"population_65plus":23,"population_75plus":12,"aging_rate_65plus":0.3026315789473684,"aging_rate_75plus":0.15789473684210525,"population_status":"0","population_status_target":null,"population_aggregation_target":null,"age_65plus_missing":false,"age_75plus_missing":false,"age_quality_flag":"ok","data_completeness":"complete"}},{"type":"Feature","geometry":{"type":"Polygon","coordinates":[[[133.23125,33.90833333333334],[133.23749999999998,33.90833333333334],[133.23749999999998,33.91250000000001],[133.23125,33.91250000000001],[133.23125,33.90833333333334]]]},"properties":{"type":"Feature","mesh_id":"503361983","municipality_code":"38206","municipality":"西条市","total_population":633,"population_65plus":282,"population_75plus":132,"aging_rate_65plus":0.44549763033175355,"aging_rate_75plus":0.20853080568720378,"population_status":"0","population_status_target":null,"population_aggregation_target":null,"age_65plus_missing":false,"age_75plus_missing":false,"age_quality_flag":"ok","data_completeness":"complete"}},{"type":"Feature","geometry":{"type":"Polygon","coordinates":[[[133.23125,33.91250000000001],[133.23749999999998,33.91250000000001],[133.23749999999998,33.91666666666668],[133.23125,33.91666666666668],[133.23125,33.91250000000001]]]},"properties":{"type":"Feature","mesh_id":"503361984","municipality_code":"38206","municipality":"西条市","total_population":237,"population_65plus":82,"population_75plus":31,"aging_rate_65plus":0.3459915611814346,"aging_rate_75plus":0.1308016877637131,"population_status":"0","population_status_target":null,"population_aggregation_target":null,"age_65plus_missing":false,"age_75plus_missing":false,"age_quality_flag":"ok","data_completeness":"complete"}},{"type":"Feature","geometry":{"type":"Polygon","coordinates":[[[133.2375,33.91250000000001],[133.24375,33.91250000000001],[133.24375,33.91666666666668],[133.2375,33.91666666666668],[133.2375,33.91250000000001]]]},"properties":{"type":"Feature","mesh_id":"503361992","municipality_code":"38206","municipality":"西条市","total_population":18,"population_65plus":7,"population_75plus":5,"aging_rate_65plus":0.3888888888888889,"aging_rate_75plus":0.2777777777777778,"population_status":"0","population_status_target":null,"population_aggregation_target":null,"age_65plus_missing":false,"age_75plus_missing":false,"age_quality_flag":"ok","data_completeness":"complete"}},{"type":"Feature","geometry":{"type":"Polygon","coordinates":[[[133.0375,33.91666666666667],[133.04375,33.91666666666667],[133.04375,33.92083333333334],[133.0375,33.92083333333334],[133.0375,33.91666666666667]]]},"properties":{"type":"Feature","mesh_id":"503370031","municipality_code":"38206","municipality":"西条市","total_population":1,"population_65plus":null,"population_75plus":null,"aging_rate_65plus":null,"aging_rate_75plus":null,"population_status":"2","population_status_target":"503370032","population_aggregation_target":null,"age_65plus_missing":true,"age_75plus_missing":true,"age_quality_flag":"ok","data_completeness":"partial"}},{"type":"Feature","geometry":{"type":"Polygon","coordinates":[[[133.0375,33.92083333333334],[133.04375,33.92083333333334],[133.04375,33.92500000000001],[133.0375,33.92500000000001],[133.0375,33.92083333333334]]]},"properties":{"type":"Feature","mesh_id":"503370032","municipality_code":"38206","municipality":"西条市","total_population":73,"population_65plus":44,"population_75plus":20,"aging_rate_65plus":0.6027397260273972,"aging_rate_75plus":0.273972602739726,"population_status":"1","population_status_target":null,"population_aggregation_target":"503370031","age_65plus_missing":false,"age_75plus_missing":false,"age_quality_flag":"ok","data_completeness":"complete"}},{"type":"Feature","geometry":{"type":"Polygon","coordinates":[[[133.04375,33.91666666666667],[133.04999999999998,33.91666666666667],[133.04999999999998,33.92083333333334],[133.04375,33.92083333333334],[133.04375,33.91666666666667]]]},"properties":{"type":"Feature","mesh_id":"503370033","municipality_code":"38206","municipality":"西条市","total_population":30,"population_65plus":16,"population_75plus":7,"aging_rate_65plus":0.5333333333333333,"aging_rate_75plus":0.23333333333333334,"population_status":"0","population_status_target":null,"population_aggregation_target":null,"age_65plus_missing":false,"age_75plus_missing":false,"age_quality_flag":"ok","data_completeness":"complete"}},{"type":"Feature","geometry":{"type":"Polygon","coordinates":[[[133.04375,33.92083333333334],[133.04999999999998,33.92083333333334],[133.04999999999998,33.92500000000001],[133.04375,33.92500000000001],[133.04375,33.92083333333334]]]},"properties":{"type":"Feature","mesh_id":"503370034","municipality_code":"38206","municipality":"西条市","total_population":170,"population_65plus":64,"population_75plus":35,"aging_rate_65plus":0.3764705882352941,"aging_rate_75plus":0.20588235294117646,"population_status":"0","population_status_target":null,"population_aggregation_target":null,"age_65plus_missing":false,"age_75plus_missing":false,"age_quality_flag":"ok","data_completeness":"complete"}},{"type":"Feature","geometry":{"type":"Polygon","coordinates":[[[133.05,33.92083333333334],[133.05625,33.92083333333334],[133.05625,33.92500000000001],[133.05,33.92500000000001],[133.05,33.92083333333334]]]},"properties":{"type":"Feature","mesh_id":"503370042","municipality_code":"38206","municipality":"西条市","total_population":21,"population_65plus":7,"population_75plus":5,"aging_rate_65plus":0.3333333333333333,"aging_rate_75plus":0.23809523809523808,"population_status":"0","population_status_target":null,"population_aggregation_target":null,"age_65plus_missing":false,"age_75plus_missing":false,"age_quality_flag":"ok","data_completeness":"complete"}},{"type":"Feature","geometry":{"type":"Polygon","coordinates":[[[133.05625,33.91666666666667],[133.0625,33.91666666666667],[133.0625,33.92083333333334],[133.05625,33.92083333333334],[133.05625,33.91666666666667]]]},"properties":{"type":"Feature","mesh_id":"503370043","municipality_code":"38206","municipality":"西条市","total_population":19,"population_65plus":8,"population_75plus":1,"aging_rate_65plus":0.42105263157894735,"aging_rate_75plus":0.05263157894736842,"population_status":"0","population_status_target":null,"population_aggregation_target":null,"age_65plus_missing":false,"age_75plus_missing":false,"age_quality_flag":"ok","data_completeness":"complete"}},{"type":"Feature","geometry":{"type":"Polygon","coordinates":[[[133.05625,33.92083333333334],[133.0625,33.92083333333334],[133.0625,33.92500000000001],[133.05625,33.92500000000001],[133.05625,33.92083333333334]]]},"properties":{"type":"Feature","mesh_id":"503370044","municipality_code":"38206","municipality":"西条市","total_population":107,"population_65plus":45,"population_75plus":23,"aging_rate_65plus":0.4205607476635514,"aging_rate_75plus":0.21495327102803738,"population_status":"0","population_status_target":null,"population_aggregation_target":null,"age_65plus_missing":false,"age_75plus_missing":false,"age_quality_flag":"ok","data_completeness":"complete"}},{"type":"Feature","geometry":{"type":"Polygon","coordinates":[[[133.0625,33.91666666666667],[133.06875,33.91666666666667],[133.06875,33.92083333333334],[133.0625,33.92083333333334],[133.0625,33.91666666666667]]]},"properties":{"type":"Feature","mesh_id":"503370051","municipality_code":"38206","municipality":"西条市","total_population":222,"population_65plus":74,"population_75plus":32,"aging_rate_65plus":0.3333333333333333,"aging_rate_75plus":0.14414414414414414,"population_status":"0","population_status_target":null,"population_aggregation_target":null,"age_65plus_missing":false,"age_75plus_missing":false,"age_quality_flag":"ok","data_completeness":"complete"}},{"type":"Feature","geometry":{"type":"Polygon","coordinates":[[[133.0625,33.92083333333334],[133.06875,33.92083333333334],[133.06875,33.92500000000001],[133.0625,33.92500000000001],[133.0625,33.92083333333334]]]},"properties":{"type":"Feature","mesh_id":"503370052","municipality_code":"38206","municipality":"西条市","total_population":99,"population_65plus":23,"population_75plus":11,"aging_rate_65plus":0.23232323232323232,"aging_rate_75plus":0.1111111111111111,"population_status":"0","population_status_target":null,"population_aggregation_target":null,"age_65plus_missing":false,"age_75plus_missing":false,"age_quality_flag":"ok","data_completeness":"complete"}},{"type":"Feature","geometry":{"type":"Polygon","coordinates":[[[133.06875,33.91666666666667],[133.075,33.91666666666667],[133.075,33.92083333333334],[133.06875,33.92083333333334],[133.06875,33.91666666666667]]]},"properties":{"type":"Feature","mesh_id":"503370053","municipality_code":"38206","municipality":"西条市","total_population":164,"population_65plus":105,"population_75plus":80,"aging_rate_65plus":0.6402439024390244,"aging_rate_75plus":0.4878048780487805,"population_status":"0","population_status_target":null,"population_aggregation_target":null,"age_65plus_missing":false,"age_75plus_missing":false,"age_quality_flag":"ok","data_completeness":"complete"}},{"type":"Feature","geometry":{"type":"Polygon","coordinates":[[[133.06875,33.92083333333334],[133.075,33.92083333333334],[133.075,33.92500000000001],[133.06875,33.92500000000001],[133.06875,33.92083333333334]]]},"properties":{"type":"Feature","mesh_id":"503370054","municipality_code":"38206","municipality":"西条市","total_population":61,"population_65plus":34,"population_75plus":13,"aging_rate_65plus":0.5573770491803278,"aging_rate_75plus":0.21311475409836064,"population_status":"0","population_status_target":null,"population_aggregation_target":null,"age_65plus_missing":false,"age_75plus_missing":false,"age_quality_flag":"ok","data_completeness":"complete"}},{"type":"Feature","geometry":{"type":"Polygon","coordinates":[[[133.075,33.91666666666667],[133.08124999999998,33.91666666666667],[133.08124999999998,33.92083333333334],[133.075,33.92083333333334],[133.075,33.91666666666667]]]},"properties":{"type":"Feature","mesh_id":"503370061","municipality_code":"38206","municipality":"西条市","total_population":116,"population_65plus":31,"population_75plus":16,"aging_rate_65plus":0.2672413793103448,"aging_rate_75plus":0.13793103448275862,"population_status":"0","population_status_target":null,"population_aggregation_target":null,"age_65plus_missing":false,"age_75plus_missing":false,"age_quality_flag":"ok","data_completeness":"complete"}},{"type":"Feature","geometry":{"type":"Polygon","coordinates":[[[133.075,33.92083333333334],[133.08124999999998,33.92083333333334],[133.08124999999998,33.92500000000001],[133.075,33.92500000000001],[133.075,33.92083333333334]]]},"properties":{"type":"Feature","mesh_id":"503370062","municipality_code":"38206","municipality":"西条市","total_population":120,"population_65plus":36,"population_75plus":18,"aging_rate_65plus":0.3,"aging_rate_75plus":0.15,"population_status":"0","population_status_target":null,"population_aggregation_target":null,"age_65plus_missing":false,"age_75plus_missing":false,"age_quality_flag":"ok","data_completeness":"complete"}},{"type":"Feature","geometry":{"type":"Polygon","coordinates":[[[133.08124999999998,33.91666666666667],[133.08749999999998,33.91666666666667],[133.08749999999998,33.92083333333334],[133.08124999999998,33.92083333333334],[133.08124999999998,33.91666666666667]]]},"properties":{"type":"Feature","mesh_id":"503370063","municipality_code":"38206","municipality":"西条市","total_population":112,"population_65plus":54,"population_75plus":26,"aging_rate_65plus":0.48214285714285715,"aging_rate_75plus":0.23214285714285715,"population_status":"0","population_status_target":null,"population_aggregation_target":null,"age_65plus_missing":false,"age_75plus_missing":false,"age_quality_flag":"ok","data_completeness":"complete"}},{"type":"Feature","geometry":{"type":"Polygon","coordinates":[[[133.08124999999998,33.92083333333334],[133.08749999999998,33.92083333333334],[133.08749999999998,33.92500000000001],[133.08124999999998,33.92500000000001],[133.08124999999998,33.92083333333334]]]},"properties":{"type":"Feature","mesh_id":"503370064","municipality_code":"38206","municipality":"西条市","total_population":286,"population_65plus":74,"population_75plus":33,"aging_rate_65plus":0.25874125874125875,"aging_rate_75plus":0.11538461538461539,"population_status":"0","population_status_target":null,"population_aggregation_target":null,"age_65plus_missing":false,"age_75plus_missing":false,"age_quality_flag":"ok","data_completeness":"complete"}},{"type":"Feature","geometry":{"type":"Polygon","coordinates":[[[133.0875,33.91666666666667],[133.09375,33.91666666666667],[133.09375,33.92083333333334],[133.0875,33.92083333333334],[133.0875,33.91666666666667]]]},"properties":{"type":"Feature","mesh_id":"503370071","municipality_code":"38206","municipality":"西条市","total_population":33,"population_65plus":11,"population_75plus":6,"aging_rate_65plus":0.3333333333333333,"aging_rate_75plus":0.18181818181818182,"population_status":"0","population_status_target":null,"population_aggregation_target":null,"age_65plus_missing":false,"age_75plus_missing":false,"age_quality_flag":"ok","data_completeness":"complete"}},{"type":"Feature","geometry":{"type":"Polygon","coordinates":[[[133.0875,33.92083333333334],[133.09375,33.92083333333334],[133.09375,33.92500000000001],[133.0875,33.92500000000001],[133.0875,33.92083333333334]]]},"properties":{"type":"Feature","mesh_id":"503370072","municipality_code":"38206","municipality":"西条市","total_population":56,"population_65plus":17,"population_75plus":8,"aging_rate_65plus":0.30357142857142855,"aging_rate_75plus":0.14285714285714285,"population_status":"0","population_status_target":null,"population_aggregation_target":null,"age_65plus_missing":false,"age_75plus_missing":false,"age_quality_flag":"ok","data_completeness":"complete"}},{"type":"Feature","geometry":{"type":"Polygon","coordinates":[[[133.09375,33.91666666666667],[133.1,33.91666666666667],[133.1,33.92083333333334],[133.09375,33.92083333333334],[133.09375,33.91666666666667]]]},"properties":{"type":"Feature","mesh_id":"503370073","municipality_code":"38206","municipality":"西条市","total_population":54,"population_65plus":16,"population_75plus":8,"aging_rate_65plus":0.2962962962962963,"aging_rate_75plus":0.14814814814814814,"population_status":"0","population_status_target":null,"population_aggregation_target":null,"age_65plus_missing":false,"age_75plus_missing":false,"age_quality_flag":"ok","data_completeness":"complete"}},{"type":"Feature","geometry":{"type":"Polygon","coordinates":[[[133.09375,33.92083333333334],[133.1,33.92083333333334],[133.1,33.92500000000001],[133.09375,33.92500000000001],[133.09375,33.92083333333334]]]},"properties":{"type":"Feature","mesh_id":"503370074","municipality_code":"38206","municipality":"西条市","total_population":196,"population_65plus":53,"population_75plus":23,"aging_rate_65plus":0.27040816326530615,"aging_rate_75plus":0.11734693877551021,"population_status":"0","population_status_target":null,"population_aggregation_target":null,"age_65plus_missing":false,"age_75plus_missing":false,"age_quality_flag":"ok","data_completeness":"complete"}},{"type":"Feature","geometry":{"type":"Polygon","coordinates":[[[133.1,33.91666666666667],[133.10625,33.91666666666667],[133.10625,33.92083333333334],[133.1,33.92083333333334],[133.1,33.91666666666667]]]},"properties":{"type":"Feature","mesh_id":"503370081","municipality_code":"38206","municipality":"西条市","total_population":112,"population_65plus":35,"population_75plus":16,"aging_rate_65plus":0.3125,"aging_rate_75plus":0.14285714285714285,"population_status":"0","population_status_target":null,"population_aggregation_target":null,"age_65plus_missing":false,"age_75plus_missing":false,"age_quality_flag":"ok","data_completeness":"complete"}},{"type":"Feature","geometry":{"type":"Polygon","coordinates":[[[133.1,33.92083333333334],[133.10625,33.92083333333334],[133.10625,33.92500000000001],[133.1,33.92500000000001],[133.1,33.92083333333334]]]},"properties":{"type":"Feature","mesh_id":"503370082","municipality_code":"38206","municipality":"西条市","total_population":363,"population_65plus":152,"population_75plus":86,"aging_rate_65plus":0.418732782369146,"aging_rate_75plus":0.2369146005509642,"population_status":"0","population_status_target":null,"population_aggregation_target":null,"age_65plus_missing":false,"age_75plus_missing":false,"age_quality_flag":"ok","data_completeness":"complete"}},{"type":"Feature","geometry":{"type":"Polygon","coordinates":[[[133.10625,33.91666666666667],[133.11249999999998,33.91666666666667],[133.11249999999998,33.92083333333334],[133.10625,33.92083333333334],[133.10625,33.91666666666667]]]},"properties":{"type":"Feature","mesh_id":"503370083","municipality_code":"38206","municipality":"西条市","total_population":123,"population_65plus":34,"population_75plus":21,"aging_rate_65plus":0.2764227642276423,"aging_rate_75plus":0.17073170731707318,"population_status":"0","population_status_target":null,"population_aggregation_target":null,"age_65plus_missing":false,"age_75plus_missing":false,"age_quality_flag":"ok","data_completeness":"complete"}},{"type":"Feature","geometry":{"type":"Polygon","coordinates":[[[133.10625,33.92083333333334],[133.11249999999998,33.92083333333334],[133.11249999999998,33.92500000000001],[133.10625,33.92500000000001],[133.10625,33.92083333333334]]]},"properties":{"type":"Feature","mesh_id":"503370084","municipality_code":"38206","municipality":"西条市","total_population":140,"population_65plus":59,"population_75plus":30,"aging_rate_65plus":0.42142857142857143,"aging_rate_75plus":0.21428571428571427,"population_status":"0","population_status_target":null,"population_aggregation_target":null,"age_65plus_missing":false,"age_75plus_missing":false,"age_quality_flag":"ok","data_completeness":"complete"}},{"type":"Feature","geometry":{"type":"Polygon","coordinates":[[[133.1125,33.91666666666667],[133.11875,33.91666666666667],[133.11875,33.92083333333334],[133.1125,33.92083333333334],[133.1125,33.91666666666667]]]},"properties":{"type":"Feature","mesh_id":"503370091","municipality_code":"38206","municipality":"西条市","total_population":32,"population_65plus":14,"population_75plus":5,"aging_rate_65plus":0.4375,"aging_rate_75plus":0.15625,"population_status":"0","population_status_target":null,"population_aggregation_target":null,"age_65plus_missing":false,"age_75plus_missing":false,"age_quality_flag":"ok","data_completeness":"complete"}},{"type":"Feature","geometry":{"type":"Polygon","coordinates":[[[133.1125,33.92083333333334],[133.11875,33.92083333333334],[133.11875,33.92500000000001],[133.1125,33.92500000000001],[133.1125,33.92083333333334]]]},"properties":{"type":"Feature","mesh_id":"503370092","municipality_code":"38206","municipality":"西条市","total_population":26,"population_65plus":16,"population_75plus":9,"aging_rate_65plus":0.6153846153846154,"aging_rate_75plus":0.34615384615384615,"population_status":"1","population_status_target":null,"population_aggregation_target":"503370094","age_65plus_missing":false,"age_75plus_missing":false,"age_quality_flag":"ok","data_completeness":"complete"}},{"type":"Feature","geometry":{"type":"Polygon","coordinates":[[[133.11875,33.91666666666667],[133.125,33.91666666666667],[133.125,33.92083333333334],[133.11875,33.92083333333334],[133.11875,33.91666666666667]]]},"properties":{"type":"Feature","mesh_id":"503370093","municipality_code":"38206","municipality":"西条市","total_population":22,"population_65plus":10,"population_75plus":6,"aging_rate_65plus":0.45454545454545453,"aging_rate_75plus":0.2727272727272727,"population_status":"0","population_status_target":null,"population_aggregation_target":null,"age_65plus_missing":false,"age_75plus_missing":false,"age_quality_flag":"ok","data_completeness":"complete"}},{"type":"Feature","geometry":{"type":"Polygon","coordinates":[[[133.11875,33.92083333333334],[133.125,33.92083333333334],[133.125,33.92500000000001],[133.11875,33.92500000000001],[133.11875,33.92083333333334]]]},"properties":{"type":"Feature","mesh_id":"503370094","municipality_code":"38206","municipality":"西条市","total_population":4,"population_65plus":null,"population_75plus":null,"aging_rate_65plus":null,"aging_rate_75plus":null,"population_status":"2","population_status_target":"503370092","population_aggregation_target":null,"age_65plus_missing":true,"age_75plus_missing":true,"age_quality_flag":"ok","data_completeness":"partial"}},{"type":"Feature","geometry":{"type":"Polygon","coordinates":[[[133.00625,33.929166666666674],[133.0125,33.929166666666674],[133.0125,33.933333333333344],[133.00625,33.933333333333344],[133.00625,33.929166666666674]]]},"properties":{"type":"Feature","mesh_id":"503370104","municipality_code":"38206","municipality":"西条市","total_population":2,"population_65plus":null,"population_75plus":null,"aging_rate_65plus":null,"aging_rate_75plus":null,"population_status":"2","population_status_target":"503370112","population_aggregation_target":null,"age_65plus_missing":true,"age_75plus_missing":true,"age_quality_flag":"ok","data_completeness":"partial"}},{"type":"Feature","geometry":{"type":"Polygon","coordinates":[[[133.0125,33.925000000000004],[133.01874999999998,33.925000000000004],[133.01874999999998,33.929166666666674],[133.0125,33.929166666666674],[133.0125,33.925000000000004]]]},"properties":{"type":"Feature","mesh_id":"503370111","municipality_code":"38206","municipality":"西条市","total_population":14,"population_65plus":10,"population_75plus":4,"aging_rate_65plus":0.7142857142857143,"aging_rate_75plus":0.2857142857142857,"population_status":"0","population_status_target":null,"population_aggregation_target":null,"age_65plus_missing":false,"age_75plus_missing":false,"age_quality_flag":"ok","data_completeness":"complete"}},{"type":"Feature","geometry":{"type":"Polygon","coordinates":[[[133.0125,33.929166666666674],[133.01874999999998,33.929166666666674],[133.01874999999998,33.933333333333344],[133.0125,33.933333333333344],[133.0125,33.929166666666674]]]},"properties":{"type":"Feature","mesh_id":"503370112","municipality_code":"38206","municipality":"西条市","total_population":23,"population_65plus":16,"population_75plus":11,"aging_rate_65plus":0.6956521739130435,"aging_rate_75plus":0.4782608695652174,"population_status":"1","population_status_target":null,"population_aggregation_target":"503370104;503370114","age_65plus_missing":false,"age_75plus_missing":false,"age_quality_flag":"ok","data_completeness":"complete"}},{"type":"Feature","geometry":{"type":"Polygon","coordinates":[[[133.01874999999998,33.929166666666674],[133.02499999999998,33.929166666666674],[133.02499999999998,33.933333333333344],[133.01874999999998,33.933333333333344],[133.01874999999998,33.929166666666674]]]},"properties":{"type":"Feature","mesh_id":"503370114","municipality_code":"38206","municipality":"西条市","total_population":3,"population_65plus":null,"population_75plus":null,"aging_rate_65plus":null,"aging_rate_75plus":null,"population_status":"2","population_status_target":"503370112","population_aggregation_target":null,"age_65plus_missing":true,"age_75plus_missing":true,"age_quality_flag":"ok","data_completeness":"partial"}},{"type":"Feature","geometry":{"type":"Polygon","coordinates":[[[133.03125,33.925000000000004],[133.0375,33.925000000000004],[133.0375,33.929166666666674],[133.03125,33.929166666666674],[133.03125,33.925000000000004]]]},"properties":{"type":"Feature","mesh_id":"503370123","municipality_code":"38206","municipality":"西条市","total_population":22,"population_65plus":9,"population_75plus":5,"aging_rate_65plus":0.4090909090909091,"aging_rate_75plus":0.22727272727272727,"population_status":"0","population_status_target":null,"population_aggregation_target":null,"age_65plus_missing":false,"age_75plus_missing":false,"age_quality_flag":"ok","data_completeness":"complete"}},{"type":"Feature","geometry":{"type":"Polygon","coordinates":[[[133.0375,33.925000000000004],[133.04375,33.925000000000004],[133.04375,33.929166666666674],[133.0375,33.929166666666674],[133.0375,33.925000000000004]]]},"properties":{"type":"Feature","mesh_id":"503370131","municipality_code":"38206","municipality":"西条市","total_population":161,"population_65plus":65,"population_75plus":22,"aging_rate_65plus":0.40372670807453415,"aging_rate_75plus":0.13664596273291926,"population_status":"0","population_status_target":null,"population_aggregation_target":null,"age_65plus_missing":false,"age_75plus_missing":false,"age_quality_flag":"ok","data_completeness":"complete"}},{"type":"Feature","geometry":{"type":"Polygon","coordinates":[[[133.0375,33.929166666666674],[133.04375,33.929166666666674],[133.04375,33.933333333333344],[133.0375,33.933333333333344],[133.0375,33.929166666666674]]]},"properties":{"type":"Feature","mesh_id":"503370132","municipality_code":"38206","municipality":"西条市","total_population":163,"population_65plus":46,"population_75plus":28,"aging_rate_65plus":0.2822085889570552,"aging_rate_75plus":0.17177914110429449,"population_status":"0","population_status_target":null,"population_aggregation_target":null,"age_65plus_missing":false,"age_75plus_missing":false,"age_quality_flag":"ok","data_completeness":"complete"}},{"type":"Feature","geometry":{"type":"Polygon","coordinates":[[[133.04375,33.929166666666674],[133.04999999999998,33.929166666666674],[133.04999999999998,33.933333333333344],[133.04375,33.933333333333344],[133.04375,33.929166666666674]]]},"properties":{"type":"Feature","mesh_id":"503370134","municipality_code":"38206","municipality":"西条市","total_population":134,"population_65plus":53,"population_75plus":26,"aging_rate_65plus":0.39552238805970147,"aging_rate_75plus":0.19402985074626866,"population_status":"0","population_status_target":null,"population_aggregation_target":null,"age_65plus_missing":false,"age_75plus_missing":false,"age_quality_flag":"ok","data_completeness":"complete"}},{"type":"Feature","geometry":{"type":"Polygon","coordinates":[[[133.05,33.925000000000004],[133.05625,33.925000000000004],[133.05625,33.929166666666674],[133.05,33.929166666666674],[133.05,33.925000000000004]]]},"properties":{"type":"Feature","mesh_id":"503370141","municipality_code":"38206","municipality":"西条市","total_population":38,"population_65plus":16,"population_75plus":6,"aging_rate_65plus":0.42105263157894735,"aging_rate_75plus":0.15789473684210525,"population_status":"0","population_status_target":null,"population_aggregation_target":null,"age_65plus_missing":false,"age_75plus_missing":false,"age_quality_flag":"ok","data_completeness":"complete"}},{"type":"Feature","geometry":{"type":"Polygon","coordinates":[[[133.05,33.929166666666674],[133.05625,33.929166666666674],[133.05625,33.933333333333344],[133.05,33.933333333333344],[133.05,33.929166666666674]]]},"properties":{"type":"Feature","mesh_id":"503370142","municipality_code":"38206","municipality":"西条市","total_population":102,"population_65plus":35,"population_75plus":17,"aging_rate_65plus":0.3431372549019608,"aging_rate_75plus":0.16666666666666666,"population_status":"0","population_status_target":null,"population_aggregation_target":null,"age_65plus_missing":false,"age_75plus_missing":false,"age_quality_flag":"ok","data_completeness":"complete"}},{"type":"Feature","geometry":{"type":"Polygon","coordinates":[[[133.05625,33.925000000000004],[133.0625,33.925000000000004],[133.0625,33.929166666666674],[133.05625,33.929166666666674],[133.05625,33.925000000000004]]]},"properties":{"type":"Feature","mesh_id":"503370143","municipality_code":"38206","municipality":"西条市","total_population":251,"population_65plus":71,"population_75plus":39,"aging_rate_65plus":0.28286852589641437,"aging_rate_75plus":0.1553784860557769,"population_status":"0","population_status_target":null,"population_aggregation_target":null,"age_65plus_missing":false,"age_75plus_missing":false,"age_quality_flag":"ok","data_completeness":"complete"}},{"type":"Feature","geometry":{"type":"Polygon","coordinates":[[[133.05625,33.929166666666674],[133.0625,33.929166666666674],[133.0625,33.933333333333344],[133.05625,33.933333333333344],[133.05625,33.929166666666674]]]},"properties":{"type":"Feature","mesh_id":"503370144","municipality_code":"38206","municipality":"西条市","total_population":385,"population_65plus":123,"population_75plus":65,"aging_rate_65plus":0.3194805194805195,"aging_rate_75plus":0.16883116883116883,"population_status":"0","population_status_target":null,"population_aggregation_target":null,"age_65plus_missing":false,"age_75plus_missing":false,"age_quality_flag":"ok","data_completeness":"complete"}},{"type":"Feature","geometry":{"type":"Polygon","coordinates":[[[133.0625,33.925000000000004],[133.06875,33.925000000000004],[133.06875,33.929166666666674],[133.0625,33.929166666666674],[133.0625,33.925000000000004]]]},"properties":{"type":"Feature","mesh_id":"503370151","municipality_code":"38206","municipality":"西条市","total_population":65,"population_65plus":28,"population_75plus":13,"aging_rate_65plus":0.4307692307692308,"aging_rate_75plus":0.2,"population_status":"0","population_status_target":null,"population_aggregation_target":null,"age_65plus_missing":false,"age_75plus_missing":false,"age_quality_flag":"ok","data_completeness":"complete"}},{"type":"Feature","geometry":{"type":"Polygon","coordinates":[[[133.0625,33.929166666666674],[133.06875,33.929166666666674],[133.06875,33.933333333333344],[133.0625,33.933333333333344],[133.0625,33.929166666666674]]]},"properties":{"type":"Feature","mesh_id":"503370152","municipality_code":"38206","municipality":"西条市","total_population":184,"population_65plus":61,"population_75plus":25,"aging_rate_65plus":0.33152173913043476,"aging_rate_75plus":0.1358695652173913,"population_status":"0","population_status_target":null,"population_aggregation_target":null,"age_65plus_missing":false,"age_75plus_missing":false,"age_quality_flag":"ok","data_completeness":"complete"}},{"type":"Feature","geometry":{"type":"Polygon","coordinates":[[[133.06875,33.925000000000004],[133.075,33.925000000000004],[133.075,33.929166666666674],[133.06875,33.929166666666674],[133.06875,33.925000000000004]]]},"properties":{"type":"Feature","mesh_id":"503370153","municipality_code":"38206","municipality":"西条市","total_population":38,"population_65plus":13,"population_75plus":7,"aging_rate_65plus":0.34210526315789475,"aging_rate_75plus":0.18421052631578946,"population_status":"0","population_status_target":null,"population_aggregation_target":null,"age_65plus_missing":false,"age_75plus_missing":false,"age_quality_flag":"ok","data_completeness":"complete"}},{"type":"Feature","geometry":{"type":"Polygon","coordinates":[[[133.06875,33.929166666666674],[133.075,33.929166666666674],[133.075,33.933333333333344],[133.06875,33.933333333333344],[133.06875,33.929166666666674]]]},"properties":{"type":"Feature","mesh_id":"503370154","municipality_code":"38206","municipality":"西条市","total_population":249,"population_65plus":75,"population_75plus":36,"aging_rate_65plus":0.30120481927710846,"aging_rate_75plus":0.14457831325301204,"population_status":"0","population_status_target":null,"population_aggregation_target":null,"age_65plus_missing":false,"age_75plus_missing":false,"age_quality_flag":"ok","data_completeness":"complete"}},{"type":"Feature","geometry":{"type":"Polygon","coordinates":[[[133.075,33.925000000000004],[133.08124999999998,33.925000000000004],[133.08124999999998,33.929166666666674],[133.075,33.929166666666674],[133.075,33.925000000000004]]]},"properties":{"type":"Feature","mesh_id":"503370161","municipality_code":"38206","municipality":"西条市","total_population":214,"population_65plus":77,"population_75plus":39,"aging_rate_65plus":0.3598130841121495,"aging_rate_75plus":0.1822429906542056,"population_status":"0","population_status_target":null,"population_aggregation_target":null,"age_65plus_missing":false,"age_75plus_missing":false,"age_quality_flag":"ok","data_completeness":"complete"}},{"type":"Feature","geometry":{"type":"Polygon","coordinates":[[[133.075,33.929166666666674],[133.08124999999998,33.929166666666674],[133.08124999999998,33.933333333333344],[133.075,33.933333333333344],[133.075,33.929166666666674]]]},"properties":{"type":"Feature","mesh_id":"503370162","municipality_code":"38206","municipality":"西条市","total_population":358,"population_65plus":100,"population_75plus":71,"aging_rate_65plus":0.27932960893854747,"aging_rate_75plus":0.19832402234636873,"population_status":"0","population_status_target":null,"population_aggregation_target":null,"age_65plus_missing":false,"age_75plus_missing":false,"age_quality_flag":"ok","data_completeness":"complete"}},{"type":"Feature","geometry":{"type":"Polygon","coordinates":[[[133.08124999999998,33.925000000000004],[133.08749999999998,33.925000000000004],[133.08749999999998,33.929166666666674],[133.08124999999998,33.929166666666674],[133.08124999999998,33.925000000000004]]]},"properties":{"type":"Feature","mesh_id":"503370163","municipality_code":"38206","municipality":"西条市","total_population":689,"population_65plus":199,"population_75plus":109,"aging_rate_65plus":0.2888243831640058,"aging_rate_75plus":0.15820029027576196,"population_status":"0","population_status_target":null,"population_aggregation_target":null,"age_65plus_missing":false,"age_75plus_missing":false,"age_quality_flag":"ok","data_completeness":"complete"}},{"type":"Feature","geometry":{"type":"Polygon","coordinates":[[[133.08124999999998,33.929166666666674],[133.08749999999998,33.929166666666674],[133.08749999999998,33.933333333333344],[133.08124999999998,33.933333333333344],[133.08124999999998,33.929166666666674]]]},"properties":{"type":"Feature","mesh_id":"503370164","municipality_code":"38206","municipality":"西条市","total_population":648,"population_65plus":194,"population_75plus":98,"aging_rate_65plus":0.2993827160493827,"aging_rate_75plus":0.15123456790123457,"population_status":"0","population_status_target":null,"population_aggregation_target":null,"age_65plus_missing":false,"age_75plus_missing":false,"age_quality_flag":"ok","data_completeness":"complete"}},{"type":"Feature","geometry":{"type":"Polygon","coordinates":[[[133.0875,33.925000000000004],[133.09375,33.925000000000004],[133.09375,33.929166666666674],[133.0875,33.929166666666674],[133.0875,33.925000000000004]]]},"properties":{"type":"Feature","mesh_id":"503370171","municipality_code":"38206","municipality":"西条市","total_population":513,"population_65plus":174,"population_75plus":118,"aging_rate_65plus":0.3391812865497076,"aging_rate_75plus":0.2300194931773879,"population_status":"0","population_status_target":null,"population_aggregation_target":null,"age_65plus_missing":false,"age_75plus_missing":false,"age_quality_flag":"ok","data_completeness":"complete"}},{"type":"Feature","geometry":{"type":"Polygon","coordinates":[[[133.0875,33.929166666666674],[133.09375,33.929166666666674],[133.09375,33.933333333333344],[133.0875,33.933333333333344],[133.0875,33.929166666666674]]]},"properties":{"type":"Feature","mesh_id":"503370172","municipality_code":"38206","municipality":"西条市","total_population":553,"population_65plus":201,"population_75plus":134,"aging_rate_65plus":0.36347197106690776,"aging_rate_75plus":0.2423146473779385,"population_status":"0","population_status_target":null,"population_aggregation_target":null,"age_65plus_missing":false,"age_75plus_missing":false,"age_quality_flag":"ok","data_completeness":"complete"}},{"type":"Feature","geometry":{"type":"Polygon","coordinates":[[[133.09375,33.925000000000004],[133.1,33.925000000000004],[133.1,33.929166666666674],[133.09375,33.929166666666674],[133.09375,33.925000000000004]]]},"properties":{"type":"Feature","mesh_id":"503370173","municipality_code":"38206","municipality":"西条市","total_population":828,"population_65plus":211,"population_75plus":139,"aging_rate_65plus":0.25483091787439616,"aging_rate_75plus":0.1678743961352657,"population_status":"0","population_status_target":null,"population_aggregation_target":null,"age_65plus_missing":false,"age_75plus_missing":false,"age_quality_flag":"ok","data_completeness":"complete"}},{"type":"Feature","geometry":{"type":"Polygon","coordinates":[[[133.09375,33.929166666666674],[133.1,33.929166666666674],[133.1,33.933333333333344],[133.09375,33.933333333333344],[133.09375,33.929166666666674]]]},"properties":{"type":"Feature","mesh_id":"503370174","municipality_code":"38206","municipality":"西条市","total_population":235,"population_65plus":47,"population_75plus":26,"aging_rate_65plus":0.2,"aging_rate_75plus":0.11063829787234042,"population_status":"0","population_status_target":null,"population_aggregation_target":null,"age_65plus_missing":false,"age_75plus_missing":false,"age_quality_flag":"ok","data_completeness":"complete"}},{"type":"Feature","geometry":{"type":"Polygon","coordinates":[[[133.1,33.925000000000004],[133.10625,33.925000000000004],[133.10625,33.929166666666674],[133.1,33.929166666666674],[133.1,33.925000000000004]]]},"properties":{"type":"Feature","mesh_id":"503370181","municipality_code":"38206","municipality":"西条市","total_population":25,"population_65plus":11,"population_75plus":5,"aging_rate_65plus":0.44,"aging_rate_75plus":0.2,"population_status":"0","population_status_target":null,"population_aggregation_target":null,"age_65plus_missing":false,"age_75plus_missing":false,"age_quality_flag":"ok","data_completeness":"complete"}},{"type":"Feature","geometry":{"type":"Polygon","coordinates":[[[133.1,33.929166666666674],[133.10625,33.929166666666674],[133.10625,33.933333333333344],[133.1,33.933333333333344],[133.1,33.929166666666674]]]},"properties":{"type":"Feature","mesh_id":"503370182","municipality_code":"38206","municipality":"西条市","total_population":12,"population_65plus":5,"population_75plus":3,"aging_rate_65plus":0.4166666666666667,"aging_rate_75plus":0.25,"population_status":"0","population_status_target":null,"population_aggregation_target":null,"age_65plus_missing":false,"age_75plus_missing":false,"age_quality_flag":"ok","data_completeness":"complete"}},{"type":"Feature","geometry":{"type":"Polygon","coordinates":[[[133.10625,33.925000000000004],[133.11249999999998,33.925000000000004],[133.11249999999998,33.929166666666674],[133.10625,33.929166666666674],[133.10625,33.925000000000004]]]},"properties":{"type":"Feature","mesh_id":"503370183","municipality_code":"38206","municipality":"西条市","total_population":166,"population_65plus":87,"population_75plus":53,"aging_rate_65plus":0.5240963855421686,"aging_rate_75plus":0.3192771084337349,"population_status":"0","population_status_target":null,"population_aggregation_target":null,"age_65plus_missing":false,"age_75plus_missing":false,"age_quality_flag":"ok","data_completeness":"complete"}},{"type":"Feature","geometry":{"type":"Polygon","coordinates":[[[133.10625,33.929166666666674],[133.11249999999998,33.929166666666674],[133.11249999999998,33.933333333333344],[133.10625,33.933333333333344],[133.10625,33.929166666666674]]]},"properties":{"type":"Feature","mesh_id":"503370184","municipality_code":"38206","municipality":"西条市","total_population":59,"population_65plus":38,"population_75plus":23,"aging_rate_65plus":0.6440677966101694,"aging_rate_75plus":0.3898305084745763,"population_status":"0","population_status_target":null,"population_aggregation_target":null,"age_65plus_missing":false,"age_75plus_missing":false,"age_quality_flag":"ok","data_completeness":"complete"}},{"type":"Feature","geometry":{"type":"Polygon","coordinates":[[[133.01874999999998,33.93750000000001],[133.02499999999998,33.93750000000001],[133.02499999999998,33.94166666666668],[133.01874999999998,33.94166666666668],[133.01874999999998,33.93750000000001]]]},"properties":{"type":"Feature","mesh_id":"503370214","municipality_code":"38206","municipality":"西条市","total_population":22,"population_65plus":12,"population_75plus":4,"aging_rate_65plus":0.5454545454545454,"aging_rate_75plus":0.18181818181818182,"population_status":"0","population_status_target":null,"population_aggregation_target":null,"age_65plus_missing":false,"age_75plus_missing":false,"age_quality_flag":"ok","data_completeness":"complete"}},{"type":"Feature","geometry":{"type":"Polygon","coordinates":[[[133.025,33.93333333333334],[133.03125,33.93333333333334],[133.03125,33.93750000000001],[133.025,33.93750000000001],[133.025,33.93333333333334]]]},"properties":{"type":"Feature","mesh_id":"503370221","municipality_code":"38206","municipality":"西条市","total_population":121,"population_65plus":60,"population_75plus":38,"aging_rate_65plus":0.49586776859504134,"aging_rate_75plus":0.3140495867768595,"population_status":"0","population_status_target":null,"population_aggregation_target":null,"age_65plus_missing":false,"age_75plus_missing":false,"age_quality_flag":"ok","data_completeness":"complete"}},{"type":"Feature","geometry":{"type":"Polygon","coordinates":[[[133.03125,33.93333333333334],[133.0375,33.93333333333334],[133.0375,33.93750000000001],[133.03125,33.93750000000001],[133.03125,33.93333333333334]]]},"properties":{"type":"Feature","mesh_id":"503370223","municipality_code":"38206","municipality":"西条市","total_population":58,"population_65plus":28,"population_75plus":16,"aging_rate_65plus":0.4827586206896552,"aging_rate_75plus":0.27586206896551724,"population_status":"0","population_status_target":null,"population_aggregation_target":null,"age_65plus_missing":false,"age_75plus_missing":false,"age_quality_flag":"ok","data_completeness":"complete"}},{"type":"Feature","geometry":{"type":"Polygon","coordinates":[[[133.03125,33.93750000000001],[133.0375,33.93750000000001],[133.0375,33.94166666666668],[133.03125,33.94166666666668],[133.03125,33.93750000000001]]]},"properties":{"type":"Feature","mesh_id":"503370224","municipality_code":"38206","municipality":"西条市","total_population":19,"population_65plus":15,"population_75plus":9,"aging_rate_65plus":0.7894736842105263,"aging_rate_75plus":0.47368421052631576,"population_status":"0","population_status_target":null,"population_aggregation_target":null,"age_65plus_missing":false,"age_75plus_missing":false,"age_quality_flag":"ok","data_completeness":"complete"}},{"type":"Feature","geometry":{"type":"Polygon","coordinates":[[[133.0375,33.93333333333334],[133.04375,33.93333333333334],[133.04375,33.93750000000001],[133.0375,33.93750000000001],[133.0375,33.93333333333334]]]},"properties":{"type":"Feature","mesh_id":"503370231","municipality_code":"38206","municipality":"西条市","total_population":68,"population_65plus":39,"population_75plus":29,"aging_rate_65plus":0.5735294117647058,"aging_rate_75plus":0.4264705882352941,"population_status":"0","population_status_target":null,"population_aggregation_target":null,"age_65plus_missing":false,"age_75plus_missing":false,"age_quality_flag":"ok","data_completeness":"complete"}},{"type":"Feature","geometry":{"type":"Polygon","coordinates":[[[133.0375,33.93750000000001],[133.04375,33.93750000000001],[133.04375,33.94166666666668],[133.0375,33.94166666666668],[133.0375,33.93750000000001]]]},"properties":{"type":"Feature","mesh_id":"503370232","municipality_code":"38206","municipality":"西条市","total_population":238,"population_65plus":78,"population_75plus":37,"aging_rate_65plus":0.3277310924369748,"aging_rate_75plus":0.15546218487394958,"population_status":"0","population_status_target":null,"population_aggregation_target":null,"age_65plus_missing":false,"age_75plus_missing":false,"age_quality_flag":"ok","data_completeness":"complete"}},{"type":"Feature","geometry":{"type":"Polygon","coordinates":[[[133.04375,33.93333333333334],[133.04999999999998,33.93333333333334],[133.04999999999998,33.93750000000001],[133.04375,33.93750000000001],[133.04375,33.93333333333334]]]},"properties":{"type":"Feature","mesh_id":"503370233","municipality_code":"38206","municipality":"西条市","total_population":53,"population_65plus":23,"population_75plus":16,"aging_rate_65plus":0.4339622641509434,"aging_rate_75plus":0.3018867924528302,"population_status":"0","population_status_target":null,"population_aggregation_target":null,"age_65plus_missing":false,"age_75plus_missing":false,"age_quality_flag":"ok","data_completeness":"complete"}},{"type":"Feature","geometry":{"type":"Polygon","coordinates":[[[133.04375,33.93750000000001],[133.04999999999998,33.93750000000001],[133.04999999999998,33.94166666666668],[133.04375,33.94166666666668],[133.04375,33.93750000000001]]]},"properties":{"type":"Feature","mesh_id":"503370234","municipality_code":"38206","municipality":"西条市","total_population":57,"population_65plus":34,"population_75plus":18,"aging_rate_65plus":0.5964912280701754,"aging_rate_75plus":0.3157894736842105,"population_status":"0","population_status_target":null,"population_aggregation_target":null,"age_65plus_missing":false,"age_75plus_missing":false,"age_quality_flag":"ok","data_completeness":"complete"}},{"type":"Feature","geometry":{"type":"Polygon","coordinates":[[[133.05,33.93333333333334],[133.05625,33.93333333333334],[133.05625,33.93750000000001],[133.05,33.93750000000001],[133.05,33.93333333333334]]]},"properties":{"type":"Feature","mesh_id":"503370241","municipality_code":"38206","municipality":"西条市","total_population":559,"population_65plus":161,"population_75plus":65,"aging_rate_65plus":0.2880143112701252,"aging_rate_75plus":0.11627906976744186,"population_status":"0","population_status_target":null,"population_aggregation_target":null,"age_65plus_missing":false,"age_75plus_missing":false,"age_quality_flag":"ok","data_completeness":"complete"}},{"type":"Feature","geometry":{"type":"Polygon","coordinates":[[[133.05,33.93750000000001],[133.05625,33.93750000000001],[133.05625,33.94166666666668],[133.05,33.94166666666668],[133.05,33.93750000000001]]]},"properties":{"type":"Feature","mesh_id":"503370242","municipality_code":"38206","municipality":"西条市","total_population":551,"population_65plus":197,"population_75plus":104,"aging_rate_65plus":0.35753176043557167,"aging_rate_75plus":0.18874773139745918,"population_status":"0","population_status_target":null,"population_aggregation_target":null,"age_65plus_missing":false,"age_75plus_missing":false,"age_quality_flag":"ok","data_completeness":"complete"}},{"type":"Feature","geometry":{"type":"Polygon","coordinates":[[[133.05625,33.93333333333334],[133.0625,33.93333333333334],[133.0625,33.93750000000001],[133.05625,33.93750000000001],[133.05625,33.93333333333334]]]},"properties":{"type":"Feature","mesh_id":"503370243","municipality_code":"38206","municipality":"西条市","total_population":173,"population_65plus":66,"population_75plus":32,"aging_rate_65plus":0.3815028901734104,"aging_rate_75plus":0.18497109826589594,"population_status":"0","population_status_target":null,"population_aggregation_target":null,"age_65plus_missing":false,"age_75plus_missing":false,"age_quality_flag":"ok","data_completeness":"complete"}},{"type":"Feature","geometry":{"type":"Polygon","coordinates":[[[133.05625,33.93750000000001],[133.0625,33.93750000000001],[133.0625,33.94166666666668],[133.05625,33.94166666666668],[133.05625,33.93750000000001]]]},"properties":{"type":"Feature","mesh_id":"503370244","municipality_code":"38206","municipality":"西条市","total_population":746,"population_65plus":285,"population_75plus":136,"aging_rate_65plus":0.3820375335120643,"aging_rate_75plus":0.18230563002680966,"population_status":"0","population_status_target":null,"population_aggregation_target":null,"age_65plus_missing":false,"age_75plus_missing":false,"age_quality_flag":"ok","data_completeness":"complete"}},{"type":"Feature","geometry":{"type":"Polygon","coordinates":[[[133.0625,33.93333333333334],[133.06875,33.93333333333334],[133.06875,33.93750000000001],[133.0625,33.93750000000001],[133.0625,33.93333333333334]]]},"properties":{"type":"Feature","mesh_id":"503370251","municipality_code":"38206","municipality":"西条市","total_population":99,"population_65plus":30,"population_75plus":11,"aging_rate_65plus":0.30303030303030304,"aging_rate_75plus":0.1111111111111111,"population_status":"0","population_status_target":null,"population_aggregation_target":null,"age_65plus_missing":false,"age_75plus_missing":false,"age_quality_flag":"ok","data_completeness":"complete"}},{"type":"Feature","geometry":{"type":"Polygon","coordinates":[[[133.0625,33.93750000000001],[133.06875,33.93750000000001],[133.06875,33.94166666666668],[133.0625,33.94166666666668],[133.0625,33.93750000000001]]]},"properties":{"type":"Feature","mesh_id":"503370252","municipality_code":"38206","municipality":"西条市","total_population":355,"population_65plus":86,"population_75plus":39,"aging_rate_65plus":0.24225352112676057,"aging_rate_75plus":0.10985915492957747,"population_status":"0","population_status_target":null,"population_aggregation_target":null,"age_65plus_missing":false,"age_75plus_missing":false,"age_quality_flag":"ok","data_completeness":"complete"}},{"type":"Feature","geometry":{"type":"Polygon","coordinates":[[[133.06875,33.93333333333334],[133.075,33.93333333333334],[133.075,33.93750000000001],[133.06875,33.93750000000001],[133.06875,33.93333333333334]]]},"properties":{"type":"Feature","mesh_id":"503370253","municipality_code":"38206","municipality":"西条市","total_population":351,"population_65plus":148,"population_75plus":62,"aging_rate_65plus":0.42165242165242167,"aging_rate_75plus":0.17663817663817663,"population_status":"0","population_status_target":null,"population_aggregation_target":null,"age_65plus_missing":false,"age_75plus_missing":false,"age_quality_flag":"ok","data_completeness":"complete"}},{"type":"Feature","geometry":{"type":"Polygon","coordinates":[[[133.06875,33.93750000000001],[133.075,33.93750000000001],[133.075,33.94166666666668],[133.06875,33.94166666666668],[133.06875,33.93750000000001]]]},"properties":{"type":"Feature","mesh_id":"503370254","municipality_code":"38206","municipality":"西条市","total_population":225,"population_65plus":92,"population_75plus":43,"aging_rate_65plus":0.4088888888888889,"aging_rate_75plus":0.19111111111111112,"population_status":"0","population_status_target":null,"population_aggregation_target":null,"age_65plus_missing":false,"age_75plus_missing":false,"age_quality_flag":"ok","data_completeness":"complete"}},{"type":"Feature","geometry":{"type":"Polygon","coordinates":[[[133.075,33.93333333333334],[133.08124999999998,33.93333333333334],[133.08124999999998,33.93750000000001],[133.075,33.93750000000001],[133.075,33.93333333333334]]]},"properties":{"type":"Feature","mesh_id":"503370261","municipality_code":"38206","municipality":"西条市","total_population":887,"population_65plus":295,"population_75plus":170,"aging_rate_65plus":0.33258173618940245,"aging_rate_75plus":0.19165727170236754,"population_status":"0","population_status_target":null,"population_aggregation_target":null,"age_65plus_missing":false,"age_75plus_missing":false,"age_quality_flag":"ok","data_completeness":"complete"}},{"type":"Feature","geometry":{"type":"Polygon","coordinates":[[[133.075,33.93750000000001],[133.08124999999998,33.93750000000001],[133.08124999999998,33.94166666666668],[133.075,33.94166666666668],[133.075,33.93750000000001]]]},"properties":{"type":"Feature","mesh_id":"503370262","municipality_code":"38206","municipality":"西条市","total_population":1022,"population_65plus":377,"population_75plus":211,"aging_rate_65plus":0.36888454011741684,"aging_rate_75plus":0.20645792563600782,"population_status":"0","population_status_target":null,"population_aggregation_target":null,"age_65plus_missing":false,"age_75plus_missing":false,"age_quality_flag":"ok","data_completeness":"complete"}},{"type":"Feature","geometry":{"type":"Polygon","coordinates":[[[133.08124999999998,33.93333333333334],[133.08749999999998,33.93333333333334],[133.08749999999998,33.93750000000001],[133.08124999999998,33.93750000000001],[133.08124999999998,33.93333333333334]]]},"properties":{"type":"Feature","mesh_id":"503370263","municipality_code":"38206","municipality":"西条市","total_population":329,"population_65plus":96,"population_75plus":44,"aging_rate_65plus":0.2917933130699088,"aging_rate_75plus":0.1337386018237082,"population_status":"0","population_status_target":null,"population_aggregation_target":null,"age_65plus_missing":false,"age_75plus_missing":false,"age_quality_flag":"ok","data_completeness":"complete"}},{"type":"Feature","geometry":{"type":"Polygon","coordinates":[[[133.08124999999998,33.93750000000001],[133.08749999999998,33.93750000000001],[133.08749999999998,33.94166666666668],[133.08124999999998,33.94166666666668],[133.08124999999998,33.93750000000001]]]},"properties":{"type":"Feature","mesh_id":"503370264","municipality_code":"38206","municipality":"西条市","total_population":722,"population_65plus":240,"population_75plus":137,"aging_rate_65plus":0.33240997229916897,"aging_rate_75plus":0.18975069252077562,"population_status":"0","population_status_target":null,"population_aggregation_target":null,"age_65plus_missing":false,"age_75plus_missing":false,"age_quality_flag":"ok","data_completeness":"complete"}},{"type":"Feature","geometry":{"type":"Polygon","coordinates":[[[133.0875,33.93333333333334],[133.09375,33.93333333333334],[133.09375,33.93750000000001],[133.0875,33.93750000000001],[133.0875,33.93333333333334]]]},"properties":{"type":"Feature","mesh_id":"503370271","municipality_code":"38206","municipality":"西条市","total_population":939,"population_65plus":139,"population_75plus":65,"aging_rate_65plus":0.14802981895633652,"aging_rate_75plus":0.06922257720979766,"population_status":"0","population_status_target":null,"population_aggregation_target":null,"age_65plus_missing":false,"age_75plus_missing":false,"age_quality_flag":"ok","data_completeness":"complete"}},{"type":"Feature","geometry":{"type":"Polygon","coordinates":[[[133.0875,33.93750000000001],[133.09375,33.93750000000001],[133.09375,33.94166666666668],[133.0875,33.94166666666668],[133.0875,33.93750000000001]]]},"properties":{"type":"Feature","mesh_id":"503370272","municipality_code":"38206","municipality":"西条市","total_population":572,"population_65plus":113,"population_75plus":48,"aging_rate_65plus":0.19755244755244755,"aging_rate_75plus":0.08391608391608392,"population_status":"0","population_status_target":null,"population_aggregation_target":null,"age_65plus_missing":false,"age_75plus_missing":false,"age_quality_flag":"ok","data_completeness":"complete"}},{"type":"Feature","geometry":{"type":"Polygon","coordinates":[[[133.09375,33.93333333333334],[133.1,33.93333333333334],[133.1,33.93750000000001],[133.09375,33.93750000000001],[133.09375,33.93333333333334]]]},"properties":{"type":"Feature","mesh_id":"503370273","municipality_code":"38206","municipality":"西条市","total_population":152,"population_65plus":54,"population_75plus":27,"aging_rate_65plus":0.35526315789473684,"aging_rate_75plus":0.17763157894736842,"population_status":"0","population_status_target":null,"population_aggregation_target":null,"age_65plus_missing":false,"age_75plus_missing":false,"age_quality_flag":"ok","data_completeness":"complete"}},{"type":"Feature","geometry":{"type":"Polygon","coordinates":[[[133.09375,33.93750000000001],[133.1,33.93750000000001],[133.1,33.94166666666668],[133.09375,33.94166666666668],[133.09375,33.93750000000001]]]},"properties":{"type":"Feature","mesh_id":"503370274","municipality_code":"38206","municipality":"西条市","total_population":50,"population_65plus":10,"population_75plus":3,"aging_rate_65plus":0.2,"aging_rate_75plus":0.06,"population_status":"0","population_status_target":null,"population_aggregation_target":null,"age_65plus_missing":false,"age_75plus_missing":false,"age_quality_flag":"ok","data_completeness":"complete"}},{"type":"Feature","geometry":{"type":"Polygon","coordinates":[[[133.1,33.93333333333334],[133.10625,33.93333333333334],[133.10625,33.93750000000001],[133.1,33.93750000000001],[133.1,33.93333333333334]]]},"properties":{"type":"Feature","mesh_id":"503370281","municipality_code":"38206","municipality":"西条市","total_population":138,"population_65plus":35,"population_75plus":19,"aging_rate_65plus":0.2536231884057971,"aging_rate_75plus":0.13768115942028986,"population_status":"0","population_status_target":null,"population_aggregation_target":null,"age_65plus_missing":false,"age_75plus_missing":false,"age_quality_flag":"ok","data_completeness":"complete"}},{"type":"Feature","geometry":{"type":"Polygon","coordinates":[[[133.10625,33.93333333333334],[133.11249999999998,33.93333333333334],[133.11249999999998,33.93750000000001],[133.10625,33.93750000000001],[133.10625,33.93333333333334]]]},"properties":{"type":"Feature","mesh_id":"503370283","municipality_code":"38206","municipality":"西条市","total_population":66,"population_65plus":18,"population_75plus":5,"aging_rate_65plus":0.2727272727272727,"aging_rate_75plus":0.07575757575757576,"population_status":"0","population_status_target":null,"population_aggregation_target":null,"age_65plus_missing":false,"age_75plus_missing":false,"age_quality_flag":"ok","data_completeness":"complete"}},{"type":"Feature","geometry":{"type":"Polygon","coordinates":[[[133.00625,33.94166666666667],[133.0125,33.94166666666667],[133.0125,33.94583333333334],[133.00625,33.94583333333334],[133.00625,33.94166666666667]]]},"properties":{"type":"Feature","mesh_id":"503370303","municipality_code":"38206","municipality":"西条市","total_population":2,"population_65plus":null,"population_75plus":null,"aging_rate_65plus":null,"aging_rate_75plus":null,"population_status":"2","population_status_target":"503370401","population_aggregation_target":null,"age_65plus_missing":true,"age_75plus_missing":true,"age_quality_flag":"ok","data_completeness":"partial"}},{"type":"Feature","geometry":{"type":"Polygon","coordinates":[[[133.025,33.94583333333334],[133.03125,33.94583333333334],[133.03125,33.95000000000001],[133.025,33.95000000000001],[133.025,33.94583333333334]]]},"properties":{"type":"Feature","mesh_id":"503370322","municipality_code":"38206","municipality":"西条市","total_population":148,"population_65plus":66,"population_75plus":38,"aging_rate_65plus":0.44594594594594594,"aging_rate_75plus":0.25675675675675674,"population_status":"0","population_status_target":null,"population_aggregation_target":null,"age_65plus_missing":false,"age_75plus_missing":false,"age_quality_flag":"ok","data_completeness":"complete"}},{"type":"Feature","geometry":{"type":"Polygon","coordinates":[[[133.03125,33.94583333333334],[133.0375,33.94583333333334],[133.0375,33.95000000000001],[133.03125,33.95000000000001],[133.03125,33.94583333333334]]]},"properties":{"type":"Feature","mesh_id":"503370324","municipality_code":"38206","municipality":"西条市","total_population":26,"population_65plus":15,"population_75plus":8,"aging_rate_65plus":0.5769230769230769,"aging_rate_75plus":0.3076923076923077,"population_status":"0","population_status_target":null,"population_aggregation_target":null,"age_65plus_missing":false,"age_75plus_missing":false,"age_quality_flag":"ok","data_completeness":"complete"}},{"type":"Feature","geometry":{"type":"Polygon","coordinates":[[[133.0375,33.94166666666667],[133.04375,33.94166666666667],[133.04375,33.94583333333334],[133.0375,33.94583333333334],[133.0375,33.94166666666667]]]},"properties":{"type":"Feature","mesh_id":"503370331","municipality_code":"38206","municipality":"西条市","total_population":239,"population_65plus":64,"population_75plus":33,"aging_rate_65plus":0.26778242677824265,"aging_rate_75plus":0.13807531380753138,"population_status":"0","population_status_target":null,"population_aggregation_target":null,"age_65plus_missing":false,"age_75plus_missing":false,"age_quality_flag":"ok","data_completeness":"complete"}},{"type":"Feature","geometry":{"type":"Polygon","coordinates":[[[133.0375,33.94583333333334],[133.04375,33.94583333333334],[133.04375,33.95000000000001],[133.0375,33.95000000000001],[133.0375,33.94583333333334]]]},"properties":{"type":"Feature","mesh_id":"503370332","municipality_code":"38206","municipality":"西条市","total_population":259,"population_65plus":110,"population_75plus":71,"aging_rate_65plus":0.4247104247104247,"aging_rate_75plus":0.27413127413127414,"population_status":"0","population_status_target":null,"population_aggregation_target":null,"age_65plus_missing":false,"age_75plus_missing":false,"age_quality_flag":"ok","data_completeness":"complete"}},{"type":"Feature","geometry":{"type":"Polygon","coordinates":[[[133.04375,33.94166666666667],[133.04999999999998,33.94166666666667],[133.04999999999998,33.94583333333334],[133.04375,33.94583333333334],[133.04375,33.94166666666667]]]},"properties":{"type":"Feature","mesh_id":"503370333","municipality_code":"38206","municipality":"西条市","total_population":93,"population_65plus":41,"population_75plus":25,"aging_rate_65plus":0.44086021505376344,"aging_rate_75plus":0.26881720430107525,"population_status":"0","population_status_target":null,"population_aggregation_target":null,"age_65plus_missing":false,"age_75plus_missing":false,"age_quality_flag":"ok","data_completeness":"complete"}},{"type":"Feature","geometry":{"type":"Polygon","coordinates":[[[133.04375,33.94583333333334],[133.04999999999998,33.94583333333334],[133.04999999999998,33.95000000000001],[133.04375,33.95000000000001],[133.04375,33.94583333333334]]]},"properties":{"type":"Feature","mesh_id":"503370334","municipality_code":"38206","municipality":"西条市","total_population":119,"population_65plus":80,"population_75plus":62,"aging_rate_65plus":0.6722689075630253,"aging_rate_75plus":0.5210084033613446,"population_status":"0","population_status_target":null,"population_aggregation_target":null,"age_65plus_missing":false,"age_75plus_missing":false,"age_quality_flag":"ok","data_completeness":"complete"}},{"type":"Feature","geometry":{"type":"Polygon","coordinates":[[[133.05,33.94166666666667],[133.05625,33.94166666666667],[133.05625,33.94583333333334],[133.05,33.94583333333334],[133.05,33.94166666666667]]]},"properties":{"type":"Feature","mesh_id":"503370341","municipality_code":"38206","municipality":"西条市","total_population":103,"population_65plus":45,"population_75plus":25,"aging_rate_65plus":0.4368932038834951,"aging_rate_75plus":0.24271844660194175,"population_status":"0","population_status_target":null,"population_aggregation_target":null,"age_65plus_missing":false,"age_75plus_missing":false,"age_quality_flag":"ok","data_completeness":"complete"}},{"type":"Feature","geometry":{"type":"Polygon","coordinates":[[[133.05,33.94583333333334],[133.05625,33.94583333333334],[133.05625,33.95000000000001],[133.05,33.95000000000001],[133.05,33.94583333333334]]]},"properties":{"type":"Feature","mesh_id":"503370342","municipality_code":"38206","municipality":"西条市","total_population":578,"population_65plus":215,"population_75plus":112,"aging_rate_65plus":0.3719723183391003,"aging_rate_75plus":0.19377162629757785,"population_status":"0","population_status_target":null,"population_aggregation_target":null,"age_65plus_missing":false,"age_75plus_missing":false,"age_quality_flag":"ok","data_completeness":"complete"}},{"type":"Feature","geometry":{"type":"Polygon","coordinates":[[[133.05625,33.94166666666667],[133.0625,33.94166666666667],[133.0625,33.94583333333334],[133.05625,33.94583333333334],[133.05625,33.94166666666667]]]},"properties":{"type":"Feature","mesh_id":"503370343","municipality_code":"38206","municipality":"西条市","total_population":197,"population_65plus":117,"population_75plus":81,"aging_rate_65plus":0.5939086294416244,"aging_rate_75plus":0.41116751269035534,"population_status":"0","population_status_target":null,"population_aggregation_target":null,"age_65plus_missing":false,"age_75plus_missing":false,"age_quality_flag":"ok","data_completeness":"complete"}},{"type":"Feature","geometry":{"type":"Polygon","coordinates":[[[133.05625,33.94583333333334],[133.0625,33.94583333333334],[133.0625,33.95000000000001],[133.05625,33.95000000000001],[133.05625,33.94583333333334]]]},"properties":{"type":"Feature","mesh_id":"503370344","municipality_code":"38206","municipality":"西条市","total_population":524,"population_65plus":198,"population_75plus":105,"aging_rate_65plus":0.37786259541984735,"aging_rate_75plus":0.20038167938931298,"population_status":"0","population_status_target":null,"population_aggregation_target":null,"age_65plus_missing":false,"age_75plus_missing":false,"age_quality_flag":"ok","data_completeness":"complete"}},{"type":"Feature","geometry":{"type":"Polygon","coordinates":[[[133.0625,33.94166666666667],[133.06875,33.94166666666667],[133.06875,33.94583333333334],[133.0625,33.94583333333334],[133.0625,33.94166666666667]]]},"properties":{"type":"Feature","mesh_id":"503370351","municipality_code":"38206","municipality":"西条市","total_population":191,"population_65plus":58,"population_75plus":24,"aging_rate_65plus":0.3036649214659686,"aging_rate_75plus":0.1256544502617801,"population_status":"0","population_status_target":null,"population_aggregation_target":null,"age_65plus_missing":false,"age_75plus_missing":false,"age_quality_flag":"ok","data_completeness":"complete"}},{"type":"Feature","geometry":{"type":"Polygon","coordinates":[[[133.0625,33.94583333333334],[133.06875,33.94583333333334],[133.06875,33.95000000000001],[133.0625,33.95000000000001],[133.0625,33.94583333333334]]]},"properties":{"type":"Feature","mesh_id":"503370352","municipality_code":"38206","municipality":"西条市","total_population":110,"population_65plus":57,"population_75plus":27,"aging_rate_65plus":0.5181818181818182,"aging_rate_75plus":0.24545454545454545,"population_status":"0","population_status_target":null,"population_aggregation_target":null,"age_65plus_missing":false,"age_75plus_missing":false,"age_quality_flag":"ok","data_completeness":"complete"}},{"type":"Feature","geometry":{"type":"Polygon","coordinates":[[[133.06875,33.94166666666667],[133.075,33.94166666666667],[133.075,33.94583333333334],[133.06875,33.94583333333334],[133.06875,33.94166666666667]]]},"properties":{"type":"Feature","mesh_id":"503370353","municipality_code":"38206","municipality":"西条市","total_population":105,"population_65plus":38,"population_75plus":20,"aging_rate_65plus":0.3619047619047619,"aging_rate_75plus":0.19047619047619047,"population_status":"0","population_status_target":null,"population_aggregation_target":null,"age_65plus_missing":false,"age_75plus_missing":false,"age_quality_flag":"ok","data_completeness":"complete"}},{"type":"Feature","geometry":{"type":"Polygon","coordinates":[[[133.06875,33.94583333333334],[133.075,33.94583333333334],[133.075,33.95000000000001],[133.06875,33.95000000000001],[133.06875,33.94583333333334]]]},"properties":{"type":"Feature","mesh_id":"503370354","municipality_code":"38206","municipality":"西条市","total_population":113,"population_65plus":41,"population_75plus":23,"aging_rate_65plus":0.36283185840707965,"aging_rate_75plus":0.20353982300884957,"population_status":"0","population_status_target":null,"population_aggregation_target":null,"age_65plus_missing":false,"age_75plus_missing":false,"age_quality_flag":"ok","data_completeness":"complete"}},{"type":"Feature","geometry":{"type":"Polygon","coordinates":[[[133.075,33.94166666666667],[133.08124999999998,33.94166666666667],[133.08124999999998,33.94583333333334],[133.075,33.94583333333334],[133.075,33.94166666666667]]]},"properties":{"type":"Feature","mesh_id":"503370361","municipality_code":"38206","municipality":"西条市","total_population":20,"population_65plus":9,"population_75plus":2,"aging_rate_65plus":0.45,"aging_rate_75plus":0.1,"population_status":"0","population_status_target":null,"population_aggregation_target":null,"age_65plus_missing":false,"age_75plus_missing":false,"age_quality_flag":"ok","data_completeness":"complete"}},{"type":"Feature","geometry":{"type":"Polygon","coordinates":[[[133.075,33.94583333333334],[133.08124999999998,33.94583333333334],[133.08124999999998,33.95000000000001],[133.075,33.95000000000001],[133.075,33.94583333333334]]]},"properties":{"type":"Feature","mesh_id":"503370362","municipality_code":"38206","municipality":"西条市","total_population":112,"population_65plus":32,"population_75plus":18,"aging_rate_65plus":0.2857142857142857,"aging_rate_75plus":0.16071428571428573,"population_status":"0","population_status_target":null,"population_aggregation_target":null,"age_65plus_missing":false,"age_75plus_missing":false,"age_quality_flag":"ok","data_completeness":"complete"}},{"type":"Feature","geometry":{"type":"Polygon","coordinates":[[[133.08124999999998,33.94166666666667],[133.08749999999998,33.94166666666667],[133.08749999999998,33.94583333333334],[133.08124999999998,33.94583333333334],[133.08124999999998,33.94166666666667]]]},"properties":{"type":"Feature","mesh_id":"503370363","municipality_code":"38206","municipality":"西条市","total_population":49,"population_65plus":29,"population_75plus":14,"aging_rate_65plus":0.5918367346938775,"aging_rate_75plus":0.2857142857142857,"population_status":"0","population_status_target":null,"population_aggregation_target":null,"age_65plus_missing":false,"age_75plus_missing":false,"age_quality_flag":"ok","data_completeness":"complete"}},{"type":"Feature","geometry":{"type":"Polygon","coordinates":[[[133.08124999999998,33.94583333333334],[133.08749999999998,33.94583333333334],[133.08749999999998,33.95000000000001],[133.08124999999998,33.95000000000001],[133.08124999999998,33.94583333333334]]]},"properties":{"type":"Feature","mesh_id":"503370364","municipality_code":"38206","municipality":"西条市","total_population":38,"population_65plus":19,"population_75plus":7,"aging_rate_65plus":0.5,"aging_rate_75plus":0.18421052631578946,"population_status":"0","population_status_target":null,"population_aggregation_target":null,"age_65plus_missing":false,"age_75plus_missing":false,"age_quality_flag":"ok","data_completeness":"complete"}},{"type":"Feature","geometry":{"type":"Polygon","coordinates":[[[133.0,33.95],[133.00625,33.95],[133.00625,33.95416666666667],[133.0,33.95416666666667],[133.0,33.95]]]},"properties":{"type":"Feature","mesh_id":"503370401","municipality_code":"38206","municipality":"西条市","total_population":21,"population_65plus":18,"population_75plus":13,"aging_rate_65plus":0.8571428571428571,"aging_rate_75plus":0.6190476190476191,"population_status":"1","population_status_target":null,"population_aggregation_target":"503370303;503370402","age_65plus_missing":false,"age_75plus_missing":false,"age_quality_flag":"ok","data_completeness":"complete"}},{"type":"Feature","geometry":{"type":"Polygon","coordinates":[[[133.0,33.95416666666667],[133.00625,33.95416666666667],[133.00625,33.95833333333334],[133.0,33.95833333333334],[133.0,33.95416666666667]]]},"properties":{"type":"Feature","mesh_id":"503370402","municipality_code":"38206","municipality":"西条市","total_population":6,"population_65plus":null,"population_75plus":null,"aging_rate_65plus":null,"aging_rate_75plus":null,"population_status":"2","population_status_target":"503370401","population_aggregation_target":null,"age_65plus_missing":true,"age_75plus_missing":true,"age_quality_flag":"ok","data_completeness":"partial"}},{"type":"Feature","geometry":{"type":"Polygon","coordinates":[[[133.025,33.95416666666667],[133.03125,33.95416666666667],[133.03125,33.95833333333334],[133.025,33.95833333333334],[133.025,33.95416666666667]]]},"properties":{"type":"Feature","mesh_id":"503370422","municipality_code":"38206","municipality":"西条市","total_population":14,"population_65plus":1,"population_75plus":1,"aging_rate_65plus":0.07142857142857142,"aging_rate_75plus":0.07142857142857142,"population_status":"0","population_status_target":null,"population_aggregation_target":null,"age_65plus_missing":false,"age_75plus_missing":false,"age_quality_flag":"ok","data_completeness":"complete"}},{"type":"Feature","geometry":{"type":"Polygon","coordinates":[[[133.0375,33.95],[133.04375,33.95],[133.04375,33.95416666666667],[133.0375,33.95416666666667],[133.0375,33.95]]]},"properties":{"type":"Feature","mesh_id":"503370431","municipality_code":"38206","municipality":"西条市","total_population":7,"population_65plus":null,"population_75plus":null,"aging_rate_65plus":null,"aging_rate_75plus":null,"population_status":"2","population_status_target":"503370432","population_aggregation_target":null,"age_65plus_missing":true,"age_75plus_missing":true,"age_quality_flag":"ok","data_completeness":"partial"}},{"type":"Feature","geometry":{"type":"Polygon","coordinates":[[[133.0375,33.95416666666667],[133.04375,33.95416666666667],[133.04375,33.95833333333334],[133.0375,33.95833333333334],[133.0375,33.95416666666667]]]},"properties":{"type":"Feature","mesh_id":"503370432","municipality_code":"38206","municipality":"西条市","total_population":118,"population_65plus":49,"population_75plus":23,"aging_rate_65plus":0.4152542372881356,"aging_rate_75plus":0.19491525423728814,"population_status":"1","population_status_target":null,"population_aggregation_target":"503370431","age_65plus_missing":false,"age_75plus_missing":false,"age_quality_flag":"ok","data_completeness":"complete"}},{"type":"Feature","geometry":{"type":"Polygon","coordinates":[[[133.04375,33.95],[133.04999999999998,33.95],[133.04999999999998,33.95416666666667],[133.04375,33.95416666666667],[133.04375,33.95]]]},"properties":{"type":"Feature","mesh_id":"503370433","municipality_code":"38206","municipality":"西条市","total_population":16,"population_65plus":7,"population_75plus":4,"aging_rate_65plus":0.4375,"aging_rate_75plus":0.25,"population_status":"0","population_status_target":null,"population_aggregation_target":null,"age_65plus_missing":false,"age_75plus_missing":false,"age_quality_flag":"ok","data_completeness":"complete"}},{"type":"Feature","geometry":{"type":"Polygon","coordinates":[[[133.04375,33.95416666666667],[133.04999999999998,33.95416666666667],[133.04999999999998,33.95833333333334],[133.04375,33.95833333333334],[133.04375,33.95416666666667]]]},"properties":{"type":"Feature","mesh_id":"503370434","municipality_code":"38206","municipality":"西条市","total_population":115,"population_65plus":56,"population_75plus":38,"aging_rate_65plus":0.48695652173913045,"aging_rate_75plus":0.33043478260869563,"population_status":"0","population_status_target":null,"population_aggregation_target":null,"age_65plus_missing":false,"age_75plus_missing":false,"age_quality_flag":"ok","data_completeness":"complete"}},{"type":"Feature","geometry":{"type":"Polygon","coordinates":[[[133.05,33.95],[133.05625,33.95],[133.05625,33.95416666666667],[133.05,33.95416666666667],[133.05,33.95]]]},"properties":{"type":"Feature","mesh_id":"503370441","municipality_code":"38206","municipality":"西条市","total_population":191,"population_65plus":76,"population_75plus":43,"aging_rate_65plus":0.39790575916230364,"aging_rate_75plus":0.225130890052356,"population_status":"0","population_status_target":null,"population_aggregation_target":null,"age_65plus_missing":false,"age_75plus_missing":false,"age_quality_flag":"ok","data_completeness":"complete"}},{"type":"Feature","geometry":{"type":"Polygon","coordinates":[[[133.05,33.95416666666667],[133.05625,33.95416666666667],[133.05625,33.95833333333334],[133.05,33.95833333333334],[133.05,33.95416666666667]]]},"properties":{"type":"Feature","mesh_id":"503370442","municipality_code":"38206","municipality":"西条市","total_population":687,"population_65plus":233,"population_75plus":108,"aging_rate_65plus":0.33915574963609896,"aging_rate_75plus":0.1572052401746725,"population_status":"0","population_status_target":null,"population_aggregation_target":null,"age_65plus_missing":false,"age_75plus_missing":false,"age_quality_flag":"ok","data_completeness":"complete"}},{"type":"Feature","geometry":{"type":"Polygon","coordinates":[[[133.05625,33.95],[133.0625,33.95],[133.0625,33.95416666666667],[133.05625,33.95416666666667],[133.05625,33.95]]]},"properties":{"type":"Feature","mesh_id":"503370443","municipality_code":"38206","municipality":"西条市","total_population":144,"population_65plus":59,"population_75plus":31,"aging_rate_65plus":0.4097222222222222,"aging_rate_75plus":0.2152777777777778,"population_status":"0","population_status_target":null,"population_aggregation_target":null,"age_65plus_missing":false,"age_75plus_missing":false,"age_quality_flag":"ok","data_completeness":"complete"}},{"type":"Feature","geometry":{"type":"Polygon","coordinates":[[[133.05625,33.95416666666667],[133.0625,33.95416666666667],[133.0625,33.95833333333334],[133.05625,33.95833333333334],[133.05625,33.95416666666667]]]},"properties":{"type":"Feature","mesh_id":"503370444","municipality_code":"38206","municipality":"西条市","total_population":192,"population_65plus":74,"population_75plus":41,"aging_rate_65plus":0.3854166666666667,"aging_rate_75plus":0.21354166666666666,"population_status":"0","population_status_target":null,"population_aggregation_target":null,"age_65plus_missing":false,"age_75plus_missing":false,"age_quality_flag":"ok","data_completeness":"complete"}},{"type":"Feature","geometry":{"type":"Polygon","coordinates":[[[133.0625,33.95],[133.06875,33.95],[133.06875,33.95416666666667],[133.0625,33.95416666666667],[133.0625,33.95]]]},"properties":{"type":"Feature","mesh_id":"503370451","municipality_code":"38206","municipality":"西条市","total_population":408,"population_65plus":145,"population_75plus":67,"aging_rate_65plus":0.3553921568627451,"aging_rate_75plus":0.1642156862745098,"population_status":"0","population_status_target":null,"population_aggregation_target":null,"age_65plus_missing":false,"age_75plus_missing":false,"age_quality_flag":"ok","data_completeness":"complete"}},{"type":"Feature","geometry":{"type":"Polygon","coordinates":[[[133.0625,33.95416666666667],[133.06875,33.95416666666667],[133.06875,33.95833333333334],[133.0625,33.95833333333334],[133.0625,33.95416666666667]]]},"properties":{"type":"Feature","mesh_id":"503370452","municipality_code":"38206","municipality":"西条市","total_population":295,"population_65plus":119,"population_75plus":53,"aging_rate_65plus":0.4033898305084746,"aging_rate_75plus":0.17966101694915254,"population_status":"0","population_status_target":null,"population_aggregation_target":null,"age_65plus_missing":false,"age_75plus_missing":false,"age_quality_flag":"ok","data_completeness":"complete"}},{"type":"Feature","geometry":{"type":"Polygon","coordinates":[[[133.06875,33.95],[133.075,33.95],[133.075,33.95416666666667],[133.06875,33.95416666666667],[133.06875,33.95]]]},"properties":{"type":"Feature","mesh_id":"503370453","municipality_code":"38206","municipality":"西条市","total_population":20,"population_65plus":5,"population_75plus":2,"aging_rate_65plus":0.25,"aging_rate_75plus":0.1,"population_status":"0","population_status_target":null,"population_aggregation_target":null,"age_65plus_missing":false,"age_75plus_missing":false,"age_quality_flag":"ok","data_completeness":"complete"}},{"type":"Feature","geometry":{"type":"Polygon","coordinates":[[[133.075,33.95],[133.08124999999998,33.95],[133.08124999999998,33.95416666666667],[133.075,33.95416666666667],[133.075,33.95]]]},"properties":{"type":"Feature","mesh_id":"503370461","municipality_code":"38206","municipality":"西条市","total_population":149,"population_65plus":73,"population_75plus":41,"aging_rate_65plus":0.4899328859060403,"aging_rate_75plus":0.2751677852348993,"population_status":"0","population_status_target":null,"population_aggregation_target":null,"age_65plus_missing":false,"age_75plus_missing":false,"age_quality_flag":"ok","data_completeness":"complete"}},{"type":"Feature","geometry":{"type":"Polygon","coordinates":[[[133.075,33.95416666666667],[133.08124999999998,33.95416666666667],[133.08124999999998,33.95833333333334],[133.075,33.95833333333334],[133.075,33.95416666666667]]]},"properties":{"type":"Feature","mesh_id":"503370462","municipality_code":"38206","municipality":"西条市","total_population":18,"population_65plus":6,"population_75plus":3,"aging_rate_65plus":0.3333333333333333,"aging_rate_75plus":0.16666666666666666,"population_status":"0","population_status_target":null,"population_aggregation_target":null,"age_65plus_missing":false,"age_75plus_missing":false,"age_quality_flag":"ok","data_completeness":"complete"}},{"type":"Feature","geometry":{"type":"Polygon","coordinates":[[[133.08124999999998,33.95],[133.08749999999998,33.95],[133.08749999999998,33.95416666666667],[133.08124999999998,33.95416666666667],[133.08124999999998,33.95]]]},"properties":{"type":"Feature","mesh_id":"503370463","municipality_code":"38206","municipality":"西条市","total_population":74,"population_65plus":37,"population_75plus":23,"aging_rate_65plus":0.5,"aging_rate_75plus":0.3108108108108108,"population_status":"0","population_status_target":null,"population_aggregation_target":null,"age_65plus_missing":false,"age_75plus_missing":false,"age_quality_flag":"ok","data_completeness":"complete"}},{"type":"Feature","geometry":{"type":"Polygon","coordinates":[[[133.08124999999998,33.95416666666667],[133.08749999999998,33.95416666666667],[133.08749999999998,33.95833333333334],[133.08124999999998,33.95833333333334],[133.08124999999998,33.95416666666667]]]},"properties":{"type":"Feature","mesh_id":"503370464","municipality_code":"38206","municipality":"西条市","total_population":13,"population_65plus":4,"population_75plus":4,"aging_rate_65plus":0.3076923076923077,"aging_rate_75plus":0.3076923076923077,"population_status":"0","population_status_target":null,"population_aggregation_target":null,"age_65plus_missing":false,"age_75plus_missing":false,"age_quality_flag":"ok","data_completeness":"complete"}},{"type":"Feature","geometry":{"type":"Polygon","coordinates":[[[133.0375,33.958333333333336],[133.04375,33.958333333333336],[133.04375,33.962500000000006],[133.0375,33.962500000000006],[133.0375,33.958333333333336]]]},"properties":{"type":"Feature","mesh_id":"503370531","municipality_code":"38206","municipality":"西条市","total_population":28,"population_65plus":14,"population_75plus":9,"aging_rate_65plus":0.5,"aging_rate_75plus":0.32142857142857145,"population_status":"0","population_status_target":null,"population_aggregation_target":null,"age_65plus_missing":false,"age_75plus_missing":false,"age_quality_flag":"ok","data_completeness":"complete"}},{"type":"Feature","geometry":{"type":"Polygon","coordinates":[[[133.0375,33.962500000000006],[133.04375,33.962500000000006],[133.04375,33.966666666666676],[133.0375,33.966666666666676],[133.0375,33.962500000000006]]]},"properties":{"type":"Feature","mesh_id":"503370532","municipality_code":"38206","municipality":"西条市","total_population":26,"population_65plus":8,"population_75plus":6,"aging_rate_65plus":0.3076923076923077,"aging_rate_75plus":0.23076923076923078,"population_status":"0","population_status_target":null,"population_aggregation_target":null,"age_65plus_missing":false,"age_75plus_missing":false,"age_quality_flag":"ok","data_completeness":"complete"}},{"type":"Feature","geometry":{"type":"Polygon","coordinates":[[[133.05,33.958333333333336],[133.05625,33.958333333333336],[133.05625,33.962500000000006],[133.05,33.962500000000006],[133.05,33.958333333333336]]]},"properties":{"type":"Feature","mesh_id":"503370541","municipality_code":"38206","municipality":"西条市","total_population":59,"population_65plus":24,"population_75plus":13,"aging_rate_65plus":0.4067796610169492,"aging_rate_75plus":0.22033898305084745,"population_status":"0","population_status_target":null,"population_aggregation_target":null,"age_65plus_missing":false,"age_75plus_missing":false,"age_quality_flag":"ok","data_completeness":"complete"}},{"type":"Feature","geometry":{"type":"Polygon","coordinates":[[[133.05,33.962500000000006],[133.05625,33.962500000000006],[133.05625,33.966666666666676],[133.05,33.966666666666676],[133.05,33.962500000000006]]]},"properties":{"type":"Feature","mesh_id":"503370542","municipality_code":"38206","municipality":"西条市","total_population":412,"population_65plus":156,"population_75plus":76,"aging_rate_65plus":0.3786407766990291,"aging_rate_75plus":0.18446601941747573,"population_status":"0","population_status_target":null,"population_aggregation_target":null,"age_65plus_missing":false,"age_75plus_missing":false,"age_quality_flag":"ok","data_completeness":"complete"}},{"type":"Feature","geometry":{"type":"Polygon","coordinates":[[[133.05625,33.958333333333336],[133.0625,33.958333333333336],[133.0625,33.962500000000006],[133.05625,33.962500000000006],[133.05625,33.958333333333336]]]},"properties":{"type":"Feature","mesh_id":"503370543","municipality_code":"38206","municipality":"西条市","total_population":173,"population_65plus":79,"population_75plus":41,"aging_rate_65plus":0.45664739884393063,"aging_rate_75plus":0.23699421965317918,"population_status":"0","population_status_target":null,"population_aggregation_target":null,"age_65plus_missing":false,"age_75plus_missing":false,"age_quality_flag":"ok","data_completeness":"complete"}},{"type":"Feature","geometry":{"type":"Polygon","coordinates":[[[133.05625,33.962500000000006],[133.0625,33.962500000000006],[133.0625,33.966666666666676],[133.05625,33.966666666666676],[133.05625,33.962500000000006]]]},"properties":{"type":"Feature","mesh_id":"503370544","municipality_code":"38206","municipality":"西条市","total_population":186,"population_65plus":94,"population_75plus":66,"aging_rate_65plus":0.5053763440860215,"aging_rate_75plus":0.3548387096774194,"population_status":"0","population_status_target":null,"population_aggregation_target":null,"age_65plus_missing":false,"age_75plus_missing":false,"age_quality_flag":"ok","data_completeness":"complete"}},{"type":"Feature","geometry":{"type":"Polygon","coordinates":[[[133.0625,33.958333333333336],[133.06875,33.958333333333336],[133.06875,33.962500000000006],[133.0625,33.962500000000006],[133.0625,33.958333333333336]]]},"properties":{"type":"Feature","mesh_id":"503370551","municipality_code":"38206","municipality":"西条市","total_population":58,"population_65plus":30,"population_75plus":15,"aging_rate_65plus":0.5172413793103449,"aging_rate_75plus":0.25862068965517243,"population_status":"0","population_status_target":null,"population_aggregation_target":null,"age_65plus_missing":false,"age_75plus_missing":false,"age_quality_flag":"ok","data_completeness":"complete"}},{"type":"Feature","geometry":{"type":"Polygon","coordinates":[[[133.0625,33.962500000000006],[133.06875,33.962500000000006],[133.06875,33.966666666666676],[133.0625,33.966666666666676],[133.0625,33.962500000000006]]]},"properties":{"type":"Feature","mesh_id":"503370552","municipality_code":"38206","municipality":"西条市","total_population":134,"population_65plus":69,"population_75plus":23,"aging_rate_65plus":0.5149253731343284,"aging_rate_75plus":0.17164179104477612,"population_status":"0","population_status_target":null,"population_aggregation_target":null,"age_65plus_missing":false,"age_75plus_missing":false,"age_quality_flag":"ok","data_completeness":"complete"}},{"type":"Feature","geometry":{"type":"Polygon","coordinates":[[[133.06875,33.958333333333336],[133.075,33.958333333333336],[133.075,33.962500000000006],[133.06875,33.962500000000006],[133.06875,33.958333333333336]]]},"properties":{"type":"Feature","mesh_id":"503370553","municipality_code":"38206","municipality":"西条市","total_population":264,"population_65plus":115,"population_75plus":70,"aging_rate_65plus":0.4356060606060606,"aging_rate_75plus":0.26515151515151514,"population_status":"0","population_status_target":null,"population_aggregation_target":null,"age_65plus_missing":false,"age_75plus_missing":false,"age_quality_flag":"ok","data_completeness":"complete"}},{"type":"Feature","geometry":{"type":"Polygon","coordinates":[[[133.06875,33.962500000000006],[133.075,33.962500000000006],[133.075,33.966666666666676],[133.06875,33.966666666666676],[133.06875,33.962500000000006]]]},"properties":{"type":"Feature","mesh_id":"503370554","municipality_code":"38206","municipality":"西条市","total_population":98,"population_65plus":35,"population_75plus":15,"aging_rate_65plus":0.35714285714285715,"aging_rate_75plus":0.15306122448979592,"population_status":"0","population_status_target":null,"population_aggregation_target":null,"age_65plus_missing":false,"age_75plus_missing":false,"age_quality_flag":"ok","data_completeness":"complete"}},{"type":"Feature","geometry":{"type":"Polygon","coordinates":[[[133.075,33.958333333333336],[133.08124999999998,33.958333333333336],[133.08124999999998,33.962500000000006],[133.075,33.962500000000006],[133.075,33.958333333333336]]]},"properties":{"type":"Feature","mesh_id":"503370561","municipality_code":"38206","municipality":"西条市","total_population":4,"population_65plus":0,"population_75plus":0,"aging_rate_65plus":0.0,"aging_rate_75plus":0.0,"population_status":"0","population_status_target":null,"population_aggregation_target":null,"age_65plus_missing":false,"age_75plus_missing":false,"age_quality_flag":"ok","data_completeness":"complete"}},{"type":"Feature","geometry":{"type":"Polygon","coordinates":[[[133.0375,33.97083333333334],[133.04375,33.97083333333334],[133.04375,33.97500000000001],[133.0375,33.97500000000001],[133.0375,33.97083333333334]]]},"properties":{"type":"Feature","mesh_id":"503370632","municipality_code":"38206","municipality":"西条市","total_population":59,"population_65plus":0,"population_75plus":0,"aging_rate_65plus":0.0,"aging_rate_75plus":0.0,"population_status":"0","population_status_target":null,"population_aggregation_target":null,"age_65plus_missing":false,"age_75plus_missing":false,"age_quality_flag":"ok","data_completeness":"complete"}},{"type":"Feature","geometry":{"type":"Polygon","coordinates":[[[133.04375,33.97083333333334],[133.04999999999998,33.97083333333334],[133.04999999999998,33.97500000000001],[133.04375,33.97500000000001],[133.04375,33.97083333333334]]]},"properties":{"type":"Feature","mesh_id":"503370634","municipality_code":"38206","municipality":"西条市","total_population":82,"population_65plus":54,"population_75plus":22,"aging_rate_65plus":0.6585365853658537,"aging_rate_75plus":0.2682926829268293,"population_status":"1","population_status_target":null,"population_aggregation_target":"503370732","age_65plus_missing":false,"age_75plus_missing":false,"age_quality_flag":"ok","data_completeness":"complete"}},{"type":"Feature","geometry":{"type":"Polygon","coordinates":[[[133.05,33.96666666666667],[133.05625,33.96666666666667],[133.05625,33.97083333333334],[133.05,33.97083333333334],[133.05,33.96666666666667]]]},"properties":{"type":"Feature","mesh_id":"503370641","municipality_code":"38206","municipality":"西条市","total_population":37,"population_65plus":19,"population_75plus":9,"aging_rate_65plus":0.5135135135135135,"aging_rate_75plus":0.24324324324324326,"population_status":"0","population_status_target":null,"population_aggregation_target":null,"age_65plus_missing":false,"age_75plus_missing":false,"age_quality_flag":"ok","data_completeness":"complete"}},{"type":"Feature","geometry":{"type":"Polygon","coordinates":[[[133.05,33.97083333333334],[133.05625,33.97083333333334],[133.05625,33.97500000000001],[133.05,33.97500000000001],[133.05,33.97083333333334]]]},"properties":{"type":"Feature","mesh_id":"503370642","municipality_code":"38206","municipality":"西条市","total_population":40,"population_65plus":16,"population_75plus":14,"aging_rate_65plus":0.4,"aging_rate_75plus":0.35,"population_status":"0","population_status_target":null,"population_aggregation_target":null,"age_65plus_missing":false,"age_75plus_missing":false,"age_quality_flag":"ok","data_completeness":"complete"}},{"type":"Feature","geometry":{"type":"Polygon","coordinates":[[[133.05625,33.96666666666667],[133.0625,33.96666666666667],[133.0625,33.97083333333334],[133.05625,33.97083333333334],[133.05625,33.96666666666667]]]},"properties":{"type":"Feature","mesh_id":"503370643","municipality_code":"38206","municipality":"西条市","total_population":72,"population_65plus":37,"population_75plus":13,"aging_rate_65plus":0.5138888888888888,"aging_rate_75plus":0.18055555555555555,"population_status":"0","population_status_target":null,"population_aggregation_target":null,"age_65plus_missing":false,"age_75plus_missing":false,"age_quality_flag":"ok","data_completeness":"complete"}},{"type":"Feature","geometry":{"type":"Polygon","coordinates":[[[133.05625,33.97083333333334],[133.0625,33.97083333333334],[133.0625,33.97500000000001],[133.05625,33.97500000000001],[133.05625,33.97083333333334]]]},"properties":{"type":"Feature","mesh_id":"503370644","municipality_code":"38206","municipality":"西条市","total_population":64,"population_65plus":21,"population_75plus":16,"aging_rate_65plus":0.328125,"aging_rate_75plus":0.25,"population_status":"0","population_status_target":null,"population_aggregation_target":null,"age_65plus_missing":false,"age_75plus_missing":false,"age_quality_flag":"ok","data_completeness":"complete"}},{"type":"Feature","geometry":{"type":"Polygon","coordinates":[[[133.0625,33.96666666666667],[133.06875,33.96666666666667],[133.06875,33.97083333333334],[133.0625,33.97083333333334],[133.0625,33.96666666666667]]]},"properties":{"type":"Feature","mesh_id":"503370651","municipality_code":"38206","municipality":"西条市","total_population":461,"population_65plus":239,"population_75plus":125,"aging_rate_65plus":0.5184381778741866,"aging_rate_75plus":0.27114967462039047,"population_status":"0","population_status_target":null,"population_aggregation_target":null,"age_65plus_missing":false,"age_75plus_missing":false,"age_quality_flag":"ok","data_completeness":"complete"}},{"type":"Feature","geometry":{"type":"Polygon","coordinates":[[[133.06875,33.96666666666667],[133.075,33.96666666666667],[133.075,33.97083333333334],[133.06875,33.97083333333334],[133.06875,33.96666666666667]]]},"properties":{"type":"Feature","mesh_id":"503370653","municipality_code":"38206","municipality":"西条市","total_population":216,"population_65plus":116,"population_75plus":64,"aging_rate_65plus":0.5370370370370371,"aging_rate_75plus":0.2962962962962963,"population_status":"0","population_status_target":null,"population_aggregation_target":null,"age_65plus_missing":false,"age_75plus_missing":false,"age_quality_flag":"ok","data_completeness":"complete"}},{"type":"Feature","geometry":{"type":"Polygon","coordinates":[[[133.05,33.975],[133.05625,33.975],[133.05625,33.97916666666667],[133.05,33.97916666666667],[133.05,33.975]]]},"properties":{"type":"Feature","mesh_id":"503370741","municipality_code":"38206","municipality":"西条市","total_population":13,"population_65plus":null,"population_75plus":null,"aging_rate_65plus":null,"aging_rate_75plus":null,"population_status":"2","population_status_target":"503370742","population_aggregation_target":null,"age_65plus_missing":true,"age_75plus_missing":true,"age_quality_flag":"ok","data_completeness":"partial"}},{"type":"Feature","geometry":{"type":"Polygon","coordinates":[[[133.05,33.97916666666667],[133.05625,33.97916666666667],[133.05625,33.98333333333334],[133.05,33.98333333333334],[133.05,33.97916666666667]]]},"properties":{"type":"Feature","mesh_id":"503370742","municipality_code":"38206","municipality":"西条市","total_population":19,"population_65plus":15,"population_75plus":8,"aging_rate_65plus":0.7894736842105263,"aging_rate_75plus":0.42105263157894735,"population_status":"1","population_status_target":null,"population_aggregation_target":"503370741;503370744","age_65plus_missing":false,"age_75plus_missing":false,"age_quality_flag":"ok","data_completeness":"complete"}},{"type":"Feature","geometry":{"type":"Polygon","coordinates":[[[133.05625,33.97916666666667],[133.0625,33.97916666666667],[133.0625,33.98333333333334],[133.05625,33.98333333333334],[133.05625,33.97916666666667]]]},"properties":{"type":"Feature","mesh_id":"503370744","municipality_code":"38206","municipality":"西条市","total_population":2,"population_65plus":null,"population_75plus":null,"aging_rate_65plus":null,"aging_rate_75plus":null,"population_status":"2","population_status_target":"503370742","population_aggregation_target":null,"age_65plus_missing":true,"age_75plus_missing":true,"age_quality_flag":"ok","data_completeness":"partial"}},{"type":"Feature","geometry":{"type":"Polygon","coordinates":[[[133.125,33.91666666666667],[133.13125,33.91666666666667],[133.13125,33.92083333333334],[133.125,33.92083333333334],[133.125,33.91666666666667]]]},"properties":{"type":"Feature","mesh_id":"503371001","municipality_code":"38206","municipality":"西条市","total_population":32,"population_65plus":16,"population_75plus":6,"aging_rate_65plus":0.5,"aging_rate_75plus":0.1875,"population_status":"0","population_status_target":null,"population_aggregation_target":null,"age_65plus_missing":false,"age_75plus_missing":false,"age_quality_flag":"ok","data_completeness":"complete"}},{"type":"Feature","geometry":{"type":"Polygon","coordinates":[[[133.125,33.92083333333334],[133.13125,33.92083333333334],[133.13125,33.92500000000001],[133.125,33.92500000000001],[133.125,33.92083333333334]]]},"properties":{"type":"Feature","mesh_id":"503371002","municipality_code":"38206","municipality":"西条市","total_population":109,"population_65plus":44,"population_75plus":25,"aging_rate_65plus":0.4036697247706422,"aging_rate_75plus":0.22935779816513763,"population_status":"0","population_status_target":null,"population_aggregation_target":null,"age_65plus_missing":false,"age_75plus_missing":false,"age_quality_flag":"ok","data_completeness":"complete"}},{"type":"Feature","geometry":{"type":"Polygon","coordinates":[[[133.13125,33.91666666666667],[133.1375,33.91666666666667],[133.1375,33.92083333333334],[133.13125,33.92083333333334],[133.13125,33.91666666666667]]]},"properties":{"type":"Feature","mesh_id":"503371003","municipality_code":"38206","municipality":"西条市","total_population":5,"population_65plus":null,"population_75plus":null,"aging_rate_65plus":null,"aging_rate_75plus":null,"population_status":"2","population_status_target":"503371004","population_aggregation_target":null,"age_65plus_missing":true,"age_75plus_missing":true,"age_quality_flag":"ok","data_completeness":"partial"}},{"type":"Feature","geometry":{"type":"Polygon","coordinates":[[[133.13125,33.92083333333334],[133.1375,33.92083333333334],[133.1375,33.92500000000001],[133.13125,33.92500000000001],[133.13125,33.92083333333334]]]},"properties":{"type":"Feature","mesh_id":"503371004","municipality_code":"38206","municipality":"西条市","total_population":79,"population_65plus":40,"population_75plus":22,"aging_rate_65plus":0.5063291139240507,"aging_rate_75plus":0.27848101265822783,"population_status":"1","population_status_target":null,"population_aggregation_target":"503371003","age_65plus_missing":false,"age_75plus_missing":false,"age_quality_flag":"ok","data_completeness":"complete"}},{"type":"Feature","geometry":{"type":"Polygon","coordinates":[[[133.1375,33.92083333333334],[133.14374999999998,33.92083333333334],[133.14374999999998,33.92500000000001],[133.1375,33.92500000000001],[133.1375,33.92083333333334]]]},"properties":{"type":"Feature","mesh_id":"503371012","municipality_code":"38206","municipality":"西条市","total_population":174,"population_65plus":67,"population_75plus":39,"aging_rate_65plus":0.3850574712643678,"aging_rate_75plus":0.22413793103448276,"population_status":"0","population_status_target":null,"population_aggregation_target":null,"age_65plus_missing":false,"age_75plus_missing":false,"age_quality_flag":"ok","data_completeness":"complete"}},{"type":"Feature","geometry":{"type":"Polygon","coordinates":[[[133.15,33.91666666666667],[133.15625,33.91666666666667],[133.15625,33.92083333333334],[133.15,33.92083333333334],[133.15,33.91666666666667]]]},"properties":{"type":"Feature","mesh_id":"503371021","municipality_code":"38206","municipality":"西条市","total_population":15,"population_65plus":7,"population_75plus":2,"aging_rate_65plus":0.4666666666666667,"aging_rate_75plus":0.13333333333333333,"population_status":"0","population_status_target":null,"population_aggregation_target":null,"age_65plus_missing":false,"age_75plus_missing":false,"age_quality_flag":"ok","data_completeness":"complete"}},{"type":"Feature","geometry":{"type":"Polygon","coordinates":[[[133.15,33.92083333333334],[133.15625,33.92083333333334],[133.15625,33.92500000000001],[133.15,33.92500000000001],[133.15,33.92083333333334]]]},"properties":{"type":"Feature","mesh_id":"503371022","municipality_code":"38206","municipality":"西条市","total_population":116,"population_65plus":43,"population_75plus":20,"aging_rate_65plus":0.3706896551724138,"aging_rate_75plus":0.1724137931034483,"population_status":"0","population_status_target":null,"population_aggregation_target":null,"age_65plus_missing":false,"age_75plus_missing":false,"age_quality_flag":"ok","data_completeness":"complete"}},{"type":"Feature","geometry":{"type":"Polygon","coordinates":[[[133.15625,33.92083333333334],[133.1625,33.92083333333334],[133.1625,33.92500000000001],[133.15625,33.92500000000001],[133.15625,33.92083333333334]]]},"properties":{"type":"Feature","mesh_id":"503371024","municipality_code":"38206","municipality":"西条市","total_population":25,"population_65plus":6,"population_75plus":2,"aging_rate_65plus":0.24,"aging_rate_75plus":0.08,"population_status":"0","population_status_target":null,"population_aggregation_target":null,"age_65plus_missing":false,"age_75plus_missing":false,"age_quality_flag":"ok","data_completeness":"complete"}},{"type":"Feature","geometry":{"type":"Polygon","coordinates":[[[133.1625,33.91666666666667],[133.16875,33.91666666666667],[133.16875,33.92083333333334],[133.1625,33.92083333333334],[133.1625,33.91666666666667]]]},"properties":{"type":"Feature","mesh_id":"503371031","municipality_code":"38206","municipality":"西条市","total_population":1506,"population_65plus":268,"population_75plus":116,"aging_rate_65plus":0.17795484727755645,"aging_rate_75plus":0.07702523240371846,"population_status":"0","population_status_target":null,"population_aggregation_target":null,"age_65plus_missing":false,"age_75plus_missing":false,"age_quality_flag":"ok","data_completeness":"complete"}},{"type":"Feature","geometry":{"type":"Polygon","coordinates":[[[133.1625,33.92083333333334],[133.16875,33.92083333333334],[133.16875,33.92500000000001],[133.1625,33.92500000000001],[133.1625,33.92083333333334]]]},"properties":{"type":"Feature","mesh_id":"503371032","municipality_code":"38206","municipality":"西条市","total_population":1159,"population_65plus":267,"population_75plus":147,"aging_rate_65plus":0.23037100949094047,"aging_rate_75plus":0.12683347713546161,"population_status":"0","population_status_target":null,"population_aggregation_target":null,"age_65plus_missing":false,"age_75plus_missing":false,"age_quality_flag":"ok","data_completeness":"complete"}},{"type":"Feature","geometry":{"type":"Polygon","coordinates":[[[133.16875,33.91666666666667],[133.17499999999998,33.91666666666667],[133.17499999999998,33.92083333333334],[133.16875,33.92083333333334],[133.16875,33.91666666666667]]]},"properties":{"type":"Feature","mesh_id":"503371033","municipality_code":"38206","municipality":"西条市","total_population":647,"population_65plus":111,"population_75plus":49,"aging_rate_65plus":0.17156105100463678,"aging_rate_75plus":0.07573415765069552,"population_status":"0","population_status_target":null,"population_aggregation_target":null,"age_65plus_missing":false,"age_75plus_missing":false,"age_quality_flag":"ok","data_completeness":"complete"}},{"type":"Feature","geometry":{"type":"Polygon","coordinates":[[[133.16875,33.92083333333334],[133.17499999999998,33.92083333333334],[133.17499999999998,33.92500000000001],[133.16875,33.92500000000001],[133.16875,33.92083333333334]]]},"properties":{"type":"Feature","mesh_id":"503371034","municipality_code":"38206","municipality":"西条市","total_population":886,"population_65plus":146,"population_75plus":68,"aging_rate_65plus":0.16478555304740405,"aging_rate_75plus":0.07674943566591422,"population_status":"0","population_status_target":null,"population_aggregation_target":null,"age_65plus_missing":false,"age_75plus_missing":false,"age_quality_flag":"ok","data_completeness":"complete"}},{"type":"Feature","geometry":{"type":"Polygon","coordinates":[[[133.175,33.91666666666667],[133.18125,33.91666666666667],[133.18125,33.92083333333334],[133.175,33.92083333333334],[133.175,33.91666666666667]]]},"properties":{"type":"Feature","mesh_id":"503371041","municipality_code":"38206","municipality":"西条市","total_population":867,"population_65plus":257,"population_75plus":131,"aging_rate_65plus":0.2964244521337947,"aging_rate_75plus":0.1510957324106113,"population_status":"0","population_status_target":null,"population_aggregation_target":null,"age_65plus_missing":false,"age_75plus_missing":false,"age_quality_flag":"ok","data_completeness":"complete"}},{"type":"Feature","geometry":{"type":"Polygon","coordinates":[[[133.175,33.92083333333334],[133.18125,33.92083333333334],[133.18125,33.92500000000001],[133.175,33.92500000000001],[133.175,33.92083333333334]]]},"properties":{"type":"Feature","mesh_id":"503371042","municipality_code":"38206","municipality":"西条市","total_population":1420,"population_65plus":415,"population_75plus":220,"aging_rate_65plus":0.29225352112676056,"aging_rate_75plus":0.15492957746478872,"population_status":"0","population_status_target":null,"population_aggregation_target":null,"age_65plus_missing":false,"age_75plus_missing":false,"age_quality_flag":"ok","data_completeness":"complete"}},{"type":"Feature","geometry":{"type":"Polygon","coordinates":[[[133.18125,33.91666666666667],[133.1875,33.91666666666667],[133.1875,33.92083333333334],[133.18125,33.92083333333334],[133.18125,33.91666666666667]]]},"properties":{"type":"Feature","mesh_id":"503371043","municipality_code":"38206","municipality":"西条市","total_population":1149,"population_65plus":378,"population_75plus":214,"aging_rate_65plus":0.3289817232375979,"aging_rate_75plus":0.18624891209747607,"population_status":"0","population_status_target":null,"population_aggregation_target":null,"age_65plus_missing":false,"age_75plus_missing":false,"age_quality_flag":"ok","data_completeness":"complete"}},{"type":"Feature","geometry":{"type":"Polygon","coordinates":[[[133.18125,33.92083333333334],[133.1875,33.92083333333334],[133.1875,33.92500000000001],[133.18125,33.92500000000001],[133.18125,33.92083333333334]]]},"properties":{"type":"Feature","mesh_id":"503371044","municipality_code":"38206","municipality":"西条市","total_population":1154,"population_65plus":275,"population_75plus":166,"aging_rate_65plus":0.23830155979202772,"aging_rate_75plus":0.1438474870017331,"population_status":"0","population_status_target":null,"population_aggregation_target":null,"age_65plus_missing":false,"age_75plus_missing":false,"age_quality_flag":"ok","data_completeness":"complete"}},{"type":"Feature","geometry":{"type":"Polygon","coordinates":[[[133.1875,33.91666666666667],[133.19375,33.91666666666667],[133.19375,33.92083333333334],[133.1875,33.92083333333334],[133.1875,33.91666666666667]]]},"properties":{"type":"Feature","mesh_id":"503371051","municipality_code":"38206","municipality":"西条市","total_population":1036,"population_65plus":261,"population_75plus":133,"aging_rate_65plus":0.2519305019305019,"aging_rate_75plus":0.12837837837837837,"population_status":"0","population_status_target":null,"population_aggregation_target":null,"age_65plus_missing":false,"age_75plus_missing":false,"age_quality_flag":"ok","data_completeness":"complete"}},{"type":"Feature","geometry":{"type":"Polygon","coordinates":[[[133.1875,33.92083333333334],[133.19375,33.92083333333334],[133.19375,33.92500000000001],[133.1875,33.92500000000001],[133.1875,33.92083333333334]]]},"properties":{"type":"Feature","mesh_id":"503371052","municipality_code":"38206","municipality":"西条市","total_population":600,"population_65plus":190,"population_75plus":88,"aging_rate_65plus":0.31666666666666665,"aging_rate_75plus":0.14666666666666667,"population_status":"0","population_status_target":null,"population_aggregation_target":null,"age_65plus_missing":false,"age_75plus_missing":false,"age_quality_flag":"ok","data_completeness":"complete"}},{"type":"Feature","geometry":{"type":"Polygon","coordinates":[[[133.19375,33.91666666666667],[133.2,33.91666666666667],[133.2,33.92083333333334],[133.19375,33.92083333333334],[133.19375,33.91666666666667]]]},"properties":{"type":"Feature","mesh_id":"503371053","municipality_code":"38206","municipality":"西条市","total_population":823,"population_65plus":139,"population_75plus":54,"aging_rate_65plus":0.16889428918590524,"aging_rate_75plus":0.06561360874848117,"population_status":"0","population_status_target":null,"population_aggregation_target":null,"age_65plus_missing":false,"age_75plus_missing":false,"age_quality_flag":"ok","data_completeness":"complete"}},{"type":"Feature","geometry":{"type":"Polygon","coordinates":[[[133.19375,33.92083333333334],[133.2,33.92083333333334],[133.2,33.92500000000001],[133.19375,33.92500000000001],[133.19375,33.92083333333334]]]},"properties":{"type":"Feature","mesh_id":"503371054","municipality_code":"38206","municipality":"西条市","total_population":449,"population_65plus":140,"population_75plus":79,"aging_rate_65plus":0.311804008908686,"aging_rate_75plus":0.1759465478841871,"population_status":"0","population_status_target":null,"population_aggregation_target":null,"age_65plus_missing":false,"age_75plus_missing":false,"age_quality_flag":"ok","data_completeness":"complete"}},{"type":"Feature","geometry":{"type":"Polygon","coordinates":[[[133.2,33.91666666666667],[133.20624999999998,33.91666666666667],[133.20624999999998,33.92083333333334],[133.2,33.92083333333334],[133.2,33.91666666666667]]]},"properties":{"type":"Feature","mesh_id":"503371061","municipality_code":"38206","municipality":"西条市","total_population":127,"population_65plus":33,"population_75plus":16,"aging_rate_65plus":0.25984251968503935,"aging_rate_75plus":0.12598425196850394,"population_status":"0","population_status_target":null,"population_aggregation_target":null,"age_65plus_missing":false,"age_75plus_missing":false,"age_quality_flag":"ok","data_completeness":"complete"}},{"type":"Feature","geometry":{"type":"Polygon","coordinates":[[[133.2,33.92083333333334],[133.20624999999998,33.92083333333334],[133.20624999999998,33.92500000000001],[133.2,33.92500000000001],[133.2,33.92083333333334]]]},"properties":{"type":"Feature","mesh_id":"503371062","municipality_code":"38206","municipality":"西条市","total_population":203,"population_65plus":58,"population_75plus":33,"aging_rate_65plus":0.2857142857142857,"aging_rate_75plus":0.1625615763546798,"population_status":"0","population_status_target":null,"population_aggregation_target":null,"age_65plus_missing":false,"age_75plus_missing":false,"age_quality_flag":"ok","data_completeness":"complete"}},{"type":"Feature","geometry":{"type":"Polygon","coordinates":[[[133.20624999999998,33.91666666666667],[133.21249999999998,33.91666666666667],[133.21249999999998,33.92083333333334],[133.20624999999998,33.92083333333334],[133.20624999999998,33.91666666666667]]]},"properties":{"type":"Feature","mesh_id":"503371063","municipality_code":"38206","municipality":"西条市","total_population":288,"population_65plus":66,"population_75plus":32,"aging_rate_65plus":0.22916666666666666,"aging_rate_75plus":0.1111111111111111,"population_status":"0","population_status_target":null,"population_aggregation_target":null,"age_65plus_missing":false,"age_75plus_missing":false,"age_quality_flag":"ok","data_completeness":"complete"}},{"type":"Feature","geometry":{"type":"Polygon","coordinates":[[[133.20624999999998,33.92083333333334],[133.21249999999998,33.92083333333334],[133.21249999999998,33.92500000000001],[133.20624999999998,33.92500000000001],[133.20624999999998,33.92083333333334]]]},"properties":{"type":"Feature","mesh_id":"503371064","municipality_code":"38206","municipality":"西条市","total_population":99,"population_65plus":24,"population_75plus":15,"aging_rate_65plus":0.24242424242424243,"aging_rate_75plus":0.15151515151515152,"population_status":"0","population_status_target":null,"population_aggregation_target":null,"age_65plus_missing":false,"age_75plus_missing":false,"age_quality_flag":"ok","data_completeness":"complete"}},{"type":"Feature","geometry":{"type":"Polygon","coordinates":[[[133.2125,33.91666666666667],[133.21875,33.91666666666667],[133.21875,33.92083333333334],[133.2125,33.92083333333334],[133.2125,33.91666666666667]]]},"properties":{"type":"Feature","mesh_id":"503371071","municipality_code":"38206","municipality":"西条市","total_population":353,"population_65plus":123,"population_75plus":55,"aging_rate_65plus":0.34844192634560905,"aging_rate_75plus":0.1558073654390935,"population_status":"0","population_status_target":null,"population_aggregation_target":null,"age_65plus_missing":false,"age_75plus_missing":false,"age_quality_flag":"ok","data_completeness":"complete"}},{"type":"Feature","geometry":{"type":"Polygon","coordinates":[[[133.2125,33.92083333333334],[133.21875,33.92083333333334],[133.21875,33.92500000000001],[133.2125,33.92500000000001],[133.2125,33.92083333333334]]]},"properties":{"type":"Feature","mesh_id":"503371072","municipality_code":"38206","municipality":"西条市","total_population":332,"population_65plus":120,"population_75plus":55,"aging_rate_65plus":0.3614457831325301,"aging_rate_75plus":0.16566265060240964,"population_status":"0","population_status_target":null,"population_aggregation_target":null,"age_65plus_missing":false,"age_75plus_missing":false,"age_quality_flag":"ok","data_completeness":"complete"}},{"type":"Feature","geometry":{"type":"Polygon","coordinates":[[[133.21875,33.91666666666667],[133.225,33.91666666666667],[133.225,33.92083333333334],[133.21875,33.92083333333334],[133.21875,33.91666666666667]]]},"properties":{"type":"Feature","mesh_id":"503371073","municipality_code":"38206","municipality":"西条市","total_population":378,"population_65plus":119,"population_75plus":62,"aging_rate_65plus":0.3148148148148148,"aging_rate_75plus":0.164021164021164,"population_status":"0","population_status_target":null,"population_aggregation_target":null,"age_65plus_missing":false,"age_75plus_missing":false,"age_quality_flag":"ok","data_completeness":"complete"}},{"type":"Feature","geometry":{"type":"Polygon","coordinates":[[[133.21875,33.92083333333334],[133.225,33.92083333333334],[133.225,33.92500000000001],[133.21875,33.92500000000001],[133.21875,33.92083333333334]]]},"properties":{"type":"Feature","mesh_id":"503371074","municipality_code":"38206","municipality":"西条市","total_population":315,"population_65plus":112,"population_75plus":48,"aging_rate_65plus":0.35555555555555557,"aging_rate_75plus":0.1523809523809524,"population_status":"0","population_status_target":null,"population_aggregation_target":null,"age_65plus_missing":false,"age_75plus_missing":false,"age_quality_flag":"ok","data_completeness":"complete"}},{"type":"Feature","geometry":{"type":"Polygon","coordinates":[[[133.225,33.91666666666667],[133.23125,33.91666666666667],[133.23125,33.92083333333334],[133.225,33.92083333333334],[133.225,33.91666666666667]]]},"properties":{"type":"Feature","mesh_id":"503371081","municipality_code":"38206","municipality":"西条市","total_population":352,"population_65plus":99,"population_75plus":38,"aging_rate_65plus":0.28125,"aging_rate_75plus":0.10795454545454546,"population_status":"0","population_status_target":null,"population_aggregation_target":null,"age_65plus_missing":false,"age_75plus_missing":false,"age_quality_flag":"ok","data_completeness":"complete"}},{"type":"Feature","geometry":{"type":"Polygon","coordinates":[[[133.225,33.92083333333334],[133.23125,33.92083333333334],[133.23125,33.92500000000001],[133.225,33.92500000000001],[133.225,33.92083333333334]]]},"properties":{"type":"Feature","mesh_id":"503371082","municipality_code":"38206","municipality":"西条市","total_population":207,"population_65plus":71,"population_75plus":39,"aging_rate_65plus":0.34299516908212563,"aging_rate_75plus":0.18840579710144928,"population_status":"0","population_status_target":null,"population_aggregation_target":null,"age_65plus_missing":false,"age_75plus_missing":false,"age_quality_flag":"ok","data_completeness":"complete"}},{"type":"Feature","geometry":{"type":"Polygon","coordinates":[[[133.23125,33.91666666666667],[133.23749999999998,33.91666666666667],[133.23749999999998,33.92083333333334],[133.23125,33.92083333333334],[133.23125,33.91666666666667]]]},"properties":{"type":"Feature","mesh_id":"503371083","municipality_code":"38206","municipality":"西条市","total_population":33,"population_65plus":9,"population_75plus":4,"aging_rate_65plus":0.2727272727272727,"aging_rate_75plus":0.12121212121212122,"population_status":"0","population_status_target":null,"population_aggregation_target":null,"age_65plus_missing":false,"age_75plus_missing":false,"age_quality_flag":"ok","data_completeness":"complete"}},{"type":"Feature","geometry":{"type":"Polygon","coordinates":[[[133.23125,33.92083333333334],[133.23749999999998,33.92083333333334],[133.23749999999998,33.92500000000001],[133.23125,33.92500000000001],[133.23125,33.92083333333334]]]},"properties":{"type":"Feature","mesh_id":"503371084","municipality_code":"38206","municipality":"西条市","total_population":466,"population_65plus":207,"population_75plus":80,"aging_rate_65plus":0.44420600858369097,"aging_rate_75plus":0.17167381974248927,"population_status":"0","population_status_target":null,"population_aggregation_target":null,"age_65plus_missing":false,"age_75plus_missing":false,"age_quality_flag":"ok","data_completeness":"complete"}},{"type":"Feature","geometry":{"type":"Polygon","coordinates":[[[133.2375,33.91666666666667],[133.24375,33.91666666666667],[133.24375,33.92083333333334],[133.2375,33.92083333333334],[133.2375,33.91666666666667]]]},"properties":{"type":"Feature","mesh_id":"503371091","municipality_code":"38206","municipality":"西条市","total_population":257,"population_65plus":79,"population_75plus":35,"aging_rate_65plus":0.30739299610894943,"aging_rate_75plus":0.13618677042801555,"population_status":"0","population_status_target":null,"population_aggregation_target":null,"age_65plus_missing":false,"age_75plus_missing":false,"age_quality_flag":"ok","data_completeness":"complete"}},{"type":"Feature","geometry":{"type":"Polygon","coordinates":[[[133.2375,33.92083333333334],[133.24375,33.92083333333334],[133.24375,33.92500000000001],[133.2375,33.92500000000001],[133.2375,33.92083333333334]]]},"properties":{"type":"Feature","mesh_id":"503371092","municipality_code":"38206","municipality":"西条市","total_population":329,"population_65plus":105,"population_75plus":46,"aging_rate_65plus":0.3191489361702128,"aging_rate_75plus":0.1398176291793313,"population_status":"0","population_status_target":null,"population_aggregation_target":null,"age_65plus_missing":false,"age_75plus_missing":false,"age_quality_flag":"ok","data_completeness":"complete"}},{"type":"Feature","geometry":{"type":"Polygon","coordinates":[[[133.15,33.925000000000004],[133.15625,33.925000000000004],[133.15625,33.929166666666674],[133.15,33.929166666666674],[133.15,33.925000000000004]]]},"properties":{"type":"Feature","mesh_id":"503371121","municipality_code":"38206","municipality":"西条市","total_population":99,"population_65plus":27,"population_75plus":12,"aging_rate_65plus":0.2727272727272727,"aging_rate_75plus":0.12121212121212122,"population_status":"0","population_status_target":null,"population_aggregation_target":null,"age_65plus_missing":false,"age_75plus_missing":false,"age_quality_flag":"ok","data_completeness":"complete"}},{"type":"Feature","geometry":{"type":"Polygon","coordinates":[[[133.15,33.929166666666674],[133.15625,33.929166666666674],[133.15625,33.933333333333344],[133.15,33.933333333333344],[133.15,33.929166666666674]]]},"properties":{"type":"Feature","mesh_id":"503371122","municipality_code":"38206","municipality":"西条市","total_population":64,"population_65plus":20,"population_75plus":12,"aging_rate_65plus":0.3125,"aging_rate_75plus":0.1875,"population_status":"0","population_status_target":null,"population_aggregation_target":null,"age_65plus_missing":false,"age_75plus_missing":false,"age_quality_flag":"ok","data_completeness":"complete"}},{"type":"Feature","geometry":{"type":"Polygon","coordinates":[[[133.15625,33.929166666666674],[133.1625,33.929166666666674],[133.1625,33.933333333333344],[133.15625,33.933333333333344],[133.15625,33.929166666666674]]]},"properties":{"type":"Feature","mesh_id":"503371124","municipality_code":"38206","municipality":"西条市","total_population":81,"population_65plus":40,"population_75plus":16,"aging_rate_65plus":0.49382716049382713,"aging_rate_75plus":0.19753086419753085,"population_status":"0","population_status_target":null,"population_aggregation_target":null,"age_65plus_missing":false,"age_75plus_missing":false,"age_quality_flag":"ok","data_completeness":"complete"}},{"type":"Feature","geometry":{"type":"Polygon","coordinates":[[[133.1625,33.925000000000004],[133.16875,33.925000000000004],[133.16875,33.929166666666674],[133.1625,33.929166666666674],[133.1625,33.925000000000004]]]},"properties":{"type":"Feature","mesh_id":"503371131","municipality_code":"38206","municipality":"西条市","total_population":81,"population_65plus":20,"population_75plus":9,"aging_rate_65plus":0.24691358024691357,"aging_rate_75plus":0.1111111111111111,"population_status":"0","population_status_target":null,"population_aggregation_target":null,"age_65plus_missing":false,"age_75plus_missing":false,"age_quality_flag":"ok","data_completeness":"complete"}},{"type":"Feature","geometry":{"type":"Polygon","coordinates":[[[133.1625,33.929166666666674],[133.16875,33.929166666666674],[133.16875,33.933333333333344],[133.1625,33.933333333333344],[133.1625,33.929166666666674]]]},"properties":{"type":"Feature","mesh_id":"503371132","municipality_code":"38206","municipality":"西条市","total_population":314,"population_65plus":64,"population_75plus":26,"aging_rate_65plus":0.20382165605095542,"aging_rate_75plus":0.08280254777070063,"population_status":"0","population_status_target":null,"population_aggregation_target":null,"age_65plus_missing":false,"age_75plus_missing":false,"age_quality_flag":"ok","data_completeness":"complete"}},{"type":"Feature","geometry":{"type":"Polygon","coordinates":[[[133.16875,33.925000000000004],[133.17499999999998,33.925000000000004],[133.17499999999998,33.929166666666674],[133.16875,33.929166666666674],[133.16875,33.925000000000004]]]},"properties":{"type":"Feature","mesh_id":"503371133","municipality_code":"38206","municipality":"西条市","total_population":145,"population_65plus":57,"population_75plus":28,"aging_rate_65plus":0.3931034482758621,"aging_rate_75plus":0.19310344827586207,"population_status":"0","population_status_target":null,"population_aggregation_target":null,"age_65plus_missing":false,"age_75plus_missing":false,"age_quality_flag":"ok","data_completeness":"complete"}},{"type":"Feature","geometry":{"type":"Polygon","coordinates":[[[133.175,33.925000000000004],[133.18125,33.925000000000004],[133.18125,33.929166666666674],[133.175,33.929166666666674],[133.175,33.925000000000004]]]},"properties":{"type":"Feature","mesh_id":"503371141","municipality_code":"38206","municipality":"西条市","total_population":1779,"population_65plus":278,"population_75plus":118,"aging_rate_65plus":0.15626756604834177,"aging_rate_75plus":0.06632939853850478,"population_status":"0","population_status_target":null,"population_aggregation_target":null,"age_65plus_missing":false,"age_75plus_missing":false,"age_quality_flag":"ok","data_completeness":"complete"}},{"type":"Feature","geometry":{"type":"Polygon","coordinates":[[[133.175,33.929166666666674],[133.18125,33.929166666666674],[133.18125,33.933333333333344],[133.175,33.933333333333344],[133.175,33.929166666666674]]]},"properties":{"type":"Feature","mesh_id":"503371142","municipality_code":"38206","municipality":"西条市","total_population":569,"population_65plus":91,"population_75plus":45,"aging_rate_65plus":0.15992970123022848,"aging_rate_75plus":0.07908611599297012,"population_status":"0","population_status_target":null,"population_aggregation_target":null,"age_65plus_missing":false,"age_75plus_missing":false,"age_quality_flag":"ok","data_completeness":"complete"}},{"type":"Feature","geometry":{"type":"Polygon","coordinates":[[[133.18125,33.925000000000004],[133.1875,33.925000000000004],[133.1875,33.929166666666674],[133.18125,33.929166666666674],[133.18125,33.925000000000004]]]},"properties":{"type":"Feature","mesh_id":"503371143","municipality_code":"38206","municipality":"西条市","total_population":185,"population_65plus":168,"population_75plus":142,"aging_rate_65plus":0.9081081081081082,"aging_rate_75plus":0.7675675675675676,"population_status":"0","population_status_target":null,"population_aggregation_target":null,"age_65plus_missing":false,"age_75plus_missing":false,"age_quality_flag":"ok","data_completeness":"complete"}},{"type":"Feature","geometry":{"type":"Polygon","coordinates":[[[133.18125,33.929166666666674],[133.1875,33.929166666666674],[133.1875,33.933333333333344],[133.18125,33.933333333333344],[133.18125,33.929166666666674]]]},"properties":{"type":"Feature","mesh_id":"503371144","municipality_code":"38206","municipality":"西条市","total_population":293,"population_65plus":18,"population_75plus":7,"aging_rate_65plus":0.06143344709897611,"aging_rate_75plus":0.023890784982935155,"population_status":"0","population_status_target":null,"population_aggregation_target":null,"age_65plus_missing":false,"age_75plus_missing":false,"age_quality_flag":"ok","data_completeness":"complete"}},{"type":"Feature","geometry":{"type":"Polygon","coordinates":[[[133.1875,33.925000000000004],[133.19375,33.925000000000004],[133.19375,33.929166666666674],[133.1875,33.929166666666674],[133.1875,33.925000000000004]]]},"properties":{"type":"Feature","mesh_id":"503371151","municipality_code":"38206","municipality":"西条市","total_population":504,"population_65plus":175,"population_75plus":147,"aging_rate_65plus":0.3472222222222222,"aging_rate_75plus":0.2916666666666667,"population_status":"0","population_status_target":null,"population_aggregation_target":null,"age_65plus_missing":false,"age_75plus_missing":false,"age_quality_flag":"ok","data_completeness":"complete"}},{"type":"Feature","geometry":{"type":"Polygon","coordinates":[[[133.1875,33.929166666666674],[133.19375,33.929166666666674],[133.19375,33.933333333333344],[133.1875,33.933333333333344],[133.1875,33.929166666666674]]]},"properties":{"type":"Feature","mesh_id":"503371152","municipality_code":"38206","municipality":"西条市","total_population":279,"population_65plus":64,"population_75plus":28,"aging_rate_65plus":0.22939068100358423,"aging_rate_75plus":0.1003584229390681,"population_status":"0","population_status_target":null,"population_aggregation_target":null,"age_65plus_missing":false,"age_75plus_missing":false,"age_quality_flag":"ok","data_completeness":"complete"}},{"type":"Feature","geometry":{"type":"Polygon","coordinates":[[[133.19375,33.925000000000004],[133.2,33.925000000000004],[133.2,33.929166666666674],[133.19375,33.929166666666674],[133.19375,33.925000000000004]]]},"properties":{"type":"Feature","mesh_id":"503371153","municipality_code":"38206","municipality":"西条市","total_population":187,"population_65plus":29,"population_75plus":20,"aging_rate_65plus":0.15508021390374332,"aging_rate_75plus":0.10695187165775401,"population_status":"0","population_status_target":null,"population_aggregation_target":null,"age_65plus_missing":false,"age_75plus_missing":false,"age_quality_flag":"ok","data_completeness":"complete"}},{"type":"Feature","geometry":{"type":"Polygon","coordinates":[[[133.19375,33.929166666666674],[133.2,33.929166666666674],[133.2,33.933333333333344],[133.19375,33.933333333333344],[133.19375,33.929166666666674]]]},"properties":{"type":"Feature","mesh_id":"503371154","municipality_code":"38206","municipality":"西条市","total_population":517,"population_65plus":147,"population_75plus":71,"aging_rate_65plus":0.28433268858800775,"aging_rate_75plus":0.13733075435203096,"population_status":"0","population_status_target":null,"population_aggregation_target":null,"age_65plus_missing":false,"age_75plus_missing":false,"age_quality_flag":"ok","data_completeness":"complete"}},{"type":"Feature","geometry":{"type":"Polygon","coordinates":[[[133.2,33.925000000000004],[133.20624999999998,33.925000000000004],[133.20624999999998,33.929166666666674],[133.2,33.929166666666674],[133.2,33.925000000000004]]]},"properties":{"type":"Feature","mesh_id":"503371161","municipality_code":"38206","municipality":"西条市","total_population":347,"population_65plus":60,"population_75plus":28,"aging_rate_65plus":0.1729106628242075,"aging_rate_75plus":0.08069164265129683,"population_status":"0","population_status_target":null,"population_aggregation_target":null,"age_65plus_missing":false,"age_75plus_missing":false,"age_quality_flag":"ok","data_completeness":"complete"}},{"type":"Feature","geometry":{"type":"Polygon","coordinates":[[[133.2,33.929166666666674],[133.20624999999998,33.929166666666674],[133.20624999999998,33.933333333333344],[133.2,33.933333333333344],[133.2,33.929166666666674]]]},"properties":{"type":"Feature","mesh_id":"503371162","municipality_code":"38206","municipality":"西条市","total_population":346,"population_65plus":111,"population_75plus":52,"aging_rate_65plus":0.3208092485549133,"aging_rate_75plus":0.15028901734104047,"population_status":"0","population_status_target":null,"population_aggregation_target":null,"age_65plus_missing":false,"age_75plus_missing":false,"age_quality_flag":"ok","data_completeness":"complete"}},{"type":"Feature","geometry":{"type":"Polygon","coordinates":[[[133.20624999999998,33.925000000000004],[133.21249999999998,33.925000000000004],[133.21249999999998,33.929166666666674],[133.20624999999998,33.929166666666674],[133.20624999999998,33.925000000000004]]]},"properties":{"type":"Feature","mesh_id":"503371163","municipality_code":"38206","municipality":"西条市","total_population":604,"population_65plus":109,"population_75plus":42,"aging_rate_65plus":0.1804635761589404,"aging_rate_75plus":0.0695364238410596,"population_status":"0","population_status_target":null,"population_aggregation_target":null,"age_65plus_missing":false,"age_75plus_missing":false,"age_quality_flag":"ok","data_completeness":"complete"}},{"type":"Feature","geometry":{"type":"Polygon","coordinates":[[[133.20624999999998,33.929166666666674],[133.21249999999998,33.929166666666674],[133.21249999999998,33.933333333333344],[133.20624999999998,33.933333333333344],[133.20624999999998,33.929166666666674]]]},"properties":{"type":"Feature","mesh_id":"503371164","municipality_code":"38206","municipality":"西条市","total_population":581,"population_65plus":145,"population_75plus":47,"aging_rate_65plus":0.2495697074010327,"aging_rate_75plus":0.08089500860585198,"population_status":"0","population_status_target":null,"population_aggregation_target":null,"age_65plus_missing":false,"age_75plus_missing":false,"age_quality_flag":"ok","data_completeness":"complete"}},{"type":"Feature","geometry":{"type":"Polygon","coordinates":[[[133.2125,33.925000000000004],[133.21875,33.925000000000004],[133.21875,33.929166666666674],[133.2125,33.929166666666674],[133.2125,33.925000000000004]]]},"properties":{"type":"Feature","mesh_id":"503371171","municipality_code":"38206","municipality":"西条市","total_population":354,"population_65plus":108,"population_75plus":51,"aging_rate_65plus":0.3050847457627119,"aging_rate_75plus":0.1440677966101695,"population_status":"0","population_status_target":null,"population_aggregation_target":null,"age_65plus_missing":false,"age_75plus_missing":false,"age_quality_flag":"ok","data_completeness":"complete"}},{"type":"Feature","geometry":{"type":"Polygon","coordinates":[[[133.2125,33.929166666666674],[133.21875,33.929166666666674],[133.21875,33.933333333333344],[133.2125,33.933333333333344],[133.2125,33.929166666666674]]]},"properties":{"type":"Feature","mesh_id":"503371172","municipality_code":"38206","municipality":"西条市","total_population":119,"population_65plus":18,"population_75plus":8,"aging_rate_65plus":0.15126050420168066,"aging_rate_75plus":0.06722689075630252,"population_status":"0","population_status_target":null,"population_aggregation_target":null,"age_65plus_missing":false,"age_75plus_missing":false,"age_quality_flag":"ok","data_completeness":"complete"}},{"type":"Feature","geometry":{"type":"Polygon","coordinates":[[[133.21875,33.925000000000004],[133.225,33.925000000000004],[133.225,33.929166666666674],[133.21875,33.929166666666674],[133.21875,33.925000000000004]]]},"properties":{"type":"Feature","mesh_id":"503371173","municipality_code":"38206","municipality":"西条市","total_population":187,"population_65plus":54,"population_75plus":23,"aging_rate_65plus":0.2887700534759358,"aging_rate_75plus":0.12299465240641712,"population_status":"0","population_status_target":null,"population_aggregation_target":null,"age_65plus_missing":false,"age_75plus_missing":false,"age_quality_flag":"ok","data_completeness":"complete"}},{"type":"Feature","geometry":{"type":"Polygon","coordinates":[[[133.21875,33.929166666666674],[133.225,33.929166666666674],[133.225,33.933333333333344],[133.21875,33.933333333333344],[133.21875,33.929166666666674]]]},"properties":{"type":"Feature","mesh_id":"503371174","municipality_code":"38206","municipality":"西条市","total_population":29,"population_65plus":1,"population_75plus":1,"aging_rate_65plus":0.034482758620689655,"aging_rate_75plus":0.034482758620689655,"population_status":"0","population_status_target":null,"population_aggregation_target":null,"age_65plus_missing":false,"age_75plus_missing":false,"age_quality_flag":"ok","data_completeness":"complete"}},{"type":"Feature","geometry":{"type":"Polygon","coordinates":[[[133.225,33.925000000000004],[133.23125,33.925000000000004],[133.23125,33.929166666666674],[133.225,33.929166666666674],[133.225,33.925000000000004]]]},"properties":{"type":"Feature","mesh_id":"503371181","municipality_code":"38206","municipality":"西条市","total_population":119,"population_65plus":48,"population_75plus":23,"aging_rate_65plus":0.40336134453781514,"aging_rate_75plus":0.19327731092436976,"population_status":"0","population_status_target":null,"population_aggregation_target":null,"age_65plus_missing":false,"age_75plus_missing":false,"age_quality_flag":"ok","data_completeness":"complete"}},{"type":"Feature","geometry":{"type":"Polygon","coordinates":[[[133.225,33.929166666666674],[133.23125,33.929166666666674],[133.23125,33.933333333333344],[133.225,33.933333333333344],[133.225,33.929166666666674]]]},"properties":{"type":"Feature","mesh_id":"503371182","municipality_code":"38206","municipality":"西条市","total_population":428,"population_65plus":188,"population_75plus":69,"aging_rate_65plus":0.4392523364485981,"aging_rate_75plus":0.16121495327102803,"population_status":"0","population_status_target":null,"population_aggregation_target":null,"age_65plus_missing":false,"age_75plus_missing":false,"age_quality_flag":"ok","data_completeness":"complete"}},{"type":"Feature","geometry":{"type":"Polygon","coordinates":[[[133.23125,33.925000000000004],[133.23749999999998,33.925000000000004],[133.23749999999998,33.929166666666674],[133.23125,33.929166666666674],[133.23125,33.925000000000004]]]},"properties":{"type":"Feature","mesh_id":"503371183","municipality_code":"38206","municipality":"西条市","total_population":33,"population_65plus":23,"population_75plus":22,"aging_rate_65plus":0.696969696969697,"aging_rate_75plus":0.6666666666666666,"population_status":"0","population_status_target":null,"population_aggregation_target":null,"age_65plus_missing":false,"age_75plus_missing":false,"age_quality_flag":"ok","data_completeness":"complete"}},{"type":"Feature","geometry":{"type":"Polygon","coordinates":[[[133.23125,33.929166666666674],[133.23749999999998,33.929166666666674],[133.23749999999998,33.933333333333344],[133.23125,33.933333333333344],[133.23125,33.929166666666674]]]},"properties":{"type":"Feature","mesh_id":"503371184","municipality_code":"38206","municipality":"西条市","total_population":29,"population_65plus":11,"population_75plus":5,"aging_rate_65plus":0.3793103448275862,"aging_rate_75plus":0.1724137931034483,"population_status":"0","population_status_target":null,"population_aggregation_target":null,"age_65plus_missing":false,"age_75plus_missing":false,"age_quality_flag":"ok","data_completeness":"complete"}},{"type":"Feature","geometry":{"type":"Polygon","coordinates":[[[133.2375,33.925000000000004],[133.24375,33.925000000000004],[133.24375,33.929166666666674],[133.2375,33.929166666666674],[133.2375,33.925000000000004]]]},"properties":{"type":"Feature","mesh_id":"503371191","municipality_code":"38206","municipality":"西条市","total_population":159,"population_65plus":58,"population_75plus":20,"aging_rate_65plus":0.36477987421383645,"aging_rate_75plus":0.12578616352201258,"population_status":"0","population_status_target":null,"population_aggregation_target":null,"age_65plus_missing":false,"age_75plus_missing":false,"age_quality_flag":"ok","data_completeness":"complete"}},{"type":"Feature","geometry":{"type":"Polygon","coordinates":[[[133.2375,33.929166666666674],[133.24375,33.929166666666674],[133.24375,33.933333333333344],[133.2375,33.933333333333344],[133.2375,33.929166666666674]]]},"properties":{"type":"Feature","mesh_id":"503371192","municipality_code":"38206","municipality":"西条市","total_population":134,"population_65plus":63,"population_75plus":28,"aging_rate_65plus":0.4701492537313433,"aging_rate_75plus":0.208955223880597,"population_status":"0","population_status_target":null,"population_aggregation_target":null,"age_65plus_missing":false,"age_75plus_missing":false,"age_quality_flag":"ok","data_completeness":"complete"}},{"type":"Feature","geometry":{"type":"Polygon","coordinates":[[[133.175,33.93750000000001],[133.18125,33.93750000000001],[133.18125,33.94166666666668],[133.175,33.94166666666668],[133.175,33.93750000000001]]]},"properties":{"type":"Feature","mesh_id":"503371242","municipality_code":"38206","municipality":"西条市","total_population":60,"population_65plus":6,"population_75plus":1,"aging_rate_65plus":0.1,"aging_rate_75plus":0.016666666666666666,"population_status":"1","population_status_target":null,"population_aggregation_target":"503371234","age_65plus_missing":false,"age_75plus_missing":false,"age_quality_flag":"ok","data_completeness":"complete"}},{"type":"Feature","geometry":{"type":"Polygon","coordinates":[[[133.18125,33.93333333333334],[133.1875,33.93333333333334],[133.1875,33.93750000000001],[133.18125,33.93750000000001],[133.18125,33.93333333333334]]]},"properties":{"type":"Feature","mesh_id":"503371243","municipality_code":"38206","municipality":"西条市","total_population":8,"population_65plus":1,"population_75plus":0,"aging_rate_65plus":0.125,"aging_rate_75plus":0.0,"population_status":"1","population_status_target":null,"population_aggregation_target":"503371244","age_65plus_missing":false,"age_75plus_missing":false,"age_quality_flag":"ok","data_completeness":"complete"}},{"type":"Feature","geometry":{"type":"Polygon","coordinates":[[[133.18125,33.93750000000001],[133.1875,33.93750000000001],[133.1875,33.94166666666668],[133.18125,33.94166666666668],[133.18125,33.93750000000001]]]},"properties":{"type":"Feature","mesh_id":"503371244","municipality_code":"38206","municipality":"西条市","total_population":3,"population_65plus":null,"population_75plus":null,"aging_rate_65plus":null,"aging_rate_75plus":null,"population_status":"2","population_status_target":"503371243","population_aggregation_target":null,"age_65plus_missing":true,"age_75plus_missing":true,"age_quality_flag":"ok","data_completeness":"partial"}},{"type":"Feature","geometry":{"type":"Polygon","coordinates":[[[133.1875,33.93333333333334],[133.19375,33.93333333333334],[133.19375,33.93750000000001],[133.1875,33.93750000000001],[133.1875,33.93333333333334]]]},"properties":{"type":"Feature","mesh_id":"503371251","municipality_code":"38206","municipality":"西条市","total_population":243,"population_65plus":31,"population_75plus":17,"aging_rate_65plus":0.12757201646090535,"aging_rate_75plus":0.06995884773662552,"population_status":"0","population_status_target":null,"population_aggregation_target":null,"age_65plus_missing":false,"age_75plus_missing":false,"age_quality_flag":"ok","data_completeness":"complete"}},{"type":"Feature","geometry":{"type":"Polygon","coordinates":[[[133.1875,33.93750000000001],[133.19375,33.93750000000001],[133.19375,33.94166666666668],[133.1875,33.94166666666668],[133.1875,33.93750000000001]]]},"properties":{"type":"Feature","mesh_id":"503371252","municipality_code":"38206","municipality":"西条市","total_population":644,"population_65plus":43,"population_75plus":14,"aging_rate_65plus":0.06677018633540373,"aging_rate_75plus":0.021739130434782608,"population_status":"1","population_status_target":null,"population_aggregation_target":"503371254","age_65plus_missing":false,"age_75plus_missing":false,"age_quality_flag":"ok","data_completeness":"complete"}},{"type":"Feature","geometry":{"type":"Polygon","coordinates":[[[133.19375,33.93750000000001],[133.2,33.93750000000001],[133.2,33.94166666666668],[133.19375,33.94166666666668],[133.19375,33.93750000000001]]]},"properties":{"type":"Feature","mesh_id":"503371254","municipality_code":"38206","municipality":"西条市","total_population":1,"population_65plus":null,"population_75plus":null,"aging_rate_65plus":null,"aging_rate_75plus":null,"population_status":"2","population_status_target":"503371252","population_aggregation_target":null,"age_65plus_missing":true,"age_75plus_missing":true,"age_quality_flag":"ok","data_completeness":"partial"}},{"type":"Feature","geometry":{"type":"Polygon","coordinates":[[[133.2,33.93333333333334],[133.20624999999998,33.93333333333334],[133.20624999999998,33.93750000000001],[133.2,33.93750000000001],[133.2,33.93333333333334]]]},"properties":{"type":"Feature","mesh_id":"503371261","municipality_code":"38206","municipality":"西条市","total_population":525,"population_65plus":132,"population_75plus":65,"aging_rate_65plus":0.25142857142857145,"aging_rate_75plus":0.12380952380952381,"population_status":"0","population_status_target":null,"population_aggregation_target":null,"age_65plus_missing":false,"age_75plus_missing":false,"age_quality_flag":"ok","data_completeness":"complete"}},{"type":"Feature","geometry":{"type":"Polygon","coordinates":[[[133.2,33.93750000000001],[133.20624999999998,33.93750000000001],[133.20624999999998,33.94166666666668],[133.2,33.94166666666668],[133.2,33.93750000000001]]]},"properties":{"type":"Feature","mesh_id":"503371262","municipality_code":"38206","municipality":"西条市","total_population":205,"population_65plus":53,"population_75plus":32,"aging_rate_65plus":0.25853658536585367,"aging_rate_75plus":0.15609756097560976,"population_status":"1","population_status_target":null,"population_aggregation_target":"503371271;503371273;503371383","age_65plus_missing":false,"age_75plus_missing":false,"age_quality_flag":"ok","data_completeness":"complete"}},{"type":"Feature","geometry":{"type":"Polygon","coordinates":[[[133.20624999999998,33.93333333333334],[133.21249999999998,33.93333333333334],[133.21249999999998,33.93750000000001],[133.20624999999998,33.93750000000001],[133.20624999999998,33.93333333333334]]]},"properties":{"type":"Feature","mesh_id":"503371263","municipality_code":"38206","municipality":"西条市","total_population":24,"population_65plus":20,"population_75plus":9,"aging_rate_65plus":0.8333333333333334,"aging_rate_75plus":0.375,"population_status":"0","population_status_target":null,"population_aggregation_target":null,"age_65plus_missing":false,"age_75plus_missing":false,"age_quality_flag":"ok","data_completeness":"complete"}},{"type":"Feature","geometry":{"type":"Polygon","coordinates":[[[133.20624999999998,33.93750000000001],[133.21249999999998,33.93750000000001],[133.21249999999998,33.94166666666668],[133.20624999999998,33.94166666666668],[133.20624999999998,33.93750000000001]]]},"properties":{"type":"Feature","mesh_id":"503371264","municipality_code":"38206","municipality":"西条市","total_population":163,"population_65plus":47,"population_75plus":22,"aging_rate_65plus":0.2883435582822086,"aging_rate_75plus":0.13496932515337423,"population_status":"0","population_status_target":null,"population_aggregation_target":null,"age_65plus_missing":false,"age_75plus_missing":false,"age_quality_flag":"ok","data_completeness":"complete"}},{"type":"Feature","geometry":{"type":"Polygon","coordinates":[[[133.2125,33.93333333333334],[133.21875,33.93333333333334],[133.21875,33.93750000000001],[133.2125,33.93750000000001],[133.2125,33.93333333333334]]]},"properties":{"type":"Feature","mesh_id":"503371271","municipality_code":"38206","municipality":"西条市","total_population":8,"population_65plus":null,"population_75plus":null,"aging_rate_65plus":null,"aging_rate_75plus":null,"population_status":"2","population_status_target":"503371262","population_aggregation_target":null,"age_65plus_missing":true,"age_75plus_missing":true,"age_quality_flag":"ok","data_completeness":"partial"}},{"type":"Feature","geometry":{"type":"Polygon","coordinates":[[[133.21875,33.93333333333334],[133.225,33.93333333333334],[133.225,33.93750000000001],[133.21875,33.93750000000001],[133.21875,33.93333333333334]]]},"properties":{"type":"Feature","mesh_id":"503371273","municipality_code":"38206","municipality":"西条市","total_population":2,"population_65plus":null,"population_75plus":null,"aging_rate_65plus":null,"aging_rate_75plus":null,"population_status":"2","population_status_target":"503371262","population_aggregation_target":null,"age_65plus_missing":true,"age_75plus_missing":true,"age_quality_flag":"ok","data_completeness":"partial"}},{"type":"Feature","geometry":{"type":"Polygon","coordinates":[[[133.23125,33.94166666666667],[133.23749999999998,33.94166666666667],[133.23749999999998,33.94583333333334],[133.23125,33.94583333333334],[133.23125,33.94166666666667]]]},"properties":{"type":"Feature","mesh_id":"503371383","municipality_code":"38206","municipality":"西条市","total_population":10,"population_65plus":null,"population_75plus":null,"aging_rate_65plus":null,"aging_rate_75plus":null,"population_status":"2","population_status_target":"503371262","population_aggregation_target":null,"age_65plus_missing":true,"age_75plus_missing":true,"age_quality_flag":"ok","data_completeness":"partial"}}]}