mesh_id,municipality_code,municipality,total_population,population_65plus,population_75plus,aging_rate_65plus,aging_rate_75plus,population_status,population_status_target,population_aggregation_target,age_65plus_missing,age_75plus_missing,age_quality_flag,data_completeness
493223994,38506,愛南町,160,100.0,48.0,0.625,0.3,0,,,False,False,ok,complete
493224903,38506,愛南町,72,37.0,12.0,0.5138888888888888,0.16666666666666666,0,,,False,False,ok,complete
493224904,38506,愛南町,45,31.0,13.0,0.6888888888888889,0.28888888888888886,0,,,False,False,ok,complete
493224911,38506,愛南町,69,58.0,24.0,0.8405797101449275,0.34782608695652173,1,,493224912,False,False,ok,complete
493224912,38506,愛南町,6,,,,,2,493224911,,True,True,ok,partial
493233092,38506,愛南町,149,98.0,53.0,0.6577181208053692,0.35570469798657717,0,,,False,False,ok,complete
493233094,38506,愛南町,83,45.0,20.0,0.5421686746987951,0.24096385542168675,0,,,False,False,ok,complete
493233281,38506,愛南町,61,34.0,11.0,0.5573770491803278,0.18032786885245902,0,,,False,False,ok,complete
493233283,38506,愛南町,19,11.0,7.0,0.5789473684210527,0.3684210526315789,0,,,False,False,ok,complete
493233284,38506,愛南町,80,44.0,21.0,0.55,0.2625,0,,,False,False,ok,complete
493233293,38506,愛南町,71,51.0,30.0,0.7183098591549296,0.4225352112676056,1,,493233382;493233394,False,False,ok,complete
493233593,38506,愛南町,226,134.0,75.0,0.5929203539823009,0.33185840707964603,0,,,False,False,ok,complete
493233691,38506,愛南町,16,12.0,5.0,0.75,0.3125,0,,,False,False,ok,complete
493233692,38506,愛南町,30,23.0,11.0,0.7666666666666667,0.36666666666666664,0,,,False,False,ok,complete
493233693,38506,愛南町,7,,,,,2,493233694,,True,True,ok,partial
493233694,38506,愛南町,11,,,,,1,,493233693,True,True,inconsistent_with_total,partial
493233792,38506,愛南町,1,,,,,2,493233793,,True,True,ok,partial
493234083,38506,愛南町,8,3.0,3.0,0.375,0.375,1,,493234074,False,False,ok,complete
493234094,38506,愛南町,16,11.0,3.0,0.6875,0.1875,1,,493234091,False,False,ok,complete
493234101,38506,愛南町,41,21.0,8.0,0.5121951219512195,0.1951219512195122,0,,,False,False,ok,complete
493234102,38506,愛南町,41,22.0,14.0,0.5365853658536586,0.34146341463414637,0,,,False,False,ok,complete
493234203,38506,愛南町,88,58.0,32.0,0.6590909090909091,0.36363636363636365,0,,,False,False,ok,complete
493234204,38506,愛南町,50,43.0,18.0,0.86,0.36,1,,493234213,False,False,ok,complete
493234213,38506,愛南町,6,,,,,2,493234204,,True,True,ok,partial
493234234,38506,愛南町,82,64.0,34.0,0.7804878048780488,0.4146341463414634,0,,,False,False,ok,complete
493234241,38506,愛南町,15,7.0,4.0,0.4666666666666667,0.26666666666666666,0,,,False,False,ok,complete
493234242,38506,愛南町,24,9.0,5.0,0.375,0.20833333333333334,0,,,False,False,ok,complete
493234243,38506,愛南町,119,66.0,39.0,0.5546218487394958,0.3277310924369748,0,,,False,False,ok,complete
493234271,38506,愛南町,8,,,,,2,493234274,,True,True,ok,partial
493234274,38506,愛南町,51,33.0,19.0,0.6470588235294118,0.37254901960784315,1,,493234271,False,False,ok,complete
493234294,38506,愛南町,9,,,,,2,493234384,,True,True,ok,partial
493234301,38506,愛南町,53,26.0,14.0,0.49056603773584906,0.2641509433962264,0,,,False,False,ok,complete
493234332,38506,愛南町,138,95.0,50.0,0.6884057971014492,0.36231884057971014,0,,,False,False,ok,complete
493234333,38506,愛南町,31,14.0,8.0,0.45161290322580644,0.25806451612903225,0,,,False,False,ok,complete
493234334,38506,愛南町,98,48.0,23.0,0.4897959183673469,0.23469387755102042,0,,,False,False,ok,complete
493234342,38506,愛南町,8,,,,,2,493234344,,True,True,ok,partial
493234344,38506,愛南町,70,37.0,24.0,0.5285714285714286,0.34285714285714286,1,,493234342,False,False,ok,complete
493234354,38506,愛南町,26,20.0,12.0,0.7692307692307693,0.46153846153846156,0,,,False,False,ok,complete
493234361,38506,愛南町,38,20.0,14.0,0.5263157894736842,0.3684210526315789,0,,,False,False,ok,complete
493234362,38506,愛南町,20,10.0,3.0,0.5,0.15,0,,,False,False,ok,complete
493234363,38506,愛南町,40,18.0,12.0,0.45,0.3,0,,,False,False,ok,complete
493234364,38506,愛南町,9,5.0,4.0,0.5555555555555556,0.4444444444444444,0,,,False,False,ok,complete
493234372,38506,愛南町,13,5.0,2.0,0.38461538461538464,0.15384615384615385,0,,,False,False,ok,complete
493234374,38506,愛南町,32,13.0,6.0,0.40625,0.1875,0,,,False,False,ok,complete
493234381,38506,愛南町,175,93.0,45.0,0.5314285714285715,0.2571428571428571,0,,,False,False,ok,complete
493234382,38506,愛南町,28,14.0,4.0,0.5,0.14285714285714285,0,,,False,False,ok,complete
493234383,38506,愛南町,120,53.0,33.0,0.44166666666666665,0.275,0,,,False,False,ok,complete
493234384,38506,愛南町,68,36.0,16.0,0.5294117647058824,0.23529411764705882,1,,493234294,False,False,ok,complete
493234402,38506,愛南町,7,,,,,2,493234411,,True,True,ok,partial
493234411,38506,愛南町,35,32.0,19.0,0.9142857142857143,0.5428571428571428,1,,493234402;493234412;493234413,False,False,ok,complete
493234412,38506,愛南町,10,,,,,2,493234411,,True,True,ok,partial
493234413,38506,愛南町,4,,,,,2,493234411,,True,True,ok,partial
493234423,38506,愛南町,13,7.0,3.0,0.5384615384615384,0.23076923076923078,0,,,False,False,ok,complete
493234431,38506,愛南町,21,6.0,3.0,0.2857142857142857,0.14285714285714285,0,,,False,False,ok,complete
493234432,38506,愛南町,7,,,,,2,493234433,,True,True,ok,partial
493234433,38506,愛南町,66,34.0,18.0,0.5151515151515151,0.2727272727272727,1,,493234432,False,False,ok,complete
493234434,38506,愛南町,41,21.0,7.0,0.5121951219512195,0.17073170731707318,0,,,False,False,ok,complete
493234441,38506,愛南町,13,5.0,4.0,0.38461538461538464,0.3076923076923077,0,,,False,False,ok,complete
493234442,38506,愛南町,14,9.0,3.0,0.6428571428571429,0.21428571428571427,0,,,False,False,ok,complete
493234443,38506,愛南町,133,41.0,12.0,0.3082706766917293,0.09022556390977443,0,,,False,False,ok,complete
493234444,38506,愛南町,177,61.0,28.0,0.3446327683615819,0.15819209039548024,0,,,False,False,ok,complete
493234451,38506,愛南町,53,15.0,10.0,0.2830188679245283,0.18867924528301888,0,,,False,False,ok,complete
493234452,38506,愛南町,68,36.0,10.0,0.5294117647058824,0.14705882352941177,0,,,False,False,ok,complete
493234453,38506,愛南町,254,130.0,55.0,0.5118110236220472,0.21653543307086615,0,,,False,False,ok,complete
493234454,38506,愛南町,108,58.0,29.0,0.5370370370370371,0.26851851851851855,0,,,False,False,ok,complete
493234462,38506,愛南町,83,44.0,18.0,0.5301204819277109,0.21686746987951808,0,,,False,False,ok,complete
493234463,38506,愛南町,90,36.0,15.0,0.4,0.16666666666666666,0,,,False,False,ok,complete
493234464,38506,愛南町,177,74.0,37.0,0.4180790960451977,0.20903954802259886,0,,,False,False,ok,complete
493234471,38506,愛南町,183,126.0,85.0,0.6885245901639344,0.4644808743169399,0,,,False,False,ok,complete
493234473,38506,愛南町,89,24.0,10.0,0.2696629213483146,0.11235955056179775,0,,,False,False,ok,complete
493234481,38506,愛南町,123,119.0,107.0,0.967479674796748,0.8699186991869918,0,,,False,False,ok,complete
493234482,38506,愛南町,66,24.0,14.0,0.36363636363636365,0.21212121212121213,0,,,False,False,ok,complete
493234484,38506,愛南町,27,15.0,10.0,0.5555555555555556,0.37037037037037035,0,,,False,False,ok,complete
493234491,38506,愛南町,3,,,,,2,493234493,,True,True,ok,partial
493234492,38506,愛南町,13,3.0,3.0,0.23076923076923078,0.23076923076923078,0,,,False,False,ok,complete
493234493,38506,愛南町,16,10.0,4.0,0.625,0.25,1,,493234491,False,False,ok,complete
493234501,38506,愛南町,81,51.0,29.0,0.6296296296296297,0.35802469135802467,1,,493234502,False,False,ok,complete
493234503,38506,愛南町,28,15.0,5.0,0.5357142857142857,0.17857142857142858,0,,,False,False,ok,complete
493234504,38506,愛南町,36,17.0,6.0,0.4722222222222222,0.16666666666666666,0,,,False,False,ok,complete
493234511,38506,愛南町,99,44.0,26.0,0.4444444444444444,0.26262626262626265,1,,493234513,False,False,ok,complete
493234512,38506,愛南町,56,35.0,20.0,0.625,0.35714285714285715,0,,,False,False,ok,complete
493234513,38506,愛南町,2,,,,,2,493234511,,True,True,ok,partial
493234514,38506,愛南町,31,15.0,10.0,0.4838709677419355,0.3225806451612903,0,,,False,False,ok,complete
493234531,38506,愛南町,110,89.0,68.0,0.8090909090909091,0.6181818181818182,0,,,False,False,ok,complete
493234542,38506,愛南町,390,87.0,32.0,0.2230769230769231,0.08205128205128205,0,,,False,False,ok,complete
493234543,38506,愛南町,142,54.0,18.0,0.38028169014084506,0.1267605633802817,0,,,False,False,ok,complete
493234544,38506,愛南町,521,207.0,98.0,0.39731285988483683,0.18809980806142035,0,,,False,False,ok,complete
493234551,38506,愛南町,425,137.0,74.0,0.32235294117647056,0.17411764705882352,0,,,False,False,ok,complete
493234552,38506,愛南町,509,182.0,94.0,0.3575638506876228,0.18467583497053044,0,,,False,False,ok,complete
493234553,38506,愛南町,698,262.0,140.0,0.3753581661891118,0.20057306590257878,0,,,False,False,ok,complete
493234554,38506,愛南町,413,159.0,68.0,0.38498789346246975,0.16464891041162227,0,,,False,False,ok,complete
493234561,38506,愛南町,657,269.0,147.0,0.4094368340943683,0.2237442922374429,0,,,False,False,ok,complete
493234562,38506,愛南町,583,179.0,97.0,0.307032590051458,0.16638078902229847,0,,,False,False,ok,complete
493234563,38506,愛南町,186,123.0,101.0,0.6612903225806451,0.543010752688172,0,,,False,False,ok,complete
493234564,38506,愛南町,228,90.0,50.0,0.39473684210526316,0.21929824561403508,0,,,False,False,ok,complete
493234571,38506,愛南町,246,118.0,53.0,0.4796747967479675,0.21544715447154472,0,,,False,False,ok,complete
493234573,38506,愛南町,197,67.0,33.0,0.3401015228426396,0.16751269035532995,0,,,False,False,ok,complete
493234574,38506,愛南町,120,55.0,22.0,0.4583333333333333,0.18333333333333332,0,,,False,False,ok,complete
493234581,38506,愛南町,7,,,,,2,493234584,,True,True,ok,partial
493234582,38506,愛南町,1,,,,,2,493234584,,True,True,ok,partial
493234583,38506,愛南町,3,,,,,2,493234584,,True,True,ok,partial
493234584,38506,愛南町,11,8.0,3.0,0.7272727272727273,0.2727272727272727,1,,493234581;493234582;493234583,False,False,ok,complete
493234591,38506,愛南町,1,,,,,2,493234593,,True,True,ok,partial
493234593,38506,愛南町,61,29.0,13.0,0.47540983606557374,0.21311475409836064,1,,493234591;493234594,False,False,ok,complete
493234594,38506,愛南町,9,,,,,2,493234593,,True,True,ok,partial
493234622,38506,愛南町,31,12.0,2.0,0.3870967741935484,0.06451612903225806,0,,,False,False,ok,complete
493234624,38506,愛南町,143,73.0,37.0,0.5104895104895105,0.25874125874125875,0,,,False,False,ok,complete
493234632,38506,愛南町,184,65.0,35.0,0.3532608695652174,0.19021739130434784,0,,,False,False,ok,complete
493234633,38506,愛南町,74,36.0,15.0,0.4864864864864865,0.20270270270270271,1,,493234631,False,False,ok,complete
493234634,38506,愛南町,37,17.0,7.0,0.4594594594594595,0.1891891891891892,0,,,False,False,ok,complete
493234641,38506,愛南町,24,7.0,3.0,0.2916666666666667,0.125,0,,,False,False,ok,complete
493234642,38506,愛南町,17,10.0,4.0,0.5882352941176471,0.23529411764705882,0,,,False,False,ok,complete
493234651,38506,愛南町,69,33.0,12.0,0.4782608695652174,0.17391304347826086,0,,,False,False,ok,complete
493234652,38506,愛南町,126,53.0,27.0,0.42063492063492064,0.21428571428571427,0,,,False,False,ok,complete
493234653,38506,愛南町,10,5.0,2.0,0.5,0.2,0,,,False,False,ok,complete
493234654,38506,愛南町,25,14.0,12.0,0.56,0.48,0,,,False,False,ok,complete
493234661,38506,愛南町,168,59.0,21.0,0.35119047619047616,0.125,0,,,False,False,ok,complete
493234662,38506,愛南町,206,87.0,31.0,0.4223300970873786,0.15048543689320387,0,,,False,False,ok,complete
493234663,38506,愛南町,127,39.0,13.0,0.30708661417322836,0.10236220472440945,0,,,False,False,ok,complete
493234664,38506,愛南町,69,31.0,16.0,0.4492753623188406,0.2318840579710145,0,,,False,False,ok,complete
493234671,38506,愛南町,14,9.0,2.0,0.6428571428571429,0.14285714285714285,0,,,False,False,ok,complete
493234672,38506,愛南町,133,60.0,36.0,0.45112781954887216,0.2706766917293233,0,,,False,False,ok,complete
493234673,38506,愛南町,71,33.0,16.0,0.4647887323943662,0.22535211267605634,0,,,False,False,ok,complete
493234674,38506,愛南町,146,67.0,34.0,0.4589041095890411,0.2328767123287671,0,,,False,False,ok,complete
493234682,38506,愛南町,90,40.0,17.0,0.4444444444444444,0.18888888888888888,0,,,False,False,ok,complete
493234683,38506,愛南町,77,30.0,10.0,0.38961038961038963,0.12987012987012986,0,,,False,False,ok,complete
493234684,38506,愛南町,11,6.0,3.0,0.5454545454545454,0.2727272727272727,0,,,False,False,ok,complete
493234691,38506,愛南町,90,42.0,20.0,0.4666666666666667,0.2222222222222222,0,,,False,False,ok,complete
493234692,38506,愛南町,17,8.0,3.0,0.47058823529411764,0.17647058823529413,1,,493234694;493234792,False,False,ok,complete
493234694,38506,愛南町,4,,,,,2,493234692,,True,True,ok,partial
493234711,38506,愛南町,45,23.0,13.0,0.5111111111111111,0.28888888888888886,0,,,False,False,ok,complete
493234712,38506,愛南町,29,14.0,6.0,0.4827586206896552,0.20689655172413793,1,,493234713,False,False,ok,complete
493234713,38506,愛南町,9,,,,,2,493234712,,True,True,ok,partial
493234714,38506,愛南町,13,10.0,8.0,0.7692307692307693,0.6153846153846154,0,,,False,False,ok,complete
493234721,38506,愛南町,17,4.0,2.0,0.23529411764705882,0.11764705882352941,0,,,False,False,ok,complete
493234722,38506,愛南町,34,16.0,11.0,0.47058823529411764,0.3235294117647059,0,,,False,False,ok,complete
493234723,38506,愛南町,20,5.0,3.0,0.25,0.15,0,,,False,False,ok,complete
493234732,38506,愛南町,17,7.0,4.0,0.4117647058823529,0.23529411764705882,0,,,False,False,ok,complete
493234734,38506,愛南町,24,15.0,5.0,0.625,0.20833333333333334,1,,493234832,False,False,ok,complete
493234751,38506,愛南町,2,,,,,2,493234752,,True,True,ok,partial
493234752,38506,愛南町,42,16.0,9.0,0.38095238095238093,0.21428571428571427,1,,493234751,False,False,ok,complete
493234753,38506,愛南町,22,10.0,3.0,0.45454545454545453,0.13636363636363635,0,,,False,False,ok,complete
493234754,38506,愛南町,19,11.0,5.0,0.5789473684210527,0.2631578947368421,0,,,False,False,ok,complete
493234761,38506,愛南町,44,19.0,12.0,0.4318181818181818,0.2727272727272727,0,,,False,False,ok,complete
493234762,38506,愛南町,76,36.0,17.0,0.47368421052631576,0.2236842105263158,0,,,False,False,ok,complete
493234763,38506,愛南町,36,23.0,14.0,0.6388888888888888,0.3888888888888889,0,,,False,False,ok,complete
493234764,38506,愛南町,29,11.0,6.0,0.3793103448275862,0.20689655172413793,0,,,False,False,ok,complete
493234781,38506,愛南町,55,28.0,20.0,0.509090909090909,0.36363636363636365,0,,,False,False,ok,complete
493234782,38506,愛南町,67,30.0,17.0,0.44776119402985076,0.2537313432835821,0,,,False,False,ok,complete
493234783,38506,愛南町,41,29.0,11.0,0.7073170731707317,0.2682926829268293,0,,,False,False,ok,complete
493234784,38506,愛南町,72,32.0,22.0,0.4444444444444444,0.3055555555555556,0,,,False,False,ok,complete
493234792,38506,愛南町,1,,,,,2,493234692,,True,True,ok,partial
493234804,38506,愛南町,6,,,,,2,493234813,,True,True,ok,partial
493234812,38506,愛南町,29,12.0,10.0,0.41379310344827586,0.3448275862068966,0,,,False,False,ok,complete
493234813,38506,愛南町,20,10.0,4.0,0.5,0.2,1,,493234804,False,False,ok,complete
493234814,38506,愛南町,26,14.0,6.0,0.5384615384615384,0.23076923076923078,0,,,False,False,ok,complete
493234821,38506,愛南町,25,9.0,6.0,0.36,0.24,0,,,False,False,ok,complete
493234832,38506,愛南町,4,,,,,2,493234734,,True,True,ok,partial
493234844,38506,愛南町,5,,,,,2,493234853,,True,True,ok,partial
493234853,38506,愛南町,3,,,,,1,,493234844;493234942;493234943,True,True,inconsistent_with_total,partial
493234854,38506,愛南町,22,15.0,8.0,0.6818181818181818,0.36363636363636365,0,,,False,False,ok,complete
493234861,38506,愛南町,34,16.0,8.0,0.47058823529411764,0.23529411764705882,0,,,False,False,ok,complete
493234863,38506,愛南町,8,3.0,3.0,0.375,0.375,0,,,False,False,ok,complete
493234872,38506,愛南町,10,10.0,4.0,1.0,0.4,1,,493234873;493234874,False,False,ok,complete
493234873,38506,愛南町,2,,,,,2,493234872,,True,True,ok,partial
493234874,38506,愛南町,7,,,,,2,493234872,,True,True,ok,partial
493234881,38506,愛南町,5,,,,,2,493234882,,True,True,ok,partial
493234882,38506,愛南町,7,,,,,1,,493234881,True,True,inconsistent_with_total,partial
493234883,38506,愛南町,7,,,,,2,493234884,,True,True,ok,partial
493234884,38506,愛南町,2,,,,,1,,493234883,True,True,inconsistent_with_total,partial
493234891,38506,愛南町,3,,,,,2,493234893,,True,True,ok,partial
493234893,38506,愛南町,12,,,,,1,,493234891;493234894,True,True,inconsistent_with_total,partial
493234894,38506,愛南町,2,,,,,2,493234893,,True,True,ok,partial
493234911,38506,愛南町,56,38.0,22.0,0.6785714285714286,0.39285714285714285,1,,493234914,False,False,ok,complete
493234913,38506,愛南町,25,9.0,8.0,0.36,0.32,0,,,False,False,ok,complete
493234914,38506,愛南町,7,,,,,2,493234911,,True,True,ok,partial
493234942,38506,愛南町,4,,,,,2,493234853,,True,True,ok,partial
493234943,38506,愛南町,3,,,,,2,493234853,,True,True,ok,partial
493234952,38506,愛南町,5,,,,,2,493234961,,True,True,ok,partial
493234954,38506,愛南町,3,,,,,2,493234961,,True,True,ok,partial
493234961,38506,愛南町,5,5.0,1.0,1.0,0.2,1,,493234952;493234954;493234964,False,False,ok,complete
493234964,38506,愛南町,1,,,,,2,493234961,,True,True,ok,partial
493234971,38506,愛南町,5,,,,,2,493234982,,True,True,ok,partial
493234982,38506,愛南町,5,,,,,1,,493234971,True,True,inconsistent_with_total,partial
493234991,38506,愛南町,8,,,,,2,493234993,,True,True,ok,partial
493234993,38506,愛南町,17,16.0,8.0,0.9411764705882353,0.47058823529411764,1,,493234991,False,False,ok,complete
493235101,38506,愛南町,1,,,,,2,493235114,,True,True,ok,partial
493235111,38506,愛南町,7,,,,,2,493235114,,True,True,ok,partial
493235114,38506,愛南町,8,8.0,3.0,1.0,0.375,1,,493235101;493235111,False,False,ok,complete
493235121,38506,愛南町,25,17.0,10.0,0.68,0.4,0,,,False,False,ok,complete
493235122,38506,愛南町,63,19.0,6.0,0.30158730158730157,0.09523809523809523,0,,,False,False,ok,complete
493235203,38506,愛南町,6,,,,,2,493235304,,True,True,ok,partial
493235303,38506,愛南町,7,,,,,2,493235304,,True,True,ok,partial
493235304,38506,愛南町,13,11.0,7.0,0.8461538461538461,0.5384615384615384,1,,493235203;493235303,False,False,ok,complete
493235401,38506,愛南町,78,32.0,12.0,0.41025641025641024,0.15384615384615385,1,,493235403,False,False,ok,complete
493235402,38506,愛南町,46,19.0,11.0,0.41304347826086957,0.2391304347826087,0,,,False,False,ok,complete
493235403,38506,愛南町,3,,,,,2,493235401,,True,True,ok,partial
493235404,38506,愛南町,37,12.0,7.0,0.32432432432432434,0.1891891891891892,0,,,False,False,ok,complete
493235411,38506,愛南町,8,,,,,2,493235413,,True,True,ok,partial
493235413,38506,愛南町,84,42.0,13.0,0.5,0.15476190476190477,1,,493235411,False,False,ok,complete
493235414,38506,愛南町,121,70.0,53.0,0.5785123966942148,0.4380165289256198,0,,,False,False,ok,complete
493235421,38506,愛南町,10,,,,,2,493235423,,True,True,ok,partial
493235423,38506,愛南町,18,11.0,5.0,0.6111111111111112,0.2777777777777778,1,,493235421,False,False,ok,complete
493235424,38506,愛南町,19,9.0,6.0,0.47368421052631576,0.3157894736842105,0,,,False,False,ok,complete
493235433,38506,愛南町,14,11.0,4.0,0.7857142857142857,0.2857142857142857,1,,493235434,False,False,ok,complete
493235434,38506,愛南町,6,,,,,2,493235433,,True,True,ok,partial
493235511,38506,愛南町,12,8.0,2.0,0.6666666666666666,0.16666666666666666,0,,,False,False,ok,complete
493235512,38506,愛南町,380,155.0,78.0,0.40789473684210525,0.20526315789473684,0,,,False,False,ok,complete
493235513,38506,愛南町,40,20.0,8.0,0.5,0.2,0,,,False,False,ok,complete
493235514,38506,愛南町,341,135.0,81.0,0.39589442815249265,0.2375366568914956,0,,,False,False,ok,complete
493235521,38506,愛南町,8,,,,,2,493235523,,True,True,ok,partial
493235522,38506,愛南町,36,13.0,7.0,0.3611111111111111,0.19444444444444445,0,,,False,False,ok,complete
493235523,38506,愛南町,85,28.0,23.0,0.32941176470588235,0.27058823529411763,1,,493235521,False,False,ok,complete
493235531,38506,愛南町,4,,,,,2,493235534,,True,True,ok,partial
493235532,38506,愛南町,5,5.0,2.0,1.0,0.4,1,,493235443,False,False,ok,complete
493235534,38506,愛南町,7,,,,,1,,493235531,True,True,inconsistent_with_total,partial
493235541,38506,愛南町,15,10.0,6.0,0.6666666666666666,0.4,0,,,False,False,ok,complete
493235542,38506,愛南町,20,12.0,3.0,0.6,0.15,0,,,False,False,ok,complete
493235602,38506,愛南町,112,41.0,17.0,0.36607142857142855,0.15178571428571427,0,,,False,False,ok,complete
493235603,38506,愛南町,18,8.0,6.0,0.4444444444444444,0.3333333333333333,0,,,False,False,ok,complete
493235604,38506,愛南町,73,37.0,15.0,0.5068493150684932,0.2054794520547945,0,,,False,False,ok,complete
493235611,38506,愛南町,86,27.0,7.0,0.313953488372093,0.08139534883720931,0,,,False,False,ok,complete
493235612,38506,愛南町,43,24.0,22.0,0.5581395348837209,0.5116279069767442,0,,,False,False,ok,complete
493235613,38506,愛南町,90,41.0,16.0,0.45555555555555555,0.17777777777777778,0,,,False,False,ok,complete
493235614,38506,愛南町,21,4.0,1.0,0.19047619047619047,0.047619047619047616,0,,,False,False,ok,complete
493235621,38506,愛南町,100,18.0,10.0,0.18,0.1,0,,,False,False,ok,complete
493235622,38506,愛南町,14,9.0,6.0,0.6428571428571429,0.42857142857142855,0,,,False,False,ok,complete
493235624,38506,愛南町,26,14.0,8.0,0.5384615384615384,0.3076923076923077,0,,,False,False,ok,complete
493235631,38506,愛南町,7,,,,,2,493235633,,True,True,ok,partial
493235633,38506,愛南町,89,36.0,20.0,0.4044943820224719,0.2247191011235955,1,,493235631,False,False,ok,complete
493235642,38506,愛南町,3,,,,,2,493235651,,True,True,ok,partial
493235702,38506,愛南町,54,22.0,10.0,0.4074074074074074,0.18518518518518517,0,,,False,False,ok,complete
493235711,38506,愛南町,97,41.0,17.0,0.422680412371134,0.17525773195876287,0,,,False,False,ok,complete
493235712,38506,愛南町,16,7.0,3.0,0.4375,0.1875,0,,,False,False,ok,complete
493235713,38506,愛南町,27,12.0,4.0,0.4444444444444444,0.14814814814814814,0,,,False,False,ok,complete
493235714,38506,愛南町,8,2.0,1.0,0.25,0.125,0,,,False,False,ok,complete
493235722,38506,愛南町,20,4.0,1.0,0.2,0.05,0,,,False,False,ok,complete
493235723,38506,愛南町,18,11.0,7.0,0.6111111111111112,0.3888888888888889,0,,,False,False,ok,complete
493235724,38506,愛南町,91,48.0,26.0,0.5274725274725275,0.2857142857142857,0,,,False,False,ok,complete
493235731,38506,愛南町,10,8.0,3.0,0.8,0.3,0,,,False,False,ok,complete
493235742,38506,愛南町,3,,,,,2,493235744,,True,True,ok,partial
493235744,38506,愛南町,14,6.0,3.0,0.42857142857142855,0.21428571428571427,1,,493235742,False,False,ok,complete
493235812,38506,愛南町,2,,,,,2,493235814,,True,True,ok,partial
493235814,38506,愛南町,8,4.0,1.0,0.5,0.125,1,,493235812,False,False,ok,complete
493235821,38506,愛南町,40,19.0,12.0,0.475,0.3,1,,493235822,False,False,ok,complete
493235822,38506,愛南町,1,,,,,2,493235821,,True,True,ok,partial
493235823,38506,愛南町,16,7.0,6.0,0.4375,0.375,0,,,False,False,ok,complete
493235842,38506,愛南町,31,16.0,10.0,0.5161290322580645,0.3225806451612903,0,,,False,False,ok,complete
493235912,38506,愛南町,19,7.0,4.0,0.3684210526315789,0.21052631578947367,1,,493235914;493235921,False,False,ok,complete
493235914,38506,愛南町,2,,,,,2,493235912,,True,True,ok,partial
493235921,38506,愛南町,2,,,,,2,493235912,,True,True,ok,partial
493235941,38506,愛南町,4,,,,,2,493235944,,True,True,ok,partial
493235942,38506,愛南町,8,,,,,2,493235944,,True,True,ok,partial
493235944,38506,愛南町,42,29.0,20.0,0.6904761904761905,0.47619047619047616,1,,493235941;493235942,False,False,ok,complete
493243194,38506,愛南町,3,,,,,2,493243193,,True,True,ok,partial
493243284,38506,愛南町,10,,,,,2,493243291,,True,True,ok,partial
493243291,38506,愛南町,46,27.0,9.0,0.5869565217391305,0.1956521739130435,1,,493243284,False,False,ok,complete
493243292,38506,愛南町,281,94.0,43.0,0.33451957295373663,0.15302491103202848,0,,,False,False,ok,complete
493243294,38506,愛南町,18,9.0,3.0,0.5,0.16666666666666666,0,,,False,False,ok,complete
493243384,38506,愛南町,18,4.0,2.0,0.2222222222222222,0.1111111111111111,1,,493243382,False,False,ok,complete
493243421,38506,愛南町,55,30.0,11.0,0.5454545454545454,0.2,1,,493243423,False,False,ok,complete
493243491,38506,愛南町,18,7.0,3.0,0.3888888888888889,0.16666666666666666,0,,,False,False,ok,complete
493243493,38506,愛南町,96,48.0,20.0,0.5,0.20833333333333334,0,,,False,False,ok,complete
493243554,38506,愛南町,62,22.0,8.0,0.3548387096774194,0.12903225806451613,1,,493243552,False,False,ok,complete
493243564,38506,愛南町,20,9.0,2.0,0.45,0.1,0,,,False,False,ok,complete
493243574,38506,愛南町,116,50.0,25.0,0.43103448275862066,0.21551724137931033,0,,,False,False,ok,complete
493243621,38203,宇和島市,1,,,,,2,493243622,,True,True,ok,partial
493243622,38203,宇和島市,24,13.0,8.0,0.5416666666666666,0.3333333333333333,1,,493243621,False,False,ok,complete
493243624,38506,愛南町,113,53.0,26.0,0.4690265486725664,0.23008849557522124,0,,,False,False,ok,complete
493243642,38203,宇和島市,10,5.0,4.0,0.5,0.4,0,,,False,False,ok,complete
493243643,38506,愛南町,57,31.0,13.0,0.543859649122807,0.22807017543859648,0,,,False,False,ok,complete
493243654,38203,宇和島市,63,37.0,17.0,0.5873015873015873,0.2698412698412698,1,,493243752,False,False,ok,complete
493243663,38506,愛南町,21,15.0,7.0,0.7142857142857143,0.3333333333333333,0,,,False,False,ok,complete
493243672,38203,宇和島市,82,30.0,15.0,0.36585365853658536,0.18292682926829268,0,,,False,False,ok,complete
493243681,38506,愛南町,14,9.0,5.0,0.6428571428571429,0.35714285714285715,0,,,False,False,ok,complete
493243684,38203,宇和島市,48,25.0,16.0,0.5208333333333334,0.3333333333333333,0,,,False,False,ok,complete
493243724,38203,宇和島市,45,27.0,14.0,0.6,0.3111111111111111,1,,493243721,False,False,ok,complete
493243731,38506,愛南町,13,12.0,3.0,0.9230769230769231,0.23076923076923078,1,,493243734,False,False,ok,complete
493243733,38203,宇和島市,28,16.0,8.0,0.5714285714285714,0.2857142857142857,0,,,False,False,ok,complete
493243734,38203,宇和島市,7,,,,,2,493243731,,True,True,ok,partial
493243771,38203,宇和島市,84,33.0,15.0,0.39285714285714285,0.17857142857142858,0,,,False,False,ok,complete
493243782,38203,宇和島市,50,24.0,10.0,0.48,0.2,0,,,False,False,ok,complete
493243793,38203,宇和島市,91,31.0,20.0,0.34065934065934067,0.21978021978021978,0,,,False,False,ok,complete
493243883,38203,宇和島市,8,,,,,2,493243884,,True,True,ok,partial
493243884,38203,宇和島市,14,13.0,9.0,0.9285714285714286,0.6428571428571429,1,,493243883,False,False,ok,complete
493243974,38203,宇和島市,137,63.0,31.0,0.45985401459854014,0.22627737226277372,1,,493243972,False,False,ok,complete
493243983,38203,宇和島市,57,26.0,8.0,0.45614035087719296,0.14035087719298245,0,,,False,False,ok,complete
493243991,38203,宇和島市,49,19.0,9.0,0.3877551020408163,0.1836734693877551,0,,,False,False,ok,complete
493244004,38506,愛南町,8,,,,,1,,493244002;493244101,True,True,inconsistent_with_total,partial
493244011,38506,愛南町,34,21.0,7.0,0.6176470588235294,0.20588235294117646,0,,,False,False,ok,complete
493244041,38506,愛南町,3,,,,,2,493244261,,True,True,ok,partial
493244101,38506,愛南町,4,,,,,2,493244004,,True,True,ok,partial
493244174,38506,愛南町,42,26.0,12.0,0.6190476190476191,0.2857142857142857,0,,,False,False,ok,complete
493244181,38506,愛南町,8,,,,,2,493244183,,True,True,ok,partial
493244182,38506,愛南町,3,,,,,2,493244183,,True,True,ok,partial
493244183,38506,愛南町,4,,,,,1,,493244181;493244182;493244184,True,True,inconsistent_with_total,partial
493244184,38506,愛南町,1,,,,,2,493244183,,True,True,ok,partial
493244201,38506,愛南町,42,13.0,4.0,0.30952380952380953,0.09523809523809523,0,,,False,False,ok,complete
493244203,38506,愛南町,134,98.0,71.0,0.7313432835820896,0.5298507462686567,1,,493244204,False,False,ok,complete
493244204,38506,愛南町,6,,,,,2,493244203,,True,True,ok,partial
493244243,38506,愛南町,4,,,,,2,493244244,,True,True,ok,partial
493244244,38506,愛南町,10,10.0,4.0,1.0,0.4,1,,493244243,False,False,ok,complete
493244252,38506,愛南町,2,,,,,2,493244254,,True,True,ok,partial
493244253,38506,愛南町,22,13.0,7.0,0.5909090909090909,0.3181818181818182,1,,493244351,False,False,ok,complete
493244254,38506,愛南町,30,17.0,10.0,0.5666666666666667,0.3333333333333333,1,,493244252,False,False,ok,complete
493244261,38506,愛南町,31,,,,,1,,493244041;493244262;493244263;493244264,True,True,inconsistent_with_total,partial
493244262,38506,愛南町,7,,,,,2,493244261,,True,True,ok,partial
493244263,38506,愛南町,7,,,,,2,493244261,,True,True,ok,partial
493244264,38506,愛南町,7,,,,,2,493244261,,True,True,ok,partial
493244271,38506,愛南町,3,,,,,2,493244272,,True,True,ok,partial
493244272,38506,愛南町,36,19.0,11.0,0.5277777777777778,0.3055555555555556,1,,493244271,False,False,ok,complete
493244283,38506,愛南町,18,6.0,0.0,0.3333333333333333,0.0,1,,493244381,False,False,ok,complete
493244302,38506,愛南町,15,11.0,5.0,0.7333333333333333,0.3333333333333333,1,,493244304;493244602;493244604;493244611,False,False,ok,complete
493244304,38506,愛南町,6,,,,,2,493244302,,True,True,ok,partial
493244342,38506,愛南町,22,16.0,7.0,0.7272727272727273,0.3181818181818182,1,,493244344;493244623,False,False,ok,complete
493244344,38506,愛南町,2,,,,,2,493244342,,True,True,ok,partial
493244351,38506,愛南町,1,,,,,2,493244253,,True,True,ok,partial
493244381,38506,愛南町,2,,,,,2,493244283,,True,True,ok,partial
493244602,38203,宇和島市,1,,,,,2,493244302,,True,True,ok,partial
493244604,38203,宇和島市,1,,,,,2,493244302,,True,True,ok,partial
493244611,38203,宇和島市,1,,,,,2,493244302,,True,True,ok,partial
493244623,38203,宇和島市,1,,,,,2,493244342,,True,True,ok,partial
493244632,38203,宇和島市,7,,,,,2,493244643,,True,True,ok,partial
493244643,38203,宇和島市,2,,,,,1,,493244632;493244644;493244722;493244752,True,True,inconsistent_with_total,partial
493244644,38203,宇和島市,4,,,,,2,493244643,,True,True,ok,partial
493244722,38203,宇和島市,2,,,,,2,493244643,,True,True,ok,partial
493244752,38203,宇和島市,2,,,,,2,493244643,,True,True,ok,partial
493244761,38203,宇和島市,2,,,,,2,493244871,,True,True,ok,partial
493244763,38203,宇和島市,5,,,,,2,493244871,,True,True,ok,partial
493244801,38203,宇和島市,5,,,,,2,493244901,,True,True,ok,partial
493244803,38203,宇和島市,1,,,,,2,493244901,,True,True,ok,partial
493244804,38203,宇和島市,1,,,,,2,493244901,,True,True,ok,partial
493244811,38203,宇和島市,3,,,,,2,493244901,,True,True,ok,partial
493244813,38203,宇和島市,3,,,,,2,493244901,,True,True,ok,partial
493244871,38203,宇和島市,2,,,,,1,,493244761;493244763;493244991;493244994,True,True,inconsistent_with_total,partial
493244901,38203,宇和島市,6,,,,,1,,493244801;493244803;493244804;493244811;493244813,True,True,inconsistent_with_total,partial
493244903,38203,宇和島市,28,13.0,9.0,0.4642857142857143,0.32142857142857145,0,,,False,False,ok,complete
493244912,38203,宇和島市,5,,,,,2,493244914,,True,True,ok,partial
493244914,38203,宇和島市,16,9.0,2.0,0.5625,0.125,1,,493244912,False,False,ok,complete
493244991,38203,宇和島市,5,,,,,2,493244871,,True,True,ok,partial
493244994,38203,宇和島市,1,,,,,2,493244871,,True,True,ok,partial
493245041,38506,愛南町,5,,,,,2,493245044,,True,True,ok,partial
493245042,38506,愛南町,40,24.0,18.0,0.6,0.45,1,,493245164;493245173,False,False,ok,complete
493245043,38506,愛南町,5,,,,,2,493245044,,True,True,ok,partial
493245122,38506,愛南町,5,,,,,2,493245134,,True,True,ok,partial
493245133,38506,愛南町,11,5.0,2.0,0.45454545454545453,0.18181818181818182,0,,,False,False,ok,complete
493245134,38506,愛南町,17,12.0,7.0,0.7058823529411765,0.4117647058823529,1,,493245122,False,False,ok,complete
493252841,38203,宇和島市,75,40.0,13.0,0.5333333333333333,0.17333333333333334,0,,,False,False,ok,complete
493252842,38203,宇和島市,33,25.0,14.0,0.7575757575757576,0.42424242424242425,0,,,False,False,ok,complete
493253073,38203,宇和島市,27,16.0,8.0,0.5925925925925926,0.2962962962962963,0,,,False,False,ok,complete
493253074,38203,宇和島市,39,15.0,4.0,0.38461538461538464,0.10256410256410256,0,,,False,False,ok,complete
493253081,38203,宇和島市,110,47.0,24.0,0.42727272727272725,0.21818181818181817,0,,,False,False,ok,complete
493253183,38203,宇和島市,147,57.0,30.0,0.3877551020408163,0.20408163265306123,0,,,False,False,ok,complete
493253184,38203,宇和島市,36,17.0,4.0,0.4722222222222222,0.1111111111111111,0,,,False,False,ok,complete
493253283,38203,宇和島市,96,41.0,21.0,0.4270833333333333,0.21875,1,,493253381,False,False,ok,complete
493253292,38203,宇和島市,13,9.0,3.0,0.6923076923076923,0.23076923076923078,0,,,False,False,ok,complete
493253373,38203,宇和島市,41,17.0,4.0,0.4146341463414634,0.0975609756097561,0,,,False,False,ok,complete
493253374,38203,宇和島市,125,67.0,27.0,0.536,0.216,0,,,False,False,ok,complete
493253381,38203,宇和島市,4,,,,,2,493253283,,True,True,ok,partial
493253394,38203,宇和島市,29,13.0,4.0,0.4482758620689655,0.13793103448275862,0,,,False,False,ok,complete
493253471,38203,宇和島市,40,16.0,8.0,0.4,0.2,0,,,False,False,ok,complete
493253472,38203,宇和島市,14,10.0,4.0,0.7142857142857143,0.2857142857142857,1,,493253474,False,False,ok,complete
493253481,38203,宇和島市,21,9.0,4.0,0.42857142857142855,0.19047619047619047,0,,,False,False,ok,complete
493253661,38203,宇和島市,100,40.0,23.0,0.4,0.23,1,,493253563,False,False,ok,complete
493253664,38203,宇和島市,81,37.0,19.0,0.4567901234567901,0.2345679012345679,0,,,False,False,ok,complete
493253674,38203,宇和島市,31,15.0,7.0,0.4838709677419355,0.22580645161290322,0,,,False,False,ok,complete
493253684,38203,宇和島市,64,29.0,16.0,0.453125,0.25,0,,,False,False,ok,complete
493253692,38203,宇和島市,6,,,,,2,493253694,,True,True,ok,partial
493253694,38203,宇和島市,178,59.0,26.0,0.33146067415730335,0.14606741573033707,1,,493253692,False,False,ok,complete
493253753,38203,宇和島市,3,,,,,2,493253761,,True,True,ok,partial
493253761,38203,宇和島市,47,19.0,8.0,0.40425531914893614,0.1702127659574468,1,,493253752;493253753,False,False,ok,complete
493253771,38203,宇和島市,39,20.0,11.0,0.5128205128205128,0.28205128205128205,1,,493253774,False,False,ok,complete
493253772,38203,宇和島市,17,11.0,6.0,0.6470588235294118,0.35294117647058826,0,,,False,False,ok,complete
493253774,38203,宇和島市,8,,,,,2,493253771,,True,True,ok,partial
493253781,38203,宇和島市,217,97.0,50.0,0.4470046082949309,0.2304147465437788,1,,493253783,False,False,ok,complete
493253783,38203,宇和島市,4,,,,,2,493253781,,True,True,ok,partial
493253792,38203,宇和島市,15,0.0,0.0,0.0,0.0,0,,,False,False,ok,complete
493253842,38203,宇和島市,62,28.0,19.0,0.45161290322580644,0.3064516129032258,0,,,False,False,ok,complete
493253964,38203,宇和島市,6,,,,,2,493253984,,True,True,ok,partial
493253984,38203,宇和島市,61,42.0,24.0,0.6885245901639344,0.39344262295081966,1,,493253964;493253993,False,False,ok,complete
493253993,38203,宇和島市,3,,,,,2,493253984,,True,True,ok,partial
493254001,38203,宇和島市,62,32.0,18.0,0.5161290322580645,0.2903225806451613,0,,,False,False,ok,complete
493254002,38203,宇和島市,62,21.0,8.0,0.3387096774193548,0.12903225806451613,0,,,False,False,ok,complete
493254004,38203,宇和島市,47,29.0,12.0,0.6170212765957447,0.2553191489361702,0,,,False,False,ok,complete
493254011,38203,宇和島市,60,15.0,4.0,0.25,0.06666666666666667,0,,,False,False,ok,complete
493254012,38203,宇和島市,68,23.0,11.0,0.3382352941176471,0.16176470588235295,1,,493254014,False,False,ok,complete
493254013,38203,宇和島市,154,46.0,24.0,0.2987012987012987,0.15584415584415584,0,,,False,False,ok,complete
493254014,38203,宇和島市,8,,,,,2,493254012,,True,True,ok,partial
493254022,38203,宇和島市,3,,,,,2,493254024,,True,True,ok,partial
493254024,38203,宇和島市,11,9.0,7.0,0.8181818181818182,0.6363636363636364,1,,493254022,False,False,ok,complete
493254044,38203,宇和島市,1,,,,,2,493254252,,True,True,ok,partial
493254094,38203,宇和島市,5,,,,,2,493254194,,True,True,ok,partial
493254104,38203,宇和島市,48,24.0,11.0,0.5,0.22916666666666666,0,,,False,False,ok,complete
493254111,38203,宇和島市,7,,,,,2,493254113,,True,True,ok,partial
493254113,38203,宇和島市,59,23.0,5.0,0.3898305084745763,0.0847457627118644,1,,493254111,False,False,ok,complete
493254121,38203,宇和島市,3,,,,,2,493254124,,True,True,ok,partial
493254124,38203,宇和島市,32,16.0,8.0,0.5,0.25,1,,493254121,False,False,ok,complete
493254133,38203,宇和島市,7,,,,,2,493254231,,True,True,ok,partial
493254151,38203,宇和島市,1,,,,,2,493254261,,True,True,ok,partial
493254152,38203,宇和島市,2,,,,,2,493254261,,True,True,ok,partial
493254174,38203,宇和島市,12,7.0,3.0,0.5833333333333334,0.25,1,,493254381,False,False,ok,complete
493254182,38203,宇和島市,1,,,,,2,493254194,,True,True,ok,partial
493254184,38203,宇和島市,6,,,,,2,493254194,,True,True,ok,partial
493254193,38203,宇和島市,3,,,,,2,493254194,,True,True,ok,partial
493254194,38203,宇和島市,69,53.0,31.0,0.7681159420289855,0.4492753623188406,1,,493254094;493254182;493254184;493254193;493254292,False,False,ok,complete
493254201,38203,宇和島市,39,16.0,6.0,0.41025641025641024,0.15384615384615385,0,,,False,False,ok,complete
493254202,38203,宇和島市,26,13.0,4.0,0.5,0.15384615384615385,0,,,False,False,ok,complete
493254203,38203,宇和島市,56,26.0,12.0,0.4642857142857143,0.21428571428571427,0,,,False,False,ok,complete
493254204,38203,宇和島市,54,22.0,11.0,0.4074074074074074,0.2037037037037037,0,,,False,False,ok,complete
493254213,38203,宇和島市,18,6.0,3.0,0.3333333333333333,0.16666666666666666,0,,,False,False,ok,complete
493254231,38203,宇和島市,67,32.0,12.0,0.47761194029850745,0.1791044776119403,1,,493254133,False,False,ok,complete
493254233,38203,宇和島市,49,19.0,13.0,0.3877551020408163,0.2653061224489796,0,,,False,False,ok,complete
493254234,38203,宇和島市,40,25.0,13.0,0.625,0.325,0,,,False,False,ok,complete
493254252,38203,宇和島市,9,5.0,3.0,0.5555555555555556,0.3333333333333333,1,,493254044;493254254,False,False,ok,complete
493254254,38203,宇和島市,2,,,,,2,493254252,,True,True,ok,partial
493254261,38203,宇和島市,10,1.0,1.0,0.1,0.1,1,,493254151;493254152,False,False,ok,complete
493254263,38203,宇和島市,87,79.0,71.0,0.9080459770114943,0.8160919540229885,1,,493254361,False,False,ok,complete
493254292,38203,宇和島市,3,,,,,2,493254194,,True,True,ok,partial
493254303,38203,宇和島市,2,,,,,2,493254401,,True,True,ok,partial
493254311,38203,宇和島市,50,17.0,10.0,0.34,0.2,0,,,False,False,ok,complete
493254312,38203,宇和島市,17,6.0,5.0,0.35294117647058826,0.29411764705882354,0,,,False,False,ok,complete
493254314,38203,宇和島市,62,23.0,8.0,0.3709677419354839,0.12903225806451613,0,,,False,False,ok,complete
493254331,38203,宇和島市,52,22.0,14.0,0.4230769230769231,0.2692307692307692,0,,,False,False,ok,complete
493254332,38203,宇和島市,40,17.0,7.0,0.425,0.175,0,,,False,False,ok,complete
493254333,38203,宇和島市,31,5.0,2.0,0.16129032258064516,0.06451612903225806,0,,,False,False,ok,complete
493254334,38203,宇和島市,28,17.0,13.0,0.6071428571428571,0.4642857142857143,0,,,False,False,ok,complete
493254352,38203,宇和島市,13,6.0,5.0,0.46153846153846156,0.38461538461538464,0,,,False,False,ok,complete
493254353,38203,宇和島市,23,9.0,7.0,0.391304347826087,0.30434782608695654,0,,,False,False,ok,complete
493254354,38203,宇和島市,68,44.0,21.0,0.6470588235294118,0.3088235294117647,0,,,False,False,ok,complete
493254361,38203,宇和島市,7,,,,,2,493254263,,True,True,ok,partial
493254381,38203,宇和島市,2,,,,,2,493254174,,True,True,ok,partial
493254401,38203,宇和島市,85,30.0,16.0,0.35294117647058826,0.18823529411764706,1,,493254303,False,False,ok,complete
493254402,38203,宇和島市,19,8.0,4.0,0.42105263157894735,0.21052631578947367,0,,,False,False,ok,complete
493254403,38203,宇和島市,6,,,,,2,493254404,,True,True,ok,partial
493254404,38203,宇和島市,29,12.0,3.0,0.41379310344827586,0.10344827586206896,1,,493254403,False,False,ok,complete
493254411,38203,宇和島市,227,81.0,40.0,0.3568281938325991,0.1762114537444934,0,,,False,False,ok,complete
493254412,38203,宇和島市,182,69.0,34.0,0.3791208791208791,0.18681318681318682,0,,,False,False,ok,complete
493254413,38203,宇和島市,240,53.0,28.0,0.22083333333333333,0.11666666666666667,0,,,False,False,ok,complete
493254414,38203,宇和島市,391,185.0,111.0,0.4731457800511509,0.28388746803069054,0,,,False,False,ok,complete
493254432,38203,宇和島市,10,5.0,2.0,0.5,0.2,0,,,False,False,ok,complete
493254434,38203,宇和島市,101,47.0,26.0,0.46534653465346537,0.25742574257425743,0,,,False,False,ok,complete
493254441,38203,宇和島市,2,,,,,2,493254443,,True,True,ok,partial
493254443,38203,宇和島市,177,77.0,49.0,0.4350282485875706,0.2768361581920904,1,,493254441,False,False,ok,complete
493254444,38203,宇和島市,62,22.0,10.0,0.3548387096774194,0.16129032258064516,0,,,False,False,ok,complete
493254451,38203,宇和島市,101,34.0,18.0,0.33663366336633666,0.1782178217821782,0,,,False,False,ok,complete
493254452,38203,宇和島市,31,21.0,12.0,0.6774193548387096,0.3870967741935484,0,,,False,False,ok,complete
493254453,38203,宇和島市,58,25.0,14.0,0.43103448275862066,0.2413793103448276,0,,,False,False,ok,complete
493254501,38203,宇和島市,274,91.0,39.0,0.33211678832116787,0.14233576642335766,0,,,False,False,ok,complete
493254503,38203,宇和島市,40,21.0,12.0,0.525,0.3,0,,,False,False,ok,complete
493254504,38203,宇和島市,17,4.0,0.0,0.23529411764705882,0.0,0,,,False,False,ok,complete
493254511,38203,宇和島市,59,22.0,14.0,0.3728813559322034,0.23728813559322035,0,,,False,False,ok,complete
493254512,38203,宇和島市,276,81.0,39.0,0.29347826086956524,0.14130434782608695,0,,,False,False,ok,complete
493254514,38203,宇和島市,279,110.0,72.0,0.3942652329749104,0.25806451612903225,0,,,False,False,ok,complete
493254521,38203,宇和島市,54,16.0,9.0,0.2962962962962963,0.16666666666666666,0,,,False,False,ok,complete
493254522,38203,宇和島市,20,7.0,4.0,0.35,0.2,0,,,False,False,ok,complete
493254523,38203,宇和島市,89,67.0,56.0,0.7528089887640449,0.6292134831460674,0,,,False,False,ok,complete
493254524,38203,宇和島市,46,21.0,9.0,0.45652173913043476,0.1956521739130435,0,,,False,False,ok,complete
493254531,38203,宇和島市,115,33.0,23.0,0.28695652173913044,0.2,0,,,False,False,ok,complete
493254532,38203,宇和島市,73,25.0,19.0,0.3424657534246575,0.2602739726027397,0,,,False,False,ok,complete
493254533,38203,宇和島市,46,16.0,5.0,0.34782608695652173,0.10869565217391304,0,,,False,False,ok,complete
493254541,38203,宇和島市,97,52.0,20.0,0.5360824742268041,0.20618556701030927,1,,493254542,False,False,ok,complete
493254542,38203,宇和島市,11,,,,,2,493254541,,True,True,ok,partial
493254543,38203,宇和島市,38,17.0,7.0,0.4473684210526316,0.18421052631578946,0,,,False,False,ok,complete
493254544,38203,宇和島市,16,6.0,1.0,0.375,0.0625,0,,,False,False,ok,complete
493254551,38203,宇和島市,86,46.0,17.0,0.5348837209302325,0.19767441860465115,0,,,False,False,ok,complete
493254552,38203,宇和島市,42,22.0,11.0,0.5238095238095238,0.2619047619047619,1,,493254674;493254772;493254773,False,False,ok,complete
493254601,38203,宇和島市,43,24.0,15.0,0.5581395348837209,0.3488372093023256,0,,,False,False,ok,complete
493254602,38203,宇和島市,21,10.0,9.0,0.47619047619047616,0.42857142857142855,0,,,False,False,ok,complete
493254603,38203,宇和島市,39,19.0,11.0,0.48717948717948717,0.28205128205128205,0,,,False,False,ok,complete
493254604,38203,宇和島市,20,7.0,2.0,0.35,0.1,0,,,False,False,ok,complete
493254612,38203,宇和島市,133,64.0,30.0,0.48120300751879697,0.22556390977443608,1,,493254614,False,False,ok,complete
493254614,38203,宇和島市,7,,,,,2,493254612,,True,True,ok,partial
493254621,38203,宇和島市,101,30.0,16.0,0.297029702970297,0.15841584158415842,0,,,False,False,ok,complete
493254623,38203,宇和島市,54,19.0,10.0,0.35185185185185186,0.18518518518518517,0,,,False,False,ok,complete
493254641,38203,宇和島市,1,,,,,2,493254643,,True,True,ok,partial
493254643,38203,宇和島市,15,13.0,8.0,0.8666666666666667,0.5333333333333333,1,,493254641;493254741,False,False,ok,complete
493254674,38203,宇和島市,1,,,,,2,493254552,,True,True,ok,partial
493254702,38203,宇和島市,28,14.0,8.0,0.5,0.2857142857142857,0,,,False,False,ok,complete
493254712,38203,宇和島市,16,8.0,5.0,0.5,0.3125,1,,493254714;493254812;493254903,False,False,ok,complete
493254714,38203,宇和島市,3,,,,,2,493254712,,True,True,ok,partial
493254721,38203,宇和島市,103,43.0,28.0,0.4174757281553398,0.27184466019417475,1,,493254723,False,False,ok,complete
493254723,38203,宇和島市,2,,,,,2,493254721,,True,True,ok,partial
493254741,38203,宇和島市,7,,,,,2,493254643,,True,True,ok,partial
493254772,38203,宇和島市,3,,,,,2,493254552,,True,True,ok,partial
493254773,38203,宇和島市,5,,,,,2,493254552,,True,True,ok,partial
493254812,38203,宇和島市,2,,,,,2,493254712,,True,True,ok,partial
493254833,38203,宇和島市,1,,,,,2,493254934,,True,True,ok,partial
493254903,38203,宇和島市,5,,,,,2,493254712,,True,True,ok,partial
493254932,38203,宇和島市,3,,,,,2,493254934,,True,True,ok,partial
493254934,38203,宇和島市,68,39.0,18.0,0.5735294117647058,0.2647058823529412,1,,493254833;493254932;493254943,False,False,ok,complete
493254943,38203,宇和島市,6,,,,,2,493254934,,True,True,ok,partial
493255001,38203,宇和島市,7,,,,,2,493255003,,True,True,ok,partial
493255003,38203,宇和島市,29,21.0,14.0,0.7241379310344828,0.4827586206896552,1,,493255001;493255004,False,False,ok,complete
493255004,38203,宇和島市,4,,,,,2,493255003,,True,True,ok,partial
493255013,38203,宇和島市,6,,,,,2,493255014,,True,True,ok,partial
493255014,38203,宇和島市,19,19.0,4.0,1.0,0.21052631578947367,1,,493255013;493255023,False,False,ok,complete
493255023,38203,宇和島市,4,,,,,2,493255014,,True,True,ok,partial
493255101,38203,宇和島市,6,,,,,2,493255102,,True,True,ok,partial
493255102,38203,宇和島市,4,,,,,1,,493255101,True,True,inconsistent_with_total,partial
493255103,38203,宇和島市,25,15.0,6.0,0.6,0.24,0,,,False,False,ok,complete
493255104,38203,宇和島市,40,22.0,16.0,0.55,0.4,0,,,False,False,ok,complete
493255112,38203,宇和島市,21,10.0,7.0,0.47619047619047616,0.3333333333333333,0,,,False,False,ok,complete
493255113,38203,宇和島市,8,,,,,2,493255114,,True,True,ok,partial
493255114,38203,宇和島市,5,,,,,1,,493255113,True,True,inconsistent_with_total,partial
493255201,38203,宇和島市,9,,,,,2,493255202,,True,True,ok,partial
493255202,38203,宇和島市,1,,,,,1,,493255201,True,True,inconsistent_with_total,partial
493262014,38203,宇和島市,49,22.0,11.0,0.4489795918367347,0.22448979591836735,0,,,False,False,ok,complete
493262031,38203,宇和島市,11,6.0,4.0,0.5454545454545454,0.36363636363636365,1,,493262034,False,False,ok,complete
493262112,38203,宇和島市,9,3.0,0.0,0.3333333333333333,0.0,0,,,False,False,ok,complete
493262384,38203,宇和島市,94,51.0,31.0,0.5425531914893617,0.32978723404255317,1,,493262482,False,False,ok,complete
493262482,38203,宇和島市,3,,,,,2,493262384,,True,True,ok,partial
493262492,38203,宇和島市,13,5.0,4.0,0.38461538461538464,0.3076923076923077,1,,493262494,False,False,ok,complete
493262494,38203,宇和島市,2,,,,,2,493262492,,True,True,ok,partial
493263061,38203,宇和島市,80,47.0,25.0,0.5875,0.3125,0,,,False,False,ok,complete
493263071,38203,宇和島市,12,10.0,3.0,0.8333333333333334,0.25,0,,,False,False,ok,complete
493263073,38203,宇和島市,62,39.0,17.0,0.6290322580645161,0.27419354838709675,0,,,False,False,ok,complete
493263081,38203,宇和島市,95,60.0,31.0,0.631578947368421,0.3263157894736842,1,,493263082,False,False,ok,complete
493263082,38203,宇和島市,8,,,,,2,493263081,,True,True,ok,partial
493263094,38203,宇和島市,17,,,,,1,,493263092;493263192,True,True,inconsistent_with_total,partial
493263171,38203,宇和島市,33,15.0,5.0,0.45454545454545453,0.15151515151515152,0,,,False,False,ok,complete
493263221,38203,宇和島市,18,12.0,3.0,0.6666666666666666,0.16666666666666666,0,,,False,False,ok,complete
493263262,38203,宇和島市,55,24.0,13.0,0.43636363636363634,0.23636363636363636,0,,,False,False,ok,complete
493263321,38203,宇和島市,8,,,,,2,493263322,,True,True,ok,partial
493263322,38203,宇和島市,62,40.0,18.0,0.6451612903225806,0.2903225806451613,1,,493263321;493263333,False,False,ok,complete
493263323,38203,宇和島市,45,33.0,17.0,0.7333333333333333,0.37777777777777777,0,,,False,False,ok,complete
493263352,38203,宇和島市,119,72.0,36.0,0.6050420168067226,0.3025210084033613,0,,,False,False,ok,complete
493263361,38203,宇和島市,166,68.0,29.0,0.40963855421686746,0.1746987951807229,0,,,False,False,ok,complete
493263421,38203,宇和島市,44,13.0,6.0,0.29545454545454547,0.13636363636363635,0,,,False,False,ok,complete
493263442,38203,宇和島市,13,10.0,7.0,0.7692307692307693,0.5384615384615384,0,,,False,False,ok,complete
493263451,38203,宇和島市,62,24.0,11.0,0.3870967741935484,0.1774193548387097,0,,,False,False,ok,complete
493263461,38203,宇和島市,8,,,,,2,493263462,,True,True,ok,partial
493264001,38203,宇和島市,110,99.0,67.0,0.9,0.6090909090909091,1,,493264002,False,False,ok,complete
493264003,38203,宇和島市,82,42.0,18.0,0.5121951219512195,0.21951219512195122,0,,,False,False,ok,complete
493264011,38203,宇和島市,25,12.0,3.0,0.48,0.12,1,,493264014,False,False,ok,complete
493264013,38203,宇和島市,151,75.0,32.0,0.4966887417218543,0.2119205298013245,1,,493264111,False,False,ok,complete
493264014,38203,宇和島市,6,,,,,2,493264011,,True,True,ok,partial
493264032,38203,宇和島市,17,10.0,8.0,0.5882352941176471,0.47058823529411764,0,,,False,False,ok,complete
493264041,38203,宇和島市,112,60.0,33.0,0.5357142857142857,0.29464285714285715,0,,,False,False,ok,complete
493264042,38203,宇和島市,5,,,,,2,493264044,,True,True,ok,partial
493264043,38203,宇和島市,146,44.0,13.0,0.3013698630136986,0.08904109589041095,0,,,False,False,ok,complete
493264044,38203,宇和島市,133,109.0,90.0,0.8195488721804511,0.6766917293233082,1,,493264042,False,False,ok,complete
493264051,38203,宇和島市,8,,,,,2,493264053,,True,True,ok,partial
493264053,38203,宇和島市,3,3.0,0.0,1.0,0.0,1,,493264051,False,False,ok,complete
493264111,38203,宇和島市,7,,,,,2,493264013,,True,True,ok,partial
493264123,38203,宇和島市,25,16.0,11.0,0.64,0.44,1,,493264124,False,False,ok,complete
493264124,38203,宇和島市,5,,,,,2,493264123,,True,True,ok,partial
493264132,38203,宇和島市,29,12.0,7.0,0.41379310344827586,0.2413793103448276,0,,,False,False,ok,complete
493264133,38203,宇和島市,9,,,,,2,493264134,,True,True,ok,partial
493264134,38203,宇和島市,241,108.0,42.0,0.44813278008298757,0.17427385892116182,1,,493264133,False,False,ok,complete
493264141,38203,宇和島市,170,66.0,30.0,0.38823529411764707,0.17647058823529413,0,,,False,False,ok,complete
493264142,38203,宇和島市,22,9.0,8.0,0.4090909090909091,0.36363636363636365,0,,,False,False,ok,complete
493264143,38203,宇和島市,317,74.0,40.0,0.2334384858044164,0.12618296529968454,0,,,False,False,ok,complete
493264151,38203,宇和島市,19,4.0,2.0,0.21052631578947367,0.10526315789473684,0,,,False,False,ok,complete
493264204,38203,宇和島市,12,,,,,2,493264202,,True,True,ok,partial
493264213,38203,宇和島市,1,,,,,2,493264202,,True,True,ok,partial
493264231,38203,宇和島市,28,25.0,21.0,0.8928571428571429,0.75,0,,,False,False,ok,complete
493264232,38203,宇和島市,402,191.0,111.0,0.47512437810945274,0.27611940298507465,0,,,False,False,ok,complete
493264233,38203,宇和島市,21,6.0,1.0,0.2857142857142857,0.047619047619047616,0,,,False,False,ok,complete
493264234,38203,宇和島市,604,341.0,232.0,0.5645695364238411,0.3841059602649007,0,,,False,False,ok,complete
493264241,38203,宇和島市,172,68.0,22.0,0.3953488372093023,0.12790697674418605,0,,,False,False,ok,complete
493264301,38203,宇和島市,21,6.0,5.0,0.2857142857142857,0.23809523809523808,0,,,False,False,ok,complete
493264303,38203,宇和島市,9,,,,,2,493264302,,True,True,ok,partial
493264321,38203,宇和島市,14,,,,,1,,493264322,True,True,inconsistent_with_total,partial
493264322,38203,宇和島市,26,,,,,2,493264321,,True,True,ok,partial
493264331,38203,宇和島市,1,,,,,2,493264332,,True,True,ok,partial
493264332,38203,宇和島市,559,233.0,107.0,0.41681574239713776,0.19141323792486584,1,,493264331,False,False,ok,complete
493264333,38203,宇和島市,77,23.0,10.0,0.2987012987012987,0.12987012987012986,0,,,False,False,ok,complete
493264334,38203,宇和島市,576,144.0,79.0,0.25,0.1371527777777778,0,,,False,False,ok,complete
493264341,38203,宇和島市,378,194.0,93.0,0.5132275132275133,0.24603174603174602,0,,,False,False,ok,complete
493264342,38203,宇和島市,263,147.0,78.0,0.55893536121673,0.2965779467680608,1,,493264344,False,False,ok,complete
493264343,38203,宇和島市,134,35.0,16.0,0.26119402985074625,0.11940298507462686,0,,,False,False,ok,complete
493264344,38203,宇和島市,5,,,,,2,493264342,,True,True,ok,partial
493264351,38203,宇和島市,176,63.0,22.0,0.35795454545454547,0.125,0,,,False,False,ok,complete
493264352,38203,宇和島市,33,8.0,6.0,0.24242424242424243,0.18181818181818182,0,,,False,False,ok,complete
493264353,38203,宇和島市,87,35.0,25.0,0.40229885057471265,0.28735632183908044,0,,,False,False,ok,complete
493264401,38203,宇和島市,88,38.0,18.0,0.4318181818181818,0.20454545454545456,0,,,False,False,ok,complete
493264403,38203,宇和島市,41,11.0,7.0,0.2682926829268293,0.17073170731707318,0,,,False,False,ok,complete
493264404,38203,宇和島市,122,71.0,24.0,0.5819672131147541,0.19672131147540983,0,,,False,False,ok,complete
493264431,38203,宇和島市,18,12.0,10.0,0.6666666666666666,0.5555555555555556,0,,,False,False,ok,complete
493264432,38203,宇和島市,645,119.0,47.0,0.18449612403100776,0.07286821705426356,0,,,False,False,ok,complete
493264434,38203,宇和島市,437,142.0,67.0,0.32494279176201374,0.15331807780320367,0,,,False,False,ok,complete
493264441,38203,宇和島市,741,206.0,102.0,0.27800269905533065,0.13765182186234817,0,,,False,False,ok,complete
493264442,38203,宇和島市,313,130.0,70.0,0.41533546325878595,0.22364217252396165,0,,,False,False,ok,complete
493264443,38203,宇和島市,1775,558.0,263.0,0.3143661971830986,0.14816901408450706,0,,,False,False,ok,complete
493264444,38203,宇和島市,750,172.0,87.0,0.22933333333333333,0.116,0,,,False,False,ok,complete
493264451,38203,宇和島市,99,27.0,10.0,0.2727272727272727,0.10101010101010101,0,,,False,False,ok,complete
493264452,38203,宇和島市,2,,,,,2,493264454,,True,True,ok,partial
493264454,38203,宇和島市,63,21.0,6.0,0.3333333333333333,0.09523809523809523,1,,493264452,False,False,ok,complete
493264511,38203,宇和島市,66,44.0,25.0,0.6666666666666666,0.3787878787878788,0,,,False,False,ok,complete
493264513,38203,宇和島市,86,35.0,17.0,0.4069767441860465,0.19767441860465115,0,,,False,False,ok,complete
493264523,38203,宇和島市,141,77.0,33.0,0.5460992907801419,0.23404255319148937,0,,,False,False,ok,complete
493264524,38203,宇和島市,99,34.0,20.0,0.3434343434343434,0.20202020202020202,0,,,False,False,ok,complete
493264531,38203,宇和島市,222,13.0,3.0,0.05855855855855856,0.013513513513513514,0,,,False,False,ok,complete
493264532,38203,宇和島市,1764,534.0,218.0,0.30272108843537415,0.1235827664399093,0,,,False,False,ok,complete
493264533,38203,宇和島市,39,12.0,8.0,0.3076923076923077,0.20512820512820512,0,,,False,False,ok,complete
493264534,38203,宇和島市,296,83.0,38.0,0.28040540540540543,0.12837837837837837,0,,,False,False,ok,complete
493264541,38203,宇和島市,1090,282.0,128.0,0.25871559633027524,0.11743119266055047,0,,,False,False,ok,complete
493264542,38203,宇和島市,1689,568.0,299.0,0.33629366489046775,0.17702782711663706,0,,,False,False,ok,complete
493264543,38203,宇和島市,626,166.0,75.0,0.26517571884984026,0.11980830670926518,0,,,False,False,ok,complete
493264544,38203,宇和島市,885,255.0,134.0,0.288135593220339,0.15141242937853108,0,,,False,False,ok,complete
493264551,38203,宇和島市,356,160.0,74.0,0.449438202247191,0.20786516853932585,0,,,False,False,ok,complete
493264552,38203,宇和島市,263,114.0,54.0,0.43346007604562736,0.20532319391634982,0,,,False,False,ok,complete
493264553,38203,宇和島市,1194,467.0,257.0,0.39112227805695143,0.2152428810720268,0,,,False,False,ok,complete
493264554,38203,宇和島市,1196,543.0,327.0,0.4540133779264214,0.2734113712374582,0,,,False,False,ok,complete
493264561,38203,宇和島市,132,64.0,25.0,0.48484848484848486,0.1893939393939394,1,,493264562,False,False,ok,complete
493264562,38203,宇和島市,1,,,,,2,493264561,,True,True,ok,partial
493264563,38203,宇和島市,140,76.0,45.0,0.5428571428571428,0.32142857142857145,0,,,False,False,ok,complete
493264614,38203,宇和島市,234,142.0,89.0,0.6068376068376068,0.3803418803418803,0,,,False,False,ok,complete
493264632,38203,宇和島市,255,89.0,41.0,0.34901960784313724,0.1607843137254902,0,,,False,False,ok,complete
493264641,38203,宇和島市,226,75.0,44.0,0.33185840707964603,0.19469026548672566,0,,,False,False,ok,complete
493264643,38203,宇和島市,233,94.0,38.0,0.4034334763948498,0.1630901287553648,0,,,False,False,ok,complete
493264644,38203,宇和島市,899,290.0,144.0,0.3225806451612903,0.16017797552836485,0,,,False,False,ok,complete
493264651,38203,宇和島市,882,368.0,210.0,0.41723356009070295,0.23809523809523808,0,,,False,False,ok,complete
493264652,38203,宇和島市,1157,437.0,230.0,0.3777009507346586,0.19878997407087295,0,,,False,False,ok,complete
493264653,38203,宇和島市,1215,487.0,261.0,0.4008230452674897,0.21481481481481482,0,,,False,False,ok,complete
493264654,38203,宇和島市,1231,417.0,223.0,0.338748984565394,0.18115353371242893,0,,,False,False,ok,complete
493264661,38203,宇和島市,387,146.0,75.0,0.3772609819121447,0.1937984496124031,0,,,False,False,ok,complete
493264662,38203,宇和島市,75,35.0,15.0,0.4666666666666667,0.2,0,,,False,False,ok,complete
493264663,38203,宇和島市,270,57.0,34.0,0.2111111111111111,0.1259259259259259,0,,,False,False,ok,complete
493264721,38203,宇和島市,41,22.0,6.0,0.5365853658536586,0.14634146341463414,0,,,False,False,ok,complete
493264722,38203,宇和島市,95,48.0,31.0,0.5052631578947369,0.3263157894736842,0,,,False,False,ok,complete
493264731,38203,宇和島市,18,8.0,4.0,0.4444444444444444,0.2222222222222222,0,,,False,False,ok,complete
493264743,38203,宇和島市,42,21.0,8.0,0.5,0.19047619047619047,0,,,False,False,ok,complete
493264744,38203,宇和島市,201,85.0,47.0,0.4228855721393035,0.23383084577114427,0,,,False,False,ok,complete
493264751,38203,宇和島市,1183,540.0,300.0,0.45646661031276414,0.25359256128486896,0,,,False,False,ok,complete
493264752,38203,宇和島市,400,132.0,57.0,0.33,0.1425,0,,,False,False,ok,complete
493264753,38203,宇和島市,421,183.0,101.0,0.4346793349168646,0.23990498812351543,0,,,False,False,ok,complete
493264754,38203,宇和島市,1670,670.0,357.0,0.40119760479041916,0.21377245508982035,0,,,False,False,ok,complete
493264761,38203,宇和島市,111,18.0,8.0,0.16216216216216217,0.07207207207207207,0,,,False,False,ok,complete
493264763,38203,宇和島市,351,114.0,45.0,0.3247863247863248,0.1282051282051282,0,,,False,False,ok,complete
493264832,38203,宇和島市,96,29.0,16.0,0.3020833333333333,0.16666666666666666,0,,,False,False,ok,complete
493264833,38203,宇和島市,28,16.0,8.0,0.5714285714285714,0.2857142857142857,0,,,False,False,ok,complete
493264834,38203,宇和島市,354,150.0,70.0,0.423728813559322,0.1977401129943503,0,,,False,False,ok,complete
493264841,38203,宇和島市,325,154.0,93.0,0.47384615384615386,0.28615384615384615,0,,,False,False,ok,complete
493264843,38203,宇和島市,709,294.0,150.0,0.4146685472496474,0.21156558533145275,0,,,False,False,ok,complete
493264852,38203,宇和島市,1219,412.0,209.0,0.3379819524200164,0.17145200984413453,0,,,False,False,ok,complete
493264853,38203,宇和島市,70,27.0,10.0,0.38571428571428573,0.14285714285714285,0,,,False,False,ok,complete
493264854,38203,宇和島市,445,130.0,66.0,0.29213483146067415,0.14831460674157304,0,,,False,False,ok,complete
493264861,38203,宇和島市,1298,532.0,286.0,0.4098613251155624,0.22033898305084745,0,,,False,False,ok,complete
493264862,38203,宇和島市,316,144.0,58.0,0.45569620253164556,0.18354430379746836,0,,,False,False,ok,complete
493264863,38203,宇和島市,589,159.0,84.0,0.2699490662139219,0.14261460101867574,0,,,False,False,ok,complete
493264864,38203,宇和島市,980,321.0,153.0,0.32755102040816325,0.15612244897959185,0,,,False,False,ok,complete
493264871,38203,宇和島市,2,,,,,2,493264873,,True,True,ok,partial
493264873,38203,宇和島市,117,46.0,24.0,0.39316239316239315,0.20512820512820512,1,,493264692;493264694;493264871;493264874,False,False,ok,complete
493264874,38203,宇和島市,3,,,,,2,493264873,,True,True,ok,partial
493264932,38203,宇和島市,121,52.0,32.0,0.4297520661157025,0.2644628099173554,0,,,False,False,ok,complete
493264941,38203,宇和島市,135,69.0,32.0,0.5111111111111111,0.23703703703703705,0,,,False,False,ok,complete
493264951,38203,宇和島市,100,34.0,15.0,0.34,0.15,0,,,False,False,ok,complete
493264952,38203,宇和島市,343,141.0,79.0,0.4110787172011662,0.2303206997084548,0,,,False,False,ok,complete
493264953,38203,宇和島市,22,9.0,3.0,0.4090909090909091,0.13636363636363635,0,,,False,False,ok,complete
493264954,38203,宇和島市,31,22.0,17.0,0.7096774193548387,0.5483870967741935,0,,,False,False,ok,complete
493264961,38203,宇和島市,14,0.0,0.0,0.0,0.0,0,,,False,False,ok,complete
493264962,38203,宇和島市,25,8.0,1.0,0.32,0.04,0,,,False,False,ok,complete
493272894,38214,西予市,2,,,,,2,493273811,,True,True,ok,partial
493273074,38203,宇和島市,39,25.0,9.0,0.6410256410256411,0.23076923076923078,1,,493273172,False,False,ok,complete
493273292,38203,宇和島市,58,29.0,12.0,0.5,0.20689655172413793,0,,,False,False,ok,complete
493273294,38203,宇和島市,85,40.0,24.0,0.47058823529411764,0.2823529411764706,0,,,False,False,ok,complete
493273391,38203,宇和島市,16,10.0,5.0,0.625,0.3125,0,,,False,False,ok,complete
493273491,38203,宇和島市,6,,,,,2,493273493,,True,True,ok,partial
493273492,38203,宇和島市,63,33.0,8.0,0.5238095238095238,0.12698412698412698,0,,,False,False,ok,complete
493273493,38203,宇和島市,69,31.0,15.0,0.4492753623188406,0.21739130434782608,1,,493273491,False,False,ok,complete
493273494,38203,宇和島市,40,21.0,13.0,0.525,0.325,0,,,False,False,ok,complete
493273591,38203,宇和島市,22,8.0,7.0,0.36363636363636365,0.3181818181818182,0,,,False,False,ok,complete
493273634,38214,西予市,14,4.0,2.0,0.2857142857142857,0.14285714285714285,0,,,False,False,ok,complete
493273732,38214,西予市,3,,,,,2,493273734,,True,True,ok,partial
493273734,38214,西予市,158,93.0,48.0,0.5886075949367089,0.3037974683544304,1,,493273732,False,False,ok,complete
493273753,38214,西予市,20,,,,,2,493273842,,True,True,ok,partial
493273764,38214,西予市,20,10.0,7.0,0.5,0.35,0,,,False,False,ok,complete
493273812,38214,西予市,170,101.0,63.0,0.5941176470588235,0.37058823529411766,0,,,False,False,ok,complete
493273841,38214,西予市,62,32.0,14.0,0.5161290322580645,0.22580645161290322,0,,,False,False,ok,complete
493273842,38214,西予市,135,90.0,58.0,0.6666666666666666,0.42962962962962964,1,,493273753,False,False,ok,complete
493273843,38214,西予市,19,13.0,9.0,0.6842105263157895,0.47368421052631576,0,,,False,False,ok,complete
493273844,38214,西予市,296,182.0,115.0,0.6148648648648649,0.3885135135135135,1,,493273954,False,False,ok,complete
493273871,38214,西予市,226,218.0,166.0,0.9646017699115044,0.7345132743362832,1,,493273873,False,False,ok,complete
493273872,38214,西予市,76,34.0,19.0,0.4473684210526316,0.25,0,,,False,False,ok,complete
493273873,38214,西予市,117,,,,,2,493273871,,True,True,ok,partial
493273881,38214,西予市,102,57.0,34.0,0.5588235294117647,0.3333333333333333,0,,,False,False,ok,complete
493273882,38214,西予市,58,25.0,14.0,0.43103448275862066,0.2413793103448276,0,,,False,False,ok,complete
493273884,38214,西予市,24,7.0,3.0,0.2916666666666667,0.125,0,,,False,False,ok,complete
493273893,38214,西予市,50,31.0,16.0,0.62,0.32,0,,,False,False,ok,complete
493273894,38214,西予市,237,120.0,62.0,0.5063291139240507,0.2616033755274262,0,,,False,False,ok,complete
493273954,38214,西予市,6,,,,,2,493273844,,True,True,ok,partial
493273982,38214,西予市,40,18.0,10.0,0.45,0.25,0,,,False,False,ok,complete
493273984,38214,西予市,110,59.0,28.0,0.5363636363636364,0.2545454545454545,0,,,False,False,ok,complete
493273991,38214,西予市,391,189.0,112.0,0.4833759590792839,0.2864450127877238,0,,,False,False,ok,complete
493273992,38214,西予市,40,16.0,11.0,0.4,0.275,0,,,False,False,ok,complete
493273993,38214,西予市,45,28.0,23.0,0.6222222222222222,0.5111111111111111,0,,,False,False,ok,complete
493274052,38203,宇和島市,46,15.0,7.0,0.32608695652173914,0.15217391304347827,0,,,False,False,ok,complete
493274054,38203,宇和島市,92,32.0,17.0,0.34782608695652173,0.18478260869565216,0,,,False,False,ok,complete
493274061,38203,宇和島市,25,4.0,0.0,0.16,0.0,0,,,False,False,ok,complete
493274063,38203,宇和島市,139,56.0,30.0,0.4028776978417266,0.2158273381294964,0,,,False,False,ok,complete
493274103,38203,宇和島市,5,,,,,2,493274104,,True,True,ok,partial
493274104,38203,宇和島市,85,52.0,31.0,0.611764705882353,0.36470588235294116,1,,493274103,False,False,ok,complete
493274114,38203,宇和島市,70,37.0,20.0,0.5285714285714286,0.2857142857142857,0,,,False,False,ok,complete
493274133,38203,宇和島市,60,25.0,11.0,0.4166666666666667,0.18333333333333332,0,,,False,False,ok,complete
493274134,38203,宇和島市,57,27.0,10.0,0.47368421052631576,0.17543859649122806,0,,,False,False,ok,complete
493274144,38203,宇和島市,9,,,,,2,493274242,,True,True,ok,partial
493274151,38203,宇和島市,30,14.0,7.0,0.4666666666666667,0.23333333333333334,0,,,False,False,ok,complete
493274152,38203,宇和島市,11,6.0,0.0,0.5454545454545454,0.0,0,,,False,False,ok,complete
493274153,38203,宇和島市,166,85.0,43.0,0.5120481927710844,0.25903614457831325,0,,,False,False,ok,complete
493274154,38203,宇和島市,48,12.0,6.0,0.25,0.125,0,,,False,False,ok,complete
493274161,38203,宇和島市,61,29.0,10.0,0.47540983606557374,0.16393442622950818,0,,,False,False,ok,complete
493274162,38203,宇和島市,9,6.0,4.0,0.6666666666666666,0.4444444444444444,0,,,False,False,ok,complete
493274163,38203,宇和島市,3,,,,,2,493274164,,True,True,ok,partial
493274164,38203,宇和島市,51,33.0,18.0,0.6470588235294118,0.35294117647058826,1,,493274163,False,False,ok,complete
493274171,38203,宇和島市,23,15.0,8.0,0.6521739130434783,0.34782608695652173,1,,493274172,False,False,ok,complete
493274172,38203,宇和島市,6,,,,,2,493274171,,True,True,ok,partial
493274173,38203,宇和島市,47,27.0,8.0,0.574468085106383,0.1702127659574468,0,,,False,False,ok,complete
493274201,38203,宇和島市,148,71.0,36.0,0.4797297297297297,0.24324324324324326,0,,,False,False,ok,complete
493274203,38203,宇和島市,30,12.0,9.0,0.4,0.3,0,,,False,False,ok,complete
493274211,38203,宇和島市,21,9.0,7.0,0.42857142857142855,0.3333333333333333,1,,493274212,False,False,ok,complete
493274212,38203,宇和島市,2,,,,,2,493274211,,True,True,ok,partial
493274222,38203,宇和島市,7,,,,,2,493274224,,True,True,ok,partial
493274224,38203,宇和島市,295,135.0,53.0,0.4576271186440678,0.17966101694915254,1,,493274222,False,False,ok,complete
493274233,38203,宇和島市,577,264.0,159.0,0.45753899480069327,0.2755632582322357,0,,,False,False,ok,complete
493274234,38203,宇和島市,224,168.0,125.0,0.75,0.5580357142857143,0,,,False,False,ok,complete
493274242,38203,宇和島市,3,,,,,1,,493274144,True,True,inconsistent_with_total,partial
493274251,38203,宇和島市,51,38.0,34.0,0.7450980392156863,0.6666666666666666,0,,,False,False,ok,complete
493274252,38203,宇和島市,45,22.0,12.0,0.4888888888888889,0.26666666666666666,0,,,False,False,ok,complete
493274254,38203,宇和島市,45,18.0,8.0,0.4,0.17777777777777778,0,,,False,False,ok,complete
493274262,38203,宇和島市,34,13.0,6.0,0.38235294117647056,0.17647058823529413,0,,,False,False,ok,complete
493274273,38203,宇和島市,32,8.0,6.0,0.25,0.1875,0,,,False,False,ok,complete
493274274,38203,宇和島市,16,10.0,5.0,0.625,0.3125,1,,493274283,False,False,ok,complete
493274283,38203,宇和島市,7,,,,,2,493274274,,True,True,ok,partial
493274313,38203,宇和島市,11,,,,,2,493274314,,True,True,ok,partial
493274314,38203,宇和島市,55,33.0,15.0,0.6,0.2727272727272727,1,,493274313,False,False,ok,complete
493274322,38203,宇和島市,46,18.0,7.0,0.391304347826087,0.15217391304347827,0,,,False,False,ok,complete
493274324,38203,宇和島市,225,108.0,55.0,0.48,0.24444444444444444,0,,,False,False,ok,complete
493274331,38203,宇和島市,689,309.0,198.0,0.44847605224963716,0.28737300435413643,0,,,False,False,ok,complete
493274332,38203,宇和島市,32,14.0,5.0,0.4375,0.15625,0,,,False,False,ok,complete
493274333,38203,宇和島市,676,371.0,251.0,0.5488165680473372,0.371301775147929,0,,,False,False,ok,complete
493274362,38203,宇和島市,5,,,,,2,493274364,,True,True,ok,partial
493274363,38203,宇和島市,38,14.0,6.0,0.3684210526315789,0.15789473684210525,0,,,False,False,ok,complete
493274364,38203,宇和島市,76,19.0,9.0,0.25,0.11842105263157894,1,,493274362,False,False,ok,complete
493274371,38203,宇和島市,39,11.0,6.0,0.28205128205128205,0.15384615384615385,0,,,False,False,ok,complete
493274373,38203,宇和島市,13,2.0,1.0,0.15384615384615385,0.07692307692307693,0,,,False,False,ok,complete
493274374,38203,宇和島市,111,36.0,17.0,0.32432432432432434,0.15315315315315314,0,,,False,False,ok,complete
493274381,38203,宇和島市,105,41.0,20.0,0.3904761904761905,0.19047619047619047,1,,493274382,False,False,ok,complete
493274382,38203,宇和島市,2,,,,,2,493274381,,True,True,ok,partial
493274383,38203,宇和島市,138,72.0,43.0,0.5217391304347826,0.3115942028985507,0,,,False,False,ok,complete
493274384,38203,宇和島市,49,24.0,13.0,0.4897959183673469,0.2653061224489796,0,,,False,False,ok,complete
493274391,38203,宇和島市,16,7.0,3.0,0.4375,0.1875,0,,,False,False,ok,complete
493274392,38203,宇和島市,20,16.0,9.0,0.8,0.45,1,,493274294,False,False,ok,complete
493274394,38203,宇和島市,5,,,,,2,493274393,,True,True,ok,partial
493274401,38203,宇和島市,63,29.0,17.0,0.4603174603174603,0.2698412698412698,0,,,False,False,ok,complete
493274402,38203,宇和島市,16,6.0,1.0,0.375,0.0625,0,,,False,False,ok,complete
493274403,38203,宇和島市,82,39.0,25.0,0.47560975609756095,0.3048780487804878,0,,,False,False,ok,complete
493274404,38203,宇和島市,79,34.0,19.0,0.43037974683544306,0.24050632911392406,0,,,False,False,ok,complete
493274413,38203,宇和島市,47,20.0,9.0,0.425531914893617,0.19148936170212766,0,,,False,False,ok,complete
493274414,38203,宇和島市,86,37.0,20.0,0.43023255813953487,0.23255813953488372,0,,,False,False,ok,complete
493274422,38203,宇和島市,314,105.0,54.0,0.3343949044585987,0.17197452229299362,0,,,False,False,ok,complete
493274423,38203,宇和島市,80,30.0,17.0,0.375,0.2125,0,,,False,False,ok,complete
493274424,38203,宇和島市,124,53.0,27.0,0.4274193548387097,0.21774193548387097,0,,,False,False,ok,complete
493274431,38203,宇和島市,157,58.0,29.0,0.36942675159235666,0.18471337579617833,0,,,False,False,ok,complete
493274433,38203,宇和島市,208,93.0,52.0,0.44711538461538464,0.25,0,,,False,False,ok,complete
493274434,38203,宇和島市,45,22.0,11.0,0.4888888888888889,0.24444444444444444,0,,,False,False,ok,complete
493274452,38203,宇和島市,2,,,,,2,493274454,,True,True,ok,partial
493274453,38203,宇和島市,3,,,,,2,493274454,,True,True,ok,partial
493274454,38203,宇和島市,41,24.0,13.0,0.5853658536585366,0.3170731707317073,1,,493274452;493274453,False,False,ok,complete
493274461,38203,宇和島市,42,18.0,8.0,0.42857142857142855,0.19047619047619047,1,,493274463,False,False,ok,complete
493274462,38203,宇和島市,43,19.0,8.0,0.4418604651162791,0.18604651162790697,0,,,False,False,ok,complete
493274463,38203,宇和島市,3,,,,,2,493274461,,True,True,ok,partial
493274464,38203,宇和島市,73,22.0,15.0,0.3013698630136986,0.2054794520547945,0,,,False,False,ok,complete
493274471,38203,宇和島市,79,27.0,10.0,0.34177215189873417,0.12658227848101267,0,,,False,False,ok,complete
493274472,38203,宇和島市,105,39.0,12.0,0.37142857142857144,0.11428571428571428,0,,,False,False,ok,complete
493274473,38203,宇和島市,83,25.0,12.0,0.30120481927710846,0.14457831325301204,0,,,False,False,ok,complete
493274474,38203,宇和島市,173,61.0,25.0,0.35260115606936415,0.14450867052023122,0,,,False,False,ok,complete
493274481,38203,宇和島市,58,20.0,11.0,0.3448275862068966,0.1896551724137931,0,,,False,False,ok,complete
493274482,38203,宇和島市,128,39.0,16.0,0.3046875,0.125,0,,,False,False,ok,complete
493274483,38203,宇和島市,269,100.0,58.0,0.37174721189591076,0.21561338289962825,0,,,False,False,ok,complete
493274484,38203,宇和島市,333,115.0,62.0,0.34534534534534533,0.18618618618618618,0,,,False,False,ok,complete
493274491,38203,宇和島市,98,49.0,27.0,0.5,0.2755102040816326,0,,,False,False,ok,complete
493274492,38203,宇和島市,27,8.0,4.0,0.2962962962962963,0.14814814814814814,0,,,False,False,ok,complete
493274493,38203,宇和島市,23,10.0,4.0,0.43478260869565216,0.17391304347826086,0,,,False,False,ok,complete
493274494,38203,宇和島市,54,23.0,7.0,0.42592592592592593,0.12962962962962962,0,,,False,False,ok,complete
493274502,38203,宇和島市,40,19.0,9.0,0.475,0.225,1,,493274504,False,False,ok,complete
493274503,38203,宇和島市,60,33.0,26.0,0.55,0.43333333333333335,0,,,False,False,ok,complete
493274504,38203,宇和島市,2,,,,,2,493274502,,True,True,ok,partial
493274511,38203,宇和島市,41,20.0,14.0,0.4878048780487805,0.34146341463414637,0,,,False,False,ok,complete
493274512,38203,宇和島市,77,28.0,15.0,0.36363636363636365,0.19480519480519481,0,,,False,False,ok,complete
493274521,38203,宇和島市,97,39.0,20.0,0.4020618556701031,0.20618556701030927,0,,,False,False,ok,complete
493274522,38203,宇和島市,34,20.0,11.0,0.5882352941176471,0.3235294117647059,0,,,False,False,ok,complete
493274524,38203,宇和島市,8,5.0,4.0,0.625,0.5,0,,,False,False,ok,complete
493274531,38203,宇和島市,69,27.0,15.0,0.391304347826087,0.21739130434782608,0,,,False,False,ok,complete
493274532,38203,宇和島市,86,44.0,23.0,0.5116279069767442,0.26744186046511625,1,,493274534,False,False,ok,complete
493274533,38203,宇和島市,89,42.0,22.0,0.47191011235955055,0.24719101123595505,0,,,False,False,ok,complete
493274534,38203,宇和島市,5,,,,,2,493274532,,True,True,ok,partial
493274541,38203,宇和島市,30,12.0,8.0,0.4,0.26666666666666666,0,,,False,False,ok,complete
493274543,38203,宇和島市,142,59.0,26.0,0.4154929577464789,0.18309859154929578,0,,,False,False,ok,complete
493274544,38203,宇和島市,27,17.0,9.0,0.6296296296296297,0.3333333333333333,0,,,False,False,ok,complete
493274561,38203,宇和島市,5,,,,,2,493274562,,True,True,ok,partial
493274562,38203,宇和島市,58,29.0,14.0,0.5,0.2413793103448276,1,,493274561,False,False,ok,complete
493274571,38203,宇和島市,21,11.0,6.0,0.5238095238095238,0.2857142857142857,0,,,False,False,ok,complete
493274572,38203,宇和島市,93,42.0,19.0,0.45161290322580644,0.20430107526881722,0,,,False,False,ok,complete
493274573,38203,宇和島市,18,8.0,2.0,0.4444444444444444,0.1111111111111111,0,,,False,False,ok,complete
493274574,38203,宇和島市,22,10.0,6.0,0.45454545454545453,0.2727272727272727,0,,,False,False,ok,complete
493274581,38203,宇和島市,190,79.0,54.0,0.41578947368421054,0.28421052631578947,0,,,False,False,ok,complete
493274582,38203,宇和島市,59,29.0,16.0,0.4915254237288136,0.2711864406779661,0,,,False,False,ok,complete
493274583,38203,宇和島市,37,11.0,6.0,0.2972972972972973,0.16216216216216217,0,,,False,False,ok,complete
493274584,38203,宇和島市,55,54.0,49.0,0.9818181818181818,0.8909090909090909,0,,,False,False,ok,complete
493274591,38203,宇和島市,50,29.0,15.0,0.58,0.3,1,,493274592,False,False,ok,complete
493274592,38203,宇和島市,6,,,,,2,493274591,,True,True,ok,partial
493274593,38203,宇和島市,16,6.0,1.0,0.375,0.0625,0,,,False,False,ok,complete
493274594,38203,宇和島市,25,11.0,5.0,0.44,0.2,0,,,False,False,ok,complete
493274613,38203,宇和島市,5,,,,,2,493274614,,True,True,ok,partial
493274622,38203,宇和島市,25,11.0,9.0,0.44,0.36,0,,,False,False,ok,complete
493274623,38203,宇和島市,58,31.0,16.0,0.5344827586206896,0.27586206896551724,0,,,False,False,ok,complete
493274624,38203,宇和島市,28,18.0,8.0,0.6428571428571429,0.2857142857142857,0,,,False,False,ok,complete
493274631,38203,宇和島市,61,27.0,16.0,0.4426229508196721,0.26229508196721313,0,,,False,False,ok,complete
493274633,38203,宇和島市,38,16.0,8.0,0.42105263157894735,0.21052631578947367,0,,,False,False,ok,complete
493274634,38203,宇和島市,18,10.0,3.0,0.5555555555555556,0.16666666666666666,0,,,False,False,ok,complete
493274641,38203,宇和島市,40,29.0,17.0,0.725,0.425,1,,493274643,False,False,ok,complete
493274642,38203,宇和島市,39,20.0,12.0,0.5128205128205128,0.3076923076923077,0,,,False,False,ok,complete
493274643,38203,宇和島市,9,,,,,2,493274641,,True,True,ok,partial
493274644,38203,宇和島市,35,12.0,2.0,0.34285714285714286,0.05714285714285714,0,,,False,False,ok,complete
493274664,38203,宇和島市,73,30.0,15.0,0.410958904109589,0.2054794520547945,0,,,False,False,ok,complete
493274671,38203,宇和島市,48,34.0,23.0,0.7083333333333334,0.4791666666666667,0,,,False,False,ok,complete
493274672,38203,宇和島市,8,,,,,2,493274674,,True,True,ok,partial
493274673,38203,宇和島市,52,24.0,10.0,0.46153846153846156,0.19230769230769232,0,,,False,False,ok,complete
493274674,38203,宇和島市,38,23.0,7.0,0.6052631578947368,0.18421052631578946,1,,493274672,False,False,ok,complete
493274681,38203,宇和島市,195,69.0,25.0,0.35384615384615387,0.1282051282051282,0,,,False,False,ok,complete
493274682,38203,宇和島市,15,9.0,4.0,0.6,0.26666666666666666,0,,,False,False,ok,complete
493274683,38203,宇和島市,48,25.0,13.0,0.5208333333333334,0.2708333333333333,0,,,False,False,ok,complete
493274684,38203,宇和島市,21,8.0,3.0,0.38095238095238093,0.14285714285714285,0,,,False,False,ok,complete
493274691,38203,宇和島市,43,9.0,5.0,0.20930232558139536,0.11627906976744186,1,,493274694,False,False,ok,complete
493274692,38203,宇和島市,75,41.0,26.0,0.5466666666666666,0.3466666666666667,0,,,False,False,ok,complete
493274693,38203,宇和島市,47,17.0,8.0,0.3617021276595745,0.1702127659574468,0,,,False,False,ok,complete
493274694,38203,宇和島市,4,,,,,2,493274691,,True,True,ok,partial
493274721,38203,宇和島市,222,73.0,37.0,0.32882882882882886,0.16666666666666666,0,,,False,False,ok,complete
493274722,38203,宇和島市,64,33.0,17.0,0.515625,0.265625,0,,,False,False,ok,complete
493274723,38203,宇和島市,59,50.0,44.0,0.847457627118644,0.7457627118644068,0,,,False,False,ok,complete
493274724,38203,宇和島市,48,16.0,6.0,0.3333333333333333,0.125,0,,,False,False,ok,complete
493274731,38203,宇和島市,8,,,,,2,493274732,,True,True,ok,partial
493274732,38203,宇和島市,8,4.0,2.0,0.5,0.25,1,,493274731,False,False,ok,complete
493274742,38203,宇和島市,30,21.0,9.0,0.7,0.3,0,,,False,False,ok,complete
493274751,38203,宇和島市,21,9.0,6.0,0.42857142857142855,0.2857142857142857,0,,,False,False,ok,complete
493274753,38203,宇和島市,18,15.0,7.0,0.8333333333333334,0.3888888888888889,0,,,False,False,ok,complete
493274761,38203,宇和島市,63,32.0,15.0,0.5079365079365079,0.23809523809523808,0,,,False,False,ok,complete
493274762,38203,宇和島市,20,8.0,5.0,0.4,0.25,0,,,False,False,ok,complete
493274763,38203,宇和島市,32,16.0,7.0,0.5,0.21875,0,,,False,False,ok,complete
493274771,38203,宇和島市,89,50.0,24.0,0.5617977528089888,0.2696629213483146,1,,493274773,False,False,ok,complete
493274772,38203,宇和島市,13,10.0,7.0,0.7692307692307693,0.5384615384615384,0,,,False,False,ok,complete
493274773,38203,宇和島市,8,,,,,2,493274771,,True,True,ok,partial
493274781,38203,宇和島市,57,19.0,6.0,0.3333333333333333,0.10526315789473684,0,,,False,False,ok,complete
493274783,38203,宇和島市,67,39.0,19.0,0.582089552238806,0.2835820895522388,0,,,False,False,ok,complete
493274801,38203,宇和島市,81,29.0,14.0,0.35802469135802467,0.1728395061728395,0,,,False,False,ok,complete
493274802,38203,宇和島市,25,12.0,6.0,0.48,0.24,0,,,False,False,ok,complete
493274811,38203,宇和島市,297,128.0,64.0,0.43097643097643096,0.21548821548821548,0,,,False,False,ok,complete
493274812,38203,宇和島市,116,48.0,25.0,0.41379310344827586,0.21551724137931033,0,,,False,False,ok,complete
493274813,38203,宇和島市,63,22.0,8.0,0.3492063492063492,0.12698412698412698,1,,493274914,False,False,ok,complete
493274861,38203,宇和島市,22,9.0,4.0,0.4090909090909091,0.18181818181818182,0,,,False,False,ok,complete
493274914,38203,宇和島市,2,,,,,2,493274813,,True,True,ok,partial
493275311,38203,宇和島市,27,9.0,7.0,0.3333333333333333,0.25925925925925924,0,,,False,False,ok,complete
493275312,38203,宇和島市,61,31.0,12.0,0.5081967213114754,0.19672131147540983,0,,,False,False,ok,complete
493275313,38203,宇和島市,35,15.0,7.0,0.42857142857142855,0.2,0,,,False,False,ok,complete
493275314,38203,宇和島市,27,8.0,6.0,0.2962962962962963,0.2222222222222222,0,,,False,False,ok,complete
493275321,38203,宇和島市,24,6.0,4.0,0.25,0.16666666666666666,0,,,False,False,ok,complete
493275322,38203,宇和島市,2,,,,,2,493275323,,True,True,ok,partial
493275332,38203,宇和島市,21,12.0,6.0,0.5714285714285714,0.2857142857142857,0,,,False,False,ok,complete
493275334,38203,宇和島市,13,8.0,4.0,0.6153846153846154,0.3076923076923077,1,,493275331,False,False,ok,complete
493275403,38203,宇和島市,42,14.0,6.0,0.3333333333333333,0.14285714285714285,0,,,False,False,ok,complete
493275404,38203,宇和島市,31,10.0,5.0,0.3225806451612903,0.16129032258064516,0,,,False,False,ok,complete
493275411,38203,宇和島市,40,22.0,8.0,0.55,0.2,0,,,False,False,ok,complete
493275412,38203,宇和島市,122,60.0,26.0,0.4918032786885246,0.21311475409836064,1,,493275414,False,False,ok,complete
493275413,38203,宇和島市,104,48.0,32.0,0.46153846153846156,0.3076923076923077,1,,493275511,False,False,ok,complete
493275414,38203,宇和島市,9,,,,,2,493275412,,True,True,ok,partial
493275423,38203,宇和島市,13,,,,,1,,493275424,True,True,inconsistent_with_total,partial
493275424,38203,宇和島市,17,,,,,2,493275423,,True,True,ok,partial
493275431,38203,宇和島市,15,11.0,4.0,0.7333333333333333,0.26666666666666666,1,,493275432,False,False,ok,complete
493275432,38203,宇和島市,4,,,,,2,493275431,,True,True,ok,partial
493275433,38203,宇和島市,11,3.0,1.0,0.2727272727272727,0.09090909090909091,0,,,False,False,ok,complete
493275501,38203,宇和島市,188,73.0,32.0,0.3882978723404255,0.1702127659574468,0,,,False,False,ok,complete
493275502,38203,宇和島市,55,26.0,16.0,0.4727272727272727,0.2909090909090909,0,,,False,False,ok,complete
493275503,38203,宇和島市,102,29.0,12.0,0.28431372549019607,0.11764705882352941,0,,,False,False,ok,complete
493275504,38203,宇和島市,43,14.0,8.0,0.32558139534883723,0.18604651162790697,0,,,False,False,ok,complete
493275511,38203,宇和島市,3,,,,,2,493275413,,True,True,ok,partial
493275521,38203,宇和島市,6,,,,,2,493275522,,True,True,ok,partial
493275522,38203,宇和島市,50,29.0,7.0,0.58,0.14,1,,493275521,False,False,ok,complete
493275523,38203,宇和島市,6,,,,,2,493275524,,True,True,ok,partial
493275524,38203,宇和島市,21,13.0,8.0,0.6190476190476191,0.38095238095238093,1,,493275523,False,False,ok,complete
493275531,38203,宇和島市,18,5.0,2.0,0.2777777777777778,0.1111111111111111,0,,,False,False,ok,complete
493275601,38203,宇和島市,4,,,,,2,493275602,,True,True,ok,partial
493275602,38203,宇和島市,40,24.0,15.0,0.6,0.375,1,,493275601;493275613,False,False,ok,complete
493275613,38203,宇和島市,6,,,,,2,493275602,,True,True,ok,partial
493275622,38203,宇和島市,2,,,,,2,493275624,,True,True,ok,partial
493275624,38203,宇和島市,24,14.0,8.0,0.5833333333333334,0.3333333333333333,1,,493275622,False,False,ok,complete
493275632,38203,宇和島市,9,7.0,4.0,0.7777777777777778,0.4444444444444444,0,,,False,False,ok,complete
493275701,38203,宇和島市,49,25.0,17.0,0.5102040816326531,0.3469387755102041,1,,493275711,False,False,ok,complete
493275703,38203,宇和島市,31,11.0,8.0,0.3548387096774194,0.25806451612903225,1,,493275801,False,False,ok,complete
493275711,38203,宇和島市,2,,,,,2,493275701,,True,True,ok,partial
493275722,38203,宇和島市,15,,,,,1,,493275724;493275822,True,True,inconsistent_with_total,partial
493275724,38203,宇和島市,4,,,,,2,493275722,,True,True,ok,partial
493275801,38203,宇和島市,6,,,,,2,493275703,,True,True,ok,partial
493275822,38203,宇和島市,6,,,,,2,493275722,,True,True,ok,partial
503200114,38442,伊方町,8,6.0,5.0,0.75,0.625,1,,503200112,False,False,ok,complete
503200224,38442,伊方町,5,,,,,2,503200221,,True,True,ok,partial
503200331,38442,伊方町,7,,,,,2,503200332,,True,True,ok,partial
503200332,38442,伊方町,69,47.0,24.0,0.6811594202898551,0.34782608695652173,1,,503200331,False,False,ok,complete
503200333,38442,伊方町,6,,,,,2,503200334,,True,True,ok,partial
503200334,38442,伊方町,78,35.0,18.0,0.44871794871794873,0.23076923076923078,1,,503200333,False,False,ok,complete
503200441,38442,伊方町,45,17.0,13.0,0.37777777777777777,0.28888888888888886,0,,,False,False,ok,complete
503200484,38442,伊方町,41,30.0,15.0,0.7317073170731707,0.36585365853658536,0,,,False,False,ok,complete
503200491,38442,伊方町,37,26.0,17.0,0.7027027027027027,0.4594594594594595,0,,,False,False,ok,complete
503200493,38442,伊方町,48,41.0,27.0,0.8541666666666666,0.5625,1,,503200494,False,False,ok,complete
503200494,38442,伊方町,3,,,,,2,503200493,,True,True,ok,partial
503200553,38442,伊方町,17,15.0,8.0,0.8823529411764706,0.47058823529411764,0,,,False,False,ok,complete
503200591,38442,伊方町,23,20.0,11.0,0.8695652173913043,0.4782608695652174,0,,,False,False,ok,complete
503200593,38442,伊方町,10,,,,,2,503200594,,True,True,ok,partial
503200594,38442,伊方町,62,41.0,26.0,0.6612903225806451,0.41935483870967744,1,,503200593,False,False,ok,complete
503200661,38442,伊方町,35,24.0,18.0,0.6857142857142857,0.5142857142857142,0,,,False,False,ok,complete
503200663,38442,伊方町,77,45.0,27.0,0.5844155844155844,0.35064935064935066,0,,,False,False,ok,complete
503200664,38442,伊方町,38,29.0,19.0,0.7631578947368421,0.5,1,,503200762,False,False,ok,complete
503200684,38442,伊方町,49,,,,,2,503200791,,True,True,ok,partial
503200693,38442,伊方町,61,32.0,23.0,0.5245901639344263,0.3770491803278688,0,,,False,False,ok,complete
503200694,38442,伊方町,485,243.0,132.0,0.5010309278350515,0.2721649484536082,0,,,False,False,ok,complete
503200791,38442,伊方町,92,87.0,68.0,0.9456521739130435,0.7391304347826086,1,,503200684,False,False,ok,complete
503200991,38442,伊方町,45,35.0,20.0,0.7777777777777778,0.4444444444444444,1,,503200992,False,False,ok,complete
503200992,38442,伊方町,2,,,,,2,503200991,,True,True,ok,partial
503200993,38442,伊方町,17,13.0,6.0,0.7647058823529411,0.35294117647058826,0,,,False,False,ok,complete
503201514,38442,伊方町,58,34.0,15.0,0.5862068965517241,0.25862068965517243,0,,,False,False,ok,complete
503201601,38442,伊方町,73,25.0,14.0,0.3424657534246575,0.1917808219178082,0,,,False,False,ok,complete
503201603,38442,伊方町,87,18.0,10.0,0.20689655172413793,0.11494252873563218,0,,,False,False,ok,complete
503201612,38442,伊方町,24,20.0,11.0,0.8333333333333334,0.4583333333333333,0,,,False,False,ok,complete
503201711,38442,伊方町,2,,,,,2,503201802,,True,True,ok,partial
503201714,38442,伊方町,2,,,,,2,503201802,,True,True,ok,partial
503201802,38442,伊方町,160,98.0,52.0,0.6125,0.325,1,,503201711;503201714,False,False,ok,complete
503201803,38442,伊方町,31,24.0,15.0,0.7741935483870968,0.4838709677419355,0,,,False,False,ok,complete
503201811,38442,伊方町,120,62.0,30.0,0.5166666666666667,0.25,0,,,False,False,ok,complete
503201823,38442,伊方町,18,14.0,8.0,0.7777777777777778,0.4444444444444444,0,,,False,False,ok,complete
503201824,38442,伊方町,18,15.0,12.0,0.8333333333333334,0.6666666666666666,0,,,False,False,ok,complete
503201912,38442,伊方町,38,20.0,11.0,0.5263157894736842,0.2894736842105263,1,,503201914,False,False,ok,complete
503201914,38442,伊方町,1,,,,,2,503201912,,True,True,ok,partial
503201944,38442,伊方町,3,,,,,2,503201953,,True,True,ok,partial
503201954,38442,伊方町,79,22.0,10.0,0.27848101265822783,0.12658227848101267,0,,,False,False,ok,complete
503202573,38204,八幡浜市,7,,,,,2,503202671,,True,True,ok,partial
503202671,38204,八幡浜市,60,48.0,32.0,0.8,0.5333333333333333,1,,503202573,False,False,ok,complete
503202771,38204,八幡浜市,18,14.0,11.0,0.7777777777777778,0.6111111111111112,0,,,False,False,ok,complete
503203011,38214,西予市,113,78.0,47.0,0.6902654867256637,0.415929203539823,0,,,False,False,ok,complete
503203013,38214,西予市,70,55.0,34.0,0.7857142857142857,0.4857142857142857,1,,503203014;503203111;503203112,False,False,ok,complete
503203014,38214,西予市,6,,,,,2,503203013,,True,True,ok,partial
503203024,38214,西予市,66,39.0,32.0,0.5909090909090909,0.48484848484848486,0,,,False,False,ok,complete
503203082,38214,西予市,15,4.0,1.0,0.26666666666666666,0.06666666666666667,0,,,False,False,ok,complete
503203131,38214,西予市,30,15.0,8.0,0.5,0.26666666666666666,0,,,False,False,ok,complete
503203234,38214,西予市,191,98.0,52.0,0.5130890052356021,0.27225130890052357,0,,,False,False,ok,complete
503203241,38214,西予市,70,40.0,18.0,0.5714285714285714,0.2571428571428571,0,,,False,False,ok,complete
503203242,38214,西予市,35,19.0,14.0,0.5428571428571428,0.4,0,,,False,False,ok,complete
503203243,38214,西予市,104,63.0,37.0,0.6057692307692307,0.3557692307692308,0,,,False,False,ok,complete
503203244,38214,西予市,10,6.0,2.0,0.6,0.2,0,,,False,False,ok,complete
503203284,38214,西予市,70,43.0,20.0,0.6142857142857143,0.2857142857142857,0,,,False,False,ok,complete
503203293,38214,西予市,12,8.0,4.0,0.6666666666666666,0.3333333333333333,0,,,False,False,ok,complete
503203294,38214,西予市,15,3.0,0.0,0.2,0.0,0,,,False,False,ok,complete
503203332,38214,西予市,73,62.0,50.0,0.8493150684931506,0.684931506849315,0,,,False,False,ok,complete
503203333,38214,西予市,37,19.0,11.0,0.5135135135135135,0.2972972972972973,0,,,False,False,ok,complete
503203382,38214,西予市,6,,,,,2,503203384,,True,True,ok,partial
503203384,38214,西予市,7,4.0,2.0,0.5714285714285714,0.2857142857142857,1,,503203382,False,False,ok,complete
503203391,38214,西予市,10,,,,,2,503203392,,True,True,ok,partial
503203392,38214,西予市,99,45.0,16.0,0.45454545454545453,0.16161616161616163,1,,503203391,False,False,ok,complete
503203393,38214,西予市,128,114.0,99.0,0.890625,0.7734375,0,,,False,False,ok,complete
503203394,38214,西予市,126,41.0,22.0,0.3253968253968254,0.1746031746031746,0,,,False,False,ok,complete
503203412,38214,西予市,61,33.0,17.0,0.5409836065573771,0.2786885245901639,0,,,False,False,ok,complete
503203414,38214,西予市,98,68.0,35.0,0.6938775510204082,0.35714285714285715,0,,,False,False,ok,complete
503203433,38214,西予市,44,19.0,12.0,0.4318181818181818,0.2727272727272727,0,,,False,False,ok,complete
503203442,38214,西予市,2,,,,,2,503203443,,True,True,ok,partial
503203443,38214,西予市,172,68.0,35.0,0.3953488372093023,0.20348837209302326,1,,503203442,False,False,ok,complete
503203463,38214,西予市,2,,,,,2,503203571,,True,True,ok,partial
503203472,38214,西予市,2,,,,,2,503203474,,True,True,ok,partial
503203473,38214,西予市,29,18.0,11.0,0.6206896551724138,0.3793103448275862,0,,,False,False,ok,complete
503203474,38214,西予市,156,87.0,57.0,0.5576923076923077,0.36538461538461536,1,,503203472,False,False,ok,complete
503203483,38214,西予市,17,13.0,5.0,0.7647058823529411,0.29411764705882354,0,,,False,False,ok,complete
503203491,38214,西予市,129,33.0,17.0,0.2558139534883721,0.13178294573643412,0,,,False,False,ok,complete
503203492,38214,西予市,90,40.0,15.0,0.4444444444444444,0.16666666666666666,0,,,False,False,ok,complete
503203494,38214,西予市,22,11.0,10.0,0.5,0.45454545454545453,0,,,False,False,ok,complete
503203511,38214,西予市,49,19.0,9.0,0.3877551020408163,0.1836734693877551,0,,,False,False,ok,complete
503203521,38214,西予市,289,151.0,99.0,0.5224913494809689,0.34256055363321797,0,,,False,False,ok,complete
503203522,38214,西予市,79,30.0,16.0,0.379746835443038,0.20253164556962025,0,,,False,False,ok,complete
503203524,38214,西予市,45,21.0,16.0,0.4666666666666667,0.35555555555555557,0,,,False,False,ok,complete
503203531,38214,西予市,102,54.0,33.0,0.5294117647058824,0.3235294117647059,0,,,False,False,ok,complete
503203533,38214,西予市,1,,,,,2,503203534,,True,True,ok,partial
503203534,38214,西予市,566,282.0,165.0,0.49823321554770317,0.2915194346289753,1,,503203533,False,False,ok,complete
503203541,38214,西予市,492,189.0,97.0,0.38414634146341464,0.19715447154471544,0,,,False,False,ok,complete
503203543,38214,西予市,60,22.0,16.0,0.36666666666666664,0.26666666666666666,0,,,False,False,ok,complete
503203564,38214,西予市,16,8.0,3.0,0.5,0.1875,0,,,False,False,ok,complete
503203571,38214,西予市,27,22.0,10.0,0.8148148148148148,0.37037037037037035,1,,503203463,False,False,ok,complete
503203572,38214,西予市,105,53.0,32.0,0.5047619047619047,0.3047619047619048,0,,,False,False,ok,complete
503203573,38214,西予市,47,25.0,17.0,0.5319148936170213,0.3617021276595745,0,,,False,False,ok,complete
503203574,38214,西予市,48,30.0,17.0,0.625,0.3541666666666667,0,,,False,False,ok,complete
503203581,38214,西予市,61,41.0,24.0,0.6721311475409836,0.39344262295081966,0,,,False,False,ok,complete
503203582,38214,西予市,15,6.0,5.0,0.4,0.3333333333333333,0,,,False,False,ok,complete
503203583,38214,西予市,31,18.0,12.0,0.5806451612903226,0.3870967741935484,0,,,False,False,ok,complete
503203584,38214,西予市,33,14.0,5.0,0.42424242424242425,0.15151515151515152,0,,,False,False,ok,complete
503203592,38214,西予市,286,113.0,45.0,0.3951048951048951,0.15734265734265734,0,,,False,False,ok,complete
503203594,38214,西予市,176,69.0,40.0,0.39204545454545453,0.22727272727272727,0,,,False,False,ok,complete
503203622,38214,西予市,389,173.0,77.0,0.44473007712082263,0.19794344473007713,0,,,False,False,ok,complete
503203624,38214,西予市,221,92.0,37.0,0.416289592760181,0.167420814479638,0,,,False,False,ok,complete
503203631,38214,西予市,76,34.0,21.0,0.4473684210526316,0.27631578947368424,0,,,False,False,ok,complete
503203632,38214,西予市,422,201.0,122.0,0.476303317535545,0.2890995260663507,0,,,False,False,ok,complete
503203641,38214,西予市,513,244.0,143.0,0.4756335282651072,0.2787524366471735,0,,,False,False,ok,complete
503203643,38214,西予市,148,69.0,38.0,0.46621621621621623,0.25675675675675674,0,,,False,False,ok,complete
503203644,38214,西予市,9,1.0,0.0,0.1111111111111111,0.0,0,,,False,False,ok,complete
503203661,38214,西予市,15,11.0,7.0,0.7333333333333333,0.4666666666666667,0,,,False,False,ok,complete
503203662,38214,西予市,19,7.0,4.0,0.3684210526315789,0.21052631578947367,0,,,False,False,ok,complete
503203663,38214,西予市,10,8.0,7.0,0.8,0.7,0,,,False,False,ok,complete
503203664,38214,西予市,100,48.0,27.0,0.48,0.27,0,,,False,False,ok,complete
503203671,38214,西予市,2,,,,,2,503203673,,True,True,ok,partial
503203673,38214,西予市,34,22.0,16.0,0.6470588235294118,0.47058823529411764,1,,503203671,False,False,ok,complete
503203674,38214,西予市,18,8.0,5.0,0.4444444444444444,0.2777777777777778,0,,,False,False,ok,complete
503203684,38214,西予市,121,53.0,20.0,0.4380165289256198,0.1652892561983471,0,,,False,False,ok,complete
503203691,38214,西予市,1,,,,,2,503203693,,True,True,ok,partial
503203692,38214,西予市,472,197.0,73.0,0.4173728813559322,0.15466101694915255,0,,,False,False,ok,complete
503203693,38214,西予市,113,40.0,20.0,0.35398230088495575,0.17699115044247787,1,,503203691;503203694,False,False,ok,complete
503203694,38214,西予市,3,,,,,2,503203693,,True,True,ok,partial
503203714,38204,八幡浜市,425,217.0,133.0,0.5105882352941177,0.3129411764705882,1,,503203723,False,False,ok,complete
503203723,38214,西予市,6,,,,,2,503203714,,True,True,ok,partial
503203741,38214,西予市,28,17.0,6.0,0.6071428571428571,0.21428571428571427,0,,,False,False,ok,complete
503203753,38214,西予市,12,7.0,6.0,0.5833333333333334,0.5,0,,,False,False,ok,complete
503203761,38214,西予市,3,,,,,2,503203762,,True,True,ok,partial
503203762,38214,西予市,70,30.0,16.0,0.42857142857142855,0.22857142857142856,1,,503203761,False,False,ok,complete
503203764,38214,西予市,11,10.0,3.0,0.9090909090909091,0.2727272727272727,0,,,False,False,ok,complete
503203771,38214,西予市,71,21.0,11.0,0.29577464788732394,0.15492957746478872,0,,,False,False,ok,complete
503203772,38214,西予市,2,,,,,2,503203774,,True,True,ok,partial
503203773,38214,西予市,109,21.0,7.0,0.1926605504587156,0.06422018348623854,0,,,False,False,ok,complete
503203774,38214,西予市,108,39.0,23.0,0.3611111111111111,0.21296296296296297,1,,503203772,False,False,ok,complete
503203781,38214,西予市,50,26.0,16.0,0.52,0.32,0,,,False,False,ok,complete
503203782,38214,西予市,24,7.0,3.0,0.2916666666666667,0.125,0,,,False,False,ok,complete
503203783,38214,西予市,153,56.0,35.0,0.3660130718954248,0.22875816993464052,0,,,False,False,ok,complete
503203791,38214,西予市,54,27.0,20.0,0.5,0.37037037037037035,0,,,False,False,ok,complete
503203792,38214,西予市,23,11.0,9.0,0.4782608695652174,0.391304347826087,0,,,False,False,ok,complete
503203794,38214,西予市,27,10.0,7.0,0.37037037037037035,0.25925925925925924,0,,,False,False,ok,complete
503203813,38204,八幡浜市,2,,,,,2,503203814,,True,True,ok,partial
503203814,38204,八幡浜市,123,51.0,28.0,0.4146341463414634,0.22764227642276422,1,,503203813,False,False,ok,complete
503203841,38214,西予市,15,11.0,6.0,0.7333333333333333,0.4,1,,503203844,False,False,ok,complete
503203842,38214,西予市,29,22.0,9.0,0.7586206896551724,0.3103448275862069,0,,,False,False,ok,complete
503203844,38214,西予市,7,,,,,2,503203841,,True,True,ok,partial
503203851,38214,西予市,20,11.0,5.0,0.55,0.25,0,,,False,False,ok,complete
503203863,38214,西予市,1,,,,,2,503203962,,True,True,ok,partial
503203864,38204,八幡浜市,1,,,,,2,503203962,,True,True,ok,partial
503203881,38214,西予市,38,20.0,13.0,0.5263157894736842,0.34210526315789475,0,,,False,False,ok,complete
503203892,38214,西予市,54,19.0,12.0,0.35185185185185186,0.2222222222222222,0,,,False,False,ok,complete
503203894,38214,西予市,70,26.0,17.0,0.37142857142857144,0.24285714285714285,0,,,False,False,ok,complete
503203912,38204,八幡浜市,70,30.0,14.0,0.42857142857142855,0.2,0,,,False,False,ok,complete
503203913,38204,八幡浜市,147,63.0,32.0,0.42857142857142855,0.21768707482993196,0,,,False,False,ok,complete
503203914,38204,八幡浜市,162,73.0,38.0,0.4506172839506173,0.2345679012345679,0,,,False,False,ok,complete
503203931,38214,西予市,2,,,,,2,503203932,,True,True,ok,partial
503203932,38204,八幡浜市,8,5.0,3.0,0.625,0.375,1,,503203931;503203934,False,False,ok,complete
503203934,38214,西予市,2,,,,,2,503203932,,True,True,ok,partial
503203942,38204,八幡浜市,7,,,,,2,503203944,,True,True,ok,partial
503203944,38204,八幡浜市,12,7.0,6.0,0.5833333333333334,0.5,1,,503203942,False,False,ok,complete
503203951,38204,八幡浜市,21,15.0,4.0,0.7142857142857143,0.19047619047619047,0,,,False,False,ok,complete
503203952,38204,八幡浜市,11,4.0,4.0,0.36363636363636365,0.36363636363636365,0,,,False,False,ok,complete
503203962,38204,八幡浜市,40,21.0,15.0,0.525,0.375,1,,503203863;503203864,False,False,ok,complete
503203971,38204,八幡浜市,29,12.0,6.0,0.41379310344827586,0.20689655172413793,1,,503203973,False,False,ok,complete
503203973,38204,八幡浜市,4,,,,,2,503203971,,True,True,ok,partial
503203983,38214,西予市,3,,,,,2,503203984,,True,True,ok,partial
503203984,38214,西予市,43,24.0,13.0,0.5581395348837209,0.3023255813953488,1,,503203983,False,False,ok,complete
503203993,38214,西予市,9,8.0,4.0,0.8888888888888888,0.4444444444444444,0,,,False,False,ok,complete
503204033,38214,西予市,5,,,,,2,503204122,,True,True,ok,partial
503204043,38214,西予市,19,8.0,5.0,0.42105263157894735,0.2631578947368421,0,,,False,False,ok,complete
503204044,38214,西予市,9,4.0,4.0,0.4444444444444444,0.4444444444444444,0,,,False,False,ok,complete
503204063,38214,西予市,8,,,,,2,503204064,,True,True,ok,partial
503204064,38214,西予市,9,5.0,2.0,0.5555555555555556,0.2222222222222222,1,,503204063,False,False,ok,complete
503204091,38214,西予市,4,,,,,2,503204093,,True,True,ok,partial
503204093,38214,西予市,16,12.0,10.0,0.75,0.625,1,,503204091,False,False,ok,complete
503204103,38214,西予市,2,,,,,2,503204104,,True,True,ok,partial
503204104,38214,西予市,65,41.0,21.0,0.6307692307692307,0.3230769230769231,1,,503204103,False,False,ok,complete
503204113,38214,西予市,103,45.0,27.0,0.4368932038834951,0.2621359223300971,0,,,False,False,ok,complete
503204121,38214,西予市,8,,,,,2,503204123,,True,True,ok,partial
503204122,38214,西予市,69,33.0,18.0,0.4782608695652174,0.2608695652173913,1,,503204033,False,False,ok,complete
503204123,38214,西予市,17,16.0,8.0,0.9411764705882353,0.47058823529411764,1,,503204121,False,False,ok,complete
503204124,38214,西予市,112,56.0,30.0,0.5,0.26785714285714285,0,,,False,False,ok,complete
503204131,38214,西予市,115,40.0,16.0,0.34782608695652173,0.1391304347826087,0,,,False,False,ok,complete
503204132,38214,西予市,55,22.0,13.0,0.4,0.23636363636363636,0,,,False,False,ok,complete
503204133,38214,西予市,32,6.0,4.0,0.1875,0.125,0,,,False,False,ok,complete
503204141,38214,西予市,74,42.0,22.0,0.5675675675675675,0.2972972972972973,0,,,False,False,ok,complete
503204152,38214,西予市,33,13.0,9.0,0.3939393939393939,0.2727272727272727,0,,,False,False,ok,complete
503204161,38214,西予市,63,36.0,19.0,0.5714285714285714,0.30158730158730157,0,,,False,False,ok,complete
503204162,38214,西予市,60,30.0,24.0,0.5,0.4,0,,,False,False,ok,complete
503204163,38214,西予市,66,35.0,20.0,0.5303030303030303,0.30303030303030304,0,,,False,False,ok,complete
503204164,38214,西予市,98,49.0,24.0,0.5,0.24489795918367346,0,,,False,False,ok,complete
503204173,38214,西予市,41,25.0,13.0,0.6097560975609756,0.3170731707317073,0,,,False,False,ok,complete
503204201,38214,西予市,7,,,,,2,503204202,,True,True,ok,partial
503204202,38214,西予市,43,18.0,14.0,0.4186046511627907,0.32558139534883723,1,,503204201,False,False,ok,complete
503204211,38214,西予市,60,28.0,15.0,0.4666666666666667,0.25,0,,,False,False,ok,complete
503204212,38214,西予市,30,15.0,6.0,0.5,0.2,0,,,False,False,ok,complete
503204213,38214,西予市,97,34.0,16.0,0.35051546391752575,0.16494845360824742,0,,,False,False,ok,complete
503204214,38214,西予市,371,98.0,51.0,0.2641509433962264,0.13746630727762804,0,,,False,False,ok,complete
503204221,38214,西予市,18,1.0,0.0,0.05555555555555555,0.0,0,,,False,False,ok,complete
503204222,38214,西予市,26,5.0,1.0,0.19230769230769232,0.038461538461538464,0,,,False,False,ok,complete
503204223,38214,西予市,323,62.0,32.0,0.19195046439628483,0.09907120743034056,0,,,False,False,ok,complete
503204224,38214,西予市,89,29.0,15.0,0.3258426966292135,0.16853932584269662,0,,,False,False,ok,complete
503204264,38214,西予市,2,,,,,2,503204273,,True,True,ok,partial
503204273,38214,西予市,27,23.0,13.0,0.8518518518518519,0.48148148148148145,1,,503204264,False,False,ok,complete
503204293,38214,西予市,10,6.0,4.0,0.6,0.4,0,,,False,False,ok,complete
503204294,38214,西予市,80,0.0,0.0,0.0,0.0,0,,,False,False,ok,complete
503204302,38214,西予市,96,50.0,29.0,0.5208333333333334,0.3020833333333333,0,,,False,False,ok,complete
503204303,38214,西予市,119,30.0,16.0,0.25210084033613445,0.13445378151260504,0,,,False,False,ok,complete
503204304,38214,西予市,806,299.0,180.0,0.3709677419354839,0.22332506203473945,0,,,False,False,ok,complete
503204311,38214,西予市,581,227.0,127.0,0.39070567986230637,0.21858864027538727,0,,,False,False,ok,complete
503204312,38214,西予市,533,166.0,90.0,0.31144465290806755,0.16885553470919323,0,,,False,False,ok,complete
503204313,38214,西予市,200,93.0,51.0,0.465,0.255,0,,,False,False,ok,complete
503204314,38214,西予市,77,29.0,16.0,0.37662337662337664,0.2077922077922078,0,,,False,False,ok,complete
503204321,38214,西予市,183,95.0,74.0,0.5191256830601093,0.40437158469945356,0,,,False,False,ok,complete
503204323,38214,西予市,64,30.0,16.0,0.46875,0.25,0,,,False,False,ok,complete
503204382,38214,西予市,5,,,,,2,503204383,,True,True,ok,partial
503204383,38214,西予市,23,14.0,6.0,0.6086956521739131,0.2608695652173913,1,,503204382;503204483,False,False,ok,complete
503204391,38214,西予市,23,8.0,3.0,0.34782608695652173,0.13043478260869565,0,,,False,False,ok,complete
503204401,38214,西予市,330,80.0,29.0,0.24242424242424243,0.08787878787878788,0,,,False,False,ok,complete
503204402,38214,西予市,698,216.0,131.0,0.30945558739255014,0.1876790830945559,0,,,False,False,ok,complete
503204403,38214,西予市,656,89.0,52.0,0.13567073170731708,0.07926829268292683,0,,,False,False,ok,complete
503204404,38214,西予市,130,39.0,21.0,0.3,0.16153846153846155,0,,,False,False,ok,complete
503204411,38214,西予市,16,3.0,1.0,0.1875,0.0625,0,,,False,False,ok,complete
503204412,38214,西予市,20,13.0,3.0,0.65,0.15,0,,,False,False,ok,complete
503204421,38214,西予市,124,60.0,36.0,0.4838709677419355,0.2903225806451613,0,,,False,False,ok,complete
503204423,38214,西予市,184,43.0,18.0,0.23369565217391305,0.09782608695652174,0,,,False,False,ok,complete
503204483,38214,西予市,8,,,,,2,503204383,,True,True,ok,partial
503204501,38214,西予市,575,116.0,44.0,0.20173913043478262,0.07652173913043478,0,,,False,False,ok,complete
503204502,38214,西予市,13,0.0,0.0,0.0,0.0,0,,,False,False,ok,complete
503204503,38214,西予市,579,106.0,48.0,0.18307426597582038,0.08290155440414508,0,,,False,False,ok,complete
503204504,38214,西予市,95,32.0,19.0,0.3368421052631579,0.2,0,,,False,False,ok,complete
503204521,38214,西予市,173,30.0,7.0,0.17341040462427745,0.04046242774566474,0,,,False,False,ok,complete
503204522,38214,西予市,105,42.0,24.0,0.4,0.22857142857142856,0,,,False,False,ok,complete
503204523,38214,西予市,7,,,,,2,503204524,,True,True,ok,partial
503204524,38214,西予市,164,68.0,41.0,0.4146341463414634,0.25,1,,503204523,False,False,ok,complete
503204552,38214,西予市,6,,,,,2,503204554,,True,True,ok,partial
503204554,38214,西予市,80,41.0,16.0,0.5125,0.2,1,,503204552;503204563,False,False,ok,complete
503204563,38214,西予市,3,,,,,2,503204554,,True,True,ok,partial
503204582,38214,西予市,6,,,,,2,503204672,,True,True,ok,partial
503204601,38214,西予市,602,218.0,184.0,0.36212624584717606,0.30564784053156147,0,,,False,False,ok,complete
503204602,38214,西予市,18,6.0,3.0,0.3333333333333333,0.16666666666666666,0,,,False,False,ok,complete
503204603,38214,西予市,447,65.0,35.0,0.14541387024608501,0.07829977628635347,0,,,False,False,ok,complete
503204604,38214,西予市,34,6.0,3.0,0.17647058823529413,0.08823529411764706,0,,,False,False,ok,complete
503204621,38214,西予市,24,7.0,4.0,0.2916666666666667,0.16666666666666666,0,,,False,False,ok,complete
503204622,38214,西予市,76,41.0,25.0,0.5394736842105263,0.32894736842105265,0,,,False,False,ok,complete
503204623,38214,西予市,4,,,,,2,503204624,,True,True,ok,partial
503204624,38214,西予市,40,12.0,5.0,0.3,0.125,1,,503204623,False,False,ok,complete
503204661,38214,西予市,9,6.0,4.0,0.6666666666666666,0.4444444444444444,0,,,False,False,ok,complete
503204672,38214,西予市,25,18.0,10.0,0.72,0.4,1,,503204582,False,False,ok,complete
503204673,38214,西予市,31,17.0,11.0,0.5483870967741935,0.3548387096774194,0,,,False,False,ok,complete
503204674,38214,西予市,12,7.0,2.0,0.5833333333333334,0.16666666666666666,0,,,False,False,ok,complete
503204681,38214,西予市,71,29.0,18.0,0.4084507042253521,0.2535211267605634,0,,,False,False,ok,complete
503204682,38214,西予市,21,12.0,11.0,0.5714285714285714,0.5238095238095238,1,,503204691,False,False,ok,complete
503204684,38214,西予市,65,35.0,23.0,0.5384615384615384,0.35384615384615387,0,,,False,False,ok,complete
503204691,38214,西予市,3,,,,,2,503204682,,True,True,ok,partial
503204701,38214,西予市,73,27.0,14.0,0.3698630136986301,0.1917808219178082,0,,,False,False,ok,complete
503204702,38214,西予市,229,88.0,35.0,0.38427947598253276,0.15283842794759825,0,,,False,False,ok,complete
503204703,38214,西予市,30,12.0,6.0,0.4,0.2,0,,,False,False,ok,complete
503204704,38214,西予市,76,28.0,18.0,0.3684210526315789,0.23684210526315788,0,,,False,False,ok,complete
503204713,38214,西予市,2,,,,,2,503204811,,True,True,ok,partial
503204721,38214,西予市,19,13.0,10.0,0.6842105263157895,0.5263157894736842,0,,,False,False,ok,complete
503204722,38214,西予市,46,23.0,10.0,0.5,0.21739130434782608,0,,,False,False,ok,complete
503204723,38214,西予市,42,21.0,13.0,0.5,0.30952380952380953,0,,,False,False,ok,complete
503204724,38214,西予市,82,38.0,23.0,0.4634146341463415,0.2804878048780488,0,,,False,False,ok,complete
503204733,38214,西予市,20,14.0,6.0,0.7,0.3,0,,,False,False,ok,complete
503204764,38214,西予市,5,,,,,2,503204771,,True,True,ok,partial
503204771,38214,西予市,17,13.0,12.0,0.7647058823529411,0.7058823529411765,1,,503204764,False,False,ok,complete
503204773,38214,西予市,10,4.0,3.0,0.4,0.3,0,,,False,False,ok,complete
503204782,38214,西予市,15,7.0,5.0,0.4666666666666667,0.3333333333333333,0,,,False,False,ok,complete
503204801,38214,西予市,39,19.0,12.0,0.48717948717948717,0.3076923076923077,0,,,False,False,ok,complete
503204802,38214,西予市,180,73.0,45.0,0.40555555555555556,0.25,1,,503204804,False,False,ok,complete
503204803,38214,西予市,37,14.0,8.0,0.3783783783783784,0.21621621621621623,0,,,False,False,ok,complete
503204804,38214,西予市,1,,,,,2,503204802,,True,True,ok,partial
503204811,38214,西予市,58,24.0,10.0,0.41379310344827586,0.1724137931034483,1,,503204713,False,False,ok,complete
503204813,38214,西予市,83,32.0,12.0,0.3855421686746988,0.14457831325301204,1,,503204911,False,False,ok,complete
503204822,38214,西予市,123,60.0,35.0,0.4878048780487805,0.2845528455284553,1,,503204824,False,False,ok,complete
503204824,38214,西予市,2,,,,,2,503204822,,True,True,ok,partial
503204831,38214,西予市,8,4.0,1.0,0.5,0.125,0,,,False,False,ok,complete
503204833,38214,西予市,17,11.0,7.0,0.6470588235294118,0.4117647058823529,0,,,False,False,ok,complete
503204862,38214,西予市,22,14.0,9.0,0.6363636363636364,0.4090909090909091,0,,,False,False,ok,complete
503204864,38214,西予市,13,7.0,2.0,0.5384615384615384,0.15384615384615385,0,,,False,False,ok,complete
503204871,38214,西予市,40,18.0,8.0,0.45,0.2,0,,,False,False,ok,complete
503204873,38214,西予市,15,10.0,5.0,0.6666666666666666,0.3333333333333333,0,,,False,False,ok,complete
503204901,38214,西予市,1,,,,,2,503204902,,True,True,ok,partial
503204902,38214,西予市,104,42.0,21.0,0.40384615384615385,0.20192307692307693,1,,503204901,False,False,ok,complete
503204904,38214,西予市,28,9.0,3.0,0.32142857142857145,0.10714285714285714,0,,,False,False,ok,complete
503204911,38214,西予市,7,,,,,2,503204813,,True,True,ok,partial
503204971,38214,西予市,27,15.0,11.0,0.5555555555555556,0.4074074074074074,0,,,False,False,ok,complete
503204973,38214,西予市,58,25.0,14.0,0.43103448275862066,0.2413793103448276,0,,,False,False,ok,complete
503204974,38214,西予市,26,14.0,4.0,0.5384615384615384,0.15384615384615385,0,,,False,False,ok,complete
503204984,38214,西予市,8,6.0,6.0,0.75,0.75,0,,,False,False,ok,complete
503204992,38214,西予市,10,,,,,2,503204994,,True,True,ok,partial
503204993,38214,西予市,25,12.0,9.0,0.48,0.36,0,,,False,False,ok,complete
503204994,38214,西予市,52,33.0,18.0,0.6346153846153846,0.34615384615384615,1,,503204992,False,False,ok,complete
503205011,38214,西予市,1,,,,,2,503205204,,True,True,ok,partial
503205013,38214,西予市,1,,,,,2,503205204,,True,True,ok,partial
503205121,38214,西予市,2,,,,,2,503205222,,True,True,ok,partial
503205123,38214,西予市,5,,,,,2,503205222,,True,True,ok,partial
503205204,38214,西予市,7,6.0,5.0,0.8571428571428571,0.7142857142857143,1,,503205011;503205013,False,False,ok,complete
503205213,38214,西予市,10,,,,,2,503205311,,True,True,ok,partial
503205222,38214,西予市,3,,,,,1,,503205121;503205123;503205224,True,True,inconsistent_with_total,partial
503205224,38214,西予市,3,,,,,2,503205222,,True,True,ok,partial
503205263,38214,西予市,14,10.0,7.0,0.7142857142857143,0.5,1,,503205074;503205091,False,False,ok,complete
503205301,38214,西予市,8,,,,,2,503205302,,True,True,ok,partial
503205302,38214,西予市,20,12.0,6.0,0.6,0.3,1,,503205301,False,False,ok,complete
503205304,38214,西予市,60,18.0,5.0,0.3,0.08333333333333333,0,,,False,False,ok,complete
503205311,38214,西予市,28,18.0,5.0,0.6428571428571429,0.17857142857142858,1,,503205213;503205312,False,False,ok,complete
503205312,38214,西予市,1,,,,,2,503205311,,True,True,ok,partial
503205313,38214,西予市,90,45.0,24.0,0.5,0.26666666666666666,1,,503205314,False,False,ok,complete
503205314,38214,西予市,9,,,,,2,503205313,,True,True,ok,partial
503205324,38214,西予市,18,13.0,7.0,0.7222222222222222,0.3888888888888889,1,,503205331,False,False,ok,complete
503205331,38214,西予市,2,,,,,2,503205324,,True,True,ok,partial
503205342,38214,西予市,10,5.0,1.0,0.5,0.1,0,,,False,False,ok,complete
503205352,38214,西予市,3,,,,,2,503205363,,True,True,ok,partial
503205354,38214,西予市,5,,,,,2,503205363,,True,True,ok,partial
503205363,38214,西予市,12,,,,,1,,503205352;503205354;503205364,True,True,inconsistent_with_total,partial
503205364,38214,西予市,5,,,,,2,503205363,,True,True,ok,partial
503205382,38214,西予市,4,,,,,2,503205384,,True,True,ok,partial
503205384,38214,西予市,11,9.0,6.0,0.8181818181818182,0.5454545454545454,1,,503205382,False,False,ok,complete
503205393,38214,西予市,17,14.0,8.0,0.8235294117647058,0.47058823529411764,0,,,False,False,ok,complete
503205402,38214,西予市,152,96.0,68.0,0.631578947368421,0.4473684210526316,0,,,False,False,ok,complete
503205411,38214,西予市,170,68.0,33.0,0.4,0.19411764705882353,0,,,False,False,ok,complete
503205412,38214,西予市,239,82.0,38.0,0.34309623430962344,0.1589958158995816,0,,,False,False,ok,complete
503205413,38214,西予市,334,170.0,117.0,0.5089820359281437,0.3502994011976048,0,,,False,False,ok,complete
503205414,38214,西予市,284,144.0,102.0,0.5070422535211268,0.3591549295774648,0,,,False,False,ok,complete
503205423,38214,西予市,4,,,,,2,503205424,,True,True,ok,partial
503205424,38214,西予市,83,34.0,16.0,0.40963855421686746,0.1927710843373494,1,,503205423,False,False,ok,complete
503205441,38214,西予市,35,22.0,4.0,0.6285714285714286,0.11428571428571428,0,,,False,False,ok,complete
503205442,38214,西予市,37,16.0,6.0,0.43243243243243246,0.16216216216216217,1,,503205443;503205444,False,False,ok,complete
503205443,38214,西予市,3,,,,,2,503205442,,True,True,ok,partial
503205444,38214,西予市,14,,,,,2,503205442,,True,True,ok,partial
503205451,38214,西予市,9,,,,,2,503205453,,True,True,ok,partial
503205453,38214,西予市,56,35.0,28.0,0.625,0.5,1,,503205451;503205454,False,False,ok,complete
503205454,38214,西予市,7,,,,,2,503205453,,True,True,ok,partial
503205461,38214,西予市,35,20.0,7.0,0.5714285714285714,0.2,1,,503205463,False,False,ok,complete
503205462,38214,西予市,11,5.0,3.0,0.45454545454545453,0.2727272727272727,0,,,False,False,ok,complete
503205463,38214,西予市,5,,,,,2,503205461,,True,True,ok,partial
503205464,38214,西予市,84,33.0,24.0,0.39285714285714285,0.2857142857142857,0,,,False,False,ok,complete
503205473,38214,西予市,2,,,,,1,,503205474,True,True,inconsistent_with_total,partial
503205474,38214,西予市,9,,,,,2,503205473,,True,True,ok,partial
503205482,38214,西予市,4,,,,,2,503205483,,True,True,ok,partial
503205483,38214,西予市,13,6.0,4.0,0.46153846153846156,0.3076923076923077,1,,503205482,False,False,ok,complete
503205491,38214,西予市,16,,,,,2,503205492,,True,True,ok,partial
503205492,38214,西予市,4,,,,,1,,503205491;503205493,True,True,inconsistent_with_total,partial
503205493,38214,西予市,9,,,,,2,503205492,,True,True,ok,partial
503205503,38214,西予市,20,11.0,6.0,0.55,0.3,0,,,False,False,ok,complete
503205504,38214,西予市,15,9.0,5.0,0.6,0.3333333333333333,0,,,False,False,ok,complete
503205511,38214,西予市,537,268.0,185.0,0.49906890130353815,0.34450651769087526,0,,,False,False,ok,complete
503205512,38214,西予市,293,150.0,79.0,0.5119453924914675,0.2696245733788396,0,,,False,False,ok,complete
503205513,38214,西予市,434,154.0,78.0,0.3548387096774194,0.17972350230414746,0,,,False,False,ok,complete
503205514,38214,西予市,448,226.0,141.0,0.5044642857142857,0.31473214285714285,0,,,False,False,ok,complete
503205521,38214,西予市,108,56.0,28.0,0.5185185185185185,0.25925925925925924,0,,,False,False,ok,complete
503205523,38214,西予市,240,77.0,34.0,0.32083333333333336,0.14166666666666666,0,,,False,False,ok,complete
503205532,38214,西予市,6,,,,,2,503205534,,True,True,ok,partial
503205534,38214,西予市,5,,,,,1,,503205532,True,True,inconsistent_with_total,partial
503205552,38214,西予市,18,7.0,2.0,0.3888888888888889,0.1111111111111111,0,,,False,False,ok,complete
503205561,38214,西予市,63,26.0,15.0,0.4126984126984127,0.23809523809523808,0,,,False,False,ok,complete
503205562,38214,西予市,86,38.0,18.0,0.4418604651162791,0.20930232558139536,1,,503205564,False,False,ok,complete
503205564,38214,西予市,2,,,,,2,503205562,,True,True,ok,partial
503205571,38214,西予市,48,20.0,11.0,0.4166666666666667,0.22916666666666666,0,,,False,False,ok,complete
503205572,38214,西予市,70,34.0,23.0,0.4857142857142857,0.32857142857142857,1,,503205573;503205574,False,False,ok,complete
503205573,38214,西予市,4,,,,,2,503205572,,True,True,ok,partial
503205574,38214,西予市,2,,,,,2,503205572,,True,True,ok,partial
503205581,38214,西予市,45,20.0,14.0,0.4444444444444444,0.3111111111111111,0,,,False,False,ok,complete
503205582,38214,西予市,43,20.0,10.0,0.46511627906976744,0.23255813953488372,0,,,False,False,ok,complete
503205583,38214,西予市,100,78.0,56.0,0.78,0.56,0,,,False,False,ok,complete
503205584,38214,西予市,38,15.0,11.0,0.39473684210526316,0.2894736842105263,0,,,False,False,ok,complete
503205591,38214,西予市,24,8.0,5.0,0.3333333333333333,0.20833333333333334,0,,,False,False,ok,complete
503205592,38214,西予市,74,44.0,30.0,0.5945945945945946,0.40540540540540543,0,,,False,False,ok,complete
503205593,38214,西予市,13,11.0,3.0,0.8461538461538461,0.23076923076923078,0,,,False,False,ok,complete
503205594,38214,西予市,29,15.0,10.0,0.5172413793103449,0.3448275862068966,0,,,False,False,ok,complete
503205603,38214,西予市,30,21.0,11.0,0.7,0.36666666666666664,0,,,False,False,ok,complete
503205604,38214,西予市,21,13.0,4.0,0.6190476190476191,0.19047619047619047,0,,,False,False,ok,complete
503205611,38214,西予市,2,,,,,2,503205612,,True,True,ok,partial
503205612,38214,西予市,42,11.0,5.0,0.2619047619047619,0.11904761904761904,1,,503205611,False,False,ok,complete
503205613,38214,西予市,23,8.0,3.0,0.34782608695652173,0.13043478260869565,0,,,False,False,ok,complete
503205614,38214,西予市,23,7.0,5.0,0.30434782608695654,0.21739130434782608,0,,,False,False,ok,complete
503205621,38214,西予市,158,41.0,23.0,0.25949367088607594,0.14556962025316456,0,,,False,False,ok,complete
503205622,38214,西予市,57,17.0,8.0,0.2982456140350877,0.14035087719298245,0,,,False,False,ok,complete
503205623,38214,西予市,16,2.0,2.0,0.125,0.125,1,,503205624,False,False,ok,complete
503205624,38214,西予市,9,,,,,2,503205623,,True,True,ok,partial
503205631,38214,西予市,3,,,,,2,503205633,,True,True,ok,partial
503205632,38214,西予市,11,,,,,2,503205633,,True,True,ok,partial
503205633,38214,西予市,45,32.0,14.0,0.7111111111111111,0.3111111111111111,1,,503205631;503205632,False,False,ok,complete
503205634,38214,西予市,58,22.0,14.0,0.3793103448275862,0.2413793103448276,0,,,False,False,ok,complete
503205641,38214,西予市,4,,,,,2,503205643,,True,True,ok,partial
503205642,38214,西予市,4,,,,,2,503205644,,True,True,ok,partial
503205643,38214,西予市,26,14.0,5.0,0.5384615384615384,0.19230769230769232,1,,503205641,False,False,ok,complete
503205644,38214,西予市,16,,,,,1,,503205642,True,True,inconsistent_with_total,partial
503205651,38214,西予市,20,8.0,5.0,0.4,0.25,0,,,False,False,ok,complete
503205663,38214,西予市,25,15.0,13.0,0.6,0.52,0,,,False,False,ok,complete
503205671,38214,西予市,14,7.0,4.0,0.5,0.2857142857142857,0,,,False,False,ok,complete
503205672,38214,西予市,11,7.0,5.0,0.6363636363636364,0.45454545454545453,0,,,False,False,ok,complete
503205681,38214,西予市,1,,,,,2,503205682,,True,True,ok,partial
503205682,38214,西予市,45,27.0,18.0,0.6,0.4,1,,503205681;503205684,False,False,ok,complete
503205683,38214,西予市,9,7.0,1.0,0.7777777777777778,0.1111111111111111,0,,,False,False,ok,complete
503205684,38214,西予市,6,,,,,2,503205682,,True,True,ok,partial
503205693,38214,西予市,10,,,,,2,503205694,,True,True,ok,partial
503205694,38214,西予市,9,9.0,6.0,1.0,0.6666666666666666,1,,503205693,False,False,ok,complete
503205701,38214,西予市,19,,,,,1,,503205703,True,True,inconsistent_with_total,partial
503205703,38214,西予市,5,,,,,2,503205701,,True,True,ok,partial
503205711,38214,西予市,12,9.0,4.0,0.75,0.3333333333333333,1,,503205712;503205714,False,False,ok,complete
503205712,38214,西予市,1,,,,,2,503205711,,True,True,ok,partial
503205714,38214,西予市,1,,,,,2,503205711,,True,True,ok,partial
503205721,38214,西予市,9,2.0,2.0,0.2222222222222222,0.2222222222222222,0,,,False,False,ok,complete
503205722,38214,西予市,68,39.0,18.0,0.5735294117647058,0.2647058823529412,1,,503205724,False,False,ok,complete
503205723,38214,西予市,18,5.0,2.0,0.2777777777777778,0.1111111111111111,0,,,False,False,ok,complete
503205724,38214,西予市,4,,,,,2,503205722,,True,True,ok,partial
503205731,38214,西予市,6,,,,,2,503205733,,True,True,ok,partial
503205732,38214,西予市,17,7.0,2.0,0.4117647058823529,0.11764705882352941,0,,,False,False,ok,complete
503205733,38214,西予市,83,35.0,17.0,0.42168674698795183,0.20481927710843373,1,,503205731,False,False,ok,complete
503205734,38214,西予市,41,20.0,8.0,0.4878048780487805,0.1951219512195122,0,,,False,False,ok,complete
503205743,38214,西予市,35,24.0,13.0,0.6857142857142857,0.37142857142857144,0,,,False,False,ok,complete
503205744,38214,西予市,14,3.0,0.0,0.21428571428571427,0.0,0,,,False,False,ok,complete
503205753,38214,西予市,43,28.0,18.0,0.6511627906976745,0.4186046511627907,1,,503205754,False,False,ok,complete
503205754,38214,西予市,6,,,,,2,503205753,,True,True,ok,partial
503205761,38214,西予市,14,6.0,2.0,0.42857142857142855,0.14285714285714285,0,,,False,False,ok,complete
503205772,38214,西予市,10,6.0,3.0,0.6,0.3,0,,,False,False,ok,complete
503205774,38214,西予市,61,21.0,13.0,0.3442622950819672,0.21311475409836064,1,,503205862,False,False,ok,complete
503205781,38214,西予市,14,,,,,1,,503205782;503205783,True,True,inconsistent_with_total,partial
503205782,38214,西予市,7,,,,,2,503205781,,True,True,ok,partial
503205783,38214,西予市,6,,,,,2,503205781,,True,True,ok,partial
503205784,38214,西予市,16,11.0,5.0,0.6875,0.3125,0,,,False,False,ok,complete
503205792,38214,西予市,19,6.0,5.0,0.3157894736842105,0.2631578947368421,0,,,False,False,ok,complete
503205793,38214,西予市,15,15.0,7.0,1.0,0.4666666666666667,1,,503205891;503205893,False,False,ok,complete
503205802,38214,西予市,2,,,,,2,503205804,,True,True,ok,partial
503205804,38214,西予市,20,11.0,7.0,0.55,0.35,1,,503205802,False,False,ok,complete
503205811,38214,西予市,25,10.0,6.0,0.4,0.24,0,,,False,False,ok,complete
503205812,38214,西予市,32,21.0,13.0,0.65625,0.40625,1,,503205814,False,False,ok,complete
503205813,38214,西予市,10,7.0,5.0,0.7,0.5,0,,,False,False,ok,complete
503205814,38214,西予市,2,,,,,2,503205812,,True,True,ok,partial
503205823,38214,西予市,16,12.0,7.0,0.75,0.4375,0,,,False,False,ok,complete
503205832,38214,西予市,28,23.0,10.0,0.8214285714285714,0.35714285714285715,0,,,False,False,ok,complete
503205841,38214,西予市,16,4.0,4.0,0.25,0.25,0,,,False,False,ok,complete
503205842,38214,西予市,28,17.0,10.0,0.6071428571428571,0.35714285714285715,0,,,False,False,ok,complete
503205844,38214,西予市,18,9.0,5.0,0.5,0.2777777777777778,0,,,False,False,ok,complete
503205851,38214,西予市,22,11.0,4.0,0.5,0.18181818181818182,1,,503205852,False,False,ok,complete
503205852,38214,西予市,3,,,,,2,503205851,,True,True,ok,partial
503205853,38214,西予市,21,6.0,4.0,0.2857142857142857,0.19047619047619047,0,,,False,False,ok,complete
503205862,38214,西予市,1,,,,,2,503205774,,True,True,ok,partial
503205882,38214,西予市,57,24.0,16.0,0.42105263157894735,0.2807017543859649,0,,,False,False,ok,complete
503205884,38214,西予市,23,15.0,8.0,0.6521739130434783,0.34782608695652173,1,,503205981,False,False,ok,complete
503205891,38214,西予市,5,,,,,2,503205793,,True,True,ok,partial
503205893,38214,西予市,3,,,,,2,503205793,,True,True,ok,partial
503205901,38214,西予市,38,20.0,9.0,0.5263157894736842,0.23684210526315788,0,,,False,False,ok,complete
503205902,38214,西予市,31,15.0,11.0,0.4838709677419355,0.3548387096774194,0,,,False,False,ok,complete
503205903,38214,西予市,11,1.0,1.0,0.09090909090909091,0.09090909090909091,0,,,False,False,ok,complete
503205904,38214,西予市,131,58.0,38.0,0.44274809160305345,0.2900763358778626,0,,,False,False,ok,complete
503205911,38214,西予市,12,11.0,8.0,0.9166666666666666,0.6666666666666666,1,,503205913,False,False,ok,complete
503205912,38214,西予市,14,10.0,6.0,0.7142857142857143,0.42857142857142855,0,,,False,False,ok,complete
503205913,38214,西予市,8,,,,,2,503205911,,True,True,ok,partial
503205921,38214,西予市,15,7.0,4.0,0.4666666666666667,0.26666666666666666,1,,503205924,False,False,ok,complete
503205924,38214,西予市,1,,,,,2,503205921,,True,True,ok,partial
503205932,38214,西予市,52,32.0,21.0,0.6153846153846154,0.40384615384615385,0,,,False,False,ok,complete
503205933,38214,西予市,28,11.0,7.0,0.39285714285714285,0.25,0,,,False,False,ok,complete
503205944,38214,西予市,10,7.0,5.0,0.7,0.5,0,,,False,False,ok,complete
503205953,38214,西予市,14,8.0,4.0,0.5714285714285714,0.2857142857142857,0,,,False,False,ok,complete
503205954,38214,西予市,19,8.0,1.0,0.42105263157894735,0.05263157894736842,0,,,False,False,ok,complete
503205961,38214,西予市,17,8.0,5.0,0.47058823529411764,0.29411764705882354,1,,503205963,False,False,ok,complete
503205962,38214,西予市,31,20.0,11.0,0.6451612903225806,0.3548387096774194,0,,,False,False,ok,complete
503205963,38214,西予市,4,,,,,2,503205961,,True,True,ok,partial
503205964,38214,西予市,28,18.0,12.0,0.6428571428571429,0.42857142857142855,0,,,False,False,ok,complete
503205971,38214,西予市,17,9.0,3.0,0.5294117647058824,0.17647058823529413,0,,,False,False,ok,complete
503205973,38214,西予市,47,22.0,12.0,0.46808510638297873,0.2553191489361702,0,,,False,False,ok,complete
503205974,38214,西予市,22,12.0,8.0,0.5454545454545454,0.36363636363636365,0,,,False,False,ok,complete
503205981,38214,西予市,8,,,,,2,503205884,,True,True,ok,partial
503205992,38214,西予市,1,,,,,2,503205993,,True,True,ok,partial
503205993,38214,西予市,13,,,,,1,,503205992;503205994,True,True,inconsistent_with_total,partial
503205994,38214,西予市,5,,,,,2,503205993,,True,True,ok,partial
503206131,38214,西予市,40,24.0,11.0,0.6,0.275,0,,,False,False,ok,complete
503206133,38214,西予市,20,7.0,5.0,0.35,0.25,1,,503206134,False,False,ok,complete
503206134,38214,西予市,2,,,,,2,503206133,,True,True,ok,partial
503206231,38214,西予市,4,,,,,2,503206232,,True,True,ok,partial
503206232,38214,西予市,14,10.0,7.0,0.7142857142857143,0.5,1,,503206231,False,False,ok,complete
503206234,38214,西予市,18,12.0,7.0,0.6666666666666666,0.3888888888888889,0,,,False,False,ok,complete
503206243,38214,西予市,2,,,,,2,503206341,,True,True,ok,partial
503206324,38214,西予市,14,10.0,6.0,0.7142857142857143,0.42857142857142855,0,,,False,False,ok,complete
503206332,38214,西予市,35,21.0,7.0,0.6,0.2,0,,,False,False,ok,complete
503206333,38214,西予市,16,10.0,7.0,0.625,0.4375,0,,,False,False,ok,complete
503206334,38214,西予市,57,25.0,12.0,0.43859649122807015,0.21052631578947367,0,,,False,False,ok,complete
503206341,38214,西予市,18,13.0,6.0,0.7222222222222222,0.3333333333333333,1,,503206243,False,False,ok,complete
503206342,38214,西予市,3,,,,,2,503206344,,True,True,ok,partial
503206343,38214,西予市,11,5.0,3.0,0.45454545454545453,0.2727272727272727,1,,503206432,False,False,ok,complete
503206344,38214,西予市,22,10.0,3.0,0.45454545454545453,0.13636363636363635,1,,503206342,False,False,ok,complete
503206351,38214,西予市,9,,,,,1,,503206353,True,True,inconsistent_with_total,partial
503206353,38214,西予市,4,,,,,2,503206351,,True,True,ok,partial
503206402,38214,西予市,11,9.0,3.0,0.8181818181818182,0.2727272727272727,0,,,False,False,ok,complete
503206411,38214,西予市,13,13.0,7.0,1.0,0.5384615384615384,0,,,False,False,ok,complete
503206412,38214,西予市,16,10.0,4.0,0.625,0.25,0,,,False,False,ok,complete
503206414,38214,西予市,14,2.0,1.0,0.14285714285714285,0.07142857142857142,0,,,False,False,ok,complete
503206421,38214,西予市,62,42.0,27.0,0.6774193548387096,0.43548387096774194,0,,,False,False,ok,complete
503206422,38214,西予市,31,15.0,10.0,0.4838709677419355,0.3225806451612903,0,,,False,False,ok,complete
503206423,38214,西予市,93,76.0,66.0,0.8172043010752689,0.7096774193548387,0,,,False,False,ok,complete
503206432,38214,西予市,1,,,,,2,503206343,,True,True,ok,partial
503206441,38214,西予市,22,16.0,8.0,0.7272727272727273,0.36363636363636365,1,,503206442;503206444,False,False,ok,complete
503206442,38214,西予市,5,,,,,2,503206441,,True,True,ok,partial
503206443,38214,西予市,12,10.0,5.0,0.8333333333333334,0.4166666666666667,0,,,False,False,ok,complete
503206444,38214,西予市,7,,,,,2,503206441,,True,True,ok,partial
503206451,38214,西予市,9,7.0,6.0,0.7777777777777778,0.6666666666666666,1,,503206452,False,False,ok,complete
503206452,38214,西予市,1,,,,,2,503206451,,True,True,ok,partial
503206453,38214,西予市,14,8.0,3.0,0.5714285714285714,0.21428571428571427,0,,,False,False,ok,complete
503206501,38214,西予市,33,16.0,7.0,0.48484848484848486,0.21212121212121213,0,,,False,False,ok,complete
503206503,38214,西予市,55,6.0,2.0,0.10909090909090909,0.03636363636363636,0,,,False,False,ok,complete
503206512,38214,西予市,18,10.0,3.0,0.5555555555555556,0.16666666666666666,0,,,False,False,ok,complete
503206513,38214,西予市,26,14.0,8.0,0.5384615384615384,0.3076923076923077,0,,,False,False,ok,complete
503206514,38214,西予市,54,28.0,16.0,0.5185185185185185,0.2962962962962963,0,,,False,False,ok,complete
503206521,38214,西予市,3,,,,,2,503206524,,True,True,ok,partial
503206524,38214,西予市,8,,,,,1,,503206521;503206533;503206622;503206631,True,True,inconsistent_with_total,partial
503206533,38214,西予市,2,,,,,2,503206524,,True,True,ok,partial
503206551,38214,西予市,13,12.0,8.0,0.9230769230769231,0.6153846153846154,0,,,False,False,ok,complete
503206553,38214,西予市,24,15.0,9.0,0.625,0.375,0,,,False,False,ok,complete
503206554,38214,西予市,14,4.0,2.0,0.2857142857142857,0.14285714285714285,0,,,False,False,ok,complete
503206563,38214,西予市,6,,,,,2,503206661,,True,True,ok,partial
503206572,38214,西予市,12,,,,,2,503206661,,True,True,ok,partial
503206611,38214,西予市,84,47.0,25.0,0.5595238095238095,0.2976190476190476,0,,,False,False,ok,complete
503206612,38214,西予市,40,17.0,9.0,0.425,0.225,0,,,False,False,ok,complete
503206613,38214,西予市,11,10.0,4.0,0.9090909090909091,0.36363636363636365,0,,,False,False,ok,complete
503206614,38214,西予市,9,7.0,4.0,0.7777777777777778,0.4444444444444444,0,,,False,False,ok,complete
503206622,38214,西予市,4,,,,,2,503206524,,True,True,ok,partial
503206631,38214,西予市,2,,,,,2,503206524,,True,True,ok,partial
503206651,38214,西予市,16,8.0,4.0,0.5,0.25,0,,,False,False,ok,complete
503206652,38214,西予市,38,17.0,10.0,0.4473684210526316,0.2631578947368421,0,,,False,False,ok,complete
503206654,38214,西予市,10,4.0,3.0,0.4,0.3,0,,,False,False,ok,complete
503206661,38214,西予市,21,19.0,12.0,0.9047619047619048,0.5714285714285714,1,,503206563;503206572;503206662,False,False,ok,complete
503206662,38214,西予市,2,,,,,2,503206661,,True,True,ok,partial
503206682,38214,西予市,1,,,,,2,503206593,,True,True,ok,partial
503206701,38214,西予市,9,,,,,2,503206703,,True,True,ok,partial
503206703,38214,西予市,1,,,,,1,,503206701;503206704,True,True,inconsistent_with_total,partial
503206704,38214,西予市,2,,,,,2,503206703,,True,True,ok,partial
503206711,38214,西予市,13,9.0,5.0,0.6923076923076923,0.38461538461538464,0,,,False,False,ok,complete
503206712,38214,西予市,15,14.0,9.0,0.9333333333333333,0.6,0,,,False,False,ok,complete
503206714,38214,西予市,25,18.0,8.0,0.72,0.32,0,,,False,False,ok,complete
503206723,38214,西予市,24,15.0,4.0,0.625,0.16666666666666666,1,,503206724,False,False,ok,complete
503206724,38214,西予市,6,,,,,2,503206723,,True,True,ok,partial
503206761,38214,西予市,14,10.0,8.0,0.7142857142857143,0.5714285714285714,1,,503206982;503206984,False,False,ok,complete
503206803,38214,西予市,14,,,,,1,,503206904,True,True,inconsistent_with_total,partial
503206811,38214,西予市,8,,,,,2,503206812,,True,True,ok,partial
503206812,38214,西予市,7,,,,,1,,503206811,True,True,inconsistent_with_total,partial
503206821,38214,西予市,1,,,,,2,503206822,,True,True,ok,partial
503206822,38214,西予市,15,14.0,12.0,0.9333333333333333,0.8,1,,503206821;503206823;503206824,False,False,ok,complete
503206823,38214,西予市,2,,,,,2,503206822,,True,True,ok,partial
503206824,38214,西予市,3,,,,,2,503206822,,True,True,ok,partial
503206831,38214,西予市,5,,,,,2,503206833,,True,True,ok,partial
503206833,38214,西予市,34,32.0,17.0,0.9411764705882353,0.5,1,,503206831;503206922,False,False,ok,complete
503206834,38214,西予市,14,10.0,9.0,0.7142857142857143,0.6428571428571429,0,,,False,False,ok,complete
503206843,38214,西予市,11,9.0,6.0,0.8181818181818182,0.5454545454545454,1,,503206844;503206951;503206953,False,False,ok,complete
503206844,38214,西予市,3,,,,,2,503206843,,True,True,ok,partial
503206904,38214,西予市,5,,,,,2,503206803,,True,True,ok,partial
503206922,38214,西予市,3,,,,,2,503206833,,True,True,ok,partial
503206932,38214,西予市,5,,,,,2,503206941,,True,True,ok,partial
503206941,38214,西予市,6,,,,,1,,503206932;503206942;503206944,True,True,inconsistent_with_total,partial
503206942,38214,西予市,1,,,,,2,503206941,,True,True,ok,partial
503206944,38214,西予市,2,,,,,2,503206941,,True,True,ok,partial
503206951,38214,西予市,1,,,,,2,503206843,,True,True,ok,partial
503206953,38214,西予市,4,,,,,2,503206843,,True,True,ok,partial
503211124,38442,伊方町,47,30.0,22.0,0.6382978723404256,0.46808510638297873,0,,,False,False,ok,complete
503211141,38442,伊方町,27,14.0,7.0,0.5185185185185185,0.25925925925925924,0,,,False,False,ok,complete
503211143,38442,伊方町,27,21.0,8.0,0.7777777777777778,0.2962962962962963,0,,,False,False,ok,complete
503211152,38442,伊方町,5,5.0,4.0,1.0,0.8,1,,503211153;503211154,False,False,ok,complete
503211153,38442,伊方町,4,,,,,2,503211152,,True,True,ok,partial
503211154,38442,伊方町,2,,,,,2,503211152,,True,True,ok,partial
503211161,38442,伊方町,18,13.0,4.0,0.7222222222222222,0.2222222222222222,0,,,False,False,ok,complete
503211162,38442,伊方町,14,4.0,1.0,0.2857142857142857,0.07142857142857142,1,,503211164,False,False,ok,complete
503211164,38442,伊方町,1,,,,,2,503211162,,True,True,ok,partial
503211171,38442,伊方町,5,,,,,2,503211172,,True,True,ok,partial
503211172,38442,伊方町,189,91.0,53.0,0.48148148148148145,0.2804232804232804,1,,503211074;503211171,False,False,ok,complete
503211181,38442,伊方町,105,78.0,73.0,0.7428571428571429,0.6952380952380952,1,,503211182;503211183,False,False,ok,complete
503211182,38442,伊方町,7,,,,,2,503211181,,True,True,ok,partial
503211183,38442,伊方町,1,,,,,2,503211181,,True,True,ok,partial
503211354,38442,伊方町,7,,,,,2,503211352,,True,True,ok,partial
503211361,38442,伊方町,10,8.0,4.0,0.8,0.4,0,,,False,False,ok,complete
503211371,38442,伊方町,23,,,,,1,,503211372,True,True,inconsistent_with_total,partial
503211381,38442,伊方町,7,,,,,2,503211383,,True,True,ok,partial
503211383,38442,伊方町,57,34.0,20.0,0.5964912280701754,0.3508771929824561,1,,503211381,False,False,ok,complete
503211481,38442,伊方町,2,,,,,2,503211591,,True,True,ok,partial
503211484,38442,伊方町,4,,,,,2,503211591,,True,True,ok,partial
503211492,38442,伊方町,20,10.0,8.0,0.5,0.4,0,,,False,False,ok,complete
503211493,38442,伊方町,24,15.0,14.0,0.625,0.5833333333333334,0,,,False,False,ok,complete
503211494,38442,伊方町,206,84.0,38.0,0.4077669902912621,0.18446601941747573,0,,,False,False,ok,complete
503211591,38442,伊方町,29,14.0,8.0,0.4827586206896552,0.27586206896551724,1,,503211481;503211484,False,False,ok,complete
503211592,38442,伊方町,39,23.0,10.0,0.5897435897435898,0.2564102564102564,1,,503211594,False,False,ok,complete
503211594,38442,伊方町,5,,,,,2,503211592,,True,True,ok,partial
503212301,38442,伊方町,27,9.0,2.0,0.3333333333333333,0.07407407407407407,0,,,False,False,ok,complete
503212302,38442,伊方町,130,63.0,30.0,0.4846153846153846,0.23076923076923078,0,,,False,False,ok,complete
503212411,38442,伊方町,6,,,,,2,503212511,,True,True,ok,partial
503212424,38442,伊方町,5,,,,,2,503212522,,True,True,ok,partial
503212511,38442,伊方町,10,,,,,1,,503212411,True,True,inconsistent_with_total,partial
503212522,38442,伊方町,94,46.0,28.0,0.48936170212765956,0.2978723404255319,1,,503212423;503212424,False,False,ok,complete
503212524,38442,伊方町,27,10.0,4.0,0.37037037037037035,0.14814814814814814,0,,,False,False,ok,complete
503212551,38442,伊方町,3,,,,,2,503212652,,True,True,ok,partial
503212611,38442,伊方町,5,,,,,2,503212613,,True,True,ok,partial
503212613,38442,伊方町,101,44.0,27.0,0.43564356435643564,0.26732673267326734,1,,503212611,False,False,ok,complete
503212614,38442,伊方町,20,4.0,3.0,0.2,0.15,0,,,False,False,ok,complete
503212622,38442,伊方町,47,30.0,15.0,0.6382978723404256,0.3191489361702128,1,,503212624,False,False,ok,complete
503212623,38442,伊方町,41,17.0,7.0,0.4146341463414634,0.17073170731707318,0,,,False,False,ok,complete
503212624,38442,伊方町,2,,,,,2,503212622,,True,True,ok,partial
503212631,38442,伊方町,9,3.0,2.0,0.3333333333333333,0.2222222222222222,0,,,False,False,ok,complete
503212632,38442,伊方町,20,13.0,6.0,0.65,0.3,0,,,False,False,ok,complete
503212634,38442,伊方町,29,21.0,9.0,0.7241379310344828,0.3103448275862069,1,,503212633,False,False,ok,complete
503212643,38442,伊方町,58,26.0,13.0,0.4482758620689655,0.22413793103448276,0,,,False,False,ok,complete
503212644,38442,伊方町,154,78.0,43.0,0.5064935064935064,0.2792207792207792,0,,,False,False,ok,complete
503212652,38442,伊方町,108,55.0,35.0,0.5092592592592593,0.32407407407407407,1,,503212551,False,False,ok,complete
503212654,38442,伊方町,176,87.0,55.0,0.4943181818181818,0.3125,1,,503212663,False,False,ok,complete
503212694,38442,伊方町,179,76.0,39.0,0.4245810055865922,0.21787709497206703,0,,,False,False,ok,complete
503212741,38442,伊方町,119,50.0,28.0,0.42016806722689076,0.23529411764705882,0,,,False,False,ok,complete
503212742,38442,伊方町,184,69.0,30.0,0.375,0.16304347826086957,1,,503212743,False,False,ok,complete
503212743,38442,伊方町,13,,,,,2,503212742,,True,True,ok,partial
503212751,38442,伊方町,184,113.0,47.0,0.6141304347826086,0.2554347826086957,1,,503212753,False,False,ok,complete
503212753,38442,伊方町,8,,,,,2,503212751,,True,True,ok,partial
503212761,38442,伊方町,2,,,,,2,503212764,,True,True,ok,partial
503212764,38442,伊方町,21,4.0,0.0,0.19047619047619047,0.0,1,,503212761,False,False,ok,complete
503212773,38442,伊方町,16,11.0,2.0,0.6875,0.125,1,,503212774,False,False,ok,complete
503212774,38442,伊方町,8,,,,,2,503212773,,True,True,ok,partial
503212792,38442,伊方町,145,66.0,35.0,0.45517241379310347,0.2413793103448276,0,,,False,False,ok,complete
503212793,38442,伊方町,148,59.0,25.0,0.39864864864864863,0.16891891891891891,1,,503212791,False,False,ok,complete
503212862,38442,伊方町,31,12.0,3.0,0.3870967741935484,0.0967741935483871,0,,,False,False,ok,complete
503212871,38442,伊方町,323,167.0,85.0,0.5170278637770898,0.2631578947368421,0,,,False,False,ok,complete
503212872,38442,伊方町,22,6.0,4.0,0.2727272727272727,0.18181818181818182,0,,,False,False,ok,complete
503212874,38442,伊方町,202,97.0,46.0,0.4801980198019802,0.22772277227722773,0,,,False,False,ok,complete
503212881,38442,伊方町,126,21.0,14.0,0.16666666666666666,0.1111111111111111,0,,,False,False,ok,complete
503212882,38442,伊方町,82,17.0,3.0,0.2073170731707317,0.036585365853658534,0,,,False,False,ok,complete
503212883,38442,伊方町,638,269.0,186.0,0.4216300940438871,0.29153605015673983,0,,,False,False,ok,complete
503212884,38442,伊方町,289,35.0,13.0,0.12110726643598616,0.04498269896193772,0,,,False,False,ok,complete
503212893,38442,伊方町,8,,,,,2,503212982,,True,True,ok,partial
503212963,38442,伊方町,63,38.0,27.0,0.6031746031746031,0.42857142857142855,1,,503212964,False,False,ok,complete
503212964,38442,伊方町,4,,,,,2,503212963,,True,True,ok,partial
503212982,38442,伊方町,226,64.0,36.0,0.2831858407079646,0.1592920353982301,1,,503212893,False,False,ok,complete
503212991,38442,伊方町,132,55.0,22.0,0.4166666666666667,0.16666666666666666,0,,,False,False,ok,complete
503212992,38442,伊方町,15,9.0,7.0,0.6,0.4666666666666667,0,,,False,False,ok,complete
503212994,38204,八幡浜市,11,6.0,3.0,0.5454545454545454,0.2727272727272727,0,,,False,False,ok,complete
503213013,38204,八幡浜市,28,18.0,10.0,0.6428571428571429,0.35714285714285715,1,,503213014,False,False,ok,complete
503213014,38204,八幡浜市,12,,,,,2,503213013,,True,True,ok,partial
503213022,38204,八幡浜市,6,,,,,2,503213024,,True,True,ok,partial
503213023,38204,八幡浜市,64,30.0,10.0,0.46875,0.15625,0,,,False,False,ok,complete
503213024,38204,八幡浜市,388,189.0,94.0,0.48711340206185566,0.2422680412371134,1,,503213022,False,False,ok,complete
503213041,38204,八幡浜市,55,32.0,15.0,0.5818181818181818,0.2727272727272727,0,,,False,False,ok,complete
503213044,38204,八幡浜市,31,17.0,7.0,0.5483870967741935,0.22580645161290322,0,,,False,False,ok,complete
503213053,38204,八幡浜市,103,39.0,21.0,0.3786407766990291,0.20388349514563106,0,,,False,False,ok,complete
503213061,38204,八幡浜市,46,26.0,11.0,0.5652173913043478,0.2391304347826087,0,,,False,False,ok,complete
503213062,38204,八幡浜市,59,13.0,9.0,0.22033898305084745,0.15254237288135594,0,,,False,False,ok,complete
503213063,38204,八幡浜市,38,12.0,4.0,0.3157894736842105,0.10526315789473684,0,,,False,False,ok,complete
503213064,38204,八幡浜市,514,243.0,141.0,0.4727626459143969,0.27431906614785995,0,,,False,False,ok,complete
503213071,38204,八幡浜市,5,,,,,2,503213073,,True,True,ok,partial
503213073,38204,八幡浜市,33,4.0,2.0,0.12121212121212122,0.06060606060606061,1,,503213071,False,False,ok,complete
503213082,38204,八幡浜市,13,5.0,1.0,0.38461538461538464,0.07692307692307693,0,,,False,False,ok,complete
503213091,38214,西予市,53,36.0,19.0,0.6792452830188679,0.3584905660377358,0,,,False,False,ok,complete
503213092,38214,西予市,9,,,,,2,503213094,,True,True,ok,partial
503213093,38214,西予市,21,7.0,5.0,0.3333333333333333,0.23809523809523808,0,,,False,False,ok,complete
503213094,38214,西予市,128,65.0,35.0,0.5078125,0.2734375,1,,503213092,False,False,ok,complete
503213123,38204,八幡浜市,80,34.0,15.0,0.425,0.1875,0,,,False,False,ok,complete
503213124,38204,八幡浜市,12,4.0,3.0,0.3333333333333333,0.25,0,,,False,False,ok,complete
503213151,38204,八幡浜市,130,61.0,20.0,0.46923076923076923,0.15384615384615385,1,,503213153,False,False,ok,complete
503213153,38204,八幡浜市,6,,,,,2,503213151,,True,True,ok,partial
503213154,38204,八幡浜市,171,71.0,32.0,0.4152046783625731,0.1871345029239766,0,,,False,False,ok,complete
503213162,38204,八幡浜市,152,71.0,33.0,0.46710526315789475,0.21710526315789475,1,,503213163;503213164,False,False,ok,complete
503213163,38204,八幡浜市,1,,,,,2,503213162,,True,True,ok,partial
503213164,38204,八幡浜市,6,,,,,2,503213162,,True,True,ok,partial
503213173,38204,八幡浜市,1,,,,,2,503213262,,True,True,ok,partial
503213192,38214,西予市,85,40.0,22.0,0.47058823529411764,0.25882352941176473,1,,503213194,False,False,ok,complete
503213194,38214,西予市,2,,,,,2,503213192,,True,True,ok,partial
503213233,38204,八幡浜市,90,57.0,27.0,0.6333333333333333,0.3,0,,,False,False,ok,complete
503213252,38204,八幡浜市,75,22.0,12.0,0.29333333333333333,0.16,0,,,False,False,ok,complete
503213254,38204,八幡浜市,66,36.0,25.0,0.5454545454545454,0.3787878787878788,0,,,False,False,ok,complete
503213262,38204,八幡浜市,41,21.0,10.0,0.5121951219512195,0.24390243902439024,1,,503213173,False,False,ok,complete
503213264,38204,八幡浜市,19,13.0,4.0,0.6842105263157895,0.21052631578947367,0,,,False,False,ok,complete
503213271,38204,八幡浜市,35,20.0,15.0,0.5714285714285714,0.42857142857142855,0,,,False,False,ok,complete
503213273,38204,八幡浜市,22,15.0,3.0,0.6818181818181818,0.13636363636363635,0,,,False,False,ok,complete
503213321,38204,八幡浜市,15,6.0,1.0,0.4,0.06666666666666667,0,,,False,False,ok,complete
503213324,38204,八幡浜市,23,9.0,3.0,0.391304347826087,0.13043478260869565,1,,503213322,False,False,ok,complete
503213332,38204,八幡浜市,280,119.0,63.0,0.425,0.225,0,,,False,False,ok,complete
503213341,38204,八幡浜市,167,78.0,40.0,0.46706586826347307,0.23952095808383234,0,,,False,False,ok,complete
503213342,38204,八幡浜市,23,6.0,4.0,0.2608695652173913,0.17391304347826086,0,,,False,False,ok,complete
503213343,38204,八幡浜市,489,142.0,71.0,0.2903885480572597,0.14519427402862986,0,,,False,False,ok,complete
503213344,38204,八幡浜市,880,378.0,251.0,0.42954545454545456,0.2852272727272727,0,,,False,False,ok,complete
503213351,38204,八幡浜市,253,108.0,62.0,0.4268774703557312,0.2450592885375494,0,,,False,False,ok,complete
503213352,38204,八幡浜市,29,13.0,9.0,0.4482758620689655,0.3103448275862069,0,,,False,False,ok,complete
503213353,38204,八幡浜市,718,286.0,146.0,0.3983286908077994,0.20334261838440112,0,,,False,False,ok,complete
503213354,38204,八幡浜市,90,38.0,16.0,0.4222222222222222,0.17777777777777778,0,,,False,False,ok,complete
503213363,38204,八幡浜市,42,18.0,14.0,0.42857142857142855,0.3333333333333333,0,,,False,False,ok,complete
503213364,38204,八幡浜市,16,6.0,2.0,0.375,0.125,0,,,False,False,ok,complete
503213371,38204,八幡浜市,12,,,,,2,503213372,,True,True,ok,partial
503213372,38204,八幡浜市,7,7.0,7.0,1.0,1.0,1,,503213371,False,False,ok,complete
503213431,38204,八幡浜市,52,16.0,8.0,0.3076923076923077,0.15384615384615385,0,,,False,False,ok,complete
503213433,38204,八幡浜市,5,,,,,2,503213434,,True,True,ok,partial
503213434,38204,八幡浜市,849,424.0,231.0,0.4994110718492344,0.27208480565371024,1,,503213432;503213433,False,False,ok,complete
503213441,38204,八幡浜市,230,91.0,44.0,0.39565217391304347,0.19130434782608696,0,,,False,False,ok,complete
503213442,38204,八幡浜市,546,158.0,72.0,0.2893772893772894,0.13186813186813187,0,,,False,False,ok,complete
503213443,38204,八幡浜市,1330,581.0,342.0,0.4368421052631579,0.2571428571428571,0,,,False,False,ok,complete
503213444,38204,八幡浜市,791,292.0,176.0,0.3691529709228824,0.2225031605562579,0,,,False,False,ok,complete
503213451,38204,八幡浜市,91,58.0,28.0,0.6373626373626373,0.3076923076923077,0,,,False,False,ok,complete
503213452,38204,八幡浜市,227,87.0,44.0,0.3832599118942731,0.19383259911894274,0,,,False,False,ok,complete
503213453,38204,八幡浜市,128,35.0,11.0,0.2734375,0.0859375,0,,,False,False,ok,complete
503213461,38204,八幡浜市,87,42.0,16.0,0.4827586206896552,0.1839080459770115,1,,503213462,False,False,ok,complete
503213462,38204,八幡浜市,8,,,,,2,503213461,,True,True,ok,partial
503213473,38204,八幡浜市,18,14.0,6.0,0.7777777777777778,0.3333333333333333,0,,,False,False,ok,complete
503213484,38204,八幡浜市,5,,,,,2,503213491,,True,True,ok,partial
503213491,38204,八幡浜市,11,,,,,1,,503213484;503213493,True,True,inconsistent_with_total,partial
503213493,38204,八幡浜市,3,,,,,2,503213491,,True,True,ok,partial
503213511,38204,八幡浜市,2,,,,,2,503213514,,True,True,ok,partial
503213514,38204,八幡浜市,7,5.0,0.0,0.7142857142857143,0.0,1,,503213511,False,False,ok,complete
503213521,38204,八幡浜市,18,7.0,4.0,0.3888888888888889,0.2222222222222222,1,,503213523,False,False,ok,complete
503213522,38204,八幡浜市,145,79.0,39.0,0.5448275862068965,0.2689655172413793,0,,,False,False,ok,complete
503213523,38204,八幡浜市,1,,,,,2,503213521,,True,True,ok,partial
503213532,38204,八幡浜市,1223,501.0,272.0,0.40964840556009813,0.2224039247751431,0,,,False,False,ok,complete
503213533,38204,八幡浜市,150,73.0,41.0,0.4866666666666667,0.2733333333333333,0,,,False,False,ok,complete
503213534,38204,八幡浜市,1246,661.0,457.0,0.5304975922953451,0.3667736757624398,0,,,False,False,ok,complete
503213541,38204,八幡浜市,622,232.0,125.0,0.3729903536977492,0.20096463022508038,0,,,False,False,ok,complete
503213542,38204,八幡浜市,657,231.0,117.0,0.3515981735159817,0.1780821917808219,0,,,False,False,ok,complete
503213543,38204,八幡浜市,871,400.0,255.0,0.4592422502870264,0.2927669345579793,0,,,False,False,ok,complete
503213551,38204,八幡浜市,816,259.0,110.0,0.3174019607843137,0.13480392156862744,0,,,False,False,ok,complete
503213552,38204,八幡浜市,26,15.0,10.0,0.5769230769230769,0.38461538461538464,0,,,False,False,ok,complete
503213553,38204,八幡浜市,385,172.0,89.0,0.44675324675324674,0.23116883116883116,0,,,False,False,ok,complete
503213554,38204,八幡浜市,511,199.0,123.0,0.38943248532289626,0.24070450097847357,0,,,False,False,ok,complete
503213561,38204,八幡浜市,8,,,,,2,503213563,,True,True,ok,partial
503213563,38204,八幡浜市,480,191.0,92.0,0.39791666666666664,0.19166666666666668,1,,503213561,False,False,ok,complete
503213564,38204,八幡浜市,159,48.0,19.0,0.3018867924528302,0.11949685534591195,0,,,False,False,ok,complete
503213572,38204,八幡浜市,5,,,,,2,503213573,,True,True,ok,partial
503213573,38204,八幡浜市,35,22.0,11.0,0.6285714285714286,0.3142857142857143,1,,503213572,False,False,ok,complete
503213583,38204,八幡浜市,69,25.0,9.0,0.36231884057971014,0.13043478260869565,0,,,False,False,ok,complete
503213601,38204,八幡浜市,81,52.0,21.0,0.6419753086419753,0.25925925925925924,0,,,False,False,ok,complete
503213621,38204,八幡浜市,19,11.0,8.0,0.5789473684210527,0.42105263157894735,0,,,False,False,ok,complete
503213623,38204,八幡浜市,410,178.0,98.0,0.43414634146341463,0.23902439024390243,0,,,False,False,ok,complete
503213632,38204,八幡浜市,215,66.0,36.0,0.30697674418604654,0.16744186046511628,0,,,False,False,ok,complete
503213634,38204,八幡浜市,42,26.0,11.0,0.6190476190476191,0.2619047619047619,0,,,False,False,ok,complete
503213641,38204,八幡浜市,623,251.0,142.0,0.4028892455858748,0.22792937399678972,0,,,False,False,ok,complete
503213642,38204,八幡浜市,72,29.0,15.0,0.4027777777777778,0.20833333333333334,0,,,False,False,ok,complete
503213643,38204,八幡浜市,16,6.0,3.0,0.375,0.1875,0,,,False,False,ok,complete
503213644,38204,八幡浜市,128,76.0,42.0,0.59375,0.328125,0,,,False,False,ok,complete
503213651,38204,八幡浜市,29,14.0,9.0,0.4827586206896552,0.3103448275862069,0,,,False,False,ok,complete
503213652,38204,八幡浜市,9,8.0,7.0,0.8888888888888888,0.7777777777777778,0,,,False,False,ok,complete
503213661,38204,八幡浜市,10,6.0,4.0,0.6,0.4,0,,,False,False,ok,complete
503213662,38204,八幡浜市,198,106.0,56.0,0.5353535353535354,0.2828282828282828,0,,,False,False,ok,complete
503213671,38204,八幡浜市,108,40.0,19.0,0.37037037037037035,0.17592592592592593,0,,,False,False,ok,complete
503213672,38204,八幡浜市,15,9.0,2.0,0.6,0.13333333333333333,0,,,False,False,ok,complete
503213673,38204,八幡浜市,76,35.0,13.0,0.4605263157894737,0.17105263157894737,0,,,False,False,ok,complete
503213674,38204,八幡浜市,52,35.0,20.0,0.6730769230769231,0.38461538461538464,1,,503213781,False,False,ok,complete
503213681,38204,八幡浜市,37,23.0,9.0,0.6216216216216216,0.24324324324324326,0,,,False,False,ok,complete
503213682,38204,八幡浜市,52,30.0,18.0,0.5769230769230769,0.34615384615384615,1,,503213691,False,False,ok,complete
503213684,38204,八幡浜市,34,24.0,17.0,0.7058823529411765,0.5,0,,,False,False,ok,complete
503213691,38204,八幡浜市,6,,,,,2,503213682,,True,True,ok,partial
503213702,38204,八幡浜市,168,97.0,55.0,0.5773809523809523,0.3273809523809524,0,,,False,False,ok,complete
503213711,38204,八幡浜市,323,161.0,93.0,0.4984520123839009,0.28792569659442724,0,,,False,False,ok,complete
503213712,38204,八幡浜市,709,242.0,128.0,0.34132581100141046,0.18053596614950634,0,,,False,False,ok,complete
503213714,38204,八幡浜市,540,161.0,90.0,0.29814814814814816,0.16666666666666666,0,,,False,False,ok,complete
503213721,38204,八幡浜市,138,32.0,10.0,0.2318840579710145,0.07246376811594203,0,,,False,False,ok,complete
503213723,38204,八幡浜市,835,234.0,117.0,0.28023952095808385,0.14011976047904193,0,,,False,False,ok,complete
503213724,38204,八幡浜市,301,101.0,59.0,0.33554817275747506,0.19601328903654486,0,,,False,False,ok,complete
503213732,38204,八幡浜市,17,3.0,2.0,0.17647058823529413,0.11764705882352941,0,,,False,False,ok,complete
503213733,38204,八幡浜市,203,62.0,22.0,0.3054187192118227,0.10837438423645321,0,,,False,False,ok,complete
503213734,38204,八幡浜市,189,86.0,41.0,0.455026455026455,0.21693121693121692,0,,,False,False,ok,complete
503213743,38204,八幡浜市,29,7.0,3.0,0.2413793103448276,0.10344827586206896,0,,,False,False,ok,complete
503213752,38204,八幡浜市,53,28.0,14.0,0.5283018867924528,0.2641509433962264,0,,,False,False,ok,complete
503213754,38204,八幡浜市,31,17.0,8.0,0.5483870967741935,0.25806451612903225,0,,,False,False,ok,complete
503213761,38204,八幡浜市,5,,,,,2,503213763,,True,True,ok,partial
503213762,38204,八幡浜市,11,,,,,2,503213763,,True,True,ok,partial
503213763,38204,八幡浜市,31,15.0,11.0,0.4838709677419355,0.3548387096774194,1,,503213761;503213762,False,False,ok,complete
503213781,38204,八幡浜市,4,,,,,2,503213674,,True,True,ok,partial
503213791,38207,大洲市,4,,,,,2,503213792,,True,True,ok,partial
503213792,38207,大洲市,11,10.0,3.0,0.9090909090909091,0.2727272727272727,1,,503213791,False,False,ok,complete
503213794,38207,大洲市,17,10.0,3.0,0.5882352941176471,0.17647058823529413,0,,,False,False,ok,complete
503213804,38204,八幡浜市,4,,,,,2,503213813,,True,True,ok,partial
503213812,38204,八幡浜市,626,174.0,81.0,0.2779552715654952,0.12939297124600638,0,,,False,False,ok,complete
503213813,38204,八幡浜市,133,62.0,24.0,0.46616541353383456,0.18045112781954886,1,,503213804,False,False,ok,complete
503213814,38204,八幡浜市,303,95.0,43.0,0.31353135313531355,0.1419141914191419,0,,,False,False,ok,complete
503213821,38204,八幡浜市,673,165.0,82.0,0.2451708766716196,0.12184249628528974,0,,,False,False,ok,complete
503213822,38204,八幡浜市,857,195.0,93.0,0.22753792298716452,0.10851808634772463,0,,,False,False,ok,complete
503213823,38204,八幡浜市,256,82.0,45.0,0.3203125,0.17578125,0,,,False,False,ok,complete
503213824,38204,八幡浜市,26,13.0,8.0,0.5,0.3076923076923077,0,,,False,False,ok,complete
503213831,38204,八幡浜市,364,132.0,61.0,0.3626373626373626,0.16758241758241757,0,,,False,False,ok,complete
503213832,38204,八幡浜市,40,19.0,11.0,0.475,0.275,0,,,False,False,ok,complete
503213833,38204,八幡浜市,215,86.0,43.0,0.4,0.2,0,,,False,False,ok,complete
503213841,38204,八幡浜市,25,16.0,7.0,0.64,0.28,0,,,False,False,ok,complete
503213874,38207,大洲市,11,4.0,4.0,0.36363636363636365,0.36363636363636365,0,,,False,False,ok,complete
503213883,38207,大洲市,26,21.0,13.0,0.8076923076923077,0.5,0,,,False,False,ok,complete
503213891,38207,大洲市,4,,,,,2,503213893,,True,True,ok,partial
503213893,38207,大洲市,7,6.0,5.0,0.8571428571428571,0.7142857142857143,1,,503213891,False,False,ok,complete
503213903,38204,八幡浜市,51,38.0,20.0,0.7450980392156863,0.39215686274509803,1,,503213904,False,False,ok,complete
503213904,38204,八幡浜市,3,,,,,2,503213903,,True,True,ok,partial
503213911,38204,八幡浜市,120,41.0,21.0,0.3416666666666667,0.175,0,,,False,False,ok,complete
503213912,38204,八幡浜市,552,119.0,53.0,0.21557971014492755,0.09601449275362318,0,,,False,False,ok,complete
503213914,38204,八幡浜市,92,33.0,22.0,0.358695652173913,0.2391304347826087,0,,,False,False,ok,complete
503213921,38204,八幡浜市,2,,,,,2,503213922,,True,True,ok,partial
503213922,38204,八幡浜市,12,3.0,0.0,0.25,0.0,1,,503213921,False,False,ok,complete
503213931,38204,八幡浜市,159,63.0,36.0,0.39622641509433965,0.22641509433962265,0,,,False,False,ok,complete
503213932,38204,八幡浜市,172,92.0,40.0,0.5348837209302325,0.23255813953488372,0,,,False,False,ok,complete
503213934,38204,八幡浜市,31,16.0,8.0,0.5161290322580645,0.25806451612903225,0,,,False,False,ok,complete
503213941,38204,八幡浜市,73,35.0,18.0,0.4794520547945205,0.2465753424657534,0,,,False,False,ok,complete
503213943,38204,八幡浜市,44,22.0,12.0,0.5,0.2727272727272727,0,,,False,False,ok,complete
503213951,38204,八幡浜市,21,13.0,7.0,0.6190476190476191,0.3333333333333333,0,,,False,False,ok,complete
503213953,38204,八幡浜市,15,6.0,4.0,0.4,0.26666666666666666,0,,,False,False,ok,complete
503213963,38204,八幡浜市,21,10.0,6.0,0.47619047619047616,0.2857142857142857,0,,,False,False,ok,complete
503213974,38207,大洲市,12,6.0,3.0,0.5,0.25,0,,,False,False,ok,complete
503213981,38207,大洲市,19,9.0,6.0,0.47368421052631576,0.3157894736842105,0,,,False,False,ok,complete
503213982,38207,大洲市,11,5.0,5.0,0.45454545454545453,0.45454545454545453,0,,,False,False,ok,complete
503213984,38207,大洲市,21,7.0,4.0,0.3333333333333333,0.19047619047619047,0,,,False,False,ok,complete
503213991,38207,大洲市,5,,,,,2,503213993,,True,True,ok,partial
503213993,38207,大洲市,45,34.0,26.0,0.7555555555555555,0.5777777777777777,1,,503213991;503213994,False,False,ok,complete
503213994,38207,大洲市,4,,,,,2,503213993,,True,True,ok,partial
503214001,38214,西予市,29,4.0,1.0,0.13793103448275862,0.034482758620689655,0,,,False,False,ok,complete
503214002,38214,西予市,73,29.0,10.0,0.3972602739726027,0.136986301369863,0,,,False,False,ok,complete
503214003,38214,西予市,51,35.0,29.0,0.6862745098039216,0.5686274509803921,0,,,False,False,ok,complete
503214004,38214,西予市,100,51.0,18.0,0.51,0.18,0,,,False,False,ok,complete
503214011,38214,西予市,47,21.0,4.0,0.44680851063829785,0.0851063829787234,0,,,False,False,ok,complete
503214013,38214,西予市,17,8.0,5.0,0.47058823529411764,0.29411764705882354,0,,,False,False,ok,complete
503214064,38214,西予市,16,8.0,6.0,0.5,0.375,0,,,False,False,ok,complete
503214071,38214,西予市,61,26.0,12.0,0.4262295081967213,0.19672131147540983,0,,,False,False,ok,complete
503214082,38214,西予市,35,20.0,8.0,0.5714285714285714,0.22857142857142856,0,,,False,False,ok,complete
503214084,38214,西予市,26,19.0,14.0,0.7307692307692307,0.5384615384615384,0,,,False,False,ok,complete
503214091,38214,西予市,25,13.0,6.0,0.52,0.24,1,,503214094,False,False,ok,complete
503214094,38214,西予市,2,,,,,2,503214091,,True,True,ok,partial
503214101,38214,西予市,37,16.0,9.0,0.43243243243243246,0.24324324324324326,0,,,False,False,ok,complete
503214102,38214,西予市,83,34.0,18.0,0.40963855421686746,0.21686746987951808,0,,,False,False,ok,complete
503214103,38214,西予市,87,39.0,23.0,0.4482758620689655,0.26436781609195403,0,,,False,False,ok,complete
503214104,38214,西予市,31,19.0,13.0,0.6129032258064516,0.41935483870967744,0,,,False,False,ok,complete
503214111,38214,西予市,36,14.0,7.0,0.3888888888888889,0.19444444444444445,0,,,False,False,ok,complete
503214113,38214,西予市,54,25.0,17.0,0.46296296296296297,0.3148148148148148,0,,,False,False,ok,complete
503214114,38214,西予市,21,8.0,5.0,0.38095238095238093,0.23809523809523808,0,,,False,False,ok,complete
503214162,38214,西予市,30,11.0,5.0,0.36666666666666664,0.16666666666666666,0,,,False,False,ok,complete
503214163,38214,西予市,6,,,,,2,503214164,,True,True,ok,partial
503214164,38214,西予市,5,5.0,4.0,1.0,0.8,1,,503214163,False,False,ok,complete
503214192,38214,西予市,21,12.0,7.0,0.5714285714285714,0.3333333333333333,0,,,False,False,ok,complete
503214194,38214,西予市,12,7.0,1.0,0.5833333333333334,0.08333333333333333,0,,,False,False,ok,complete
503214201,38214,西予市,55,48.0,31.0,0.8727272727272727,0.5636363636363636,1,,503214202,False,False,ok,complete
503214202,38214,西予市,24,,,,,2,503214201,,True,True,ok,partial
503214203,38214,西予市,16,7.0,5.0,0.4375,0.3125,0,,,False,False,ok,complete
503214211,38214,西予市,54,30.0,13.0,0.5555555555555556,0.24074074074074073,0,,,False,False,ok,complete
503214213,38214,西予市,23,12.0,0.0,0.5217391304347826,0.0,1,,503214214,False,False,ok,complete
503214214,38214,西予市,2,,,,,2,503214213,,True,True,ok,partial
503214242,38207,大洲市,6,,,,,2,503214253,,True,True,ok,partial
503214253,38214,西予市,15,10.0,9.0,0.6666666666666666,0.6,1,,503214242;503214254,False,False,ok,complete
503214254,38214,西予市,1,,,,,2,503214253,,True,True,ok,partial
503214261,38214,西予市,13,10.0,5.0,0.7692307692307693,0.38461538461538464,0,,,False,False,ok,complete
503214263,38214,西予市,22,14.0,7.0,0.6363636363636364,0.3181818181818182,1,,503214361,False,False,ok,complete
503214294,38207,大洲市,5,,,,,2,503214392,,True,True,ok,partial
503214311,38214,西予市,41,22.0,11.0,0.5365853658536586,0.2682926829268293,0,,,False,False,ok,complete
503214312,38214,西予市,43,18.0,4.0,0.4186046511627907,0.09302325581395349,0,,,False,False,ok,complete
503214324,38207,大洲市,3,,,,,2,503214332,,True,True,ok,partial
503214332,38207,大洲市,12,10.0,5.0,0.8333333333333334,0.4166666666666667,1,,503214324;503214333,False,False,ok,complete
503214333,38207,大洲市,4,,,,,2,503214332,,True,True,ok,partial
503214361,38214,西予市,7,,,,,2,503214263,,True,True,ok,partial
503214392,38207,大洲市,8,,,,,1,,503214294;503214394,True,True,inconsistent_with_total,partial
503214394,38207,大洲市,7,,,,,2,503214392,,True,True,ok,partial
503214403,38207,大洲市,6,,,,,2,503214504,,True,True,ok,partial
503214404,38207,大洲市,5,,,,,2,503214504,,True,True,ok,partial
503214414,38207,大洲市,9,,,,,2,503214512,,True,True,ok,partial
503214422,38207,大洲市,3,,,,,2,503214424,,True,True,ok,partial
503214424,38207,大洲市,10,5.0,2.0,0.5,0.2,1,,503214422,False,False,ok,complete
503214431,38207,大洲市,9,,,,,2,503214433,,True,True,ok,partial
503214433,38207,大洲市,17,17.0,9.0,1.0,0.5294117647058824,1,,503214431,False,False,ok,complete
503214441,38207,大洲市,9,7.0,6.0,0.7777777777777778,0.6666666666666666,0,,,False,False,ok,complete
503214443,38207,大洲市,18,10.0,9.0,0.5555555555555556,0.5,0,,,False,False,ok,complete
503214444,38207,大洲市,18,13.0,11.0,0.7222222222222222,0.6111111111111112,1,,503214453,False,False,ok,complete
503214453,38214,西予市,8,,,,,2,503214444,,True,True,ok,partial
503214471,38207,大洲市,8,,,,,2,503214473,,True,True,ok,partial
503214473,38207,大洲市,17,16.0,4.0,0.9411764705882353,0.23529411764705882,1,,503214471,False,False,ok,complete
503214474,38207,大洲市,23,11.0,7.0,0.4782608695652174,0.30434782608695654,0,,,False,False,ok,complete
503214481,38207,大洲市,3,,,,,2,503214483,,True,True,ok,partial
503214482,38207,大洲市,5,,,,,2,503214483,,True,True,ok,partial
503214483,38207,大洲市,34,26.0,15.0,0.7647058823529411,0.4411764705882353,1,,503214481;503214482,False,False,ok,complete
503214484,38207,大洲市,10,4.0,4.0,0.4,0.4,0,,,False,False,ok,complete
503214492,38207,大洲市,4,,,,,1,,503214493,True,True,inconsistent_with_total,partial
503214493,38207,大洲市,9,,,,,2,503214492,,True,True,ok,partial
503214503,38207,大洲市,3,,,,,2,503214504,,True,True,ok,partial
503214504,38207,大洲市,7,,,,,1,,503214403;503214404;503214503;503214602,True,True,inconsistent_with_total,partial
503214512,38207,大洲市,10,10.0,6.0,1.0,0.6,1,,503214414,False,False,ok,complete
503214521,38207,大洲市,33,20.0,6.0,0.6060606060606061,0.18181818181818182,1,,503214522;503214523,False,False,ok,complete
503214522,38207,大洲市,3,,,,,2,503214521,,True,True,ok,partial
503214523,38207,大洲市,1,,,,,2,503214521,,True,True,ok,partial
503214524,38207,大洲市,30,14.0,8.0,0.4666666666666667,0.26666666666666666,0,,,False,False,ok,complete
503214534,38207,大洲市,3,,,,,2,503214632,,True,True,ok,partial
503214542,38207,大洲市,20,16.0,8.0,0.8,0.4,1,,503214551,False,False,ok,complete
503214543,38207,大洲市,2,,,,,2,503214544,,True,True,ok,partial
503214544,38207,大洲市,20,9.0,7.0,0.45,0.35,1,,503214543,False,False,ok,complete
503214551,38207,大洲市,7,,,,,2,503214542,,True,True,ok,partial
503214581,38207,大洲市,30,19.0,11.0,0.6333333333333333,0.36666666666666664,1,,503214582,False,False,ok,complete
503214582,38207,大洲市,6,,,,,2,503214581,,True,True,ok,partial
503214591,38207,大洲市,58,29.0,16.0,0.5,0.27586206896551724,1,,503214592;503214692,False,False,ok,complete
503214592,38207,大洲市,3,,,,,2,503214591,,True,True,ok,partial
503214602,38207,大洲市,2,,,,,2,503214504,,True,True,ok,partial
503214622,38207,大洲市,24,10.0,6.0,0.4166666666666667,0.25,0,,,False,False,ok,complete
503214623,38207,大洲市,15,11.0,7.0,0.7333333333333333,0.4666666666666667,1,,503214624;503214721;503214722,False,False,ok,complete
503214624,38207,大洲市,2,,,,,2,503214623,,True,True,ok,partial
503214631,38207,大洲市,76,39.0,20.0,0.5131578947368421,0.2631578947368421,0,,,False,False,ok,complete
503214632,38207,大洲市,44,33.0,25.0,0.75,0.5681818181818182,1,,503214534;503214641,False,False,ok,complete
503214634,38207,大洲市,29,16.0,6.0,0.5517241379310345,0.20689655172413793,0,,,False,False,ok,complete
503214641,38207,大洲市,9,,,,,2,503214632,,True,True,ok,partial
503214692,38207,大洲市,6,,,,,2,503214591,,True,True,ok,partial
503214701,38207,大洲市,402,129.0,49.0,0.3208955223880597,0.12189054726368159,0,,,False,False,ok,complete
503214703,38207,大洲市,180,90.0,36.0,0.5,0.2,0,,,False,False,ok,complete
503214704,38207,大洲市,25,10.0,4.0,0.4,0.16,0,,,False,False,ok,complete
503214713,38207,大洲市,18,9.0,6.0,0.5,0.3333333333333333,0,,,False,False,ok,complete
503214714,38207,大洲市,14,5.0,2.0,0.35714285714285715,0.14285714285714285,0,,,False,False,ok,complete
503214721,38207,大洲市,3,,,,,2,503214623,,True,True,ok,partial
503214722,38207,大洲市,4,,,,,2,503214623,,True,True,ok,partial
503214731,38207,大洲市,10,,,,,2,503214734,,True,True,ok,partial
503214732,38207,大洲市,8,,,,,2,503214734,,True,True,ok,partial
503214734,38207,大洲市,25,22.0,13.0,0.88,0.52,1,,503214731;503214732,False,False,ok,complete
503214753,38207,大洲市,13,8.0,5.0,0.6153846153846154,0.38461538461538464,0,,,False,False,ok,complete
503214781,38207,大洲市,8,,,,,1,,503214782;503214783;503214784,True,True,inconsistent_with_total,partial
503214782,38207,大洲市,4,,,,,2,503214781,,True,True,ok,partial
503214783,38207,大洲市,9,,,,,2,503214781,,True,True,ok,partial
503214784,38207,大洲市,2,,,,,2,503214781,,True,True,ok,partial
503214792,38207,大洲市,5,,,,,1,,503214794;503214891;503214892,True,True,inconsistent_with_total,partial
503214794,38207,大洲市,11,,,,,2,503214792,,True,True,ok,partial
503214801,38207,大洲市,5,,,,,2,503214802,,True,True,ok,partial
503214802,38207,大洲市,61,30.0,18.0,0.4918032786885246,0.29508196721311475,1,,503214801,False,False,ok,complete
503214804,38207,大洲市,67,23.0,11.0,0.34328358208955223,0.16417910447761194,0,,,False,False,ok,complete
503214811,38207,大洲市,86,24.0,9.0,0.27906976744186046,0.10465116279069768,0,,,False,False,ok,complete
503214813,38207,大洲市,254,77.0,39.0,0.3031496062992126,0.15354330708661418,1,,503214814,False,False,ok,complete
503214814,38207,大洲市,3,,,,,2,503214813,,True,True,ok,partial
503214822,38207,大洲市,16,7.0,5.0,0.4375,0.3125,0,,,False,False,ok,complete
503214824,38207,大洲市,63,19.0,12.0,0.30158730158730157,0.19047619047619047,0,,,False,False,ok,complete
503214832,38207,大洲市,53,25.0,11.0,0.4716981132075472,0.20754716981132076,0,,,False,False,ok,complete
503214833,38207,大洲市,170,83.0,42.0,0.48823529411764705,0.24705882352941178,0,,,False,False,ok,complete
503214834,38207,大洲市,9,4.0,3.0,0.4444444444444444,0.3333333333333333,0,,,False,False,ok,complete
503214853,38207,大洲市,17,9.0,3.0,0.5294117647058824,0.17647058823529413,1,,503214854,False,False,ok,complete
503214854,38207,大洲市,6,,,,,2,503214853,,True,True,ok,partial
503214861,38207,大洲市,22,4.0,1.0,0.18181818181818182,0.045454545454545456,0,,,False,False,ok,complete
503214863,38207,大洲市,4,,,,,2,503214864,,True,True,ok,partial
503214864,38207,大洲市,60,38.0,17.0,0.6333333333333333,0.2833333333333333,1,,503214863,False,False,ok,complete
503214872,38207,大洲市,5,,,,,2,503214883,,True,True,ok,partial
503214873,38207,大洲市,6,,,,,2,503214883,,True,True,ok,partial
503214882,38207,大洲市,2,,,,,2,503214883,,True,True,ok,partial
503214883,38207,大洲市,8,,,,,1,,503214872;503214873;503214882,True,True,inconsistent_with_total,partial
503214891,38207,大洲市,5,,,,,2,503214792,,True,True,ok,partial
503214892,38207,大洲市,1,,,,,2,503214792,,True,True,ok,partial
503214902,38207,大洲市,2,,,,,2,503214904,,True,True,ok,partial
503214904,38207,大洲市,79,36.0,18.0,0.45569620253164556,0.22784810126582278,1,,503214902,False,False,ok,complete
503214911,38207,大洲市,98,50.0,28.0,0.5102040816326531,0.2857142857142857,0,,,False,False,ok,complete
503214912,38207,大洲市,62,24.0,10.0,0.3870967741935484,0.16129032258064516,0,,,False,False,ok,complete
503214913,38207,大洲市,207,73.0,29.0,0.3526570048309179,0.14009661835748793,0,,,False,False,ok,complete
503214914,38207,大洲市,80,35.0,18.0,0.4375,0.225,0,,,False,False,ok,complete
503214931,38207,大洲市,47,13.0,8.0,0.2765957446808511,0.1702127659574468,0,,,False,False,ok,complete
503214932,38207,大洲市,272,31.0,16.0,0.11397058823529412,0.058823529411764705,0,,,False,False,ok,complete
503214934,38207,大洲市,521,102.0,48.0,0.19577735124760076,0.09213051823416507,0,,,False,False,ok,complete
503214943,38207,大洲市,108,62.0,45.0,0.5740740740740741,0.4166666666666667,0,,,False,False,ok,complete
503214952,38207,大洲市,8,,,,,2,503214954,,True,True,ok,partial
503214954,38207,大洲市,19,13.0,6.0,0.6842105263157895,0.3157894736842105,1,,503214952,False,False,ok,complete
503214961,38207,大洲市,11,5.0,5.0,0.45454545454545453,0.45454545454545453,0,,,False,False,ok,complete
503214962,38207,大洲市,12,5.0,3.0,0.4166666666666667,0.25,0,,,False,False,ok,complete
503214963,38207,大洲市,59,23.0,14.0,0.3898305084745763,0.23728813559322035,0,,,False,False,ok,complete
503214972,38207,大洲市,7,,,,,2,503214973,,True,True,ok,partial
503214973,38207,大洲市,8,6.0,2.0,0.75,0.25,1,,503214972,False,False,ok,complete
503214984,38207,大洲市,4,,,,,2,503214993,,True,True,ok,partial
503214992,38207,大洲市,5,,,,,2,503214993,,True,True,ok,partial
503214993,38207,大洲市,44,26.0,12.0,0.5909090909090909,0.2727272727272727,1,,503214984;503214992,False,False,ok,complete
503215001,38214,西予市,1,,,,,2,503215002,,True,True,ok,partial
503215002,38214,西予市,36,13.0,12.0,0.3611111111111111,0.3333333333333333,1,,503215001,False,False,ok,complete
503215003,38214,西予市,47,22.0,11.0,0.46808510638297873,0.23404255319148937,0,,,False,False,ok,complete
503215004,38214,西予市,21,14.0,8.0,0.6666666666666666,0.38095238095238093,0,,,False,False,ok,complete
503215011,38214,西予市,12,5.0,3.0,0.4166666666666667,0.25,1,,503215013,False,False,ok,complete
503215013,38214,西予市,2,,,,,2,503215011,,True,True,ok,partial
503215042,38214,西予市,7,,,,,2,503215044,,True,True,ok,partial
503215044,38214,西予市,19,11.0,9.0,0.5789473684210527,0.47368421052631576,1,,503215042,False,False,ok,complete
503215051,38214,西予市,4,,,,,2,503215052,,True,True,ok,partial
503215052,38207,大洲市,13,6.0,6.0,0.46153846153846156,0.46153846153846156,1,,503215051,False,False,ok,complete
503215061,38214,西予市,14,6.0,3.0,0.42857142857142855,0.21428571428571427,0,,,False,False,ok,complete
503215062,38207,大洲市,19,10.0,6.0,0.5263157894736842,0.3157894736842105,0,,,False,False,ok,complete
503215072,38214,西予市,12,11.0,5.0,0.9166666666666666,0.4166666666666667,1,,503215074,False,False,ok,complete
503215074,38214,西予市,2,,,,,2,503215072,,True,True,ok,partial
503215081,38214,西予市,13,8.0,6.0,0.6153846153846154,0.46153846153846156,1,,503215084,False,False,ok,complete
503215084,38214,西予市,4,,,,,2,503215081,,True,True,ok,partial
503215092,38214,西予市,2,,,,,2,503215192,,True,True,ok,partial
503215094,38214,西予市,2,,,,,2,503215192,,True,True,ok,partial
503215101,38214,西予市,16,10.0,4.0,0.625,0.25,1,,503215102,False,False,ok,complete
503215102,38214,西予市,4,,,,,2,503215101,,True,True,ok,partial
503215124,38207,大洲市,6,,,,,2,503215222,,True,True,ok,partial
503215131,38207,大洲市,11,8.0,5.0,0.7272727272727273,0.45454545454545453,1,,503215132,False,False,ok,complete
503215132,38207,大洲市,10,,,,,2,503215131,,True,True,ok,partial
503215133,38207,大洲市,39,17.0,9.0,0.4358974358974359,0.23076923076923078,0,,,False,False,ok,complete
503215134,38207,大洲市,24,18.0,11.0,0.75,0.4583333333333333,0,,,False,False,ok,complete
503215141,38207,大洲市,1,,,,,2,503215143,,True,True,ok,partial
503215142,38207,大洲市,14,,,,,1,,503215151;503215153,True,True,inconsistent_with_total,partial
503215143,38207,大洲市,45,21.0,14.0,0.4666666666666667,0.3111111111111111,1,,503215141,False,False,ok,complete
503215151,38207,大洲市,6,,,,,2,503215142,,True,True,ok,partial
503215153,38207,大洲市,8,,,,,2,503215142,,True,True,ok,partial
503215163,38207,大洲市,17,4.0,2.0,0.23529411764705882,0.11764705882352941,0,,,False,False,ok,complete
503215164,38207,大洲市,21,9.0,2.0,0.42857142857142855,0.09523809523809523,0,,,False,False,ok,complete
503215171,38214,西予市,2,,,,,2,503215172,,True,True,ok,partial
503215172,38214,西予市,23,16.0,10.0,0.6956521739130435,0.43478260869565216,1,,503215171,False,False,ok,complete
503215173,38214,西予市,11,,,,,2,503215174,,True,True,ok,partial
503215174,38214,西予市,3,,,,,1,,503215173,True,True,inconsistent_with_total,partial
503215181,38214,西予市,9,6.0,2.0,0.6666666666666666,0.2222222222222222,0,,,False,False,ok,complete
503215182,38214,西予市,11,8.0,6.0,0.7272727272727273,0.5454545454545454,0,,,False,False,ok,complete
503215183,38214,西予市,8,,,,,2,503215184,,True,True,ok,partial
503215184,38214,西予市,8,7.0,2.0,0.875,0.25,1,,503215183,False,False,ok,complete
503215192,38214,西予市,24,17.0,14.0,0.7083333333333334,0.5833333333333334,1,,503215092;503215094;503215292,False,False,ok,complete
503215213,38207,大洲市,11,,,,,2,503215214,,True,True,ok,partial
503215214,38207,大洲市,5,,,,,1,,503215213,True,True,inconsistent_with_total,partial
503215221,38207,大洲市,24,7.0,2.0,0.2916666666666667,0.08333333333333333,1,,503215223,False,False,ok,complete
503215222,38207,大洲市,61,41.0,26.0,0.6721311475409836,0.4262295081967213,1,,503215124;503215231;503215232,False,False,ok,complete
503215223,38207,大洲市,2,,,,,2,503215221,,True,True,ok,partial
503215231,38207,大洲市,6,,,,,2,503215222,,True,True,ok,partial
503215232,38207,大洲市,2,,,,,2,503215222,,True,True,ok,partial
503215241,38207,大洲市,28,9.0,3.0,0.32142857142857145,0.10714285714285714,0,,,False,False,ok,complete
503215251,38207,大洲市,2,,,,,2,503215253,,True,True,ok,partial
503215253,38207,大洲市,12,9.0,7.0,0.75,0.5833333333333334,1,,503215251,False,False,ok,complete
503215254,38207,大洲市,12,9.0,1.0,0.75,0.08333333333333333,0,,,False,False,ok,complete
503215261,38207,大洲市,69,37.0,19.0,0.5362318840579711,0.2753623188405797,0,,,False,False,ok,complete
503215262,38207,大洲市,12,9.0,6.0,0.75,0.5,1,,503215264,False,False,ok,complete
503215263,38207,大洲市,42,18.0,13.0,0.42857142857142855,0.30952380952380953,0,,,False,False,ok,complete
503215264,38207,大洲市,2,,,,,2,503215262,,True,True,ok,partial
503215292,38214,西予市,2,,,,,2,503215192,,True,True,ok,partial
503215303,38207,大洲市,11,7.0,5.0,0.6363636363636364,0.45454545454545453,0,,,False,False,ok,complete
503215311,38207,大洲市,24,12.0,6.0,0.5,0.25,1,,503215312;503215314,False,False,ok,complete
503215312,38207,大洲市,5,,,,,2,503215311,,True,True,ok,partial
503215314,38207,大洲市,3,,,,,2,503215311,,True,True,ok,partial
503215323,38207,大洲市,27,14.0,9.0,0.5185185185185185,0.3333333333333333,1,,503215324,False,False,ok,complete
503215324,38207,大洲市,9,,,,,2,503215323,,True,True,ok,partial
503215333,38207,大洲市,6,,,,,2,503215334,,True,True,ok,partial
503215334,38207,大洲市,8,,,,,1,,503215333,True,True,inconsistent_with_total,partial
503215342,38207,大洲市,1,,,,,2,503215441,,True,True,ok,partial
503215343,38207,大洲市,7,,,,,2,503215441,,True,True,ok,partial
503215351,38207,大洲市,3,,,,,2,503215354,,True,True,ok,partial
503215352,38207,大洲市,12,,,,,2,503215354,,True,True,ok,partial
503215353,38207,大洲市,5,,,,,2,503215354,,True,True,ok,partial
503215354,38207,大洲市,33,5.0,2.0,0.15151515151515152,0.06060606060606061,1,,503215351;503215352;503215353,False,False,ok,complete
503215361,38207,大洲市,10,9.0,6.0,0.9,0.6,0,,,False,False,ok,complete
503215372,38214,西予市,2,,,,,1,,503215374,True,True,inconsistent_with_total,partial
503215374,38214,西予市,10,,,,,2,503215372,,True,True,ok,partial
503215381,38214,西予市,11,,,,,2,503215383,,True,True,ok,partial
503215383,38214,西予市,3,,,,,1,,503215381;503215481;503215482;503215492,True,True,inconsistent_with_total,partial
503215402,38207,大洲市,1,,,,,2,503215511,,True,True,ok,partial
503215404,38207,大洲市,3,,,,,2,503215511,,True,True,ok,partial
503215413,38207,大洲市,3,,,,,2,503215511,,True,True,ok,partial
503215422,38207,大洲市,6,,,,,2,503215431,,True,True,ok,partial
503215431,38207,大洲市,19,,,,,1,,503215422;503215434,True,True,inconsistent_with_total,partial
503215432,38207,大洲市,17,11.0,3.0,0.6470588235294118,0.17647058823529413,0,,,False,False,ok,complete
503215434,38207,大洲市,3,,,,,2,503215431,,True,True,ok,partial
503215441,38207,大洲市,10,,,,,1,,503215342;503215343,True,True,inconsistent_with_total,partial
503215442,38207,大洲市,28,16.0,10.0,0.5714285714285714,0.35714285714285715,0,,,False,False,ok,complete
503215443,38207,大洲市,47,26.0,10.0,0.5531914893617021,0.2127659574468085,1,,503215532,False,False,ok,complete
503215444,38207,大洲市,102,41.0,19.0,0.4019607843137255,0.18627450980392157,0,,,False,False,ok,complete
503215451,38207,大洲市,54,27.0,21.0,0.5,0.3888888888888889,0,,,False,False,ok,complete
503215453,38207,大洲市,31,13.0,9.0,0.41935483870967744,0.2903225806451613,0,,,False,False,ok,complete
503215454,38207,大洲市,27,20.0,11.0,0.7407407407407407,0.4074074074074074,1,,503215551;503215563,False,False,ok,complete
503215481,38214,西予市,1,,,,,2,503215383,,True,True,ok,partial
503215482,38207,大洲市,2,,,,,2,503215383,,True,True,ok,partial
503215492,38207,大洲市,2,,,,,2,503215383,,True,True,ok,partial
503215504,38207,大洲市,2,,,,,2,503215511,,True,True,ok,partial
503215511,38207,大洲市,11,,,,,1,,503215402;503215404;503215413;503215504;503215513;503215602,True,True,inconsistent_with_total,partial
503215513,38207,大洲市,3,,,,,2,503215511,,True,True,ok,partial
503215532,38207,大洲市,4,,,,,2,503215443,,True,True,ok,partial
503215541,38207,大洲市,24,11.0,6.0,0.4583333333333333,0.25,0,,,False,False,ok,complete
503215543,38207,大洲市,22,7.0,3.0,0.3181818181818182,0.13636363636363635,0,,,False,False,ok,complete
503215551,38207,大洲市,7,,,,,2,503215454,,True,True,ok,partial
503215563,38207,大洲市,6,,,,,2,503215454,,True,True,ok,partial
503215583,38207,大洲市,2,,,,,2,503215762,,True,True,ok,partial
503215593,38207,大洲市,7,,,,,2,503215594,,True,True,ok,partial
503215594,38207,大洲市,6,,,,,1,,503215593;503215691;503215693,True,True,inconsistent_with_total,partial
503215602,38207,大洲市,6,,,,,2,503215511,,True,True,ok,partial
503215621,38207,大洲市,8,4.0,1.0,0.5,0.125,0,,,False,False,ok,complete
503215632,38207,大洲市,1,,,,,2,503215634,,True,True,ok,partial
503215634,38207,大洲市,24,5.0,4.0,0.20833333333333334,0.16666666666666666,1,,503215632,False,False,ok,complete
503215642,38207,大洲市,5,,,,,2,503215643,,True,True,ok,partial
503215643,38207,大洲市,27,25.0,16.0,0.9259259259259259,0.5925925925925926,1,,503215642;503215644,False,False,ok,complete
503215644,38207,大洲市,7,,,,,2,503215643,,True,True,ok,partial
503215671,38207,大洲市,3,,,,,2,503215672,,True,True,ok,partial
503215672,38207,大洲市,10,,,,,1,,503215671;503215674,True,True,inconsistent_with_total,partial
503215674,38207,大洲市,2,,,,,2,503215672,,True,True,ok,partial
503215681,38207,大洲市,7,,,,,2,503215684,,True,True,ok,partial
503215684,38207,大洲市,6,,,,,1,,503215681,True,True,inconsistent_with_total,partial
503215691,38207,大洲市,3,,,,,2,503215594,,True,True,ok,partial
503215693,38207,大洲市,1,,,,,2,503215594,,True,True,ok,partial
503215704,38207,大洲市,9,7.0,4.0,0.7777777777777778,0.4444444444444444,0,,,False,False,ok,complete
503215712,38207,大洲市,9,,,,,2,503215714,,True,True,ok,partial
503215713,38207,大洲市,34,17.0,9.0,0.5,0.2647058823529412,0,,,False,False,ok,complete
503215714,38207,大洲市,66,38.0,20.0,0.5757575757575758,0.30303030303030304,1,,503215712,False,False,ok,complete
503215721,38207,大洲市,11,5.0,2.0,0.45454545454545453,0.18181818181818182,0,,,False,False,ok,complete
503215722,38207,大洲市,13,2.0,2.0,0.15384615384615385,0.15384615384615385,0,,,False,False,ok,complete
503215723,38207,大洲市,11,3.0,2.0,0.2727272727272727,0.18181818181818182,0,,,False,False,ok,complete
503215724,38207,大洲市,39,21.0,14.0,0.5384615384615384,0.358974358974359,0,,,False,False,ok,complete
503215733,38207,大洲市,9,5.0,4.0,0.5555555555555556,0.4444444444444444,0,,,False,False,ok,complete
503215741,38207,大洲市,5,,,,,2,503215744,,True,True,ok,partial
503215742,38207,大洲市,6,,,,,2,503215744,,True,True,ok,partial
503215744,38207,大洲市,9,,,,,1,,503215741;503215742,True,True,inconsistent_with_total,partial
503215751,38207,大洲市,27,15.0,7.0,0.5555555555555556,0.25925925925925924,1,,503215752;503215754,False,False,ok,complete
503215752,38207,大洲市,6,,,,,2,503215751,,True,True,ok,partial
503215754,38207,大洲市,4,,,,,2,503215751,,True,True,ok,partial
503215762,38207,大洲市,45,,,,,1,,503215583,True,True,inconsistent_with_total,partial
503215764,38207,大洲市,9,6.0,3.0,0.6666666666666666,0.3333333333333333,0,,,False,False,ok,complete
503215771,38207,大洲市,5,,,,,2,503215774,,True,True,ok,partial
503215772,38207,大洲市,2,,,,,2,503215774,,True,True,ok,partial
503215774,38207,大洲市,8,,,,,1,,503215771;503215772;503215872,True,True,inconsistent_with_total,partial
503215782,38207,大洲市,2,,,,,2,503215784,,True,True,ok,partial
503215783,38207,大洲市,5,,,,,2,503215784,,True,True,ok,partial
503215784,38207,大洲市,8,7.0,4.0,0.875,0.5,1,,503215782;503215783,False,False,ok,complete
503215791,38207,大洲市,2,,,,,1,,503215792;503215793,True,True,inconsistent_with_total,partial
503215792,38207,大洲市,1,,,,,2,503215791,,True,True,ok,partial
503215793,38207,大洲市,1,,,,,2,503215791,,True,True,ok,partial
503215802,38207,大洲市,39,17.0,9.0,0.4358974358974359,0.23076923076923078,0,,,False,False,ok,complete
503215803,38207,大洲市,11,8.0,4.0,0.7272727272727273,0.36363636363636365,0,,,False,False,ok,complete
503215811,38207,大洲市,35,21.0,9.0,0.6,0.2571428571428571,0,,,False,False,ok,complete
503215812,38207,大洲市,11,,,,,2,503215814,,True,True,ok,partial
503215813,38207,大洲市,26,14.0,6.0,0.5384615384615384,0.23076923076923078,0,,,False,False,ok,complete
503215814,38207,大洲市,7,5.0,4.0,0.7142857142857143,0.5714285714285714,1,,503215812,False,False,ok,complete
503215821,38207,大洲市,31,13.0,6.0,0.41935483870967744,0.1935483870967742,0,,,False,False,ok,complete
503215822,38207,大洲市,65,10.0,5.0,0.15384615384615385,0.07692307692307693,0,,,False,False,ok,complete
503215823,38207,大洲市,14,5.0,2.0,0.35714285714285715,0.14285714285714285,0,,,False,False,ok,complete
503215831,38207,大洲市,15,,,,,2,503215833,,True,True,ok,partial
503215832,38207,大洲市,32,17.0,9.0,0.53125,0.28125,0,,,False,False,ok,complete
503215833,38207,大洲市,34,19.0,12.0,0.5588235294117647,0.35294117647058826,1,,503215831,False,False,ok,complete
503215834,38207,大洲市,12,2.0,1.0,0.16666666666666666,0.08333333333333333,0,,,False,False,ok,complete
503215841,38207,大洲市,101,21.0,2.0,0.2079207920792079,0.019801980198019802,1,,503215843,False,False,ok,complete
503215842,38207,大洲市,31,8.0,5.0,0.25806451612903225,0.16129032258064516,0,,,False,False,ok,complete
503215843,38207,大洲市,7,,,,,2,503215841,,True,True,ok,partial
503215844,38207,大洲市,13,3.0,1.0,0.23076923076923078,0.07692307692307693,0,,,False,False,ok,complete
503215853,38207,大洲市,14,8.0,1.0,0.5714285714285714,0.07142857142857142,0,,,False,False,ok,complete
503215872,38207,大洲市,6,,,,,2,503215774,,True,True,ok,partial
503215882,38207,大洲市,47,31.0,16.0,0.6595744680851063,0.3404255319148936,1,,503215884,False,False,ok,complete
503215884,38207,大洲市,2,,,,,2,503215882,,True,True,ok,partial
503215891,38207,大洲市,10,4.0,1.0,0.4,0.1,0,,,False,False,ok,complete
503215901,38207,大洲市,17,13.0,7.0,0.7647058823529411,0.4117647058823529,0,,,False,False,ok,complete
503215902,38207,大洲市,24,20.0,13.0,0.8333333333333334,0.5416666666666666,1,,503215904;503215913,False,False,ok,complete
503215904,38207,大洲市,2,,,,,2,503215902,,True,True,ok,partial
503215913,38207,大洲市,7,,,,,2,503215902,,True,True,ok,partial
503215922,38207,大洲市,23,7.0,3.0,0.30434782608695654,0.13043478260869565,0,,,False,False,ok,complete
503215931,38207,大洲市,11,8.0,6.0,0.7272727272727273,0.5454545454545454,1,,503215933,False,False,ok,complete
503215933,38207,大洲市,4,,,,,2,503215931,,True,True,ok,partial
503215942,38207,大洲市,27,12.0,5.0,0.4444444444444444,0.18518518518518517,0,,,False,False,ok,complete
503215944,38207,大洲市,21,11.0,2.0,0.5238095238095238,0.09523809523809523,0,,,False,False,ok,complete
503215951,38207,大洲市,7,,,,,2,503215952,,True,True,ok,partial
503215952,38207,大洲市,17,17.0,11.0,1.0,0.6470588235294118,1,,503215951;503215953;503215954,False,False,ok,complete
503215953,38207,大洲市,4,,,,,2,503215952,,True,True,ok,partial
503215954,38207,大洲市,2,,,,,2,503215952,,True,True,ok,partial
503215972,38207,大洲市,3,,,,,1,,503215974,True,True,inconsistent_with_total,partial
503215974,38207,大洲市,11,,,,,2,503215972,,True,True,ok,partial
503215981,38207,大洲市,14,7.0,5.0,0.5,0.35714285714285715,1,,503215983,False,False,ok,complete
503215983,38207,大洲市,2,,,,,2,503215981,,True,True,ok,partial
503215991,38207,大洲市,3,,,,,2,503215992,,True,True,ok,partial
503215992,38207,大洲市,33,27.0,17.0,0.8181818181818182,0.5151515151515151,1,,503215991;503215993,False,False,ok,complete
503215993,38207,大洲市,2,,,,,2,503215992,,True,True,ok,partial
503216002,38214,西予市,7,,,,,2,503216004,,True,True,ok,partial
503216004,38214,西予市,11,,,,,1,,503216002,True,True,inconsistent_with_total,partial
503216013,38214,西予市,9,,,,,2,503216014,,True,True,ok,partial
503216014,38214,西予市,4,,,,,1,,503216013;503216031;503216033,True,True,inconsistent_with_total,partial
503216031,38214,西予市,2,,,,,2,503216014,,True,True,ok,partial
503216033,38214,西予市,1,,,,,2,503216014,,True,True,ok,partial
503216043,38214,西予市,3,,,,,2,503216233,,True,True,ok,partial
503216051,38214,西予市,3,,,,,2,503216173,,True,True,ok,partial
503216102,38214,西予市,27,20.0,10.0,0.7407407407407407,0.37037037037037035,1,,503216104,False,False,ok,complete
503216104,38214,西予市,1,,,,,2,503216102,,True,True,ok,partial
503216111,38214,西予市,15,8.0,4.0,0.5333333333333333,0.26666666666666666,0,,,False,False,ok,complete
503216113,38214,西予市,5,,,,,2,503216114,,True,True,ok,partial
503216114,38214,西予市,6,4.0,1.0,0.6666666666666666,0.16666666666666666,1,,503216113,False,False,ok,complete
503216121,38214,西予市,8,,,,,1,,503216123;503216132,True,True,inconsistent_with_total,partial
503216123,38214,西予市,7,,,,,2,503216121,,True,True,ok,partial
503216132,38214,西予市,4,,,,,2,503216121,,True,True,ok,partial
503216211,38214,西予市,12,6.0,3.0,0.5,0.25,0,,,False,False,ok,complete
503216212,38214,西予市,8,4.0,1.0,0.5,0.125,0,,,False,False,ok,complete
503216221,38214,西予市,17,5.0,5.0,0.29411764705882354,0.29411764705882354,1,,503216222,False,False,ok,complete
503216222,38214,西予市,4,,,,,2,503216221,,True,True,ok,partial
503216224,38214,西予市,18,10.0,9.0,0.5555555555555556,0.5,0,,,False,False,ok,complete
503216231,38214,西予市,4,,,,,2,503216233,,True,True,ok,partial
503216233,38214,西予市,25,19.0,12.0,0.76,0.48,1,,503216043;503216231,False,False,ok,complete
503216243,38214,西予市,11,7.0,5.0,0.6363636363636364,0.45454545454545453,0,,,False,False,ok,complete
503216244,38214,西予市,13,6.0,2.0,0.46153846153846156,0.15384615384615385,0,,,False,False,ok,complete
503216301,38214,西予市,5,,,,,1,,503216303,True,True,inconsistent_with_total,partial
503216303,38214,西予市,8,,,,,2,503216301,,True,True,ok,partial
503216403,38214,西予市,2,,,,,2,503216502,,True,True,ok,partial
503216404,38214,西予市,5,,,,,2,503216502,,True,True,ok,partial
503216414,38214,西予市,17,,,,,1,,503216512,True,True,inconsistent_with_total,partial
503216423,38214,西予市,11,6.0,4.0,0.5454545454545454,0.36363636363636365,0,,,False,False,ok,complete
503216501,38214,西予市,4,,,,,2,503216502,,True,True,ok,partial
503216502,38214,西予市,11,,,,,1,,503216403;503216404;503216501,True,True,inconsistent_with_total,partial
503216512,38214,西予市,6,,,,,2,503216414,,True,True,ok,partial
503216523,38214,西予市,2,,,,,2,503216612,,True,True,ok,partial
503216524,38214,西予市,3,,,,,2,503216612,,True,True,ok,partial
503216552,38214,西予市,10,7.0,6.0,0.7,0.6,0,,,False,False,ok,complete
503216612,38214,西予市,9,,,,,1,,503216523;503216524,True,True,inconsistent_with_total,partial
503216621,38214,西予市,8,8.0,3.0,1.0,0.375,0,,,False,False,ok,complete
503216622,38214,西予市,4,,,,,2,503216624,,True,True,ok,partial
503216624,38214,西予市,23,15.0,9.0,0.6521739130434783,0.391304347826087,1,,503216622,False,False,ok,complete
503216631,38214,西予市,1,,,,,2,503216633,,True,True,ok,partial
503216633,38214,西予市,24,21.0,17.0,0.875,0.7083333333333334,1,,503216631,False,False,ok,complete
503216721,38214,西予市,20,8.0,5.0,0.4,0.25,0,,,False,False,ok,complete
503216722,38214,西予市,12,9.0,7.0,0.75,0.5833333333333334,0,,,False,False,ok,complete
503216723,38214,西予市,13,8.0,6.0,0.6153846153846154,0.46153846153846156,1,,503216804,False,False,ok,complete
503216724,38214,西予市,12,7.0,4.0,0.5833333333333334,0.3333333333333333,0,,,False,False,ok,complete
503216731,38214,西予市,8,,,,,2,503216734,,True,True,ok,partial
503216732,38214,西予市,9,7.0,3.0,0.7777777777777778,0.3333333333333333,0,,,False,False,ok,complete
503216734,38214,西予市,2,,,,,1,,503216731,True,True,inconsistent_with_total,partial
503216764,38214,西予市,2,,,,,2,503216881,,True,True,ok,partial
503216793,38214,西予市,5,,,,,2,503216794,,True,True,ok,partial
503216794,38214,西予市,35,9.0,6.0,0.2571428571428571,0.17142857142857143,1,,503216793,False,False,ok,complete
503216804,38207,大洲市,1,,,,,2,503216723,,True,True,ok,partial
503216841,38214,西予市,12,,,,,1,,503216843,True,True,inconsistent_with_total,partial
503216843,38214,西予市,6,,,,,2,503216841,,True,True,ok,partial
503216851,38214,西予市,2,,,,,2,503216854,,True,True,ok,partial
503216852,38214,西予市,6,,,,,2,503216854,,True,True,ok,partial
503216853,38214,西予市,3,,,,,2,503216854,,True,True,ok,partial
503216854,38214,西予市,5,,,,,1,,503216851;503216852;503216853;503216951,True,True,inconsistent_with_total,partial
503216861,38214,西予市,11,,,,,2,503216863,,True,True,ok,partial
503216863,38214,西予市,2,,,,,1,,503216861,True,True,inconsistent_with_total,partial
503216881,38214,西予市,16,3.0,2.0,0.1875,0.125,1,,503216764,False,False,ok,complete
503216902,38207,大洲市,6,,,,,2,503216904,,True,True,ok,partial
503216903,38207,大洲市,14,10.0,6.0,0.7142857142857143,0.42857142857142855,0,,,False,False,ok,complete
503216904,38207,大洲市,19,19.0,12.0,1.0,0.631578947368421,1,,503216902,False,False,ok,complete
503216912,38207,大洲市,7,,,,,2,503216914,,True,True,ok,partial
503216913,38207,大洲市,5,,,,,2,503216914,,True,True,ok,partial
503216914,38207,大洲市,6,,,,,1,,503216912;503216913,True,True,inconsistent_with_total,partial
503216922,38207,大洲市,6,,,,,2,503216924,,True,True,ok,partial
503216924,38207,大洲市,16,15.0,10.0,0.9375,0.625,1,,503216922,False,False,ok,complete
503216951,38214,西予市,3,,,,,2,503216854,,True,True,ok,partial
503217702,38214,西予市,16,,,,,1,,503217704,True,True,inconsistent_with_total,partial
503217704,38214,西予市,8,,,,,2,503217702,,True,True,ok,partial
503222071,38442,伊方町,44,28.0,16.0,0.6363636363636364,0.36363636363636365,1,,503222061,False,False,ok,complete
503223011,38204,八幡浜市,15,9.0,4.0,0.6,0.26666666666666666,0,,,False,False,ok,complete
503223012,38204,八幡浜市,99,43.0,23.0,0.43434343434343436,0.23232323232323232,1,,503223013,False,False,ok,complete
503223013,38204,八幡浜市,4,,,,,2,503223012,,True,True,ok,partial
503223014,38204,八幡浜市,38,15.0,9.0,0.39473684210526316,0.23684210526315788,0,,,False,False,ok,complete
503223021,38204,八幡浜市,9,4.0,2.0,0.4444444444444444,0.2222222222222222,0,,,False,False,ok,complete
503223023,38204,八幡浜市,11,5.0,1.0,0.45454545454545453,0.09090909090909091,0,,,False,False,ok,complete
503223031,38204,八幡浜市,10,,,,,2,503223033,,True,True,ok,partial
503223033,38204,八幡浜市,21,14.0,6.0,0.6666666666666666,0.2857142857142857,1,,503223031,False,False,ok,complete
503223041,38204,八幡浜市,190,98.0,61.0,0.5157894736842106,0.32105263157894737,0,,,False,False,ok,complete
503223042,38204,八幡浜市,21,14.0,6.0,0.6666666666666666,0.2857142857142857,0,,,False,False,ok,complete
503223043,38204,八幡浜市,19,8.0,4.0,0.42105263157894735,0.21052631578947367,0,,,False,False,ok,complete
503223044,38204,八幡浜市,12,7.0,2.0,0.5833333333333334,0.16666666666666666,0,,,False,False,ok,complete
503223052,38204,八幡浜市,32,17.0,10.0,0.53125,0.3125,0,,,False,False,ok,complete
503223053,38204,八幡浜市,9,,,,,2,503223054,,True,True,ok,partial
503223054,38204,八幡浜市,29,18.0,8.0,0.6206896551724138,0.27586206896551724,1,,503223053,False,False,ok,complete
503223061,38204,八幡浜市,67,30.0,14.0,0.44776119402985076,0.208955223880597,0,,,False,False,ok,complete
503223063,38204,八幡浜市,51,21.0,9.0,0.4117647058823529,0.17647058823529413,0,,,False,False,ok,complete
503223064,38204,八幡浜市,13,11.0,8.0,0.8461538461538461,0.6153846153846154,1,,503223072,False,False,ok,complete
503223072,38204,八幡浜市,3,,,,,2,503223064,,True,True,ok,partial
503223092,38207,大洲市,14,11.0,9.0,0.7857142857142857,0.6428571428571429,0,,,False,False,ok,complete
503223131,38204,八幡浜市,51,15.0,10.0,0.29411764705882354,0.19607843137254902,0,,,False,False,ok,complete
503223142,38204,八幡浜市,10,,,,,2,503223144,,True,True,ok,partial
503223144,38204,八幡浜市,12,,,,,1,,503223142,True,True,inconsistent_with_total,partial
503223151,38204,八幡浜市,41,16.0,10.0,0.3902439024390244,0.24390243902439024,0,,,False,False,ok,complete
503223153,38204,八幡浜市,44,17.0,9.0,0.38636363636363635,0.20454545454545456,0,,,False,False,ok,complete
503223154,38204,八幡浜市,36,17.0,7.0,0.4722222222222222,0.19444444444444445,0,,,False,False,ok,complete
503223162,38204,八幡浜市,42,20.0,10.0,0.47619047619047616,0.23809523809523808,0,,,False,False,ok,complete
503223164,38204,八幡浜市,36,23.0,8.0,0.6388888888888888,0.2222222222222222,0,,,False,False,ok,complete
503223182,38204,八幡浜市,6,,,,,2,503223184,,True,True,ok,partial
503223184,38207,大洲市,5,,,,,1,,503223182;503223191,True,True,inconsistent_with_total,partial
503223191,38207,大洲市,8,,,,,2,503223184,,True,True,ok,partial
503223201,38204,八幡浜市,22,15.0,8.0,0.6818181818181818,0.36363636363636365,0,,,False,False,ok,complete
503223203,38204,八幡浜市,33,18.0,13.0,0.5454545454545454,0.3939393939393939,1,,503223204,False,False,ok,complete
503223204,38204,八幡浜市,9,,,,,2,503223203,,True,True,ok,partial
503223213,38204,八幡浜市,10,,,,,2,503223302,,True,True,ok,partial
503223252,38204,八幡浜市,7,,,,,2,503223254,,True,True,ok,partial
503223254,38204,八幡浜市,7,7.0,5.0,1.0,0.7142857142857143,1,,503223252,False,False,ok,complete
503223262,38204,八幡浜市,5,,,,,2,503223264,,True,True,ok,partial
503223264,38204,八幡浜市,11,6.0,5.0,0.5454545454545454,0.45454545454545453,1,,503223262,False,False,ok,complete
503223271,38204,八幡浜市,9,,,,,2,503223272,,True,True,ok,partial
503223272,38204,八幡浜市,1,,,,,1,,503223271;503223281,True,True,inconsistent_with_total,partial
503223273,38204,八幡浜市,17,14.0,8.0,0.8235294117647058,0.47058823529411764,1,,503223371,False,False,ok,complete
503223281,38204,八幡浜市,2,,,,,2,503223272,,True,True,ok,partial
503223311,38204,八幡浜市,11,8.0,4.0,0.7272727272727273,0.36363636363636365,0,,,False,False,ok,complete
503223313,38204,八幡浜市,8,5.0,0.0,0.625,0.0,0,,,False,False,ok,complete
503223352,38204,八幡浜市,14,7.0,4.0,0.5,0.2857142857142857,0,,,False,False,ok,complete
503223362,38204,八幡浜市,6,,,,,2,503223364,,True,True,ok,partial
503223364,38204,八幡浜市,6,4.0,4.0,0.6666666666666666,0.6666666666666666,1,,503223362,False,False,ok,complete
503223371,38204,八幡浜市,10,,,,,2,503223273,,True,True,ok,partial
503223384,38207,大洲市,9,7.0,4.0,0.7777777777777778,0.4444444444444444,0,,,False,False,ok,complete
503223393,38207,大洲市,6,,,,,2,503223394,,True,True,ok,partial
503223394,38207,大洲市,21,13.0,8.0,0.6190476190476191,0.38095238095238093,1,,503223393,False,False,ok,complete
503223421,38204,八幡浜市,3,,,,,2,503223422,,True,True,ok,partial
503223422,38204,八幡浜市,13,12.0,8.0,0.9230769230769231,0.6153846153846154,1,,503223421,False,False,ok,complete
503223423,38204,八幡浜市,9,6.0,4.0,0.6666666666666666,0.4444444444444444,0,,,False,False,ok,complete
503223424,38204,八幡浜市,120,104.0,95.0,0.8666666666666667,0.7916666666666666,0,,,False,False,ok,complete
503223433,38204,八幡浜市,78,47.0,23.0,0.6025641025641025,0.2948717948717949,1,,503223434,False,False,ok,complete
503223434,38204,八幡浜市,3,,,,,2,503223433,,True,True,ok,partial
503223482,38207,大洲市,7,,,,,2,503223491,,True,True,ok,partial
503223491,38207,大洲市,17,,,,,1,,503223482,True,True,inconsistent_with_total,partial
503223492,38207,大洲市,28,16.0,13.0,0.5714285714285714,0.4642857142857143,0,,,False,False,ok,complete
503223493,38207,大洲市,9,,,,,2,503223494,,True,True,ok,partial
503223494,38207,大洲市,5,,,,,1,,503223493,True,True,inconsistent_with_total,partial
503223531,38204,八幡浜市,137,84.0,36.0,0.6131386861313869,0.26277372262773724,0,,,False,False,ok,complete
503223561,38207,大洲市,18,7.0,7.0,0.3888888888888889,0.3888888888888889,0,,,False,False,ok,complete
503223563,38207,大洲市,40,22.0,13.0,0.55,0.325,1,,503223564,False,False,ok,complete
503223564,38207,大洲市,9,,,,,2,503223563,,True,True,ok,partial
503223643,38207,大洲市,2,,,,,2,503223644,,True,True,ok,partial
503223644,38207,大洲市,217,115.0,69.0,0.5299539170506913,0.31797235023041476,1,,503223642;503223643,False,False,ok,complete
503223661,38207,大洲市,5,,,,,2,503223664,,True,True,ok,partial
503223662,38207,大洲市,4,,,,,2,503223664,,True,True,ok,partial
503223663,38207,大洲市,3,,,,,2,503223664,,True,True,ok,partial
503223664,38207,大洲市,8,,,,,1,,503223661;503223662;503223663,True,True,inconsistent_with_total,partial
503223672,38207,大洲市,1,,,,,2,503223673,,True,True,ok,partial
503223673,38207,大洲市,4,,,,,1,,503223672;503223674,True,True,inconsistent_with_total,partial
503223674,38207,大洲市,5,,,,,2,503223673,,True,True,ok,partial
503223681,38207,大洲市,9,5.0,0.0,0.5555555555555556,0.0,1,,503223684,False,False,ok,complete
503223684,38207,大洲市,4,,,,,2,503223681,,True,True,ok,partial
503223694,38207,大洲市,18,9.0,5.0,0.5,0.2777777777777778,0,,,False,False,ok,complete
503223751,38207,大洲市,3,,,,,2,503223742,,True,True,ok,partial
503223762,38207,大洲市,5,,,,,2,503223771,,True,True,ok,partial
503223771,38207,大洲市,57,35.0,20.0,0.6140350877192983,0.3508771929824561,1,,503223762;503223773,False,False,ok,complete
503223772,38207,大洲市,15,14.0,8.0,0.9333333333333333,0.5333333333333333,1,,503223774,False,False,ok,complete
503223773,38207,大洲市,1,,,,,2,503223771,,True,True,ok,partial
503223774,38207,大洲市,5,,,,,2,503223772,,True,True,ok,partial
503223781,38207,大洲市,14,3.0,0.0,0.21428571428571427,0.0,0,,,False,False,ok,complete
503223782,38207,大洲市,9,5.0,4.0,0.5555555555555556,0.4444444444444444,1,,503223794,False,False,ok,complete
503223783,38207,大洲市,32,17.0,8.0,0.53125,0.25,0,,,False,False,ok,complete
503223794,38207,大洲市,2,,,,,2,503223782,,True,True,ok,partial
503223852,38207,大洲市,3,,,,,2,503223854,,True,True,ok,partial
503223853,38207,大洲市,129,61.0,31.0,0.4728682170542636,0.24031007751937986,0,,,False,False,ok,complete
503223854,38207,大洲市,104,54.0,37.0,0.5192307692307693,0.3557692307692308,1,,503223852,False,False,ok,complete
503223861,38207,大洲市,12,8.0,8.0,0.6666666666666666,0.6666666666666666,0,,,False,False,ok,complete
503223862,38207,大洲市,8,5.0,3.0,0.625,0.375,0,,,False,False,ok,complete
503223863,38207,大洲市,70,48.0,26.0,0.6857142857142857,0.37142857142857144,1,,503223864;503223961,False,False,ok,complete
503223864,38207,大洲市,2,,,,,2,503223863,,True,True,ok,partial
503223871,38207,大洲市,24,22.0,9.0,0.9166666666666666,0.375,1,,503223873;503223874,False,False,ok,complete
503223872,38207,大洲市,19,10.0,6.0,0.5263157894736842,0.3157894736842105,0,,,False,False,ok,complete
503223873,38207,大洲市,4,,,,,2,503223871,,True,True,ok,partial
503223874,38207,大洲市,5,,,,,2,503223871,,True,True,ok,partial
503223884,38207,大洲市,11,10.0,7.0,0.9090909090909091,0.6363636363636364,0,,,False,False,ok,complete
503223961,38207,大洲市,1,,,,,2,503223863,,True,True,ok,partial
503223972,38207,大洲市,2,,,,,2,503223981,,True,True,ok,partial
503223973,38207,大洲市,5,,,,,2,503223981,,True,True,ok,partial
503223981,38207,大洲市,6,,,,,1,,503223972;503223973;503223983,True,True,inconsistent_with_total,partial
503223983,38207,大洲市,3,,,,,2,503223981,,True,True,ok,partial
503224001,38207,大洲市,20,8.0,4.0,0.4,0.2,0,,,False,False,ok,complete
503224002,38207,大洲市,34,19.0,10.0,0.5588235294117647,0.29411764705882354,0,,,False,False,ok,complete
503224011,38207,大洲市,19,5.0,2.0,0.2631578947368421,0.10526315789473684,0,,,False,False,ok,complete
503224012,38207,大洲市,162,81.0,50.0,0.5,0.30864197530864196,0,,,False,False,ok,complete
503224013,38207,大洲市,11,5.0,2.0,0.45454545454545453,0.18181818181818182,0,,,False,False,ok,complete
503224014,38207,大洲市,143,42.0,20.0,0.2937062937062937,0.13986013986013987,1,,503224104,False,False,ok,complete
503224021,38207,大洲市,165,81.0,26.0,0.4909090909090909,0.15757575757575756,0,,,False,False,ok,complete
503224022,38207,大洲市,94,31.0,12.0,0.32978723404255317,0.1276595744680851,0,,,False,False,ok,complete
503224023,38207,大洲市,497,84.0,33.0,0.16901408450704225,0.06639839034205232,0,,,False,False,ok,complete
503224024,38207,大洲市,526,128.0,52.0,0.24334600760456274,0.09885931558935361,0,,,False,False,ok,complete
503224031,38207,大洲市,89,16.0,8.0,0.1797752808988764,0.0898876404494382,0,,,False,False,ok,complete
503224032,38207,大洲市,464,93.0,52.0,0.20043103448275862,0.11206896551724138,0,,,False,False,ok,complete
503224033,38207,大洲市,846,290.0,152.0,0.34278959810874704,0.17966903073286053,0,,,False,False,ok,complete
503224034,38207,大洲市,617,278.0,160.0,0.4505672609400324,0.2593192868719611,0,,,False,False,ok,complete
503224041,38207,大洲市,118,42.0,27.0,0.3559322033898305,0.2288135593220339,0,,,False,False,ok,complete
503224042,38207,大洲市,264,201.0,120.0,0.7613636363636364,0.45454545454545453,0,,,False,False,ok,complete
503224043,38207,大洲市,108,23.0,11.0,0.21296296296296297,0.10185185185185185,0,,,False,False,ok,complete
503224051,38207,大洲市,8,,,,,2,503224052,,True,True,ok,partial
503224052,38207,大洲市,30,17.0,9.0,0.5666666666666667,0.3,1,,503224051,False,False,ok,complete
503224054,38207,大洲市,25,13.0,5.0,0.52,0.2,0,,,False,False,ok,complete
503224061,38207,大洲市,7,,,,,2,503224063,,True,True,ok,partial
503224063,38207,大洲市,256,45.0,16.0,0.17578125,0.0625,1,,503224061,False,False,ok,complete
503224064,38207,大洲市,118,38.0,13.0,0.3220338983050847,0.11016949152542373,0,,,False,False,ok,complete
503224071,38207,大洲市,2,,,,,2,503224072,,True,True,ok,partial
503224072,38207,大洲市,60,25.0,10.0,0.4166666666666667,0.16666666666666666,1,,503224071,False,False,ok,complete
503224081,38207,大洲市,16,9.0,6.0,0.5625,0.375,0,,,False,False,ok,complete
503224083,38207,大洲市,52,26.0,17.0,0.5,0.3269230769230769,0,,,False,False,ok,complete
503224084,38207,大洲市,28,14.0,7.0,0.5,0.25,0,,,False,False,ok,complete
503224091,38207,大洲市,11,1.0,0.0,0.09090909090909091,0.0,0,,,False,False,ok,complete
503224092,38207,大洲市,25,16.0,9.0,0.64,0.36,0,,,False,False,ok,complete
503224093,38207,大洲市,106,32.0,14.0,0.3018867924528302,0.1320754716981132,0,,,False,False,ok,complete
503224104,38207,大洲市,3,,,,,2,503224014,,True,True,ok,partial
503224112,38207,大洲市,6,,,,,2,503224121,,True,True,ok,partial
503224114,38207,大洲市,1,,,,,2,503224121,,True,True,ok,partial
503224121,38207,大洲市,266,85.0,34.0,0.31954887218045114,0.12781954887218044,1,,503224112;503224114,False,False,ok,complete
503224122,38207,大洲市,155,42.0,16.0,0.2709677419354839,0.1032258064516129,0,,,False,False,ok,complete
503224123,38207,大洲市,13,5.0,2.0,0.38461538461538464,0.15384615384615385,0,,,False,False,ok,complete
503224124,38207,大洲市,116,35.0,16.0,0.3017241379310345,0.13793103448275862,0,,,False,False,ok,complete
503224131,38207,大洲市,472,185.0,144.0,0.3919491525423729,0.3050847457627119,0,,,False,False,ok,complete
503224132,38207,大洲市,328,176.0,111.0,0.5365853658536586,0.3384146341463415,0,,,False,False,ok,complete
503224133,38207,大洲市,490,160.0,86.0,0.32653061224489793,0.17551020408163265,0,,,False,False,ok,complete
503224134,38207,大洲市,1031,390.0,228.0,0.37827352085354027,0.22114451988360814,0,,,False,False,ok,complete
503224141,38207,大洲市,51,21.0,13.0,0.4117647058823529,0.2549019607843137,0,,,False,False,ok,complete
503224143,38207,大洲市,620,203.0,123.0,0.32741935483870965,0.19838709677419356,0,,,False,False,ok,complete
503224144,38207,大洲市,143,52.0,27.0,0.36363636363636365,0.1888111888111888,0,,,False,False,ok,complete
503224152,38207,大洲市,96,74.0,65.0,0.7708333333333334,0.6770833333333334,0,,,False,False,ok,complete
503224153,38207,大洲市,58,29.0,14.0,0.5,0.2413793103448276,0,,,False,False,ok,complete
503224154,38207,大洲市,107,46.0,34.0,0.42990654205607476,0.3177570093457944,0,,,False,False,ok,complete
503224161,38207,大洲市,83,27.0,17.0,0.3253012048192771,0.20481927710843373,0,,,False,False,ok,complete
503224162,38207,大洲市,445,122.0,38.0,0.27415730337078653,0.0853932584269663,0,,,False,False,ok,complete
503224164,38207,大洲市,294,102.0,37.0,0.3469387755102041,0.12585034013605442,0,,,False,False,ok,complete
503224171,38207,大洲市,432,114.0,53.0,0.2638888888888889,0.12268518518518519,0,,,False,False,ok,complete
503224172,38207,大洲市,50,23.0,8.0,0.46,0.16,0,,,False,False,ok,complete
503224173,38207,大洲市,428,124.0,48.0,0.2897196261682243,0.11214953271028037,0,,,False,False,ok,complete
503224182,38207,大洲市,35,10.0,6.0,0.2857142857142857,0.17142857142857143,0,,,False,False,ok,complete
503224202,38207,大洲市,5,,,,,2,503224211,,True,True,ok,partial
503224211,38207,大洲市,8,,,,,1,,503224202,True,True,inconsistent_with_total,partial
503224212,38207,大洲市,17,12.0,5.0,0.7058823529411765,0.29411764705882354,0,,,False,False,ok,complete
503224214,38207,大洲市,12,9.0,5.0,0.75,0.4166666666666667,0,,,False,False,ok,complete
503224221,38207,大洲市,10,4.0,3.0,0.4,0.3,0,,,False,False,ok,complete
503224222,38207,大洲市,147,62.0,25.0,0.4217687074829932,0.17006802721088435,1,,503224224,False,False,ok,complete
503224224,38207,大洲市,6,,,,,2,503224222,,True,True,ok,partial
503224231,38207,大洲市,503,144.0,61.0,0.28628230616302186,0.12127236580516898,0,,,False,False,ok,complete
503224232,38207,大洲市,928,260.0,144.0,0.2801724137931034,0.15517241379310345,0,,,False,False,ok,complete
503224233,38207,大洲市,83,34.0,16.0,0.40963855421686746,0.1927710843373494,0,,,False,False,ok,complete
503224234,38207,大洲市,477,134.0,79.0,0.2809224318658281,0.16561844863731656,0,,,False,False,ok,complete
503224241,38207,大洲市,1055,210.0,129.0,0.1990521327014218,0.12227488151658768,0,,,False,False,ok,complete
503224242,38207,大洲市,532,123.0,58.0,0.231203007518797,0.10902255639097744,0,,,False,False,ok,complete
503224243,38207,大洲市,713,196.0,107.0,0.27489481065918653,0.15007012622720897,0,,,False,False,ok,complete
503224244,38207,大洲市,210,30.0,14.0,0.14285714285714285,0.06666666666666667,0,,,False,False,ok,complete
503224251,38207,大洲市,414,121.0,48.0,0.2922705314009662,0.11594202898550725,0,,,False,False,ok,complete
503224252,38207,大洲市,400,157.0,54.0,0.3925,0.135,0,,,False,False,ok,complete
503224254,38207,大洲市,26,6.0,2.0,0.23076923076923078,0.07692307692307693,0,,,False,False,ok,complete
503224261,38207,大洲市,147,58.0,17.0,0.3945578231292517,0.11564625850340136,0,,,False,False,ok,complete
503224262,38207,大洲市,338,90.0,29.0,0.26627218934911245,0.08579881656804733,0,,,False,False,ok,complete
503224263,38207,大洲市,269,51.0,26.0,0.1895910780669145,0.09665427509293681,0,,,False,False,ok,complete
503224264,38207,大洲市,1044,298.0,112.0,0.28544061302681994,0.10727969348659004,0,,,False,False,ok,complete
503224271,38207,大洲市,140,20.0,9.0,0.14285714285714285,0.06428571428571428,0,,,False,False,ok,complete
503224273,38207,大洲市,76,11.0,6.0,0.14473684210526316,0.07894736842105263,0,,,False,False,ok,complete
503224301,38207,大洲市,6,,,,,2,503224302,,True,True,ok,partial
503224302,38207,大洲市,19,17.0,13.0,0.8947368421052632,0.6842105263157895,1,,503224301;503224303,False,False,ok,complete
503224303,38207,大洲市,7,,,,,2,503224302,,True,True,ok,partial
503224331,38207,大洲市,54,19.0,12.0,0.35185185185185186,0.2222222222222222,0,,,False,False,ok,complete
503224332,38207,大洲市,203,38.0,20.0,0.18719211822660098,0.09852216748768473,1,,503224334,False,False,ok,complete
503224334,38207,大洲市,1,,,,,2,503224332,,True,True,ok,partial
503224341,38207,大洲市,46,20.0,12.0,0.43478260869565216,0.2608695652173913,1,,503224342,False,False,ok,complete
503224342,38207,大洲市,16,,,,,2,503224341,,True,True,ok,partial
503224343,38207,大洲市,85,36.0,25.0,0.4235294117647059,0.29411764705882354,1,,503224344,False,False,ok,complete
503224344,38207,大洲市,4,,,,,2,503224343,,True,True,ok,partial
503224351,38207,大洲市,101,6.0,2.0,0.0594059405940594,0.019801980198019802,1,,503224352,False,False,ok,complete
503224352,38207,大洲市,5,,,,,2,503224351,,True,True,ok,partial
503224353,38207,大洲市,502,27.0,10.0,0.053784860557768925,0.0199203187250996,0,,,False,False,ok,complete
503224354,38207,大洲市,44,38.0,29.0,0.8636363636363636,0.6590909090909091,0,,,False,False,ok,complete
503224361,38207,大洲市,152,43.0,11.0,0.28289473684210525,0.07236842105263158,0,,,False,False,ok,complete
503224362,38207,大洲市,579,126.0,63.0,0.21761658031088082,0.10880829015544041,0,,,False,False,ok,complete
503224363,38207,大洲市,155,38.0,15.0,0.24516129032258063,0.0967741935483871,0,,,False,False,ok,complete
503224364,38207,大洲市,404,102.0,80.0,0.2524752475247525,0.19801980198019803,0,,,False,False,ok,complete
503224371,38207,大洲市,180,61.0,45.0,0.3388888888888889,0.25,0,,,False,False,ok,complete
503224372,38207,大洲市,2,,,,,2,503224374,,True,True,ok,partial
503224373,38207,大洲市,85,24.0,7.0,0.2823529411764706,0.08235294117647059,0,,,False,False,ok,complete
503224374,38207,大洲市,264,81.0,45.0,0.3068181818181818,0.17045454545454544,1,,503224372,False,False,ok,complete
503224383,38207,大洲市,190,71.0,30.0,0.3736842105263158,0.15789473684210525,0,,,False,False,ok,complete
503224384,38207,大洲市,39,16.0,5.0,0.41025641025641024,0.1282051282051282,0,,,False,False,ok,complete
503224401,38207,大洲市,84,44.0,19.0,0.5238095238095238,0.2261904761904762,0,,,False,False,ok,complete
503224402,38207,大洲市,17,13.0,8.0,0.7647058823529411,0.47058823529411764,0,,,False,False,ok,complete
503224403,38207,大洲市,40,18.0,13.0,0.45,0.325,0,,,False,False,ok,complete
503224404,38207,大洲市,19,5.0,3.0,0.2631578947368421,0.15789473684210525,0,,,False,False,ok,complete
503224441,38207,大洲市,72,25.0,8.0,0.3472222222222222,0.1111111111111111,0,,,False,False,ok,complete
503224442,38207,大洲市,73,26.0,13.0,0.3561643835616438,0.1780821917808219,0,,,False,False,ok,complete
503224443,38207,大洲市,12,3.0,2.0,0.25,0.16666666666666666,0,,,False,False,ok,complete
503224444,38207,大洲市,93,40.0,18.0,0.43010752688172044,0.1935483870967742,0,,,False,False,ok,complete
503224452,38207,大洲市,2,,,,,2,503224454,,True,True,ok,partial
503224453,38207,大洲市,105,46.0,17.0,0.4380952380952381,0.1619047619047619,0,,,False,False,ok,complete
503224454,38207,大洲市,99,45.0,17.0,0.45454545454545453,0.1717171717171717,1,,503224452,False,False,ok,complete
503224461,38207,大洲市,25,12.0,3.0,0.48,0.12,0,,,False,False,ok,complete
503224462,38207,大洲市,65,19.0,10.0,0.2923076923076923,0.15384615384615385,0,,,False,False,ok,complete
503224463,38207,大洲市,148,67.0,35.0,0.4527027027027027,0.23648648648648649,0,,,False,False,ok,complete
503224464,38207,大洲市,92,34.0,23.0,0.3695652173913043,0.25,0,,,False,False,ok,complete
503224471,38207,大洲市,168,14.0,5.0,0.08333333333333333,0.02976190476190476,0,,,False,False,ok,complete
503224472,38207,大洲市,486,149.0,83.0,0.3065843621399177,0.17078189300411523,0,,,False,False,ok,complete
503224473,38207,大洲市,129,39.0,12.0,0.3023255813953488,0.09302325581395349,0,,,False,False,ok,complete
503224474,38207,大洲市,171,60.0,29.0,0.3508771929824561,0.1695906432748538,0,,,False,False,ok,complete
503224481,38207,大洲市,420,96.0,57.0,0.22857142857142856,0.1357142857142857,0,,,False,False,ok,complete
503224482,38207,大洲市,189,42.0,14.0,0.2222222222222222,0.07407407407407407,0,,,False,False,ok,complete
503224483,38207,大洲市,154,65.0,40.0,0.42207792207792205,0.2597402597402597,1,,503224581,False,False,ok,complete
503224491,38207,大洲市,130,86.0,74.0,0.6615384615384615,0.5692307692307692,0,,,False,False,ok,complete
503224492,38207,大洲市,15,7.0,4.0,0.4666666666666667,0.26666666666666666,0,,,False,False,ok,complete
503224493,38207,大洲市,14,11.0,6.0,0.7857142857142857,0.42857142857142855,1,,503224494,False,False,ok,complete
503224494,38207,大洲市,4,,,,,2,503224493,,True,True,ok,partial
503224501,38207,大洲市,4,,,,,2,503224502,,True,True,ok,partial
503224502,38207,大洲市,26,13.0,4.0,0.5,0.15384615384615385,1,,503224501;503224503;503224504,False,False,ok,complete
503224503,38207,大洲市,2,,,,,2,503224502,,True,True,ok,partial
503224504,38207,大洲市,6,,,,,2,503224502,,True,True,ok,partial
503224532,38207,大洲市,42,20.0,9.0,0.47619047619047616,0.21428571428571427,0,,,False,False,ok,complete
503224534,38207,大洲市,16,10.0,3.0,0.625,0.1875,0,,,False,False,ok,complete
503224542,38207,大洲市,23,10.0,7.0,0.43478260869565216,0.30434782608695654,0,,,False,False,ok,complete
503224543,38207,大洲市,11,3.0,3.0,0.2727272727272727,0.2727272727272727,0,,,False,False,ok,complete
503224544,38207,大洲市,27,10.0,3.0,0.37037037037037035,0.1111111111111111,0,,,False,False,ok,complete
503224551,38207,大洲市,97,29.0,10.0,0.29896907216494845,0.10309278350515463,0,,,False,False,ok,complete
503224552,38207,大洲市,62,24.0,6.0,0.3870967741935484,0.0967741935483871,0,,,False,False,ok,complete
503224553,38207,大洲市,66,24.0,7.0,0.36363636363636365,0.10606060606060606,0,,,False,False,ok,complete
503224561,38207,大洲市,7,,,,,2,503224562,,True,True,ok,partial
503224562,38207,大洲市,33,21.0,11.0,0.6363636363636364,0.3333333333333333,1,,503224561;503224671,False,False,ok,complete
503224571,38207,大洲市,4,,,,,2,503224572,,True,True,ok,partial
503224572,38207,大洲市,19,12.0,4.0,0.631578947368421,0.21052631578947367,1,,503224571,False,False,ok,complete
503224581,38207,大洲市,4,,,,,2,503224483,,True,True,ok,partial
503224592,38207,大洲市,26,11.0,3.0,0.4230769230769231,0.11538461538461539,0,,,False,False,ok,complete
503224593,38207,大洲市,17,8.0,5.0,0.47058823529411764,0.29411764705882354,0,,,False,False,ok,complete
503224594,38207,大洲市,43,14.0,7.0,0.32558139534883723,0.16279069767441862,0,,,False,False,ok,complete
503224603,38207,大洲市,14,10.0,5.0,0.7142857142857143,0.35714285714285715,0,,,False,False,ok,complete
503224623,38207,大洲市,11,5.0,1.0,0.45454545454545453,0.09090909090909091,0,,,False,False,ok,complete
503224624,38207,大洲市,74,22.0,14.0,0.2972972972972973,0.1891891891891892,0,,,False,False,ok,complete
503224631,38207,大洲市,8,,,,,2,503224632,,True,True,ok,partial
503224632,38207,大洲市,37,28.0,8.0,0.7567567567567568,0.21621621621621623,1,,503224631;503224633;503224634,False,False,ok,complete
503224633,38207,大洲市,2,,,,,2,503224632,,True,True,ok,partial
503224634,38207,大洲市,6,,,,,2,503224632,,True,True,ok,partial
503224641,38207,大洲市,3,,,,,2,503224643,,True,True,ok,partial
503224642,38207,大洲市,81,33.0,10.0,0.4074074074074074,0.12345679012345678,0,,,False,False,ok,complete
503224643,38207,大洲市,68,25.0,10.0,0.36764705882352944,0.14705882352941177,1,,503224641,False,False,ok,complete
503224644,38207,大洲市,104,32.0,17.0,0.3076923076923077,0.16346153846153846,0,,,False,False,ok,complete
503224661,38207,大洲市,5,,,,,2,503224663,,True,True,ok,partial
503224663,38207,大洲市,14,,,,,1,,503224661;503224764;503224773,True,True,inconsistent_with_total,partial
503224671,38207,大洲市,7,,,,,2,503224562,,True,True,ok,partial
503224681,38207,大洲市,7,,,,,2,503224683,,True,True,ok,partial
503224683,38207,大洲市,17,,,,,1,,503224681,True,True,inconsistent_with_total,partial
503224684,38207,大洲市,37,18.0,9.0,0.4864864864864865,0.24324324324324326,0,,,False,False,ok,complete
503224692,38207,大洲市,26,10.0,4.0,0.38461538461538464,0.15384615384615385,0,,,False,False,ok,complete
503224694,38207,大洲市,16,7.0,3.0,0.4375,0.1875,0,,,False,False,ok,complete
503224704,38207,大洲市,5,,,,,2,503224811,,True,True,ok,partial
503224714,38207,大洲市,26,11.0,6.0,0.4230769230769231,0.23076923076923078,0,,,False,False,ok,complete
503224721,38207,大洲市,88,40.0,16.0,0.45454545454545453,0.18181818181818182,0,,,False,False,ok,complete
503224722,38207,大洲市,80,14.0,4.0,0.175,0.05,0,,,False,False,ok,complete
503224723,38207,大洲市,46,25.0,15.0,0.5434782608695652,0.32608695652173914,0,,,False,False,ok,complete
503224731,38207,大洲市,129,52.0,28.0,0.40310077519379844,0.21705426356589147,0,,,False,False,ok,complete
503224732,38207,大洲市,15,3.0,2.0,0.2,0.13333333333333333,0,,,False,False,ok,complete
503224733,38207,大洲市,365,154.0,84.0,0.42191780821917807,0.23013698630136986,0,,,False,False,ok,complete
503224734,38207,大洲市,296,92.0,51.0,0.3108108108108108,0.17229729729729729,0,,,False,False,ok,complete
503224741,38207,大洲市,139,51.0,28.0,0.3669064748201439,0.2014388489208633,0,,,False,False,ok,complete
503224742,38207,大洲市,31,19.0,10.0,0.6129032258064516,0.3225806451612903,1,,503224744,False,False,ok,complete
503224743,38207,大洲市,96,27.0,13.0,0.28125,0.13541666666666666,0,,,False,False,ok,complete
503224744,38207,大洲市,7,,,,,2,503224742,,True,True,ok,partial
503224751,38207,大洲市,14,13.0,7.0,0.9285714285714286,0.5,1,,503224753,False,False,ok,complete
503224753,38207,大洲市,10,,,,,2,503224751,,True,True,ok,partial
503224764,38207,大洲市,4,,,,,2,503224663,,True,True,ok,partial
503224773,38207,大洲市,4,,,,,2,503224663,,True,True,ok,partial
503224782,38207,大洲市,16,11.0,7.0,0.6875,0.4375,0,,,False,False,ok,complete
503224793,38207,大洲市,1,,,,,2,503224891,,True,True,ok,partial
503224794,38207,大洲市,6,,,,,2,503224891,,True,True,ok,partial
503224811,38207,大洲市,16,9.0,5.0,0.5625,0.3125,1,,503224704,False,False,ok,complete
503224813,38207,大洲市,17,7.0,5.0,0.4117647058823529,0.29411764705882354,0,,,False,False,ok,complete
503224814,38207,大洲市,30,19.0,9.0,0.6333333333333333,0.3,0,,,False,False,ok,complete
503224821,38207,大洲市,45,25.0,16.0,0.5555555555555556,0.35555555555555557,0,,,False,False,ok,complete
503224822,38207,大洲市,20,2.0,1.0,0.1,0.05,0,,,False,False,ok,complete
503224823,38207,大洲市,32,20.0,19.0,0.625,0.59375,0,,,False,False,ok,complete
503224824,38207,大洲市,25,12.0,5.0,0.48,0.2,0,,,False,False,ok,complete
503224831,38207,大洲市,46,19.0,9.0,0.41304347826086957,0.1956521739130435,0,,,False,False,ok,complete
503224832,38207,大洲市,107,37.0,22.0,0.34579439252336447,0.205607476635514,0,,,False,False,ok,complete
503224833,38207,大洲市,85,35.0,20.0,0.4117647058823529,0.23529411764705882,0,,,False,False,ok,complete
503224834,38207,大洲市,14,7.0,1.0,0.5,0.07142857142857142,0,,,False,False,ok,complete
503224841,38207,大洲市,13,7.0,1.0,0.5384615384615384,0.07692307692307693,0,,,False,False,ok,complete
503224842,38207,大洲市,16,6.0,1.0,0.375,0.0625,0,,,False,False,ok,complete
503224843,38207,大洲市,8,,,,,2,503224844,,True,True,ok,partial
503224844,38207,大洲市,8,7.0,3.0,0.875,0.375,1,,503224843,False,False,ok,complete
503224872,38207,大洲市,6,,,,,2,503224873,,True,True,ok,partial
503224873,38207,大洲市,8,,,,,1,,503224872,True,True,inconsistent_with_total,partial
503224874,38207,大洲市,12,10.0,8.0,0.8333333333333334,0.6666666666666666,0,,,False,False,ok,complete
503224882,38207,大洲市,4,,,,,2,503224891,,True,True,ok,partial
503224884,38207,大洲市,4,,,,,2,503224891,,True,True,ok,partial
503224891,38207,大洲市,13,,,,,1,,503224793;503224794;503224882;503224884;503224894,True,True,inconsistent_with_total,partial
503224894,38207,大洲市,7,,,,,2,503224891,,True,True,ok,partial
503224912,38207,大洲市,173,146.0,115.0,0.8439306358381503,0.6647398843930635,0,,,False,False,ok,complete
503224913,38207,大洲市,44,16.0,7.0,0.36363636363636365,0.1590909090909091,0,,,False,False,ok,complete
503224914,38207,大洲市,144,65.0,44.0,0.4513888888888889,0.3055555555555556,0,,,False,False,ok,complete
503224921,38207,大洲市,172,90.0,50.0,0.5232558139534884,0.29069767441860467,0,,,False,False,ok,complete
503224922,38207,大洲市,17,8.0,4.0,0.47058823529411764,0.23529411764705882,0,,,False,False,ok,complete
503224923,38207,大洲市,73,45.0,34.0,0.6164383561643836,0.4657534246575342,0,,,False,False,ok,complete
503224931,38207,大洲市,19,9.0,5.0,0.47368421052631576,0.2631578947368421,0,,,False,False,ok,complete
503224932,38207,大洲市,13,7.0,2.0,0.5384615384615384,0.15384615384615385,0,,,False,False,ok,complete
503224933,38207,大洲市,5,,,,,2,503224934,,True,True,ok,partial
503224934,38207,大洲市,31,23.0,11.0,0.7419354838709677,0.3548387096774194,1,,503224933,False,False,ok,complete
503224941,38207,大洲市,5,,,,,2,503224943,,True,True,ok,partial
503224942,38207,大洲市,4,,,,,2,503224943,,True,True,ok,partial
503224943,38207,大洲市,8,8.0,5.0,1.0,0.625,1,,503224941;503224942;503224944,False,False,ok,complete
503224944,38207,大洲市,6,,,,,2,503224943,,True,True,ok,partial
503224971,38207,大洲市,20,9.0,9.0,0.45,0.45,0,,,False,False,ok,complete
503224972,38207,大洲市,16,,,,,1,,503224974,True,True,inconsistent_with_total,partial
503224974,38207,大洲市,8,,,,,2,503224972,,True,True,ok,partial
503224981,38207,大洲市,4,,,,,2,503224983,,True,True,ok,partial
503224983,38207,大洲市,7,,,,,1,,503224981;503224984,True,True,inconsistent_with_total,partial
503224984,38207,大洲市,7,,,,,2,503224983,,True,True,ok,partial
503224991,38207,大洲市,30,14.0,9.0,0.4666666666666667,0.3,0,,,False,False,ok,complete
503224992,38207,大洲市,18,13.0,10.0,0.7222222222222222,0.5555555555555556,1,,503224993;503224994,False,False,ok,complete
503224993,38207,大洲市,5,,,,,2,503224992,,True,True,ok,partial
503224994,38207,大洲市,4,,,,,2,503224992,,True,True,ok,partial
503225001,38207,大洲市,22,7.0,6.0,0.3181818181818182,0.2727272727272727,0,,,False,False,ok,complete
503225003,38207,大洲市,40,19.0,6.0,0.475,0.15,0,,,False,False,ok,complete
503225021,38207,大洲市,2,,,,,2,503225033,,True,True,ok,partial
503225043,38207,大洲市,5,,,,,2,503225141,,True,True,ok,partial
503225051,38207,大洲市,17,7.0,5.0,0.4117647058823529,0.29411764705882354,0,,,False,False,ok,complete
503225052,38207,大洲市,24,11.0,8.0,0.4583333333333333,0.3333333333333333,1,,503225053,False,False,ok,complete
503225053,38207,大洲市,2,,,,,2,503225052,,True,True,ok,partial
503225054,38207,大洲市,5,4.0,3.0,0.8,0.6,0,,,False,False,ok,complete
503225061,38207,大洲市,9,,,,,1,,503225063;503225064,True,True,inconsistent_with_total,partial
503225063,38207,大洲市,9,,,,,2,503225061,,True,True,ok,partial
503225064,38207,大洲市,2,,,,,2,503225061,,True,True,ok,partial
503225072,38207,大洲市,10,7.0,3.0,0.7,0.3,0,,,False,False,ok,complete
503225073,38207,大洲市,2,,,,,2,503225074,,True,True,ok,partial
503225074,38207,大洲市,6,,,,,1,,503225073;503225171;503225173,True,True,inconsistent_with_total,partial
503225083,38207,大洲市,10,4.0,2.0,0.4,0.2,1,,503225084,False,False,ok,complete
503225084,38207,大洲市,3,,,,,2,503225083,,True,True,ok,partial
503225091,38207,大洲市,10,,,,,1,,503225092;503225094,True,True,inconsistent_with_total,partial
503225092,38207,大洲市,11,,,,,2,503225091,,True,True,ok,partial
503225094,38207,大洲市,2,,,,,2,503225091,,True,True,ok,partial
503225171,38207,大洲市,5,,,,,2,503225074,,True,True,ok,partial
503225173,38207,大洲市,1,,,,,2,503225074,,True,True,ok,partial
503225181,38207,大洲市,5,,,,,1,,503225182;503225183;503225184,True,True,inconsistent_with_total,partial
503225182,38207,大洲市,1,,,,,2,503225181,,True,True,ok,partial
503225183,38207,大洲市,4,,,,,2,503225181,,True,True,ok,partial
503225184,38207,大洲市,2,,,,,2,503225181,,True,True,ok,partial
503225192,38207,大洲市,8,6.0,4.0,0.75,0.5,0,,,False,False,ok,complete
503225291,38207,大洲市,2,,,,,2,503225292,,True,True,ok,partial
503225292,38207,大洲市,12,,,,,1,,503225291;503225394,True,True,inconsistent_with_total,partial
503225301,38207,大洲市,4,,,,,2,503225304,,True,True,ok,partial
503225401,38207,大洲市,15,5.0,3.0,0.3333333333333333,0.2,0,,,False,False,ok,complete
503225402,38207,大洲市,72,27.0,18.0,0.375,0.25,0,,,False,False,ok,complete
503225404,38207,大洲市,47,19.0,11.0,0.40425531914893614,0.23404255319148937,0,,,False,False,ok,complete
503225501,38207,大洲市,3,,,,,2,503225503,,True,True,ok,partial
503225503,38207,大洲市,15,7.0,4.0,0.4666666666666667,0.26666666666666666,1,,503225501,False,False,ok,complete
503225601,38207,大洲市,17,4.0,2.0,0.23529411764705882,0.11764705882352941,0,,,False,False,ok,complete
503225603,38207,大洲市,28,11.0,4.0,0.39285714285714285,0.14285714285714285,0,,,False,False,ok,complete
503225701,38207,大洲市,16,6.0,5.0,0.375,0.3125,1,,503225703,False,False,ok,complete
503226001,38207,大洲市,2,,,,,2,503226002,,True,True,ok,partial
503226002,38207,大洲市,13,11.0,5.0,0.8461538461538461,0.38461538461538464,1,,503226001;503226003;503226011;503226012;503226021,False,False,ok,complete
503226003,38207,大洲市,2,,,,,2,503226002,,True,True,ok,partial
503226011,38207,大洲市,4,,,,,2,503226002,,True,True,ok,partial
503226012,38207,大洲市,3,,,,,2,503226002,,True,True,ok,partial
503226021,38207,大洲市,3,,,,,2,503226002,,True,True,ok,partial
503226031,38207,大洲市,4,,,,,2,503226033,,True,True,ok,partial
503226033,38207,大洲市,10,,,,,1,,503226031;503226034,True,True,inconsistent_with_total,partial
503226034,38207,大洲市,2,,,,,2,503226033,,True,True,ok,partial
503226042,38207,大洲市,2,,,,,2,503226132,,True,True,ok,partial
503226101,38207,大洲市,18,13.0,10.0,0.7222222222222222,0.5555555555555556,0,,,False,False,ok,complete
503226113,38207,大洲市,12,11.0,10.0,0.9166666666666666,0.8333333333333334,1,,503226114,False,False,ok,complete
503226114,38207,大洲市,4,,,,,2,503226113,,True,True,ok,partial
503226123,38207,大洲市,7,,,,,2,503226214,,True,True,ok,partial
503226131,38207,大洲市,4,,,,,2,503226132,,True,True,ok,partial
503226132,38207,大洲市,20,,,,,1,,503226042;503226131;503226134,True,True,inconsistent_with_total,partial
503226134,38207,大洲市,2,,,,,2,503226132,,True,True,ok,partial
503226141,38207,大洲市,7,,,,,2,503226143,,True,True,ok,partial
503226143,38207,大洲市,3,,,,,1,,503226141,True,True,inconsistent_with_total,partial
503226202,38207,大洲市,2,,,,,2,503226203,,True,True,ok,partial
503226203,38207,大洲市,11,,,,,1,,503226202;503226204;503226302,True,True,inconsistent_with_total,partial
503226204,38207,大洲市,7,,,,,2,503226203,,True,True,ok,partial
503226213,38207,大洲市,5,,,,,2,503226214,,True,True,ok,partial
503226214,38207,大洲市,11,,,,,1,,503226123;503226213,True,True,inconsistent_with_total,partial
503226222,38207,大洲市,3,,,,,2,503226231,,True,True,ok,partial
503226224,38207,大洲市,4,,,,,2,503226231,,True,True,ok,partial
503226231,38207,大洲市,1,,,,,1,,503226222;503226224,True,True,inconsistent_with_total,partial
503226241,38207,大洲市,4,,,,,2,503226244,,True,True,ok,partial
503226242,38207,大洲市,2,,,,,2,503226244,,True,True,ok,partial
503226243,38207,大洲市,2,,,,,2,503226244,,True,True,ok,partial
503226244,38207,大洲市,7,,,,,1,,503226241;503226242;503226243,True,True,inconsistent_with_total,partial
503226251,38207,大洲市,3,,,,,2,503226352,,True,True,ok,partial
503226252,38207,大洲市,6,,,,,2,503226352,,True,True,ok,partial
503226254,38207,大洲市,1,,,,,2,503226352,,True,True,ok,partial
503226311,38207,大洲市,14,,,,,1,,503226312;503226313;503226314;503226401,True,True,inconsistent_with_total,partial
503226312,38207,大洲市,1,,,,,2,503226311,,True,True,ok,partial
503226313,38207,大洲市,3,,,,,2,503226311,,True,True,ok,partial
503226314,38207,大洲市,1,,,,,2,503226311,,True,True,ok,partial
503226341,38207,大洲市,3,,,,,1,,503226342,True,True,inconsistent_with_total,partial
503226342,38207,大洲市,9,,,,,2,503226341,,True,True,ok,partial
503226351,38207,大洲市,1,,,,,2,503226352,,True,True,ok,partial
503226352,38207,大洲市,7,,,,,1,,503226251;503226252;503226254;503226351,True,True,inconsistent_with_total,partial
503233064,38207,大洲市,58,32.0,18.0,0.5517241379310345,0.3103448275862069,0,,,False,False,ok,complete
503233071,38207,大洲市,6,,,,,2,503233072,,True,True,ok,partial
503233072,38207,大洲市,5,,,,,1,,503233071,True,True,inconsistent_with_total,partial
503233074,38207,大洲市,26,18.0,8.0,0.6923076923076923,0.3076923076923077,0,,,False,False,ok,complete
503233083,38207,大洲市,9,4.0,3.0,0.4444444444444444,0.3333333333333333,1,,503233182,False,False,ok,complete
503233091,38207,大洲市,78,39.0,22.0,0.5,0.28205128205128205,0,,,False,False,ok,complete
503233092,38207,大洲市,19,13.0,8.0,0.6842105263157895,0.42105263157894735,0,,,False,False,ok,complete
503233093,38207,大洲市,79,33.0,11.0,0.4177215189873418,0.13924050632911392,0,,,False,False,ok,complete
503233094,38207,大洲市,46,20.0,9.0,0.43478260869565216,0.1956521739130435,0,,,False,False,ok,complete
503233182,38207,大洲市,2,,,,,2,503233083,,True,True,ok,partial
503233191,38207,大洲市,6,,,,,2,503233193,,True,True,ok,partial
503233192,38207,大洲市,178,62.0,42.0,0.34831460674157305,0.23595505617977527,0,,,False,False,ok,complete
503233193,38207,大洲市,164,68.0,29.0,0.4146341463414634,0.17682926829268292,1,,503233191,False,False,ok,complete
503233194,38207,大洲市,130,71.0,41.0,0.5461538461538461,0.3153846153846154,0,,,False,False,ok,complete
503233282,38207,大洲市,261,99.0,42.0,0.3793103448275862,0.16091954022988506,0,,,False,False,ok,complete
503233283,38207,大洲市,76,38.0,21.0,0.5,0.27631578947368424,1,,503233274,False,False,ok,complete
503233284,38207,大洲市,92,51.0,33.0,0.5543478260869565,0.358695652173913,0,,,False,False,ok,complete
503233291,38207,大洲市,15,15.0,7.0,1.0,0.4666666666666667,1,,503233292;503233293,False,False,ok,complete
503233292,38207,大洲市,10,,,,,2,503233291,,True,True,ok,partial
503233293,38207,大洲市,5,,,,,2,503233291,,True,True,ok,partial
503233381,38207,大洲市,325,150.0,86.0,0.46153846153846156,0.26461538461538464,0,,,False,False,ok,complete
503233383,38207,大洲市,484,234.0,146.0,0.4834710743801653,0.30165289256198347,0,,,False,False,ok,complete
503233384,38207,大洲市,548,262.0,162.0,0.4781021897810219,0.2956204379562044,1,,503233482,False,False,ok,complete
503233391,38207,大洲市,11,,,,,2,503233392,,True,True,ok,partial
503233392,38207,大洲市,13,8.0,5.0,0.6153846153846154,0.38461538461538464,1,,503233391,False,False,ok,complete
503233393,38207,大洲市,107,46.0,21.0,0.42990654205607476,0.19626168224299065,0,,,False,False,ok,complete
503233394,38207,大洲市,32,13.0,11.0,0.40625,0.34375,0,,,False,False,ok,complete
503233494,38207,大洲市,3,,,,,2,503233491,,True,True,ok,partial
503234002,38207,大洲市,16,7.0,3.0,0.4375,0.1875,0,,,False,False,ok,complete
503234003,38207,大洲市,21,11.0,4.0,0.5238095238095238,0.19047619047619047,0,,,False,False,ok,complete
503234004,38207,大洲市,33,15.0,9.0,0.45454545454545453,0.2727272727272727,0,,,False,False,ok,complete
503234011,38207,大洲市,61,26.0,12.0,0.4262295081967213,0.19672131147540983,0,,,False,False,ok,complete
503234012,38207,大洲市,55,25.0,16.0,0.45454545454545453,0.2909090909090909,0,,,False,False,ok,complete
503234013,38207,大洲市,15,12.0,6.0,0.8,0.4,0,,,False,False,ok,complete
503234021,38207,大洲市,10,,,,,1,,503234031;503234032,True,True,inconsistent_with_total,partial
503234031,38207,大洲市,4,,,,,2,503234021,,True,True,ok,partial
503234032,38207,大洲市,3,,,,,2,503234021,,True,True,ok,partial
503234043,38207,大洲市,9,7.0,2.0,0.7777777777777778,0.2222222222222222,1,,503234044,False,False,ok,complete
503234044,38207,大洲市,1,,,,,2,503234043,,True,True,ok,partial
503234054,38207,大洲市,3,,,,,2,503234161,,True,True,ok,partial
503234071,38207,大洲市,6,,,,,2,503234074,,True,True,ok,partial
503234072,38207,大洲市,12,6.0,3.0,0.5,0.25,0,,,False,False,ok,complete
503234073,38207,大洲市,9,4.0,4.0,0.4444444444444444,0.4444444444444444,0,,,False,False,ok,complete
503234074,38207,大洲市,8,8.0,6.0,1.0,0.75,1,,503234071,False,False,ok,complete
503234081,38207,大洲市,5,,,,,2,503234082,,True,True,ok,partial
503234082,38207,大洲市,26,16.0,12.0,0.6153846153846154,0.46153846153846156,1,,503234081,False,False,ok,complete
503234091,38207,大洲市,26,14.0,8.0,0.5384615384615384,0.3076923076923077,0,,,False,False,ok,complete
503234092,38207,大洲市,14,8.0,3.0,0.5714285714285714,0.21428571428571427,0,,,False,False,ok,complete
503234101,38207,大洲市,96,39.0,12.0,0.40625,0.125,1,,503234102,False,False,ok,complete
503234102,38207,大洲市,7,,,,,2,503234101,,True,True,ok,partial
503234103,38207,大洲市,16,13.0,9.0,0.8125,0.5625,1,,503234104,False,False,ok,complete
503234104,38207,大洲市,4,,,,,2,503234103,,True,True,ok,partial
503234111,38207,大洲市,4,,,,,2,503234112,,True,True,ok,partial
503234112,38207,大洲市,3,3.0,2.0,1.0,0.6666666666666666,1,,503234111;503234113,False,False,ok,complete
503234113,38207,大洲市,2,,,,,2,503234112,,True,True,ok,partial
503234122,38207,大洲市,6,,,,,2,503234124,,True,True,ok,partial
503234124,38207,大洲市,5,,,,,1,,503234122,True,True,inconsistent_with_total,partial
503234131,38207,大洲市,15,10.0,5.0,0.6666666666666666,0.3333333333333333,1,,503234133,False,False,ok,complete
503234133,38207,大洲市,3,,,,,2,503234131,,True,True,ok,partial
503234161,38207,大洲市,16,12.0,8.0,0.75,0.5,1,,503234054,False,False,ok,complete
503234164,38207,大洲市,10,10.0,5.0,1.0,0.5,1,,503234171;503234173,False,False,ok,complete
503234171,38207,大洲市,2,,,,,2,503234164,,True,True,ok,partial
503234173,38207,大洲市,1,,,,,2,503234164,,True,True,ok,partial
503234221,38207,大洲市,16,16.0,11.0,1.0,0.6875,1,,503234222;503234223;503234233,False,False,ok,complete
503234222,38207,大洲市,4,,,,,2,503234221,,True,True,ok,partial
503234223,38207,大洲市,5,,,,,2,503234221,,True,True,ok,partial
503234233,38207,大洲市,1,,,,,2,503234221,,True,True,ok,partial
503234261,38207,大洲市,7,,,,,2,503234262,,True,True,ok,partial
503234262,38207,大洲市,14,12.0,4.0,0.8571428571428571,0.2857142857142857,1,,503234261,False,False,ok,complete
503234264,38207,大洲市,11,5.0,2.0,0.45454545454545453,0.18181818181818182,0,,,False,False,ok,complete
503234271,38207,大洲市,12,5.0,2.0,0.4166666666666667,0.16666666666666666,0,,,False,False,ok,complete
503234273,38207,大洲市,18,,,,,1,,503234372;503234484,True,True,inconsistent_with_total,partial
503234302,38207,大洲市,2,,,,,2,503234401,,True,True,ok,partial
503234304,38207,大洲市,1,,,,,2,503234401,,True,True,ok,partial
503234311,38207,大洲市,1,,,,,2,503234401,,True,True,ok,partial
503234331,38207,大洲市,10,7.0,6.0,0.7,0.6,0,,,False,False,ok,complete
503234361,38207,大洲市,3,,,,,1,,503234362;503234363,True,True,inconsistent_with_total,partial
503234362,38207,大洲市,8,,,,,2,503234361,,True,True,ok,partial
503234363,38207,大洲市,6,,,,,2,503234361,,True,True,ok,partial
503234372,38207,大洲市,9,,,,,2,503234273,,True,True,ok,partial
503234401,38207,大洲市,29,23.0,13.0,0.7931034482758621,0.4482758620689655,1,,503234302;503234304;503234311,False,False,ok,complete
503234402,38207,大洲市,3,,,,,2,503234403,,True,True,ok,partial
503234403,38207,大洲市,9,,,,,1,,503234402;503234404;503234502,True,True,inconsistent_with_total,partial
503234404,38207,大洲市,7,,,,,2,503234403,,True,True,ok,partial
503234411,38207,大洲市,8,,,,,2,503234413,,True,True,ok,partial
503234413,38207,大洲市,4,,,,,1,,503234411;503234414,True,True,inconsistent_with_total,partial
503234414,38207,大洲市,4,,,,,2,503234413,,True,True,ok,partial
503234433,38207,大洲市,8,,,,,2,503234521,,True,True,ok,partial
503234511,38207,大洲市,37,12.0,6.0,0.32432432432432434,0.16216216216216217,0,,,False,False,ok,complete
503234514,38207,大洲市,86,38.0,27.0,0.4418604651162791,0.313953488372093,0,,,False,False,ok,complete
503234521,38207,大洲市,34,21.0,11.0,0.6176470588235294,0.3235294117647059,1,,503234433,False,False,ok,complete
503234523,38207,大洲市,5,,,,,2,503234524,,True,True,ok,partial
503234524,38207,大洲市,6,,,,,1,,503234523,True,True,inconsistent_with_total,partial
503234541,38210,伊予市,1,,,,,2,503234544,,True,True,ok,partial
503234542,38210,伊予市,5,,,,,2,503234544,,True,True,ok,partial
503234544,38210,伊予市,10,,,,,1,,503234541;503234542;503234641;503234644,True,True,inconsistent_with_total,partial
503234621,38207,大洲市,53,25.0,17.0,0.4716981132075472,0.32075471698113206,0,,,False,False,ok,complete
503234631,38210,伊予市,36,21.0,10.0,0.5833333333333334,0.2777777777777778,0,,,False,False,ok,complete
503234633,38210,伊予市,3,,,,,2,503234634,,True,True,ok,partial
503234634,38210,伊予市,14,11.0,7.0,0.7857142857142857,0.5,1,,503234633,False,False,ok,complete
503234641,38210,伊予市,7,,,,,2,503234544,,True,True,ok,partial
503234644,38210,伊予市,9,,,,,2,503234544,,True,True,ok,partial
503234653,38210,伊予市,11,8.0,4.0,0.7272727272727273,0.36363636363636365,0,,,False,False,ok,complete
503234664,38210,伊予市,5,,,,,2,503234762,,True,True,ok,partial
503234672,38210,伊予市,12,,,,,2,503234673,,True,True,ok,partial
503234673,38210,伊予市,4,,,,,1,,503234672;503234674,True,True,inconsistent_with_total,partial
503234674,38210,伊予市,8,,,,,2,503234673,,True,True,ok,partial
503234741,38210,伊予市,2,,,,,2,503234742,,True,True,ok,partial
503234752,38210,伊予市,32,18.0,8.0,0.5625,0.25,1,,503234753,False,False,ok,complete
503234753,38210,伊予市,3,,,,,2,503234752,,True,True,ok,partial
503234754,38210,伊予市,62,32.0,15.0,0.5161290322580645,0.24193548387096775,0,,,False,False,ok,complete
503234761,38210,伊予市,7,,,,,2,503234763,,True,True,ok,partial
503234762,38210,伊予市,23,15.0,6.0,0.6521739130434783,0.2608695652173913,1,,503234664,False,False,ok,complete
503234763,38210,伊予市,14,12.0,5.0,0.8571428571428571,0.35714285714285715,1,,503234761,False,False,ok,complete
503234764,38210,伊予市,13,7.0,7.0,0.5384615384615384,0.5384615384615384,0,,,False,False,ok,complete
503234771,38210,伊予市,12,9.0,8.0,0.75,0.6666666666666666,1,,503234772,False,False,ok,complete
503234772,38210,伊予市,2,,,,,2,503234771,,True,True,ok,partial
503234774,38210,伊予市,15,3.0,2.0,0.2,0.13333333333333333,0,,,False,False,ok,complete
503234783,38210,伊予市,11,,,,,2,503234784,,True,True,ok,partial
503234784,38210,伊予市,6,,,,,1,,503234783,True,True,inconsistent_with_total,partial
503234872,38210,伊予市,12,5.0,2.0,0.4166666666666667,0.16666666666666666,0,,,False,False,ok,complete
503234873,38210,伊予市,47,25.0,14.0,0.5319148936170213,0.2978723404255319,1,,503234972,False,False,ok,complete
503234881,38210,伊予市,7,,,,,2,503234882,,True,True,ok,partial
503234882,38210,伊予市,3,,,,,1,,503234881,True,True,inconsistent_with_total,partial
503234981,38210,伊予市,33,21.0,10.0,0.6363636363636364,0.30303030303030304,1,,503243882;503243891,False,False,ok,complete
503234984,38210,伊予市,10,8.0,3.0,0.8,0.3,0,,,False,False,ok,complete
503235354,38210,伊予市,7,,,,,2,503235352,,True,True,ok,partial
503235361,38210,伊予市,1,,,,,2,503235363,,True,True,ok,partial
503235363,38210,伊予市,19,12.0,6.0,0.631578947368421,0.3157894736842105,1,,503235361,False,False,ok,complete
503235431,38210,伊予市,13,9.0,5.0,0.6923076923076923,0.38461538461538464,0,,,False,False,ok,complete
503235432,38210,伊予市,9,4.0,4.0,0.4444444444444444,0.4444444444444444,0,,,False,False,ok,complete
503235441,38210,伊予市,10,5.0,3.0,0.5,0.3,0,,,False,False,ok,complete
503235442,38210,伊予市,24,15.0,9.0,0.625,0.375,0,,,False,False,ok,complete
503235451,38210,伊予市,11,7.0,3.0,0.6363636363636364,0.2727272727272727,0,,,False,False,ok,complete
503235452,38210,伊予市,29,17.0,10.0,0.5862068965517241,0.3448275862068966,0,,,False,False,ok,complete
503235453,38210,伊予市,13,5.0,2.0,0.38461538461538464,0.15384615384615385,0,,,False,False,ok,complete
503235454,38210,伊予市,11,8.0,4.0,0.7272727272727273,0.36363636363636365,0,,,False,False,ok,complete
503235462,38210,伊予市,4,,,,,2,503235464,,True,True,ok,partial
503235464,38210,伊予市,20,13.0,5.0,0.65,0.25,1,,503235462,False,False,ok,complete
503235473,38210,伊予市,17,12.0,7.0,0.7058823529411765,0.4117647058823529,0,,,False,False,ok,complete
503235531,38210,伊予市,10,8.0,4.0,0.8,0.4,0,,,False,False,ok,complete
503235533,38210,伊予市,31,16.0,6.0,0.5161290322580645,0.1935483870967742,0,,,False,False,ok,complete
503235534,38210,伊予市,27,12.0,5.0,0.4444444444444444,0.18518518518518517,0,,,False,False,ok,complete
503235552,38210,伊予市,18,11.0,7.0,0.6111111111111112,0.3888888888888889,1,,503235554,False,False,ok,complete
503235554,38210,伊予市,6,,,,,2,503235552,,True,True,ok,partial
503235563,38210,伊予市,6,,,,,2,503235564,,True,True,ok,partial
503235564,38210,伊予市,15,,,,,1,,503235563,True,True,inconsistent_with_total,partial
503235573,38210,伊予市,21,8.0,5.0,0.38095238095238093,0.23809523809523808,0,,,False,False,ok,complete
503235624,38210,伊予市,15,9.0,4.0,0.6,0.26666666666666666,1,,503235622,False,False,ok,complete
503235631,38210,伊予市,36,29.0,17.0,0.8055555555555556,0.4722222222222222,1,,503235632,False,False,ok,complete
503235632,38210,伊予市,8,,,,,2,503235631,,True,True,ok,partial
503235633,38210,伊予市,18,12.0,7.0,0.6666666666666666,0.3888888888888889,1,,503235722,False,False,ok,complete
503235643,38210,伊予市,4,,,,,2,503235644,,True,True,ok,partial
503235644,38210,伊予市,21,17.0,6.0,0.8095238095238095,0.2857142857142857,1,,503235643;503235833,False,False,ok,complete
503235652,38210,伊予市,6,,,,,2,503235653,,True,True,ok,partial
503235653,38210,伊予市,11,,,,,1,,503235652,True,True,inconsistent_with_total,partial
503235661,38210,伊予市,63,58.0,46.0,0.9206349206349206,0.7301587301587301,0,,,False,False,ok,complete
503235662,38210,伊予市,63,33.0,17.0,0.5238095238095238,0.2698412698412698,0,,,False,False,ok,complete
503235663,38210,伊予市,5,,,,,2,503235664,,True,True,ok,partial
503235664,38210,伊予市,297,168.0,100.0,0.5656565656565656,0.3367003367003367,1,,503235663,False,False,ok,complete
503235671,38210,伊予市,5,,,,,2,503235673,,True,True,ok,partial
503235672,38210,伊予市,9,,,,,2,503235674,,True,True,ok,partial
503235673,38210,伊予市,41,25.0,9.0,0.6097560975609756,0.21951219512195122,1,,503235671,False,False,ok,complete
503235674,38210,伊予市,14,11.0,8.0,0.7857142857142857,0.5714285714285714,1,,503235672,False,False,ok,complete
503235681,38210,伊予市,5,,,,,2,503235683,,True,True,ok,partial
503235683,38210,伊予市,34,26.0,16.0,0.7647058823529411,0.47058823529411764,1,,503235681;503235684,False,False,ok,complete
503235684,38210,伊予市,3,,,,,2,503235683,,True,True,ok,partial
503235691,38210,伊予市,9,,,,,2,503235693,,True,True,ok,partial
503235693,38210,伊予市,6,,,,,1,,503235691,True,True,inconsistent_with_total,partial
503235722,38210,伊予市,5,,,,,2,503235633,,True,True,ok,partial
503235742,38210,伊予市,8,,,,,2,503235751,,True,True,ok,partial
503235751,38210,伊予市,12,12.0,7.0,1.0,0.5833333333333334,1,,503235742,False,False,ok,complete
503235752,38210,伊予市,11,9.0,6.0,0.8181818181818182,0.5454545454545454,1,,503235754,False,False,ok,complete
503235754,38210,伊予市,5,,,,,2,503235752,,True,True,ok,partial
503235761,38210,伊予市,11,10.0,7.0,0.9090909090909091,0.6363636363636364,0,,,False,False,ok,complete
503235762,38210,伊予市,220,111.0,55.0,0.5045454545454545,0.25,0,,,False,False,ok,complete
503235763,38210,伊予市,40,22.0,12.0,0.55,0.3,1,,503235852,False,False,ok,complete
503235764,38210,伊予市,108,54.0,26.0,0.5,0.24074074074074073,0,,,False,False,ok,complete
503235771,38210,伊予市,35,13.0,6.0,0.37142857142857144,0.17142857142857143,0,,,False,False,ok,complete
503235772,38210,伊予市,10,5.0,2.0,0.5,0.2,1,,503235774,False,False,ok,complete
503235773,38210,伊予市,15,8.0,4.0,0.5333333333333333,0.26666666666666666,0,,,False,False,ok,complete
503235774,38210,伊予市,1,,,,,2,503235772,,True,True,ok,partial
503235782,38210,伊予市,15,14.0,8.0,0.9333333333333333,0.5333333333333333,1,,503235784,False,False,ok,complete
503235784,38210,伊予市,9,,,,,2,503235782,,True,True,ok,partial
503235793,38210,伊予市,7,,,,,2,503235794,,True,True,ok,partial
503235794,38210,伊予市,8,8.0,4.0,1.0,0.5,1,,503235793,False,False,ok,complete
503235833,38210,伊予市,1,,,,,2,503235644,,True,True,ok,partial
503235852,38210,伊予市,2,,,,,2,503235763,,True,True,ok,partial
503235861,38210,伊予市,8,,,,,2,503235862,,True,True,ok,partial
503235862,38210,伊予市,31,12.0,8.0,0.3870967741935484,0.25806451612903225,1,,503235861,False,False,ok,complete
503235871,38210,伊予市,16,8.0,4.0,0.5,0.25,1,,503235872;503235873,False,False,ok,complete
503235872,38210,伊予市,8,,,,,2,503235871,,True,True,ok,partial
503235873,38210,伊予市,3,,,,,2,503235871,,True,True,ok,partial
503235874,38210,伊予市,15,7.0,5.0,0.4666666666666667,0.3333333333333333,0,,,False,False,ok,complete
503235881,38210,伊予市,6,,,,,2,503235883,,True,True,ok,partial
503235882,38210,伊予市,13,7.0,3.0,0.5384615384615384,0.23076923076923078,0,,,False,False,ok,complete
503235883,38210,伊予市,7,,,,,1,,503235881,True,True,inconsistent_with_total,partial
503235884,38210,伊予市,11,3.0,3.0,0.2727272727272727,0.2727272727272727,0,,,False,False,ok,complete
503235891,38210,伊予市,30,18.0,10.0,0.6,0.3333333333333333,0,,,False,False,ok,complete
503235892,38210,伊予市,25,11.0,5.0,0.44,0.2,0,,,False,False,ok,complete
503235893,38210,伊予市,28,16.0,7.0,0.5714285714285714,0.25,0,,,False,False,ok,complete
503235894,38210,伊予市,49,22.0,9.0,0.4489795918367347,0.1836734693877551,0,,,False,False,ok,complete
503235963,38210,伊予市,5,,,,,2,503235971,,True,True,ok,partial
503235971,38210,伊予市,16,,,,,1,,503235963,True,True,inconsistent_with_total,partial
503235991,38210,伊予市,3,,,,,2,503235992,,True,True,ok,partial
503235992,38210,伊予市,21,18.0,10.0,0.8571428571428571,0.47619047619047616,1,,503235991,False,False,ok,complete
503236901,38210,伊予市,10,,,,,1,,503236902,True,True,inconsistent_with_total,partial
503236902,38210,伊予市,6,,,,,2,503236901,,True,True,ok,partial
503244091,38210,伊予市,15,15.0,8.0,1.0,0.5333333333333333,1,,503244093,False,False,ok,complete
503244093,38210,伊予市,5,,,,,2,503244091,,True,True,ok,partial
503244094,38210,伊予市,30,16.0,9.0,0.5333333333333333,0.3,0,,,False,False,ok,complete
503245011,38210,伊予市,1,,,,,2,503245102,,True,True,ok,partial
503245031,38210,伊予市,5,,,,,2,503245032,,True,True,ok,partial
503245032,38210,伊予市,31,20.0,15.0,0.6451612903225806,0.4838709677419355,1,,503245031,False,False,ok,complete
503245034,38210,伊予市,25,16.0,8.0,0.64,0.32,0,,,False,False,ok,complete
503245044,38210,伊予市,4,,,,,2,503245151,,True,True,ok,partial
503245051,38210,伊予市,19,10.0,4.0,0.5263157894736842,0.21052631578947367,0,,,False,False,ok,complete
503245052,38210,伊予市,35,17.0,11.0,0.4857142857142857,0.3142857142857143,0,,,False,False,ok,complete
503245053,38210,伊予市,65,37.0,19.0,0.5692307692307692,0.2923076923076923,0,,,False,False,ok,complete
503245054,38210,伊予市,88,22.0,6.0,0.25,0.06818181818181818,0,,,False,False,ok,complete
503245061,38210,伊予市,44,22.0,14.0,0.5,0.3181818181818182,0,,,False,False,ok,complete
503245063,38210,伊予市,52,25.0,13.0,0.4807692307692308,0.25,0,,,False,False,ok,complete
503245101,38210,伊予市,30,11.0,6.0,0.36666666666666664,0.2,0,,,False,False,ok,complete
503245103,38210,伊予市,57,25.0,14.0,0.43859649122807015,0.24561403508771928,0,,,False,False,ok,complete
503245104,38210,伊予市,125,63.0,29.0,0.504,0.232,0,,,False,False,ok,complete
503245114,38210,伊予市,54,31.0,21.0,0.5740740740740741,0.3888888888888889,0,,,False,False,ok,complete
503245123,38210,伊予市,31,21.0,12.0,0.6774193548387096,0.3870967741935484,0,,,False,False,ok,complete
503245124,38210,伊予市,68,27.0,17.0,0.39705882352941174,0.25,0,,,False,False,ok,complete
503245131,38210,伊予市,21,11.0,9.0,0.5238095238095238,0.42857142857142855,0,,,False,False,ok,complete
503245133,38210,伊予市,55,15.0,8.0,0.2727272727272727,0.14545454545454545,0,,,False,False,ok,complete
503245134,38210,伊予市,40,22.0,17.0,0.55,0.425,0,,,False,False,ok,complete
503245143,38210,伊予市,26,9.0,4.0,0.34615384615384615,0.15384615384615385,0,,,False,False,ok,complete
503245151,38210,伊予市,10,9.0,7.0,0.9,0.7,1,,503245044,False,False,ok,complete
503245153,38210,伊予市,20,,,,,1,,503245154,True,True,inconsistent_with_total,partial
503245154,38210,伊予市,4,,,,,2,503245153,,True,True,ok,partial
503245161,38210,伊予市,2,,,,,2,503245162,,True,True,ok,partial
503245162,38210,伊予市,23,5.0,1.0,0.21739130434782608,0.043478260869565216,1,,503245161,False,False,ok,complete
503245164,38210,伊予市,18,13.0,8.0,0.7222222222222222,0.4444444444444444,0,,,False,False,ok,complete
503245171,38210,伊予市,8,,,,,2,503245173,,True,True,ok,partial
503245173,38210,伊予市,40,30.0,14.0,0.75,0.35,1,,503245171,False,False,ok,complete
503245174,38210,伊予市,26,22.0,14.0,0.8461538461538461,0.5384615384615384,0,,,False,False,ok,complete
503245183,38210,伊予市,46,29.0,19.0,0.6304347826086957,0.41304347826086957,1,,503245184,False,False,ok,complete
503245184,38210,伊予市,5,,,,,2,503245183,,True,True,ok,partial
503245193,38210,伊予市,4,,,,,2,503245194,,True,True,ok,partial
503245194,38210,伊予市,20,20.0,10.0,1.0,0.5,1,,503245193,False,False,ok,complete
503245211,38210,伊予市,148,73.0,37.0,0.49324324324324326,0.25,0,,,False,False,ok,complete
503245212,38210,伊予市,229,123.0,88.0,0.537117903930131,0.38427947598253276,1,,503245221,False,False,ok,complete
503245213,38210,伊予市,292,124.0,79.0,0.4246575342465753,0.2705479452054795,0,,,False,False,ok,complete
503245214,38210,伊予市,13,7.0,1.0,0.5384615384615384,0.07692307692307693,0,,,False,False,ok,complete
503245221,38210,伊予市,8,,,,,2,503245212,,True,True,ok,partial
503245241,38210,伊予市,11,4.0,2.0,0.36363636363636365,0.18181818181818182,0,,,False,False,ok,complete
503245242,38210,伊予市,62,25.0,16.0,0.4032258064516129,0.25806451612903225,0,,,False,False,ok,complete
503245251,38210,伊予市,36,21.0,13.0,0.5833333333333334,0.3611111111111111,1,,503245252,False,False,ok,complete
503245252,38210,伊予市,10,,,,,2,503245251,,True,True,ok,partial
503245254,38210,伊予市,38,23.0,5.0,0.6052631578947368,0.13157894736842105,0,,,False,False,ok,complete
503245261,38210,伊予市,7,,,,,2,503245263,,True,True,ok,partial
503245262,38210,伊予市,21,6.0,5.0,0.2857142857142857,0.23809523809523808,0,,,False,False,ok,complete
503245263,38210,伊予市,31,22.0,14.0,0.7096774193548387,0.45161290322580644,1,,503245261,False,False,ok,complete
503245264,38210,伊予市,22,15.0,7.0,0.6818181818181818,0.3181818181818182,0,,,False,False,ok,complete
503245271,38210,伊予市,8,,,,,2,503245273,,True,True,ok,partial
503245273,38210,伊予市,10,10.0,7.0,1.0,0.7,1,,503245271,False,False,ok,complete
503245281,38210,伊予市,16,15.0,9.0,0.9375,0.5625,1,,503245284,False,False,ok,complete
503245284,38210,伊予市,4,,,,,2,503245281,,True,True,ok,partial
503245291,38210,伊予市,12,,,,,1,,503245292,True,True,inconsistent_with_total,partial
503245292,38210,伊予市,1,,,,,2,503245291,,True,True,ok,partial
503245293,38210,伊予市,14,12.0,6.0,0.8571428571428571,0.42857142857142855,1,,503245391,False,False,ok,complete
503245321,38210,伊予市,138,77.0,45.0,0.5579710144927537,0.32608695652173914,1,,503245323,False,False,ok,complete
503245323,38210,伊予市,3,,,,,2,503245321,,True,True,ok,partial
503245362,38210,伊予市,10,9.0,4.0,0.9,0.4,1,,503245364,False,False,ok,complete
503245364,38210,伊予市,7,,,,,2,503245362,,True,True,ok,partial
503245371,38210,伊予市,12,5.0,3.0,0.4166666666666667,0.25,1,,503245373,False,False,ok,complete
503245373,38210,伊予市,5,,,,,2,503245371,,True,True,ok,partial
503245381,38210,伊予市,8,,,,,2,503245383,,True,True,ok,partial
503245382,38210,伊予市,4,,,,,2,503245383,,True,True,ok,partial
503245383,38210,伊予市,20,,,,,1,,503245381;503245382;503245481,True,True,inconsistent_with_total,partial
503245391,38210,伊予市,12,,,,,2,503245293,,True,True,ok,partial
503245433,38210,伊予市,43,15.0,8.0,0.3488372093023256,0.18604651162790697,0,,,False,False,ok,complete
503245462,38210,伊予市,27,8.0,1.0,0.2962962962962963,0.037037037037037035,0,,,False,False,ok,complete
503245464,38210,伊予市,34,15.0,6.0,0.4411764705882353,0.17647058823529413,0,,,False,False,ok,complete
503245481,38210,伊予市,2,,,,,2,503245383,,True,True,ok,partial
503245531,38210,伊予市,9,,,,,2,503245532,,True,True,ok,partial
503245532,38210,伊予市,9,,,,,1,,503245531;503245534,True,True,inconsistent_with_total,partial
503245534,38210,伊予市,7,,,,,2,503245532,,True,True,ok,partial
503245541,38210,伊予市,11,6.0,2.0,0.5454545454545454,0.18181818181818182,0,,,False,False,ok,complete
503245544,38210,伊予市,16,9.0,6.0,0.5625,0.375,1,,503245553,False,False,ok,complete
503245553,38210,伊予市,2,,,,,2,503245544,,True,True,ok,partial
503245562,38210,伊予市,214,82.0,38.0,0.38317757009345793,0.17757009345794392,0,,,False,False,ok,complete
503245563,38210,伊予市,32,7.0,3.0,0.21875,0.09375,0,,,False,False,ok,complete
503245564,38210,伊予市,178,40.0,21.0,0.2247191011235955,0.11797752808988764,0,,,False,False,ok,complete
503245571,38210,伊予市,38,19.0,4.0,0.5,0.10526315789473684,0,,,False,False,ok,complete
503245572,38210,伊予市,14,13.0,11.0,0.9285714285714286,0.7857142857142857,0,,,False,False,ok,complete
503245573,38210,伊予市,17,5.0,5.0,0.29411764705882354,0.29411764705882354,0,,,False,False,ok,complete
503245584,38210,伊予市,10,10.0,8.0,1.0,0.8,0,,,False,False,ok,complete
503245641,38210,伊予市,8,,,,,2,503245644,,True,True,ok,partial
503245642,38210,伊予市,87,48.0,25.0,0.5517241379310345,0.28735632183908044,0,,,False,False,ok,complete
503245644,38210,伊予市,64,36.0,19.0,0.5625,0.296875,1,,503245641,False,False,ok,complete
503245662,38210,伊予市,208,63.0,36.0,0.30288461538461536,0.17307692307692307,0,,,False,False,ok,complete
503245663,38210,伊予市,5,,,,,2,503245664,,True,True,ok,partial
503245664,38210,伊予市,102,32.0,14.0,0.3137254901960784,0.13725490196078433,1,,503245663,False,False,ok,complete
503245671,38210,伊予市,10,7.0,5.0,0.7,0.5,0,,,False,False,ok,complete
503245672,38210,伊予市,63,27.0,13.0,0.42857142857142855,0.20634920634920634,1,,503245674,False,False,ok,complete
503245674,38210,伊予市,6,,,,,2,503245672,,True,True,ok,partial
503245682,38210,伊予市,12,10.0,6.0,0.8333333333333334,0.5,0,,,False,False,ok,complete
503245683,38210,伊予市,32,14.0,10.0,0.4375,0.3125,0,,,False,False,ok,complete
503245684,38210,伊予市,73,22.0,10.0,0.3013698630136986,0.136986301369863,0,,,False,False,ok,complete
503245691,38210,伊予市,13,7.0,6.0,0.5384615384615384,0.46153846153846156,0,,,False,False,ok,complete
503245692,38210,伊予市,30,9.0,6.0,0.3,0.2,1,,503245694,False,False,ok,complete
503245693,38210,伊予市,56,21.0,16.0,0.375,0.2857142857142857,0,,,False,False,ok,complete
503245694,38210,伊予市,1,,,,,2,503245692,,True,True,ok,partial
503245742,38210,伊予市,31,11.0,4.0,0.3548387096774194,0.12903225806451613,0,,,False,False,ok,complete
503245751,38210,伊予市,41,8.0,6.0,0.1951219512195122,0.14634146341463414,0,,,False,False,ok,complete
503245752,38210,伊予市,51,25.0,6.0,0.49019607843137253,0.11764705882352941,0,,,False,False,ok,complete
503245753,38210,伊予市,142,30.0,13.0,0.2112676056338028,0.09154929577464789,0,,,False,False,ok,complete
503245754,38210,伊予市,205,58.0,23.0,0.28292682926829266,0.11219512195121951,0,,,False,False,ok,complete
503245761,38210,伊予市,185,73.0,39.0,0.3945945945945946,0.21081081081081082,1,,503245763,False,False,ok,complete
503245762,38210,伊予市,29,13.0,6.0,0.4482758620689655,0.20689655172413793,0,,,False,False,ok,complete
503245763,38210,伊予市,5,,,,,2,503245761,,True,True,ok,partial
503245782,38210,伊予市,7,,,,,2,503245784,,True,True,ok,partial
503245784,38210,伊予市,2,,,,,1,,503245782;503245882,True,True,inconsistent_with_total,partial
503245841,38210,伊予市,53,23.0,7.0,0.4339622641509434,0.1320754716981132,0,,,False,False,ok,complete
503245842,38210,伊予市,6,,,,,2,503245844,,True,True,ok,partial
503245843,38210,伊予市,49,21.0,11.0,0.42857142857142855,0.22448979591836735,0,,,False,False,ok,complete
503245844,38210,伊予市,231,107.0,52.0,0.46320346320346323,0.22510822510822512,1,,503245842,False,False,ok,complete
503245851,38210,伊予市,100,37.0,20.0,0.37,0.2,0,,,False,False,ok,complete
503245852,38210,伊予市,233,88.0,47.0,0.3776824034334764,0.2017167381974249,0,,,False,False,ok,complete
503245853,38210,伊予市,252,159.0,106.0,0.6309523809523809,0.42063492063492064,0,,,False,False,ok,complete
503245854,38210,伊予市,205,64.0,36.0,0.3121951219512195,0.17560975609756097,0,,,False,False,ok,complete
503245863,38210,伊予市,94,35.0,19.0,0.3723404255319149,0.20212765957446807,0,,,False,False,ok,complete
503245864,38210,伊予市,12,8.0,2.0,0.6666666666666666,0.16666666666666666,0,,,False,False,ok,complete
503245874,38210,伊予市,6,,,,,2,503245971,,True,True,ok,partial
503245882,38210,伊予市,1,,,,,2,503245784,,True,True,ok,partial
503245951,38210,伊予市,218,99.0,59.0,0.4541284403669725,0.2706422018348624,0,,,False,False,ok,complete
503245952,38210,伊予市,221,79.0,39.0,0.3574660633484163,0.17647058823529413,0,,,False,False,ok,complete
503245953,38210,伊予市,137,45.0,15.0,0.3284671532846715,0.10948905109489052,0,,,False,False,ok,complete
503245954,38210,伊予市,726,199.0,105.0,0.2741046831955923,0.1446280991735537,0,,,False,False,ok,complete
503245961,38210,伊予市,159,67.0,34.0,0.42138364779874216,0.2138364779874214,0,,,False,False,ok,complete
503245962,38210,伊予市,125,45.0,26.0,0.36,0.208,0,,,False,False,ok,complete
503245963,38210,伊予市,520,166.0,74.0,0.3192307692307692,0.1423076923076923,0,,,False,False,ok,complete
503245964,38210,伊予市,237,92.0,32.0,0.3881856540084388,0.1350210970464135,0,,,False,False,ok,complete
503245971,38210,伊予市,14,12.0,8.0,0.8571428571428571,0.5714285714285714,1,,503245874,False,False,ok,complete
503245973,38210,伊予市,230,88.0,36.0,0.3826086956521739,0.1565217391304348,0,,,False,False,ok,complete
503246002,38210,伊予市,22,22.0,13.0,1.0,0.5909090909090909,1,,503246004,False,False,ok,complete
503246004,38210,伊予市,3,,,,,2,503246002,,True,True,ok,partial
503246462,38201,松山市,2,,,,,2,503246463,,True,True,ok,partial
503246463,38201,松山市,5,,,,,1,,503246462;503246464,True,True,inconsistent_with_total,partial
503246464,38201,松山市,5,,,,,2,503246463,,True,True,ok,partial
503246484,38201,松山市,2,,,,,2,503246674,,True,True,ok,partial
503246502,38210,伊予市,1,,,,,2,503246513,,True,True,ok,partial
503246504,38210,伊予市,8,,,,,2,503246513,,True,True,ok,partial
503246553,38201,松山市,9,8.0,6.0,0.8888888888888888,0.6666666666666666,1,,503246554,False,False,ok,complete
503246601,38210,伊予市,31,19.0,10.0,0.6129032258064516,0.3225806451612903,0,,,False,False,ok,complete
503246662,38201,松山市,14,9.0,5.0,0.6428571428571429,0.35714285714285715,0,,,False,False,ok,complete
503246663,38201,松山市,13,12.0,11.0,0.9230769230769231,0.8461538461538461,0,,,False,False,ok,complete
503246664,38201,松山市,45,22.0,14.0,0.4888888888888889,0.3111111111111111,0,,,False,False,ok,complete
503246671,38201,松山市,17,10.0,5.0,0.5882352941176471,0.29411764705882354,1,,503246673,False,False,ok,complete
503246673,38201,松山市,2,,,,,2,503246671,,True,True,ok,partial
503246674,38201,松山市,23,22.0,17.0,0.9565217391304348,0.7391304347826086,1,,503246484;503246772;503246773,False,False,ok,complete
503246761,38201,松山市,4,,,,,2,503246762,,True,True,ok,partial
503246762,38201,松山市,12,7.0,2.0,0.5833333333333334,0.16666666666666666,1,,503246761;503246764,False,False,ok,complete
503246764,38201,松山市,8,,,,,2,503246762,,True,True,ok,partial
503246772,38201,松山市,5,,,,,2,503246674,,True,True,ok,partial
503246773,38201,松山市,1,,,,,2,503246674,,True,True,ok,partial
503246851,38201,松山市,7,,,,,2,503246743,,True,True,ok,partial
503246861,38201,松山市,43,22.0,11.0,0.5116279069767442,0.2558139534883721,1,,503246862,False,False,ok,complete
503246862,38201,松山市,9,,,,,2,503246861,,True,True,ok,partial
503246863,38201,松山市,21,12.0,12.0,0.5714285714285714,0.5714285714285714,0,,,False,False,ok,complete
503246864,38201,松山市,28,12.0,7.0,0.42857142857142855,0.25,0,,,False,False,ok,complete
503246871,38201,松山市,45,29.0,16.0,0.6444444444444445,0.35555555555555557,0,,,False,False,ok,complete
503246872,38201,松山市,46,19.0,13.0,0.41304347826086957,0.2826086956521739,0,,,False,False,ok,complete
503246873,38201,松山市,77,37.0,24.0,0.4805194805194805,0.3116883116883117,1,,503246971,False,False,ok,complete
503246874,38201,松山市,10,6.0,4.0,0.6,0.4,0,,,False,False,ok,complete
503246881,38201,松山市,23,13.0,8.0,0.5652173913043478,0.34782608695652173,0,,,False,False,ok,complete
503246883,38201,松山市,27,26.0,10.0,0.9629629629629629,0.37037037037037035,1,,503246884;503246993,False,False,ok,complete
503246884,38201,松山市,7,,,,,2,503246883,,True,True,ok,partial
503246954,38201,松山市,179,54.0,28.0,0.3016759776536313,0.1564245810055866,0,,,False,False,ok,complete
503246961,38201,松山市,112,51.0,32.0,0.45535714285714285,0.2857142857142857,0,,,False,False,ok,complete
503246962,38201,松山市,36,16.0,9.0,0.4444444444444444,0.25,1,,503246964,False,False,ok,complete
503246963,38201,松山市,161,31.0,18.0,0.19254658385093168,0.11180124223602485,0,,,False,False,ok,complete
503246964,38201,松山市,2,,,,,2,503246962,,True,True,ok,partial
503246971,38201,松山市,7,,,,,2,503246873,,True,True,ok,partial
503255061,38210,伊予市,1422,336.0,167.0,0.23628691983122363,0.11744022503516174,0,,,False,False,ok,complete
503255062,38210,伊予市,620,160.0,68.0,0.25806451612903225,0.10967741935483871,0,,,False,False,ok,complete
503255063,38210,伊予市,1341,433.0,260.0,0.32289336316181955,0.19388516032811334,0,,,False,False,ok,complete
503255064,38210,伊予市,682,147.0,83.0,0.2155425219941349,0.1217008797653959,0,,,False,False,ok,complete
503255071,38210,伊予市,191,60.0,26.0,0.31413612565445026,0.13612565445026178,0,,,False,False,ok,complete
503255072,38210,伊予市,138,45.0,26.0,0.32608695652173914,0.18840579710144928,0,,,False,False,ok,complete
503255073,38210,伊予市,117,44.0,24.0,0.37606837606837606,0.20512820512820512,0,,,False,False,ok,complete
503255074,38210,伊予市,152,36.0,15.0,0.23684210526315788,0.09868421052631579,0,,,False,False,ok,complete
503255083,38210,伊予市,101,45.0,25.0,0.44554455445544555,0.24752475247524752,1,,503255084,False,False,ok,complete
503255084,38210,伊予市,6,,,,,2,503255083,,True,True,ok,partial
503255161,38210,伊予市,1494,487.0,258.0,0.32597054886211513,0.17269076305220885,0,,,False,False,ok,complete
503255162,38210,伊予市,1185,296.0,141.0,0.249789029535865,0.1189873417721519,0,,,False,False,ok,complete
503255163,38210,伊予市,1027,296.0,134.0,0.2882181110029211,0.13047711781888996,0,,,False,False,ok,complete
503255164,38210,伊予市,1079,138.0,55.0,0.1278962001853568,0.05097312326227989,0,,,False,False,ok,complete
503255171,38210,伊予市,359,92.0,44.0,0.2562674094707521,0.12256267409470752,0,,,False,False,ok,complete
503255172,38210,伊予市,78,39.0,27.0,0.5,0.34615384615384615,0,,,False,False,ok,complete
503255173,38210,伊予市,90,29.0,11.0,0.32222222222222224,0.12222222222222222,0,,,False,False,ok,complete
503255174,38210,伊予市,173,61.0,31.0,0.35260115606936415,0.1791907514450867,0,,,False,False,ok,complete
503255181,38210,伊予市,63,27.0,14.0,0.42857142857142855,0.2222222222222222,0,,,False,False,ok,complete
503255182,38210,伊予市,103,31.0,12.0,0.30097087378640774,0.11650485436893204,0,,,False,False,ok,complete
503255183,38210,伊予市,236,84.0,31.0,0.3559322033898305,0.13135593220338984,0,,,False,False,ok,complete
503255184,38210,伊予市,173,55.0,21.0,0.3179190751445087,0.12138728323699421,0,,,False,False,ok,complete
503255191,38210,伊予市,74,24.0,14.0,0.32432432432432434,0.1891891891891892,1,,503255093,False,False,ok,complete
503255193,38210,伊予市,157,57.0,29.0,0.3630573248407643,0.18471337579617833,1,,503255194,False,False,ok,complete
503255194,38210,伊予市,3,,,,,2,503255193,,True,True,ok,partial
503255261,38210,伊予市,941,185.0,87.0,0.19659936238044634,0.0924548352816153,0,,,False,False,ok,complete
503255262,38210,伊予市,1159,380.0,142.0,0.32786885245901637,0.12251941328731665,0,,,False,False,ok,complete
503255263,38210,伊予市,1554,455.0,231.0,0.2927927927927928,0.14864864864864866,0,,,False,False,ok,complete
503255264,38210,伊予市,363,75.0,30.0,0.2066115702479339,0.08264462809917356,0,,,False,False,ok,complete
503255271,38210,伊予市,979,422.0,194.0,0.4310520939734423,0.19816138917262513,0,,,False,False,ok,complete
503255272,38401,松前町,270,103.0,63.0,0.3814814814814815,0.23333333333333334,0,,,False,False,ok,complete
503255273,38210,伊予市,236,38.0,20.0,0.16101694915254236,0.0847457627118644,0,,,False,False,ok,complete
503255274,38210,伊予市,15,3.0,0.0,0.2,0.0,0,,,False,False,ok,complete
503255281,38210,伊予市,305,107.0,63.0,0.35081967213114756,0.20655737704918034,0,,,False,False,ok,complete
503255282,38401,松前町,291,79.0,35.0,0.27147766323024053,0.12027491408934708,0,,,False,False,ok,complete
503255283,38210,伊予市,77,24.0,11.0,0.3116883116883117,0.14285714285714285,0,,,False,False,ok,complete
503255284,38210,伊予市,247,89.0,44.0,0.3603238866396761,0.17813765182186234,0,,,False,False,ok,complete
503255291,38210,伊予市,154,43.0,19.0,0.2792207792207792,0.12337662337662338,0,,,False,False,ok,complete
503255292,38210,伊予市,98,41.0,17.0,0.41836734693877553,0.17346938775510204,0,,,False,False,ok,complete
503255293,38210,伊予市,205,65.0,29.0,0.3170731707317073,0.14146341463414633,0,,,False,False,ok,complete
503255294,38210,伊予市,403,123.0,56.0,0.3052109181141439,0.13895781637717122,0,,,False,False,ok,complete
503255361,38401,松前町,1167,276.0,148.0,0.2365038560411311,0.1268209083119109,0,,,False,False,ok,complete
503255362,38401,松前町,1003,197.0,69.0,0.19641076769690927,0.06879361914257229,0,,,False,False,ok,complete
503255363,38401,松前町,1321,440.0,241.0,0.3330809992429977,0.18243754731264195,0,,,False,False,ok,complete
503255364,38401,松前町,1378,404.0,198.0,0.2931785195936139,0.14368650217706821,0,,,False,False,ok,complete
503255371,38401,松前町,105,46.0,26.0,0.4380952380952381,0.24761904761904763,0,,,False,False,ok,complete
503255372,38401,松前町,52,20.0,12.0,0.38461538461538464,0.23076923076923078,0,,,False,False,ok,complete
503255373,38210,伊予市,58,16.0,6.0,0.27586206896551724,0.10344827586206896,0,,,False,False,ok,complete
503255374,38401,松前町,159,61.0,34.0,0.3836477987421384,0.2138364779874214,0,,,False,False,ok,complete
503255381,38401,松前町,120,39.0,24.0,0.325,0.2,0,,,False,False,ok,complete
503255382,38401,松前町,43,16.0,4.0,0.37209302325581395,0.09302325581395349,0,,,False,False,ok,complete
503255383,38210,伊予市,48,16.0,9.0,0.3333333333333333,0.1875,0,,,False,False,ok,complete
503255384,38401,松前町,321,141.0,88.0,0.4392523364485981,0.27414330218068533,0,,,False,False,ok,complete
503255391,38210,伊予市,571,87.0,35.0,0.15236427320490367,0.06129597197898424,0,,,False,False,ok,complete
503255392,38401,松前町,102,26.0,17.0,0.2549019607843137,0.16666666666666666,0,,,False,False,ok,complete
503255393,38210,伊予市,204,55.0,26.0,0.2696078431372549,0.12745098039215685,0,,,False,False,ok,complete
503255394,38210,伊予市,151,38.0,20.0,0.25165562913907286,0.13245033112582782,0,,,False,False,ok,complete
503255452,38401,松前町,9,,,,,2,503255461,,True,True,ok,partial
503255461,38401,松前町,1356,508.0,276.0,0.3746312684365782,0.20353982300884957,1,,503255452,False,False,ok,complete
503255462,38401,松前町,1135,291.0,147.0,0.2563876651982379,0.12951541850220263,0,,,False,False,ok,complete
503255463,38401,松前町,1644,479.0,264.0,0.2913625304136253,0.16058394160583941,0,,,False,False,ok,complete
503255464,38401,松前町,2018,490.0,175.0,0.24281466798810702,0.0867195242814668,0,,,False,False,ok,complete
503255471,38401,松前町,243,90.0,45.0,0.37037037037037035,0.18518518518518517,1,,503255473,False,False,ok,complete
503255472,38401,松前町,328,135.0,76.0,0.4115853658536585,0.23170731707317074,0,,,False,False,ok,complete
503255473,38401,松前町,8,,,,,2,503255471,,True,True,ok,partial
503255474,38401,松前町,260,61.0,21.0,0.23461538461538461,0.08076923076923077,0,,,False,False,ok,complete
503255481,38401,松前町,369,139.0,81.0,0.37669376693766937,0.21951219512195122,0,,,False,False,ok,complete
503255482,38401,松前町,183,98.0,61.0,0.5355191256830601,0.3333333333333333,0,,,False,False,ok,complete
503255483,38401,松前町,228,86.0,47.0,0.37719298245614036,0.20614035087719298,0,,,False,False,ok,complete
503255484,38401,松前町,168,34.0,15.0,0.20238095238095238,0.08928571428571429,0,,,False,False,ok,complete
503255491,38401,松前町,364,159.0,116.0,0.4368131868131868,0.31868131868131866,0,,,False,False,ok,complete
503255492,38401,松前町,621,238.0,130.0,0.3832528180354267,0.20933977455716588,0,,,False,False,ok,complete
503255493,38401,松前町,290,107.0,74.0,0.3689655172413793,0.25517241379310346,0,,,False,False,ok,complete
503255494,38401,松前町,352,130.0,72.0,0.3693181818181818,0.20454545454545456,0,,,False,False,ok,complete
503255554,38401,松前町,325,117.0,56.0,0.36,0.1723076923076923,0,,,False,False,ok,complete
503255561,38401,松前町,1364,346.0,157.0,0.2536656891495601,0.11510263929618768,0,,,False,False,ok,complete
503255562,38401,松前町,1196,370.0,145.0,0.3093645484949833,0.12123745819397994,0,,,False,False,ok,complete
503255563,38401,松前町,93,17.0,9.0,0.1827956989247312,0.0967741935483871,0,,,False,False,ok,complete
503255564,38401,松前町,317,47.0,15.0,0.14826498422712933,0.0473186119873817,0,,,False,False,ok,complete
503255571,38401,松前町,510,170.0,86.0,0.3333333333333333,0.16862745098039217,0,,,False,False,ok,complete
503255572,38401,松前町,179,67.0,26.0,0.3743016759776536,0.1452513966480447,0,,,False,False,ok,complete
503255573,38401,松前町,413,183.0,124.0,0.4430992736077482,0.30024213075060535,0,,,False,False,ok,complete
503255574,38401,松前町,392,100.0,56.0,0.25510204081632654,0.14285714285714285,0,,,False,False,ok,complete
503255581,38401,松前町,438,183.0,106.0,0.4178082191780822,0.2420091324200913,0,,,False,False,ok,complete
503255582,38401,松前町,101,33.0,15.0,0.32673267326732675,0.1485148514851485,0,,,False,False,ok,complete
503255583,38401,松前町,645,231.0,130.0,0.3581395348837209,0.20155038759689922,0,,,False,False,ok,complete
503255584,38401,松前町,444,139.0,70.0,0.3130630630630631,0.15765765765765766,0,,,False,False,ok,complete
503255591,38401,松前町,80,26.0,18.0,0.325,0.225,0,,,False,False,ok,complete
503255592,38401,松前町,199,68.0,31.0,0.3417085427135678,0.15577889447236182,0,,,False,False,ok,complete
503255593,38401,松前町,174,69.0,40.0,0.39655172413793105,0.22988505747126436,0,,,False,False,ok,complete
503255594,38401,松前町,56,18.0,6.0,0.32142857142857145,0.10714285714285714,0,,,False,False,ok,complete
503255652,38201,松山市,208,78.0,37.0,0.375,0.1778846153846154,0,,,False,False,ok,complete
503255654,38201,松山市,360,125.0,69.0,0.3472222222222222,0.19166666666666668,0,,,False,False,ok,complete
503255661,38401,松前町,259,94.0,46.0,0.36293436293436293,0.1776061776061776,0,,,False,False,ok,complete
503255662,38201,松山市,483,159.0,93.0,0.32919254658385094,0.19254658385093168,0,,,False,False,ok,complete
503255663,38401,松前町,617,159.0,85.0,0.2576985413290113,0.13776337115072934,0,,,False,False,ok,complete
503255664,38401,松前町,83,8.0,1.0,0.0963855421686747,0.012048192771084338,0,,,False,False,ok,complete
503255671,38401,松前町,575,178.0,120.0,0.3095652173913043,0.20869565217391303,0,,,False,False,ok,complete
503255672,38401,松前町,731,232.0,146.0,0.3173734610123119,0.1997264021887825,0,,,False,False,ok,complete
503255673,38401,松前町,391,140.0,75.0,0.35805626598465473,0.1918158567774936,0,,,False,False,ok,complete
503255674,38401,松前町,439,91.0,51.0,0.2072892938496583,0.11617312072892938,0,,,False,False,ok,complete
503255681,38401,松前町,612,200.0,97.0,0.32679738562091504,0.15849673202614378,0,,,False,False,ok,complete
503255682,38201,松山市,214,75.0,35.0,0.35046728971962615,0.16355140186915887,0,,,False,False,ok,complete
503255683,38401,松前町,411,78.0,33.0,0.1897810218978102,0.08029197080291971,0,,,False,False,ok,complete
503255684,38201,松山市,85,30.0,28.0,0.35294117647058826,0.32941176470588235,0,,,False,False,ok,complete
503255691,38401,松前町,35,15.0,5.0,0.42857142857142855,0.14285714285714285,0,,,False,False,ok,complete
503255692,38201,松山市,131,39.0,24.0,0.29770992366412213,0.183206106870229,0,,,False,False,ok,complete
503255694,38201,松山市,14,8.0,4.0,0.5714285714285714,0.2857142857142857,0,,,False,False,ok,complete
503255754,38201,松山市,434,143.0,66.0,0.3294930875576037,0.15207373271889402,0,,,False,False,ok,complete
503255761,38201,松山市,1381,340.0,186.0,0.24619840695148443,0.13468501086169443,0,,,False,False,ok,complete
503255762,38201,松山市,2181,476.0,297.0,0.21824850985786337,0.1361760660247593,0,,,False,False,ok,complete
503255763,38201,松山市,1424,465.0,250.0,0.3265449438202247,0.175561797752809,0,,,False,False,ok,complete
503255764,38201,松山市,1633,332.0,157.0,0.20330679730557258,0.09614206981016533,0,,,False,False,ok,complete
503255771,38201,松山市,958,169.0,100.0,0.17640918580375783,0.10438413361169102,0,,,False,False,ok,complete
503255772,38201,松山市,850,301.0,218.0,0.35411764705882354,0.2564705882352941,0,,,False,False,ok,complete
503255773,38201,松山市,732,161.0,83.0,0.21994535519125682,0.1133879781420765,0,,,False,False,ok,complete
503255774,38201,松山市,1169,306.0,132.0,0.2617621899059025,0.11291702309666382,0,,,False,False,ok,complete
503255781,38201,松山市,2130,532.0,257.0,0.24976525821596243,0.12065727699530517,0,,,False,False,ok,complete
503255782,38201,松山市,811,228.0,113.0,0.281134401972873,0.13933415536374846,0,,,False,False,ok,complete
503255783,38201,松山市,2237,573.0,280.0,0.2561466249441216,0.12516763522574878,0,,,False,False,ok,complete
503255784,38201,松山市,2110,614.0,318.0,0.2909952606635071,0.15071090047393365,0,,,False,False,ok,complete
503255791,38201,松山市,406,145.0,83.0,0.35714285714285715,0.2044334975369458,0,,,False,False,ok,complete
503255792,38201,松山市,245,41.0,17.0,0.1673469387755102,0.06938775510204082,0,,,False,False,ok,complete
503255793,38201,松山市,1283,311.0,137.0,0.24240062353858144,0.10678098207326578,0,,,False,False,ok,complete
503255794,38201,松山市,1193,341.0,198.0,0.28583403185247275,0.16596814752724226,0,,,False,False,ok,complete
503255861,38201,松山市,586,137.0,73.0,0.23378839590443687,0.12457337883959044,0,,,False,False,ok,complete
503255862,38201,松山市,282,62.0,25.0,0.2198581560283688,0.08865248226950355,0,,,False,False,ok,complete
503255864,38201,松山市,602,167.0,70.0,0.27740863787375414,0.11627906976744186,0,,,False,False,ok,complete
503255871,38201,松山市,542,116.0,61.0,0.2140221402214022,0.11254612546125461,0,,,False,False,ok,complete
503255872,38201,松山市,750,204.0,108.0,0.272,0.144,0,,,False,False,ok,complete
503255873,38201,松山市,1329,193.0,76.0,0.145221971407073,0.05718585402558315,0,,,False,False,ok,complete
503255874,38201,松山市,2137,663.0,316.0,0.31024801123069723,0.14787084698175013,0,,,False,False,ok,complete
503255881,38201,松山市,738,251.0,140.0,0.34010840108401086,0.1897018970189702,0,,,False,False,ok,complete
503255882,38201,松山市,1488,329.0,161.0,0.2211021505376344,0.1081989247311828,0,,,False,False,ok,complete
503255883,38201,松山市,1364,315.0,131.0,0.23093841642228738,0.09604105571847507,0,,,False,False,ok,complete
503255884,38201,松山市,1692,367.0,165.0,0.21690307328605202,0.0975177304964539,0,,,False,False,ok,complete
503255891,38201,松山市,2617,670.0,316.0,0.25601834161253345,0.12074894917844861,0,,,False,False,ok,complete
503255892,38201,松山市,2531,515.0,242.0,0.20347688660608454,0.09561438166732517,0,,,False,False,ok,complete
503255893,38201,松山市,3185,712.0,307.0,0.22354788069073783,0.09638932496075353,0,,,False,False,ok,complete
503255894,38201,松山市,2496,597.0,307.0,0.23918269230769232,0.12299679487179487,0,,,False,False,ok,complete
503255961,38201,松山市,55,17.0,10.0,0.3090909090909091,0.18181818181818182,0,,,False,False,ok,complete
503255962,38201,松山市,1308,414.0,226.0,0.3165137614678899,0.172782874617737,0,,,False,False,ok,complete
503255964,38201,松山市,1042,320.0,167.0,0.30710172744721687,0.16026871401151632,0,,,False,False,ok,complete
503255971,38201,松山市,1280,218.0,113.0,0.1703125,0.08828125,0,,,False,False,ok,complete
503255972,38201,松山市,1577,244.0,83.0,0.15472415979708307,0.05263157894736842,0,,,False,False,ok,complete
503255973,38201,松山市,2099,596.0,338.0,0.2839447355883754,0.16102906145783707,0,,,False,False,ok,complete
503255974,38201,松山市,1724,398.0,237.0,0.2308584686774942,0.13747099767981438,0,,,False,False,ok,complete
503255981,38201,松山市,1566,343.0,117.0,0.219029374201788,0.07471264367816093,0,,,False,False,ok,complete
503255982,38201,松山市,902,268.0,145.0,0.29711751662971175,0.1607538802660754,0,,,False,False,ok,complete
503255983,38201,松山市,1989,319.0,167.0,0.16038210155857216,0.08396178984414278,0,,,False,False,ok,complete
503255984,38201,松山市,1783,419.0,182.0,0.23499719573752104,0.10207515423443635,0,,,False,False,ok,complete
503255991,38201,松山市,2070,436.0,193.0,0.2106280193236715,0.09323671497584542,0,,,False,False,ok,complete
503255992,38201,松山市,2454,456.0,166.0,0.18581907090464547,0.06764466177669112,0,,,False,False,ok,complete
503255993,38201,松山市,2455,505.0,265.0,0.20570264765784113,0.1079429735234216,0,,,False,False,ok,complete
503255994,38201,松山市,2643,562.0,229.0,0.21263715474839198,0.08664396519107076,0,,,False,False,ok,complete
503256051,38201,松山市,20,6.0,1.0,0.3,0.05,0,,,False,False,ok,complete
503256052,38201,松山市,244,77.0,37.0,0.3155737704918033,0.15163934426229508,0,,,False,False,ok,complete
503256053,38201,松山市,220,82.0,47.0,0.37272727272727274,0.21363636363636362,0,,,False,False,ok,complete
503256054,38201,松山市,56,18.0,8.0,0.32142857142857145,0.14285714285714285,0,,,False,False,ok,complete
503256061,38201,松山市,53,5.0,3.0,0.09433962264150944,0.05660377358490566,0,,,False,False,ok,complete
503256134,38201,松山市,7,7.0,4.0,1.0,0.5714285714285714,1,,503256132,False,False,ok,complete
503256141,38201,松山市,4,,,,,2,503256143,,True,True,ok,partial
503256142,38201,松山市,18,8.0,4.0,0.4444444444444444,0.2222222222222222,0,,,False,False,ok,complete
503256143,38201,松山市,144,70.0,44.0,0.4861111111111111,0.3055555555555556,1,,503256141,False,False,ok,complete
503256144,38201,松山市,283,102.0,54.0,0.36042402826855124,0.19081272084805653,0,,,False,False,ok,complete
503256151,38201,松山市,187,59.0,28.0,0.3155080213903743,0.1497326203208556,0,,,False,False,ok,complete
503256152,38201,松山市,84,38.0,15.0,0.4523809523809524,0.17857142857142858,0,,,False,False,ok,complete
503256153,38201,松山市,150,51.0,17.0,0.34,0.11333333333333333,0,,,False,False,ok,complete
503256154,38201,松山市,303,124.0,47.0,0.40924092409240925,0.1551155115511551,0,,,False,False,ok,complete
503256163,38201,松山市,11,,,,,2,503256261,,True,True,ok,partial
503256201,38210,伊予市,4,,,,,2,503256203,,True,True,ok,partial
503256203,38210,伊予市,227,117.0,88.0,0.5154185022026432,0.3876651982378855,1,,503256201,False,False,ok,complete
503256212,38210,伊予市,5,,,,,2,503256213,,True,True,ok,partial
503256233,38201,松山市,529,196.0,87.0,0.3705103969754253,0.16446124763705103,0,,,False,False,ok,complete
503256234,38201,松山市,1243,455.0,215.0,0.3660498793242156,0.17296862429605792,0,,,False,False,ok,complete
503256241,38201,松山市,180,64.0,24.0,0.35555555555555557,0.13333333333333333,0,,,False,False,ok,complete
503256242,38201,松山市,223,91.0,49.0,0.4080717488789238,0.21973094170403587,0,,,False,False,ok,complete
503256243,38201,松山市,388,128.0,59.0,0.32989690721649484,0.15206185567010308,0,,,False,False,ok,complete
503256244,38201,松山市,281,90.0,48.0,0.3202846975088968,0.1708185053380783,0,,,False,False,ok,complete
503256251,38201,松山市,731,497.0,341.0,0.679890560875513,0.466484268125855,0,,,False,False,ok,complete
503256252,38201,松山市,249,92.0,36.0,0.36947791164658633,0.14457831325301204,0,,,False,False,ok,complete
503256253,38201,松山市,147,51.0,28.0,0.3469387755102041,0.19047619047619047,0,,,False,False,ok,complete
503256254,38201,松山市,216,56.0,29.0,0.25925925925925924,0.13425925925925927,0,,,False,False,ok,complete
503256261,38201,松山市,185,72.0,31.0,0.3891891891891892,0.16756756756756758,1,,503256163,False,False,ok,complete
503256262,38201,松山市,262,78.0,35.0,0.29770992366412213,0.13358778625954199,0,,,False,False,ok,complete
503256263,38201,松山市,122,51.0,30.0,0.4180327868852459,0.2459016393442623,0,,,False,False,ok,complete
503256264,38201,松山市,189,77.0,46.0,0.4074074074074074,0.24338624338624337,0,,,False,False,ok,complete
503256271,38201,松山市,4,,,,,2,503256273,,True,True,ok,partial
503256301,38210,伊予市,277,125.0,63.0,0.45126353790613716,0.22743682310469315,0,,,False,False,ok,complete
503256302,38210,伊予市,141,50.0,23.0,0.3546099290780142,0.16312056737588654,1,,503256313,False,False,ok,complete
503256303,38210,伊予市,265,82.0,38.0,0.30943396226415093,0.14339622641509434,0,,,False,False,ok,complete
503256304,38210,伊予市,543,108.0,60.0,0.19889502762430938,0.11049723756906077,0,,,False,False,ok,complete
503256333,38201,松山市,745,321.0,266.0,0.43087248322147653,0.35704697986577183,0,,,False,False,ok,complete
503256341,38201,松山市,135,43.0,14.0,0.31851851851851853,0.1037037037037037,0,,,False,False,ok,complete
503256342,38201,松山市,347,96.0,37.0,0.276657060518732,0.10662824207492795,0,,,False,False,ok,complete
503256343,38201,松山市,175,51.0,24.0,0.2914285714285714,0.13714285714285715,0,,,False,False,ok,complete
503256344,38201,松山市,245,87.0,48.0,0.3551020408163265,0.19591836734693877,0,,,False,False,ok,complete
503256351,38201,松山市,231,113.0,62.0,0.48917748917748916,0.2683982683982684,0,,,False,False,ok,complete
503256352,38201,松山市,642,169.0,75.0,0.2632398753894081,0.11682242990654206,0,,,False,False,ok,complete
503256353,38201,松山市,236,87.0,39.0,0.3686440677966102,0.1652542372881356,0,,,False,False,ok,complete
503256354,38201,松山市,205,29.0,10.0,0.14146341463414633,0.04878048780487805,0,,,False,False,ok,complete
503256361,38201,松山市,425,121.0,55.0,0.2847058823529412,0.12941176470588237,0,,,False,False,ok,complete
503256362,38201,松山市,138,43.0,21.0,0.3115942028985507,0.15217391304347827,0,,,False,False,ok,complete
503256363,38201,松山市,112,47.0,30.0,0.41964285714285715,0.26785714285714285,0,,,False,False,ok,complete
503256364,38201,松山市,20,8.0,4.0,0.4,0.2,0,,,False,False,ok,complete
503256401,38401,松前町,197,59.0,36.0,0.29949238578680204,0.18274111675126903,0,,,False,False,ok,complete
503256402,38401,松前町,94,37.0,18.0,0.39361702127659576,0.19148936170212766,0,,,False,False,ok,complete
503256403,38210,伊予市,360,146.0,74.0,0.40555555555555556,0.20555555555555555,0,,,False,False,ok,complete
503256404,38401,松前町,398,135.0,61.0,0.3391959798994975,0.15326633165829145,0,,,False,False,ok,complete
503256411,38210,伊予市,320,87.0,52.0,0.271875,0.1625,0,,,False,False,ok,complete
503256412,38210,伊予市,458,260.0,192.0,0.5676855895196506,0.4192139737991266,1,,503256414,False,False,ok,complete
503256413,38210,伊予市,110,30.0,13.0,0.2727272727272727,0.11818181818181818,0,,,False,False,ok,complete
503256424,38201,松山市,198,64.0,37.0,0.32323232323232326,0.18686868686868688,0,,,False,False,ok,complete
503256432,38201,松山市,822,337.0,158.0,0.4099756690997567,0.1922141119221411,0,,,False,False,ok,complete
503256434,38201,松山市,1448,584.0,249.0,0.40331491712707185,0.17196132596685082,0,,,False,False,ok,complete
503256441,38201,松山市,85,36.0,15.0,0.4235294117647059,0.17647058823529413,0,,,False,False,ok,complete
503256442,38201,松山市,54,11.0,6.0,0.2037037037037037,0.1111111111111111,0,,,False,False,ok,complete
503256443,38201,松山市,299,124.0,46.0,0.41471571906354515,0.15384615384615385,0,,,False,False,ok,complete
503256444,38201,松山市,223,76.0,39.0,0.34080717488789236,0.17488789237668162,0,,,False,False,ok,complete
503256451,38201,松山市,20,7.0,4.0,0.35,0.2,0,,,False,False,ok,complete
503256452,38201,松山市,295,264.0,213.0,0.8949152542372881,0.7220338983050848,0,,,False,False,ok,complete
503256453,38201,松山市,443,161.0,86.0,0.36343115124153497,0.19413092550790068,0,,,False,False,ok,complete
503256454,38201,松山市,113,64.0,48.0,0.5663716814159292,0.4247787610619469,0,,,False,False,ok,complete
503256501,38401,松前町,312,102.0,47.0,0.3269230769230769,0.15064102564102563,0,,,False,False,ok,complete
503256502,38401,松前町,201,70.0,28.0,0.3482587064676617,0.13930348258706468,0,,,False,False,ok,complete
503256503,38401,松前町,569,191.0,91.0,0.335676625659051,0.15992970123022848,0,,,False,False,ok,complete
503256504,38401,松前町,238,64.0,30.0,0.2689075630252101,0.12605042016806722,0,,,False,False,ok,complete
503256511,38401,松前町,74,22.0,9.0,0.2972972972972973,0.12162162162162163,1,,503256513,False,False,ok,complete
503256514,38201,松山市,44,16.0,6.0,0.36363636363636365,0.13636363636363635,0,,,False,False,ok,complete
503256521,38201,松山市,28,8.0,2.0,0.2857142857142857,0.07142857142857142,0,,,False,False,ok,complete
503256522,38201,松山市,410,104.0,45.0,0.25365853658536586,0.10975609756097561,0,,,False,False,ok,complete
503256523,38201,松山市,321,199.0,150.0,0.6199376947040498,0.4672897196261682,0,,,False,False,ok,complete
503256524,38201,松山市,688,166.0,77.0,0.24127906976744187,0.1119186046511628,0,,,False,False,ok,complete
503256531,38201,松山市,1785,337.0,151.0,0.1887955182072829,0.08459383753501401,0,,,False,False,ok,complete
503256532,38201,松山市,622,107.0,56.0,0.1720257234726688,0.09003215434083602,0,,,False,False,ok,complete
503256533,38201,松山市,1001,262.0,121.0,0.26173826173826176,0.12087912087912088,0,,,False,False,ok,complete
503256534,38201,松山市,318,79.0,40.0,0.24842767295597484,0.12578616352201258,0,,,False,False,ok,complete
503256541,38201,松山市,356,130.0,63.0,0.3651685393258427,0.17696629213483145,0,,,False,False,ok,complete
503256542,38201,松山市,194,71.0,46.0,0.36597938144329895,0.23711340206185566,0,,,False,False,ok,complete
503256543,38201,松山市,341,127.0,60.0,0.3724340175953079,0.17595307917888564,0,,,False,False,ok,complete
503256544,38201,松山市,395,192.0,125.0,0.4860759493670886,0.31645569620253167,0,,,False,False,ok,complete
503256551,38201,松山市,413,142.0,68.0,0.34382566585956414,0.16464891041162227,0,,,False,False,ok,complete
503256552,38201,松山市,49,11.0,2.0,0.22448979591836735,0.04081632653061224,0,,,False,False,ok,complete
503256553,38201,松山市,438,156.0,99.0,0.3561643835616438,0.22602739726027396,0,,,False,False,ok,complete
503256554,38201,松山市,122,44.0,21.0,0.36065573770491804,0.1721311475409836,0,,,False,False,ok,complete
503256561,38201,松山市,314,55.0,25.0,0.1751592356687898,0.07961783439490445,0,,,False,False,ok,complete
503256564,38201,松山市,1124,338.0,175.0,0.30071174377224197,0.15569395017793594,0,,,False,False,ok,complete
503256572,38201,松山市,619,197.0,107.0,0.3182552504038772,0.172859450726979,0,,,False,False,ok,complete
503256601,38401,松前町,233,76.0,41.0,0.3261802575107296,0.1759656652360515,0,,,False,False,ok,complete
503256602,38201,松山市,78,26.0,13.0,0.3333333333333333,0.16666666666666666,0,,,False,False,ok,complete
503256603,38201,松山市,592,158.0,91.0,0.2668918918918919,0.15371621621621623,0,,,False,False,ok,complete
503256604,38201,松山市,1971,359.0,161.0,0.18214104515474377,0.08168442415017757,0,,,False,False,ok,complete
503256611,38201,松山市,390,125.0,74.0,0.32051282051282054,0.18974358974358974,0,,,False,False,ok,complete
503256612,38201,松山市,444,123.0,53.0,0.27702702702702703,0.11936936936936937,0,,,False,False,ok,complete
503256613,38201,松山市,2193,593.0,299.0,0.270405836753306,0.13634290925672596,0,,,False,False,ok,complete
503256614,38201,松山市,2667,644.0,298.0,0.24146981627296588,0.11173603299587552,0,,,False,False,ok,complete
503256621,38201,松山市,899,252.0,134.0,0.2803114571746385,0.14905450500556172,0,,,False,False,ok,complete
503256622,38201,松山市,1106,248.0,92.0,0.22423146473779385,0.08318264014466546,0,,,False,False,ok,complete
503256623,38201,松山市,2062,452.0,239.0,0.2192046556741028,0.11590688651794374,0,,,False,False,ok,complete
503256624,38201,松山市,1864,439.0,205.0,0.23551502145922748,0.10997854077253219,0,,,False,False,ok,complete
503256631,38201,松山市,1719,339.0,157.0,0.19720767888307156,0.09133216986620128,0,,,False,False,ok,complete
503256632,38201,松山市,485,156.0,66.0,0.3216494845360825,0.1360824742268041,0,,,False,False,ok,complete
503256633,38201,松山市,2236,533.0,231.0,0.23837209302325582,0.10330948121645796,0,,,False,False,ok,complete
503256634,38201,松山市,1228,368.0,231.0,0.2996742671009772,0.18811074918566775,0,,,False,False,ok,complete
503256641,38201,松山市,379,95.0,43.0,0.25065963060686014,0.11345646437994723,0,,,False,False,ok,complete
503256642,38201,松山市,715,261.0,145.0,0.365034965034965,0.20279720279720279,0,,,False,False,ok,complete
503256643,38201,松山市,1083,265.0,136.0,0.24469067405355494,0.12557710064635272,0,,,False,False,ok,complete
503256644,38201,松山市,1487,456.0,251.0,0.3066577000672495,0.16879623402824478,0,,,False,False,ok,complete
503256651,38201,松山市,275,110.0,48.0,0.4,0.17454545454545456,0,,,False,False,ok,complete
503256652,38201,松山市,478,249.0,148.0,0.5209205020920502,0.30962343096234307,0,,,False,False,ok,complete
503256653,38201,松山市,811,377.0,269.0,0.4648581997533909,0.3316892725030826,0,,,False,False,ok,complete
503256654,38201,松山市,100,29.0,19.0,0.29,0.19,0,,,False,False,ok,complete
503256661,38201,松山市,338,130.0,63.0,0.38461538461538464,0.1863905325443787,0,,,False,False,ok,complete
503256662,38201,松山市,2071,657.0,302.0,0.3172380492515693,0.14582327378078222,0,,,False,False,ok,complete
503256663,38201,松山市,802,287.0,182.0,0.35785536159601,0.22693266832917705,0,,,False,False,ok,complete
503256664,38201,松山市,1642,432.0,231.0,0.2630937880633374,0.14068209500609014,0,,,False,False,ok,complete
503256671,38201,松山市,1008,287.0,159.0,0.2847222222222222,0.15773809523809523,0,,,False,False,ok,complete
503256672,38201,松山市,128,35.0,15.0,0.2734375,0.1171875,0,,,False,False,ok,complete
503256673,38201,松山市,1433,398.0,210.0,0.2777390090718772,0.1465457083042568,0,,,False,False,ok,complete
503256674,38201,松山市,177,62.0,30.0,0.3502824858757062,0.1694915254237288,0,,,False,False,ok,complete
503256682,38201,松山市,173,46.0,25.0,0.2658959537572254,0.14450867052023122,0,,,False,False,ok,complete
503256684,38201,松山市,109,41.0,26.0,0.3761467889908257,0.23853211009174313,0,,,False,False,ok,complete
503256701,38201,松山市,2156,541.0,231.0,0.25092764378478666,0.10714285714285714,0,,,False,False,ok,complete
503256702,38201,松山市,1886,507.0,237.0,0.26882290562036054,0.1256627783669141,0,,,False,False,ok,complete
503256703,38201,松山市,2155,636.0,282.0,0.2951276102088167,0.1308584686774942,0,,,False,False,ok,complete
503256704,38201,松山市,2270,619.0,301.0,0.27268722466960355,0.13259911894273127,0,,,False,False,ok,complete
503256711,38201,松山市,1936,521.0,262.0,0.26911157024793386,0.1353305785123967,0,,,False,False,ok,complete
503256712,38201,松山市,2104,561.0,275.0,0.2666349809885932,0.13070342205323193,0,,,False,False,ok,complete
503256713,38201,松山市,2727,588.0,261.0,0.2156215621562156,0.09570957095709572,0,,,False,False,ok,complete
503256714,38201,松山市,2605,656.0,346.0,0.25182341650671786,0.1328214971209213,0,,,False,False,ok,complete
503256721,38201,松山市,1658,351.0,170.0,0.21170084439083234,0.10253317249698432,0,,,False,False,ok,complete
503256722,38201,松山市,2278,583.0,312.0,0.2559262510974539,0.1369622475856014,0,,,False,False,ok,complete
503256723,38201,松山市,2052,483.0,270.0,0.23538011695906433,0.13157894736842105,0,,,False,False,ok,complete
503256724,38201,松山市,1428,480.0,241.0,0.33613445378151263,0.16876750700280113,0,,,False,False,ok,complete
503256731,38201,松山市,2055,365.0,144.0,0.17761557177615572,0.07007299270072993,0,,,False,False,ok,complete
503256732,38201,松山市,1308,283.0,176.0,0.21636085626911314,0.1345565749235474,0,,,False,False,ok,complete
503256733,38201,松山市,1009,194.0,66.0,0.19226957383548068,0.06541129831516353,0,,,False,False,ok,complete
503256734,38201,松山市,1473,279.0,136.0,0.1894093686354379,0.0923285811269518,0,,,False,False,ok,complete
503256741,38201,松山市,1699,414.0,184.0,0.24367274867569158,0.10829899941141848,0,,,False,False,ok,complete
503256742,38201,松山市,1398,333.0,177.0,0.23819742489270387,0.12660944206008584,0,,,False,False,ok,complete
503256743,38201,松山市,2621,654.0,282.0,0.24952308279282717,0.10759252193819153,0,,,False,False,ok,complete
503256744,38201,松山市,2165,498.0,234.0,0.2300230946882217,0.10808314087759816,0,,,False,False,ok,complete
503256751,38201,松山市,730,182.0,92.0,0.2493150684931507,0.12602739726027398,0,,,False,False,ok,complete
503256752,38201,松山市,835,214.0,132.0,0.2562874251497006,0.15808383233532936,0,,,False,False,ok,complete
503256753,38201,松山市,756,265.0,162.0,0.3505291005291005,0.21428571428571427,0,,,False,False,ok,complete
503256754,38201,松山市,435,157.0,61.0,0.36091954022988504,0.14022988505747128,0,,,False,False,ok,complete
503256761,38201,松山市,910,252.0,135.0,0.27692307692307694,0.14835164835164835,0,,,False,False,ok,complete
503256762,38201,松山市,650,256.0,158.0,0.39384615384615385,0.24307692307692308,0,,,False,False,ok,complete
503256763,38201,松山市,221,66.0,32.0,0.2986425339366516,0.14479638009049775,0,,,False,False,ok,complete
503256764,38201,松山市,154,55.0,21.0,0.35714285714285715,0.13636363636363635,0,,,False,False,ok,complete
503256771,38201,松山市,1092,290.0,122.0,0.26556776556776557,0.11172161172161173,0,,,False,False,ok,complete
503256772,38201,松山市,348,113.0,58.0,0.32471264367816094,0.16666666666666666,0,,,False,False,ok,complete
503256773,38201,松山市,103,29.0,12.0,0.2815533980582524,0.11650485436893204,0,,,False,False,ok,complete
503256774,38201,松山市,63,17.0,10.0,0.2698412698412698,0.15873015873015872,0,,,False,False,ok,complete
503256781,38201,松山市,22,14.0,8.0,0.6363636363636364,0.36363636363636365,0,,,False,False,ok,complete
503256782,38201,松山市,81,38.0,21.0,0.4691358024691358,0.25925925925925924,0,,,False,False,ok,complete
503256783,38201,松山市,145,140.0,121.0,0.9655172413793104,0.8344827586206897,0,,,False,False,ok,complete
503256792,38201,松山市,1,,,,,2,503256694,,True,True,ok,partial
503256801,38201,松山市,1956,410.0,192.0,0.20961145194274028,0.09815950920245399,0,,,False,False,ok,complete
503256802,38201,松山市,1508,329.0,149.0,0.21816976127320956,0.09880636604774536,0,,,False,False,ok,complete
503256803,38201,松山市,1707,343.0,185.0,0.20093731693028705,0.10837727006444053,0,,,False,False,ok,complete
503256804,38201,松山市,1718,390.0,188.0,0.2270081490104773,0.10942956926658906,0,,,False,False,ok,complete
503256811,38201,松山市,1919,394.0,175.0,0.20531526836894215,0.09119332985930172,0,,,False,False,ok,complete
503256812,38201,松山市,2945,699.0,310.0,0.23735144312393888,0.10526315789473684,0,,,False,False,ok,complete
503256813,38201,松山市,1319,354.0,201.0,0.26838514025777105,0.15238817285822592,0,,,False,False,ok,complete
503256814,38201,松山市,1873,466.0,269.0,0.24879871863320877,0.1436198611852643,0,,,False,False,ok,complete
503256821,38201,松山市,1671,569.0,381.0,0.3405146618791143,0.22800718132854578,0,,,False,False,ok,complete
503256822,38201,松山市,1240,407.0,224.0,0.3282258064516129,0.18064516129032257,0,,,False,False,ok,complete
503256823,38201,松山市,1776,428.0,195.0,0.240990990990991,0.1097972972972973,0,,,False,False,ok,complete
503256824,38201,松山市,1874,380.0,206.0,0.20277481323372465,0.10992529348986126,0,,,False,False,ok,complete
503256831,38201,松山市,527,158.0,84.0,0.2998102466793169,0.15939278937381404,0,,,False,False,ok,complete
503256832,38201,松山市,1552,344.0,157.0,0.22164948453608246,0.10115979381443299,0,,,False,False,ok,complete
503256833,38201,松山市,1626,347.0,141.0,0.2134071340713407,0.08671586715867159,0,,,False,False,ok,complete
503256834,38201,松山市,1784,452.0,194.0,0.2533632286995516,0.10874439461883408,0,,,False,False,ok,complete
503256841,38201,松山市,1698,476.0,218.0,0.28032979976442873,0.12838633686690223,0,,,False,False,ok,complete
503256842,38201,松山市,218,62.0,37.0,0.28440366972477066,0.16972477064220184,0,,,False,False,ok,complete
503256843,38201,松山市,1490,423.0,203.0,0.28389261744966443,0.13624161073825503,0,,,False,False,ok,complete
503256851,38201,松山市,62,26.0,16.0,0.41935483870967744,0.25806451612903225,0,,,False,False,ok,complete
503256861,38201,松山市,40,14.0,8.0,0.35,0.2,0,,,False,False,ok,complete
503256862,38201,松山市,113,52.0,22.0,0.46017699115044247,0.19469026548672566,0,,,False,False,ok,complete
503256872,38201,松山市,61,25.0,12.0,0.4098360655737705,0.19672131147540983,0,,,False,False,ok,complete
503256881,38201,松山市,9,,,,,2,503256883,,True,True,ok,partial
503256882,38201,松山市,3,,,,,2,503256883,,True,True,ok,partial
503256883,38201,松山市,34,24.0,14.0,0.7058823529411765,0.4117647058823529,1,,503256881;503256882,False,False,ok,complete
503256901,38201,松山市,2258,539.0,270.0,0.23870682019486272,0.1195748449955713,0,,,False,False,ok,complete
503256902,38201,松山市,2309,643.0,348.0,0.27847553053269813,0.15071459506279775,0,,,False,False,ok,complete
503256903,38201,松山市,3194,769.0,359.0,0.24076393237319976,0.1123982467125861,0,,,False,False,ok,complete
503256904,38201,松山市,1753,382.0,194.0,0.21791215059897318,0.11066742726754136,0,,,False,False,ok,complete
503256911,38201,松山市,1418,377.0,182.0,0.26586741889985893,0.12834978843441466,0,,,False,False,ok,complete
503256912,38201,松山市,3127,877.0,469.0,0.280460505276623,0.1499840102334506,0,,,False,False,ok,complete
503256913,38201,松山市,1696,447.0,252.0,0.263561320754717,0.14858490566037735,0,,,False,False,ok,complete
503256914,38201,松山市,2259,691.0,401.0,0.3058875608676406,0.17751217352810977,0,,,False,False,ok,complete
503256921,38201,松山市,3146,853.0,438.0,0.2711379529561348,0.13922441195168467,0,,,False,False,ok,complete
503256922,38201,松山市,1806,488.0,257.0,0.2702104097452935,0.14230343300110743,0,,,False,False,ok,complete
503256923,38201,松山市,2342,644.0,354.0,0.2749786507258753,0.1511528608027327,0,,,False,False,ok,complete
503256924,38201,松山市,1960,508.0,260.0,0.25918367346938775,0.1326530612244898,0,,,False,False,ok,complete
503256931,38201,松山市,2532,612.0,311.0,0.24170616113744076,0.12282780410742496,0,,,False,False,ok,complete
503256932,38201,松山市,2004,521.0,268.0,0.25998003992015967,0.13373253493013973,0,,,False,False,ok,complete
503256933,38201,松山市,2338,499.0,227.0,0.21343028229255775,0.09709153122326775,0,,,False,False,ok,complete
503256934,38201,松山市,1962,502.0,240.0,0.2558613659531091,0.12232415902140673,0,,,False,False,ok,complete
503256941,38201,松山市,1082,296.0,138.0,0.2735674676524954,0.12754158964879853,0,,,False,False,ok,complete
503256943,38201,松山市,693,220.0,137.0,0.31746031746031744,0.1976911976911977,0,,,False,False,ok,complete
503256981,38201,松山市,38,18.0,8.0,0.47368421052631576,0.21052631578947367,1,,503256982,False,False,ok,complete
503256982,38201,松山市,5,,,,,2,503256981,,True,True,ok,partial
503256983,38201,松山市,27,14.0,7.0,0.5185185185185185,0.25925925925925924,0,,,False,False,ok,complete
503257884,38206,西条市,5,,,,,2,503257991,,True,True,ok,partial
503257893,38206,西条市,1,,,,,2,503257991,,True,True,ok,partial
503257894,38206,西条市,3,,,,,2,503257991,,True,True,ok,partial
503257983,38206,西条市,3,,,,,2,503257991,,True,True,ok,partial
503257991,38206,西条市,7,,,,,1,,503257881;503257884;503257893;503257894;503257972;503257983,True,True,inconsistent_with_total,partial
503265062,38201,松山市,578,131.0,65.0,0.22664359861591696,0.11245674740484429,0,,,False,False,ok,complete
503265064,38201,松山市,629,205.0,103.0,0.32591414944356123,0.16375198728139906,0,,,False,False,ok,complete
503265071,38201,松山市,702,243.0,156.0,0.34615384615384615,0.2222222222222222,0,,,False,False,ok,complete
503265072,38201,松山市,1413,537.0,328.0,0.38004246284501064,0.23213021939136588,0,,,False,False,ok,complete
503265073,38201,松山市,134,68.0,51.0,0.5074626865671642,0.3805970149253731,0,,,False,False,ok,complete
503265074,38201,松山市,982,310.0,152.0,0.31568228105906315,0.15478615071283094,0,,,False,False,ok,complete
503265081,38201,松山市,2054,430.0,183.0,0.20934761441090555,0.08909444985394352,0,,,False,False,ok,complete
503265082,38201,松山市,1772,584.0,347.0,0.3295711060948081,0.19582392776523702,0,,,False,False,ok,complete
503265083,38201,松山市,1239,298.0,128.0,0.24051654560129138,0.1033091202582728,0,,,False,False,ok,complete
503265084,38201,松山市,295,85.0,40.0,0.288135593220339,0.13559322033898305,0,,,False,False,ok,complete
503265091,38201,松山市,1393,319.0,171.0,0.2290021536252692,0.12275664034458005,0,,,False,False,ok,complete
503265092,38201,松山市,1197,182.0,85.0,0.15204678362573099,0.07101086048454469,0,,,False,False,ok,complete
503265093,38201,松山市,1606,448.0,227.0,0.27895392278953923,0.14134495641344957,0,,,False,False,ok,complete
503265094,38201,松山市,2009,517.0,272.0,0.2573419611747138,0.13539074166251866,0,,,False,False,ok,complete
503265162,38201,松山市,16,10.0,5.0,0.625,0.3125,1,,503265164,False,False,ok,complete
503265164,38201,松山市,4,,,,,2,503265162,,True,True,ok,partial
503265172,38201,松山市,1313,294.0,116.0,0.22391469916222392,0.08834729626808835,0,,,False,False,ok,complete
503265173,38201,松山市,1305,329.0,131.0,0.25210727969348656,0.10038314176245211,0,,,False,False,ok,complete
503265174,38201,松山市,1588,359.0,142.0,0.2260705289672544,0.08942065491183879,0,,,False,False,ok,complete
503265181,38201,松山市,1322,357.0,176.0,0.2700453857791225,0.13313161875945537,0,,,False,False,ok,complete
503265182,38201,松山市,977,216.0,88.0,0.2210849539406346,0.09007164790174002,0,,,False,False,ok,complete
503265183,38201,松山市,821,200.0,75.0,0.243605359317905,0.09135200974421437,0,,,False,False,ok,complete
503265184,38201,松山市,1278,381.0,202.0,0.2981220657276995,0.15805946791862285,0,,,False,False,ok,complete
503265192,38201,松山市,1871,397.0,183.0,0.21218599679315875,0.09780865847140567,0,,,False,False,ok,complete
503265193,38201,松山市,1808,500.0,218.0,0.27654867256637167,0.12057522123893805,0,,,False,False,ok,complete
503265194,38201,松山市,2206,571.0,278.0,0.25883952855847686,0.12601994560290117,0,,,False,False,ok,complete
503265271,38201,松山市,1605,429.0,214.0,0.2672897196261682,0.13333333333333333,1,,503265262,False,False,ok,complete
503265272,38201,松山市,1422,414.0,232.0,0.2911392405063291,0.1631504922644163,0,,,False,False,ok,complete
503265273,38201,松山市,1069,311.0,164.0,0.2909260991580917,0.15341440598690365,0,,,False,False,ok,complete
503265274,38201,松山市,1613,551.0,250.0,0.3415995040297582,0.15499070055796652,0,,,False,False,ok,complete
503265281,38201,松山市,1505,482.0,208.0,0.320265780730897,0.1382059800664452,0,,,False,False,ok,complete
503265282,38201,松山市,282,76.0,39.0,0.2695035460992908,0.13829787234042554,0,,,False,False,ok,complete
503265283,38201,松山市,1337,503.0,301.0,0.37621540762902017,0.225130890052356,0,,,False,False,ok,complete
503265284,38201,松山市,841,207.0,95.0,0.24613555291319858,0.11296076099881094,0,,,False,False,ok,complete
503265291,38201,松山市,1409,423.0,251.0,0.30021291696238467,0.17814052519517387,0,,,False,False,ok,complete
503265292,38201,松山市,1281,315.0,186.0,0.2459016393442623,0.1451990632318501,0,,,False,False,ok,complete
503265293,38201,松山市,1033,266.0,126.0,0.2575024201355276,0.12197483059051308,0,,,False,False,ok,complete
503265294,38201,松山市,1241,253.0,138.0,0.20386784850926673,0.11120064464141821,0,,,False,False,ok,complete
503265364,38201,松山市,345,119.0,57.0,0.34492753623188405,0.16521739130434782,1,,503265362,False,False,ok,complete
503265371,38201,松山市,1731,686.0,404.0,0.3963027151935298,0.23339110340843444,0,,,False,False,ok,complete
503265372,38201,松山市,1842,595.0,282.0,0.32301845819761127,0.15309446254071662,0,,,False,False,ok,complete
503265373,38201,松山市,1488,554.0,279.0,0.37231182795698925,0.1875,0,,,False,False,ok,complete
503265374,38201,松山市,1637,541.0,290.0,0.3304825901038485,0.177153329260843,0,,,False,False,ok,complete
503265381,38201,松山市,1573,501.0,261.0,0.3184996821360458,0.1659249841068023,0,,,False,False,ok,complete
503265382,38201,松山市,1200,416.0,237.0,0.3466666666666667,0.1975,0,,,False,False,ok,complete
503265383,38201,松山市,1599,499.0,243.0,0.31207004377736086,0.15196998123827393,0,,,False,False,ok,complete
503265384,38201,松山市,465,193.0,81.0,0.4150537634408602,0.17419354838709677,0,,,False,False,ok,complete
503265391,38201,松山市,1423,325.0,146.0,0.22839072382290934,0.10260014054813774,0,,,False,False,ok,complete
503265392,38201,松山市,1031,140.0,60.0,0.13579049466537343,0.058195926285160036,0,,,False,False,ok,complete
503265393,38201,松山市,1581,369.0,189.0,0.2333965844402277,0.11954459203036052,0,,,False,False,ok,complete
503265394,38201,松山市,2010,528.0,200.0,0.2626865671641791,0.09950248756218906,0,,,False,False,ok,complete
503265464,38201,松山市,201,83.0,50.0,0.4129353233830846,0.24875621890547264,0,,,False,False,ok,complete
503265471,38201,松山市,953,329.0,189.0,0.34522560335781743,0.19832109129066108,0,,,False,False,ok,complete
503265472,38201,松山市,2140,744.0,343.0,0.34766355140186916,0.1602803738317757,0,,,False,False,ok,complete
503265473,38201,松山市,1422,519.0,277.0,0.3649789029535865,0.19479606188466947,0,,,False,False,ok,complete
503265474,38201,松山市,617,227.0,110.0,0.3679092382495948,0.17828200972447325,0,,,False,False,ok,complete
503265481,38201,松山市,965,327.0,166.0,0.338860103626943,0.17202072538860103,1,,503265483,False,False,ok,complete
503265482,38201,松山市,193,68.0,31.0,0.35233160621761656,0.16062176165803108,0,,,False,False,ok,complete
503265483,38201,松山市,5,,,,,2,503265481,,True,True,ok,partial
503265484,38201,松山市,84,24.0,13.0,0.2857142857142857,0.15476190476190477,0,,,False,False,ok,complete
503265491,38201,松山市,1683,425.0,234.0,0.25252525252525254,0.13903743315508021,0,,,False,False,ok,complete
503265492,38201,松山市,2555,622.0,272.0,0.24344422700587084,0.10645792563600782,0,,,False,False,ok,complete
503265493,38201,松山市,702,141.0,62.0,0.20085470085470086,0.08831908831908832,0,,,False,False,ok,complete
503265494,38201,松山市,1951,453.0,180.0,0.23218862121988723,0.09226037929267042,0,,,False,False,ok,complete
503265541,38201,松山市,4,,,,,2,503265542,,True,True,ok,partial
503265542,38201,松山市,21,14.0,9.0,0.6666666666666666,0.42857142857142855,1,,503265541,False,False,ok,complete
503265543,38201,松山市,95,64.0,36.0,0.6736842105263158,0.37894736842105264,0,,,False,False,ok,complete
503265561,38201,松山市,528,215.0,108.0,0.4071969696969697,0.20454545454545456,0,,,False,False,ok,complete
503265562,38201,松山市,161,103.0,72.0,0.639751552795031,0.4472049689440994,0,,,False,False,ok,complete
503265563,38201,松山市,387,167.0,96.0,0.4315245478036176,0.24806201550387597,0,,,False,False,ok,complete
503265571,38201,松山市,844,298.0,119.0,0.35308056872037913,0.14099526066350712,1,,503265573,False,False,ok,complete
503265572,38201,松山市,217,96.0,37.0,0.4423963133640553,0.17050691244239632,0,,,False,False,ok,complete
503265573,38201,松山市,6,,,,,2,503265571,,True,True,ok,partial
503265574,38201,松山市,63,30.0,14.0,0.47619047619047616,0.2222222222222222,0,,,False,False,ok,complete
503265582,38201,松山市,801,290.0,129.0,0.3620474406991261,0.16104868913857678,0,,,False,False,ok,complete
503265583,38201,松山市,6,,,,,2,503265584,,True,True,ok,partial
503265584,38201,松山市,28,10.0,4.0,0.35714285714285715,0.14285714285714285,1,,503265583,False,False,ok,complete
503265591,38201,松山市,337,120.0,47.0,0.3560830860534125,0.1394658753709199,0,,,False,False,ok,complete
503265592,38201,松山市,832,224.0,106.0,0.2692307692307692,0.12740384615384615,0,,,False,False,ok,complete
503265593,38201,松山市,499,192.0,86.0,0.3847695390781563,0.17234468937875752,0,,,False,False,ok,complete
503265594,38201,松山市,74,41.0,33.0,0.5540540540540541,0.44594594594594594,0,,,False,False,ok,complete
503265634,38201,松山市,5,,,,,2,503265641,,True,True,ok,partial
503265641,38201,松山市,105,60.0,37.0,0.5714285714285714,0.3523809523809524,1,,503265634;503265643,False,False,ok,complete
503265661,38201,松山市,434,222.0,120.0,0.511520737327189,0.2764976958525346,0,,,False,False,ok,complete
503265663,38201,松山市,175,73.0,27.0,0.41714285714285715,0.15428571428571428,0,,,False,False,ok,complete
503265664,38201,松山市,104,31.0,15.0,0.2980769230769231,0.14423076923076922,0,,,False,False,ok,complete
503265671,38201,松山市,40,18.0,8.0,0.45,0.2,0,,,False,False,ok,complete
503265672,38201,松山市,225,119.0,59.0,0.5288888888888889,0.26222222222222225,1,,503265673;503265674,False,False,ok,complete
503265673,38201,松山市,7,,,,,2,503265672,,True,True,ok,partial
503265674,38201,松山市,7,,,,,2,503265672,,True,True,ok,partial
503265681,38201,松山市,221,119.0,75.0,0.5384615384615384,0.3393665158371041,0,,,False,False,ok,complete
503265682,38201,松山市,308,163.0,97.0,0.5292207792207793,0.31493506493506496,0,,,False,False,ok,complete
503265683,38201,松山市,449,172.0,76.0,0.3830734966592428,0.16926503340757237,0,,,False,False,ok,complete
503265684,38201,松山市,442,124.0,53.0,0.28054298642533937,0.11990950226244344,0,,,False,False,ok,complete
503265691,38201,松山市,589,175.0,91.0,0.29711375212224106,0.15449915110356535,0,,,False,False,ok,complete
503265692,38201,松山市,413,65.0,32.0,0.15738498789346247,0.0774818401937046,0,,,False,False,ok,complete
503265693,38201,松山市,1447,465.0,236.0,0.3213545266067726,0.1630960608154803,0,,,False,False,ok,complete
503265694,38201,松山市,1136,119.0,53.0,0.10475352112676056,0.04665492957746479,0,,,False,False,ok,complete
503265711,38201,松山市,33,26.0,14.0,0.7878787878787878,0.42424242424242425,0,,,False,False,ok,complete
503265734,38201,松山市,13,5.0,1.0,0.38461538461538464,0.07692307692307693,0,,,False,False,ok,complete
503265772,38201,松山市,243,85.0,22.0,0.3497942386831276,0.09053497942386832,0,,,False,False,ok,complete
503265774,38201,松山市,163,55.0,22.0,0.3374233128834356,0.13496932515337423,0,,,False,False,ok,complete
503265781,38201,松山市,1603,577.0,261.0,0.3599500935745477,0.16281971303805365,0,,,False,False,ok,complete
503265782,38201,松山市,120,35.0,14.0,0.2916666666666667,0.11666666666666667,0,,,False,False,ok,complete
503265783,38201,松山市,1241,293.0,107.0,0.23609991941982272,0.0862207896857373,0,,,False,False,ok,complete
503265784,38201,松山市,807,330.0,144.0,0.40892193308550184,0.17843866171003717,0,,,False,False,ok,complete
503265791,38201,松山市,827,210.0,86.0,0.2539298669891173,0.10399032648125756,0,,,False,False,ok,complete
503265792,38201,松山市,1127,307.0,156.0,0.2724046140195209,0.13842058562555457,0,,,False,False,ok,complete
503265793,38201,松山市,324,98.0,31.0,0.30246913580246915,0.09567901234567901,0,,,False,False,ok,complete
503265794,38201,松山市,1115,238.0,89.0,0.21345291479820627,0.07982062780269059,0,,,False,False,ok,complete
503265831,38201,松山市,68,50.0,32.0,0.7352941176470589,0.47058823529411764,0,,,False,False,ok,complete
503265832,38201,松山市,21,8.0,8.0,0.38095238095238093,0.38095238095238093,0,,,False,False,ok,complete
503265842,38201,松山市,113,78.0,52.0,0.6902654867256637,0.46017699115044247,0,,,False,False,ok,complete
503265843,38201,松山市,72,43.0,30.0,0.5972222222222222,0.4166666666666667,0,,,False,False,ok,complete
503265844,38201,松山市,47,24.0,14.0,0.5106382978723404,0.2978723404255319,0,,,False,False,ok,complete
503265881,38201,松山市,66,15.0,5.0,0.22727272727272727,0.07575757575757576,0,,,False,False,ok,complete
503265891,38201,松山市,1104,372.0,158.0,0.33695652173913043,0.1431159420289855,0,,,False,False,ok,complete
503265943,38201,松山市,2,,,,,2,503265941,,True,True,ok,partial
503265944,38201,松山市,6,,,,,2,503265941,,True,True,ok,partial
503266001,38201,松山市,1833,387.0,179.0,0.21112929623567922,0.09765411893071467,0,,,False,False,ok,complete
503266002,38201,松山市,2758,559.0,274.0,0.20268310369833212,0.09934735315445975,0,,,False,False,ok,complete
503266003,38201,松山市,1389,384.0,178.0,0.27645788336933047,0.12814974802015838,0,,,False,False,ok,complete
503266004,38201,松山市,1381,359.0,187.0,0.25995655322230266,0.13540912382331644,0,,,False,False,ok,complete
503266011,38201,松山市,1742,543.0,292.0,0.31171067738231917,0.16762342135476463,0,,,False,False,ok,complete
503266012,38201,松山市,2910,826.0,453.0,0.2838487972508591,0.1556701030927835,0,,,False,False,ok,complete
503266013,38201,松山市,521,135.0,55.0,0.2591170825335892,0.10556621880998081,0,,,False,False,ok,complete
503266014,38201,松山市,1523,323.0,165.0,0.21208141825344715,0.10833880499015101,0,,,False,False,ok,complete
503266021,38201,松山市,1692,467.0,240.0,0.2760047281323877,0.14184397163120568,0,,,False,False,ok,complete
503266022,38201,松山市,2253,553.0,248.0,0.24545051043053706,0.11007545494895694,0,,,False,False,ok,complete
503266023,38201,松山市,2745,644.0,341.0,0.23460837887067396,0.12422586520947176,0,,,False,False,ok,complete
503266024,38201,松山市,1825,493.0,250.0,0.27013698630136984,0.136986301369863,0,,,False,False,ok,complete
503266031,38201,松山市,2410,582.0,303.0,0.24149377593360996,0.12572614107883817,0,,,False,False,ok,complete
503266032,38201,松山市,2128,572.0,294.0,0.26879699248120303,0.13815789473684212,0,,,False,False,ok,complete
503266033,38201,松山市,1421,305.0,178.0,0.21463757916959889,0.12526389866291343,0,,,False,False,ok,complete
503266034,38201,松山市,1740,471.0,253.0,0.2706896551724138,0.1454022988505747,0,,,False,False,ok,complete
503266041,38201,松山市,1112,427.0,265.0,0.3839928057553957,0.2383093525179856,0,,,False,False,ok,complete
503266043,38201,松山市,1435,376.0,176.0,0.2620209059233449,0.12264808362369338,0,,,False,False,ok,complete
503266044,38201,松山市,285,89.0,59.0,0.312280701754386,0.20701754385964913,1,,503266053,False,False,ok,complete
503266053,38201,松山市,7,,,,,2,503266044,,True,True,ok,partial
503266081,38201,松山市,14,11.0,4.0,0.7857142857142857,0.2857142857142857,0,,,False,False,ok,complete
503266083,38201,松山市,12,6.0,3.0,0.5,0.25,0,,,False,False,ok,complete
503266101,38201,松山市,2418,539.0,230.0,0.2229114971050455,0.09511993382961124,0,,,False,False,ok,complete
503266102,38201,松山市,2024,430.0,233.0,0.2124505928853755,0.11511857707509882,0,,,False,False,ok,complete
503266103,38201,松山市,2599,621.0,287.0,0.23893805309734514,0.1104270873412851,0,,,False,False,ok,complete
503266104,38201,松山市,3627,692.0,358.0,0.1907912875654811,0.09870416322029225,0,,,False,False,ok,complete
503266111,38201,松山市,15,4.0,3.0,0.26666666666666666,0.2,0,,,False,False,ok,complete
503266112,38201,松山市,3059,553.0,254.0,0.18077803203661327,0.08303367113435764,0,,,False,False,ok,complete
503266113,38201,松山市,2950,348.0,197.0,0.11796610169491525,0.06677966101694915,0,,,False,False,ok,complete
503266114,38201,松山市,2333,421.0,214.0,0.18045435062151735,0.09172738962708958,0,,,False,False,ok,complete
503266121,38201,松山市,2762,619.0,332.0,0.22411296162201302,0.12020275162925416,0,,,False,False,ok,complete
503266122,38201,松山市,2165,438.0,212.0,0.2023094688221709,0.09792147806004618,0,,,False,False,ok,complete
503266123,38201,松山市,2006,518.0,278.0,0.25822532402791626,0.13858424725822532,0,,,False,False,ok,complete
503266124,38201,松山市,2042,549.0,305.0,0.26885406464250733,0.1493633692458374,0,,,False,False,ok,complete
503266131,38201,松山市,2605,700.0,398.0,0.2687140115163148,0.1527831094049904,0,,,False,False,ok,complete
503266132,38201,松山市,1359,360.0,185.0,0.26490066225165565,0.13612950699043413,0,,,False,False,ok,complete
503266133,38201,松山市,1737,402.0,209.0,0.231433506044905,0.1203223949337939,0,,,False,False,ok,complete
503266134,38201,松山市,871,265.0,139.0,0.30424799081515497,0.15958668197474168,0,,,False,False,ok,complete
503266141,38201,松山市,1775,477.0,207.0,0.26873239436619717,0.11661971830985915,0,,,False,False,ok,complete
503266142,38201,松山市,574,253.0,119.0,0.44076655052264807,0.2073170731707317,1,,503266153,False,False,ok,complete
503266143,38201,松山市,1690,610.0,335.0,0.3609467455621302,0.19822485207100593,0,,,False,False,ok,complete
503266144,38201,松山市,612,230.0,114.0,0.3758169934640523,0.18627450980392157,0,,,False,False,ok,complete
503266153,38201,松山市,2,,,,,2,503266142,,True,True,ok,partial
503266201,38201,松山市,2910,711.0,331.0,0.2443298969072165,0.11374570446735395,0,,,False,False,ok,complete
503266202,38201,松山市,4143,852.0,449.0,0.2056480811006517,0.10837557325609462,0,,,False,False,ok,complete
503266203,38201,松山市,2415,572.0,268.0,0.23685300207039336,0.11097308488612836,0,,,False,False,ok,complete
503266204,38201,松山市,3488,687.0,338.0,0.19696100917431192,0.09690366972477064,0,,,False,False,ok,complete
503266211,38201,松山市,2326,334.0,176.0,0.14359415305245055,0.07566638005159071,0,,,False,False,ok,complete
503266212,38201,松山市,1208,193.0,82.0,0.1597682119205298,0.06788079470198675,0,,,False,False,ok,complete
503266213,38201,松山市,1107,331.0,164.0,0.2990063233965673,0.14814814814814814,0,,,False,False,ok,complete
503266214,38201,松山市,140,40.0,10.0,0.2857142857142857,0.07142857142857142,0,,,False,False,ok,complete
503266221,38201,松山市,3058,541.0,298.0,0.17691301504251145,0.0974493132766514,0,,,False,False,ok,complete
503266222,38201,松山市,1787,499.0,258.0,0.2792389479574706,0.14437604924454392,0,,,False,False,ok,complete
503266223,38201,松山市,1964,525.0,287.0,0.26731160896130346,0.14613034623217921,0,,,False,False,ok,complete
503266224,38201,松山市,996,331.0,169.0,0.33232931726907633,0.16967871485943775,0,,,False,False,ok,complete
503266231,38201,松山市,148,45.0,21.0,0.30405405405405406,0.14189189189189189,0,,,False,False,ok,complete
503266232,38201,松山市,24,9.0,3.0,0.375,0.125,0,,,False,False,ok,complete
503266233,38201,松山市,472,112.0,58.0,0.23728813559322035,0.1228813559322034,0,,,False,False,ok,complete
503266241,38201,松山市,946,439.0,272.0,0.46405919661733613,0.28752642706131076,0,,,False,False,ok,complete
503266242,38201,松山市,667,239.0,108.0,0.3583208395802099,0.1619190404797601,0,,,False,False,ok,complete
503266243,38201,松山市,9,,,,,2,503266244,,True,True,ok,partial
503266244,38201,松山市,485,168.0,87.0,0.3463917525773196,0.17938144329896907,1,,503266243,False,False,ok,complete
503266253,38201,松山市,29,16.0,9.0,0.5517241379310345,0.3103448275862069,0,,,False,False,ok,complete
503266301,38201,松山市,1868,332.0,136.0,0.1777301927194861,0.0728051391862955,0,,,False,False,ok,complete
503266302,38201,松山市,2280,601.0,327.0,0.26359649122807016,0.14342105263157895,0,,,False,False,ok,complete
503266303,38201,松山市,1324,263.0,136.0,0.1986404833836858,0.1027190332326284,0,,,False,False,ok,complete
503266304,38201,松山市,2396,447.0,195.0,0.1865609348914858,0.08138564273789649,0,,,False,False,ok,complete
503266311,38201,松山市,178,56.0,27.0,0.3146067415730337,0.15168539325842698,0,,,False,False,ok,complete
503266312,38201,松山市,204,52.0,21.0,0.2549019607843137,0.10294117647058823,0,,,False,False,ok,complete
503266313,38201,松山市,184,43.0,21.0,0.23369565217391305,0.11413043478260869,0,,,False,False,ok,complete
503266314,38201,松山市,458,291.0,234.0,0.6353711790393013,0.5109170305676856,0,,,False,False,ok,complete
503266321,38201,松山市,758,306.0,205.0,0.40369393139841686,0.2704485488126649,0,,,False,False,ok,complete
503266322,38201,松山市,12,6.0,5.0,0.5,0.4166666666666667,0,,,False,False,ok,complete
503266323,38201,松山市,133,38.0,24.0,0.2857142857142857,0.18045112781954886,0,,,False,False,ok,complete
503266324,38201,松山市,675,57.0,18.0,0.08444444444444445,0.02666666666666667,0,,,False,False,ok,complete
503266331,38201,松山市,186,113.0,86.0,0.6075268817204301,0.46236559139784944,0,,,False,False,ok,complete
503266332,38201,松山市,15,9.0,2.0,0.6,0.13333333333333333,0,,,False,False,ok,complete
503266333,38201,松山市,356,34.0,18.0,0.09550561797752809,0.05056179775280899,0,,,False,False,ok,complete
503266341,38201,松山市,11,,,,,2,503266343,,True,True,ok,partial
503266342,38201,松山市,39,9.0,1.0,0.23076923076923078,0.02564102564102564,0,,,False,False,ok,complete
503266343,38201,松山市,11,,,,,1,,503266341,True,True,inconsistent_with_total,partial
503266351,38201,松山市,140,46.0,28.0,0.32857142857142857,0.2,0,,,False,False,ok,complete
503266352,38201,松山市,14,1.0,0.0,0.07142857142857142,0.0,0,,,False,False,ok,complete
503266353,38201,松山市,441,184.0,112.0,0.41723356009070295,0.25396825396825395,0,,,False,False,ok,complete
503266354,38201,松山市,54,19.0,13.0,0.35185185185185186,0.24074074074074073,0,,,False,False,ok,complete
503266401,38201,松山市,1799,405.0,158.0,0.22512506948304614,0.08782657031684268,0,,,False,False,ok,complete
503266402,38201,松山市,1918,522.0,248.0,0.2721584984358707,0.12930135557872785,0,,,False,False,ok,complete
503266403,38201,松山市,1439,448.0,228.0,0.3113273106323836,0.15844336344683807,0,,,False,False,ok,complete
503266404,38201,松山市,2236,511.0,194.0,0.22853309481216458,0.08676207513416816,0,,,False,False,ok,complete
503266411,38201,松山市,164,113.0,98.0,0.6890243902439024,0.5975609756097561,0,,,False,False,ok,complete
503266412,38201,松山市,34,13.0,12.0,0.38235294117647056,0.35294117647058826,0,,,False,False,ok,complete
503266413,38201,松山市,261,92.0,45.0,0.3524904214559387,0.1724137931034483,0,,,False,False,ok,complete
503266421,38201,松山市,10,,,,,2,503266423,,True,True,ok,partial
503266422,38201,松山市,435,45.0,20.0,0.10344827586206896,0.04597701149425287,0,,,False,False,ok,complete
503266423,38201,松山市,916,285.0,110.0,0.3111353711790393,0.12008733624454149,1,,503266421,False,False,ok,complete
503266424,38201,松山市,144,66.0,45.0,0.4583333333333333,0.3125,0,,,False,False,ok,complete
503266431,38201,松山市,385,27.0,11.0,0.07012987012987013,0.02857142857142857,0,,,False,False,ok,complete
503266432,38201,松山市,58,18.0,8.0,0.3103448275862069,0.13793103448275862,0,,,False,False,ok,complete
503266433,38201,松山市,695,268.0,117.0,0.3856115107913669,0.1683453237410072,0,,,False,False,ok,complete
503266434,38201,松山市,15,10.0,6.0,0.6666666666666666,0.4,0,,,False,False,ok,complete
503266441,38201,松山市,3,,,,,2,503266443,,True,True,ok,partial
503266442,38201,松山市,179,45.0,24.0,0.25139664804469275,0.1340782122905028,0,,,False,False,ok,complete
503266443,38201,松山市,163,76.0,33.0,0.4662576687116564,0.20245398773006135,1,,503266441,False,False,ok,complete
503266444,38201,松山市,453,187.0,75.0,0.41280353200883,0.16556291390728478,0,,,False,False,ok,complete
503266451,38201,松山市,1366,431.0,158.0,0.31551976573938506,0.11566617862371889,0,,,False,False,ok,complete
503266452,38201,松山市,97,29.0,10.0,0.29896907216494845,0.10309278350515463,0,,,False,False,ok,complete
503266453,38201,松山市,502,97.0,31.0,0.19322709163346613,0.061752988047808766,0,,,False,False,ok,complete
503266454,38201,松山市,1162,75.0,23.0,0.06454388984509467,0.019793459552495698,0,,,False,False,ok,complete
503266464,38201,松山市,24,16.0,7.0,0.6666666666666666,0.2916666666666667,1,,503266571,False,False,ok,complete
503266501,38201,松山市,1776,429.0,225.0,0.24155405405405406,0.1266891891891892,0,,,False,False,ok,complete
503266502,38201,松山市,675,171.0,100.0,0.25333333333333335,0.14814814814814814,1,,503266504,False,False,ok,complete
503266503,38201,松山市,528,168.0,84.0,0.3181818181818182,0.1590909090909091,0,,,False,False,ok,complete
503266504,38201,松山市,3,,,,,2,503266502,,True,True,ok,partial
503266511,38201,松山市,138,60.0,32.0,0.43478260869565216,0.2318840579710145,0,,,False,False,ok,complete
503266513,38201,松山市,8,,,,,2,503266514,,True,True,ok,partial
503266514,38201,松山市,40,18.0,8.0,0.45,0.2,1,,503266513,False,False,ok,complete
503266521,38201,松山市,288,88.0,40.0,0.3055555555555556,0.1388888888888889,0,,,False,False,ok,complete
503266522,38201,松山市,104,38.0,16.0,0.36538461538461536,0.15384615384615385,0,,,False,False,ok,complete
503266523,38201,松山市,13,5.0,3.0,0.38461538461538464,0.23076923076923078,0,,,False,False,ok,complete
503266531,38201,松山市,334,151.0,72.0,0.45209580838323354,0.2155688622754491,1,,503266533,False,False,ok,complete
503266532,38201,松山市,254,110.0,60.0,0.4330708661417323,0.23622047244094488,0,,,False,False,ok,complete
503266533,38201,松山市,1,,,,,2,503266531,,True,True,ok,partial
503266534,38201,松山市,67,31.0,18.0,0.4626865671641791,0.26865671641791045,0,,,False,False,ok,complete
503266541,38201,松山市,147,30.0,15.0,0.20408163265306123,0.10204081632653061,0,,,False,False,ok,complete
503266542,38201,松山市,254,119.0,47.0,0.468503937007874,0.18503937007874016,0,,,False,False,ok,complete
503266543,38201,松山市,34,16.0,8.0,0.47058823529411764,0.23529411764705882,0,,,False,False,ok,complete
503266554,38201,松山市,4,,,,,2,503266652,,True,True,ok,partial
503266571,38201,松山市,8,,,,,2,503266464,,True,True,ok,partial
503266583,38201,松山市,4,,,,,2,503266681,,True,True,ok,partial
503266591,38201,松山市,5,,,,,2,503266593,,True,True,ok,partial
503266593,38201,松山市,13,9.0,2.0,0.6923076923076923,0.15384615384615385,1,,503266591,False,False,ok,complete
503266601,38201,松山市,366,102.0,50.0,0.2786885245901639,0.1366120218579235,0,,,False,False,ok,complete
503266603,38201,松山市,428,147.0,87.0,0.34345794392523366,0.20327102803738317,0,,,False,False,ok,complete
503266611,38201,松山市,11,10.0,6.0,0.9090909090909091,0.5454545454545454,1,,503266614,False,False,ok,complete
503266612,38201,松山市,21,11.0,6.0,0.5238095238095238,0.2857142857142857,0,,,False,False,ok,complete
503266614,38201,松山市,7,,,,,2,503266611,,True,True,ok,partial
503266631,38201,松山市,14,8.0,4.0,0.5714285714285714,0.2857142857142857,0,,,False,False,ok,complete
503266632,38201,松山市,38,21.0,9.0,0.5526315789473685,0.23684210526315788,0,,,False,False,ok,complete
503266641,38201,松山市,3,,,,,2,503266643,,True,True,ok,partial
503266642,38201,松山市,4,,,,,2,503266643,,True,True,ok,partial
503266643,38201,松山市,109,49.0,27.0,0.44954128440366975,0.24770642201834864,1,,503266641;503266642,False,False,ok,complete
503266652,38201,松山市,7,,,,,1,,503266554,True,True,inconsistent_with_total,partial
503266661,38201,松山市,6,,,,,2,503266662,,True,True,ok,partial
503266662,38201,松山市,20,18.0,10.0,0.9,0.5,1,,503266661;503266663;503266664,False,False,ok,complete
503266663,38201,松山市,2,,,,,2,503266662,,True,True,ok,partial
503266664,38201,松山市,2,,,,,2,503266662,,True,True,ok,partial
503266681,38201,松山市,15,,,,,1,,503266583;503266682,True,True,inconsistent_with_total,partial
503266682,38201,松山市,2,,,,,2,503266681,,True,True,ok,partial
503266691,38201,松山市,9,4.0,2.0,0.4444444444444444,0.2222222222222222,0,,,False,False,ok,complete
503266694,38201,松山市,9,6.0,2.0,0.6666666666666666,0.2222222222222222,0,,,False,False,ok,complete
503266701,38201,松山市,385,193.0,91.0,0.5012987012987012,0.23636363636363636,0,,,False,False,ok,complete
503266702,38201,松山市,74,22.0,11.0,0.2972972972972973,0.14864864864864866,0,,,False,False,ok,complete
503266703,38201,松山市,544,188.0,88.0,0.34558823529411764,0.16176470588235295,0,,,False,False,ok,complete
503266704,38201,松山市,545,174.0,89.0,0.3192660550458716,0.163302752293578,0,,,False,False,ok,complete
503266711,38201,松山市,27,,,,,1,,503266712;503266714,True,True,inconsistent_with_total,partial
503266712,38201,松山市,80,,,,,2,503266711,,True,True,ok,partial
503266713,38201,松山市,323,104.0,41.0,0.3219814241486068,0.12693498452012383,0,,,False,False,ok,complete
503266714,38201,松山市,2,,,,,2,503266711,,True,True,ok,partial
503266731,38201,松山市,2,,,,,2,503266822,,True,True,ok,partial
503266733,38201,松山市,3,,,,,2,503266822,,True,True,ok,partial
503266741,38201,松山市,42,19.0,10.0,0.4523809523809524,0.23809523809523808,0,,,False,False,ok,complete
503266742,38201,松山市,31,15.0,6.0,0.4838709677419355,0.1935483870967742,0,,,False,False,ok,complete
503266754,38201,松山市,15,5.0,4.0,0.3333333333333333,0.26666666666666666,0,,,False,False,ok,complete
503266774,38201,松山市,9,7.0,5.0,0.7777777777777778,0.5555555555555556,0,,,False,False,ok,complete
503266784,38201,松山市,37,20.0,8.0,0.5405405405405406,0.21621621621621623,0,,,False,False,ok,complete
503266792,38201,松山市,9,8.0,7.0,0.8888888888888888,0.7777777777777778,0,,,False,False,ok,complete
503266793,38201,松山市,12,10.0,2.0,0.8333333333333334,0.16666666666666666,1,,503266794,False,False,ok,complete
503266794,38201,松山市,6,,,,,2,503266793,,True,True,ok,partial
503266801,38201,松山市,1220,284.0,111.0,0.23278688524590163,0.09098360655737706,0,,,False,False,ok,complete
503266802,38201,松山市,357,145.0,75.0,0.4061624649859944,0.21008403361344538,0,,,False,False,ok,complete
503266803,38201,松山市,1717,493.0,228.0,0.2871287128712871,0.13278974956319162,0,,,False,False,ok,complete
503266804,38201,松山市,85,29.0,14.0,0.3411764705882353,0.16470588235294117,0,,,False,False,ok,complete
503266811,38201,松山市,312,102.0,72.0,0.3269230769230769,0.23076923076923078,0,,,False,False,ok,complete
503266813,38201,松山市,219,137.0,121.0,0.6255707762557078,0.5525114155251142,0,,,False,False,ok,complete
503266822,38201,松山市,46,25.0,18.0,0.5434782608695652,0.391304347826087,1,,503266731;503266733;503266832;503266833,False,False,ok,complete
503266823,38201,松山市,19,9.0,3.0,0.47368421052631576,0.15789473684210525,0,,,False,False,ok,complete
503266824,38201,松山市,112,53.0,33.0,0.4732142857142857,0.29464285714285715,0,,,False,False,ok,complete
503266832,38201,松山市,1,,,,,2,503266822,,True,True,ok,partial
503266833,38201,松山市,5,,,,,2,503266822,,True,True,ok,partial
503266841,38201,松山市,12,4.0,2.0,0.3333333333333333,0.16666666666666666,0,,,False,False,ok,complete
503266842,38201,松山市,224,152.0,102.0,0.6785714285714286,0.45535714285714285,0,,,False,False,ok,complete
503266844,38201,松山市,96,38.0,18.0,0.3958333333333333,0.1875,1,,503266942,False,False,ok,complete
503266851,38201,松山市,89,45.0,29.0,0.5056179775280899,0.3258426966292135,1,,503266852;503266853,False,False,ok,complete
503266852,38201,松山市,4,,,,,2,503266851,,True,True,ok,partial
503266853,38201,松山市,2,,,,,2,503266851,,True,True,ok,partial
503266861,38201,松山市,40,19.0,11.0,0.475,0.275,0,,,False,False,ok,complete
503266881,38201,松山市,3,,,,,2,503266882,,True,True,ok,partial
503266882,38201,松山市,8,,,,,1,,503266881,True,True,inconsistent_with_total,partial
503266891,38201,松山市,9,3.0,2.0,0.3333333333333333,0.2222222222222222,0,,,False,False,ok,complete
503266892,38201,松山市,46,27.0,15.0,0.5869565217391305,0.32608695652173914,0,,,False,False,ok,complete
503266894,38201,松山市,15,,,,,1,,503266992,True,True,inconsistent_with_total,partial
503266904,38201,松山市,9,,,,,2,503266901,,True,True,ok,partial
503266924,38201,松山市,7,,,,,2,503266931,,True,True,ok,partial
503266931,38201,松山市,26,12.0,9.0,0.46153846153846156,0.34615384615384615,1,,503266924,False,False,ok,complete
503266932,38201,松山市,11,3.0,2.0,0.2727272727272727,0.18181818181818182,0,,,False,False,ok,complete
503266942,38201,松山市,2,,,,,2,503266844,,True,True,ok,partial
503266952,38201,松山市,15,6.0,2.0,0.4,0.13333333333333333,0,,,False,False,ok,complete
503266961,38201,松山市,8,,,,,2,503266963,,True,True,ok,partial
503266963,38201,松山市,10,9.0,9.0,0.9,0.9,1,,503266961,False,False,ok,complete
503266992,38201,松山市,4,,,,,2,503266894,,True,True,ok,partial
503267082,38206,西条市,3,,,,,2,503267592,,True,True,ok,partial
503267091,38206,西条市,4,,,,,2,503267592,,True,True,ok,partial
503267182,38206,西条市,2,,,,,2,503267294,,True,True,ok,partial
503267184,38206,西条市,4,,,,,2,503267294,,True,True,ok,partial
503267292,38206,西条市,3,,,,,2,503267294,,True,True,ok,partial
503267294,38206,西条市,24,17.0,5.0,0.7083333333333334,0.20833333333333334,1,,503267182;503267184;503267292;503267392,False,False,ok,complete
503267392,38206,西条市,2,,,,,2,503267294,,True,True,ok,partial
503267592,38206,西条市,9,8.0,4.0,0.8888888888888888,0.4444444444444444,1,,503267082;503267091,False,False,ok,complete
503267803,38201,松山市,3,,,,,2,503267452,,True,True,ok,partial
503267901,38201,松山市,8,,,,,2,503267452,,True,True,ok,partial
503274124,38201,松山市,1,,,,,2,503274133,,True,True,ok,partial
503274231,38201,松山市,33,26.0,19.0,0.7878787878787878,0.5757575757575758,0,,,False,False,ok,complete
503274481,38201,松山市,128,81.0,39.0,0.6328125,0.3046875,0,,,False,False,ok,complete
503274482,38201,松山市,60,33.0,15.0,0.55,0.25,0,,,False,False,ok,complete
503274483,38201,松山市,28,25.0,12.0,0.8928571428571429,0.42857142857142855,0,,,False,False,ok,complete
503274484,38201,松山市,9,6.0,3.0,0.6666666666666666,0.3333333333333333,0,,,False,False,ok,complete
503274564,38201,松山市,2,,,,,2,503274662,,True,True,ok,partial
503274582,38201,松山市,26,23.0,15.0,0.8846153846153846,0.5769230769230769,0,,,False,False,ok,complete
503274591,38201,松山市,35,23.0,14.0,0.6571428571428571,0.4,0,,,False,False,ok,complete
503274592,38201,松山市,33,22.0,17.0,0.6666666666666666,0.5151515151515151,0,,,False,False,ok,complete
503274594,38201,松山市,23,17.0,6.0,0.7391304347826086,0.2608695652173913,0,,,False,False,ok,complete
503274671,38201,松山市,43,18.0,9.0,0.4186046511627907,0.20930232558139536,0,,,False,False,ok,complete
503274673,38201,松山市,38,16.0,9.0,0.42105263157894735,0.23684210526315788,0,,,False,False,ok,complete
503274674,38201,松山市,20,10.0,4.0,0.5,0.2,1,,503274772,False,False,ok,complete
503274694,38201,松山市,53,34.0,20.0,0.6415094339622641,0.37735849056603776,0,,,False,False,ok,complete
503274702,38201,松山市,46,32.0,21.0,0.6956521739130435,0.45652173913043476,0,,,False,False,ok,complete
503274704,38201,松山市,81,57.0,32.0,0.7037037037037037,0.3950617283950617,0,,,False,False,ok,complete
503274731,38201,松山市,135,102.0,51.0,0.7555555555555555,0.37777777777777777,0,,,False,False,ok,complete
503274781,38201,松山市,15,10.0,4.0,0.6666666666666666,0.26666666666666666,0,,,False,False,ok,complete
503274783,38201,松山市,111,53.0,28.0,0.4774774774774775,0.25225225225225223,0,,,False,False,ok,complete
503274792,38201,松山市,21,12.0,7.0,0.5714285714285714,0.3333333333333333,0,,,False,False,ok,complete
503274811,38201,松山市,34,26.0,16.0,0.7647058823529411,0.47058823529411764,1,,503274812,False,False,ok,complete
503274841,38201,松山市,9,,,,,2,503274842,,True,True,ok,partial
503274842,38201,松山市,9,,,,,1,,503274841,True,True,inconsistent_with_total,partial
503274884,38201,松山市,19,15.0,8.0,0.7894736842105263,0.42105263157894735,0,,,False,False,ok,complete
503274893,38201,松山市,5,,,,,2,503274894,,True,True,ok,partial
503274894,38201,松山市,11,9.0,4.0,0.8181818181818182,0.36363636363636365,1,,503274893,False,False,ok,complete
503275052,38201,松山市,1,,,,,2,503275054,,True,True,ok,partial
503275434,38201,松山市,22,22.0,16.0,1.0,0.7272727272727273,0,,,False,False,ok,complete
503275501,38201,松山市,108,102.0,94.0,0.9444444444444444,0.8703703703703703,0,,,False,False,ok,complete
503275503,38201,松山市,44,14.0,10.0,0.3181818181818182,0.22727272727272727,0,,,False,False,ok,complete
503275531,38201,松山市,23,21.0,15.0,0.9130434782608695,0.6521739130434783,0,,,False,False,ok,complete
503275601,38201,松山市,266,178.0,113.0,0.6691729323308271,0.424812030075188,0,,,False,False,ok,complete
503275602,38201,松山市,16,11.0,3.0,0.6875,0.1875,0,,,False,False,ok,complete
503275603,38201,松山市,297,212.0,142.0,0.7138047138047138,0.4781144781144781,0,,,False,False,ok,complete
503275701,38201,松山市,348,209.0,128.0,0.6005747126436781,0.367816091954023,0,,,False,False,ok,complete
503275702,38201,松山市,23,18.0,8.0,0.782608695652174,0.34782608695652173,1,,503275704;503275713,False,False,ok,complete
503275704,38201,松山市,4,,,,,2,503275702,,True,True,ok,partial
503275902,38201,松山市,7,,,,,2,503275911,,True,True,ok,partial
503276004,38201,松山市,199,101.0,50.0,0.507537688442211,0.25125628140703515,0,,,False,False,ok,complete
503276011,38201,松山市,107,62.0,28.0,0.5794392523364486,0.2616822429906542,0,,,False,False,ok,complete
503276013,38201,松山市,369,190.0,93.0,0.5149051490514905,0.25203252032520324,0,,,False,False,ok,complete
503276022,38201,松山市,16,6.0,3.0,0.375,0.1875,1,,503276024,False,False,ok,complete
503276024,38201,松山市,13,,,,,2,503276022,,True,True,ok,partial
503276031,38201,松山市,19,11.0,7.0,0.5789473684210527,0.3684210526315789,0,,,False,False,ok,complete
503276032,38201,松山市,17,15.0,8.0,0.8823529411764706,0.47058823529411764,0,,,False,False,ok,complete
503276033,38201,松山市,27,12.0,3.0,0.4444444444444444,0.1111111111111111,1,,503276034,False,False,ok,complete
503276034,38201,松山市,2,,,,,2,503276033,,True,True,ok,partial
503276043,38201,松山市,22,9.0,6.0,0.4090909090909091,0.2727272727272727,0,,,False,False,ok,complete
503276052,38201,松山市,3,,,,,2,503276054,,True,True,ok,partial
503276054,38201,松山市,12,,,,,1,,503276052;503276061;503276063,True,True,inconsistent_with_total,partial
503276061,38201,松山市,7,,,,,2,503276054,,True,True,ok,partial
503276063,38201,松山市,4,,,,,2,503276054,,True,True,ok,partial
503276092,38201,松山市,11,9.0,9.0,0.8181818181818182,0.8181818181818182,0,,,False,False,ok,complete
503276111,38201,松山市,190,120.0,88.0,0.631578947368421,0.4631578947368421,0,,,False,False,ok,complete
503276112,38201,松山市,32,16.0,3.0,0.5,0.09375,0,,,False,False,ok,complete
503276113,38201,松山市,469,149.0,74.0,0.31769722814498935,0.15778251599147122,0,,,False,False,ok,complete
503276114,38201,松山市,172,35.0,20.0,0.20348837209302326,0.11627906976744186,0,,,False,False,ok,complete
503276121,38201,松山市,9,,,,,2,503276123,,True,True,ok,partial
503276122,38201,松山市,110,42.0,20.0,0.38181818181818183,0.18181818181818182,0,,,False,False,ok,complete
503276123,38201,松山市,170,51.0,24.0,0.3,0.1411764705882353,1,,503276121,False,False,ok,complete
503276124,38201,松山市,48,18.0,7.0,0.375,0.14583333333333334,0,,,False,False,ok,complete
503276131,38201,松山市,42,17.0,6.0,0.40476190476190477,0.14285714285714285,0,,,False,False,ok,complete
503276133,38201,松山市,22,13.0,6.0,0.5909090909090909,0.2727272727272727,0,,,False,False,ok,complete
503276211,38201,松山市,763,174.0,67.0,0.22804718217562253,0.08781127129750983,0,,,False,False,ok,complete
503276212,38201,松山市,338,104.0,53.0,0.3076923076923077,0.15680473372781065,0,,,False,False,ok,complete
503276213,38201,松山市,987,348.0,151.0,0.3525835866261398,0.1529888551165147,0,,,False,False,ok,complete
503276214,38201,松山市,604,199.0,88.0,0.3294701986754967,0.1456953642384106,0,,,False,False,ok,complete
503276221,38201,松山市,100,35.0,21.0,0.35,0.21,0,,,False,False,ok,complete
503276223,38201,松山市,231,132.0,83.0,0.5714285714285714,0.3593073593073593,0,,,False,False,ok,complete
503276242,38201,松山市,4,,,,,2,503276341,,True,True,ok,partial
503276243,38201,松山市,5,,,,,2,503276341,,True,True,ok,partial
503276313,38201,松山市,46,30.0,15.0,0.6521739130434783,0.32608695652173914,0,,,False,False,ok,complete
503276314,38201,松山市,637,236.0,126.0,0.3704866562009419,0.1978021978021978,0,,,False,False,ok,complete
503276321,38201,松山市,256,91.0,42.0,0.35546875,0.1640625,0,,,False,False,ok,complete
503276322,38201,松山市,135,67.0,31.0,0.4962962962962963,0.22962962962962963,0,,,False,False,ok,complete
503276323,38201,松山市,80,31.0,19.0,0.3875,0.2375,0,,,False,False,ok,complete
503276324,38201,松山市,169,69.0,35.0,0.40828402366863903,0.20710059171597633,0,,,False,False,ok,complete
503276331,38201,松山市,156,42.0,21.0,0.2692307692307692,0.1346153846153846,0,,,False,False,ok,complete
503276332,38201,松山市,151,60.0,31.0,0.3973509933774834,0.2052980132450331,0,,,False,False,ok,complete
503276333,38201,松山市,343,92.0,48.0,0.26822157434402333,0.13994169096209913,0,,,False,False,ok,complete
503276334,38201,松山市,86,23.0,5.0,0.26744186046511625,0.05813953488372093,0,,,False,False,ok,complete
503276341,38201,松山市,3,,,,,1,,503276242;503276243,True,True,inconsistent_with_total,partial
503276353,38201,松山市,28,19.0,11.0,0.6785714285714286,0.39285714285714285,0,,,False,False,ok,complete
503276414,38201,松山市,747,289.0,144.0,0.3868808567603748,0.1927710843373494,0,,,False,False,ok,complete
503276421,38201,松山市,136,50.0,27.0,0.36764705882352944,0.19852941176470587,0,,,False,False,ok,complete
503276422,38201,松山市,322,121.0,69.0,0.37577639751552794,0.21428571428571427,0,,,False,False,ok,complete
503276423,38201,松山市,29,7.0,3.0,0.2413793103448276,0.10344827586206896,0,,,False,False,ok,complete
503276424,38201,松山市,64,39.0,28.0,0.609375,0.4375,0,,,False,False,ok,complete
503276431,38201,松山市,31,10.0,6.0,0.3225806451612903,0.1935483870967742,0,,,False,False,ok,complete
503276432,38201,松山市,90,34.0,14.0,0.37777777777777777,0.15555555555555556,0,,,False,False,ok,complete
503276433,38201,松山市,28,8.0,6.0,0.2857142857142857,0.21428571428571427,0,,,False,False,ok,complete
503276441,38201,松山市,17,5.0,1.0,0.29411764705882354,0.058823529411764705,0,,,False,False,ok,complete
503276451,38201,松山市,10,8.0,4.0,0.8,0.4,0,,,False,False,ok,complete
503276514,38201,松山市,738,229.0,135.0,0.31029810298102983,0.18292682926829268,0,,,False,False,ok,complete
503276521,38201,松山市,103,35.0,12.0,0.33980582524271846,0.11650485436893204,0,,,False,False,ok,complete
503276522,38201,松山市,211,54.0,28.0,0.2559241706161137,0.13270142180094788,0,,,False,False,ok,complete
503276523,38201,松山市,571,157.0,76.0,0.27495621716287216,0.1330998248686515,0,,,False,False,ok,complete
503276524,38201,松山市,206,85.0,34.0,0.41262135922330095,0.1650485436893204,0,,,False,False,ok,complete
503276531,38201,松山市,25,13.0,5.0,0.52,0.2,0,,,False,False,ok,complete
503276532,38201,松山市,21,13.0,8.0,0.6190476190476191,0.38095238095238093,1,,503276533,False,False,ok,complete
503276533,38201,松山市,2,,,,,2,503276532,,True,True,ok,partial
503276534,38201,松山市,10,8.0,2.0,0.8,0.2,0,,,False,False,ok,complete
503276542,38201,松山市,2,,,,,2,503276544,,True,True,ok,partial
503276543,38201,松山市,24,14.0,10.0,0.5833333333333334,0.4166666666666667,0,,,False,False,ok,complete
503276544,38201,松山市,25,11.0,2.0,0.44,0.08,1,,503276542,False,False,ok,complete
503276551,38201,松山市,22,14.0,8.0,0.6363636363636364,0.36363636363636365,0,,,False,False,ok,complete
503276562,38201,松山市,1,,,,,2,503276563,,True,True,ok,partial
503276563,38201,松山市,9,9.0,5.0,1.0,0.5555555555555556,1,,503276562,False,False,ok,complete
503276612,38201,松山市,609,156.0,88.0,0.2561576354679803,0.1444991789819376,0,,,False,False,ok,complete
503276614,38201,松山市,856,411.0,253.0,0.48014018691588783,0.2955607476635514,0,,,False,False,ok,complete
503276621,38201,松山市,701,152.0,71.0,0.21683309557774608,0.10128388017118402,0,,,False,False,ok,complete
503276622,38201,松山市,199,84.0,47.0,0.4221105527638191,0.23618090452261306,0,,,False,False,ok,complete
503276623,38201,松山市,1038,279.0,155.0,0.26878612716763006,0.14932562620423892,0,,,False,False,ok,complete
503276624,38201,松山市,428,194.0,133.0,0.4532710280373832,0.3107476635514019,0,,,False,False,ok,complete
503276631,38201,松山市,272,102.0,66.0,0.375,0.2426470588235294,0,,,False,False,ok,complete
503276632,38201,松山市,215,99.0,41.0,0.4604651162790698,0.19069767441860466,0,,,False,False,ok,complete
503276633,38201,松山市,159,74.0,34.0,0.46540880503144655,0.2138364779874214,0,,,False,False,ok,complete
503276634,38201,松山市,77,35.0,13.0,0.45454545454545453,0.16883116883116883,0,,,False,False,ok,complete
503276641,38201,松山市,47,18.0,11.0,0.3829787234042553,0.23404255319148937,0,,,False,False,ok,complete
503276642,38201,松山市,74,34.0,18.0,0.4594594594594595,0.24324324324324326,0,,,False,False,ok,complete
503276643,38201,松山市,130,56.0,28.0,0.4307692307692308,0.2153846153846154,0,,,False,False,ok,complete
503276653,38201,松山市,44,22.0,10.0,0.5,0.22727272727272727,0,,,False,False,ok,complete
503276654,38201,松山市,26,14.0,4.0,0.5384615384615384,0.15384615384615385,0,,,False,False,ok,complete
503276661,38201,松山市,62,39.0,19.0,0.6290322580645161,0.3064516129032258,0,,,False,False,ok,complete
503276663,38201,松山市,63,32.0,18.0,0.5079365079365079,0.2857142857142857,0,,,False,False,ok,complete
503276664,38201,松山市,14,7.0,3.0,0.5,0.21428571428571427,0,,,False,False,ok,complete
503276671,38201,松山市,41,24.0,11.0,0.5853658536585366,0.2682926829268293,0,,,False,False,ok,complete
503276673,38201,松山市,64,44.0,25.0,0.6875,0.390625,1,,503276674,False,False,ok,complete
503276674,38201,松山市,6,,,,,2,503276673,,True,True,ok,partial
503276683,38201,松山市,18,13.0,6.0,0.7222222222222222,0.3333333333333333,0,,,False,False,ok,complete
503276692,38201,松山市,2,,,,,2,503276694,,True,True,ok,partial
503276694,38201,松山市,13,12.0,8.0,0.9230769230769231,0.6153846153846154,1,,503276692,False,False,ok,complete
503276714,38201,松山市,19,5.0,3.0,0.2631578947368421,0.15789473684210525,0,,,False,False,ok,complete
503276721,38201,松山市,1256,394.0,215.0,0.31369426751592355,0.17117834394904458,0,,,False,False,ok,complete
503276722,38201,松山市,237,33.0,14.0,0.13924050632911392,0.05907172995780591,0,,,False,False,ok,complete
503276723,38201,松山市,489,187.0,93.0,0.3824130879345603,0.1901840490797546,0,,,False,False,ok,complete
503276724,38201,松山市,399,105.0,61.0,0.2631578947368421,0.15288220551378445,0,,,False,False,ok,complete
503276731,38201,松山市,98,33.0,14.0,0.336734693877551,0.14285714285714285,0,,,False,False,ok,complete
503276732,38201,松山市,72,34.0,17.0,0.4722222222222222,0.2361111111111111,0,,,False,False,ok,complete
503276733,38201,松山市,87,34.0,14.0,0.39080459770114945,0.16091954022988506,0,,,False,False,ok,complete
503276734,38201,松山市,138,66.0,41.0,0.4782608695652174,0.2971014492753623,0,,,False,False,ok,complete
503276741,38201,松山市,52,28.0,17.0,0.5384615384615384,0.3269230769230769,0,,,False,False,ok,complete
503276761,38201,松山市,37,11.0,6.0,0.2972972972972973,0.16216216216216217,0,,,False,False,ok,complete
503276762,38201,松山市,31,19.0,9.0,0.6129032258064516,0.2903225806451613,1,,503276764,False,False,ok,complete
503276764,38201,松山市,6,,,,,2,503276762,,True,True,ok,partial
503276771,38201,松山市,51,17.0,9.0,0.3333333333333333,0.17647058823529413,0,,,False,False,ok,complete
503276772,38201,松山市,21,9.0,2.0,0.42857142857142855,0.09523809523809523,0,,,False,False,ok,complete
503276781,38201,松山市,46,45.0,42.0,0.9782608695652174,0.9130434782608695,0,,,False,False,ok,complete
503276782,38201,松山市,26,20.0,9.0,0.7692307692307693,0.34615384615384615,0,,,False,False,ok,complete
503276784,38201,松山市,44,20.0,11.0,0.45454545454545453,0.25,0,,,False,False,ok,complete
503276791,38201,松山市,21,16.0,11.0,0.7619047619047619,0.5238095238095238,0,,,False,False,ok,complete
503276793,38201,松山市,6,,,,,2,503276794,,True,True,ok,partial
503276794,38201,松山市,26,25.0,17.0,0.9615384615384616,0.6538461538461539,1,,503276793,False,False,ok,complete
503276821,38201,松山市,94,23.0,13.0,0.24468085106382978,0.13829787234042554,0,,,False,False,ok,complete
503276822,38201,松山市,157,61.0,38.0,0.3885350318471338,0.24203821656050956,0,,,False,False,ok,complete
503276823,38201,松山市,145,67.0,44.0,0.46206896551724136,0.30344827586206896,1,,503276814,False,False,ok,complete
503276824,38201,松山市,31,15.0,12.0,0.4838709677419355,0.3870967741935484,0,,,False,False,ok,complete
503276831,38201,松山市,157,80.0,50.0,0.5095541401273885,0.3184713375796178,0,,,False,False,ok,complete
503276832,38201,松山市,93,51.0,27.0,0.5483870967741935,0.2903225806451613,0,,,False,False,ok,complete
503276844,38201,松山市,1,,,,,2,503276951,,True,True,ok,partial
503276853,38201,松山市,18,14.0,7.0,0.7777777777777778,0.3888888888888889,0,,,False,False,ok,complete
503276871,38201,松山市,34,24.0,13.0,0.7058823529411765,0.38235294117647056,0,,,False,False,ok,complete
503276873,38201,松山市,29,20.0,11.0,0.6896551724137931,0.3793103448275862,1,,503276874,False,False,ok,complete
503276874,38201,松山市,12,,,,,2,503276873,,True,True,ok,partial
503276914,38201,松山市,58,29.0,19.0,0.5,0.3275862068965517,1,,503276912,False,False,ok,complete
503276921,38201,松山市,17,5.0,5.0,0.29411764705882354,0.29411764705882354,0,,,False,False,ok,complete
503276922,38201,松山市,40,11.0,1.0,0.275,0.025,0,,,False,False,ok,complete
503276923,38201,松山市,19,12.0,8.0,0.631578947368421,0.42105263157894735,0,,,False,False,ok,complete
503276931,38201,松山市,19,10.0,1.0,0.5263157894736842,0.05263157894736842,0,,,False,False,ok,complete
503276933,38201,松山市,13,,,,,1,,503276934,True,True,inconsistent_with_total,partial
503276934,38201,松山市,6,,,,,2,503276933,,True,True,ok,partial
503276942,38201,松山市,4,,,,,2,503276951,,True,True,ok,partial
503276951,38201,松山市,38,31.0,13.0,0.8157894736842105,0.34210526315789475,1,,503276844;503276942;503276953,False,False,ok,complete
503276952,38201,松山市,5,,,,,2,503276954,,True,True,ok,partial
503276953,38201,松山市,4,,,,,2,503276951,,True,True,ok,partial
503276954,38201,松山市,14,6.0,2.0,0.42857142857142855,0.14285714285714285,1,,503276952,False,False,ok,complete
503276971,38201,松山市,12,,,,,2,503276972,,True,True,ok,partial
503276972,38201,松山市,32,28.0,14.0,0.875,0.4375,1,,503276971,False,False,ok,complete
503277002,38201,松山市,21,13.0,5.0,0.6190476190476191,0.23809523809523808,1,,503277013;503277111,False,False,ok,complete
503277013,38201,松山市,5,,,,,2,503277002,,True,True,ok,partial
503277111,38201,松山市,7,,,,,2,503277002,,True,True,ok,partial
503277424,38202,今治市,6,,,,,2,503277621,,True,True,ok,partial
503277621,38202,今治市,4,,,,,1,,503277424,True,True,inconsistent_with_total,partial
503277674,38202,今治市,4,,,,,2,503277772,,True,True,ok,partial
503277684,38202,今治市,1,,,,,2,503277694,,True,True,ok,partial
503277693,38202,今治市,3,,,,,2,503277694,,True,True,ok,partial
503277694,38202,今治市,43,25.0,16.0,0.5813953488372093,0.37209302325581395,1,,503277684;503277693,False,False,ok,complete
503277721,38202,今治市,48,24.0,13.0,0.5,0.2708333333333333,0,,,False,False,ok,complete
503277753,38202,今治市,1,,,,,2,503277851,,True,True,ok,partial
503277764,38202,今治市,3,,,,,2,503277861,,True,True,ok,partial
503277771,38202,今治市,8,,,,,2,503277773,,True,True,ok,partial
503277772,38202,今治市,30,19.0,12.0,0.6333333333333333,0.4,1,,503277674;503277782,False,False,ok,complete
503277773,38202,今治市,22,20.0,9.0,0.9090909090909091,0.4090909090909091,1,,503277771;503277774,False,False,ok,complete
503277774,38202,今治市,11,,,,,2,503277773,,True,True,ok,partial
503277782,38202,今治市,15,,,,,2,503277772,,True,True,ok,partial
503277822,38202,今治市,3,,,,,2,503277824,,True,True,ok,partial
503277824,38202,今治市,26,25.0,10.0,0.9615384615384616,0.38461538461538464,1,,503277822;503277833,False,False,ok,complete
503277833,38202,今治市,3,,,,,2,503277824,,True,True,ok,partial
503277844,38202,今治市,19,10.0,6.0,0.5263157894736842,0.3157894736842105,0,,,False,False,ok,complete
503277851,38202,今治市,28,12.0,8.0,0.42857142857142855,0.2857142857142857,1,,503277753,False,False,ok,complete
503277852,38202,今治市,31,15.0,10.0,0.4838709677419355,0.3225806451612903,0,,,False,False,ok,complete
503277853,38202,今治市,32,17.0,11.0,0.53125,0.34375,0,,,False,False,ok,complete
503277861,38202,今治市,21,19.0,11.0,0.9047619047619048,0.5238095238095238,1,,503277764,False,False,ok,complete
503277862,38202,今治市,25,16.0,7.0,0.64,0.28,1,,503277864,False,False,ok,complete
503277864,38202,今治市,3,,,,,2,503277862,,True,True,ok,partial
503277873,38202,今治市,20,,,,,1,,503277874;503277972,True,True,inconsistent_with_total,partial
503277874,38202,今治市,7,,,,,2,503277873,,True,True,ok,partial
503277922,38202,今治市,38,24.0,16.0,0.631578947368421,0.42105263157894735,0,,,False,False,ok,complete
503277931,38202,今治市,28,11.0,6.0,0.39285714285714285,0.21428571428571427,1,,503277932,False,False,ok,complete
503277932,38202,今治市,17,,,,,2,503277931,,True,True,ok,partial
503277934,38202,今治市,15,0.0,0.0,0.0,0.0,0,,,False,False,ok,complete
503277942,38202,今治市,27,11.0,8.0,0.4074074074074074,0.2962962962962963,0,,,False,False,ok,complete
503277944,38202,今治市,38,19.0,12.0,0.5,0.3157894736842105,0,,,False,False,ok,complete
503277951,38202,今治市,21,10.0,4.0,0.47619047619047616,0.19047619047619047,0,,,False,False,ok,complete
503277953,38202,今治市,63,33.0,16.0,0.5238095238095238,0.25396825396825395,0,,,False,False,ok,complete
503277972,38202,今治市,6,,,,,2,503277873,,True,True,ok,partial
503350332,38206,西条市,1,,,,,2,503350531,,True,True,ok,partial
503350334,38206,西条市,8,,,,,2,503350531,,True,True,ok,partial
503350522,38206,西条市,2,,,,,1,,503350401;503350402;503350524;503350731,True,True,inconsistent_with_total,partial
503350524,38206,西条市,1,,,,,2,503350522,,True,True,ok,partial
503350531,38206,西条市,10,,,,,1,,503350203;503350332;503350334;503350894,True,True,inconsistent_with_total,partial
503350731,38206,西条市,1,,,,,2,503350522,,True,True,ok,partial
503350823,38206,西条市,1,,,,,2,503350911,,True,True,ok,partial
503350844,38206,西条市,2,,,,,2,503350911,,True,True,ok,partial
503350894,38206,西条市,2,,,,,2,503350531,,True,True,ok,partial
503350911,38206,西条市,7,,,,,1,,503350301;503350303;503350823;503350844;503350913;503350914;503350934;503350941,True,True,inconsistent_with_total,partial
503350913,38206,西条市,1,,,,,2,503350911,,True,True,ok,partial
503350914,38206,西条市,4,,,,,2,503350911,,True,True,ok,partial
503350934,38206,西条市,4,,,,,2,503350911,,True,True,ok,partial
503350941,38206,西条市,4,,,,,2,503350911,,True,True,ok,partial
503351014,38206,西条市,3,,,,,2,503351062,,True,True,ok,partial
503351403,38206,西条市,1,,,,,2,503351062,,True,True,ok,partial
503351524,38206,西条市,2,,,,,2,503351062,,True,True,ok,partial
503351612,38206,西条市,2,,,,,2,503351062,,True,True,ok,partial
503351882,38206,西条市,2,,,,,2,503351062,,True,True,ok,partial
503351901,38206,西条市,1,,,,,2,503351062,,True,True,ok,partial
503351984,38206,西条市,1,,,,,2,503351062,,True,True,ok,partial
503360002,38206,西条市,17,12.0,8.0,0.7058823529411765,0.47058823529411764,0,,,False,False,ok,complete
503360011,38206,西条市,12,7.0,7.0,0.5833333333333334,0.5833333333333334,0,,,False,False,ok,complete
503360051,38206,西条市,3,,,,,2,503360224,,True,True,ok,partial
503360101,38206,西条市,7,,,,,2,503360102,,True,True,ok,partial
503360102,38206,西条市,9,,,,,1,,503360101,True,True,inconsistent_with_total,partial
503360201,38206,西条市,11,,,,,1,,503360202,True,True,inconsistent_with_total,partial
503360202,38206,西条市,6,,,,,2,503360201,,True,True,ok,partial
503360203,38206,西条市,40,20.0,11.0,0.5,0.275,0,,,False,False,ok,complete
503360204,38206,西条市,56,32.0,20.0,0.5714285714285714,0.35714285714285715,0,,,False,False,ok,complete
503360213,38206,西条市,117,57.0,26.0,0.48717948717948717,0.2222222222222222,1,,503360302,False,False,ok,complete
503360214,38206,西条市,46,24.0,15.0,0.5217391304347826,0.32608695652173914,0,,,False,False,ok,complete
503360223,38206,西条市,108,54.0,27.0,0.5,0.25,0,,,False,False,ok,complete
503360224,38206,西条市,52,29.0,17.0,0.5576923076923077,0.3269230769230769,1,,503360051,False,False,ok,complete
503360233,38206,西条市,10,,,,,2,503360331,,True,True,ok,partial
503360263,38206,西条市,3,,,,,2,503360361,,True,True,ok,partial
503360264,38206,西条市,3,,,,,2,503360361,,True,True,ok,partial
503360302,38206,西条市,5,,,,,2,503360213,,True,True,ok,partial
503360311,38206,西条市,36,12.0,3.0,0.3333333333333333,0.08333333333333333,0,,,False,False,ok,complete
503360312,38206,西条市,243,59.0,28.0,0.24279835390946503,0.11522633744855967,0,,,False,False,ok,complete
503360313,38206,西条市,94,48.0,22.0,0.5106382978723404,0.23404255319148937,0,,,False,False,ok,complete
503360314,38206,西条市,238,100.0,42.0,0.42016806722689076,0.17647058823529413,0,,,False,False,ok,complete
503360321,38206,西条市,22,8.0,4.0,0.36363636363636365,0.18181818181818182,0,,,False,False,ok,complete
503360322,38206,西条市,60,29.0,15.0,0.48333333333333334,0.25,0,,,False,False,ok,complete
503360323,38206,西条市,199,76.0,43.0,0.38190954773869346,0.21608040201005024,0,,,False,False,ok,complete
503360324,38206,西条市,192,86.0,39.0,0.4479166666666667,0.203125,0,,,False,False,ok,complete
503360331,38206,西条市,168,80.0,32.0,0.47619047619047616,0.19047619047619047,1,,503360233,False,False,ok,complete
503360332,38206,西条市,42,22.0,15.0,0.5238095238095238,0.35714285714285715,0,,,False,False,ok,complete
503360333,38206,西条市,16,14.0,9.0,0.875,0.5625,0,,,False,False,ok,complete
503360334,38206,西条市,110,60.0,35.0,0.5454545454545454,0.3181818181818182,1,,503360342;503360343,False,False,ok,complete
503360342,38206,西条市,1,,,,,2,503360334,,True,True,ok,partial
503360343,38206,西条市,5,,,,,2,503360334,,True,True,ok,partial
503360354,38206,西条市,3,,,,,2,503360363,,True,True,ok,partial
503360361,38206,西条市,20,4.0,3.0,0.2,0.15,1,,503360263;503360264,False,False,ok,complete
503360363,38206,西条市,29,15.0,9.0,0.5172413793103449,0.3103448275862069,1,,503360354;503360364,False,False,ok,complete
503360364,38206,西条市,8,,,,,2,503360363,,True,True,ok,partial
503360403,38206,西条市,44,17.0,7.0,0.38636363636363635,0.1590909090909091,0,,,False,False,ok,complete
503360404,38206,西条市,21,16.0,3.0,0.7619047619047619,0.14285714285714285,0,,,False,False,ok,complete
503360412,38206,西条市,5,,,,,2,503360414,,True,True,ok,partial
503360413,38206,西条市,48,21.0,10.0,0.4375,0.20833333333333334,0,,,False,False,ok,complete
503360414,38206,西条市,37,13.0,11.0,0.35135135135135137,0.2972972972972973,1,,503360412,False,False,ok,complete
503360422,38206,西条市,22,12.0,8.0,0.5454545454545454,0.36363636363636365,0,,,False,False,ok,complete
503360423,38206,西条市,45,12.0,2.0,0.26666666666666666,0.044444444444444446,0,,,False,False,ok,complete
503360431,38206,西条市,98,35.0,19.0,0.35714285714285715,0.19387755102040816,0,,,False,False,ok,complete
503360432,38206,西条市,43,18.0,10.0,0.4186046511627907,0.23255813953488372,0,,,False,False,ok,complete
503360433,38206,西条市,179,74.0,33.0,0.4134078212290503,0.18435754189944134,0,,,False,False,ok,complete
503360434,38206,西条市,17,2.0,1.0,0.11764705882352941,0.058823529411764705,0,,,False,False,ok,complete
503360441,38206,西条市,102,50.0,31.0,0.49019607843137253,0.30392156862745096,0,,,False,False,ok,complete
503360442,38206,西条市,16,9.0,2.0,0.5625,0.125,0,,,False,False,ok,complete
503360443,38206,西条市,48,23.0,9.0,0.4791666666666667,0.1875,0,,,False,False,ok,complete
503360444,38206,西条市,190,101.0,56.0,0.531578947368421,0.29473684210526313,1,,503360453,False,False,ok,complete
503360453,38206,西条市,1,,,,,2,503360444,,True,True,ok,partial
503360461,38206,西条市,50,28.0,21.0,0.56,0.42,0,,,False,False,ok,complete
503360463,38206,西条市,53,27.0,19.0,0.5094339622641509,0.3584905660377358,0,,,False,False,ok,complete
503360501,38206,西条市,31,18.0,15.0,0.5806451612903226,0.4838709677419355,1,,503360502,False,False,ok,complete
503360502,38206,西条市,9,,,,,2,503360501,,True,True,ok,partial
503360512,38206,西条市,3,,,,,2,503360513,,True,True,ok,partial
503360513,38206,西条市,58,33.0,15.0,0.5689655172413793,0.25862068965517243,1,,503360512,False,False,ok,complete
503360514,38206,西条市,137,55.0,21.0,0.40145985401459855,0.15328467153284672,0,,,False,False,ok,complete
503360522,38206,西条市,10,,,,,2,503360524,,True,True,ok,partial
503360523,38206,西条市,11,,,,,2,503360524,,True,True,ok,partial
503360524,38206,西条市,123,58.0,28.0,0.4715447154471545,0.22764227642276422,1,,503360522;503360523,False,False,ok,complete
503360531,38206,西条市,134,57.0,23.0,0.4253731343283582,0.17164179104477612,0,,,False,False,ok,complete
503360532,38206,西条市,58,24.0,12.0,0.41379310344827586,0.20689655172413793,0,,,False,False,ok,complete
503360533,38206,西条市,77,22.0,15.0,0.2857142857142857,0.19480519480519481,0,,,False,False,ok,complete
503360534,38206,西条市,230,93.0,49.0,0.4043478260869565,0.21304347826086956,0,,,False,False,ok,complete
503360541,38206,西条市,8,,,,,2,503360543,,True,True,ok,partial
503360542,38206,西条市,6,,,,,2,503360543,,True,True,ok,partial
503360543,38206,西条市,126,74.0,32.0,0.5873015873015873,0.25396825396825395,1,,503360541;503360542;503360544,False,False,ok,complete
503360544,38206,西条市,9,,,,,2,503360543,,True,True,ok,partial
503360551,38206,西条市,100,44.0,24.0,0.44,0.24,1,,503360553,False,False,ok,complete
503360552,38206,西条市,51,17.0,6.0,0.3333333333333333,0.11764705882352941,0,,,False,False,ok,complete
503360553,38206,西条市,5,,,,,2,503360551,,True,True,ok,partial
503360554,38206,西条市,206,86.0,50.0,0.4174757281553398,0.24271844660194175,0,,,False,False,ok,complete
503360561,38206,西条市,46,16.0,11.0,0.34782608695652173,0.2391304347826087,0,,,False,False,ok,complete
503360563,38206,西条市,348,132.0,68.0,0.3793103448275862,0.19540229885057472,0,,,False,False,ok,complete
503360564,38206,西条市,70,26.0,18.0,0.37142857142857144,0.2571428571428571,0,,,False,False,ok,complete
503360583,38206,西条市,8,7.0,4.0,0.875,0.5,1,,503360584,False,False,ok,complete
503360584,38206,西条市,5,,,,,2,503360583,,True,True,ok,partial
503360594,38206,西条市,11,,,,,2,503360692,,True,True,ok,partial
503360602,38206,西条市,12,,,,,2,503360611,,True,True,ok,partial
503360603,38206,西条市,3,,,,,2,503360611,,True,True,ok,partial
503360611,38206,西条市,16,12.0,4.0,0.75,0.25,1,,503360602;503360603,False,False,ok,complete
503360621,38206,西条市,8,,,,,2,503360623,,True,True,ok,partial
503360622,38206,西条市,52,21.0,10.0,0.40384615384615385,0.19230769230769232,0,,,False,False,ok,complete
503360623,38206,西条市,44,29.0,11.0,0.6590909090909091,0.25,1,,503360621,False,False,ok,complete
503360624,38206,西条市,33,12.0,9.0,0.36363636363636365,0.2727272727272727,0,,,False,False,ok,complete
503360631,38206,西条市,66,34.0,19.0,0.5151515151515151,0.2878787878787879,0,,,False,False,ok,complete
503360632,38206,西条市,63,37.0,23.0,0.5873015873015873,0.36507936507936506,0,,,False,False,ok,complete
503360633,38206,西条市,22,11.0,5.0,0.5,0.22727272727272727,0,,,False,False,ok,complete
503360634,38206,西条市,163,62.0,26.0,0.3803680981595092,0.15950920245398773,0,,,False,False,ok,complete
503360641,38206,西条市,182,65.0,42.0,0.35714285714285715,0.23076923076923078,0,,,False,False,ok,complete
503360642,38206,西条市,42,17.0,5.0,0.40476190476190477,0.11904761904761904,0,,,False,False,ok,complete
503360643,38206,西条市,84,27.0,11.0,0.32142857142857145,0.13095238095238096,0,,,False,False,ok,complete
503360651,38206,西条市,29,11.0,6.0,0.3793103448275862,0.20689655172413793,0,,,False,False,ok,complete
503360652,38206,西条市,242,209.0,179.0,0.8636363636363636,0.7396694214876033,0,,,False,False,ok,complete
503360653,38206,西条市,113,29.0,12.0,0.25663716814159293,0.10619469026548672,1,,503360654,False,False,ok,complete
503360654,38206,西条市,4,,,,,2,503360653,,True,True,ok,partial
503360661,38206,西条市,201,78.0,33.0,0.3880597014925373,0.16417910447761194,0,,,False,False,ok,complete
503360662,38206,西条市,70,37.0,18.0,0.5285714285714286,0.2571428571428571,0,,,False,False,ok,complete
503360663,38206,西条市,12,4.0,3.0,0.3333333333333333,0.25,0,,,False,False,ok,complete
503360664,38206,西条市,132,64.0,31.0,0.48484848484848486,0.23484848484848486,0,,,False,False,ok,complete
503360673,38206,西条市,69,31.0,12.0,0.4492753623188406,0.17391304347826086,0,,,False,False,ok,complete
503360681,38206,西条市,15,3.0,0.0,0.2,0.0,0,,,False,False,ok,complete
503360683,38206,西条市,5,,,,,2,503360684,,True,True,ok,partial
503360684,38206,西条市,65,33.0,19.0,0.5076923076923077,0.2923076923076923,1,,503360683,False,False,ok,complete
503360691,38206,西条市,74,21.0,12.0,0.28378378378378377,0.16216216216216217,0,,,False,False,ok,complete
503360692,38206,西条市,16,4.0,2.0,0.25,0.125,1,,503360594,False,False,ok,complete
503360693,38206,西条市,223,73.0,37.0,0.3273542600896861,0.16591928251121077,0,,,False,False,ok,complete
503360694,38206,西条市,19,4.0,4.0,0.21052631578947367,0.21052631578947367,0,,,False,False,ok,complete
503360721,38206,西条市,4,,,,,2,503360724,,True,True,ok,partial
503360724,38206,西条市,70,44.0,19.0,0.6285714285714286,0.2714285714285714,1,,503360721,False,False,ok,complete
503360732,38206,西条市,85,33.0,14.0,0.38823529411764707,0.16470588235294117,1,,503360734,False,False,ok,complete
503360734,38206,西条市,4,,,,,2,503360732,,True,True,ok,partial
503360741,38206,西条市,72,28.0,12.0,0.3888888888888889,0.16666666666666666,0,,,False,False,ok,complete
503360742,38206,西条市,12,5.0,3.0,0.4166666666666667,0.25,0,,,False,False,ok,complete
503360743,38206,西条市,84,36.0,17.0,0.42857142857142855,0.20238095238095238,0,,,False,False,ok,complete
503360744,38206,西条市,186,62.0,29.0,0.3333333333333333,0.15591397849462366,0,,,False,False,ok,complete
503360751,38206,西条市,157,55.0,28.0,0.3503184713375796,0.17834394904458598,0,,,False,False,ok,complete
503360752,38206,西条市,7,,,,,2,503360753,,True,True,ok,partial
503360753,38206,西条市,211,103.0,55.0,0.4881516587677725,0.26066350710900477,1,,503360752;503360754,False,False,ok,complete
503360754,38206,西条市,5,,,,,2,503360753,,True,True,ok,partial
503360762,38206,西条市,20,3.0,2.0,0.15,0.1,0,,,False,False,ok,complete
503360763,38206,西条市,36,16.0,10.0,0.4444444444444444,0.2777777777777778,0,,,False,False,ok,complete
503360764,38206,西条市,102,42.0,19.0,0.4117647058823529,0.18627450980392157,0,,,False,False,ok,complete
503360771,38206,西条市,217,110.0,58.0,0.5069124423963134,0.2672811059907834,0,,,False,False,ok,complete
503360772,38206,西条市,433,173.0,101.0,0.3995381062355658,0.23325635103926096,0,,,False,False,ok,complete
503360773,38206,西条市,178,63.0,26.0,0.3539325842696629,0.14606741573033707,0,,,False,False,ok,complete
503360774,38206,西条市,263,104.0,59.0,0.39543726235741444,0.22433460076045628,0,,,False,False,ok,complete
503360781,38206,西条市,434,111.0,58.0,0.2557603686635945,0.1336405529953917,0,,,False,False,ok,complete
503360782,38206,西条市,390,158.0,89.0,0.40512820512820513,0.2282051282051282,0,,,False,False,ok,complete
503360783,38206,西条市,243,102.0,57.0,0.41975308641975306,0.2345679012345679,0,,,False,False,ok,complete
503360784,38206,西条市,541,175.0,79.0,0.3234750462107209,0.14602587800369685,0,,,False,False,ok,complete
503360791,38206,西条市,886,302.0,168.0,0.34085778781038373,0.18961625282167044,0,,,False,False,ok,complete
503360792,38206,西条市,711,217.0,115.0,0.30520393811533053,0.1617440225035162,0,,,False,False,ok,complete
503360793,38206,西条市,766,296.0,164.0,0.38642297650130547,0.21409921671018275,0,,,False,False,ok,complete
503360794,38206,西条市,545,165.0,91.0,0.30275229357798167,0.1669724770642202,0,,,False,False,ok,complete
503360822,38206,西条市,11,2.0,1.0,0.18181818181818182,0.09090909090909091,0,,,False,False,ok,complete
503360823,38206,西条市,7,,,,,2,503360824,,True,True,ok,partial
503360824,38206,西条市,8,,,,,1,,503360823,True,True,inconsistent_with_total,partial
503360832,38206,西条市,191,79.0,44.0,0.41361256544502617,0.23036649214659685,0,,,False,False,ok,complete
503360833,38206,西条市,169,84.0,30.0,0.4970414201183432,0.17751479289940827,0,,,False,False,ok,complete
503360834,38206,西条市,132,54.0,23.0,0.4090909090909091,0.17424242424242425,0,,,False,False,ok,complete
503360841,38206,西条市,166,59.0,39.0,0.35542168674698793,0.23493975903614459,0,,,False,False,ok,complete
503360842,38206,西条市,605,268.0,160.0,0.44297520661157025,0.2644628099173554,0,,,False,False,ok,complete
503360843,38206,西条市,378,122.0,79.0,0.32275132275132273,0.20899470899470898,0,,,False,False,ok,complete
503360844,38206,西条市,367,88.0,44.0,0.23978201634877383,0.11989100817438691,0,,,False,False,ok,complete
503360851,38206,西条市,351,93.0,55.0,0.26495726495726496,0.15669515669515668,0,,,False,False,ok,complete
503360852,38206,西条市,67,26.0,14.0,0.3880597014925373,0.208955223880597,0,,,False,False,ok,complete
503360853,38206,西条市,702,243.0,123.0,0.34615384615384615,0.1752136752136752,0,,,False,False,ok,complete
503360854,38206,西条市,102,14.0,10.0,0.13725490196078433,0.09803921568627451,0,,,False,False,ok,complete
503360861,38206,西条市,177,70.0,31.0,0.3954802259887006,0.1751412429378531,0,,,False,False,ok,complete
503360862,38206,西条市,87,29.0,20.0,0.3333333333333333,0.22988505747126436,0,,,False,False,ok,complete
503360863,38206,西条市,4,,,,,2,503360864,,True,True,ok,partial
503360864,38206,西条市,404,140.0,84.0,0.3465346534653465,0.2079207920792079,1,,503360863,False,False,ok,complete
503360871,38206,西条市,144,60.0,28.0,0.4166666666666667,0.19444444444444445,0,,,False,False,ok,complete
503360873,38206,西条市,25,12.0,4.0,0.48,0.16,0,,,False,False,ok,complete
503360874,38206,西条市,81,22.0,5.0,0.2716049382716049,0.06172839506172839,0,,,False,False,ok,complete
503360881,38206,西条市,5,,,,,2,503360882,,True,True,ok,partial
503360882,38206,西条市,260,85.0,41.0,0.3269230769230769,0.1576923076923077,1,,503360881,False,False,ok,complete
503360891,38206,西条市,159,35.0,20.0,0.22012578616352202,0.12578616352201258,0,,,False,False,ok,complete
503360892,38206,西条市,162,62.0,32.0,0.38271604938271603,0.19753086419753085,0,,,False,False,ok,complete
503360893,38206,西条市,15,4.0,2.0,0.26666666666666666,0.13333333333333333,0,,,False,False,ok,complete
503360931,38206,西条市,73,33.0,17.0,0.4520547945205479,0.2328767123287671,0,,,False,False,ok,complete
503360932,38206,西条市,146,50.0,29.0,0.3424657534246575,0.19863013698630136,0,,,False,False,ok,complete
503360933,38206,西条市,39,25.0,14.0,0.6410256410256411,0.358974358974359,0,,,False,False,ok,complete
503360934,38206,西条市,189,79.0,36.0,0.41798941798941797,0.19047619047619047,0,,,False,False,ok,complete
503360941,38206,西条市,63,31.0,15.0,0.49206349206349204,0.23809523809523808,0,,,False,False,ok,complete
503360942,38206,西条市,320,111.0,52.0,0.346875,0.1625,0,,,False,False,ok,complete
503360943,38206,西条市,34,16.0,7.0,0.47058823529411764,0.20588235294117646,0,,,False,False,ok,complete
503360944,38206,西条市,210,78.0,52.0,0.37142857142857144,0.24761904761904763,0,,,False,False,ok,complete
503360951,38206,西条市,289,98.0,49.0,0.3391003460207612,0.1695501730103806,0,,,False,False,ok,complete
503360952,38206,西条市,196,75.0,39.0,0.3826530612244898,0.1989795918367347,0,,,False,False,ok,complete
503360953,38206,西条市,85,49.0,19.0,0.5764705882352941,0.2235294117647059,0,,,False,False,ok,complete
503360954,38206,西条市,250,78.0,36.0,0.312,0.144,0,,,False,False,ok,complete
503360961,38206,西条市,254,99.0,53.0,0.38976377952755903,0.20866141732283464,0,,,False,False,ok,complete
503360962,38206,西条市,142,55.0,24.0,0.3873239436619718,0.16901408450704225,0,,,False,False,ok,complete
503360963,38206,西条市,600,150.0,70.0,0.25,0.11666666666666667,0,,,False,False,ok,complete
503360964,38206,西条市,198,57.0,28.0,0.2878787878787879,0.1414141414141414,0,,,False,False,ok,complete
503360971,38206,西条市,223,87.0,50.0,0.3901345291479821,0.2242152466367713,0,,,False,False,ok,complete
503360972,38206,西条市,368,111.0,60.0,0.3016304347826087,0.16304347826086957,0,,,False,False,ok,complete
503360973,38206,西条市,247,106.0,48.0,0.4291497975708502,0.19433198380566802,0,,,False,False,ok,complete
503360974,38206,西条市,45,18.0,8.0,0.4,0.17777777777777778,0,,,False,False,ok,complete
503360981,38206,西条市,318,147.0,86.0,0.46226415094339623,0.27044025157232704,0,,,False,False,ok,complete
503360982,38206,西条市,6,,,,,2,503360984,,True,True,ok,partial
503360983,38206,西条市,120,44.0,21.0,0.36666666666666664,0.175,0,,,False,False,ok,complete
503360984,38206,西条市,93,34.0,14.0,0.3655913978494624,0.15053763440860216,1,,503360982;503360994,False,False,ok,complete
503360994,38206,西条市,4,,,,,2,503360984,,True,True,ok,partial
503361011,38206,西条市,3,,,,,2,503361012,,True,True,ok,partial
503361012,38206,西条市,13,,,,,1,,503361011;503361014;503361113;503361114;503361211;503361213,True,True,inconsistent_with_total,partial
503361014,38206,西条市,2,,,,,2,503361012,,True,True,ok,partial
503361072,38206,西条市,2,,,,,2,503361344,,True,True,ok,partial
503361081,38206,西条市,15,11.0,5.0,0.7333333333333333,0.3333333333333333,0,,,False,False,ok,complete
503361113,38206,西条市,3,,,,,2,503361012,,True,True,ok,partial
503361114,38206,西条市,3,,,,,2,503361012,,True,True,ok,partial
503361171,38206,西条市,6,,,,,2,503361173,,True,True,ok,partial
503361172,38206,西条市,2,,,,,2,503361173,,True,True,ok,partial
503361173,38206,西条市,14,10.0,6.0,0.7142857142857143,0.42857142857142855,1,,503361171;503361172,False,False,ok,complete
503361211,38206,西条市,3,,,,,2,503361012,,True,True,ok,partial
503361213,38206,西条市,2,,,,,2,503361012,,True,True,ok,partial
503361301,38206,西条市,1,,,,,2,503361504,,True,True,ok,partial
503361304,38206,西条市,4,,,,,2,503361504,,True,True,ok,partial
503361341,38206,西条市,4,,,,,2,503361344,,True,True,ok,partial
503361342,38206,西条市,2,,,,,2,503361344,,True,True,ok,partial
503361344,38206,西条市,16,,,,,1,,503361072;503361341;503361342;503361441,True,True,inconsistent_with_total,partial
503361352,38206,西条市,3,,,,,2,503361354,,True,True,ok,partial
503361353,38206,西条市,4,,,,,2,503361354,,True,True,ok,partial
503361354,38206,西条市,8,,,,,1,,503361352;503361353,True,True,inconsistent_with_total,partial
503361361,38206,西条市,2,,,,,2,503361363,,True,True,ok,partial
503361363,38206,西条市,13,,,,,1,,503361361;503361364,True,True,inconsistent_with_total,partial
503361364,38206,西条市,1,,,,,2,503361363,,True,True,ok,partial
503361402,38206,西条市,4,,,,,2,503361504,,True,True,ok,partial
503361441,38206,西条市,6,,,,,2,503361344,,True,True,ok,partial
503361503,38206,西条市,1,,,,,2,503361504,,True,True,ok,partial
503361504,38206,西条市,4,,,,,1,,503361301;503361304;503361402;503361503,True,True,inconsistent_with_total,partial
503361531,38206,西条市,69,40.0,15.0,0.5797101449275363,0.21739130434782608,1,,503361532;503361533;503361534,False,False,ok,complete
503361532,38206,西条市,4,,,,,2,503361531,,True,True,ok,partial
503361533,38206,西条市,2,,,,,2,503361531,,True,True,ok,partial
503361534,38206,西条市,4,,,,,2,503361531,,True,True,ok,partial
503361543,38206,西条市,9,3.0,2.0,0.3333333333333333,0.2222222222222222,0,,,False,False,ok,complete
503361601,38206,西条市,8,2.0,1.0,0.25,0.125,0,,,False,False,ok,complete
503361602,38206,西条市,37,9.0,5.0,0.24324324324324326,0.13513513513513514,0,,,False,False,ok,complete
503361603,38206,西条市,244,77.0,33.0,0.3155737704918033,0.13524590163934427,0,,,False,False,ok,complete
503361604,38206,西条市,244,148.0,119.0,0.6065573770491803,0.48770491803278687,0,,,False,False,ok,complete
503361613,38206,西条市,117,22.0,7.0,0.18803418803418803,0.05982905982905983,0,,,False,False,ok,complete
503361614,38206,西条市,205,54.0,28.0,0.2634146341463415,0.13658536585365855,0,,,False,False,ok,complete
503361623,38206,西条市,12,4.0,1.0,0.3333333333333333,0.08333333333333333,1,,503361624,False,False,ok,complete
503361624,38206,西条市,2,,,,,2,503361623,,True,True,ok,partial
503361632,38206,西条市,30,16.0,5.0,0.5333333333333333,0.16666666666666666,0,,,False,False,ok,complete
503361641,38206,西条市,12,5.0,1.0,0.4166666666666667,0.08333333333333333,0,,,False,False,ok,complete
503361642,38206,西条市,71,31.0,16.0,0.43661971830985913,0.22535211267605634,0,,,False,False,ok,complete
503361644,38206,西条市,43,12.0,6.0,0.27906976744186046,0.13953488372093023,0,,,False,False,ok,complete
503361651,38206,西条市,21,12.0,9.0,0.5714285714285714,0.42857142857142855,0,,,False,False,ok,complete
503361652,38206,西条市,1,,,,,2,503361653,,True,True,ok,partial
503361653,38206,西条市,116,54.0,27.0,0.46551724137931033,0.23275862068965517,1,,503361652,False,False,ok,complete
503361654,38206,西条市,12,7.0,2.0,0.5833333333333334,0.16666666666666666,0,,,False,False,ok,complete
503361664,38206,西条市,4,,,,,2,503361762,,True,True,ok,partial
503361701,38206,西条市,783,325.0,170.0,0.41507024265644954,0.21711366538952745,0,,,False,False,ok,complete
503361702,38206,西条市,485,214.0,143.0,0.44123711340206184,0.2948453608247423,0,,,False,False,ok,complete
503361703,38206,西条市,321,118.0,63.0,0.367601246105919,0.19626168224299065,0,,,False,False,ok,complete
503361704,38206,西条市,116,40.0,25.0,0.3448275862068966,0.21551724137931033,0,,,False,False,ok,complete
503361711,38206,西条市,358,152.0,71.0,0.4245810055865922,0.19832402234636873,0,,,False,False,ok,complete
503361712,38206,西条市,436,168.0,85.0,0.3853211009174312,0.19495412844036697,0,,,False,False,ok,complete
503361713,38206,西条市,22,14.0,7.0,0.6363636363636364,0.3181818181818182,0,,,False,False,ok,complete
503361721,38206,西条市,217,75.0,33.0,0.3456221198156682,0.15207373271889402,0,,,False,False,ok,complete
503361722,38206,西条市,193,76.0,41.0,0.39378238341968913,0.21243523316062177,0,,,False,False,ok,complete
503361731,38206,西条市,121,59.0,34.0,0.48760330578512395,0.2809917355371901,0,,,False,False,ok,complete
503361732,38206,西条市,65,31.0,17.0,0.47692307692307695,0.26153846153846155,0,,,False,False,ok,complete
503361733,38206,西条市,86,43.0,28.0,0.5,0.32558139534883723,0,,,False,False,ok,complete
503361734,38206,西条市,504,157.0,86.0,0.3115079365079365,0.17063492063492064,0,,,False,False,ok,complete
503361742,38206,西条市,38,11.0,8.0,0.2894736842105263,0.21052631578947367,0,,,False,False,ok,complete
503361743,38206,西条市,266,89.0,47.0,0.33458646616541354,0.17669172932330826,0,,,False,False,ok,complete
503361744,38206,西条市,400,132.0,78.0,0.33,0.195,0,,,False,False,ok,complete
503361751,38206,西条市,257,98.0,47.0,0.38132295719844356,0.1828793774319066,1,,503361752,False,False,ok,complete
503361752,38206,西条市,2,,,,,2,503361751,,True,True,ok,partial
503361753,38206,西条市,97,14.0,8.0,0.14432989690721648,0.08247422680412371,0,,,False,False,ok,complete
503361754,38206,西条市,54,29.0,14.0,0.5370370370370371,0.25925925925925924,0,,,False,False,ok,complete
503361761,38206,西条市,1,,,,,2,503361762,,True,True,ok,partial
503361762,38206,西条市,4,,,,,1,,503361664;503361761,True,True,inconsistent_with_total,partial
503361774,38206,西条市,1,,,,,2,503361881,,True,True,ok,partial
503361783,38206,西条市,3,,,,,2,503361881,,True,True,ok,partial
503361801,38206,西条市,178,60.0,31.0,0.33707865168539325,0.17415730337078653,1,,503361802,False,False,ok,complete
503361802,38206,西条市,2,,,,,2,503361801,,True,True,ok,partial
503361803,38206,西条市,99,28.0,13.0,0.2828282828282828,0.13131313131313133,0,,,False,False,ok,complete
503361812,38206,西条市,23,9.0,5.0,0.391304347826087,0.21739130434782608,0,,,False,False,ok,complete
503361813,38206,西条市,6,,,,,2,503361814,,True,True,ok,partial
503361814,38206,西条市,9,9.0,5.0,1.0,0.5555555555555556,1,,503361813,False,False,ok,complete
503361823,38206,西条市,11,8.0,7.0,0.7272727272727273,0.6363636363636364,0,,,False,False,ok,complete
503361832,38206,西条市,287,103.0,41.0,0.3588850174216028,0.14285714285714285,0,,,False,False,ok,complete
503361834,38206,西条市,86,24.0,6.0,0.27906976744186046,0.06976744186046512,0,,,False,False,ok,complete
503361841,38206,西条市,520,177.0,87.0,0.3403846153846154,0.1673076923076923,0,,,False,False,ok,complete
503361842,38206,西条市,231,77.0,31.0,0.3333333333333333,0.1341991341991342,0,,,False,False,ok,complete
503361844,38206,西条市,1204,304.0,152.0,0.25249169435215946,0.12624584717607973,0,,,False,False,ok,complete
503361851,38206,西条市,275,107.0,49.0,0.3890909090909091,0.1781818181818182,0,,,False,False,ok,complete
503361852,38206,西条市,319,81.0,39.0,0.25391849529780564,0.12225705329153605,0,,,False,False,ok,complete
503361853,38206,西条市,1007,244.0,126.0,0.2423038728897716,0.12512413108242304,0,,,False,False,ok,complete
503361854,38206,西条市,411,117.0,64.0,0.2846715328467153,0.15571776155717762,0,,,False,False,ok,complete
503361861,38206,西条市,6,,,,,2,503361863,,True,True,ok,partial
503361863,38206,西条市,593,227.0,100.0,0.3827993254637437,0.16863406408094436,1,,503361861,False,False,ok,complete
503361864,38206,西条市,140,45.0,24.0,0.32142857142857145,0.17142857142857143,0,,,False,False,ok,complete
503361872,38206,西条市,9,,,,,2,503361873,,True,True,ok,partial
503361873,38206,西条市,7,1.0,1.0,0.14285714285714285,0.14285714285714285,1,,503361872,False,False,ok,complete
503361881,38206,西条市,18,6.0,0.0,0.3333333333333333,0.0,1,,503361774;503361783,False,False,ok,complete
503361882,38206,西条市,22,8.0,3.0,0.36363636363636365,0.13636363636363635,0,,,False,False,ok,complete
503361883,38206,西条市,62,13.0,1.0,0.20967741935483872,0.016129032258064516,0,,,False,False,ok,complete
503361884,38206,西条市,50,25.0,14.0,0.5,0.28,0,,,False,False,ok,complete
503361893,38205,新居浜市,18,9.0,3.0,0.5,0.16666666666666666,0,,,False,False,ok,complete
503361901,38206,西条市,22,9.0,5.0,0.4090909090909091,0.22727272727272727,0,,,False,False,ok,complete
503361902,38206,西条市,96,45.0,24.0,0.46875,0.25,0,,,False,False,ok,complete
503361903,38206,西条市,77,28.0,9.0,0.36363636363636365,0.11688311688311688,0,,,False,False,ok,complete
503361904,38206,西条市,115,40.0,20.0,0.34782608695652173,0.17391304347826086,0,,,False,False,ok,complete
503361912,38206,西条市,136,43.0,19.0,0.3161764705882353,0.13970588235294118,0,,,False,False,ok,complete
503361913,38206,西条市,22,12.0,3.0,0.5454545454545454,0.13636363636363635,0,,,False,False,ok,complete
503361914,38206,西条市,146,46.0,24.0,0.3150684931506849,0.1643835616438356,0,,,False,False,ok,complete
503361921,38206,西条市,330,107.0,48.0,0.3242424242424242,0.14545454545454545,0,,,False,False,ok,complete
503361922,38206,西条市,43,11.0,2.0,0.2558139534883721,0.046511627906976744,0,,,False,False,ok,complete
503361923,38206,西条市,123,48.0,28.0,0.3902439024390244,0.22764227642276422,0,,,False,False,ok,complete
503361924,38206,西条市,175,58.0,22.0,0.3314285714285714,0.12571428571428572,0,,,False,False,ok,complete
503361931,38206,西条市,37,12.0,5.0,0.32432432432432434,0.13513513513513514,0,,,False,False,ok,complete
503361932,38206,西条市,238,63.0,40.0,0.2647058823529412,0.16806722689075632,0,,,False,False,ok,complete
503361933,38206,西条市,1722,425.0,198.0,0.24680603948896632,0.11498257839721254,0,,,False,False,ok,complete
503361934,38206,西条市,1675,387.0,217.0,0.231044776119403,0.12955223880597014,0,,,False,False,ok,complete
503361941,38206,西条市,613,163.0,69.0,0.265905383360522,0.11256117455138662,0,,,False,False,ok,complete
503361942,38206,西条市,1063,364.0,199.0,0.34242709313264347,0.187206020696143,0,,,False,False,ok,complete
503361943,38206,西条市,1750,478.0,271.0,0.27314285714285713,0.15485714285714286,0,,,False,False,ok,complete
503361944,38206,西条市,1944,446.0,207.0,0.2294238683127572,0.10648148148148148,0,,,False,False,ok,complete
503361951,38206,西条市,1100,296.0,145.0,0.2690909090909091,0.1318181818181818,0,,,False,False,ok,complete
503361952,38206,西条市,528,133.0,69.0,0.2518939393939394,0.13068181818181818,0,,,False,False,ok,complete
503361953,38206,西条市,1064,481.0,332.0,0.45206766917293234,0.31203007518796994,0,,,False,False,ok,complete
503361954,38206,西条市,678,151.0,75.0,0.22271386430678466,0.11061946902654868,0,,,False,False,ok,complete
503361961,38206,西条市,652,232.0,123.0,0.3558282208588957,0.18865030674846625,0,,,False,False,ok,complete
503361962,38206,西条市,753,545.0,418.0,0.7237715803452855,0.5551128818061088,0,,,False,False,ok,complete
503361963,38206,西条市,69,18.0,11.0,0.2608695652173913,0.15942028985507245,0,,,False,False,ok,complete
503361964,38206,西条市,430,159.0,78.0,0.3697674418604651,0.1813953488372093,0,,,False,False,ok,complete
503361971,38206,西条市,125,29.0,13.0,0.232,0.104,0,,,False,False,ok,complete
503361972,38206,西条市,49,21.0,6.0,0.42857142857142855,0.12244897959183673,0,,,False,False,ok,complete
503361973,38206,西条市,599,164.0,90.0,0.27378964941569284,0.15025041736227046,0,,,False,False,ok,complete
503361974,38206,西条市,445,143.0,62.0,0.32134831460674157,0.1393258426966292,0,,,False,False,ok,complete
503361981,38206,西条市,190,62.0,20.0,0.3263157894736842,0.10526315789473684,0,,,False,False,ok,complete
503361982,38206,西条市,76,23.0,12.0,0.3026315789473684,0.15789473684210525,0,,,False,False,ok,complete
503361983,38206,西条市,633,282.0,132.0,0.44549763033175355,0.20853080568720378,0,,,False,False,ok,complete
503361984,38206,西条市,237,82.0,31.0,0.3459915611814346,0.1308016877637131,0,,,False,False,ok,complete
503361991,38205,新居浜市,9,4.0,0.0,0.4444444444444444,0.0,0,,,False,False,ok,complete
503361992,38206,西条市,18,7.0,5.0,0.3888888888888889,0.2777777777777778,0,,,False,False,ok,complete
503361993,38205,新居浜市,196,53.0,13.0,0.27040816326530615,0.0663265306122449,0,,,False,False,ok,complete
503361994,38205,新居浜市,268,72.0,36.0,0.26865671641791045,0.13432835820895522,0,,,False,False,ok,complete
503362193,38205,新居浜市,3,,,,,2,503362942,,True,True,ok,partial
503362844,38205,新居浜市,3,,,,,2,503362942,,True,True,ok,partial
503362854,38205,新居浜市,1,,,,,2,503362942,,True,True,ok,partial
503362901,38205,新居浜市,92,33.0,6.0,0.358695652173913,0.06521739130434782,0,,,False,False,ok,complete
503362902,38205,新居浜市,258,107.0,49.0,0.41472868217054265,0.18992248062015504,0,,,False,False,ok,complete
503362903,38205,新居浜市,259,97.0,54.0,0.3745173745173745,0.2084942084942085,0,,,False,False,ok,complete
503362904,38205,新居浜市,515,195.0,100.0,0.3786407766990291,0.1941747572815534,0,,,False,False,ok,complete
503362911,38205,新居浜市,76,13.0,5.0,0.17105263157894737,0.06578947368421052,0,,,False,False,ok,complete
503362913,38205,新居浜市,323,147.0,61.0,0.4551083591331269,0.18885448916408668,0,,,False,False,ok,complete
503362914,38205,新居浜市,96,38.0,14.0,0.3958333333333333,0.14583333333333334,0,,,False,False,ok,complete
503362921,38205,新居浜市,6,,,,,2,503362923,,True,True,ok,partial
503362923,38205,新居浜市,131,55.0,24.0,0.4198473282442748,0.183206106870229,1,,503362921,False,False,ok,complete
503362924,38205,新居浜市,100,79.0,66.0,0.79,0.66,0,,,False,False,ok,complete
503362942,38205,新居浜市,63,44.0,19.0,0.6984126984126984,0.30158730158730157,1,,503362193;503362844;503362854,False,False,ok,complete
503362944,38205,新居浜市,12,7.0,5.0,0.5833333333333334,0.4166666666666667,0,,,False,False,ok,complete
503363103,38205,新居浜市,15,11.0,7.0,0.7333333333333333,0.4666666666666667,1,,503363104,False,False,ok,complete
503363104,38205,新居浜市,2,,,,,2,503363103,,True,True,ok,partial
503363211,38205,新居浜市,3,,,,,2,503363214,,True,True,ok,partial
503363212,38205,新居浜市,1,,,,,2,503363214,,True,True,ok,partial
503363214,38205,新居浜市,7,7.0,5.0,1.0,0.7142857142857143,1,,503363211;503363212,False,False,ok,complete
503363243,38205,新居浜市,5,,,,,2,503363341,,True,True,ok,partial
503363244,38205,新居浜市,2,,,,,2,503363341,,True,True,ok,partial
503363253,38205,新居浜市,2,,,,,2,503363353,,True,True,ok,partial
503363264,38213,四国中央市,3,,,,,2,503363353,,True,True,ok,partial
503363283,38213,四国中央市,1,,,,,2,503363353,,True,True,ok,partial
503363324,38205,新居浜市,32,8.0,3.0,0.25,0.09375,0,,,False,False,ok,complete
503363332,38205,新居浜市,23,2.0,1.0,0.08695652173913043,0.043478260869565216,0,,,False,False,ok,complete
503363333,38205,新居浜市,9,7.0,5.0,0.7777777777777778,0.5555555555555556,0,,,False,False,ok,complete
503363334,38205,新居浜市,12,10.0,4.0,0.8333333333333334,0.3333333333333333,1,,503363432,False,False,ok,complete
503363341,38205,新居浜市,1,,,,,1,,503363243;503363244;503363342;503363343,True,True,inconsistent_with_total,partial
503363342,38205,新居浜市,1,,,,,2,503363341,,True,True,ok,partial
503363343,38205,新居浜市,4,,,,,2,503363341,,True,True,ok,partial
503363353,38205,新居浜市,11,,,,,1,,503363253;503363264;503363283;503363594,True,True,inconsistent_with_total,partial
503363432,38205,新居浜市,9,,,,,2,503363334,,True,True,ok,partial
503363594,38213,四国中央市,1,,,,,2,503363353,,True,True,ok,partial
503363682,38213,四国中央市,16,,,,,1,,503363692;503363694;503363874,True,True,inconsistent_with_total,partial
503363692,38213,四国中央市,3,,,,,2,503363682,,True,True,ok,partial
503363694,38213,四国中央市,1,,,,,2,503363682,,True,True,ok,partial
503363874,38213,四国中央市,2,,,,,2,503363682,,True,True,ok,partial
503363992,38213,四国中央市,9,7.0,5.0,0.7777777777777778,0.5555555555555556,1,,503363994,False,False,ok,complete
503363994,38213,四国中央市,2,,,,,2,503363992,,True,True,ok,partial
503364404,38213,四国中央市,4,,,,,2,503364913,,True,True,ok,partial
503364803,38213,四国中央市,6,,,,,2,503364913,,True,True,ok,partial
503364902,38213,四国中央市,5,,,,,2,503364913,,True,True,ok,partial
503364904,38213,四国中央市,17,,,,,2,503364913,,True,True,ok,partial
503364913,38213,四国中央市,11,,,,,1,,503364194;503364292;503364294;503364404;503364803;503364902;503364904;503364923,True,True,inconsistent_with_total,partial
503364923,38213,四国中央市,2,,,,,2,503364913,,True,True,ok,partial
503365703,38213,四国中央市,6,,,,,2,503365114,,True,True,ok,partial
503365902,38213,四国中央市,1,,,,,2,503365573,,True,True,ok,partial
503365913,38213,四国中央市,8,,,,,2,503365923,,True,True,ok,partial
503365923,38213,四国中央市,6,,,,,1,,503365913;503365924,True,True,inconsistent_with_total,partial
503365924,38213,四国中央市,8,,,,,2,503365923,,True,True,ok,partial
503365933,38213,四国中央市,11,11.0,5.0,1.0,0.45454545454545453,1,,503365934;503365964,False,False,ok,complete
503365934,38213,四国中央市,4,,,,,2,503365933,,True,True,ok,partial
503370031,38206,西条市,1,,,,,2,503370032,,True,True,ok,partial
503370032,38206,西条市,73,44.0,20.0,0.6027397260273972,0.273972602739726,1,,503370031,False,False,ok,complete
503370033,38206,西条市,30,16.0,7.0,0.5333333333333333,0.23333333333333334,0,,,False,False,ok,complete
503370034,38206,西条市,170,64.0,35.0,0.3764705882352941,0.20588235294117646,0,,,False,False,ok,complete
503370042,38206,西条市,21,7.0,5.0,0.3333333333333333,0.23809523809523808,0,,,False,False,ok,complete
503370043,38206,西条市,19,8.0,1.0,0.42105263157894735,0.05263157894736842,0,,,False,False,ok,complete
503370044,38206,西条市,107,45.0,23.0,0.4205607476635514,0.21495327102803738,0,,,False,False,ok,complete
503370051,38206,西条市,222,74.0,32.0,0.3333333333333333,0.14414414414414414,0,,,False,False,ok,complete
503370052,38206,西条市,99,23.0,11.0,0.23232323232323232,0.1111111111111111,0,,,False,False,ok,complete
503370053,38206,西条市,164,105.0,80.0,0.6402439024390244,0.4878048780487805,0,,,False,False,ok,complete
503370054,38206,西条市,61,34.0,13.0,0.5573770491803278,0.21311475409836064,0,,,False,False,ok,complete
503370061,38206,西条市,116,31.0,16.0,0.2672413793103448,0.13793103448275862,0,,,False,False,ok,complete
503370062,38206,西条市,120,36.0,18.0,0.3,0.15,0,,,False,False,ok,complete
503370063,38206,西条市,112,54.0,26.0,0.48214285714285715,0.23214285714285715,0,,,False,False,ok,complete
503370064,38206,西条市,286,74.0,33.0,0.25874125874125875,0.11538461538461539,0,,,False,False,ok,complete
503370071,38206,西条市,33,11.0,6.0,0.3333333333333333,0.18181818181818182,0,,,False,False,ok,complete
503370072,38206,西条市,56,17.0,8.0,0.30357142857142855,0.14285714285714285,0,,,False,False,ok,complete
503370073,38206,西条市,54,16.0,8.0,0.2962962962962963,0.14814814814814814,0,,,False,False,ok,complete
503370074,38206,西条市,196,53.0,23.0,0.27040816326530615,0.11734693877551021,0,,,False,False,ok,complete
503370081,38206,西条市,112,35.0,16.0,0.3125,0.14285714285714285,0,,,False,False,ok,complete
503370082,38206,西条市,363,152.0,86.0,0.418732782369146,0.2369146005509642,0,,,False,False,ok,complete
503370083,38206,西条市,123,34.0,21.0,0.2764227642276423,0.17073170731707318,0,,,False,False,ok,complete
503370084,38206,西条市,140,59.0,30.0,0.42142857142857143,0.21428571428571427,0,,,False,False,ok,complete
503370091,38206,西条市,32,14.0,5.0,0.4375,0.15625,0,,,False,False,ok,complete
503370092,38206,西条市,26,16.0,9.0,0.6153846153846154,0.34615384615384615,1,,503370094,False,False,ok,complete
503370093,38206,西条市,22,10.0,6.0,0.45454545454545453,0.2727272727272727,0,,,False,False,ok,complete
503370094,38206,西条市,4,,,,,2,503370092,,True,True,ok,partial
503370104,38206,西条市,2,,,,,2,503370112,,True,True,ok,partial
503370111,38206,西条市,14,10.0,4.0,0.7142857142857143,0.2857142857142857,0,,,False,False,ok,complete
503370112,38206,西条市,23,16.0,11.0,0.6956521739130435,0.4782608695652174,1,,503370104;503370114,False,False,ok,complete
503370114,38206,西条市,3,,,,,2,503370112,,True,True,ok,partial
503370123,38206,西条市,22,9.0,5.0,0.4090909090909091,0.22727272727272727,0,,,False,False,ok,complete
503370131,38206,西条市,161,65.0,22.0,0.40372670807453415,0.13664596273291926,0,,,False,False,ok,complete
503370132,38206,西条市,163,46.0,28.0,0.2822085889570552,0.17177914110429449,0,,,False,False,ok,complete
503370134,38206,西条市,134,53.0,26.0,0.39552238805970147,0.19402985074626866,0,,,False,False,ok,complete
503370141,38206,西条市,38,16.0,6.0,0.42105263157894735,0.15789473684210525,0,,,False,False,ok,complete
503370142,38206,西条市,102,35.0,17.0,0.3431372549019608,0.16666666666666666,0,,,False,False,ok,complete
503370143,38206,西条市,251,71.0,39.0,0.28286852589641437,0.1553784860557769,0,,,False,False,ok,complete
503370144,38206,西条市,385,123.0,65.0,0.3194805194805195,0.16883116883116883,0,,,False,False,ok,complete
503370151,38206,西条市,65,28.0,13.0,0.4307692307692308,0.2,0,,,False,False,ok,complete
503370152,38206,西条市,184,61.0,25.0,0.33152173913043476,0.1358695652173913,0,,,False,False,ok,complete
503370153,38206,西条市,38,13.0,7.0,0.34210526315789475,0.18421052631578946,0,,,False,False,ok,complete
503370154,38206,西条市,249,75.0,36.0,0.30120481927710846,0.14457831325301204,0,,,False,False,ok,complete
503370161,38206,西条市,214,77.0,39.0,0.3598130841121495,0.1822429906542056,0,,,False,False,ok,complete
503370162,38206,西条市,358,100.0,71.0,0.27932960893854747,0.19832402234636873,0,,,False,False,ok,complete
503370163,38206,西条市,689,199.0,109.0,0.2888243831640058,0.15820029027576196,0,,,False,False,ok,complete
503370164,38206,西条市,648,194.0,98.0,0.2993827160493827,0.15123456790123457,0,,,False,False,ok,complete
503370171,38206,西条市,513,174.0,118.0,0.3391812865497076,0.2300194931773879,0,,,False,False,ok,complete
503370172,38206,西条市,553,201.0,134.0,0.36347197106690776,0.2423146473779385,0,,,False,False,ok,complete
503370173,38206,西条市,828,211.0,139.0,0.25483091787439616,0.1678743961352657,0,,,False,False,ok,complete
503370174,38206,西条市,235,47.0,26.0,0.2,0.11063829787234042,0,,,False,False,ok,complete
503370181,38206,西条市,25,11.0,5.0,0.44,0.2,0,,,False,False,ok,complete
503370182,38206,西条市,12,5.0,3.0,0.4166666666666667,0.25,0,,,False,False,ok,complete
503370183,38206,西条市,166,87.0,53.0,0.5240963855421686,0.3192771084337349,0,,,False,False,ok,complete
503370184,38206,西条市,59,38.0,23.0,0.6440677966101694,0.3898305084745763,0,,,False,False,ok,complete
503370214,38206,西条市,22,12.0,4.0,0.5454545454545454,0.18181818181818182,0,,,False,False,ok,complete
503370221,38206,西条市,121,60.0,38.0,0.49586776859504134,0.3140495867768595,0,,,False,False,ok,complete
503370223,38206,西条市,58,28.0,16.0,0.4827586206896552,0.27586206896551724,0,,,False,False,ok,complete
503370224,38206,西条市,19,15.0,9.0,0.7894736842105263,0.47368421052631576,0,,,False,False,ok,complete
503370231,38206,西条市,68,39.0,29.0,0.5735294117647058,0.4264705882352941,0,,,False,False,ok,complete
503370232,38206,西条市,238,78.0,37.0,0.3277310924369748,0.15546218487394958,0,,,False,False,ok,complete
503370233,38206,西条市,53,23.0,16.0,0.4339622641509434,0.3018867924528302,0,,,False,False,ok,complete
503370234,38206,西条市,57,34.0,18.0,0.5964912280701754,0.3157894736842105,0,,,False,False,ok,complete
503370241,38206,西条市,559,161.0,65.0,0.2880143112701252,0.11627906976744186,0,,,False,False,ok,complete
503370242,38206,西条市,551,197.0,104.0,0.35753176043557167,0.18874773139745918,0,,,False,False,ok,complete
503370243,38206,西条市,173,66.0,32.0,0.3815028901734104,0.18497109826589594,0,,,False,False,ok,complete
503370244,38206,西条市,746,285.0,136.0,0.3820375335120643,0.18230563002680966,0,,,False,False,ok,complete
503370251,38206,西条市,99,30.0,11.0,0.30303030303030304,0.1111111111111111,0,,,False,False,ok,complete
503370252,38206,西条市,355,86.0,39.0,0.24225352112676057,0.10985915492957747,0,,,False,False,ok,complete
503370253,38206,西条市,351,148.0,62.0,0.42165242165242167,0.17663817663817663,0,,,False,False,ok,complete
503370254,38206,西条市,225,92.0,43.0,0.4088888888888889,0.19111111111111112,0,,,False,False,ok,complete
503370261,38206,西条市,887,295.0,170.0,0.33258173618940245,0.19165727170236754,0,,,False,False,ok,complete
503370262,38206,西条市,1022,377.0,211.0,0.36888454011741684,0.20645792563600782,0,,,False,False,ok,complete
503370263,38206,西条市,329,96.0,44.0,0.2917933130699088,0.1337386018237082,0,,,False,False,ok,complete
503370264,38206,西条市,722,240.0,137.0,0.33240997229916897,0.18975069252077562,0,,,False,False,ok,complete
503370271,38206,西条市,939,139.0,65.0,0.14802981895633652,0.06922257720979766,0,,,False,False,ok,complete
503370272,38206,西条市,572,113.0,48.0,0.19755244755244755,0.08391608391608392,0,,,False,False,ok,complete
503370273,38206,西条市,152,54.0,27.0,0.35526315789473684,0.17763157894736842,0,,,False,False,ok,complete
503370274,38206,西条市,50,10.0,3.0,0.2,0.06,0,,,False,False,ok,complete
503370281,38206,西条市,138,35.0,19.0,0.2536231884057971,0.13768115942028986,0,,,False,False,ok,complete
503370283,38206,西条市,66,18.0,5.0,0.2727272727272727,0.07575757575757576,0,,,False,False,ok,complete
503370303,38206,西条市,2,,,,,2,503370401,,True,True,ok,partial
503370322,38206,西条市,148,66.0,38.0,0.44594594594594594,0.25675675675675674,0,,,False,False,ok,complete
503370324,38206,西条市,26,15.0,8.0,0.5769230769230769,0.3076923076923077,0,,,False,False,ok,complete
503370331,38206,西条市,239,64.0,33.0,0.26778242677824265,0.13807531380753138,0,,,False,False,ok,complete
503370332,38206,西条市,259,110.0,71.0,0.4247104247104247,0.27413127413127414,0,,,False,False,ok,complete
503370333,38206,西条市,93,41.0,25.0,0.44086021505376344,0.26881720430107525,0,,,False,False,ok,complete
503370334,38206,西条市,119,80.0,62.0,0.6722689075630253,0.5210084033613446,0,,,False,False,ok,complete
503370341,38206,西条市,103,45.0,25.0,0.4368932038834951,0.24271844660194175,0,,,False,False,ok,complete
503370342,38206,西条市,578,215.0,112.0,0.3719723183391003,0.19377162629757785,0,,,False,False,ok,complete
503370343,38206,西条市,197,117.0,81.0,0.5939086294416244,0.41116751269035534,0,,,False,False,ok,complete
503370344,38206,西条市,524,198.0,105.0,0.37786259541984735,0.20038167938931298,0,,,False,False,ok,complete
503370351,38206,西条市,191,58.0,24.0,0.3036649214659686,0.1256544502617801,0,,,False,False,ok,complete
503370352,38206,西条市,110,57.0,27.0,0.5181818181818182,0.24545454545454545,0,,,False,False,ok,complete
503370353,38206,西条市,105,38.0,20.0,0.3619047619047619,0.19047619047619047,0,,,False,False,ok,complete
503370354,38206,西条市,113,41.0,23.0,0.36283185840707965,0.20353982300884957,0,,,False,False,ok,complete
503370361,38206,西条市,20,9.0,2.0,0.45,0.1,0,,,False,False,ok,complete
503370362,38206,西条市,112,32.0,18.0,0.2857142857142857,0.16071428571428573,0,,,False,False,ok,complete
503370363,38206,西条市,49,29.0,14.0,0.5918367346938775,0.2857142857142857,0,,,False,False,ok,complete
503370364,38206,西条市,38,19.0,7.0,0.5,0.18421052631578946,0,,,False,False,ok,complete
503370401,38206,西条市,21,18.0,13.0,0.8571428571428571,0.6190476190476191,1,,503370303;503370402,False,False,ok,complete
503370402,38206,西条市,6,,,,,2,503370401,,True,True,ok,partial
503370422,38206,西条市,14,1.0,1.0,0.07142857142857142,0.07142857142857142,0,,,False,False,ok,complete
503370431,38206,西条市,7,,,,,2,503370432,,True,True,ok,partial
503370432,38206,西条市,118,49.0,23.0,0.4152542372881356,0.19491525423728814,1,,503370431,False,False,ok,complete
503370433,38206,西条市,16,7.0,4.0,0.4375,0.25,0,,,False,False,ok,complete
503370434,38206,西条市,115,56.0,38.0,0.48695652173913045,0.33043478260869563,0,,,False,False,ok,complete
503370441,38206,西条市,191,76.0,43.0,0.39790575916230364,0.225130890052356,0,,,False,False,ok,complete
503370442,38206,西条市,687,233.0,108.0,0.33915574963609896,0.1572052401746725,0,,,False,False,ok,complete
503370443,38206,西条市,144,59.0,31.0,0.4097222222222222,0.2152777777777778,0,,,False,False,ok,complete
503370444,38206,西条市,192,74.0,41.0,0.3854166666666667,0.21354166666666666,0,,,False,False,ok,complete
503370451,38206,西条市,408,145.0,67.0,0.3553921568627451,0.1642156862745098,0,,,False,False,ok,complete
503370452,38206,西条市,295,119.0,53.0,0.4033898305084746,0.17966101694915254,0,,,False,False,ok,complete
503370453,38206,西条市,20,5.0,2.0,0.25,0.1,0,,,False,False,ok,complete
503370461,38206,西条市,149,73.0,41.0,0.4899328859060403,0.2751677852348993,0,,,False,False,ok,complete
503370462,38206,西条市,18,6.0,3.0,0.3333333333333333,0.16666666666666666,0,,,False,False,ok,complete
503370463,38206,西条市,74,37.0,23.0,0.5,0.3108108108108108,0,,,False,False,ok,complete
503370464,38206,西条市,13,4.0,4.0,0.3076923076923077,0.3076923076923077,0,,,False,False,ok,complete
503370503,38202,今治市,23,12.0,6.0,0.5217391304347826,0.2608695652173913,1,,503370504,False,False,ok,complete
503370504,38202,今治市,8,,,,,2,503370503,,True,True,ok,partial
503370531,38206,西条市,28,14.0,9.0,0.5,0.32142857142857145,0,,,False,False,ok,complete
503370532,38206,西条市,26,8.0,6.0,0.3076923076923077,0.23076923076923078,0,,,False,False,ok,complete
503370541,38206,西条市,59,24.0,13.0,0.4067796610169492,0.22033898305084745,0,,,False,False,ok,complete
503370542,38206,西条市,412,156.0,76.0,0.3786407766990291,0.18446601941747573,0,,,False,False,ok,complete
503370543,38206,西条市,173,79.0,41.0,0.45664739884393063,0.23699421965317918,0,,,False,False,ok,complete
503370544,38206,西条市,186,94.0,66.0,0.5053763440860215,0.3548387096774194,0,,,False,False,ok,complete
503370551,38206,西条市,58,30.0,15.0,0.5172413793103449,0.25862068965517243,0,,,False,False,ok,complete
503370552,38206,西条市,134,69.0,23.0,0.5149253731343284,0.17164179104477612,0,,,False,False,ok,complete
503370553,38206,西条市,264,115.0,70.0,0.4356060606060606,0.26515151515151514,0,,,False,False,ok,complete
503370554,38206,西条市,98,35.0,15.0,0.35714285714285715,0.15306122448979592,0,,,False,False,ok,complete
503370561,38206,西条市,4,0.0,0.0,0.0,0.0,0,,,False,False,ok,complete
503370601,38202,今治市,23,14.0,5.0,0.6086956521739131,0.21739130434782608,0,,,False,False,ok,complete
503370602,38202,今治市,14,8.0,2.0,0.5714285714285714,0.14285714285714285,0,,,False,False,ok,complete
503370603,38202,今治市,20,8.0,4.0,0.4,0.2,0,,,False,False,ok,complete
503370614,38202,今治市,123,39.0,18.0,0.3170731707317073,0.14634146341463414,0,,,False,False,ok,complete
503370621,38202,今治市,17,3.0,2.0,0.17647058823529413,0.11764705882352941,0,,,False,False,ok,complete
503370623,38202,今治市,63,27.0,19.0,0.42857142857142855,0.30158730158730157,0,,,False,False,ok,complete
503370632,38206,西条市,59,0.0,0.0,0.0,0.0,0,,,False,False,ok,complete
503370634,38206,西条市,82,54.0,22.0,0.6585365853658537,0.2682926829268293,1,,503370732,False,False,ok,complete
503370641,38206,西条市,37,19.0,9.0,0.5135135135135135,0.24324324324324326,0,,,False,False,ok,complete
503370642,38206,西条市,40,16.0,14.0,0.4,0.35,0,,,False,False,ok,complete
503370643,38206,西条市,72,37.0,13.0,0.5138888888888888,0.18055555555555555,0,,,False,False,ok,complete
503370644,38206,西条市,64,21.0,16.0,0.328125,0.25,0,,,False,False,ok,complete
503370651,38206,西条市,461,239.0,125.0,0.5184381778741866,0.27114967462039047,0,,,False,False,ok,complete
503370653,38206,西条市,216,116.0,64.0,0.5370370370370371,0.2962962962962963,0,,,False,False,ok,complete
503370701,38202,今治市,39,28.0,10.0,0.717948717948718,0.2564102564102564,1,,503370703,False,False,ok,complete
503370702,38202,今治市,120,27.0,14.0,0.225,0.11666666666666667,0,,,False,False,ok,complete
503370703,38202,今治市,5,,,,,2,503370701,,True,True,ok,partial
503370704,38202,今治市,15,8.0,3.0,0.5333333333333333,0.2,0,,,False,False,ok,complete
503370711,38202,今治市,157,56.0,32.0,0.35668789808917195,0.20382165605095542,0,,,False,False,ok,complete
503370712,38202,今治市,253,110.0,35.0,0.43478260869565216,0.1383399209486166,0,,,False,False,ok,complete
503370713,38202,今治市,55,28.0,14.0,0.509090909090909,0.2545454545454545,0,,,False,False,ok,complete
503370714,38202,今治市,68,6.0,3.0,0.08823529411764706,0.04411764705882353,0,,,False,False,ok,complete
503370721,38202,今治市,44,20.0,7.0,0.45454545454545453,0.1590909090909091,0,,,False,False,ok,complete
503370722,38202,今治市,15,0.0,0.0,0.0,0.0,0,,,False,False,ok,complete
503370732,38202,今治市,64,,,,,2,503370634,,True,True,ok,partial
503370741,38206,西条市,13,,,,,2,503370742,,True,True,ok,partial
503370742,38206,西条市,19,15.0,8.0,0.7894736842105263,0.42105263157894735,1,,503370741;503370744,False,False,ok,complete
503370744,38206,西条市,2,,,,,2,503370742,,True,True,ok,partial
503370801,38202,今治市,7,,,,,2,503370803,,True,True,ok,partial
503370802,38202,今治市,3,,,,,2,503370804,,True,True,ok,partial
503370803,38202,今治市,21,18.0,11.0,0.8571428571428571,0.5238095238095238,1,,503370801,False,False,ok,complete
503370804,38202,今治市,48,27.0,13.0,0.5625,0.2708333333333333,1,,503370802,False,False,ok,complete
503370811,38202,今治市,93,39.0,19.0,0.41935483870967744,0.20430107526881722,0,,,False,False,ok,complete
503370812,38202,今治市,81,36.0,19.0,0.4444444444444444,0.2345679012345679,0,,,False,False,ok,complete
503370813,38202,今治市,118,43.0,20.0,0.3644067796610169,0.1694915254237288,0,,,False,False,ok,complete
503370814,38202,今治市,37,14.0,5.0,0.3783783783783784,0.13513513513513514,0,,,False,False,ok,complete
503370823,38202,今治市,4,,,,,2,503370912,,True,True,ok,partial
503370824,38202,今治市,3,,,,,2,503370912,,True,True,ok,partial
503370834,38202,今治市,2,,,,,2,503370843,,True,True,ok,partial
503370841,38202,今治市,50,29.0,18.0,0.58,0.36,0,,,False,False,ok,complete
503370843,38202,今治市,64,35.0,18.0,0.546875,0.28125,1,,503370834,False,False,ok,complete
503370844,38202,今治市,9,5.0,2.0,0.5555555555555556,0.2222222222222222,1,,503370851,False,False,ok,complete
503370901,38202,今治市,7,,,,,2,503370902,,True,True,ok,partial
503370902,38202,今治市,26,14.0,8.0,0.5384615384615384,0.3076923076923077,1,,503370901;503370904,False,False,ok,complete
503370904,38202,今治市,7,,,,,2,503370902,,True,True,ok,partial
503370911,38202,今治市,123,50.0,32.0,0.4065040650406504,0.2601626016260163,0,,,False,False,ok,complete
503370912,38202,今治市,160,63.0,30.0,0.39375,0.1875,1,,503370823;503370824,False,False,ok,complete
503370913,38202,今治市,174,60.0,29.0,0.3448275862068966,0.16666666666666666,0,,,False,False,ok,complete
503370914,38202,今治市,199,84.0,52.0,0.4221105527638191,0.2613065326633166,0,,,False,False,ok,complete
503370921,38202,今治市,86,38.0,20.0,0.4418604651162791,0.23255813953488372,0,,,False,False,ok,complete
503370923,38202,今治市,215,71.0,26.0,0.3302325581395349,0.12093023255813953,0,,,False,False,ok,complete
503370924,38202,今治市,14,7.0,4.0,0.5,0.2857142857142857,0,,,False,False,ok,complete
503370931,38202,今治市,8,,,,,2,503370933,,True,True,ok,partial
503370932,38202,今治市,8,4.0,3.0,0.5,0.375,0,,,False,False,ok,complete
503370933,38202,今治市,81,53.0,32.0,0.654320987654321,0.3950617283950617,1,,503370931,False,False,ok,complete
503370941,38202,今治市,39,,,,,1,,503370943,True,True,inconsistent_with_total,partial
503370942,38202,今治市,67,37.0,14.0,0.5522388059701493,0.208955223880597,0,,,False,False,ok,complete
503371001,38206,西条市,32,16.0,6.0,0.5,0.1875,0,,,False,False,ok,complete
503371002,38206,西条市,109,44.0,25.0,0.4036697247706422,0.22935779816513763,0,,,False,False,ok,complete
503371003,38206,西条市,5,,,,,2,503371004,,True,True,ok,partial
503371004,38206,西条市,79,40.0,22.0,0.5063291139240507,0.27848101265822783,1,,503371003,False,False,ok,complete
503371012,38206,西条市,174,67.0,39.0,0.3850574712643678,0.22413793103448276,0,,,False,False,ok,complete
503371021,38206,西条市,15,7.0,2.0,0.4666666666666667,0.13333333333333333,0,,,False,False,ok,complete
503371022,38206,西条市,116,43.0,20.0,0.3706896551724138,0.1724137931034483,0,,,False,False,ok,complete
503371024,38206,西条市,25,6.0,2.0,0.24,0.08,0,,,False,False,ok,complete
503371031,38206,西条市,1506,268.0,116.0,0.17795484727755645,0.07702523240371846,0,,,False,False,ok,complete
503371032,38206,西条市,1159,267.0,147.0,0.23037100949094047,0.12683347713546161,0,,,False,False,ok,complete
503371033,38206,西条市,647,111.0,49.0,0.17156105100463678,0.07573415765069552,0,,,False,False,ok,complete
503371034,38206,西条市,886,146.0,68.0,0.16478555304740405,0.07674943566591422,0,,,False,False,ok,complete
503371041,38206,西条市,867,257.0,131.0,0.2964244521337947,0.1510957324106113,0,,,False,False,ok,complete
503371042,38206,西条市,1420,415.0,220.0,0.29225352112676056,0.15492957746478872,0,,,False,False,ok,complete
503371043,38206,西条市,1149,378.0,214.0,0.3289817232375979,0.18624891209747607,0,,,False,False,ok,complete
503371044,38206,西条市,1154,275.0,166.0,0.23830155979202772,0.1438474870017331,0,,,False,False,ok,complete
503371051,38206,西条市,1036,261.0,133.0,0.2519305019305019,0.12837837837837837,0,,,False,False,ok,complete
503371052,38206,西条市,600,190.0,88.0,0.31666666666666665,0.14666666666666667,0,,,False,False,ok,complete
503371053,38206,西条市,823,139.0,54.0,0.16889428918590524,0.06561360874848117,0,,,False,False,ok,complete
503371054,38206,西条市,449,140.0,79.0,0.311804008908686,0.1759465478841871,0,,,False,False,ok,complete
503371061,38206,西条市,127,33.0,16.0,0.25984251968503935,0.12598425196850394,0,,,False,False,ok,complete
503371062,38206,西条市,203,58.0,33.0,0.2857142857142857,0.1625615763546798,0,,,False,False,ok,complete
503371063,38206,西条市,288,66.0,32.0,0.22916666666666666,0.1111111111111111,0,,,False,False,ok,complete
503371064,38206,西条市,99,24.0,15.0,0.24242424242424243,0.15151515151515152,0,,,False,False,ok,complete
503371071,38206,西条市,353,123.0,55.0,0.34844192634560905,0.1558073654390935,0,,,False,False,ok,complete
503371072,38206,西条市,332,120.0,55.0,0.3614457831325301,0.16566265060240964,0,,,False,False,ok,complete
503371073,38206,西条市,378,119.0,62.0,0.3148148148148148,0.164021164021164,0,,,False,False,ok,complete
503371074,38206,西条市,315,112.0,48.0,0.35555555555555557,0.1523809523809524,0,,,False,False,ok,complete
503371081,38206,西条市,352,99.0,38.0,0.28125,0.10795454545454546,0,,,False,False,ok,complete
503371082,38206,西条市,207,71.0,39.0,0.34299516908212563,0.18840579710144928,0,,,False,False,ok,complete
503371083,38206,西条市,33,9.0,4.0,0.2727272727272727,0.12121212121212122,0,,,False,False,ok,complete
503371084,38206,西条市,466,207.0,80.0,0.44420600858369097,0.17167381974248927,0,,,False,False,ok,complete
503371091,38206,西条市,257,79.0,35.0,0.30739299610894943,0.13618677042801555,0,,,False,False,ok,complete
503371092,38206,西条市,329,105.0,46.0,0.3191489361702128,0.1398176291793313,0,,,False,False,ok,complete
503371093,38205,新居浜市,67,47.0,36.0,0.7014925373134329,0.5373134328358209,0,,,False,False,ok,complete
503371094,38205,新居浜市,156,63.0,30.0,0.40384615384615385,0.19230769230769232,0,,,False,False,ok,complete
503371121,38206,西条市,99,27.0,12.0,0.2727272727272727,0.12121212121212122,0,,,False,False,ok,complete
503371122,38206,西条市,64,20.0,12.0,0.3125,0.1875,0,,,False,False,ok,complete
503371124,38206,西条市,81,40.0,16.0,0.49382716049382713,0.19753086419753085,0,,,False,False,ok,complete
503371131,38206,西条市,81,20.0,9.0,0.24691358024691357,0.1111111111111111,0,,,False,False,ok,complete
503371132,38206,西条市,314,64.0,26.0,0.20382165605095542,0.08280254777070063,0,,,False,False,ok,complete
503371133,38206,西条市,145,57.0,28.0,0.3931034482758621,0.19310344827586207,0,,,False,False,ok,complete
503371141,38206,西条市,1779,278.0,118.0,0.15626756604834177,0.06632939853850478,0,,,False,False,ok,complete
503371142,38206,西条市,569,91.0,45.0,0.15992970123022848,0.07908611599297012,0,,,False,False,ok,complete
503371143,38206,西条市,185,168.0,142.0,0.9081081081081082,0.7675675675675676,0,,,False,False,ok,complete
503371144,38206,西条市,293,18.0,7.0,0.06143344709897611,0.023890784982935155,0,,,False,False,ok,complete
503371151,38206,西条市,504,175.0,147.0,0.3472222222222222,0.2916666666666667,0,,,False,False,ok,complete
503371152,38206,西条市,279,64.0,28.0,0.22939068100358423,0.1003584229390681,0,,,False,False,ok,complete
503371153,38206,西条市,187,29.0,20.0,0.15508021390374332,0.10695187165775401,0,,,False,False,ok,complete
503371154,38206,西条市,517,147.0,71.0,0.28433268858800775,0.13733075435203096,0,,,False,False,ok,complete
503371161,38206,西条市,347,60.0,28.0,0.1729106628242075,0.08069164265129683,0,,,False,False,ok,complete
503371162,38206,西条市,346,111.0,52.0,0.3208092485549133,0.15028901734104047,0,,,False,False,ok,complete
503371163,38206,西条市,604,109.0,42.0,0.1804635761589404,0.0695364238410596,0,,,False,False,ok,complete
503371164,38206,西条市,581,145.0,47.0,0.2495697074010327,0.08089500860585198,0,,,False,False,ok,complete
503371171,38206,西条市,354,108.0,51.0,0.3050847457627119,0.1440677966101695,0,,,False,False,ok,complete
503371172,38206,西条市,119,18.0,8.0,0.15126050420168066,0.06722689075630252,0,,,False,False,ok,complete
503371173,38206,西条市,187,54.0,23.0,0.2887700534759358,0.12299465240641712,0,,,False,False,ok,complete
503371174,38206,西条市,29,1.0,1.0,0.034482758620689655,0.034482758620689655,0,,,False,False,ok,complete
503371181,38206,西条市,119,48.0,23.0,0.40336134453781514,0.19327731092436976,0,,,False,False,ok,complete
503371182,38206,西条市,428,188.0,69.0,0.4392523364485981,0.16121495327102803,0,,,False,False,ok,complete
503371183,38206,西条市,33,23.0,22.0,0.696969696969697,0.6666666666666666,0,,,False,False,ok,complete
503371184,38206,西条市,29,11.0,5.0,0.3793103448275862,0.1724137931034483,0,,,False,False,ok,complete
503371191,38206,西条市,159,58.0,20.0,0.36477987421383645,0.12578616352201258,0,,,False,False,ok,complete
503371192,38206,西条市,134,63.0,28.0,0.4701492537313433,0.208955223880597,0,,,False,False,ok,complete
503371193,38205,新居浜市,19,7.0,3.0,0.3684210526315789,0.15789473684210525,0,,,False,False,ok,complete
503371194,38205,新居浜市,14,8.0,4.0,0.5714285714285714,0.2857142857142857,0,,,False,False,ok,complete
503371242,38206,西条市,60,6.0,1.0,0.1,0.016666666666666666,1,,503371234,False,False,ok,complete
503371243,38206,西条市,8,1.0,0.0,0.125,0.0,1,,503371244,False,False,ok,complete
503371244,38206,西条市,3,,,,,2,503371243,,True,True,ok,partial
503371251,38206,西条市,243,31.0,17.0,0.12757201646090535,0.06995884773662552,0,,,False,False,ok,complete
503371252,38206,西条市,644,43.0,14.0,0.06677018633540373,0.021739130434782608,1,,503371254,False,False,ok,complete
503371254,38206,西条市,1,,,,,2,503371252,,True,True,ok,partial
503371261,38206,西条市,525,132.0,65.0,0.25142857142857145,0.12380952380952381,0,,,False,False,ok,complete
503371262,38206,西条市,205,53.0,32.0,0.25853658536585367,0.15609756097560976,1,,503371271;503371273;503371383,False,False,ok,complete
503371263,38206,西条市,24,20.0,9.0,0.8333333333333334,0.375,0,,,False,False,ok,complete
503371264,38206,西条市,163,47.0,22.0,0.2883435582822086,0.13496932515337423,0,,,False,False,ok,complete
503371271,38206,西条市,8,,,,,2,503371262,,True,True,ok,partial
503371273,38206,西条市,2,,,,,2,503371262,,True,True,ok,partial
503371383,38206,西条市,10,,,,,2,503371262,,True,True,ok,partial
503371394,38205,新居浜市,53,6.0,4.0,0.11320754716981132,0.07547169811320754,0,,,False,False,ok,complete
503372001,38205,新居浜市,411,127.0,71.0,0.30900243309002434,0.17274939172749393,0,,,False,False,ok,complete
503372002,38205,新居浜市,589,231.0,123.0,0.3921901528013582,0.20882852292020374,0,,,False,False,ok,complete
503372003,38205,新居浜市,402,148.0,71.0,0.3681592039800995,0.17661691542288557,0,,,False,False,ok,complete
503372004,38205,新居浜市,727,337.0,210.0,0.46354883081155435,0.28885832187070154,0,,,False,False,ok,complete
503372011,38205,新居浜市,715,250.0,101.0,0.34965034965034963,0.14125874125874127,0,,,False,False,ok,complete
503372012,38205,新居浜市,315,127.0,49.0,0.4031746031746032,0.15555555555555556,0,,,False,False,ok,complete
503372013,38205,新居浜市,217,65.0,26.0,0.2995391705069124,0.11981566820276497,0,,,False,False,ok,complete
503372014,38205,新居浜市,158,76.0,28.0,0.4810126582278481,0.17721518987341772,0,,,False,False,ok,complete
503372021,38205,新居浜市,753,234.0,104.0,0.3107569721115538,0.13811420982735723,0,,,False,False,ok,complete
503372022,38205,新居浜市,446,206.0,117.0,0.4618834080717489,0.2623318385650224,0,,,False,False,ok,complete
503372023,38205,新居浜市,828,339.0,191.0,0.40942028985507245,0.23067632850241546,0,,,False,False,ok,complete
503372024,38205,新居浜市,839,264.0,141.0,0.3146603098927294,0.16805721096543505,0,,,False,False,ok,complete
503372031,38205,新居浜市,437,164.0,78.0,0.37528604118993136,0.17848970251716248,0,,,False,False,ok,complete
503372032,38205,新居浜市,166,73.0,35.0,0.4397590361445783,0.21084337349397592,0,,,False,False,ok,complete
503372033,38205,新居浜市,1153,381.0,207.0,0.3304423243712056,0.1795316565481353,0,,,False,False,ok,complete
503372034,38205,新居浜市,882,373.0,206.0,0.42290249433106575,0.23356009070294784,0,,,False,False,ok,complete
503372041,38205,新居浜市,40,24.0,14.0,0.6,0.35,0,,,False,False,ok,complete
503372042,38205,新居浜市,23,18.0,7.0,0.782608695652174,0.30434782608695654,0,,,False,False,ok,complete
503372043,38205,新居浜市,1110,335.0,190.0,0.30180180180180183,0.17117117117117117,0,,,False,False,ok,complete
503372044,38205,新居浜市,243,62.0,29.0,0.2551440329218107,0.11934156378600823,0,,,False,False,ok,complete
503372053,38205,新居浜市,249,64.0,42.0,0.2570281124497992,0.1686746987951807,1,,503372054,False,False,ok,complete
503372054,38205,新居浜市,8,,,,,2,503372053,,True,True,ok,partial
503372101,38205,新居浜市,189,77.0,42.0,0.4074074074074074,0.2222222222222222,0,,,False,False,ok,complete
503372102,38205,新居浜市,106,35.0,19.0,0.330188679245283,0.1792452830188679,0,,,False,False,ok,complete
503372104,38205,新居浜市,238,206.0,178.0,0.865546218487395,0.7478991596638656,0,,,False,False,ok,complete
503372111,38205,新居浜市,240,116.0,86.0,0.48333333333333334,0.35833333333333334,0,,,False,False,ok,complete
503372112,38205,新居浜市,471,183.0,100.0,0.3885350318471338,0.21231422505307856,0,,,False,False,ok,complete
503372113,38205,新居浜市,479,182.0,81.0,0.37995824634655534,0.16910229645093947,0,,,False,False,ok,complete
503372114,38205,新居浜市,330,135.0,71.0,0.4090909090909091,0.21515151515151515,0,,,False,False,ok,complete
503372121,38205,新居浜市,1213,257.0,136.0,0.21187139323990106,0.11211871393239901,0,,,False,False,ok,complete
503372122,38205,新居浜市,1013,247.0,103.0,0.24383020730503455,0.1016781836130306,0,,,False,False,ok,complete
503372123,38205,新居浜市,716,205.0,96.0,0.28631284916201116,0.1340782122905028,0,,,False,False,ok,complete
503372124,38205,新居浜市,988,350.0,221.0,0.354251012145749,0.2236842105263158,0,,,False,False,ok,complete
503372131,38205,新居浜市,1257,376.0,181.0,0.29912490055688146,0.14399363564041368,0,,,False,False,ok,complete
503372132,38205,新居浜市,1047,378.0,187.0,0.36103151862464183,0.17860553963705827,0,,,False,False,ok,complete
503372133,38205,新居浜市,1261,415.0,231.0,0.32910388580491673,0.183187946074544,0,,,False,False,ok,complete
503372134,38205,新居浜市,1160,376.0,179.0,0.32413793103448274,0.1543103448275862,0,,,False,False,ok,complete
503372141,38205,新居浜市,987,331.0,187.0,0.3353596757852077,0.1894630192502533,0,,,False,False,ok,complete
503372142,38205,新居浜市,918,261.0,124.0,0.28431372549019607,0.13507625272331156,0,,,False,False,ok,complete
503372143,38205,新居浜市,812,237.0,129.0,0.291871921182266,0.15886699507389163,0,,,False,False,ok,complete
503372144,38205,新居浜市,896,293.0,146.0,0.32700892857142855,0.16294642857142858,0,,,False,False,ok,complete
503372151,38205,新居浜市,367,159.0,94.0,0.4332425068119891,0.2561307901907357,0,,,False,False,ok,complete
503372152,38205,新居浜市,199,79.0,35.0,0.3969849246231156,0.17587939698492464,0,,,False,False,ok,complete
503372153,38205,新居浜市,504,250.0,138.0,0.49603174603174605,0.27380952380952384,0,,,False,False,ok,complete
503372154,38205,新居浜市,378,150.0,79.0,0.3968253968253968,0.20899470899470898,0,,,False,False,ok,complete
503372161,38205,新居浜市,104,28.0,10.0,0.2692307692307692,0.09615384615384616,0,,,False,False,ok,complete
503372162,38205,新居浜市,12,3.0,2.0,0.25,0.16666666666666666,0,,,False,False,ok,complete
503372163,38205,新居浜市,493,211.0,141.0,0.4279918864097363,0.28600405679513186,0,,,False,False,ok,complete
503372164,38205,新居浜市,482,212.0,111.0,0.43983402489626555,0.23029045643153526,0,,,False,False,ok,complete
503372173,38205,新居浜市,361,134.0,73.0,0.37119113573407203,0.20221606648199447,0,,,False,False,ok,complete
503372174,38205,新居浜市,139,46.0,23.0,0.33093525179856115,0.16546762589928057,0,,,False,False,ok,complete
503372202,38205,新居浜市,20,10.0,4.0,0.5,0.2,0,,,False,False,ok,complete
503372211,38205,新居浜市,44,14.0,8.0,0.3181818181818182,0.18181818181818182,0,,,False,False,ok,complete
503372212,38205,新居浜市,25,14.0,7.0,0.56,0.28,0,,,False,False,ok,complete
503372221,38205,新居浜市,443,168.0,89.0,0.3792325056433409,0.20090293453724606,0,,,False,False,ok,complete
503372222,38205,新居浜市,1074,344.0,167.0,0.3202979515828678,0.15549348230912477,0,,,False,False,ok,complete
503372223,38205,新居浜市,167,59.0,26.0,0.3532934131736527,0.15568862275449102,0,,,False,False,ok,complete
503372224,38205,新居浜市,783,201.0,104.0,0.2567049808429119,0.13282247765006386,0,,,False,False,ok,complete
503372231,38205,新居浜市,793,241.0,100.0,0.30390920554854983,0.12610340479192939,0,,,False,False,ok,complete
503372232,38205,新居浜市,1089,481.0,253.0,0.44168962350780533,0.23232323232323232,0,,,False,False,ok,complete
503372233,38205,新居浜市,720,217.0,116.0,0.3013888888888889,0.16111111111111112,0,,,False,False,ok,complete
503372234,38205,新居浜市,981,293.0,145.0,0.29867482161060144,0.14780835881753313,0,,,False,False,ok,complete
503372241,38205,新居浜市,822,303.0,177.0,0.3686131386861314,0.21532846715328466,0,,,False,False,ok,complete
503372242,38205,新居浜市,922,293.0,151.0,0.31778741865509763,0.16377440347071584,0,,,False,False,ok,complete
503372243,38205,新居浜市,682,184.0,88.0,0.2697947214076246,0.12903225806451613,0,,,False,False,ok,complete
503372244,38205,新居浜市,420,141.0,75.0,0.3357142857142857,0.17857142857142858,0,,,False,False,ok,complete
503372251,38205,新居浜市,553,155.0,65.0,0.28028933092224234,0.11754068716094032,0,,,False,False,ok,complete
503372252,38205,新居浜市,821,180.0,77.0,0.2192448233861145,0.09378806333739342,0,,,False,False,ok,complete
503372253,38205,新居浜市,492,181.0,80.0,0.3678861788617886,0.16260162601626016,0,,,False,False,ok,complete
503372254,38205,新居浜市,450,137.0,74.0,0.30444444444444446,0.16444444444444445,0,,,False,False,ok,complete
503372261,38205,新居浜市,512,139.0,62.0,0.271484375,0.12109375,0,,,False,False,ok,complete
503372262,38205,新居浜市,672,245.0,136.0,0.3645833333333333,0.20238095238095238,0,,,False,False,ok,complete
503372263,38205,新居浜市,680,218.0,87.0,0.3205882352941177,0.12794117647058822,0,,,False,False,ok,complete
503372264,38205,新居浜市,559,175.0,84.0,0.31305903398926654,0.15026833631484796,0,,,False,False,ok,complete
503372271,38205,新居浜市,158,,,,,1,,503372273,True,True,inconsistent_with_total,partial
503372272,38205,新居浜市,136,105.0,83.0,0.7720588235294118,0.6102941176470589,0,,,False,False,ok,complete
503372273,38205,新居浜市,137,,,,,2,503372271,,True,True,ok,partial
503372282,38205,新居浜市,4,,,,,2,503372284,,True,True,ok,partial
503372283,38205,新居浜市,44,19.0,8.0,0.4318181818181818,0.18181818181818182,0,,,False,False,ok,complete
503372284,38205,新居浜市,122,75.0,48.0,0.6147540983606558,0.39344262295081966,1,,503372282,False,False,ok,complete
503372291,38205,新居浜市,63,45.0,26.0,0.7142857142857143,0.4126984126984127,0,,,False,False,ok,complete
503372292,38205,新居浜市,43,20.0,10.0,0.46511627906976744,0.23255813953488372,0,,,False,False,ok,complete
503372293,38213,四国中央市,5,,,,,2,503372294,,True,True,ok,partial
503372294,38213,四国中央市,167,79.0,41.0,0.47305389221556887,0.24550898203592814,1,,503372293;503372392,False,False,ok,complete
503372303,38205,新居浜市,4,,,,,2,503372304,,True,True,ok,partial
503372304,38205,新居浜市,150,15.0,6.0,0.1,0.04,1,,503372303,False,False,ok,complete
503372313,38205,新居浜市,392,29.0,17.0,0.07397959183673469,0.04336734693877551,0,,,False,False,ok,complete
503372314,38205,新居浜市,407,296.0,235.0,0.7272727272727273,0.5773955773955773,0,,,False,False,ok,complete
503372321,38205,新居浜市,15,8.0,5.0,0.5333333333333333,0.3333333333333333,0,,,False,False,ok,complete
503372322,38205,新居浜市,656,178.0,85.0,0.27134146341463417,0.12957317073170732,0,,,False,False,ok,complete
503372323,38205,新居浜市,132,58.0,28.0,0.4393939393939394,0.21212121212121213,0,,,False,False,ok,complete
503372324,38205,新居浜市,1095,221.0,114.0,0.20182648401826483,0.10410958904109589,0,,,False,False,ok,complete
503372331,38205,新居浜市,705,245.0,142.0,0.3475177304964539,0.20141843971631207,0,,,False,False,ok,complete
503372332,38205,新居浜市,900,247.0,137.0,0.27444444444444444,0.15222222222222223,0,,,False,False,ok,complete
503372333,38205,新居浜市,982,214.0,103.0,0.21792260692464357,0.10488798370672098,0,,,False,False,ok,complete
503372334,38205,新居浜市,458,152.0,77.0,0.3318777292576419,0.16812227074235808,0,,,False,False,ok,complete
503372341,38205,新居浜市,795,239.0,124.0,0.30062893081761005,0.1559748427672956,0,,,False,False,ok,complete
503372342,38205,新居浜市,618,198.0,94.0,0.32038834951456313,0.15210355987055016,0,,,False,False,ok,complete
503372343,38205,新居浜市,569,192.0,95.0,0.3374340949033392,0.16695957820738136,0,,,False,False,ok,complete
503372344,38205,新居浜市,252,107.0,48.0,0.4246031746031746,0.19047619047619047,0,,,False,False,ok,complete
503372351,38205,新居浜市,348,128.0,70.0,0.367816091954023,0.20114942528735633,0,,,False,False,ok,complete
503372352,38205,新居浜市,691,233.0,166.0,0.33719247467438496,0.2402315484804631,0,,,False,False,ok,complete
503372353,38205,新居浜市,500,148.0,65.0,0.296,0.13,0,,,False,False,ok,complete
503372354,38205,新居浜市,191,41.0,19.0,0.21465968586387435,0.09947643979057591,0,,,False,False,ok,complete
503372361,38205,新居浜市,523,229.0,104.0,0.4378585086042065,0.1988527724665392,0,,,False,False,ok,complete
503372362,38205,新居浜市,62,43.0,15.0,0.6935483870967742,0.24193548387096775,0,,,False,False,ok,complete
503372363,38205,新居浜市,107,48.0,19.0,0.4485981308411215,0.17757009345794392,0,,,False,False,ok,complete
503372371,38205,新居浜市,103,53.0,23.0,0.5145631067961165,0.22330097087378642,0,,,False,False,ok,complete
503372372,38205,新居浜市,119,52.0,33.0,0.4369747899159664,0.2773109243697479,0,,,False,False,ok,complete
503372381,38205,新居浜市,21,7.0,1.0,0.3333333333333333,0.047619047619047616,0,,,False,False,ok,complete
503372392,38205,新居浜市,3,,,,,2,503372294,,True,True,ok,partial
503372401,38205,新居浜市,267,68.0,45.0,0.2546816479400749,0.16853932584269662,0,,,False,False,ok,complete
503372402,38205,新居浜市,394,92.0,55.0,0.233502538071066,0.13959390862944163,0,,,False,False,ok,complete
503372404,38205,新居浜市,438,206.0,121.0,0.4703196347031963,0.2762557077625571,0,,,False,False,ok,complete
503372411,38205,新居浜市,122,17.0,14.0,0.13934426229508196,0.11475409836065574,0,,,False,False,ok,complete
503372412,38205,新居浜市,1064,186.0,94.0,0.17481203007518797,0.08834586466165413,0,,,False,False,ok,complete
503372413,38205,新居浜市,643,59.0,29.0,0.09175738724727839,0.04510108864696734,0,,,False,False,ok,complete
503372414,38205,新居浜市,1048,286.0,147.0,0.2729007633587786,0.14026717557251908,0,,,False,False,ok,complete
503372421,38205,新居浜市,1332,277.0,120.0,0.20795795795795796,0.09009009009009009,0,,,False,False,ok,complete
503372422,38205,新居浜市,913,222.0,132.0,0.24315443592552027,0.14457831325301204,0,,,False,False,ok,complete
503372423,38205,新居浜市,1660,479.0,301.0,0.2885542168674699,0.18132530120481927,0,,,False,False,ok,complete
503372424,38205,新居浜市,1204,237.0,132.0,0.19684385382059802,0.10963455149501661,0,,,False,False,ok,complete
503372431,38205,新居浜市,1548,384.0,192.0,0.24806201550387597,0.12403100775193798,0,,,False,False,ok,complete
503372432,38205,新居浜市,1073,319.0,162.0,0.2972972972972973,0.1509785647716682,0,,,False,False,ok,complete
503372433,38205,新居浜市,1355,294.0,140.0,0.21697416974169742,0.1033210332103321,0,,,False,False,ok,complete
503372434,38205,新居浜市,1009,248.0,95.0,0.24578790882061446,0.09415262636273539,0,,,False,False,ok,complete
503372441,38205,新居浜市,442,152.0,75.0,0.3438914027149321,0.16968325791855204,0,,,False,False,ok,complete
503372442,38205,新居浜市,30,16.0,6.0,0.5333333333333333,0.2,0,,,False,False,ok,complete
503372443,38205,新居浜市,172,40.0,17.0,0.23255813953488372,0.09883720930232558,0,,,False,False,ok,complete
503372451,38205,新居浜市,45,21.0,5.0,0.4666666666666667,0.1111111111111111,0,,,False,False,ok,complete
503372511,38205,新居浜市,505,139.0,66.0,0.27524752475247527,0.1306930693069307,0,,,False,False,ok,complete
503372512,38205,新居浜市,1204,322.0,171.0,0.26744186046511625,0.1420265780730897,0,,,False,False,ok,complete
503372513,38205,新居浜市,252,75.0,34.0,0.2976190476190476,0.1349206349206349,0,,,False,False,ok,complete
503372514,38205,新居浜市,1538,390.0,197.0,0.2535760728218466,0.12808842652795838,0,,,False,False,ok,complete
503372521,38205,新居浜市,808,237.0,125.0,0.2933168316831683,0.1547029702970297,0,,,False,False,ok,complete
503372522,38205,新居浜市,762,166.0,103.0,0.2178477690288714,0.13517060367454067,0,,,False,False,ok,complete
503372523,38205,新居浜市,1822,582.0,392.0,0.3194291986827662,0.21514818880351264,0,,,False,False,ok,complete
503372524,38205,新居浜市,789,185.0,122.0,0.23447401774397972,0.15462610899873258,0,,,False,False,ok,complete
503372531,38205,新居浜市,992,214.0,127.0,0.2157258064516129,0.1280241935483871,0,,,False,False,ok,complete
503372532,38205,新居浜市,531,169.0,83.0,0.3182674199623352,0.15630885122410546,0,,,False,False,ok,complete
503372533,38205,新居浜市,769,220.0,115.0,0.28608582574772434,0.14954486345903772,0,,,False,False,ok,complete
503372534,38205,新居浜市,777,247.0,123.0,0.3178893178893179,0.1583011583011583,0,,,False,False,ok,complete
503372541,38205,新居浜市,1110,348.0,169.0,0.31351351351351353,0.15225225225225225,0,,,False,False,ok,complete
503372542,38205,新居浜市,585,258.0,176.0,0.441025641025641,0.30085470085470084,0,,,False,False,ok,complete
503372543,38205,新居浜市,940,243.0,121.0,0.25851063829787235,0.12872340425531914,0,,,False,False,ok,complete
503372544,38205,新居浜市,756,237.0,119.0,0.3134920634920635,0.1574074074074074,0,,,False,False,ok,complete
503372553,38205,新居浜市,471,115.0,54.0,0.24416135881104034,0.11464968152866242,0,,,False,False,ok,complete
503372554,38205,新居浜市,85,52.0,31.0,0.611764705882353,0.36470588235294116,0,,,False,False,ok,complete
503372563,38205,新居浜市,4,,,,,2,503372652,,True,True,ok,partial
503372584,38205,新居浜市,34,17.0,13.0,0.5,0.38235294117647056,0,,,False,False,ok,complete
503372593,38205,新居浜市,33,17.0,6.0,0.5151515151515151,0.18181818181818182,0,,,False,False,ok,complete
503372594,38205,新居浜市,39,17.0,12.0,0.4358974358974359,0.3076923076923077,0,,,False,False,ok,complete
503372621,38205,新居浜市,1296,440.0,233.0,0.3395061728395062,0.17978395061728394,0,,,False,False,ok,complete
503372622,38205,新居浜市,700,212.0,117.0,0.3028571428571429,0.16714285714285715,0,,,False,False,ok,complete
503372623,38205,新居浜市,333,119.0,51.0,0.35735735735735735,0.15315315315315314,0,,,False,False,ok,complete
503372624,38205,新居浜市,419,146.0,81.0,0.34844868735083534,0.19331742243436753,0,,,False,False,ok,complete
503372631,38205,新居浜市,423,173.0,90.0,0.408983451536643,0.2127659574468085,0,,,False,False,ok,complete
503372632,38205,新居浜市,1498,529.0,272.0,0.3531375166889186,0.18157543391188252,0,,,False,False,ok,complete
503372633,38205,新居浜市,539,208.0,118.0,0.38589981447124305,0.2189239332096475,0,,,False,False,ok,complete
503372634,38205,新居浜市,1564,555.0,250.0,0.35485933503836314,0.159846547314578,0,,,False,False,ok,complete
503372641,38205,新居浜市,1097,373.0,218.0,0.34001823154056515,0.19872379216043756,0,,,False,False,ok,complete
503372642,38205,新居浜市,680,173.0,81.0,0.25441176470588234,0.11911764705882352,0,,,False,False,ok,complete
503372643,38205,新居浜市,706,241.0,136.0,0.3413597733711048,0.19263456090651557,0,,,False,False,ok,complete
503372644,38205,新居浜市,659,211.0,117.0,0.3201820940819423,0.17754172989377845,0,,,False,False,ok,complete
503372651,38205,新居浜市,931,276.0,151.0,0.2964554242749731,0.16219119226638024,0,,,False,False,ok,complete
503372652,38205,新居浜市,591,212.0,101.0,0.3587140439932318,0.17089678510998307,1,,503372563,False,False,ok,complete
503372653,38205,新居浜市,1047,319.0,169.0,0.3046800382043935,0.16141356255969436,0,,,False,False,ok,complete
503372654,38205,新居浜市,1285,432.0,210.0,0.3361867704280156,0.16342412451361868,0,,,False,False,ok,complete
503372661,38205,新居浜市,116,57.0,28.0,0.49137931034482757,0.2413793103448276,0,,,False,False,ok,complete
503372663,38205,新居浜市,760,286.0,171.0,0.3763157894736842,0.225,0,,,False,False,ok,complete
503372664,38205,新居浜市,518,192.0,104.0,0.37065637065637064,0.20077220077220076,0,,,False,False,ok,complete
503372673,38205,新居浜市,330,154.0,82.0,0.4666666666666667,0.24848484848484848,0,,,False,False,ok,complete
503372674,38205,新居浜市,236,99.0,61.0,0.4194915254237288,0.2584745762711864,0,,,False,False,ok,complete
503372682,38205,新居浜市,90,37.0,19.0,0.4111111111111111,0.2111111111111111,0,,,False,False,ok,complete
503372683,38205,新居浜市,226,81.0,35.0,0.3584070796460177,0.15486725663716813,0,,,False,False,ok,complete
503372684,38205,新居浜市,86,40.0,21.0,0.46511627906976744,0.2441860465116279,0,,,False,False,ok,complete
503372731,38205,新居浜市,514,195.0,85.0,0.37937743190661477,0.16536964980544747,0,,,False,False,ok,complete
503372732,38205,新居浜市,1102,391.0,186.0,0.3548094373865699,0.16878402903811252,0,,,False,False,ok,complete
503372733,38205,新居浜市,386,106.0,42.0,0.27461139896373055,0.10880829015544041,0,,,False,False,ok,complete
503372734,38205,新居浜市,817,341.0,148.0,0.4173806609547124,0.18115055079559364,0,,,False,False,ok,complete
503372741,38205,新居浜市,685,201.0,96.0,0.2934306569343066,0.14014598540145987,0,,,False,False,ok,complete
503372742,38205,新居浜市,1026,294.0,149.0,0.28654970760233917,0.145224171539961,0,,,False,False,ok,complete
503372743,38205,新居浜市,421,95.0,46.0,0.22565320665083136,0.10926365795724466,0,,,False,False,ok,complete
503372744,38205,新居浜市,818,294.0,170.0,0.3594132029339853,0.2078239608801956,0,,,False,False,ok,complete
503372751,38205,新居浜市,1040,267.0,119.0,0.2567307692307692,0.11442307692307692,0,,,False,False,ok,complete
503372752,38205,新居浜市,897,318.0,170.0,0.35451505016722407,0.189520624303233,0,,,False,False,ok,complete
503372753,38205,新居浜市,888,238.0,119.0,0.268018018018018,0.134009009009009,0,,,False,False,ok,complete
503372754,38205,新居浜市,666,249.0,130.0,0.3738738738738739,0.19519519519519518,0,,,False,False,ok,complete
503372761,38205,新居浜市,296,58.0,21.0,0.19594594594594594,0.07094594594594594,0,,,False,False,ok,complete
503372762,38205,新居浜市,311,79.0,45.0,0.2540192926045016,0.14469453376205788,0,,,False,False,ok,complete
503372763,38205,新居浜市,137,63.0,25.0,0.45985401459854014,0.18248175182481752,1,,503372861,False,False,ok,complete
503372764,38205,新居浜市,35,13.0,10.0,0.37142857142857144,0.2857142857142857,0,,,False,False,ok,complete
503372771,38205,新居浜市,399,111.0,45.0,0.2781954887218045,0.11278195488721804,0,,,False,False,ok,complete
503372772,38205,新居浜市,184,53.0,19.0,0.28804347826086957,0.10326086956521739,0,,,False,False,ok,complete
503372773,38205,新居浜市,10,4.0,2.0,0.4,0.2,0,,,False,False,ok,complete
503372781,38205,新居浜市,676,225.0,121.0,0.3328402366863905,0.17899408284023668,0,,,False,False,ok,complete
503372782,38205,新居浜市,155,49.0,20.0,0.3161290322580645,0.12903225806451613,0,,,False,False,ok,complete
503372783,38205,新居浜市,113,33.0,14.0,0.2920353982300885,0.12389380530973451,0,,,False,False,ok,complete
503372851,38205,新居浜市,854,270.0,119.0,0.3161592505854801,0.13934426229508196,0,,,False,False,ok,complete
503372853,38205,新居浜市,111,54.0,18.0,0.4864864864864865,0.16216216216216217,0,,,False,False,ok,complete
503372854,38205,新居浜市,181,82.0,63.0,0.4530386740331492,0.34806629834254144,0,,,False,False,ok,complete
503372861,38205,新居浜市,7,,,,,2,503372763,,True,True,ok,partial
503372871,38205,新居浜市,71,27.0,8.0,0.38028169014084506,0.11267605633802817,0,,,False,False,ok,complete
503372872,38205,新居浜市,211,112.0,62.0,0.5308056872037915,0.2938388625592417,0,,,False,False,ok,complete
503372873,38205,新居浜市,9,5.0,3.0,0.5555555555555556,0.3333333333333333,0,,,False,False,ok,complete
503372982,38205,新居浜市,16,4.0,3.0,0.25,0.1875,0,,,False,False,ok,complete
503373101,38213,四国中央市,3,,,,,2,503373201,,True,True,ok,partial
503373201,38213,四国中央市,24,8.0,2.0,0.3333333333333333,0.08333333333333333,1,,503373101,False,False,ok,complete
503373203,38213,四国中央市,170,61.0,26.0,0.3588235294117647,0.15294117647058825,0,,,False,False,ok,complete
503373204,38213,四国中央市,21,9.0,5.0,0.42857142857142855,0.23809523809523808,0,,,False,False,ok,complete
503373232,38213,四国中央市,2,,,,,2,503373233,,True,True,ok,partial
503373233,38213,四国中央市,20,12.0,4.0,0.6,0.2,1,,503373232,False,False,ok,complete
503373301,38213,四国中央市,84,35.0,19.0,0.4166666666666667,0.2261904761904762,0,,,False,False,ok,complete
503373302,38213,四国中央市,288,120.0,64.0,0.4166666666666667,0.2222222222222222,0,,,False,False,ok,complete
503373304,38213,四国中央市,96,36.0,15.0,0.375,0.15625,0,,,False,False,ok,complete
503373311,38213,四国中央市,179,96.0,55.0,0.5363128491620112,0.30726256983240224,0,,,False,False,ok,complete
503373313,38213,四国中央市,158,55.0,32.0,0.34810126582278483,0.20253164556962025,0,,,False,False,ok,complete
503373314,38213,四国中央市,13,8.0,6.0,0.6153846153846154,0.46153846153846156,0,,,False,False,ok,complete
503373323,38213,四国中央市,37,15.0,9.0,0.40540540540540543,0.24324324324324326,0,,,False,False,ok,complete
503373324,38213,四国中央市,173,73.0,40.0,0.42196531791907516,0.23121387283236994,0,,,False,False,ok,complete
503373331,38213,四国中央市,15,6.0,2.0,0.4,0.13333333333333333,0,,,False,False,ok,complete
503373333,38213,四国中央市,89,33.0,16.0,0.3707865168539326,0.1797752808988764,0,,,False,False,ok,complete
503373334,38213,四国中央市,19,11.0,6.0,0.5789473684210527,0.3157894736842105,0,,,False,False,ok,complete
503373402,38213,四国中央市,107,44.0,14.0,0.411214953271028,0.1308411214953271,0,,,False,False,ok,complete
503373411,38213,四国中央市,248,86.0,42.0,0.3467741935483871,0.1693548387096774,0,,,False,False,ok,complete
503373412,38213,四国中央市,100,27.0,13.0,0.27,0.13,0,,,False,False,ok,complete
503373413,38213,四国中央市,89,32.0,16.0,0.3595505617977528,0.1797752808988764,1,,503373511,False,False,ok,complete
503373414,38213,四国中央市,144,62.0,32.0,0.4305555555555556,0.2222222222222222,0,,,False,False,ok,complete
503373421,38213,四国中央市,140,54.0,24.0,0.38571428571428573,0.17142857142857143,0,,,False,False,ok,complete
503373422,38213,四国中央市,169,59.0,35.0,0.34911242603550297,0.20710059171597633,0,,,False,False,ok,complete
503373423,38213,四国中央市,215,87.0,36.0,0.4046511627906977,0.16744186046511628,0,,,False,False,ok,complete
503373424,38213,四国中央市,84,28.0,18.0,0.3333333333333333,0.21428571428571427,0,,,False,False,ok,complete
503373431,38213,四国中央市,148,68.0,48.0,0.4594594594594595,0.32432432432432434,0,,,False,False,ok,complete
503373432,38213,四国中央市,232,90.0,51.0,0.3879310344827586,0.21982758620689655,0,,,False,False,ok,complete
503373433,38213,四国中央市,174,77.0,32.0,0.4425287356321839,0.1839080459770115,0,,,False,False,ok,complete
503373434,38213,四国中央市,494,245.0,146.0,0.4959514170040486,0.29554655870445345,0,,,False,False,ok,complete
503373441,38213,四国中央市,28,11.0,3.0,0.39285714285714285,0.10714285714285714,0,,,False,False,ok,complete
503373442,38213,四国中央市,55,28.0,15.0,0.509090909090909,0.2727272727272727,0,,,False,False,ok,complete
503373443,38213,四国中央市,484,176.0,87.0,0.36363636363636365,0.1797520661157025,0,,,False,False,ok,complete
503373444,38213,四国中央市,267,115.0,66.0,0.4307116104868914,0.24719101123595505,0,,,False,False,ok,complete
503373451,38213,四国中央市,31,8.0,4.0,0.25806451612903225,0.12903225806451613,0,,,False,False,ok,complete
503373452,38213,四国中央市,7,,,,,2,503373454,,True,True,ok,partial
503373453,38213,四国中央市,35,12.0,8.0,0.34285714285714286,0.22857142857142856,0,,,False,False,ok,complete
503373454,38213,四国中央市,62,37.0,18.0,0.5967741935483871,0.2903225806451613,1,,503373452,False,False,ok,complete
503373463,38213,四国中央市,83,38.0,10.0,0.4578313253012048,0.12048192771084337,0,,,False,False,ok,complete
503373464,38213,四国中央市,52,25.0,9.0,0.4807692307692308,0.17307692307692307,0,,,False,False,ok,complete
503373473,38213,四国中央市,34,16.0,9.0,0.47058823529411764,0.2647058823529412,0,,,False,False,ok,complete
503373474,38213,四国中央市,26,8.0,6.0,0.3076923076923077,0.23076923076923078,0,,,False,False,ok,complete
503373483,38213,四国中央市,4,,,,,2,503373484,,True,True,ok,partial
503373484,38213,四国中央市,10,9.0,6.0,0.9,0.6,1,,503373483,False,False,ok,complete
503373493,38213,四国中央市,328,104.0,32.0,0.3170731707317073,0.0975609756097561,1,,503373494,False,False,ok,complete
503373494,38213,四国中央市,2,,,,,2,503373493,,True,True,ok,partial
503373501,38213,四国中央市,14,4.0,1.0,0.2857142857142857,0.07142857142857142,0,,,False,False,ok,complete
503373503,38213,四国中央市,30,20.0,8.0,0.6666666666666666,0.26666666666666666,0,,,False,False,ok,complete
503373511,38213,四国中央市,1,,,,,2,503373413,,True,True,ok,partial
503373521,38213,四国中央市,88,27.0,9.0,0.3068181818181818,0.10227272727272728,0,,,False,False,ok,complete
503373522,38213,四国中央市,68,31.0,12.0,0.45588235294117646,0.17647058823529413,0,,,False,False,ok,complete
503373531,38213,四国中央市,157,89.0,71.0,0.5668789808917197,0.45222929936305734,0,,,False,False,ok,complete
503373532,38213,四国中央市,394,105.0,50.0,0.26649746192893403,0.12690355329949238,0,,,False,False,ok,complete
503373533,38213,四国中央市,2,,,,,2,503373534,,True,True,ok,partial
503373534,38213,四国中央市,167,49.0,18.0,0.2934131736526946,0.10778443113772455,1,,503373533,False,False,ok,complete
503373541,38213,四国中央市,461,120.0,55.0,0.2603036876355748,0.1193058568329718,0,,,False,False,ok,complete
503373542,38213,四国中央市,283,105.0,48.0,0.3710247349823322,0.1696113074204947,0,,,False,False,ok,complete
503373543,38213,四国中央市,284,76.0,38.0,0.2676056338028169,0.13380281690140844,0,,,False,False,ok,complete
503373544,38213,四国中央市,299,69.0,28.0,0.23076923076923078,0.09364548494983277,0,,,False,False,ok,complete
503373551,38213,四国中央市,210,76.0,38.0,0.3619047619047619,0.18095238095238095,0,,,False,False,ok,complete
503373552,38213,四国中央市,224,61.0,32.0,0.27232142857142855,0.14285714285714285,0,,,False,False,ok,complete
503373553,38213,四国中央市,233,72.0,35.0,0.3090128755364807,0.15021459227467812,0,,,False,False,ok,complete
503373554,38213,四国中央市,128,46.0,6.0,0.359375,0.046875,0,,,False,False,ok,complete
503373561,38213,四国中央市,347,101.0,66.0,0.2910662824207493,0.19020172910662825,0,,,False,False,ok,complete
503373562,38213,四国中央市,249,92.0,46.0,0.36947791164658633,0.18473895582329317,0,,,False,False,ok,complete
503373563,38213,四国中央市,322,112.0,62.0,0.34782608695652173,0.19254658385093168,0,,,False,False,ok,complete
503373564,38213,四国中央市,760,149.0,61.0,0.19605263157894737,0.08026315789473684,0,,,False,False,ok,complete
503373571,38213,四国中央市,189,57.0,35.0,0.30158730158730157,0.18518518518518517,0,,,False,False,ok,complete
503373572,38213,四国中央市,382,143.0,64.0,0.3743455497382199,0.16753926701570682,0,,,False,False,ok,complete
503373573,38213,四国中央市,273,99.0,43.0,0.3626373626373626,0.1575091575091575,0,,,False,False,ok,complete
503373574,38213,四国中央市,393,111.0,45.0,0.2824427480916031,0.11450381679389313,0,,,False,False,ok,complete
503373581,38213,四国中央市,68,29.0,14.0,0.4264705882352941,0.20588235294117646,0,,,False,False,ok,complete
503373582,38213,四国中央市,201,39.0,15.0,0.19402985074626866,0.07462686567164178,0,,,False,False,ok,complete
503373583,38213,四国中央市,492,175.0,90.0,0.3556910569105691,0.18292682926829268,0,,,False,False,ok,complete
503373584,38213,四国中央市,297,127.0,60.0,0.4276094276094276,0.20202020202020202,0,,,False,False,ok,complete
503373591,38213,四国中央市,270,79.0,35.0,0.29259259259259257,0.12962962962962962,0,,,False,False,ok,complete
503373592,38213,四国中央市,88,20.0,7.0,0.22727272727272727,0.07954545454545454,0,,,False,False,ok,complete
503373593,38213,四国中央市,259,115.0,77.0,0.444015444015444,0.2972972972972973,0,,,False,False,ok,complete
503373594,38213,四国中央市,458,147.0,70.0,0.32096069868995636,0.15283842794759825,0,,,False,False,ok,complete
503373623,38213,四国中央市,13,0.0,0.0,0.0,0.0,0,,,False,False,ok,complete
503373632,38213,四国中央市,107,34.0,16.0,0.3177570093457944,0.14953271028037382,0,,,False,False,ok,complete
503373633,38213,四国中央市,12,5.0,3.0,0.4166666666666667,0.25,0,,,False,False,ok,complete
503373634,38213,四国中央市,342,97.0,46.0,0.28362573099415206,0.13450292397660818,0,,,False,False,ok,complete
503373641,38213,四国中央市,161,55.0,21.0,0.3416149068322981,0.13043478260869565,0,,,False,False,ok,complete
503373642,38213,四国中央市,281,84.0,25.0,0.298932384341637,0.08896797153024912,0,,,False,False,ok,complete
503373643,38213,四国中央市,118,40.0,20.0,0.3389830508474576,0.1694915254237288,0,,,False,False,ok,complete
503373644,38213,四国中央市,51,16.0,5.0,0.3137254901960784,0.09803921568627451,0,,,False,False,ok,complete
503373651,38213,四国中央市,241,92.0,54.0,0.3817427385892116,0.22406639004149378,0,,,False,False,ok,complete
503373652,38213,四国中央市,31,5.0,1.0,0.16129032258064516,0.03225806451612903,0,,,False,False,ok,complete
503373653,38213,四国中央市,161,74.0,33.0,0.45962732919254656,0.20496894409937888,0,,,False,False,ok,complete
503373654,38213,四国中央市,53,15.0,5.0,0.2830188679245283,0.09433962264150944,0,,,False,False,ok,complete
503373661,38213,四国中央市,199,39.0,14.0,0.19597989949748743,0.07035175879396985,0,,,False,False,ok,complete
503373662,38213,四国中央市,379,113.0,75.0,0.29815303430079154,0.19788918205804748,0,,,False,False,ok,complete
503373663,38213,四国中央市,235,74.0,56.0,0.3148936170212766,0.23829787234042554,1,,503373752,False,False,ok,complete
503373664,38213,四国中央市,207,87.0,40.0,0.42028985507246375,0.1932367149758454,1,,503373762,False,False,ok,complete
503373671,38213,四国中央市,231,63.0,25.0,0.2727272727272727,0.10822510822510822,0,,,False,False,ok,complete
503373672,38213,四国中央市,80,33.0,11.0,0.4125,0.1375,0,,,False,False,ok,complete
503373673,38213,四国中央市,90,38.0,17.0,0.4222222222222222,0.18888888888888888,0,,,False,False,ok,complete
503373674,38213,四国中央市,135,54.0,17.0,0.4,0.1259259259259259,0,,,False,False,ok,complete
503373681,38213,四国中央市,246,172.0,101.0,0.6991869918699187,0.4105691056910569,1,,503373683,False,False,ok,complete
503373683,38213,四国中央市,135,,,,,2,503373681,,True,True,ok,partial
503373691,38213,四国中央市,53,12.0,2.0,0.22641509433962265,0.03773584905660377,0,,,False,False,ok,complete
503373701,38205,新居浜市,25,17.0,6.0,0.68,0.24,1,,503373702,False,False,ok,complete
503373702,38205,新居浜市,9,,,,,2,503373701,,True,True,ok,partial
503373731,38213,四国中央市,85,39.0,12.0,0.4588235294117647,0.1411764705882353,0,,,False,False,ok,complete
503373732,38213,四国中央市,299,109.0,49.0,0.36454849498327757,0.16387959866220736,0,,,False,False,ok,complete
503373733,38213,四国中央市,41,24.0,9.0,0.5853658536585366,0.21951219512195122,0,,,False,False,ok,complete
503373734,38213,四国中央市,279,109.0,55.0,0.3906810035842294,0.1971326164874552,0,,,False,False,ok,complete
503373741,38213,四国中央市,273,113.0,52.0,0.4139194139194139,0.19047619047619047,0,,,False,False,ok,complete
503373742,38213,四国中央市,186,83.0,48.0,0.44623655913978494,0.25806451612903225,0,,,False,False,ok,complete
503373743,38213,四国中央市,132,51.0,23.0,0.38636363636363635,0.17424242424242425,0,,,False,False,ok,complete
503373744,38213,四国中央市,124,34.0,12.0,0.27419354838709675,0.0967741935483871,0,,,False,False,ok,complete
503373752,38213,四国中央市,13,,,,,2,503373663,,True,True,ok,partial
503373762,38213,四国中央市,2,,,,,2,503373664,,True,True,ok,partial
503373824,38213,四国中央市,8,,,,,1,,503373822,True,True,inconsistent_with_total,partial
503373831,38213,四国中央市,4,,,,,2,503373832,,True,True,ok,partial
503373833,38213,四国中央市,3,,,,,2,503373832,,True,True,ok,partial
503373841,38213,四国中央市,49,10.0,5.0,0.20408163265306123,0.10204081632653061,0,,,False,False,ok,complete
503374003,38213,四国中央市,1,,,,,2,503374501,,True,True,ok,partial
503374011,38213,四国中央市,6,,,,,2,503374023,,True,True,ok,partial
503374023,38213,四国中央市,6,,,,,1,,503374011,True,True,inconsistent_with_total,partial
503374031,38213,四国中央市,6,,,,,2,503374034,,True,True,ok,partial
503374033,38213,四国中央市,1,,,,,2,503374034,,True,True,ok,partial
503374034,38213,四国中央市,4,,,,,1,,503374031;503374033,True,True,inconsistent_with_total,partial
503374112,38213,四国中央市,6,,,,,2,503374114,,True,True,ok,partial
503374114,38213,四国中央市,7,6.0,5.0,0.8571428571428571,0.7142857142857143,1,,503374112,False,False,ok,complete
503374123,38213,四国中央市,3,,,,,1,,503374124;503374222,True,True,inconsistent_with_total,partial
503374124,38213,四国中央市,5,,,,,2,503374123,,True,True,ok,partial
503374222,38213,四国中央市,3,,,,,2,503374123,,True,True,ok,partial
503374372,38213,四国中央市,9,9.0,5.0,1.0,0.5555555555555556,1,,503374382;503374383,False,False,ok,complete
503374382,38213,四国中央市,3,,,,,2,503374372,,True,True,ok,partial
503374383,38213,四国中央市,2,,,,,2,503374372,,True,True,ok,partial
503374392,38213,四国中央市,2,,,,,2,503374484,,True,True,ok,partial
503374393,38213,四国中央市,2,,,,,2,503374484,,True,True,ok,partial
503374484,38213,四国中央市,14,,,,,1,,503374392;503374393;503374493;503374582;503374592;503374594,True,True,inconsistent_with_total,partial
503374493,38213,四国中央市,7,,,,,2,503374484,,True,True,ok,partial
503374501,38213,四国中央市,94,30.0,14.0,0.3191489361702128,0.14893617021276595,1,,503374003,False,False,ok,complete
503374502,38213,四国中央市,84,21.0,14.0,0.25,0.16666666666666666,0,,,False,False,ok,complete
503374503,38213,四国中央市,572,130.0,50.0,0.22727272727272727,0.08741258741258741,0,,,False,False,ok,complete
503374504,38213,四国中央市,648,198.0,94.0,0.3055555555555556,0.14506172839506173,0,,,False,False,ok,complete
503374511,38213,四国中央市,52,12.0,5.0,0.23076923076923078,0.09615384615384616,0,,,False,False,ok,complete
503374513,38213,四国中央市,631,194.0,108.0,0.3074484944532488,0.17115689381933438,0,,,False,False,ok,complete
503374514,38213,四国中央市,435,175.0,79.0,0.40229885057471265,0.18160919540229886,0,,,False,False,ok,complete
503374523,38213,四国中央市,454,144.0,54.0,0.31718061674008813,0.11894273127753303,0,,,False,False,ok,complete
503374524,38213,四国中央市,424,156.0,65.0,0.36792452830188677,0.15330188679245282,0,,,False,False,ok,complete
503374564,38213,四国中央市,14,5.0,4.0,0.35714285714285715,0.2857142857142857,1,,503374573,False,False,ok,complete
503374573,38213,四国中央市,6,,,,,2,503374564,,True,True,ok,partial
503374582,38213,四国中央市,7,,,,,2,503374484,,True,True,ok,partial
503374592,38213,四国中央市,1,,,,,2,503374484,,True,True,ok,partial
503374594,38213,四国中央市,2,,,,,2,503374484,,True,True,ok,partial
503374601,38213,四国中央市,228,50.0,21.0,0.21929824561403508,0.09210526315789473,0,,,False,False,ok,complete
503374611,38213,四国中央市,666,257.0,158.0,0.3858858858858859,0.23723723723723725,0,,,False,False,ok,complete
503374613,38213,四国中央市,123,55.0,28.0,0.44715447154471544,0.22764227642276422,0,,,False,False,ok,complete
503374614,38213,四国中央市,344,65.0,31.0,0.18895348837209303,0.09011627906976744,0,,,False,False,ok,complete
503374621,38213,四国中央市,682,214.0,111.0,0.31378299120234604,0.1627565982404692,0,,,False,False,ok,complete
503374622,38213,四国中央市,758,188.0,88.0,0.24802110817941952,0.11609498680738786,0,,,False,False,ok,complete
503374623,38213,四国中央市,555,147.0,73.0,0.2648648648648649,0.13153153153153152,0,,,False,False,ok,complete
503374624,38213,四国中央市,931,215.0,108.0,0.23093447905477982,0.11600429645542427,0,,,False,False,ok,complete
503374631,38213,四国中央市,155,54.0,23.0,0.34838709677419355,0.14838709677419354,0,,,False,False,ok,complete
503374632,38213,四国中央市,159,64.0,29.0,0.4025157232704403,0.18238993710691823,0,,,False,False,ok,complete
503374633,38213,四国中央市,863,176.0,88.0,0.20393974507531865,0.10196987253765932,0,,,False,False,ok,complete
503374634,38213,四国中央市,847,192.0,91.0,0.22668240850059032,0.10743801652892562,0,,,False,False,ok,complete
503374641,38213,四国中央市,164,126.0,103.0,0.7682926829268293,0.6280487804878049,0,,,False,False,ok,complete
503374643,38213,四国中央市,693,181.0,81.0,0.2611832611832612,0.11688311688311688,0,,,False,False,ok,complete
503374644,38213,四国中央市,103,27.0,11.0,0.2621359223300971,0.10679611650485436,0,,,False,False,ok,complete
503374651,38213,四国中央市,11,5.0,1.0,0.45454545454545453,0.09090909090909091,0,,,False,False,ok,complete
503374652,38213,四国中央市,15,10.0,6.0,0.6666666666666666,0.4,0,,,False,False,ok,complete
503374653,38213,四国中央市,284,115.0,54.0,0.40492957746478875,0.19014084507042253,0,,,False,False,ok,complete
503374654,38213,四国中央市,193,69.0,37.0,0.35751295336787564,0.19170984455958548,0,,,False,False,ok,complete
503374661,38213,四国中央市,4,,,,,2,503374663,,True,True,ok,partial
503374662,38213,四国中央市,9,9.0,3.0,1.0,0.3333333333333333,1,,503374664,False,False,ok,complete
503374663,38213,四国中央市,98,28.0,9.0,0.2857142857142857,0.09183673469387756,1,,503374661,False,False,ok,complete
503374664,38213,四国中央市,8,,,,,2,503374662,,True,True,ok,partial
503374671,38213,四国中央市,7,,,,,2,503374672,,True,True,ok,partial
503374672,38213,四国中央市,10,,,,,1,,503374671,True,True,inconsistent_with_total,partial
503374721,38213,四国中央市,715,246.0,128.0,0.34405594405594403,0.17902097902097902,0,,,False,False,ok,complete
503374722,38213,四国中央市,1261,594.0,421.0,0.4710547184773989,0.3338620142743854,0,,,False,False,ok,complete
503374724,38213,四国中央市,681,185.0,74.0,0.27165932452276065,0.10866372980910426,0,,,False,False,ok,complete
503374731,38213,四国中央市,915,273.0,142.0,0.2983606557377049,0.1551912568306011,0,,,False,False,ok,complete
503374732,38213,四国中央市,483,181.0,80.0,0.3747412008281574,0.16563146997929606,0,,,False,False,ok,complete
503374733,38213,四国中央市,1213,461.0,263.0,0.3800494641384996,0.21681780708985984,0,,,False,False,ok,complete
503374734,38213,四国中央市,947,384.0,226.0,0.40549102428722283,0.23864836325237593,0,,,False,False,ok,complete
503374741,38213,四国中央市,976,222.0,100.0,0.22745901639344263,0.10245901639344263,0,,,False,False,ok,complete
503374742,38213,四国中央市,559,111.0,47.0,0.19856887298747763,0.08407871198568873,0,,,False,False,ok,complete
503374743,38213,四国中央市,729,181.0,97.0,0.24828532235939643,0.13305898491083676,0,,,False,False,ok,complete
503374744,38213,四国中央市,1225,336.0,194.0,0.2742857142857143,0.15836734693877552,0,,,False,False,ok,complete
503374751,38213,四国中央市,490,120.0,70.0,0.24489795918367346,0.14285714285714285,0,,,False,False,ok,complete
503374752,38213,四国中央市,78,21.0,10.0,0.2692307692307692,0.1282051282051282,0,,,False,False,ok,complete
503374753,38213,四国中央市,703,153.0,72.0,0.21763869132290184,0.10241820768136557,0,,,False,False,ok,complete
503374754,38213,四国中央市,465,109.0,45.0,0.23440860215053763,0.0967741935483871,0,,,False,False,ok,complete
503374761,38213,四国中央市,251,52.0,16.0,0.20717131474103587,0.06374501992031872,0,,,False,False,ok,complete
503374762,38213,四国中央市,101,46.0,17.0,0.45544554455445546,0.16831683168316833,0,,,False,False,ok,complete
503374763,38213,四国中央市,379,96.0,39.0,0.2532981530343008,0.10290237467018469,0,,,False,False,ok,complete
503374764,38213,四国中央市,221,190.0,152.0,0.8597285067873304,0.6877828054298643,0,,,False,False,ok,complete
503374771,38213,四国中央市,107,55.0,29.0,0.514018691588785,0.27102803738317754,0,,,False,False,ok,complete
503374772,38213,四国中央市,128,47.0,16.0,0.3671875,0.125,0,,,False,False,ok,complete
503374773,38213,四国中央市,21,4.0,2.0,0.19047619047619047,0.09523809523809523,0,,,False,False,ok,complete
503374774,38213,四国中央市,173,72.0,34.0,0.4161849710982659,0.19653179190751446,0,,,False,False,ok,complete
503374781,38213,四国中央市,73,31.0,12.0,0.4246575342465753,0.1643835616438356,0,,,False,False,ok,complete
503374782,38213,四国中央市,39,22.0,7.0,0.5641025641025641,0.1794871794871795,1,,503374784,False,False,ok,complete
503374783,38213,四国中央市,151,56.0,23.0,0.3708609271523179,0.152317880794702,0,,,False,False,ok,complete
503374784,38213,四国中央市,8,,,,,2,503374782,,True,True,ok,partial
503374791,38213,四国中央市,8,,,,,2,503374793,,True,True,ok,partial
503374793,38213,四国中央市,29,11.0,4.0,0.3793103448275862,0.13793103448275862,1,,503374791,False,False,ok,complete
503374794,38213,四国中央市,27,12.0,3.0,0.4444444444444444,0.1111111111111111,0,,,False,False,ok,complete
503374831,38213,四国中央市,336,117.0,52.0,0.3482142857142857,0.15476190476190477,0,,,False,False,ok,complete
503374834,38213,四国中央市,60,8.0,1.0,0.13333333333333333,0.016666666666666666,0,,,False,False,ok,complete
503374841,38213,四国中央市,1347,214.0,122.0,0.1588715664439495,0.09057164068299926,0,,,False,False,ok,complete
503374842,38213,四国中央市,912,184.0,92.0,0.20175438596491227,0.10087719298245613,0,,,False,False,ok,complete
503374843,38213,四国中央市,27,8.0,3.0,0.2962962962962963,0.1111111111111111,0,,,False,False,ok,complete
503374844,38213,四国中央市,562,198.0,109.0,0.35231316725978645,0.19395017793594305,0,,,False,False,ok,complete
503374851,38213,四国中央市,650,150.0,93.0,0.23076923076923078,0.14307692307692307,0,,,False,False,ok,complete
503374852,38213,四国中央市,542,110.0,54.0,0.2029520295202952,0.0996309963099631,0,,,False,False,ok,complete
503374853,38213,四国中央市,407,70.0,22.0,0.171990171990172,0.05405405405405406,0,,,False,False,ok,complete
503374854,38213,四国中央市,993,163.0,81.0,0.16414904330312186,0.08157099697885196,0,,,False,False,ok,complete
503374861,38213,四国中央市,697,152.0,76.0,0.21807747489239598,0.10903873744619799,0,,,False,False,ok,complete
503374862,38213,四国中央市,182,64.0,43.0,0.3516483516483517,0.23626373626373626,0,,,False,False,ok,complete
503374863,38213,四国中央市,534,135.0,57.0,0.25280898876404495,0.10674157303370786,0,,,False,False,ok,complete
503374864,38213,四国中央市,514,107.0,41.0,0.20817120622568094,0.07976653696498054,0,,,False,False,ok,complete
503374871,38213,四国中央市,20,,,,,2,503374874,,True,True,ok,partial
503374872,38213,四国中央市,369,129.0,73.0,0.34959349593495936,0.1978319783197832,0,,,False,False,ok,complete
503374873,38213,四国中央市,378,204.0,157.0,0.5396825396825397,0.41534391534391535,0,,,False,False,ok,complete
503374874,38213,四国中央市,694,279.0,119.0,0.4020172910662824,0.17146974063400577,1,,503374871,False,False,ok,complete
503374881,38213,四国中央市,3,,,,,2,503374882,,True,True,ok,partial
503374882,38213,四国中央市,40,14.0,7.0,0.35,0.175,1,,503374881,False,False,ok,complete
503374883,38213,四国中央市,122,45.0,23.0,0.36885245901639346,0.1885245901639344,0,,,False,False,ok,complete
503374884,38213,四国中央市,69,28.0,14.0,0.4057971014492754,0.2028985507246377,0,,,False,False,ok,complete
503374894,38213,四国中央市,43,14.0,7.0,0.32558139534883723,0.16279069767441862,0,,,False,False,ok,complete
503374942,38213,四国中央市,510,192.0,90.0,0.3764705882352941,0.17647058823529413,0,,,False,False,ok,complete
503374943,38213,四国中央市,4,,,,,2,503374944,,True,True,ok,partial
503374944,38213,四国中央市,241,97.0,45.0,0.4024896265560166,0.18672199170124482,1,,503374943,False,False,ok,complete
503374951,38213,四国中央市,742,132.0,63.0,0.1778975741239892,0.08490566037735849,0,,,False,False,ok,complete
503374952,38213,四国中央市,681,204.0,97.0,0.29955947136563876,0.14243759177679882,0,,,False,False,ok,complete
503374953,38213,四国中央市,493,158.0,85.0,0.3204868154158215,0.1724137931034483,0,,,False,False,ok,complete
503374954,38213,四国中央市,782,212.0,100.0,0.2710997442455243,0.1278772378516624,0,,,False,False,ok,complete
503374961,38213,四国中央市,471,136.0,69.0,0.28874734607218683,0.1464968152866242,0,,,False,False,ok,complete
503374962,38213,四国中央市,640,212.0,106.0,0.33125,0.165625,0,,,False,False,ok,complete
503374963,38213,四国中央市,1284,393.0,277.0,0.3060747663551402,0.21573208722741433,0,,,False,False,ok,complete
503374964,38213,四国中央市,743,278.0,139.0,0.37415881561238223,0.18707940780619112,0,,,False,False,ok,complete
503374971,38213,四国中央市,520,232.0,116.0,0.4461538461538462,0.2230769230769231,0,,,False,False,ok,complete
503374972,38213,四国中央市,205,40.0,15.0,0.1951219512195122,0.07317073170731707,0,,,False,False,ok,complete
503374973,38213,四国中央市,291,156.0,69.0,0.5360824742268041,0.23711340206185566,0,,,False,False,ok,complete
503374981,38213,四国中央市,259,111.0,57.0,0.42857142857142855,0.22007722007722008,0,,,False,False,ok,complete
503374982,38213,四国中央市,309,104.0,52.0,0.3365695792880259,0.16828478964401294,0,,,False,False,ok,complete
503374983,38213,四国中央市,110,16.0,2.0,0.14545454545454545,0.01818181818181818,1,,503374984,False,False,ok,complete
503374984,38213,四国中央市,2,,,,,2,503374983,,True,True,ok,partial
503374991,38213,四国中央市,229,77.0,33.0,0.33624454148471616,0.14410480349344978,0,,,False,False,ok,complete
503374992,38213,四国中央市,81,26.0,16.0,0.32098765432098764,0.19753086419753085,0,,,False,False,ok,complete
503374993,38213,四国中央市,59,22.0,12.0,0.3728813559322034,0.2033898305084746,0,,,False,False,ok,complete
503374994,38213,四国中央市,46,17.0,7.0,0.3695652173913043,0.15217391304347827,0,,,False,False,ok,complete
503375011,38213,四国中央市,38,29.0,21.0,0.7631578947368421,0.5526315789473685,1,,503375012;503375014;503375021,False,False,ok,complete
503375012,38213,四国中央市,3,,,,,2,503375011,,True,True,ok,partial
503375013,38213,四国中央市,22,4.0,3.0,0.18181818181818182,0.13636363636363635,0,,,False,False,ok,complete
503375014,38213,四国中央市,7,,,,,2,503375011,,True,True,ok,partial
503375021,38213,四国中央市,2,,,,,2,503375011,,True,True,ok,partial
503375103,38213,四国中央市,7,,,,,2,503375104,,True,True,ok,partial
503375104,38213,四国中央市,2,,,,,1,,503375103,True,True,inconsistent_with_total,partial
503375111,38213,四国中央市,12,9.0,3.0,0.75,0.25,1,,503375112,False,False,ok,complete
503375112,38213,四国中央市,3,,,,,2,503375111,,True,True,ok,partial
503375202,38213,四国中央市,53,23.0,12.0,0.4339622641509434,0.22641509433962265,0,,,False,False,ok,complete
503375204,38213,四国中央市,38,20.0,8.0,0.5263157894736842,0.21052631578947367,0,,,False,False,ok,complete
503375211,38213,四国中央市,9,,,,,2,503375213,,True,True,ok,partial
503375213,38213,四国中央市,11,,,,,1,,503375211;503375214;503375223,True,True,inconsistent_with_total,partial
503375214,38213,四国中央市,6,,,,,2,503375213,,True,True,ok,partial
503375223,38213,四国中央市,4,,,,,2,503375213,,True,True,ok,partial
503375302,38213,四国中央市,5,,,,,2,503375304,,True,True,ok,partial
503375304,38213,四国中央市,15,5.0,2.0,0.3333333333333333,0.13333333333333333,1,,503375302,False,False,ok,complete
503375311,38213,四国中央市,39,22.0,11.0,0.5641025641025641,0.28205128205128205,0,,,False,False,ok,complete
503375312,38213,四国中央市,14,8.0,6.0,0.5714285714285714,0.42857142857142855,1,,503375314,False,False,ok,complete
503375313,38213,四国中央市,69,39.0,25.0,0.5652173913043478,0.36231884057971014,0,,,False,False,ok,complete
503375314,38213,四国中央市,3,,,,,2,503375312,,True,True,ok,partial
503375321,38213,四国中央市,5,,,,,1,,503375323;503375324,True,True,inconsistent_with_total,partial
503375323,38213,四国中央市,13,,,,,2,503375321,,True,True,ok,partial
503375324,38213,四国中央市,2,,,,,2,503375321,,True,True,ok,partial
503375332,38213,四国中央市,3,,,,,2,503375333,,True,True,ok,partial
503375333,38213,四国中央市,9,,,,,1,,503375332;503375334,True,True,inconsistent_with_total,partial
503375334,38213,四国中央市,8,,,,,2,503375333,,True,True,ok,partial
503375341,38213,四国中央市,6,,,,,2,503375342,,True,True,ok,partial
503375342,38213,四国中央市,7,6.0,3.0,0.8571428571428571,0.42857142857142855,1,,503375341,False,False,ok,complete
503375343,38213,四国中央市,28,20.0,14.0,0.7142857142857143,0.5,0,,,False,False,ok,complete
503375344,38213,四国中央市,13,7.0,5.0,0.5384615384615384,0.38461538461538464,0,,,False,False,ok,complete
503375351,38213,四国中央市,9,,,,,2,503375352,,True,True,ok,partial
503375352,38213,四国中央市,10,,,,,1,,503375351,True,True,inconsistent_with_total,partial
503375401,38213,四国中央市,5,,,,,2,503375404,,True,True,ok,partial
503375402,38213,四国中央市,13,5.0,2.0,0.38461538461538464,0.15384615384615385,0,,,False,False,ok,complete
503375404,38213,四国中央市,12,9.0,4.0,0.75,0.3333333333333333,1,,503375401,False,False,ok,complete
503375411,38213,四国中央市,55,20.0,7.0,0.36363636363636365,0.12727272727272726,0,,,False,False,ok,complete
503375412,38213,四国中央市,34,20.0,13.0,0.5882352941176471,0.38235294117647056,1,,503375414,False,False,ok,complete
503375414,38213,四国中央市,6,,,,,2,503375412,,True,True,ok,partial
503375421,38213,四国中央市,8,,,,,2,503375422,,True,True,ok,partial
503375422,38213,四国中央市,14,,,,,1,,503375421;503375424,True,True,inconsistent_with_total,partial
503375424,38213,四国中央市,6,,,,,2,503375422,,True,True,ok,partial
503375431,38213,四国中央市,5,,,,,2,503375433,,True,True,ok,partial
503375433,38213,四国中央市,11,10.0,4.0,0.9090909090909091,0.36363636363636365,1,,503375431,False,False,ok,complete
503375434,38213,四国中央市,34,25.0,18.0,0.7352941176470589,0.5294117647058824,1,,503375534,False,False,ok,complete
503375441,38213,四国中央市,16,12.0,6.0,0.75,0.375,1,,503375443,False,False,ok,complete
503375442,38213,四国中央市,4,4.0,3.0,1.0,0.75,0,,,False,False,ok,complete
503375443,38213,四国中央市,6,,,,,2,503375441,,True,True,ok,partial
503375521,38213,四国中央市,12,,,,,1,,503375522,True,True,inconsistent_with_total,partial
503375522,38213,四国中央市,6,,,,,2,503375521,,True,True,ok,partial
503375534,38213,四国中央市,1,,,,,2,503375434,,True,True,ok,partial
503375541,38213,四国中央市,12,6.0,2.0,0.5,0.16666666666666666,0,,,False,False,ok,complete
503375542,38213,四国中央市,24,19.0,9.0,0.7916666666666666,0.375,1,,503375543;503375544,False,False,ok,complete
503375543,38213,四国中央市,3,,,,,2,503375542,,True,True,ok,partial
503375703,38213,四国中央市,13,4.0,0.0,0.3076923076923077,0.0,1,,503375704,False,False,ok,complete
503375704,38213,四国中央市,2,,,,,2,503375703,,True,True,ok,partial
503375713,38213,四国中央市,1,,,,,2,503375811,,True,True,ok,partial
503375801,38213,四国中央市,86,42.0,23.0,0.4883720930232558,0.26744186046511625,0,,,False,False,ok,complete
503375802,38213,四国中央市,39,18.0,8.0,0.46153846153846156,0.20512820512820512,0,,,False,False,ok,complete
503375803,38213,四国中央市,125,37.0,16.0,0.296,0.128,0,,,False,False,ok,complete
503375804,38213,四国中央市,122,64.0,32.0,0.5245901639344263,0.26229508196721313,0,,,False,False,ok,complete
503375811,38213,四国中央市,20,17.0,9.0,0.85,0.45,1,,503375713,False,False,ok,complete
503375813,38213,四国中央市,73,23.0,12.0,0.3150684931506849,0.1643835616438356,0,,,False,False,ok,complete
503375814,38213,四国中央市,24,15.0,9.0,0.625,0.375,0,,,False,False,ok,complete
503375823,38213,四国中央市,21,12.0,6.0,0.5714285714285714,0.2857142857142857,0,,,False,False,ok,complete
503375824,38213,四国中央市,28,8.0,3.0,0.2857142857142857,0.10714285714285714,0,,,False,False,ok,complete
503375901,38213,四国中央市,4,,,,,2,503375904,,True,True,ok,partial
503375903,38213,四国中央市,21,10.0,4.0,0.47619047619047616,0.19047619047619047,0,,,False,False,ok,complete
503375904,38213,四国中央市,47,20.0,7.0,0.425531914893617,0.14893617021276595,1,,503375901,False,False,ok,complete
503375911,38213,四国中央市,8,,,,,2,503375912,,True,True,ok,partial
503375912,38213,四国中央市,59,27.0,16.0,0.4576271186440678,0.2711864406779661,1,,503375911,False,False,ok,complete
503375921,38213,四国中央市,27,14.0,8.0,0.5185185185185185,0.2962962962962963,0,,,False,False,ok,complete
503375922,38213,四国中央市,57,23.0,12.0,0.40350877192982454,0.21052631578947367,0,,,False,False,ok,complete
503375923,38213,四国中央市,23,11.0,9.0,0.4782608695652174,0.391304347826087,0,,,False,False,ok,complete
503375924,38213,四国中央市,58,19.0,11.0,0.3275862068965517,0.1896551724137931,0,,,False,False,ok,complete
503375931,38213,四国中央市,26,11.0,7.0,0.4230769230769231,0.2692307692307692,0,,,False,False,ok,complete
503375932,38213,四国中央市,4,,,,,2,503375934,,True,True,ok,partial
503375933,38213,四国中央市,15,5.0,4.0,0.3333333333333333,0.26666666666666666,0,,,False,False,ok,complete
503375934,38213,四国中央市,22,16.0,9.0,0.7272727272727273,0.4090909090909091,1,,503375932,False,False,ok,complete
503375942,38213,四国中央市,10,5.0,4.0,0.5,0.4,0,,,False,False,ok,complete
513206021,38201,松山市,73,33.0,19.0,0.4520547945205479,0.2602739726027397,1,,513206024,False,False,ok,complete
513206024,38201,松山市,1,,,,,2,513206021,,True,True,ok,partial
513206031,38201,松山市,13,12.0,6.0,0.9230769230769231,0.46153846153846156,0,,,False,False,ok,complete
513206032,38201,松山市,119,55.0,33.0,0.46218487394957986,0.2773109243697479,0,,,False,False,ok,complete
513206034,38201,松山市,169,81.0,34.0,0.47928994082840237,0.20118343195266272,0,,,False,False,ok,complete
513206043,38201,松山市,43,20.0,3.0,0.46511627906976744,0.06976744186046512,0,,,False,False,ok,complete
513206044,38201,松山市,37,19.0,10.0,0.5135135135135135,0.2702702702702703,1,,513206051,False,False,ok,complete
513206051,38201,松山市,3,,,,,2,513206044,,True,True,ok,partial
513206064,38202,今治市,20,10.0,5.0,0.5,0.25,0,,,False,False,ok,complete
513206083,38202,今治市,22,15.0,13.0,0.6818181818181818,0.5909090909090909,0,,,False,False,ok,complete
513206141,38201,松山市,296,143.0,77.0,0.4831081081081081,0.26013513513513514,0,,,False,False,ok,complete
513206143,38201,松山市,73,36.0,15.0,0.4931506849315068,0.2054794520547945,1,,513206144,False,False,ok,complete
513206144,38201,松山市,5,,,,,2,513206143,,True,True,ok,partial
513206161,38202,今治市,47,20.0,12.0,0.425531914893617,0.2553191489361702,0,,,False,False,ok,complete
513206162,38202,今治市,21,9.0,5.0,0.42857142857142855,0.23809523809523808,0,,,False,False,ok,complete
513206163,38202,今治市,16,6.0,4.0,0.375,0.25,0,,,False,False,ok,complete
513206181,38202,今治市,2,,,,,2,513206184,,True,True,ok,partial
513206184,38202,今治市,11,11.0,7.0,1.0,0.6363636363636364,1,,513206181,False,False,ok,complete
513206251,38202,今治市,12,9.0,5.0,0.75,0.4166666666666667,0,,,False,False,ok,complete
513206253,38202,今治市,66,35.0,20.0,0.5303030303030303,0.30303030303030304,0,,,False,False,ok,complete
513206254,38202,今治市,16,7.0,4.0,0.4375,0.25,0,,,False,False,ok,complete
513206261,38202,今治市,8,,,,,1,,513206263;513206264,True,True,inconsistent_with_total,partial
513206263,38202,今治市,6,,,,,2,513206261,,True,True,ok,partial
513206264,38202,今治市,10,,,,,2,513206261,,True,True,ok,partial
513206274,38202,今治市,22,10.0,4.0,0.45454545454545453,0.18181818181818182,0,,,False,False,ok,complete
513206282,38202,今治市,24,14.0,10.0,0.5833333333333334,0.4166666666666667,0,,,False,False,ok,complete
513206284,38202,今治市,14,8.0,5.0,0.5714285714285714,0.35714285714285715,0,,,False,False,ok,complete
513206293,38202,今治市,46,26.0,18.0,0.5652173913043478,0.391304347826087,0,,,False,False,ok,complete
513206361,38202,今治市,4,,,,,2,513206363,,True,True,ok,partial
513206363,38202,今治市,14,10.0,3.0,0.7142857142857143,0.21428571428571427,1,,513206361,False,False,ok,complete
513206364,38202,今治市,68,26.0,13.0,0.38235294117647056,0.19117647058823528,0,,,False,False,ok,complete
513206371,38202,今治市,33,22.0,12.0,0.6666666666666666,0.36363636363636365,1,,513206372,False,False,ok,complete
513206372,38202,今治市,4,,,,,2,513206371,,True,True,ok,partial
513206373,38202,今治市,216,127.0,68.0,0.5879629629629629,0.3148148148148148,0,,,False,False,ok,complete
513206374,38202,今治市,354,127.0,64.0,0.3587570621468927,0.1807909604519774,0,,,False,False,ok,complete
513206381,38202,今治市,152,71.0,34.0,0.46710526315789475,0.2236842105263158,0,,,False,False,ok,complete
513206382,38202,今治市,113,68.0,35.0,0.6017699115044248,0.30973451327433627,0,,,False,False,ok,complete
513206383,38202,今治市,100,49.0,29.0,0.49,0.29,0,,,False,False,ok,complete
513206384,38202,今治市,67,23.0,3.0,0.34328358208955223,0.04477611940298507,0,,,False,False,ok,complete
513206391,38202,今治市,17,9.0,5.0,0.5294117647058824,0.29411764705882354,0,,,False,False,ok,complete
513206471,38202,今治市,763,355.0,203.0,0.46526867627785057,0.26605504587155965,0,,,False,False,ok,complete
513206472,38202,今治市,381,173.0,101.0,0.4540682414698163,0.2650918635170604,0,,,False,False,ok,complete
513206473,38202,今治市,211,86.0,44.0,0.4075829383886256,0.20853080568720378,0,,,False,False,ok,complete
513206474,38202,今治市,188,78.0,44.0,0.4148936170212766,0.23404255319148937,0,,,False,False,ok,complete
513206481,38202,今治市,112,55.0,27.0,0.49107142857142855,0.24107142857142858,0,,,False,False,ok,complete
513206482,38202,今治市,25,8.0,6.0,0.32,0.24,0,,,False,False,ok,complete
513206492,38202,今治市,2,,,,,2,513206494,,True,True,ok,partial
513206494,38202,今治市,68,29.0,16.0,0.4264705882352941,0.23529411764705882,1,,513206492,False,False,ok,complete
513206581,38202,今治市,90,29.0,11.0,0.32222222222222224,0.12222222222222222,0,,,False,False,ok,complete
513206583,38202,今治市,9,,,,,2,513206584,,True,True,ok,partial
513206584,38202,今治市,240,46.0,23.0,0.19166666666666668,0.09583333333333334,1,,513206583,False,False,ok,complete
513206592,38202,今治市,108,31.0,17.0,0.28703703703703703,0.1574074074074074,0,,,False,False,ok,complete
513206593,38202,今治市,77,,,,,2,513206594,,True,True,ok,partial
513206594,38202,今治市,66,,,,,1,,513206593,True,True,inconsistent_with_total,partial
513206691,38202,今治市,95,27.0,6.0,0.28421052631578947,0.06315789473684211,0,,,False,False,ok,complete
513206692,38202,今治市,115,56.0,31.0,0.48695652173913045,0.26956521739130435,0,,,False,False,ok,complete
513206693,38202,今治市,13,2.0,1.0,0.15384615384615385,0.07692307692307693,0,,,False,False,ok,complete
513206694,38202,今治市,165,81.0,53.0,0.4909090909090909,0.3212121212121212,0,,,False,False,ok,complete
513207021,38202,今治市,1,,,,,2,513207023,,True,True,ok,partial
513207023,38202,今治市,11,9.0,3.0,0.8181818181818182,0.2727272727272727,1,,513207021,False,False,ok,complete
513207042,38202,今治市,7,,,,,2,513207044,,True,True,ok,partial
513207044,38202,今治市,55,28.0,16.0,0.509090909090909,0.2909090909090909,1,,513207042,False,False,ok,complete
513207051,38202,今治市,28,11.0,6.0,0.39285714285714285,0.21428571428571427,0,,,False,False,ok,complete
513207052,38202,今治市,55,21.0,12.0,0.38181818181818183,0.21818181818181817,0,,,False,False,ok,complete
513207053,38202,今治市,39,14.0,8.0,0.358974358974359,0.20512820512820512,0,,,False,False,ok,complete
513207054,38202,今治市,99,87.0,78.0,0.8787878787878788,0.7878787878787878,0,,,False,False,ok,complete
513207061,38202,今治市,65,34.0,14.0,0.5230769230769231,0.2153846153846154,0,,,False,False,ok,complete
513207094,38202,今治市,44,21.0,7.0,0.4772727272727273,0.1590909090909091,0,,,False,False,ok,complete
513207101,38202,今治市,1,,,,,2,513207112,,True,True,ok,partial
513207103,38202,今治市,9,,,,,2,513207112,,True,True,ok,partial
513207112,38202,今治市,15,,,,,1,,513207101;513207103,True,True,inconsistent_with_total,partial
513207131,38202,今治市,1,,,,,2,513207132,,True,True,ok,partial
513207132,38202,今治市,19,9.0,4.0,0.47368421052631576,0.21052631578947367,1,,513207131,False,False,ok,complete
513207141,38202,今治市,16,3.0,0.0,0.1875,0.0,0,,,False,False,ok,complete
513207142,38202,今治市,91,23.0,10.0,0.25274725274725274,0.10989010989010989,0,,,False,False,ok,complete
513207143,38202,今治市,64,30.0,18.0,0.46875,0.28125,0,,,False,False,ok,complete
513207144,38202,今治市,62,24.0,19.0,0.3870967741935484,0.3064516129032258,0,,,False,False,ok,complete
513207151,38202,今治市,74,34.0,12.0,0.4594594594594595,0.16216216216216217,0,,,False,False,ok,complete
513207152,38202,今治市,15,10.0,3.0,0.6666666666666666,0.2,0,,,False,False,ok,complete
513207153,38202,今治市,237,86.0,46.0,0.3628691983122363,0.1940928270042194,0,,,False,False,ok,complete
513207154,38202,今治市,15,8.0,3.0,0.5333333333333333,0.2,0,,,False,False,ok,complete
513207184,38202,今治市,10,5.0,5.0,0.5,0.5,0,,,False,False,ok,complete
513207192,38202,今治市,94,46.0,21.0,0.48936170212765956,0.22340425531914893,0,,,False,False,ok,complete
513207193,38202,今治市,40,25.0,11.0,0.625,0.275,0,,,False,False,ok,complete
513207194,38202,今治市,91,50.0,28.0,0.5494505494505495,0.3076923076923077,0,,,False,False,ok,complete
513207234,38202,今治市,22,10.0,4.0,0.45454545454545453,0.18181818181818182,0,,,False,False,ok,complete
513207241,38202,今治市,9,2.0,1.0,0.2222222222222222,0.1111111111111111,0,,,False,False,ok,complete
513207242,38202,今治市,46,26.0,11.0,0.5652173913043478,0.2391304347826087,0,,,False,False,ok,complete
513207243,38202,今治市,36,12.0,9.0,0.3333333333333333,0.25,0,,,False,False,ok,complete
513207244,38202,今治市,17,3.0,0.0,0.17647058823529413,0.0,0,,,False,False,ok,complete
513207251,38202,今治市,436,111.0,52.0,0.2545871559633027,0.11926605504587157,0,,,False,False,ok,complete
513207252,38202,今治市,66,24.0,9.0,0.36363636363636365,0.13636363636363635,0,,,False,False,ok,complete
513207253,38202,今治市,172,67.0,38.0,0.38953488372093026,0.22093023255813954,0,,,False,False,ok,complete
513207254,38202,今治市,57,23.0,9.0,0.40350877192982454,0.15789473684210525,0,,,False,False,ok,complete
513207261,38202,今治市,70,29.0,10.0,0.4142857142857143,0.14285714285714285,0,,,False,False,ok,complete
513207263,38202,今治市,197,82.0,34.0,0.41624365482233505,0.17258883248730963,0,,,False,False,ok,complete
513207264,38202,今治市,236,86.0,40.0,0.3644067796610169,0.1694915254237288,0,,,False,False,ok,complete
513207271,38202,今治市,7,,,,,2,513207273,,True,True,ok,partial
513207273,38202,今治市,53,21.0,10.0,0.39622641509433965,0.18867924528301888,1,,513207271,False,False,ok,complete
513207274,38202,今治市,81,32.0,17.0,0.3950617283950617,0.20987654320987653,0,,,False,False,ok,complete
513207282,38202,今治市,44,17.0,11.0,0.38636363636363635,0.25,0,,,False,False,ok,complete
513207283,38202,今治市,19,10.0,4.0,0.5263157894736842,0.21052631578947367,0,,,False,False,ok,complete
513207284,38202,今治市,756,365.0,129.0,0.4828042328042328,0.17063492063492064,0,,,False,False,ok,complete
513207291,38202,今治市,162,70.0,31.0,0.43209876543209874,0.19135802469135801,0,,,False,False,ok,complete
513207292,38202,今治市,18,9.0,6.0,0.5,0.3333333333333333,0,,,False,False,ok,complete
513207293,38202,今治市,229,69.0,25.0,0.30131004366812225,0.1091703056768559,0,,,False,False,ok,complete
513207294,38202,今治市,122,46.0,25.0,0.3770491803278688,0.20491803278688525,0,,,False,False,ok,complete
513207303,38202,今治市,14,5.0,2.0,0.35714285714285715,0.14285714285714285,0,,,False,False,ok,complete
513207332,38202,今治市,7,0.0,0.0,0.0,0.0,0,,,False,False,ok,complete
513207341,38202,今治市,7,,,,,2,513207343,,True,True,ok,partial
513207342,38202,今治市,44,23.0,9.0,0.5227272727272727,0.20454545454545456,1,,513207344,False,False,ok,complete
513207343,38202,今治市,34,27.0,14.0,0.7941176470588235,0.4117647058823529,1,,513207341;513207441,False,False,ok,complete
513207344,38202,今治市,8,,,,,2,513207342,,True,True,ok,partial
513207351,38202,今治市,5,,,,,2,513207352,,True,True,ok,partial
513207352,38202,今治市,35,16.0,9.0,0.45714285714285713,0.2571428571428571,1,,513207351;513207353,False,False,ok,complete
513207353,38202,今治市,2,,,,,2,513207352,,True,True,ok,partial
513207361,38202,今治市,91,40.0,21.0,0.43956043956043955,0.23076923076923078,0,,,False,False,ok,complete
513207362,38202,今治市,308,103.0,47.0,0.3344155844155844,0.1525974025974026,0,,,False,False,ok,complete
513207364,38202,今治市,31,13.0,6.0,0.41935483870967744,0.1935483870967742,0,,,False,False,ok,complete
513207371,38202,今治市,190,65.0,31.0,0.34210526315789475,0.1631578947368421,0,,,False,False,ok,complete
513207372,38202,今治市,206,84.0,26.0,0.4077669902912621,0.1262135922330097,0,,,False,False,ok,complete
513207373,38202,今治市,90,32.0,13.0,0.35555555555555557,0.14444444444444443,0,,,False,False,ok,complete
513207374,38202,今治市,267,91.0,52.0,0.3408239700374532,0.1947565543071161,0,,,False,False,ok,complete
513207381,38202,今治市,26,12.0,7.0,0.46153846153846156,0.2692307692307692,0,,,False,False,ok,complete
513207382,38202,今治市,398,155.0,69.0,0.38944723618090454,0.17336683417085427,0,,,False,False,ok,complete
513207383,38202,今治市,105,45.0,24.0,0.42857142857142855,0.22857142857142856,0,,,False,False,ok,complete
513207384,38202,今治市,240,95.0,48.0,0.3958333333333333,0.2,0,,,False,False,ok,complete
513207391,38202,今治市,495,207.0,119.0,0.41818181818181815,0.2404040404040404,0,,,False,False,ok,complete
513207392,38202,今治市,157,48.0,28.0,0.3057324840764331,0.17834394904458598,0,,,False,False,ok,complete
513207393,38202,今治市,586,221.0,86.0,0.3771331058020478,0.14675767918088736,0,,,False,False,ok,complete
513207394,38202,今治市,429,143.0,65.0,0.3333333333333333,0.15151515151515152,0,,,False,False,ok,complete
513207401,38202,今治市,23,12.0,5.0,0.5217391304347826,0.21739130434782608,0,,,False,False,ok,complete
513207403,38202,今治市,34,20.0,9.0,0.5882352941176471,0.2647058823529412,0,,,False,False,ok,complete
513207422,38202,今治市,7,,,,,2,513207433,,True,True,ok,partial
513207433,38202,今治市,28,14.0,3.0,0.5,0.10714285714285714,1,,513207422,False,False,ok,complete
513207441,38202,今治市,5,,,,,2,513207343,,True,True,ok,partial
513207462,38202,今治市,24,16.0,10.0,0.6666666666666666,0.4166666666666667,1,,513207464,False,False,ok,complete
513207464,38202,今治市,4,,,,,2,513207462,,True,True,ok,partial
513207471,38202,今治市,346,136.0,67.0,0.3930635838150289,0.1936416184971098,0,,,False,False,ok,complete
513207472,38202,今治市,353,118.0,49.0,0.3342776203966006,0.1388101983002833,0,,,False,False,ok,complete
513207473,38202,今治市,279,120.0,82.0,0.43010752688172044,0.2939068100358423,0,,,False,False,ok,complete
513207474,38202,今治市,585,165.0,83.0,0.28205128205128205,0.14188034188034188,0,,,False,False,ok,complete
513207481,38202,今治市,364,139.0,75.0,0.38186813186813184,0.20604395604395603,0,,,False,False,ok,complete
513207482,38202,今治市,314,139.0,95.0,0.4426751592356688,0.30254777070063693,0,,,False,False,ok,complete
513207483,38202,今治市,679,158.0,81.0,0.23269513991163476,0.11929307805596466,0,,,False,False,ok,complete
513207484,38202,今治市,529,141.0,77.0,0.2665406427221172,0.14555765595463138,0,,,False,False,ok,complete
513207491,38202,今治市,371,113.0,35.0,0.3045822102425876,0.09433962264150944,0,,,False,False,ok,complete
513207492,38202,今治市,378,141.0,62.0,0.373015873015873,0.164021164021164,0,,,False,False,ok,complete
513207493,38202,今治市,397,163.0,85.0,0.4105793450881612,0.2141057934508816,0,,,False,False,ok,complete
513207494,38202,今治市,381,164.0,84.0,0.4304461942257218,0.2204724409448819,0,,,False,False,ok,complete
513207503,38202,今治市,36,20.0,13.0,0.5555555555555556,0.3611111111111111,0,,,False,False,ok,complete
513207522,38202,今治市,17,16.0,6.0,0.9411764705882353,0.35294117647058826,1,,513207523,False,False,ok,complete
513207523,38202,今治市,7,,,,,2,513207522,,True,True,ok,partial
513207531,38202,今治市,91,33.0,14.0,0.3626373626373626,0.15384615384615385,0,,,False,False,ok,complete
513207532,38202,今治市,8,,,,,2,513207534,,True,True,ok,partial
513207533,38202,今治市,110,54.0,27.0,0.4909090909090909,0.24545454545454545,0,,,False,False,ok,complete
513207534,38202,今治市,142,80.0,39.0,0.5633802816901409,0.2746478873239437,1,,513207532,False,False,ok,complete
513207544,38202,今治市,3,,,,,2,513207642,,True,True,ok,partial
513207553,38202,今治市,2,,,,,2,513207642,,True,True,ok,partial
513207554,38202,今治市,5,,,,,2,513207642,,True,True,ok,partial
513207561,38202,今治市,9,3.0,0.0,0.3333333333333333,0.0,0,,,False,False,ok,complete
513207562,38202,今治市,22,11.0,5.0,0.5,0.22727272727272727,1,,513207563,False,False,ok,complete
513207563,38202,今治市,3,,,,,2,513207562,,True,True,ok,partial
513207564,38202,今治市,21,12.0,9.0,0.5714285714285714,0.42857142857142855,0,,,False,False,ok,complete
513207571,38202,今治市,293,114.0,44.0,0.3890784982935154,0.15017064846416384,1,,513207573,False,False,ok,complete
513207572,38202,今治市,333,91.0,50.0,0.2732732732732733,0.15015015015015015,0,,,False,False,ok,complete
513207573,38202,今治市,5,,,,,2,513207571,,True,True,ok,partial
513207574,38202,今治市,241,76.0,36.0,0.3153526970954357,0.14937759336099585,0,,,False,False,ok,complete
513207581,38202,今治市,1153,357.0,251.0,0.3096270598438855,0.21769297484822203,0,,,False,False,ok,complete
513207582,38202,今治市,996,258.0,124.0,0.25903614457831325,0.12449799196787148,0,,,False,False,ok,complete
513207583,38202,今治市,911,126.0,75.0,0.13830954994511527,0.08232711306256861,0,,,False,False,ok,complete
513207584,38202,今治市,993,239.0,128.0,0.2406847935548842,0.12890231621349446,0,,,False,False,ok,complete
513207591,38202,今治市,918,321.0,189.0,0.34967320261437906,0.20588235294117646,0,,,False,False,ok,complete
513207592,38202,今治市,671,200.0,93.0,0.29806259314456035,0.13859910581222057,0,,,False,False,ok,complete
513207593,38202,今治市,1317,377.0,195.0,0.2862566438876234,0.1480637813211845,0,,,False,False,ok,complete
513207594,38202,今治市,1417,439.0,236.0,0.30980945659844744,0.16654904728299225,0,,,False,False,ok,complete
513207601,38202,今治市,63,28.0,15.0,0.4444444444444444,0.23809523809523808,0,,,False,False,ok,complete
513207602,38202,今治市,73,31.0,16.0,0.4246575342465753,0.2191780821917808,0,,,False,False,ok,complete
513207603,38202,今治市,306,158.0,80.0,0.5163398692810458,0.26143790849673204,0,,,False,False,ok,complete
513207604,38202,今治市,55,31.0,14.0,0.5636363636363636,0.2545454545454545,0,,,False,False,ok,complete
513207613,38202,今治市,32,19.0,11.0,0.59375,0.34375,0,,,False,False,ok,complete
513207614,38202,今治市,38,27.0,14.0,0.7105263157894737,0.3684210526315789,0,,,False,False,ok,complete
513207621,38202,今治市,51,25.0,4.0,0.49019607843137253,0.0784313725490196,0,,,False,False,ok,complete
513207623,38202,今治市,36,21.0,12.0,0.5833333333333334,0.3333333333333333,1,,513207624,False,False,ok,complete
513207624,38202,今治市,8,,,,,2,513207623,,True,True,ok,partial
513207631,38202,今治市,139,77.0,41.0,0.5539568345323741,0.2949640287769784,0,,,False,False,ok,complete
513207632,38202,今治市,147,76.0,43.0,0.5170068027210885,0.2925170068027211,0,,,False,False,ok,complete
513207633,38202,今治市,116,73.0,26.0,0.6293103448275862,0.22413793103448276,0,,,False,False,ok,complete
513207634,38202,今治市,341,161.0,90.0,0.47214076246334313,0.26392961876832843,0,,,False,False,ok,complete
513207641,38202,今治市,73,30.0,14.0,0.410958904109589,0.1917808219178082,1,,513207644,False,False,ok,complete
513207642,38202,今治市,25,14.0,6.0,0.56,0.24,1,,513207544;513207553;513207554,False,False,ok,complete
513207643,38202,今治市,224,75.0,44.0,0.33482142857142855,0.19642857142857142,0,,,False,False,ok,complete
513207644,38202,今治市,2,,,,,2,513207641,,True,True,ok,partial
513207651,38202,今治市,7,,,,,2,513207654,,True,True,ok,partial
513207653,38202,今治市,33,15.0,10.0,0.45454545454545453,0.30303030303030304,0,,,False,False,ok,complete
513207654,38202,今治市,38,18.0,10.0,0.47368421052631576,0.2631578947368421,1,,513207651,False,False,ok,complete
513207661,38202,今治市,87,35.0,13.0,0.40229885057471265,0.14942528735632185,0,,,False,False,ok,complete
513207662,38202,今治市,75,49.0,22.0,0.6533333333333333,0.29333333333333333,0,,,False,False,ok,complete
513207664,38202,今治市,111,37.0,19.0,0.3333333333333333,0.17117117117117117,0,,,False,False,ok,complete
513207671,38202,今治市,42,19.0,10.0,0.4523809523809524,0.23809523809523808,0,,,False,False,ok,complete
513207672,38202,今治市,7,,,,,2,513207674,,True,True,ok,partial
513207673,38202,今治市,552,236.0,117.0,0.427536231884058,0.21195652173913043,0,,,False,False,ok,complete
513207674,38202,今治市,270,104.0,59.0,0.3851851851851852,0.21851851851851853,1,,513207672,False,False,ok,complete
513207681,38202,今治市,732,132.0,66.0,0.18032786885245902,0.09016393442622951,0,,,False,False,ok,complete
513207682,38202,今治市,1409,441.0,244.0,0.3129879347054649,0.17317246273953157,0,,,False,False,ok,complete
513207683,38202,今治市,421,113.0,69.0,0.2684085510688836,0.16389548693586697,0,,,False,False,ok,complete
513207684,38202,今治市,1188,320.0,166.0,0.26936026936026936,0.13973063973063973,0,,,False,False,ok,complete
513207691,38202,今治市,1447,500.0,274.0,0.3455425017277125,0.18935729094678647,0,,,False,False,ok,complete
513207692,38202,今治市,969,401.0,239.0,0.41382868937048506,0.24664602683178535,0,,,False,False,ok,complete
513207693,38202,今治市,1496,433.0,233.0,0.2894385026737968,0.1557486631016043,0,,,False,False,ok,complete
513207694,38202,今治市,1280,462.0,245.0,0.3609375,0.19140625,0,,,False,False,ok,complete
513207711,38202,今治市,9,3.0,1.0,0.3333333333333333,0.1111111111111111,0,,,False,False,ok,complete
513207714,38202,今治市,18,9.0,3.0,0.5,0.16666666666666666,0,,,False,False,ok,complete
513207721,38202,今治市,40,21.0,15.0,0.525,0.375,0,,,False,False,ok,complete
513207722,38202,今治市,188,100.0,46.0,0.5319148936170213,0.24468085106382978,0,,,False,False,ok,complete
513207723,38202,今治市,217,83.0,33.0,0.3824884792626728,0.15207373271889402,0,,,False,False,ok,complete
513207731,38202,今治市,266,112.0,60.0,0.42105263157894735,0.22556390977443608,0,,,False,False,ok,complete
513207733,38202,今治市,31,5.0,2.0,0.16129032258064516,0.06451612903225806,0,,,False,False,ok,complete
513207734,38202,今治市,207,39.0,21.0,0.18840579710144928,0.10144927536231885,0,,,False,False,ok,complete
513207741,38202,今治市,86,18.0,7.0,0.20930232558139536,0.08139534883720931,0,,,False,False,ok,complete
513207743,38202,今治市,654,207.0,99.0,0.3165137614678899,0.15137614678899083,0,,,False,False,ok,complete
513207744,38202,今治市,326,93.0,34.0,0.2852760736196319,0.10429447852760736,0,,,False,False,ok,complete
513207751,38202,今治市,3,,,,,2,513207752,,True,True,ok,partial
513207752,38202,今治市,120,50.0,20.0,0.4166666666666667,0.16666666666666666,1,,513207751,False,False,ok,complete
513207753,38202,今治市,174,87.0,36.0,0.5,0.20689655172413793,0,,,False,False,ok,complete
513207754,38202,今治市,99,37.0,16.0,0.37373737373737376,0.16161616161616163,0,,,False,False,ok,complete
513207761,38202,今治市,5,,,,,2,513207763,,True,True,ok,partial
513207762,38202,今治市,208,64.0,35.0,0.3076923076923077,0.16826923076923078,0,,,False,False,ok,complete
513207763,38202,今治市,483,99.0,51.0,0.20496894409937888,0.10559006211180125,1,,513207761,False,False,ok,complete
513207764,38202,今治市,1272,256.0,134.0,0.20125786163522014,0.10534591194968554,0,,,False,False,ok,complete
513207771,38202,今治市,626,146.0,72.0,0.23322683706070288,0.11501597444089456,0,,,False,False,ok,complete
513207772,38202,今治市,668,177.0,92.0,0.26497005988023953,0.1377245508982036,0,,,False,False,ok,complete
513207773,38202,今治市,838,183.0,95.0,0.21837708830548927,0.11336515513126491,0,,,False,False,ok,complete
513207774,38202,今治市,247,93.0,44.0,0.3765182186234818,0.17813765182186234,0,,,False,False,ok,complete
513207781,38202,今治市,945,272.0,145.0,0.2878306878306878,0.15343915343915343,0,,,False,False,ok,complete
513207782,38202,今治市,1488,271.0,130.0,0.1821236559139785,0.08736559139784947,0,,,False,False,ok,complete
513207783,38202,今治市,20,8.0,5.0,0.4,0.25,0,,,False,False,ok,complete
513207784,38202,今治市,466,167.0,87.0,0.3583690987124464,0.18669527896995708,0,,,False,False,ok,complete
513207791,38202,今治市,1378,360.0,209.0,0.2612481857764877,0.1516690856313498,0,,,False,False,ok,complete
513207792,38202,今治市,1156,398.0,246.0,0.34429065743944637,0.21280276816608998,0,,,False,False,ok,complete
513207793,38202,今治市,1269,370.0,218.0,0.2915681639085894,0.17178881008668243,0,,,False,False,ok,complete
513207794,38202,今治市,479,207.0,121.0,0.4321503131524008,0.25260960334029225,0,,,False,False,ok,complete
513207841,38202,今治市,650,200.0,92.0,0.3076923076923077,0.14153846153846153,0,,,False,False,ok,complete
513207842,38202,今治市,458,112.0,47.0,0.2445414847161572,0.10262008733624454,0,,,False,False,ok,complete
513207843,38202,今治市,623,144.0,72.0,0.23113964686998395,0.11556982343499198,0,,,False,False,ok,complete
513207844,38202,今治市,835,74.0,35.0,0.08862275449101796,0.041916167664670656,0,,,False,False,ok,complete
513207851,38202,今治市,231,143.0,125.0,0.6190476190476191,0.5411255411255411,0,,,False,False,ok,complete
513207852,38202,今治市,175,52.0,26.0,0.29714285714285715,0.14857142857142858,0,,,False,False,ok,complete
513207853,38202,今治市,65,26.0,10.0,0.4,0.15384615384615385,0,,,False,False,ok,complete
513207854,38202,今治市,296,130.0,73.0,0.4391891891891892,0.24662162162162163,0,,,False,False,ok,complete
513207861,38202,今治市,128,31.0,20.0,0.2421875,0.15625,0,,,False,False,ok,complete
513207862,38202,今治市,501,186.0,90.0,0.3712574850299401,0.17964071856287425,0,,,False,False,ok,complete
513207863,38202,今治市,34,10.0,4.0,0.29411764705882354,0.11764705882352941,0,,,False,False,ok,complete
513207864,38202,今治市,82,31.0,15.0,0.3780487804878049,0.18292682926829268,1,,513207962;513207971;513207972,False,False,ok,complete
513207871,38202,今治市,228,80.0,36.0,0.3508771929824561,0.15789473684210525,1,,513207873,False,False,ok,complete
513207872,38202,今治市,799,68.0,20.0,0.0851063829787234,0.025031289111389236,0,,,False,False,ok,complete
513207873,38202,今治市,7,,,,,2,513207871,,True,True,ok,partial
513207874,38202,今治市,85,4.0,0.0,0.047058823529411764,0.0,0,,,False,False,ok,complete
513207882,38202,今治市,384,132.0,68.0,0.34375,0.17708333333333334,0,,,False,False,ok,complete
513207883,38202,今治市,322,77.0,30.0,0.2391304347826087,0.09316770186335403,0,,,False,False,ok,complete
513207884,38202,今治市,492,153.0,74.0,0.31097560975609756,0.15040650406504066,0,,,False,False,ok,complete
513207891,38202,今治市,1426,517.0,334.0,0.36255259467040674,0.23422159887798036,0,,,False,False,ok,complete
513207892,38202,今治市,939,487.0,303.0,0.5186368477103301,0.3226837060702875,0,,,False,False,ok,complete
513207893,38202,今治市,1076,285.0,148.0,0.2648698884758364,0.137546468401487,0,,,False,False,ok,complete
513207894,38202,今治市,1525,625.0,332.0,0.4098360655737705,0.21770491803278688,0,,,False,False,ok,complete
513207941,38202,今治市,273,88.0,41.0,0.32234432234432236,0.15018315018315018,0,,,False,False,ok,complete
513207942,38202,今治市,67,31.0,14.0,0.4626865671641791,0.208955223880597,0,,,False,False,ok,complete
513207943,38202,今治市,258,112.0,37.0,0.43410852713178294,0.1434108527131783,0,,,False,False,ok,complete
513207944,38202,今治市,58,18.0,7.0,0.3103448275862069,0.1206896551724138,0,,,False,False,ok,complete
513207952,38202,今治市,127,45.0,28.0,0.3543307086614173,0.2204724409448819,0,,,False,False,ok,complete
513207962,38202,今治市,9,,,,,2,513207864,,True,True,ok,partial
513207971,38202,今治市,6,,,,,2,513207864,,True,True,ok,partial
513207972,38202,今治市,2,,,,,2,513207864,,True,True,ok,partial
513207981,38202,今治市,40,18.0,8.0,0.45,0.2,0,,,False,False,ok,complete
513207982,38202,今治市,389,109.0,55.0,0.2802056555269923,0.14138817480719795,0,,,False,False,ok,complete
513207984,38202,今治市,587,166.0,78.0,0.282793867120954,0.13287904599659284,0,,,False,False,ok,complete
513207991,38202,今治市,817,286.0,147.0,0.35006119951040393,0.1799265605875153,0,,,False,False,ok,complete
513207992,38202,今治市,1080,350.0,175.0,0.32407407407407407,0.16203703703703703,0,,,False,False,ok,complete
513207993,38202,今治市,1188,374.0,187.0,0.3148148148148148,0.1574074074074074,0,,,False,False,ok,complete
513217041,38202,今治市,138,66.0,41.0,0.4782608695652174,0.2971014492753623,0,,,False,False,ok,complete
513217043,38202,今治市,40,22.0,12.0,0.55,0.3,0,,,False,False,ok,complete
513217044,38202,今治市,112,88.0,75.0,0.7857142857142857,0.6696428571428571,0,,,False,False,ok,complete
513217051,38202,今治市,8,,,,,2,513217053,,True,True,ok,partial
513217053,38202,今治市,42,22.0,11.0,0.5238095238095238,0.2619047619047619,1,,513217051,False,False,ok,complete
513217054,38202,今治市,18,13.0,10.0,0.7222222222222222,0.5555555555555556,0,,,False,False,ok,complete
513217061,38202,今治市,4,,,,,2,513217064,,True,True,ok,partial
513217062,38202,今治市,6,,,,,2,513217064,,True,True,ok,partial
513217063,38202,今治市,38,23.0,10.0,0.6052631578947368,0.2631578947368421,0,,,False,False,ok,complete
513217064,38202,今治市,39,16.0,10.0,0.41025641025641024,0.2564102564102564,1,,513217061;513217062,False,False,ok,complete
513217081,38202,今治市,23,15.0,3.0,0.6521739130434783,0.13043478260869565,0,,,False,False,ok,complete
513217082,38202,今治市,597,181.0,87.0,0.30318257956448913,0.1457286432160804,0,,,False,False,ok,complete
513217083,38202,今治市,227,78.0,38.0,0.3436123348017621,0.16740088105726872,0,,,False,False,ok,complete
513217084,38202,今治市,587,199.0,96.0,0.3390119250425894,0.1635434412265758,0,,,False,False,ok,complete
513217091,38202,今治市,856,268.0,120.0,0.3130841121495327,0.14018691588785046,1,,513217092,False,False,ok,complete
513217092,38202,今治市,6,,,,,2,513217091,,True,True,ok,partial
513217143,38202,今治市,60,24.0,10.0,0.4,0.16666666666666666,0,,,False,False,ok,complete
513217144,38202,今治市,58,31.0,18.0,0.5344827586206896,0.3103448275862069,0,,,False,False,ok,complete
513217151,38202,今治市,152,37.0,20.0,0.24342105263157895,0.13157894736842105,0,,,False,False,ok,complete
513217152,38202,今治市,77,23.0,12.0,0.2987012987012987,0.15584415584415584,0,,,False,False,ok,complete
513217153,38202,今治市,125,50.0,26.0,0.4,0.208,0,,,False,False,ok,complete
513217154,38202,今治市,281,110.0,61.0,0.3914590747330961,0.21708185053380782,0,,,False,False,ok,complete
513217161,38202,今治市,108,39.0,18.0,0.3611111111111111,0.16666666666666666,0,,,False,False,ok,complete
513217162,38202,今治市,23,5.0,3.0,0.21739130434782608,0.13043478260869565,0,,,False,False,ok,complete
513217163,38202,今治市,502,146.0,79.0,0.2908366533864542,0.15737051792828685,0,,,False,False,ok,complete
513217164,38202,今治市,656,176.0,79.0,0.2682926829268293,0.12042682926829268,0,,,False,False,ok,complete
513217171,38202,今治市,33,16.0,10.0,0.48484848484848486,0.30303030303030304,0,,,False,False,ok,complete
513217172,38202,今治市,136,68.0,50.0,0.5,0.36764705882352944,0,,,False,False,ok,complete
513217173,38202,今治市,586,234.0,118.0,0.3993174061433447,0.20136518771331058,0,,,False,False,ok,complete
513217174,38202,今治市,585,231.0,109.0,0.39487179487179486,0.18632478632478633,0,,,False,False,ok,complete
513217181,38202,今治市,106,44.0,21.0,0.41509433962264153,0.19811320754716982,0,,,False,False,ok,complete
513217182,38202,今治市,86,42.0,32.0,0.4883720930232558,0.37209302325581395,0,,,False,False,ok,complete
513217184,38202,今治市,338,179.0,116.0,0.5295857988165681,0.3431952662721893,0,,,False,False,ok,complete
513217241,38202,今治市,282,130.0,64.0,0.46099290780141844,0.22695035460992907,0,,,False,False,ok,complete
513217242,38202,今治市,127,56.0,28.0,0.4409448818897638,0.2204724409448819,0,,,False,False,ok,complete
513217243,38202,今治市,475,213.0,121.0,0.44842105263157894,0.25473684210526315,0,,,False,False,ok,complete
513217244,38202,今治市,19,10.0,3.0,0.5263157894736842,0.15789473684210525,0,,,False,False,ok,complete
513217251,38202,今治市,16,10.0,5.0,0.625,0.3125,0,,,False,False,ok,complete
513217252,38202,今治市,396,280.0,233.0,0.7070707070707071,0.5883838383838383,0,,,False,False,ok,complete
513217253,38202,今治市,95,40.0,20.0,0.42105263157894735,0.21052631578947367,0,,,False,False,ok,complete
513217254,38202,今治市,438,89.0,43.0,0.20319634703196346,0.09817351598173515,0,,,False,False,ok,complete
513217261,38202,今治市,689,170.0,64.0,0.2467343976777939,0.09288824383164006,0,,,False,False,ok,complete
513217262,38202,今治市,827,216.0,110.0,0.26118500604594924,0.13301088270858524,1,,513217263,False,False,ok,complete
513217263,38202,今治市,1,,,,,2,513217262,,True,True,ok,partial
513217264,38202,今治市,433,120.0,58.0,0.27713625866050806,0.13394919168591224,0,,,False,False,ok,complete
513217271,38202,今治市,473,166.0,112.0,0.35095137420718814,0.23678646934460887,0,,,False,False,ok,complete
513217272,38202,今治市,737,202.0,79.0,0.27408412483039346,0.10719131614654002,0,,,False,False,ok,complete
513217273,38202,今治市,716,270.0,152.0,0.3770949720670391,0.2122905027932961,0,,,False,False,ok,complete
513217274,38202,今治市,103,43.0,18.0,0.4174757281553398,0.17475728155339806,0,,,False,False,ok,complete
513217281,38202,今治市,334,154.0,83.0,0.46107784431137727,0.24850299401197604,0,,,False,False,ok,complete
513217282,38202,今治市,152,64.0,31.0,0.42105263157894735,0.20394736842105263,0,,,False,False,ok,complete
513217324,38202,今治市,33,17.0,9.0,0.5151515151515151,0.2727272727272727,0,,,False,False,ok,complete
513217334,38202,今治市,64,36.0,23.0,0.5625,0.359375,0,,,False,False,ok,complete
513217341,38202,今治市,221,90.0,42.0,0.4072398190045249,0.19004524886877827,1,,513217342;513217344,False,False,ok,complete
513217342,38202,今治市,5,,,,,2,513217341,,True,True,ok,partial
513217343,38202,今治市,72,33.0,18.0,0.4583333333333333,0.25,0,,,False,False,ok,complete
513217344,38202,今治市,3,,,,,2,513217341,,True,True,ok,partial
513217351,38202,今治市,97,16.0,5.0,0.16494845360824742,0.05154639175257732,0,,,False,False,ok,complete
513217352,38202,今治市,72,16.0,7.0,0.2222222222222222,0.09722222222222222,0,,,False,False,ok,complete
513217353,38202,今治市,35,9.0,4.0,0.2571428571428571,0.11428571428571428,0,,,False,False,ok,complete
513217354,38202,今治市,196,41.0,10.0,0.20918367346938777,0.05102040816326531,0,,,False,False,ok,complete
513217361,38202,今治市,93,28.0,12.0,0.3010752688172043,0.12903225806451613,0,,,False,False,ok,complete
513217362,38202,今治市,606,179.0,73.0,0.2953795379537954,0.12046204620462046,0,,,False,False,ok,complete
513217363,38202,今治市,88,36.0,16.0,0.4090909090909091,0.18181818181818182,0,,,False,False,ok,complete
513217364,38202,今治市,134,67.0,45.0,0.5,0.3358208955223881,0,,,False,False,ok,complete
513217371,38202,今治市,132,55.0,31.0,0.4166666666666667,0.23484848484848486,0,,,False,False,ok,complete
513217372,38202,今治市,37,25.0,10.0,0.6756756756756757,0.2702702702702703,1,,513217374,False,False,ok,complete
513217373,38202,今治市,107,53.0,21.0,0.4953271028037383,0.19626168224299065,0,,,False,False,ok,complete
513217381,38202,今治市,7,,,,,2,513217283,,True,True,ok,partial
513217441,38202,今治市,14,8.0,8.0,0.5714285714285714,0.5714285714285714,0,,,False,False,ok,complete
513217442,38202,今治市,2,,,,,2,513217443,,True,True,ok,partial
513217443,38202,今治市,21,15.0,10.0,0.7142857142857143,0.47619047619047616,1,,513217442,False,False,ok,complete
513217444,38202,今治市,151,74.0,48.0,0.4900662251655629,0.31788079470198677,0,,,False,False,ok,complete
513217452,38202,今治市,9,5.0,1.0,0.5555555555555556,0.1111111111111111,0,,,False,False,ok,complete
513217454,38202,今治市,15,8.0,5.0,0.5333333333333333,0.3333333333333333,0,,,False,False,ok,complete
513217461,38202,今治市,435,174.0,98.0,0.4,0.22528735632183908,0,,,False,False,ok,complete
513217462,38202,今治市,279,46.0,28.0,0.16487455197132617,0.1003584229390681,0,,,False,False,ok,complete
513217463,38202,今治市,428,229.0,148.0,0.5350467289719626,0.34579439252336447,0,,,False,False,ok,complete
513217551,38202,今治市,15,7.0,3.0,0.4666666666666667,0.2,0,,,False,False,ok,complete
513217552,38202,今治市,12,7.0,6.0,0.5833333333333334,0.5,0,,,False,False,ok,complete
513217553,38202,今治市,65,31.0,18.0,0.47692307692307695,0.27692307692307694,0,,,False,False,ok,complete
513217554,38202,今治市,26,14.0,8.0,0.5384615384615384,0.3076923076923077,0,,,False,False,ok,complete
513217651,38202,今治市,15,9.0,7.0,0.6,0.4666666666666667,0,,,False,False,ok,complete
513226292,38202,今治市,12,10.0,6.0,0.8333333333333334,0.5,0,,,False,False,ok,complete
513227201,38202,今治市,19,10.0,6.0,0.5263157894736842,0.3157894736842105,0,,,False,False,ok,complete
513227202,38202,今治市,189,130.0,84.0,0.6878306878306878,0.4444444444444444,1,,513227204,False,False,ok,complete
513227204,38202,今治市,4,,,,,2,513227202,,True,True,ok,partial
513227214,38202,今治市,14,13.0,9.0,0.9285714285714286,0.6428571428571429,0,,,False,False,ok,complete
513227234,38202,今治市,44,,,,,1,,513227243,True,True,inconsistent_with_total,partial
513227363,38202,今治市,10,8.0,5.0,0.8,0.5,1,,513227361,False,False,ok,complete
513227374,38202,今治市,10,,,,,2,513227383,,True,True,ok,partial
513227454,38202,今治市,24,20.0,12.0,0.8333333333333334,0.5,1,,513227452,False,False,ok,complete
513227461,38202,今治市,99,70.0,38.0,0.7070707070707071,0.3838383838383838,0,,,False,False,ok,complete
513227463,38202,今治市,59,41.0,24.0,0.6949152542372882,0.4067796610169492,0,,,False,False,ok,complete
513227464,38202,今治市,55,44.0,25.0,0.8,0.45454545454545453,0,,,False,False,ok,complete
513227481,38202,今治市,12,6.0,5.0,0.5,0.4166666666666667,0,,,False,False,ok,complete
513227491,38202,今治市,4,,,,,2,513227492,,True,True,ok,partial
513227492,38202,今治市,8,6.0,3.0,0.75,0.375,1,,513227491,False,False,ok,complete
513227564,38202,今治市,5,,,,,2,513227662,,True,True,ok,partial
513227573,38202,今治市,5,,,,,2,513227574,,True,True,ok,partial
513227574,38202,今治市,71,49.0,33.0,0.6901408450704225,0.4647887323943662,1,,513227573,False,False,ok,complete
513227582,38202,今治市,2,,,,,2,513227584,,True,True,ok,partial
513227584,38202,今治市,128,79.0,41.0,0.6171875,0.3203125,1,,513227582,False,False,ok,complete
513227593,38202,今治市,8,5.0,4.0,0.625,0.5,0,,,False,False,ok,complete
513227671,38202,今治市,42,35.0,19.0,0.8333333333333334,0.4523809523809524,1,,513227673,False,False,ok,complete
513227672,38202,今治市,47,30.0,16.0,0.6382978723404256,0.3404255319148936,0,,,False,False,ok,complete
513227673,38202,今治市,8,,,,,2,513227671,,True,True,ok,partial
513227682,38202,今治市,52,22.0,9.0,0.4230769230769231,0.17307692307692307,0,,,False,False,ok,complete
513227683,38202,今治市,6,0.0,0.0,0.0,0.0,0,,,False,False,ok,complete
513227684,38202,今治市,29,29.0,15.0,1.0,0.5172413793103449,1,,513227781,False,False,ok,complete
513227691,38202,今治市,69,37.0,23.0,0.5362318840579711,0.3333333333333333,1,,513227692,False,False,ok,complete
513227692,38202,今治市,3,,,,,2,513227691,,True,True,ok,partial
513227693,38202,今治市,32,,,,,1,,513227791,True,True,inconsistent_with_total,partial
513227791,38202,今治市,31,,,,,2,513227693,,True,True,ok,partial
513227893,38202,今治市,3,,,,,2,513227894,,True,True,ok,partial
513227894,38202,今治市,51,32.0,18.0,0.6274509803921569,0.35294117647058826,1,,513227893,False,False,ok,complete
513227994,38202,今治市,246,125.0,72.0,0.508130081300813,0.2926829268292683,0,,,False,False,ok,complete
513237093,38202,今治市,1,,,,,2,513237094,,True,True,ok,partial
513237094,38202,今治市,16,8.0,5.0,0.5,0.3125,1,,513237093,False,False,ok,complete
513237192,38202,今治市,76,48.0,26.0,0.631578947368421,0.34210526315789475,0,,,False,False,ok,complete
513237293,38202,今治市,18,13.0,11.0,0.7222222222222222,0.6111111111111112,0,,,False,False,ok,complete
513237294,38202,今治市,95,53.0,31.0,0.5578947368421052,0.3263157894736842,1,,513237282,False,False,ok,complete
513237391,38202,今治市,6,,,,,2,513237392,,True,True,ok,partial
513237392,38202,今治市,119,86.0,37.0,0.7226890756302521,0.31092436974789917,1,,513237391,False,False,ok,complete
513300001,38202,今治市,73,,,,,2,513300002,,True,True,ok,partial
513300002,38202,今治市,87,,,,,1,,513300001,True,True,inconsistent_with_total,partial
513300003,38202,今治市,125,62.0,29.0,0.496,0.232,0,,,False,False,ok,complete
513300004,38202,今治市,329,141.0,56.0,0.42857142857142855,0.1702127659574468,0,,,False,False,ok,complete
513300011,38202,今治市,228,100.0,58.0,0.43859649122807015,0.2543859649122807,0,,,False,False,ok,complete
513300012,38202,今治市,18,13.0,6.0,0.7222222222222222,0.3333333333333333,0,,,False,False,ok,complete
513300013,38202,今治市,86,38.0,11.0,0.4418604651162791,0.12790697674418605,0,,,False,False,ok,complete
513300014,38202,今治市,17,3.0,1.0,0.17647058823529413,0.058823529411764705,0,,,False,False,ok,complete
513300021,38202,今治市,52,15.0,9.0,0.28846153846153844,0.17307692307692307,0,,,False,False,ok,complete
513300022,38202,今治市,88,34.0,20.0,0.38636363636363635,0.22727272727272727,0,,,False,False,ok,complete
513300024,38202,今治市,30,22.0,11.0,0.7333333333333333,0.36666666666666664,0,,,False,False,ok,complete
513300031,38202,今治市,45,19.0,10.0,0.4222222222222222,0.2222222222222222,0,,,False,False,ok,complete
513300033,38202,今治市,78,32.0,18.0,0.41025641025641024,0.23076923076923078,0,,,False,False,ok,complete
513300034,38202,今治市,28,11.0,7.0,0.39285714285714285,0.25,0,,,False,False,ok,complete
513300041,38202,今治市,11,7.0,4.0,0.6363636363636364,0.36363636363636365,0,,,False,False,ok,complete
513300101,38202,今治市,22,7.0,3.0,0.3181818181818182,0.13636363636363635,0,,,False,False,ok,complete
513300102,38202,今治市,293,140.0,84.0,0.4778156996587031,0.28668941979522183,0,,,False,False,ok,complete
513300103,38202,今治市,116,65.0,38.0,0.5603448275862069,0.3275862068965517,0,,,False,False,ok,complete
513300104,38202,今治市,220,98.0,43.0,0.44545454545454544,0.19545454545454546,0,,,False,False,ok,complete
513300111,38202,今治市,73,22.0,11.0,0.3013698630136986,0.1506849315068493,0,,,False,False,ok,complete
513300113,38202,今治市,125,62.0,29.0,0.496,0.232,0,,,False,False,ok,complete
513300114,38202,今治市,26,14.0,5.0,0.5384615384615384,0.19230769230769232,0,,,False,False,ok,complete
513300122,38202,今治市,84,38.0,22.0,0.4523809523809524,0.2619047619047619,0,,,False,False,ok,complete
513300123,38202,今治市,142,113.0,84.0,0.795774647887324,0.5915492957746479,0,,,False,False,ok,complete
513300124,38202,今治市,421,137.0,55.0,0.3254156769596199,0.13064133016627077,0,,,False,False,ok,complete
513300131,38202,今治市,186,66.0,25.0,0.3548387096774194,0.13440860215053763,0,,,False,False,ok,complete
513300132,38202,今治市,28,18.0,8.0,0.6428571428571429,0.2857142857142857,0,,,False,False,ok,complete
513300133,38202,今治市,1083,225.0,84.0,0.2077562326869806,0.07756232686980609,0,,,False,False,ok,complete
513300134,38202,今治市,430,89.0,24.0,0.2069767441860465,0.05581395348837209,0,,,False,False,ok,complete
513300201,38202,今治市,155,50.0,26.0,0.3225806451612903,0.16774193548387098,0,,,False,False,ok,complete
513300202,38202,今治市,144,52.0,23.0,0.3611111111111111,0.1597222222222222,0,,,False,False,ok,complete
513300203,38202,今治市,392,162.0,83.0,0.413265306122449,0.21173469387755103,0,,,False,False,ok,complete
513300204,38202,今治市,178,62.0,24.0,0.34831460674157305,0.1348314606741573,0,,,False,False,ok,complete
513300211,38202,今治市,203,79.0,40.0,0.3891625615763547,0.19704433497536947,0,,,False,False,ok,complete
513300212,38202,今治市,105,49.0,24.0,0.4666666666666667,0.22857142857142856,0,,,False,False,ok,complete
513300213,38202,今治市,545,219.0,105.0,0.4018348623853211,0.1926605504587156,0,,,False,False,ok,complete
513300214,38202,今治市,224,165.0,126.0,0.7366071428571429,0.5625,0,,,False,False,ok,complete
513300221,38202,今治市,178,64.0,28.0,0.3595505617977528,0.15730337078651685,0,,,False,False,ok,complete
513300222,38202,今治市,612,157.0,60.0,0.2565359477124183,0.09803921568627451,0,,,False,False,ok,complete
513300223,38202,今治市,192,48.0,23.0,0.25,0.11979166666666667,0,,,False,False,ok,complete
513300224,38202,今治市,230,27.0,15.0,0.11739130434782609,0.06521739130434782,0,,,False,False,ok,complete
513300231,38202,今治市,840,300.0,134.0,0.35714285714285715,0.1595238095238095,0,,,False,False,ok,complete
513300232,38202,今治市,95,29.0,21.0,0.30526315789473685,0.22105263157894736,0,,,False,False,ok,complete
513300301,38202,今治市,338,131.0,56.0,0.3875739644970414,0.16568047337278108,0,,,False,False,ok,complete
513300302,38202,今治市,464,162.0,77.0,0.34913793103448276,0.16594827586206898,0,,,False,False,ok,complete
513300303,38202,今治市,275,107.0,60.0,0.3890909090909091,0.21818181818181817,0,,,False,False,ok,complete
513300304,38202,今治市,870,277.0,150.0,0.31839080459770114,0.1724137931034483,0,,,False,False,ok,complete
513300311,38202,今治市,1215,613.0,346.0,0.5045267489711934,0.2847736625514403,0,,,False,False,ok,complete
513300312,38202,今治市,270,133.0,54.0,0.4925925925925926,0.2,0,,,False,False,ok,complete
513300313,38202,今治市,486,173.0,83.0,0.3559670781893004,0.17078189300411523,0,,,False,False,ok,complete
513300314,38202,今治市,949,288.0,117.0,0.303477344573235,0.1232876712328767,0,,,False,False,ok,complete
513300321,38202,今治市,323,129.0,61.0,0.3993808049535604,0.18885448916408668,0,,,False,False,ok,complete
513300322,38202,今治市,46,16.0,13.0,0.34782608695652173,0.2826086956521739,0,,,False,False,ok,complete
513300323,38202,今治市,1617,675.0,328.0,0.4174397031539889,0.2028447742733457,0,,,False,False,ok,complete
513300324,38202,今治市,99,32.0,18.0,0.32323232323232326,0.18181818181818182,0,,,False,False,ok,complete
513300331,38202,今治市,326,84.0,44.0,0.25766871165644173,0.13496932515337423,0,,,False,False,ok,complete
513300401,38202,今治市,540,242.0,122.0,0.44814814814814813,0.22592592592592592,0,,,False,False,ok,complete
513300402,38202,今治市,586,182.0,94.0,0.310580204778157,0.16040955631399317,0,,,False,False,ok,complete
513300403,38202,今治市,503,207.0,101.0,0.4115308151093439,0.20079522862823063,0,,,False,False,ok,complete
513300404,38202,今治市,222,79.0,44.0,0.35585585585585583,0.1981981981981982,0,,,False,False,ok,complete
513300411,38202,今治市,305,70.0,32.0,0.22950819672131148,0.10491803278688525,0,,,False,False,ok,complete
513300412,38202,今治市,509,186.0,104.0,0.3654223968565815,0.2043222003929273,0,,,False,False,ok,complete
513300413,38202,今治市,398,94.0,42.0,0.23618090452261306,0.10552763819095477,0,,,False,False,ok,complete
513300414,38202,今治市,587,162.0,75.0,0.27597955706984667,0.12776831345826234,0,,,False,False,ok,complete
513300421,38202,今治市,618,189.0,75.0,0.3058252427184466,0.12135922330097088,0,,,False,False,ok,complete
513300422,38202,今治市,329,65.0,28.0,0.19756838905775076,0.0851063829787234,0,,,False,False,ok,complete
513300423,38202,今治市,1035,256.0,128.0,0.24734299516908212,0.12367149758454106,0,,,False,False,ok,complete
513300424,38202,今治市,359,68.0,32.0,0.1894150417827298,0.08913649025069638,0,,,False,False,ok,complete
513300501,38202,今治市,1016,236.0,104.0,0.23228346456692914,0.10236220472440945,0,,,False,False,ok,complete
513300502,38202,今治市,522,179.0,81.0,0.342911877394636,0.15517241379310345,0,,,False,False,ok,complete
513300503,38202,今治市,1277,338.0,172.0,0.26468285043069695,0.13469068128425998,0,,,False,False,ok,complete
513300504,38202,今治市,1228,389.0,202.0,0.31677524429967424,0.16449511400651465,0,,,False,False,ok,complete
513300511,38202,今治市,383,152.0,65.0,0.3968668407310705,0.16971279373368145,0,,,False,False,ok,complete
513300512,38202,今治市,826,294.0,186.0,0.3559322033898305,0.22518159806295399,0,,,False,False,ok,complete
513300513,38202,今治市,924,174.0,76.0,0.18831168831168832,0.08225108225108226,0,,,False,False,ok,complete
513300514,38202,今治市,535,119.0,49.0,0.22242990654205608,0.09158878504672897,0,,,False,False,ok,complete
513300521,38202,今治市,873,236.0,100.0,0.27033218785796104,0.1145475372279496,0,,,False,False,ok,complete
513300522,38202,今治市,22,4.0,1.0,0.18181818181818182,0.045454545454545456,0,,,False,False,ok,complete
513300601,38202,今治市,1282,267.0,119.0,0.20826833073322934,0.09282371294851795,0,,,False,False,ok,complete
513300602,38202,今治市,1277,325.0,175.0,0.2545027407987471,0.1370399373531715,0,,,False,False,ok,complete
513300603,38202,今治市,608,211.0,122.0,0.3470394736842105,0.20065789473684212,0,,,False,False,ok,complete
513300604,38202,今治市,1039,379.0,201.0,0.3647738209817132,0.19345524542829645,0,,,False,False,ok,complete
513300611,38202,今治市,910,184.0,102.0,0.2021978021978022,0.11208791208791209,0,,,False,False,ok,complete
513300612,38202,今治市,423,81.0,39.0,0.19148936170212766,0.09219858156028368,0,,,False,False,ok,complete
513300613,38202,今治市,1232,277.0,120.0,0.22483766233766234,0.09740259740259741,0,,,False,False,ok,complete
513300614,38202,今治市,389,90.0,31.0,0.23136246786632392,0.07969151670951156,0,,,False,False,ok,complete
513300701,38202,今治市,1045,465.0,281.0,0.4449760765550239,0.26889952153110047,0,,,False,False,ok,complete
513300702,38202,今治市,912,314.0,162.0,0.3442982456140351,0.17763157894736842,0,,,False,False,ok,complete
513300703,38202,今治市,1276,698.0,492.0,0.5470219435736677,0.38557993730407525,0,,,False,False,ok,complete
513300704,38202,今治市,761,249.0,117.0,0.3272010512483574,0.15374507227332457,0,,,False,False,ok,complete
513300711,38202,今治市,615,190.0,91.0,0.3089430894308943,0.14796747967479676,0,,,False,False,ok,complete
513300713,38202,今治市,321,110.0,44.0,0.3426791277258567,0.13707165109034267,0,,,False,False,ok,complete
513300801,38202,今治市,1127,499.0,296.0,0.4427684117125111,0.2626441881100266,0,,,False,False,ok,complete
513300803,38202,今治市,435,207.0,110.0,0.47586206896551725,0.25287356321839083,0,,,False,False,ok,complete
513304044,38213,四国中央市,16,2.0,1.0,0.125,0.0625,0,,,False,False,ok,complete
513304051,38213,四国中央市,236,99.0,48.0,0.4194915254237288,0.2033898305084746,0,,,False,False,ok,complete
513304052,38213,四国中央市,169,35.0,15.0,0.20710059171597633,0.08875739644970414,0,,,False,False,ok,complete
513304053,38213,四国中央市,344,87.0,51.0,0.25290697674418605,0.14825581395348839,0,,,False,False,ok,complete
513304054,38213,四国中央市,602,177.0,103.0,0.29401993355481726,0.17109634551495018,0,,,False,False,ok,complete
513304061,38213,四国中央市,982,278.0,152.0,0.2830957230142566,0.15478615071283094,0,,,False,False,ok,complete
513304062,38213,四国中央市,645,273.0,140.0,0.4232558139534884,0.21705426356589147,0,,,False,False,ok,complete
513304063,38213,四国中央市,757,248.0,143.0,0.3276089828269485,0.18890356671070013,0,,,False,False,ok,complete
513304064,38213,四国中央市,713,251.0,105.0,0.3520336605890603,0.14726507713884993,0,,,False,False,ok,complete
513304071,38213,四国中央市,336,92.0,42.0,0.27380952380952384,0.125,0,,,False,False,ok,complete
513304072,38213,四国中央市,258,61.0,22.0,0.2364341085271318,0.08527131782945736,0,,,False,False,ok,complete
513304073,38213,四国中央市,803,223.0,107.0,0.2777085927770859,0.13325031133250312,0,,,False,False,ok,complete
513304074,38213,四国中央市,29,8.0,4.0,0.27586206896551724,0.13793103448275862,0,,,False,False,ok,complete
513304082,38213,四国中央市,72,15.0,6.0,0.20833333333333334,0.08333333333333333,1,,513304084,False,False,ok,complete
513304084,38213,四国中央市,4,,,,,2,513304082,,True,True,ok,partial
513304091,38213,四国中央市,9,,,,,2,513304093,,True,True,ok,partial
513304093,38213,四国中央市,27,16.0,2.0,0.5925925925925926,0.07407407407407407,1,,513304091,False,False,ok,complete
513304151,38213,四国中央市,516,191.0,94.0,0.3701550387596899,0.1821705426356589,0,,,False,False,ok,complete
513304153,38213,四国中央市,25,12.0,8.0,0.48,0.32,0,,,False,False,ok,complete
513304154,38213,四国中央市,1175,473.0,234.0,0.4025531914893617,0.19914893617021276,0,,,False,False,ok,complete
513304161,38213,四国中央市,840,246.0,123.0,0.29285714285714287,0.14642857142857144,0,,,False,False,ok,complete
513304162,38213,四国中央市,1316,360.0,147.0,0.2735562310030395,0.11170212765957446,0,,,False,False,ok,complete
513304163,38213,四国中央市,882,225.0,115.0,0.25510204081632654,0.13038548752834467,0,,,False,False,ok,complete
513304164,38213,四国中央市,343,77.0,30.0,0.22448979591836735,0.08746355685131195,0,,,False,False,ok,complete
513304171,38213,四国中央市,1078,243.0,113.0,0.22541743970315398,0.10482374768089053,0,,,False,False,ok,complete
513304172,38213,四国中央市,278,131.0,82.0,0.4712230215827338,0.2949640287769784,0,,,False,False,ok,complete
513304173,38213,四国中央市,182,70.0,31.0,0.38461538461538464,0.17032967032967034,0,,,False,False,ok,complete
513304174,38213,四国中央市,332,105.0,43.0,0.31626506024096385,0.12951807228915663,0,,,False,False,ok,complete
513304181,38213,四国中央市,41,16.0,10.0,0.3902439024390244,0.24390243902439024,1,,513304184,False,False,ok,complete
513304183,38213,四国中央市,42,20.0,12.0,0.47619047619047616,0.2857142857142857,0,,,False,False,ok,complete
513304184,38213,四国中央市,4,,,,,2,513304181,,True,True,ok,partial
513304191,38213,四国中央市,8,,,,,2,513304194,,True,True,ok,partial
513304192,38213,四国中央市,11,9.0,5.0,0.8181818181818182,0.45454545454545453,0,,,False,False,ok,complete
513304194,38213,四国中央市,10,4.0,2.0,0.4,0.2,1,,513304191,False,False,ok,complete
513304251,38213,四国中央市,157,21.0,7.0,0.1337579617834395,0.044585987261146494,0,,,False,False,ok,complete
513304261,38213,四国中央市,807,197.0,114.0,0.24411400247831475,0.1412639405204461,0,,,False,False,ok,complete
513304263,38213,四国中央市,77,22.0,10.0,0.2857142857142857,0.12987012987012986,0,,,False,False,ok,complete
513304264,38213,四国中央市,166,52.0,20.0,0.3132530120481928,0.12048192771084337,0,,,False,False,ok,complete
513304272,38213,四国中央市,207,34.0,7.0,0.1642512077294686,0.033816425120772944,1,,513304274,False,False,ok,complete
513304274,38213,四国中央市,4,,,,,2,513304272,,True,True,ok,partial
513304281,38213,四国中央市,170,40.0,10.0,0.23529411764705882,0.058823529411764705,0,,,False,False,ok,complete
513304282,38213,四国中央市,179,58.0,26.0,0.3240223463687151,0.1452513966480447,0,,,False,False,ok,complete
513304283,38213,四国中央市,43,15.0,5.0,0.3488372093023256,0.11627906976744186,0,,,False,False,ok,complete
513304284,38213,四国中央市,21,5.0,0.0,0.23809523809523808,0.0,0,,,False,False,ok,complete
513304291,38213,四国中央市,2,,,,,2,513304292,,True,True,ok,partial
513304292,38213,四国中央市,16,13.0,4.0,0.8125,0.25,1,,513304291;513304294;513304392,False,False,ok,complete
513304294,38213,四国中央市,5,,,,,2,513304292,,True,True,ok,partial
513304363,38213,四国中央市,1,,,,,2,513304364,,True,True,ok,partial
513304372,38213,四国中央市,13,6.0,3.0,0.46153846153846156,0.23076923076923078,1,,513304381,False,False,ok,complete
513304373,38213,四国中央市,63,25.0,14.0,0.3968253968253968,0.2222222222222222,0,,,False,False,ok,complete
513304381,38213,四国中央市,10,,,,,2,513304372,,True,True,ok,partial
513304392,38213,四国中央市,5,,,,,2,513304292,,True,True,ok,partial
513304474,38213,四国中央市,9,,,,,2,513304472,,True,True,ok,partial
513305001,38213,四国中央市,17,12.0,6.0,0.7058823529411765,0.35294117647058826,1,,513305002,False,False,ok,complete
513305002,38213,四国中央市,8,,,,,2,513305001,,True,True,ok,partial
513305003,38213,四国中央市,32,16.0,5.0,0.5,0.15625,1,,513305101,False,False,ok,complete
513305011,38213,四国中央市,29,13.0,6.0,0.4482758620689655,0.20689655172413793,0,,,False,False,ok,complete
513305012,38213,四国中央市,23,19.0,6.0,0.8260869565217391,0.2608695652173913,1,,513305014,False,False,ok,complete
513305014,38213,四国中央市,6,,,,,2,513305012,,True,True,ok,partial
513305023,38213,四国中央市,10,2.0,1.0,0.2,0.1,0,,,False,False,ok,complete
513305024,38213,四国中央市,47,27.0,14.0,0.574468085106383,0.2978723404255319,1,,513305032;513305041;513305122;513305131;513305222,False,False,ok,complete
513305032,38213,四国中央市,1,,,,,2,513305024,,True,True,ok,partial
513305041,38213,四国中央市,1,,,,,2,513305024,,True,True,ok,partial
513305101,38213,四国中央市,2,,,,,2,513305003,,True,True,ok,partial
513305113,38213,四国中央市,1,,,,,2,513305202,,True,True,ok,partial
513305122,38213,四国中央市,4,,,,,2,513305024,,True,True,ok,partial
513305131,38213,四国中央市,1,,,,,2,513305024,,True,True,ok,partial
513305202,38213,四国中央市,24,18.0,13.0,0.75,0.5416666666666666,1,,513305113;513305204,False,False,ok,complete
513305204,38213,四国中央市,8,,,,,2,513305202,,True,True,ok,partial
513305211,38213,四国中央市,2,,,,,2,513305213,,True,True,ok,partial
513305213,38213,四国中央市,9,6.0,2.0,0.6666666666666666,0.2222222222222222,1,,513305211;513305302,False,False,ok,complete
513305222,38213,四国中央市,1,,,,,2,513305024,,True,True,ok,partial
513305233,38213,四国中央市,1,,,,,2,513305341,,True,True,ok,partial
513305302,38213,四国中央市,1,,,,,2,513305213,,True,True,ok,partial
513310313,38202,今治市,11,6.0,3.0,0.5454545454545454,0.2727272727272727,0,,,False,False,ok,complete
513310321,38202,今治市,48,28.0,14.0,0.5833333333333334,0.2916666666666667,0,,,False,False,ok,complete
513310322,38202,今治市,16,11.0,7.0,0.6875,0.4375,0,,,False,False,ok,complete
513310414,38202,今治市,19,12.0,8.0,0.631578947368421,0.42105263157894735,0,,,False,False,ok,complete
513310421,38202,今治市,1,,,,,2,513310412,,True,True,ok,partial
513310434,38202,今治市,1,,,,,2,513310531,,True,True,ok,partial
513310511,38202,今治市,3,,,,,2,513310513,,True,True,ok,partial
513310514,38202,今治市,23,4.0,2.0,0.17391304347826086,0.08695652173913043,0,,,False,False,ok,complete
513310521,38202,今治市,1,,,,,2,513310524,,True,True,ok,partial
513310523,38202,今治市,7,,,,,2,513310524,,True,True,ok,partial
513310524,38202,今治市,74,31.0,15.0,0.4189189189189189,0.20270270270270271,1,,513310521;513310523,False,False,ok,complete
513310531,38202,今治市,23,19.0,12.0,0.8260869565217391,0.5217391304347826,1,,513310433;513310434,False,False,ok,complete
513310533,38202,今治市,80,31.0,16.0,0.3875,0.2,0,,,False,False,ok,complete
513310613,38202,今治市,5,,,,,2,513310614,,True,True,ok,partial
513310614,38202,今治市,135,76.0,41.0,0.562962962962963,0.3037037037037037,1,,513310613,False,False,ok,complete
513310621,38202,今治市,4,,,,,2,513310622,,True,True,ok,partial
513310622,38202,今治市,66,31.0,15.0,0.4696969696969697,0.22727272727272727,1,,513310621,False,False,ok,complete
513310624,38202,今治市,52,27.0,17.0,0.5192307692307693,0.3269230769230769,0,,,False,False,ok,complete
513310631,38202,今治市,20,8.0,6.0,0.4,0.3,0,,,False,False,ok,complete
513310632,38202,今治市,108,56.0,32.0,0.5185185185185185,0.2962962962962963,0,,,False,False,ok,complete
513310633,38202,今治市,64,38.0,17.0,0.59375,0.265625,0,,,False,False,ok,complete
513310642,38202,今治市,59,21.0,11.0,0.3559322033898305,0.1864406779661017,0,,,False,False,ok,complete
513310721,38202,今治市,3,,,,,2,513310724,,True,True,ok,partial
513310722,38202,今治市,82,41.0,25.0,0.5,0.3048780487804878,0,,,False,False,ok,complete
513310723,38202,今治市,19,5.0,1.0,0.2631578947368421,0.05263157894736842,0,,,False,False,ok,complete
513310724,38202,今治市,115,67.0,38.0,0.5826086956521739,0.33043478260869563,1,,513310721,False,False,ok,complete
513310731,38202,今治市,143,65.0,31.0,0.45454545454545453,0.21678321678321677,0,,,False,False,ok,complete
513310732,38202,今治市,31,17.0,15.0,0.5483870967741935,0.4838709677419355,0,,,False,False,ok,complete
513310733,38202,今治市,330,128.0,63.0,0.3878787878787879,0.19090909090909092,0,,,False,False,ok,complete
513310734,38202,今治市,186,74.0,41.0,0.3978494623655914,0.22043010752688172,0,,,False,False,ok,complete
513310741,38202,今治市,15,12.0,5.0,0.8,0.3333333333333333,0,,,False,False,ok,complete
513310742,38202,今治市,1,,,,,2,513310744,,True,True,ok,partial
513310743,38202,今治市,65,38.0,19.0,0.5846153846153846,0.2923076923076923,0,,,False,False,ok,complete
513310744,38202,今治市,134,74.0,40.0,0.5522388059701493,0.29850746268656714,1,,513310742;513310851,False,False,ok,complete
513310801,38202,今治市,3,,,,,2,513310714,,True,True,ok,partial
513310821,38202,今治市,62,35.0,19.0,0.5645161290322581,0.3064516129032258,0,,,False,False,ok,complete
513310832,38202,今治市,126,47.0,24.0,0.373015873015873,0.19047619047619047,0,,,False,False,ok,complete
513310833,38202,今治市,36,24.0,15.0,0.6666666666666666,0.4166666666666667,1,,513310931,False,False,ok,complete
513310834,38202,今治市,119,51.0,27.0,0.42857142857142855,0.226890756302521,1,,513310953,False,False,ok,complete
513310841,38202,今治市,77,67.0,57.0,0.8701298701298701,0.7402597402597403,0,,,False,False,ok,complete
513310842,38202,今治市,50,29.0,13.0,0.58,0.26,0,,,False,False,ok,complete
513310851,38202,今治市,3,,,,,2,513310744,,True,True,ok,partial
513310861,38202,今治市,28,15.0,10.0,0.5357142857142857,0.35714285714285715,0,,,False,False,ok,complete
513310862,38202,今治市,21,15.0,8.0,0.7142857142857143,0.38095238095238093,1,,513310863,False,False,ok,complete
513310864,38202,今治市,31,17.0,10.0,0.5483870967741935,0.3225806451612903,1,,513310873,False,False,ok,complete
513310931,38202,今治市,7,,,,,2,513310833,,True,True,ok,partial
513310953,38202,今治市,6,,,,,2,513310834,,True,True,ok,partial
513310962,38202,今治市,28,18.0,6.0,0.6428571428571429,0.21428571428571427,0,,,False,False,ok,complete
513310971,38202,今治市,13,2.0,1.0,0.15384615384615385,0.07692307692307693,0,,,False,False,ok,complete
513310972,38202,今治市,28,19.0,11.0,0.6785714285714286,0.39285714285714285,1,,513310981,False,False,ok,complete
513320022,38202,今治市,39,32.0,16.0,0.8205128205128205,0.41025641025641024,0,,,False,False,ok,complete
513320024,38202,今治市,88,44.0,23.0,0.5,0.26136363636363635,0,,,False,False,ok,complete
513320031,38202,今治市,6,,,,,2,513320033,,True,True,ok,partial
513320033,38202,今治市,3,,,,,1,,513320031,True,True,inconsistent_with_total,partial
513320042,38202,今治市,14,9.0,5.0,0.6428571428571429,0.35714285714285715,0,,,False,False,ok,complete
513320051,38202,今治市,59,21.0,13.0,0.3559322033898305,0.22033898305084745,0,,,False,False,ok,complete
513320052,38202,今治市,118,52.0,29.0,0.4406779661016949,0.2457627118644068,0,,,False,False,ok,complete
513320053,38202,今治市,10,6.0,5.0,0.6,0.5,0,,,False,False,ok,complete
513320054,38202,今治市,269,105.0,64.0,0.3903345724907063,0.2379182156133829,0,,,False,False,ok,complete
513320061,38202,今治市,299,123.0,56.0,0.411371237458194,0.18729096989966554,0,,,False,False,ok,complete
513320062,38202,今治市,96,20.0,13.0,0.20833333333333334,0.13541666666666666,0,,,False,False,ok,complete
513320063,38202,今治市,557,218.0,119.0,0.39138240574506283,0.21364452423698385,0,,,False,False,ok,complete
513320073,38202,今治市,38,25.0,17.0,0.6578947368421053,0.4473684210526316,0,,,False,False,ok,complete
513320074,38202,今治市,26,9.0,8.0,0.34615384615384615,0.3076923076923077,0,,,False,False,ok,complete
513320121,38202,今治市,3,,,,,2,513320122,,True,True,ok,partial
513320122,38202,今治市,18,13.0,8.0,0.7222222222222222,0.4444444444444444,1,,513320121,False,False,ok,complete
513320123,38202,今治市,25,15.0,11.0,0.6,0.44,0,,,False,False,ok,complete
513320151,38202,今治市,3,,,,,2,513320152,,True,True,ok,partial
513320152,38202,今治市,104,49.0,28.0,0.47115384615384615,0.2692307692307692,1,,513320151,False,False,ok,complete
513320221,38202,今治市,20,15.0,10.0,0.75,0.5,0,,,False,False,ok,complete
513320223,38202,今治市,15,9.0,7.0,0.6,0.4666666666666667,0,,,False,False,ok,complete
513320233,38202,今治市,22,16.0,10.0,0.7272727272727273,0.45454545454545453,0,,,False,False,ok,complete
513320242,38202,今治市,9,8.0,2.0,0.8888888888888888,0.2222222222222222,0,,,False,False,ok,complete
513320244,38202,今治市,121,56.0,32.0,0.4628099173553719,0.2644628099173554,0,,,False,False,ok,complete
513320251,38202,今治市,10,1.0,1.0,0.1,0.1,0,,,False,False,ok,complete
513320253,38202,今治市,59,27.0,13.0,0.4576271186440678,0.22033898305084745,0,,,False,False,ok,complete
513320331,38202,今治市,45,32.0,16.0,0.7111111111111111,0.35555555555555557,1,,513320322;513320332,False,False,ok,complete
513320364,38202,今治市,11,,,,,2,513320363,,True,True,ok,partial
513320383,38202,今治市,61,20.0,13.0,0.32786885245901637,0.21311475409836064,0,,,False,False,ok,complete
513320384,38202,今治市,12,3.0,2.0,0.25,0.16666666666666666,0,,,False,False,ok,complete
513320461,38202,今治市,42,21.0,14.0,0.5,0.3333333333333333,0,,,False,False,ok,complete
513320463,38202,今治市,42,22.0,9.0,0.5238095238095238,0.21428571428571427,0,,,False,False,ok,complete
513320471,38202,今治市,195,98.0,54.0,0.5025641025641026,0.27692307692307694,0,,,False,False,ok,complete
513320472,38202,今治市,5,,,,,2,513320474,,True,True,ok,partial
513320474,38202,今治市,369,156.0,88.0,0.42276422764227645,0.23848238482384823,1,,513320472,False,False,ok,complete
513320481,38202,今治市,356,89.0,46.0,0.25,0.12921348314606743,0,,,False,False,ok,complete
513320482,38202,今治市,272,116.0,52.0,0.4264705882352941,0.19117647058823528,0,,,False,False,ok,complete
513320483,38202,今治市,39,5.0,1.0,0.1282051282051282,0.02564102564102564,0,,,False,False,ok,complete
513320484,38202,今治市,183,58.0,35.0,0.31693989071038253,0.1912568306010929,0,,,False,False,ok,complete
513320491,38202,今治市,182,77.0,40.0,0.4230769230769231,0.21978021978021978,0,,,False,False,ok,complete
513320492,38202,今治市,14,0.0,0.0,0.0,0.0,0,,,False,False,ok,complete
513320493,38202,今治市,466,220.0,142.0,0.4721030042918455,0.30472103004291845,0,,,False,False,ok,complete
513320512,38202,今治市,7,,,,,2,513320531,,True,True,ok,partial
513320543,38202,今治市,5,,,,,2,513320534,,True,True,ok,partial
513320551,38202,今治市,13,7.0,3.0,0.5384615384615384,0.23076923076923078,0,,,False,False,ok,complete
513320552,38202,今治市,148,71.0,33.0,0.4797297297297297,0.22297297297297297,0,,,False,False,ok,complete
513320553,38202,今治市,98,48.0,25.0,0.4897959183673469,0.25510204081632654,0,,,False,False,ok,complete
513320554,38202,今治市,128,31.0,13.0,0.2421875,0.1015625,0,,,False,False,ok,complete
513320561,38202,今治市,78,39.0,24.0,0.5,0.3076923076923077,0,,,False,False,ok,complete
513320571,38202,今治市,32,8.0,2.0,0.25,0.0625,0,,,False,False,ok,complete
513320572,38202,今治市,20,16.0,6.0,0.8,0.3,1,,513320574,False,False,ok,complete
513320574,38202,今治市,1,,,,,2,513320572,,True,True,ok,partial
513320582,38202,今治市,40,20.0,13.0,0.5,0.325,0,,,False,False,ok,complete
513320583,38202,今治市,26,13.0,6.0,0.5,0.23076923076923078,0,,,False,False,ok,complete
513320584,38202,今治市,150,41.0,16.0,0.2733333333333333,0.10666666666666667,0,,,False,False,ok,complete
513320591,38202,今治市,211,121.0,84.0,0.5734597156398105,0.3981042654028436,0,,,False,False,ok,complete
513320592,38202,今治市,177,72.0,32.0,0.4067796610169492,0.1807909604519774,0,,,False,False,ok,complete
513320593,38202,今治市,289,62.0,34.0,0.21453287197231835,0.11764705882352941,0,,,False,False,ok,complete
513320594,38202,今治市,145,39.0,22.0,0.2689655172413793,0.15172413793103448,1,,513320692,False,False,ok,complete
513320632,38202,今治市,1,,,,,2,513320634,,True,True,ok,partial
513320634,38202,今治市,44,32.0,16.0,0.7272727272727273,0.36363636363636365,1,,513320632,False,False,ok,complete
513320652,38202,今治市,8,3.0,3.0,0.375,0.375,0,,,False,False,ok,complete
513320653,38202,今治市,37,24.0,8.0,0.6486486486486487,0.21621621621621623,0,,,False,False,ok,complete
513320654,38202,今治市,18,9.0,4.0,0.5,0.2222222222222222,1,,513320663,False,False,ok,complete
513320663,38202,今治市,5,,,,,2,513320654,,True,True,ok,partial
513320673,38202,今治市,41,19.0,13.0,0.4634146341463415,0.3170731707317073,0,,,False,False,ok,complete
513320674,38202,今治市,95,49.0,26.0,0.5157894736842106,0.2736842105263158,0,,,False,False,ok,complete
513320681,38202,今治市,29,14.0,7.0,0.4827586206896552,0.2413793103448276,0,,,False,False,ok,complete
513320682,38202,今治市,28,15.0,7.0,0.5357142857142857,0.25,0,,,False,False,ok,complete
513320683,38202,今治市,21,11.0,8.0,0.5238095238095238,0.38095238095238093,0,,,False,False,ok,complete
513320711,38202,今治市,6,,,,,2,513320712,,True,True,ok,partial
513320712,38202,今治市,10,,,,,1,,513320711;513320714,True,True,inconsistent_with_total,partial
513320714,38202,今治市,4,,,,,2,513320712,,True,True,ok,partial
513320732,38202,今治市,124,66.0,43.0,0.532258064516129,0.3467741935483871,0,,,False,False,ok,complete
513320734,38202,今治市,25,9.0,7.0,0.36,0.28,0,,,False,False,ok,complete
513320743,38202,今治市,44,28.0,11.0,0.6363636363636364,0.25,0,,,False,False,ok,complete
513320752,38202,今治市,139,76.0,47.0,0.5467625899280576,0.3381294964028777,0,,,False,False,ok,complete
513320754,38202,今治市,85,35.0,21.0,0.4117647058823529,0.24705882352941178,0,,,False,False,ok,complete
513320761,38202,今治市,92,55.0,38.0,0.5978260869565217,0.41304347826086957,0,,,False,False,ok,complete
513320763,38202,今治市,63,28.0,20.0,0.4444444444444444,0.31746031746031744,0,,,False,False,ok,complete
513320764,38202,今治市,15,11.0,6.0,0.7333333333333333,0.4,0,,,False,False,ok,complete
513320771,38202,今治市,67,29.0,16.0,0.43283582089552236,0.23880597014925373,0,,,False,False,ok,complete
513320772,38202,今治市,262,110.0,59.0,0.4198473282442748,0.22519083969465647,0,,,False,False,ok,complete
513320773,38202,今治市,38,29.0,13.0,0.7631578947368421,0.34210526315789475,0,,,False,False,ok,complete
513320774,38202,今治市,231,134.0,68.0,0.5800865800865801,0.2943722943722944,0,,,False,False,ok,complete
513320781,38202,今治市,2,,,,,2,513320783,,True,True,ok,partial
513320782,38202,今治市,4,,,,,2,513320783,,True,True,ok,partial
513320783,38202,今治市,149,68.0,31.0,0.4563758389261745,0.2080536912751678,1,,513320781;513320782;513320784,False,False,ok,complete
513320801,38202,今治市,56,28.0,13.0,0.5,0.23214285714285715,1,,513320802,False,False,ok,complete
513320802,38202,今治市,8,,,,,2,513320801,,True,True,ok,partial
513320803,38202,今治市,58,29.0,15.0,0.5,0.25862068965517243,0,,,False,False,ok,complete
513320832,38202,今治市,14,0.0,0.0,0.0,0.0,0,,,False,False,ok,complete
513320833,38202,今治市,47,27.0,15.0,0.574468085106383,0.3191489361702128,0,,,False,False,ok,complete
513320834,38202,今治市,32,25.0,13.0,0.78125,0.40625,0,,,False,False,ok,complete
513320841,38202,今治市,96,29.0,13.0,0.3020833333333333,0.13541666666666666,0,,,False,False,ok,complete
513320881,38202,今治市,12,6.0,2.0,0.5,0.16666666666666666,0,,,False,False,ok,complete
513320901,38202,今治市,39,23.0,11.0,0.5897435897435898,0.28205128205128205,0,,,False,False,ok,complete
513320903,38202,今治市,220,92.0,49.0,0.41818181818181815,0.22272727272727272,0,,,False,False,ok,complete
513320904,38202,今治市,67,20.0,11.0,0.29850746268656714,0.16417910447761194,0,,,False,False,ok,complete
513320932,38202,今治市,20,13.0,7.0,0.65,0.35,0,,,False,False,ok,complete
513320934,38202,今治市,16,14.0,10.0,0.875,0.625,0,,,False,False,ok,complete
513320941,38202,今治市,53,35.0,19.0,0.660377358490566,0.3584905660377358,0,,,False,False,ok,complete
513321502,38202,今治市,2,,,,,2,513321504,,True,True,ok,partial
513321504,38202,今治市,11,,,,,1,,513321501;513321502;513321602;513321623,True,True,inconsistent_with_total,partial
513321904,38356,上島町,94,40.0,26.0,0.425531914893617,0.2765957446808511,0,,,False,False,ok,complete
513321912,38356,上島町,108,50.0,30.0,0.46296296296296297,0.2777777777777778,0,,,False,False,ok,complete
513321914,38356,上島町,435,206.0,106.0,0.4735632183908046,0.24367816091954023,0,,,False,False,ok,complete
513321923,38356,上島町,185,101.0,50.0,0.5459459459459459,0.2702702702702703,1,,513321921,False,False,ok,complete
513321951,38356,上島町,5,,,,,2,513321953,,True,True,ok,partial
513321961,38356,上島町,12,12.0,4.0,1.0,0.3333333333333333,1,,513321863,False,False,ok,complete
513321963,38356,上島町,27,15.0,10.0,0.5555555555555556,0.37037037037037035,0,,,False,False,ok,complete
513321964,38356,上島町,444,11.0,8.0,0.024774774774774775,0.018018018018018018,1,,513321973,False,False,ok,complete
513322153,38356,上島町,5,,,,,2,513322154,,True,True,ok,partial
513322214,38356,上島町,1,,,,,2,513322154,,True,True,ok,partial
513330001,38202,今治市,24,10.0,5.0,0.4166666666666667,0.20833333333333334,0,,,False,False,ok,complete
513330002,38202,今治市,61,37.0,20.0,0.6065573770491803,0.32786885245901637,1,,513330011,False,False,ok,complete
513330003,38202,今治市,43,24.0,10.0,0.5581395348837209,0.23255813953488372,0,,,False,False,ok,complete
513330011,38202,今治市,2,,,,,2,513330002,,True,True,ok,partial
513330024,38202,今治市,2,,,,,2,513330122,,True,True,ok,partial
513330034,38202,今治市,70,45.0,30.0,0.6428571428571429,0.42857142857142855,1,,513330043,False,False,ok,complete
513330121,38202,今治市,6,,,,,2,513330122,,True,True,ok,partial
513330122,38202,今治市,148,87.0,47.0,0.5878378378378378,0.31756756756756754,1,,513330024;513330121,False,False,ok,complete
513330123,38202,今治市,31,14.0,9.0,0.45161290322580644,0.2903225806451613,0,,,False,False,ok,complete
513330124,38202,今治市,125,71.0,41.0,0.568,0.328,0,,,False,False,ok,complete
513330131,38202,今治市,52,23.0,12.0,0.4423076923076923,0.23076923076923078,0,,,False,False,ok,complete
513330132,38202,今治市,62,23.0,9.0,0.3709677419354839,0.14516129032258066,0,,,False,False,ok,complete
513330133,38202,今治市,189,73.0,31.0,0.3862433862433862,0.164021164021164,0,,,False,False,ok,complete
513330203,38202,今治市,11,9.0,5.0,0.8181818181818182,0.45454545454545453,1,,513330301,False,False,ok,complete
513330221,38202,今治市,164,87.0,53.0,0.5304878048780488,0.3231707317073171,0,,,False,False,ok,complete
513330222,38202,今治市,148,101.0,74.0,0.6824324324324325,0.5,0,,,False,False,ok,complete
513330223,38202,今治市,54,32.0,9.0,0.5925925925925926,0.16666666666666666,0,,,False,False,ok,complete
513330224,38202,今治市,14,11.0,8.0,0.7857142857142857,0.5714285714285714,1,,513330322,False,False,ok,complete
513330231,38202,今治市,53,26.0,18.0,0.49056603773584906,0.33962264150943394,0,,,False,False,ok,complete
513330301,38202,今治市,6,,,,,2,513330203,,True,True,ok,partial
513330322,38202,今治市,2,,,,,2,513330224,,True,True,ok,partial
513330414,38202,今治市,186,112.0,59.0,0.6021505376344086,0.3172043010752688,1,,513330504,False,False,ok,complete
513330423,38202,今治市,104,55.0,23.0,0.5288461538461539,0.22115384615384615,0,,,False,False,ok,complete
513330512,38202,今治市,75,46.0,23.0,0.6133333333333333,0.30666666666666664,1,,513330513,False,False,ok,complete
513330513,38202,今治市,3,,,,,2,513330512,,True,True,ok,partial
513331004,38356,上島町,4,,,,,2,513331002,,True,True,ok,partial
513331012,38356,上島町,23,8.0,4.0,0.34782608695652173,0.17391304347826086,0,,,False,False,ok,complete
513331021,38356,上島町,36,15.0,9.0,0.4166666666666667,0.25,1,,513331022;513331024,False,False,ok,complete
513331022,38356,上島町,12,,,,,2,513331021,,True,True,ok,partial
513331024,38356,上島町,8,,,,,2,513331021,,True,True,ok,partial
513331042,38356,上島町,110,66.0,34.0,0.6,0.3090909090909091,0,,,False,False,ok,complete
513331051,38356,上島町,206,125.0,70.0,0.6067961165048543,0.33980582524271846,0,,,False,False,ok,complete
513331052,38356,上島町,10,,,,,2,513331054,,True,True,ok,partial
513331053,38356,上島町,47,33.0,16.0,0.7021276595744681,0.3404255319148936,0,,,False,False,ok,complete
513331061,38356,上島町,136,53.0,28.0,0.3897058823529412,0.20588235294117646,0,,,False,False,ok,complete
513331062,38356,上島町,19,9.0,5.0,0.47368421052631576,0.2631578947368421,0,,,False,False,ok,complete
513331063,38356,上島町,267,120.0,74.0,0.449438202247191,0.27715355805243447,0,,,False,False,ok,complete
513331104,38356,上島町,30,12.0,11.0,0.4,0.36666666666666664,0,,,False,False,ok,complete
513331113,38356,上島町,7,,,,,2,513331211,,True,True,ok,partial
513331122,38356,上島町,46,18.0,13.0,0.391304347826087,0.2826086956521739,0,,,False,False,ok,complete
513331124,38356,上島町,60,31.0,15.0,0.5166666666666667,0.25,0,,,False,False,ok,complete
513331131,38356,上島町,15,0.0,0.0,0.0,0.0,0,,,False,False,ok,complete
513331134,38356,上島町,17,12.0,4.0,0.7058823529411765,0.23529411764705882,0,,,False,False,ok,complete
513331141,38356,上島町,5,,,,,2,513331142,,True,True,ok,partial
513331142,38356,上島町,48,32.0,17.0,0.6666666666666666,0.3541666666666667,1,,513331141,False,False,ok,complete
513331143,38356,上島町,27,15.0,8.0,0.5555555555555556,0.2962962962962963,0,,,False,False,ok,complete
513331144,38356,上島町,99,53.0,31.0,0.5353535353535354,0.31313131313131315,0,,,False,False,ok,complete
513331161,38356,上島町,291,169.0,102.0,0.5807560137457045,0.35051546391752575,1,,513331152;513331154,False,False,ok,complete
513331162,38356,上島町,41,22.0,11.0,0.5365853658536586,0.2682926829268293,0,,,False,False,ok,complete
513331163,38356,上島町,85,47.0,15.0,0.5529411764705883,0.17647058823529413,0,,,False,False,ok,complete
513331211,38356,上島町,8,5.0,5.0,0.625,0.625,1,,513331113,False,False,ok,complete
513331212,38356,上島町,94,37.0,15.0,0.39361702127659576,0.1595744680851064,0,,,False,False,ok,complete
513331213,38356,上島町,20,8.0,2.0,0.4,0.1,0,,,False,False,ok,complete
513331214,38356,上島町,114,38.0,20.0,0.3333333333333333,0.17543859649122806,0,,,False,False,ok,complete
513331221,38356,上島町,85,36.0,9.0,0.4235294117647059,0.10588235294117647,1,,513331223,False,False,ok,complete
513331222,38356,上島町,65,0.0,0.0,0.0,0.0,0,,,False,False,ok,complete
513331223,38356,上島町,56,,,,,2,513331221,,True,True,ok,partial
513331234,38356,上島町,233,134.0,63.0,0.575107296137339,0.2703862660944206,1,,513331233,False,False,ok,complete
513331241,38356,上島町,42,25.0,12.0,0.5952380952380952,0.2857142857142857,0,,,False,False,ok,complete
513331242,38356,上島町,259,162.0,113.0,0.6254826254826255,0.4362934362934363,0,,,False,False,ok,complete
513331243,38356,上島町,300,157.0,70.0,0.5233333333333333,0.23333333333333334,0,,,False,False,ok,complete
513331261,38356,上島町,194,91.0,52.0,0.4690721649484536,0.26804123711340205,0,,,False,False,ok,complete
513331263,38356,上島町,23,16.0,7.0,0.6956521739130435,0.30434782608695654,0,,,False,False,ok,complete
513331264,38356,上島町,236,79.0,31.0,0.3347457627118644,0.13135593220338984,0,,,False,False,ok,complete
513331272,38356,上島町,18,7.0,3.0,0.3888888888888889,0.16666666666666666,1,,513331382,False,False,ok,complete
513331273,38356,上島町,36,10.0,8.0,0.2777777777777778,0.2222222222222222,0,,,False,False,ok,complete
513331313,38356,上島町,2,,,,,2,513331314,,True,True,ok,partial
513331332,38356,上島町,84,47.0,23.0,0.5595238095238095,0.27380952380952384,0,,,False,False,ok,complete
513331341,38356,上島町,179,109.0,62.0,0.6089385474860335,0.3463687150837989,0,,,False,False,ok,complete
513331373,38356,上島町,18,10.0,4.0,0.5555555555555556,0.2222222222222222,0,,,False,False,ok,complete
513331382,38356,上島町,15,,,,,2,513331272,,True,True,ok,partial
513331434,38356,上島町,7,,,,,2,513331443,,True,True,ok,partial
513331481,38356,上島町,20,17.0,6.0,0.85,0.3,0,,,False,False,ok,complete
