mesh_id,tsunami_inundation_ratio,tsunami_max_depth_class,tsunami_exposure_score,tsunami_sample_count,tsunami_inundated_sample_count
493223994,0.1834319526627219,6.0,18.34319526627219,169,31
493224903,0.0,,0.0,169,0
493224904,0.09467455621301775,6.0,9.467455621301776,169,16
493224911,0.04142011834319527,6.0,4.142011834319527,169,7
493224912,0.0,,0.0,169,0
493233092,0.0,,0.0,169,0
493233094,0.17159763313609466,6.0,17.159763313609467,169,29
493233281,0.04142011834319527,6.0,4.142011834319527,169,7
493233283,0.0,,0.0,169,0
493233284,0.07692307692307693,6.0,7.6923076923076925,169,13
493233293,0.0,,0.0,169,0
493233593,0.005917159763313609,5.0,0.591715976331361,169,1
493233691,0.011834319526627219,5.0,1.183431952662722,169,2
493233692,0.0,,0.0,169,0
493233693,0.1893491124260355,6.0,18.93491124260355,169,32
493233694,0.1242603550295858,6.0,12.42603550295858,169,21
493233792,0.11834319526627218,6.0,11.834319526627219,169,20
493234083,0.0,,0.0,169,0
493234094,0.023668639053254437,6.0,2.366863905325444,169,4
493234101,0.04142011834319527,6.0,4.142011834319527,169,7
493234102,0.0,,0.0,169,0
493234203,0.0,,0.0,169,0
493234204,0.14201183431952663,7.0,14.201183431952662,169,24
493234213,0.07692307692307693,6.0,7.6923076923076925,169,13
493234234,0.11242603550295859,7.0,11.242603550295858,169,19
493234241,0.0650887573964497,7.0,6.508875739644971,169,11
493234242,0.1834319526627219,7.0,18.34319526627219,169,31
493234243,0.08875739644970414,7.0,8.875739644970414,169,15
493234271,0.005917159763313609,5.0,0.591715976331361,169,1
493234274,0.17159763313609466,6.0,17.159763313609467,169,29
493234294,0.0,,0.0,169,0
493234301,0.10650887573964497,7.0,10.650887573964498,169,18
493234332,0.1301775147928994,6.0,13.017751479289942,169,22
493234333,0.23668639053254437,7.0,23.668639053254438,169,40
493234334,0.1301775147928994,7.0,13.017751479289942,169,22
493234342,0.14792899408284024,7.0,14.792899408284024,169,25
493234344,0.15976331360946747,7.0,15.976331360946746,169,27
493234354,0.14792899408284024,7.0,14.792899408284024,169,25
493234361,0.14792899408284024,6.0,14.792899408284024,169,25
493234362,0.029585798816568046,6.0,2.9585798816568047,169,5
493234363,0.08875739644970414,6.0,8.875739644970414,169,15
493234364,0.0,,0.0,169,0
493234372,0.15384615384615385,6.0,15.384615384615385,169,26
493234374,0.07692307692307693,6.0,7.6923076923076925,169,13
493234381,0.3136094674556213,6.0,31.360946745562128,169,53
493234382,0.22485207100591717,6.0,22.485207100591715,169,38
493234383,0.05325443786982249,6.0,5.325443786982249,169,9
493234384,0.2603550295857988,7.0,26.035502958579883,169,44
493234402,0.05325443786982249,5.0,5.325443786982249,169,9
493234411,0.04142011834319527,6.0,4.142011834319527,169,7
493234412,0.0,,0.0,169,0
493234413,0.03550295857988166,5.0,3.5502958579881656,169,6
493234423,0.0,,0.0,169,0
493234431,0.0,,0.0,169,0
493234432,0.46745562130177515,6.0,46.74556213017752,169,79
493234433,0.0,,0.0,169,0
493234434,0.22485207100591717,6.0,22.485207100591715,169,38
493234441,0.011834319526627219,4.0,1.183431952662722,169,2
493234442,0.3668639053254438,6.0,36.68639053254438,169,62
493234443,0.0,,0.0,169,0
493234444,0.3431952662721893,6.0,34.319526627218934,169,58
493234451,0.0,,0.0,169,0
493234452,0.38461538461538464,6.0,38.46153846153847,169,65
493234453,0.047337278106508875,5.0,4.733727810650888,169,8
493234454,0.27218934911242604,5.0,27.218934911242602,169,46
493234462,0.0,,0.0,169,0
493234463,0.0,,0.0,169,0
493234464,0.0,,0.0,169,0
493234471,0.0,,0.0,169,0
493234473,0.0,,0.0,169,0
493234481,0.0,,0.0,169,0
493234482,0.0,,0.0,169,0
493234484,0.08284023668639054,6.0,8.284023668639055,169,14
493234491,0.14792899408284024,6.0,14.792899408284024,169,25
493234492,0.23668639053254437,6.0,23.668639053254438,169,40
493234493,0.0,,0.0,169,0
493234501,0.10059171597633136,6.0,10.059171597633137,169,17
493234503,0.0,,0.0,169,0
493234504,0.01775147928994083,6.0,1.7751479289940828,169,3
493234511,0.21893491124260356,6.0,21.893491124260358,169,37
493234512,0.047337278106508875,6.0,4.733727810650888,169,8
493234513,0.16568047337278108,6.0,16.56804733727811,169,28
493234514,0.11242603550295859,6.0,11.242603550295858,169,19
493234531,0.09467455621301775,6.0,9.467455621301776,169,16
493234542,0.7396449704142012,6.0,73.96449704142012,169,125
493234543,0.8461538461538461,6.0,84.61538461538461,169,143
493234544,0.7928994082840237,6.0,79.28994082840237,169,134
493234551,0.8402366863905325,6.0,84.02366863905326,169,142
493234552,0.4970414201183432,5.0,49.70414201183432,169,84
493234553,0.7692307692307693,5.0,76.92307692307693,169,130
493234554,0.2603550295857988,5.0,26.035502958579883,169,44
493234561,0.21893491124260356,4.0,21.893491124260358,169,37
493234562,0.0,,0.0,169,0
493234563,0.0,,0.0,169,0
493234564,0.0,,0.0,169,0
493234571,0.0,,0.0,169,0
493234573,0.0,,0.0,169,0
493234574,0.0,,0.0,169,0
493234581,0.0,,0.0,169,0
493234582,0.0,,0.0,169,0
493234583,0.0,,0.0,169,0
493234584,0.0,,0.0,169,0
493234591,0.005917159763313609,2.0,0.591715976331361,169,1
493234593,0.0,,0.0,169,0
493234594,0.0,,0.0,169,0
493234622,0.16568047337278108,6.0,16.56804733727811,169,28
493234624,0.28402366863905326,6.0,28.402366863905325,169,48
493234632,0.23076923076923078,6.0,23.076923076923077,169,39
493234633,0.5976331360946746,6.0,59.76331360946746,169,101
493234634,0.26627218934911245,6.0,26.627218934911244,169,45
493234641,0.1242603550295858,6.0,12.42603550295858,169,21
493234642,0.0,,0.0,169,0
493234651,0.011834319526627219,4.0,1.183431952662722,169,2
493234652,0.0,,0.0,169,0
493234653,0.0,,0.0,169,0
493234654,0.0,,0.0,169,0
493234661,0.0,,0.0,169,0
493234662,0.0,,0.0,169,0
493234663,0.0,,0.0,169,0
493234664,0.0,,0.0,169,0
493234671,0.0,,0.0,169,0
493234672,0.0,,0.0,169,0
493234673,0.0,,0.0,169,0
493234674,0.0,,0.0,169,0
493234682,0.0,,0.0,169,0
493234683,0.0,,0.0,169,0
493234684,0.0,,0.0,169,0
493234691,0.0,,0.0,169,0
493234692,0.0,,0.0,169,0
493234694,0.0,,0.0,169,0
493234711,0.1952662721893491,6.0,19.526627218934912,169,33
493234712,0.0,,0.0,169,0
493234713,0.1834319526627219,6.0,18.34319526627219,169,31
493234714,0.21301775147928995,6.0,21.301775147928996,169,36
493234721,0.25443786982248523,6.0,25.443786982248522,169,43
493234722,0.09467455621301775,6.0,9.467455621301776,169,16
493234723,0.30177514792899407,6.0,30.17751479289941,169,51
493234732,0.0,,0.0,169,0
493234734,0.0,,0.0,169,0
493234751,0.0,,0.0,169,0
493234752,0.0,,0.0,169,0
493234753,0.0,,0.0,169,0
493234754,0.0,,0.0,169,0
493234761,0.0,,0.0,169,0
493234762,0.0,,0.0,169,0
493234763,0.0,,0.0,169,0
493234764,0.0,,0.0,169,0
493234781,0.0,,0.0,169,0
493234782,0.0,,0.0,169,0
493234783,0.0,,0.0,169,0
493234784,0.0,,0.0,169,0
493234792,0.0,,0.0,169,0
493234804,0.0,,0.0,169,0
493234812,0.0,,0.0,169,0
493234813,0.24260355029585798,6.0,24.2603550295858,169,41
493234814,0.04142011834319527,3.0,4.142011834319527,169,7
493234821,0.0,,0.0,169,0
493234832,0.0,,0.0,169,0
493234844,0.0,,0.0,169,0
493234853,0.0,,0.0,169,0
493234854,0.0,,0.0,169,0
493234861,0.0,,0.0,169,0
493234863,0.0,,0.0,169,0
493234872,0.0,,0.0,169,0
493234873,0.0,,0.0,169,0
493234874,0.0,,0.0,169,0
493234881,0.0,,0.0,169,0
493234882,0.0,,0.0,169,0
493234883,0.0,,0.0,169,0
493234884,0.0,,0.0,169,0
493234891,0.0,,0.0,169,0
493234893,0.0,,0.0,169,0
493234894,0.0,,0.0,169,0
493234911,0.0,,0.0,169,0
493234913,0.0,,0.0,169,0
493234914,0.0,,0.0,169,0
493234942,0.0,,0.0,169,0
493234943,0.0,,0.0,169,0
493234952,0.0,,0.0,169,0
493234954,0.0,,0.0,169,0
493234961,0.0,,0.0,169,0
493234964,0.0,,0.0,169,0
493234971,0.0,,0.0,169,0
493234982,0.0,,0.0,169,0
493234991,0.0,,0.0,169,0
493234993,0.0,,0.0,169,0
493235101,0.0,,0.0,169,0
493235111,0.08284023668639054,7.0,8.284023668639055,169,14
493235114,0.005917159763313609,4.0,0.591715976331361,169,1
493235121,0.08875739644970414,7.0,8.875739644970414,169,15
493235122,0.0,,0.0,169,0
493235203,0.0,,0.0,169,0
493235303,0.0,,0.0,169,0
493235304,0.0,,0.0,169,0
493235401,0.0,,0.0,169,0
493235402,0.0,,0.0,169,0
493235403,0.0,,0.0,169,0
493235404,0.0,,0.0,169,0
493235411,0.0,,0.0,169,0
493235413,0.0,,0.0,169,0
493235414,0.0,,0.0,169,0
493235421,0.0,,0.0,169,0
493235423,0.0,,0.0,169,0
493235424,0.0,,0.0,169,0
493235433,0.0,,0.0,169,0
493235434,0.0,,0.0,169,0
493235511,0.0,,0.0,169,0
493235512,0.0,,0.0,169,0
493235513,0.0,,0.0,169,0
493235514,0.0,,0.0,169,0
493235521,0.0,,0.0,169,0
493235522,0.0,,0.0,169,0
493235523,0.0,,0.0,169,0
493235531,0.0,,0.0,169,0
493235532,0.0,,0.0,169,0
493235534,0.0,,0.0,169,0
493235541,0.0,,0.0,169,0
493235542,0.0,,0.0,169,0
493235602,0.0,,0.0,169,0
493235603,0.0,,0.0,169,0
493235604,0.0,,0.0,169,0
493235611,0.0,,0.0,169,0
493235612,0.0,,0.0,169,0
493235613,0.0,,0.0,169,0
493235614,0.0,,0.0,169,0
493235621,0.0,,0.0,169,0
493235622,0.0,,0.0,169,0
493235624,0.0,,0.0,169,0
493235631,0.0,,0.0,169,0
493235633,0.0,,0.0,169,0
493235642,0.0,,0.0,169,0
493235702,0.0,,0.0,169,0
493235711,0.0,,0.0,169,0
493235712,0.0,,0.0,169,0
493235713,0.0,,0.0,169,0
493235714,0.0,,0.0,169,0
493235722,0.0,,0.0,169,0
493235723,0.0,,0.0,169,0
493235724,0.0,,0.0,169,0
493235731,0.0,,0.0,169,0
493235742,0.0,,0.0,169,0
493235744,0.0,,0.0,169,0
493235812,0.0,,0.0,169,0
493235814,0.0,,0.0,169,0
493235821,0.0,,0.0,169,0
493235822,0.0,,0.0,169,0
493235823,0.0,,0.0,169,0
493235842,0.0,,0.0,169,0
493235912,0.0,,0.0,169,0
493235914,0.0,,0.0,169,0
493235921,0.0,,0.0,169,0
493235941,0.0,,0.0,169,0
493235942,0.0,,0.0,169,0
493235944,0.0,,0.0,169,0
493243194,0.08875739644970414,6.0,8.875739644970414,169,15
493243284,0.023668639053254437,6.0,2.366863905325444,169,4
493243291,0.05917159763313609,6.0,5.9171597633136095,169,10
493243292,0.0,,0.0,169,0
493243294,0.029585798816568046,5.0,2.9585798816568047,169,5
493243384,0.029585798816568046,6.0,2.9585798816568047,169,5
493243421,0.11834319526627218,6.0,11.834319526627219,169,20
493243491,0.0,,0.0,169,0
493243493,0.0,,0.0,169,0
493243554,0.08875739644970414,6.0,8.875739644970414,169,15
493243564,0.11242603550295859,6.0,11.242603550295858,169,19
493243574,0.22485207100591717,6.0,22.485207100591715,169,38
493243621,0.023668639053254437,5.0,2.366863905325444,169,4
493243622,0.011834319526627219,5.0,1.183431952662722,169,2
493243624,0.11834319526627218,6.0,11.834319526627219,169,20
493243642,0.11242603550295859,6.0,11.242603550295858,169,19
493243643,0.11834319526627218,6.0,11.834319526627219,169,20
493243654,0.11834319526627218,6.0,11.834319526627219,169,20
493243663,0.0,,0.0,169,0
493243672,0.0,,0.0,169,0
493243681,0.011834319526627219,5.0,1.183431952662722,169,2
493243684,0.1834319526627219,6.0,18.34319526627219,169,31
493243724,0.047337278106508875,6.0,4.733727810650888,169,8
493243731,0.10059171597633136,6.0,10.059171597633137,169,17
493243733,0.0,,0.0,169,0
493243734,0.04142011834319527,5.0,4.142011834319527,169,7
493243771,0.07100591715976332,6.0,7.100591715976331,169,12
493243782,0.047337278106508875,6.0,4.733727810650888,169,8
493243793,0.0,,0.0,169,0
493243883,0.1301775147928994,6.0,13.017751479289942,169,22
493243884,0.05325443786982249,6.0,5.325443786982249,169,9
493243974,0.17751479289940827,6.0,17.75147928994083,169,30
493243983,0.20710059171597633,6.0,20.710059171597635,169,35
493243991,0.1242603550295858,6.0,12.42603550295858,169,21
493244004,0.0,,0.0,169,0
493244011,0.0,,0.0,169,0
493244041,0.0,,0.0,169,0
493244101,0.023668639053254437,6.0,2.366863905325444,169,4
493244174,0.0,,0.0,169,0
493244181,0.0,,0.0,169,0
493244182,0.0,,0.0,169,0
493244183,0.0,,0.0,169,0
493244184,0.0,,0.0,169,0
493244201,0.1301775147928994,5.0,13.017751479289942,169,22
493244203,0.0,,0.0,169,0
493244204,0.0,,0.0,169,0
493244243,0.0,,0.0,169,0
493244244,0.0,,0.0,169,0
493244252,0.0,,0.0,169,0
493244253,0.0,,0.0,169,0
493244254,0.0,,0.0,169,0
493244261,0.0,,0.0,169,0
493244262,0.0,,0.0,169,0
493244263,0.0,,0.0,169,0
493244264,0.0,,0.0,169,0
493244271,0.0,,0.0,169,0
493244272,0.0,,0.0,169,0
493244283,0.0,,0.0,169,0
493244302,0.0,,0.0,169,0
493244304,0.0,,0.0,169,0
493244342,0.0,,0.0,169,0
493244344,0.0,,0.0,169,0
493244351,0.0,,0.0,169,0
493244381,0.0,,0.0,169,0
493244602,0.0,,0.0,169,0
493244604,0.0,,0.0,169,0
493244611,0.0,,0.0,169,0
493244623,0.0,,0.0,169,0
493244632,0.0,,0.0,169,0
493244643,0.0,,0.0,169,0
493244644,0.0,,0.0,169,0
493244722,0.0,,0.0,169,0
493244752,0.0,,0.0,169,0
493244761,0.0,,0.0,169,0
493244763,0.0,,0.0,169,0
493244801,0.0,,0.0,169,0
493244803,0.0,,0.0,169,0
493244804,0.0,,0.0,169,0
493244811,0.0,,0.0,169,0
493244813,0.0,,0.0,169,0
493244871,0.0,,0.0,169,0
493244901,0.0,,0.0,169,0
493244903,0.0,,0.0,169,0
493244912,0.0,,0.0,169,0
493244914,0.0,,0.0,169,0
493244991,0.0,,0.0,169,0
493244994,0.0,,0.0,169,0
493245041,0.0,,0.0,169,0
493245042,0.0,,0.0,169,0
493245043,0.0,,0.0,169,0
493245122,0.0,,0.0,169,0
493245133,0.0,,0.0,169,0
493245134,0.0,,0.0,169,0
493252841,0.09467455621301775,5.0,9.467455621301776,169,16
493252842,0.05325443786982249,5.0,5.325443786982249,169,9
493253073,0.011834319526627219,5.0,1.183431952662722,169,2
493253074,0.047337278106508875,5.0,4.733727810650888,169,8
493253081,0.22485207100591717,6.0,22.485207100591715,169,38
493253183,0.0,,0.0,169,0
493253184,0.04142011834319527,6.0,4.142011834319527,169,7
493253283,0.0,,0.0,169,0
493253292,0.0,,0.0,169,0
493253373,0.023668639053254437,5.0,2.366863905325444,169,4
493253374,0.1301775147928994,6.0,13.017751479289942,169,22
493253381,0.011834319526627219,4.0,1.183431952662722,169,2
493253394,0.11834319526627218,6.0,11.834319526627219,169,20
493253471,0.0650887573964497,6.0,6.508875739644971,169,11
493253472,0.005917159763313609,6.0,0.591715976331361,169,1
493253481,0.13609467455621302,6.0,13.609467455621301,169,23
493253661,0.05325443786982249,5.0,5.325443786982249,169,9
493253664,0.14201183431952663,6.0,14.201183431952662,169,24
493253674,0.07100591715976332,5.0,7.100591715976331,169,12
493253684,0.16568047337278108,6.0,16.56804733727811,169,28
493253692,0.15976331360946747,6.0,15.976331360946746,169,27
493253694,0.3431952662721893,6.0,34.319526627218934,169,58
493253753,0.23668639053254437,6.0,23.668639053254438,169,40
493253761,0.22485207100591717,6.0,22.485207100591715,169,38
493253771,0.09467455621301775,6.0,9.467455621301776,169,16
493253772,0.0,,0.0,169,0
493253774,0.005917159763313609,1.0,0.591715976331361,169,1
493253781,0.44970414201183434,6.0,44.97041420118343,169,76
493253783,0.0,,0.0,169,0
493253792,0.0,,0.0,169,0
493253842,0.0650887573964497,6.0,6.508875739644971,169,11
493253964,0.05917159763313609,5.0,5.9171597633136095,169,10
493253984,0.23076923076923078,6.0,23.076923076923077,169,39
493253993,0.0,,0.0,169,0
493254001,0.0,,0.0,169,0
493254002,0.0,,0.0,169,0
493254004,0.0,,0.0,169,0
493254011,0.0,,0.0,169,0
493254012,0.0,,0.0,169,0
493254013,0.0,,0.0,169,0
493254014,0.0,,0.0,169,0
493254022,0.0,,0.0,169,0
493254024,0.0,,0.0,169,0
493254044,0.0,,0.0,169,0
493254094,0.0,,0.0,169,0
493254104,0.0,,0.0,169,0
493254111,0.0,,0.0,169,0
493254113,0.0,,0.0,169,0
493254121,0.0,,0.0,169,0
493254124,0.0,,0.0,169,0
493254133,0.0,,0.0,169,0
493254151,0.0,,0.0,169,0
493254152,0.0,,0.0,169,0
493254174,0.0,,0.0,169,0
493254182,0.0,,0.0,169,0
493254184,0.0,,0.0,169,0
493254193,0.0,,0.0,169,0
493254194,0.0,,0.0,169,0
493254201,0.0,,0.0,169,0
493254202,0.0,,0.0,169,0
493254203,0.05325443786982249,3.0,5.325443786982249,169,9
493254204,0.5443786982248521,5.0,54.437869822485204,169,92
493254213,0.0,,0.0,169,0
493254231,0.0,,0.0,169,0
493254233,0.0,,0.0,169,0
493254234,0.0,,0.0,169,0
493254252,0.0,,0.0,169,0
493254254,0.0,,0.0,169,0
493254261,0.0,,0.0,169,0
493254263,0.0,,0.0,169,0
493254292,0.0,,0.0,169,0
493254303,0.03550295857988166,4.0,3.5502958579881656,169,6
493254311,0.591715976331361,6.0,59.171597633136095,169,100
493254312,0.08875739644970414,6.0,8.875739644970414,169,15
493254314,0.4378698224852071,6.0,43.786982248520715,169,74
493254331,0.0,,0.0,169,0
493254332,0.0,,0.0,169,0
493254333,0.0,,0.0,169,0
493254334,0.0,,0.0,169,0
493254352,0.0,,0.0,169,0
493254353,0.0,,0.0,169,0
493254354,0.0,,0.0,169,0
493254361,0.0,,0.0,169,0
493254381,0.0,,0.0,169,0
493254401,0.3727810650887574,6.0,37.278106508875744,169,63
493254402,0.46153846153846156,6.0,46.15384615384615,169,78
493254403,0.28402366863905326,6.0,28.402366863905325,169,48
493254404,0.6035502958579881,6.0,60.35502958579882,169,102
493254411,0.5325443786982249,6.0,53.25443786982249,169,90
493254412,0.47337278106508873,6.0,47.337278106508876,169,80
493254413,0.33727810650887574,6.0,33.72781065088758,169,57
493254414,0.4556213017751479,5.0,45.562130177514796,169,77
493254432,0.0,,0.0,169,0
493254434,0.0,,0.0,169,0
493254441,0.0,,0.0,169,0
493254443,0.0,,0.0,169,0
493254444,0.0,,0.0,169,0
493254451,0.0,,0.0,169,0
493254452,0.0,,0.0,169,0
493254453,0.0,,0.0,169,0
493254501,0.6863905325443787,6.0,68.63905325443787,169,116
493254503,0.047337278106508875,6.0,4.733727810650888,169,8
493254504,0.17751479289940827,6.0,17.75147928994083,169,30
493254511,0.08284023668639054,4.0,8.284023668639055,169,14
493254512,0.005917159763313609,4.0,0.591715976331361,169,1
493254514,0.514792899408284,4.0,51.4792899408284,169,87
493254521,0.10650887573964497,4.0,10.650887573964498,169,18
493254522,0.4556213017751479,4.0,45.562130177514796,169,77
493254523,0.047337278106508875,3.0,4.733727810650888,169,8
493254524,0.047337278106508875,3.0,4.733727810650888,169,8
493254531,0.0,,0.0,169,0
493254532,0.0,,0.0,169,0
493254533,0.0,,0.0,169,0
493254541,0.0,,0.0,169,0
493254542,0.0,,0.0,169,0
493254543,0.0,,0.0,169,0
493254544,0.0,,0.0,169,0
493254551,0.0,,0.0,169,0
493254552,0.0,,0.0,169,0
493254601,0.5443786982248521,6.0,54.437869822485204,169,92
493254602,0.1242603550295858,5.0,12.42603550295858,169,21
493254603,0.5384615384615384,6.0,53.84615384615385,169,91
493254604,0.1301775147928994,5.0,13.017751479289942,169,22
493254612,0.0,,0.0,169,0
493254614,0.0,,0.0,169,0
493254621,0.03550295857988166,4.0,3.5502958579881656,169,6
493254623,0.0,,0.0,169,0
493254641,0.0,,0.0,169,0
493254643,0.0,,0.0,169,0
493254674,0.0,,0.0,169,0
493254702,0.0,,0.0,169,0
493254712,0.0,,0.0,169,0
493254714,0.0,,0.0,169,0
493254721,0.0,,0.0,169,0
493254723,0.0,,0.0,169,0
493254741,0.0,,0.0,169,0
493254772,0.0,,0.0,169,0
493254773,0.0,,0.0,169,0
493254812,0.0,,0.0,169,0
493254833,0.0,,0.0,169,0
493254903,0.0,,0.0,169,0
493254932,0.0,,0.0,169,0
493254934,0.0,,0.0,169,0
493254943,0.0,,0.0,169,0
493255001,0.0,,0.0,169,0
493255003,0.0,,0.0,169,0
493255004,0.0,,0.0,169,0
493255013,0.0,,0.0,169,0
493255014,0.0,,0.0,169,0
493255023,0.0,,0.0,169,0
493255101,0.0,,0.0,169,0
493255102,0.0,,0.0,169,0
493255103,0.0,,0.0,169,0
493255104,0.0,,0.0,169,0
493255112,0.0,,0.0,169,0
493255113,0.0,,0.0,169,0
493255114,0.0,,0.0,169,0
493255201,0.0,,0.0,169,0
493255202,0.0,,0.0,169,0
493262014,0.09467455621301775,6.0,9.467455621301776,169,16
493262031,0.08875739644970414,5.0,8.875739644970414,169,15
493262112,0.11834319526627218,6.0,11.834319526627219,169,20
493262384,0.21301775147928995,6.0,21.301775147928996,169,36
493262482,0.023668639053254437,5.0,2.366863905325444,169,4
493262492,0.05917159763313609,6.0,5.9171597633136095,169,10
493262494,0.04142011834319527,5.0,4.142011834319527,169,7
493263061,0.14792899408284024,6.0,14.792899408284024,169,25
493263071,0.13609467455621302,6.0,13.609467455621301,169,23
493263073,0.0,,0.0,169,0
493263081,0.17751479289940827,6.0,17.75147928994083,169,30
493263082,0.11834319526627218,6.0,11.834319526627219,169,20
493263094,0.09467455621301775,5.0,9.467455621301776,169,16
493263171,0.08284023668639054,5.0,8.284023668639055,169,14
493263221,0.04142011834319527,6.0,4.142011834319527,169,7
493263262,0.011834319526627219,4.0,1.183431952662722,169,2
493263321,0.01775147928994083,5.0,1.7751479289940828,169,3
493263322,0.08284023668639054,6.0,8.284023668639055,169,14
493263323,0.10059171597633136,6.0,10.059171597633137,169,17
493263352,0.0,,0.0,169,0
493263361,0.22485207100591717,5.0,22.485207100591715,169,38
493263421,0.1893491124260355,6.0,18.93491124260355,169,32
493263442,0.04142011834319527,6.0,4.142011834319527,169,7
493263451,0.1242603550295858,5.0,12.42603550295858,169,21
493263461,0.15384615384615385,5.0,15.384615384615385,169,26
493264001,0.35502958579881655,5.0,35.50295857988166,169,60
493264003,0.07692307692307693,5.0,7.6923076923076925,169,13
493264011,0.22485207100591717,5.0,22.485207100591715,169,38
493264013,0.11242603550295859,5.0,11.242603550295858,169,19
493264014,0.01775147928994083,5.0,1.7751479289940828,169,3
493264032,0.0,,0.0,169,0
493264041,0.0,,0.0,169,0
493264042,0.0,,0.0,169,0
493264043,0.0,,0.0,169,0
493264044,0.0,,0.0,169,0
493264051,0.0,,0.0,169,0
493264053,0.0,,0.0,169,0
493264111,0.01775147928994083,4.0,1.7751479289940828,169,3
493264123,0.0,,0.0,169,0
493264124,0.0,,0.0,169,0
493264132,0.0,,0.0,169,0
493264133,0.0,,0.0,169,0
493264134,0.0,,0.0,169,0
493264141,0.0,,0.0,169,0
493264142,0.0,,0.0,169,0
493264143,0.0,,0.0,169,0
493264151,0.0,,0.0,169,0
493264204,0.24260355029585798,5.0,24.2603550295858,169,41
493264213,0.0,,0.0,169,0
493264231,0.0,,0.0,169,0
493264232,0.0,,0.0,169,0
493264233,0.0,,0.0,169,0
493264234,0.0,,0.0,169,0
493264241,0.0,,0.0,169,0
493264301,0.09467455621301775,6.0,9.467455621301776,169,16
493264303,0.1952662721893491,5.0,19.526627218934912,169,33
493264321,0.0,,0.0,169,0
493264322,0.0,,0.0,169,0
493264331,0.0,,0.0,169,0
493264332,0.0,,0.0,169,0
493264333,0.0,,0.0,169,0
493264334,0.0,,0.0,169,0
493264341,0.0,,0.0,169,0
493264342,0.0,,0.0,169,0
493264343,0.0,,0.0,169,0
493264344,0.0,,0.0,169,0
493264351,0.0,,0.0,169,0
493264352,0.0,,0.0,169,0
493264353,0.0,,0.0,169,0
493264401,0.20710059171597633,5.0,20.710059171597635,169,35
493264403,0.0,,0.0,169,0
493264404,0.20118343195266272,5.0,20.118343195266274,169,34
493264431,0.0,,0.0,169,0
493264432,0.0,,0.0,169,0
493264434,0.3431952662721893,4.0,34.319526627218934,169,58
493264441,0.08284023668639054,3.0,8.284023668639055,169,14
493264442,0.8165680473372781,5.0,81.65680473372781,169,138
493264443,0.0,,0.0,169,0
493264444,0.30177514792899407,5.0,30.17751479289941,169,51
493264451,0.0,,0.0,169,0
493264452,0.0,,0.0,169,0
493264454,0.0,,0.0,169,0
493264511,0.03550295857988166,4.0,3.5502958579881656,169,6
493264513,0.0,,0.0,169,0
493264523,0.0,,0.0,169,0
493264524,0.15976331360946747,5.0,15.976331360946746,169,27
493264531,0.011834319526627219,4.0,1.183431952662722,169,2
493264532,0.24260355029585798,6.0,24.2603550295858,169,41
493264533,0.2781065088757396,4.0,27.810650887573964,169,47
493264534,0.1242603550295858,6.0,12.42603550295858,169,21
493264541,0.6982248520710059,5.0,69.8224852071006,169,118
493264542,0.3076923076923077,5.0,30.76923076923077,169,52
493264543,0.8402366863905325,6.0,84.02366863905326,169,142
493264544,0.9526627218934911,6.0,95.26627218934911,169,161
493264551,0.0,,0.0,169,0
493264552,0.34911242603550297,5.0,34.9112426035503,169,59
493264553,0.0,,0.0,169,0
493264554,0.0,,0.0,169,0
493264561,0.0,,0.0,169,0
493264562,0.0,,0.0,169,0
493264563,0.0,,0.0,169,0
493264614,0.1301775147928994,5.0,13.017751479289942,169,22
493264632,0.04142011834319527,5.0,4.142011834319527,169,7
493264641,0.6568047337278107,5.0,65.68047337278107,169,111
493264643,0.893491124260355,5.0,89.3491124260355,169,151
493264644,0.8224852071005917,5.0,82.24852071005917,169,139
493264651,0.30177514792899407,5.0,30.17751479289941,169,51
493264652,0.8994082840236687,6.0,89.94082840236686,169,152
493264653,0.0,,0.0,169,0
493264654,0.23076923076923078,4.0,23.076923076923077,169,39
493264661,0.0,,0.0,169,0
493264662,0.0,,0.0,169,0
493264663,0.0,,0.0,169,0
493264721,0.04142011834319527,5.0,4.142011834319527,169,7
493264722,0.029585798816568046,5.0,2.9585798816568047,169,5
493264731,0.047337278106508875,5.0,4.733727810650888,169,8
493264743,0.8165680473372781,5.0,81.65680473372781,169,138
493264744,0.05917159763313609,4.0,5.9171597633136095,169,10
493264751,0.9467455621301775,5.0,94.67455621301775,169,160
493264752,0.27218934911242604,5.0,27.218934911242602,169,46
493264753,0.28402366863905326,5.0,28.402366863905325,169,48
493264754,0.5502958579881657,5.0,55.02958579881657,169,93
493264761,0.0,,0.0,169,0
493264763,0.0,,0.0,169,0
493264832,0.0,,0.0,169,0
493264833,0.17751479289940827,5.0,17.75147928994083,169,30
493264834,0.1242603550295858,6.0,12.42603550295858,169,21
493264841,0.4437869822485207,6.0,44.37869822485207,169,75
493264843,0.0,,0.0,169,0
493264852,0.0,,0.0,169,0
493264853,0.05325443786982249,4.0,5.325443786982249,169,9
493264854,0.0,,0.0,169,0
493264861,0.0,,0.0,169,0
493264862,0.0,,0.0,169,0
493264863,0.0,,0.0,169,0
493264864,0.0,,0.0,169,0
493264871,0.0,,0.0,169,0
493264873,0.0,,0.0,169,0
493264874,0.0,,0.0,169,0
493264932,0.0,,0.0,169,0
493264941,0.05917159763313609,5.0,5.9171597633136095,169,10
493264951,0.0,,0.0,169,0
493264952,0.0,,0.0,169,0
493264953,0.0,,0.0,169,0
493264954,0.0,,0.0,169,0
493264961,0.0,,0.0,169,0
493264962,0.0,,0.0,169,0
493272894,0.005917159763313609,5.0,0.591715976331361,169,1
493273074,0.0650887573964497,5.0,6.508875739644971,169,11
493273292,0.1301775147928994,5.0,13.017751479289942,169,22
493273294,0.05325443786982249,5.0,5.325443786982249,169,9
493273391,0.0,,0.0,169,0
493273491,0.0,,0.0,169,0
493273492,0.0,,0.0,169,0
493273493,0.0,,0.0,169,0
493273494,0.0,,0.0,169,0
493273591,0.03550295857988166,5.0,3.5502958579881656,169,6
493273634,0.11242603550295859,5.0,11.242603550295858,169,19
493273732,0.0,,0.0,169,0
493273734,0.11242603550295859,5.0,11.242603550295858,169,19
493273753,0.0,,0.0,169,0
493273764,0.04142011834319527,4.0,4.142011834319527,169,7
493273812,0.0,,0.0,169,0
493273841,0.07692307692307693,5.0,7.6923076923076925,169,13
493273842,0.029585798816568046,5.0,2.9585798816568047,169,5
493273843,0.15976331360946747,5.0,15.976331360946746,169,27
493273844,0.21893491124260356,5.0,21.893491124260358,169,37
493273871,0.39644970414201186,6.0,39.64497041420118,169,67
493273872,0.08284023668639054,5.0,8.284023668639055,169,14
493273873,0.10650887573964497,5.0,10.650887573964498,169,18
493273881,0.27218934911242604,6.0,27.218934911242602,169,46
493273882,0.011834319526627219,4.0,1.183431952662722,169,2
493273884,0.14792899408284024,6.0,14.792899408284024,169,25
493273893,0.17159763313609466,5.0,17.159763313609467,169,29
493273894,0.2958579881656805,5.0,29.585798816568047,169,50
493273954,0.0,,0.0,169,0
493273982,0.0,,0.0,169,0
493273984,0.03550295857988166,4.0,3.5502958579881656,169,6
493273991,0.6035502958579881,6.0,60.35502958579882,169,102
493273992,0.03550295857988166,4.0,3.5502958579881656,169,6
493273993,0.023668639053254437,4.0,2.366863905325444,169,4
493274052,0.0,,0.0,169,0
493274054,0.0,,0.0,169,0
493274061,0.0,,0.0,169,0
493274063,0.0,,0.0,169,0
493274103,0.023668639053254437,5.0,2.366863905325444,169,4
493274104,0.11242603550295859,5.0,11.242603550295858,169,19
493274114,0.0650887573964497,5.0,6.508875739644971,169,11
493274133,0.023668639053254437,5.0,2.366863905325444,169,4
493274134,0.023668639053254437,5.0,2.366863905325444,169,4
493274144,0.0,,0.0,169,0
493274151,0.0,,0.0,169,0
493274152,0.0,,0.0,169,0
493274153,0.0,,0.0,169,0
493274154,0.0,,0.0,169,0
493274161,0.0,,0.0,169,0
493274162,0.0,,0.0,169,0
493274163,0.0,,0.0,169,0
493274164,0.0,,0.0,169,0
493274171,0.0,,0.0,169,0
493274172,0.0,,0.0,169,0
493274173,0.0,,0.0,169,0
493274201,0.1834319526627219,5.0,18.34319526627219,169,31
493274203,0.0,,0.0,169,0
493274211,0.1242603550295858,5.0,12.42603550295858,169,21
493274212,0.0,,0.0,169,0
493274222,0.0,,0.0,169,0
493274224,0.30177514792899407,6.0,30.17751479289941,169,51
493274233,0.0,,0.0,169,0
493274234,0.09467455621301775,4.0,9.467455621301776,169,16
493274242,0.0,,0.0,169,0
493274251,0.0,,0.0,169,0
493274252,0.0,,0.0,169,0
493274254,0.0,,0.0,169,0
493274262,0.0,,0.0,169,0
493274273,0.0,,0.0,169,0
493274274,0.0,,0.0,169,0
493274283,0.0,,0.0,169,0
493274313,0.0,,0.0,169,0
493274314,0.0,,0.0,169,0
493274322,0.0,,0.0,169,0
493274324,0.17159763313609466,5.0,17.159763313609467,169,29
493274331,0.5443786982248521,5.0,54.437869822485204,169,92
493274332,0.5621301775147929,5.0,56.213017751479285,169,95
493274333,0.0,,0.0,169,0
493274362,0.0,,0.0,169,0
493274363,0.0,,0.0,169,0
493274364,0.0,,0.0,169,0
493274371,0.0,,0.0,169,0
493274373,0.0,,0.0,169,0
493274374,0.0,,0.0,169,0
493274381,0.0,,0.0,169,0
493274382,0.0,,0.0,169,0
493274383,0.0,,0.0,169,0
493274384,0.0,,0.0,169,0
493274391,0.0,,0.0,169,0
493274392,0.0,,0.0,169,0
493274394,0.0,,0.0,169,0
493274401,0.0,,0.0,169,0
493274402,0.0,,0.0,169,0
493274403,0.0,,0.0,169,0
493274404,0.0,,0.0,169,0
493274413,0.0,,0.0,169,0
493274414,0.21893491124260356,4.0,21.893491124260358,169,37
493274422,0.4970414201183432,4.0,49.70414201183432,169,84
493274423,0.5976331360946746,4.0,59.76331360946746,169,101
493274424,0.42011834319526625,4.0,42.01183431952663,169,71
493274431,0.24260355029585798,4.0,24.2603550295858,169,41
493274433,0.0,,0.0,169,0
493274434,0.0,,0.0,169,0
493274452,0.0,,0.0,169,0
493274453,0.0,,0.0,169,0
493274454,0.0,,0.0,169,0
493274461,0.0,,0.0,169,0
493274462,0.0,,0.0,169,0
493274463,0.0,,0.0,169,0
493274464,0.0,,0.0,169,0
493274471,0.0,,0.0,169,0
493274472,0.0,,0.0,169,0
493274473,0.0,,0.0,169,0
493274474,0.0,,0.0,169,0
493274481,0.0,,0.0,169,0
493274482,0.0,,0.0,169,0
493274483,0.0,,0.0,169,0
493274484,0.0,,0.0,169,0
493274491,0.0,,0.0,169,0
493274492,0.0,,0.0,169,0
493274493,0.0,,0.0,169,0
493274494,0.0,,0.0,169,0
493274502,0.08875739644970414,6.0,8.875739644970414,169,15
493274503,0.0,,0.0,169,0
493274504,0.0,,0.0,169,0
493274511,0.0,,0.0,169,0
493274512,0.0,,0.0,169,0
493274521,0.05325443786982249,4.0,5.325443786982249,169,9
493274522,0.0,,0.0,169,0
493274524,0.0,,0.0,169,0
493274531,0.0,,0.0,169,0
493274532,0.0,,0.0,169,0
493274533,0.0,,0.0,169,0
493274534,0.0,,0.0,169,0
493274541,0.0,,0.0,169,0
493274543,0.0,,0.0,169,0
493274544,0.0,,0.0,169,0
493274561,0.0,,0.0,169,0
493274562,0.0,,0.0,169,0
493274571,0.0,,0.0,169,0
493274572,0.0,,0.0,169,0
493274573,0.0,,0.0,169,0
493274574,0.0,,0.0,169,0
493274581,0.0,,0.0,169,0
493274582,0.0,,0.0,169,0
493274583,0.0,,0.0,169,0
493274584,0.0,,0.0,169,0
493274591,0.0,,0.0,169,0
493274592,0.0,,0.0,169,0
493274593,0.0,,0.0,169,0
493274594,0.0,,0.0,169,0
493274613,0.05325443786982249,6.0,5.325443786982249,169,9
493274622,0.1952662721893491,6.0,19.526627218934912,169,33
493274623,0.0,,0.0,169,0
493274624,0.0,,0.0,169,0
493274631,0.0,,0.0,169,0
493274633,0.0,,0.0,169,0
493274634,0.0,,0.0,169,0
493274641,0.0,,0.0,169,0
493274642,0.0,,0.0,169,0
493274643,0.0,,0.0,169,0
493274644,0.0,,0.0,169,0
493274664,0.0,,0.0,169,0
493274671,0.0,,0.0,169,0
493274672,0.0,,0.0,169,0
493274673,0.0,,0.0,169,0
493274674,0.0,,0.0,169,0
493274681,0.0,,0.0,169,0
493274682,0.0,,0.0,169,0
493274683,0.0,,0.0,169,0
493274684,0.0,,0.0,169,0
493274691,0.0,,0.0,169,0
493274692,0.0,,0.0,169,0
493274693,0.0,,0.0,169,0
493274694,0.0,,0.0,169,0
493274721,0.47337278106508873,6.0,47.337278106508876,169,80
493274722,0.047337278106508875,6.0,4.733727810650888,169,8
493274723,0.023668639053254437,4.0,2.366863905325444,169,4
493274724,0.0,,0.0,169,0
493274731,0.0,,0.0,169,0
493274732,0.0,,0.0,169,0
493274742,0.0,,0.0,169,0
493274751,0.0,,0.0,169,0
493274753,0.0,,0.0,169,0
493274761,0.0,,0.0,169,0
493274762,0.0,,0.0,169,0
493274763,0.0,,0.0,169,0
493274771,0.0,,0.0,169,0
493274772,0.0,,0.0,169,0
493274773,0.0,,0.0,169,0
493274781,0.0,,0.0,169,0
493274783,0.0,,0.0,169,0
493274801,0.2781065088757396,6.0,27.810650887573964,169,47
493274802,0.005917159763313609,1.0,0.591715976331361,169,1
493274811,0.5976331360946746,6.0,59.76331360946746,169,101
493274812,0.08875739644970414,5.0,8.875739644970414,169,15
493274813,0.3076923076923077,6.0,30.76923076923077,169,52
493274861,0.0,,0.0,169,0
493274914,0.0,,0.0,169,0
493275311,0.0,,0.0,169,0
493275312,0.0,,0.0,169,0
493275313,0.0,,0.0,169,0
493275314,0.0,,0.0,169,0
493275321,0.0,,0.0,169,0
493275322,0.0,,0.0,169,0
493275332,0.0,,0.0,169,0
493275334,0.0,,0.0,169,0
493275403,0.0,,0.0,169,0
493275404,0.0,,0.0,169,0
493275411,0.0,,0.0,169,0
493275412,0.0,,0.0,169,0
493275413,0.0,,0.0,169,0
493275414,0.0,,0.0,169,0
493275423,0.0,,0.0,169,0
493275424,0.0,,0.0,169,0
493275431,0.0,,0.0,169,0
493275432,0.0,,0.0,169,0
493275433,0.0,,0.0,169,0
493275501,0.0,,0.0,169,0
493275502,0.0,,0.0,169,0
493275503,0.0,,0.0,169,0
493275504,0.0,,0.0,169,0
493275511,0.0,,0.0,169,0
493275521,0.0,,0.0,169,0
493275522,0.0,,0.0,169,0
493275523,0.0,,0.0,169,0
493275524,0.0,,0.0,169,0
493275531,0.0,,0.0,169,0
493275601,0.0,,0.0,169,0
493275602,0.0,,0.0,169,0
493275613,0.0,,0.0,169,0
493275622,0.0,,0.0,169,0
493275624,0.0,,0.0,169,0
493275632,0.0,,0.0,169,0
493275701,0.0,,0.0,169,0
493275703,0.0,,0.0,169,0
493275711,0.0,,0.0,169,0
493275722,0.0,,0.0,169,0
493275724,0.0,,0.0,169,0
493275801,0.0,,0.0,169,0
493275822,0.0,,0.0,169,0
503200114,0.03550295857988166,4.0,3.5502958579881656,169,6
503200224,0.0,,0.0,169,0
503200331,0.0,,0.0,169,0
503200332,0.0,,0.0,169,0
503200333,0.14792899408284024,5.0,14.792899408284024,169,25
503200334,0.17751479289940827,6.0,17.75147928994083,169,30
503200441,0.029585798816568046,5.0,2.9585798816568047,169,5
503200484,0.3136094674556213,7.0,31.360946745562128,169,53
503200491,0.07692307692307693,6.0,7.6923076923076925,169,13
503200493,0.0,,0.0,169,0
503200494,0.023668639053254437,6.0,2.366863905325444,169,4
503200553,0.05325443786982249,6.0,5.325443786982249,169,9
503200591,0.10650887573964497,6.0,10.650887573964498,169,18
503200593,0.011834319526627219,4.0,1.183431952662722,169,2
503200594,0.2485207100591716,7.0,24.85207100591716,169,42
503200661,0.005917159763313609,3.0,0.591715976331361,169,1
503200663,0.0,,0.0,169,0
503200664,0.0,,0.0,169,0
503200684,0.029585798816568046,6.0,2.9585798816568047,169,5
503200693,0.11834319526627218,7.0,11.834319526627219,169,20
503200694,0.5976331360946746,6.0,59.76331360946746,169,101
503200791,0.10650887573964497,7.0,10.650887573964498,169,18
503200991,0.0,,0.0,169,0
503200992,0.01775147928994083,4.0,1.7751479289940828,169,3
503200993,0.0,,0.0,169,0
503201514,0.0,,0.0,169,0
503201601,0.1952662721893491,6.0,19.526627218934912,169,33
503201603,0.0,,0.0,169,0
503201612,0.0,,0.0,169,0
503201711,0.0,,0.0,169,0
503201714,0.0,,0.0,169,0
503201802,0.011834319526627219,3.0,1.183431952662722,169,2
503201803,0.23668639053254437,5.0,23.668639053254438,169,40
503201811,0.05325443786982249,4.0,5.325443786982249,169,9
503201823,0.0,,0.0,169,0
503201824,0.0,,0.0,169,0
503201912,0.005917159763313609,4.0,0.591715976331361,169,1
503201914,0.011834319526627219,4.0,1.183431952662722,169,2
503201944,0.029585798816568046,7.0,2.9585798816568047,169,5
503201954,0.15384615384615385,6.0,15.384615384615385,169,26
503202573,0.08875739644970414,6.0,8.875739644970414,169,15
503202671,0.11834319526627218,5.0,11.834319526627219,169,20
503202771,0.04142011834319527,5.0,4.142011834319527,169,7
503203011,0.15384615384615385,6.0,15.384615384615385,169,26
503203013,0.0,,0.0,169,0
503203014,0.0,,0.0,169,0
503203024,0.2485207100591716,5.0,24.85207100591716,169,42
503203082,0.0,,0.0,169,0
503203131,0.005917159763313609,3.0,0.591715976331361,169,1
503203234,0.650887573964497,6.0,65.08875739644971,169,110
503203241,0.1893491124260355,5.0,18.93491124260355,169,32
503203242,0.2958579881656805,5.0,29.585798816568047,169,50
503203243,0.0,,0.0,169,0
503203244,0.0,,0.0,169,0
503203284,0.0,,0.0,169,0
503203293,0.0,,0.0,169,0
503203294,0.0,,0.0,169,0
503203332,0.05325443786982249,5.0,5.325443786982249,169,9
503203333,0.07100591715976332,6.0,7.100591715976331,169,12
503203382,0.0,,0.0,169,0
503203384,0.0,,0.0,169,0
503203391,0.0,,0.0,169,0
503203392,0.0,,0.0,169,0
503203393,0.0,,0.0,169,0
503203394,0.0,,0.0,169,0
503203412,0.28994082840236685,5.0,28.994082840236686,169,49
503203414,0.0650887573964497,5.0,6.508875739644971,169,11
503203433,0.0,,0.0,169,0
503203442,0.11834319526627218,5.0,11.834319526627219,169,20
503203443,0.0,,0.0,169,0
503203463,0.0,,0.0,169,0
503203472,0.0,,0.0,169,0
503203473,0.0,,0.0,169,0
503203474,0.0,,0.0,169,0
503203483,0.0,,0.0,169,0
503203491,0.0,,0.0,169,0
503203492,0.0,,0.0,169,0
503203494,0.0,,0.0,169,0
503203511,0.05917159763313609,4.0,5.9171597633136095,169,10
503203521,0.28402366863905326,6.0,28.402366863905325,169,48
503203522,0.0,,0.0,169,0
503203524,0.08284023668639054,6.0,8.284023668639055,169,14
503203531,0.15384615384615385,6.0,15.384615384615385,169,26
503203533,0.5739644970414202,6.0,57.396449704142015,169,97
503203534,0.7455621301775148,6.0,74.55621301775149,169,126
503203541,0.42011834319526625,6.0,42.01183431952663,169,71
503203543,0.0,,0.0,169,0
503203564,0.0,,0.0,169,0
503203571,0.0,,0.0,169,0
503203572,0.0,,0.0,169,0
503203573,0.0,,0.0,169,0
503203574,0.0,,0.0,169,0
503203581,0.0,,0.0,169,0
503203582,0.0,,0.0,169,0
503203583,0.0,,0.0,169,0
503203584,0.0,,0.0,169,0
503203592,0.0,,0.0,169,0
503203594,0.0,,0.0,169,0
503203622,0.0,,0.0,169,0
503203624,0.1952662721893491,5.0,19.526627218934912,169,33
503203631,0.17159763313609466,6.0,17.159763313609467,169,29
503203632,0.0,,0.0,169,0
503203641,0.4260355029585799,6.0,42.60355029585799,169,72
503203643,0.0,,0.0,169,0
503203644,0.0,,0.0,169,0
503203661,0.0,,0.0,169,0
503203662,0.0,,0.0,169,0
503203663,0.0,,0.0,169,0
503203664,0.0,,0.0,169,0
503203671,0.0,,0.0,169,0
503203673,0.0,,0.0,169,0
503203674,0.0,,0.0,169,0
503203684,0.0,,0.0,169,0
503203691,0.0,,0.0,169,0
503203692,0.0,,0.0,169,0
503203693,0.0,,0.0,169,0
503203694,0.0,,0.0,169,0
503203714,0.2958579881656805,6.0,29.585798816568047,169,50
503203723,0.0,,0.0,169,0
503203741,0.0,,0.0,169,0
503203753,0.0,,0.0,169,0
503203761,0.0,,0.0,169,0
503203762,0.0,,0.0,169,0
503203764,0.0,,0.0,169,0
503203771,0.0,,0.0,169,0
503203772,0.0,,0.0,169,0
503203773,0.0,,0.0,169,0
503203774,0.0,,0.0,169,0
503203781,0.0,,0.0,169,0
503203782,0.0,,0.0,169,0
503203783,0.0,,0.0,169,0
503203791,0.0,,0.0,169,0
503203792,0.0,,0.0,169,0
503203794,0.0,,0.0,169,0
503203813,0.09467455621301775,6.0,9.467455621301776,169,16
503203814,0.03550295857988166,5.0,3.5502958579881656,169,6
503203841,0.0,,0.0,169,0
503203842,0.0,,0.0,169,0
503203844,0.0,,0.0,169,0
503203851,0.0,,0.0,169,0
503203863,0.0,,0.0,169,0
503203864,0.0,,0.0,169,0
503203881,0.0,,0.0,169,0
503203892,0.0,,0.0,169,0
503203894,0.0,,0.0,169,0
503203912,0.10059171597633136,6.0,10.059171597633137,169,17
503203913,0.04142011834319527,5.0,4.142011834319527,169,7
503203914,0.05917159763313609,5.0,5.9171597633136095,169,10
503203931,0.0,,0.0,169,0
503203932,0.0,,0.0,169,0
503203934,0.0,,0.0,169,0
503203942,0.0,,0.0,169,0
503203944,0.0,,0.0,169,0
503203951,0.0,,0.0,169,0
503203952,0.0,,0.0,169,0
503203962,0.0,,0.0,169,0
503203971,0.0,,0.0,169,0
503203973,0.0,,0.0,169,0
503203983,0.0,,0.0,169,0
503203984,0.0,,0.0,169,0
503203993,0.0,,0.0,169,0
503204033,0.0,,0.0,169,0
503204043,0.0,,0.0,169,0
503204044,0.0,,0.0,169,0
503204063,0.0,,0.0,169,0
503204064,0.0,,0.0,169,0
503204091,0.0,,0.0,169,0
503204093,0.0,,0.0,169,0
503204103,0.0,,0.0,169,0
503204104,0.0,,0.0,169,0
503204113,0.0,,0.0,169,0
503204121,0.0,,0.0,169,0
503204122,0.0,,0.0,169,0
503204123,0.0,,0.0,169,0
503204124,0.0,,0.0,169,0
503204131,0.0,,0.0,169,0
503204132,0.0,,0.0,169,0
503204133,0.0,,0.0,169,0
503204141,0.0,,0.0,169,0
503204152,0.0,,0.0,169,0
503204161,0.0,,0.0,169,0
503204162,0.0,,0.0,169,0
503204163,0.0,,0.0,169,0
503204164,0.0,,0.0,169,0
503204173,0.0,,0.0,169,0
503204201,0.0,,0.0,169,0
503204202,0.0,,0.0,169,0
503204211,0.0,,0.0,169,0
503204212,0.0,,0.0,169,0
503204213,0.0,,0.0,169,0
503204214,0.0,,0.0,169,0
503204221,0.0,,0.0,169,0
503204222,0.0,,0.0,169,0
503204223,0.0,,0.0,169,0
503204224,0.0,,0.0,169,0
503204264,0.0,,0.0,169,0
503204273,0.0,,0.0,169,0
503204293,0.0,,0.0,169,0
503204294,0.0,,0.0,169,0
503204302,0.0,,0.0,169,0
503204303,0.0,,0.0,169,0
503204304,0.0,,0.0,169,0
503204311,0.0,,0.0,169,0
503204312,0.0,,0.0,169,0
503204313,0.0,,0.0,169,0
503204314,0.0,,0.0,169,0
503204321,0.0,,0.0,169,0
503204323,0.0,,0.0,169,0
503204382,0.0,,0.0,169,0
503204383,0.0,,0.0,169,0
503204391,0.0,,0.0,169,0
503204401,0.0,,0.0,169,0
503204402,0.0,,0.0,169,0
503204403,0.0,,0.0,169,0
503204404,0.0,,0.0,169,0
503204411,0.0,,0.0,169,0
503204412,0.0,,0.0,169,0
503204421,0.0,,0.0,169,0
503204423,0.0,,0.0,169,0
503204483,0.0,,0.0,169,0
503204501,0.0,,0.0,169,0
503204502,0.0,,0.0,169,0
503204503,0.0,,0.0,169,0
503204504,0.0,,0.0,169,0
503204521,0.0,,0.0,169,0
503204522,0.0,,0.0,169,0
503204523,0.0,,0.0,169,0
503204524,0.0,,0.0,169,0
503204552,0.0,,0.0,169,0
503204554,0.0,,0.0,169,0
503204563,0.0,,0.0,169,0
503204582,0.0,,0.0,169,0
503204601,0.0,,0.0,169,0
503204602,0.0,,0.0,169,0
503204603,0.0,,0.0,169,0
503204604,0.0,,0.0,169,0
503204621,0.0,,0.0,169,0
503204622,0.0,,0.0,169,0
503204623,0.0,,0.0,169,0
503204624,0.0,,0.0,169,0
503204661,0.0,,0.0,169,0
503204672,0.0,,0.0,169,0
503204673,0.0,,0.0,169,0
503204674,0.0,,0.0,169,0
503204681,0.0,,0.0,169,0
503204682,0.0,,0.0,169,0
503204684,0.0,,0.0,169,0
503204691,0.0,,0.0,169,0
503204701,0.0,,0.0,169,0
503204702,0.0,,0.0,169,0
503204703,0.0,,0.0,169,0
503204704,0.0,,0.0,169,0
503204713,0.0,,0.0,169,0
503204721,0.0,,0.0,169,0
503204722,0.0,,0.0,169,0
503204723,0.0,,0.0,169,0
503204724,0.0,,0.0,169,0
503204733,0.0,,0.0,169,0
503204764,0.0,,0.0,169,0
503204771,0.0,,0.0,169,0
503204773,0.0,,0.0,169,0
503204782,0.0,,0.0,169,0
503204801,0.0,,0.0,169,0
503204802,0.0,,0.0,169,0
503204803,0.0,,0.0,169,0
503204804,0.0,,0.0,169,0
503204811,0.0,,0.0,169,0
503204813,0.0,,0.0,169,0
503204822,0.0,,0.0,169,0
503204824,0.0,,0.0,169,0
503204831,0.0,,0.0,169,0
503204833,0.0,,0.0,169,0
503204862,0.0,,0.0,169,0
503204864,0.0,,0.0,169,0
503204871,0.0,,0.0,169,0
503204873,0.0,,0.0,169,0
503204901,0.0,,0.0,169,0
503204902,0.0,,0.0,169,0
503204904,0.0,,0.0,169,0
503204911,0.0,,0.0,169,0
503204971,0.0,,0.0,169,0
503204973,0.0,,0.0,169,0
503204974,0.0,,0.0,169,0
503204984,0.0,,0.0,169,0
503204992,0.0,,0.0,169,0
503204993,0.0,,0.0,169,0
503204994,0.0,,0.0,169,0
503205011,0.0,,0.0,169,0
503205013,0.0,,0.0,169,0
503205121,0.0,,0.0,169,0
503205123,0.0,,0.0,169,0
503205204,0.0,,0.0,169,0
503205213,0.0,,0.0,169,0
503205222,0.0,,0.0,169,0
503205224,0.0,,0.0,169,0
503205263,0.0,,0.0,169,0
503205301,0.0,,0.0,169,0
503205302,0.0,,0.0,169,0
503205304,0.0,,0.0,169,0
503205311,0.0,,0.0,169,0
503205312,0.0,,0.0,169,0
503205313,0.0,,0.0,169,0
503205314,0.0,,0.0,169,0
503205324,0.0,,0.0,169,0
503205331,0.0,,0.0,169,0
503205342,0.0,,0.0,169,0
503205352,0.0,,0.0,169,0
503205354,0.0,,0.0,169,0
503205363,0.0,,0.0,169,0
503205364,0.0,,0.0,169,0
503205382,0.0,,0.0,169,0
503205384,0.0,,0.0,169,0
503205393,0.0,,0.0,169,0
503205402,0.0,,0.0,169,0
503205411,0.0,,0.0,169,0
503205412,0.0,,0.0,169,0
503205413,0.0,,0.0,169,0
503205414,0.0,,0.0,169,0
503205423,0.0,,0.0,169,0
503205424,0.0,,0.0,169,0
503205441,0.0,,0.0,169,0
503205442,0.0,,0.0,169,0
503205443,0.0,,0.0,169,0
503205444,0.0,,0.0,169,0
503205451,0.0,,0.0,169,0
503205453,0.0,,0.0,169,0
503205454,0.0,,0.0,169,0
503205461,0.0,,0.0,169,0
503205462,0.0,,0.0,169,0
503205463,0.0,,0.0,169,0
503205464,0.0,,0.0,169,0
503205473,0.0,,0.0,169,0
503205474,0.0,,0.0,169,0
503205482,0.0,,0.0,169,0
503205483,0.0,,0.0,169,0
503205491,0.0,,0.0,169,0
503205492,0.0,,0.0,169,0
503205493,0.0,,0.0,169,0
503205503,0.0,,0.0,169,0
503205504,0.0,,0.0,169,0
503205511,0.0,,0.0,169,0
503205512,0.0,,0.0,169,0
503205513,0.0,,0.0,169,0
503205514,0.0,,0.0,169,0
503205521,0.0,,0.0,169,0
503205523,0.0,,0.0,169,0
503205532,0.0,,0.0,169,0
503205534,0.0,,0.0,169,0
503205552,0.0,,0.0,169,0
503205561,0.0,,0.0,169,0
503205562,0.0,,0.0,169,0
503205564,0.0,,0.0,169,0
503205571,0.0,,0.0,169,0
503205572,0.0,,0.0,169,0
503205573,0.0,,0.0,169,0
503205574,0.0,,0.0,169,0
503205581,0.0,,0.0,169,0
503205582,0.0,,0.0,169,0
503205583,0.0,,0.0,169,0
503205584,0.0,,0.0,169,0
503205591,0.0,,0.0,169,0
503205592,0.0,,0.0,169,0
503205593,0.0,,0.0,169,0
503205594,0.0,,0.0,169,0
503205603,0.0,,0.0,169,0
503205604,0.0,,0.0,169,0
503205611,0.0,,0.0,169,0
503205612,0.0,,0.0,169,0
503205613,0.0,,0.0,169,0
503205614,0.0,,0.0,169,0
503205621,0.0,,0.0,169,0
503205622,0.0,,0.0,169,0
503205623,0.0,,0.0,169,0
503205624,0.0,,0.0,169,0
503205631,0.0,,0.0,169,0
503205632,0.0,,0.0,169,0
503205633,0.0,,0.0,169,0
503205634,0.0,,0.0,169,0
503205641,0.0,,0.0,169,0
503205642,0.0,,0.0,169,0
503205643,0.0,,0.0,169,0
503205644,0.0,,0.0,169,0
503205651,0.0,,0.0,169,0
503205663,0.0,,0.0,169,0
503205671,0.0,,0.0,169,0
503205672,0.0,,0.0,169,0
503205681,0.0,,0.0,169,0
503205682,0.0,,0.0,169,0
503205683,0.0,,0.0,169,0
503205684,0.0,,0.0,169,0
503205693,0.0,,0.0,169,0
503205694,0.0,,0.0,169,0
503205701,0.0,,0.0,169,0
503205703,0.0,,0.0,169,0
503205711,0.0,,0.0,169,0
503205712,0.0,,0.0,169,0
503205714,0.0,,0.0,169,0
503205721,0.0,,0.0,169,0
503205722,0.0,,0.0,169,0
503205723,0.0,,0.0,169,0
503205724,0.0,,0.0,169,0
503205731,0.0,,0.0,169,0
503205732,0.0,,0.0,169,0
503205733,0.0,,0.0,169,0
503205734,0.0,,0.0,169,0
503205743,0.0,,0.0,169,0
503205744,0.0,,0.0,169,0
503205753,0.0,,0.0,169,0
503205754,0.0,,0.0,169,0
503205761,0.0,,0.0,169,0
503205772,0.0,,0.0,169,0
503205774,0.0,,0.0,169,0
503205781,0.0,,0.0,169,0
503205782,0.0,,0.0,169,0
503205783,0.0,,0.0,169,0
503205784,0.0,,0.0,169,0
503205792,0.0,,0.0,169,0
503205793,0.0,,0.0,169,0
503205802,0.0,,0.0,169,0
503205804,0.0,,0.0,169,0
503205811,0.0,,0.0,169,0
503205812,0.0,,0.0,169,0
503205813,0.0,,0.0,169,0
503205814,0.0,,0.0,169,0
503205823,0.0,,0.0,169,0
503205832,0.0,,0.0,169,0
503205841,0.0,,0.0,169,0
503205842,0.0,,0.0,169,0
503205844,0.0,,0.0,169,0
503205851,0.0,,0.0,169,0
503205852,0.0,,0.0,169,0
503205853,0.0,,0.0,169,0
503205862,0.0,,0.0,169,0
503205882,0.0,,0.0,169,0
503205884,0.0,,0.0,169,0
503205891,0.0,,0.0,169,0
503205893,0.0,,0.0,169,0
503205901,0.0,,0.0,169,0
503205902,0.0,,0.0,169,0
503205903,0.0,,0.0,169,0
503205904,0.0,,0.0,169,0
503205911,0.0,,0.0,169,0
503205912,0.0,,0.0,169,0
503205913,0.0,,0.0,169,0
503205921,0.0,,0.0,169,0
503205924,0.0,,0.0,169,0
503205932,0.0,,0.0,169,0
503205933,0.0,,0.0,169,0
503205944,0.0,,0.0,169,0
503205953,0.0,,0.0,169,0
503205954,0.0,,0.0,169,0
503205961,0.0,,0.0,169,0
503205962,0.0,,0.0,169,0
503205963,0.0,,0.0,169,0
503205964,0.0,,0.0,169,0
503205971,0.0,,0.0,169,0
503205973,0.0,,0.0,169,0
503205974,0.0,,0.0,169,0
503205981,0.0,,0.0,169,0
503205992,0.0,,0.0,169,0
503205993,0.0,,0.0,169,0
503205994,0.0,,0.0,169,0
503206131,0.0,,0.0,169,0
503206133,0.0,,0.0,169,0
503206134,0.0,,0.0,169,0
503206231,0.0,,0.0,169,0
503206232,0.0,,0.0,169,0
503206234,0.0,,0.0,169,0
503206243,0.0,,0.0,169,0
503206324,0.0,,0.0,169,0
503206332,0.0,,0.0,169,0
503206333,0.0,,0.0,169,0
503206334,0.0,,0.0,169,0
503206341,0.0,,0.0,169,0
503206342,0.0,,0.0,169,0
503206343,0.0,,0.0,169,0
503206344,0.0,,0.0,169,0
503206351,0.0,,0.0,169,0
503206353,0.0,,0.0,169,0
503206402,0.0,,0.0,169,0
503206411,0.0,,0.0,169,0
503206412,0.0,,0.0,169,0
503206414,0.0,,0.0,169,0
503206421,0.0,,0.0,169,0
503206422,0.0,,0.0,169,0
503206423,0.0,,0.0,169,0
503206432,0.0,,0.0,169,0
503206441,0.0,,0.0,169,0
503206442,0.0,,0.0,169,0
503206443,0.0,,0.0,169,0
503206444,0.0,,0.0,169,0
503206451,0.0,,0.0,169,0
503206452,0.0,,0.0,169,0
503206453,0.0,,0.0,169,0
503206501,0.0,,0.0,169,0
503206503,0.0,,0.0,169,0
503206512,0.0,,0.0,169,0
503206513,0.0,,0.0,169,0
503206514,0.0,,0.0,169,0
503206521,0.0,,0.0,169,0
503206524,0.0,,0.0,169,0
503206533,0.0,,0.0,169,0
503206551,0.0,,0.0,169,0
503206553,0.0,,0.0,169,0
503206554,0.0,,0.0,169,0
503206563,0.0,,0.0,169,0
503206572,0.0,,0.0,169,0
503206611,0.0,,0.0,169,0
503206612,0.0,,0.0,169,0
503206613,0.0,,0.0,169,0
503206614,0.0,,0.0,169,0
503206622,0.0,,0.0,169,0
503206631,0.0,,0.0,169,0
503206651,0.0,,0.0,169,0
503206652,0.0,,0.0,169,0
503206654,0.0,,0.0,169,0
503206661,0.0,,0.0,169,0
503206662,0.0,,0.0,169,0
503206682,0.0,,0.0,169,0
503206701,0.0,,0.0,169,0
503206703,0.0,,0.0,169,0
503206704,0.0,,0.0,169,0
503206711,0.0,,0.0,169,0
503206712,0.0,,0.0,169,0
503206714,0.0,,0.0,169,0
503206723,0.0,,0.0,169,0
503206724,0.0,,0.0,169,0
503206761,0.0,,0.0,169,0
503206803,0.0,,0.0,169,0
503206811,0.0,,0.0,169,0
503206812,0.0,,0.0,169,0
503206821,0.0,,0.0,169,0
503206822,0.0,,0.0,169,0
503206823,0.0,,0.0,169,0
503206824,0.0,,0.0,169,0
503206831,0.0,,0.0,169,0
503206833,0.0,,0.0,169,0
503206834,0.0,,0.0,169,0
503206843,0.0,,0.0,169,0
503206844,0.0,,0.0,169,0
503206904,0.0,,0.0,169,0
503206922,0.0,,0.0,169,0
503206932,0.0,,0.0,169,0
503206941,0.0,,0.0,169,0
503206942,0.0,,0.0,169,0
503206944,0.0,,0.0,169,0
503206951,0.0,,0.0,169,0
503206953,0.0,,0.0,169,0
503211124,0.0,,0.0,169,0
503211141,0.005917159763313609,4.0,0.591715976331361,169,1
503211143,0.0,,0.0,169,0
503211152,0.0,,0.0,169,0
503211153,0.0,,0.0,169,0
503211154,0.0,,0.0,169,0
503211161,0.0,,0.0,169,0
503211162,0.0,,0.0,169,0
503211164,0.0,,0.0,169,0
503211171,0.0,,0.0,169,0
503211172,0.0,,0.0,169,0
503211181,0.1893491124260355,6.0,18.93491124260355,169,32
503211182,0.0,,0.0,169,0
503211183,0.08284023668639054,6.0,8.284023668639055,169,14
503211354,0.011834319526627219,4.0,1.183431952662722,169,2
503211361,0.0,,0.0,169,0
503211371,0.011834319526627219,4.0,1.183431952662722,169,2
503211381,0.005917159763313609,4.0,0.591715976331361,169,1
503211383,0.0,,0.0,169,0
503211481,0.005917159763313609,1.0,0.591715976331361,169,1
503211484,0.0,,0.0,169,0
503211492,0.023668639053254437,4.0,2.366863905325444,169,4
503211493,0.0,,0.0,169,0
503211494,0.2485207100591716,4.0,24.85207100591716,169,42
503211591,0.029585798816568046,4.0,2.9585798816568047,169,5
503211592,0.005917159763313609,3.0,0.591715976331361,169,1
503211594,0.029585798816568046,4.0,2.9585798816568047,169,5
503212301,0.011834319526627219,4.0,1.183431952662722,169,2
503212302,0.0,,0.0,169,0
503212411,0.0,,0.0,169,0
503212424,0.023668639053254437,6.0,2.366863905325444,169,4
503212511,0.01775147928994083,4.0,1.7751479289940828,169,3
503212522,0.005917159763313609,1.0,0.591715976331361,169,1
503212524,0.17159763313609466,6.0,17.159763313609467,169,29
503212551,0.01775147928994083,5.0,1.7751479289940828,169,3
503212611,0.0,,0.0,169,0
503212613,0.0,,0.0,169,0
503212614,0.023668639053254437,4.0,2.366863905325444,169,4
503212622,0.023668639053254437,4.0,2.366863905325444,169,4
503212623,0.05917159763313609,4.0,5.9171597633136095,169,10
503212624,0.0,,0.0,169,0
503212631,0.005917159763313609,4.0,0.591715976331361,169,1
503212632,0.0,,0.0,169,0
503212634,0.01775147928994083,4.0,1.7751479289940828,169,3
503212643,0.029585798816568046,5.0,2.9585798816568047,169,5
503212644,0.3668639053254438,6.0,36.68639053254438,169,62
503212652,0.0,,0.0,169,0
503212654,0.10650887573964497,6.0,10.650887573964498,169,18
503212694,0.11242603550295859,6.0,11.242603550295858,169,19
503212741,0.10650887573964497,5.0,10.650887573964498,169,18
503212742,0.0,,0.0,169,0
503212743,0.35502958579881655,6.0,35.50295857988166,169,60
503212751,0.07100591715976332,4.0,7.100591715976331,169,12
503212753,0.0,,0.0,169,0
503212761,0.0,,0.0,169,0
503212764,0.0,,0.0,169,0
503212773,0.005917159763313609,5.0,0.591715976331361,169,1
503212774,0.03550295857988166,6.0,3.5502958579881656,169,6
503212792,0.047337278106508875,6.0,4.733727810650888,169,8
503212793,0.04142011834319527,5.0,4.142011834319527,169,7
503212862,0.0,,0.0,169,0
503212871,0.3431952662721893,6.0,34.319526627218934,169,58
503212872,0.0,,0.0,169,0
503212874,0.1893491124260355,6.0,18.93491124260355,169,32
503212881,0.13609467455621302,6.0,13.609467455621301,169,23
503212882,0.5562130177514792,6.0,55.62130177514793,169,94
503212883,0.0,,0.0,169,0
503212884,0.17159763313609466,6.0,17.159763313609467,169,29
503212893,0.0,,0.0,169,0
503212963,0.0,,0.0,169,0
503212964,0.0,,0.0,169,0
503212982,0.0,,0.0,169,0
503212991,0.0,,0.0,169,0
503212992,0.0,,0.0,169,0
503212994,0.0,,0.0,169,0
503213013,0.0,,0.0,169,0
503213014,0.01775147928994083,4.0,1.7751479289940828,169,3
503213022,0.11834319526627218,6.0,11.834319526627219,169,20
503213023,0.005917159763313609,1.0,0.591715976331361,169,1
503213024,0.42011834319526625,6.0,42.01183431952663,169,71
503213041,0.0,,0.0,169,0
503213044,0.0,,0.0,169,0
503213053,0.0,,0.0,169,0
503213061,0.0,,0.0,169,0
503213062,0.0,,0.0,169,0
503213063,0.0,,0.0,169,0
503213064,0.0,,0.0,169,0
503213071,0.0,,0.0,169,0
503213073,0.0,,0.0,169,0
503213082,0.0,,0.0,169,0
503213091,0.0,,0.0,169,0
503213092,0.0,,0.0,169,0
503213093,0.0,,0.0,169,0
503213094,0.0,,0.0,169,0
503213123,0.08284023668639054,6.0,8.284023668639055,169,14
503213124,0.0,,0.0,169,0
503213151,0.0,,0.0,169,0
503213153,0.0,,0.0,169,0
503213154,0.0,,0.0,169,0
503213162,0.0,,0.0,169,0
503213163,0.0,,0.0,169,0
503213164,0.0,,0.0,169,0
503213173,0.0,,0.0,169,0
503213192,0.0,,0.0,169,0
503213194,0.0,,0.0,169,0
503213233,0.0,,0.0,169,0
503213252,0.0,,0.0,169,0
503213254,0.0,,0.0,169,0
503213262,0.0,,0.0,169,0
503213264,0.0,,0.0,169,0
503213271,0.0,,0.0,169,0
503213273,0.0,,0.0,169,0
503213321,0.07692307692307693,6.0,7.6923076923076925,169,13
503213324,0.03550295857988166,6.0,3.5502958579881656,169,6
503213332,0.0,,0.0,169,0
503213341,0.0,,0.0,169,0
503213342,0.10650887573964497,4.0,10.650887573964498,169,18
503213343,0.0,,0.0,169,0
503213344,0.047337278106508875,4.0,4.733727810650888,169,8
503213351,0.0,,0.0,169,0
503213352,0.0,,0.0,169,0
503213353,0.0,,0.0,169,0
503213354,0.0,,0.0,169,0
503213363,0.0,,0.0,169,0
503213364,0.0,,0.0,169,0
503213371,0.0,,0.0,169,0
503213372,0.0,,0.0,169,0
503213431,0.1952662721893491,6.0,19.526627218934912,169,33
503213433,0.0,,0.0,169,0
503213434,0.5680473372781065,6.0,56.80473372781065,169,96
503213441,0.30177514792899407,6.0,30.17751479289941,169,51
503213442,0.8698224852071006,6.0,86.98224852071006,169,147
503213443,0.28402366863905326,5.0,28.402366863905325,169,48
503213444,0.5502958579881657,5.0,55.02958579881657,169,93
503213451,0.0,,0.0,169,0
503213452,0.029585798816568046,4.0,2.9585798816568047,169,5
503213453,0.0,,0.0,169,0
503213461,0.0,,0.0,169,0
503213462,0.0,,0.0,169,0
503213473,0.0,,0.0,169,0
503213484,0.0,,0.0,169,0
503213491,0.0,,0.0,169,0
503213493,0.0,,0.0,169,0
503213511,0.05325443786982249,6.0,5.325443786982249,169,9
503213514,0.05917159763313609,6.0,5.9171597633136095,169,10
503213521,0.15976331360946747,6.0,15.976331360946746,169,27
503213522,0.005917159763313609,4.0,0.591715976331361,169,1
503213523,0.11242603550295859,6.0,11.242603550295858,169,19
503213532,0.05325443786982249,6.0,5.325443786982249,169,9
503213533,0.9171597633136095,6.0,91.71597633136095,169,155
503213534,0.6449704142011834,6.0,64.49704142011834,169,109
503213541,0.2603550295857988,6.0,26.035502958579883,169,44
503213542,0.22485207100591717,6.0,22.485207100591715,169,38
503213543,0.4260355029585799,5.0,42.60355029585799,169,72
503213551,0.21893491124260356,4.0,21.893491124260358,169,37
503213552,0.0,,0.0,169,0
503213553,0.0,,0.0,169,0
503213554,0.0,,0.0,169,0
503213561,0.0,,0.0,169,0
503213563,0.0,,0.0,169,0
503213564,0.0,,0.0,169,0
503213572,0.0,,0.0,169,0
503213573,0.0,,0.0,169,0
503213583,0.0,,0.0,169,0
503213601,0.10059171597633136,6.0,10.059171597633137,169,17
503213621,0.07692307692307693,6.0,7.6923076923076925,169,13
503213623,0.0,,0.0,169,0
503213632,0.0,,0.0,169,0
503213634,0.0,,0.0,169,0
503213641,0.1952662721893491,6.0,19.526627218934912,169,33
503213642,0.0,,0.0,169,0
503213643,0.0,,0.0,169,0
503213644,0.0,,0.0,169,0
503213651,0.0,,0.0,169,0
503213652,0.0,,0.0,169,0
503213661,0.0,,0.0,169,0
503213662,0.0,,0.0,169,0
503213671,0.0,,0.0,169,0
503213672,0.0,,0.0,169,0
503213673,0.0,,0.0,169,0
503213674,0.0,,0.0,169,0
503213681,0.0,,0.0,169,0
503213682,0.0,,0.0,169,0
503213684,0.0,,0.0,169,0
503213691,0.0,,0.0,169,0
503213702,0.0,,0.0,169,0
503213711,0.25443786982248523,6.0,25.443786982248522,169,43
503213712,0.0,,0.0,169,0
503213714,0.7100591715976331,6.0,71.00591715976331,169,120
503213721,0.13609467455621302,6.0,13.609467455621301,169,23
503213723,0.0,,0.0,169,0
503213724,0.21893491124260356,5.0,21.893491124260358,169,37
503213732,0.0,,0.0,169,0
503213733,0.0,,0.0,169,0
503213734,0.0,,0.0,169,0
503213743,0.0,,0.0,169,0
503213752,0.0,,0.0,169,0
503213754,0.0,,0.0,169,0
503213761,0.0,,0.0,169,0
503213762,0.0,,0.0,169,0
503213763,0.0,,0.0,169,0
503213781,0.0,,0.0,169,0
503213791,0.0,,0.0,169,0
503213792,0.0,,0.0,169,0
503213794,0.0,,0.0,169,0
503213804,0.0,,0.0,169,0
503213812,0.0,,0.0,169,0
503213813,0.4556213017751479,6.0,45.562130177514796,169,77
503213814,0.5384615384615384,6.0,53.84615384615385,169,91
503213821,0.5798816568047337,6.0,57.98816568047337,169,98
503213822,0.15976331360946747,6.0,15.976331360946746,169,27
503213823,0.35502958579881655,4.0,35.50295857988166,169,60
503213824,0.0,,0.0,169,0
503213831,0.0,,0.0,169,0
503213832,0.0,,0.0,169,0
503213833,0.0,,0.0,169,0
503213841,0.0,,0.0,169,0
503213874,0.0,,0.0,169,0
503213883,0.0,,0.0,169,0
503213891,0.0,,0.0,169,0
503213893,0.0,,0.0,169,0
503213903,0.0,,0.0,169,0
503213904,0.0,,0.0,169,0
503213911,0.0,,0.0,169,0
503213912,0.0,,0.0,169,0
503213914,0.0,,0.0,169,0
503213921,0.0,,0.0,169,0
503213922,0.0,,0.0,169,0
503213931,0.005917159763313609,1.0,0.591715976331361,169,1
503213932,0.0,,0.0,169,0
503213934,0.0,,0.0,169,0
503213941,0.0,,0.0,169,0
503213943,0.0,,0.0,169,0
503213951,0.0,,0.0,169,0
503213953,0.0,,0.0,169,0
503213963,0.0,,0.0,169,0
503213974,0.0,,0.0,169,0
503213981,0.0,,0.0,169,0
503213982,0.0,,0.0,169,0
503213984,0.0,,0.0,169,0
503213991,0.0,,0.0,169,0
503213993,0.0,,0.0,169,0
503213994,0.0,,0.0,169,0
503214001,0.0,,0.0,169,0
503214002,0.0,,0.0,169,0
503214003,0.0,,0.0,169,0
503214004,0.0,,0.0,169,0
503214011,0.0,,0.0,169,0
503214013,0.0,,0.0,169,0
503214064,0.0,,0.0,169,0
503214071,0.0,,0.0,169,0
503214082,0.0,,0.0,169,0
503214084,0.0,,0.0,169,0
503214091,0.0,,0.0,169,0
503214094,0.0,,0.0,169,0
503214101,0.0,,0.0,169,0
503214102,0.0,,0.0,169,0
503214103,0.0,,0.0,169,0
503214104,0.0,,0.0,169,0
503214111,0.0,,0.0,169,0
503214113,0.0,,0.0,169,0
503214114,0.0,,0.0,169,0
503214162,0.0,,0.0,169,0
503214163,0.0,,0.0,169,0
503214164,0.0,,0.0,169,0
503214192,0.0,,0.0,169,0
503214194,0.0,,0.0,169,0
503214201,0.0,,0.0,169,0
503214202,0.0,,0.0,169,0
503214203,0.0,,0.0,169,0
503214211,0.0,,0.0,169,0
503214213,0.0,,0.0,169,0
503214214,0.0,,0.0,169,0
503214242,0.0,,0.0,169,0
503214253,0.0,,0.0,169,0
503214254,0.0,,0.0,169,0
503214261,0.0,,0.0,169,0
503214263,0.0,,0.0,169,0
503214294,0.0,,0.0,169,0
503214311,0.0,,0.0,169,0
503214312,0.0,,0.0,169,0
503214324,0.0,,0.0,169,0
503214332,0.0,,0.0,169,0
503214333,0.0,,0.0,169,0
503214361,0.0,,0.0,169,0
503214392,0.0,,0.0,169,0
503214394,0.0,,0.0,169,0
503214403,0.0,,0.0,169,0
503214404,0.0,,0.0,169,0
503214414,0.0,,0.0,169,0
503214422,0.0,,0.0,169,0
503214424,0.0,,0.0,169,0
503214431,0.0,,0.0,169,0
503214433,0.0,,0.0,169,0
503214441,0.0,,0.0,169,0
503214443,0.0,,0.0,169,0
503214444,0.0,,0.0,169,0
503214453,0.0,,0.0,169,0
503214471,0.0,,0.0,169,0
503214473,0.0,,0.0,169,0
503214474,0.0,,0.0,169,0
503214481,0.0,,0.0,169,0
503214482,0.0,,0.0,169,0
503214483,0.0,,0.0,169,0
503214484,0.0,,0.0,169,0
503214492,0.0,,0.0,169,0
503214493,0.0,,0.0,169,0
503214503,0.0,,0.0,169,0
503214504,0.0,,0.0,169,0
503214512,0.0,,0.0,169,0
503214521,0.0,,0.0,169,0
503214522,0.0,,0.0,169,0
503214523,0.0,,0.0,169,0
503214524,0.0,,0.0,169,0
503214534,0.0,,0.0,169,0
503214542,0.0,,0.0,169,0
503214543,0.0,,0.0,169,0
503214544,0.0,,0.0,169,0
503214551,0.0,,0.0,169,0
503214581,0.0,,0.0,169,0
503214582,0.0,,0.0,169,0
503214591,0.0,,0.0,169,0
503214592,0.0,,0.0,169,0
503214602,0.0,,0.0,169,0
503214622,0.0,,0.0,169,0
503214623,0.0,,0.0,169,0
503214624,0.0,,0.0,169,0
503214631,0.0,,0.0,169,0
503214632,0.0,,0.0,169,0
503214634,0.0,,0.0,169,0
503214641,0.0,,0.0,169,0
503214692,0.0,,0.0,169,0
503214701,0.0,,0.0,169,0
503214703,0.0,,0.0,169,0
503214704,0.0,,0.0,169,0
503214713,0.0,,0.0,169,0
503214714,0.0,,0.0,169,0
503214721,0.0,,0.0,169,0
503214722,0.0,,0.0,169,0
503214731,0.0,,0.0,169,0
503214732,0.0,,0.0,169,0
503214734,0.0,,0.0,169,0
503214753,0.0,,0.0,169,0
503214781,0.0,,0.0,169,0
503214782,0.0,,0.0,169,0
503214783,0.0,,0.0,169,0
503214784,0.0,,0.0,169,0
503214792,0.0,,0.0,169,0
503214794,0.0,,0.0,169,0
503214801,0.0,,0.0,169,0
503214802,0.0,,0.0,169,0
503214804,0.0,,0.0,169,0
503214811,0.0,,0.0,169,0
503214813,0.0,,0.0,169,0
503214814,0.0,,0.0,169,0
503214822,0.0,,0.0,169,0
503214824,0.0,,0.0,169,0
503214832,0.0,,0.0,169,0
503214833,0.0,,0.0,169,0
503214834,0.0,,0.0,169,0
503214853,0.0,,0.0,169,0
503214854,0.0,,0.0,169,0
503214861,0.0,,0.0,169,0
503214863,0.0,,0.0,169,0
503214864,0.0,,0.0,169,0
503214872,0.0,,0.0,169,0
503214873,0.0,,0.0,169,0
503214882,0.0,,0.0,169,0
503214883,0.0,,0.0,169,0
503214891,0.0,,0.0,169,0
503214892,0.0,,0.0,169,0
503214902,0.0,,0.0,169,0
503214904,0.0,,0.0,169,0
503214911,0.0,,0.0,169,0
503214912,0.0,,0.0,169,0
503214913,0.0,,0.0,169,0
503214914,0.0,,0.0,169,0
503214931,0.0,,0.0,169,0
503214932,0.0,,0.0,169,0
503214934,0.0,,0.0,169,0
503214943,0.0,,0.0,169,0
503214952,0.0,,0.0,169,0
503214954,0.0,,0.0,169,0
503214961,0.0,,0.0,169,0
503214962,0.0,,0.0,169,0
503214963,0.0,,0.0,169,0
503214972,0.0,,0.0,169,0
503214973,0.0,,0.0,169,0
503214984,0.0,,0.0,169,0
503214992,0.0,,0.0,169,0
503214993,0.0,,0.0,169,0
503215001,0.0,,0.0,169,0
503215002,0.0,,0.0,169,0
503215003,0.0,,0.0,169,0
503215004,0.0,,0.0,169,0
503215011,0.0,,0.0,169,0
503215013,0.0,,0.0,169,0
503215042,0.0,,0.0,169,0
503215044,0.0,,0.0,169,0
503215051,0.0,,0.0,169,0
503215052,0.0,,0.0,169,0
503215061,0.0,,0.0,169,0
503215062,0.0,,0.0,169,0
503215072,0.0,,0.0,169,0
503215074,0.0,,0.0,169,0
503215081,0.0,,0.0,169,0
503215084,0.0,,0.0,169,0
503215092,0.0,,0.0,169,0
503215094,0.0,,0.0,169,0
503215101,0.0,,0.0,169,0
503215102,0.0,,0.0,169,0
503215124,0.0,,0.0,169,0
503215131,0.0,,0.0,169,0
503215132,0.0,,0.0,169,0
503215133,0.0,,0.0,169,0
503215134,0.0,,0.0,169,0
503215141,0.0,,0.0,169,0
503215142,0.0,,0.0,169,0
503215143,0.0,,0.0,169,0
503215151,0.0,,0.0,169,0
503215153,0.0,,0.0,169,0
503215163,0.0,,0.0,169,0
503215164,0.0,,0.0,169,0
503215171,0.0,,0.0,169,0
503215172,0.0,,0.0,169,0
503215173,0.0,,0.0,169,0
503215174,0.0,,0.0,169,0
503215181,0.0,,0.0,169,0
503215182,0.0,,0.0,169,0
503215183,0.0,,0.0,169,0
503215184,0.0,,0.0,169,0
503215192,0.0,,0.0,169,0
503215213,0.0,,0.0,169,0
503215214,0.0,,0.0,169,0
503215221,0.0,,0.0,169,0
503215222,0.0,,0.0,169,0
503215223,0.0,,0.0,169,0
503215231,0.0,,0.0,169,0
503215232,0.0,,0.0,169,0
503215241,0.0,,0.0,169,0
503215251,0.0,,0.0,169,0
503215253,0.0,,0.0,169,0
503215254,0.0,,0.0,169,0
503215261,0.0,,0.0,169,0
503215262,0.0,,0.0,169,0
503215263,0.0,,0.0,169,0
503215264,0.0,,0.0,169,0
503215292,0.0,,0.0,169,0
503215303,0.0,,0.0,169,0
503215311,0.0,,0.0,169,0
503215312,0.0,,0.0,169,0
503215314,0.0,,0.0,169,0
503215323,0.0,,0.0,169,0
503215324,0.0,,0.0,169,0
503215333,0.0,,0.0,169,0
503215334,0.0,,0.0,169,0
503215342,0.0,,0.0,169,0
503215343,0.0,,0.0,169,0
503215351,0.0,,0.0,169,0
503215352,0.0,,0.0,169,0
503215353,0.0,,0.0,169,0
503215354,0.0,,0.0,169,0
503215361,0.0,,0.0,169,0
503215372,0.0,,0.0,169,0
503215374,0.0,,0.0,169,0
503215381,0.0,,0.0,169,0
503215383,0.0,,0.0,169,0
503215402,0.0,,0.0,169,0
503215404,0.0,,0.0,169,0
503215413,0.0,,0.0,169,0
503215422,0.0,,0.0,169,0
503215431,0.0,,0.0,169,0
503215432,0.0,,0.0,169,0
503215434,0.0,,0.0,169,0
503215441,0.0,,0.0,169,0
503215442,0.0,,0.0,169,0
503215443,0.0,,0.0,169,0
503215444,0.0,,0.0,169,0
503215451,0.0,,0.0,169,0
503215453,0.0,,0.0,169,0
503215454,0.0,,0.0,169,0
503215481,0.0,,0.0,169,0
503215482,0.0,,0.0,169,0
503215492,0.0,,0.0,169,0
503215504,0.0,,0.0,169,0
503215511,0.0,,0.0,169,0
503215513,0.0,,0.0,169,0
503215532,0.0,,0.0,169,0
503215541,0.0,,0.0,169,0
503215543,0.0,,0.0,169,0
503215551,0.0,,0.0,169,0
503215563,0.0,,0.0,169,0
503215583,0.0,,0.0,169,0
503215593,0.0,,0.0,169,0
503215594,0.0,,0.0,169,0
503215602,0.0,,0.0,169,0
503215621,0.0,,0.0,169,0
503215632,0.0,,0.0,169,0
503215634,0.0,,0.0,169,0
503215642,0.0,,0.0,169,0
503215643,0.0,,0.0,169,0
503215644,0.0,,0.0,169,0
503215671,0.0,,0.0,169,0
503215672,0.0,,0.0,169,0
503215674,0.0,,0.0,169,0
503215681,0.0,,0.0,169,0
503215684,0.0,,0.0,169,0
503215691,0.0,,0.0,169,0
503215693,0.0,,0.0,169,0
503215704,0.0,,0.0,169,0
503215712,0.0,,0.0,169,0
503215713,0.0,,0.0,169,0
503215714,0.0,,0.0,169,0
503215721,0.0,,0.0,169,0
503215722,0.0,,0.0,169,0
503215723,0.0,,0.0,169,0
503215724,0.0,,0.0,169,0
503215733,0.0,,0.0,169,0
503215741,0.0,,0.0,169,0
503215742,0.0,,0.0,169,0
503215744,0.0,,0.0,169,0
503215751,0.0,,0.0,169,0
503215752,0.0,,0.0,169,0
503215754,0.0,,0.0,169,0
503215762,0.0,,0.0,169,0
503215764,0.0,,0.0,169,0
503215771,0.0,,0.0,169,0
503215772,0.0,,0.0,169,0
503215774,0.0,,0.0,169,0
503215782,0.0,,0.0,169,0
503215783,0.0,,0.0,169,0
503215784,0.0,,0.0,169,0
503215791,0.0,,0.0,169,0
503215792,0.0,,0.0,169,0
503215793,0.0,,0.0,169,0
503215802,0.0,,0.0,169,0
503215803,0.0,,0.0,169,0
503215811,0.0,,0.0,169,0
503215812,0.0,,0.0,169,0
503215813,0.0,,0.0,169,0
503215814,0.0,,0.0,169,0
503215821,0.0,,0.0,169,0
503215822,0.0,,0.0,169,0
503215823,0.0,,0.0,169,0
503215831,0.0,,0.0,169,0
503215832,0.0,,0.0,169,0
503215833,0.0,,0.0,169,0
503215834,0.0,,0.0,169,0
503215841,0.0,,0.0,169,0
503215842,0.0,,0.0,169,0
503215843,0.0,,0.0,169,0
503215844,0.0,,0.0,169,0
503215853,0.0,,0.0,169,0
503215872,0.0,,0.0,169,0
503215882,0.0,,0.0,169,0
503215884,0.0,,0.0,169,0
503215891,0.0,,0.0,169,0
503215901,0.0,,0.0,169,0
503215902,0.0,,0.0,169,0
503215904,0.0,,0.0,169,0
503215913,0.0,,0.0,169,0
503215922,0.0,,0.0,169,0
503215931,0.0,,0.0,169,0
503215933,0.0,,0.0,169,0
503215942,0.0,,0.0,169,0
503215944,0.0,,0.0,169,0
503215951,0.0,,0.0,169,0
503215952,0.0,,0.0,169,0
503215953,0.0,,0.0,169,0
503215954,0.0,,0.0,169,0
503215972,0.0,,0.0,169,0
503215974,0.0,,0.0,169,0
503215981,0.0,,0.0,169,0
503215983,0.0,,0.0,169,0
503215991,0.0,,0.0,169,0
503215992,0.0,,0.0,169,0
503215993,0.0,,0.0,169,0
503216002,0.0,,0.0,169,0
503216004,0.0,,0.0,169,0
503216013,0.0,,0.0,169,0
503216014,0.0,,0.0,169,0
503216031,0.0,,0.0,169,0
503216033,0.0,,0.0,169,0
503216043,0.0,,0.0,169,0
503216051,0.0,,0.0,169,0
503216102,0.0,,0.0,169,0
503216104,0.0,,0.0,169,0
503216111,0.0,,0.0,169,0
503216113,0.0,,0.0,169,0
503216114,0.0,,0.0,169,0
503216121,0.0,,0.0,169,0
503216123,0.0,,0.0,169,0
503216132,0.0,,0.0,169,0
503216211,0.0,,0.0,169,0
503216212,0.0,,0.0,169,0
503216221,0.0,,0.0,169,0
503216222,0.0,,0.0,169,0
503216224,0.0,,0.0,169,0
503216231,0.0,,0.0,169,0
503216233,0.0,,0.0,169,0
503216243,0.0,,0.0,169,0
503216244,0.0,,0.0,169,0
503216301,0.0,,0.0,169,0
503216303,0.0,,0.0,169,0
503216403,0.0,,0.0,169,0
503216404,0.0,,0.0,169,0
503216414,0.0,,0.0,169,0
503216423,0.0,,0.0,169,0
503216501,0.0,,0.0,169,0
503216502,0.0,,0.0,169,0
503216512,0.0,,0.0,169,0
503216523,0.0,,0.0,169,0
503216524,0.0,,0.0,169,0
503216552,0.0,,0.0,169,0
503216612,0.0,,0.0,169,0
503216621,0.0,,0.0,169,0
503216622,0.0,,0.0,169,0
503216624,0.0,,0.0,169,0
503216631,0.0,,0.0,169,0
503216633,0.0,,0.0,169,0
503216721,0.0,,0.0,169,0
503216722,0.0,,0.0,169,0
503216723,0.0,,0.0,169,0
503216724,0.0,,0.0,169,0
503216731,0.0,,0.0,169,0
503216732,0.0,,0.0,169,0
503216734,0.0,,0.0,169,0
503216764,0.0,,0.0,169,0
503216793,0.0,,0.0,169,0
503216794,0.0,,0.0,169,0
503216804,0.0,,0.0,169,0
503216841,0.0,,0.0,169,0
503216843,0.0,,0.0,169,0
503216851,0.0,,0.0,169,0
503216852,0.0,,0.0,169,0
503216853,0.0,,0.0,169,0
503216854,0.0,,0.0,169,0
503216861,0.0,,0.0,169,0
503216863,0.0,,0.0,169,0
503216881,0.0,,0.0,169,0
503216902,0.0,,0.0,169,0
503216903,0.0,,0.0,169,0
503216904,0.0,,0.0,169,0
503216912,0.0,,0.0,169,0
503216913,0.0,,0.0,169,0
503216914,0.0,,0.0,169,0
503216922,0.0,,0.0,169,0
503216924,0.0,,0.0,169,0
503216951,0.0,,0.0,169,0
503217702,0.0,,0.0,169,0
503217704,0.0,,0.0,169,0
503222071,0.023668639053254437,4.0,2.366863905325444,169,4
503223011,0.0,,0.0,169,0
503223012,0.0,,0.0,169,0
503223013,0.0,,0.0,169,0
503223014,0.0,,0.0,169,0
503223021,0.0,,0.0,169,0
503223023,0.0,,0.0,169,0
503223031,0.0,,0.0,169,0
503223033,0.0,,0.0,169,0
503223041,0.0,,0.0,169,0
503223042,0.0,,0.0,169,0
503223043,0.0,,0.0,169,0
503223044,0.0,,0.0,169,0
503223052,0.0,,0.0,169,0
503223053,0.0,,0.0,169,0
503223054,0.0,,0.0,169,0
503223061,0.0,,0.0,169,0
503223063,0.0,,0.0,169,0
503223064,0.0,,0.0,169,0
503223072,0.0,,0.0,169,0
503223092,0.0,,0.0,169,0
503223131,0.0,,0.0,169,0
503223142,0.0,,0.0,169,0
503223144,0.0,,0.0,169,0
503223151,0.0,,0.0,169,0
503223153,0.0,,0.0,169,0
503223154,0.0,,0.0,169,0
503223162,0.0,,0.0,169,0
503223164,0.0,,0.0,169,0
503223182,0.0,,0.0,169,0
503223184,0.0,,0.0,169,0
503223191,0.0,,0.0,169,0
503223201,0.0,,0.0,169,0
503223203,0.0,,0.0,169,0
503223204,0.0,,0.0,169,0
503223213,0.0,,0.0,169,0
503223252,0.0,,0.0,169,0
503223254,0.0,,0.0,169,0
503223262,0.0,,0.0,169,0
503223264,0.0,,0.0,169,0
503223271,0.0,,0.0,169,0
503223272,0.0,,0.0,169,0
503223273,0.0,,0.0,169,0
503223281,0.0,,0.0,169,0
503223311,0.011834319526627219,4.0,1.183431952662722,169,2
503223313,0.0,,0.0,169,0
503223352,0.0,,0.0,169,0
503223362,0.0,,0.0,169,0
503223364,0.0,,0.0,169,0
503223371,0.0,,0.0,169,0
503223384,0.0,,0.0,169,0
503223393,0.0,,0.0,169,0
503223394,0.0,,0.0,169,0
503223421,0.0,,0.0,169,0
503223422,0.011834319526627219,4.0,1.183431952662722,169,2
503223423,0.0,,0.0,169,0
503223424,0.005917159763313609,3.0,0.591715976331361,169,1
503223433,0.0,,0.0,169,0
503223434,0.0,,0.0,169,0
503223482,0.0,,0.0,169,0
503223491,0.0,,0.0,169,0
503223492,0.0,,0.0,169,0
503223493,0.0,,0.0,169,0
503223494,0.0,,0.0,169,0
503223531,0.04142011834319527,4.0,4.142011834319527,169,7
503223561,0.0,,0.0,169,0
503223563,0.0,,0.0,169,0
503223564,0.0,,0.0,169,0
503223643,0.0,,0.0,169,0
503223644,0.047337278106508875,4.0,4.733727810650888,169,8
503223661,0.0,,0.0,169,0
503223662,0.0,,0.0,169,0
503223663,0.0,,0.0,169,0
503223664,0.0,,0.0,169,0
503223672,0.0,,0.0,169,0
503223673,0.0,,0.0,169,0
503223674,0.0,,0.0,169,0
503223681,0.0,,0.0,169,0
503223684,0.0,,0.0,169,0
503223694,0.0,,0.0,169,0
503223751,0.0,,0.0,169,0
503223762,0.0,,0.0,169,0
503223771,0.0,,0.0,169,0
503223772,0.0,,0.0,169,0
503223773,0.0,,0.0,169,0
503223774,0.0,,0.0,169,0
503223781,0.0,,0.0,169,0
503223782,0.0,,0.0,169,0
503223783,0.0,,0.0,169,0
503223794,0.0,,0.0,169,0
503223852,0.1301775147928994,4.0,13.017751479289942,169,22
503223853,0.0,,0.0,169,0
503223854,0.0,,0.0,169,0
503223861,0.0,,0.0,169,0
503223862,0.0,,0.0,169,0
503223863,0.0,,0.0,169,0
503223864,0.0,,0.0,169,0
503223871,0.0,,0.0,169,0
503223872,0.0,,0.0,169,0
503223873,0.0,,0.0,169,0
503223874,0.0,,0.0,169,0
503223884,0.0,,0.0,169,0
503223961,0.0,,0.0,169,0
503223972,0.0,,0.0,169,0
503223973,0.0,,0.0,169,0
503223981,0.0,,0.0,169,0
503223983,0.0,,0.0,169,0
503224001,0.0,,0.0,169,0
503224002,0.0,,0.0,169,0
503224011,0.0,,0.0,169,0
503224012,0.0,,0.0,169,0
503224013,0.0,,0.0,169,0
503224014,0.0,,0.0,169,0
503224021,0.0,,0.0,169,0
503224022,0.0,,0.0,169,0
503224023,0.0,,0.0,169,0
503224024,0.0,,0.0,169,0
503224031,0.0,,0.0,169,0
503224032,0.0,,0.0,169,0
503224033,0.0,,0.0,169,0
503224034,0.0,,0.0,169,0
503224041,0.0,,0.0,169,0
503224042,0.0,,0.0,169,0
503224043,0.0,,0.0,169,0
503224051,0.0,,0.0,169,0
503224052,0.0,,0.0,169,0
503224054,0.0,,0.0,169,0
503224061,0.0,,0.0,169,0
503224063,0.0,,0.0,169,0
503224064,0.0,,0.0,169,0
503224071,0.0,,0.0,169,0
503224072,0.0,,0.0,169,0
503224081,0.0,,0.0,169,0
503224083,0.0,,0.0,169,0
503224084,0.0,,0.0,169,0
503224091,0.0,,0.0,169,0
503224092,0.0,,0.0,169,0
503224093,0.0,,0.0,169,0
503224104,0.0,,0.0,169,0
503224112,0.0,,0.0,169,0
503224114,0.0,,0.0,169,0
503224121,0.0,,0.0,169,0
503224122,0.0,,0.0,169,0
503224123,0.0,,0.0,169,0
503224124,0.0,,0.0,169,0
503224131,0.0,,0.0,169,0
503224132,0.0,,0.0,169,0
503224133,0.0,,0.0,169,0
503224134,0.0,,0.0,169,0
503224141,0.0,,0.0,169,0
503224143,0.0,,0.0,169,0
503224144,0.0,,0.0,169,0
503224152,0.0,,0.0,169,0
503224153,0.0,,0.0,169,0
503224154,0.0,,0.0,169,0
503224161,0.0,,0.0,169,0
503224162,0.0,,0.0,169,0
503224164,0.0,,0.0,169,0
503224171,0.0,,0.0,169,0
503224172,0.0,,0.0,169,0
503224173,0.0,,0.0,169,0
503224182,0.0,,0.0,169,0
503224202,0.0,,0.0,169,0
503224211,0.0,,0.0,169,0
503224212,0.0,,0.0,169,0
503224214,0.0,,0.0,169,0
503224221,0.0,,0.0,169,0
503224222,0.0,,0.0,169,0
503224224,0.0,,0.0,169,0
503224231,0.0,,0.0,169,0
503224232,0.0,,0.0,169,0
503224233,0.0,,0.0,169,0
503224234,0.0,,0.0,169,0
503224241,0.0,,0.0,169,0
503224242,0.0,,0.0,169,0
503224243,0.0,,0.0,169,0
503224244,0.0,,0.0,169,0
503224251,0.0,,0.0,169,0
503224252,0.0,,0.0,169,0
503224254,0.0,,0.0,169,0
503224261,0.0,,0.0,169,0
503224262,0.0,,0.0,169,0
503224263,0.0,,0.0,169,0
503224264,0.0,,0.0,169,0
503224271,0.0,,0.0,169,0
503224273,0.0,,0.0,169,0
503224301,0.0,,0.0,169,0
503224302,0.0,,0.0,169,0
503224303,0.0,,0.0,169,0
503224331,0.0,,0.0,169,0
503224332,0.0,,0.0,169,0
503224334,0.0,,0.0,169,0
503224341,0.0,,0.0,169,0
503224342,0.0,,0.0,169,0
503224343,0.0,,0.0,169,0
503224344,0.0,,0.0,169,0
503224351,0.0,,0.0,169,0
503224352,0.0,,0.0,169,0
503224353,0.0,,0.0,169,0
503224354,0.0,,0.0,169,0
503224361,0.0,,0.0,169,0
503224362,0.0,,0.0,169,0
503224363,0.0,,0.0,169,0
503224364,0.0,,0.0,169,0
503224371,0.0,,0.0,169,0
503224372,0.0,,0.0,169,0
503224373,0.0,,0.0,169,0
503224374,0.0,,0.0,169,0
503224383,0.0,,0.0,169,0
503224384,0.0,,0.0,169,0
503224401,0.0,,0.0,169,0
503224402,0.0,,0.0,169,0
503224403,0.0,,0.0,169,0
503224404,0.0,,0.0,169,0
503224441,0.0,,0.0,169,0
503224442,0.0,,0.0,169,0
503224443,0.0,,0.0,169,0
503224444,0.0,,0.0,169,0
503224452,0.0,,0.0,169,0
503224453,0.0,,0.0,169,0
503224454,0.0,,0.0,169,0
503224461,0.0,,0.0,169,0
503224462,0.0,,0.0,169,0
503224463,0.0,,0.0,169,0
503224464,0.0,,0.0,169,0
503224471,0.0,,0.0,169,0
503224472,0.0,,0.0,169,0
503224473,0.0,,0.0,169,0
503224474,0.0,,0.0,169,0
503224481,0.0,,0.0,169,0
503224482,0.0,,0.0,169,0
503224483,0.0,,0.0,169,0
503224491,0.0,,0.0,169,0
503224492,0.0,,0.0,169,0
503224493,0.0,,0.0,169,0
503224494,0.0,,0.0,169,0
503224501,0.0,,0.0,169,0
503224502,0.0,,0.0,169,0
503224503,0.0,,0.0,169,0
503224504,0.0,,0.0,169,0
503224532,0.0,,0.0,169,0
503224534,0.0,,0.0,169,0
503224542,0.0,,0.0,169,0
503224543,0.0,,0.0,169,0
503224544,0.0,,0.0,169,0
503224551,0.0,,0.0,169,0
503224552,0.0,,0.0,169,0
503224553,0.0,,0.0,169,0
503224561,0.0,,0.0,169,0
503224562,0.0,,0.0,169,0
503224571,0.0,,0.0,169,0
503224572,0.0,,0.0,169,0
503224581,0.0,,0.0,169,0
503224592,0.0,,0.0,169,0
503224593,0.0,,0.0,169,0
503224594,0.0,,0.0,169,0
503224603,0.0,,0.0,169,0
503224623,0.0,,0.0,169,0
503224624,0.0,,0.0,169,0
503224631,0.0,,0.0,169,0
503224632,0.0,,0.0,169,0
503224633,0.0,,0.0,169,0
503224634,0.0,,0.0,169,0
503224641,0.0,,0.0,169,0
503224642,0.0,,0.0,169,0
503224643,0.0,,0.0,169,0
503224644,0.0,,0.0,169,0
503224661,0.0,,0.0,169,0
503224663,0.0,,0.0,169,0
503224671,0.0,,0.0,169,0
503224681,0.0,,0.0,169,0
503224683,0.0,,0.0,169,0
503224684,0.0,,0.0,169,0
503224692,0.0,,0.0,169,0
503224694,0.0,,0.0,169,0
503224704,0.0,,0.0,169,0
503224714,0.0,,0.0,169,0
503224721,0.0,,0.0,169,0
503224722,0.0,,0.0,169,0
503224723,0.0,,0.0,169,0
503224731,0.0,,0.0,169,0
503224732,0.0,,0.0,169,0
503224733,0.0,,0.0,169,0
503224734,0.0,,0.0,169,0
503224741,0.0,,0.0,169,0
503224742,0.0,,0.0,169,0
503224743,0.0,,0.0,169,0
503224744,0.0,,0.0,169,0
503224751,0.0,,0.0,169,0
503224753,0.0,,0.0,169,0
503224764,0.0,,0.0,169,0
503224773,0.0,,0.0,169,0
503224782,0.0,,0.0,169,0
503224793,0.0,,0.0,169,0
503224794,0.0,,0.0,169,0
503224811,0.0,,0.0,169,0
503224813,0.0,,0.0,169,0
503224814,0.0,,0.0,169,0
503224821,0.0,,0.0,169,0
503224822,0.0,,0.0,169,0
503224823,0.0,,0.0,169,0
503224824,0.0,,0.0,169,0
503224831,0.0,,0.0,169,0
503224832,0.0,,0.0,169,0
503224833,0.0,,0.0,169,0
503224834,0.0,,0.0,169,0
503224841,0.0,,0.0,169,0
503224842,0.0,,0.0,169,0
503224843,0.0,,0.0,169,0
503224844,0.0,,0.0,169,0
503224872,0.0,,0.0,169,0
503224873,0.0,,0.0,169,0
503224874,0.0,,0.0,169,0
503224882,0.0,,0.0,169,0
503224884,0.0,,0.0,169,0
503224891,0.0,,0.0,169,0
503224894,0.0,,0.0,169,0
503224912,0.0,,0.0,169,0
503224913,0.0,,0.0,169,0
503224914,0.0,,0.0,169,0
503224921,0.0,,0.0,169,0
503224922,0.0,,0.0,169,0
503224923,0.0,,0.0,169,0
503224931,0.0,,0.0,169,0
503224932,0.0,,0.0,169,0
503224933,0.0,,0.0,169,0
503224934,0.0,,0.0,169,0
503224941,0.0,,0.0,169,0
503224942,0.0,,0.0,169,0
503224943,0.0,,0.0,169,0
503224944,0.0,,0.0,169,0
503224971,0.0,,0.0,169,0
503224972,0.0,,0.0,169,0
503224974,0.0,,0.0,169,0
503224981,0.0,,0.0,169,0
503224983,0.0,,0.0,169,0
503224984,0.0,,0.0,169,0
503224991,0.0,,0.0,169,0
503224992,0.0,,0.0,169,0
503224993,0.0,,0.0,169,0
503224994,0.0,,0.0,169,0
503225001,0.0,,0.0,169,0
503225003,0.0,,0.0,169,0
503225021,0.0,,0.0,169,0
503225043,0.0,,0.0,169,0
503225051,0.0,,0.0,169,0
503225052,0.0,,0.0,169,0
503225053,0.0,,0.0,169,0
503225054,0.0,,0.0,169,0
503225061,0.0,,0.0,169,0
503225063,0.0,,0.0,169,0
503225064,0.0,,0.0,169,0
503225072,0.0,,0.0,169,0
503225073,0.0,,0.0,169,0
503225074,0.0,,0.0,169,0
503225083,0.0,,0.0,169,0
503225084,0.0,,0.0,169,0
503225091,0.0,,0.0,169,0
503225092,0.0,,0.0,169,0
503225094,0.0,,0.0,169,0
503225171,0.0,,0.0,169,0
503225173,0.0,,0.0,169,0
503225181,0.0,,0.0,169,0
503225182,0.0,,0.0,169,0
503225183,0.0,,0.0,169,0
503225184,0.0,,0.0,169,0
503225192,0.0,,0.0,169,0
503225291,0.0,,0.0,169,0
503225292,0.0,,0.0,169,0
503225301,0.0,,0.0,169,0
503225401,0.0,,0.0,169,0
503225402,0.0,,0.0,169,0
503225404,0.0,,0.0,169,0
503225501,0.0,,0.0,169,0
503225503,0.0,,0.0,169,0
503225601,0.0,,0.0,169,0
503225603,0.0,,0.0,169,0
503225701,0.0,,0.0,169,0
503226001,0.0,,0.0,169,0
503226002,0.0,,0.0,169,0
503226003,0.0,,0.0,169,0
503226011,0.0,,0.0,169,0
503226012,0.0,,0.0,169,0
503226021,0.0,,0.0,169,0
503226031,0.0,,0.0,169,0
503226033,0.0,,0.0,169,0
503226034,0.0,,0.0,169,0
503226042,0.0,,0.0,169,0
503226101,0.0,,0.0,169,0
503226113,0.0,,0.0,169,0
503226114,0.0,,0.0,169,0
503226123,0.0,,0.0,169,0
503226131,0.0,,0.0,169,0
503226132,0.0,,0.0,169,0
503226134,0.0,,0.0,169,0
503226141,0.0,,0.0,169,0
503226143,0.0,,0.0,169,0
503226202,0.0,,0.0,169,0
503226203,0.0,,0.0,169,0
503226204,0.0,,0.0,169,0
503226213,0.0,,0.0,169,0
503226214,0.0,,0.0,169,0
503226222,0.0,,0.0,169,0
503226224,0.0,,0.0,169,0
503226231,0.0,,0.0,169,0
503226241,0.0,,0.0,169,0
503226242,0.0,,0.0,169,0
503226243,0.0,,0.0,169,0
503226244,0.0,,0.0,169,0
503226251,0.0,,0.0,169,0
503226252,0.0,,0.0,169,0
503226254,0.0,,0.0,169,0
503226311,0.0,,0.0,169,0
503226312,0.0,,0.0,169,0
503226313,0.0,,0.0,169,0
503226314,0.0,,0.0,169,0
503226341,0.0,,0.0,169,0
503226342,0.0,,0.0,169,0
503226351,0.0,,0.0,169,0
503226352,0.0,,0.0,169,0
503233064,0.011834319526627219,4.0,1.183431952662722,169,2
503233071,0.0,,0.0,169,0
503233072,0.0,,0.0,169,0
503233074,0.0,,0.0,169,0
503233083,0.0,,0.0,169,0
503233091,0.0,,0.0,169,0
503233092,0.0,,0.0,169,0
503233093,0.0,,0.0,169,0
503233094,0.0,,0.0,169,0
503233182,0.0,,0.0,169,0
503233191,0.0,,0.0,169,0
503233192,0.0,,0.0,169,0
503233193,0.011834319526627219,4.0,1.183431952662722,169,2
503233194,0.011834319526627219,4.0,1.183431952662722,169,2
503233282,0.047337278106508875,3.0,4.733727810650888,169,8
503233283,0.07100591715976332,4.0,7.100591715976331,169,12
503233284,0.08875739644970414,4.0,8.875739644970414,169,15
503233291,0.01775147928994083,3.0,1.7751479289940828,169,3
503233292,0.0,,0.0,169,0
503233293,0.0,,0.0,169,0
503233381,0.33727810650887574,4.0,33.72781065088758,169,57
503233383,0.3076923076923077,4.0,30.76923076923077,169,52
503233384,0.47928994082840237,4.0,47.928994082840234,169,81
503233391,0.0,,0.0,169,0
503233392,0.05917159763313609,4.0,5.9171597633136095,169,10
503233393,0.0,,0.0,169,0
503233394,0.0,,0.0,169,0
503233494,0.378698224852071,4.0,37.8698224852071,169,64
503234002,0.0,,0.0,169,0
503234003,0.0,,0.0,169,0
503234004,0.0,,0.0,169,0
503234011,0.0,,0.0,169,0
503234012,0.0,,0.0,169,0
503234013,0.0,,0.0,169,0
503234021,0.0,,0.0,169,0
503234031,0.0,,0.0,169,0
503234032,0.0,,0.0,169,0
503234043,0.0,,0.0,169,0
503234044,0.0,,0.0,169,0
503234054,0.0,,0.0,169,0
503234071,0.0,,0.0,169,0
503234072,0.0,,0.0,169,0
503234073,0.0,,0.0,169,0
503234074,0.0,,0.0,169,0
503234081,0.0,,0.0,169,0
503234082,0.0,,0.0,169,0
503234091,0.0,,0.0,169,0
503234092,0.0,,0.0,169,0
503234101,0.029585798816568046,4.0,2.9585798816568047,169,5
503234102,0.0,,0.0,169,0
503234103,0.0,,0.0,169,0
503234104,0.0,,0.0,169,0
503234111,0.0,,0.0,169,0
503234112,0.0,,0.0,169,0
503234113,0.0,,0.0,169,0
503234122,0.0,,0.0,169,0
503234124,0.0,,0.0,169,0
503234131,0.0,,0.0,169,0
503234133,0.0,,0.0,169,0
503234161,0.0,,0.0,169,0
503234164,0.0,,0.0,169,0
503234171,0.0,,0.0,169,0
503234173,0.0,,0.0,169,0
503234221,0.0,,0.0,169,0
503234222,0.0,,0.0,169,0
503234223,0.0,,0.0,169,0
503234233,0.0,,0.0,169,0
503234261,0.0,,0.0,169,0
503234262,0.0,,0.0,169,0
503234264,0.0,,0.0,169,0
503234271,0.0,,0.0,169,0
503234273,0.0,,0.0,169,0
503234302,0.0,,0.0,169,0
503234304,0.0,,0.0,169,0
503234311,0.0,,0.0,169,0
503234331,0.0,,0.0,169,0
503234361,0.0,,0.0,169,0
503234362,0.0,,0.0,169,0
503234363,0.0,,0.0,169,0
503234372,0.0,,0.0,169,0
503234401,0.0,,0.0,169,0
503234402,0.08284023668639054,4.0,8.284023668639055,169,14
503234403,0.0,,0.0,169,0
503234404,0.0,,0.0,169,0
503234411,0.0,,0.0,169,0
503234413,0.0,,0.0,169,0
503234414,0.0,,0.0,169,0
503234433,0.0,,0.0,169,0
503234511,0.0,,0.0,169,0
503234514,0.0,,0.0,169,0
503234521,0.0,,0.0,169,0
503234523,0.0,,0.0,169,0
503234524,0.0,,0.0,169,0
503234541,0.0,,0.0,169,0
503234542,0.0,,0.0,169,0
503234544,0.0,,0.0,169,0
503234621,0.03550295857988166,4.0,3.5502958579881656,169,6
503234631,0.0,,0.0,169,0
503234633,0.0,,0.0,169,0
503234634,0.0,,0.0,169,0
503234641,0.0,,0.0,169,0
503234644,0.0,,0.0,169,0
503234653,0.0,,0.0,169,0
503234664,0.0,,0.0,169,0
503234672,0.0,,0.0,169,0
503234673,0.0,,0.0,169,0
503234674,0.0,,0.0,169,0
503234741,0.0,,0.0,169,0
503234752,0.0,,0.0,169,0
503234753,0.0,,0.0,169,0
503234754,0.005917159763313609,3.0,0.591715976331361,169,1
503234761,0.0,,0.0,169,0
503234762,0.0,,0.0,169,0
503234763,0.0,,0.0,169,0
503234764,0.0,,0.0,169,0
503234771,0.0,,0.0,169,0
503234772,0.0,,0.0,169,0
503234774,0.0,,0.0,169,0
503234783,0.0,,0.0,169,0
503234784,0.0,,0.0,169,0
503234872,0.0,,0.0,169,0
503234873,0.0,,0.0,169,0
503234881,0.0,,0.0,169,0
503234882,0.0,,0.0,169,0
503234981,0.0,,0.0,169,0
503234984,0.0,,0.0,169,0
503235354,0.0,,0.0,169,0
503235361,0.0,,0.0,169,0
503235363,0.0,,0.0,169,0
503235431,0.0,,0.0,169,0
503235432,0.0,,0.0,169,0
503235441,0.0,,0.0,169,0
503235442,0.0,,0.0,169,0
503235451,0.0,,0.0,169,0
503235452,0.0,,0.0,169,0
503235453,0.0,,0.0,169,0
503235454,0.0,,0.0,169,0
503235462,0.0,,0.0,169,0
503235464,0.0,,0.0,169,0
503235473,0.0,,0.0,169,0
503235531,0.0,,0.0,169,0
503235533,0.0,,0.0,169,0
503235534,0.0,,0.0,169,0
503235552,0.0,,0.0,169,0
503235554,0.0,,0.0,169,0
503235563,0.0,,0.0,169,0
503235564,0.0,,0.0,169,0
503235573,0.0,,0.0,169,0
503235624,0.0,,0.0,169,0
503235631,0.0,,0.0,169,0
503235632,0.0,,0.0,169,0
503235633,0.0,,0.0,169,0
503235643,0.0,,0.0,169,0
503235644,0.0,,0.0,169,0
503235652,0.0,,0.0,169,0
503235653,0.0,,0.0,169,0
503235661,0.0,,0.0,169,0
503235662,0.0,,0.0,169,0
503235663,0.0,,0.0,169,0
503235664,0.0,,0.0,169,0
503235671,0.0,,0.0,169,0
503235672,0.0,,0.0,169,0
503235673,0.0,,0.0,169,0
503235674,0.0,,0.0,169,0
503235681,0.0,,0.0,169,0
503235683,0.0,,0.0,169,0
503235684,0.0,,0.0,169,0
503235691,0.0,,0.0,169,0
503235693,0.0,,0.0,169,0
503235722,0.0,,0.0,169,0
503235742,0.0,,0.0,169,0
503235751,0.0,,0.0,169,0
503235752,0.0,,0.0,169,0
503235754,0.0,,0.0,169,0
503235761,0.0,,0.0,169,0
503235762,0.0,,0.0,169,0
503235763,0.0,,0.0,169,0
503235764,0.0,,0.0,169,0
503235771,0.0,,0.0,169,0
503235772,0.0,,0.0,169,0
503235773,0.0,,0.0,169,0
503235774,0.0,,0.0,169,0
503235782,0.0,,0.0,169,0
503235784,0.0,,0.0,169,0
503235793,0.0,,0.0,169,0
503235794,0.0,,0.0,169,0
503235833,0.0,,0.0,169,0
503235852,0.0,,0.0,169,0
503235861,0.0,,0.0,169,0
503235862,0.0,,0.0,169,0
503235871,0.0,,0.0,169,0
503235872,0.0,,0.0,169,0
503235873,0.0,,0.0,169,0
503235874,0.0,,0.0,169,0
503235881,0.0,,0.0,169,0
503235882,0.0,,0.0,169,0
503235883,0.0,,0.0,169,0
503235884,0.0,,0.0,169,0
503235891,0.0,,0.0,169,0
503235892,0.0,,0.0,169,0
503235893,0.0,,0.0,169,0
503235894,0.0,,0.0,169,0
503235963,0.0,,0.0,169,0
503235971,0.0,,0.0,169,0
503235991,0.0,,0.0,169,0
503235992,0.0,,0.0,169,0
503236901,0.0,,0.0,169,0
503236902,0.0,,0.0,169,0
503244091,0.0,,0.0,169,0
503244093,0.0,,0.0,169,0
503244094,0.0,,0.0,169,0
503245011,0.0,,0.0,169,0
503245031,0.0,,0.0,169,0
503245032,0.0,,0.0,169,0
503245034,0.0,,0.0,169,0
503245044,0.0,,0.0,169,0
503245051,0.0,,0.0,169,0
503245052,0.0,,0.0,169,0
503245053,0.0,,0.0,169,0
503245054,0.0,,0.0,169,0
503245061,0.0,,0.0,169,0
503245063,0.0,,0.0,169,0
503245101,0.011834319526627219,3.0,1.183431952662722,169,2
503245103,0.0,,0.0,169,0
503245104,0.0,,0.0,169,0
503245114,0.0,,0.0,169,0
503245123,0.0,,0.0,169,0
503245124,0.0,,0.0,169,0
503245131,0.0,,0.0,169,0
503245133,0.0,,0.0,169,0
503245134,0.0,,0.0,169,0
503245143,0.0,,0.0,169,0
503245151,0.0,,0.0,169,0
503245153,0.0,,0.0,169,0
503245154,0.0,,0.0,169,0
503245161,0.0,,0.0,169,0
503245162,0.0,,0.0,169,0
503245164,0.0,,0.0,169,0
503245171,0.0,,0.0,169,0
503245173,0.0,,0.0,169,0
503245174,0.0,,0.0,169,0
503245183,0.0,,0.0,169,0
503245184,0.0,,0.0,169,0
503245193,0.0,,0.0,169,0
503245194,0.0,,0.0,169,0
503245211,0.0,,0.0,169,0
503245212,0.2485207100591716,4.0,24.85207100591716,169,42
503245213,0.0,,0.0,169,0
503245214,0.01775147928994083,4.0,1.7751479289940828,169,3
503245221,0.0,,0.0,169,0
503245241,0.0,,0.0,169,0
503245242,0.0,,0.0,169,0
503245251,0.0,,0.0,169,0
503245252,0.0,,0.0,169,0
503245254,0.0,,0.0,169,0
503245261,0.0,,0.0,169,0
503245262,0.0,,0.0,169,0
503245263,0.0,,0.0,169,0
503245264,0.0,,0.0,169,0
503245271,0.0,,0.0,169,0
503245273,0.0,,0.0,169,0
503245281,0.0,,0.0,169,0
503245284,0.0,,0.0,169,0
503245291,0.0,,0.0,169,0
503245292,0.0,,0.0,169,0
503245293,0.0,,0.0,169,0
503245321,0.0,,0.0,169,0
503245323,0.0,,0.0,169,0
503245362,0.0,,0.0,169,0
503245364,0.0,,0.0,169,0
503245371,0.0,,0.0,169,0
503245373,0.0,,0.0,169,0
503245381,0.0,,0.0,169,0
503245382,0.0,,0.0,169,0
503245383,0.0,,0.0,169,0
503245391,0.0,,0.0,169,0
503245433,0.0,,0.0,169,0
503245462,0.0,,0.0,169,0
503245464,0.0,,0.0,169,0
503245481,0.0,,0.0,169,0
503245531,0.023668639053254437,4.0,2.366863905325444,169,4
503245532,0.01775147928994083,4.0,1.7751479289940828,169,3
503245534,0.0,,0.0,169,0
503245541,0.0,,0.0,169,0
503245544,0.0,,0.0,169,0
503245553,0.0,,0.0,169,0
503245562,0.0,,0.0,169,0
503245563,0.0,,0.0,169,0
503245564,0.0,,0.0,169,0
503245571,0.0,,0.0,169,0
503245572,0.0,,0.0,169,0
503245573,0.0,,0.0,169,0
503245584,0.0,,0.0,169,0
503245641,0.0,,0.0,169,0
503245642,0.0,,0.0,169,0
503245644,0.0,,0.0,169,0
503245662,0.0,,0.0,169,0
503245663,0.0,,0.0,169,0
503245664,0.0,,0.0,169,0
503245671,0.0,,0.0,169,0
503245672,0.0,,0.0,169,0
503245674,0.0,,0.0,169,0
503245682,0.0,,0.0,169,0
503245683,0.0,,0.0,169,0
503245684,0.0,,0.0,169,0
503245691,0.0,,0.0,169,0
503245692,0.0,,0.0,169,0
503245693,0.0,,0.0,169,0
503245694,0.0,,0.0,169,0
503245742,0.005917159763313609,4.0,0.591715976331361,169,1
503245751,0.0,,0.0,169,0
503245752,0.0,,0.0,169,0
503245753,0.0,,0.0,169,0
503245754,0.0,,0.0,169,0
503245761,0.0,,0.0,169,0
503245762,0.0,,0.0,169,0
503245763,0.0,,0.0,169,0
503245782,0.0,,0.0,169,0
503245784,0.0,,0.0,169,0
503245841,0.023668639053254437,4.0,2.366863905325444,169,4
503245842,0.23668639053254437,4.0,23.668639053254438,169,40
503245843,0.0,,0.0,169,0
503245844,0.011834319526627219,3.0,1.183431952662722,169,2
503245851,0.0,,0.0,169,0
503245852,0.0,,0.0,169,0
503245853,0.0,,0.0,169,0
503245854,0.0,,0.0,169,0
503245863,0.0,,0.0,169,0
503245864,0.0,,0.0,169,0
503245874,0.0,,0.0,169,0
503245882,0.0,,0.0,169,0
503245951,0.0,,0.0,169,0
503245952,0.5207100591715976,4.0,52.071005917159766,169,88
503245953,0.0,,0.0,169,0
503245954,0.005917159763313609,1.0,0.591715976331361,169,1
503245961,0.0,,0.0,169,0
503245962,0.0,,0.0,169,0
503245963,0.0,,0.0,169,0
503245964,0.0,,0.0,169,0
503245971,0.0,,0.0,169,0
503245973,0.0,,0.0,169,0
503246002,0.0,,0.0,169,0
503246004,0.0,,0.0,169,0
503246462,0.0,,0.0,169,0
503246463,0.0,,0.0,169,0
503246464,0.0,,0.0,169,0
503246484,0.0,,0.0,169,0
503246502,0.0,,0.0,169,0
503246504,0.0,,0.0,169,0
503246553,0.0,,0.0,169,0
503246601,0.0,,0.0,169,0
503246662,0.0,,0.0,169,0
503246663,0.0,,0.0,169,0
503246664,0.0,,0.0,169,0
503246671,0.0,,0.0,169,0
503246673,0.0,,0.0,169,0
503246674,0.0,,0.0,169,0
503246761,0.0,,0.0,169,0
503246762,0.0,,0.0,169,0
503246764,0.0,,0.0,169,0
503246772,0.0,,0.0,169,0
503246773,0.0,,0.0,169,0
503246851,0.0,,0.0,169,0
503246861,0.0,,0.0,169,0
503246862,0.0,,0.0,169,0
503246863,0.0,,0.0,169,0
503246864,0.0,,0.0,169,0
503246871,0.0,,0.0,169,0
503246872,0.0,,0.0,169,0
503246873,0.0,,0.0,169,0
503246874,0.0,,0.0,169,0
503246881,0.0,,0.0,169,0
503246883,0.0,,0.0,169,0
503246884,0.0,,0.0,169,0
503246954,0.0,,0.0,169,0
503246961,0.0,,0.0,169,0
503246962,0.0,,0.0,169,0
503246963,0.0,,0.0,169,0
503246964,0.0,,0.0,169,0
503246971,0.0,,0.0,169,0
503255061,0.01775147928994083,2.0,1.7751479289940828,169,3
503255062,0.650887573964497,4.0,65.08875739644971,169,110
503255063,0.0,,0.0,169,0
503255064,0.0,,0.0,169,0
503255071,0.0,,0.0,169,0
503255072,0.0,,0.0,169,0
503255073,0.0,,0.0,169,0
503255074,0.0,,0.0,169,0
503255083,0.0,,0.0,169,0
503255084,0.0,,0.0,169,0
503255161,0.8284023668639053,4.0,82.84023668639054,169,140
503255162,1.0,4.0,100.0,169,169
503255163,0.023668639053254437,3.0,2.366863905325444,169,4
503255164,0.44970414201183434,4.0,44.97041420118343,169,76
503255171,0.0,,0.0,169,0
503255172,0.0,,0.0,169,0
503255173,0.0,,0.0,169,0
503255174,0.0,,0.0,169,0
503255181,0.0,,0.0,169,0
503255182,0.0,,0.0,169,0
503255183,0.0,,0.0,169,0
503255184,0.0,,0.0,169,0
503255191,0.0,,0.0,169,0
503255193,0.0,,0.0,169,0
503255194,0.0,,0.0,169,0
503255261,0.9349112426035503,4.0,93.49112426035504,169,158
503255262,0.9526627218934911,4.0,95.26627218934911,169,161
503255263,0.4437869822485207,3.0,44.37869822485207,169,75
503255264,0.9171597633136095,4.0,91.71597633136095,169,155
503255271,0.005917159763313609,2.0,0.591715976331361,169,1
503255272,0.14792899408284024,2.0,14.792899408284024,169,25
503255273,0.0,,0.0,169,0
503255274,0.0,,0.0,169,0
503255281,0.0,,0.0,169,0
503255282,0.0,,0.0,169,0
503255283,0.0,,0.0,169,0
503255284,0.0,,0.0,169,0
503255291,0.0,,0.0,169,0
503255292,0.0,,0.0,169,0
503255293,0.0,,0.0,169,0
503255294,0.0,,0.0,169,0
503255361,1.0,4.0,100.0,169,169
503255362,1.0,4.0,100.0,169,169
503255363,0.8579881656804734,4.0,85.79881656804734,169,145
503255364,0.6568047337278107,4.0,65.68047337278107,169,111
503255371,0.029585798816568046,2.0,2.9585798816568047,169,5
503255372,0.05917159763313609,3.0,5.9171597633136095,169,10
503255373,0.0,,0.0,169,0
503255374,0.0,,0.0,169,0
503255381,0.0,,0.0,169,0
503255382,0.0,,0.0,169,0
503255383,0.0,,0.0,169,0
503255384,0.0,,0.0,169,0
503255391,0.0,,0.0,169,0
503255392,0.0,,0.0,169,0
503255393,0.0,,0.0,169,0
503255394,0.0,,0.0,169,0
503255452,0.04142011834319527,4.0,4.142011834319527,169,7
503255461,0.9408284023668639,4.0,94.0828402366864,169,159
503255462,0.9112426035502958,4.0,91.12426035502959,169,154
503255463,0.9585798816568047,4.0,95.85798816568047,169,162
503255464,0.9704142011834319,4.0,97.0414201183432,169,164
503255471,0.10059171597633136,3.0,10.059171597633137,169,17
503255472,0.2603550295857988,3.0,26.035502958579883,169,44
503255473,0.0,,0.0,169,0
503255474,0.0,,0.0,169,0
503255481,0.0,,0.0,169,0
503255482,0.0,,0.0,169,0
503255483,0.0,,0.0,169,0
503255484,0.0,,0.0,169,0
503255491,0.0,,0.0,169,0
503255492,0.0,,0.0,169,0
503255493,0.0,,0.0,169,0
503255494,0.0,,0.0,169,0
503255554,0.8165680473372781,4.0,81.65680473372781,169,138
503255561,0.9940828402366864,4.0,99.40828402366864,169,168
503255562,0.8698224852071006,4.0,86.98224852071006,169,147
503255563,0.9289940828402367,4.0,92.89940828402366,169,157
503255564,0.7337278106508875,4.0,73.37278106508876,169,124
503255571,0.1834319526627219,2.0,18.34319526627219,169,31
503255572,0.08284023668639054,2.0,8.284023668639055,169,14
503255573,0.0,,0.0,169,0
503255574,0.0,,0.0,169,0
503255581,0.0,,0.0,169,0
503255582,0.0,,0.0,169,0
503255583,0.0,,0.0,169,0
503255584,0.0,,0.0,169,0
503255591,0.0,,0.0,169,0
503255592,0.0,,0.0,169,0
503255593,0.0,,0.0,169,0
503255594,0.0,,0.0,169,0
503255652,0.17159763313609466,4.0,17.159763313609467,169,29
503255654,0.2781065088757396,4.0,27.810650887573964,169,47
503255661,0.9467455621301775,4.0,94.67455621301775,169,160
503255662,0.15384615384615385,3.0,15.384615384615385,169,26
503255663,0.5325443786982249,4.0,53.25443786982249,169,90
503255664,0.047337278106508875,2.0,4.733727810650888,169,8
503255671,0.0,,0.0,169,0
503255672,0.0,,0.0,169,0
503255673,0.0,,0.0,169,0
503255674,0.0,,0.0,169,0
503255681,0.0,,0.0,169,0
503255682,0.0,,0.0,169,0
503255683,0.0,,0.0,169,0
503255684,0.0,,0.0,169,0
503255691,0.0,,0.0,169,0
503255692,0.0,,0.0,169,0
503255694,0.0,,0.0,169,0
503255754,0.33727810650887574,4.0,33.72781065088758,169,57
503255761,0.5088757396449705,4.0,50.887573964497044,169,86
503255762,0.08875739644970414,3.0,8.875739644970414,169,15
503255763,0.0,,0.0,169,0
503255764,0.011834319526627219,2.0,1.183431952662722,169,2
503255771,0.0,,0.0,169,0
503255772,0.0,,0.0,169,0
503255773,0.0,,0.0,169,0
503255774,0.0,,0.0,169,0
503255781,0.0,,0.0,169,0
503255782,0.0,,0.0,169,0
503255783,0.0,,0.0,169,0
503255784,0.0,,0.0,169,0
503255791,0.0,,0.0,169,0
503255792,0.0,,0.0,169,0
503255793,0.0,,0.0,169,0
503255794,0.0,,0.0,169,0
503255861,0.15384615384615385,4.0,15.384615384615385,169,26
503255862,0.0,,0.0,169,0
503255864,0.0,,0.0,169,0
503255871,0.0,,0.0,169,0
503255872,0.0,,0.0,169,0
503255873,0.0,,0.0,169,0
503255874,0.0,,0.0,169,0
503255881,0.0,,0.0,169,0
503255882,0.0,,0.0,169,0
503255883,0.0,,0.0,169,0
503255884,0.0,,0.0,169,0
503255891,0.0,,0.0,169,0
503255892,0.0,,0.0,169,0
503255893,0.0,,0.0,169,0
503255894,0.0,,0.0,169,0
503255961,0.0,,0.0,169,0
503255962,0.0,,0.0,169,0
503255964,0.0,,0.0,169,0
503255971,0.0,,0.0,169,0
503255972,0.0,,0.0,169,0
503255973,0.0,,0.0,169,0
503255974,0.0,,0.0,169,0
503255981,0.0,,0.0,169,0
503255982,0.0,,0.0,169,0
503255983,0.0,,0.0,169,0
503255984,0.0,,0.0,169,0
503255991,0.0,,0.0,169,0
503255992,0.0,,0.0,169,0
503255993,0.0,,0.0,169,0
503255994,0.0,,0.0,169,0
503256051,0.0,,0.0,169,0
503256052,0.0,,0.0,169,0
503256053,0.0,,0.0,169,0
503256054,0.0,,0.0,169,0
503256061,0.0,,0.0,169,0
503256134,0.0,,0.0,169,0
503256141,0.0,,0.0,169,0
503256142,0.0,,0.0,169,0
503256143,0.0,,0.0,169,0
503256144,0.0,,0.0,169,0
503256151,0.0,,0.0,169,0
503256152,0.0,,0.0,169,0
503256153,0.0,,0.0,169,0
503256154,0.0,,0.0,169,0
503256163,0.0,,0.0,169,0
503256201,0.0,,0.0,169,0
503256203,0.0,,0.0,169,0
503256212,0.0,,0.0,169,0
503256233,0.0,,0.0,169,0
503256234,0.0,,0.0,169,0
503256241,0.0,,0.0,169,0
503256242,0.0,,0.0,169,0
503256243,0.0,,0.0,169,0
503256244,0.0,,0.0,169,0
503256251,0.0,,0.0,169,0
503256252,0.0,,0.0,169,0
503256253,0.0,,0.0,169,0
503256254,0.0,,0.0,169,0
503256261,0.0,,0.0,169,0
503256262,0.0,,0.0,169,0
503256263,0.0,,0.0,169,0
503256264,0.0,,0.0,169,0
503256271,0.0,,0.0,169,0
503256301,0.0,,0.0,169,0
503256302,0.0,,0.0,169,0
503256303,0.0,,0.0,169,0
503256304,0.0,,0.0,169,0
503256333,0.0,,0.0,169,0
503256341,0.0,,0.0,169,0
503256342,0.0,,0.0,169,0
503256343,0.0,,0.0,169,0
503256344,0.0,,0.0,169,0
503256351,0.0,,0.0,169,0
503256352,0.0,,0.0,169,0
503256353,0.0,,0.0,169,0
503256354,0.0,,0.0,169,0
503256361,0.0,,0.0,169,0
503256362,0.0,,0.0,169,0
503256363,0.0,,0.0,169,0
503256364,0.0,,0.0,169,0
503256401,0.0,,0.0,169,0
503256402,0.0,,0.0,169,0
503256403,0.0,,0.0,169,0
503256404,0.0,,0.0,169,0
503256411,0.0,,0.0,169,0
503256412,0.0,,0.0,169,0
503256413,0.0,,0.0,169,0
503256424,0.0,,0.0,169,0
503256432,0.0,,0.0,169,0
503256434,0.0,,0.0,169,0
503256441,0.0,,0.0,169,0
503256442,0.0,,0.0,169,0
503256443,0.0,,0.0,169,0
503256444,0.0,,0.0,169,0
503256451,0.0,,0.0,169,0
503256452,0.0,,0.0,169,0
503256453,0.0,,0.0,169,0
503256454,0.0,,0.0,169,0
503256501,0.0,,0.0,169,0
503256502,0.0,,0.0,169,0
503256503,0.0,,0.0,169,0
503256504,0.0,,0.0,169,0
503256511,0.0,,0.0,169,0
503256514,0.0,,0.0,169,0
503256521,0.0,,0.0,169,0
503256522,0.0,,0.0,169,0
503256523,0.0,,0.0,169,0
503256524,0.0,,0.0,169,0
503256531,0.0,,0.0,169,0
503256532,0.0,,0.0,169,0
503256533,0.0,,0.0,169,0
503256534,0.0,,0.0,169,0
503256541,0.0,,0.0,169,0
503256542,0.0,,0.0,169,0
503256543,0.0,,0.0,169,0
503256544,0.0,,0.0,169,0
503256551,0.0,,0.0,169,0
503256552,0.0,,0.0,169,0
503256553,0.0,,0.0,169,0
503256554,0.0,,0.0,169,0
503256561,0.0,,0.0,169,0
503256564,0.0,,0.0,169,0
503256572,0.0,,0.0,169,0
503256601,0.0,,0.0,169,0
503256602,0.0,,0.0,169,0
503256603,0.0,,0.0,169,0
503256604,0.0,,0.0,169,0
503256611,0.0,,0.0,169,0
503256612,0.0,,0.0,169,0
503256613,0.0,,0.0,169,0
503256614,0.0,,0.0,169,0
503256621,0.0,,0.0,169,0
503256622,0.0,,0.0,169,0
503256623,0.0,,0.0,169,0
503256624,0.0,,0.0,169,0
503256631,0.0,,0.0,169,0
503256632,0.0,,0.0,169,0
503256633,0.0,,0.0,169,0
503256634,0.0,,0.0,169,0
503256641,0.0,,0.0,169,0
503256642,0.0,,0.0,169,0
503256643,0.0,,0.0,169,0
503256644,0.0,,0.0,169,0
503256651,0.0,,0.0,169,0
503256652,0.0,,0.0,169,0
503256653,0.0,,0.0,169,0
503256654,0.0,,0.0,169,0
503256661,0.0,,0.0,169,0
503256662,0.0,,0.0,169,0
503256663,0.0,,0.0,169,0
503256664,0.0,,0.0,169,0
503256671,0.0,,0.0,169,0
503256672,0.0,,0.0,169,0
503256673,0.0,,0.0,169,0
503256674,0.0,,0.0,169,0
503256682,0.0,,0.0,169,0
503256684,0.0,,0.0,169,0
503256701,0.0,,0.0,169,0
503256702,0.0,,0.0,169,0
503256703,0.0,,0.0,169,0
503256704,0.0,,0.0,169,0
503256711,0.0,,0.0,169,0
503256712,0.0,,0.0,169,0
503256713,0.0,,0.0,169,0
503256714,0.0,,0.0,169,0
503256721,0.0,,0.0,169,0
503256722,0.0,,0.0,169,0
503256723,0.0,,0.0,169,0
503256724,0.0,,0.0,169,0
503256731,0.0,,0.0,169,0
503256732,0.0,,0.0,169,0
503256733,0.0,,0.0,169,0
503256734,0.0,,0.0,169,0
503256741,0.0,,0.0,169,0
503256742,0.0,,0.0,169,0
503256743,0.0,,0.0,169,0
503256744,0.0,,0.0,169,0
503256751,0.0,,0.0,169,0
503256752,0.0,,0.0,169,0
503256753,0.0,,0.0,169,0
503256754,0.0,,0.0,169,0
503256761,0.0,,0.0,169,0
503256762,0.0,,0.0,169,0
503256763,0.0,,0.0,169,0
503256764,0.0,,0.0,169,0
503256771,0.0,,0.0,169,0
503256772,0.0,,0.0,169,0
503256773,0.0,,0.0,169,0
503256774,0.0,,0.0,169,0
503256781,0.0,,0.0,169,0
503256782,0.0,,0.0,169,0
503256783,0.0,,0.0,169,0
503256792,0.0,,0.0,169,0
503256801,0.0,,0.0,169,0
503256802,0.0,,0.0,169,0
503256803,0.0,,0.0,169,0
503256804,0.0,,0.0,169,0
503256811,0.0,,0.0,169,0
503256812,0.0,,0.0,169,0
503256813,0.0,,0.0,169,0
503256814,0.0,,0.0,169,0
503256821,0.0,,0.0,169,0
503256822,0.0,,0.0,169,0
503256823,0.0,,0.0,169,0
503256824,0.0,,0.0,169,0
503256831,0.0,,0.0,169,0
503256832,0.0,,0.0,169,0
503256833,0.0,,0.0,169,0
503256834,0.0,,0.0,169,0
503256841,0.0,,0.0,169,0
503256842,0.0,,0.0,169,0
503256843,0.0,,0.0,169,0
503256851,0.0,,0.0,169,0
503256861,0.0,,0.0,169,0
503256862,0.0,,0.0,169,0
503256872,0.0,,0.0,169,0
503256881,0.0,,0.0,169,0
503256882,0.0,,0.0,169,0
503256883,0.0,,0.0,169,0
503256901,0.0,,0.0,169,0
503256902,0.0,,0.0,169,0
503256903,0.0,,0.0,169,0
503256904,0.0,,0.0,169,0
503256911,0.0,,0.0,169,0
503256912,0.0,,0.0,169,0
503256913,0.0,,0.0,169,0
503256914,0.0,,0.0,169,0
503256921,0.0,,0.0,169,0
503256922,0.0,,0.0,169,0
503256923,0.0,,0.0,169,0
503256924,0.0,,0.0,169,0
503256931,0.0,,0.0,169,0
503256932,0.0,,0.0,169,0
503256933,0.0,,0.0,169,0
503256934,0.0,,0.0,169,0
503256941,0.0,,0.0,169,0
503256943,0.0,,0.0,169,0
503256981,0.0,,0.0,169,0
503256982,0.0,,0.0,169,0
503256983,0.0,,0.0,169,0
503257884,0.0,,0.0,169,0
503257893,0.0,,0.0,169,0
503257894,0.0,,0.0,169,0
503257983,0.0,,0.0,169,0
503257991,0.0,,0.0,169,0
503265062,0.1301775147928994,3.0,13.017751479289942,169,22
503265064,0.0,,0.0,169,0
503265071,0.0,,0.0,169,0
503265072,0.0,,0.0,169,0
503265073,0.0,,0.0,169,0
503265074,0.0,,0.0,169,0
503265081,0.0,,0.0,169,0
503265082,0.0,,0.0,169,0
503265083,0.0,,0.0,169,0
503265084,0.0,,0.0,169,0
503265091,0.0,,0.0,169,0
503265092,0.0,,0.0,169,0
503265093,0.0,,0.0,169,0
503265094,0.0,,0.0,169,0
503265162,0.6923076923076923,4.0,69.23076923076923,169,117
503265164,0.5798816568047337,3.0,57.98816568047337,169,98
503265172,0.11242603550295859,3.0,11.242603550295858,169,19
503265173,0.0,,0.0,169,0
503265174,0.005917159763313609,1.0,0.591715976331361,169,1
503265181,0.0,,0.0,169,0
503265182,0.0,,0.0,169,0
503265183,0.0,,0.0,169,0
503265184,0.0,,0.0,169,0
503265192,0.0,,0.0,169,0
503265193,0.0,,0.0,169,0
503265194,0.0,,0.0,169,0
503265271,0.10059171597633136,3.0,10.059171597633137,169,17
503265272,0.20118343195266272,3.0,20.118343195266274,169,34
503265273,0.14201183431952663,3.0,14.201183431952662,169,24
503265274,0.5976331360946746,4.0,59.76331360946746,169,101
503265281,0.0,,0.0,169,0
503265282,0.03550295857988166,3.0,3.5502958579881656,169,6
503265283,0.0,,0.0,169,0
503265284,0.0,,0.0,169,0
503265291,0.0,,0.0,169,0
503265292,0.0,,0.0,169,0
503265293,0.0,,0.0,169,0
503265294,0.0,,0.0,169,0
503265364,0.42011834319526625,3.0,42.01183431952663,169,71
503265371,0.22485207100591717,3.0,22.485207100591715,169,38
503265372,0.591715976331361,4.0,59.171597633136095,169,100
503265373,0.9467455621301775,4.0,94.67455621301775,169,160
503265374,0.9704142011834319,4.0,97.0414201183432,169,164
503265381,0.5798816568047337,4.0,57.98816568047337,169,98
503265382,0.7218934911242604,4.0,72.18934911242604,169,122
503265383,0.0,,0.0,169,0
503265384,0.0,,0.0,169,0
503265391,0.0,,0.0,169,0
503265392,0.0,,0.0,169,0
503265393,0.0,,0.0,169,0
503265394,0.0,,0.0,169,0
503265464,0.011834319526627219,2.0,1.183431952662722,169,2
503265471,0.6331360946745562,4.0,63.31360946745562,169,107
503265472,0.4437869822485207,4.0,44.37869822485207,169,75
503265473,0.8816568047337278,4.0,88.16568047337277,169,149
503265474,0.20710059171597633,4.0,20.710059171597635,169,35
503265481,0.20710059171597633,4.0,20.710059171597635,169,35
503265482,0.0,,0.0,169,0
503265483,0.0,,0.0,169,0
503265484,0.0,,0.0,169,0
503265491,0.0,,0.0,169,0
503265492,0.0,,0.0,169,0
503265493,0.0,,0.0,169,0
503265494,0.0,,0.0,169,0
503265541,0.023668639053254437,4.0,2.366863905325444,169,4
503265542,0.16568047337278108,4.0,16.56804733727811,169,28
503265543,0.13609467455621302,4.0,13.609467455621301,169,23
503265561,0.07100591715976332,3.0,7.100591715976331,169,12
503265562,0.10059171597633136,3.0,10.059171597633137,169,17
503265563,0.0,,0.0,169,0
503265571,0.0,,0.0,169,0
503265572,0.0,,0.0,169,0
503265573,0.0,,0.0,169,0
503265574,0.0,,0.0,169,0
503265582,0.0,,0.0,169,0
503265583,0.0,,0.0,169,0
503265584,0.0,,0.0,169,0
503265591,0.0,,0.0,169,0
503265592,0.0,,0.0,169,0
503265593,0.0,,0.0,169,0
503265594,0.0,,0.0,169,0
503265634,0.10650887573964497,4.0,10.650887573964498,169,18
503265641,0.05917159763313609,4.0,5.9171597633136095,169,10
503265661,0.10059171597633136,3.0,10.059171597633137,169,17
503265663,0.0,,0.0,169,0
503265664,0.03550295857988166,3.0,3.5502958579881656,169,6
503265671,0.0,,0.0,169,0
503265672,0.0,,0.0,169,0
503265673,0.0,,0.0,169,0
503265674,0.0,,0.0,169,0
503265681,0.10650887573964497,4.0,10.650887573964498,169,18
503265682,0.5029585798816568,4.0,50.29585798816568,169,85
503265683,0.3254437869822485,3.0,32.544378698224854,169,55
503265684,0.8579881656804734,4.0,85.79881656804734,169,145
503265691,0.011834319526627219,1.0,1.183431952662722,169,2
503265692,0.1834319526627219,3.0,18.34319526627219,169,31
503265693,0.0,,0.0,169,0
503265694,0.0,,0.0,169,0
503265711,0.047337278106508875,4.0,4.733727810650888,169,8
503265734,0.047337278106508875,4.0,4.733727810650888,169,8
503265772,0.0,,0.0,169,0
503265774,0.08875739644970414,4.0,8.875739644970414,169,15
503265781,0.727810650887574,4.0,72.7810650887574,169,123
503265782,0.8875739644970414,4.0,88.75739644970415,169,150
503265783,0.9526627218934911,4.0,95.26627218934911,169,161
503265784,0.7751479289940828,4.0,77.51479289940828,169,131
503265791,0.7633136094674556,4.0,76.33136094674556,169,129
503265792,0.591715976331361,4.0,59.171597633136095,169,100
503265793,0.03550295857988166,1.0,3.5502958579881656,169,6
503265794,0.08284023668639054,4.0,8.284023668639055,169,14
503265831,0.14201183431952663,4.0,14.201183431952662,169,24
503265832,0.0,,0.0,169,0
503265842,0.08284023668639054,4.0,8.284023668639055,169,14
503265843,0.1834319526627219,4.0,18.34319526627219,169,31
503265844,0.03550295857988166,4.0,3.5502958579881656,169,6
503265881,0.11242603550295859,4.0,11.242603550295858,169,19
503265891,0.7751479289940828,4.0,77.51479289940828,169,131
503265943,0.0,,0.0,169,0
503265944,0.0,,0.0,169,0
503266001,0.0,,0.0,169,0
503266002,0.0,,0.0,169,0
503266003,0.0,,0.0,169,0
503266004,0.0,,0.0,169,0
503266011,0.0,,0.0,169,0
503266012,0.0,,0.0,169,0
503266013,0.0,,0.0,169,0
503266014,0.0,,0.0,169,0
503266021,0.0,,0.0,169,0
503266022,0.0,,0.0,169,0
503266023,0.0,,0.0,169,0
503266024,0.0,,0.0,169,0
503266031,0.0,,0.0,169,0
503266032,0.0,,0.0,169,0
503266033,0.0,,0.0,169,0
503266034,0.0,,0.0,169,0
503266041,0.0,,0.0,169,0
503266043,0.0,,0.0,169,0
503266044,0.0,,0.0,169,0
503266053,0.0,,0.0,169,0
503266081,0.0,,0.0,169,0
503266083,0.0,,0.0,169,0
503266101,0.0,,0.0,169,0
503266102,0.0,,0.0,169,0
503266103,0.0,,0.0,169,0
503266104,0.0,,0.0,169,0
503266111,0.0,,0.0,169,0
503266112,0.0,,0.0,169,0
503266113,0.0,,0.0,169,0
503266114,0.0,,0.0,169,0
503266121,0.0,,0.0,169,0
503266122,0.0,,0.0,169,0
503266123,0.0,,0.0,169,0
503266124,0.0,,0.0,169,0
503266131,0.0,,0.0,169,0
503266132,0.0,,0.0,169,0
503266133,0.0,,0.0,169,0
503266134,0.0,,0.0,169,0
503266141,0.0,,0.0,169,0
503266142,0.0,,0.0,169,0
503266143,0.0,,0.0,169,0
503266144,0.0,,0.0,169,0
503266153,0.0,,0.0,169,0
503266201,0.0,,0.0,169,0
503266202,0.0,,0.0,169,0
503266203,0.0,,0.0,169,0
503266204,0.0,,0.0,169,0
503266211,0.0,,0.0,169,0
503266212,0.0,,0.0,169,0
503266213,0.0,,0.0,169,0
503266214,0.0,,0.0,169,0
503266221,0.0,,0.0,169,0
503266222,0.0,,0.0,169,0
503266223,0.0,,0.0,169,0
503266224,0.0,,0.0,169,0
503266231,0.0,,0.0,169,0
503266232,0.0,,0.0,169,0
503266233,0.0,,0.0,169,0
503266241,0.0,,0.0,169,0
503266242,0.0,,0.0,169,0
503266243,0.0,,0.0,169,0
503266244,0.0,,0.0,169,0
503266253,0.0,,0.0,169,0
503266301,0.0,,0.0,169,0
503266302,0.0,,0.0,169,0
503266303,0.0,,0.0,169,0
503266304,0.0,,0.0,169,0
503266311,0.0,,0.0,169,0
503266312,0.0,,0.0,169,0
503266313,0.0,,0.0,169,0
503266314,0.0,,0.0,169,0
503266321,0.0,,0.0,169,0
503266322,0.0,,0.0,169,0
503266323,0.0,,0.0,169,0
503266324,0.0,,0.0,169,0
503266331,0.0,,0.0,169,0
503266332,0.0,,0.0,169,0
503266333,0.0,,0.0,169,0
503266341,0.0,,0.0,169,0
503266342,0.0,,0.0,169,0
503266343,0.0,,0.0,169,0
503266351,0.0,,0.0,169,0
503266352,0.0,,0.0,169,0
503266353,0.0,,0.0,169,0
503266354,0.0,,0.0,169,0
503266401,0.0,,0.0,169,0
503266402,0.0,,0.0,169,0
503266403,0.0,,0.0,169,0
503266404,0.0,,0.0,169,0
503266411,0.0,,0.0,169,0
503266412,0.0,,0.0,169,0
503266413,0.0,,0.0,169,0
503266421,0.0,,0.0,169,0
503266422,0.0,,0.0,169,0
503266423,0.0,,0.0,169,0
503266424,0.0,,0.0,169,0
503266431,0.0,,0.0,169,0
503266432,0.0,,0.0,169,0
503266433,0.0,,0.0,169,0
503266434,0.0,,0.0,169,0
503266441,0.0,,0.0,169,0
503266442,0.0,,0.0,169,0
503266443,0.0,,0.0,169,0
503266444,0.0,,0.0,169,0
503266451,0.0,,0.0,169,0
503266452,0.0,,0.0,169,0
503266453,0.0,,0.0,169,0
503266454,0.0,,0.0,169,0
503266464,0.0,,0.0,169,0
503266501,0.0,,0.0,169,0
503266502,0.0,,0.0,169,0
503266503,0.0,,0.0,169,0
503266504,0.0,,0.0,169,0
503266511,0.0,,0.0,169,0
503266513,0.0,,0.0,169,0
503266514,0.0,,0.0,169,0
503266521,0.0,,0.0,169,0
503266522,0.0,,0.0,169,0
503266523,0.0,,0.0,169,0
503266531,0.0,,0.0,169,0
503266532,0.0,,0.0,169,0
503266533,0.0,,0.0,169,0
503266534,0.0,,0.0,169,0
503266541,0.0,,0.0,169,0
503266542,0.0,,0.0,169,0
503266543,0.0,,0.0,169,0
503266554,0.0,,0.0,169,0
503266571,0.0,,0.0,169,0
503266583,0.0,,0.0,169,0
503266591,0.0,,0.0,169,0
503266593,0.0,,0.0,169,0
503266601,0.0,,0.0,169,0
503266603,0.0,,0.0,169,0
503266611,0.0,,0.0,169,0
503266612,0.0,,0.0,169,0
503266614,0.0,,0.0,169,0
503266631,0.0,,0.0,169,0
503266632,0.0,,0.0,169,0
503266641,0.0,,0.0,169,0
503266642,0.0,,0.0,169,0
503266643,0.0,,0.0,169,0
503266652,0.0,,0.0,169,0
503266661,0.0,,0.0,169,0
503266662,0.0,,0.0,169,0
503266663,0.0,,0.0,169,0
503266664,0.0,,0.0,169,0
503266681,0.0,,0.0,169,0
503266682,0.0,,0.0,169,0
503266691,0.0,,0.0,169,0
503266694,0.0,,0.0,169,0
503266701,0.0,,0.0,169,0
503266702,0.0,,0.0,169,0
503266703,0.0,,0.0,169,0
503266704,0.0,,0.0,169,0
503266711,0.0,,0.0,169,0
503266712,0.0,,0.0,169,0
503266713,0.0,,0.0,169,0
503266714,0.0,,0.0,169,0
503266731,0.0,,0.0,169,0
503266733,0.0,,0.0,169,0
503266741,0.0,,0.0,169,0
503266742,0.0,,0.0,169,0
503266754,0.0,,0.0,169,0
503266774,0.0,,0.0,169,0
503266784,0.0,,0.0,169,0
503266792,0.0,,0.0,169,0
503266793,0.0,,0.0,169,0
503266794,0.0,,0.0,169,0
503266801,0.05325443786982249,3.0,5.325443786982249,169,9
503266802,0.591715976331361,4.0,59.171597633136095,169,100
503266803,0.0,,0.0,169,0
503266804,0.0,,0.0,169,0
503266811,0.0,,0.0,169,0
503266813,0.0,,0.0,169,0
503266822,0.0,,0.0,169,0
503266823,0.0,,0.0,169,0
503266824,0.0,,0.0,169,0
503266832,0.0,,0.0,169,0
503266833,0.0,,0.0,169,0
503266841,0.0,,0.0,169,0
503266842,0.0,,0.0,169,0
503266844,0.0,,0.0,169,0
503266851,0.0,,0.0,169,0
503266852,0.0,,0.0,169,0
503266853,0.0,,0.0,169,0
503266861,0.0,,0.0,169,0
503266881,0.0,,0.0,169,0
503266882,0.0,,0.0,169,0
503266891,0.0,,0.0,169,0
503266892,0.0,,0.0,169,0
503266894,0.0,,0.0,169,0
503266904,0.0,,0.0,169,0
503266924,0.0,,0.0,169,0
503266931,0.0,,0.0,169,0
503266932,0.0,,0.0,169,0
503266942,0.0,,0.0,169,0
503266952,0.0,,0.0,169,0
503266961,0.0,,0.0,169,0
503266963,0.0,,0.0,169,0
503266992,0.0,,0.0,169,0
503267082,0.0,,0.0,169,0
503267091,0.0,,0.0,169,0
503267182,0.0,,0.0,169,0
503267184,0.0,,0.0,169,0
503267292,0.0,,0.0,169,0
503267294,0.0,,0.0,169,0
503267392,0.0,,0.0,169,0
503267592,0.0,,0.0,169,0
503267803,0.0,,0.0,169,0
503267901,0.0,,0.0,169,0
503274124,0.0,,0.0,169,0
503274231,0.07692307692307693,3.0,7.6923076923076925,169,13
503274481,0.14792899408284024,4.0,14.792899408284024,169,25
503274482,0.0,,0.0,169,0
503274483,0.07100591715976332,3.0,7.100591715976331,169,12
503274484,0.01775147928994083,2.0,1.7751479289940828,169,3
503274564,0.0,,0.0,169,0
503274582,0.0,,0.0,169,0
503274591,0.0,,0.0,169,0
503274592,0.0,,0.0,169,0
503274594,0.0,,0.0,169,0
503274671,0.005917159763313609,2.0,0.591715976331361,169,1
503274673,0.0,,0.0,169,0
503274674,0.0,,0.0,169,0
503274694,0.0,,0.0,169,0
503274702,0.0,,0.0,169,0
503274704,0.07692307692307693,3.0,7.6923076923076925,169,13
503274731,0.05325443786982249,4.0,5.325443786982249,169,9
503274781,0.0,,0.0,169,0
503274783,0.0,,0.0,169,0
503274792,0.0,,0.0,169,0
503274811,0.01775147928994083,1.0,1.7751479289940828,169,3
503274841,0.005917159763313609,1.0,0.591715976331361,169,1
503274842,0.005917159763313609,1.0,0.591715976331361,169,1
503274884,0.04142011834319527,4.0,4.142011834319527,169,7
503274893,0.0,,0.0,169,0
503274894,0.005917159763313609,1.0,0.591715976331361,169,1
503275052,0.011834319526627219,3.0,1.183431952662722,169,2
503275434,0.005917159763313609,3.0,0.591715976331361,169,1
503275501,0.0,,0.0,169,0
503275503,0.0,,0.0,169,0
503275531,0.005917159763313609,1.0,0.591715976331361,169,1
503275601,0.28994082840236685,3.0,28.994082840236686,169,49
503275602,0.46745562130177515,4.0,46.74556213017752,169,79
503275603,0.10059171597633136,4.0,10.059171597633137,169,17
503275701,0.4437869822485207,4.0,44.37869822485207,169,75
503275702,0.0,,0.0,169,0
503275704,0.0,,0.0,169,0
503275902,0.005917159763313609,3.0,0.591715976331361,169,1
503276004,0.07692307692307693,4.0,7.6923076923076925,169,13
503276011,0.0,,0.0,169,0
503276013,0.0,,0.0,169,0
503276022,0.0,,0.0,169,0
503276024,0.0,,0.0,169,0
503276031,0.0,,0.0,169,0
503276032,0.0,,0.0,169,0
503276033,0.0,,0.0,169,0
503276034,0.0,,0.0,169,0
503276043,0.0,,0.0,169,0
503276052,0.0,,0.0,169,0
503276054,0.0,,0.0,169,0
503276061,0.0,,0.0,169,0
503276063,0.0,,0.0,169,0
503276092,0.0,,0.0,169,0
503276111,0.01775147928994083,3.0,1.7751479289940828,169,3
503276112,0.378698224852071,4.0,37.8698224852071,169,64
503276113,0.0,,0.0,169,0
503276114,0.0,,0.0,169,0
503276121,0.0,,0.0,169,0
503276122,0.0,,0.0,169,0
503276123,0.0,,0.0,169,0
503276124,0.0,,0.0,169,0
503276131,0.0,,0.0,169,0
503276133,0.0,,0.0,169,0
503276211,0.5325443786982249,4.0,53.25443786982249,169,90
503276212,0.20118343195266272,4.0,20.118343195266274,169,34
503276213,0.0,,0.0,169,0
503276214,0.0,,0.0,169,0
503276221,0.0,,0.0,169,0
503276223,0.0,,0.0,169,0
503276242,0.0,,0.0,169,0
503276243,0.0,,0.0,169,0
503276313,0.05917159763313609,3.0,5.9171597633136095,169,10
503276314,0.3668639053254438,4.0,36.68639053254438,169,62
503276321,0.0,,0.0,169,0
503276322,0.0,,0.0,169,0
503276323,0.0,,0.0,169,0
503276324,0.0,,0.0,169,0
503276331,0.0,,0.0,169,0
503276332,0.0,,0.0,169,0
503276333,0.0,,0.0,169,0
503276334,0.0,,0.0,169,0
503276341,0.0,,0.0,169,0
503276353,0.0,,0.0,169,0
503276414,0.22485207100591717,4.0,22.485207100591715,169,38
503276421,0.0,,0.0,169,0
503276422,0.0,,0.0,169,0
503276423,0.0,,0.0,169,0
503276424,0.0,,0.0,169,0
503276431,0.0,,0.0,169,0
503276432,0.0,,0.0,169,0
503276433,0.0,,0.0,169,0
503276441,0.0,,0.0,169,0
503276451,0.0,,0.0,169,0
503276514,0.14201183431952663,3.0,14.201183431952662,169,24
503276521,0.0,,0.0,169,0
503276522,0.03550295857988166,3.0,3.5502958579881656,169,6
503276523,0.0,,0.0,169,0
503276524,0.0,,0.0,169,0
503276531,0.0,,0.0,169,0
503276532,0.0,,0.0,169,0
503276533,0.0,,0.0,169,0
503276534,0.0,,0.0,169,0
503276542,0.0,,0.0,169,0
503276543,0.0,,0.0,169,0
503276544,0.0,,0.0,169,0
503276551,0.0,,0.0,169,0
503276562,0.0,,0.0,169,0
503276563,0.0,,0.0,169,0
503276612,0.029585798816568046,3.0,2.9585798816568047,169,5
503276614,0.5739644970414202,4.0,57.396449704142015,169,97
503276621,0.029585798816568046,2.0,2.9585798816568047,169,5
503276622,0.05917159763313609,3.0,5.9171597633136095,169,10
503276623,0.0,,0.0,169,0
503276624,0.0,,0.0,169,0
503276631,0.0,,0.0,169,0
503276632,0.0,,0.0,169,0
503276633,0.0,,0.0,169,0
503276634,0.0,,0.0,169,0
503276641,0.0,,0.0,169,0
503276642,0.0,,0.0,169,0
503276643,0.0,,0.0,169,0
503276653,0.0,,0.0,169,0
503276654,0.0,,0.0,169,0
503276661,0.0,,0.0,169,0
503276663,0.0,,0.0,169,0
503276664,0.0,,0.0,169,0
503276671,0.0,,0.0,169,0
503276673,0.0,,0.0,169,0
503276674,0.0,,0.0,169,0
503276683,0.0,,0.0,169,0
503276692,0.0,,0.0,169,0
503276694,0.0,,0.0,169,0
503276714,0.1301775147928994,4.0,13.017751479289942,169,22
503276721,0.34911242603550297,3.0,34.9112426035503,169,59
503276722,0.13609467455621302,3.0,13.609467455621301,169,23
503276723,0.0,,0.0,169,0
503276724,0.0,,0.0,169,0
503276731,0.0,,0.0,169,0
503276732,0.0,,0.0,169,0
503276733,0.0,,0.0,169,0
503276734,0.0,,0.0,169,0
503276741,0.0,,0.0,169,0
503276761,0.0,,0.0,169,0
503276762,0.0,,0.0,169,0
503276764,0.0,,0.0,169,0
503276771,0.0,,0.0,169,0
503276772,0.0,,0.0,169,0
503276781,0.0,,0.0,169,0
503276782,0.0,,0.0,169,0
503276784,0.0,,0.0,169,0
503276791,0.0,,0.0,169,0
503276793,0.0,,0.0,169,0
503276794,0.0,,0.0,169,0
503276821,0.029585798816568046,1.0,2.9585798816568047,169,5
503276822,0.04142011834319527,2.0,4.142011834319527,169,7
503276823,0.0,,0.0,169,0
503276824,0.0,,0.0,169,0
503276831,0.0,,0.0,169,0
503276832,0.0,,0.0,169,0
503276844,0.0,,0.0,169,0
503276853,0.0,,0.0,169,0
503276871,0.0,,0.0,169,0
503276873,0.0,,0.0,169,0
503276874,0.0,,0.0,169,0
503276914,0.005917159763313609,3.0,0.591715976331361,169,1
503276921,0.0,,0.0,169,0
503276922,0.0,,0.0,169,0
503276923,0.0,,0.0,169,0
503276931,0.0,,0.0,169,0
503276933,0.0,,0.0,169,0
503276934,0.0,,0.0,169,0
503276942,0.0,,0.0,169,0
503276951,0.0,,0.0,169,0
503276952,0.0,,0.0,169,0
503276953,0.0,,0.0,169,0
503276954,0.0,,0.0,169,0
503276971,0.0,,0.0,169,0
503276972,0.0,,0.0,169,0
503277002,0.0,,0.0,169,0
503277013,0.0,,0.0,169,0
503277111,0.0,,0.0,169,0
503277424,0.0,,0.0,169,0
503277621,0.0,,0.0,169,0
503277674,0.0,,0.0,169,0
503277684,0.0,,0.0,169,0
503277693,0.0,,0.0,169,0
503277694,0.0,,0.0,169,0
503277721,0.0,,0.0,169,0
503277753,0.0,,0.0,169,0
503277764,0.0,,0.0,169,0
503277771,0.0,,0.0,169,0
503277772,0.0,,0.0,169,0
503277773,0.0,,0.0,169,0
503277774,0.0,,0.0,169,0
503277782,0.0,,0.0,169,0
503277822,0.0,,0.0,169,0
503277824,0.0,,0.0,169,0
503277833,0.0,,0.0,169,0
503277844,0.0,,0.0,169,0
503277851,0.0,,0.0,169,0
503277852,0.0,,0.0,169,0
503277853,0.0,,0.0,169,0
503277861,0.0,,0.0,169,0
503277862,0.0,,0.0,169,0
503277864,0.0,,0.0,169,0
503277873,0.0,,0.0,169,0
503277874,0.0,,0.0,169,0
503277922,0.0,,0.0,169,0
503277931,0.0,,0.0,169,0
503277932,0.0,,0.0,169,0
503277934,0.0,,0.0,169,0
503277942,0.0,,0.0,169,0
503277944,0.0,,0.0,169,0
503277951,0.0,,0.0,169,0
503277953,0.0,,0.0,169,0
503277972,0.0,,0.0,169,0
503350332,0.0,,0.0,169,0
503350334,0.0,,0.0,169,0
503350522,0.0,,0.0,169,0
503350524,0.0,,0.0,169,0
503350531,0.0,,0.0,169,0
503350731,0.0,,0.0,169,0
503350823,0.0,,0.0,169,0
503350844,0.0,,0.0,169,0
503350894,0.0,,0.0,169,0
503350911,0.0,,0.0,169,0
503350913,0.0,,0.0,169,0
503350914,0.0,,0.0,169,0
503350934,0.0,,0.0,169,0
503350941,0.0,,0.0,169,0
503351014,0.0,,0.0,169,0
503351403,0.0,,0.0,169,0
503351524,0.0,,0.0,169,0
503351612,0.0,,0.0,169,0
503351882,0.0,,0.0,169,0
503351901,0.0,,0.0,169,0
503351984,0.0,,0.0,169,0
503360002,0.0,,0.0,169,0
503360011,0.0,,0.0,169,0
503360051,0.0,,0.0,169,0
503360101,0.0,,0.0,169,0
503360102,0.0,,0.0,169,0
503360201,0.0,,0.0,169,0
503360202,0.0,,0.0,169,0
503360203,0.0,,0.0,169,0
503360204,0.0,,0.0,169,0
503360213,0.0,,0.0,169,0
503360214,0.0,,0.0,169,0
503360223,0.0,,0.0,169,0
503360224,0.0,,0.0,169,0
503360233,0.0,,0.0,169,0
503360263,0.0,,0.0,169,0
503360264,0.0,,0.0,169,0
503360302,0.0,,0.0,169,0
503360311,0.0,,0.0,169,0
503360312,0.0,,0.0,169,0
503360313,0.0,,0.0,169,0
503360314,0.0,,0.0,169,0
503360321,0.0,,0.0,169,0
503360322,0.0,,0.0,169,0
503360323,0.0,,0.0,169,0
503360324,0.0,,0.0,169,0
503360331,0.0,,0.0,169,0
503360332,0.0,,0.0,169,0
503360333,0.0,,0.0,169,0
503360334,0.0,,0.0,169,0
503360342,0.0,,0.0,169,0
503360343,0.0,,0.0,169,0
503360354,0.0,,0.0,169,0
503360361,0.0,,0.0,169,0
503360363,0.0,,0.0,169,0
503360364,0.0,,0.0,169,0
503360403,0.0,,0.0,169,0
503360404,0.0,,0.0,169,0
503360412,0.0,,0.0,169,0
503360413,0.0,,0.0,169,0
503360414,0.0,,0.0,169,0
503360422,0.0,,0.0,169,0
503360423,0.0,,0.0,169,0
503360431,0.0,,0.0,169,0
503360432,0.0,,0.0,169,0
503360433,0.0,,0.0,169,0
503360434,0.0,,0.0,169,0
503360441,0.0,,0.0,169,0
503360442,0.0,,0.0,169,0
503360443,0.0,,0.0,169,0
503360444,0.0,,0.0,169,0
503360453,0.0,,0.0,169,0
503360461,0.0,,0.0,169,0
503360463,0.0,,0.0,169,0
503360501,0.0,,0.0,169,0
503360502,0.0,,0.0,169,0
503360512,0.0,,0.0,169,0
503360513,0.0,,0.0,169,0
503360514,0.0,,0.0,169,0
503360522,0.0,,0.0,169,0
503360523,0.0,,0.0,169,0
503360524,0.0,,0.0,169,0
503360531,0.0,,0.0,169,0
503360532,0.0,,0.0,169,0
503360533,0.0,,0.0,169,0
503360534,0.0,,0.0,169,0
503360541,0.0,,0.0,169,0
503360542,0.0,,0.0,169,0
503360543,0.0,,0.0,169,0
503360544,0.0,,0.0,169,0
503360551,0.0,,0.0,169,0
503360552,0.0,,0.0,169,0
503360553,0.0,,0.0,169,0
503360554,0.0,,0.0,169,0
503360561,0.0,,0.0,169,0
503360563,0.0,,0.0,169,0
503360564,0.0,,0.0,169,0
503360583,0.0,,0.0,169,0
503360584,0.0,,0.0,169,0
503360594,0.0,,0.0,169,0
503360602,0.0,,0.0,169,0
503360603,0.0,,0.0,169,0
503360611,0.0,,0.0,169,0
503360621,0.0,,0.0,169,0
503360622,0.0,,0.0,169,0
503360623,0.0,,0.0,169,0
503360624,0.0,,0.0,169,0
503360631,0.0,,0.0,169,0
503360632,0.0,,0.0,169,0
503360633,0.0,,0.0,169,0
503360634,0.0,,0.0,169,0
503360641,0.0,,0.0,169,0
503360642,0.0,,0.0,169,0
503360643,0.0,,0.0,169,0
503360651,0.0,,0.0,169,0
503360652,0.0,,0.0,169,0
503360653,0.0,,0.0,169,0
503360654,0.0,,0.0,169,0
503360661,0.0,,0.0,169,0
503360662,0.0,,0.0,169,0
503360663,0.0,,0.0,169,0
503360664,0.0,,0.0,169,0
503360673,0.0,,0.0,169,0
503360681,0.0,,0.0,169,0
503360683,0.0,,0.0,169,0
503360684,0.0,,0.0,169,0
503360691,0.0,,0.0,169,0
503360692,0.0,,0.0,169,0
503360693,0.0,,0.0,169,0
503360694,0.0,,0.0,169,0
503360721,0.0,,0.0,169,0
503360724,0.0,,0.0,169,0
503360732,0.0,,0.0,169,0
503360734,0.0,,0.0,169,0
503360741,0.0,,0.0,169,0
503360742,0.0,,0.0,169,0
503360743,0.0,,0.0,169,0
503360744,0.0,,0.0,169,0
503360751,0.0,,0.0,169,0
503360752,0.0,,0.0,169,0
503360753,0.0,,0.0,169,0
503360754,0.0,,0.0,169,0
503360762,0.0,,0.0,169,0
503360763,0.0,,0.0,169,0
503360764,0.0,,0.0,169,0
503360771,0.0,,0.0,169,0
503360772,0.0,,0.0,169,0
503360773,0.0,,0.0,169,0
503360774,0.0,,0.0,169,0
503360781,0.0,,0.0,169,0
503360782,0.0,,0.0,169,0
503360783,0.0,,0.0,169,0
503360784,0.0,,0.0,169,0
503360791,0.0,,0.0,169,0
503360792,0.0,,0.0,169,0
503360793,0.0,,0.0,169,0
503360794,0.0,,0.0,169,0
503360822,0.0,,0.0,169,0
503360823,0.0,,0.0,169,0
503360824,0.0,,0.0,169,0
503360832,0.0,,0.0,169,0
503360833,0.0,,0.0,169,0
503360834,0.0,,0.0,169,0
503360841,0.0,,0.0,169,0
503360842,0.0,,0.0,169,0
503360843,0.0,,0.0,169,0
503360844,0.0,,0.0,169,0
503360851,0.0,,0.0,169,0
503360852,0.0,,0.0,169,0
503360853,0.0,,0.0,169,0
503360854,0.0,,0.0,169,0
503360861,0.0,,0.0,169,0
503360862,0.0,,0.0,169,0
503360863,0.0,,0.0,169,0
503360864,0.0,,0.0,169,0
503360871,0.0,,0.0,169,0
503360873,0.0,,0.0,169,0
503360874,0.0,,0.0,169,0
503360881,0.0,,0.0,169,0
503360882,0.0,,0.0,169,0
503360891,0.05917159763313609,3.0,5.9171597633136095,169,10
503360892,0.15384615384615385,4.0,15.384615384615385,169,26
503360893,0.5088757396449705,4.0,50.887573964497044,169,86
503360931,0.0,,0.0,169,0
503360932,0.0,,0.0,169,0
503360933,0.0,,0.0,169,0
503360934,0.0,,0.0,169,0
503360941,0.0,,0.0,169,0
503360942,0.0,,0.0,169,0
503360943,0.0,,0.0,169,0
503360944,0.0,,0.0,169,0
503360951,0.0,,0.0,169,0
503360952,0.0,,0.0,169,0
503360953,0.0,,0.0,169,0
503360954,0.0,,0.0,169,0
503360961,0.0,,0.0,169,0
503360962,0.0,,0.0,169,0
503360963,0.0,,0.0,169,0
503360964,0.0,,0.0,169,0
503360971,0.0,,0.0,169,0
503360972,0.0,,0.0,169,0
503360973,0.0,,0.0,169,0
503360974,0.0,,0.0,169,0
503360981,0.0,,0.0,169,0
503360982,0.023668639053254437,2.0,2.366863905325444,169,4
503360983,0.22485207100591717,4.0,22.485207100591715,169,38
503360984,0.8402366863905325,4.0,84.02366863905326,169,142
503360994,1.0,5.0,100.0,169,169
503361011,0.0,,0.0,169,0
503361012,0.0,,0.0,169,0
503361014,0.0,,0.0,169,0
503361072,0.0,,0.0,169,0
503361081,0.0,,0.0,169,0
503361113,0.0,,0.0,169,0
503361114,0.0,,0.0,169,0
503361171,0.0,,0.0,169,0
503361172,0.0,,0.0,169,0
503361173,0.0,,0.0,169,0
503361211,0.0,,0.0,169,0
503361213,0.0,,0.0,169,0
503361301,0.0,,0.0,169,0
503361304,0.0,,0.0,169,0
503361341,0.0,,0.0,169,0
503361342,0.0,,0.0,169,0
503361344,0.0,,0.0,169,0
503361352,0.0,,0.0,169,0
503361353,0.0,,0.0,169,0
503361354,0.0,,0.0,169,0
503361361,0.0,,0.0,169,0
503361363,0.0,,0.0,169,0
503361364,0.0,,0.0,169,0
503361402,0.0,,0.0,169,0
503361441,0.0,,0.0,169,0
503361503,0.0,,0.0,169,0
503361504,0.0,,0.0,169,0
503361531,0.0,,0.0,169,0
503361532,0.0,,0.0,169,0
503361533,0.0,,0.0,169,0
503361534,0.0,,0.0,169,0
503361543,0.0,,0.0,169,0
503361601,0.0,,0.0,169,0
503361602,0.0,,0.0,169,0
503361603,0.0,,0.0,169,0
503361604,0.0,,0.0,169,0
503361613,0.0,,0.0,169,0
503361614,0.0,,0.0,169,0
503361623,0.0,,0.0,169,0
503361624,0.0,,0.0,169,0
503361632,0.0,,0.0,169,0
503361641,0.0,,0.0,169,0
503361642,0.0,,0.0,169,0
503361644,0.0,,0.0,169,0
503361651,0.0,,0.0,169,0
503361652,0.0,,0.0,169,0
503361653,0.0,,0.0,169,0
503361654,0.0,,0.0,169,0
503361664,0.0,,0.0,169,0
503361701,0.0,,0.0,169,0
503361702,0.0,,0.0,169,0
503361703,0.0,,0.0,169,0
503361704,0.16568047337278108,4.0,16.56804733727811,169,28
503361711,0.03550295857988166,4.0,3.5502958579881656,169,6
503361712,0.5976331360946746,5.0,59.76331360946746,169,101
503361713,0.25443786982248523,4.0,25.443786982248522,169,43
503361721,0.5562130177514792,5.0,55.62130177514793,169,94
503361722,0.9408284023668639,5.0,94.0828402366864,169,159
503361731,0.41420118343195267,4.0,41.42011834319527,169,70
503361732,0.9349112426035503,4.0,93.49112426035504,169,158
503361733,0.0,,0.0,169,0
503361734,0.30177514792899407,4.0,30.17751479289941,169,51
503361742,0.0,,0.0,169,0
503361743,0.0,,0.0,169,0
503361744,0.0,,0.0,169,0
503361751,0.0,,0.0,169,0
503361752,0.0,,0.0,169,0
503361753,0.0,,0.0,169,0
503361754,0.0,,0.0,169,0
503361761,0.0,,0.0,169,0
503361762,0.0,,0.0,169,0
503361774,0.0,,0.0,169,0
503361783,0.0,,0.0,169,0
503361801,0.47337278106508873,4.0,47.337278106508876,169,80
503361802,0.6272189349112426,5.0,62.721893491124256,169,106
503361803,0.9585798816568047,5.0,95.85798816568047,169,162
503361812,0.9467455621301775,5.0,94.67455621301775,169,160
503361813,0.9704142011834319,5.0,97.0414201183432,169,164
503361814,0.9408284023668639,5.0,94.0828402366864,169,159
503361823,0.9822485207100592,5.0,98.22485207100591,169,166
503361832,1.0,4.0,100.0,169,169
503361834,0.4378698224852071,4.0,43.786982248520715,169,74
503361841,0.0,,0.0,169,0
503361842,0.0,,0.0,169,0
503361844,0.0,,0.0,169,0
503361851,0.0,,0.0,169,0
503361852,0.0,,0.0,169,0
503361853,0.0,,0.0,169,0
503361854,0.0,,0.0,169,0
503361861,0.0,,0.0,169,0
503361863,0.0,,0.0,169,0
503361864,0.0650887573964497,3.0,6.508875739644971,169,11
503361872,0.0,,0.0,169,0
503361873,0.0,,0.0,169,0
503361881,0.0,,0.0,169,0
503361882,0.0,,0.0,169,0
503361883,0.0,,0.0,169,0
503361884,0.0,,0.0,169,0
503361893,0.0,,0.0,169,0
503361901,0.5680473372781065,5.0,56.80473372781065,169,96
503361902,0.9408284023668639,5.0,94.0828402366864,169,159
503361903,0.8106508875739645,5.0,81.06508875739645,169,137
503361904,0.6035502958579881,5.0,60.35502958579882,169,102
503361912,0.9171597633136095,5.0,91.71597633136095,169,155
503361913,0.9763313609467456,5.0,97.63313609467455,169,165
503361914,1.0,5.0,100.0,169,169
503361921,0.9289940828402367,5.0,92.89940828402366,169,157
503361922,0.20118343195266272,5.0,20.118343195266274,169,34
503361923,0.7100591715976331,5.0,71.00591715976331,169,120
503361924,0.5088757396449705,5.0,50.887573964497044,169,86
503361931,0.514792899408284,4.0,51.4792899408284,169,87
503361932,0.8757396449704142,4.0,87.57396449704143,169,148
503361933,0.1834319526627219,4.0,18.34319526627219,169,31
503361934,1.0,5.0,100.0,169,169
503361941,0.17159763313609466,3.0,17.159763313609467,169,29
503361942,0.9289940828402367,4.0,92.89940828402366,169,157
503361943,0.011834319526627219,3.0,1.183431952662722,169,2
503361944,0.41420118343195267,4.0,41.42011834319527,169,70
503361951,0.0,,0.0,169,0
503361952,0.378698224852071,3.0,37.8698224852071,169,64
503361953,0.03550295857988166,2.0,3.5502958579881656,169,6
503361954,0.7159763313609467,4.0,71.59763313609467,169,121
503361961,0.2485207100591716,3.0,24.85207100591716,169,42
503361962,0.9112426035502958,4.0,91.12426035502959,169,154
503361963,0.15384615384615385,3.0,15.384615384615385,169,26
503361964,0.1242603550295858,3.0,12.42603550295858,169,21
503361971,0.0,,0.0,169,0
503361972,0.0,,0.0,169,0
503361973,0.0,,0.0,169,0
503361974,0.0,,0.0,169,0
503361981,0.0,,0.0,169,0
503361982,0.0,,0.0,169,0
503361983,0.0,,0.0,169,0
503361984,0.0,,0.0,169,0
503361991,0.0,,0.0,169,0
503361992,0.0,,0.0,169,0
503361993,0.0,,0.0,169,0
503361994,0.0,,0.0,169,0
503362193,0.0,,0.0,169,0
503362844,0.0,,0.0,169,0
503362854,0.0,,0.0,169,0
503362901,0.0,,0.0,169,0
503362902,0.0,,0.0,169,0
503362903,0.0,,0.0,169,0
503362904,0.0,,0.0,169,0
503362911,0.0,,0.0,169,0
503362913,0.0,,0.0,169,0
503362914,0.0,,0.0,169,0
503362921,0.0,,0.0,169,0
503362923,0.0,,0.0,169,0
503362924,0.0,,0.0,169,0
503362942,0.0,,0.0,169,0
503362944,0.0,,0.0,169,0
503363103,0.0,,0.0,169,0
503363104,0.0,,0.0,169,0
503363211,0.0,,0.0,169,0
503363212,0.0,,0.0,169,0
503363214,0.0,,0.0,169,0
503363243,0.0,,0.0,169,0
503363244,0.0,,0.0,169,0
503363253,0.0,,0.0,169,0
503363264,0.0,,0.0,169,0
503363283,0.0,,0.0,169,0
503363324,0.0,,0.0,169,0
503363332,0.0,,0.0,169,0
503363333,0.0,,0.0,169,0
503363334,0.0,,0.0,169,0
503363341,0.0,,0.0,169,0
503363342,0.0,,0.0,169,0
503363343,0.0,,0.0,169,0
503363353,0.0,,0.0,169,0
503363432,0.0,,0.0,169,0
503363594,0.0,,0.0,169,0
503363682,0.0,,0.0,169,0
503363692,0.0,,0.0,169,0
503363694,0.0,,0.0,169,0
503363874,0.0,,0.0,169,0
503363992,0.0,,0.0,169,0
503363994,0.0,,0.0,169,0
503364404,0.0,,0.0,169,0
503364803,0.0,,0.0,169,0
503364902,0.0,,0.0,169,0
503364904,0.0,,0.0,169,0
503364913,0.0,,0.0,169,0
503364923,0.0,,0.0,169,0
503365703,0.0,,0.0,169,0
503365902,0.0,,0.0,169,0
503365913,0.0,,0.0,169,0
503365923,0.0,,0.0,169,0
503365924,0.0,,0.0,169,0
503365933,0.0,,0.0,169,0
503365934,0.0,,0.0,169,0
503370031,0.0,,0.0,169,0
503370032,0.0,,0.0,169,0
503370033,0.0,,0.0,169,0
503370034,0.0,,0.0,169,0
503370042,0.0,,0.0,169,0
503370043,0.0,,0.0,169,0
503370044,0.0,,0.0,169,0
503370051,0.0,,0.0,169,0
503370052,0.0,,0.0,169,0
503370053,0.0,,0.0,169,0
503370054,0.0,,0.0,169,0
503370061,0.0,,0.0,169,0
503370062,0.029585798816568046,3.0,2.9585798816568047,169,5
503370063,0.0,,0.0,169,0
503370064,0.04142011834319527,4.0,4.142011834319527,169,7
503370071,0.0,,0.0,169,0
503370072,0.1834319526627219,4.0,18.34319526627219,169,31
503370073,0.11834319526627218,4.0,11.834319526627219,169,20
503370074,0.8520710059171598,4.0,85.20710059171599,169,144
503370081,0.4911242603550296,4.0,49.112426035502956,169,83
503370082,0.9763313609467456,4.0,97.63313609467455,169,165
503370083,1.0,4.0,100.0,169,169
503370084,0.9822485207100592,5.0,98.22485207100591,169,166
503370091,1.0,5.0,100.0,169,169
503370092,0.834319526627219,5.0,83.4319526627219,169,141
503370093,0.9408284023668639,5.0,94.0828402366864,169,159
503370094,0.3076923076923077,5.0,30.76923076923077,169,52
503370104,0.0,,0.0,169,0
503370111,0.0,,0.0,169,0
503370112,0.0,,0.0,169,0
503370114,0.0,,0.0,169,0
503370123,0.0,,0.0,169,0
503370131,0.0,,0.0,169,0
503370132,0.0,,0.0,169,0
503370134,0.0,,0.0,169,0
503370141,0.0,,0.0,169,0
503370142,0.0,,0.0,169,0
503370143,0.0,,0.0,169,0
503370144,0.0,,0.0,169,0
503370151,0.0,,0.0,169,0
503370152,0.0,,0.0,169,0
503370153,0.0,,0.0,169,0
503370154,0.0,,0.0,169,0
503370161,0.4378698224852071,4.0,43.786982248520715,169,74
503370162,0.26627218934911245,4.0,26.627218934911244,169,45
503370163,0.42011834319526625,4.0,42.01183431952663,169,71
503370164,0.9585798816568047,4.0,95.85798816568047,169,162
503370171,0.863905325443787,4.0,86.3905325443787,169,146
503370172,0.9644970414201184,4.0,96.44970414201184,169,163
503370173,0.9940828402366864,4.0,99.40828402366864,169,168
503370174,0.9467455621301775,4.0,94.67455621301775,169,160
503370181,0.9822485207100592,5.0,98.22485207100591,169,166
503370182,1.0,5.0,100.0,169,169
503370183,0.9526627218934911,5.0,95.26627218934911,169,161
503370184,0.8106508875739645,5.0,81.06508875739645,169,137
503370214,0.0,,0.0,169,0
503370221,0.0,,0.0,169,0
503370223,0.0,,0.0,169,0
503370224,0.0,,0.0,169,0
503370231,0.0,,0.0,169,0
503370232,0.0,,0.0,169,0
503370233,0.0,,0.0,169,0
503370234,0.0,,0.0,169,0
503370241,0.0,,0.0,169,0
503370242,0.0,,0.0,169,0
503370243,0.0,,0.0,169,0
503370244,0.0,,0.0,169,0
503370251,0.0,,0.0,169,0
503370252,0.0,,0.0,169,0
503370253,0.0,,0.0,169,0
503370254,0.047337278106508875,3.0,4.733727810650888,169,8
503370261,0.6982248520710059,4.0,69.8224852071006,169,118
503370262,0.9112426035502958,4.0,91.12426035502959,169,154
503370263,0.9704142011834319,4.0,97.0414201183432,169,164
503370264,0.9881656804733728,5.0,98.81656804733728,169,167
503370271,0.9349112426035503,5.0,93.49112426035504,169,158
503370272,0.8047337278106509,5.0,80.4733727810651,169,136
503370273,0.8816568047337278,5.0,88.16568047337277,169,149
503370274,0.7455621301775148,5.0,74.55621301775149,169,126
503370281,0.9467455621301775,5.0,94.67455621301775,169,160
503370283,0.14792899408284024,5.0,14.792899408284024,169,25
503370303,0.0,,0.0,169,0
503370322,0.0,,0.0,169,0
503370324,0.0,,0.0,169,0
503370331,0.0,,0.0,169,0
503370332,0.0,,0.0,169,0
503370333,0.0,,0.0,169,0
503370334,0.0,,0.0,169,0
503370341,0.0,,0.0,169,0
503370342,0.0,,0.0,169,0
503370343,0.0,,0.0,169,0
503370344,0.0,,0.0,169,0
503370351,0.0,,0.0,169,0
503370352,0.0,,0.0,169,0
503370353,0.23668639053254437,4.0,23.668639053254438,169,40
503370354,0.08875739644970414,3.0,8.875739644970414,169,15
503370361,1.0,4.0,100.0,169,169
503370362,0.9822485207100592,4.0,98.22485207100591,169,166
503370363,0.8757396449704142,5.0,87.57396449704143,169,148
503370364,0.8579881656804734,5.0,85.79881656804734,169,145
503370401,0.0,,0.0,169,0
503370402,0.0,,0.0,169,0
503370422,0.0,,0.0,169,0
503370431,0.0,,0.0,169,0
503370432,0.0,,0.0,169,0
503370433,0.0,,0.0,169,0
503370434,0.0,,0.0,169,0
503370441,0.0,,0.0,169,0
503370442,0.0,,0.0,169,0
503370443,0.0,,0.0,169,0
503370444,0.0,,0.0,169,0
503370451,0.0,,0.0,169,0
503370452,0.005917159763313609,1.0,0.591715976331361,169,1
503370453,0.023668639053254437,2.0,2.366863905325444,169,4
503370461,0.7692307692307693,4.0,76.92307692307693,169,130
503370462,0.9053254437869822,4.0,90.53254437869822,169,153
503370463,0.834319526627219,5.0,83.4319526627219,169,141
503370464,0.378698224852071,5.0,37.8698224852071,169,64
503370503,0.0,,0.0,169,0
503370504,0.0,,0.0,169,0
503370531,0.0,,0.0,169,0
503370532,0.0,,0.0,169,0
503370541,0.0,,0.0,169,0
503370542,0.0,,0.0,169,0
503370543,0.0,,0.0,169,0
503370544,0.0650887573964497,1.0,6.508875739644971,169,11
503370551,0.41420118343195267,4.0,41.42011834319527,169,70
503370552,0.8165680473372781,4.0,81.65680473372781,169,138
503370553,1.0,5.0,100.0,169,169
503370554,0.893491124260355,5.0,89.3491124260355,169,151
503370561,0.8520710059171598,5.0,85.20710059171599,169,144
503370601,0.0,,0.0,169,0
503370602,0.0,,0.0,169,0
503370603,0.0,,0.0,169,0
503370614,0.0,,0.0,169,0
503370621,0.0,,0.0,169,0
503370623,0.0,,0.0,169,0
503370632,0.0,,0.0,169,0
503370634,0.0,,0.0,169,0
503370641,0.0,,0.0,169,0
503370642,0.0,,0.0,169,0
503370643,0.23076923076923078,4.0,23.076923076923077,169,39
503370644,0.1834319526627219,4.0,18.34319526627219,169,31
503370651,0.9940828402366864,5.0,99.40828402366864,169,168
503370653,0.7100591715976331,5.0,71.00591715976331,169,120
503370701,0.0,,0.0,169,0
503370702,0.0,,0.0,169,0
503370703,0.0,,0.0,169,0
503370704,0.0,,0.0,169,0
503370711,0.0,,0.0,169,0
503370712,0.0,,0.0,169,0
503370713,0.0,,0.0,169,0
503370714,0.0,,0.0,169,0
503370721,0.0,,0.0,169,0
503370722,0.0,,0.0,169,0
503370732,0.0,,0.0,169,0
503370741,0.0,,0.0,169,0
503370742,0.0,,0.0,169,0
503370744,0.005917159763313609,1.0,0.591715976331361,169,1
503370801,0.0,,0.0,169,0
503370802,0.0,,0.0,169,0
503370803,0.0,,0.0,169,0
503370804,0.0,,0.0,169,0
503370811,0.0,,0.0,169,0
503370812,0.0,,0.0,169,0
503370813,0.0,,0.0,169,0
503370814,0.0,,0.0,169,0
503370823,0.0,,0.0,169,0
503370824,0.0,,0.0,169,0
503370834,0.0,,0.0,169,0
503370841,0.0,,0.0,169,0
503370843,0.0,,0.0,169,0
503370844,0.029585798816568046,3.0,2.9585798816568047,169,5
503370901,0.0,,0.0,169,0
503370902,0.0,,0.0,169,0
503370904,0.0,,0.0,169,0
503370911,0.0,,0.0,169,0
503370912,0.0,,0.0,169,0
503370913,0.0,,0.0,169,0
503370914,0.0,,0.0,169,0
503370921,0.0,,0.0,169,0
503370923,0.0,,0.0,169,0
503370924,0.0,,0.0,169,0
503370931,0.0,,0.0,169,0
503370932,0.0,,0.0,169,0
503370933,0.0,,0.0,169,0
503370941,0.0,,0.0,169,0
503370942,0.05917159763313609,4.0,5.9171597633136095,169,10
503371001,0.727810650887574,5.0,72.7810650887574,169,123
503371002,0.30177514792899407,5.0,30.17751479289941,169,51
503371003,0.6449704142011834,5.0,64.49704142011834,169,109
503371004,0.8698224852071006,5.0,86.98224852071006,169,147
503371012,0.5857988165680473,5.0,58.57988165680473,169,99
503371021,0.023668639053254437,4.0,2.366863905325444,169,4
503371022,0.15384615384615385,5.0,15.384615384615385,169,26
503371024,0.9763313609467456,5.0,97.63313609467455,169,165
503371031,0.9881656804733728,5.0,98.81656804733728,169,167
503371032,0.9763313609467456,5.0,97.63313609467455,169,165
503371033,1.0,4.0,100.0,169,169
503371034,1.0,4.0,100.0,169,169
503371041,0.9822485207100592,4.0,98.22485207100591,169,166
503371042,0.9585798816568047,4.0,95.85798816568047,169,162
503371043,0.9881656804733728,4.0,98.81656804733728,169,167
503371044,1.0,4.0,100.0,169,169
503371051,0.9467455621301775,4.0,94.67455621301775,169,160
503371052,0.9763313609467456,4.0,97.63313609467455,169,165
503371053,0.9289940828402367,4.0,92.89940828402366,169,157
503371054,0.7869822485207101,4.0,78.69822485207101,169,133
503371061,0.7041420118343196,4.0,70.41420118343196,169,119
503371062,0.5088757396449705,4.0,50.887573964497044,169,86
503371063,0.07692307692307693,2.0,7.6923076923076925,169,13
503371064,0.0,,0.0,169,0
503371071,0.0,,0.0,169,0
503371072,0.0,,0.0,169,0
503371073,0.0,,0.0,169,0
503371074,0.0,,0.0,169,0
503371081,0.0,,0.0,169,0
503371082,0.0,,0.0,169,0
503371083,0.0,,0.0,169,0
503371084,0.0,,0.0,169,0
503371091,0.0,,0.0,169,0
503371092,0.0,,0.0,169,0
503371093,0.0,,0.0,169,0
503371094,0.0,,0.0,169,0
503371121,0.5680473372781065,5.0,56.80473372781065,169,96
503371122,0.4970414201183432,5.0,49.70414201183432,169,84
503371124,0.9704142011834319,5.0,97.0414201183432,169,164
503371131,0.8520710059171598,5.0,85.20710059171599,169,144
503371132,0.6035502958579881,5.0,60.35502958579882,169,102
503371133,0.8224852071005917,5.0,82.24852071005917,169,139
503371141,0.893491124260355,4.0,89.3491124260355,169,151
503371142,0.8224852071005917,4.0,82.24852071005917,169,139
503371143,0.9940828402366864,4.0,99.40828402366864,169,168
503371144,0.8461538461538461,4.0,84.61538461538461,169,143
503371151,0.9940828402366864,4.0,99.40828402366864,169,168
503371152,0.9940828402366864,5.0,99.40828402366864,169,168
503371153,0.8284023668639053,4.0,82.84023668639054,169,140
503371154,0.7869822485207101,4.0,78.69822485207101,169,133
503371161,0.514792899408284,4.0,51.4792899408284,169,87
503371162,0.8757396449704142,4.0,87.57396449704143,169,148
503371163,0.0,,0.0,169,0
503371164,0.1893491124260355,4.0,18.93491124260355,169,32
503371171,0.0,,0.0,169,0
503371172,0.0,,0.0,169,0
503371173,0.0,,0.0,169,0
503371174,0.0,,0.0,169,0
503371181,0.0,,0.0,169,0
503371182,0.0,,0.0,169,0
503371183,0.0,,0.0,169,0
503371184,0.0,,0.0,169,0
503371191,0.0,,0.0,169,0
503371192,0.0,,0.0,169,0
503371193,0.0,,0.0,169,0
503371194,0.0,,0.0,169,0
503371242,0.20118343195266272,4.0,20.118343195266274,169,34
503371243,0.35502958579881655,4.0,35.50295857988166,169,60
503371244,0.03550295857988166,4.0,3.5502958579881656,169,6
503371251,0.3254437869822485,5.0,32.544378698224854,169,55
503371252,0.0,,0.0,169,0
503371254,0.14792899408284024,4.0,14.792899408284024,169,25
503371261,0.8284023668639053,5.0,82.84023668639054,169,140
503371262,0.0650887573964497,4.0,6.508875739644971,169,11
503371263,0.8875739644970414,4.0,88.75739644970415,169,150
503371264,0.14792899408284024,4.0,14.792899408284024,169,25
503371271,0.0,,0.0,169,0
503371273,0.0,,0.0,169,0
503371383,0.0,,0.0,169,0
503371394,0.0,,0.0,169,0
503372001,0.0,,0.0,169,0
503372002,0.0,,0.0,169,0
503372003,0.0,,0.0,169,0
503372004,0.0,,0.0,169,0
503372011,0.0,,0.0,169,0
503372012,0.0,,0.0,169,0
503372013,0.0,,0.0,169,0
503372014,0.0,,0.0,169,0
503372021,0.0,,0.0,169,0
503372022,0.0,,0.0,169,0
503372023,0.0,,0.0,169,0
503372024,0.0,,0.0,169,0
503372031,0.0,,0.0,169,0
503372032,0.0,,0.0,169,0
503372033,0.0,,0.0,169,0
503372034,0.0,,0.0,169,0
503372041,0.0,,0.0,169,0
503372042,0.0,,0.0,169,0
503372043,0.0,,0.0,169,0
503372044,0.0,,0.0,169,0
503372053,0.0,,0.0,169,0
503372054,0.0,,0.0,169,0
503372101,0.0,,0.0,169,0
503372102,0.0,,0.0,169,0
503372104,0.0,,0.0,169,0
503372111,0.0,,0.0,169,0
503372112,0.0,,0.0,169,0
503372113,0.0,,0.0,169,0
503372114,0.0,,0.0,169,0
503372121,0.0,,0.0,169,0
503372122,0.0,,0.0,169,0
503372123,0.0,,0.0,169,0
503372124,0.0,,0.0,169,0
503372131,0.0,,0.0,169,0
503372132,0.0,,0.0,169,0
503372133,0.0,,0.0,169,0
503372134,0.0,,0.0,169,0
503372141,0.0,,0.0,169,0
503372142,0.0,,0.0,169,0
503372143,0.0,,0.0,169,0
503372144,0.0,,0.0,169,0
503372151,0.0,,0.0,169,0
503372152,0.0,,0.0,169,0
503372153,0.0,,0.0,169,0
503372154,0.0,,0.0,169,0
503372161,0.0,,0.0,169,0
503372162,0.0,,0.0,169,0
503372163,0.0,,0.0,169,0
503372164,0.0,,0.0,169,0
503372173,0.0,,0.0,169,0
503372174,0.0,,0.0,169,0
503372202,0.0,,0.0,169,0
503372211,0.0,,0.0,169,0
503372212,0.0,,0.0,169,0
503372221,0.0,,0.0,169,0
503372222,0.0,,0.0,169,0
503372223,0.0,,0.0,169,0
503372224,0.0,,0.0,169,0
503372231,0.0,,0.0,169,0
503372232,0.0,,0.0,169,0
503372233,0.0,,0.0,169,0
503372234,0.0,,0.0,169,0
503372241,0.0,,0.0,169,0
503372242,0.0,,0.0,169,0
503372243,0.0,,0.0,169,0
503372244,0.0,,0.0,169,0
503372251,0.0,,0.0,169,0
503372252,0.0,,0.0,169,0
503372253,0.0,,0.0,169,0
503372254,0.0,,0.0,169,0
503372261,0.0,,0.0,169,0
503372262,0.0,,0.0,169,0
503372263,0.0,,0.0,169,0
503372264,0.0,,0.0,169,0
503372271,0.0,,0.0,169,0
503372272,0.0,,0.0,169,0
503372273,0.0,,0.0,169,0
503372282,0.0,,0.0,169,0
503372283,0.0,,0.0,169,0
503372284,0.0,,0.0,169,0
503372291,0.0,,0.0,169,0
503372292,0.0,,0.0,169,0
503372293,0.0,,0.0,169,0
503372294,0.0,,0.0,169,0
503372303,0.0,,0.0,169,0
503372304,0.0,,0.0,169,0
503372313,0.0,,0.0,169,0
503372314,0.0,,0.0,169,0
503372321,0.0,,0.0,169,0
503372322,0.0,,0.0,169,0
503372323,0.0,,0.0,169,0
503372324,0.0,,0.0,169,0
503372331,0.0,,0.0,169,0
503372332,0.0,,0.0,169,0
503372333,0.0,,0.0,169,0
503372334,0.0,,0.0,169,0
503372341,0.0,,0.0,169,0
503372342,0.0,,0.0,169,0
503372343,0.0,,0.0,169,0
503372344,0.0,,0.0,169,0
503372351,0.0,,0.0,169,0
503372352,0.0,,0.0,169,0
503372353,0.0,,0.0,169,0
503372354,0.0,,0.0,169,0
503372361,0.0,,0.0,169,0
503372362,0.0,,0.0,169,0
503372363,0.0,,0.0,169,0
503372371,0.0,,0.0,169,0
503372372,0.0,,0.0,169,0
503372381,0.0,,0.0,169,0
503372392,0.0,,0.0,169,0
503372401,0.4911242603550296,4.0,49.112426035502956,169,83
503372402,0.7396449704142012,4.0,73.96449704142012,169,125
503372404,0.9940828402366864,4.0,99.40828402366864,169,168
503372411,0.05917159763313609,1.0,5.9171597633136095,169,10
503372412,0.6272189349112426,4.0,62.721893491124256,169,106
503372413,0.023668639053254437,3.0,2.366863905325444,169,4
503372414,0.591715976331361,4.0,59.171597633136095,169,100
503372421,0.0,,0.0,169,0
503372422,0.0,,0.0,169,0
503372423,0.0,,0.0,169,0
503372424,0.0,,0.0,169,0
503372431,0.0,,0.0,169,0
503372432,0.0,,0.0,169,0
503372433,0.0,,0.0,169,0
503372434,0.0,,0.0,169,0
503372441,0.0,,0.0,169,0
503372442,0.0,,0.0,169,0
503372443,0.0,,0.0,169,0
503372451,0.0,,0.0,169,0
503372511,0.7337278106508875,4.0,73.37278106508876,169,124
503372512,0.28994082840236685,4.0,28.994082840236686,169,49
503372513,0.7159763313609467,4.0,71.59763313609467,169,121
503372514,0.9526627218934911,4.0,95.26627218934911,169,161
503372521,0.05917159763313609,2.0,5.9171597633136095,169,10
503372522,0.4911242603550296,4.0,49.112426035502956,169,83
503372523,0.0,,0.0,169,0
503372524,0.1893491124260355,3.0,18.93491124260355,169,32
503372531,0.0,,0.0,169,0
503372532,0.0,,0.0,169,0
503372533,0.0,,0.0,169,0
503372534,0.0,,0.0,169,0
503372541,0.0,,0.0,169,0
503372542,0.0,,0.0,169,0
503372543,0.0,,0.0,169,0
503372544,0.0,,0.0,169,0
503372553,0.0,,0.0,169,0
503372554,0.0,,0.0,169,0
503372563,0.0,,0.0,169,0
503372584,0.0,,0.0,169,0
503372593,0.0,,0.0,169,0
503372594,0.0,,0.0,169,0
503372621,0.9704142011834319,4.0,97.0414201183432,169,164
503372622,0.4378698224852071,4.0,43.786982248520715,169,74
503372623,0.31952662721893493,4.0,31.952662721893493,169,54
503372624,0.4260355029585799,4.0,42.60355029585799,169,72
503372631,0.0,,0.0,169,0
503372632,0.0,,0.0,169,0
503372633,0.0,,0.0,169,0
503372634,0.0,,0.0,169,0
503372641,0.0,,0.0,169,0
503372642,0.0,,0.0,169,0
503372643,0.0,,0.0,169,0
503372644,0.3668639053254438,4.0,36.68639053254438,169,62
503372651,0.047337278106508875,2.0,4.733727810650888,169,8
503372652,0.5976331360946746,4.0,59.76331360946746,169,101
503372653,0.01775147928994083,3.0,1.7751479289940828,169,3
503372654,0.9289940828402367,4.0,92.89940828402366,169,157
503372661,0.0,,0.0,169,0
503372663,0.0,,0.0,169,0
503372664,0.5266272189349113,5.0,52.662721893491124,169,89
503372673,0.0,,0.0,169,0
503372674,0.3431952662721893,5.0,34.319526627218934,169,58
503372682,0.591715976331361,5.0,59.171597633136095,169,100
503372683,0.0,,0.0,169,0
503372684,0.11834319526627218,4.0,11.834319526627219,169,20
503372731,0.5029585798816568,4.0,50.29585798816568,169,85
503372732,0.23668639053254437,4.0,23.668639053254438,169,40
503372733,0.7337278106508875,4.0,73.37278106508876,169,124
503372734,0.5562130177514792,4.0,55.62130177514793,169,94
503372741,0.6982248520710059,4.0,69.8224852071006,169,118
503372742,0.7633136094674556,4.0,76.33136094674556,169,129
503372743,0.9763313609467456,4.0,97.63313609467455,169,165
503372744,0.9881656804733728,4.0,98.81656804733728,169,167
503372751,1.0,4.0,100.0,169,169
503372752,1.0,4.0,100.0,169,169
503372753,0.9112426035502958,5.0,91.12426035502959,169,154
503372754,0.7396449704142012,4.0,73.96449704142012,169,125
503372761,0.9644970414201184,5.0,96.44970414201184,169,163
503372762,0.5325443786982249,5.0,53.25443786982249,169,90
503372763,0.9940828402366864,5.0,99.40828402366864,169,168
503372764,0.4260355029585799,5.0,42.60355029585799,169,72
503372771,0.46745562130177515,4.0,46.74556213017752,169,79
503372772,0.08284023668639054,4.0,8.284023668639055,169,14
503372773,0.35502958579881655,4.0,35.50295857988166,169,60
503372781,0.6094674556213018,5.0,60.946745562130175,169,103
503372782,0.029585798816568046,3.0,2.9585798816568047,169,5
503372783,0.28994082840236685,4.0,28.994082840236686,169,49
503372851,0.8520710059171598,4.0,85.20710059171599,169,144
503372853,0.3076923076923077,4.0,30.76923076923077,169,52
503372854,0.23076923076923078,5.0,23.076923076923077,169,39
503372861,0.01775147928994083,2.0,1.7751479289940828,169,3
503372871,0.08875739644970414,4.0,8.875739644970414,169,15
503372872,0.05325443786982249,4.0,5.325443786982249,169,9
503372873,0.40828402366863903,4.0,40.828402366863905,169,69
503372982,0.01775147928994083,4.0,1.7751479289940828,169,3
503373101,0.0,,0.0,169,0
503373201,0.0,,0.0,169,0
503373203,0.0,,0.0,169,0
503373204,0.0,,0.0,169,0
503373232,0.0,,0.0,169,0
503373233,0.0,,0.0,169,0
503373301,0.0,,0.0,169,0
503373302,0.0,,0.0,169,0
503373304,0.0,,0.0,169,0
503373311,0.0,,0.0,169,0
503373313,0.0,,0.0,169,0
503373314,0.0,,0.0,169,0
503373323,0.0,,0.0,169,0
503373324,0.0,,0.0,169,0
503373331,0.0,,0.0,169,0
503373333,0.0,,0.0,169,0
503373334,0.0,,0.0,169,0
503373402,0.0,,0.0,169,0
503373411,0.0,,0.0,169,0
503373412,0.0,,0.0,169,0
503373413,0.0,,0.0,169,0
503373414,0.0,,0.0,169,0
503373421,0.0,,0.0,169,0
503373422,0.0,,0.0,169,0
503373423,0.0,,0.0,169,0
503373424,0.0,,0.0,169,0
503373431,0.0,,0.0,169,0
503373432,0.0,,0.0,169,0
503373433,0.0,,0.0,169,0
503373434,0.0,,0.0,169,0
503373441,0.0,,0.0,169,0
503373442,0.0,,0.0,169,0
503373443,0.0,,0.0,169,0
503373444,0.0,,0.0,169,0
503373451,0.0,,0.0,169,0
503373452,0.0,,0.0,169,0
503373453,0.0,,0.0,169,0
503373454,0.0,,0.0,169,0
503373463,0.0,,0.0,169,0
503373464,0.0,,0.0,169,0
503373473,0.0,,0.0,169,0
503373474,0.0,,0.0,169,0
503373483,0.0,,0.0,169,0
503373484,0.0,,0.0,169,0
503373493,0.0,,0.0,169,0
503373494,0.0,,0.0,169,0
503373501,0.0,,0.0,169,0
503373503,0.0,,0.0,169,0
503373511,0.0,,0.0,169,0
503373521,0.0,,0.0,169,0
503373522,0.0,,0.0,169,0
503373531,0.0,,0.0,169,0
503373532,0.0,,0.0,169,0
503373533,0.0,,0.0,169,0
503373534,0.0,,0.0,169,0
503373541,0.0,,0.0,169,0
503373542,0.0,,0.0,169,0
503373543,0.0,,0.0,169,0
503373544,0.0,,0.0,169,0
503373551,0.0,,0.0,169,0
503373552,0.0,,0.0,169,0
503373553,0.0,,0.0,169,0
503373554,0.0,,0.0,169,0
503373561,0.0,,0.0,169,0
503373562,0.0,,0.0,169,0
503373563,0.0,,0.0,169,0
503373564,0.0,,0.0,169,0
503373571,0.0,,0.0,169,0
503373572,0.0,,0.0,169,0
503373573,0.0,,0.0,169,0
503373574,0.0,,0.0,169,0
503373581,0.0,,0.0,169,0
503373582,0.0,,0.0,169,0
503373583,0.0,,0.0,169,0
503373584,0.0,,0.0,169,0
503373591,0.0,,0.0,169,0
503373592,0.0,,0.0,169,0
503373593,0.0,,0.0,169,0
503373594,0.0,,0.0,169,0
503373623,0.0,,0.0,169,0
503373632,0.0,,0.0,169,0
503373633,0.0,,0.0,169,0
503373634,0.0,,0.0,169,0
503373641,0.0,,0.0,169,0
503373642,0.0,,0.0,169,0
503373643,0.0,,0.0,169,0
503373644,0.0,,0.0,169,0
503373651,0.01775147928994083,1.0,1.7751479289940828,169,3
503373652,0.30177514792899407,4.0,30.17751479289941,169,51
503373653,0.30177514792899407,4.0,30.17751479289941,169,51
503373654,0.7928994082840237,4.0,79.28994082840237,169,134
503373661,0.10059171597633136,4.0,10.059171597633137,169,17
503373662,0.8757396449704142,4.0,87.57396449704143,169,148
503373663,0.0,,0.0,169,0
503373664,0.5207100591715976,4.0,52.071005917159766,169,88
503373671,0.0,,0.0,169,0
503373672,0.47928994082840237,4.0,47.928994082840234,169,81
503373673,0.0,,0.0,169,0
503373674,0.39644970414201186,4.0,39.64497041420118,169,67
503373681,0.0,,0.0,169,0
503373683,0.17751479289940827,4.0,17.75147928994083,169,30
503373691,0.3609467455621302,4.0,36.09467455621302,169,61
503373701,0.01775147928994083,3.0,1.7751479289940828,169,3
503373702,0.04142011834319527,4.0,4.142011834319527,169,7
503373731,0.0,,0.0,169,0
503373732,0.047337278106508875,4.0,4.733727810650888,169,8
503373733,0.0,,0.0,169,0
503373734,0.3609467455621302,4.0,36.09467455621302,169,61
503373741,0.0,,0.0,169,0
503373742,0.5502958579881657,4.0,55.02958579881657,169,93
503373743,0.15384615384615385,3.0,15.384615384615385,169,26
503373744,0.863905325443787,4.0,86.3905325443787,169,146
503373752,0.7455621301775148,4.0,74.55621301775149,169,126
503373762,0.757396449704142,5.0,75.7396449704142,169,128
503373824,0.05325443786982249,4.0,5.325443786982249,169,9
503373831,0.6153846153846154,4.0,61.53846153846154,169,104
503373833,0.5857988165680473,4.0,58.57988165680473,169,99
503373841,0.6982248520710059,4.0,69.8224852071006,169,118
503374003,0.0,,0.0,169,0
503374011,0.0,,0.0,169,0
503374023,0.0,,0.0,169,0
503374031,0.0,,0.0,169,0
503374033,0.0,,0.0,169,0
503374034,0.0,,0.0,169,0
503374112,0.0,,0.0,169,0
503374114,0.0,,0.0,169,0
503374123,0.0,,0.0,169,0
503374124,0.0,,0.0,169,0
503374222,0.0,,0.0,169,0
503374372,0.0,,0.0,169,0
503374382,0.0,,0.0,169,0
503374383,0.0,,0.0,169,0
503374392,0.0,,0.0,169,0
503374393,0.0,,0.0,169,0
503374484,0.0,,0.0,169,0
503374493,0.0,,0.0,169,0
503374501,0.0,,0.0,169,0
503374502,0.0,,0.0,169,0
503374503,0.0,,0.0,169,0
503374504,0.0,,0.0,169,0
503374511,0.0,,0.0,169,0
503374513,0.0,,0.0,169,0
503374514,0.0,,0.0,169,0
503374523,0.0,,0.0,169,0
503374524,0.0,,0.0,169,0
503374564,0.0,,0.0,169,0
503374573,0.0,,0.0,169,0
503374582,0.0,,0.0,169,0
503374592,0.0,,0.0,169,0
503374594,0.0,,0.0,169,0
503374601,0.01775147928994083,4.0,1.7751479289940828,169,3
503374611,0.10059171597633136,4.0,10.059171597633137,169,17
503374613,0.0,,0.0,169,0
503374614,0.023668639053254437,1.0,2.366863905325444,169,4
503374621,0.0,,0.0,169,0
503374622,0.0,,0.0,169,0
503374623,0.0,,0.0,169,0
503374624,0.0,,0.0,169,0
503374631,0.0,,0.0,169,0
503374632,0.0,,0.0,169,0
503374633,0.0,,0.0,169,0
503374634,0.0,,0.0,169,0
503374641,0.0,,0.0,169,0
503374643,0.0,,0.0,169,0
503374644,0.0,,0.0,169,0
503374651,0.0,,0.0,169,0
503374652,0.0,,0.0,169,0
503374653,0.0,,0.0,169,0
503374654,0.0,,0.0,169,0
503374661,0.0,,0.0,169,0
503374662,0.0,,0.0,169,0
503374663,0.0,,0.0,169,0
503374664,0.0,,0.0,169,0
503374671,0.0,,0.0,169,0
503374672,0.0,,0.0,169,0
503374721,0.0,,0.0,169,0
503374722,0.04142011834319527,3.0,4.142011834319527,169,7
503374724,0.0,,0.0,169,0
503374731,0.0,,0.0,169,0
503374732,0.011834319526627219,2.0,1.183431952662722,169,2
503374733,0.0,,0.0,169,0
503374734,0.0,,0.0,169,0
503374741,0.0,,0.0,169,0
503374742,0.0,,0.0,169,0
503374743,0.0,,0.0,169,0
503374744,0.0,,0.0,169,0
503374751,0.0,,0.0,169,0
503374752,0.0,,0.0,169,0
503374753,0.0,,0.0,169,0
503374754,0.0,,0.0,169,0
503374761,0.0,,0.0,169,0
503374762,0.0,,0.0,169,0
503374763,0.0,,0.0,169,0
503374764,0.0,,0.0,169,0
503374771,0.0,,0.0,169,0
503374772,0.0,,0.0,169,0
503374773,0.0,,0.0,169,0
503374774,0.0,,0.0,169,0
503374781,0.0,,0.0,169,0
503374782,0.0,,0.0,169,0
503374783,0.0,,0.0,169,0
503374784,0.0,,0.0,169,0
503374791,0.0,,0.0,169,0
503374793,0.0,,0.0,169,0
503374794,0.0,,0.0,169,0
503374831,0.2603550295857988,4.0,26.035502958579883,169,44
503374834,0.20118343195266272,4.0,20.118343195266274,169,34
503374841,0.0,,0.0,169,0
503374842,0.0,,0.0,169,0
503374843,0.0,,0.0,169,0
503374844,0.0,,0.0,169,0
503374851,0.0,,0.0,169,0
503374852,0.0,,0.0,169,0
503374853,0.0,,0.0,169,0
503374854,0.0,,0.0,169,0
503374861,0.0,,0.0,169,0
503374862,0.0,,0.0,169,0
503374863,0.0,,0.0,169,0
503374864,0.0,,0.0,169,0
503374871,0.0,,0.0,169,0
503374872,0.0,,0.0,169,0
503374873,0.0,,0.0,169,0
503374874,0.0,,0.0,169,0
503374881,0.0,,0.0,169,0
503374882,0.0,,0.0,169,0
503374883,0.0,,0.0,169,0
503374884,0.0,,0.0,169,0
503374894,0.0,,0.0,169,0
503374942,0.08284023668639054,3.0,8.284023668639055,169,14
503374943,0.14792899408284024,3.0,14.792899408284024,169,25
503374944,0.727810650887574,4.0,72.7810650887574,169,123
503374951,0.0,,0.0,169,0
503374952,0.0,,0.0,169,0
503374953,0.0,,0.0,169,0
503374954,0.0,,0.0,169,0
503374961,0.0,,0.0,169,0
503374962,0.0,,0.0,169,0
503374963,0.0,,0.0,169,0
503374964,0.0,,0.0,169,0
503374971,0.0,,0.0,169,0
503374972,0.0,,0.0,169,0
503374973,0.0,,0.0,169,0
503374981,0.0,,0.0,169,0
503374982,0.0,,0.0,169,0
503374983,0.0,,0.0,169,0
503374984,0.0,,0.0,169,0
503374991,0.0,,0.0,169,0
503374992,0.0,,0.0,169,0
503374993,0.0,,0.0,169,0
503374994,0.0,,0.0,169,0
503375011,0.0,,0.0,169,0
503375012,0.0,,0.0,169,0
503375013,0.0,,0.0,169,0
503375014,0.0,,0.0,169,0
503375021,0.0,,0.0,169,0
503375103,0.0,,0.0,169,0
503375104,0.0,,0.0,169,0
503375111,0.0,,0.0,169,0
503375112,0.0,,0.0,169,0
503375202,0.0,,0.0,169,0
503375204,0.0,,0.0,169,0
503375211,0.0,,0.0,169,0
503375213,0.0,,0.0,169,0
503375214,0.0,,0.0,169,0
503375223,0.0,,0.0,169,0
503375302,0.0,,0.0,169,0
503375304,0.0,,0.0,169,0
503375311,0.0,,0.0,169,0
503375312,0.0,,0.0,169,0
503375313,0.0,,0.0,169,0
503375314,0.0,,0.0,169,0
503375321,0.0,,0.0,169,0
503375323,0.0,,0.0,169,0
503375324,0.0,,0.0,169,0
503375332,0.0,,0.0,169,0
503375333,0.0,,0.0,169,0
503375334,0.0,,0.0,169,0
503375341,0.0,,0.0,169,0
503375342,0.0,,0.0,169,0
503375343,0.0,,0.0,169,0
503375344,0.0,,0.0,169,0
503375351,0.0,,0.0,169,0
503375352,0.0,,0.0,169,0
503375401,0.0,,0.0,169,0
503375402,0.0,,0.0,169,0
503375404,0.0,,0.0,169,0
503375411,0.0,,0.0,169,0
503375412,0.0,,0.0,169,0
503375414,0.0,,0.0,169,0
503375421,0.0,,0.0,169,0
503375422,0.0,,0.0,169,0
503375424,0.0,,0.0,169,0
503375431,0.0,,0.0,169,0
503375433,0.0,,0.0,169,0
503375434,0.0,,0.0,169,0
503375441,0.0,,0.0,169,0
503375442,0.0,,0.0,169,0
503375443,0.0,,0.0,169,0
503375521,0.0,,0.0,169,0
503375522,0.0,,0.0,169,0
503375534,0.0,,0.0,169,0
503375541,0.0,,0.0,169,0
503375542,0.0,,0.0,169,0
503375543,0.0,,0.0,169,0
503375703,0.0,,0.0,169,0
503375704,0.0,,0.0,169,0
503375713,0.0,,0.0,169,0
503375801,0.0,,0.0,169,0
503375802,0.0,,0.0,169,0
503375803,0.0,,0.0,169,0
503375804,0.0,,0.0,169,0
503375811,0.0,,0.0,169,0
503375813,0.0,,0.0,169,0
503375814,0.0,,0.0,169,0
503375823,0.0,,0.0,169,0
503375824,0.0,,0.0,169,0
503375901,0.0,,0.0,169,0
503375903,0.0,,0.0,169,0
503375904,0.0,,0.0,169,0
503375911,0.0,,0.0,169,0
503375912,0.0,,0.0,169,0
503375921,0.0,,0.0,169,0
503375922,0.0,,0.0,169,0
503375923,0.0,,0.0,169,0
503375924,0.0,,0.0,169,0
503375931,0.0,,0.0,169,0
503375932,0.0,,0.0,169,0
503375933,0.0,,0.0,169,0
503375934,0.0,,0.0,169,0
503375942,0.0,,0.0,169,0
513206021,0.0,,0.0,169,0
513206024,0.0,,0.0,169,0
513206031,0.0,,0.0,169,0
513206032,0.0,,0.0,169,0
513206034,0.21301775147928995,4.0,21.301775147928996,169,36
513206043,0.0,,0.0,169,0
513206044,0.0,,0.0,169,0
513206051,0.0,,0.0,169,0
513206064,0.0,,0.0,169,0
513206083,0.0,,0.0,169,0
513206141,0.1242603550295858,2.0,12.42603550295858,169,21
513206143,0.0,,0.0,169,0
513206144,0.0,,0.0,169,0
513206161,0.0,,0.0,169,0
513206162,0.0,,0.0,169,0
513206163,0.0,,0.0,169,0
513206181,0.0,,0.0,169,0
513206184,0.0,,0.0,169,0
513206251,0.0,,0.0,169,0
513206253,0.0,,0.0,169,0
513206254,0.0,,0.0,169,0
513206261,0.0,,0.0,169,0
513206263,0.0,,0.0,169,0
513206264,0.0,,0.0,169,0
513206274,0.0,,0.0,169,0
513206282,0.0,,0.0,169,0
513206284,0.0,,0.0,169,0
513206293,0.0,,0.0,169,0
513206361,0.0,,0.0,169,0
513206363,0.0,,0.0,169,0
513206364,0.01775147928994083,1.0,1.7751479289940828,169,3
513206371,0.0,,0.0,169,0
513206372,0.0,,0.0,169,0
513206373,0.0,,0.0,169,0
513206374,0.0,,0.0,169,0
513206381,0.0,,0.0,169,0
513206382,0.0,,0.0,169,0
513206383,0.0,,0.0,169,0
513206384,0.0,,0.0,169,0
513206391,0.0,,0.0,169,0
513206471,0.7218934911242604,4.0,72.18934911242604,169,122
513206472,0.4319526627218935,4.0,43.19526627218935,169,73
513206473,0.005917159763313609,1.0,0.591715976331361,169,1
513206474,0.3136094674556213,4.0,31.360946745562128,169,53
513206481,0.0,,0.0,169,0
513206482,0.0,,0.0,169,0
513206492,0.0,,0.0,169,0
513206494,0.0,,0.0,169,0
513206581,0.05325443786982249,3.0,5.325443786982249,169,9
513206583,0.0,,0.0,169,0
513206584,0.14792899408284024,3.0,14.792899408284024,169,25
513206592,0.0,,0.0,169,0
513206593,0.0,,0.0,169,0
513206594,0.0,,0.0,169,0
513206691,0.0,,0.0,169,0
513206692,0.0,,0.0,169,0
513206693,0.0,,0.0,169,0
513206694,0.3076923076923077,4.0,30.76923076923077,169,52
513207021,0.0,,0.0,169,0
513207023,0.0,,0.0,169,0
513207042,0.0,,0.0,169,0
513207044,0.0,,0.0,169,0
513207051,0.0,,0.0,169,0
513207052,0.0,,0.0,169,0
513207053,0.0,,0.0,169,0
513207054,0.0,,0.0,169,0
513207061,0.0,,0.0,169,0
513207094,0.0,,0.0,169,0
513207101,0.0,,0.0,169,0
513207103,0.0,,0.0,169,0
513207112,0.0,,0.0,169,0
513207131,0.0,,0.0,169,0
513207132,0.0,,0.0,169,0
513207141,0.0,,0.0,169,0
513207142,0.0,,0.0,169,0
513207143,0.0,,0.0,169,0
513207144,0.0,,0.0,169,0
513207151,0.0,,0.0,169,0
513207152,0.0,,0.0,169,0
513207153,0.0,,0.0,169,0
513207154,0.0,,0.0,169,0
513207184,0.0,,0.0,169,0
513207192,0.0,,0.0,169,0
513207193,0.0,,0.0,169,0
513207194,0.0,,0.0,169,0
513207234,0.0,,0.0,169,0
513207241,0.0,,0.0,169,0
513207242,0.0,,0.0,169,0
513207243,0.0,,0.0,169,0
513207244,0.0,,0.0,169,0
513207251,0.0,,0.0,169,0
513207252,0.0,,0.0,169,0
513207253,0.0,,0.0,169,0
513207254,0.0,,0.0,169,0
513207261,0.0,,0.0,169,0
513207263,0.0,,0.0,169,0
513207264,0.0,,0.0,169,0
513207271,0.0,,0.0,169,0
513207273,0.0,,0.0,169,0
513207274,0.0,,0.0,169,0
513207282,0.0,,0.0,169,0
513207283,0.0,,0.0,169,0
513207284,0.0,,0.0,169,0
513207291,0.0,,0.0,169,0
513207292,0.0,,0.0,169,0
513207293,0.0,,0.0,169,0
513207294,0.0,,0.0,169,0
513207303,0.0,,0.0,169,0
513207332,0.0,,0.0,169,0
513207341,0.0,,0.0,169,0
513207342,0.0,,0.0,169,0
513207343,0.0,,0.0,169,0
513207344,0.0,,0.0,169,0
513207351,0.0,,0.0,169,0
513207352,0.0,,0.0,169,0
513207353,0.0,,0.0,169,0
513207361,0.0,,0.0,169,0
513207362,0.0,,0.0,169,0
513207364,0.0,,0.0,169,0
513207371,0.0,,0.0,169,0
513207372,0.0,,0.0,169,0
513207373,0.0,,0.0,169,0
513207374,0.0,,0.0,169,0
513207381,0.0,,0.0,169,0
513207382,0.0,,0.0,169,0
513207383,0.0,,0.0,169,0
513207384,0.0,,0.0,169,0
513207391,0.0,,0.0,169,0
513207392,0.0,,0.0,169,0
513207393,0.0,,0.0,169,0
513207394,0.0,,0.0,169,0
513207401,0.0,,0.0,169,0
513207403,0.0,,0.0,169,0
513207422,0.0,,0.0,169,0
513207433,0.0,,0.0,169,0
513207441,0.0,,0.0,169,0
513207462,0.0,,0.0,169,0
513207464,0.0,,0.0,169,0
513207471,0.0,,0.0,169,0
513207472,0.0,,0.0,169,0
513207473,0.0,,0.0,169,0
513207474,0.0,,0.0,169,0
513207481,0.0,,0.0,169,0
513207482,0.0,,0.0,169,0
513207483,0.0,,0.0,169,0
513207484,0.0,,0.0,169,0
513207491,0.0,,0.0,169,0
513207492,0.0,,0.0,169,0
513207493,0.0,,0.0,169,0
513207494,0.0,,0.0,169,0
513207503,0.0,,0.0,169,0
513207522,0.0,,0.0,169,0
513207523,0.0,,0.0,169,0
513207531,0.0,,0.0,169,0
513207532,0.0,,0.0,169,0
513207533,0.0,,0.0,169,0
513207534,0.0,,0.0,169,0
513207544,0.0,,0.0,169,0
513207553,0.0,,0.0,169,0
513207554,0.0,,0.0,169,0
513207561,0.0,,0.0,169,0
513207562,0.0,,0.0,169,0
513207563,0.0,,0.0,169,0
513207564,0.0,,0.0,169,0
513207571,0.0,,0.0,169,0
513207572,0.0,,0.0,169,0
513207573,0.0,,0.0,169,0
513207574,0.0,,0.0,169,0
513207581,0.0,,0.0,169,0
513207582,0.0,,0.0,169,0
513207583,0.0,,0.0,169,0
513207584,0.0,,0.0,169,0
513207591,0.0,,0.0,169,0
513207592,0.0,,0.0,169,0
513207593,0.0,,0.0,169,0
513207594,0.0,,0.0,169,0
513207601,0.05325443786982249,3.0,5.325443786982249,169,9
513207602,0.28402366863905326,4.0,28.402366863905325,169,48
513207603,0.0,,0.0,169,0
513207604,0.0,,0.0,169,0
513207613,0.0,,0.0,169,0
513207614,0.0,,0.0,169,0
513207621,0.0,,0.0,169,0
513207623,0.0,,0.0,169,0
513207624,0.0,,0.0,169,0
513207631,0.0,,0.0,169,0
513207632,0.0,,0.0,169,0
513207633,0.0,,0.0,169,0
513207634,0.0,,0.0,169,0
513207641,0.0,,0.0,169,0
513207642,0.0,,0.0,169,0
513207643,0.0,,0.0,169,0
513207644,0.0,,0.0,169,0
513207651,0.0,,0.0,169,0
513207653,0.0,,0.0,169,0
513207654,0.0,,0.0,169,0
513207661,0.0,,0.0,169,0
513207662,0.0,,0.0,169,0
513207664,0.0,,0.0,169,0
513207671,0.0,,0.0,169,0
513207672,0.0,,0.0,169,0
513207673,0.0,,0.0,169,0
513207674,0.0,,0.0,169,0
513207681,0.0,,0.0,169,0
513207682,0.0,,0.0,169,0
513207683,0.0,,0.0,169,0
513207684,0.0,,0.0,169,0
513207691,0.0,,0.0,169,0
513207692,0.0,,0.0,169,0
513207693,0.0,,0.0,169,0
513207694,0.0,,0.0,169,0
513207711,0.01775147928994083,3.0,1.7751479289940828,169,3
513207714,0.1893491124260355,4.0,18.93491124260355,169,32
513207721,0.047337278106508875,4.0,4.733727810650888,169,8
513207722,0.727810650887574,4.0,72.7810650887574,169,123
513207723,0.15384615384615385,4.0,15.384615384615385,169,26
513207731,0.1242603550295858,4.0,12.42603550295858,169,21
513207733,0.1301775147928994,4.0,13.017751479289942,169,22
513207734,0.48520710059171596,4.0,48.5207100591716,169,82
513207741,0.0,,0.0,169,0
513207743,0.0,,0.0,169,0
513207744,0.0,,0.0,169,0
513207751,0.0,,0.0,169,0
513207752,0.0,,0.0,169,0
513207753,0.0,,0.0,169,0
513207754,0.0,,0.0,169,0
513207761,0.0,,0.0,169,0
513207762,0.0,,0.0,169,0
513207763,0.0,,0.0,169,0
513207764,0.0,,0.0,169,0
513207771,0.0,,0.0,169,0
513207772,0.0,,0.0,169,0
513207773,0.0,,0.0,169,0
513207774,0.0,,0.0,169,0
513207781,0.0,,0.0,169,0
513207782,0.0,,0.0,169,0
513207783,0.0,,0.0,169,0
513207784,0.0,,0.0,169,0
513207791,0.0,,0.0,169,0
513207792,0.0,,0.0,169,0
513207793,0.0,,0.0,169,0
513207794,0.15384615384615385,4.0,15.384615384615385,169,26
513207841,0.3727810650887574,3.0,37.278106508875744,169,63
513207842,0.5443786982248521,4.0,54.437869822485204,169,92
513207843,0.029585798816568046,3.0,2.9585798816568047,169,5
513207844,0.08875739644970414,4.0,8.875739644970414,169,15
513207851,0.0,,0.0,169,0
513207852,0.0,,0.0,169,0
513207853,0.0,,0.0,169,0
513207854,0.0,,0.0,169,0
513207861,0.0,,0.0,169,0
513207862,0.0,,0.0,169,0
513207863,0.0,,0.0,169,0
513207864,0.0,,0.0,169,0
513207871,0.0,,0.0,169,0
513207872,0.0,,0.0,169,0
513207873,0.0,,0.0,169,0
513207874,0.0,,0.0,169,0
513207882,0.0,,0.0,169,0
513207883,0.0,,0.0,169,0
513207884,0.0,,0.0,169,0
513207891,0.2485207100591716,3.0,24.85207100591716,169,42
513207892,0.46153846153846156,4.0,46.15384615384615,169,78
513207893,0.893491124260355,4.0,89.3491124260355,169,151
513207894,0.9940828402366864,4.0,99.40828402366864,169,168
513207941,0.8875739644970414,4.0,88.75739644970415,169,150
513207942,0.5739644970414202,4.0,57.396449704142015,169,97
513207943,0.15976331360946747,4.0,15.976331360946746,169,27
513207944,0.38461538461538464,4.0,38.46153846153847,169,65
513207952,0.0,,0.0,169,0
513207962,0.0,,0.0,169,0
513207971,0.0,,0.0,169,0
513207972,0.0,,0.0,169,0
513207981,0.0,,0.0,169,0
513207982,0.0,,0.0,169,0
513207984,0.011834319526627219,3.0,1.183431952662722,169,2
513207991,0.39644970414201186,4.0,39.64497041420118,169,67
513207992,0.6804733727810651,4.0,68.04733727810651,169,115
513207993,0.5798816568047337,4.0,57.98816568047337,169,98
513217041,0.1893491124260355,4.0,18.93491124260355,169,32
513217043,0.0650887573964497,4.0,6.508875739644971,169,11
513217044,0.03550295857988166,3.0,3.5502958579881656,169,6
513217051,0.0,,0.0,169,0
513217053,0.0,,0.0,169,0
513217054,0.0,,0.0,169,0
513217061,0.0,,0.0,169,0
513217062,0.0,,0.0,169,0
513217063,0.0,,0.0,169,0
513217064,0.0,,0.0,169,0
513217081,0.0,,0.0,169,0
513217082,0.0,,0.0,169,0
513217083,0.0,,0.0,169,0
513217084,0.0,,0.0,169,0
513217091,0.22485207100591717,4.0,22.485207100591715,169,38
513217092,0.0,,0.0,169,0
513217143,0.005917159763313609,3.0,0.591715976331361,169,1
513217144,0.0,,0.0,169,0
513217151,0.0,,0.0,169,0
513217152,0.0,,0.0,169,0
513217153,0.0,,0.0,169,0
513217154,0.0,,0.0,169,0
513217161,0.0,,0.0,169,0
513217162,0.0,,0.0,169,0
513217163,0.0,,0.0,169,0
513217164,0.011834319526627219,1.0,1.183431952662722,169,2
513217171,0.0,,0.0,169,0
513217172,0.15384615384615385,4.0,15.384615384615385,169,26
513217173,0.0,,0.0,169,0
513217174,0.26627218934911245,4.0,26.627218934911244,169,45
513217181,0.0,,0.0,169,0
513217182,0.0,,0.0,169,0
513217184,0.11834319526627218,3.0,11.834319526627219,169,20
513217241,0.01775147928994083,3.0,1.7751479289940828,169,3
513217242,0.2781065088757396,4.0,27.810650887573964,169,47
513217243,0.0,,0.0,169,0
513217244,0.0,,0.0,169,0
513217251,0.0,,0.0,169,0
513217252,0.0,,0.0,169,0
513217253,0.0,,0.0,169,0
513217254,0.0,,0.0,169,0
513217261,0.0,,0.0,169,0
513217262,0.0,,0.0,169,0
513217263,0.23076923076923078,4.0,23.076923076923077,169,39
513217264,0.047337278106508875,2.0,4.733727810650888,169,8
513217271,0.514792899408284,4.0,51.4792899408284,169,87
513217272,0.5502958579881657,4.0,55.02958579881657,169,93
513217273,0.10650887573964497,1.0,10.650887573964498,169,18
513217274,0.0650887573964497,4.0,6.508875739644971,169,11
513217281,0.1834319526627219,4.0,18.34319526627219,169,31
513217282,0.07100591715976332,3.0,7.100591715976331,169,12
513217324,0.005917159763313609,1.0,0.591715976331361,169,1
513217334,0.14792899408284024,4.0,14.792899408284024,169,25
513217341,0.23076923076923078,4.0,23.076923076923077,169,39
513217342,0.13609467455621302,4.0,13.609467455621301,169,23
513217343,0.0,,0.0,169,0
513217344,0.0,,0.0,169,0
513217351,0.0,,0.0,169,0
513217352,0.0,,0.0,169,0
513217353,0.0,,0.0,169,0
513217354,0.0,,0.0,169,0
513217361,0.0,,0.0,169,0
513217362,0.0,,0.0,169,0
513217363,0.0,,0.0,169,0
513217364,0.0,,0.0,169,0
513217371,0.14201183431952663,4.0,14.201183431952662,169,24
513217372,0.23668639053254437,5.0,23.668639053254438,169,40
513217373,0.20710059171597633,4.0,20.710059171597635,169,35
513217381,0.01775147928994083,4.0,1.7751479289940828,169,3
513217441,0.005917159763313609,4.0,0.591715976331361,169,1
513217442,0.0,,0.0,169,0
513217443,0.0,,0.0,169,0
513217444,0.0,,0.0,169,0
513217452,0.0,,0.0,169,0
513217454,0.0,,0.0,169,0
513217461,0.0,,0.0,169,0
513217462,0.15384615384615385,3.0,15.384615384615385,169,26
513217463,0.0,,0.0,169,0
513217551,0.0,,0.0,169,0
513217552,0.005917159763313609,3.0,0.591715976331361,169,1
513217553,0.0,,0.0,169,0
513217554,0.005917159763313609,1.0,0.591715976331361,169,1
513217651,0.0,,0.0,169,0
513226292,0.011834319526627219,1.0,1.183431952662722,169,2
513227201,0.0,,0.0,169,0
513227202,0.0,,0.0,169,0
513227204,0.011834319526627219,2.0,1.183431952662722,169,2
513227214,0.023668639053254437,3.0,2.366863905325444,169,4
513227234,0.15384615384615385,4.0,15.384615384615385,169,26
513227363,0.0,,0.0,169,0
513227374,0.0,,0.0,169,0
513227454,0.04142011834319527,1.0,4.142011834319527,169,7
513227461,0.27218934911242604,5.0,27.218934911242602,169,46
513227463,0.0,,0.0,169,0
513227464,0.0,,0.0,169,0
513227481,0.0,,0.0,169,0
513227491,0.005917159763313609,3.0,0.591715976331361,169,1
513227492,0.0,,0.0,169,0
513227564,0.0,,0.0,169,0
513227573,0.0,,0.0,169,0
513227574,0.0,,0.0,169,0
513227582,0.0,,0.0,169,0
513227584,0.0,,0.0,169,0
513227593,0.0,,0.0,169,0
513227671,0.3431952662721893,5.0,34.319526627218934,169,58
513227672,0.47337278106508873,5.0,47.337278106508876,169,80
513227673,0.15384615384615385,4.0,15.384615384615385,169,26
513227682,0.0,,0.0,169,0
513227683,0.0650887573964497,4.0,6.508875739644971,169,11
513227684,0.1301775147928994,4.0,13.017751479289942,169,22
513227691,0.047337278106508875,4.0,4.733727810650888,169,8
513227692,0.21301775147928995,4.0,21.301775147928996,169,36
513227693,0.0,,0.0,169,0
513227791,0.0,,0.0,169,0
513227893,0.1952662721893491,4.0,19.526627218934912,169,33
513227894,0.24260355029585798,4.0,24.2603550295858,169,41
513227994,0.5384615384615384,4.0,53.84615384615385,169,91
513237093,0.3431952662721893,5.0,34.319526627218934,169,58
513237094,0.0,,0.0,169,0
513237192,0.011834319526627219,2.0,1.183431952662722,169,2
513237293,0.0,,0.0,169,0
513237294,0.0,,0.0,169,0
513237391,0.17159763313609466,4.0,17.159763313609467,169,29
513237392,0.0,,0.0,169,0
513300001,0.0,,0.0,169,0
513300002,0.0,,0.0,169,0
513300003,0.0,,0.0,169,0
513300004,0.0,,0.0,169,0
513300011,0.0,,0.0,169,0
513300012,0.0,,0.0,169,0
513300013,0.0,,0.0,169,0
513300014,0.0,,0.0,169,0
513300021,0.0,,0.0,169,0
513300022,0.0,,0.0,169,0
513300024,0.1893491124260355,4.0,18.93491124260355,169,32
513300031,0.005917159763313609,1.0,0.591715976331361,169,1
513300033,0.0,,0.0,169,0
513300034,0.0,,0.0,169,0
513300041,0.13609467455621302,3.0,13.609467455621301,169,23
513300101,0.0,,0.0,169,0
513300102,0.0,,0.0,169,0
513300103,0.0,,0.0,169,0
513300104,0.0,,0.0,169,0
513300111,0.0,,0.0,169,0
513300113,0.0,,0.0,169,0
513300114,0.0,,0.0,169,0
513300122,0.0,,0.0,169,0
513300123,0.20118343195266272,4.0,20.118343195266274,169,34
513300124,0.04142011834319527,2.0,4.142011834319527,169,7
513300131,0.4260355029585799,4.0,42.60355029585799,169,72
513300132,0.5207100591715976,4.0,52.071005917159766,169,88
513300133,0.005917159763313609,1.0,0.591715976331361,169,1
513300134,0.07692307692307693,4.0,7.6923076923076925,169,13
513300201,0.0,,0.0,169,0
513300202,0.0,,0.0,169,0
513300203,0.0,,0.0,169,0
513300204,0.0,,0.0,169,0
513300211,0.0,,0.0,169,0
513300212,0.0,,0.0,169,0
513300213,0.0,,0.0,169,0
513300214,0.0,,0.0,169,0
513300221,0.0,,0.0,169,0
513300222,0.0,,0.0,169,0
513300223,0.01775147928994083,1.0,1.7751479289940828,169,3
513300224,0.0,,0.0,169,0
513300231,0.8224852071005917,4.0,82.24852071005917,169,139
513300232,0.26627218934911245,4.0,26.627218934911244,169,45
513300301,0.0,,0.0,169,0
513300302,0.0,,0.0,169,0
513300303,0.0,,0.0,169,0
513300304,0.0,,0.0,169,0
513300311,0.0,,0.0,169,0
513300312,0.0,,0.0,169,0
513300313,0.0,,0.0,169,0
513300314,0.0,,0.0,169,0
513300321,0.0,,0.0,169,0
513300322,0.0,,0.0,169,0
513300323,0.01775147928994083,2.0,1.7751479289940828,169,3
513300324,0.1301775147928994,4.0,13.017751479289942,169,22
513300331,0.08284023668639054,4.0,8.284023668639055,169,14
513300401,0.0,,0.0,169,0
513300402,0.0,,0.0,169,0
513300403,0.0,,0.0,169,0
513300404,0.0,,0.0,169,0
513300411,0.0,,0.0,169,0
513300412,0.0,,0.0,169,0
513300413,0.0,,0.0,169,0
513300414,0.0,,0.0,169,0
513300421,0.0,,0.0,169,0
513300422,0.5384615384615384,4.0,53.84615384615385,169,91
513300423,0.5384615384615384,4.0,53.84615384615385,169,91
513300424,0.35502958579881655,4.0,35.50295857988166,169,60
513300501,0.0,,0.0,169,0
513300502,0.0,,0.0,169,0
513300503,0.0,,0.0,169,0
513300504,0.3668639053254438,4.0,36.68639053254438,169,62
513300511,0.31952662721893493,4.0,31.952662721893493,169,54
513300512,0.8106508875739645,4.0,81.06508875739645,169,137
513300513,0.28994082840236685,3.0,28.994082840236686,169,49
513300514,0.5680473372781065,4.0,56.80473372781065,169,96
513300521,0.5266272189349113,4.0,52.662721893491124,169,89
513300522,0.029585798816568046,2.0,2.9585798816568047,169,5
513300601,0.0,,0.0,169,0
513300602,0.0,,0.0,169,0
513300603,0.48520710059171596,4.0,48.5207100591716,169,82
513300604,0.2781065088757396,4.0,27.810650887573964,169,47
513300611,0.9822485207100592,4.0,98.22485207100591,169,166
513300612,0.8284023668639053,4.0,82.84023668639054,169,140
513300613,0.34911242603550297,4.0,34.9112426035503,169,59
513300614,0.24260355029585798,4.0,24.2603550295858,169,41
513300701,0.25443786982248523,4.0,25.443786982248522,169,43
513300702,0.8402366863905325,4.0,84.02366863905326,169,142
513300703,0.9467455621301775,4.0,94.67455621301775,169,160
513300704,0.7100591715976331,4.0,71.00591715976331,169,120
513300711,0.44970414201183434,4.0,44.97041420118343,169,76
513300713,0.0,,0.0,169,0
513300801,0.8461538461538461,4.0,84.61538461538461,169,143
513300803,0.21301775147928995,3.0,21.301775147928996,169,36
513304044,0.1301775147928994,4.0,13.017751479289942,169,22
513304051,0.2958579881656805,4.0,29.585798816568047,169,50
513304052,0.5384615384615384,4.0,53.84615384615385,169,91
513304053,0.0,,0.0,169,0
513304054,0.0,,0.0,169,0
513304061,0.0,,0.0,169,0
513304062,0.0,,0.0,169,0
513304063,0.0,,0.0,169,0
513304064,0.0,,0.0,169,0
513304071,0.0,,0.0,169,0
513304072,0.0,,0.0,169,0
513304073,0.0,,0.0,169,0
513304074,0.0,,0.0,169,0
513304082,0.0,,0.0,169,0
513304084,0.0,,0.0,169,0
513304091,0.0,,0.0,169,0
513304093,0.0,,0.0,169,0
513304151,0.31952662721893493,4.0,31.952662721893493,169,54
513304153,0.0,,0.0,169,0
513304154,0.46153846153846156,4.0,46.15384615384615,169,78
513304161,0.0,,0.0,169,0
513304162,0.41420118343195267,4.0,41.42011834319527,169,70
513304163,0.0,,0.0,169,0
513304164,0.0,,0.0,169,0
513304171,0.0,,0.0,169,0
513304172,0.0,,0.0,169,0
513304173,0.0,,0.0,169,0
513304174,0.0,,0.0,169,0
513304181,0.0,,0.0,169,0
513304183,0.0,,0.0,169,0
513304184,0.0,,0.0,169,0
513304191,0.0,,0.0,169,0
513304192,0.0,,0.0,169,0
513304194,0.0,,0.0,169,0
513304251,0.07692307692307693,1.0,7.6923076923076925,169,13
513304261,0.4319526627218935,4.0,43.19526627218935,169,73
513304263,0.0,,0.0,169,0
513304264,0.0,,0.0,169,0
513304272,0.0,,0.0,169,0
513304274,0.0,,0.0,169,0
513304281,0.0,,0.0,169,0
513304282,0.0,,0.0,169,0
513304283,0.0,,0.0,169,0
513304284,0.0,,0.0,169,0
513304291,0.0,,0.0,169,0
513304292,0.0,,0.0,169,0
513304294,0.0,,0.0,169,0
513304363,0.0,,0.0,169,0
513304372,0.04142011834319527,4.0,4.142011834319527,169,7
513304373,0.0,,0.0,169,0
513304381,0.0,,0.0,169,0
513304392,0.0,,0.0,169,0
513304474,0.005917159763313609,1.0,0.591715976331361,169,1
513305001,0.0,,0.0,169,0
513305002,0.0,,0.0,169,0
513305003,0.0,,0.0,169,0
513305011,0.0,,0.0,169,0
513305012,0.0,,0.0,169,0
513305014,0.0,,0.0,169,0
513305023,0.0,,0.0,169,0
513305024,0.0,,0.0,169,0
513305032,0.0,,0.0,169,0
513305041,0.0,,0.0,169,0
513305101,0.0,,0.0,169,0
513305113,0.0,,0.0,169,0
513305122,0.0,,0.0,169,0
513305131,0.0,,0.0,169,0
513305202,0.0,,0.0,169,0
513305204,0.0,,0.0,169,0
513305211,0.0,,0.0,169,0
513305213,0.0,,0.0,169,0
513305222,0.0,,0.0,169,0
513305233,0.0,,0.0,169,0
513305302,0.0,,0.0,169,0
513310313,0.01775147928994083,3.0,1.7751479289940828,169,3
513310321,0.08875739644970414,4.0,8.875739644970414,169,15
513310322,0.0,,0.0,169,0
513310414,0.0650887573964497,4.0,6.508875739644971,169,11
513310421,0.0,,0.0,169,0
513310434,0.01775147928994083,3.0,1.7751479289940828,169,3
513310511,0.029585798816568046,3.0,2.9585798816568047,169,5
513310514,0.005917159763313609,1.0,0.591715976331361,169,1
513310521,0.0,,0.0,169,0
513310523,0.0,,0.0,169,0
513310524,0.0,,0.0,169,0
513310531,0.0,,0.0,169,0
513310533,0.0,,0.0,169,0
513310613,0.023668639053254437,2.0,2.366863905325444,169,4
513310614,0.07100591715976332,3.0,7.100591715976331,169,12
513310621,0.0,,0.0,169,0
513310622,0.0,,0.0,169,0
513310624,0.1301775147928994,4.0,13.017751479289942,169,22
513310631,0.0,,0.0,169,0
513310632,0.25443786982248523,4.0,25.443786982248522,169,43
513310633,0.0,,0.0,169,0
513310642,0.0,,0.0,169,0
513310721,0.0,,0.0,169,0
513310722,0.0,,0.0,169,0
513310723,0.28402366863905326,5.0,28.402366863905325,169,48
513310724,0.40828402366863903,5.0,40.828402366863905,169,69
513310731,0.8224852071005917,5.0,82.24852071005917,169,139
513310732,0.8816568047337278,5.0,88.16568047337277,169,149
513310733,0.029585798816568046,4.0,2.9585798816568047,169,5
513310734,0.5266272189349113,4.0,52.662721893491124,169,89
513310741,0.0,,0.0,169,0
513310742,0.0,,0.0,169,0
513310743,0.0,,0.0,169,0
513310744,0.0,,0.0,169,0
513310801,0.04142011834319527,3.0,4.142011834319527,169,7
513310821,0.35502958579881655,4.0,35.50295857988166,169,60
513310832,0.34911242603550297,4.0,34.9112426035503,169,59
513310833,0.30177514792899407,4.0,30.17751479289941,169,51
513310834,0.21893491124260356,4.0,21.893491124260358,169,37
513310841,0.0,,0.0,169,0
513310842,0.0,,0.0,169,0
513310851,0.0,,0.0,169,0
513310861,0.0,,0.0,169,0
513310862,0.0,,0.0,169,0
513310864,0.0,,0.0,169,0
513310931,0.023668639053254437,3.0,2.366863905325444,169,4
513310953,0.0,,0.0,169,0
513310962,0.0,,0.0,169,0
513310971,0.0,,0.0,169,0
513310972,0.0,,0.0,169,0
513320022,0.011834319526627219,3.0,1.183431952662722,169,2
513320024,0.0,,0.0,169,0
513320031,0.0,,0.0,169,0
513320033,0.0,,0.0,169,0
513320042,0.0,,0.0,169,0
513320051,0.0,,0.0,169,0
513320052,0.0,,0.0,169,0
513320053,0.0,,0.0,169,0
513320054,0.0,,0.0,169,0
513320061,0.011834319526627219,2.0,1.183431952662722,169,2
513320062,0.15976331360946747,2.0,15.976331360946746,169,27
513320063,0.03550295857988166,4.0,3.5502958579881656,169,6
513320073,0.0,,0.0,169,0
513320074,0.0,,0.0,169,0
513320121,0.0,,0.0,169,0
513320122,0.0,,0.0,169,0
513320123,0.0,,0.0,169,0
513320151,0.0,,0.0,169,0
513320152,0.0,,0.0,169,0
513320221,0.0,,0.0,169,0
513320223,0.0,,0.0,169,0
513320233,0.0,,0.0,169,0
513320242,0.0,,0.0,169,0
513320244,0.10059171597633136,4.0,10.059171597633137,169,17
513320251,0.0,,0.0,169,0
513320253,0.0,,0.0,169,0
513320331,0.011834319526627219,1.0,1.183431952662722,169,2
513320364,0.0,,0.0,169,0
513320383,0.0,,0.0,169,0
513320384,0.0,,0.0,169,0
513320461,0.0,,0.0,169,0
513320463,0.0,,0.0,169,0
513320471,0.011834319526627219,4.0,1.183431952662722,169,2
513320472,0.0,,0.0,169,0
513320474,0.0,,0.0,169,0
513320481,0.023668639053254437,4.0,2.366863905325444,169,4
513320482,0.0,,0.0,169,0
513320483,0.0,,0.0,169,0
513320484,0.0,,0.0,169,0
513320491,0.01775147928994083,3.0,1.7751479289940828,169,3
513320492,0.011834319526627219,3.0,1.183431952662722,169,2
513320493,0.01775147928994083,3.0,1.7751479289940828,169,3
513320512,0.0,,0.0,169,0
513320543,0.0,,0.0,169,0
513320551,0.005917159763313609,3.0,0.591715976331361,169,1
513320552,0.04142011834319527,3.0,4.142011834319527,169,7
513320553,0.005917159763313609,3.0,0.591715976331361,169,1
513320554,0.0,,0.0,169,0
513320561,0.0,,0.0,169,0
513320571,0.0,,0.0,169,0
513320572,0.0,,0.0,169,0
513320574,0.0,,0.0,169,0
513320582,0.17751479289940827,4.0,17.75147928994083,169,30
513320583,0.0,,0.0,169,0
513320584,0.23668639053254437,4.0,23.668639053254438,169,40
513320591,0.0,,0.0,169,0
513320592,0.15976331360946747,5.0,15.976331360946746,169,27
513320593,0.14792899408284024,5.0,14.792899408284024,169,25
513320594,0.39644970414201186,4.0,39.64497041420118,169,67
513320632,0.0,,0.0,169,0
513320634,0.0,,0.0,169,0
513320652,0.01775147928994083,1.0,1.7751479289940828,169,3
513320653,0.0,,0.0,169,0
513320654,0.0,,0.0,169,0
513320663,0.0,,0.0,169,0
513320673,0.0,,0.0,169,0
513320674,0.0,,0.0,169,0
513320681,0.029585798816568046,4.0,2.9585798816568047,169,5
513320682,0.0,,0.0,169,0
513320683,0.1952662721893491,4.0,19.526627218934912,169,33
513320711,0.0,,0.0,169,0
513320712,0.0,,0.0,169,0
513320714,0.0,,0.0,169,0
513320732,0.0,,0.0,169,0
513320734,0.0,,0.0,169,0
513320743,0.0,,0.0,169,0
513320752,0.0,,0.0,169,0
513320754,0.05325443786982249,4.0,5.325443786982249,169,9
513320761,0.0,,0.0,169,0
513320763,0.0,,0.0,169,0
513320764,0.0,,0.0,169,0
513320771,0.0,,0.0,169,0
513320772,0.0,,0.0,169,0
513320773,0.01775147928994083,3.0,1.7751479289940828,169,3
513320774,0.22485207100591717,4.0,22.485207100591715,169,38
513320781,0.0,,0.0,169,0
513320782,0.21893491124260356,4.0,21.893491124260358,169,37
513320783,0.005917159763313609,1.0,0.591715976331361,169,1
513320801,0.0,,0.0,169,0
513320802,0.0,,0.0,169,0
513320803,0.0,,0.0,169,0
513320832,0.0,,0.0,169,0
513320833,0.0,,0.0,169,0
513320834,0.0,,0.0,169,0
513320841,0.14201183431952663,4.0,14.201183431952662,169,24
513320881,0.07100591715976332,4.0,7.100591715976331,169,12
513320901,0.0,,0.0,169,0
513320903,0.0,,0.0,169,0
513320904,0.0,,0.0,169,0
513320932,0.0,,0.0,169,0
513320934,0.0,,0.0,169,0
513320941,0.27218934911242604,5.0,27.218934911242602,169,46
513321502,0.03550295857988166,4.0,3.5502958579881656,169,6
513321504,0.08875739644970414,3.0,8.875739644970414,169,15
513321904,0.023668639053254437,4.0,2.366863905325444,169,4
513321912,0.0,,0.0,169,0
513321914,0.1242603550295858,3.0,12.42603550295858,169,21
513321923,0.09467455621301775,4.0,9.467455621301776,169,16
513321951,0.04142011834319527,3.0,4.142011834319527,169,7
513321961,0.029585798816568046,3.0,2.9585798816568047,169,5
513321963,0.011834319526627219,3.0,1.183431952662722,169,2
513321964,0.0,,0.0,169,0
513322153,0.05325443786982249,3.0,5.325443786982249,169,9
513322214,0.005917159763313609,4.0,0.591715976331361,169,1
513330001,0.029585798816568046,4.0,2.9585798816568047,169,5
513330002,0.0,,0.0,169,0
513330003,0.0,,0.0,169,0
513330011,0.0,,0.0,169,0
513330024,0.0,,0.0,169,0
513330034,0.0,,0.0,169,0
513330121,0.0,,0.0,169,0
513330122,0.0,,0.0,169,0
513330123,0.0,,0.0,169,0
513330124,0.0,,0.0,169,0
513330131,0.0,,0.0,169,0
513330132,0.11242603550295859,3.0,11.242603550295858,169,19
513330133,0.03550295857988166,4.0,3.5502958579881656,169,6
513330203,0.0,,0.0,169,0
513330221,0.0,,0.0,169,0
513330222,0.0,,0.0,169,0
513330223,0.20710059171597633,4.0,20.710059171597635,169,35
513330224,0.2781065088757396,4.0,27.810650887573964,169,47
513330231,0.28402366863905326,4.0,28.402366863905325,169,48
513330301,0.0,,0.0,169,0
513330322,0.0,,0.0,169,0
513330414,0.0,,0.0,169,0
513330423,0.01775147928994083,2.0,1.7751479289940828,169,3
513330512,0.005917159763313609,2.0,0.591715976331361,169,1
513330513,0.01775147928994083,2.0,1.7751479289940828,169,3
513331004,0.0,,0.0,169,0
513331012,0.0,,0.0,169,0
513331021,0.0,,0.0,169,0
513331022,0.0,,0.0,169,0
513331024,0.0,,0.0,169,0
513331042,0.0,,0.0,169,0
513331051,0.05325443786982249,2.0,5.325443786982249,169,9
513331052,0.029585798816568046,2.0,2.9585798816568047,169,5
513331053,0.08875739644970414,4.0,8.875739644970414,169,15
513331061,0.09467455621301775,3.0,9.467455621301776,169,16
513331062,0.11834319526627218,3.0,11.834319526627219,169,20
513331063,0.005917159763313609,1.0,0.591715976331361,169,1
513331104,0.25443786982248523,4.0,25.443786982248522,169,43
513331113,0.0,,0.0,169,0
513331122,0.0,,0.0,169,0
513331124,0.10650887573964497,4.0,10.650887573964498,169,18
513331131,0.11242603550295859,4.0,11.242603550295858,169,19
513331134,0.11834319526627218,4.0,11.834319526627219,169,20
513331141,0.0,,0.0,169,0
513331142,0.0,,0.0,169,0
513331143,0.011834319526627219,1.0,1.183431952662722,169,2
513331144,0.01775147928994083,2.0,1.7751479289940828,169,3
513331161,0.14792899408284024,4.0,14.792899408284024,169,25
513331162,0.023668639053254437,3.0,2.366863905325444,169,4
513331163,0.0,,0.0,169,0
513331211,0.005917159763313609,2.0,0.591715976331361,169,1
513331212,0.08875739644970414,4.0,8.875739644970414,169,15
513331213,0.0,,0.0,169,0
513331214,0.0,,0.0,169,0
513331221,0.0,,0.0,169,0
513331222,0.05917159763313609,4.0,5.9171597633136095,169,10
513331223,0.28994082840236685,4.0,28.994082840236686,169,49
513331234,0.27218934911242604,5.0,27.218934911242602,169,46
513331241,0.011834319526627219,2.0,1.183431952662722,169,2
513331242,0.11242603550295859,3.0,11.242603550295858,169,19
513331243,0.047337278106508875,4.0,4.733727810650888,169,8
513331261,0.07100591715976332,3.0,7.100591715976331,169,12
513331263,0.0,,0.0,169,0
513331264,0.005917159763313609,3.0,0.591715976331361,169,1
513331272,0.0,,0.0,169,0
513331273,0.0,,0.0,169,0
513331313,0.03550295857988166,3.0,3.5502958579881656,169,6
513331332,0.011834319526627219,3.0,1.183431952662722,169,2
513331341,0.15384615384615385,4.0,15.384615384615385,169,26
513331373,0.0,,0.0,169,0
513331382,0.0,,0.0,169,0
513331434,0.0,,0.0,169,0
513331481,0.0,,0.0,169,0
